# Blender v2.79 (sub 0) OBJ File: 'an28 2 — копия.blend'
# www.blender.org
mtllib an28_2.mtl
o FusAll_Cube.001
v -7.219053 1.488827 2.630740
v -5.761405 1.456697 2.630740
v -5.761405 1.580085 2.630740
v -5.685401 1.518391 2.630740
v 0.328563 -0.582126 1.401052
v 0.328566 1.363209 5.143493
v 0.580307 -0.582126 1.401052
v 0.580311 1.363209 5.143493
v 0.328563 -0.659672 1.440538
v 0.328566 1.285663 5.182980
v 0.580308 -0.659672 1.440539
v 0.580311 1.285663 5.182980
v 0.380355 -0.491650 1.607501
v 0.380359 1.249469 4.948890
v 0.528519 1.249469 4.948890
v 0.528515 -0.491650 1.607501
v 0.528519 1.195187 4.976531
v 0.528515 -0.545932 1.635141
v 0.380359 1.195187 4.976531
v 0.380355 -0.545932 1.635141
v 2.638334 0.916897 2.437742
v 2.638334 0.916897 2.905779
v 1.540027 0.298458 2.671788
v 0.537253 0.480163 2.671788
v -0.124675 0.709997 2.671788
v 1.540027 0.955682 3.003111
v 0.537253 0.942712 2.941102
v 0.537253 0.942712 2.402475
v 1.540027 0.955682 2.340466
v 2.638334 0.590713 2.671761
v 2.638895 1.477152 2.671760
v -0.444452 1.318327 2.671794
v -0.444452 1.242287 2.671794
v 2.587750 0.816620 2.671761
v -0.124675 0.763404 2.500564
v -0.444452 1.312084 2.647130
v -0.444452 1.293385 2.628431
v 2.638334 0.632716 2.537097
v 2.638334 0.755812 2.437742
v 2.638895 1.306278 2.372891
v 2.638895 1.433778 2.500390
v -0.124675 0.763404 2.843012
v -0.444452 1.293385 2.715158
v -0.444452 1.312084 2.696459
v 2.638334 0.760944 2.905779
v 2.638334 0.632627 2.806138
v 2.638894 1.433778 2.843130
v 2.638894 1.306278 2.970629
v -0.120590 0.955682 2.459984
v -0.444452 1.248529 2.647130
v -0.444452 1.267228 2.628431
v -0.444452 1.248529 2.696459
v -0.120590 0.955682 2.883593
v -0.444452 1.267228 2.715158
v 1.540027 0.357240 2.483336
v 1.540027 0.534249 2.340466
v 0.537253 0.671824 2.402475
v 0.537253 0.527943 2.518606
v 0.537253 0.527943 2.824971
v 0.537253 0.677496 2.941102
v 1.540027 0.541228 3.003111
v 1.540027 0.357240 2.860241
v 2.587750 0.859062 2.835329
v 2.587750 0.859062 2.508193
v 2.638894 0.914683 2.816375
v 2.638894 0.995052 2.914275
v 2.638895 0.914683 2.527146
v 2.638895 0.877159 2.671761
v 2.600777 0.601294 2.820955
v 2.600777 0.746953 2.934062
v 2.600777 0.741429 2.409460
v 2.600777 0.601294 2.522567
v 2.600777 0.554758 2.671761
v 2.638895 0.995052 2.429246
v 2.502062 0.816620 2.671761
v 2.502062 0.590713 2.671761
v 2.502061 0.859062 2.835329
v 2.502061 0.916897 2.905779
v 2.502062 0.859062 2.508193
v 2.502061 0.632627 2.806138
v 2.502061 0.760944 2.905779
v 2.502062 0.755812 2.437742
v 2.502062 0.632716 2.537097
v 2.502062 0.916897 2.437742
v 2.600777 0.891788 2.824177
v 2.600777 0.981996 2.934062
v 2.600777 0.891788 2.519344
v 2.600777 0.852240 2.671761
v 2.600777 1.455769 2.487897
v 2.600777 1.316379 2.348506
v 2.600777 1.316379 2.995014
v 2.600777 1.455769 2.855623
v 2.600777 0.981996 2.409460
v 2.600777 1.502305 2.671760
v 2.784975 0.910199 2.671760
v 3.144061 1.022508 2.671760
v 2.784975 0.930717 2.774909
v 3.144061 1.034476 2.731930
v 2.784975 0.989146 2.862354
v 3.144061 1.068560 2.782940
v 2.784975 1.076591 2.920783
v 3.144061 1.119570 2.817023
v 2.784975 1.179740 2.941300
v 3.144061 1.179740 2.828992
v 2.784975 1.282888 2.920783
v 3.144061 1.239910 2.817023
v 2.784975 1.370333 2.862354
v 3.144061 1.290919 2.782940
v 2.784975 1.428762 2.774909
v 3.144061 1.325003 2.731930
v 2.784975 1.449280 2.671760
v 3.144061 1.336971 2.671760
v 2.784975 1.428762 2.568612
v 3.144061 1.325003 2.611590
v 2.784975 1.370333 2.481166
v 3.144061 1.290919 2.560580
v 2.784975 1.282888 2.422737
v 3.144061 1.239910 2.526497
v 2.784975 1.179740 2.402220
v 3.144061 1.179740 2.514529
v 2.784975 1.076591 2.422737
v 3.144061 1.119570 2.526497
v 2.784975 0.989146 2.481166
v 3.144061 1.068560 2.560580
v 2.784975 0.930717 2.568612
v 3.144061 1.034476 2.611590
v 2.612075 0.910199 2.671760
v 2.612075 0.930717 2.774909
v 2.612075 0.989146 2.862354
v 2.612075 1.076591 2.920783
v 2.612075 1.179740 2.941300
v 2.612075 1.282888 2.920783
v 2.612075 1.370333 2.862354
v 2.612075 1.428762 2.774909
v 2.612075 1.449280 2.671760
v 2.612075 1.428762 2.568612
v 2.612075 1.370333 2.481166
v 2.612075 1.282888 2.422737
v 2.612075 1.179740 2.402220
v 2.612075 1.076591 2.422737
v 2.612075 0.989146 2.481166
v 2.612075 0.930717 2.568612
v 3.356256 1.138585 2.688807
v 3.356256 1.135194 2.671760
v 3.356256 1.148241 2.703259
v 3.356256 1.162693 2.712915
v 3.356256 1.179740 2.716305
v 3.356256 1.196786 2.712915
v 3.356256 1.211238 2.703259
v 3.356256 1.220894 2.688807
v 3.356256 1.224285 2.671760
v 3.356256 1.220894 2.654713
v 3.356256 1.211238 2.640262
v 3.356256 1.196786 2.630606
v 3.356256 1.179740 2.627215
v 3.356256 1.162693 2.630606
v 3.356256 1.148241 2.640262
v 3.356256 1.138585 2.654713
v 1.547864 1.612905 2.671794
v 0.549995 1.476932 2.671794
v 0.549995 1.429152 2.483016
v 1.547864 1.554124 2.439549
v 1.547864 1.378054 2.263480
v 0.549995 1.286035 2.339898
v 1.547864 1.554124 2.904039
v 0.549995 1.429152 2.860573
v 0.549995 1.286035 3.003690
v 1.547864 1.378054 3.080109
v 2.805658 1.217024 2.706029
v 2.801472 1.271491 2.665663
v 2.821027 1.217024 2.706029
v 2.820885 1.271491 2.665663
v 2.801472 2.317422 3.207509
v 2.801471 2.392761 3.010886
v 2.820885 2.317422 3.207509
v 2.820884 2.392761 3.010886
v 2.820885 1.700931 2.959180
v 2.820885 1.768177 2.783679
v 2.801472 1.700931 2.959180
v 2.801472 1.768177 2.783679
v 2.820885 2.545489 3.076148
v 2.820885 2.474655 3.261012
v 2.801471 2.474655 3.261012
v 2.801471 2.545488 3.076148
v 2.801472 1.219756 2.611283
v 2.805658 1.149680 2.630434
v 2.820885 1.219756 2.611283
v 2.821027 1.149680 2.630434
v 2.801472 1.113777 1.442867
v 2.801472 0.905827 1.475933
v 2.820885 1.113777 1.442867
v 2.820885 0.905827 1.475933
v 2.820885 1.206963 2.100928
v 2.820886 1.021351 2.130442
v 2.801471 1.206963 2.100928
v 2.801472 1.021351 2.130442
v 2.820885 0.885981 1.311036
v 2.820885 1.081496 1.279947
v 2.801472 1.081496 1.279947
v 2.801472 0.885981 1.311036
v 2.801472 1.146263 2.691587
v 2.801472 1.179593 2.732695
v 2.820885 1.146263 2.691587
v 2.820885 1.179593 2.732695
v 2.801472 0.187375 3.367575
v 2.801472 0.319986 3.531132
v 2.820885 0.187375 3.367575
v 2.820886 0.319986 3.531132
v 2.820885 0.710679 2.957843
v 2.820885 0.829045 3.103830
v 2.801472 0.710679 2.957843
v 2.801472 0.829045 3.103830
v 2.820885 0.187104 3.630768
v 2.820885 0.062423 3.476991
v 2.801472 0.062423 3.476991
v 2.801472 0.187104 3.630768
v 2.310712 0.955682 2.340466
v 2.310711 0.955682 3.003111
v 2.310712 0.357240 2.671789
v 2.314630 1.554124 2.439550
v 2.310711 0.416022 2.860241
v 2.310711 0.600009 3.003111
v 2.314630 1.378054 3.080109
v 2.310712 0.416022 2.483336
v 2.310712 0.593031 2.340466
v 2.314630 1.612905 2.671795
v 2.314630 1.378054 2.263480
v 2.314630 1.554124 2.904039
v -7.424751 0.505327 2.611919
v -7.686433 2.844198 2.611919
v -7.706562 1.357726 2.611919
v -5.319051 1.474877 2.563550
v -5.319051 1.474877 2.660288
v -5.570302 0.367890 2.563550
v -5.917986 0.156731 2.563550
v -5.917986 0.156731 2.660288
v -5.570302 0.367890 2.660288
v -6.583161 3.081428 2.563550
v -6.371260 3.010809 2.563550
v -6.371260 3.010809 2.660288
v -6.583161 3.081428 2.660288
v -0.870293 1.332009 3.160586
v 1.298581 1.290282 3.160586
v 1.298581 1.588843 3.160586
v 0.689547 1.486675 10.962296
v 0.689547 1.334867 10.962296
v -0.261259 1.332009 10.962296
v 1.442783 1.439563 3.160586
v 0.833749 1.410771 10.962296
v 0.775019 1.407783 11.045952
v 0.644491 1.339077 11.045952
v -0.186838 1.336490 11.045952
v 0.644491 1.476490 11.045952
v -7.219053 1.488827 -0.000000
v -5.211935 1.456697 -0.000000
v -5.211935 1.580085 -0.000000
v -7.219053 1.488827 -2.630740
v -5.761405 1.456697 -2.630740
v -5.761405 1.580085 -2.630740
v -5.135932 1.518391 -0.000000
v -5.685401 1.518391 -2.630740
v 0.328563 -0.554494 -1.401052
v 0.328567 1.363209 -5.143493
v 0.580308 -0.554494 -1.401052
v 0.580312 1.363209 -5.143493
v 0.328563 -0.632040 -1.440538
v 0.328567 1.285663 -5.182980
v 0.580308 -0.632040 -1.440538
v 0.580312 1.285663 -5.182980
v 0.380355 -0.464018 -1.607501
v 0.380359 1.249469 -4.948890
v 0.528519 1.249469 -4.948890
v 0.528515 -0.464018 -1.607501
v 0.528519 1.195187 -4.976531
v 0.528515 -0.518300 -1.635141
v 0.380359 1.195187 -4.976531
v 0.380355 -0.518300 -1.635141
v 0.030496 -0.601513 -0.000000
v 0.030496 -0.316252 -0.000000
v 0.511062 -0.601513 0.000000
v 0.511062 -0.302952 0.000000
v 0.030496 -0.580032 -1.518893
v 2.638334 0.916897 -2.437742
v 2.638335 0.916897 -2.905778
v 1.540027 0.298458 -2.671788
v 0.537253 0.480163 -2.671788
v -0.124675 0.709997 -2.671788
v 1.540027 0.955682 -3.003111
v 0.537253 0.942712 -2.941102
v 0.537253 0.942712 -2.402475
v 1.540027 0.955682 -2.340466
v 2.638334 0.590713 -2.671760
v 2.638895 1.477152 -2.671760
v -0.444452 1.318327 -2.671794
v -0.444452 1.242287 -2.671794
v 2.587750 0.816620 -2.671760
v -0.124675 0.763404 -2.500564
v -0.444452 1.312084 -2.647130
v -0.444452 1.293385 -2.628431
v 2.638334 0.632716 -2.537097
v 2.638334 0.755812 -2.437742
v 2.638895 1.306278 -2.372890
v 2.638895 1.433778 -2.500390
v -0.124675 0.763404 -2.843012
v -0.444452 1.293385 -2.715158
v -0.444452 1.312084 -2.696459
v 2.638335 0.760944 -2.905778
v 2.638335 0.632627 -2.806138
v 2.638895 1.433778 -2.843129
v 2.638895 1.306278 -2.970629
v -0.120590 0.955682 -2.459984
v -0.444452 1.248529 -2.647130
v -0.444452 1.267228 -2.628431
v -0.444452 1.248529 -2.696459
v -0.120589 0.955682 -2.883593
v -0.444452 1.267228 -2.715158
v 1.540027 0.357240 -2.483336
v 1.540027 0.534249 -2.340466
v 0.537253 0.671824 -2.402475
v 0.537253 0.527943 -2.518606
v 0.537253 0.527943 -2.824971
v 0.537253 0.677496 -2.941102
v 1.540027 0.541228 -3.003111
v 1.540027 0.357240 -2.860241
v 2.587750 0.859062 -2.835328
v 2.587750 0.859062 -2.508192
v 2.638895 0.914683 -2.816375
v 2.638895 0.995052 -2.914274
v 2.638895 0.914683 -2.527145
v 2.638895 0.877159 -2.671760
v 2.600777 0.601294 -2.820954
v 2.600777 0.746953 -2.934061
v 2.600777 0.741429 -2.409459
v 2.600777 0.601294 -2.522566
v 2.600777 0.554758 -2.671760
v 2.638895 0.995052 -2.429245
v 2.502062 0.816620 -2.671760
v 2.502062 0.590713 -2.671760
v 2.502062 0.859062 -2.835328
v 2.502062 0.916897 -2.905778
v 2.502062 0.859062 -2.508192
v 2.502062 0.632627 -2.806138
v 2.502062 0.760944 -2.905778
v 2.502062 0.755812 -2.437742
v 2.502062 0.632716 -2.537097
v 2.502062 0.916897 -2.437742
v 2.600777 0.891788 -2.824177
v 2.600777 0.981996 -2.934061
v 2.600777 0.891788 -2.519344
v 2.600777 0.852240 -2.671760
v 2.600777 1.455769 -2.487896
v 2.600777 1.316379 -2.348506
v 2.600777 1.316379 -2.995013
v 2.600777 1.455769 -2.855623
v 2.600777 0.981996 -2.409459
v 2.600777 1.502305 -2.671760
v 2.784975 0.910199 -2.671760
v 3.144061 1.022508 -2.671760
v 2.784976 0.930717 -2.774908
v 3.144061 1.034476 -2.731930
v 2.784976 0.989146 -2.862353
v 3.144061 1.068560 -2.782939
v 2.784976 1.076591 -2.920782
v 3.144061 1.119570 -2.817023
v 2.784976 1.179740 -2.941300
v 3.144061 1.179740 -2.828991
v 2.784976 1.282888 -2.920782
v 3.144061 1.239910 -2.817023
v 2.784976 1.370333 -2.862353
v 3.144061 1.290919 -2.782939
v 2.784976 1.428762 -2.774908
v 3.144061 1.325003 -2.731930
v 2.784975 1.449280 -2.671760
v 3.144061 1.336971 -2.671760
v 2.784975 1.428762 -2.568611
v 3.144061 1.325003 -2.611590
v 2.784975 1.370333 -2.481166
v 3.144061 1.290919 -2.560580
v 2.784975 1.282888 -2.422737
v 3.144061 1.239910 -2.526496
v 2.784975 1.179740 -2.402220
v 3.144061 1.179740 -2.514528
v 2.784975 1.076591 -2.422737
v 3.144061 1.119570 -2.526496
v 2.784975 0.989146 -2.481166
v 3.144061 1.068560 -2.560580
v 2.784975 0.930717 -2.568611
v 3.144061 1.034476 -2.611590
v 2.612075 0.910199 -2.671760
v 2.612075 0.930717 -2.774908
v 2.612075 0.989146 -2.862353
v 2.612075 1.076591 -2.920782
v 2.612075 1.179740 -2.941300
v 2.612075 1.282888 -2.920782
v 2.612075 1.370333 -2.862353
v 2.612075 1.428762 -2.774908
v 2.612075 1.449280 -2.671760
v 2.612075 1.428762 -2.568611
v 2.612075 1.370333 -2.481166
v 2.612075 1.282888 -2.422737
v 2.612075 1.179740 -2.402220
v 2.612075 1.076591 -2.422737
v 2.612075 0.989146 -2.481166
v 2.612075 0.930717 -2.568611
v 3.356256 1.138585 -2.688807
v 3.356256 1.135194 -2.671760
v 3.356256 1.148241 -2.703258
v 3.356256 1.162693 -2.712914
v 3.356256 1.179740 -2.716305
v 3.356256 1.196786 -2.712914
v 3.356256 1.211238 -2.703258
v 3.356256 1.220894 -2.688807
v 3.356256 1.224285 -2.671760
v 3.356256 1.220894 -2.654713
v 3.356256 1.211238 -2.640261
v 3.356256 1.196786 -2.630605
v 3.356256 1.179740 -2.627214
v 3.356256 1.162693 -2.630605
v 3.356256 1.148241 -2.640261
v 3.356256 1.138585 -2.654713
v 1.547864 1.612905 -2.671794
v 0.549995 1.476932 -2.671794
v 0.549995 1.429152 -2.483016
v 1.547864 1.554124 -2.439549
v 1.547864 1.378054 -2.263480
v 0.549995 1.286035 -2.339898
v 1.547865 1.554124 -2.904039
v 0.549995 1.429152 -2.860573
v 0.549995 1.286035 -3.003690
v 1.547865 1.378054 -3.080109
v 2.805658 1.217024 -2.706029
v 2.801472 1.271491 -2.665663
v 2.821027 1.217024 -2.706029
v 2.820885 1.271491 -2.665663
v 2.801473 2.317422 -3.207508
v 2.801472 2.392761 -3.010886
v 2.820886 2.317422 -3.207508
v 2.820885 2.392761 -3.010886
v 2.820885 1.700931 -2.959180
v 2.820885 1.768177 -2.783678
v 2.801472 1.700931 -2.959180
v 2.801472 1.768177 -2.783678
v 2.820886 2.545489 -3.076148
v 2.820886 2.474655 -3.261012
v 2.801472 2.474655 -3.261012
v 2.801472 2.545488 -3.076147
v 2.801472 1.219756 -2.611282
v 2.805658 1.149680 -2.630433
v 2.820885 1.219756 -2.611282
v 2.821027 1.149680 -2.630433
v 2.801472 1.113777 -1.442866
v 2.801472 0.905827 -1.475932
v 2.820885 1.113777 -1.442866
v 2.820885 0.905827 -1.475932
v 2.820885 1.206963 -2.100928
v 2.820886 1.021351 -2.130442
v 2.801471 1.206963 -2.100928
v 2.801472 1.021351 -2.130442
v 2.820885 0.885981 -1.311036
v 2.820885 1.081496 -1.279947
v 2.801472 1.081496 -1.279947
v 2.801472 0.885981 -1.311036
v 2.801472 1.146263 -2.691587
v 2.801472 1.179593 -2.732694
v 2.820885 1.146263 -2.691586
v 2.820885 1.179593 -2.732694
v 2.801473 0.187375 -3.367575
v 2.801473 0.319986 -3.531132
v 2.820886 0.187375 -3.367575
v 2.820887 0.319986 -3.531132
v 2.820885 0.710679 -2.957842
v 2.820886 0.829045 -3.103830
v 2.801472 0.710679 -2.957842
v 2.801473 0.829045 -3.103830
v 2.820886 0.187104 -3.630767
v 2.820886 0.062423 -3.476990
v 2.801473 0.062423 -3.476990
v 2.801473 0.187104 -3.630767
v 2.310712 0.955682 -2.340466
v 2.310712 0.955682 -3.003111
v 2.310712 0.357240 -2.671788
v 2.314630 1.554124 -2.439549
v 2.310712 0.416022 -2.860241
v 2.310712 0.600009 -3.003111
v 2.314631 1.378054 -3.080109
v 2.310712 0.416022 -2.483335
v 2.310712 0.593031 -2.340466
v 2.314630 1.612905 -2.671794
v 2.314630 1.378054 -2.263480
v 2.314631 1.554124 -2.904039
v -7.424751 0.505327 -2.611920
v -7.686433 2.844198 -2.611920
v -7.706562 1.357726 -2.611920
v -5.319051 1.474877 -2.563550
v -5.319051 1.474877 -2.660289
v -5.570302 0.367890 -2.563550
v -5.917986 0.156731 -2.563550
v -5.917986 0.156731 -2.660289
v -5.570302 0.367890 -2.660289
v -6.583161 3.081428 -2.563550
v -6.371260 3.010809 -2.563550
v -6.371260 3.010809 -2.660289
v -6.583161 3.081428 -2.660289
v -0.870293 1.332009 -0.000000
v 1.298582 1.290282 0.000000
v 1.298582 1.588843 0.000000
v -0.870293 1.332009 -3.160586
v 1.298582 1.290282 -3.160586
v 1.298582 1.588843 -3.160586
v 0.689548 1.486675 -10.962296
v 0.689548 1.334867 -10.962296
v -0.261258 1.332009 -10.962296
v 1.442784 1.439563 0.000000
v 1.442784 1.439563 -3.160586
v 0.833750 1.410771 -10.962296
v 0.775020 1.407783 -11.045952
v 0.644492 1.339077 -11.045952
v -0.186837 1.336490 -11.045952
v 0.644492 1.476490 -11.045952
v -1.633546 -0.560000 0.791033
v -1.633546 1.458391 0.353877
v -1.633546 -0.560000 -0.803752
v -1.633546 1.458391 -0.366596
v 2.673220 -0.555188 0.769009
v 2.673181 1.444225 0.342861
v 2.673220 -0.555188 -0.781728
v 4.114153 0.498447 -0.769681
v -1.633546 -0.275412 0.941500
v -1.633546 0.706459 0.941500
v -1.633546 1.072034 0.878673
v -1.633546 1.072034 -0.891392
v -1.633546 0.706459 -0.954219
v -1.633546 -0.275412 -0.954219
v 2.673220 -0.276584 -0.935124
v 2.673220 -0.276584 0.922405
v 4.893578 -0.150399 -0.547284
v 4.893578 -0.295058 -0.461416
v 4.893578 -0.295058 0.448697
v 4.893578 -0.150399 0.534565
v 5.373455 -0.021765 -0.158916
v 2.673915 1.444154 -0.355525
v 4.114153 0.498447 0.756962
v 2.673220 0.706459 0.922405
v 2.673220 1.072034 0.855474
v 2.673220 0.706459 -0.935124
v 2.673220 1.072034 -0.868193
v 3.023812 1.410350 -0.329239
v 3.023812 1.410350 0.316520
v 4.114153 -0.283676 0.756962
v 3.023504 0.499519 0.889950
v 4.114153 -0.283676 -0.769681
v 4.114153 -0.470065 -0.648509
v 4.114153 -0.470065 0.635790
v 3.023504 0.499519 -0.902669
v 3.023812 -0.547009 -0.744294
v 3.023812 -0.278577 0.889950
v 3.023812 -0.278577 -0.902669
v 3.023812 -0.547009 0.731575
v 4.893578 0.201153 0.534565
v 4.893578 0.359351 0.392387
v 4.220588 0.657816 0.725796
v 4.893578 0.201153 -0.547284
v 4.220588 0.657816 -0.738515
v 4.893578 0.359351 -0.405106
v 5.373455 -0.062562 -0.134700
v 5.373455 -0.062562 0.121962
v 5.373455 -0.021765 0.146178
v 5.373455 0.077379 0.146197
v 5.373455 0.121993 0.106101
v 5.373455 0.121993 -0.118820
v 5.373455 0.077379 -0.158916
v 3.185853 0.499359 -0.882873
v 3.185853 0.499359 0.870154
v 3.892532 0.498665 -0.796705
v 3.892532 0.498665 0.783986
v -1.633546 -0.603611 -0.006369
v -1.633546 1.513984 -0.006369
v 2.664658 -0.598562 -0.006369
v -4.225739 1.157392 0.812254
v -4.225739 -0.017937 0.731191
v -4.225739 -0.049344 -0.006369
v 4.893578 -0.325647 -0.006369
v 5.373455 -0.081723 -0.006369
v 3.032482 1.463582 -0.006369
v 4.176414 -0.509256 -0.006369
v 3.032482 -0.589982 -0.006369
v 5.373455 -0.038922 -0.006369
v 2.665002 1.499084 -0.006340
v 4.893578 0.360926 -0.006369
v 5.373455 0.111902 -0.006369
v 3.752589 1.057603 -0.439692
v 3.699986 1.017689 -0.500087
v 3.708705 1.083699 -0.444955
v 4.099347 0.723061 -0.732298
v 4.136882 0.693932 -0.763026
v 4.014090 0.725270 -0.767277
v 3.699986 1.017689 0.487368
v 3.752589 1.057603 0.426973
v 3.708705 1.083699 0.432236
v 4.137235 0.693857 0.750203
v 4.099347 0.723061 0.719579
v 4.014090 0.725270 0.754558
v 3.099752 1.019477 -0.824922
v 2.994742 1.078106 -0.824778
v 3.097046 0.729090 0.861712
v 2.994382 0.699535 0.892640
v 2.994742 1.078107 0.812059
v 3.099752 1.019477 0.812203
v 2.994382 0.699535 -0.905359
v 3.097046 0.729090 -0.874431
v 3.209953 0.638956 -0.859319
v 3.185835 0.553173 -0.882873
v 3.209953 0.638956 0.846600
v 3.185835 0.553173 0.870154
v 3.864735 0.640462 0.769808
v 3.892528 0.552757 0.783986
v 3.892528 0.552756 -0.796705
v 3.864735 0.640462 -0.782528
v 4.200126 0.714257 -0.006369
v 4.157896 0.740920 -0.034756
v 4.157896 0.740920 0.022017
v 3.791814 1.090793 0.021922
v 3.791814 1.090793 -0.034661
v 3.752129 1.120355 -0.006369
v 4.079045 0.707349 0.748179
v 3.884222 0.602880 0.784998
v 3.725386 1.059016 0.459204
v 3.196376 0.603286 0.868867
v 3.044936 1.051274 0.808732
v 3.048380 0.714345 0.881453
v 4.079045 0.707349 -0.760898
v 3.725386 1.059016 -0.471923
v 3.044936 1.051274 -0.821451
v 3.048380 0.714345 -0.894172
v 3.196376 0.603286 -0.881586
v 3.884222 0.602880 -0.797717
v 3.864840 0.758374 -0.790611
v 3.644967 0.963067 -0.603578
v 3.224804 0.964319 -0.830963
v 3.222909 0.761048 -0.865618
v 3.301944 0.697954 -0.855040
v 3.760291 0.699008 -0.801286
v 3.864840 0.758374 0.777892
v 3.760291 0.699008 0.788567
v 3.644967 0.963067 0.590859
v 3.301944 0.697954 0.842321
v 3.224804 0.964319 0.818243
v 3.222909 0.761048 0.852899
v -2.785632 -0.437779 -0.006369
v -2.785632 -0.398372 0.795152
v -2.785632 1.076324 0.883245
v -2.785632 1.425434 0.355738
v -2.785632 1.475667 -0.006369
v -2.785632 1.425434 -0.368457
v -2.785632 -0.141220 -0.959116
v -2.785632 -0.398372 -0.807871
v -2.785632 -0.141220 0.946397
v -2.785632 0.745992 0.946397
v -2.785632 1.076324 -0.895964
v -2.785632 0.745992 -0.959116
v -5.753126 0.528535 -0.006369
v -5.753126 0.548041 0.558532
v -5.753126 1.277997 0.620618
v -4.225739 1.435631 0.326843
v -4.225739 1.475667 -0.006369
v -4.225739 1.435631 -0.339562
v -4.225739 0.187012 -0.883086
v -4.225739 -0.017937 -0.743911
v -4.225739 0.187012 0.870367
v -4.225739 0.894118 0.870367
v -4.225739 1.157392 -0.824973
v -4.225739 0.894118 -0.883086
v -7.568533 1.452688 0.181691
v -7.568533 1.367832 0.163088
v -7.568533 1.365564 -0.006369
v -5.753126 1.450802 0.248842
v -5.753126 1.475667 -0.006369
v -5.753126 1.450802 -0.261561
v -5.753126 0.675328 -0.677845
v -5.753126 0.548041 -0.571251
v -5.753126 0.675328 0.665126
v -5.753126 1.114487 0.665126
v -5.753126 1.277997 -0.633337
v -5.753126 1.114487 -0.677845
v -7.568533 1.472777 0.070176
v -7.568533 1.475667 -0.006369
v -7.568533 1.472777 -0.082915
v -7.568533 1.382629 -0.207780
v -7.568533 1.367832 -0.175807
v -7.568533 1.382629 0.195061
v -7.568533 1.433681 0.195061
v -7.568533 1.452688 -0.194430
v -7.568533 1.433681 -0.207780
v -7.568533 1.381088 -0.006369
v -7.568533 1.434649 -0.006369
v -7.568533 1.454592 -0.006369
v -0.352573 -0.603865 -0.000000
v -0.352573 -0.581470 1.518893
v -0.352573 -0.581470 -1.518893
v 0.904465 -0.416312 0.000000
v 0.861156 -0.364697 0.000000
v 0.861156 -0.539768 0.000000
v 0.904465 -0.488153 0.000000
v -0.312843 -0.479211 -0.000000
v -0.352573 -0.542046 -0.000000
v 0.030496 -0.316252 1.498662
v 0.030496 -0.339302 1.518893
v 0.511062 -0.326002 1.518893
v 0.511062 -0.302952 1.498662
v 0.030496 -0.339302 -1.518893
v 0.030496 -0.316252 -1.498662
v 0.511062 -0.302952 -1.498662
v 0.511062 -0.326002 -1.518893
v 0.904465 -0.488153 1.498662
v 0.882476 -0.514359 1.518893
v 0.882476 -0.424315 1.518893
v 0.904465 -0.416312 1.498662
v 0.850167 -0.385809 1.518893
v 0.861156 -0.364697 1.498662
v 0.882476 -0.514359 -1.518893
v 0.904465 -0.488153 -1.498662
v 0.850167 -0.385809 -1.518893
v 0.861156 -0.364697 -1.498662
v 0.882476 -0.424315 -1.518893
v 0.904465 -0.416312 -1.498662
v -0.296497 -0.494503 1.518893
v -0.312843 -0.479211 1.498662
v -0.352573 -0.568832 1.518893
v -0.352573 -0.543682 1.498662
v -0.352573 -0.543682 -1.498662
v -0.352573 -0.568832 -1.518893
v -0.296497 -0.494503 -1.518893
v -0.312843 -0.479211 -1.498662
v 0.030496 -0.580032 1.518893
v 0.511062 -0.580032 -1.518893
v 0.511062 -0.580032 1.518893
v 0.498015 -0.661637 -1.518893
v 0.498015 -0.661637 1.518893
v 0.498015 -0.661637 1.276922
v 0.511062 -0.580032 1.276922
v 0.511062 -0.580032 -1.276922
v 0.498015 -0.661637 -1.276922
v 0.861156 -0.542289 -1.498662
v 0.861156 -0.542289 -1.518893
v 0.839502 -0.544624 -1.518893
v 0.030496 -0.580032 1.498662
v 0.052485 -0.580032 1.518893
v 0.861156 -0.542289 1.518893
v 0.861156 -0.542289 1.498662
v 0.839502 -0.544624 1.518893
v 0.030496 -0.580032 -1.498662
v 0.052485 -0.580032 -1.518893
v 0.743081 -0.623894 -1.498662
v 0.703146 -0.630044 -1.518893
v 0.161619 -0.661637 1.498662
v 0.193644 -0.661637 1.518893
v 0.743081 -0.623894 1.518893
v 0.743081 -0.623894 1.498662
v 0.161619 -0.661637 -1.518893
v 0.161619 -0.661637 -1.498662
v 0.596692 -0.693107 -1.518893
v 0.605326 -0.705498 -1.498662
v 0.321423 -0.729800 1.518893
v 0.314595 -0.743241 1.498662
v 0.605326 -0.705498 1.498662
v 0.658254 -0.674144 1.518893
v 0.485496 -0.728752 -1.518893
v 0.482793 -0.743241 -1.498662
v 0.314595 -0.743241 -1.498662
v 0.289399 -0.729800 -1.518893
v 0.485496 -0.728752 1.518893
v 0.482793 -0.743241 1.498662
v 0.861156 -0.542289 1.295561
v 0.824385 -0.546254 1.276922
v 0.743081 -0.623894 1.295561
v 0.703146 -0.630044 1.276922
v 0.193644 -0.661637 1.276922
v 0.161619 -0.661637 1.295561
v 0.062521 -0.580032 1.276922
v 0.030496 -0.580032 1.295561
v 0.605326 -0.705498 1.295561
v 0.596691 -0.693107 1.276922
v 0.482793 -0.743241 1.295561
v 0.485496 -0.728752 1.276922
v 0.314595 -0.743241 1.295561
v 0.321423 -0.729800 1.276922
v 0.824385 -0.546254 -1.276922
v 0.861156 -0.542289 -1.295561
v 0.703146 -0.630044 -1.276922
v 0.743081 -0.623894 -1.295561
v 0.030496 -0.580032 -1.295561
v 0.062521 -0.580032 -1.276922
v 0.161619 -0.661637 -1.295561
v 0.193643 -0.661637 -1.276922
v 0.314595 -0.743241 -1.295561
v 0.321423 -0.729800 -1.276922
v 0.482793 -0.743241 -1.295561
v 0.485496 -0.728752 -1.276922
v 0.605326 -0.705498 -1.295561
v 0.596691 -0.693107 -1.276922
v 0.365887 -0.949305 1.521831
v 0.365887 -0.949305 1.805026
v 0.443083 -0.964660 1.521831
v 0.443083 -0.964660 1.805026
v 0.508527 -1.008389 1.521831
v 0.508527 -1.008389 1.805026
v 0.552255 -1.073832 1.521831
v 0.552255 -1.073832 1.805026
v 0.567611 -1.151028 1.521831
v 0.567611 -1.151028 1.805026
v 0.552255 -1.228225 1.521831
v 0.552255 -1.228225 1.805026
v 0.508527 -1.293668 1.521831
v 0.508527 -1.293668 1.805026
v 0.443083 -1.337397 1.521831
v 0.443083 -1.337397 1.805026
v 0.365887 -1.352752 1.521831
v 0.365887 -1.352752 1.805026
v 0.288691 -1.337397 1.521831
v 0.288691 -1.337397 1.805025
v 0.223247 -1.293668 1.521831
v 0.223247 -1.293668 1.805025
v 0.179519 -1.228225 1.521831
v 0.179519 -1.228225 1.805025
v 0.164164 -1.151028 1.521831
v 0.164164 -1.151028 1.805025
v 0.179519 -1.073832 1.521831
v 0.179519 -1.073832 1.805025
v 0.223247 -1.008389 1.521831
v 0.223247 -1.008389 1.805025
v 0.288691 -0.964660 1.521831
v 0.288691 -0.964660 1.805025
v 0.365887 -0.769165 1.524444
v 0.512020 -0.798233 1.524444
v 0.512020 -0.798233 1.802413
v 0.365887 -0.769166 1.802413
v 0.635905 -0.881011 1.524444
v 0.635905 -0.881011 1.802413
v 0.718683 -1.004896 1.524444
v 0.718683 -1.004896 1.802413
v 0.747750 -1.151028 1.524444
v 0.747750 -1.151028 1.802413
v 0.718683 -1.297161 1.524444
v 0.718683 -1.297161 1.802413
v 0.635905 -1.421046 1.524444
v 0.635905 -1.421046 1.802413
v 0.512020 -1.503824 1.524444
v 0.512020 -1.503824 1.802413
v 0.365887 -1.532892 1.524444
v 0.365887 -1.532892 1.802413
v 0.219754 -1.503824 1.524444
v 0.219754 -1.503824 1.802413
v 0.095869 -1.421046 1.524444
v 0.095869 -1.421047 1.802413
v 0.013091 -1.297161 1.524444
v 0.013091 -1.297161 1.802413
v -0.015976 -1.151028 1.524444
v -0.015976 -1.151028 1.802413
v 0.013091 -1.004896 1.524444
v 0.013091 -1.004896 1.802413
v 0.095869 -0.881011 1.524444
v 0.095869 -0.881011 1.802413
v 0.219754 -0.798233 1.524444
v 0.219754 -0.798233 1.802413
v 0.365887 -0.788633 1.491501
v 0.504570 -0.816218 1.491501
v 0.504570 -0.816218 1.835356
v 0.365887 -0.788633 1.835356
v 0.622140 -0.894776 1.491501
v 0.622140 -0.894776 1.835356
v 0.700697 -1.012346 1.491501
v 0.700697 -1.012346 1.835356
v 0.728283 -1.151028 1.491501
v 0.728283 -1.151028 1.835356
v 0.700697 -1.289711 1.491501
v 0.700697 -1.289711 1.835356
v 0.622140 -1.407281 1.491501
v 0.622140 -1.407281 1.835356
v 0.504570 -1.485839 1.491501
v 0.504570 -1.485839 1.835356
v 0.365887 -1.513424 1.491501
v 0.365887 -1.513424 1.835356
v 0.227204 -1.485839 1.491501
v 0.227204 -1.485839 1.835356
v 0.109634 -1.407281 1.491501
v 0.109634 -1.407281 1.835356
v 0.031077 -1.289711 1.491501
v 0.031077 -1.289711 1.835356
v 0.003491 -1.151028 1.491501
v 0.003491 -1.151028 1.835356
v 0.031077 -1.012345 1.491501
v 0.031077 -1.012346 1.835356
v 0.109635 -0.894776 1.491501
v 0.109635 -0.894776 1.835356
v 0.227204 -0.816218 1.491501
v 0.227204 -0.816218 1.835356
v 0.365887 -0.949305 -1.805025
v 0.365887 -0.949305 -1.521831
v 0.443083 -0.964660 -1.805025
v 0.443083 -0.964660 -1.521831
v 0.508527 -1.008389 -1.805025
v 0.508527 -1.008389 -1.521831
v 0.552255 -1.073832 -1.805025
v 0.552255 -1.073832 -1.521831
v 0.567611 -1.151028 -1.805025
v 0.567611 -1.151028 -1.521831
v 0.552255 -1.228225 -1.805025
v 0.552255 -1.228225 -1.521831
v 0.508527 -1.293668 -1.805025
v 0.508527 -1.293668 -1.521831
v 0.443083 -1.337397 -1.805025
v 0.443083 -1.337397 -1.521831
v 0.365887 -1.352752 -1.805025
v 0.365887 -1.352752 -1.521831
v 0.288691 -1.337397 -1.805026
v 0.288691 -1.337397 -1.521831
v 0.223247 -1.293668 -1.805026
v 0.223247 -1.293668 -1.521831
v 0.179519 -1.228225 -1.805026
v 0.179519 -1.228225 -1.521831
v 0.164164 -1.151028 -1.805026
v 0.164164 -1.151028 -1.521831
v 0.179519 -1.073832 -1.805026
v 0.179519 -1.073832 -1.521831
v 0.223247 -1.008389 -1.805026
v 0.223247 -1.008389 -1.521831
v 0.288691 -0.964660 -1.805026
v 0.288691 -0.964660 -1.521831
v 0.365887 -0.769165 -1.802413
v 0.512020 -0.798233 -1.802413
v 0.512020 -0.798233 -1.524444
v 0.365887 -0.769166 -1.524444
v 0.635905 -0.881011 -1.802413
v 0.635905 -0.881011 -1.524444
v 0.718683 -1.004896 -1.802413
v 0.718683 -1.004896 -1.524444
v 0.747751 -1.151028 -1.802413
v 0.747751 -1.151028 -1.524444
v 0.718683 -1.297161 -1.802413
v 0.718683 -1.297161 -1.524444
v 0.635905 -1.421046 -1.802413
v 0.635905 -1.421046 -1.524444
v 0.512020 -1.503824 -1.802413
v 0.512020 -1.503824 -1.524444
v 0.365887 -1.532892 -1.802413
v 0.365887 -1.532892 -1.524444
v 0.219754 -1.503824 -1.802413
v 0.219754 -1.503824 -1.524444
v 0.095869 -1.421046 -1.802413
v 0.095869 -1.421047 -1.524444
v 0.013092 -1.297161 -1.802413
v 0.013092 -1.297161 -1.524444
v -0.015976 -1.151028 -1.802413
v -0.015976 -1.151028 -1.524444
v 0.013092 -1.004896 -1.802413
v 0.013092 -1.004896 -1.524444
v 0.095869 -0.881011 -1.802413
v 0.095869 -0.881011 -1.524444
v 0.219755 -0.798233 -1.802413
v 0.219755 -0.798233 -1.524444
v 0.365887 -0.788633 -1.835356
v 0.504570 -0.816218 -1.835356
v 0.504570 -0.816218 -1.491501
v 0.365887 -0.788633 -1.491501
v 0.622140 -0.894776 -1.835356
v 0.622140 -0.894776 -1.491501
v 0.700698 -1.012346 -1.835356
v 0.700698 -1.012346 -1.491501
v 0.728283 -1.151028 -1.835356
v 0.728283 -1.151028 -1.491501
v 0.700698 -1.289711 -1.835356
v 0.700698 -1.289711 -1.491501
v 0.622140 -1.407281 -1.835356
v 0.622140 -1.407281 -1.491501
v 0.504570 -1.485839 -1.835356
v 0.504570 -1.485839 -1.491501
v 0.365887 -1.513424 -1.835356
v 0.365887 -1.513424 -1.491501
v 0.227204 -1.485839 -1.835356
v 0.227204 -1.485839 -1.491501
v 0.109635 -1.407281 -1.835356
v 0.109635 -1.407281 -1.491501
v 0.031077 -1.289711 -1.835356
v 0.031077 -1.289711 -1.491501
v 0.003491 -1.151028 -1.835356
v 0.003491 -1.151028 -1.491501
v 0.031077 -1.012345 -1.835356
v 0.031077 -1.012346 -1.491501
v 0.109635 -0.894776 -1.835356
v 0.109635 -0.894776 -1.491501
v 0.227204 -0.816218 -1.835356
v 0.227204 -0.816218 -1.491501
v 4.724858 -0.853653 -0.075323
v 4.724858 -0.853653 0.075323
v 4.789569 -0.866525 -0.075323
v 4.789569 -0.866525 0.075323
v 4.844428 -0.903180 -0.075323
v 4.844428 -0.903180 0.075323
v 4.881083 -0.958039 -0.075323
v 4.881083 -0.958039 0.075323
v 4.893955 -1.022749 -0.075323
v 4.893955 -1.022749 0.075323
v 4.881083 -1.087460 -0.075323
v 4.881083 -1.087460 0.075323
v 4.844428 -1.142318 -0.075323
v 4.844428 -1.142318 0.075323
v 4.789569 -1.178974 -0.075323
v 4.789569 -1.178974 0.075323
v 4.724858 -1.191846 -0.075323
v 4.724858 -1.191846 0.075323
v 4.660148 -1.178974 -0.075323
v 4.660148 -1.178974 0.075323
v 4.605289 -1.142318 -0.075323
v 4.605289 -1.142318 0.075323
v 4.568634 -1.087460 -0.075323
v 4.568634 -1.087460 0.075323
v 4.555762 -1.022749 -0.075323
v 4.555762 -1.022749 0.075323
v 4.568634 -0.958039 -0.075323
v 4.568634 -0.958039 0.075323
v 4.605289 -0.903180 -0.075323
v 4.605289 -0.903180 0.075323
v 4.660148 -0.866525 -0.075323
v 4.660148 -0.866525 0.075323
v 4.724858 -0.702650 -0.073933
v 4.847355 -0.727016 -0.073933
v 4.847355 -0.727016 0.073933
v 4.724858 -0.702650 0.073933
v 4.951203 -0.796405 -0.073933
v 4.951203 -0.796405 0.073933
v 5.020592 -0.900252 -0.073933
v 5.020592 -0.900252 0.073933
v 5.044959 -1.022749 -0.073933
v 5.044959 -1.022749 0.073933
v 5.020592 -1.145247 -0.073933
v 5.020592 -1.145247 0.073933
v 4.951203 -1.249094 -0.073933
v 4.951203 -1.249094 0.073933
v 4.847355 -1.318483 -0.073933
v 4.847355 -1.318483 0.073933
v 4.724858 -1.342849 -0.073933
v 4.724858 -1.342849 0.073933
v 4.602362 -1.318483 -0.073933
v 4.602362 -1.318483 0.073933
v 4.498513 -1.249094 -0.073933
v 4.498513 -1.249095 0.073933
v 4.429124 -1.145247 -0.073933
v 4.429124 -1.145247 0.073933
v 4.404758 -1.022749 -0.073933
v 4.404758 -1.022749 0.073933
v 4.429124 -0.900252 -0.073933
v 4.429124 -0.900252 0.073933
v 4.498513 -0.796404 -0.073933
v 4.498513 -0.796405 0.073933
v 4.602362 -0.727015 -0.073933
v 4.602362 -0.727016 0.073933
v 4.724858 -0.718968 -0.091457
v 4.841111 -0.742092 -0.091457
v 4.841111 -0.742092 0.091457
v 4.724858 -0.718968 0.091457
v 4.939664 -0.807944 -0.091457
v 4.939664 -0.807944 0.091457
v 5.005516 -0.906497 -0.091457
v 5.005516 -0.906497 0.091457
v 5.028640 -1.022749 -0.091457
v 5.028640 -1.022749 0.091457
v 5.005516 -1.139002 -0.091457
v 5.005516 -1.139002 0.091457
v 4.939664 -1.237555 -0.091457
v 4.939664 -1.237556 0.091457
v 4.841111 -1.303407 -0.091457
v 4.841111 -1.303407 0.091457
v 4.724858 -1.326531 -0.091457
v 4.724858 -1.326531 0.091457
v 4.608606 -1.303407 -0.091457
v 4.608606 -1.303407 0.091457
v 4.510052 -1.237556 -0.091457
v 4.510052 -1.237556 0.091457
v 4.444201 -1.139002 -0.091457
v 4.444201 -1.139002 0.091457
v 4.421077 -1.022749 -0.091457
v 4.421077 -1.022749 0.091457
v 4.444201 -0.906497 -0.091457
v 4.444201 -0.906497 0.091457
v 4.510052 -0.807944 -0.091457
v 4.510052 -0.807944 0.091457
v 4.608606 -0.742092 -0.091457
v 4.608606 -0.742092 0.091457
v 1.298582 1.290282 0.971655
v 1.298582 1.588843 0.971655
v 1.442784 1.439563 0.971655
v -0.870293 1.332009 0.971655
v 1.298582 1.290282 -0.971654
v 1.298582 1.588843 -0.971654
v 1.442784 1.439563 -0.971654
v -0.870293 1.332009 -0.971655
v 5.048683 -0.819935 0.144674
v 4.943862 -0.714369 0.144674
v 4.706241 -1.014093 0.144674
v 4.745404 -1.053536 0.144674
v 5.076388 -0.792425 0.144674
v 4.971568 -0.686858 0.144674
v 4.943862 -0.714369 0.111691
v 5.048683 -0.819935 0.111691
v 4.745404 -1.053536 0.111691
v 4.706241 -1.014093 0.111691
v 4.971568 -0.686858 0.111691
v 5.076388 -0.792425 0.111691
v 5.048683 -0.819935 -0.106376
v 4.943862 -0.714369 -0.106376
v 4.706241 -1.014093 -0.106376
v 4.745404 -1.053536 -0.106376
v 5.076388 -0.792425 -0.106376
v 4.971568 -0.686858 -0.106376
v 4.943862 -0.714369 -0.139359
v 5.048683 -0.819935 -0.139359
v 4.745404 -1.053536 -0.139359
v 4.706241 -1.014093 -0.139359
v 4.971568 -0.686858 -0.139359
v 5.076388 -0.792425 -0.139359
v 5.087870 -0.735577 -0.040132
v 5.043503 -0.686745 -0.040132
v 5.087870 -0.735577 0.040131
v 5.043503 -0.686746 0.040131
v 5.104216 -0.723705 -0.038078
v 4.951221 -0.185550 -0.038078
v 5.125654 -0.717549 -0.015772
v 4.972660 -0.179393 -0.015772
v 5.125654 -0.717549 0.015773
v 4.972659 -0.179394 0.015772
v 5.104216 -0.723705 0.038078
v 4.951221 -0.185550 0.038078
v 5.073896 -0.732413 0.038078
v 4.920902 -0.194257 0.038078
v 5.052458 -0.738569 0.015773
v 4.899463 -0.200414 0.015773
v 5.052457 -0.738569 -0.015772
v 4.899463 -0.200414 -0.015772
v 5.073896 -0.732412 -0.038077
v 4.920901 -0.194257 -0.038078
v 0.342877 -1.169158 1.391393
v 0.342877 -1.169158 1.841856
v 0.332792 -1.144811 1.391394
v 0.332792 -1.144811 1.841856
v 0.342877 -1.120463 1.391393
v 0.342877 -1.120463 1.841856
v 0.367225 -1.110378 1.391393
v 0.367225 -1.110378 1.841856
v 0.391573 -1.120463 1.391393
v 0.391573 -1.120463 1.841856
v 0.401658 -1.144811 1.391393
v 0.401658 -1.144811 1.841856
v 0.391573 -1.169158 1.391393
v 0.391573 -1.169158 1.841856
v 0.367225 -1.179244 1.391393
v 0.367225 -1.179244 1.841856
v 0.564919 -0.609728 1.478810
v 0.564919 -0.609728 1.398547
v 0.334974 -1.192521 1.398547
v 0.311611 -1.128330 1.398547
v 0.656414 -1.075526 1.478810
v 0.633093 -1.011319 1.478810
v 0.656414 -1.075526 1.398547
v 0.633093 -1.011319 1.398547
v 0.496049 -0.634795 1.478810
v 0.334974 -1.192521 1.478810
v 0.311610 -1.128330 1.478810
v 0.496049 -0.634795 1.398547
v 0.701061 -0.985687 1.398547
v 0.701061 -0.985687 1.478810
v 0.713093 -1.018744 1.398547
v 0.684441 -1.065277 1.398547
v 0.684441 -1.065277 1.478810
v 0.713093 -1.018744 1.478810
v 0.352514 -1.148746 1.404245
v 0.625078 -0.564231 1.404245
v 0.374580 -1.159036 1.414330
v 0.647145 -0.574521 1.414330
v 0.383721 -1.163298 1.438678
v 0.656285 -0.578783 1.438678
v 0.374580 -1.159036 1.463026
v 0.647145 -0.574521 1.463026
v 0.352514 -1.148746 1.473112
v 0.625078 -0.564231 1.473112
v 0.330447 -1.138457 1.463026
v 0.603011 -0.553941 1.463026
v 0.321307 -1.134195 1.438678
v 0.593871 -0.549679 1.438678
v 0.330447 -1.138457 1.414330
v 0.603011 -0.553941 1.414330
v 0.342877 -1.169158 -1.834127
v 0.342877 -1.169158 -1.383664
v 0.332792 -1.144811 -1.834127
v 0.332792 -1.144811 -1.383665
v 0.342877 -1.120463 -1.834127
v 0.342877 -1.120463 -1.383664
v 0.367225 -1.110378 -1.834127
v 0.367225 -1.110378 -1.383665
v 0.391573 -1.120463 -1.834127
v 0.391573 -1.120463 -1.383665
v 0.401658 -1.144811 -1.834127
v 0.401658 -1.144811 -1.383665
v 0.391573 -1.169158 -1.834127
v 0.391573 -1.169158 -1.383665
v 0.367225 -1.179244 -1.834127
v 0.367225 -1.179244 -1.383665
v 0.564919 -0.609728 -1.395605
v 0.564919 -0.609728 -1.475868
v 0.334974 -1.192521 -1.475868
v 0.311611 -1.128330 -1.475868
v 0.656414 -1.075526 -1.395605
v 0.633093 -1.011319 -1.395605
v 0.656414 -1.075526 -1.475868
v 0.633093 -1.011319 -1.475868
v 0.496049 -0.634795 -1.395605
v 0.334974 -1.192521 -1.395605
v 0.311610 -1.128330 -1.395605
v 0.496049 -0.634795 -1.475868
v 0.701061 -0.985687 -1.475868
v 0.701061 -0.985687 -1.395605
v 0.713093 -1.018744 -1.475868
v 0.684441 -1.065277 -1.475868
v 0.684441 -1.065277 -1.395605
v 0.713093 -1.018744 -1.395605
v 0.352514 -1.148746 -1.470170
v 0.625078 -0.564231 -1.470170
v 0.374581 -1.159036 -1.460085
v 0.647145 -0.574521 -1.460085
v 0.383721 -1.163298 -1.435737
v 0.656285 -0.578783 -1.435737
v 0.374581 -1.159036 -1.411389
v 0.647145 -0.574521 -1.411389
v 0.352514 -1.148746 -1.401304
v 0.625078 -0.564231 -1.401304
v 0.330447 -1.138457 -1.411389
v 0.603011 -0.553941 -1.411389
v 0.321307 -1.134195 -1.435737
v 0.593871 -0.549679 -1.435737
v 0.330447 -1.138457 -1.460085
v 0.603011 -0.553941 -1.460085
v 4.929553 -0.215235 -0.148835
v 5.156150 -0.171664 0.001295
v 5.148340 -0.196484 -0.056157
v 5.110354 -0.231293 -0.104863
v 5.047975 -0.270793 -0.137407
v 4.970699 -0.308970 -0.148835
v 4.890291 -0.340011 -0.137407
v 4.818993 -0.359192 -0.104863
v 4.767657 -0.363592 -0.056157
v 5.159474 -0.221848 -0.022502
v 5.130928 -0.278160 -0.042677
v 5.074855 -0.332028 -0.056157
v 4.999794 -0.375250 -0.060891
v 4.917171 -0.401246 -0.056157
v 4.839566 -0.406059 -0.042677
v 4.778792 -0.388956 -0.022502
v 4.744102 -0.352541 0.001295
v 5.159474 -0.221848 0.025093
v 5.130928 -0.278160 0.045267
v 5.074855 -0.332028 0.058748
v 4.999794 -0.375250 0.063481
v 4.917171 -0.401246 0.058748
v 4.839566 -0.406059 0.045267
v 4.778792 -0.388956 0.025093
v 5.148340 -0.196484 0.058748
v 5.110354 -0.231293 0.107453
v 5.047975 -0.270793 0.139997
v 4.970699 -0.308970 0.151425
v 4.890291 -0.340011 0.139997
v 4.818993 -0.359192 0.107453
v 4.767657 -0.363592 0.058748
v 5.132595 -0.160613 0.058748
v 5.081259 -0.165013 0.107453
v 5.009961 -0.184193 0.139998
v 4.929553 -0.215235 0.151425
v 4.852277 -0.253412 0.139998
v 4.789897 -0.292912 0.107453
v 4.751911 -0.327721 0.058748
v 5.132595 -0.160613 -0.056157
v 5.081259 -0.165013 -0.104863
v 5.009961 -0.184193 -0.137407
v 4.852277 -0.253412 -0.137407
v 4.789897 -0.292912 -0.104863
v 4.751911 -0.327721 -0.056157
vt 0.013164 0.312741
vt 0.014502 0.312741
vt 0.013164 0.312509
vt 0.214067 0.308984
vt 0.212729 0.308984
vt 0.214067 0.308984
vt 0.214067 0.300861
vt 0.212729 0.300861
vt 0.435496 0.310745
vt 0.435496 0.275789
vt 0.435496 0.271189
vt 0.435496 0.298433
vt 0.435496 0.301642
vt 0.435496 0.313954
vt 0.439343 0.310745
vt 0.439343 0.298433
vt 0.439343 0.271189
vt 0.439343 0.275789
vt 0.439343 0.313954
vt 0.439343 0.301642
vt 0.464775 0.310745
vt 0.464775 0.275789
vt 0.464775 0.271189
vt 0.464775 0.298433
vt 0.464775 0.301642
vt 0.464775 0.313954
vt 0.468622 0.310745
vt 0.468622 0.298433
vt 0.468622 0.271189
vt 0.468622 0.275789
vt 0.468622 0.313954
vt 0.468622 0.301642
vt 0.447688 0.308272
vt 0.447688 0.313967
vt 0.457049 0.313967
vt 0.457049 0.308272
vt 0.456810 0.309656
vt 0.456810 0.372420
vt 0.454208 0.373138
vt 0.454208 0.310374
vt 0.450529 0.373138
vt 0.450529 0.310374
vt 0.447928 0.372420
vt 0.447928 0.309656
vt 0.447928 0.371404
vt 0.447928 0.308641
vt 0.450529 0.370686
vt 0.450529 0.307923
vt 0.454208 0.370686
vt 0.454208 0.307923
vt 0.456810 0.371404
vt 0.456810 0.308641
vt 0.399508 0.273480
vt 0.397023 0.275859
vt 0.393583 0.275784
vt 0.391204 0.273298
vt 0.391279 0.269859
vt 0.393764 0.267480
vt 0.397204 0.267555
vt 0.399583 0.270040
vt 0.399508 0.273480
vt 0.397023 0.275859
vt 0.393583 0.275784
vt 0.399583 0.270040
vt 0.397204 0.267555
vt 0.393764 0.267480
vt 0.391279 0.269859
vt 0.391204 0.273298
vt 0.358827 0.303193
vt 0.365464 0.296419
vt 0.327678 0.260247
vt 0.321062 0.267159
vt 0.402790 0.270324
vt 0.396348 0.264157
vt 0.371910 0.302582
vt 0.365464 0.296419
vt 0.327678 0.260247
vt 0.371910 0.302582
vt 0.396348 0.264157
vt 0.402790 0.270324
vt 0.358827 0.303193
vt 0.321062 0.267159
vt 0.362145 0.306369
vt 0.369212 0.305392
vt 0.369212 0.305392
vt 0.362145 0.306369
vt 0.396637 0.270118
vt 0.312463 0.271955
vt 0.312532 0.275133
vt 0.396706 0.273296
vt 0.312561 0.276449
vt 0.396735 0.274612
vt 0.312532 0.275133
vt 0.396706 0.273296
vt 0.312463 0.271955
vt 0.396637 0.270118
vt 0.312393 0.268777
vt 0.396568 0.266941
vt 0.312364 0.267461
vt 0.396539 0.265624
vt 0.312393 0.268777
vt 0.396568 0.266941
vt 0.399508 0.273480
vt 0.397023 0.275859
vt 0.393583 0.275784
vt 0.391204 0.273298
vt 0.391279 0.269859
vt 0.393764 0.267480
vt 0.397204 0.267555
vt 0.399583 0.270040
vt 0.399508 0.273480
vt 0.397023 0.275859
vt 0.393583 0.275784
vt 0.399583 0.270040
vt 0.397204 0.267555
vt 0.393764 0.267480
vt 0.391279 0.269859
vt 0.391204 0.273298
vt 0.358828 0.303193
vt 0.365464 0.296419
vt 0.327678 0.260247
vt 0.321062 0.267159
vt 0.402790 0.270324
vt 0.396348 0.264157
vt 0.371910 0.302582
vt 0.365464 0.296419
vt 0.327678 0.260247
vt 0.371910 0.302582
vt 0.396348 0.264157
vt 0.402790 0.270324
vt 0.358828 0.303193
vt 0.321062 0.267159
vt 0.362145 0.306369
vt 0.369212 0.305392
vt 0.369212 0.305392
vt 0.362145 0.306369
vt 0.396637 0.270118
vt 0.312463 0.271955
vt 0.312532 0.275133
vt 0.396706 0.273296
vt 0.312561 0.276449
vt 0.396735 0.274612
vt 0.312532 0.275133
vt 0.396706 0.273296
vt 0.312463 0.271955
vt 0.396637 0.270118
vt 0.312393 0.268777
vt 0.396568 0.266941
vt 0.312364 0.267461
vt 0.396539 0.265624
vt 0.312393 0.268777
vt 0.396568 0.266941
vt 0.469727 0.368958
vt 0.468394 0.372578
vt 0.434708 0.368958
vt 0.436041 0.372578
vt 0.113616 0.312741
vt 0.113616 0.315882
vt 0.014502 0.315882
vt 0.013164 0.314287
vt 0.014502 0.326341
vt 0.113616 0.326341
vt 0.113616 0.316426
vt 0.014502 0.316426
vt 0.113616 0.308984
vt 0.013164 0.308984
vt 0.013164 0.308984
vt 0.113616 0.308984
vt 0.013164 0.325748
vt 0.013164 0.324939
vt 0.664695 0.133358
vt 0.663987 0.185666
vt 0.625163 0.194014
vt 0.617706 0.191529
vt 0.580680 0.137480
vt 0.002524 0.509678
vt 0.002524 0.515556
vt 0.002524 0.509678
vt 0.002524 0.472237
vt 0.569561 0.670399
vt 0.569561 0.663927
vt 0.641838 0.663927
vt 0.641838 0.670399
vt 0.436676 0.539136
vt 0.357657 0.539136
vt 0.357657 0.441456
vt 0.436676 0.441456
vt 0.503236 0.663927
vt 0.503236 0.566594
vt 0.569561 0.566594
vt 0.991958 0.636596
vt 0.991958 0.593926
vt 0.995712 0.597266
vt 0.995712 0.634574
vt 0.006292 0.511707
vt 0.006292 0.468885
vt 0.641838 0.566594
vt 0.991958 0.643067
vt 0.357657 0.545630
vt 0.006292 0.518201
vt 0.436676 0.545630
vt 0.995712 0.640431
vt 0.113616 0.327151
vt 0.212729 0.327151
vt 0.212729 0.326341
vt 0.214067 0.324939
vt 0.214067 0.308841
vt 0.214067 0.310099
vt 0.214067 0.315495
vt 0.212729 0.312602
vt 0.113616 0.312602
vt 0.212729 0.316426
vt 0.214067 0.308984
vt 0.358833 0.332455
vt 0.371059 0.334887
vt 0.365965 0.347186
vt 0.358833 0.345767
vt 0.381424 0.341812
vt 0.372011 0.351225
vt 0.388350 0.352177
vt 0.376051 0.357272
vt 0.390782 0.364404
vt 0.377470 0.364404
vt 0.388350 0.376630
vt 0.376051 0.371535
vt 0.381424 0.386995
vt 0.372011 0.377582
vt 0.371059 0.393920
vt 0.365965 0.381622
vt 0.358833 0.396352
vt 0.358833 0.383040
vt 0.346607 0.393920
vt 0.351701 0.381622
vt 0.336242 0.386995
vt 0.345655 0.377582
vt 0.329316 0.376630
vt 0.341615 0.371535
vt 0.326884 0.364404
vt 0.340196 0.364404
vt 0.329316 0.352177
vt 0.341615 0.357272
vt 0.336242 0.341812
vt 0.345655 0.351225
vt 0.364113 0.364404
vt 0.363711 0.362383
vt 0.346607 0.334887
vt 0.351701 0.347186
vt 0.371059 0.334887
vt 0.381424 0.341812
vt 0.358833 0.332455
vt 0.346607 0.334887
vt 0.336242 0.341812
vt 0.329316 0.352177
vt 0.326884 0.364404
vt 0.329316 0.376630
vt 0.336242 0.386995
vt 0.346607 0.393920
vt 0.358833 0.396352
vt 0.371059 0.393920
vt 0.381424 0.386995
vt 0.388350 0.376630
vt 0.390782 0.364404
vt 0.388350 0.352177
vt 0.360854 0.359526
vt 0.362567 0.360670
vt 0.363711 0.366424
vt 0.362567 0.368137
vt 0.360854 0.369282
vt 0.358833 0.369684
vt 0.356813 0.369282
vt 0.355100 0.368137
vt 0.353955 0.366424
vt 0.353553 0.364404
vt 0.353955 0.362383
vt 0.355100 0.360670
vt 0.356813 0.359526
vt 0.358833 0.359124
vt 0.664695 0.133358
vt 0.580680 0.137480
vt 0.617706 0.191529
vt 0.625163 0.194014
vt 0.663987 0.185666
vt 0.997476 0.509678
vt 0.997476 0.472237
vt 0.997476 0.509678
vt 0.997476 0.515556
vt 0.436912 0.670399
vt 0.358162 0.670399
vt 0.358162 0.663927
vt 0.436912 0.663927
vt 0.569797 0.539136
vt 0.569797 0.441457
vt 0.642343 0.441457
vt 0.642343 0.539136
vt 0.436912 0.566594
vt 0.008043 0.636596
vt 0.004288 0.634574
vt 0.004288 0.597266
vt 0.008043 0.593926
vt 0.993708 0.468886
vt 0.993708 0.511707
vt 0.358162 0.566594
vt 0.008043 0.643067
vt 0.993708 0.518201
vt 0.642343 0.545630
vt 0.569797 0.545630
vt 0.004288 0.640431
vt 0.547574 0.953538
vt 0.547574 0.956144
vt 0.493568 0.954348
vt 0.493568 0.951993
vt 0.876489 0.953781
vt 0.859263 0.955446
vt 0.859647 0.952874
vt 0.876083 0.951286
vt 0.859649 0.935427
vt 0.547574 0.935427
vt 0.547574 0.856879
vt 0.859247 0.857115
vt 0.859649 0.859149
vt 0.547574 0.858923
vt 0.859649 0.872209
vt 0.547574 0.872263
vt 0.448519 0.872243
vt 0.448519 0.918270
vt 0.136445 0.918270
vt 0.136445 0.872188
vt 0.859649 0.918290
vt 0.547574 0.918290
vt 0.136445 0.935407
vt 0.136412 0.952850
vt 0.120010 0.951266
vt 0.121373 0.935691
vt 0.910224 0.937692
vt 0.908189 0.935974
vt 0.448519 0.858902
vt 0.136445 0.859128
vt 0.087905 0.935953
vt 0.448519 0.956124
vt 0.448519 0.953518
vt 0.502525 0.951973
vt 0.502525 0.954327
vt 0.493568 0.935628
vt 0.493568 0.920143
vt 0.502525 0.878533
vt 0.502525 0.920123
vt 0.604869 0.144635
vt 0.637095 0.146801
vt 0.613957 0.163266
vt 0.604869 0.161909
vt 0.604869 0.164940
vt 0.594066 0.166155
vt 0.595781 0.163266
vt 0.068899 0.863118
vt 0.068899 0.871855
vt 0.033296 0.878103
vt 0.033296 0.871322
vt 0.927195 0.871876
vt 0.927195 0.863139
vt 0.962798 0.871343
vt 0.962798 0.878124
vt 0.288929 0.222530
vt 0.293408 0.168944
vt 0.342517 0.168944
vt 0.342517 0.197183
vt 0.294857 0.220794
vt 0.065980 0.861281
vt 0.028627 0.869888
vt 0.448519 0.935407
vt 0.874720 0.935712
vt 0.874704 0.917966
vt 0.120010 0.872094
vt 0.120025 0.908569
vt 0.112414 0.908561
vt 0.079287 0.908529
vt 0.068899 0.908519
vt 0.883678 0.911105
vt 0.876069 0.908590
vt 0.883679 0.908582
vt 0.119604 0.857497
vt 0.120010 0.859511
vt 0.876083 0.872115
vt 0.876083 0.859532
vt 0.067833 0.917682
vt 0.063909 0.915989
vt 0.033296 0.894583
vt 0.112415 0.911084
vt 0.079288 0.911065
vt 0.136846 0.857095
vt 0.927195 0.908539
vt 0.916806 0.908550
vt 0.928277 0.917699
vt 0.916805 0.911085
vt 0.121390 0.917945
vt 0.962798 0.894603
vt 0.962798 0.902019
vt 0.932184 0.916010
vt 0.288954 0.115365
vt 0.294857 0.117093
vt 0.342517 0.140705
vt 0.033296 0.901998
vt 0.643176 0.157046
vt 0.643176 0.181942
vt 0.615672 0.173177
vt 0.615672 0.166155
vt 0.604869 0.175621
vt 0.596904 0.176336
vt 0.594064 0.173177
vt 0.576630 0.193146
vt 0.566561 0.181942
vt 0.604869 0.193257
vt 0.633107 0.193146
vt 0.612833 0.176336
vt 0.566561 0.157046
vt 0.572642 0.146801
vt 0.876489 0.857517
vt 0.930113 0.861302
vt 0.967466 0.869909
vt 0.448519 0.856858
vt 0.502525 0.864632
vt 0.502525 0.866479
vt 0.493568 0.878554
vt 0.136830 0.955425
vt 0.119604 0.953761
vt 0.502525 0.935608
vt 0.085848 0.934730
vt 0.087123 0.934796
vt 0.069593 0.919048
vt 0.070545 0.918311
vt 0.908970 0.934817
vt 0.910246 0.934751
vt 0.926500 0.919068
vt 0.925549 0.918332
vt 0.064869 0.918635
vt 0.066848 0.919885
vt 0.066848 0.919885
vt 0.084009 0.936286
vt 0.084009 0.936286
vt 0.085869 0.937672
vt 0.916416 0.913435
vt 0.929245 0.919906
vt 0.931225 0.918656
vt 0.912085 0.936306
vt 0.884172 0.913454
vt 0.119020 0.934433
vt 0.118858 0.918639
vt 0.111921 0.913433
vt 0.877073 0.934454
vt 0.877235 0.918660
vt 0.079677 0.913414
vt 0.426061 0.954348
vt 0.426061 0.952471
vt 0.570032 0.939408
vt 0.570032 0.952451
vt 0.493568 0.864652
vt 0.493568 0.866499
vt 0.426061 0.884333
vt 0.426061 0.882861
vt 0.570032 0.884312
vt 0.570032 0.893920
vt 0.570032 0.882840
vt 0.426061 0.939428
vt 0.426061 0.927087
vt 0.570032 0.927066
vt 0.570032 0.954327
vt 0.641631 0.945061
vt 0.641631 0.953162
vt 0.354463 0.910864
vt 0.354463 0.909950
vt 0.641631 0.910843
vt 0.641631 0.916810
vt 0.641631 0.909929
vt 0.354463 0.945082
vt 0.354463 0.937417
vt 0.641631 0.937397
vt 0.641631 0.954327
vt 0.426061 0.893940
vt 0.354463 0.916831
vt 0.726731 0.953250
vt 0.726731 0.954192
vt 0.269363 0.949293
vt 0.269363 0.949187
vt 0.726731 0.949273
vt 0.726731 0.949966
vt 0.726731 0.949166
vt 0.269363 0.953271
vt 0.269363 0.952380
vt 0.726731 0.952359
vt 0.726731 0.954327
vt 0.269363 0.949987
vt 0.354463 0.954348
vt 0.354463 0.953182
vt 0.726731 0.953339
vt 0.726731 0.949894
vt 0.726731 0.952405
vt 0.269363 0.953360
vt 0.269363 0.952425
vt 0.269363 0.949914
vt 0.726731 0.953250
vt 0.726731 0.954192
vt 0.269363 0.954348
vt 0.269363 0.954213
vt 0.214067 0.325748
vt 0.214067 0.322109
vt 0.214067 0.319766
vt 0.214067 0.314287
vt 0.214067 0.312741
vt 0.113616 0.323394
vt 0.014502 0.323394
vt 0.014502 0.320253
vt 0.113616 0.320253
vt 0.013164 0.319766
vt 0.013164 0.322109
vt 0.013164 0.315495
vt 0.013164 0.310099
vt 0.013164 0.308841
vt 0.014502 0.327151
vt 0.212729 0.323394
vt 0.113616 0.308841
vt 0.212729 0.315882
vt 0.212729 0.320253
vt 0.014502 0.312602
vt 0.214067 0.300861
vt 0.212729 0.312741
vt 0.214067 0.312509
vt 0.205275 0.308984
vt 0.205275 0.312346
vt 0.206613 0.312741
vt 0.013164 0.300861
vt 0.013164 0.304618
vt 0.014502 0.308984
vt 0.013164 0.308984
vt 0.021956 0.308984
vt 0.021956 0.308984
vt 0.020618 0.308984
vt 0.020618 0.312741
vt 0.021956 0.312346
vt 0.206613 0.300861
vt 0.206613 0.308984
vt 0.014502 0.300861
vt 0.020618 0.300861
vt 0.014502 0.304618
vt 0.014502 0.296495
vt 0.020618 0.296495
vt 0.020618 0.304618
vt 0.014502 0.292738
vt 0.020618 0.292738
vt 0.212729 0.292738
vt 0.206613 0.292738
vt 0.212729 0.296495
vt 0.212729 0.304618
vt 0.206613 0.304618
vt 0.206613 0.296495
vt 0.021956 0.304006
vt 0.021956 0.297728
vt 0.021956 0.294180
vt 0.021956 0.300861
vt 0.205275 0.300861
vt 0.205275 0.304006
vt 0.021956 0.294076
vt 0.021956 0.300861
vt 0.212729 0.292738
vt 0.206613 0.292738
vt 0.013164 0.294180
vt 0.013164 0.299616
vt 0.214067 0.294180
vt 0.214067 0.294076
vt 0.014502 0.292738
vt 0.020618 0.292738
vt 0.013164 0.300861
vt 0.205275 0.294180
vt 0.205275 0.297728
vt 0.205275 0.300861
vt 0.205275 0.294076
vt 0.205275 0.308984
vt 0.214067 0.304006
vt 0.214067 0.297728
vt 0.013164 0.294076
vt 0.117542 0.166070
vt 0.117542 0.166070
vt 0.140544 0.161495
vt 0.140544 0.161495
vt 0.160044 0.148466
vt 0.160044 0.148466
vt 0.173074 0.128965
vt 0.173074 0.128965
vt 0.177649 0.105964
vt 0.177649 0.105964
vt 0.173074 0.082962
vt 0.173074 0.082962
vt 0.160044 0.063461
vt 0.160044 0.063461
vt 0.140544 0.050432
vt 0.140544 0.050432
vt 0.117542 0.045857
vt 0.117542 0.045857
vt 0.094540 0.050432
vt 0.094540 0.050432
vt 0.075040 0.063461
vt 0.075040 0.063461
vt 0.062010 0.082962
vt 0.062010 0.082962
vt 0.057435 0.105964
vt 0.057435 0.105964
vt 0.062010 0.128965
vt 0.062010 0.128965
vt 0.075040 0.148466
vt 0.075040 0.148466
vt 0.129693 0.135299
vt 0.117542 0.137716
vt 0.105391 0.135299
vt 0.095090 0.128416
vt 0.088207 0.118114
vt 0.085790 0.105964
vt 0.088207 0.093812
vt 0.095090 0.083511
vt 0.105391 0.076628
vt 0.117542 0.074211
vt 0.129693 0.076628
vt 0.139994 0.083511
vt 0.146877 0.093812
vt 0.149294 0.105964
vt 0.146877 0.118114
vt 0.139994 0.128416
vt 0.094540 0.161495
vt 0.094540 0.161495
vt 0.117542 0.137716
vt 0.129693 0.135299
vt 0.139994 0.128416
vt 0.146877 0.118114
vt 0.149294 0.105964
vt 0.146877 0.093812
vt 0.139994 0.083511
vt 0.129693 0.076628
vt 0.117542 0.074211
vt 0.105391 0.076628
vt 0.095090 0.083511
vt 0.088207 0.093812
vt 0.085790 0.105964
vt 0.088207 0.118114
vt 0.095090 0.128416
vt 0.105391 0.135299
vt 0.139371 0.158664
vt 0.117542 0.163006
vt 0.117542 0.163006
vt 0.139371 0.158664
vt 0.157877 0.146299
vt 0.157877 0.146299
vt 0.170243 0.127793
vt 0.170243 0.127793
vt 0.174585 0.105963
vt 0.174585 0.105964
vt 0.170243 0.084134
vt 0.170243 0.084134
vt 0.157877 0.065628
vt 0.157877 0.065628
vt 0.139371 0.053263
vt 0.139371 0.053263
vt 0.117542 0.048921
vt 0.117542 0.048921
vt 0.095713 0.053263
vt 0.095713 0.053263
vt 0.077207 0.065628
vt 0.077207 0.065628
vt 0.064841 0.084134
vt 0.064841 0.084134
vt 0.060499 0.105963
vt 0.060499 0.105964
vt 0.064841 0.127793
vt 0.064841 0.127793
vt 0.077207 0.146299
vt 0.077207 0.146299
vt 0.095713 0.158664
vt 0.095713 0.158664
vt 0.129693 0.135299
vt 0.117542 0.137716
vt 0.105391 0.135299
vt 0.095090 0.128416
vt 0.088207 0.118114
vt 0.085790 0.105963
vt 0.088207 0.093812
vt 0.095090 0.083511
vt 0.105391 0.076628
vt 0.117542 0.074211
vt 0.129693 0.076628
vt 0.139994 0.083511
vt 0.146877 0.093812
vt 0.149294 0.105963
vt 0.146877 0.118114
vt 0.139994 0.128416
vt 0.117542 0.137716
vt 0.129693 0.135299
vt 0.139994 0.128416
vt 0.146877 0.118114
vt 0.149294 0.105963
vt 0.146877 0.093812
vt 0.139994 0.083511
vt 0.129693 0.076628
vt 0.117542 0.074211
vt 0.105391 0.076628
vt 0.095090 0.083511
vt 0.088207 0.093812
vt 0.085790 0.105963
vt 0.088207 0.118114
vt 0.095090 0.128416
vt 0.105391 0.135299
vt 0.387322 0.167421
vt 0.387322 0.167421
vt 0.409290 0.163052
vt 0.409290 0.163052
vt 0.427914 0.150608
vt 0.427914 0.150608
vt 0.440358 0.131984
vt 0.440358 0.131984
vt 0.444728 0.110016
vt 0.444728 0.110016
vt 0.440358 0.088048
vt 0.440358 0.088048
vt 0.427914 0.069425
vt 0.427914 0.069425
vt 0.409290 0.056981
vt 0.409290 0.056981
vt 0.387322 0.052611
vt 0.387322 0.052611
vt 0.365354 0.056981
vt 0.365354 0.056981
vt 0.346731 0.069425
vt 0.346731 0.069425
vt 0.334287 0.088048
vt 0.334287 0.088048
vt 0.329917 0.110016
vt 0.329917 0.110016
vt 0.334287 0.131984
vt 0.334287 0.131984
vt 0.346731 0.150608
vt 0.346731 0.150608
vt 0.398927 0.138033
vt 0.387322 0.140341
vt 0.375717 0.138033
vt 0.365879 0.131459
vt 0.359306 0.121621
vt 0.356997 0.110016
vt 0.359306 0.098411
vt 0.365879 0.088573
vt 0.375717 0.082000
vt 0.387322 0.079691
vt 0.398927 0.082000
vt 0.408765 0.088573
vt 0.415339 0.098411
vt 0.417647 0.110016
vt 0.415339 0.121621
vt 0.408765 0.131459
vt 0.365354 0.163052
vt 0.365354 0.163052
vt 0.387322 0.140341
vt 0.398927 0.138033
vt 0.408765 0.131459
vt 0.415339 0.121621
vt 0.417647 0.110016
vt 0.415339 0.098411
vt 0.408765 0.088573
vt 0.398927 0.082000
vt 0.387322 0.079691
vt 0.375717 0.082000
vt 0.365879 0.088573
vt 0.359306 0.098411
vt 0.356997 0.110016
vt 0.359306 0.121621
vt 0.365879 0.131459
vt 0.375717 0.138033
vt 0.408170 0.160348
vt 0.387322 0.164495
vt 0.387322 0.164495
vt 0.408170 0.160348
vt 0.425844 0.148539
vt 0.425844 0.148538
vt 0.437654 0.130864
vt 0.437654 0.130864
vt 0.441801 0.110016
vt 0.441801 0.110016
vt 0.437654 0.089168
vt 0.437654 0.089168
vt 0.425844 0.071494
vt 0.425844 0.071494
vt 0.408170 0.059684
vt 0.408170 0.059684
vt 0.387322 0.055537
vt 0.387322 0.055537
vt 0.366474 0.059684
vt 0.366474 0.059684
vt 0.348800 0.071494
vt 0.348800 0.071494
vt 0.336990 0.089168
vt 0.336990 0.089168
vt 0.332844 0.110016
vt 0.332844 0.110016
vt 0.336990 0.130864
vt 0.336990 0.130864
vt 0.348800 0.148539
vt 0.348800 0.148539
vt 0.366474 0.160348
vt 0.366474 0.160348
vt 0.503236 0.539136
vt 0.503236 0.545630
vt 0.503236 0.441457
vt 0.503236 0.670399
vt 0.452218 0.352944
vt 0.458918 0.355839
vt 0.458918 0.351655
vt 0.464599 0.359899
vt 0.468394 0.364505
vt 0.468394 0.354406
vt 0.464599 0.352169
vt 0.468394 0.362478
vt 0.469727 0.358026
vt 0.464599 0.374815
vt 0.458918 0.375328
vt 0.458918 0.371145
vt 0.464599 0.367085
vt 0.452218 0.374039
vt 0.457346 0.346703
vt 0.454993 0.348697
vt 0.459470 0.350296
vt 0.458918 0.347264
vt 0.457346 0.361619
vt 0.458918 0.355337
vt 0.454993 0.368187
vt 0.444965 0.350296
vt 0.445517 0.347264
vt 0.447089 0.361619
vt 0.445517 0.355337
vt 0.449442 0.368187
vt 0.449442 0.348697
vt 0.447089 0.346703
vt 0.445517 0.351655
vt 0.436041 0.354406
vt 0.439837 0.352169
vt 0.436041 0.362478
vt 0.434708 0.358026
vt 0.445517 0.371145
vt 0.439837 0.367085
vt 0.445517 0.375328
vt 0.439837 0.374815
vt 0.439837 0.359899
vt 0.445517 0.355839
vt 0.436041 0.364505
vt 0.967857 0.539412
vt 0.964547 0.539412
vt 0.940618 0.424845
vt 0.943928 0.424845
vt 0.966459 0.572046
vt 0.942530 0.686613
vt 0.879051 0.686613
vt 0.879051 0.572046
vt 0.877139 0.539412
vt 0.877139 0.424845
vt 0.964547 0.539412
vt 0.940618 0.424845
vt 0.751010 0.334650
vt 0.743522 0.351093
vt 0.779916 0.351093
vt 0.772428 0.334650
vt 0.779916 0.339882
vt 0.772428 0.326803
vt 0.743522 0.339882
vt 0.751010 0.326803
vt 0.779915 0.089840
vt 0.779915 0.078630
vt 0.743522 0.078630
vt 0.743522 0.089840
vt 0.751009 0.095072
vt 0.751009 0.102920
vt 0.772428 0.095072
vt 0.772428 0.102920
vt 0.120573 0.378563
vt 0.120573 0.374993
vt 0.046276 0.366247
vt 0.046276 0.366713
vt 0.194540 0.290517
vt 0.194540 0.294909
vt 0.119621 0.307662
vt 0.119621 0.304092
vt 0.046276 0.361498
vt 0.046276 0.362895
vt 0.046276 0.364850
vt 0.046276 0.366247
vt 0.046276 0.361032
vt 0.232045 0.339619
vt 0.232338 0.371175
vt 0.269550 0.371175
vt 0.269550 0.339619
vt 0.070167 0.321264
vt 0.046276 0.361498
vt 0.070167 0.325254
vt 0.268321 0.324013
vt 0.268321 0.328018
vt 0.260234 0.328018
vt 0.260234 0.324013
vt 0.046276 0.364850
vt 0.046276 0.362895
vt 0.120573 0.374993
vt 0.273147 0.329726
vt 0.273147 0.386348
vt 0.273147 0.382255
vt 0.273147 0.370222
vt 0.273147 0.340851
vt 0.273147 0.333267
vt 0.273147 0.340851
vt 0.273147 0.370222
vt 0.273147 0.382255
vt 0.273147 0.333267
vt 0.070167 0.325254
vt 0.194540 0.308655
vt 0.194540 0.339619
vt 0.119621 0.338650
vt 0.119621 0.318835
vt 0.268321 0.328018
vt 0.260234 0.328018
vt 0.232045 0.312525
vt 0.269550 0.316917
vt 0.119621 0.318412
vt 0.119621 0.338650
vt 0.194540 0.339619
vt 0.194540 0.308133
vt 0.232045 0.294909
vt 0.232045 0.299300
vt 0.120573 0.364301
vt 0.070472 0.339619
vt 0.232045 0.313046
vt 0.232045 0.339619
vt 0.070472 0.339619
vt 0.119621 0.307662
vt 0.232338 0.384330
vt 0.269550 0.384330
vt 0.269550 0.303692
vt 0.269550 0.317438
vt 0.232045 0.299300
vt 0.194540 0.294909
vt 0.273095 0.333476
vt 0.269550 0.331106
vt 0.269550 0.339619
vt 0.269550 0.331106
vt 0.269550 0.327374
vt 0.273095 0.306649
vt 0.273095 0.318758
vt 0.273095 0.318274
vt 0.273095 0.306657
vt 0.269550 0.303692
vt 0.273095 0.302693
vt 0.269550 0.299300
vt 0.273095 0.333476
vt 0.260234 0.306657
vt 0.260234 0.318274
vt 0.260234 0.333476
vt 0.260234 0.302693
vt 0.260234 0.333476
vt 0.260234 0.318758
vt 0.260234 0.306649
vt 0.269550 0.384330
vt 0.269550 0.371175
vt 0.269550 0.388722
vt 0.359070 0.333502
vt 0.359070 0.346814
vt 0.351938 0.348233
vt 0.346844 0.335934
vt 0.345892 0.352273
vt 0.336479 0.342860
vt 0.341852 0.358319
vt 0.329553 0.353225
vt 0.340433 0.365451
vt 0.327121 0.365451
vt 0.341852 0.372583
vt 0.329553 0.377677
vt 0.345892 0.378629
vt 0.336479 0.388042
vt 0.351938 0.382669
vt 0.346844 0.394967
vt 0.359070 0.384087
vt 0.359070 0.397399
vt 0.366202 0.382669
vt 0.371296 0.394967
vt 0.372248 0.378629
vt 0.381661 0.388042
vt 0.376288 0.372583
vt 0.388586 0.377677
vt 0.377706 0.365451
vt 0.391018 0.365451
vt 0.376288 0.358319
vt 0.388586 0.353225
vt 0.372248 0.352273
vt 0.381661 0.342860
vt 0.354192 0.363430
vt 0.353790 0.365451
vt 0.366202 0.348233
vt 0.371296 0.335934
vt 0.336479 0.342860
vt 0.346844 0.335934
vt 0.359070 0.333502
vt 0.329553 0.353225
vt 0.327121 0.365451
vt 0.329553 0.377677
vt 0.336479 0.388042
vt 0.346844 0.394967
vt 0.359070 0.397399
vt 0.371296 0.394967
vt 0.381661 0.388042
vt 0.388586 0.377677
vt 0.391018 0.365451
vt 0.388586 0.353225
vt 0.381661 0.342860
vt 0.371296 0.335934
vt 0.357049 0.360573
vt 0.359070 0.360171
vt 0.361090 0.360573
vt 0.362803 0.361717
vt 0.363948 0.363430
vt 0.364350 0.365451
vt 0.363948 0.367471
vt 0.362803 0.369184
vt 0.361090 0.370329
vt 0.359070 0.370731
vt 0.357049 0.370329
vt 0.355336 0.369184
vt 0.354192 0.367471
vt 0.355336 0.361717
vt 0.232338 0.384330
vt 0.195125 0.384330
vt 0.195125 0.371175
vt 0.232338 0.371175
vt 0.120573 0.364301
vt 0.195125 0.384330
vt 0.195125 0.371175
vt 0.232338 0.388722
vt 0.195125 0.388722
vt 0.000000 0.000000
vt 0.000000 0.000000
vt 0.000000 0.000000
vt 0.000000 0.000000
vt 0.000000 0.000000
vt 0.000000 0.000000
vt 0.000000 0.000000
vt 0.000000 0.000000
vt 0.000000 0.000000
vt 0.000000 0.000000
vt 0.000000 0.000000
vt 0.000000 0.000000
vt 0.000000 0.000000
vt 0.000000 0.000000
vt 0.000000 0.000000
vt 0.000000 0.000000
vt 0.000000 0.000000
vt 0.000000 0.000000
vt 0.000000 0.000000
vt 0.000000 0.000000
vt 0.000000 0.000000
vt 0.000000 0.000000
vt 0.000000 0.000000
vt 0.000000 0.000000
vt 0.000000 0.000000
vt 0.000000 0.000000
vt 0.000000 0.000000
vt 0.000000 0.000000
vt 0.000000 0.000000
vt 0.000000 0.000000
vt 0.000000 0.000000
vt 0.000000 0.000000
vt 0.000000 0.000000
vt 0.000000 0.000000
vt 0.000000 0.000000
vt 0.000000 0.000000
vt 0.000000 0.000000
vt 0.000000 0.000000
vt 0.000000 0.000000
vt 0.000000 0.000000
vt 0.000000 0.000000
vt 0.000000 0.000000
vt 0.000000 0.000000
vt 0.000000 0.000000
vt 0.000000 0.000000
vt 0.000000 0.000000
vt 0.000000 0.000000
vt 0.000000 0.000000
vt 0.717330 0.321160
vt 0.680303 0.375208
vt 0.672846 0.377693
vt 0.634023 0.369345
vt 0.633314 0.317037
vt 0.696253 0.274775
vt 0.708488 0.282205
vt 0.643231 0.287042
vt 0.717330 0.321160
vt 0.680303 0.375208
vt 0.696253 0.274775
vt 0.708488 0.282205
vt 0.601855 0.287682
vt 0.611772 0.317677
vt 0.527756 0.321800
vt 0.536598 0.282846
vt 0.548833 0.275415
vt 0.672846 0.377693
vt 0.943928 0.424845
vt 0.940618 0.424845
vt 0.879051 0.686613
vt 0.942530 0.686613
vt 0.877139 0.424845
vt 0.940618 0.424845
vt 0.751010 0.334650
vt 0.772428 0.334650
vt 0.779916 0.351093
vt 0.743522 0.351093
vt 0.772428 0.326803
vt 0.779916 0.339882
vt 0.751010 0.326803
vt 0.743522 0.339882
vt 0.779915 0.089840
vt 0.743522 0.089840
vt 0.743522 0.078630
vt 0.779915 0.078630
vt 0.751009 0.102920
vt 0.751009 0.095072
vt 0.772428 0.095072
vt 0.772428 0.102920
vt 0.120573 0.378563
vt 0.046276 0.366713
vt 0.046276 0.366247
vt 0.120573 0.374993
vt 0.194540 0.290517
vt 0.119621 0.304092
vt 0.119621 0.307662
vt 0.194540 0.294909
vt 0.046276 0.361498
vt 0.046276 0.361032
vt 0.046276 0.366247
vt 0.046276 0.364850
vt 0.046276 0.362895
vt 0.232045 0.339619
vt 0.269550 0.339619
vt 0.269550 0.371175
vt 0.232338 0.371175
vt 0.070167 0.321264
vt 0.070167 0.325254
vt 0.046276 0.361498
vt 0.268321 0.324013
vt 0.260234 0.324013
vt 0.260234 0.328018
vt 0.268321 0.328018
vt 0.046276 0.362895
vt 0.046276 0.364850
vt 0.120573 0.374993
vt 0.273147 0.329726
vt 0.273147 0.333267
vt 0.273147 0.340851
vt 0.273147 0.370222
vt 0.273147 0.382255
vt 0.273147 0.386348
vt 0.273147 0.340851
vt 0.273147 0.333267
vt 0.273147 0.382255
vt 0.273147 0.370222
vt 0.070167 0.325254
vt 0.194540 0.308655
vt 0.119621 0.318835
vt 0.119621 0.338650
vt 0.194540 0.339619
vt 0.268321 0.328018
vt 0.260234 0.328018
vt 0.232045 0.312525
vt 0.269550 0.316917
vt 0.119621 0.318412
vt 0.194540 0.308133
vt 0.194540 0.339619
vt 0.119621 0.338650
vt 0.232045 0.294909
vt 0.232045 0.299300
vt 0.070472 0.339619
vt 0.120573 0.364301
vt 0.232045 0.313046
vt 0.232045 0.339619
vt 0.070472 0.339619
vt 0.119621 0.307662
vt 0.232338 0.384330
vt 0.269550 0.384330
vt 0.269550 0.317438
vt 0.269550 0.303692
vt 0.232045 0.299300
vt 0.194540 0.294909
vt 0.273095 0.333476
vt 0.269550 0.339619
vt 0.269550 0.331106
vt 0.269550 0.327374
vt 0.269550 0.331106
vt 0.273095 0.306649
vt 0.273095 0.318758
vt 0.273095 0.318274
vt 0.269550 0.303692
vt 0.273095 0.306657
vt 0.269550 0.299300
vt 0.273095 0.302693
vt 0.273095 0.333476
vt 0.260234 0.306657
vt 0.260234 0.302693
vt 0.260234 0.333476
vt 0.260234 0.318274
vt 0.260234 0.306649
vt 0.260234 0.318758
vt 0.260234 0.333476
vt 0.269550 0.371175
vt 0.269550 0.384330
vt 0.269550 0.388722
vt 0.232338 0.384330
vt 0.232338 0.371175
vt 0.195125 0.371175
vt 0.195125 0.384330
vt 0.120573 0.364301
vt 0.195125 0.371175
vt 0.195125 0.384330
vt 0.195125 0.388722
vt 0.232338 0.388722
vt 0.000000 0.000000
vt 0.000000 0.000000
vt 0.000000 0.000000
vt 0.000000 0.000000
vt 0.000000 0.000000
vt 0.000000 0.000000
vt 0.000000 0.000000
vt 0.000000 0.000000
vt 0.000000 0.000000
vt 0.000000 0.000000
vt 0.000000 0.000000
vt 0.000000 0.000000
vt 0.000000 0.000000
vt 0.000000 0.000000
vt 0.000000 0.000000
vt 0.000000 0.000000
vt 0.000000 0.000000
vt 0.000000 0.000000
vt 0.000000 0.000000
vt 0.000000 0.000000
vt 0.000000 0.000000
vt 0.000000 0.000000
vt 0.000000 0.000000
vt 0.000000 0.000000
vt 0.000000 0.000000
vt 0.000000 0.000000
vt 0.000000 0.000000
vt 0.000000 0.000000
vt 0.000000 0.000000
vt 0.000000 0.000000
vt 0.000000 0.000000
vt 0.000000 0.000000
vt 0.000000 0.000000
vt 0.000000 0.000000
vt 0.000000 0.000000
vt 0.000000 0.000000
vt 0.000000 0.000000
vt 0.000000 0.000000
vt 0.000000 0.000000
vt 0.000000 0.000000
vt 0.000000 0.000000
vt 0.000000 0.000000
vt 0.000000 0.000000
vt 0.000000 0.000000
vt 0.000000 0.000000
vt 0.000000 0.000000
vt 0.000000 0.000000
vt 0.000000 0.000000
vt 0.717330 0.321160
vt 0.633314 0.317037
vt 0.634023 0.369345
vt 0.672846 0.377693
vt 0.680303 0.375208
vt 0.696253 0.274775
vt 0.643231 0.287042
vt 0.708488 0.282205
vt 0.717330 0.321160
vt 0.680303 0.375208
vt 0.696253 0.274775
vt 0.708488 0.282205
vt 0.601855 0.287682
vt 0.548833 0.275415
vt 0.536598 0.282846
vt 0.527756 0.321800
vt 0.611772 0.317677
vt 0.672846 0.377693
vt 0.117542 0.166070
vt 0.117542 0.166070
vt 0.140544 0.161495
vt 0.140544 0.161495
vt 0.160044 0.148465
vt 0.160044 0.148466
vt 0.173074 0.128965
vt 0.173074 0.128965
vt 0.177649 0.105963
vt 0.177649 0.105963
vt 0.173074 0.082961
vt 0.173074 0.082961
vt 0.160044 0.063461
vt 0.160044 0.063461
vt 0.140544 0.050432
vt 0.140544 0.050432
vt 0.117542 0.045856
vt 0.117542 0.045856
vt 0.094540 0.050432
vt 0.094540 0.050432
vt 0.075040 0.063461
vt 0.075040 0.063461
vt 0.062011 0.082961
vt 0.062011 0.082961
vt 0.057435 0.105963
vt 0.057435 0.105963
vt 0.062011 0.128965
vt 0.062011 0.128965
vt 0.075040 0.148466
vt 0.075040 0.148466
vt 0.094540 0.161495
vt 0.094540 0.161495
vt 0.139371 0.158664
vt 0.117542 0.163006
vt 0.117542 0.163006
vt 0.139371 0.158664
vt 0.157877 0.146299
vt 0.157877 0.146299
vt 0.170243 0.127793
vt 0.170243 0.127793
vt 0.174585 0.105963
vt 0.174585 0.105963
vt 0.170243 0.084134
vt 0.170243 0.084134
vt 0.157877 0.065628
vt 0.157877 0.065628
vt 0.139371 0.053263
vt 0.139371 0.053263
vt 0.117542 0.048921
vt 0.117542 0.048921
vt 0.095713 0.053263
vt 0.095713 0.053263
vt 0.077207 0.065628
vt 0.077207 0.065628
vt 0.064841 0.084134
vt 0.064841 0.084134
vt 0.060499 0.105963
vt 0.060499 0.105963
vt 0.064841 0.127793
vt 0.064841 0.127793
vt 0.077207 0.146299
vt 0.077207 0.146299
vt 0.095713 0.158664
vt 0.095713 0.158664
vt 0.879516 0.919351
vt 0.884809 0.915126
vt 0.889121 0.917892
vt 0.885416 0.920849
vt 0.073589 0.919151
vt 0.080591 0.915176
vt 0.085487 0.917920
vt 0.080586 0.920703
vt 0.922504 0.919172
vt 0.915503 0.915196
vt 0.907780 0.932880
vt 0.879643 0.932963
vt 0.088313 0.932859
vt 0.116450 0.932943
vt 0.116577 0.919330
vt 0.111284 0.915105
vt 0.110677 0.920828
vt 0.110588 0.930357
vt 0.090893 0.930298
vt 0.106972 0.917871
vt 0.915508 0.920724
vt 0.905201 0.930319
vt 0.885505 0.930378
vt 0.910607 0.917941
vn -0.1072 0.9942 0.0000
vn 0.0000 1.0000 0.0000
vn -0.5284 -0.8490 0.0000
vn -0.0000 -0.0000 1.0000
vn -0.0000 0.0000 -1.0000
vn 0.6102 -0.7922 0.0000
vn -0.7836 0.6212 0.0000
vn 0.7046 -0.7096 0.0000
vn 0.7096 0.7046 0.0000
vn -0.7096 -0.7046 0.0000
vn -0.7046 0.7096 0.0000
vn -0.7401 -0.6725 -0.0000
vn 0.5749 0.5555 -0.6008
vn -0.0016 1.0000 0.0000
vn 0.9802 -0.1980 0.0000
vn 0.5903 0.5704 0.5711
vn 0.6802 0.1934 -0.7071
vn 0.9619 0.2735 0.0000
vn 0.6802 0.1934 0.7071
vn -0.6802 -0.1934 0.7071
vn -0.9619 -0.2735 0.0000
vn -0.2760 0.9612 0.0000
vn -0.6802 -0.1934 -0.7071
vn 0.2760 -0.9612 -0.0000
vn 0.3827 -0.9239 0.0000
vn 0.9239 -0.3827 -0.0000
vn -0.3827 -0.9239 -0.0000
vn -0.9239 -0.3827 0.0000
vn 0.9239 0.3827 -0.0000
vn -0.3827 0.9239 -0.0000
vn -0.9239 0.3827 0.0000
vn -0.9397 -0.3420 0.0000
vn 0.3420 -0.9397 0.0000
vn -0.3420 0.9397 0.0000
vn 0.9403 0.3405 0.0000
vn 0.3827 0.9239 0.0000
vn 0.9397 0.3420 0.0000
vn 0.8515 -0.5243 0.0000
vn 0.3434 -0.9392 0.0000
vn 0.3468 -0.1617 -0.9239
vn 0.8373 -0.3904 -0.3827
vn 0.8373 -0.3904 0.3827
vn 0.3468 -0.1617 0.9239
vn -0.3468 0.1617 0.9239
vn -0.8373 0.3905 0.3827
vn 0.4226 0.9063 0.0000
vn -0.8373 0.3904 -0.3827
vn -0.3468 0.1617 -0.9239
vn -0.4226 -0.9063 0.0000
vn -0.8258 0.5639 0.0000
vn -0.8373 0.3904 0.3827
vn -0.8373 0.3905 -0.3827
vn 0.4306 -0.9025 -0.0000
vn -0.3146 0.9304 -0.1878
vn -0.3153 0.9311 0.1836
vn 0.5103 -0.5387 0.6703
vn 0.4908 -0.8712 0.0000
vn 0.9417 -0.3364 0.0000
vn 0.9111 -0.2558 0.3232
vn 0.5923 -0.3773 0.7119
vn -0.2080 0.8976 0.3886
vn -0.2257 0.9411 0.2516
vn -0.6653 0.7465 0.0000
vn -0.6207 0.6975 0.3579
vn 0.0683 -0.9675 0.2433
vn 0.0084 0.0008 0.9999
vn -0.1368 -0.5550 0.8205
vn 0.0024 -0.9701 0.2425
vn 0.0287 0.3716 0.9279
vn -0.1039 0.3868 0.9163
vn -0.9869 -0.1610 0.0000
vn -0.9191 0.3940 0.0000
vn 0.0276 0.7500 -0.6608
vn 0.4504 0.6128 -0.6493
vn 0.7590 0.1462 -0.6344
vn 0.1200 -0.6964 0.7075
vn 0.6334 -0.0202 0.7735
vn 0.0433 0.7082 0.7046
vn -0.6524 -0.0635 0.7552
vn 1.0000 0.0000 0.0000
vn 0.3357 0.9419 0.0000
vn 0.3070 0.9515 0.0172
vn 0.9993 0.0009 0.0380
vn 0.3818 -0.9242 0.0000
vn 0.3572 -0.9339 0.0143
vn -0.9980 -0.0531 0.0325
vn -0.9988 -0.0493 0.0000
vn 0.2428 0.9595 0.1426
vn -0.9560 -0.0613 0.2868
vn 0.3032 -0.9456 0.1175
vn 0.9635 0.0023 0.2675
vn 0.0712 0.9682 0.2397
vn 0.0660 0.9131 -0.4023
vn -0.2080 0.8976 -0.3886
vn -0.1039 0.3868 -0.9163
vn -0.1709 -0.6036 -0.7788
vn -0.5767 -0.5741 -0.5811
vn -0.6948 0.0875 -0.7139
vn -0.2768 0.3297 -0.9026
vn -0.9033 0.3262 -0.2784
vn -0.9613 0.2756 0.0000
vn -0.6207 0.6975 -0.3579
vn 0.0084 0.0008 -0.9999
vn 0.1482 -0.9889 0.0000
vn 0.1482 -0.9137 -0.3784
vn 0.3814 -0.8540 -0.3537
vn 0.3814 -0.9244 0.0000
vn 0.1482 -0.6993 -0.6993
vn 0.3814 -0.6536 -0.6536
vn 0.1482 -0.3784 -0.9137
vn 0.3814 -0.3537 -0.8540
vn 0.1482 0.0000 -0.9889
vn 0.3814 0.0000 -0.9244
vn 0.1482 0.3784 -0.9137
vn 0.3814 0.3537 -0.8540
vn 0.1482 0.6993 -0.6993
vn 0.3814 0.6536 -0.6536
vn 0.1482 0.9137 -0.3784
vn 0.3814 0.8540 -0.3537
vn 0.1482 0.9889 0.0000
vn 0.3814 0.9244 0.0000
vn 0.1482 0.9137 0.3784
vn 0.3814 0.8540 0.3537
vn 0.1482 0.6993 0.6993
vn 0.3814 0.6536 0.6536
vn 0.1482 0.3784 0.9137
vn 0.3814 0.3537 0.8540
vn 0.1482 0.0000 0.9889
vn 0.3814 0.0000 0.9244
vn 0.1482 -0.3784 0.9137
vn 0.3814 -0.3537 0.8540
vn 0.1482 -0.6993 0.6993
vn 0.3814 -0.6536 0.6536
vn 0.8289 0.0000 -0.5594
vn 0.8288 -0.2141 -0.5169
vn 0.1482 -0.9137 0.3784
vn 0.3814 -0.8540 0.3537
vn -0.6657 -0.6894 -0.2855
vn -0.6657 -0.5276 -0.5276
vn -0.6657 -0.7462 0.0000
vn -0.6657 -0.6894 0.2855
vn -0.6657 -0.5276 0.5276
vn -0.6657 -0.2855 0.6894
vn -0.6657 0.0000 0.7462
vn -0.6657 0.2855 0.6894
vn -0.6657 0.5276 0.5276
vn -0.6657 0.6894 0.2855
vn -0.6657 0.7462 0.0000
vn -0.6657 0.6894 -0.2855
vn -0.6657 0.5276 -0.5276
vn -0.6657 0.2855 -0.6894
vn -0.6657 0.0000 -0.7462
vn -0.6657 -0.2855 -0.6894
vn 0.8289 -0.5169 -0.2141
vn 0.8289 -0.3956 -0.3956
vn 0.8288 0.2141 -0.5169
vn 0.8289 0.3956 -0.3956
vn 0.8289 0.5169 -0.2141
vn 0.8289 0.5595 0.0000
vn 0.8288 0.5169 0.2141
vn 0.8289 0.3956 0.3956
vn 0.8289 0.2141 0.5169
vn 0.8289 0.0000 0.5595
vn 0.8289 -0.2141 0.5169
vn 0.8289 -0.3956 0.3956
vn 0.8289 -0.5169 0.2141
vn 0.8289 -0.5595 0.0000
vn 0.7590 0.1462 0.6344
vn 0.4504 0.6128 0.6493
vn 0.0276 0.7500 0.6608
vn 0.1200 -0.6964 -0.7075
vn -0.6524 -0.0635 -0.7552
vn 0.0433 0.7082 -0.7046
vn 0.6334 -0.0202 -0.7735
vn 0.9993 0.0009 -0.0380
vn 0.3070 0.9515 -0.0172
vn -0.9980 -0.0531 -0.0325
vn 0.3572 -0.9339 -0.0143
vn 0.2428 0.9595 -0.1426
vn -0.9560 -0.0613 -0.2868
vn 0.3032 -0.9456 -0.1175
vn 0.9635 0.0023 -0.2675
vn -0.0082 0.9269 0.3751
vn -0.0136 0.9999 0.0000
vn -0.0143 0.9999 0.0000
vn -0.0072 0.9351 0.3542
vn 0.2637 0.9646 0.0000
vn 0.0518 0.9986 0.0000
vn 0.0516 0.9230 0.3812
vn 0.2344 0.9097 0.3427
vn 0.0569 0.5280 0.8473
vn 0.0020 0.5340 0.8455
vn -0.0696 -0.9976 0.0000
vn 0.0137 -0.9999 0.0000
vn 0.0354 -0.8408 0.5402
vn -0.0555 -0.8506 0.5228
vn 0.0492 -0.2480 0.9675
vn -0.0129 -0.2567 0.9664
vn -0.0129 -0.2567 -0.9664
vn 0.0052 0.0876 -0.9961
vn 0.0534 0.0929 -0.9942
vn 0.0492 -0.2480 -0.9675
vn 0.0534 0.0929 0.9942
vn 0.0052 0.0876 0.9961
vn 0.0569 0.5280 -0.8473
vn 0.0516 0.9230 -0.3812
vn 0.2344 0.9097 -0.3427
vn 0.1805 0.5739 -0.7988
vn 0.4904 0.8715 0.0000
vn 0.4276 0.8287 0.3611
vn -0.0555 -0.8506 -0.5228
vn 0.0354 -0.8408 -0.5402
vn 0.4276 0.8287 -0.3611
vn -0.0082 0.9269 -0.3751
vn -0.0072 0.9351 -0.3542
vn -0.0077 0.5481 0.8363
vn -0.0191 0.0925 0.9955
vn -0.0741 -0.2705 -0.9598
vn -0.0191 0.0925 -0.9955
vn 0.3544 -0.9351 0.0000
vn 0.4471 -0.7595 -0.4725
vn 0.8404 -0.4845 -0.2430
vn 0.8336 -0.5523 0.0000
vn 0.8801 -0.1225 0.4586
vn 0.8404 -0.4845 0.2430
vn 0.1973 -0.8376 -0.5094
vn 0.2087 -0.2768 -0.9380
vn 0.4718 -0.2327 -0.8504
vn 0.2087 -0.2768 0.9380
vn 0.1973 -0.8376 0.5094
vn 0.4471 -0.7595 0.4725
vn 0.4718 -0.2327 0.8504
vn 0.3840 0.5607 -0.7335
vn 0.4963 0.8681 0.0000
vn 0.4423 0.8968 0.0000
vn 0.5474 0.7658 -0.3375
vn 0.4720 0.5916 -0.6536
vn 0.1627 -0.9867 0.0000
vn 0.0020 0.5340 -0.8455
vn 0.1805 0.5739 0.7988
vn 0.1214 0.0987 0.9877
vn 0.1061 -0.2618 -0.9592
vn 0.1070 0.0009 -0.9942
vn 0.1208 0.0008 -0.9927
vn 0.1220 0.0038 -0.9925
vn 0.1965 0.0043 -0.9805
vn 0.1241 0.0102 0.9922
vn 0.1070 0.0009 0.9942
vn 0.1208 0.0008 0.9927
vn 0.0498 -0.9987 0.0000
vn 0.0825 -0.8543 -0.5132
vn 0.1061 -0.2619 0.9592
vn 0.0825 -0.8543 0.5132
vn 0.5177 0.2469 -0.8191
vn 0.1241 0.0102 -0.9922
vn 0.1172 0.0274 -0.9927
vn 0.1965 0.0044 0.9805
vn 0.1220 0.0038 0.9925
vn 0.3845 0.5610 0.7330
vn 0.1173 0.0273 0.9927
vn 0.1214 0.0987 -0.9877
vn 0.5177 0.2469 0.8191
vn 0.5474 0.7658 0.3375
vn 0.4720 0.5915 0.6537
vn 0.8694 0.1819 -0.4595
vn 0.8801 -0.1225 -0.4587
vn 0.8640 0.5034 0.0000
vn 0.8228 0.5403 0.1761
vn 0.8694 0.1819 0.4595
vn 0.8228 0.5403 -0.1761
vn -0.1997 -0.9798 0.0000
vn -0.1750 -0.8421 -0.5101
vn -0.0741 -0.2705 0.9598
vn -0.0077 0.5481 -0.8363
vn 0.5453 0.8014 -0.2459
vn 0.3512 0.7270 -0.5900
vn 0.4660 0.8289 -0.3093
vn 0.1705 0.5037 -0.8469
vn 0.3512 0.7270 0.5900
vn 0.5453 0.8014 0.2459
vn 0.4654 0.8291 0.3097
vn 0.1709 0.5032 0.8471
vn 0.6208 0.7825 -0.0464
vn 0.6205 0.7828 0.0464
vn 0.6191 0.7827 0.0638
vn 0.6191 0.7827 -0.0638
vn 0.0907 0.1715 0.9810
vn 0.1750 0.1750 0.9689
vn 0.2682 0.4569 -0.8481
vn 0.1858 0.1661 -0.9684
vn 0.1750 0.1750 -0.9689
vn 0.2682 0.4569 0.8481
vn 0.1858 0.1661 0.9684
vn 0.0905 0.1717 -0.9810
vn 0.0022 1.0000 0.0000
vn 0.0028 0.9489 0.3155
vn -0.0362 0.5861 -0.8094
vn 0.0028 0.9489 -0.3155
vn -0.1750 -0.8421 0.5101
vn -0.2926 -0.8312 0.4726
vn -0.3056 -0.9521 0.0000
vn -0.2926 -0.8312 -0.4726
vn -0.1710 -0.2934 -0.9405
vn -0.0362 0.5861 0.8094
vn -0.0808 0.1065 0.9910
vn -0.0808 0.1065 -0.9910
vn -0.0886 0.6375 -0.7653
vn -0.0028 0.9649 -0.2627
vn -0.3955 -0.8210 0.4118
vn -0.3850 -0.9229 0.0000
vn -0.3955 -0.8210 -0.4118
vn -0.2896 -0.3240 -0.9006
vn -0.0886 0.6375 0.7653
vn -0.1714 0.1299 0.9766
vn -0.1714 0.1299 -0.9766
vn 0.0020 1.0000 0.0000
vn -0.1710 -0.2934 0.9405
vn -0.2896 -0.3240 0.9006
vn -0.6797 0.5373 -0.4993
vn -0.6966 0.6998 -0.1581
vn -0.8268 -0.5203 0.2135
vn -0.8398 -0.5428 0.0000
vn -0.8268 -0.5204 -0.2135
vn -0.7147 -0.2329 -0.6595
vn -0.6798 0.5372 0.4992
vn -0.7180 0.1219 0.6852
vn -0.7181 0.1218 -0.6851
vn -0.6990 0.7151 0.0000
vn -0.7147 -0.2329 0.6595
vn -0.0028 0.9649 0.2627
vn -1.0000 0.0000 0.0000
vn -0.6966 0.6998 0.1581
vn 0.0287 0.3716 -0.9279
vn 0.2079 0.3523 -0.9125
vn 0.3882 0.1413 -0.9107
vn 0.5923 -0.3773 -0.7119
vn 0.4539 -0.4994 -0.7379
vn 0.5000 0.8660 0.0000
vn 0.4591 0.7990 0.3882
vn 0.8672 0.3156 0.3851
vn 0.3882 0.1413 0.9107
vn 0.2079 0.3523 0.9125
vn -0.2768 0.3297 0.9026
vn -0.6948 0.0875 0.7139
vn -0.5767 -0.5741 0.5811
vn 0.0660 0.9131 0.4023
vn 0.4591 0.7990 -0.3882
vn -0.7020 -0.7121 0.0000
vn 0.9111 -0.2558 -0.3232
vn 0.8672 0.3156 -0.3851
vn -0.9033 0.3262 0.2784
vn -0.3571 -0.6188 -0.6997
vn 0.0000 0.1162 -0.9932
vn 0.8521 0.3752 -0.3649
vn -0.0243 0.9997 -0.0034
vn -0.0373 0.6936 0.7194
vn 0.2824 0.4544 0.8449
vn 0.8583 0.3019 0.4149
vn -0.0479 0.4446 0.8944
vn 0.3856 -0.6019 0.6993
vn -0.8945 0.3050 0.3267
vn 0.0000 0.4022 0.9155
vn -0.0373 0.6936 -0.7194
vn -0.3592 0.4253 -0.8307
vn -0.8876 0.2331 -0.3971
vn 0.9373 0.3486 0.0000
vn 0.8583 0.3019 -0.4149
vn 0.2824 0.4544 -0.8449
vn -0.9615 0.2748 0.0000
vn -0.4998 -0.8661 0.0000
vn -0.4739 -0.8072 0.3518
vn -0.8876 0.2331 0.3971
vn -0.4803 -0.8512 0.2116
vn -0.4739 -0.8072 -0.3518
vn 0.5394 -0.8420 0.0000
vn 0.3564 -0.8976 0.2591
vn 0.3876 -0.8654 -0.3176
vn 0.5101 -0.7808 -0.3607
vn -0.2385 -0.9235 0.3003
vn -0.2374 -0.9180 -0.3176
vn -0.1793 -0.9549 -0.2366
vn -0.2374 -0.9180 0.3176
vn 0.3899 -0.8707 -0.2997
vn 0.5192 -0.8293 -0.2066
vn 0.5101 -0.7808 0.3607
vn 0.3876 -0.8654 0.3176
vn 0.2248 -0.3686 -0.9020
vn 0.1851 -0.4268 -0.8852
vn 0.0828 -0.4734 -0.8769
vn 0.2248 -0.3686 0.9020
vn -0.1056 -0.4738 -0.8743
vn -0.2090 -0.3781 -0.9019
vn 0.1362 -0.9470 -0.2908
vn 0.1351 -0.9417 0.3080
vn 0.0853 -0.4918 0.8665
vn 0.3464 -0.6176 0.7060
vn 0.0853 -0.4908 -0.8671
vn -0.2715 -0.6545 -0.7056
vn 0.1361 -0.9474 0.2894
vn 0.1351 -0.9417 -0.3080
vn -0.2236 -0.4150 0.8819
vn 0.0828 -0.4734 0.8769
vn 0.1851 -0.4268 0.8852
vn -0.2090 -0.3781 0.9019
vn -0.1056 -0.4738 0.8743
vn -0.3592 0.4253 0.8307
vn 0.2389 -0.4003 -0.8846
vn 0.1925 -0.4431 -0.8755
vn -0.1103 -0.4917 0.8637
vn 0.0000 0.9667 -0.2557
vn 0.0000 0.9667 0.2557
vn 0.3699 0.8932 0.2557
vn 0.3699 0.8932 -0.2557
vn 0.6836 0.6836 0.2557
vn 0.6836 0.6836 -0.2557
vn 0.8932 0.3699 0.2557
vn 0.8932 0.3699 -0.2557
vn 0.9667 0.0000 0.2557
vn 0.9667 0.0000 -0.2557
vn 0.8932 -0.3699 0.2557
vn 0.8932 -0.3699 -0.2557
vn 0.6836 -0.6836 0.2557
vn 0.6836 -0.6836 -0.2557
vn 0.3699 -0.8932 0.2557
vn 0.3699 -0.8932 -0.2557
vn 0.0000 -0.9667 0.2557
vn 0.0000 -0.9667 -0.2557
vn -0.3699 -0.8932 0.2557
vn -0.3699 -0.8932 -0.2557
vn -0.6836 -0.6836 0.2557
vn -0.6836 -0.6836 -0.2557
vn -0.8932 -0.3699 0.2557
vn -0.8932 -0.3699 -0.2557
vn -0.9667 0.0000 0.2557
vn -0.9667 0.0000 -0.2557
vn -0.8932 0.3699 0.2557
vn -0.8932 0.3699 -0.2557
vn -0.6836 0.6836 0.2557
vn -0.6836 0.6836 -0.2557
vn -0.0400 -0.0967 0.9945
vn 0.0000 -0.1046 0.9945
vn 0.0400 -0.0967 0.9945
vn 0.0740 -0.0740 0.9945
vn 0.0967 -0.0400 0.9945
vn 0.1046 0.0000 0.9945
vn 0.0967 0.0400 0.9945
vn 0.0740 0.0740 0.9945
vn 0.0400 0.0967 0.9945
vn 0.0000 0.1046 0.9945
vn -0.0400 0.0967 0.9945
vn -0.0740 0.0740 0.9945
vn -0.0967 0.0400 0.9945
vn -0.1046 0.0000 0.9945
vn -0.0967 -0.0400 0.9945
vn -0.0740 -0.0740 0.9945
vn -0.3699 0.8932 0.2557
vn -0.3699 0.8932 -0.2557
vn 0.0000 -0.1046 -0.9945
vn -0.0400 -0.0967 -0.9945
vn -0.0740 -0.0740 -0.9945
vn -0.0967 -0.0400 -0.9945
vn -0.1046 0.0000 -0.9945
vn -0.0967 0.0400 -0.9945
vn -0.0740 0.0740 -0.9945
vn -0.0400 0.0967 -0.9945
vn 0.0000 0.1046 -0.9945
vn 0.0400 0.0967 -0.9945
vn 0.0740 0.0740 -0.9945
vn 0.0967 0.0400 -0.9945
vn 0.1046 0.0000 -0.9945
vn 0.0967 -0.0400 -0.9945
vn 0.0740 -0.0740 -0.9945
vn 0.0400 -0.0967 -0.9945
vn 0.1793 0.4329 -0.8834
vn 0.0000 0.4686 -0.8834
vn 0.0000 0.4686 0.8834
vn 0.1793 0.4329 0.8834
vn 0.3313 0.3313 -0.8834
vn 0.3313 0.3313 0.8834
vn 0.4329 0.1793 -0.8834
vn 0.4329 0.1793 0.8834
vn 0.4686 0.0000 -0.8834
vn 0.4686 0.0000 0.8834
vn 0.4329 -0.1793 -0.8834
vn 0.4329 -0.1793 0.8834
vn 0.3313 -0.3313 -0.8834
vn 0.3313 -0.3313 0.8834
vn 0.1793 -0.4329 -0.8834
vn 0.1793 -0.4329 0.8834
vn 0.0000 -0.4686 -0.8834
vn 0.0000 -0.4686 0.8834
vn -0.1793 -0.4329 -0.8834
vn -0.1793 -0.4329 0.8834
vn -0.3313 -0.3313 -0.8834
vn -0.3313 -0.3313 0.8834
vn -0.4329 -0.1793 -0.8834
vn -0.4329 -0.1793 0.8834
vn -0.4686 0.0000 -0.8834
vn -0.4686 0.0000 0.8834
vn -0.4329 0.1793 -0.8834
vn -0.4329 0.1793 0.8834
vn -0.3313 0.3313 -0.8834
vn -0.3313 0.3313 0.8834
vn -0.1793 0.4329 -0.8834
vn -0.1793 0.4329 0.8834
vn 0.0000 0.9362 -0.3515
vn 0.0000 0.9362 0.3515
vn 0.3583 0.8649 0.3515
vn 0.3583 0.8649 -0.3515
vn 0.6619 0.6620 0.3515
vn 0.6619 0.6620 -0.3515
vn 0.8649 0.3583 0.3515
vn 0.8649 0.3583 -0.3515
vn 0.9362 0.0000 0.3515
vn 0.9362 0.0000 -0.3515
vn 0.8649 -0.3583 0.3515
vn 0.8649 -0.3583 -0.3515
vn 0.6619 -0.6620 0.3515
vn 0.6619 -0.6620 -0.3515
vn 0.3583 -0.8649 0.3515
vn 0.3583 -0.8649 -0.3515
vn 0.0000 -0.9362 0.3515
vn 0.0000 -0.9362 -0.3515
vn -0.3583 -0.8649 0.3515
vn -0.3583 -0.8649 -0.3515
vn -0.6619 -0.6620 0.3515
vn -0.6619 -0.6620 -0.3515
vn -0.8649 -0.3583 0.3515
vn -0.8649 -0.3583 -0.3515
vn -0.9362 0.0000 0.3515
vn -0.9362 0.0000 -0.3515
vn -0.8649 0.3583 0.3515
vn -0.8649 0.3583 -0.3515
vn -0.6619 0.6620 0.3515
vn -0.6619 0.6620 -0.3515
vn -0.0256 -0.0619 0.9977
vn 0.0000 -0.0670 0.9977
vn 0.0256 -0.0619 0.9977
vn 0.0474 -0.0474 0.9977
vn 0.0619 -0.0256 0.9977
vn 0.0670 0.0000 0.9977
vn 0.0619 0.0256 0.9977
vn 0.0474 0.0474 0.9977
vn 0.0256 0.0619 0.9977
vn 0.0000 0.0670 0.9977
vn -0.0256 0.0619 0.9977
vn -0.0474 0.0474 0.9977
vn -0.0619 0.0256 0.9977
vn -0.0670 0.0000 0.9977
vn -0.0619 -0.0256 0.9977
vn -0.0474 -0.0474 0.9977
vn -0.3583 0.8649 0.3515
vn -0.3583 0.8649 -0.3515
vn 0.0000 -0.0670 -0.9977
vn -0.0256 -0.0619 -0.9977
vn -0.0474 -0.0474 -0.9977
vn -0.0619 -0.0256 -0.9977
vn -0.0670 0.0000 -0.9977
vn -0.0619 0.0256 -0.9977
vn -0.0474 0.0474 -0.9977
vn -0.0256 0.0619 -0.9977
vn 0.0000 0.0670 -0.9977
vn 0.0256 0.0619 -0.9977
vn 0.0474 0.0474 -0.9977
vn 0.0619 0.0256 -0.9977
vn 0.0670 0.0000 -0.9977
vn 0.0619 -0.0256 -0.9977
vn 0.0474 -0.0474 -0.9977
vn 0.0256 -0.0619 -0.9977
vn 0.1499 0.3618 -0.9201
vn 0.0000 0.3916 -0.9201
vn 0.0000 0.3916 0.9201
vn 0.1499 0.3618 0.9201
vn 0.2769 0.2769 -0.9201
vn 0.2769 0.2769 0.9201
vn 0.3618 0.1499 -0.9201
vn 0.3618 0.1499 0.9201
vn 0.3916 0.0000 -0.9201
vn 0.3916 0.0000 0.9201
vn 0.3618 -0.1499 -0.9201
vn 0.3618 -0.1499 0.9201
vn 0.2769 -0.2769 -0.9201
vn 0.2769 -0.2769 0.9201
vn 0.1499 -0.3618 -0.9201
vn 0.1499 -0.3618 0.9201
vn 0.0000 -0.3916 -0.9201
vn 0.0000 -0.3916 0.9201
vn -0.1499 -0.3618 -0.9201
vn -0.1499 -0.3618 0.9201
vn -0.2769 -0.2769 -0.9201
vn -0.2769 -0.2769 0.9201
vn -0.3618 -0.1499 -0.9201
vn -0.3618 -0.1499 0.9201
vn -0.3916 0.0000 -0.9201
vn -0.3916 0.0000 0.9201
vn -0.3618 0.1499 -0.9201
vn -0.3618 0.1499 0.9201
vn -0.2769 0.2769 -0.9201
vn -0.2769 0.2769 0.9201
vn -0.1499 0.3618 -0.9201
vn -0.1499 0.3618 0.9201
vn -0.8235 -0.5672 0.0000
vn -0.7641 -0.3354 -0.5510
vn -0.6708 -0.5592 -0.4870
vn -0.5013 -0.2200 -0.8368
vn -0.2416 -0.1060 -0.9646
vn -0.0865 -0.4841 -0.8707
vn -0.3704 -0.5517 -0.7472
vn -0.1267 0.3748 -0.9184
vn 0.1013 0.4145 -0.9044
vn 0.4149 -0.2640 -0.8707
vn 0.1701 -0.3876 -0.9060
vn 0.5013 0.2200 -0.8368
vn 0.7641 0.3354 -0.5510
vn 0.8657 0.1153 -0.4870
vn 0.6568 -0.1007 -0.7472
vn 0.9750 0.2223 0.0000
vn -0.1505 -0.9458 -0.2878
vn -0.5260 -0.8293 -0.1885
vn 0.3779 -0.8610 -0.3404
vn 0.1425 -0.9334 -0.3294
vn 0.7980 -0.5294 -0.2878
vn 0.5906 -0.7367 -0.3294
vn 0.9665 -0.1741 -0.1885
vn 0.3779 -0.8610 0.3404
vn 0.1425 -0.9334 0.3294
vn 0.7980 -0.5294 0.2878
vn 0.5906 -0.7367 0.3294
vn 0.9665 -0.1741 0.1885
vn -0.5260 -0.8293 0.1885
vn -0.1505 -0.9458 0.2878
vn -0.6708 -0.5592 0.4870
vn -0.0865 -0.4841 0.8707
vn -0.3704 -0.5517 0.7472
vn 0.4149 -0.2640 0.8707
vn 0.1701 -0.3876 0.9060
vn 0.8657 0.1153 0.4870
vn 0.6568 -0.1007 0.7472
vn 0.1000 0.4174 0.9032
vn -0.1272 0.3756 0.9180
vn 0.7641 0.3354 0.5510
vn 0.5013 0.2200 0.8368
vn -0.5013 -0.2200 0.8368
vn -0.7641 -0.3354 0.5510
vn -0.2416 -0.1060 0.9646
vn -0.5869 -0.2217 0.7787
vn 0.4066 0.1536 0.9006
vn 0.3507 0.9365 0.0000
vn 0.2653 0.9624 0.0587
vn 0.9789 0.0000 0.2044
vn 0.3646 -0.9312 0.0000
vn 0.2838 -0.9570 0.0604
vn -0.9944 -0.0171 -0.1038
vn -0.9998 -0.0172 0.0000
vn -0.6794 0.5998 -0.4226
vn -0.6404 0.7463 0.1816
vn 0.6404 0.7463 0.1816
vn 0.6794 0.5998 -0.4226
vn 0.6404 -0.2921 0.7103
vn 0.6820 -0.6902 0.2416
vn -0.6404 -0.2921 0.7103
vn -0.6820 -0.6902 0.2416
vn 0.6404 0.2921 -0.7103
vn 0.6404 -0.7463 -0.1816
vn -0.6404 -0.7463 -0.1816
vn -0.6404 0.2921 -0.7103
vn -0.6794 -0.5998 0.4226
vn -0.6820 0.6902 -0.2416
vn 0.6794 -0.5998 0.4226
vn 0.6820 0.6902 -0.2416
vn -0.1460 0.9893 0.0000
vn -0.1549 0.8547 -0.4954
vn -0.7174 0.6107 -0.3351
vn -0.7132 0.7009 0.0000
vn -0.0503 -0.9987 0.0000
vn -0.0472 -0.8265 0.5609
vn -0.2162 -0.7816 0.5851
vn -0.2504 -0.9681 0.0000
vn -0.9249 -0.2170 0.3121
vn -0.7482 -0.0288 0.6628
vn -0.7039 0.3068 0.6406
vn -0.7174 0.6107 0.3351
vn -0.9522 -0.3055 0.0000
vn 0.1205 -0.0877 -0.9888
vn 0.1603 0.3062 -0.9383
vn 0.4339 0.2526 -0.8648
vn 0.5049 -0.2038 -0.8388
vn -0.6000 -0.8000 0.0000
vn -0.9249 -0.2170 -0.3121
vn -0.5275 -0.6146 -0.5865
vn 0.5335 -0.8458 0.0000
vn 0.5433 -0.7794 0.3119
vn 0.6617 -0.6682 0.3399
vn 0.7682 -0.6401 0.0000
vn -0.7039 0.3068 -0.6406
vn -0.7482 -0.0288 -0.6628
vn -0.1549 0.8547 0.4954
vn 0.8474 -0.5309 0.0000
vn 0.8494 0.5278 0.0000
vn 0.8475 0.4615 0.2622
vn 0.8264 0.1568 0.5408
vn 0.8288 -0.2803 0.4842
vn 0.8467 -0.4713 0.2467
vn 0.8288 -0.2803 -0.4842
vn 0.8264 0.1568 -0.5408
vn 0.8475 0.4615 -0.2622
vn 0.8467 -0.4713 -0.2467
vn -0.5267 -0.6134 0.5885
vn -0.0388 -0.3410 0.9393
vn -0.0304 -0.0901 0.9955
vn -0.1054 -0.0280 0.9940
vn -0.1246 -0.2781 0.9524
vn 0.5433 -0.7794 -0.3119
vn 0.6617 -0.6682 -0.3399
vn 0.2025 -0.3473 -0.9156
vn 0.4828 -0.2540 -0.8380
vn -0.1266 -0.2844 -0.9503
vn -0.1054 -0.0280 -0.9940
vn -0.0304 -0.0901 -0.9955
vn -0.0392 -0.3502 -0.9358
vn 0.3163 -0.9486 0.0000
vn 0.2882 -0.7926 0.5373
vn -0.1554 0.3283 0.9317
vn -0.3564 -0.1354 0.9244
vn 0.2000 -0.3385 0.9195
vn 0.1206 -0.0877 0.9888
vn -0.3571 -0.1361 -0.9241
vn -0.2172 -0.7852 -0.5799
vn 0.1763 0.8566 -0.4849
vn 0.4503 0.7753 -0.4428
vn 0.5850 -0.6566 0.4760
vn 0.4805 -0.2477 0.8412
vn 0.2893 -0.7971 -0.5300
vn -0.0473 -0.8314 -0.5535
vn 0.9965 -0.0698 0.0452
vn 0.9037 -0.4235 0.0630
vn 0.5050 -0.2038 0.8387
vn 0.9037 -0.4235 -0.0630
vn 0.8083 -0.5888 0.0000
vn 0.9822 0.1686 -0.0824
vn 0.9889 0.0714 -0.1301
vn 0.9895 0.0722 0.1248
vn 0.9812 0.1733 0.0850
vn 0.5861 -0.6611 -0.4684
vn 0.9795 0.2012 0.0000
vn 0.6217 -0.7832 0.0000
vn 0.9965 -0.0698 -0.0452
vn 0.6472 0.6304 0.4285
vn 0.6392 0.2561 0.7251
vn 0.5495 -0.7552 0.3571
vn 0.6458 0.7635 0.0000
vn 0.5495 -0.7552 -0.3571
vn 0.6409 0.2488 -0.7262
vn 0.6455 0.6276 -0.4353
vn 0.4504 0.7753 0.4427
vn 0.4340 0.2526 0.8648
vn 0.4516 0.8922 0.0000
vn 0.8288 -0.2141 0.5169
vn 0.8289 0.0000 0.5594
vn 0.8288 -0.5595 0.0000
vn 0.8289 -0.2141 -0.5169
vn 0.8289 0.0000 -0.5595
vn 0.8289 0.2141 -0.5169
vn 0.8289 0.5169 0.2141
vn 0.8288 0.2141 0.5169
vn 0.1764 0.8566 0.4849
vn -0.0641 0.8686 0.4913
vn -0.0497 0.3065 0.9506
vn 0.1604 0.3062 0.9383
vn -0.1554 0.3283 -0.9317
vn -0.0641 0.8686 -0.4913
vn -0.0497 0.3065 -0.9506
vn 0.1784 0.9839 0.0000
vn -0.0670 0.9977 0.0000
vn -0.9218 -0.3867 0.0258
vn -0.8028 -0.1213 -0.5838
vn 0.7936 -0.1222 -0.5961
vn 0.9307 -0.3645 0.0286
vn 0.6962 -0.3008 0.6518
vn 0.6942 0.2066 -0.6894
vn 0.7009 0.2621 -0.6633
vn 0.7009 -0.2482 0.6686
vn -0.7009 0.2621 -0.6633
vn -0.7009 -0.2482 0.6686
vn -0.5794 0.3460 0.7380
vn -0.5794 0.7505 -0.3178
vn -0.6942 -0.3024 0.6532
vn -0.6970 0.2041 -0.6874
vn 0.5794 0.3460 0.7380
vn 0.5794 0.7505 -0.3178
vn -0.8489 0.4240 0.3155
vn -0.8337 -0.2735 0.4797
vn 0.8429 -0.2705 0.4652
vn 0.8429 0.4318 0.3211
vn 0.6942 0.7172 -0.0596
vn 0.6986 -0.6993 0.1512
vn 0.7009 -0.7055 0.1046
vn 0.7009 0.7031 -0.1193
vn -0.7009 -0.7055 0.1046
vn -0.7009 0.7031 -0.1193
vn -0.5794 0.4661 -0.6686
vn -0.5794 -0.6505 -0.4911
vn -0.6969 0.7148 -0.0577
vn -0.6968 -0.7009 0.1525
vn 0.5794 0.4661 -0.6686
vn 0.5794 -0.6505 -0.4911
vn -0.8676 0.0832 -0.4902
vn -0.8165 0.5769 0.0235
vn 0.8159 0.5777 0.0218
vn 0.8667 0.0846 -0.4916
vn 0.6943 -0.4102 -0.5913
vn 0.6943 0.4937 0.5235
vn 0.7009 0.4433 0.5586
vn 0.7009 -0.4549 -0.5492
vn -0.7009 0.4433 0.5586
vn -0.7009 -0.4549 -0.5492
vn -0.5794 -0.8121 -0.0693
vn -0.5794 -0.1000 0.8089
vn -0.6943 -0.4102 -0.5913
vn -0.6943 0.4937 0.5235
vn 0.5794 -0.8121 -0.0693
vn 0.5794 -0.1000 0.8089
vn 0.1115 -0.7627 0.6370
vn 0.6228 -0.4568 0.6351
vn -0.9212 -0.3890 0.0000
vn 0.1115 -0.7627 -0.6370
vn 0.6228 -0.4568 -0.6351
vn 0.9789 0.0000 -0.2044
vn 0.2653 0.9624 -0.0587
vn -0.9944 -0.0171 0.1038
vn 0.2838 -0.9570 -0.0604
vn -0.6803 0.6004 0.4203
vn 0.6803 0.6004 0.4203
vn 0.6404 0.7463 -0.1816
vn -0.6404 0.7463 -0.1816
vn 0.6811 -0.6918 -0.2398
vn 0.6404 -0.2921 -0.7103
vn -0.6811 -0.6918 -0.2398
vn -0.6404 -0.2921 -0.7103
vn 0.6404 0.2921 0.7103
vn -0.6404 0.2921 0.7103
vn -0.6404 -0.7463 0.1816
vn 0.6404 -0.7463 0.1816
vn -0.6811 0.6918 0.2398
vn -0.6803 -0.6004 -0.4203
vn 0.6803 -0.6004 -0.4203
vn 0.6811 0.6918 0.2398
vn -0.2162 -0.7816 -0.5851
vn -0.0472 -0.8265 -0.5609
vn 0.1205 -0.0877 0.9888
vn 0.5049 -0.2038 0.8388
vn 0.4339 0.2526 0.8648
vn 0.1603 0.3062 0.9383
vn -0.5275 -0.6146 0.5865
vn -0.5267 -0.6134 -0.5885
vn -0.0388 -0.3410 -0.9393
vn -0.1246 -0.2781 -0.9524
vn 0.2025 -0.3473 0.9156
vn 0.4828 -0.2540 0.8380
vn -0.1266 -0.2844 0.9503
vn -0.0392 -0.3502 0.9358
vn 0.2882 -0.7926 -0.5373
vn -0.3564 -0.1354 -0.9244
vn 0.2000 -0.3385 -0.9195
vn 0.1206 -0.0877 -0.9888
vn -0.3571 -0.1361 0.9241
vn -0.2172 -0.7852 0.5799
vn 0.1763 0.8566 0.4849
vn 0.4503 0.7753 0.4428
vn 0.4805 -0.2477 -0.8412
vn 0.5850 -0.6566 -0.4760
vn 0.2893 -0.7971 0.5300
vn -0.0473 -0.8314 0.5535
vn 0.5050 -0.2038 -0.8387
vn 0.9822 0.1686 0.0824
vn 0.9889 0.0714 0.1301
vn 0.9895 0.0722 -0.1248
vn 0.5861 -0.6611 0.4684
vn 0.9812 0.1733 -0.0850
vn 0.9965 -0.0698 0.0451
vn 0.6472 0.6304 -0.4285
vn 0.6392 0.2561 -0.7251
vn 0.6455 0.6276 0.4353
vn 0.6409 0.2488 0.7262
vn 0.4340 0.2526 -0.8648
vn 0.4504 0.7753 -0.4427
vn 0.1764 0.8566 -0.4849
vn 0.1604 0.3062 -0.9383
vn -0.9218 -0.3867 -0.0258
vn 0.9307 -0.3645 -0.0286
vn 0.7936 -0.1222 0.5961
vn -0.8028 -0.1213 0.5838
vn 0.6962 -0.3008 -0.6518
vn 0.7009 -0.2482 -0.6686
vn 0.7009 0.2621 0.6633
vn 0.6942 0.2066 0.6894
vn -0.7009 0.2621 0.6633
vn -0.5794 0.7505 0.3178
vn -0.5794 0.3460 -0.7379
vn -0.7009 -0.2482 -0.6686
vn -0.6942 -0.3024 -0.6532
vn -0.6970 0.2041 0.6874
vn 0.5794 0.3460 -0.7380
vn 0.5794 0.7505 0.3178
vn -0.8489 0.4240 -0.3155
vn 0.8429 0.4318 -0.3211
vn 0.8429 -0.2705 -0.4652
vn -0.8337 -0.2735 -0.4797
vn 0.6942 0.7172 0.0596
vn 0.7009 0.7031 0.1193
vn 0.7009 -0.7055 -0.1046
vn 0.6986 -0.6993 -0.1512
vn -0.7009 -0.7055 -0.1046
vn -0.5794 -0.6505 0.4911
vn -0.5794 0.4661 0.6686
vn -0.7009 0.7031 0.1193
vn -0.6969 0.7148 0.0577
vn -0.6968 -0.7009 -0.1525
vn 0.5794 0.4661 0.6686
vn 0.5794 -0.6505 0.4911
vn -0.8676 0.0832 0.4902
vn 0.8667 0.0846 0.4916
vn 0.8159 0.5777 -0.0218
vn -0.8165 0.5769 -0.0235
vn 0.6943 -0.4102 0.5913
vn 0.7009 -0.4549 0.5492
vn 0.7009 0.4433 -0.5586
vn 0.6943 0.4937 -0.5235
vn -0.7009 0.4433 -0.5586
vn -0.5794 -0.1000 -0.8089
vn -0.5794 -0.8121 0.0693
vn -0.7009 -0.4549 0.5492
vn -0.6943 -0.4102 0.5913
vn -0.6943 0.4937 -0.5235
vn 0.5794 -0.8121 0.0693
vn 0.5794 -0.1000 -0.8089
vn 0.1931 0.1957 0.9615
vn 0.1735 0.2148 0.9611
vn 0.1544 0.1272 0.9798
vn 0.1162 0.1931 0.9743
vn 0.1047 0.4699 -0.8765
vn 0.1019 0.1724 -0.9797
vn 0.1674 0.1391 -0.9760
vn 0.2238 0.4118 -0.8834
vn 0.1047 0.4699 0.8765
vn 0.1019 0.1724 0.9797
vn 0.2684 0.6626 0.6992
vn 0.2615 0.3771 0.8885
vn 0.2684 0.6626 -0.6992
vn 0.2615 0.3771 -0.8885
vn 0.1931 0.1957 -0.9615
vn 0.1735 0.2148 -0.9611
vn 0.1162 0.1931 -0.9743
vn 0.2034 0.5166 -0.8317
vn 0.2715 0.6943 -0.6665
vn 0.1544 0.1272 -0.9798
vn 0.2238 0.4118 0.8834
vn 0.2715 0.6943 0.6665
vn 0.2034 0.5166 0.8317
vn 0.1674 0.1391 0.9760
usemtl fusAll
s off
f 748/1/1 749/2/1 750/3/1
f 282/4/2 751/5/2 752/6/2
f 282/4/3 759/7/3 760/8/3 751/5/3
f 1098/9/4 1099/10/4 1100/11/4 1097/12/4
f 1098/9/4 1097/12/4 1101/13/4 1102/14/4
f 1103/15/5 1104/16/5 1105/17/5 1106/18/5
f 1103/15/5 1107/19/5 1108/20/5 1104/16/5
f 1097/12/6 1100/11/6 1105/17/6 1104/16/6
f 1099/10/7 1098/9/7 1103/15/7 1106/18/7
f 1101/13/8 1097/12/8 1104/16/8 1108/20/8
f 1102/14/9 1101/13/9 1108/20/9 1107/19/9
f 1100/11/10 1099/10/10 1106/18/10 1105/17/10
f 1098/9/11 1102/14/11 1107/19/11 1103/15/11
f 1110/21/4 1111/22/4 1112/23/4 1109/24/4
f 1110/21/4 1109/24/4 1113/25/4 1114/26/4
f 1115/27/5 1116/28/5 1117/29/5 1118/30/5
f 1115/27/5 1119/31/5 1120/32/5 1116/28/5
f 1109/24/6 1112/23/6 1117/29/6 1116/28/6
f 1111/22/7 1110/21/7 1115/27/7 1118/30/7
f 1113/25/8 1109/24/8 1116/28/8 1120/32/8
f 1114/26/9 1113/25/9 1120/32/9 1119/31/9
f 1112/23/10 1111/22/10 1118/30/10 1117/29/10
f 1110/21/11 1114/26/11 1119/31/11 1115/27/11
f 1110/21/10 1109/24/10 1104/16/10 1103/15/10
f 1103/15/11 1107/19/11 1114/26/11 1110/21/11
f 1108/20/9 1113/25/9 1114/26/9 1107/19/9
f 1104/16/8 1109/24/8 1113/25/8 1108/20/8
f 1123/33/12 1124/34/12 1122/35/12 1121/36/12
f 1121/36/13 1113/25/13 1114/26/13 1122/35/13
f 1107/19/14 1124/34/14 1122/35/14
f 1107/19/14 1122/35/14 1114/26/14
f 1121/36/15 1123/33/15 1108/20/15
f 1121/36/15 1108/20/15 1113/25/15
f 1123/33/16 1124/34/16 1107/19/16 1108/20/16
f 1125/37/17 1126/38/17 1128/39/17 1127/40/17
f 1127/40/18 1128/39/18 1130/41/18 1129/42/18
f 1129/42/19 1130/41/19 1132/43/19 1131/44/19
f 1131/44/4 1132/43/4 1134/45/4 1133/46/4
f 1133/46/20 1134/45/20 1136/47/20 1135/48/20
f 1135/48/21 1136/47/21 1138/49/21 1137/50/21
f 1128/39/22 1126/38/22 1140/51/22 1138/49/22 1136/47/22 1134/45/22 1132/43/22 1130/41/22
f 1137/50/23 1138/49/23 1140/51/23 1139/52/23
f 1139/52/5 1140/51/5 1126/38/5 1125/37/5
f 1125/37/24 1127/40/24 1129/42/24 1131/44/24 1133/46/24 1135/48/24 1137/50/24 1139/52/24
f 1156/53/4 1154/54/4 1152/55/4 1150/56/4 1148/57/4 1146/58/4 1144/59/4 1142/60/4
f 1156/53/25 1155/61/25 1153/62/25 1154/54/25
f 1154/54/26 1153/62/26 1151/63/26 1152/55/26
f 1142/60/27 1141/64/27 1155/61/27 1156/53/27
f 1153/62/5 1155/61/5 1141/64/5 1143/65/5 1145/66/5 1147/67/5 1149/68/5 1151/63/5
f 1144/59/28 1143/65/28 1141/64/28 1142/60/28
f 1152/55/29 1151/63/29 1149/68/29 1150/56/29
f 1148/57/30 1147/67/30 1145/66/30 1146/58/30
f 1146/58/31 1145/66/31 1143/65/31 1144/59/31
f 1169/69/5 1164/70/5 1168/71/5 1158/72/5
f 1159/73/5 1160/74/5 1164/70/5 1163/75/5
f 1164/70/32 1162/76/32 1165/77/32 1168/71/32
f 1161/78/4 1162/76/4 1167/79/4 1166/80/4
f 1159/73/33 1163/75/33 1161/78/33 1166/80/33
f 1164/70/34 1160/74/34 1167/79/34 1162/76/34
f 1166/80/32 1167/79/32 1160/74/32 1159/73/32
f 1170/81/35 1169/69/35 1158/72/35 1157/82/35
f 1162/76/4 1170/81/4 1157/82/4 1165/77/4
f 1168/71/34 1165/77/34 1157/82/34 1158/72/34
f 1150/56/36 1149/68/36 1147/67/36 1148/57/36
f 1163/75/5 1164/70/5 1169/69/5 1171/83/5 1172/84/5
f 1162/76/4 1161/78/4 1173/85/4 1174/86/4 1170/81/4
f 1171/83/37 1169/69/37 1170/81/37 1174/86/37
f 1173/85/38 1172/84/38 1171/83/38 1174/86/38
f 1161/78/39 1163/75/39 1172/84/39 1173/85/39
f 1175/87/40 1176/88/40 1178/89/40 1177/90/40
f 1177/90/41 1178/89/41 1180/91/41 1179/92/41
f 1179/92/42 1180/91/42 1182/93/42 1181/94/42
f 1181/94/43 1182/93/43 1184/95/43 1183/96/43
f 1183/96/44 1184/95/44 1186/97/44 1185/98/44
f 1185/98/45 1186/97/45 1188/99/45 1187/100/45
f 1178/89/46 1176/88/46 1190/101/46 1188/99/46 1186/97/46 1184/95/46 1182/93/46 1180/91/46
f 1187/100/47 1188/99/47 1190/101/47 1189/102/47
f 1189/102/48 1190/101/48 1176/88/48 1175/87/48
f 1175/87/49 1177/90/49 1179/92/49 1181/94/49 1183/96/49 1185/98/49 1187/100/49 1189/102/49
f 1190/101/50 1158/72/50 1157/82/50 1186/97/50
f 1206/103/4 1204/104/4 1202/105/4 1200/106/4 1198/107/4 1196/108/4 1194/109/4 1192/110/4
f 1206/103/25 1205/111/25 1203/112/25 1204/104/25
f 1204/104/26 1203/112/26 1201/113/26 1202/105/26
f 1192/110/27 1191/114/27 1205/111/27 1206/103/27
f 1203/112/5 1205/111/5 1191/114/5 1193/115/5 1195/116/5 1197/117/5 1199/118/5 1201/113/5
f 1194/109/28 1193/115/28 1191/114/28 1192/110/28
f 1202/105/29 1201/113/29 1199/118/29 1200/106/29
f 1198/107/30 1197/117/30 1195/116/30 1196/108/30
f 1196/108/31 1195/116/31 1193/115/31 1194/109/31
f 1219/119/5 1214/120/5 1218/121/5 1208/122/5
f 1209/123/5 1210/124/5 1214/120/5 1213/125/5
f 1214/120/32 1212/126/32 1215/127/32 1218/121/32
f 1211/128/4 1212/126/4 1217/129/4 1216/130/4
f 1209/123/33 1213/125/33 1211/128/33 1216/130/33
f 1214/120/34 1210/124/34 1217/129/34 1212/126/34
f 1216/130/32 1217/129/32 1210/124/32 1209/123/32
f 1220/131/35 1219/119/35 1208/122/35 1207/132/35
f 1212/126/4 1220/131/4 1207/132/4 1215/127/4
f 1218/121/34 1215/127/34 1207/132/34 1208/122/34
f 1200/106/36 1199/118/36 1197/117/36 1198/107/36
f 1213/125/5 1214/120/5 1219/119/5 1221/133/5 1222/134/5
f 1212/126/4 1211/128/4 1223/135/4 1224/136/4 1220/131/4
f 1221/133/37 1219/119/37 1220/131/37 1224/136/37
f 1223/135/38 1222/134/38 1221/133/38 1224/136/38
f 1211/128/39 1213/125/39 1222/134/39 1223/135/39
f 1225/137/40 1226/138/40 1228/139/40 1227/140/40
f 1227/140/41 1228/139/41 1230/141/41 1229/142/41
f 1229/142/42 1230/141/42 1232/143/42 1231/144/42
f 1231/144/43 1232/143/43 1234/145/43 1233/146/43
f 1233/146/44 1234/145/44 1236/147/44 1235/148/44
f 1235/148/51 1236/147/51 1238/149/51 1237/150/51
f 1228/139/46 1226/138/46 1240/151/46 1238/149/46 1236/147/46 1234/145/46 1232/143/46 1230/141/46
f 1237/150/52 1238/149/52 1240/151/52 1239/152/52
f 1239/152/48 1240/151/48 1226/138/48 1225/137/48
f 1225/137/49 1227/140/49 1229/142/49 1231/144/49 1233/146/49 1235/148/49 1237/150/49 1239/152/49
f 1240/151/50 1208/122/50 1207/132/50 1236/147/50
f 1127/40/53 1129/42/53 1123/33/53 1121/36/53
f 1241/153/54 1140/51/54 1126/38/54 1281/154/54
f 1275/155/55 1274/156/55 1132/43/55 1134/45/55
s 1
f 748/1/56 702/157/57 703/158/58 714/159/59 715/160/60
f 706/161/61 279/162/62 704/163/63 727/164/64
f 280/165/65 736/166/66 734/167/67 278/168/68
f 736/166/66 708/169/69 707/170/70 734/167/67
f 231/171/71 230/172/72 238/173/73 239/174/74 232/175/75
f 251/176/76 250/177/77 253/178/78 252/179/79
f 1091/180/80 1090/181/81 244/182/82 248/183/83
f 1089/184/84 243/185/85 242/186/86 1092/187/87
f 1090/181/81 506/188/81 504/189/87 1092/190/87
f 245/191/88 247/192/89 252/193/79 253/194/78
f 242/186/86 243/185/85 246/195/90 247/196/89
f 244/182/82 242/197/86 247/192/89 245/191/88
f 248/183/83 244/182/82 245/191/88 249/198/91
f 243/185/85 248/199/83 249/200/91 246/195/90
f 1089/184/84 1091/201/80 248/199/83 243/185/85
f 246/195/90 249/200/91 250/177/77 251/176/76
f 247/196/89 246/195/90 251/176/76 252/179/79
f 249/198/91 245/191/88 253/194/78 250/202/77
f 278/168/68 280/165/65 281/203/92 279/162/62
f 712/204/93 711/205/94 279/162/62 281/203/92
f 710/206/95 282/4/96 699/207/97 731/208/98 732/209/99
f 730/210/100 705/211/101 704/163/63 733/212/102
f 280/165/65 278/168/68 282/4/96 735/213/103
f 279/162/62 711/205/94 733/212/102 704/163/63
f 357/214/104 359/215/105 360/216/106 358/217/107
f 359/215/105 361/218/108 362/219/109 360/216/106
f 361/218/108 363/220/110 364/221/111 362/219/109
f 363/220/110 365/222/112 366/223/113 364/221/111
f 365/222/112 367/224/114 368/225/115 366/223/113
f 367/224/114 369/226/116 370/227/117 368/225/115
f 369/226/116 371/228/118 372/229/119 370/227/117
f 371/228/118 373/230/120 374/231/121 372/229/119
f 373/230/120 375/232/122 376/233/123 374/231/121
f 375/232/122 377/234/124 378/235/125 376/233/123
f 377/234/124 379/236/126 380/237/127 378/235/125
f 379/236/126 381/238/128 382/239/129 380/237/127
f 381/238/128 383/240/130 384/241/131 382/239/129
f 383/240/130 385/242/132 386/243/133 384/241/131
f 366/223/113 409/244/134 408/245/135 364/221/111
f 385/242/132 387/246/136 388/247/137 386/243/133
f 387/246/136 357/214/104 358/217/107 388/247/137
f 359/215/105 390/248/138 391/249/139 361/218/108
f 389/250/140 404/251/141 403/252/142 402/253/143 401/254/144 400/255/145 399/256/146 398/257/147 397/258/148 396/259/149 395/260/150 394/261/151 393/262/152 392/263/153 391/249/139 390/248/138
f 369/226/116 395/260/150 396/259/149 371/228/118
f 379/236/126 400/255/145 401/254/144 381/238/128
f 365/222/112 393/262/152 394/261/151 367/224/114
f 375/232/122 398/257/147 399/256/146 377/234/124
f 385/242/132 403/252/142 404/251/141 387/246/136
f 361/218/108 391/249/139 392/263/153 363/220/110
f 371/228/118 396/259/149 397/258/148 373/230/120
f 357/214/104 389/250/140 390/248/138 359/215/105
f 381/238/128 401/254/144 402/253/143 383/240/130
f 367/224/114 394/261/151 395/260/150 369/226/116
f 377/234/124 399/256/146 400/255/145 379/236/126
f 387/246/136 404/251/141 389/250/140 357/214/104
f 363/220/110 392/263/153 393/262/152 365/222/112
f 373/230/120 397/258/148 398/257/147 375/232/122
f 383/240/130 402/253/143 403/252/142 385/242/132
f 405/264/154 407/265/155 408/245/135 409/244/134 410/266/156 411/267/157 412/268/158 413/269/159 414/270/160 415/271/161 416/272/162 417/273/163 418/274/164 419/275/165 420/276/166 406/277/167
f 376/233/123 414/270/160 413/269/159 374/231/121
f 386/243/133 419/275/165 418/274/164 384/241/131
f 362/219/109 407/265/155 405/264/154 360/216/106
f 372/229/119 412/268/158 411/267/157 370/227/117
f 382/239/129 417/273/163 416/272/162 380/237/127
f 368/225/115 410/266/156 409/244/134 366/223/113
f 378/235/125 415/271/161 414/270/160 376/233/123
f 388/247/137 420/276/166 419/275/165 386/243/133
f 364/221/111 408/245/135 407/265/155 362/219/109
f 374/231/121 413/269/159 412/268/158 372/229/119
f 360/216/106 405/264/154 406/277/167 358/217/107
f 384/241/131 418/274/164 417/273/163 382/239/129
f 370/227/117 411/267/157 410/266/156 368/225/115
f 380/237/127 416/272/162 415/271/161 378/235/125
f 358/217/107 406/277/167 420/276/166 388/247/137
f 493/278/71 494/279/168 501/280/169 500/281/170 492/282/72
f 517/283/171 518/284/172 519/285/173 516/286/174
f 1095/287/80 514/288/175 509/289/176 1094/290/81
f 1093/291/84 1096/292/87 507/293/177 508/294/178
f 1094/290/81 1096/295/87 504/189/87 506/188/81
f 510/296/179 519/297/173 518/298/172 512/299/180
f 507/293/177 512/300/180 511/301/181 508/294/178
f 509/289/176 510/296/179 512/299/180 507/302/177
f 514/288/175 515/303/182 510/296/179 509/289/176
f 508/294/178 511/301/181 515/304/182 514/305/175
f 1093/291/84 508/294/178 514/305/175 1095/306/80
f 511/301/181 517/283/171 516/286/174 515/304/182
f 512/300/180 518/284/172 517/283/171 511/301/181
f 515/303/182 516/307/174 519/297/173 510/296/179
f 521/308/183 577/309/184 653/310/185 652/311/186
f 584/312/187 588/313/188 525/314/189 548/315/190
f 544/316/191 525/314/189 521/308/183 530/317/192
f 576/318/193 578/319/194 524/320/195 520/321/196
f 588/313/188 577/309/184 521/308/183 525/314/189
f 524/320/195 535/322/197 528/323/198 520/321/196
f 533/324/199 532/325/200 545/326/201 534/327/202
f 543/328/203 544/316/191 530/317/192 529/329/204
f 546/330/205 541/331/206 547/332/207 604/333/208
f 624/334/209 584/312/187 548/315/190 599/335/210
f 522/336/211 533/324/199 534/327/202 526/337/212
f 604/333/208 547/332/207 593/338/213
f 577/339/184 523/340/214 654/341/215 653/342/185
f 529/329/204 530/317/192 651/343/216 658/344/217
f 532/325/200 533/324/199 655/345/218 660/346/219
f 582/347/220 537/348/221 565/349/222 583/350/223
f 583/350/223 587/351/80 567/352/224 566/353/225
f 552/354/226 551/355/227 536/356/228 537/357/221
f 549/358/229 553/359/230 538/360/231 539/361/232
f 595/362/233 619/363/234 589/364/235 564/365/236 563/366/237
f 585/367/238 552/354/226 537/357/221 582/368/220
f 532/325/200 531/369/239 546/330/205 545/326/201
f 548/315/190 525/314/189 544/316/191 607/370/240
f 606/371/241 607/370/240 544/316/191 543/328/203
f 557/372/242 554/373/243 572/374/244 574/375/245 527/376/246 551/355/227
f 531/369/239 523/340/214 541/331/206 546/330/205
f 528/323/198 535/322/197 543/328/203 529/329/204
f 614/377/247 606/371/241 550/378/248 573/379/249
f 586/380/250 555/381/251 552/354/226 585/367/238
f 556/382/252 558/383/253 553/359/230 549/358/229
f 555/381/251 557/372/242 551/355/227 552/354/226
f 551/355/227 527/376/246 595/384/233 563/385/237 562/386/254 536/356/228
f 572/374/244 612/387/255 617/388/256 574/375/245
f 526/337/212 534/327/202 557/372/242 555/381/251
f 535/322/197 524/320/195 558/383/253 556/382/252
f 578/389/194 526/337/212 555/381/251 586/380/250
f 542/390/257 575/391/258 573/379/249 550/378/248 556/382/252 549/358/229
f 600/392/259 616/393/260 575/391/258 542/390/257
f 606/371/241 543/328/203 535/322/197 556/382/252 550/378/248
f 545/326/201 546/330/205 604/333/208 609/394/261
f 559/395/262 560/396/263 561/397/264
f 619/363/234 600/398/259 561/399/264 560/400/263 589/364/235
f 562/386/254 563/385/237 564/401/236
f 536/402/228 562/403/254 571/404/265 540/405/266
f 587/351/80 590/406/267 569/407/268 568/408/269 567/352/224
f 560/409/263 559/410/262 568/408/269 569/407/268
f 589/411/235 560/409/263 569/407/268 590/406/267
f 562/403/254 564/412/236 570/413/270 571/404/265
f 539/414/232 538/415/231 566/353/225 567/352/224
f 559/410/262 539/414/232 567/352/224 568/408/269
f 537/348/221 536/402/228 540/405/266 565/349/222
f 554/373/243 609/394/261 612/387/255 572/374/244
f 534/327/202 545/326/201 609/394/261 554/373/243 557/372/242
f 600/392/259 542/390/257 549/358/229 539/361/232 559/395/262 561/397/264
f 616/393/260 614/377/247 573/379/249 575/391/258
f 524/320/195 578/319/194 586/416/250 558/383/253
f 558/383/253 586/416/250 585/417/238 553/359/230
f 553/359/230 585/417/238 582/418/220 538/360/231
f 565/349/222 540/405/266 587/351/80 583/350/223
f 538/415/231 582/347/220 583/350/223 566/353/225
f 522/336/211 576/419/193 649/420/271 656/421/272
f 530/317/192 521/308/183 652/311/186 651/343/216
f 528/323/198 529/329/204 658/344/217 657/422/273
f 574/375/245 617/388/256 595/384/233 527/376/246
f 541/331/206 523/340/214 577/339/184 588/423/188
f 522/336/211 526/337/212 578/389/194 576/419/193
f 547/332/207 541/331/206 588/423/188 584/424/187
f 531/369/239 532/325/200 660/346/219 659/425/274
f 564/412/236 589/411/235 590/406/267 570/413/270
f 599/335/210 548/315/190 607/370/240
f 540/405/266 571/404/265 570/413/270 590/406/267 587/351/80
f 591/426/275 632/427/276 593/338/213
f 594/428/277 595/384/233 631/429/278
f 627/430/279 598/431/280 599/335/210
f 600/392/259 601/432/281 625/433/282
f 619/434/234 620/435/283 621/436/284
f 622/437/285 623/438/286 624/439/209
f 625/433/282 626/440/287 616/393/260 600/392/259
f 591/426/275 594/428/277 631/429/278 632/427/276
f 627/430/279 625/433/282 601/432/281 598/431/280
f 621/441/284 601/432/281 600/392/259 619/442/234
f 624/334/209 599/335/210 598/431/280 622/443/285
f 626/440/287 628/444/288 614/377/247 616/393/260
f 604/333/208 593/338/213 632/427/276 633/445/289
f 634/446/290 635/447/291 612/387/255 609/394/261
f 599/335/210 607/370/240 629/448/292 627/430/279
f 607/370/240 606/371/241 630/449/293 629/448/292
f 633/445/289 634/446/290 609/394/261 604/333/208
f 636/450/294 631/429/278 595/384/233 617/388/256
f 628/444/288 630/449/293 606/371/241 614/377/247
f 635/447/291 636/450/294 617/388/256 612/387/255
f 594/428/277 620/435/283 619/434/234 595/384/233
f 593/338/213 624/439/209 623/438/286 591/426/275
f 622/437/285 621/436/284 620/435/283 623/438/286
f 593/338/213 547/332/207 584/424/187 624/439/209
f 652/311/186 653/310/185 665/451/295 664/452/296
f 654/341/215 659/425/274 671/453/297 666/454/298
f 649/455/271 650/456/299 580/457/300 581/458/301
f 655/345/218 656/421/272 668/459/302 667/460/303
f 656/421/272 649/420/271 581/461/301 668/459/302
f 658/344/217 651/343/216 579/462/304 670/463/305
f 660/346/219 655/345/218 667/460/303 672/464/306
f 653/342/185 654/341/215 666/454/298 665/465/295
f 523/340/214 531/369/239 659/425/274 654/341/215
f 533/324/199 522/336/211 656/421/272 655/345/218
f 520/321/196 528/323/198 657/422/273 650/456/299
f 576/318/193 520/321/196 650/456/299 649/455/271
f 666/454/298 671/453/297 683/466/307 678/467/308
f 581/458/301 580/457/300 662/468/309 661/469/310
f 667/460/303 668/459/302 680/470/311 679/471/312
f 668/459/302 581/461/301 661/472/310 680/470/311
f 670/463/305 579/462/304 663/473/313 682/474/314
f 672/464/306 667/460/303 679/471/312 684/475/315
f 665/465/295 666/454/298 678/467/308 677/476/316
f 669/477/317 670/463/305 682/474/314 681/478/318
f 650/456/299 657/422/273 669/477/317 580/457/300
f 651/343/216 652/311/186 664/452/296 579/462/304
f 659/425/274 660/346/219 672/464/306 671/453/297
f 657/422/273 658/344/217 670/463/305 669/477/317
f 678/467/308 683/466/307 692/479/319 687/480/320
f 661/469/310 662/468/309 674/481/321 675/482/322
f 679/471/312 680/470/311 689/483/323 688/484/324
f 680/470/311 661/472/310 675/485/322 689/483/323
f 682/474/314 663/473/313 673/486/325 691/487/326
f 684/475/315 679/471/312 688/484/324 693/488/327
f 677/476/316 678/467/308 687/480/320 686/489/328
f 681/478/318 682/474/314 691/487/326 690/490/329
f 664/452/296 665/451/295 677/491/316 676/492/330
f 580/457/300 669/477/317 681/478/318 662/468/309
f 579/462/304 664/452/296 676/492/330 663/473/313
f 671/453/297 672/464/306 684/475/315 683/466/307
f 696/493/331 686/489/328 687/480/320 692/479/319
f 675/485/322 694/494/331 688/484/324 689/483/323
f 694/494/331 695/495/331 693/488/327 688/484/324
f 695/495/331 696/493/331 692/479/319 693/488/327
f 691/487/326 673/486/325 696/496/331 695/497/331
f 690/490/329 691/487/326 695/497/331 694/498/331
f 674/481/321 690/490/329 694/498/331 675/482/322
f 673/499/325 685/500/332 686/489/328 696/493/331
f 676/492/330 677/491/316 686/501/328 685/502/332
f 662/468/309 681/478/318 690/490/329 674/481/321
f 663/473/313 676/492/330 685/502/332 673/486/325
f 683/466/307 684/475/315 693/488/327 692/479/319
f 735/213/103 713/503/333 722/504/334 724/505/335 720/506/336 744/507/337
f 701/508/338 719/509/339 717/510/340 700/511/37
f 280/165/65 735/213/103 744/507/337 702/157/57
f 708/169/69 736/166/66 748/1/56 715/160/60 716/512/341 718/513/342
f 736/166/66 280/165/65 702/157/57 748/1/56
f 734/167/67 707/170/70 726/514/343 728/515/344 698/516/345
f 735/213/103 282/4/96 710/206/95 713/503/333
f 281/203/92 709/517/346 719/509/339 701/508/338
f 712/204/93 281/203/92 701/508/338 723/518/347
f 282/4/96 278/168/68 697/519/348 699/207/97
f 278/168/68 734/167/67 698/516/345 697/519/348
f 703/158/58 700/511/37 717/510/340 714/159/59
f 720/506/336 721/520/349 703/158/58 702/157/57 744/507/337
f 703/158/58 721/520/349 725/521/350 700/511/37
f 727/164/64 704/163/63 705/211/101 729/522/351
f 698/516/345 728/515/344 729/522/351 705/211/101 697/519/348
f 699/207/97 697/519/348 705/211/101 730/210/100 731/208/98
f 700/511/37 725/521/350 723/518/347 701/508/338
f 709/517/346 706/161/61 707/170/70 708/169/69
f 713/503/333 710/206/95 711/205/94 712/204/93
f 718/513/342 716/512/341 717/510/340 719/509/339
f 724/505/335 722/504/334 723/518/347 725/521/350
f 728/515/344 726/514/343 727/164/64 729/522/351
f 732/209/99 731/208/98 730/210/100 733/212/102
f 720/506/336 724/505/335 725/521/350 721/520/349
f 716/512/341 715/160/60 714/159/59 717/510/340
f 722/504/334 713/503/333 712/204/93 723/518/347
f 708/169/69 718/513/342 719/509/339 709/517/346
f 710/206/95 732/209/99 733/212/102 711/205/94
f 726/514/343 707/170/70 706/161/61 727/164/64
f 709/517/346 281/203/92 279/162/62 706/161/61
f 735/213/103 737/523/5 759/7/352 282/4/96 752/6/353
f 743/524/354 745/525/355 735/213/103 741/526/356 787/527/357 788/528/358
f 748/1/56 750/3/359 736/166/66 738/529/4 757/530/360
f 746/531/361 747/532/362 736/166/66 740/533/363 779/534/364 780/535/365
f 736/166/66 750/3/359 749/2/366 773/536/367 774/537/368 740/533/363
f 744/507/337 735/213/103 745/525/355
f 751/5/369 760/8/370 793/538/371 791/539/372
f 755/540/373 746/531/361 780/535/365 778/541/374
f 758/542/375 765/543/376 781/544/377 775/545/378
f 764/546/379 755/540/373 778/541/374 785/547/380
f 760/8/370 769/548/381 795/549/382 793/538/371
f 762/550/383 753/551/384 790/552/385 799/553/386
f 776/554/387 782/555/388 784/556/389 739/557/5
f 787/527/357 741/526/356 742/558/4 789/559/390
f 739/557/5 784/556/389 786/560/391 777/561/392
f 740/533/363 739/557/5 777/561/392 779/534/364
f 769/548/381 768/562/393 797/563/394 795/549/382
f 735/213/103 282/4/96 752/6/353
f 749/2/366 758/542/375 775/545/378 773/536/367
f 757/530/360 738/529/4 771/564/395 766/565/396
f 737/523/5 767/566/397 770/567/398 759/7/352
f 765/543/376 772/568/399 783/569/400 781/544/377
f 748/1/56 736/166/66 750/3/359
f 736/166/66 747/532/362 734/167/67 756/570/401 738/529/4
f 789/559/390 742/558/4 798/571/402 800/572/403
f 742/558/4 794/573/404 796/574/405 798/571/402
f 741/526/356 792/575/406 794/573/404 742/558/4
f 768/562/393 762/550/383 799/553/386 797/563/394
f 736/166/66 734/167/67 747/532/362
f 774/537/368 776/554/387 739/557/5 740/533/363
f 754/576/407 761/577/408 767/566/397 737/523/5
f 738/529/4 756/570/401 763/578/409 771/564/395
f 735/213/103 752/6/353 751/5/369 791/539/372 792/575/406 741/526/356
f 745/525/355 744/507/337 754/576/407 737/523/5 735/213/103
f 772/568/399 764/546/379 785/547/380 783/569/400
f 743/524/354 744/507/337 745/525/355
f 746/531/361 734/167/67 747/532/362
f 754/576/407 744/507/337 743/524/354 753/551/384
f 758/542/375 749/2/366 748/1/56 757/530/360
f 746/531/361 755/540/373 756/570/401 734/167/67
f 770/567/398 767/566/397 768/562/393 769/548/381
f 766/565/396 771/564/395 772/568/399 765/543/376
f 764/546/379 772/568/399 771/564/395 763/578/409
f 767/566/397 761/577/408 762/550/383 768/562/393
f 765/543/376 758/542/375 757/530/360 766/565/396
f 755/540/373 764/546/379 763/578/409 756/570/401
f 759/7/352 770/567/398 769/548/381 760/8/370
f 761/577/408 754/576/407 753/551/384 762/550/383
f 776/554/387 774/537/368 773/536/367 775/545/378
f 779/534/364 777/561/392 778/541/374 780/535/365
f 782/555/388 776/554/387 775/545/378 781/544/377
f 781/544/377 783/569/400 784/556/389 782/555/388
f 786/560/391 784/556/389 783/569/400 785/547/380
f 777/561/392 786/560/391 785/547/380 778/541/374
f 790/552/385 788/528/358 787/527/357 789/559/390
f 791/539/372 793/538/371 794/573/404 792/575/406
f 793/538/371 795/549/382 796/574/405 794/573/404
f 795/549/382 797/563/394 798/571/402 796/574/405
f 797/563/394 799/553/386 800/572/403 798/571/402
f 799/553/386 790/552/385 789/559/390 800/572/403
f 753/551/384 743/524/354 788/528/358 790/552/385
f 833/579/410 836/580/411 835/581/412 834/582/413
f 834/582/413 835/581/412 838/583/414 837/584/415
f 837/584/415 838/583/414 840/585/416 839/586/417
f 839/586/417 840/585/416 842/587/418 841/588/419
f 841/588/419 842/587/418 844/589/420 843/590/421
f 843/590/421 844/589/420 846/591/422 845/592/423
f 845/592/423 846/591/422 848/593/424 847/594/425
f 847/594/425 848/593/424 850/595/426 849/596/427
f 849/596/427 850/595/426 852/597/428 851/598/429
f 851/598/429 852/597/428 854/599/430 853/600/431
f 853/600/431 854/599/430 856/601/432 855/602/433
f 855/602/433 856/601/432 858/603/434 857/604/435
f 857/604/435 858/603/434 860/605/436 859/606/437
f 859/606/437 860/605/436 862/607/438 861/608/439
f 804/609/440 802/610/441 832/611/442 830/612/443 828/613/444 826/614/445 824/615/446 822/616/447 820/617/448 818/618/449 816/619/450 814/620/451 812/621/452 810/622/453 808/623/454 806/624/455
f 861/608/439 862/607/438 864/625/456 863/626/457
f 863/626/457 864/625/456 836/580/411 833/579/410
f 801/627/458 803/628/459 805/629/460 807/630/461 809/631/462 811/632/463 813/633/464 815/634/465 817/635/466 819/636/467 821/637/468 823/638/469 825/639/470 827/640/471 829/641/472 831/642/473
f 866/643/474 865/644/475 833/579/410 834/582/413
f 868/645/476 867/646/477 835/581/412 836/580/411
f 869/647/478 866/643/474 834/582/413 837/584/415
f 867/646/477 870/648/479 838/583/414 835/581/412
f 871/649/480 869/647/478 837/584/415 839/586/417
f 870/648/479 872/650/481 840/585/416 838/583/414
f 873/651/482 871/649/480 839/586/417 841/588/419
f 872/650/481 874/652/483 842/587/418 840/585/416
f 875/653/484 873/651/482 841/588/419 843/590/421
f 874/652/483 876/654/485 844/589/420 842/587/418
f 877/655/486 875/653/484 843/590/421 845/592/423
f 876/654/485 878/656/487 846/591/422 844/589/420
f 879/657/488 877/655/486 845/592/423 847/594/425
f 878/656/487 880/658/489 848/593/424 846/591/422
f 881/659/490 879/657/488 847/594/425 849/596/427
f 880/658/489 882/660/491 850/595/426 848/593/424
f 883/661/492 881/659/490 849/596/427 851/598/429
f 882/660/491 884/662/493 852/597/428 850/595/426
f 885/663/494 883/661/492 851/598/429 853/600/431
f 884/662/493 886/664/495 854/599/430 852/597/428
f 887/665/496 885/663/494 853/600/431 855/602/433
f 886/664/495 888/666/497 856/601/432 854/599/430
f 889/667/498 887/665/496 855/602/433 857/604/435
f 888/666/497 890/668/499 858/603/434 856/601/432
f 891/669/500 889/667/498 857/604/435 859/606/437
f 890/668/499 892/670/501 860/605/436 858/603/434
f 893/671/502 891/669/500 859/606/437 861/608/439
f 892/670/501 894/672/503 862/607/438 860/605/436
f 895/673/504 893/671/502 861/608/439 863/626/457
f 894/672/503 896/674/505 864/625/456 862/607/438
f 865/644/475 895/673/504 863/626/457 833/579/410
f 896/674/505 868/645/476 836/580/411 864/625/456
f 803/628/459 801/627/458 865/644/475 866/643/474
f 802/610/441 804/609/440 867/646/477 868/645/476
f 805/629/460 803/628/459 866/643/474 869/647/478
f 804/609/440 806/624/455 870/648/479 867/646/477
f 807/630/461 805/629/460 869/647/478 871/649/480
f 806/624/455 808/623/454 872/650/481 870/648/479
f 809/631/462 807/630/461 871/649/480 873/651/482
f 808/623/454 810/622/453 874/652/483 872/650/481
f 811/632/463 809/631/462 873/651/482 875/653/484
f 810/622/453 812/621/452 876/654/485 874/652/483
f 813/633/464 811/632/463 875/653/484 877/655/486
f 812/621/452 814/620/451 878/656/487 876/654/485
f 815/634/465 813/633/464 877/655/486 879/657/488
f 814/620/451 816/619/450 880/658/489 878/656/487
f 817/635/466 815/634/465 879/657/488 881/659/490
f 816/619/450 818/618/449 882/660/491 880/658/489
f 819/636/467 817/635/466 881/659/490 883/661/492
f 818/618/449 820/617/448 884/662/493 882/660/491
f 821/637/468 819/636/467 883/661/492 885/663/494
f 820/617/448 822/616/447 886/664/495 884/662/493
f 823/638/469 821/637/468 885/663/494 887/665/496
f 822/616/447 824/615/446 888/666/497 886/664/495
f 825/639/470 823/638/469 887/665/496 889/667/498
f 824/615/446 826/614/445 890/668/499 888/666/497
f 827/640/471 825/639/470 889/667/498 891/669/500
f 826/614/445 828/613/444 892/670/501 890/668/499
f 829/641/472 827/640/471 891/669/500 893/671/502
f 828/613/444 830/612/443 894/672/503 892/670/501
f 831/642/473 829/641/472 893/671/502 895/673/504
f 830/612/443 832/611/442 896/674/505 894/672/503
f 801/627/458 831/642/473 895/673/504 865/644/475
f 832/611/442 802/610/441 868/645/476 896/674/505
f 900/675/440 898/676/441 928/677/442 926/678/443 924/679/444 922/680/445 920/681/446 918/682/447 916/683/448 914/684/449 912/685/450 910/686/451 908/687/452 906/688/453 904/689/454 902/690/455
f 897/691/458 899/692/459 901/693/460 903/694/461 905/695/462 907/696/463 909/697/464 911/698/465 913/699/466 915/700/467 917/701/468 919/702/469 921/703/470 923/704/471 925/705/472 927/706/473
f 1025/707/506 1028/708/507 1027/709/508 1026/710/509
f 1026/710/509 1027/709/508 1030/711/510 1029/712/511
f 1029/712/511 1030/711/510 1032/713/512 1031/714/513
f 1031/714/513 1032/713/512 1034/715/514 1033/716/515
f 1033/716/515 1034/715/514 1036/717/516 1035/718/517
f 1035/718/517 1036/717/516 1038/719/518 1037/720/519
f 1037/720/519 1038/719/518 1040/721/520 1039/722/521
f 1039/722/521 1040/721/520 1042/723/522 1041/724/523
f 1041/724/523 1042/723/522 1044/725/524 1043/726/525
f 1043/726/525 1044/725/524 1046/727/526 1045/728/527
f 1045/728/527 1046/727/526 1048/729/528 1047/730/529
f 1047/730/529 1048/729/528 1050/731/530 1049/732/531
f 1049/732/531 1050/731/530 1052/733/532 1051/734/533
f 1051/734/533 1052/733/532 1054/735/534 1053/736/535
f 996/737/536 994/738/537 1024/739/538 1022/740/539 1020/741/540 1018/742/541 1016/743/542 1014/744/543 1012/745/544 1010/746/545 1008/747/546 1006/748/547 1004/749/548 1002/750/549 1000/751/550 998/752/551
f 1053/736/535 1054/735/534 1056/753/552 1055/754/553
f 1055/754/553 1056/753/552 1028/708/507 1025/707/506
f 993/755/554 995/756/555 997/757/556 999/758/557 1001/759/558 1003/760/559 1005/761/560 1007/762/561 1009/763/562 1011/764/563 1013/765/564 1015/766/565 1017/767/566 1019/768/567 1021/769/568 1023/770/569
f 1058/771/570 1057/772/571 1025/707/506 1026/710/509
f 1060/773/572 1059/774/573 1027/709/508 1028/708/507
f 1061/775/574 1058/771/570 1026/710/509 1029/712/511
f 1059/774/573 1062/776/575 1030/711/510 1027/709/508
f 1063/777/576 1061/775/574 1029/712/511 1031/714/513
f 1062/776/575 1064/778/577 1032/713/512 1030/711/510
f 1065/779/578 1063/777/576 1031/714/513 1033/716/515
f 1064/778/577 1066/780/579 1034/715/514 1032/713/512
f 1067/781/580 1065/779/578 1033/716/515 1035/718/517
f 1066/780/579 1068/782/581 1036/717/516 1034/715/514
f 1069/783/582 1067/781/580 1035/718/517 1037/720/519
f 1068/782/581 1070/784/583 1038/719/518 1036/717/516
f 1071/785/584 1069/783/582 1037/720/519 1039/722/521
f 1070/784/583 1072/786/585 1040/721/520 1038/719/518
f 1073/787/586 1071/785/584 1039/722/521 1041/724/523
f 1072/786/585 1074/788/587 1042/723/522 1040/721/520
f 1075/789/588 1073/787/586 1041/724/523 1043/726/525
f 1074/788/587 1076/790/589 1044/725/524 1042/723/522
f 1077/791/590 1075/789/588 1043/726/525 1045/728/527
f 1076/790/589 1078/792/591 1046/727/526 1044/725/524
f 1079/793/592 1077/791/590 1045/728/527 1047/730/529
f 1078/792/591 1080/794/593 1048/729/528 1046/727/526
f 1081/795/594 1079/793/592 1047/730/529 1049/732/531
f 1080/794/593 1082/796/595 1050/731/530 1048/729/528
f 1083/797/596 1081/795/594 1049/732/531 1051/734/533
f 1082/796/595 1084/798/597 1052/733/532 1050/731/530
f 1085/799/598 1083/797/596 1051/734/533 1053/736/535
f 1084/798/597 1086/800/599 1054/735/534 1052/733/532
f 1087/801/600 1085/799/598 1053/736/535 1055/754/553
f 1086/800/599 1088/802/601 1056/753/552 1054/735/534
f 1057/772/571 1087/801/600 1055/754/553 1025/707/506
f 1088/802/601 1060/773/572 1028/708/507 1056/753/552
f 995/756/555 993/755/554 1057/772/571 1058/771/570
f 994/738/537 996/737/536 1059/774/573 1060/773/572
f 997/757/556 995/756/555 1058/771/570 1061/775/574
f 996/737/536 998/752/551 1062/776/575 1059/774/573
f 999/758/557 997/757/556 1061/775/574 1063/777/576
f 998/752/551 1000/751/550 1064/778/577 1062/776/575
f 1001/759/558 999/758/557 1063/777/576 1065/779/578
f 1000/751/550 1002/750/549 1066/780/579 1064/778/577
f 1003/760/559 1001/759/558 1065/779/578 1067/781/580
f 1002/750/549 1004/749/548 1068/782/581 1066/780/579
f 1005/761/560 1003/760/559 1067/781/580 1069/783/582
f 1004/749/548 1006/748/547 1070/784/583 1068/782/581
f 1007/762/561 1005/761/560 1069/783/582 1071/785/584
f 1006/748/547 1008/747/546 1072/786/585 1070/784/583
f 1009/763/562 1007/762/561 1071/785/584 1073/787/586
f 1008/747/546 1010/746/545 1074/788/587 1072/786/585
f 1011/764/563 1009/763/562 1073/787/586 1075/789/588
f 1010/746/545 1012/745/544 1076/790/589 1074/788/587
f 1013/765/564 1011/764/563 1075/789/588 1077/791/590
f 1012/745/544 1014/744/543 1078/792/591 1076/790/589
f 1015/766/565 1013/765/564 1077/791/590 1079/793/592
f 1014/744/543 1016/743/542 1080/794/593 1078/792/591
f 1017/767/566 1015/766/565 1079/793/592 1081/795/594
f 1016/743/542 1018/742/541 1082/796/595 1080/794/593
f 1019/768/567 1017/767/566 1081/795/594 1083/797/596
f 1018/742/541 1020/741/540 1084/798/597 1082/796/595
f 1021/769/568 1019/768/567 1083/797/596 1085/799/598
f 1020/741/540 1022/740/539 1086/800/599 1084/798/597
f 1023/770/569 1021/769/568 1085/799/598 1087/801/600
f 1022/740/539 1024/739/538 1088/802/601 1086/800/599
f 993/755/554 1023/770/569 1087/801/600 1057/772/571
f 1024/739/538 994/738/537 1060/773/572 1088/802/601
f 505/803/84 1093/291/84 1095/306/80 513/804/80
f 509/289/176 507/302/177 1096/295/87 1094/290/81
f 505/803/84 504/805/87 1096/292/87 1093/291/84
f 513/806/80 1095/287/80 1094/290/81 506/188/81
f 505/803/84 513/804/80 1091/201/80 1089/184/84
f 244/182/82 1090/181/81 1092/190/87 242/197/86
f 505/803/84 1089/184/84 1092/187/87 504/805/87
f 513/806/80 506/188/81 1090/181/81 1091/180/80
f 1257/807/602 1284/808/603 1249/809/604
f 1283/810/605 1282/811/606 1247/812/607 1248/813/608
f 1241/153/609 1281/154/610 1245/814/611 1246/815/612
f 1280/816/613 1279/817/614 1243/818/615 1244/819/616
f 1284/808/603 1283/810/605 1248/813/608 1249/809/604
f 1282/811/606 1241/153/609 1246/815/612 1247/812/607
f 1281/154/610 1280/816/613 1244/819/616 1245/814/611
f 1279/817/614 1242/820/617 1243/818/615
f 1249/809/604 1248/813/608 1255/821/618 1256/822/619
f 1247/812/607 1246/815/612 1253/823/620 1254/824/621
f 1245/814/611 1244/819/616 1251/825/622 1252/826/623
f 1243/818/615 1242/820/617 1250/827/624
f 1257/807/602 1249/809/604 1256/822/619
f 1248/813/608 1247/812/607 1254/824/621 1255/821/618
f 1246/815/612 1245/814/611 1252/826/623 1253/823/620
f 1244/819/616 1243/818/615 1250/827/624 1251/825/622
f 1254/824/621 1253/823/620 1261/828/625 1262/829/626
f 1252/826/623 1251/825/622 1259/830/627 1260/831/628
f 1250/827/624 1242/820/617 1258/832/629
f 1257/807/602 1256/822/619 1264/833/630
f 1255/821/618 1254/824/621 1262/829/626 1263/834/631
f 1253/823/620 1252/826/623 1260/831/628 1261/828/625
f 1251/825/622 1250/827/624 1258/832/629 1259/830/627
f 1256/822/619 1255/821/618 1263/834/631 1264/833/630
f 1257/807/602 1264/833/630 1271/835/632
f 1263/834/631 1262/829/626 1269/836/633 1270/837/634
f 1261/828/625 1260/831/628 1267/838/635 1268/839/636
f 1259/830/627 1258/832/629 1265/840/637 1266/841/638
f 1264/833/630 1263/834/631 1270/837/634 1271/835/632
f 1262/829/626 1261/828/625 1268/839/636 1269/836/633
f 1260/831/628 1259/830/627 1266/841/638 1267/838/635
f 1258/832/629 1242/820/617 1265/840/637
f 1268/839/636 1267/838/635 1274/156/639 1275/155/640
f 1266/841/638 1265/840/637 1272/842/641 1273/843/642
f 1271/835/632 1270/837/634 1277/844/643 1278/845/644
f 1269/836/633 1268/839/636 1275/155/640 1276/846/645
f 1267/838/635 1266/841/638 1273/843/642 1274/156/639
f 1265/840/637 1242/820/617 1272/842/641
f 1257/807/602 1271/835/632 1278/845/644
f 1270/837/634 1269/836/633 1276/846/645 1277/844/643
usemtl fusAll_NONE
s off
f 1194/109/646 1217/129/646 1216/130/646 1192/110/646
f 1143/65/647 1160/74/647 1159/73/647 1141/64/647
s 1
f 260/847/80 256/848/648 3/849/649 4/850/650
f 255/851/651 2/852/652 1/853/653 254/854/654
f 3/849/649 256/848/648 254/855/654 1/856/653
f 255/857/651 260/847/80 4/850/650 2/858/652
f 14/859/655 6/860/656 8/861/657 15/862/658
f 15/862/658 8/861/657 12/863/659 17/864/660
f 17/864/660 12/863/659 10/865/661 19/866/662
f 19/866/662 10/865/661 6/860/656 14/859/655
f 7/867/663 11/868/664 9/869/665 5/870/666
f 12/863/659 8/861/657 6/860/656 10/865/661
f 9/869/665 20/871/667 13/872/668 5/870/666
f 20/871/667 19/866/662 14/859/655 13/872/668
f 11/868/664 18/873/669 20/871/667 9/869/665
f 18/873/669 17/864/660 19/866/662 20/871/667
f 7/867/663 16/874/670 18/873/669 11/868/664
f 16/874/670 15/862/658 17/864/660 18/873/669
f 5/870/666 13/872/668 16/874/670 7/867/663
f 13/872/668 14/859/655 15/862/658 16/874/670
f 160/875/671 161/876/672 36/877/673 32/878/674
f 23/879/675 62/880/676 59/881/677 24/882/678
f 52/883/679 54/884/680 43/885/681 44/886/682 32/878/674 33/887/683
f 217/888/684 227/889/685 90/890/686 93/891/687
f 25/892/688 33/887/683 50/893/689 35/894/690
f 34/895/691 63/896/692 77/897/693 75/898/694
f 33/887/683 32/878/674 36/877/673 37/899/695 51/900/696 50/893/689
f 166/901/697 160/875/671 32/878/674 44/886/682
f 68/902/698 31/903/699 47/904/700 48/905/701 66/906/702 65/907/703
f 74/908/704 40/909/705 41/910/706 31/903/699 68/902/698 67/911/707
f 24/882/678 59/881/677 42/912/708 25/892/688
f 61/913/709 26/914/710 27/915/711 60/916/712
f 64/917/713 34/895/691 75/898/694 79/918/714
f 42/912/708 52/883/679 33/887/683 25/892/688
f 225/919/715 217/888/684 93/891/687 71/920/716
f 57/921/717 28/922/718 29/923/719 56/924/720
f 219/925/721 221/926/722 62/880/676 23/879/675
f 27/915/711 167/927/723 43/885/681 54/884/680 53/928/724
f 222/929/725 218/930/726 26/914/710 61/913/709
f 60/916/712 27/915/711 53/928/724
f 50/893/689 51/900/696 49/931/727 35/894/690
f 58/932/728 35/894/690 49/931/727 57/921/717
f 220/933/729 89/934/730 90/890/686 227/889/685
f 221/926/722 69/935/731 70/936/732 222/929/725
f 166/901/697 44/886/682 43/885/681 167/927/723
f 224/937/733 55/938/734 56/924/720 225/919/715
f 55/938/734 58/932/728 57/921/717 56/924/720
f 42/912/708 59/881/677 60/916/712 53/928/724
f 59/881/677 62/880/676 61/913/709 60/916/712
f 49/931/727 28/922/718 57/921/717
f 58/932/728 24/882/678 25/892/688 35/894/690
f 55/938/734 23/879/675 24/882/678 58/932/728
f 224/937/733 219/925/721 23/879/675 55/938/734
f 22/939/735 63/896/692 85/940/736 86/941/737
f 34/895/691 64/917/713 87/942/738 88/943/739
f 46/944/740 45/945/741 70/936/732 69/935/731
f 39/946/742 38/947/743 72/948/744 71/920/716
f 38/947/743 30/949/745 73/950/746 72/948/744
f 21/951/747 39/946/742 71/920/716 93/891/687
f 30/949/745 46/944/740 69/935/731 73/950/746
f 45/945/741 22/939/735 86/941/737 70/936/732
f 63/896/692 34/895/691 88/943/739 85/940/736
f 64/917/713 21/951/747 93/891/687 87/942/738
f 83/952/748 82/953/749 84/954/750 79/918/714 75/898/694 76/955/751
f 76/955/751 75/898/694 77/897/693 78/956/752 81/957/753 80/958/754
f 39/946/742 21/951/747 84/954/750 82/953/749
f 45/945/741 46/944/740 80/958/754 81/957/753
f 21/951/747 64/917/713 79/918/714 84/954/750
f 46/944/740 30/949/745 76/955/751 80/958/754
f 38/947/743 39/946/742 82/953/749 83/952/748
f 63/896/692 22/939/735 78/956/752 77/897/693
f 22/939/735 45/945/741 81/957/753 78/956/752
f 30/949/745 38/947/743 83/952/748 76/955/751
f 65/907/703 66/906/702 86/941/737 85/940/736
f 67/911/707 68/902/698 88/943/739 87/942/738
f 41/910/706 40/909/705 90/890/686 89/934/730
f 48/905/701 47/904/700 92/959/755 91/960/756
f 40/909/705 74/908/704 93/891/687 90/890/686
f 31/903/699 41/910/706 89/934/730 94/961/757
f 47/904/700 31/903/699 94/961/757 92/959/755
f 66/906/702 48/905/701 91/960/756 86/941/737
f 68/902/698 65/907/703 85/940/736 88/943/739
f 74/908/704 67/911/707 87/942/738 93/891/687
f 95/962/104 96/963/107 98/964/137 97/965/136
f 97/965/136 98/964/137 100/966/133 99/967/132
f 99/967/132 100/966/133 102/968/131 101/969/130
f 101/969/130 102/968/131 104/970/129 103/971/128
f 103/971/128 104/970/129 106/972/127 105/973/126
f 105/973/126 106/972/127 108/974/125 107/975/124
f 107/975/124 108/974/125 110/976/123 109/977/122
f 109/977/122 110/976/123 112/978/121 111/979/120
f 111/979/120 112/978/121 114/980/119 113/981/118
f 113/981/118 114/980/119 116/982/117 115/983/116
f 115/983/116 116/982/117 118/984/115 117/985/114
f 117/985/114 118/984/115 120/986/113 119/987/112
f 119/987/112 120/986/113 122/988/111 121/989/110
f 121/989/110 122/988/111 124/990/109 123/991/108
f 104/970/129 102/968/131 146/992/758 147/993/759
f 123/991/108 124/990/109 126/994/106 125/995/105
f 125/995/105 126/994/106 96/963/107 95/962/104
f 97/965/136 99/967/132 129/996/142 128/997/141
f 127/998/140 128/997/141 129/996/142 130/999/143 131/1000/144 132/1001/145 133/1002/146 134/1003/147 135/1004/148 136/1005/149 137/1006/150 138/1007/151 139/1008/152 140/1009/153 141/1010/139 142/1011/138
f 107/975/124 109/977/122 134/1003/147 133/1002/146
f 117/985/114 119/987/112 139/1008/152 138/1007/151
f 103/971/128 105/973/126 132/1001/145 131/1000/144
f 113/981/118 115/983/116 137/1006/150 136/1005/149
f 123/991/108 125/995/105 142/1011/138 141/1010/139
f 99/967/132 101/969/130 130/999/143 129/996/142
f 109/977/122 111/979/120 135/1004/148 134/1003/147
f 95/962/104 97/965/136 128/997/141 127/998/140
f 119/987/112 121/989/110 140/1009/153 139/1008/152
f 105/973/126 107/975/124 133/1002/146 132/1001/145
f 115/983/116 117/985/114 138/1007/151 137/1006/150
f 125/995/105 95/962/104 127/998/140 142/1011/138
f 101/969/130 103/971/128 131/1000/144 130/999/143
f 111/979/120 113/981/118 136/1005/149 135/1004/148
f 121/989/110 123/991/108 141/1010/139 140/1009/153
f 143/1012/166 144/1013/760 158/1014/154 157/1015/155 156/1016/761 155/1017/762 154/1018/763 153/1019/157 152/1020/158 151/1021/159 150/1022/764 149/1023/161 148/1024/765 147/993/759 146/992/758 145/1025/165
f 114/980/119 112/978/121 151/1021/159 152/1020/158
f 124/990/109 122/988/111 156/1016/761 157/1015/155
f 100/966/133 98/964/137 143/1012/166 145/1025/165
f 110/976/123 108/974/125 149/1023/161 150/1022/764
f 120/986/113 118/984/115 154/1018/763 155/1017/762
f 106/972/127 104/970/129 147/993/759 148/1024/765
f 116/982/117 114/980/119 152/1020/158 153/1019/157
f 126/994/106 124/990/109 157/1015/155 158/1014/154
f 102/968/131 100/966/133 145/1025/165 146/992/758
f 112/978/121 110/976/123 150/1022/764 151/1021/159
f 98/964/137 96/963/107 144/1013/760 143/1012/166
f 122/988/111 120/986/113 155/1017/762 156/1016/761
f 108/974/125 106/972/127 148/1024/765 149/1023/161
f 118/984/115 116/982/117 153/1019/157 154/1018/763
f 96/963/107 126/994/106 158/1014/154 144/1013/760
f 228/1026/766 165/1027/767 168/1028/768 223/1029/769
f 165/1027/767 166/901/697 167/927/723 168/1028/768
f 36/877/673 161/876/672 164/1030/770 37/899/695
f 161/876/672 162/1031/771 163/1032/772 164/1030/770
f 228/1026/766 226/1033/773 159/1034/774 165/1027/767
f 165/1027/767 159/1034/774 160/875/671 166/901/697
f 226/1033/773 220/933/729 162/1031/771 159/1034/774
f 159/1034/774 162/1031/771 161/876/672 160/875/671
f 218/930/726 223/1029/769 168/1028/768 26/914/710
f 26/914/710 168/1028/768 167/927/723 27/915/711
f 28/922/718 164/1030/770 163/1032/772 29/923/719
f 49/931/727 51/900/696 37/899/695 164/1030/770 28/922/718
f 53/928/724 54/884/680 52/883/679 42/912/708
f 169/1035/775 170/1036/776 172/1037/777 171/1038/778
f 177/1039/779 178/1040/780 176/1041/781 175/1042/782
f 174/1043/783 173/1044/784 183/1045/785 184/1046/786
f 179/1047/787 180/1048/788 170/1036/776 169/1035/775
f 177/1039/779 175/1042/782 173/1044/784 179/1047/787
f 178/1040/780 172/1037/777 170/1036/776 180/1048/788
f 176/1041/781 178/1040/780 180/1048/788 174/1043/783
f 171/1038/778 177/1039/779 179/1047/787 169/1035/775
f 173/1044/784 174/1043/783 180/1048/788 179/1047/787
f 171/1038/778 172/1037/777 178/1040/780 177/1039/779
f 182/1049/789 181/1050/790 184/1046/786 183/1045/785
f 173/1044/784 175/1042/782 182/1049/789 183/1045/785
f 176/1041/781 174/1043/783 184/1046/786 181/1050/790
f 175/1042/782 176/1041/781 181/1050/790 182/1049/789
f 185/1051/791 186/1052/792 188/1053/793 187/1054/794
f 193/1055/795 194/1056/796 192/1057/797 191/1058/798
f 190/1059/799 189/1060/800 199/1061/801 200/1062/802
f 195/1063/803 196/1064/804 186/1052/792 185/1051/791
f 193/1055/795 191/1058/798 189/1060/800 195/1063/803
f 194/1056/796 188/1053/793 186/1052/792 196/1064/804
f 192/1057/797 194/1056/796 196/1064/804 190/1059/799
f 187/1054/794 193/1055/795 195/1063/803 185/1051/791
f 189/1060/800 190/1059/799 196/1064/804 195/1063/803
f 187/1054/794 188/1053/793 194/1056/796 193/1055/795
f 198/1065/805 197/1066/806 200/1062/802 199/1061/801
f 189/1060/800 191/1058/798 198/1065/805 199/1061/801
f 192/1057/797 190/1059/799 200/1062/802 197/1066/806
f 191/1058/798 192/1057/797 197/1066/806 198/1065/805
f 201/1067/807 202/1068/808 204/1069/809 203/1070/810
f 209/1071/811 210/1072/812 208/1073/813 207/1074/814
f 206/1075/815 205/1076/816 215/1077/817 216/1078/818
f 211/1079/819 212/1080/820 202/1068/808 201/1067/807
f 209/1071/811 207/1074/814 205/1076/816 211/1079/819
f 210/1072/812 204/1069/809 202/1068/808 212/1080/820
f 208/1073/813 210/1072/812 212/1080/820 206/1075/815
f 203/1070/810 209/1071/811 211/1079/819 201/1067/807
f 205/1076/816 206/1075/815 212/1080/820 211/1079/819
f 203/1070/810 204/1069/809 210/1072/812 209/1071/811
f 214/1081/821 213/1082/822 216/1078/818 215/1077/817
f 205/1076/816 207/1074/814 214/1081/821 215/1077/817
f 208/1073/813 206/1075/815 216/1078/818 213/1082/822
f 207/1074/814 208/1073/813 213/1082/822 214/1081/821
f 203/1070/810 188/1053/793 187/1054/794 172/1037/777 171/1038/778 204/1069/809
f 186/1052/792 201/1067/807 202/1068/808 169/1035/775 170/1036/776 185/1051/791
f 86/941/737 91/960/756 223/1029/769 218/930/726
f 94/961/757 89/934/730 220/933/729 226/1033/773
f 92/959/755 94/961/757 226/1033/773 228/1026/766
f 92/959/755 228/1026/766 223/1029/769 91/960/756
f 72/948/744 73/950/746 219/925/721 224/937/733
f 72/948/744 224/937/733 225/919/715 71/920/716
f 62/880/676 221/926/722 222/929/725 61/913/709
f 162/1031/771 220/933/729 227/889/685 163/1032/772
f 70/936/732 86/941/737 218/930/726 222/929/725
f 73/950/746 69/935/731 221/926/722 219/925/721
f 56/924/720 29/923/719 217/888/684 225/919/715
f 29/923/719 163/1032/772 227/889/685 217/888/684
f 233/1083/168 240/1084/169 241/1085/170 230/1086/72 231/1087/71
f 236/1088/823 237/1089/824 233/1083/168 231/1087/71 229/1090/825
f 232/1091/75 239/1092/74 240/1084/169 233/1083/168
f 235/1093/826 236/1088/823 229/1090/825
f 234/1094/827 232/1091/75 233/1083/168 237/1089/824
f 236/1088/823 235/1093/826 234/1094/827 237/1089/824
f 229/1095/825 231/1096/71 232/1097/75 234/1098/827 235/1099/826
f 238/1100/73 241/1085/170 240/1084/169 239/1092/74
f 241/1085/170 238/1100/73 230/1086/72
f 260/847/80 261/1101/828 259/1102/829 256/848/648
f 255/851/651 254/854/654 257/1103/830 258/1104/831
f 259/1102/829 257/1105/830 254/855/654 256/848/648
f 255/857/651 258/1106/831 261/1101/828 260/847/80
f 271/1107/832 272/1108/833 265/1109/834 263/1110/835
f 272/1108/833 274/1111/836 269/1112/837 265/1109/834
f 274/1111/836 276/1113/838 267/1114/839 269/1112/837
f 276/1113/838 271/1107/832 263/1110/835 267/1114/839
f 264/1115/840 262/1116/841 266/1117/842 268/1118/843
f 269/1112/837 267/1114/839 263/1110/835 265/1109/834
f 266/1117/842 262/1116/841 270/1119/844 277/1120/845
f 277/1120/845 270/1119/844 271/1107/832 276/1113/838
f 268/1118/843 266/1117/842 277/1120/845 275/1121/846
f 275/1121/846 277/1120/845 276/1113/838 274/1111/836
f 264/1115/840 268/1118/843 275/1121/846 273/1122/847
f 273/1122/847 275/1121/846 274/1111/836 272/1108/833
f 262/1116/841 264/1115/840 273/1122/847 270/1119/844
f 270/1119/844 273/1122/847 272/1108/833 271/1107/832
f 422/1123/671 294/1124/674 298/1125/682 423/1126/697
f 285/1127/675 286/1128/678 321/1129/848 324/1130/849
f 314/1131/689 295/1132/683 294/1124/674 306/1133/673 305/1134/695 316/1135/696
f 479/1136/850 355/1137/851 352/1138/852 489/1139/853
f 287/1140/688 297/1141/854 312/1142/679 295/1132/683
f 296/1143/691 337/1144/694 339/1145/714 325/1146/713
f 295/1132/683 312/1142/679 313/1147/680 299/1148/681 298/1125/682 294/1124/674
f 428/1149/672 306/1133/673 294/1124/674 422/1123/671
f 330/1150/698 327/1151/707 328/1152/704 310/1153/705 309/1154/706 293/1155/699
f 336/1156/702 329/1157/703 330/1150/698 293/1155/699 303/1158/700 302/1159/701
f 286/1128/678 287/1140/688 304/1160/855 321/1129/848
f 323/1161/856 322/1162/857 289/1163/718 288/1164/719
f 326/1165/692 341/1166/693 337/1144/694 296/1143/691
f 304/1160/855 287/1140/688 295/1132/683 314/1131/689
f 487/1167/858 333/1168/859 355/1137/851 479/1136/850
f 319/1169/860 318/1170/861 291/1171/710 290/1172/711
f 481/1173/721 285/1127/675 324/1130/849 483/1174/862
f 289/1163/718 315/1175/863 316/1135/696 305/1134/695 429/1176/770
f 484/1177/864 323/1161/856 288/1164/719 480/1178/865
f 322/1162/857 315/1175/863 289/1163/718
f 312/1142/679 297/1141/854 311/1179/866 313/1147/680
f 320/1180/867 319/1169/860 311/1179/866 297/1141/854
f 482/1181/868 489/1139/853 352/1138/852 351/1182/869
f 483/1174/862 484/1177/864 332/1183/870 331/1184/871
f 428/1149/672 429/1176/770 305/1134/695 306/1133/673
f 486/1185/872 487/1167/858 318/1170/861 317/1186/873
f 317/1186/873 318/1170/861 319/1169/860 320/1180/867
f 304/1160/855 315/1175/863 322/1162/857 321/1129/848
f 321/1129/848 322/1162/857 323/1161/856 324/1130/849
f 311/1179/866 319/1169/860 290/1172/711
f 320/1180/867 297/1141/854 287/1140/688 286/1128/678
f 317/1186/873 320/1180/867 286/1128/678 285/1127/675
f 486/1185/872 317/1186/873 285/1127/675 481/1173/721
f 284/1187/747 348/1188/874 347/1189/738 325/1146/713
f 296/1143/691 350/1190/739 349/1191/736 326/1165/692
f 308/1192/875 331/1184/871 332/1183/870 307/1193/876
f 301/1194/877 333/1168/859 334/1195/878 300/1196/879
f 300/1196/879 334/1195/878 335/1197/746 292/1198/745
f 283/1199/880 355/1137/851 333/1168/859 301/1194/877
f 292/1198/745 335/1197/746 331/1184/871 308/1192/875
f 307/1193/876 332/1183/870 348/1188/874 284/1187/747
f 325/1146/713 347/1189/738 350/1190/739 296/1143/691
f 326/1165/692 349/1191/736 355/1137/851 283/1199/880
f 345/1200/881 338/1201/751 337/1144/694 341/1166/693 346/1202/752 344/1203/882
f 338/1201/751 342/1204/883 343/1205/884 340/1206/750 339/1145/714 337/1144/694
f 301/1194/877 344/1203/882 346/1202/752 283/1199/880
f 307/1193/876 343/1205/884 342/1204/883 308/1192/875
f 283/1199/880 346/1202/752 341/1166/693 326/1165/692
f 308/1192/875 342/1204/883 338/1201/751 292/1198/745
f 300/1196/879 345/1200/881 344/1203/882 301/1194/877
f 325/1146/713 339/1145/714 340/1206/750 284/1187/747
f 284/1187/747 340/1206/750 343/1205/884 307/1193/876
f 292/1198/745 338/1201/751 345/1200/881 300/1196/879
f 327/1151/707 347/1189/738 348/1188/874 328/1152/704
f 329/1157/703 349/1191/736 350/1190/739 330/1150/698
f 303/1158/700 351/1182/869 352/1138/852 302/1159/701
f 310/1153/705 353/1207/885 354/1208/886 309/1154/706
f 302/1159/701 352/1138/852 355/1137/851 336/1156/702
f 293/1155/699 356/1209/757 351/1182/869 303/1158/700
f 309/1154/706 354/1208/886 356/1209/757 293/1155/699
f 328/1152/704 348/1188/874 353/1207/885 310/1153/705
f 330/1150/698 350/1190/739 347/1189/738 327/1151/707
f 336/1156/702 355/1137/851 349/1191/736 329/1157/703
f 490/1210/887 485/1211/888 430/1212/772 427/1213/771
f 427/1213/771 430/1212/772 429/1176/770 428/1149/672
f 298/1125/682 299/1148/681 426/1214/723 423/1126/697
f 423/1126/697 426/1214/723 425/1215/768 424/1216/767
f 490/1210/887 427/1213/771 421/1217/774 488/1218/773
f 427/1213/771 428/1149/672 422/1123/671 421/1217/774
f 488/1218/773 421/1217/774 424/1216/767 482/1181/868
f 421/1217/774 422/1123/671 423/1126/697 424/1216/767
f 480/1178/865 288/1164/719 430/1212/772 485/1211/888
f 288/1164/719 289/1163/718 429/1176/770 430/1212/772
f 290/1172/711 291/1171/710 425/1215/768 426/1214/723
f 311/1179/866 290/1172/711 426/1214/723 299/1148/681 313/1147/680
f 315/1175/863 304/1160/855 314/1131/689 316/1135/696
f 431/1219/889 433/1220/890 434/1221/891 432/1222/892
f 439/1223/893 437/1224/894 438/1225/895 440/1226/896
f 436/1227/897 446/1228/898 445/1229/899 435/1230/900
f 441/1231/901 431/1219/889 432/1222/892 442/1232/902
f 439/1223/893 441/1231/901 435/1230/900 437/1224/894
f 440/1226/896 442/1232/902 432/1222/892 434/1221/891
f 438/1225/895 436/1227/897 442/1232/902 440/1226/896
f 433/1220/890 431/1219/889 441/1231/901 439/1223/893
f 435/1230/900 441/1231/901 442/1232/902 436/1227/897
f 433/1220/890 439/1223/893 440/1226/896 434/1221/891
f 444/1233/903 445/1229/899 446/1228/898 443/1234/904
f 435/1230/900 445/1229/899 444/1233/903 437/1224/894
f 438/1225/895 443/1234/904 446/1228/898 436/1227/897
f 437/1224/894 444/1233/903 443/1234/904 438/1225/895
f 447/1235/905 449/1236/906 450/1237/907 448/1238/908
f 455/1239/909 453/1240/910 454/1241/911 456/1242/912
f 452/1243/913 462/1244/914 461/1245/915 451/1246/916
f 457/1247/917 447/1235/905 448/1238/908 458/1248/918
f 455/1239/909 457/1247/917 451/1246/916 453/1240/910
f 456/1242/912 458/1248/918 448/1238/908 450/1237/907
f 454/1241/911 452/1243/913 458/1248/918 456/1242/912
f 449/1236/906 447/1235/905 457/1247/917 455/1239/909
f 451/1246/916 457/1247/917 458/1248/918 452/1243/913
f 449/1236/906 455/1239/909 456/1242/912 450/1237/907
f 460/1249/919 461/1245/915 462/1244/914 459/1250/920
f 451/1246/916 461/1245/915 460/1249/919 453/1240/910
f 454/1241/911 459/1250/920 462/1244/914 452/1243/913
f 453/1240/910 460/1249/919 459/1250/920 454/1241/911
f 463/1251/921 465/1252/922 466/1253/923 464/1254/924
f 471/1255/925 469/1256/926 470/1257/927 472/1258/928
f 468/1259/929 478/1260/930 477/1261/931 467/1262/932
f 473/1263/933 463/1251/921 464/1254/924 474/1264/934
f 471/1255/925 473/1263/933 467/1262/932 469/1256/926
f 472/1258/928 474/1264/934 464/1254/924 466/1253/923
f 470/1257/927 468/1259/929 474/1264/934 472/1258/928
f 465/1252/922 463/1251/921 473/1263/933 471/1255/925
f 467/1262/932 473/1263/933 474/1264/934 468/1259/929
f 465/1252/922 471/1255/925 472/1258/928 466/1253/923
f 476/1265/935 477/1261/931 478/1260/930 475/1266/936
f 467/1262/932 477/1261/931 476/1265/935 469/1256/926
f 470/1257/927 475/1266/936 478/1260/930 468/1259/929
f 469/1256/926 476/1265/935 475/1266/936 470/1257/927
f 465/1252/922 466/1253/923 433/1220/890 434/1221/891 449/1236/906 450/1237/907
f 448/1238/908 447/1235/905 432/1222/892 431/1219/889 464/1254/924 463/1251/921
f 348/1188/874 480/1178/865 485/1211/888 353/1207/885
f 356/1209/757 488/1218/773 482/1181/868 351/1182/869
f 354/1208/886 490/1210/887 488/1218/773 356/1209/757
f 354/1208/886 353/1207/885 485/1211/888 490/1210/887
f 334/1195/878 486/1185/872 481/1173/721 335/1197/746
f 334/1195/878 333/1168/859 487/1167/858 486/1185/872
f 324/1130/849 323/1161/856 484/1177/864 483/1174/862
f 424/1216/767 425/1215/768 489/1139/853 482/1181/868
f 332/1183/870 484/1177/864 480/1178/865 348/1188/874
f 335/1197/746 481/1173/721 483/1174/862 331/1184/871
f 318/1170/861 487/1167/858 479/1136/850 291/1171/710
f 291/1171/710 479/1136/850 489/1139/853 425/1215/768
f 495/1267/75 493/1268/71 492/1269/72 503/1270/73 502/1271/74
f 498/1272/826 491/1273/825 493/1268/71 495/1267/75 499/1274/827
f 494/1275/168 495/1267/75 502/1271/74 501/1276/169
f 497/1277/823 491/1273/825 498/1272/826
f 496/1278/824 499/1274/827 495/1267/75 494/1275/168
f 498/1272/826 499/1274/827 496/1278/824 497/1277/823
f 491/1279/825 497/1280/823 496/1281/824 494/1282/168 493/1283/71
f 500/1284/170 501/1276/169 502/1271/74 503/1270/73
f 503/1270/73 492/1269/72 500/1284/170
f 929/1285/410 932/1286/411 931/1287/412 930/1288/413
f 930/1288/413 931/1287/412 934/1289/414 933/1290/415
f 933/1290/415 934/1289/414 936/1291/416 935/1292/417
f 935/1292/417 936/1291/416 938/1293/418 937/1294/419
f 937/1294/419 938/1293/418 940/1295/420 939/1296/421
f 939/1296/421 940/1295/420 942/1297/422 941/1298/423
f 941/1298/423 942/1297/422 944/1299/424 943/1300/425
f 943/1300/425 944/1299/424 946/1301/426 945/1302/427
f 945/1302/427 946/1301/426 948/1303/428 947/1304/429
f 947/1304/429 948/1303/428 950/1305/430 949/1306/431
f 949/1306/431 950/1305/430 952/1307/432 951/1308/433
f 951/1308/433 952/1307/432 954/1309/434 953/1310/435
f 953/1310/435 954/1309/434 956/1311/436 955/1312/437
f 955/1312/437 956/1311/436 958/1313/438 957/1314/439
f 957/1314/439 958/1313/438 960/1315/456 959/1316/457
f 959/1316/457 960/1315/456 932/1286/411 929/1285/410
f 962/1317/474 961/1318/475 929/1285/410 930/1288/413
f 964/1319/476 963/1320/477 931/1287/412 932/1286/411
f 965/1321/478 962/1317/474 930/1288/413 933/1290/415
f 963/1320/477 966/1322/479 934/1289/414 931/1287/412
f 967/1323/480 965/1321/478 933/1290/415 935/1292/417
f 966/1322/479 968/1324/481 936/1291/416 934/1289/414
f 969/1325/482 967/1323/480 935/1292/417 937/1294/419
f 968/1324/481 970/1326/483 938/1293/418 936/1291/416
f 971/1327/484 969/1325/482 937/1294/419 939/1296/421
f 970/1326/483 972/1328/485 940/1295/420 938/1293/418
f 973/1329/486 971/1327/484 939/1296/421 941/1298/423
f 972/1328/485 974/1330/487 942/1297/422 940/1295/420
f 975/1331/488 973/1329/486 941/1298/423 943/1300/425
f 974/1330/487 976/1332/489 944/1299/424 942/1297/422
f 977/1333/490 975/1331/488 943/1300/425 945/1302/427
f 976/1332/489 978/1334/491 946/1301/426 944/1299/424
f 979/1335/492 977/1333/490 945/1302/427 947/1304/429
f 978/1334/491 980/1336/493 948/1303/428 946/1301/426
f 981/1337/494 979/1335/492 947/1304/429 949/1306/431
f 980/1336/493 982/1338/495 950/1305/430 948/1303/428
f 983/1339/496 981/1337/494 949/1306/431 951/1308/433
f 982/1338/495 984/1340/497 952/1307/432 950/1305/430
f 985/1341/498 983/1339/496 951/1308/433 953/1310/435
f 984/1340/497 986/1342/499 954/1309/434 952/1307/432
f 987/1343/500 985/1341/498 953/1310/435 955/1312/437
f 986/1342/499 988/1344/501 956/1311/436 954/1309/434
f 989/1345/502 987/1343/500 955/1312/437 957/1314/439
f 988/1344/501 990/1346/503 958/1313/438 956/1311/436
f 991/1347/504 989/1345/502 957/1314/439 959/1316/457
f 990/1346/503 992/1348/505 960/1315/456 958/1313/438
f 961/1318/475 991/1347/504 959/1316/457 929/1285/410
f 992/1348/505 964/1319/476 932/1286/411 960/1315/456
f 899/692/459 897/691/458 961/1318/475 962/1317/474
f 898/676/441 900/675/440 963/1320/477 964/1319/476
f 901/693/460 899/692/459 962/1317/474 965/1321/478
f 900/675/440 902/690/455 966/1322/479 963/1320/477
f 903/694/461 901/693/460 965/1321/478 967/1323/480
f 902/690/455 904/689/454 968/1324/481 966/1322/479
f 905/695/462 903/694/461 967/1323/480 969/1325/482
f 904/689/454 906/688/453 970/1326/483 968/1324/481
f 907/696/463 905/695/462 969/1325/482 971/1327/484
f 906/688/453 908/687/452 972/1328/485 970/1326/483
f 909/697/464 907/696/463 971/1327/484 973/1329/486
f 908/687/452 910/686/451 974/1330/487 972/1328/485
f 911/698/465 909/697/464 973/1329/486 975/1331/488
f 910/686/451 912/685/450 976/1332/489 974/1330/487
f 913/699/466 911/698/465 975/1331/488 977/1333/490
f 912/685/450 914/684/449 978/1334/491 976/1332/489
f 915/700/467 913/699/466 977/1333/490 979/1335/492
f 914/684/449 916/683/448 980/1336/493 978/1334/491
f 917/701/468 915/700/467 979/1335/492 981/1337/494
f 916/683/448 918/682/447 982/1338/495 980/1336/493
f 919/702/469 917/701/468 981/1337/494 983/1339/496
f 918/682/447 920/681/446 984/1340/497 982/1338/495
f 921/703/470 919/702/469 983/1339/496 985/1341/498
f 920/681/446 922/680/445 986/1342/499 984/1340/497
f 923/704/471 921/703/470 985/1341/498 987/1343/500
f 922/680/445 924/679/444 988/1344/501 986/1342/499
f 925/705/472 923/704/471 987/1343/500 989/1345/502
f 924/679/444 926/678/443 990/1346/503 988/1344/501
f 927/706/473 925/705/472 989/1345/502 991/1347/504
f 926/678/443 928/677/442 992/1348/505 990/1346/503
f 897/691/458 927/706/473 991/1347/504 961/1318/475
f 928/677/442 898/676/441 964/1319/476 992/1348/505
usemtl glass
f 594/428/277 591/426/275 623/438/286 620/435/283
f 605/1349/937 613/1350/938 646/1351/939 648/1352/940
f 621/441/284 622/443/285 598/431/280 601/432/281
f 596/1353/941 618/1354/942 642/1355/943 637/1356/944
f 602/1357/945 615/1358/946 626/440/287 625/433/282
f 597/1359/947 602/1357/945 625/433/282 627/430/279
f 615/1358/946 613/1350/938 628/444/288 626/440/287
f 608/1360/948 597/1359/947 627/430/279 629/448/292
f 605/1349/937 608/1360/948 629/448/292 630/449/293
f 613/1350/938 605/1349/937 630/449/293 628/444/288
f 596/1353/941 592/1361/949 632/427/276 631/429/278
f 592/1361/949 603/1362/950 633/445/289 632/427/276
f 610/1363/951 611/1364/952 635/447/291 634/446/290
f 603/1362/950 610/1363/951 634/446/290 633/445/289
f 618/1354/942 596/1353/941 631/429/278 636/450/294
f 611/1364/952 618/1354/942 636/450/294 635/447/291
f 640/1365/953 639/1366/954 638/1367/955 637/1356/944 642/1355/943 641/1368/956
f 611/1364/952 610/1363/951 640/1365/953 641/1368/956
f 592/1361/949 596/1353/941 637/1356/944 638/1367/955
f 618/1354/942 611/1364/952 641/1368/956 642/1355/943
f 610/1363/951 603/1362/950 639/1366/954 640/1365/953
f 603/1362/950 592/1361/949 638/1367/955 639/1366/954
f 643/1369/957 645/1370/958 647/1371/959 648/1352/940 646/1351/939 644/1372/960
f 597/1359/947 608/1360/948 647/1371/959 645/1370/958
f 602/1357/945 597/1359/947 645/1370/958 643/1369/957
f 608/1360/948 605/1349/937 648/1352/940 647/1371/959
f 613/1350/938 615/1358/946 644/1372/960 646/1351/939
f 615/1358/946 602/1357/945 643/1369/957 644/1372/960
l 171 188
l 169 186
l 433 450
l 431 448
