# Species: Pinus sylvestris
# 
# Level: Convertion, simplification and optimization from RAMI to OBJ
# Modifiers: Nicolas Lauret & Lucas Moresve
# Affiliation: DART team, CESBIO lab, Toulouse, France
# AffiliationURL: http://www.cesbio.ups-tlse.fr/index_us.htm 
# 
# RAMI_1/2_total_leaf_area: 1.2975 m²
# OBJ_1/2_total_leaf_area: 2.5950 m²
# OBJ_nodes: 8,267
# OBJ_triangles: 10,620
# OBJ_size: 0.4 Mio
# 
# Software: Blender v2.62
# SoftwareURL: www.blender.org
# 
# Project: RAMI-IV 
# ProjectURL: http://rami-benchmark.jrc.ec.europa.eu/HTML/RAMI-IV/RAMI-IV.php 
# Authors: Andres Kuusk & Joel Kuusk & Mait Lang & Tonu Lukk & Matti Mottus & Tiit Nilson & Miina Rautiainen & Alo Eenmae 
# Lab: Tartu Observatory - Toravere - Estonia ; Estonian University of Life Sciences - Tartu - Estonia 
# Critic: Convertion of all shapes into triangles ; Conservation of the global shape but leaf_area*2
# 
# 
v 0.000570 0.037692 -10.02
v 0.005080 0.024962 -10.09581
v 0.020560 0.030892 -10.03466
v 0.025070 0.018162 -10.11046
v -0.017460 0.038942 -10.038331
v -0.012950 0.026212 -10.11413
v -0.002720 0.015652 -10.03351
v 0.001790 0.002922 -10.10932
v 0.005810 0.054192 -10.03948
v 0.010320 0.041462 -10.11528
v 0.011970 0.018452 -10.033091
v 0.016490 0.005712 -10.108891
v -0.008880 0.051392 -10.039901
v -0.004370 0.038662 -10.1157
v -0.014910 0.024142 -10.035681
v -0.010400 0.011412 -10.11149
v 0.018010 0.045702 -10.037311
v 0.022520 0.032972 -10.113111
v -0.012470 0.047532 -9.9965
v -0.042920 0.080032 -10.059319
v -0.000740 0.040012 -10.02143
v -0.031180 0.072512 -10.08425
v -0.037450 0.069192 -9.9989
v -0.067900 0.101692 -10.06172
v -0.035750 0.043892 -10.00764
v -0.066200 0.076392 -10.070451
v -0.002440 0.065322 -10.012701
v -0.032880 0.097812 -10.075521
v -0.017890 0.036712 -10.01634
v -0.048340 0.069212 -10.07916
v -0.020300 0.072492 -10.00399
v -0.050740 0.104992 -10.06681
v -0.043850 0.057352 -10.00041
v -0.074300 0.089842 -10.06323
v 0.005660 0.051862 -10.01992
v -0.024780 0.084362 -10.08274
v -0.002010 0.038362 -9.972
v -0.008750 0.057402 -10.0463
v -0.021790 0.046992 -9.98527
v -0.028530 0.066032 -10.05957
v 0.014840 0.038012 -9.99106
v 0.008100 0.057052 -10.06536
v 0.001570 0.061322 -9.9838
v -0.005170 0.080362 -10.05811
v -0.008530 0.023692 -9.99253
v -0.015260 0.042732 -10.06683
v -0.012860 0.058982 -9.98303
v -0.019600 0.078022 -10.05734
v 0.005910 0.026022 -9.993299
v -0.000830 0.045062 -10.0676
v 0.013050 0.052632 -9.98713
v 0.006310 0.071672 -10.06143
v -0.020000 0.032372 -9.989201
v -0.026740 0.051412 -10.06351
v 0.004190 0.030162 -9.911
v 0.019880 0.072122 -9.97363
v -0.004260 0.050702 -9.920979
v 0.011430 0.092672 -9.9836
v 0.019460 0.027872 -9.92827
v 0.035150 0.069832 -9.9909
v 0.018870 0.051532 -9.9136
v 0.034560 0.093492 -9.97622
v -0.003670 0.027052 -9.93565
v 0.012020 0.069012 -9.99828
v 0.007180 0.056022 -9.914249
v 0.022880 0.097982 -9.97687
v 0.008010 0.022562 -9.935
v 0.023710 0.064522 -9.99763
v 0.023960 0.039872 -9.91941
v 0.039650 0.081842 -9.98203
v -0.008760 0.038702 -9.92984
v 0.006940 0.080662 -9.99247
v 0.006010 0.019802 -9.873
v 0.012040 -0.003568 -9.946119
v 0.026720 0.019532 -9.88885
v 0.032740 -0.003838 -9.961969
v -0.012070 0.009902 -9.88897
v -0.006050 -0.013468 -9.96209
v 0.011880 -0.003688 -9.882649
v 0.017900 -0.027058 -9.95577
v 0.002770 0.033122 -9.895161
v 0.008790 0.009752 -9.968289
v 0.024260 0.005112 -9.884439
v 0.030280 -0.018258 -9.95757
v -0.009610 0.024322 -9.893371
v -0.003590 0.000962 -9.966491
v -0.003170 -0.001698 -9.884521
v 0.002850 -0.025068 -9.957649
v 0.017820 0.031132 -9.89329
v 0.023840 0.007772 -9.96641
v 0.006560 0.015182 -9.835
v -0.031930 0.041902 -9.8961
v -0.006610 0.003152 -9.85065
v -0.045100 0.029882 -9.91175
v 0.002980 0.038832 -9.84593
v -0.035510 0.065562 -9.90703
v -0.016790 0.026672 -9.83637
v -0.055280 0.053402 -9.89747
v 0.013160 0.015322 -9.860209
v -0.025330 0.042042 -9.92131
v -0.015790 0.012392 -9.84153
v -0.054290 0.039122 -9.90263
v 0.012160 0.029592 -9.85505
v -0.026330 0.056322 -9.91615
v -0.009020 0.037622 -9.838201
v -0.047510 0.064352 -9.89929
v 0.005380 0.004362 -9.85839
v -0.033110 0.031092 -9.91949
v 0.011820 0.009032 -9.806
v 0.037970 0.040862 -9.87105
v 0.017270 0.033442 -9.81483
v 0.043420 0.065272 -9.87988
v 0.017740 -0.001528 -9.82548
v 0.043900 0.030292 -9.89054
v 0.034480 0.020932 -9.8109
v 0.060640 0.052752 -9.87595
v 0.000530 0.010992 -9.82941
v 0.026690 0.042812 -9.89447
v 0.029340 0.031842 -9.80984
v 0.055500 0.063662 -9.8749
v 0.005670 0.000082 -9.83047
v 0.031830 0.031902 -9.89552
v 0.029680 0.007112 -9.81737
v 0.055830 0.038932 -9.88243
v 0.005330 0.024812 -9.82293
v 0.031490 0.056632 -9.88799
v 0.014230 0.000642 -9.779
v -0.007370 -0.019098 -9.85022
v 0.029410 -0.008318 -9.79893
v 0.007810 -0.028068 -9.87015
v -0.010350 0.001012 -9.79006
v -0.031950 -0.018728 -9.861279
v 0.006350 -0.022378 -9.78834
v -0.015250 -0.042118 -9.85956
v 0.012710 0.015072 -9.80065
v -0.008890 -0.004678 -9.87187
v 0.021340 -0.020198 -9.79328
v -0.000260 -0.039938 -9.8645
v -0.002280 0.012892 -9.79571
v -0.023880 -0.006858 -9.86693
v -0.006780 -0.013588 -9.78701
v -0.028380 -0.033338 -9.85823
v 0.025830 0.006282 -9.80199
v 0.004240 -0.013458 -9.87321
v 0.021990 -0.007868 -9.7395
v -0.013410 0.039532 -9.78879
v -0.002570 -0.009158 -9.74972
v -0.037960 0.038242 -9.79901
v 0.031140 0.014052 -9.75073
v -0.004260 0.061452 -9.80001
v 0.007170 0.013072 -9.73489
v -0.028230 0.060472 -9.78418
v 0.021410 -0.008178 -9.76555
v -0.013990 0.039222 -9.81484
v -0.002660 0.001762 -9.73903
v -0.038060 0.049152 -9.78831
v 0.031240 0.003142 -9.76142
v -0.004160 0.050542 -9.81071
v 0.021170 0.018162 -9.73974
v -0.014230 0.065562 -9.78903
v 0.007400 -0.013268 -9.76071
v -0.028000 0.034132 -9.80999
v 0.033120 -0.020758 -9.707
v 0.054720 0.000462 -9.7778
v 0.047570 0.002692 -9.71612
v 0.069170 0.023922 -9.78691
v 0.028080 -0.034978 -9.728681
v 0.049670 -0.013748 -9.799479
v 0.056870 -0.019818 -9.71769
v 0.078470 0.001412 -9.78849
v 0.018770 -0.012468 -9.72711
v 0.040370 0.008762 -9.79791
v 0.058190 -0.005428 -9.71463
v 0.079780 0.015802 -9.785419
v 0.017460 -0.026858 -9.730169
v 0.039060 -0.005638 -9.80097
v 0.044400 -0.032058 -9.72351
v 0.066000 -0.010828 -9.79431
v 0.031250 -0.000228 -9.72129
v 0.052840 0.021002 -9.79208
v 0.202200 0.003802 -9.965
v 0.199860 0.013832 -10.041309
v 0.187590 -0.007098 -9.98286
v 0.185260 0.002932 -10.05917
v 0.215790 0.019062 -9.98034
v 0.213460 0.029082 -10.056649
v 0.188570 0.020842 -9.97925
v 0.186230 0.030872 -10.05556
v 0.214820 -0.008878 -9.98396
v 0.212480 0.001152 -10.06027
v 0.182440 0.007242 -9.98083
v 0.180110 0.017272 -10.05714
v 0.220940 0.004722 -9.98238
v 0.218610 0.014752 -10.05869
v 0.202380 0.025742 -9.979051
v 0.200050 0.035762 -10.05536
v 0.201000 -0.013768 -9.98416
v 0.198670 -0.003748 -10.06047
v 0.210350 0.003152 -9.938
v 0.264920 0.008362 -9.99208
v 0.205950 0.009702 -9.96315
v 0.260510 0.014912 -10.017231
v 0.238500 -0.001128 -9.936379
v 0.293070 0.004082 -9.99045
v 0.225120 0.023452 -9.94499
v 0.279680 0.028672 -9.99907
v 0.219330 -0.014878 -9.95453
v 0.273890 -0.009668 -10.008611
v 0.212760 0.021672 -9.95586
v 0.267330 0.026882 -10.009931
v 0.231680 -0.013098 -9.94367
v 0.286250 -0.007878 -9.99775
v 0.235780 0.014012 -9.93693
v 0.290350 0.019222 -9.991
v 0.208660 -0.005438 -9.96261
v 0.263230 -0.000228 -10.01668
v 0.192500 -0.001268 -9.919001
v 0.220840 -0.003698 -9.99055
v 0.217950 0.009282 -9.928781
v 0.246300 0.006852 -10.00033
v 0.179380 -0.012868 -9.94036
v 0.207720 -0.015308 -10.01191
v 0.208780 -0.018388 -9.929999
v 0.237120 -0.020828 -10.00155
v 0.188550 0.014802 -9.93914
v 0.216900 0.012372 -10.01069
v 0.219460 -0.005698 -9.92724
v 0.247800 -0.008128 -9.99879
v 0.177880 0.002112 -9.941891
v 0.206220 -0.000328 -10.013439
v 0.192180 -0.021358 -9.935431
v 0.220520 -0.023798 -10.00698
v 0.205150 0.017772 -9.9337
v 0.233500 0.015342 -10.00526
v 0.167600 -0.009188 -9.864
v 0.207960 -0.037858 -9.92298
v 0.193130 -0.011178 -9.86726
v 0.233490 -0.039848 -9.92624
v 0.159630 -0.019668 -9.8864
v 0.199980 -0.048338 -9.94538
v 0.176070 -0.033458 -9.86828
v 0.216420 -0.062128 -9.92725
v 0.176690 0.002612 -9.88539
v 0.217050 -0.026058 -9.94436
v 0.188010 -0.025178 -9.864019
v 0.228360 -0.053848 -9.92299
v 0.164750 -0.005668 -9.889649
v 0.205110 -0.034338 -9.94862
v 0.164310 -0.031178 -9.87755
v 0.204670 -0.059848 -9.93653
v 0.188450 0.000332 -9.87611
v 0.228800 -0.028338 -9.93509
v 0.147750 -0.009878 -9.829
v 0.147200 0.011982 -9.90283
v 0.145130 -0.022738 -9.85022
v 0.144580 -0.000878 -9.92405
v 0.150130 0.012492 -9.8399
v 0.149580 0.034352 -9.91373
v 0.129270 0.002362 -9.84271
v 0.128720 0.024222 -9.91654
v 0.165990 -0.012608 -9.84742
v 0.165440 0.009252 -9.921249
v 0.132880 -0.012288 -9.84705
v 0.132330 0.009572 -9.92088
v 0.162380 0.002042 -9.843081
v 0.161830 0.023902 -9.91691
v 0.136420 0.012632 -9.83975
v 0.135870 0.034492 -9.91358
v 0.158840 -0.022878 -9.85037
v 0.158290 -0.001018 -9.9242
v 0.133020 -0.013338 -9.7925
v 0.192090 0.007582 -9.83724
v 0.134300 0.009482 -9.804049
v 0.193370 0.030402 -9.84879
v 0.157450 -0.027058 -9.80041
v 0.216520 -0.006128 -9.84515
v 0.155990 -0.002828 -9.78609
v 0.215060 0.018092 -9.83082
v 0.135750 -0.014748 -9.818379
v 0.194830 0.006182 -9.86312
v 0.144840 0.008342 -9.7921
v 0.203910 0.029262 -9.83684
v 0.146900 -0.025918 -9.81236
v 0.205980 -0.004988 -9.8571
v 0.161210 -0.017488 -9.78953
v 0.220290 0.003432 -9.83427
v 0.130530 -0.000088 -9.81494
v 0.189610 0.020842 -9.85967
v 0.116770 -0.017998 -9.7655
v 0.143490 -0.048208 -9.83109
v 0.134150 -0.030248 -9.77036
v 0.160870 -0.060458 -9.83596
v 0.111010 -0.018888 -9.78918
v 0.137730 -0.049098 -9.85477
v 0.114050 -0.042028 -9.7752
v 0.140770 -0.072238 -9.84079
v 0.131110 -0.007108 -9.78434
v 0.157830 -0.037318 -9.84993
v 0.124730 -0.040928 -9.76989
v 0.151450 -0.071138 -9.83548
v 0.120430 -0.008198 -9.78965
v 0.147150 -0.038408 -9.85524
v 0.108370 -0.032898 -9.78319
v 0.135090 -0.063108 -9.84878
v 0.136790 -0.016238 -9.77635
v 0.163520 -0.046448 -9.84194
v 0.101520 -0.018578 -9.741
v 0.118860 0.020522 -9.80503
v 0.100540 -0.020568 -9.76504
v 0.117890 0.018542 -9.82906
v 0.110040 0.000422 -9.74482
v 0.127390 0.039522 -9.80885
v 0.091440 0.003552 -9.75036
v 0.108780 0.042652 -9.81439
v 0.119150 -0.023698 -9.7595
v 0.136500 0.015402 -9.823521
v 0.092140 -0.007858 -9.75885
v 0.109480 0.031242 -9.82287
v 0.118450 -0.012288 -9.75101
v 0.135800 0.026812 -9.815041
v 0.098850 0.006982 -9.74455
v 0.116200 0.046082 -9.80858
v 0.111730 -0.027128 -9.76531
v 0.129080 0.011972 -9.829329
v 0.079650 -0.024998 -9.7065
v 0.148900 -0.021078 -9.73994
v 0.105620 -0.004578 -9.70988
v 0.174870 -0.000658 -9.74332
v 0.083800 -0.043708 -9.71767
v 0.153050 -0.039788 -9.7511
v 0.103410 -0.027978 -9.69622
v 0.172660 -0.024058 -9.72966
v 0.086020 -0.020308 -9.73133
v 0.155270 -0.016388 -9.764771
v 0.108570 -0.013018 -9.698609
v 0.177820 -0.009098 -9.73205
v 0.080850 -0.035268 -9.72894
v 0.150100 -0.031348 -9.76238
v 0.093140 -0.040688 -9.70411
v 0.162390 -0.036768 -9.73755
v 0.096280 -0.007598 -9.72344
v 0.165530 -0.003678 -9.75688
v 0.053740 -0.030318 -9.6785
v 0.076750 -0.049258 -9.7495
v 0.064990 -0.048808 -9.68635
v 0.088010 -0.067748 -9.75735
v 0.052500 -0.020068 -9.70154
v 0.075510 -0.039008 -9.772531
v 0.043630 -0.047398 -9.69539
v 0.066640 -0.066338 -9.76639
v 0.073860 -0.021478 -9.6925
v 0.096880 -0.040418 -9.7635
v 0.052470 -0.053768 -9.6896
v 0.075490 -0.072708 -9.760591
v 0.065020 -0.015118 -9.69829
v 0.088030 -0.034058 -9.76929
v 0.043640 -0.033438 -9.70034
v 0.066660 -0.052378 -9.77133
v 0.073850 -0.035438 -9.68756
v 0.096870 -0.054378 -9.75855
v 0.037710 -0.139698 -9.962
v 0.057070 -0.140038 -10.03653
v 0.043310 -0.119838 -9.97801
v 0.062670 -0.120188 -10.05254
v 0.040550 -0.159708 -9.97841
v 0.059910 -0.160048 -10.052939
v 0.061220 -0.140918 -9.9732
v 0.080580 -0.141258 -10.047719
v 0.022640 -0.138628 -9.983231
v 0.042000 -0.138978 -10.05776
v 0.056540 -0.126488 -9.97452
v 0.075900 -0.126828 -10.049049
v 0.027310 -0.153058 -9.9819
v 0.046670 -0.153408 -10.05643
v 0.054590 -0.154678 -9.97481
v 0.073950 -0.155018 -10.04933
v 0.029260 -0.124868 -9.98162
v 0.048620 -0.125218 -10.056149
v 0.024200 -0.149278 -9.937
v 0.002060 -0.188928 -9.99919
v 0.027020 -0.150518 -9.96075
v 0.004870 -0.190168 -10.02293
v 0.011750 -0.165288 -9.94031
v -0.010390 -0.204928 -10.0025
v 0.030600 -0.173348 -9.944679
v 0.008460 -0.212988 -10.00687
v 0.008160 -0.142458 -9.95638
v -0.013980 -0.182108 -10.018559
v 0.032720 -0.163598 -9.95362
v 0.010570 -0.203248 -10.0158
v 0.006050 -0.152208 -9.94744
v -0.016090 -0.191848 -10.00962
v 0.021920 -0.174038 -9.93917
v -0.000220 -0.213688 -10.001349
v 0.016840 -0.141768 -9.96189
v -0.005300 -0.181408 -10.02408
v 0.028480 -0.134798 -9.915501
v 0.018300 -0.151408 -9.98999
v 0.020100 -0.157828 -9.927219
v 0.009930 -0.174448 -10.001709
v 0.032430 -0.118998 -9.9362
v 0.022250 -0.135608 -10.01069
v 0.006510 -0.136688 -9.92939
v -0.003670 -0.153308 -10.00389
v 0.046020 -0.140138 -9.93402
v 0.035840 -0.156748 -10.00852
v 0.007940 -0.150928 -9.9269
v -0.002240 -0.167538 -10.00139
v 0.044590 -0.125898 -9.93652
v 0.034420 -0.142518 -10.01101
v 0.016650 -0.123468 -9.93324
v 0.006480 -0.140078 -10.00774
v 0.035880 -0.153358 -9.93017
v 0.025700 -0.169978 -10.00466
v 0.023980 -0.118948 -9.8605
v -0.006480 -0.122838 -9.93111
v 0.002660 -0.136798 -9.87095
v -0.027800 -0.140698 -9.94156
v 0.032050 -0.102788 -9.88078
v 0.001590 -0.106678 -9.95139
v 0.001510 -0.109388 -9.8696
v -0.028950 -0.113278 -9.94021
v 0.033200 -0.130198 -9.88212
v 0.002740 -0.134098 -9.95274
v -0.004240 -0.124458 -9.86796
v -0.034700 -0.128358 -9.93857
v 0.038950 -0.115128 -9.88377
v 0.008490 -0.119018 -9.95438
v 0.016540 -0.100408 -9.87491
v -0.013920 -0.104298 -9.94553
v 0.018170 -0.139178 -9.87681
v -0.012290 -0.143068 -9.94743
v 0.025680 -0.108368 -9.822001
v 0.063010 -0.111258 -9.88929
v 0.020010 -0.091168 -9.841579
v 0.057340 -0.094068 -9.908859
v 0.047600 -0.126818 -9.831699
v 0.084920 -0.129708 -9.89899
v 0.049570 -0.100028 -9.82828
v 0.086890 -0.102918 -9.89557
v 0.018050 -0.117958 -9.84499
v 0.055370 -0.120848 -9.91228
v 0.035200 -0.090048 -9.83422
v 0.072520 -0.092948 -9.90151
v 0.032410 -0.127938 -9.83906
v 0.069730 -0.130828 -9.906341
v 0.054700 -0.115258 -9.82724
v 0.092020 -0.118148 -9.89453
v 0.012910 -0.102728 -9.84604
v 0.050230 -0.105628 -9.91333
v 0.021830 -0.100118 -9.7835
v 0.014460 -0.152828 -9.83913
v 0.037200 -0.117068 -9.79292
v 0.029820 -0.169788 -9.84856
v 0.003260 -0.106098 -9.79828
v -0.004120 -0.158808 -9.85392
v 0.014430 -0.125058 -9.78206
v 0.007050 -0.177778 -9.8377
v 0.026030 -0.098108 -9.80914
v 0.018650 -0.150828 -9.864779
v 0.028120 -0.124998 -9.78413
v 0.020750 -0.177718 -9.83977
v 0.012330 -0.098168 -9.80707
v 0.004950 -0.150888 -9.86271
v 0.004130 -0.117228 -9.78793
v -0.003250 -0.169948 -9.84356
v 0.036330 -0.105938 -9.80328
v 0.028950 -0.158658 -9.85892
v 0.020750 -0.088428 -9.7535
v -0.000760 -0.079738 -9.82692
v -0.002860 -0.096818 -9.7658
v -0.024370 -0.088138 -9.83922
v 0.035000 -0.076258 -9.77315
v 0.013490 -0.067568 -9.84658
v 0.006680 -0.069578 -9.76472
v -0.014830 -0.060888 -9.83814
v 0.025460 -0.103498 -9.77423
v 0.003960 -0.094808 -9.84766
v -0.003960 -0.081818 -9.76351
v -0.025460 -0.073128 -9.83694
v 0.036090 -0.091258 -9.77544
v 0.014590 -0.082568 -9.84886
v 0.022810 -0.067268 -9.76871
v 0.001310 -0.058588 -9.84213
v 0.009320 -0.105808 -9.77024
v -0.012180 -0.097118 -9.84366
v 0.022790 -0.080058 -9.727
v 0.059340 -0.108798 -9.78837
v 0.021990 -0.067848 -9.74756
v 0.058540 -0.096598 -9.80894
v 0.039490 -0.104768 -9.73314
v 0.076040 -0.133518 -9.79451
v 0.048140 -0.084808 -9.73069
v 0.084700 -0.113548 -9.79206
v 0.013330 -0.087818 -9.75001
v 0.049890 -0.116558 -9.81139
v 0.036860 -0.072198 -9.73862
v 0.073410 -0.100938 -9.79999
v 0.024620 -0.100428 -9.74209
v 0.061170 -0.129168 -9.80346
v 0.049230 -0.098298 -9.728419
v 0.085790 -0.127048 -9.78979
v 0.012240 -0.074318 -9.75228
v 0.048800 -0.103068 -9.81366
v 0.021600 -0.064038 -9.6885
v -0.008570 -0.115468 -9.73721
v 0.017900 -0.088708 -9.69323
v -0.012270 -0.140148 -9.74194
v 0.012170 -0.061748 -9.70497
v -0.018000 -0.113178 -9.75368
v 0.002580 -0.081468 -9.68479
v -0.027590 -0.132908 -9.73351
v 0.027490 -0.068978 -9.7134
v -0.002680 -0.120418 -9.76211
v 0.008260 -0.089168 -9.68483
v -0.021910 -0.140608 -9.73354
v 0.021810 -0.061278 -9.71336
v -0.008360 -0.112718 -9.762079
v 0.004210 -0.070108 -9.69314
v -0.025960 -0.121548 -9.74185
v 0.025870 -0.080348 -9.70506
v -0.004310 -0.131778 -9.75377
v 0.025520 -0.044748 -9.656
v 0.016510 -0.039948 -9.73232
v 0.003690 -0.044208 -9.6703
v -0.005310 -0.039408 -9.74662
v 0.043430 -0.043208 -9.67491
v 0.034420 -0.038408 -9.75123
v 0.023210 -0.023788 -9.67131
v 0.014200 -0.018988 -9.74763
v 0.023910 -0.063628 -9.6739
v 0.014900 -0.058828 -9.75022
v 0.009260 -0.029978 -9.67006
v 0.000260 -0.025178 -9.74638
v 0.037860 -0.057438 -9.67515
v 0.028850 -0.052638 -9.75147
v 0.037360 -0.029268 -9.67332
v 0.028350 -0.024468 -9.74964
v 0.009760 -0.058148 -9.67189
v 0.000750 -0.053348 -9.74821
v 0.029540 0.086872 -9.9315
v 0.028020 0.077792 -10.00795
v 0.043870 0.072362 -9.94695
v 0.042360 0.063282 -10.023399
v 0.014540 0.097432 -9.94932
v 0.013030 0.088352 -10.02576
v 0.016620 0.069542 -9.94606
v 0.015110 0.060452 -10.022511
v 0.041790 0.100262 -9.95021
v 0.040280 0.091172 -10.02665
v 0.030680 0.065172 -9.94583
v 0.029170 0.056092 -10.022281
v 0.027730 0.104622 -9.95044
v 0.026220 0.095542 -10.02688
v 0.009940 0.082902 -9.9475
v 0.008430 0.073812 -10.023951
v 0.048480 0.086902 -9.94876
v 0.046960 0.077812 -10.02521
v 0.022430 0.098412 -9.905
v 0.011320 0.146062 -9.96445
v 0.034030 0.093222 -9.930449
v 0.022920 0.140882 -9.9899
v 0.005990 0.124332 -9.90542
v -0.005120 0.171982 -9.96487
v 0.000260 0.106772 -9.915851
v -0.010850 0.154422 -9.97531
v 0.039770 0.110782 -9.92002
v 0.028660 0.158442 -9.97947
v 0.015960 0.096362 -9.92531
v 0.004850 0.144012 -9.98477
v 0.024070 0.121192 -9.910561
v 0.012960 0.168852 -9.97001
v -0.003870 0.118352 -9.90761
v -0.014980 0.166012 -9.967071
v 0.043890 0.099202 -9.92826
v 0.032780 0.146852 -9.98771
v 0.027140 0.083522 -9.884
v 0.031170 0.107502 -9.95706
v 0.016820 0.102052 -9.89632
v 0.020840 0.126042 -9.96938
v 0.039210 0.075422 -9.90347
v 0.043240 0.099402 -9.97653
v 0.041770 0.102242 -9.8947
v 0.045790 0.126232 -9.96776
v 0.014270 0.075222 -9.905089
v 0.018290 0.099212 -9.97815
v 0.029820 0.107702 -9.89369
v 0.033850 0.131692 -9.96675
v 0.026210 0.069762 -9.9061
v 0.030240 0.093752 -9.979151
v 0.045660 0.088872 -9.89875
v 0.049690 0.112862 -9.97181
v 0.010370 0.088602 -9.90104
v 0.014400 0.112582 -9.9741
v 0.027560 0.068642 -9.8315
v 0.062590 0.105942 -9.88904
v 0.036470 0.093812 -9.83819
v 0.071500 0.131112 -9.89573
v 0.033890 0.059702 -9.84985
v 0.068920 0.097002 -9.90738
v 0.050750 0.080522 -9.8321
v 0.085780 0.117822 -9.88964
v 0.019610 0.072992 -9.85594
v 0.054640 0.110292 -9.91347
v 0.047100 0.091482 -9.83147
v 0.082130 0.128782 -9.88901
v 0.023260 0.062032 -9.85657
v 0.058290 0.099332 -9.914101
v 0.045270 0.067362 -9.83971
v 0.080310 0.104662 -9.89725
v 0.025090 0.086152 -9.84832
v 0.060120 0.123452 -9.90586
v 0.023500 0.053532 -9.7935
v 0.018780 0.039472 -9.86906
v 0.041860 0.045422 -9.8102
v 0.037140 0.031352 -9.88576
v 0.003080 0.055532 -9.809669
v -0.001640 0.041472 -9.88523
v 0.017560 0.031512 -9.8061
v 0.012830 0.017442 -9.88166
v 0.027390 0.069442 -9.81378
v 0.022660 0.055372 -9.88933
v 0.032710 0.033492 -9.80741
v 0.027980 0.019422 -9.88297
v 0.012240 0.067462 -9.81246
v 0.007510 0.053402 -9.888021
v 0.005290 0.040642 -9.80704
v 0.000560 0.026572 -9.88259
v 0.039660 0.060312 -9.81284
v 0.034930 0.046242 -9.8884
v 0.021060 0.044282 -9.754
v 0.001060 0.093222 -9.809979
v 0.005940 0.043782 -9.77019
v -0.014060 0.092722 -9.82616
v 0.027470 0.066072 -9.76217
v 0.007470 0.115022 -9.81815
v 0.006060 0.065562 -9.75307
v -0.013950 0.114512 -9.80904
v 0.027360 0.044292 -9.77929
v 0.007360 0.093232 -9.83526
v 0.001560 0.054562 -9.75974
v -0.018440 0.103512 -9.81572
v 0.031850 0.055292 -9.77261
v 0.011850 0.104232 -9.82859
v 0.016790 0.070332 -9.75407
v -0.003220 0.119282 -9.81005
v 0.016630 0.039522 -9.77828
v -0.003370 0.088462 -9.83426
v 0.022290 0.032272 -9.724501
v 0.061230 0.054922 -9.78695
v 0.042860 0.055672 -9.7306
v 0.081790 0.078312 -9.793051
v 0.018660 0.018742 -9.74557
v 0.057600 0.041382 -9.80802
v 0.047940 0.032392 -9.72912
v 0.086870 0.055032 -9.79158
v 0.013580 0.042012 -9.74705
v 0.052520 0.064662 -9.8095
v 0.051460 0.046852 -9.72646
v 0.090400 0.069502 -9.78891
v 0.010060 0.027552 -9.749721
v 0.049000 0.050192 -9.81217
v 0.034350 0.020742 -9.73704
v 0.073290 0.043392 -9.79949
v 0.027170 0.053662 -9.73913
v 0.066100 0.076302 -9.801579
v 0.019860 0.020782 -9.6985
v -0.007150 0.022232 -9.77059
v 0.032560 0.008472 -9.719831
v 0.005560 0.009922 -9.79193
v -0.004590 0.033722 -9.70854
v -0.031600 0.035172 -9.78063
v 0.002060 0.005642 -9.71003
v -0.024950 0.007092 -9.78212
v 0.025910 0.036552 -9.71834
v -0.001090 0.038002 -9.790441
v 0.018690 0.001232 -9.71524
v -0.008320 0.002692 -9.78733
v 0.009280 0.040962 -9.71313
v -0.017720 0.042412 -9.785231
v -0.007590 0.019092 -9.70725
v -0.034600 0.020542 -9.77935
v 0.035560 0.023102 -9.72112
v 0.008550 0.024552 -9.79321
v 0.021970 0.004752 -9.66
v 0.014520 0.068172 -9.70303
v 0.000570 0.016142 -9.669479
v -0.006890 0.079562 -9.71251
v 0.040130 0.020962 -9.66925
v 0.032680 0.084382 -9.71228
v 0.018910 0.029622 -9.65281
v 0.011450 0.093032 -9.69584
v 0.021790 0.007492 -9.68592
v 0.014330 0.070902 -9.728951
v 0.005340 0.024672 -9.65774
v -0.002110 0.088092 -9.700769
v 0.035350 0.012432 -9.68099
v 0.027900 0.075852 -9.72402
v 0.033320 0.028082 -9.65757
v 0.025860 0.091492 -9.70061
v 0.007380 0.009032 -9.681149
v -0.000080 0.072442 -9.72418
v 0.025120 -0.016478 -9.628
v 0.055250 0.000332 -9.69684
v 0.049740 0.001882 -9.63471
v 0.079870 0.018692 -9.703549
v 0.013610 -0.027508 -9.65124
v 0.043750 -0.010698 -9.720079
v 0.046620 -0.025608 -9.63956
v 0.076750 -0.008798 -9.7084
v 0.016730 -0.000028 -9.64639
v 0.046870 0.016782 -9.71523
v 0.055010 -0.011468 -9.63471
v 0.085140 0.005342 -9.703549
v 0.008340 -0.014158 -9.65124
v 0.038470 0.002652 -9.72008
v 0.029470 -0.032248 -9.64641
v 0.059600 -0.015438 -9.71524
v 0.033880 0.006622 -9.63955
v 0.064010 0.023432 -9.70838
v 0.205700 -0.064918 -9.875
v 0.211580 -0.052628 -9.950789
v 0.188030 -0.066138 -9.89363
v 0.193910 -0.053848 -9.96941
v 0.225930 -0.058358 -9.88935
v 0.231800 -0.046068 -9.96513
v 0.202810 -0.042928 -9.88868
v 0.208690 -0.030638 -9.96446
v 0.211150 -0.081568 -9.8943
v 0.217020 -0.069278 -9.97008
v 0.190630 -0.051328 -9.89102
v 0.196510 -0.039048 -9.9668
v 0.223330 -0.073158 -9.89196
v 0.229200 -0.060868 -9.96775
v 0.217430 -0.045838 -9.88799
v 0.223310 -0.033548 -9.96377
v 0.196530 -0.078658 -9.89499
v 0.202400 -0.066368 -9.97077
v 0.210300 -0.071448 -9.8485
v 0.263030 -0.093638 -9.90003
v 0.202340 -0.063918 -9.87321
v 0.255080 -0.086108 -9.92474
v 0.241200 -0.088628 -9.84622
v 0.293940 -0.110818 -9.89775
v 0.233930 -0.061688 -9.85355
v 0.286670 -0.083878 -9.905089
v 0.209620 -0.090858 -9.86587
v 0.262350 -0.113048 -9.917399
v 0.216630 -0.057218 -9.8649
v 0.269370 -0.079408 -9.91643
v 0.226920 -0.095328 -9.85452
v 0.279650 -0.117518 -9.90606
v 0.244110 -0.074688 -9.84581
v 0.296840 -0.096888 -9.89735
v 0.199440 -0.077848 -9.87361
v 0.252170 -0.100048 -9.92514
v 0.191550 -0.067338 -9.829499
v 0.217520 -0.081208 -9.90065
v 0.216200 -0.068518 -9.83848
v 0.242170 -0.082398 -9.90962
v 0.178210 -0.072188 -9.85148
v 0.204180 -0.086068 -9.92263
v 0.197720 -0.089908 -9.84097
v 0.223690 -0.103788 -9.91212
v 0.196680 -0.050798 -9.84898
v 0.222650 -0.064678 -9.92013
v 0.211000 -0.082888 -9.83755
v 0.236970 -0.096758 -9.9087
v 0.183400 -0.057818 -9.85241
v 0.209380 -0.071698 -9.92355
v 0.184140 -0.085478 -9.84674
v 0.210110 -0.099348 -9.91789
v 0.210260 -0.055228 -9.84321
v 0.236240 -0.069108 -9.91436
v 0.166450 -0.065488 -9.783
v 0.192830 -0.106428 -9.84265
v 0.180920 -0.079478 -9.78536
v 0.207290 -0.120408 -9.84501
v 0.163460 -0.069318 -9.80659
v 0.189830 -0.110248 -9.86624
v 0.162610 -0.090528 -9.789149
v 0.188980 -0.131458 -9.84879
v 0.181770 -0.058268 -9.80281
v 0.208140 -0.099198 -9.86246
v 0.171590 -0.089398 -9.78364
v 0.197960 -0.130328 -9.843289
v 0.172790 -0.059398 -9.80832
v 0.199160 -0.100328 -9.86796
v 0.159240 -0.082208 -9.79865
v 0.185620 -0.123138 -9.8583
v 0.185140 -0.066588 -9.7933
v 0.211510 -0.107518 -9.85295
v 0.145360 -0.058488 -9.747499
v 0.161090 -0.034368 -9.81891
v 0.138840 -0.064408 -9.77011
v 0.154580 -0.040288 -9.84152
v 0.158710 -0.042068 -9.75597
v 0.174450 -0.017948 -9.82738
v 0.136210 -0.037918 -9.76063
v 0.151940 -0.013798 -9.83204
v 0.161350 -0.068558 -9.76544
v 0.177090 -0.044438 -9.83685
v 0.132870 -0.050298 -9.76633
v 0.148600 -0.026178 -9.83775
v 0.164690 -0.056178 -9.75974
v 0.180430 -0.032058 -9.83115
v 0.146910 -0.034508 -9.75634
v 0.162650 -0.010388 -9.827749
v 0.150640 -0.071968 -9.76974
v 0.166380 -0.047848 -9.84115
v 0.127410 -0.056608 -9.71
v 0.191900 -0.064218 -9.751369
v 0.142540 -0.038408 -9.71939
v 0.207030 -0.046018 -9.76076
v 0.140340 -0.078118 -9.71861
v 0.204830 -0.085718 -9.75998
v 0.152140 -0.059068 -9.702169
v 0.216630 -0.066668 -9.74354
v 0.130730 -0.057468 -9.735829
v 0.195230 -0.065068 -9.777209
v 0.149780 -0.044788 -9.70737
v 0.214280 -0.052398 -9.74874
v 0.133090 -0.071738 -9.73063
v 0.197580 -0.079338 -9.771999
v 0.148230 -0.072868 -9.70682
v 0.212720 -0.080468 -9.74819
v 0.134650 -0.043658 -9.73118
v 0.199140 -0.051268 -9.77255
v 0.108020 -0.054338 -9.683
v 0.121300 -0.089108 -9.750401
v 0.113650 -0.075498 -9.68842
v 0.126930 -0.110278 -9.75582
v 0.108170 -0.048298 -9.70691
v 0.121450 -0.083078 -9.77431
v 0.094830 -0.073398 -9.6949
v 0.108110 -0.108178 -9.7623
v 0.126990 -0.050398 -9.70043
v 0.140270 -0.085178 -9.76783
v 0.101470 -0.079648 -9.68917
v 0.114760 -0.114428 -9.75657
v 0.120340 -0.044148 -9.70616
v 0.133620 -0.078928 -9.773561
v 0.097600 -0.060418 -9.70225
v 0.110880 -0.095188 -9.76965
v 0.124220 -0.063388 -9.69308
v 0.137500 -0.098168 -9.76048
v 0.092900 -0.049028 -9.659
v 0.130950 -0.019498 -9.71908
v 0.089310 -0.044638 -9.6834
v 0.127360 -0.015108 -9.74348
v 0.113050 -0.040568 -9.66074
v 0.151090 -0.011038 -9.72082
v 0.095240 -0.024278 -9.666821
v 0.133290 0.005252 -9.7269
v 0.107110 -0.060928 -9.67732
v 0.145160 -0.031398 -9.7374
v 0.088590 -0.031088 -9.67637
v 0.126640 -0.001558 -9.736449
v 0.113770 -0.054118 -9.66777
v 0.151810 -0.024588 -9.72785
v 0.105370 -0.028208 -9.66035
v 0.143420 0.001322 -9.72042
v 0.096980 -0.056998 -9.68379
v 0.135030 -0.027468 -9.74387
v 0.067610 -0.046138 -9.625
v 0.132170 -0.074258 -9.65613
v 0.098760 -0.035858 -9.6261
v 0.163330 -0.063978 -9.657229
v 0.064550 -0.068648 -9.63745
v 0.129120 -0.096768 -9.66858
v 0.086210 -0.061008 -9.61442
v 0.150780 -0.089118 -9.64555
v 0.077100 -0.043508 -9.64913
v 0.141660 -0.071618 -9.68026
v 0.096970 -0.046848 -9.61549
v 0.161540 -0.074968 -9.64662
v 0.066330 -0.057658 -9.64806
v 0.130900 -0.085778 -9.67919
v 0.072780 -0.070038 -9.62351
v 0.137350 -0.098148 -9.65465
v 0.090530 -0.034468 -9.64003
v 0.155100 -0.062588 -9.67117
v 0.039430 -0.039718 -9.597
v 0.055720 -0.062988 -9.668571
v 0.040160 -0.063398 -9.6059
v 0.056450 -0.086668 -9.677469
v 0.045790 -0.026148 -9.61924
v 0.062080 -0.049418 -9.69081
v 0.023650 -0.048678 -9.6157
v 0.039940 -0.071948 -9.68727
v 0.062300 -0.040868 -9.60944
v 0.078590 -0.064138 -9.68101
v 0.027320 -0.060708 -9.61007
v 0.043610 -0.083978 -9.681641
v 0.058630 -0.028848 -9.61507
v 0.074920 -0.052118 -9.68664
v 0.031300 -0.034368 -9.6195
v 0.047590 -0.057638 -9.69107
v 0.054650 -0.055188 -9.60564
v 0.070940 -0.078458 -9.67721
v -0.047560 -0.108938 -9.8815
v -0.034210 -0.116268 -9.95698
v -0.033890 -0.093578 -9.8977
v -0.020550 -0.100908 -9.97318
v -0.055420 -0.127488 -9.89814
v -0.042070 -0.134818 -9.97362
v -0.028060 -0.120908 -9.89398
v -0.014710 -0.128238 -9.96946
v -0.061250 -0.100158 -9.901859
v -0.047910 -0.107488 -9.97734
v -0.025310 -0.105878 -9.89498
v -0.011960 -0.113208 -9.97046
v -0.064000 -0.115188 -9.90086
v -0.050660 -0.122518 -9.97634
v -0.040530 -0.129858 -9.89529
v -0.027180 -0.137188 -9.97077
v -0.048780 -0.091208 -9.900559
v -0.035430 -0.098538 -9.97604
v -0.061340 -0.112378 -9.855
v -0.103930 -0.134548 -9.9152
v -0.056570 -0.117448 -9.87957
v -0.099150 -0.139618 -9.93976
v -0.084640 -0.116958 -9.85663
v -0.127230 -0.139128 -9.91682
v -0.067490 -0.136318 -9.863259
v -0.110080 -0.158488 -9.92345
v -0.073710 -0.098088 -9.87294
v -0.116300 -0.120258 -9.93313
v -0.058480 -0.130888 -9.87278
v -0.101070 -0.153058 -9.93298
v -0.082730 -0.103508 -9.86341
v -0.125310 -0.125678 -9.9236
v -0.078330 -0.130548 -9.85656
v -0.120920 -0.152718 -9.916759
v -0.062880 -0.103858 -9.87963
v -0.105470 -0.126028 -9.93982
v -0.049020 -0.102868 -9.834
v -0.069420 -0.109428 -9.90796
v -0.068460 -0.120488 -9.84567
v -0.088850 -0.127048 -9.91963
v -0.038450 -0.088108 -9.854509
v -0.058850 -0.094668 -9.928471
v -0.069380 -0.092738 -9.84672
v -0.089780 -0.099298 -9.92068
v -0.037530 -0.115848 -9.85346
v -0.057930 -0.122408 -9.92742
v -0.075330 -0.107568 -9.84459
v -0.095720 -0.114128 -9.91854
v -0.031590 -0.101018 -9.85559
v -0.051980 -0.107578 -9.92956
v -0.054110 -0.084678 -9.85083
v -0.074510 -0.091238 -9.92479
v -0.052800 -0.123918 -9.84935
v -0.073200 -0.130478 -9.92331
v -0.033250 -0.086318 -9.746
v -0.004220 -0.102308 -9.815499
v -0.030120 -0.070268 -9.764771
v -0.001080 -0.086268 -9.83427
v -0.023750 -0.109318 -9.75747
v 0.005280 -0.125318 -9.82697
v -0.008550 -0.090238 -9.75334
v 0.020480 -0.106228 -9.82284
v -0.045310 -0.089358 -9.7689
v -0.016280 -0.105348 -9.8384
v -0.016190 -0.076298 -9.7582
v 0.012850 -0.092298 -9.827701
v -0.037680 -0.103288 -9.76404
v -0.008650 -0.119288 -9.83354
v -0.011690 -0.103908 -9.75304
v 0.017350 -0.119908 -9.82254
v -0.042180 -0.075678 -9.7692
v -0.013150 -0.091678 -9.8387
v -0.031560 -0.079558 -9.705
v -0.065190 -0.118218 -9.76247
v -0.026890 -0.102168 -9.71612
v -0.060510 -0.140838 -9.77359
v -0.050860 -0.073758 -9.71889
v -0.084490 -0.112428 -9.77637
v -0.050170 -0.097778 -9.70429
v -0.083800 -0.136448 -9.761769
v -0.027580 -0.078148 -9.73072
v -0.061200 -0.116818 -9.78819
v -0.038390 -0.104948 -9.70718
v -0.072010 -0.143618 -9.76466
v -0.039360 -0.070978 -9.72783
v -0.072990 -0.109648 -9.7853
v -0.055340 -0.084858 -9.70914
v -0.088970 -0.123528 -9.76662
v -0.022410 -0.091068 -9.72587
v -0.056030 -0.129738 -9.78334
v -0.025750 -0.070348 -9.6735
v -0.041590 -0.047688 -9.74536
v -0.048680 -0.066448 -9.68515
v -0.064520 -0.043778 -9.75702
v -0.009720 -0.064388 -9.69312
v -0.025560 -0.041718 -9.76498
v -0.028990 -0.046368 -9.683169
v -0.044830 -0.023698 -9.755031
v -0.029410 -0.084468 -9.6951
v -0.045250 -0.061808 -9.76696
v -0.042830 -0.052678 -9.682099
v -0.058670 -0.030008 -9.75397
v -0.015580 -0.078168 -9.69617
v -0.031420 -0.055498 -9.76803
v -0.015280 -0.051218 -9.68773
v -0.031120 -0.028548 -9.7596
v -0.043120 -0.079618 -9.690539
v -0.058960 -0.056948 -9.7624
v -0.019380 -0.065988 -9.6465
v -0.002710 -0.104808 -9.71087
v -0.013340 -0.059078 -9.66691
v 0.003330 -0.097898 -9.73128
v -0.018170 -0.089788 -9.654099
v -0.001500 -0.128608 -9.71848
v 0.000310 -0.082268 -9.65162
v 0.016980 -0.121088 -9.71599
v -0.031820 -0.066598 -9.66939
v -0.015150 -0.105418 -9.733769
v -0.002680 -0.069118 -9.658751
v 0.013980 -0.107938 -9.72313
v -0.028820 -0.079748 -9.66226
v -0.012160 -0.118568 -9.72664
v -0.006100 -0.090838 -9.64969
v 0.010570 -0.129658 -9.71407
v -0.025410 -0.058038 -9.67132
v -0.008740 -0.096858 -9.73569
v -0.011520 -0.053758 -9.606501
v -0.064200 -0.080638 -9.6558
v -0.027010 -0.078308 -9.61273
v -0.079690 -0.105188 -9.662029
v -0.018960 -0.040898 -9.621719
v -0.071640 -0.067778 -9.67103
v -0.036530 -0.059948 -9.60257
v -0.089210 -0.086828 -9.65187
v -0.009440 -0.059268 -9.63189
v -0.062120 -0.086148 -9.68119
v -0.035410 -0.073068 -9.60368
v -0.088090 -0.099948 -9.65298
v -0.010560 -0.046138 -9.63077
v -0.063240 -0.073018 -9.680079
v -0.029710 -0.046618 -9.61004
v -0.082400 -0.073498 -9.65934
v -0.016250 -0.072598 -9.624411
v -0.068930 -0.099468 -9.67372
v 0.002670 -0.040628 -9.5725
v -0.004920 -0.027018 -9.64791
v -0.014630 -0.028578 -9.58551
v -0.022210 -0.014968 -9.66092
v 0.016660 -0.046758 -9.5923
v 0.009070 -0.033138 -9.66771
v 0.010520 -0.020248 -9.58672
v 0.002930 -0.006628 -9.66212
v -0.008490 -0.055088 -9.59109
v -0.016070 -0.041478 -9.6665
v -0.003330 -0.018918 -9.58496
v -0.010910 -0.005308 -9.66036
v 0.005360 -0.056408 -9.592859
v -0.002230 -0.042798 -9.668261
v 0.018790 -0.031778 -9.58976
v 0.011210 -0.018158 -9.66516
v -0.016770 -0.043558 -9.58805
v -0.024350 -0.029948 -9.66346
v 0.085350 0.120612 -9.8255
v 0.082960 0.121052 -9.90246
v 0.093350 0.102512 -9.8426
v 0.090970 0.102942 -9.91956
v 0.076300 0.138912 -9.841889
v 0.073920 0.139352 -9.91885
v 0.066630 0.112512 -9.84173
v 0.064250 0.112952 -9.91869
v 0.103020 0.128912 -9.84276
v 0.100640 0.129342 -9.919721
v 0.077990 0.102042 -9.84213
v 0.075600 0.102482 -9.91909
v 0.091670 0.139382 -9.84236
v 0.089280 0.139812 -9.91932
v 0.065930 0.127792 -9.84163
v 0.063550 0.128222 -9.918591
v 0.103720 0.113632 -9.84286
v 0.101340 0.114072 -9.91982
v 0.082310 0.128422 -9.798
v 0.098740 0.183192 -9.84957
v 0.094460 0.128442 -9.8239
v 0.110890 0.183212 -9.87547
v 0.077300 0.152242 -9.794539
v 0.093730 0.207012 -9.8461
v 0.067470 0.147782 -9.80718
v 0.083900 0.202552 -9.85875
v 0.104300 0.132902 -9.81126
v 0.120720 0.187672 -9.86283
v 0.078930 0.137192 -9.81816
v 0.095360 0.191962 -9.86973
v 0.092840 0.143492 -9.80028
v 0.109260 0.198262 -9.851851
v 0.066800 0.154012 -9.79739
v 0.083220 0.208782 -9.84896
v 0.104970 0.126672 -9.82104
v 0.121400 0.181442 -9.87261
v 0.078050 0.110212 -9.779
v 0.097320 0.136112 -9.8489
v 0.083610 0.134272 -9.78892
v 0.102890 0.160172 -9.85883
v 0.080870 0.097422 -9.79949
v 0.100150 0.123322 -9.8694
v 0.100740 0.119602 -9.78772
v 0.120020 0.145502 -9.85762
v 0.063740 0.112092 -9.8007
v 0.083020 0.138002 -9.8706
v 0.096290 0.131522 -9.78588
v 0.115570 0.157432 -9.85578
v 0.068190 0.100172 -9.80254
v 0.087470 0.126072 -9.87244
v 0.094350 0.105472 -9.79335
v 0.113630 0.131372 -9.86326
v 0.070130 0.126222 -9.79506
v 0.089410 0.152122 -9.86497
v 0.056590 0.073262 -9.6995
v 0.048650 0.074632 -9.77608
v 0.070700 0.060032 -9.717911
v 0.062750 0.061402 -9.79449
v 0.039030 0.087082 -9.71441
v 0.031080 0.088442 -9.79098
v 0.041380 0.058872 -9.71502
v 0.033440 0.060242 -9.7916
v 0.068340 0.088242 -9.7173
v 0.060400 0.089612 -9.79387
v 0.056530 0.053612 -9.7166
v 0.048580 0.054982 -9.79317
v 0.053190 0.093502 -9.71572
v 0.045250 0.094872 -9.7923
v 0.034130 0.072742 -9.71412
v 0.026190 0.074102 -9.79069
v 0.075590 0.074382 -9.7182
v 0.067650 0.075742 -9.79478
v 0.048180 0.060022 -9.66
v 0.055880 0.119502 -9.70829
v 0.034370 0.071392 -9.67552
v 0.042070 0.130862 -9.72381
v 0.065330 0.074542 -9.6655
v 0.073040 0.134012 -9.71379
v 0.044990 0.085542 -9.655789
v 0.052690 0.145022 -9.704081
v 0.054710 0.060382 -9.68523
v 0.062410 0.119862 -9.733521
v 0.035460 0.080742 -9.66364
v 0.043170 0.140222 -9.711941
v 0.064240 0.065182 -9.67737
v 0.071940 0.124662 -9.72567
v 0.057360 0.082972 -9.65655
v 0.065060 0.142452 -9.70485
v 0.042340 0.062952 -9.684461
v 0.050040 0.122432 -9.73275
v 0.042060 0.043722 -9.63
v 0.089100 0.053732 -9.69013
v 0.071350 0.060402 -9.63321
v 0.118400 0.070412 -9.69334
v 0.033230 0.031402 -9.65295
v 0.080280 0.041402 -9.71308
v 0.064900 0.032432 -9.63546
v 0.111940 0.042432 -9.69559
v 0.039680 0.059372 -9.65071
v 0.086730 0.069382 -9.71084
v 0.074680 0.046632 -9.63071
v 0.121730 0.056632 -9.690841
v 0.029900 0.045172 -9.65545
v 0.076940 0.055182 -9.71558
v 0.047730 0.026122 -9.64467
v 0.094770 0.036122 -9.704801
v 0.056850 0.065682 -9.64149
v 0.103900 0.075692 -9.70162
v 0.033470 0.031342 -9.6055
v 0.013220 0.055432 -9.67578
v 0.043760 0.019492 -9.62859
v 0.023510 0.043572 -9.698871
v 0.014370 0.053682 -9.61299
v -0.005880 0.077772 -9.68327
v 0.011020 0.028382 -9.6184
v -0.009230 0.052472 -9.688681
v 0.047110 0.044782 -9.62318
v 0.026860 0.068872 -9.69346
v 0.026690 0.018702 -9.62462
v 0.006450 0.042782 -9.6949
v 0.031430 0.054472 -9.616961
v 0.011190 0.078562 -9.687241
v 0.005910 0.042882 -9.61359
v -0.014330 0.066962 -9.68386
v 0.052210 0.030292 -9.62799
v 0.031970 0.054382 -9.69827
v 0.026060 0.010452 -9.569
v 0.051010 0.074662 -9.60342
v 0.013210 0.031762 -9.57625
v 0.038150 0.095972 -9.61067
v 0.049780 0.017082 -9.57673
v 0.074720 0.081282 -9.61115
v 0.034970 0.032642 -9.55863
v 0.059920 0.096852 -9.59305
v 0.028010 0.016202 -9.59435
v 0.052960 0.080402 -9.62877
v 0.021030 0.035432 -9.56369
v 0.045970 0.099632 -9.59811
v 0.041960 0.013422 -9.58929
v 0.066900 0.077622 -9.62371
v 0.046880 0.025042 -9.564031
v 0.071830 0.089252 -9.59845
v 0.016100 0.023802 -9.58895
v 0.041050 0.088002 -9.62337
v 0.017210 -0.015118 -9.538
v 0.054120 -0.004658 -9.60476
v 0.044950 -0.006228 -9.542629
v 0.081860 0.004222 -9.60939
v 0.005520 -0.019458 -9.56242
v 0.042430 -0.008998 -9.62918
v 0.032310 -0.031488 -9.55153
v 0.069220 -0.021028 -9.61829
v 0.018160 0.005802 -9.55352
v 0.055070 0.016252 -9.62028
v 0.044180 -0.021348 -9.54482
v 0.081090 -0.010898 -9.611589
v 0.006290 -0.004338 -9.56022
v 0.043200 0.006122 -9.62699
v 0.016300 -0.030698 -9.55882
v 0.053210 -0.020248 -9.62558
v 0.034180 0.005012 -9.54623
v 0.071090 0.015472 -9.61299
v 0.166800 -0.147418 -9.7795
v 0.181120 -0.140798 -9.85487
v 0.150230 -0.139468 -9.79887
v 0.164550 -0.132848 -9.87423
v 0.189600 -0.152488 -9.79293
v 0.203920 -0.145868 -9.86829
v 0.176030 -0.127178 -9.79308
v 0.190350 -0.120558 -9.86845
v 0.163800 -0.164768 -9.79871
v 0.178120 -0.158148 -9.87408
v 0.160320 -0.128078 -9.79601
v 0.174640 -0.121458 -9.87137
v 0.179510 -0.163868 -9.79578
v 0.193830 -0.157248 -9.87115
v 0.188160 -0.137288 -9.79181
v 0.202480 -0.130668 -9.867169
v 0.151670 -0.154658 -9.79999
v 0.165990 -0.148038 -9.87535
v 0.165280 -0.154698 -9.7525
v 0.200420 -0.202438 -9.80164
v 0.155580 -0.150598 -9.77692
v 0.190720 -0.198338 -9.82606
v 0.190260 -0.179568 -9.74946
v 0.225400 -0.227308 -9.79861
v 0.190680 -0.159128 -9.75628
v 0.225820 -0.206868 -9.80543
v 0.155160 -0.171038 -9.7701
v 0.190300 -0.218778 -9.81924
v 0.173220 -0.150628 -9.76801
v 0.208360 -0.198368 -9.81716
v 0.172620 -0.179538 -9.758369
v 0.207760 -0.227278 -9.807509
v 0.197740 -0.171118 -9.7486
v 0.232880 -0.218858 -9.79774
v 0.148100 -0.159058 -9.777781
v 0.183240 -0.206798 -9.82693
v 0.150450 -0.141168 -9.735
v 0.167870 -0.167628 -9.80518
v 0.166640 -0.155018 -9.74306
v 0.184060 -0.181478 -9.81324
v 0.141840 -0.138828 -9.75748
v 0.159260 -0.165288 -9.82766
v 0.144380 -0.163838 -9.74634
v 0.161800 -0.190298 -9.81652
v 0.164100 -0.130018 -9.7542
v 0.181520 -0.156478 -9.82438
v 0.156040 -0.164608 -9.74239
v 0.173460 -0.191068 -9.812571
v 0.152440 -0.129238 -9.75815
v 0.169860 -0.155698 -9.82833
v 0.138500 -0.153158 -9.75259
v 0.155920 -0.179618 -9.82277
v 0.169980 -0.140688 -9.74795
v 0.187400 -0.167148 -9.81813
v 0.112690 -0.113078 -9.660501
v 0.142190 -0.096908 -9.72976
v 0.102780 -0.111708 -9.68377
v 0.132280 -0.095548 -9.75303
v 0.135440 -0.107408 -9.66737
v 0.164930 -0.091248 -9.736629
v 0.115450 -0.090158 -9.6726
v 0.144950 -0.073998 -9.74186
v 0.122760 -0.128958 -9.67854
v 0.152260 -0.112798 -9.7478
v 0.104980 -0.097368 -9.67927
v 0.134480 -0.081198 -9.748529
v 0.133240 -0.121758 -9.67187
v 0.162740 -0.105588 -9.74113
v 0.128070 -0.094318 -9.66767
v 0.157570 -0.078158 -9.73693
v 0.110150 -0.124798 -9.68347
v 0.139650 -0.108638 -9.75273
v 0.095020 -0.103908 -9.6215
v 0.149780 -0.140278 -9.6616
v 0.120450 -0.095548 -9.62924
v 0.175210 -0.131918 -9.66934
v 0.093420 -0.128088 -9.63121
v 0.148180 -0.164458 -9.67131
v 0.114940 -0.118528 -9.61321
v 0.169700 -0.154888 -9.65331
v 0.098930 -0.105118 -9.64724
v 0.153690 -0.141478 -9.68734
v 0.122150 -0.105058 -9.617499
v 0.176910 -0.141418 -9.657599
v 0.091710 -0.118588 -9.64295
v 0.146470 -0.154948 -9.68305
v 0.103040 -0.128068 -9.61889
v 0.157800 -0.164428 -9.65899
v 0.110830 -0.095578 -9.64156
v 0.165590 -0.131938 -9.68166
v 0.076600 -0.092968 -9.592999
v 0.074930 -0.126798 -9.66215
v 0.069760 -0.118108 -9.59941
v 0.068090 -0.151938 -9.66856
v 0.082710 -0.082548 -9.61668
v 0.081040 -0.116368 -9.68583
v 0.056470 -0.102648 -9.60643
v 0.054800 -0.136478 -9.67558
v 0.096000 -0.098008 -9.60966
v 0.094330 -0.131838 -9.67881
v 0.057680 -0.114548 -9.600801
v 0.056010 -0.148368 -9.66995
v 0.094790 -0.086108 -9.61529
v 0.093120 -0.119938 -9.68444
v 0.066840 -0.089398 -9.61301
v 0.065170 -0.123228 -9.68216
v 0.085630 -0.111258 -9.60308
v 0.083960 -0.145088 -9.67223
v 0.064830 -0.082088 -9.5685
v 0.115240 -0.072258 -9.62587
v 0.058260 -0.073298 -9.59275
v 0.108670 -0.063468 -9.65012
v 0.093330 -0.086598 -9.56921
v 0.143740 -0.076768 -9.62658
v 0.079240 -0.061298 -9.57475
v 0.129660 -0.051468 -9.63212
v 0.072340 -0.098598 -9.58721
v 0.122750 -0.088768 -9.64458
v 0.065830 -0.062058 -9.5849
v 0.116240 -0.052228 -9.64226
v 0.085750 -0.097838 -9.57706
v 0.136160 -0.088008 -9.63443
v 0.090630 -0.071468 -9.56825
v 0.141050 -0.061628 -9.62562
v 0.060950 -0.088438 -9.59371
v 0.111360 -0.078598 -9.65108
v 0.041670 -0.068378 -9.534
v 0.085950 -0.123128 -9.56514
v 0.065550 -0.071068 -9.533831
v 0.109840 -0.125818 -9.56497
v 0.037050 -0.089518 -9.54772
v 0.081340 -0.144268 -9.578859
v 0.050090 -0.090868 -9.52389
v 0.094380 -0.145628 -9.55503
v 0.052510 -0.069708 -9.55766
v 0.096800 -0.124458 -9.5888
v 0.060520 -0.081248 -9.52393
v 0.104810 -0.135998 -9.55507
v 0.042080 -0.079328 -9.55763
v 0.086360 -0.134078 -9.58877
v 0.040370 -0.094298 -9.53375
v 0.084660 -0.149048 -9.56489
v 0.062230 -0.066288 -9.54781
v 0.106520 -0.121038 -9.57895
v 0.017830 -0.049458 -9.5055
v 0.024830 -0.074748 -9.57789
v 0.008060 -0.072778 -9.51571
v 0.015060 -0.098078 -9.58809
v 0.030640 -0.037138 -9.52679
v 0.037640 -0.062438 -9.59918
v 0.000780 -0.048798 -9.5252
v 0.007770 -0.074098 -9.597589
v 0.037930 -0.061118 -9.5173
v 0.044920 -0.086418 -9.58969
v -0.001770 -0.063198 -9.52012
v 0.005230 -0.088498 -9.59251
v 0.040470 -0.046718 -9.52238
v 0.047460 -0.072018 -9.59476
v 0.014200 -0.037998 -9.52796
v 0.021200 -0.063298 -9.60035
v 0.024500 -0.071918 -9.51454
v 0.031500 -0.097218 -9.58692
v -0.109480 -0.039128 -9.785
v -0.102800 -0.048088 -9.86118
v -0.090650 -0.030938 -9.80126
v -0.083970 -0.039908 -9.87745
v -0.125400 -0.051208 -9.80189
v -0.118730 -0.060178 -9.87807
v -0.098030 -0.058118 -9.79869
v -0.091360 -0.067078 -9.87488
v -0.118010 -0.024028 -9.80446
v -0.111340 -0.032998 -9.88064
v -0.088670 -0.045958 -9.79932
v -0.082000 -0.054928 -9.8755
v -0.127380 -0.036188 -9.80383
v -0.120710 -0.045158 -9.88002
v -0.113250 -0.060288 -9.79976
v -0.106570 -0.069258 -9.87594
v -0.102800 -0.021858 -9.80339
v -0.096130 -0.030828 -9.87957
v -0.121920 -0.038288 -9.757999
v -0.171220 -0.034978 -9.81705
v -0.114150 -0.044368 -9.7831
v -0.163460 -0.041068 -9.84215
v -0.151140 -0.030768 -9.7586
v -0.200440 -0.027458 -9.81765
v -0.138390 -0.056318 -9.7671
v -0.187700 -0.053008 -9.82615
v -0.126900 -0.018818 -9.77459
v -0.176210 -0.015518 -9.83365
v -0.123630 -0.055638 -9.77686
v -0.172940 -0.052328 -9.83591
v -0.141660 -0.019498 -9.76483
v -0.190970 -0.016198 -9.82388
v -0.149790 -0.046018 -9.75954
v -0.199090 -0.042708 -9.81859
v -0.115510 -0.029118 -9.78216
v -0.164810 -0.025818 -9.84121
v -0.105930 -0.037268 -9.7375
v -0.128440 -0.029568 -9.81073
v -0.130350 -0.044518 -9.74905
v -0.152860 -0.036818 -9.82228
v -0.091300 -0.026678 -9.75782
v -0.113810 -0.018978 -9.83105
v -0.118870 -0.017848 -9.74909
v -0.141380 -0.010148 -9.82233
v -0.102780 -0.053338 -9.75777
v -0.125290 -0.045648 -9.831
v -0.130320 -0.029348 -9.74726
v -0.152830 -0.021658 -9.8205
v -0.091330 -0.041838 -9.7596
v -0.113840 -0.034138 -9.832829
v -0.102710 -0.016738 -9.753469
v -0.125220 -0.009038 -9.8267
v -0.118950 -0.054448 -9.7534
v -0.141460 -0.046758 -9.82663
v -0.082560 -0.038088 -9.657
v -0.067950 -0.059218 -9.729589
v -0.071070 -0.026318 -9.67532
v -0.056470 -0.047448 -9.7479
v -0.087690 -0.059058 -9.67027
v -0.073080 -0.080188 -9.74286
v -0.063260 -0.052718 -9.66663
v -0.048650 -0.073838 -9.73922
v -0.095510 -0.032658 -9.67896
v -0.080900 -0.053788 -9.75155
v -0.062110 -0.038198 -9.67022
v -0.047500 -0.059328 -9.74281
v -0.096660 -0.047168 -9.67537
v -0.082050 -0.068298 -9.74796
v -0.073850 -0.061348 -9.66665
v -0.059250 -0.082478 -9.73924
v -0.084910 -0.024018 -9.67893
v -0.070300 -0.045148 -9.75152
v -0.075760 -0.037018 -9.6145
v -0.126320 -0.048858 -9.67135
v -0.080060 -0.058808 -9.62761
v -0.130620 -0.070658 -9.68446
v -0.093460 -0.020368 -9.62612
v -0.144030 -0.032218 -9.68297
v -0.100840 -0.044028 -9.61342
v -0.151400 -0.055868 -9.67027
v -0.072680 -0.035158 -9.640309
v -0.123250 -0.047008 -9.69716
v -0.091980 -0.056318 -9.61789
v -0.142540 -0.068168 -9.67474
v -0.081540 -0.022868 -9.63585
v -0.132110 -0.034708 -9.692699
v -0.101450 -0.029138 -9.61683
v -0.152020 -0.040978 -9.67369
v -0.072070 -0.050048 -9.6369
v -0.122630 -0.061898 -9.69375
v -0.064250 -0.034778 -9.5805
v -0.069710 -0.000648 -9.64931
v -0.078930 -0.019198 -9.59004
v -0.084390 0.014932 -9.65885
v -0.051940 -0.035508 -9.6009
v -0.057400 -0.001378 -9.669701
v -0.055740 -0.011428 -9.58834
v -0.061200 0.022712 -9.65714
v -0.075130 -0.043278 -9.6026
v -0.080590 -0.009148 -9.67141
v -0.068130 -0.010318 -9.58659
v -0.073590 0.023812 -9.65539
v -0.062750 -0.044388 -9.60435
v -0.068210 -0.010248 -9.67315
v -0.049040 -0.021858 -9.59426
v -0.054500 0.012272 -9.66307
v -0.081840 -0.032848 -9.59668
v -0.087300 0.001282 -9.665481
v -0.055650 -0.036788 -9.5535
v -0.062250 -0.072528 -9.62138
v -0.044960 -0.035948 -9.57445
v -0.051560 -0.071688 -9.64233
v -0.069210 -0.053178 -9.56209
v -0.075810 -0.088928 -9.629971
v -0.046620 -0.060008 -9.56116
v -0.053220 -0.095748 -9.62904
v -0.067550 -0.029128 -9.57538
v -0.074150 -0.064868 -9.64326
v -0.041110 -0.049388 -9.56761
v -0.047710 -0.085128 -9.63549
v -0.073060 -0.039738 -9.568931
v -0.079660 -0.075478 -9.636809
v -0.058260 -0.061578 -9.55887
v -0.064860 -0.097318 -9.62675
v -0.055920 -0.027548 -9.57767
v -0.062510 -0.063298 -9.64555
v -0.040980 -0.033768 -9.5125
v -0.101670 -0.026998 -9.5594
v -0.064250 -0.051588 -9.51993
v -0.124940 -0.044818 -9.56682
v -0.044120 -0.012998 -9.52548
v -0.104810 -0.006228 -9.57238
v -0.065690 -0.027488 -9.50712
v -0.126390 -0.020718 -9.55401
v -0.042680 -0.037108 -9.53829
v -0.103370 -0.030328 -9.58519
v -0.069440 -0.042538 -9.50972
v -0.130130 -0.035768 -9.55661
v -0.038930 -0.022048 -9.53569
v -0.099620 -0.015278 -9.58259
v -0.055200 -0.015248 -9.513639
v -0.115900 -0.008478 -9.560539
v -0.053160 -0.049338 -9.53176
v -0.113860 -0.042568 -9.57866
v -0.019980 -0.032508 -9.4775
v -0.023250 -0.009568 -9.55093
v -0.026090 -0.011528 -9.488009
v -0.029360 0.011402 -9.56144
v -0.015300 -0.043498 -9.49894
v -0.018570 -0.020568 -9.57237
v -0.003820 -0.017138 -9.49099
v -0.007090 0.005802 -9.56442
v -0.037570 -0.037888 -9.49597
v -0.040840 -0.014958 -9.5694
v -0.012580 -0.008878 -9.48785
v -0.015850 0.014062 -9.56128
v -0.028810 -0.046158 -9.4991
v -0.032080 -0.023218 -9.57253
v -0.004950 -0.031478 -9.49558
v -0.008220 -0.008548 -9.56901
v -0.036440 -0.023548 -9.491369
v -0.039710 -0.000608 -9.5648
v 0.149440 0.106082 -9.7055
v 0.149990 0.113112 -9.78218
v 0.150140 0.087772 -9.72401
v 0.150700 0.094802 -9.80069
v 0.148970 0.127452 -9.72036
v 0.149530 0.134482 -9.79703
v 0.129630 0.108862 -9.72221
v 0.130190 0.115882 -9.79889
v 0.169480 0.106372 -9.72215
v 0.170040 0.113392 -9.79883
v 0.135880 0.094462 -9.72349
v 0.136440 0.101492 -9.80017
v 0.163230 0.120762 -9.72087
v 0.163790 0.127792 -9.79754
v 0.135060 0.122522 -9.72091
v 0.135610 0.129552 -9.79759
v 0.164060 0.092702 -9.72345
v 0.164620 0.099732 -9.80013
v 0.148870 0.110342 -9.6785
v 0.193160 0.154142 -9.72376
v 0.158990 0.114452 -9.70421
v 0.203290 0.158242 -9.74947
v 0.158020 0.125302 -9.67249
v 0.202310 0.169102 -9.71775
v 0.146300 0.135372 -9.6853
v 0.190590 0.179172 -9.73057
v 0.170720 0.104382 -9.6914
v 0.215010 0.148172 -9.73666
v 0.150220 0.127002 -9.69741
v 0.194510 0.170792 -9.74267
v 0.166800 0.112752 -9.67929
v 0.211090 0.156552 -9.72455
v 0.149530 0.134672 -9.67498
v 0.193820 0.178472 -9.720241
v 0.167490 0.105082 -9.70172
v 0.211780 0.148872 -9.74698
v 0.135470 0.094632 -9.661
v 0.166830 0.111742 -9.72921
v 0.154910 0.116702 -9.66926
v 0.186270 0.133812 -9.73748
v 0.129680 0.080002 -9.68242
v 0.161040 0.097112 -9.75064
v 0.160020 0.091862 -9.66932
v 0.191370 0.108972 -9.73754
v 0.124580 0.104842 -9.682361
v 0.155930 0.121952 -9.75057
v 0.163750 0.106742 -9.66658
v 0.195100 0.123842 -9.73479
v 0.120850 0.089972 -9.6851
v 0.152200 0.107072 -9.753321
v 0.145910 0.080782 -9.67589
v 0.177260 0.097892 -9.7441
v 0.138690 0.115922 -9.6758
v 0.170040 0.133022 -9.74401
v 0.098240 0.064572 -9.5935
v 0.097160 0.080662 -9.66879
v 0.108130 0.049642 -9.61391
v 0.107050 0.065732 -9.68921
v 0.087870 0.086502 -9.60585
v 0.086790 0.102592 -9.68114
v 0.079140 0.061632 -9.610991
v 0.078060 0.077722 -9.68628
v 0.116870 0.074512 -9.60878
v 0.115780 0.090602 -9.68407
v 0.091830 0.050482 -9.61351
v 0.090740 0.066582 -9.68881
v 0.104180 0.085662 -9.60625
v 0.103100 0.101752 -9.68154
v 0.077500 0.076552 -9.60781
v 0.076420 0.092642 -9.6831
v 0.118500 0.059592 -9.61195
v 0.117420 0.075682 -9.687241
v 0.081210 0.050872 -9.554
v 0.118760 0.104942 -9.59394
v 0.071100 0.071012 -9.56771
v 0.108660 0.125082 -9.60765
v 0.107650 0.054252 -9.55767
v 0.145210 0.108322 -9.5976
v 0.090200 0.074112 -9.54638
v 0.127750 0.128182 -9.586309
v 0.088550 0.051152 -9.579
v 0.126110 0.105222 -9.618939
v 0.077030 0.076682 -9.554709
v 0.114590 0.130752 -9.59464
v 0.101720 0.048592 -9.57067
v 0.139270 0.102662 -9.61061
v 0.102880 0.064822 -9.5476
v 0.140430 0.118892 -9.58754
v 0.075870 0.060442 -9.57778
v 0.113430 0.114512 -9.61771
v 0.065160 0.034402 -9.524
v 0.114830 0.028932 -9.58258
v 0.094020 0.040082 -9.525
v 0.143690 0.034612 -9.58358
v 0.057900 0.026332 -9.548491
v 0.107570 0.020872 -9.60707
v 0.080360 0.014522 -9.53127
v 0.130030 0.009052 -9.58986
v 0.071570 0.051902 -9.54222
v 0.121240 0.046432 -9.600801
v 0.091840 0.024862 -9.52457
v 0.141510 0.019392 -9.58315
v 0.060080 0.041562 -9.54892
v 0.109750 0.036092 -9.6075
v 0.066300 0.015132 -9.541181
v 0.115970 0.009662 -9.59976
v 0.085630 0.051292 -9.53231
v 0.135300 0.045822 -9.59089
v 0.050130 0.024512 -9.5015
v 0.048140 0.064172 -9.56747
v 0.058770 0.016072 -9.52606
v 0.056790 0.055742 -9.592031
v 0.040620 0.050202 -9.50565
v 0.038630 0.089862 -9.57162
v 0.029820 0.034422 -9.514481
v 0.027830 0.074092 -9.58045
v 0.069570 0.031852 -9.51722
v 0.067580 0.071522 -9.58319
v 0.042060 0.021982 -9.5221
v 0.040070 0.061642 -9.58807
v 0.057330 0.044302 -9.50961
v 0.055340 0.083962 -9.57558
v 0.029230 0.046112 -9.507669
v 0.027240 0.085782 -9.57364
v 0.070170 0.020162 -9.52404
v 0.068180 0.059832 -9.59001
v 0.030910 0.004312 -9.466001
v 0.084900 0.052522 -9.49227
v 0.034790 0.030012 -9.470181
v 0.088770 0.078222 -9.496449
v 0.050530 -0.000408 -9.473249
v 0.104520 0.047802 -9.49951
v 0.048810 0.018102 -9.45301
v 0.102790 0.066322 -9.47928
v 0.036510 0.011492 -9.49042
v 0.090500 0.059712 -9.516681
v 0.041440 0.027892 -9.4574
v 0.095430 0.076112 -9.48367
v 0.043880 0.001712 -9.48602
v 0.097860 0.049922 -9.51229
v 0.052570 0.006382 -9.45957
v 0.106560 0.054592 -9.48584
v 0.032750 0.023222 -9.48386
v 0.086730 0.071432 -9.51012
v 0.008160 -0.018838 -9.438
v 0.049800 -0.017928 -9.50276
v 0.032670 -0.021648 -9.44145
v 0.074310 -0.020738 -9.50621
v 0.001770 -0.015628 -9.46273
v 0.043410 -0.014718 -9.5275
v 0.014820 -0.038378 -9.45391
v 0.056450 -0.037468 -9.51868
v 0.019620 0.001092 -9.45027
v 0.061260 0.002002 -9.51503
v 0.026450 -0.034718 -9.44585
v 0.068080 -0.033808 -9.51062
v 0.007990 -0.002558 -9.45833
v 0.049630 -0.001648 -9.52309
v 0.004590 -0.030468 -9.46091
v 0.046230 -0.029558 -9.52567
v 0.029850 -0.006808 -9.44327
v 0.071480 -0.005898 -9.508039
v 0.078230 -0.207548 -9.6805
v 0.095200 -0.208038 -9.7556
v 0.066540 -0.192618 -9.69983
v 0.083520 -0.193108 -9.77493
v 0.097310 -0.222688 -9.693851
v 0.114280 -0.223178 -9.76896
v 0.096610 -0.194518 -9.69361
v 0.113580 -0.195008 -9.76871
v 0.067240 -0.220788 -9.70007
v 0.084210 -0.221278 -9.77518
v 0.081430 -0.187738 -9.696671
v 0.098400 -0.188228 -9.77177
v 0.082420 -0.227578 -9.69701
v 0.099390 -0.228068 -9.77212
v 0.103190 -0.208998 -9.69244
v 0.120160 -0.209488 -9.76755
v 0.060670 -0.206308 -9.70124
v 0.077640 -0.206798 -9.77634
v 0.072500 -0.213948 -9.6535
v 0.079840 -0.271948 -9.703609
v 0.063970 -0.214028 -9.67774
v 0.071320 -0.272028 -9.72786
v 0.084210 -0.239098 -9.65106
v 0.091560 -0.297098 -9.70118
v 0.092300 -0.230478 -9.65721
v 0.099650 -0.288468 -9.707319
v 0.055880 -0.222658 -9.671599
v 0.063230 -0.280658 -9.72171
v 0.079810 -0.220468 -9.66875
v 0.087160 -0.278458 -9.71886
v 0.068370 -0.232668 -9.66006
v 0.075720 -0.290668 -9.71017
v 0.094130 -0.238198 -9.649879
v 0.101470 -0.296188 -9.69999
v 0.054060 -0.214938 -9.67892
v 0.061410 -0.272938 -9.72904
v 0.065930 -0.195098 -9.6355
v 0.069030 -0.225858 -9.706019
v 0.069840 -0.217158 -9.64368
v 0.072940 -0.247918 -9.7142
v 0.063360 -0.186428 -9.65801
v 0.066460 -0.217188 -9.72853
v 0.049670 -0.211738 -9.64725
v 0.052770 -0.242498 -9.717771
v 0.083530 -0.191848 -9.65444
v 0.086630 -0.222608 -9.724959
v 0.056920 -0.219688 -9.643229
v 0.060020 -0.250448 -9.71375
v 0.076280 -0.183898 -9.65845
v 0.079390 -0.214658 -9.72897
v 0.052340 -0.197958 -9.65337
v 0.055440 -0.228728 -9.723889
v 0.080860 -0.205618 -9.64832
v 0.083970 -0.236378 -9.71884
v 0.046650 -0.158108 -9.5675
v 0.082170 -0.156758 -9.6358
v 0.034610 -0.150628 -9.590839
v 0.070130 -0.149288 -9.65915
v 0.074140 -0.164998 -9.57388
v 0.109660 -0.163658 -9.64218
v 0.060600 -0.139188 -9.57876
v 0.096120 -0.137848 -9.64706
v 0.048150 -0.176438 -9.585959
v 0.083670 -0.175088 -9.65427
v 0.044800 -0.139558 -9.58581
v 0.080320 -0.138218 -9.65411
v 0.063950 -0.176058 -9.57891
v 0.099470 -0.174718 -9.64721
v 0.072750 -0.149718 -9.57381
v 0.108270 -0.148378 -9.64212
v 0.036000 -0.165898 -9.59091
v 0.071520 -0.164558 -9.65921
v 0.034190 -0.141748 -9.527
v 0.065090 -0.199268 -9.56781
v 0.060230 -0.145798 -9.53418
v 0.091130 -0.203318 -9.57499
v 0.021600 -0.162728 -9.53758
v 0.052500 -0.220248 -9.57839
v 0.044130 -0.164488 -9.51904
v 0.075030 -0.222008 -9.55985
v 0.037700 -0.144038 -9.55272
v 0.068600 -0.201558 -9.593531
v 0.056840 -0.155508 -9.52277
v 0.087750 -0.213028 -9.563581
v 0.024980 -0.153018 -9.54899
v 0.055880 -0.210538 -9.5898
v 0.029530 -0.167478 -9.525169
v 0.060430 -0.224998 -9.56598
v 0.052300 -0.141048 -9.54659
v 0.083200 -0.198568 -9.587399
v 0.022040 -0.122838 -9.4965
v 0.005680 -0.149358 -9.56691
v 0.004140 -0.145728 -9.50386
v -0.012230 -0.172258 -9.57427
v 0.032820 -0.111478 -9.51977
v 0.016460 -0.137998 -9.59019
v 0.000080 -0.120998 -9.510409
v -0.016290 -0.147518 -9.58082
v 0.036880 -0.136208 -9.513229
v 0.020520 -0.162738 -9.58364
v -0.004680 -0.135338 -9.505199
v -0.021040 -0.161858 -9.57561
v 0.041640 -0.121868 -9.518439
v 0.025280 -0.148398 -9.58885
v 0.015610 -0.111108 -9.51645
v -0.000750 -0.137638 -9.58686
v 0.021350 -0.146098 -9.50719
v 0.004990 -0.172618 -9.5776
v 0.016540 -0.108238 -9.472
v 0.066620 -0.122518 -9.52872
v 0.007980 -0.097978 -9.4959
v 0.058060 -0.112258 -9.55262
v 0.046890 -0.124718 -9.47278
v 0.096970 -0.138988 -9.5295
v 0.039430 -0.096988 -9.47736
v 0.089510 -0.111268 -9.53408
v 0.015440 -0.125698 -9.49131
v 0.065530 -0.139978 -9.54803
v 0.022160 -0.091738 -9.48758
v 0.072240 -0.106018 -9.5443
v 0.032720 -0.130948 -9.4811
v 0.082800 -0.145228 -9.53781
v 0.049670 -0.110648 -9.47123
v 0.099750 -0.124928 -9.52795
v 0.005200 -0.112048 -9.49745
v 0.055280 -0.126318 -9.55417
v 0.001840 -0.085438 -9.4355
v 0.014270 -0.154058 -9.46815
v 0.012260 -0.100528 -9.4352
v 0.024690 -0.169148 -9.46785
v -0.003170 -0.100208 -9.45
v 0.009260 -0.168818 -9.48265
v -0.002120 -0.109428 -9.426109
v 0.010310 -0.178038 -9.45876
v 0.011210 -0.091308 -9.4591
v 0.023640 -0.159928 -9.49175
v 0.005290 -0.106888 -9.42571
v 0.017710 -0.175508 -9.45835
v 0.003800 -0.093848 -9.459499
v 0.016230 -0.162468 -9.49215
v -0.005630 -0.106658 -9.43617
v 0.006800 -0.175278 -9.46882
v 0.014710 -0.094078 -9.44903
v 0.027140 -0.162698 -9.48168
v -0.010800 -0.056918 -9.405
v -0.015330 -0.080478 -9.47817
v -0.029440 -0.074208 -9.41607
v -0.033970 -0.097768 -9.48924
v 0.005870 -0.049878 -9.42577
v 0.001340 -0.073438 -9.49894
v -0.024830 -0.047448 -9.424809
v -0.029360 -0.070998 -9.49798
v 0.001260 -0.076648 -9.41702
v -0.003270 -0.100198 -9.490191
v -0.033490 -0.060328 -9.420239
v -0.038020 -0.083878 -9.49341
v 0.009920 -0.063768 -9.42159
v 0.005400 -0.087318 -9.49476
v -0.008530 -0.043118 -9.4271
v -0.013050 -0.066668 -9.50027
v -0.015050 -0.080978 -9.414741
v -0.019570 -0.104528 -9.48791
v -0.133300 0.053542 -9.6705
v -0.133050 0.047242 -9.74724
v -0.113330 0.053472 -9.687241
v -0.113070 0.047182 -9.76398
v -0.153160 0.050872 -9.68715
v -0.152910 0.044572 -9.7639
v -0.131940 0.032322 -9.68556
v -0.131690 0.026022 -9.7623
v -0.134550 0.072022 -9.688829
v -0.134300 0.065732 -9.765571
v -0.118240 0.039052 -9.68607
v -0.117990 0.032762 -9.76281
v -0.148250 0.065292 -9.68832
v -0.148000 0.058992 -9.76506
v -0.146410 0.037212 -9.68601
v -0.146160 0.030912 -9.762751
v -0.120080 0.067132 -9.68838
v -0.119830 0.060842 -9.765121
v -0.142720 0.056402 -9.643
v -0.186910 0.086732 -9.69828
v -0.132470 0.051682 -9.66863
v -0.176660 0.082012 -9.72391
v -0.172200 0.074312 -9.64143
v -0.216390 0.104642 -9.696711
v -0.165810 0.048552 -9.65218
v -0.210010 0.078882 -9.707459
v -0.138850 0.077442 -9.65788
v -0.183040 0.107782 -9.71316
v -0.147820 0.044782 -9.66263
v -0.192010 0.075112 -9.717911
v -0.156850 0.081212 -9.64742
v -0.201040 0.111542 -9.70271
v -0.175920 0.060782 -9.643391
v -0.220110 0.091112 -9.69868
v -0.128750 0.065212 -9.66666
v -0.172940 0.095542 -9.72194
v -0.127450 0.047892 -9.623
v -0.144610 0.070242 -9.69466
v -0.149930 0.053332 -9.63377
v -0.167090 0.075672 -9.70543
v -0.112440 0.052192 -9.64341
v -0.129610 0.074532 -9.71507
v -0.129260 0.071852 -9.633101
v -0.146420 0.094202 -9.70476
v -0.133110 0.033662 -9.64408
v -0.150280 0.056002 -9.71574
v -0.143070 0.066662 -9.6313
v -0.160240 0.089012 -9.70296
v -0.119290 0.038852 -9.64588
v -0.136460 0.061192 -9.71754
v -0.116570 0.065862 -9.63811
v -0.133730 0.088202 -9.70977
v -0.145800 0.039662 -9.639071
v -0.162970 0.062002 -9.71073
v -0.106240 0.028652 -9.5535
v -0.106820 0.013222 -9.628941
v -0.089940 0.034552 -9.571939
v -0.090530 0.019122 -9.64738
v -0.122790 0.016042 -9.56788
v -0.123380 0.000612 -9.64332
v -0.096890 0.008062 -9.566461
v -0.097480 -0.007368 -9.6419
v -0.115840 0.042522 -9.57336
v -0.116430 0.027092 -9.6488
v -0.088060 0.019652 -9.56891
v -0.088640 0.004222 -9.644341
v -0.124680 0.030932 -9.57092
v -0.125270 0.015502 -9.64635
v -0.111280 0.006562 -9.56604
v -0.111870 -0.008868 -9.64147
v -0.101450 0.044022 -9.57379
v -0.102040 0.028592 -9.64922
v -0.097660 0.020252 -9.509501
v -0.149470 0.041412 -9.56238
v -0.107220 0.005692 -9.52416
v -0.159030 0.026842 -9.57704
v -0.110640 0.044022 -9.51785
v -0.162450 0.065182 -9.57073
v -0.122960 0.025892 -9.50684
v -0.174770 0.047052 -9.55972
v -0.094900 0.023812 -9.535171
v -0.146710 0.044972 -9.58805
v -0.117640 0.012042 -9.51322
v -0.169460 0.033192 -9.5661
v -0.100210 0.037672 -9.52879
v -0.152030 0.058832 -9.58167
v -0.120060 0.039142 -9.50876
v -0.171870 0.060302 -9.56164
v -0.097800 0.010562 -9.53325
v -0.149610 0.031722 -9.58614
v -0.084360 0.011672 -9.4745
v -0.075260 0.052782 -9.53897
v -0.083610 0.035292 -9.48073
v -0.074520 0.076402 -9.5452
v -0.081150 0.005942 -9.49632
v -0.072050 0.047042 -9.56079
v -0.065930 0.028962 -9.48089
v -0.056830 0.070062 -9.545361
v -0.098830 0.012272 -9.49617
v -0.089730 0.053382 -9.56064
v -0.071620 0.036892 -9.47761
v -0.062520 0.078002 -9.54208
v -0.093140 0.004342 -9.49944
v -0.084040 0.045442 -9.56391
v -0.069880 0.016142 -9.48864
v -0.060780 0.057242 -9.55311
v -0.094880 0.025092 -9.48842
v -0.085790 0.066202 -9.55289
v -0.076630 0.001912 -9.4475
v -0.101990 -0.017198 -9.51765
v -0.064170 -0.002118 -9.46958
v -0.089530 -0.021228 -9.53973
v -0.100130 -0.002368 -9.45594
v -0.125490 -0.021478 -9.52609
v -0.080340 -0.021588 -9.45815
v -0.105700 -0.040688 -9.52829
v -0.083950 0.017092 -9.467381
v -0.109320 -0.002018 -9.537519
v -0.068160 -0.015828 -9.46432
v -0.093520 -0.034938 -9.53447
v -0.096140 0.011342 -9.461201
v -0.121500 -0.007768 -9.53135
v -0.093580 -0.016008 -9.45468
v -0.118950 -0.035118 -9.52483
v -0.070710 0.011522 -9.47085
v -0.096080 -0.007588 -9.54099
v -0.060730 -0.007928 -9.4075
v -0.111940 0.032702 -9.44818
v -0.087130 -0.014188 -9.41508
v -0.138350 0.026442 -9.45576
v -0.056610 0.016012 -9.41762
v -0.107830 0.056652 -9.4583
v -0.079180 0.008622 -9.39945
v -0.130390 0.049252 -9.44013
v -0.064560 -0.006798 -9.433249
v -0.115780 0.033832 -9.47393
v -0.087830 -0.004318 -9.4035
v -0.139040 0.036312 -9.44418
v -0.055910 0.006142 -9.4292
v -0.107130 0.046772 -9.46988
v -0.066250 0.017042 -9.4053
v -0.117460 0.057672 -9.445971
v -0.077490 -0.015218 -9.427401
v -0.128710 0.025412 -9.46808
v -0.039520 -0.022088 -9.3725
v -0.034380 0.009092 -9.442719
v -0.031100 0.002942 -9.379781
v -0.025970 0.034112 -9.45
v -0.045700 -0.033538 -9.39577
v -0.040570 -0.002368 -9.46599
v -0.018530 -0.014548 -9.38599
v -0.013400 0.016622 -9.45621
v -0.058270 -0.016048 -9.38956
v -0.053140 0.015122 -9.45978
v -0.019190 -0.001878 -9.380859
v -0.014050 0.029302 -9.45108
v -0.057610 -0.028728 -9.39469
v -0.052480 0.002452 -9.464911
v -0.029510 -0.027668 -9.39217
v -0.024380 0.003502 -9.46239
v -0.047290 -0.002938 -9.383389
v -0.042160 0.028242 -9.4536
v 0.200200 0.042642 -9.5775
v 0.207460 0.053232 -9.653419
v 0.194030 0.028322 -9.59735
v 0.201290 0.038912 -9.67327
v 0.209530 0.061572 -9.590691
v 0.216790 0.072162 -9.66661
v 0.184930 0.055652 -9.59413
v 0.192190 0.066252 -9.67006
v 0.218630 0.034232 -9.5939
v 0.225890 0.044822 -9.66982
v 0.184380 0.040762 -9.59645
v 0.191640 0.051352 -9.67237
v 0.219170 0.049122 -9.59158
v 0.226440 0.059722 -9.6675
v 0.195350 0.064272 -9.59175
v 0.202610 0.074862 -9.66767
v 0.208210 0.025622 -9.59629
v 0.215470 0.036212 -9.672211
v 0.199650 0.043152 -9.5505
v 0.263010 0.060722 -9.590569
v 0.204950 0.049422 -9.57565
v 0.268310 0.066992 -9.61572
v 0.221920 0.044532 -9.54278
v 0.285290 0.062102 -9.58285
v 0.210960 0.066262 -9.55468
v 0.274320 0.083832 -9.594749
v 0.215910 0.027692 -9.56376
v 0.279270 0.045262 -9.60382
v 0.205680 0.062342 -9.567631
v 0.269040 0.079912 -9.6077
v 0.221190 0.031612 -9.55081
v 0.284550 0.049182 -9.59088
v 0.217690 0.058882 -9.54439
v 0.281050 0.076452 -9.58446
v 0.209190 0.035072 -9.57405
v 0.272550 0.052642 -9.61412
v 0.179200 0.034692 -9.535
v 0.217560 0.037382 -9.60171
v 0.206650 0.048602 -9.5417
v 0.245010 0.051292 -9.60841
v 0.168440 0.021962 -9.55732
v 0.206800 0.024642 -9.624041
v 0.199360 0.020432 -9.54332
v 0.237720 0.023112 -9.61003
v 0.175730 0.050132 -9.55571
v 0.214090 0.052822 -9.62242
v 0.209410 0.034202 -9.53961
v 0.247770 0.036882 -9.60632
v 0.165680 0.036362 -9.55942
v 0.204040 0.039052 -9.62613
v 0.182390 0.015362 -9.55066
v 0.220750 0.018042 -9.61737
v 0.192700 0.055202 -9.54837
v 0.231060 0.057892 -9.61508
v 0.132840 0.020252 -9.4785
v 0.146160 0.043512 -9.55068
v 0.138660 0.006632 -9.50072
v 0.151990 0.029892 -9.5729
v 0.132810 0.043992 -9.48769
v 0.146140 0.067252 -9.55987
v 0.116260 0.028972 -9.49662
v 0.129590 0.052222 -9.56881
v 0.155210 0.021662 -9.49179
v 0.168540 0.044922 -9.56397
v 0.124030 0.014692 -9.500521
v 0.137360 0.037952 -9.57271
v 0.147440 0.035942 -9.48789
v 0.160770 0.059192 -9.56007
v 0.119890 0.041102 -9.49131
v 0.133220 0.064362 -9.56349
v 0.151580 0.009522 -9.4971
v 0.164910 0.032782 -9.569281
v 0.106820 0.011522 -9.4395
v 0.168160 0.044782 -9.47208
v 0.102820 0.034922 -9.45074
v 0.164150 0.068172 -9.48332
v 0.137520 0.002602 -9.44244
v 0.198850 0.035862 -9.47502
v 0.125210 0.026712 -9.42898
v 0.186550 0.059962 -9.46156
v 0.115130 0.010812 -9.46419
v 0.176460 0.044072 -9.49677
v 0.111460 0.035802 -9.43707
v 0.172800 0.069062 -9.46965
v 0.128870 0.001712 -9.4561
v 0.190200 0.034972 -9.48868
v 0.136010 0.012952 -9.4312
v 0.197340 0.046212 -9.46378
v 0.104330 0.024572 -9.461969
v 0.165670 0.057822 -9.494551
v 0.080780 0.000872 -9.4105
v 0.126350 -0.021158 -9.46852
v 0.102000 -0.006008 -9.41037
v 0.147580 -0.028038 -9.4684
v 0.079380 -0.001838 -9.43587
v 0.124950 -0.023868 -9.49389
v 0.085470 -0.022938 -9.42
v 0.131050 -0.044968 -9.47802
v 0.095910 0.015092 -9.42624
v 0.141490 -0.006938 -9.48426
v 0.095000 -0.018838 -9.4119
v 0.140580 -0.040868 -9.46992
v 0.086380 0.011002 -9.43434
v 0.131960 -0.011028 -9.49237
v 0.079000 -0.015888 -9.42993
v 0.124580 -0.037918 -9.48795
v 0.102380 0.008052 -9.41631
v 0.147960 -0.013978 -9.47434
v 0.059720 -0.003278 -9.3875
v 0.081940 0.038842 -9.448009
v 0.066660 -0.007068 -9.41296
v 0.088880 0.035052 -9.47347
v 0.062450 0.018852 -9.38837
v 0.084670 0.060962 -9.44888
v 0.047650 0.016442 -9.39953
v 0.069870 0.058562 -9.46004
v 0.081460 -0.004668 -9.4018
v 0.103680 0.037452 -9.46231
v 0.054090 0.004192 -9.40855
v 0.076310 0.046302 -9.46906
v 0.075020 0.007592 -9.39277
v 0.097240 0.049702 -9.45328
v 0.051110 0.022512 -9.391171
v 0.073330 0.064632 -9.45168
v 0.078000 -0.010738 -9.41016
v 0.100220 0.031382 -9.470671
v 0.030540 -0.015528 -9.355
v 0.102570 0.003302 -9.37465
v 0.055130 0.007812 -9.355901
v 0.127160 0.026642 -9.37555
v 0.037290 -0.030668 -9.36265
v 0.109320 -0.011838 -9.38231
v 0.051950 -0.013538 -9.34027
v 0.123980 0.005292 -9.359921
v 0.040470 -0.009318 -9.37828
v 0.112500 0.009512 -9.39793
v 0.056580 0.000682 -9.343451
v 0.128600 0.019512 -9.3631
v 0.035850 -0.023538 -9.3751
v 0.107880 -0.004708 -9.39476
v 0.043960 -0.026528 -9.348229
v 0.115990 -0.007698 -9.36788
v 0.048460 0.003672 -9.37032
v 0.120490 0.022502 -9.38998
v -0.004170 -0.028428 -9.3295
v 0.038270 -0.040248 -9.39265
v 0.012840 -0.042598 -9.33274
v 0.055290 -0.054408 -9.39589
v -0.002720 -0.019398 -9.35374
v 0.039730 -0.031218 -9.41689
v -0.006060 -0.046958 -9.347731
v 0.036380 -0.058768 -9.41088
v 0.016190 -0.015038 -9.33875
v 0.058630 -0.026858 -9.4019
v 0.002700 -0.050488 -9.33899
v 0.045140 -0.062298 -9.40214
v 0.007430 -0.011518 -9.34749
v 0.049870 -0.023328 -9.41064
v -0.008300 -0.034088 -9.35384
v 0.034140 -0.045898 -9.41699
v 0.018430 -0.027918 -9.33264
v 0.060870 -0.039728 -9.39579
v -0.044140 -0.226248 -9.5755
v -0.030110 -0.233938 -9.65082
v -0.047890 -0.208498 -9.59457
v -0.033850 -0.216188 -9.669889
v -0.034290 -0.247348 -9.5892
v -0.020260 -0.255038 -9.66452
v -0.021820 -0.223758 -9.58872
v -0.007790 -0.231448 -9.664041
v -0.060350 -0.232088 -9.59505
v -0.046320 -0.239778 -9.67037
v -0.032270 -0.211248 -9.59155
v -0.018240 -0.218928 -9.66686
v -0.049900 -0.244598 -9.59223
v -0.035870 -0.252288 -9.66755
v -0.022660 -0.238708 -9.587749
v -0.008620 -0.246398 -9.66307
v -0.059520 -0.217128 -9.59602
v -0.045490 -0.224818 -9.67134
v -0.051920 -0.229648 -9.549
v -0.073910 -0.283238 -9.59973
v -0.057560 -0.233968 -9.57338
v -0.079550 -0.287568 -9.62411
v -0.055860 -0.248648 -9.54669
v -0.077850 -0.302238 -9.59741
v -0.042580 -0.253628 -9.55315
v -0.064580 -0.307218 -9.603869
v -0.070830 -0.228988 -9.566919
v -0.092820 -0.282588 -9.61765
v -0.047320 -0.244828 -9.5646
v -0.069320 -0.298418 -9.61533
v -0.066090 -0.237788 -9.55547
v -0.088090 -0.291378 -9.60619
v -0.046120 -0.255208 -9.54573
v -0.068110 -0.308798 -9.59645
v -0.067290 -0.227408 -9.57434
v -0.089290 -0.281008 -9.62507
v -0.048220 -0.210398 -9.53
v -0.061010 -0.237948 -9.60075
v -0.057560 -0.235028 -9.53844
v -0.070350 -0.262588 -9.6092
v -0.044450 -0.197758 -9.55234
v -0.057240 -0.225308 -9.6231
v -0.070620 -0.216808 -9.54169
v -0.083400 -0.244358 -9.61244
v -0.031390 -0.215978 -9.5491
v -0.044180 -0.243538 -9.61985
v -0.069510 -0.229868 -9.53786
v -0.082300 -0.257418 -9.60861
v -0.032500 -0.202918 -9.55293
v -0.045290 -0.230478 -9.62368
v -0.060240 -0.203508 -9.54769
v -0.073030 -0.231058 -9.618441
v -0.041770 -0.229278 -9.5431
v -0.054560 -0.256838 -9.61385
v -0.046740 -0.175198 -9.47
v -0.016060 -0.189778 -9.53911
v -0.058140 -0.163728 -9.493
v -0.027470 -0.178308 -9.56211
v -0.021980 -0.193008 -9.47707
v 0.008690 -0.207588 -9.54617
v -0.025420 -0.165328 -9.481279
v 0.005260 -0.179908 -9.55039
v -0.054710 -0.191408 -9.48879
v -0.024030 -0.205988 -9.55789
v -0.042490 -0.158798 -9.48802
v -0.011810 -0.173378 -9.55712
v -0.037630 -0.197938 -9.48205
v -0.006960 -0.212518 -9.55116
v -0.016920 -0.179498 -9.476749
v 0.013750 -0.194078 -9.54585
v -0.063200 -0.177238 -9.49332
v -0.032530 -0.191818 -9.562429
v -0.049080 -0.155098 -9.427
v -0.051090 -0.219278 -9.469501
v -0.030290 -0.170598 -9.434859
v -0.032290 -0.234778 -9.47736
v -0.068750 -0.167518 -9.43763
v -0.070760 -0.231698 -9.48013
v -0.051520 -0.179988 -9.41966
v -0.053530 -0.244158 -9.46216
v -0.047510 -0.158138 -9.45284
v -0.049520 -0.222318 -9.49534
v -0.037340 -0.177878 -9.42354
v -0.039340 -0.242048 -9.46604
v -0.061700 -0.160248 -9.448959
v -0.063710 -0.224428 -9.49146
v -0.064530 -0.175698 -9.4255
v -0.066540 -0.239878 -9.467999
v -0.034500 -0.162428 -9.447
v -0.036510 -0.226598 -9.4895
v -0.049950 -0.132108 -9.3935
v -0.078170 -0.144778 -9.46401
v -0.075350 -0.146788 -9.40109
v -0.103570 -0.159458 -9.47161
v -0.036830 -0.122938 -9.41659
v -0.065040 -0.135608 -9.487101
v -0.068290 -0.119198 -9.40678
v -0.096510 -0.131868 -9.47729
v -0.043890 -0.150538 -9.41091
v -0.072110 -0.163208 -9.48142
v -0.078340 -0.132218 -9.4019
v -0.106560 -0.144888 -9.47241
v -0.033840 -0.137508 -9.41578
v -0.062060 -0.150178 -9.48629
v -0.051090 -0.115348 -9.41286
v -0.079310 -0.128018 -9.48337
v -0.061090 -0.154378 -9.40482
v -0.089310 -0.167048 -9.47534
v -0.046960 -0.116298 -9.3665
v -0.011230 -0.151458 -9.42495
v -0.055000 -0.107358 -9.3902
v -0.019280 -0.142518 -9.44866
v -0.023360 -0.140538 -9.36823
v 0.012360 -0.175688 -9.42669
v -0.021580 -0.117598 -9.37228
v 0.014150 -0.152748 -9.43073
v -0.056790 -0.130298 -9.38616
v -0.021070 -0.165448 -9.44461
v -0.037920 -0.107728 -9.38208
v -0.002190 -0.142878 -9.44053
v -0.040450 -0.140168 -9.37636
v -0.004720 -0.175318 -9.434811
v -0.015550 -0.131188 -9.36654
v 0.020180 -0.166338 -9.42499
v -0.062820 -0.116708 -9.391891
v -0.027090 -0.151868 -9.45035
v -0.048030 -0.090728 -9.3295
v -0.071610 -0.155658 -9.36352
v -0.052230 -0.114328 -9.33002
v -0.075810 -0.179258 -9.36403
v -0.054080 -0.095378 -9.34379
v -0.077670 -0.160308 -9.3778
v -0.063150 -0.109888 -9.32037
v -0.086730 -0.174818 -9.35439
v -0.043160 -0.099818 -9.35343
v -0.066740 -0.164748 -9.38745
v -0.059570 -0.115118 -9.32034
v -0.083150 -0.180048 -9.35436
v -0.046750 -0.094588 -9.35346
v -0.070330 -0.159518 -9.38748
v -0.060880 -0.101708 -9.33008
v -0.084460 -0.166638 -9.3641
v -0.045430 -0.107998 -9.34372
v -0.069010 -0.172928 -9.37774
v -0.044370 -0.059318 -9.297501
v -0.061040 -0.075488 -9.37091
v -0.067920 -0.066068 -9.30843
v -0.084600 -0.082248 -9.381849
v -0.028070 -0.059598 -9.31851
v -0.044740 -0.075768 -9.39192
v -0.052140 -0.043588 -9.31677
v -0.068810 -0.059758 -9.39018
v -0.043850 -0.082078 -9.31017
v -0.060520 -0.098258 -9.38358
v -0.065020 -0.051508 -9.31224
v -0.081690 -0.067688 -9.38565
v -0.030970 -0.074158 -9.3147
v -0.047650 -0.090328 -9.38811
v -0.036840 -0.046928 -9.319369
v -0.053510 -0.063108 -9.39278
v -0.059160 -0.078738 -9.30758
v -0.075830 -0.094908 -9.38099
v -0.106580 0.143022 -9.5375
v -0.110230 0.143362 -9.614409
v -0.088600 0.135452 -9.55514
v -0.092260 0.135792 -9.63206
v -0.126150 0.150742 -9.55332
v -0.129800 0.151082 -9.63024
v -0.115020 0.124652 -9.55395
v -0.118670 0.124992 -9.63087
v -0.099730 0.161542 -9.55451
v -0.103390 0.161882 -9.63143
v -0.099500 0.124652 -9.55468
v -0.103160 0.124992 -9.63159
v -0.115250 0.161542 -9.55379
v -0.118900 0.161882 -9.6307
v -0.126050 0.135462 -9.553391
v -0.129710 0.135802 -9.6303
v -0.088700 0.150732 -9.55507
v -0.092350 0.151072 -9.63199
v -0.112940 0.145502 -9.5105
v -0.139100 0.198682 -9.559649
v -0.099900 0.144432 -9.53638
v -0.126060 0.197622 -9.58553
v -0.137360 0.169712 -9.506001
v -0.163530 0.222892 -9.55516
v -0.137190 0.150092 -9.51886
v -0.163350 0.203282 -9.56801
v -0.100070 0.164052 -9.52352
v -0.126230 0.217232 -9.57268
v -0.118510 0.143202 -9.53029
v -0.144670 0.196382 -9.57944
v -0.118750 0.170942 -9.5121
v -0.144920 0.224132 -9.561251
v -0.145000 0.161082 -9.5088
v -0.171160 0.214262 -9.55795
v -0.092260 0.153072 -9.53358
v -0.118420 0.206252 -9.58273
v -0.103120 0.128672 -9.492
v -0.107620 0.161802 -9.56136
v -0.115910 0.145662 -9.50135
v -0.120410 0.178802 -9.57071
v -0.092280 0.126092 -9.51283
v -0.096790 0.159232 -9.58219
v -0.092810 0.151012 -9.50059
v -0.097310 0.184142 -9.56995
v -0.115380 0.120752 -9.51358
v -0.119890 0.153882 -9.58295
v -0.104470 0.153502 -9.49844
v -0.108970 0.186632 -9.567801
v -0.103720 0.118262 -9.51574
v -0.108230 0.151392 -9.5851
v -0.087760 0.139662 -9.50656
v -0.092270 0.172792 -9.57592
v -0.120430 0.132102 -9.50762
v -0.124930 0.165232 -9.57698
v -0.092970 0.096502 -9.434999
v -0.102670 0.096032 -9.51139
v -0.075290 0.096492 -9.45413
v -0.084990 0.096012 -9.530519
v -0.114870 0.096312 -9.4491
v -0.124570 0.095842 -9.52549
v -0.094980 0.076442 -9.451509
v -0.104680 0.075962 -9.52789
v -0.095180 0.116362 -9.451731
v -0.104880 0.115892 -9.52812
v -0.081010 0.082352 -9.45332
v -0.090710 0.081872 -9.5297
v -0.109150 0.110462 -9.44992
v -0.118850 0.109982 -9.526299
v -0.109000 0.082222 -9.449759
v -0.118700 0.081752 -9.526151
v -0.081160 0.110582 -9.453481
v -0.090860 0.110102 -9.52986
v -0.088260 0.077142 -9.391001
v -0.124270 0.127852 -9.4364
v -0.098990 0.074142 -9.40607
v -0.135000 0.124852 -9.451469
v -0.093190 0.102212 -9.39569
v -0.129200 0.152912 -9.441091
v -0.107780 0.093542 -9.385611
v -0.143790 0.144242 -9.43101
v -0.084400 0.082812 -9.41614
v -0.120410 0.133512 -9.46155
v -0.106410 0.082052 -9.39375
v -0.142420 0.132752 -9.43915
v -0.085770 0.094312 -9.408
v -0.121780 0.145012 -9.4534
v -0.102310 0.101892 -9.38641
v -0.138320 0.152602 -9.431809
v -0.089870 0.074462 -9.415339
v -0.125890 0.125162 -9.46074
v -0.079400 0.056462 -9.356
v -0.053190 0.097712 -9.415501
v -0.061780 0.082212 -9.35843
v -0.035570 0.123462 -9.417931
v -0.085610 0.048662 -9.37946
v -0.059400 0.089912 -9.438971
v -0.055090 0.063812 -9.36188
v -0.028890 0.105062 -9.42138
v -0.092300 0.067062 -9.37601
v -0.066090 0.108312 -9.43551
v -0.052120 0.076152 -9.35651
v -0.025910 0.117402 -9.41601
v -0.095270 0.054722 -9.38138
v -0.069070 0.095972 -9.44088
v -0.068970 0.052422 -9.371389
v -0.042760 0.093672 -9.43089
v -0.078420 0.078452 -9.3665
v -0.052220 0.119702 -9.42601
v -0.076700 0.038692 -9.329
v -0.109070 0.045102 -9.39857
v -0.063800 0.032242 -9.35247
v -0.096180 0.038652 -9.42204
v -0.103680 0.047932 -9.3358
v -0.136050 0.054342 -9.40537
v -0.091530 0.021812 -9.3422
v -0.123900 0.028212 -9.41177
v -0.075960 0.058372 -9.34607
v -0.108330 0.064782 -9.41564
v -0.075150 0.021612 -9.34866
v -0.107520 0.028022 -9.41823
v -0.092340 0.058562 -9.33961
v -0.124710 0.064972 -9.409181
v -0.103350 0.032712 -9.33687
v -0.135720 0.039112 -9.406441
v -0.064140 0.047472 -9.3514
v -0.096510 0.053872 -9.42097
v -0.066890 0.016642 -9.2915
v -0.092900 0.081882 -9.32306
v -0.091650 0.023642 -9.29788
v -0.117660 0.088882 -9.329451
v -0.053450 0.038022 -9.29885
v -0.079460 0.103262 -9.33041
v -0.075090 0.038632 -9.28016
v -0.101100 0.103872 -9.31173
v -0.070010 0.023042 -9.31657
v -0.096020 0.088282 -9.34813
v -0.087850 0.031262 -9.285151
v -0.113860 0.096502 -9.31672
v -0.057250 0.030402 -9.31158
v -0.083260 0.095642 -9.343141
v -0.060840 0.041432 -9.28584
v -0.086850 0.106672 -9.3174
v -0.084260 0.020242 -9.3109
v -0.110270 0.085472 -9.34246
v -0.053810 -0.012448 -9.259
v -0.036000 0.023292 -9.32484
v -0.033090 0.010642 -9.26297
v -0.015280 0.046382 -9.32881
v -0.066770 -0.019988 -9.28368
v -0.048970 0.015752 -9.34951
v -0.032030 -0.013518 -9.27328
v -0.014230 0.022222 -9.33912
v -0.067830 0.004172 -9.27336
v -0.050020 0.039912 -9.3392
v -0.025370 -0.000098 -9.26598
v -0.007560 0.035642 -9.33181
v -0.074500 -0.009248 -9.28067
v -0.056690 0.026492 -9.34651
v -0.049190 -0.021758 -9.280621
v -0.031380 0.013982 -9.34645
v -0.050680 0.012412 -9.26603
v -0.032870 0.048152 -9.33187
v 0.210400 -0.061128 -9.448
v 0.225550 -0.052338 -9.52298
v 0.198610 -0.068238 -9.46885
v 0.213770 -0.059448 -9.54383
v 0.228780 -0.050188 -9.45978
v 0.243940 -0.041398 -9.53476
v 0.204390 -0.041548 -9.46412
v 0.219550 -0.032758 -9.5391
v 0.223000 -0.076878 -9.464499
v 0.238160 -0.068088 -9.53948
v 0.196450 -0.053108 -9.46739
v 0.211600 -0.044318 -9.54237
v 0.230940 -0.065318 -9.46124
v 0.246100 -0.056528 -9.53622
v 0.217780 -0.040338 -9.46097
v 0.232940 -0.031558 -9.53595
v 0.209610 -0.078078 -9.46766
v 0.224760 -0.069298 -9.54264
v 0.207800 -0.062818 -9.421
v 0.273460 -0.079568 -9.457561
v 0.206220 -0.057498 -9.44541
v 0.271880 -0.074248 -9.48197
v 0.237950 -0.075428 -9.41249
v 0.303620 -0.092178 -9.44905
v 0.229920 -0.049158 -9.4228
v 0.295590 -0.065908 -9.45937
v 0.214250 -0.083758 -9.4351
v 0.279910 -0.100518 -9.471661
v 0.216410 -0.047888 -9.43624
v 0.282070 -0.064638 -9.47281
v 0.227760 -0.085028 -9.421659
v 0.293430 -0.101788 -9.45822
v 0.238850 -0.060568 -9.41297
v 0.304510 -0.077318 -9.449531
v 0.205320 -0.072358 -9.44494
v 0.270990 -0.089108 -9.4815
v 0.184800 -0.060748 -9.4065
v 0.222050 -0.075338 -9.47229
v 0.211680 -0.059048 -9.4121
v 0.248930 -0.073638 -9.47789
v 0.174130 -0.068798 -9.42952
v 0.211390 -0.083398 -9.49531
v 0.195420 -0.082908 -9.41518
v 0.232680 -0.097498 -9.48096
v 0.190390 -0.044938 -9.42645
v 0.227640 -0.059528 -9.49224
v 0.207960 -0.073898 -9.410669
v 0.245210 -0.088488 -9.47646
v 0.177850 -0.053948 -9.43096
v 0.215110 -0.068538 -9.49675
v 0.181410 -0.080798 -9.42299
v 0.218670 -0.095388 -9.48877
v 0.204400 -0.047048 -9.41864
v 0.241650 -0.061638 -9.48443
v 0.139990 -0.056398 -9.36
v 0.169320 -0.036978 -9.4285
v 0.141350 -0.066628 -9.38358
v 0.170680 -0.047218 -9.45207
v 0.151390 -0.037708 -9.36623
v 0.180720 -0.018298 -9.43472
v 0.131310 -0.039358 -9.37772
v 0.160650 -0.019948 -9.44621
v 0.161420 -0.064978 -9.37209
v 0.190750 -0.045568 -9.44058
v 0.132170 -0.053338 -9.38303
v 0.161510 -0.033918 -9.45152
v 0.160560 -0.051008 -9.36678
v 0.189890 -0.031588 -9.435269
v 0.139270 -0.032888 -9.37076
v 0.168600 -0.013468 -9.43925
v 0.153460 -0.071458 -9.37904
v 0.182790 -0.052038 -9.44754
v 0.108160 -0.054348 -9.3215
v 0.180170 -0.052628 -9.3487
v 0.113610 -0.034258 -9.3302
v 0.185630 -0.032538 -9.3574
v 0.134030 -0.073688 -9.32464
v 0.206050 -0.071968 -9.35184
v 0.130720 -0.050838 -9.308949
v 0.202740 -0.049118 -9.33615
v 0.116920 -0.057108 -9.34589
v 0.188940 -0.055388 -9.37309
v 0.121480 -0.037818 -9.316319
v 0.193500 -0.036098 -9.34353
v 0.126160 -0.070128 -9.33851
v 0.198180 -0.068408 -9.36572
v 0.135920 -0.065698 -9.31239
v 0.207940 -0.063978 -9.339601
v 0.111720 -0.042248 -9.34244
v 0.183740 -0.040528 -9.369639
v 0.075700 -0.053118 -9.292
v 0.109750 -0.090148 -9.3503
v 0.084920 -0.071248 -9.291679
v 0.118970 -0.108268 -9.349979
v 0.081300 -0.051098 -9.31769
v 0.115340 -0.088128 -9.37599
v 0.069230 -0.075488 -9.303699
v 0.103280 -0.112518 -9.362
v 0.096990 -0.046858 -9.30567
v 0.131040 -0.083888 -9.36397
v 0.074570 -0.078418 -9.29479
v 0.108620 -0.115448 -9.35309
v 0.091640 -0.043928 -9.31458
v 0.125690 -0.080948 -9.372869
v 0.072010 -0.064168 -9.31318
v 0.106060 -0.101198 -9.37148
v 0.094200 -0.058168 -9.29618
v 0.128250 -0.095198 -9.35448
v 0.051560 -0.047778 -9.2685
v 0.095740 -0.017768 -9.32396
v 0.055300 -0.047308 -9.29432
v 0.099490 -0.017288 -9.34977
v 0.067040 -0.035188 -9.266809
v 0.111220 -0.005178 -9.32227
v 0.051450 -0.023888 -9.27892
v 0.095630 0.006122 -9.33438
v 0.070890 -0.058608 -9.282209
v 0.115080 -0.028588 -9.33767
v 0.050140 -0.033258 -9.28912
v 0.094330 -0.003238 -9.34458
v 0.072190 -0.049238 -9.27201
v 0.116380 -0.019228 -9.32747
v 0.058440 -0.024688 -9.26968
v 0.102630 0.005322 -9.32513
v 0.063890 -0.057808 -9.29146
v 0.108080 -0.027788 -9.34691
v 0.017890 -0.046778 -9.238
v 0.091290 -0.063908 -9.25373
v 0.047200 -0.032018 -9.23618
v 0.120600 -0.049148 -9.25192
v 0.020520 -0.068978 -9.24666
v 0.093930 -0.086118 -9.26239
v 0.036470 -0.056608 -9.2226
v 0.109870 -0.073738 -9.23833
v 0.031250 -0.044398 -9.26025
v 0.104650 -0.061528 -9.27598
v 0.045140 -0.041748 -9.2244
v 0.118540 -0.058878 -9.24014
v 0.022580 -0.059248 -9.25844
v 0.095990 -0.076388 -9.27417
v 0.026280 -0.067888 -9.23181
v 0.099680 -0.085018 -9.24755
v 0.041440 -0.033118 -9.25103
v 0.114850 -0.050248 -9.26676
v -0.022530 -0.042928 -9.2135
v 0.014210 -0.068978 -9.27596
v -0.015670 -0.065418 -9.21737
v 0.021060 -0.091468 -9.27983
v -0.013390 -0.031768 -9.2368
v 0.023340 -0.057818 -9.29926
v -0.031470 -0.056948 -9.23356
v 0.005270 -0.082998 -9.296021
v 0.002400 -0.040238 -9.220611
v 0.039140 -0.066288 -9.28307
v -0.027310 -0.066398 -9.2248
v 0.009420 -0.092448 -9.28725
v -0.001750 -0.030788 -9.22938
v 0.034980 -0.056838 -9.29183
v -0.025700 -0.042608 -9.23854
v 0.011030 -0.068658 -9.30099
v -0.003360 -0.054589 -9.21564
v 0.033370 -0.080638 -9.2781
v -0.174990 -0.187448 -9.458
v -0.168390 -0.199158 -9.53382
v -0.170340 -0.171058 -9.476911
v -0.163740 -0.182758 -9.55273
v -0.176770 -0.208938 -9.47208
v -0.170170 -0.220638 -9.5479
v -0.154540 -0.195528 -9.47199
v -0.147940 -0.207228 -9.5478
v -0.192570 -0.184458 -9.47701
v -0.185970 -0.196168 -9.552819
v -0.157830 -0.180518 -9.47443
v -0.151230 -0.192218 -9.55025
v -0.189270 -0.199478 -9.47456
v -0.182680 -0.211178 -9.55038
v -0.162380 -0.207298 -9.47101
v -0.155780 -0.219008 -9.54683
v -0.184730 -0.172688 -9.47798
v -0.178130 -0.184398 -9.553801
v -0.181800 -0.188018 -9.431
v -0.227990 -0.223678 -9.48123
v -0.184330 -0.194768 -9.455811
v -0.230530 -0.230438 -9.506041
v -0.199370 -0.196778 -9.42805
v -0.245560 -0.232438 -9.47828
v -0.184770 -0.213438 -9.4359
v -0.230960 -0.249098 -9.48613
v -0.198930 -0.178108 -9.44796
v -0.245130 -0.213768 -9.49819
v -0.181530 -0.207558 -9.44748
v -0.227720 -0.243218 -9.49771
v -0.202170 -0.183988 -9.43638
v -0.248370 -0.219658 -9.48661
v -0.192160 -0.208978 -9.42785
v -0.238350 -0.244638 -9.47808
v -0.191540 -0.182568 -9.45601
v -0.237740 -0.218238 -9.50624
v -0.168620 -0.173448 -9.413
v -0.195050 -0.189798 -9.48345
v -0.189180 -0.194218 -9.42152
v -0.215610 -0.210568 -9.49197
v -0.159550 -0.159798 -9.43513
v -0.185980 -0.176148 -9.50558
v -0.191560 -0.167818 -9.42401
v -0.217990 -0.184168 -9.49446
v -0.157170 -0.186188 -9.432651
v -0.183600 -0.202538 -9.50309
v -0.197000 -0.182678 -9.42046
v -0.223430 -0.199028 -9.490911
v -0.151730 -0.171328 -9.43619
v -0.178160 -0.187678 -9.506639
v -0.176050 -0.158338 -9.43008
v -0.202480 -0.174688 -9.500529
v -0.172680 -0.195668 -9.42657
v -0.199110 -0.212018 -9.49702
v -0.150780 -0.149898 -9.362
v -0.135090 -0.174688 -9.43319
v -0.158020 -0.136818 -9.38453
v -0.142330 -0.161608 -9.45572
v -0.136710 -0.173768 -9.37045
v -0.121020 -0.198558 -9.44164
v -0.128010 -0.151308 -9.37461
v -0.112320 -0.176098 -9.4458
v -0.166710 -0.159268 -9.38037
v -0.151020 -0.184068 -9.45156
v -0.141210 -0.139408 -9.38043
v -0.125520 -0.164198 -9.45162
v -0.153510 -0.171168 -9.37455
v -0.137820 -0.195968 -9.44574
v -0.126140 -0.165538 -9.37047
v -0.110450 -0.190328 -9.44167
v -0.168580 -0.145038 -9.3845
v -0.152890 -0.169828 -9.4557
v -0.140150 -0.132468 -9.316
v -0.175760 -0.185418 -9.359099
v -0.131290 -0.155108 -9.3254
v -0.166900 -0.208058 -9.3685
v -0.164510 -0.132858 -9.32535
v -0.200110 -0.185808 -9.36845
v -0.154110 -0.153268 -9.30883
v -0.189720 -0.206218 -9.35193
v -0.141690 -0.134698 -9.34192
v -0.177290 -0.187648 -9.38502
v -0.140540 -0.158418 -9.31369
v -0.176150 -0.211368 -9.356791
v -0.155250 -0.129548 -9.33706
v -0.190860 -0.182498 -9.38015
v -0.164030 -0.142688 -9.313661
v -0.199640 -0.195628 -9.35676
v -0.131760 -0.145288 -9.33709
v -0.167370 -0.198228 -9.38019
v -0.127000 -0.112358 -9.28
v -0.161340 -0.105988 -9.34862
v -0.153490 -0.114798 -9.28645
v -0.187830 -0.108428 -9.35507
v -0.115460 -0.107138 -9.30341
v -0.149790 -0.100768 -9.37204
v -0.137180 -0.091448 -9.291759
v -0.171520 -0.085078 -9.36038
v -0.131760 -0.130488 -9.2981
v -0.166100 -0.124128 -9.366719
v -0.149840 -0.099868 -9.28669
v -0.184170 -0.093498 -9.35531
v -0.119110 -0.122068 -9.30317
v -0.153450 -0.115698 -9.37179
v -0.122940 -0.094458 -9.29869
v -0.157280 -0.088088 -9.36731
v -0.146000 -0.127478 -9.29117
v -0.180340 -0.121118 -9.3598
v -0.114280 -0.100548 -9.25
v -0.103440 -0.145518 -9.31156
v -0.119040 -0.094518 -9.27383
v -0.108210 -0.139498 -9.33539
v -0.104790 -0.126138 -9.25295
v -0.093960 -0.171108 -9.31451
v -0.093180 -0.113898 -9.25749
v -0.082350 -0.158868 -9.31904
v -0.130650 -0.106758 -9.2693
v -0.119820 -0.151728 -9.330851
v -0.103710 -0.101678 -9.2666
v -0.092880 -0.146648 -9.32815
v -0.120130 -0.118978 -9.26019
v -0.109290 -0.163958 -9.32174
v -0.093630 -0.124028 -9.25183
v -0.082800 -0.168998 -9.31339
v -0.130200 -0.096628 -9.27495
v -0.119370 -0.141598 -9.3365
v -0.100990 -0.079879 -9.213
v -0.155140 -0.123108 -9.24659
v -0.117900 -0.105799 -9.2147
v -0.172040 -0.149028 -9.248301
v -0.107650 -0.072758 -9.225909
v -0.161790 -0.115988 -9.25951
v -0.123130 -0.089579 -9.20324
v -0.177270 -0.132808 -9.23683
v -0.102420 -0.088988 -9.23738
v -0.156560 -0.132218 -9.27097
v -0.123720 -0.101169 -9.20428
v -0.177860 -0.144398 -9.23787
v -0.101830 -0.077388 -9.23634
v -0.155970 -0.120618 -9.26993
v -0.116470 -0.077808 -9.2122
v -0.170620 -0.121038 -9.2458
v -0.109080 -0.100748 -9.22841
v -0.163220 -0.143978 -9.26201
v -0.079770 -0.054809 -9.1795
v -0.106080 -0.057138 -9.25182
v -0.101790 -0.049019 -9.18894
v -0.128100 -0.051358 -9.26126
v -0.069200 -0.061609 -9.20153
v -0.095510 -0.063938 -9.27386
v -0.079770 -0.036379 -9.19793
v -0.106090 -0.038708 -9.27025
v -0.091210 -0.074249 -9.19254
v -0.117530 -0.076588 -9.264871
v -0.092970 -0.037469 -9.19268
v -0.119290 -0.039808 -9.26501
v -0.078010 -0.073149 -9.19778
v -0.104330 -0.075488 -9.27011
v -0.069920 -0.046369 -9.20159
v -0.096240 -0.048708 -9.27392
v -0.101060 -0.064259 -9.18888
v -0.127380 -0.066588 -9.2612
v -0.034240 0.198202 -9.385
v -0.037100 0.206892 -9.46146
v -0.020270 0.185102 -9.40382
v -0.023130 0.193792 -9.48028
v -0.049450 0.215082 -9.399441
v -0.052310 0.223772 -9.4759
v -0.049990 0.187102 -9.40254
v -0.052850 0.195792 -9.479
v -0.019730 0.213082 -9.40072
v -0.022590 0.221772 -9.47718
v -0.035240 0.180302 -9.403831
v -0.038100 0.188992 -9.48028
v -0.034470 0.219882 -9.399441
v -0.037330 0.228562 -9.4759
v -0.055870 0.201502 -9.40073
v -0.058730 0.210192 -9.47718
v -0.013840 0.198682 -9.40254
v -0.016700 0.207362 -9.47899
v -0.038850 0.198702 -9.3585
v -0.035830 0.263722 -9.39964
v -0.023040 0.202462 -9.38413
v -0.020020 0.267482 -9.42526
v -0.053350 0.223232 -9.35077
v -0.050330 0.288252 -9.39191
v -0.057820 0.215392 -9.364861
v -0.054810 0.280422 -9.406
v -0.018560 0.210302 -9.37004
v -0.015550 0.275322 -9.41117
v -0.041360 0.207302 -9.37741
v -0.038340 0.272322 -9.41855
v -0.035030 0.218392 -9.35749
v -0.032010 0.283412 -9.398621
v -0.062790 0.221992 -9.35383
v -0.059770 0.287012 -9.394959
v -0.013600 0.203702 -9.38107
v -0.010580 0.268722 -9.42221
v -0.038350 0.177002 -9.342
v -0.025270 0.213312 -9.40863
v -0.035700 0.201132 -9.34946
v -0.022630 0.237442 -9.4161
v -0.035300 0.168662 -9.36353
v -0.022220 0.204972 -9.43016
v -0.018140 0.191712 -9.34938
v -0.005060 0.228012 -9.41601
v -0.052870 0.178092 -9.36361
v -0.039790 0.214402 -9.43025
v -0.023360 0.201192 -9.34649
v -0.010290 0.237502 -9.41312
v -0.047640 0.168602 -9.3665
v -0.034560 0.204912 -9.43313
v -0.023080 0.178232 -9.35644
v -0.010000 0.214542 -9.42307
v -0.047920 0.191572 -9.35656
v -0.034850 0.227872 -9.42319
v -0.043190 0.142162 -9.2985
v -0.051210 0.160152 -9.37294
v -0.025860 0.137262 -9.31871
v -0.033880 0.155252 -9.39315
v -0.064010 0.154902 -9.31068
v -0.072020 0.172892 -9.38512
v -0.054400 0.128792 -9.31785
v -0.062410 0.146772 -9.39229
v -0.035470 0.163372 -9.311541
v -0.043490 0.181362 -9.38598
v -0.038140 0.127612 -9.31976
v -0.046160 0.145602 -9.3942
v -0.051730 0.164542 -9.309629
v -0.059740 0.182532 -9.38406
v -0.065110 0.140092 -9.31409
v -0.073130 0.158082 -9.388531
v -0.024750 0.152072 -9.3153
v -0.032770 0.170062 -9.38974
v -0.048910 0.114092 -9.256
v -0.056010 0.182032 -9.29155
v -0.057350 0.123652 -9.2701
v -0.064440 0.191582 -9.30564
v -0.043560 0.134102 -9.25737
v -0.050660 0.202042 -9.29292
v -0.058490 0.136682 -9.247211
v -0.065580 0.204622 -9.28275
v -0.042430 0.121062 -9.28026
v -0.049520 0.189002 -9.31581
v -0.061010 0.130702 -9.25655
v -0.068100 0.198632 -9.29209
v -0.039910 0.127052 -9.27092
v -0.047000 0.194982 -9.30647
v -0.051260 0.138092 -9.24755
v -0.058350 0.206032 -9.283091
v -0.049660 0.119662 -9.27992
v -0.056750 0.187592 -9.31547
v -0.051440 0.084002 -9.222
v -0.008510 0.117252 -9.2766
v -0.022970 0.105332 -9.22089
v 0.019960 0.138572 -9.27549
v -0.061230 0.077152 -9.246861
v -0.018300 0.110392 -9.30146
v -0.026500 0.080022 -9.22844
v 0.016430 0.113272 -9.28304
v -0.057700 0.102452 -9.23931
v -0.014770 0.135702 -9.29391
v -0.017540 0.093272 -9.22085
v 0.025390 0.126521 -9.27545
v -0.066660 0.089202 -9.246901
v -0.023730 0.122452 -9.301499
v -0.044600 0.073352 -9.23922
v -0.001670 0.106592 -9.29381
v -0.039600 0.109132 -9.22854
v 0.003330 0.142382 -9.28314
v -0.058440 0.060791 -9.195
v -0.082510 0.092812 -9.26076
v -0.044980 0.054442 -9.21969
v -0.069050 0.086462 -9.28545
v -0.082370 0.081092 -9.19892
v -0.106450 0.113112 -9.26468
v -0.079370 0.055432 -9.20957
v -0.103450 0.087452 -9.27532
v -0.047980 0.080091 -9.20905
v -0.072050 0.112112 -9.27481
v -0.061550 0.049622 -9.21683
v -0.085630 0.081642 -9.28259
v -0.065800 0.085901 -9.20178
v -0.089870 0.117922 -9.26754
v -0.088000 0.068462 -9.20215
v -0.112070 0.100482 -9.26791
v -0.039350 0.067062 -9.21647
v -0.063430 0.099082 -9.28222
v -0.060720 0.031261 -9.1615
v -0.052350 0.104761 -9.18287
v -0.077970 0.049701 -9.16546
v -0.069600 0.123201 -9.18683
v -0.039830 0.044791 -9.16684
v -0.031460 0.118291 -9.18821
v -0.057560 0.052671 -9.14698
v -0.049190 0.126171 -9.16835
v -0.060240 0.041831 -9.18532
v -0.051870 0.115332 -9.20669
v -0.071440 0.052821 -9.15211
v -0.063060 0.126321 -9.17348
v -0.046360 0.041681 -9.18019
v -0.037990 0.115181 -9.20156
v -0.044470 0.049341 -9.15308
v -0.036100 0.122841 -9.17445
v -0.073330 0.045151 -9.17922
v -0.064960 0.118651 -9.20059
v -0.063460 -0.007429 -9.132999
v -0.030440 0.026301 -9.19383
v -0.036370 0.008141 -9.134251
v -0.003340 0.041871 -9.19508
v -0.076180 -0.008329 -9.15823
v -0.043160 0.025402 -9.21906
v -0.044520 -0.016039 -9.14869
v -0.011490 0.017692 -9.20953
v -0.068040 0.015851 -9.14378
v -0.035010 0.049582 -9.20461
v -0.033880 -0.005539 -9.13949
v -0.000860 0.028191 -9.20033
v -0.078670 0.005361 -9.15298
v -0.045640 0.039092 -9.21381
v -0.062040 -0.017189 -9.15645
v -0.029010 0.016542 -9.21729
v -0.050510 0.017011 -9.13602
v -0.017490 0.050741 -9.19685
v 0.152800 -0.180848 -9.316999
v 0.170190 -0.179438 -9.392
v 0.136860 -0.179008 -9.33779
v 0.154250 -0.177608 -9.41278
v 0.176310 -0.182068 -9.32885
v 0.193700 -0.180668 -9.40384
v 0.158000 -0.160638 -9.33262
v 0.175390 -0.159238 -9.40761
v 0.155170 -0.200438 -9.33402
v 0.172570 -0.199038 -9.40901
v 0.143640 -0.165378 -9.335979
v 0.161030 -0.163978 -9.410979
v 0.169530 -0.195698 -9.33065
v 0.186930 -0.194298 -9.40565
v 0.171530 -0.167548 -9.329659
v 0.188920 -0.166148 -9.40466
v 0.141640 -0.193528 -9.336969
v 0.159030 -0.192128 -9.41197
v 0.149590 -0.182248 -9.2895
v 0.196500 -0.229578 -9.32808
v 0.140610 -0.180678 -9.3139
v 0.187520 -0.228008 -9.35248
v 0.178980 -0.204418 -9.28188
v 0.225890 -0.251748 -9.32046
v 0.175580 -0.182198 -9.29139
v 0.222490 -0.229528 -9.329969
v 0.144010 -0.202898 -9.30439
v 0.190920 -0.250228 -9.34297
v 0.157390 -0.176838 -9.30462
v 0.204300 -0.224168 -9.34319
v 0.162200 -0.208258 -9.29117
v 0.209110 -0.255588 -9.32975
v 0.184530 -0.193618 -9.28198
v 0.231440 -0.240958 -9.32055
v 0.135070 -0.191468 -9.313809
v 0.181980 -0.238798 -9.35239
v 0.131100 -0.169078 -9.275
v 0.155520 -0.199318 -9.34147
v 0.149500 -0.180488 -9.28088
v 0.173920 -0.210728 -9.34735
v 0.123320 -0.170828 -9.29804
v 0.147750 -0.201068 -9.364511
v 0.128870 -0.193368 -9.28417
v 0.153300 -0.223608 -9.35064
v 0.143950 -0.157948 -9.29475
v 0.168370 -0.188188 -9.36122
v 0.140330 -0.191598 -9.27965
v 0.164760 -0.221838 -9.34612
v 0.132490 -0.159718 -9.29927
v 0.156910 -0.189958 -9.36573
v 0.121830 -0.184768 -9.29179
v 0.146250 -0.215008 -9.35825
v 0.150990 -0.166548 -9.28713
v 0.175420 -0.196788 -9.353601
v 0.070680 -0.133048 -9.196
v 0.135900 -0.165708 -9.22067
v 0.087450 -0.122129 -9.20292
v 0.152670 -0.154788 -9.22759
v 0.082280 -0.158178 -9.199821
v 0.147500 -0.190839 -9.22449
v 0.091300 -0.141549 -9.18252
v 0.156520 -0.174208 -9.207191
v 0.078440 -0.138758 -9.22022
v 0.143660 -0.171418 -9.24489
v 0.091250 -0.128389 -9.18914
v 0.156470 -0.161049 -9.21381
v 0.078490 -0.151919 -9.2136
v 0.143710 -0.184578 -9.23827
v 0.087590 -0.153889 -9.18694
v 0.152810 -0.186549 -9.21162
v 0.082150 -0.126428 -9.21579
v 0.147370 -0.159078 -9.24047
v 0.038990 -0.115989 -9.1655
v 0.054150 -0.162728 -9.22478
v 0.034660 -0.140879 -9.16566
v 0.049830 -0.187618 -9.22494
v 0.049910 -0.111428 -9.19114
v 0.065070 -0.158168 -9.25042
v 0.023220 -0.132059 -9.17862
v 0.038380 -0.178798 -9.2379
v 0.061360 -0.120249 -9.17818
v 0.076520 -0.166988 -9.23746
v 0.023410 -0.140739 -9.16955
v 0.038580 -0.187488 -9.228829
v 0.061160 -0.111569 -9.18725
v 0.076330 -0.158308 -9.24653
v 0.034190 -0.119919 -9.18756
v 0.049360 -0.166658 -9.24684
v 0.050380 -0.132389 -9.16923
v 0.065540 -0.179138 -9.22851
v 0.017390 -0.098999 -9.139999
v 0.073150 -0.092588 -9.19271
v 0.015800 -0.095939 -9.16583
v 0.071560 -0.089528 -9.21854
v 0.043240 -0.099269 -9.13711
v 0.099000 -0.092859 -9.18981
v 0.029460 -0.077779 -9.149119
v 0.085230 -0.071369 -9.201819
v 0.029570 -0.117429 -9.15382
v 0.085340 -0.111019 -9.20653
v 0.019780 -0.082409 -9.15996
v 0.075540 -0.075998 -9.212669
v 0.039260 -0.112799 -9.14297
v 0.095030 -0.106389 -9.19568
v 0.039180 -0.084759 -9.139649
v 0.094950 -0.078359 -9.19236
v 0.019860 -0.110449 -9.16329
v 0.075620 -0.104038 -9.21599
v -0.013030 -0.082889 -9.1105
v 0.043410 -0.133209 -9.12506
v 0.007290 -0.080649 -9.10707
v 0.063730 -0.130969 -9.12162
v -0.008790 -0.107019 -9.12027
v 0.047640 -0.157339 -9.13482
v -0.002570 -0.101219 -9.09521
v 0.053860 -0.151539 -9.10977
v 0.001070 -0.086449 -9.13213
v 0.057510 -0.136779 -9.14668
v 0.003650 -0.089729 -9.09595
v 0.060080 -0.140049 -9.1105
v -0.005150 -0.097939 -9.13139
v 0.051290 -0.148259 -9.14594
v -0.007720 -0.108379 -9.10528
v 0.048710 -0.158699 -9.119841
v 0.006230 -0.079289 -9.122049
v 0.062660 -0.129609 -9.13661
v -0.049510 -0.059579 -9.085999
v -0.026280 -0.097979 -9.14857
v -0.054410 -0.085199 -9.09079
v -0.031180 -0.123599 -9.15335
v -0.034500 -0.050669 -9.10844
v -0.011270 -0.089069 -9.17101
v -0.062880 -0.066729 -9.1072
v -0.039650 -0.105129 -9.16976
v -0.026030 -0.069139 -9.09203
v -0.002800 -0.107539 -9.1546
v -0.064530 -0.079289 -9.09873
v -0.041300 -0.117689 -9.1613
v -0.024390 -0.056579 -9.100491
v -0.001160 -0.094979 -9.16306
v -0.050450 -0.054869 -9.11122
v -0.027220 -0.093279 -9.17378
v -0.038460 -0.080999 -9.08801
v -0.015230 -0.119399 -9.15058
v -0.278150 -0.086468 -9.321
v -0.279110 -0.094798 -9.39754
v -0.265580 -0.074228 -9.33936
v -0.266550 -0.082558 -9.4159
v -0.291140 -0.102338 -9.33595
v -0.292100 -0.110668 -9.41249
v -0.264200 -0.102298 -9.33631
v -0.265170 -0.110618 -9.41285
v -0.292520 -0.074268 -9.339
v -0.293480 -0.082598 -9.41554
v -0.259310 -0.088248 -9.33791
v -0.260280 -0.096578 -9.41445
v -0.297410 -0.088308 -9.3374
v -0.298370 -0.096638 -9.413939
v -0.277390 -0.108128 -9.33549
v -0.278350 -0.116458 -9.41204
v -0.279330 -0.068438 -9.33981
v -0.280300 -0.076758 -9.41635
v -0.283400 -0.087528 -9.293
v -0.341740 -0.094168 -9.34281
v -0.281890 -0.093038 -9.31847
v -0.340230 -0.099688 -9.36828
v -0.310300 -0.084898 -9.2892
v -0.368640 -0.091538 -9.33902
v -0.297460 -0.108438 -9.29963
v -0.355810 -0.115078 -9.34944
v -0.294720 -0.069498 -9.30804
v -0.353060 -0.076148 -9.35785
v -0.287020 -0.105618 -9.31121
v -0.345360 -0.112258 -9.36102
v -0.305170 -0.072318 -9.29646
v -0.363510 -0.078968 -9.34627
v -0.307110 -0.099858 -9.29052
v -0.365450 -0.106498 -9.34033
v -0.285080 -0.078078 -9.317161
v -0.343420 -0.084728 -9.36697
v -0.264350 -0.082918 -9.275
v -0.296250 -0.079608 -9.344999
v -0.290620 -0.093728 -9.28392
v -0.322520 -0.090408 -9.35392
v -0.251960 -0.070668 -9.29653
v -0.283870 -0.067358 -9.36653
v -0.281500 -0.065918 -9.28481
v -0.313410 -0.062608 -9.35481
v -0.261080 -0.098468 -9.29565
v -0.292990 -0.095158 -9.36565
v -0.292180 -0.078838 -9.28194
v -0.324080 -0.075528 -9.35194
v -0.250410 -0.085548 -9.29852
v -0.282310 -0.082238 -9.36852
v -0.264850 -0.062538 -9.29085
v -0.296750 -0.059218 -9.360849
v -0.277740 -0.101858 -9.28961
v -0.309640 -0.098548 -9.35961
v -0.218850 -0.071718 -9.186999
v -0.279040 -0.097058 -9.22779
v -0.218470 -0.094929 -9.19809
v -0.278660 -0.120278 -9.23888
v -0.245430 -0.059519 -9.19366
v -0.305620 -0.084868 -9.234449
v -0.240600 -0.083699 -9.17909
v -0.300790 -0.109048 -9.21988
v -0.223290 -0.070758 -9.21266
v -0.283480 -0.096098 -9.25345
v -0.228530 -0.094329 -9.18557
v -0.288720 -0.119668 -9.226359
v -0.235360 -0.060128 -9.20618
v -0.295550 -0.085478 -9.24697
v -0.247590 -0.069288 -9.18244
v -0.307790 -0.094628 -9.223229
v -0.216300 -0.085169 -9.20931
v -0.276490 -0.110508 -9.2501
v -0.192900 -0.062889 -9.149
v -0.224730 -0.035398 -9.2135
v -0.211720 -0.052309 -9.15289
v -0.243560 -0.024818 -9.21739
v -0.187930 -0.061519 -9.17317
v -0.219760 -0.034028 -9.23767
v -0.192350 -0.038839 -9.15902
v -0.224180 -0.011348 -9.22352
v -0.207300 -0.074979 -9.16704
v -0.239140 -0.047488 -9.23154
v -0.202950 -0.040879 -9.153029
v -0.234780 -0.013388 -9.21752
v -0.196700 -0.072949 -9.173039
v -0.228530 -0.045458 -9.237539
v -0.186130 -0.047389 -9.16737
v -0.217960 -0.019898 -9.23186
v -0.213530 -0.066429 -9.1587
v -0.245360 -0.038948 -9.2232
v -0.171950 -0.061149 -9.1175
v -0.189330 -0.100519 -9.18135
v -0.172590 -0.058319 -9.14185
v -0.189970 -0.097689 -9.2057
v -0.178880 -0.081109 -9.12093
v -0.196260 -0.120479 -9.18477
v -0.160930 -0.082539 -9.12751
v -0.178310 -0.121909 -9.19136
v -0.190530 -0.056889 -9.13527
v -0.207910 -0.096258 -9.19912
v -0.163040 -0.070719 -9.136049
v -0.180430 -0.110099 -9.19989
v -0.188420 -0.068699 -9.12674
v -0.205800 -0.108079 -9.19058
v -0.167490 -0.086839 -9.12125
v -0.184870 -0.126209 -9.18509
v -0.183970 -0.052589 -9.14153
v -0.201350 -0.091959 -9.20538
v -0.147700 -0.052669 -9.081
v -0.218190 -0.061299 -9.11075
v -0.173600 -0.074099 -9.083489
v -0.244090 -0.082729 -9.11324
v -0.152480 -0.034999 -9.09146
v -0.222970 -0.043629 -9.12121
v -0.171040 -0.051179 -9.0695
v -0.241530 -0.059799 -9.09925
v -0.155040 -0.057919 -9.10545
v -0.225530 -0.066549 -9.1352
v -0.176160 -0.065989 -9.07194
v -0.246650 -0.074619 -9.1017
v -0.149910 -0.043109 -9.103
v -0.220410 -0.051739 -9.13275
v -0.161230 -0.038339 -9.077579
v -0.231720 -0.046969 -9.107329
v -0.164850 -0.070759 -9.09737
v -0.235340 -0.079379 -9.12712
v -0.112660 -0.043399 -9.0475
v -0.142430 -0.026909 -9.11657
v -0.125950 -0.026199 -9.05413
v -0.155720 -0.009709 -9.1232
v -0.112330 -0.053429 -9.07093
v -0.142100 -0.036929 -9.139999
v -0.105130 -0.025849 -9.065229
v -0.134900 -0.009359 -9.134299
v -0.133150 -0.053779 -9.05982
v -0.162920 -0.037279 -9.12889
v -0.114050 -0.020309 -9.0585
v -0.143820 -0.003819 -9.12757
v -0.124230 -0.059309 -9.06655
v -0.154000 -0.042819 -9.13563
v -0.104420 -0.039559 -9.070379
v -0.134190 -0.023069 -9.13945
v -0.133860 -0.040059 -9.05468
v -0.163630 -0.023569 -9.12375
v 0.064310 0.187152 -9.22
v 0.067850 0.199902 -9.29585
v 0.071750 0.170582 -9.23957
v 0.075280 0.183342 -9.31543
v 0.058420 0.209272 -9.23343
v 0.061960 0.222022 -9.30929
v 0.045520 0.186252 -9.238029
v 0.049060 0.199002 -9.31389
v 0.084650 0.193602 -9.23497
v 0.088180 0.206352 -9.31083
v 0.055960 0.173652 -9.23976
v 0.059500 0.186402 -9.31561
v 0.074210 0.206202 -9.23325
v 0.077740 0.218952 -9.3091
v 0.046540 0.201002 -9.23541
v 0.050070 0.213752 -9.31127
v 0.083630 0.178852 -9.23759
v 0.087160 0.191602 -9.31345
v 0.059420 0.187352 -9.193
v 0.097070 0.244061 -9.228991
v 0.075540 0.193812 -9.21824
v 0.113190 0.250532 -9.25423
v 0.059680 0.205561 -9.18341
v 0.097330 0.262281 -9.2194
v 0.052040 0.211852 -9.19796
v 0.089690 0.268561 -9.23395
v 0.083180 0.187532 -9.2037
v 0.120830 0.244252 -9.23968
v 0.062200 0.204131 -9.21112
v 0.099850 0.260842 -9.2471
v 0.073020 0.195251 -9.190539
v 0.110670 0.251961 -9.22653
v 0.050990 0.212441 -9.18649
v 0.088640 0.269161 -9.22247
v 0.084230 0.186942 -9.21517
v 0.121880 0.243652 -9.25116
v 0.048290 0.167401 -9.1785
v 0.079850 0.194311 -9.24338
v 0.066430 0.191601 -9.18475
v 0.098000 0.218502 -9.24963
v 0.043880 0.154912 -9.20048
v 0.075440 0.181822 -9.26535
v 0.073360 0.169591 -9.18528
v 0.104920 0.196492 -9.25015
v 0.036950 0.176922 -9.19995
v 0.068520 0.203822 -9.26483
v 0.076000 0.183631 -9.18187
v 0.107560 0.210542 -9.246739
v 0.034310 0.162872 -9.203361
v 0.065870 0.189782 -9.26824
v 0.060050 0.157692 -9.19299
v 0.091620 0.184602 -9.25786
v 0.050260 0.188812 -9.192241
v 0.081820 0.215722 -9.25712
v 0.008950 0.112911 -9.1055
v 0.035970 0.180221 -9.13136
v 0.004430 0.132451 -9.1175
v 0.031450 0.199751 -9.14336
v 0.025220 0.122671 -9.104751
v 0.052240 0.189981 -9.13061
v 0.010900 0.135931 -9.093431
v 0.037920 0.203241 -9.11929
v 0.018760 0.119181 -9.128819
v 0.045770 0.186491 -9.15468
v 0.004700 0.136941 -9.10312
v 0.031710 0.204241 -9.12898
v 0.024960 0.118181 -9.11913
v 0.051970 0.185491 -9.14499
v 0.019400 0.130021 -9.09411
v 0.046420 0.197331 -9.11997
v 0.010250 0.125091 -9.12814
v 0.037270 0.192401 -9.154
v -0.010200 0.080331 -9.074
v 0.045030 0.097271 -9.12492
v 0.020170 0.091901 -9.07045
v 0.075390 0.108831 -9.121369
v -0.016530 0.076131 -9.0997
v 0.038700 0.093071 -9.15062
v 0.010250 0.066211 -9.081861
v 0.065470 0.083141 -9.13278
v -0.006610 0.101821 -9.0883
v 0.048620 0.118761 -9.13921
v 0.020750 0.076991 -9.07246
v 0.075980 0.093931 -9.12337
v -0.017120 0.091031 -9.0977
v 0.038110 0.107971 -9.14861
v -0.005190 0.065851 -9.09314
v 0.050030 0.082791 -9.14406
v 0.008830 0.102181 -9.07701
v 0.064060 0.119121 -9.12793
v -0.030130 0.057451 -9.0475
v -0.033290 0.106041 -9.10715
v -0.016080 0.052821 -9.07302
v -0.019250 0.101411 -9.13268
v -0.045550 0.083221 -9.047931
v -0.048720 0.131801 -9.10758
v -0.050500 0.065031 -9.06187
v -0.053670 0.113611 -9.12152
v -0.011130 0.071011 -9.05909
v -0.014290 0.119601 -9.11874
v -0.034320 0.055161 -9.070331
v -0.037490 0.103741 -9.12998
v -0.027310 0.080881 -9.05062
v -0.030480 0.129471 -9.110271
v -0.055160 0.076651 -9.05259
v -0.058330 0.125241 -9.11224
v -0.006470 0.059391 -9.06837
v -0.009640 0.107971 -9.12802
v -0.070290 -0.010589 -8.9935
v -0.023320 0.012481 -9.049991
v -0.043090 -0.006499 -8.99327
v 0.003870 0.016571 -9.04976
v -0.077040 -0.004639 -9.01831
v -0.030080 0.018431 -9.07481
v -0.057000 -0.024599 -9.01101
v -0.010040 -0.001519 -9.0675
v -0.063140 0.013451 -9.00057
v -0.016180 0.036521 -9.05707
v -0.045890 -0.019679 -9.000629
v 0.001060 0.003391 -9.05712
v -0.074240 0.008541 -9.01096
v -0.027280 0.031611 -9.067451
v -0.069900 -0.018359 -9.01833
v -0.022940 0.004711 -9.07483
v -0.050230 0.007221 -8.99325
v -0.003280 0.030291 -9.04974
v 0.034220 -0.277699 -9.175
v 0.050760 -0.284808 -9.24987
v 0.019130 -0.268248 -9.19587
v 0.035670 -0.275358 -9.270741
v 0.056500 -0.290238 -9.1867
v 0.073040 -0.297348 -9.26157
v 0.048930 -0.262679 -9.19041
v 0.065470 -0.269788 -9.26527
v 0.026700 -0.295809 -9.19217
v 0.043240 -0.302918 -9.26704
v 0.032460 -0.259759 -9.1939
v 0.049000 -0.266868 -9.26877
v 0.043170 -0.298728 -9.18867
v 0.059710 -0.305838 -9.26354
v 0.058890 -0.275309 -9.18742
v 0.075430 -0.282418 -9.26229
v 0.016740 -0.283189 -9.19515
v 0.033280 -0.290288 -9.27002
v 0.030260 -0.277649 -9.148
v 0.047720 -0.341859 -9.18675
v 0.017650 -0.280648 -9.17229
v 0.035110 -0.344858 -9.21104
v 0.050460 -0.302589 -9.14057
v 0.067920 -0.366799 -9.179319
v 0.052800 -0.290619 -9.14964
v 0.070260 -0.354829 -9.18839
v 0.015310 -0.292619 -9.163219
v 0.032770 -0.356829 -9.20197
v 0.035710 -0.283148 -9.16284
v 0.053170 -0.347358 -9.20159
v 0.032400 -0.300088 -9.15002
v 0.049860 -0.364299 -9.18876
v 0.058920 -0.298669 -9.140409
v 0.076370 -0.362879 -9.17916
v 0.009200 -0.284569 -9.17245
v 0.026660 -0.348779 -9.211189
v 0.020490 -0.257149 -9.132999
v 0.027390 -0.295309 -9.19952
v 0.025930 -0.278249 -9.13882
v 0.032830 -0.316409 -9.20534
v 0.018040 -0.252659 -9.156119
v 0.024940 -0.290819 -9.22265
v 0.006650 -0.277158 -9.14235
v 0.013550 -0.315318 -9.20887
v 0.037330 -0.253749 -9.1526
v 0.044230 -0.291909 -9.21912
v 0.013930 -0.282779 -9.13773
v 0.020830 -0.320938 -9.20425
v 0.030040 -0.248129 -9.15721
v 0.036950 -0.286288 -9.22373
v 0.008350 -0.264679 -9.14997
v 0.015250 -0.302849 -9.21649
v 0.035620 -0.266219 -9.144979
v 0.042530 -0.304389 -9.2115
v -0.011710 -0.202649 -9.0625
v 0.029380 -0.263068 -9.08678
v 0.010090 -0.204259 -9.06898
v 0.051180 -0.264689 -9.093269
v -0.015630 -0.227329 -9.06658
v 0.025460 -0.287749 -9.09087
v 0.001810 -0.220279 -9.04888
v 0.042900 -0.280699 -9.07316
v -0.007350 -0.211309 -9.08669
v 0.033740 -0.271738 -9.11097
v 0.009570 -0.210809 -9.05526
v 0.050650 -0.271229 -9.07955
v -0.015100 -0.220779 -9.080299
v 0.025990 -0.281199 -9.104589
v -0.008620 -0.227119 -9.05356
v 0.032460 -0.287549 -9.07785
v 0.003090 -0.204469 -9.082
v 0.044180 -0.264888 -9.10629
v -0.032740 -0.170299 -9.0295
v -0.041830 -0.217899 -9.08934
v -0.050320 -0.195749 -9.02996
v -0.059410 -0.243349 -9.0898
v -0.019120 -0.165559 -9.055079
v -0.028210 -0.213159 -9.11491
v -0.054210 -0.176359 -9.04297
v -0.063300 -0.223959 -9.10281
v -0.015230 -0.184949 -9.04206
v -0.024320 -0.232549 -9.1019
v -0.059530 -0.188289 -9.03396
v -0.068630 -0.235889 -9.093801
v -0.009900 -0.173019 -9.05107
v -0.019000 -0.220619 -9.11091
v -0.037470 -0.166949 -9.05172
v -0.046560 -0.214539 -9.11156
v -0.031970 -0.194369 -9.033319
v -0.041060 -0.241959 -9.09316
v -0.044420 -0.142749 -9.0015
v 0.007590 -0.164099 -9.05411
v -0.052120 -0.139029 -9.0273
v -0.000110 -0.160389 -9.0799
v -0.014090 -0.155749 -8.9986
v 0.037930 -0.177099 -9.0512
v -0.023420 -0.130129 -9.010369
v 0.028600 -0.151479 -9.06298
v -0.042790 -0.164659 -9.01552
v 0.009220 -0.186009 -9.06812
v -0.039700 -0.129269 -9.02127
v 0.012320 -0.150629 -9.073879
v -0.026510 -0.165509 -9.00462
v 0.025510 -0.186859 -9.05722
v -0.012810 -0.141089 -9.00098
v 0.039210 -0.162449 -9.05358
v -0.053400 -0.153689 -9.02491
v -0.001390 -0.175049 -9.077519
v -0.084830 -0.074219 -8.946
v -0.082730 -0.118609 -9.008881
v -0.101310 -0.096569 -8.95115
v -0.099200 -0.140959 -9.01402
v -0.067440 -0.071179 -8.96821
v -0.065330 -0.115579 -9.03109
v -0.099660 -0.073629 -8.96742
v -0.097550 -0.118029 -9.0303
v -0.069090 -0.094119 -8.95194
v -0.066980 -0.138519 -9.01481
v -0.107160 -0.085609 -8.95912
v -0.105050 -0.129999 -9.021999
v -0.061590 -0.082139 -8.960239
v -0.059480 -0.126539 -9.02311
v -0.083200 -0.067649 -8.971189
v -0.081100 -0.112049 -9.03407
v -0.085540 -0.100089 -8.94817
v -0.083440 -0.144489 -9.01105
v -0.329550 0.044801 -9.149
v -0.338190 0.042132 -9.22547
v -0.313420 0.050611 -9.16798
v -0.322060 0.047942 -9.24445
v -0.349450 0.037831 -9.16329
v -0.358090 0.035162 -9.23976
v -0.325000 0.025321 -9.1657
v -0.333640 0.022652 -9.24217
v -0.337860 0.063121 -9.16557
v -0.346500 0.060452 -9.24204
v -0.314150 0.035381 -9.16734
v -0.322790 0.032712 -9.243811
v -0.348710 0.053071 -9.16393
v -0.357360 0.050402 -9.2404
v -0.339620 0.026341 -9.16403
v -0.348270 0.023672 -9.24049
v -0.323240 0.062111 -9.16725
v -0.331880 0.059442 -9.243711
v -0.331850 0.043061 -9.122
v -0.390350 0.067891 -9.165481
v -0.326600 0.040231 -9.14755
v -0.385100 0.065061 -9.19104
v -0.362550 0.056701 -9.11537
v -0.421050 0.081531 -9.15885
v -0.354420 0.031461 -9.12794
v -0.412910 0.056291 -9.17142
v -0.334740 0.065481 -9.13498
v -0.393230 0.090301 -9.17847
v -0.338820 0.030621 -9.14035
v -0.397320 0.055441 -9.18383
v -0.350330 0.066321 -9.12257
v -0.408820 0.091141 -9.16605
v -0.364240 0.042261 -9.11759
v -0.422740 0.067091 -9.16107
v -0.324910 0.054671 -9.14533
v -0.383400 0.079501 -9.18882
v -0.311600 0.036701 -9.105
v -0.340750 0.059021 -9.17269
v -0.336640 0.038731 -9.1127
v -0.365790 0.061041 -9.18039
v -0.299240 0.044391 -9.12675
v -0.328390 0.066701 -9.19443
v -0.318390 0.060461 -9.1133
v -0.347540 0.082771 -9.18099
v -0.317490 0.022661 -9.12615
v -0.346630 0.044981 -9.19384
v -0.331480 0.052921 -9.11022
v -0.360630 0.075231 -9.17791
v -0.304400 0.030201 -9.12923
v -0.333540 0.052511 -9.196919
v -0.305040 0.056921 -9.120151
v -0.334190 0.079241 -9.18784
v -0.330840 0.026201 -9.1193
v -0.359990 0.048511 -9.186991
v -0.263550 0.017281 -9.032
v -0.331780 0.028641 -9.06583
v -0.267930 0.000321 -9.0438
v -0.336160 0.011681 -9.077641
v -0.288860 0.039191 -9.03492
v -0.357080 0.050551 -9.06875
v -0.287590 0.016271 -9.02199
v -0.355820 0.027631 -9.05582
v -0.269200 0.023231 -9.05674
v -0.337430 0.034601 -9.09057
v -0.277500 0.003551 -9.03022
v -0.345730 0.014911 -9.06405
v -0.279290 0.035961 -9.0485
v -0.347520 0.047321 -9.08234
v -0.292290 0.031031 -9.02393
v -0.360520 0.042401 -9.05777
v -0.264490 0.008471 -9.05479
v -0.332720 0.019831 -9.08862
v -0.230550 0.007431 -8.9945
v -0.250990 0.053631 -9.052609
v -0.234140 0.028321 -8.99461
v -0.254580 0.074521 -9.05271
v -0.235850 0.006641 -9.01968
v -0.256290 0.052851 -9.077781
v -0.219300 0.029211 -9.00334
v -0.239740 0.075421 -9.06144
v -0.250700 0.005751 -9.01095
v -0.271140 0.051961 -9.06905
v -0.223290 0.033441 -8.99559
v -0.243730 0.079641 -9.05369
v -0.246710 0.001521 -9.01869
v -0.267150 0.047731 -9.076799
v -0.224500 0.018111 -9.01332
v -0.244940 0.064321 -9.07142
v -0.245490 0.016851 -9.00097
v -0.265930 0.063061 -9.05907
v -0.206350 -0.005969 -8.9625
v -0.246440 -0.024209 -9.025661
v -0.203450 -0.005039 -8.9876
v -0.243540 -0.023279 -9.05076
v -0.226690 -0.014839 -8.96488
v -0.266790 -0.033079 -9.02804
v -0.208360 -0.028709 -8.97508
v -0.248460 -0.046939 -9.038239
v -0.221780 0.008831 -8.9774
v -0.261870 -0.009409 -9.04056
v -0.202110 -0.019739 -8.98345
v -0.242200 -0.037979 -9.04661
v -0.228030 -0.000129 -8.969029
v -0.268130 -0.018369 -9.03218
v -0.218550 -0.026669 -8.96739
v -0.258640 -0.044909 -9.03054
v -0.211600 0.006801 -8.98509
v -0.251690 -0.011439 -9.048249
v -0.137710 -0.027619 -8.8975
v -0.162180 0.008641 -8.96087
v -0.137880 -0.003129 -8.90062
v -0.162340 0.033141 -8.96399
v -0.148190 -0.036329 -8.921949
v -0.172650 -0.000069 -8.98532
v -0.124350 -0.013859 -8.91514
v -0.148810 0.022401 -8.97851
v -0.161730 -0.025599 -8.90743
v -0.186180 0.010661 -8.9708
v -0.126180 -0.003839 -8.90647
v -0.150640 0.032421 -8.96984
v -0.159900 -0.035619 -8.916101
v -0.184360 0.000641 -8.97947
v -0.133470 -0.027319 -8.92155
v -0.157930 0.008941 -8.98493
v -0.152600 -0.012139 -8.90102
v -0.177070 0.024121 -8.96439
v 0.144560 0.110561 -9.0395
v 0.155410 0.125191 -9.11431
v 0.144770 0.095271 -9.06027
v 0.155620 0.109901 -9.13509
v 0.149070 0.132221 -9.05128
v 0.159920 0.146851 -9.1261
v 0.128110 0.120291 -9.05722
v 0.138960 0.134921 -9.13204
v 0.165720 0.107201 -9.05433
v 0.176570 0.121831 -9.12914
v 0.132100 0.105311 -9.05998
v 0.142950 0.119931 -9.134789
v 0.161740 0.122181 -9.051579
v 0.172590 0.136811 -9.12639
v 0.135140 0.131431 -9.05362
v 0.145990 0.146061 -9.12844
v 0.158700 0.096051 -9.05793
v 0.169550 0.110681 -9.132751
v 0.139650 0.109451 -9.013
v 0.202880 0.140801 -9.04381
v 0.151940 0.117271 -9.037431
v 0.215160 0.148611 -9.06823
v 0.154870 0.115271 -9.00198
v 0.218100 0.146621 -9.03278
v 0.146590 0.134481 -9.01517
v 0.209820 0.165821 -9.04597
v 0.160220 0.098061 -9.02424
v 0.223450 0.129411 -9.05505
v 0.147550 0.129851 -9.02903
v 0.210770 0.161201 -9.05983
v 0.159260 0.102691 -9.01038
v 0.222490 0.134031 -9.04118
v 0.149620 0.128441 -9.00396
v 0.212850 0.159781 -9.03477
v 0.157190 0.104101 -9.03544
v 0.220410 0.135451 -9.06625
v 0.119620 0.096311 -9
v 0.161620 0.107401 -9.06357
v 0.147290 0.113751 -9.00486
v 0.189300 0.124841 -9.06843
v 0.110220 0.083701 -9.022799
v 0.152230 0.094781 -9.08637
v 0.142450 0.085901 -9.00702
v 0.184460 0.096981 -9.07059
v 0.115060 0.111551 -9.02065
v 0.157070 0.122631 -9.08422
v 0.151550 0.100281 -9.00267
v 0.193550 0.111361 -9.06624
v 0.105960 0.097171 -9.02499
v 0.147970 0.108251 -9.08856
v 0.125340 0.079031 -9.015349
v 0.167340 0.090111 -9.07893
v 0.132170 0.118421 -9.01231
v 0.174180 0.129501 -9.07588
v -0.140430 -0.320999 -8.9995
v -0.132280 -0.335349 -9.07471
v -0.151690 -0.306949 -9.02014
v -0.143540 -0.321299 -9.09535
v -0.125630 -0.341289 -9.01159
v -0.117490 -0.355639 -9.086801
v -0.121090 -0.314639 -9.01577
v -0.112940 -0.328989 -9.090981
v -0.156220 -0.333609 -9.01596
v -0.148080 -0.347949 -9.091169
v -0.135450 -0.305279 -9.01882
v -0.127300 -0.319619 -9.09403
v -0.141870 -0.342969 -9.01291
v -0.133720 -0.357319 -9.08812
v -0.117020 -0.329559 -9.01277
v -0.108880 -0.343899 -9.087979
v -0.160290 -0.318689 -9.01895
v -0.152150 -0.333039 -9.09416
v -0.141480 -0.318799 -8.9725
v -0.157460 -0.384229 -9.00981
v -0.156140 -0.325699 -8.99712
v -0.172120 -0.391139 -9.03443
v -0.133770 -0.340369 -8.96411
v -0.149760 -0.405799 -9.00142
v -0.127380 -0.340579 -8.97491
v -0.143360 -0.406019 -9.012219
v -0.162540 -0.325489 -8.98632
v -0.178520 -0.390919 -9.02363
v -0.140430 -0.333189 -8.98825
v -0.156420 -0.398619 -9.02556
v -0.149480 -0.332879 -8.97298
v -0.165460 -0.398319 -9.01029
v -0.124620 -0.343559 -8.96491
v -0.140600 -0.408989 -9.00222
v -0.165300 -0.322509 -8.99632
v -0.181280 -0.387949 -9.033629
v -0.139470 -0.295999 -8.958
v -0.154320 -0.333039 -9.023849
v -0.148630 -0.321349 -8.96376
v -0.163480 -0.358389 -9.02961
v -0.136760 -0.286769 -8.9809
v -0.151610 -0.323809 -9.04675
v -0.161600 -0.306779 -8.96653
v -0.176460 -0.343819 -9.03238
v -0.123790 -0.301329 -8.97812
v -0.138640 -0.338369 -9.043981
v -0.160260 -0.318209 -8.96217
v -0.175120 -0.355249 -9.02802
v -0.125130 -0.289909 -8.98249
v -0.139980 -0.326939 -9.04834
v -0.151870 -0.293759 -8.97429
v -0.166720 -0.330799 -9.04014
v -0.133520 -0.314359 -8.97037
v -0.148370 -0.351399 -9.03622
v -0.317200 0.180141 -8.9065
v -0.332830 0.187991 -8.98149
v -0.300690 0.179371 -8.9271
v -0.316320 0.187221 -9.00209
v -0.340510 0.184331 -8.91852
v -0.356140 0.192181 -8.99351
v -0.323450 0.162151 -8.92428
v -0.339080 0.169991 -8.99927
v -0.317750 0.201561 -8.92135
v -0.333380 0.209401 -8.99633
v -0.308540 0.166171 -8.92689
v -0.324170 0.174011 -9.00187
v -0.332660 0.197541 -8.91874
v -0.348290 0.205391 -8.99373
v -0.336690 0.169671 -8.92082
v -0.352320 0.177521 -8.995811
v -0.304510 0.194031 -8.92481
v -0.320140 0.201881 -8.9998
g Leaves
s off
f 1 2 3
f 3 2 4
f 1 2 5
f 5 2 6
f 1 2 7
f 7 2 8
f 1 2 9
f 9 2 10
f 1 2 11
f 11 2 12
f 1 2 13
f 13 2 14
f 1 2 15
f 15 2 16
f 1 2 17
f 17 2 18
f 19 20 21
f 21 20 22
f 19 20 23
f 23 20 24
f 19 20 25
f 25 20 26
f 19 20 27
f 27 20 28
f 19 20 29
f 29 20 30
f 19 20 31
f 31 20 32
f 19 20 33
f 33 20 34
f 19 20 35
f 35 20 36
f 37 38 39
f 39 38 40
f 37 38 41
f 41 38 42
f 37 38 43
f 43 38 44
f 37 38 45
f 45 38 46
f 37 38 47
f 47 38 48
f 37 38 49
f 49 38 50
f 37 38 51
f 51 38 52
f 37 38 53
f 53 38 54
f 55 56 57
f 57 56 58
f 55 56 59
f 59 56 60
f 55 56 61
f 61 56 62
f 55 56 63
f 63 56 64
f 55 56 65
f 65 56 66
f 55 56 67
f 67 56 68
f 55 56 69
f 69 56 70
f 55 56 71
f 71 56 72
f 73 74 75
f 75 74 76
f 73 74 77
f 77 74 78
f 73 74 79
f 79 74 80
f 73 74 81
f 81 74 82
f 73 74 83
f 83 74 84
f 73 74 85
f 85 74 86
f 73 74 87
f 87 74 88
f 73 74 89
f 89 74 90
f 91 92 93
f 93 92 94
f 91 92 95
f 95 92 96
f 91 92 97
f 97 92 98
f 91 92 99
f 99 92 100
f 91 92 101
f 101 92 102
f 91 92 103
f 103 92 104
f 91 92 105
f 105 92 106
f 91 92 107
f 107 92 108
f 109 110 111
f 111 110 112
f 109 110 113
f 113 110 114
f 109 110 115
f 115 110 116
f 109 110 117
f 117 110 118
f 109 110 119
f 119 110 120
f 109 110 121
f 121 110 122
f 109 110 123
f 123 110 124
f 109 110 125
f 125 110 126
f 127 128 129
f 129 128 130
f 127 128 131
f 131 128 132
f 127 128 133
f 133 128 134
f 127 128 135
f 135 128 136
f 127 128 137
f 137 128 138
f 127 128 139
f 139 128 140
f 127 128 141
f 141 128 142
f 127 128 143
f 143 128 144
f 145 146 147
f 147 146 148
f 145 146 149
f 149 146 150
f 145 146 151
f 151 146 152
f 145 146 153
f 153 146 154
f 145 146 155
f 155 146 156
f 145 146 157
f 157 146 158
f 145 146 159
f 159 146 160
f 145 146 161
f 161 146 162
f 163 164 165
f 165 164 166
f 163 164 167
f 167 164 168
f 163 164 169
f 169 164 170
f 163 164 171
f 171 164 172
f 163 164 173
f 173 164 174
f 163 164 175
f 175 164 176
f 163 164 177
f 177 164 178
f 163 164 179
f 179 164 180
f 181 182 183
f 183 182 184
f 181 182 185
f 185 182 186
f 181 182 187
f 187 182 188
f 181 182 189
f 189 182 190
f 181 182 191
f 191 182 192
f 181 182 193
f 193 182 194
f 181 182 195
f 195 182 196
f 181 182 197
f 197 182 198
f 199 200 201
f 201 200 202
f 199 200 203
f 203 200 204
f 199 200 205
f 205 200 206
f 199 200 207
f 207 200 208
f 199 200 209
f 209 200 210
f 199 200 211
f 211 200 212
f 199 200 213
f 213 200 214
f 199 200 215
f 215 200 216
f 217 218 219
f 219 218 220
f 217 218 221
f 221 218 222
f 217 218 223
f 223 218 224
f 217 218 225
f 225 218 226
f 217 218 227
f 227 218 228
f 217 218 229
f 229 218 230
f 217 218 231
f 231 218 232
f 217 218 233
f 233 218 234
f 235 236 237
f 237 236 238
f 235 236 239
f 239 236 240
f 235 236 241
f 241 236 242
f 235 236 243
f 243 236 244
f 235 236 245
f 245 236 246
f 235 236 247
f 247 236 248
f 235 236 249
f 249 236 250
f 235 236 251
f 251 236 252
f 253 254 255
f 255 254 256
f 253 254 257
f 257 254 258
f 253 254 259
f 259 254 260
f 253 254 261
f 261 254 262
f 253 254 263
f 263 254 264
f 253 254 265
f 265 254 266
f 253 254 267
f 267 254 268
f 253 254 269
f 269 254 270
f 271 272 273
f 273 272 274
f 271 272 275
f 275 272 276
f 271 272 277
f 277 272 278
f 271 272 279
f 279 272 280
f 271 272 281
f 281 272 282
f 271 272 283
f 283 272 284
f 271 272 285
f 285 272 286
f 271 272 287
f 287 272 288
f 289 290 291
f 291 290 292
f 289 290 293
f 293 290 294
f 289 290 295
f 295 290 296
f 289 290 297
f 297 290 298
f 289 290 299
f 299 290 300
f 289 290 301
f 301 290 302
f 289 290 303
f 303 290 304
f 289 290 305
f 305 290 306
f 307 308 309
f 309 308 310
f 307 308 311
f 311 308 312
f 307 308 313
f 313 308 314
f 307 308 315
f 315 308 316
f 307 308 317
f 317 308 318
f 307 308 319
f 319 308 320
f 307 308 321
f 321 308 322
f 307 308 323
f 323 308 324
f 325 326 327
f 327 326 328
f 325 326 329
f 329 326 330
f 325 326 331
f 331 326 332
f 325 326 333
f 333 326 334
f 325 326 335
f 335 326 336
f 325 326 337
f 337 326 338
f 325 326 339
f 339 326 340
f 325 326 341
f 341 326 342
f 343 344 345
f 345 344 346
f 343 344 347
f 347 344 348
f 343 344 349
f 349 344 350
f 343 344 351
f 351 344 352
f 343 344 353
f 353 344 354
f 343 344 355
f 355 344 356
f 343 344 357
f 357 344 358
f 343 344 359
f 359 344 360
f 361 362 363
f 363 362 364
f 361 362 365
f 365 362 366
f 361 362 367
f 367 362 368
f 361 362 369
f 369 362 370
f 361 362 371
f 371 362 372
f 361 362 373
f 373 362 374
f 361 362 375
f 375 362 376
f 361 362 377
f 377 362 378
f 379 380 381
f 381 380 382
f 379 380 383
f 383 380 384
f 379 380 385
f 385 380 386
f 379 380 387
f 387 380 388
f 379 380 389
f 389 380 390
f 379 380 391
f 391 380 392
f 379 380 393
f 393 380 394
f 379 380 395
f 395 380 396
f 397 398 399
f 399 398 400
f 397 398 401
f 401 398 402
f 397 398 403
f 403 398 404
f 397 398 405
f 405 398 406
f 397 398 407
f 407 398 408
f 397 398 409
f 409 398 410
f 397 398 411
f 411 398 412
f 397 398 413
f 413 398 414
f 415 416 417
f 417 416 418
f 415 416 419
f 419 416 420
f 415 416 421
f 421 416 422
f 415 416 423
f 423 416 424
f 415 416 425
f 425 416 426
f 415 416 427
f 427 416 428
f 415 416 429
f 429 416 430
f 415 416 431
f 431 416 432
f 433 434 435
f 435 434 436
f 433 434 437
f 437 434 438
f 433 434 439
f 439 434 440
f 433 434 441
f 441 434 442
f 433 434 443
f 443 434 444
f 433 434 445
f 445 434 446
f 433 434 447
f 447 434 448
f 433 434 449
f 449 434 450
f 451 452 453
f 453 452 454
f 451 452 455
f 455 452 456
f 451 452 457
f 457 452 458
f 451 452 459
f 459 452 460
f 451 452 461
f 461 452 462
f 451 452 463
f 463 452 464
f 451 452 465
f 465 452 466
f 451 452 467
f 467 452 468
f 469 470 471
f 471 470 472
f 469 470 473
f 473 470 474
f 469 470 475
f 475 470 476
f 469 470 477
f 477 470 478
f 469 470 479
f 479 470 480
f 469 470 481
f 481 470 482
f 469 470 483
f 483 470 484
f 469 470 485
f 485 470 486
f 487 488 489
f 489 488 490
f 487 488 491
f 491 488 492
f 487 488 493
f 493 488 494
f 487 488 495
f 495 488 496
f 487 488 497
f 497 488 498
f 487 488 499
f 499 488 500
f 487 488 501
f 501 488 502
f 487 488 503
f 503 488 504
f 505 506 507
f 507 506 508
f 505 506 509
f 509 506 510
f 505 506 511
f 511 506 512
f 505 506 513
f 513 506 514
f 505 506 515
f 515 506 516
f 505 506 517
f 517 506 518
f 505 506 519
f 519 506 520
f 505 506 521
f 521 506 522
f 523 524 525
f 525 524 526
f 523 524 527
f 527 524 528
f 523 524 529
f 529 524 530
f 523 524 531
f 531 524 532
f 523 524 533
f 533 524 534
f 523 524 535
f 535 524 536
f 523 524 537
f 537 524 538
f 523 524 539
f 539 524 540
f 541 542 543
f 543 542 544
f 541 542 545
f 545 542 546
f 541 542 547
f 547 542 548
f 541 542 549
f 549 542 550
f 541 542 551
f 551 542 552
f 541 542 553
f 553 542 554
f 541 542 555
f 555 542 556
f 541 542 557
f 557 542 558
f 559 560 561
f 561 560 562
f 559 560 563
f 563 560 564
f 559 560 565
f 565 560 566
f 559 560 567
f 567 560 568
f 559 560 569
f 569 560 570
f 559 560 571
f 571 560 572
f 559 560 573
f 573 560 574
f 559 560 575
f 575 560 576
f 577 578 579
f 579 578 580
f 577 578 581
f 581 578 582
f 577 578 583
f 583 578 584
f 577 578 585
f 585 578 586
f 577 578 587
f 587 578 588
f 577 578 589
f 589 578 590
f 577 578 591
f 591 578 592
f 577 578 593
f 593 578 594
f 595 596 597
f 597 596 598
f 595 596 599
f 599 596 600
f 595 596 601
f 601 596 602
f 595 596 603
f 603 596 604
f 595 596 605
f 605 596 606
f 595 596 607
f 607 596 608
f 595 596 609
f 609 596 610
f 595 596 611
f 611 596 612
f 613 614 615
f 615 614 616
f 613 614 617
f 617 614 618
f 613 614 619
f 619 614 620
f 613 614 621
f 621 614 622
f 613 614 623
f 623 614 624
f 613 614 625
f 625 614 626
f 613 614 627
f 627 614 628
f 613 614 629
f 629 614 630
f 631 632 633
f 633 632 634
f 631 632 635
f 635 632 636
f 631 632 637
f 637 632 638
f 631 632 639
f 639 632 640
f 631 632 641
f 641 632 642
f 631 632 643
f 643 632 644
f 631 632 645
f 645 632 646
f 631 632 647
f 647 632 648
f 649 650 651
f 651 650 652
f 649 650 653
f 653 650 654
f 649 650 655
f 655 650 656
f 649 650 657
f 657 650 658
f 649 650 659
f 659 650 660
f 649 650 661
f 661 650 662
f 649 650 663
f 663 650 664
f 649 650 665
f 665 650 666
f 667 668 669
f 669 668 670
f 667 668 671
f 671 668 672
f 667 668 673
f 673 668 674
f 667 668 675
f 675 668 676
f 667 668 677
f 677 668 678
f 667 668 679
f 679 668 680
f 667 668 681
f 681 668 682
f 667 668 683
f 683 668 684
f 685 686 687
f 687 686 688
f 685 686 689
f 689 686 690
f 685 686 691
f 691 686 692
f 685 686 693
f 693 686 694
f 685 686 695
f 695 686 696
f 685 686 697
f 697 686 698
f 685 686 699
f 699 686 700
f 685 686 701
f 701 686 702
f 703 704 705
f 705 704 706
f 703 704 707
f 707 704 708
f 703 704 709
f 709 704 710
f 703 704 711
f 711 704 712
f 703 704 713
f 713 704 714
f 703 704 715
f 715 704 716
f 703 704 717
f 717 704 718
f 703 704 719
f 719 704 720
f 721 722 723
f 723 722 724
f 721 722 725
f 725 722 726
f 721 722 727
f 727 722 728
f 721 722 729
f 729 722 730
f 721 722 731
f 731 722 732
f 721 722 733
f 733 722 734
f 721 722 735
f 735 722 736
f 721 722 737
f 737 722 738
f 739 740 741
f 741 740 742
f 739 740 743
f 743 740 744
f 739 740 745
f 745 740 746
f 739 740 747
f 747 740 748
f 739 740 749
f 749 740 750
f 739 740 751
f 751 740 752
f 739 740 753
f 753 740 754
f 739 740 755
f 755 740 756
f 757 758 759
f 759 758 760
f 757 758 761
f 761 758 762
f 757 758 763
f 763 758 764
f 757 758 765
f 765 758 766
f 757 758 767
f 767 758 768
f 757 758 769
f 769 758 770
f 757 758 771
f 771 758 772
f 757 758 773
f 773 758 774
f 775 776 777
f 777 776 778
f 775 776 779
f 779 776 780
f 775 776 781
f 781 776 782
f 775 776 783
f 783 776 784
f 775 776 785
f 785 776 786
f 775 776 787
f 787 776 788
f 775 776 789
f 789 776 790
f 775 776 791
f 791 776 792
f 793 794 795
f 795 794 796
f 793 794 797
f 797 794 798
f 793 794 799
f 799 794 800
f 793 794 801
f 801 794 802
f 793 794 803
f 803 794 804
f 793 794 805
f 805 794 806
f 793 794 807
f 807 794 808
f 793 794 809
f 809 794 810
f 811 812 813
f 813 812 814
f 811 812 815
f 815 812 816
f 811 812 817
f 817 812 818
f 811 812 819
f 819 812 820
f 811 812 821
f 821 812 822
f 811 812 823
f 823 812 824
f 811 812 825
f 825 812 826
f 811 812 827
f 827 812 828
f 829 830 831
f 831 830 832
f 829 830 833
f 833 830 834
f 829 830 835
f 835 830 836
f 829 830 837
f 837 830 838
f 829 830 839
f 839 830 840
f 829 830 841
f 841 830 842
f 829 830 843
f 843 830 844
f 829 830 845
f 845 830 846
f 847 848 849
f 849 848 850
f 847 848 851
f 851 848 852
f 847 848 853
f 853 848 854
f 847 848 855
f 855 848 856
f 847 848 857
f 857 848 858
f 847 848 859
f 859 848 860
f 847 848 861
f 861 848 862
f 847 848 863
f 863 848 864
f 865 866 867
f 867 866 868
f 865 866 869
f 869 866 870
f 865 866 871
f 871 866 872
f 865 866 873
f 873 866 874
f 865 866 875
f 875 866 876
f 865 866 877
f 877 866 878
f 865 866 879
f 879 866 880
f 865 866 881
f 881 866 882
f 883 884 885
f 885 884 886
f 883 884 887
f 887 884 888
f 883 884 889
f 889 884 890
f 883 884 891
f 891 884 892
f 883 884 893
f 893 884 894
f 883 884 895
f 895 884 896
f 883 884 897
f 897 884 898
f 883 884 899
f 899 884 900
f 901 902 903
f 903 902 904
f 901 902 905
f 905 902 906
f 901 902 907
f 907 902 908
f 901 902 909
f 909 902 910
f 901 902 911
f 911 902 912
f 901 902 913
f 913 902 914
f 901 902 915
f 915 902 916
f 901 902 917
f 917 902 918
f 919 920 921
f 921 920 922
f 919 920 923
f 923 920 924
f 919 920 925
f 925 920 926
f 919 920 927
f 927 920 928
f 919 920 929
f 929 920 930
f 919 920 931
f 931 920 932
f 919 920 933
f 933 920 934
f 919 920 935
f 935 920 936
f 937 938 939
f 939 938 940
f 937 938 941
f 941 938 942
f 937 938 943
f 943 938 944
f 937 938 945
f 945 938 946
f 937 938 947
f 947 938 948
f 937 938 949
f 949 938 950
f 937 938 951
f 951 938 952
f 937 938 953
f 953 938 954
f 955 956 957
f 957 956 958
f 955 956 959
f 959 956 960
f 955 956 961
f 961 956 962
f 955 956 963
f 963 956 964
f 955 956 965
f 965 956 966
f 955 956 967
f 967 956 968
f 955 956 969
f 969 956 970
f 955 956 971
f 971 956 972
f 973 974 975
f 975 974 976
f 973 974 977
f 977 974 978
f 973 974 979
f 979 974 980
f 973 974 981
f 981 974 982
f 973 974 983
f 983 974 984
f 973 974 985
f 985 974 986
f 973 974 987
f 987 974 988
f 973 974 989
f 989 974 990
f 991 992 993
f 993 992 994
f 991 992 995
f 995 992 996
f 991 992 997
f 997 992 998
f 991 992 999
f 999 992 1000
f 991 992 1001
f 1001 992 1002
f 991 992 1003
f 1003 992 1004
f 991 992 1005
f 1005 992 1006
f 991 992 1007
f 1007 992 1008
f 1009 1010 1011
f 1011 1010 1012
f 1009 1010 1013
f 1013 1010 1014
f 1009 1010 1015
f 1015 1010 1016
f 1009 1010 1017
f 1017 1010 1018
f 1009 1010 1019
f 1019 1010 1020
f 1009 1010 1021
f 1021 1010 1022
f 1009 1010 1023
f 1023 1010 1024
f 1009 1010 1025
f 1025 1010 1026
f 1027 1028 1029
f 1029 1028 1030
f 1027 1028 1031
f 1031 1028 1032
f 1027 1028 1033
f 1033 1028 1034
f 1027 1028 1035
f 1035 1028 1036
f 1027 1028 1037
f 1037 1028 1038
f 1027 1028 1039
f 1039 1028 1040
f 1027 1028 1041
f 1041 1028 1042
f 1027 1028 1043
f 1043 1028 1044
f 1045 1046 1047
f 1047 1046 1048
f 1045 1046 1049
f 1049 1046 1050
f 1045 1046 1051
f 1051 1046 1052
f 1045 1046 1053
f 1053 1046 1054
f 1045 1046 1055
f 1055 1046 1056
f 1045 1046 1057
f 1057 1046 1058
f 1045 1046 1059
f 1059 1046 1060
f 1045 1046 1061
f 1061 1046 1062
f 1063 1064 1065
f 1065 1064 1066
f 1063 1064 1067
f 1067 1064 1068
f 1063 1064 1069
f 1069 1064 1070
f 1063 1064 1071
f 1071 1064 1072
f 1063 1064 1073
f 1073 1064 1074
f 1063 1064 1075
f 1075 1064 1076
f 1063 1064 1077
f 1077 1064 1078
f 1063 1064 1079
f 1079 1064 1080
f 1081 1082 1083
f 1083 1082 1084
f 1081 1082 1085
f 1085 1082 1086
f 1081 1082 1087
f 1087 1082 1088
f 1081 1082 1089
f 1089 1082 1090
f 1081 1082 1091
f 1091 1082 1092
f 1081 1082 1093
f 1093 1082 1094
f 1081 1082 1095
f 1095 1082 1096
f 1081 1082 1097
f 1097 1082 1098
f 1099 1100 1101
f 1101 1100 1102
f 1099 1100 1103
f 1103 1100 1104
f 1099 1100 1105
f 1105 1100 1106
f 1099 1100 1107
f 1107 1100 1108
f 1099 1100 1109
f 1109 1100 1110
f 1099 1100 1111
f 1111 1100 1112
f 1099 1100 1113
f 1113 1100 1114
f 1099 1100 1115
f 1115 1100 1116
f 1117 1118 1119
f 1119 1118 1120
f 1117 1118 1121
f 1121 1118 1122
f 1117 1118 1123
f 1123 1118 1124
f 1117 1118 1125
f 1125 1118 1126
f 1117 1118 1127
f 1127 1118 1128
f 1117 1118 1129
f 1129 1118 1130
f 1117 1118 1131
f 1131 1118 1132
f 1117 1118 1133
f 1133 1118 1134
f 1135 1136 1137
f 1137 1136 1138
f 1135 1136 1139
f 1139 1136 1140
f 1135 1136 1141
f 1141 1136 1142
f 1135 1136 1143
f 1143 1136 1144
f 1135 1136 1145
f 1145 1136 1146
f 1135 1136 1147
f 1147 1136 1148
f 1135 1136 1149
f 1149 1136 1150
f 1135 1136 1151
f 1151 1136 1152
f 1153 1154 1155
f 1155 1154 1156
f 1153 1154 1157
f 1157 1154 1158
f 1153 1154 1159
f 1159 1154 1160
f 1153 1154 1161
f 1161 1154 1162
f 1153 1154 1163
f 1163 1154 1164
f 1153 1154 1165
f 1165 1154 1166
f 1153 1154 1167
f 1167 1154 1168
f 1153 1154 1169
f 1169 1154 1170
f 1171 1172 1173
f 1173 1172 1174
f 1171 1172 1175
f 1175 1172 1176
f 1171 1172 1177
f 1177 1172 1178
f 1171 1172 1179
f 1179 1172 1180
f 1171 1172 1181
f 1181 1172 1182
f 1171 1172 1183
f 1183 1172 1184
f 1171 1172 1185
f 1185 1172 1186
f 1171 1172 1187
f 1187 1172 1188
f 1189 1190 1191
f 1191 1190 1192
f 1189 1190 1193
f 1193 1190 1194
f 1189 1190 1195
f 1195 1190 1196
f 1189 1190 1197
f 1197 1190 1198
f 1189 1190 1199
f 1199 1190 1200
f 1189 1190 1201
f 1201 1190 1202
f 1189 1190 1203
f 1203 1190 1204
f 1189 1190 1205
f 1205 1190 1206
f 1207 1208 1209
f 1209 1208 1210
f 1207 1208 1211
f 1211 1208 1212
f 1207 1208 1213
f 1213 1208 1214
f 1207 1208 1215
f 1215 1208 1216
f 1207 1208 1217
f 1217 1208 1218
f 1207 1208 1219
f 1219 1208 1220
f 1207 1208 1221
f 1221 1208 1222
f 1207 1208 1223
f 1223 1208 1224
f 1225 1226 1227
f 1227 1226 1228
f 1225 1226 1229
f 1229 1226 1230
f 1225 1226 1231
f 1231 1226 1232
f 1225 1226 1233
f 1233 1226 1234
f 1225 1226 1235
f 1235 1226 1236
f 1225 1226 1237
f 1237 1226 1238
f 1225 1226 1239
f 1239 1226 1240
f 1225 1226 1241
f 1241 1226 1242
f 1243 1244 1245
f 1245 1244 1246
f 1243 1244 1247
f 1247 1244 1248
f 1243 1244 1249
f 1249 1244 1250
f 1243 1244 1251
f 1251 1244 1252
f 1243 1244 1253
f 1253 1244 1254
f 1243 1244 1255
f 1255 1244 1256
f 1243 1244 1257
f 1257 1244 1258
f 1243 1244 1259
f 1259 1244 1260
f 1261 1262 1263
f 1263 1262 1264
f 1261 1262 1265
f 1265 1262 1266
f 1261 1262 1267
f 1267 1262 1268
f 1261 1262 1269
f 1269 1262 1270
f 1261 1262 1271
f 1271 1262 1272
f 1261 1262 1273
f 1273 1262 1274
f 1261 1262 1275
f 1275 1262 1276
f 1261 1262 1277
f 1277 1262 1278
f 1279 1280 1281
f 1281 1280 1282
f 1279 1280 1283
f 1283 1280 1284
f 1279 1280 1285
f 1285 1280 1286
f 1279 1280 1287
f 1287 1280 1288
f 1279 1280 1289
f 1289 1280 1290
f 1279 1280 1291
f 1291 1280 1292
f 1279 1280 1293
f 1293 1280 1294
f 1279 1280 1295
f 1295 1280 1296
f 1297 1298 1299
f 1299 1298 1300
f 1297 1298 1301
f 1301 1298 1302
f 1297 1298 1303
f 1303 1298 1304
f 1297 1298 1305
f 1305 1298 1306
f 1297 1298 1307
f 1307 1298 1308
f 1297 1298 1309
f 1309 1298 1310
f 1297 1298 1311
f 1311 1298 1312
f 1297 1298 1313
f 1313 1298 1314
f 1315 1316 1317
f 1317 1316 1318
f 1315 1316 1319
f 1319 1316 1320
f 1315 1316 1321
f 1321 1316 1322
f 1315 1316 1323
f 1323 1316 1324
f 1315 1316 1325
f 1325 1316 1326
f 1315 1316 1327
f 1327 1316 1328
f 1315 1316 1329
f 1329 1316 1330
f 1315 1316 1331
f 1331 1316 1332
f 1333 1334 1335
f 1335 1334 1336
f 1333 1334 1337
f 1337 1334 1338
f 1333 1334 1339
f 1339 1334 1340
f 1333 1334 1341
f 1341 1334 1342
f 1333 1334 1343
f 1343 1334 1344
f 1333 1334 1345
f 1345 1334 1346
f 1333 1334 1347
f 1347 1334 1348
f 1333 1334 1349
f 1349 1334 1350
f 1351 1352 1353
f 1353 1352 1354
f 1351 1352 1355
f 1355 1352 1356
f 1351 1352 1357
f 1357 1352 1358
f 1351 1352 1359
f 1359 1352 1360
f 1351 1352 1361
f 1361 1352 1362
f 1351 1352 1363
f 1363 1352 1364
f 1351 1352 1365
f 1365 1352 1366
f 1351 1352 1367
f 1367 1352 1368
f 1369 1370 1371
f 1371 1370 1372
f 1369 1370 1373
f 1373 1370 1374
f 1369 1370 1375
f 1375 1370 1376
f 1369 1370 1377
f 1377 1370 1378
f 1369 1370 1379
f 1379 1370 1380
f 1369 1370 1381
f 1381 1370 1382
f 1369 1370 1383
f 1383 1370 1384
f 1369 1370 1385
f 1385 1370 1386
f 1387 1388 1389
f 1389 1388 1390
f 1387 1388 1391
f 1391 1388 1392
f 1387 1388 1393
f 1393 1388 1394
f 1387 1388 1395
f 1395 1388 1396
f 1387 1388 1397
f 1397 1388 1398
f 1387 1388 1399
f 1399 1388 1400
f 1387 1388 1401
f 1401 1388 1402
f 1387 1388 1403
f 1403 1388 1404
f 1405 1406 1407
f 1407 1406 1408
f 1405 1406 1409
f 1409 1406 1410
f 1405 1406 1411
f 1411 1406 1412
f 1405 1406 1413
f 1413 1406 1414
f 1405 1406 1415
f 1415 1406 1416
f 1405 1406 1417
f 1417 1406 1418
f 1405 1406 1419
f 1419 1406 1420
f 1405 1406 1421
f 1421 1406 1422
f 1423 1424 1425
f 1425 1424 1426
f 1423 1424 1427
f 1427 1424 1428
f 1423 1424 1429
f 1429 1424 1430
f 1423 1424 1431
f 1431 1424 1432
f 1423 1424 1433
f 1433 1424 1434
f 1423 1424 1435
f 1435 1424 1436
f 1423 1424 1437
f 1437 1424 1438
f 1423 1424 1439
f 1439 1424 1440
f 1441 1442 1443
f 1443 1442 1444
f 1441 1442 1445
f 1445 1442 1446
f 1441 1442 1447
f 1447 1442 1448
f 1441 1442 1449
f 1449 1442 1450
f 1441 1442 1451
f 1451 1442 1452
f 1441 1442 1453
f 1453 1442 1454
f 1441 1442 1455
f 1455 1442 1456
f 1441 1442 1457
f 1457 1442 1458
f 1459 1460 1461
f 1461 1460 1462
f 1459 1460 1463
f 1463 1460 1464
f 1459 1460 1465
f 1465 1460 1466
f 1459 1460 1467
f 1467 1460 1468
f 1459 1460 1469
f 1469 1460 1470
f 1459 1460 1471
f 1471 1460 1472
f 1459 1460 1473
f 1473 1460 1474
f 1459 1460 1475
f 1475 1460 1476
f 1477 1478 1479
f 1479 1478 1480
f 1477 1478 1481
f 1481 1478 1482
f 1477 1478 1483
f 1483 1478 1484
f 1477 1478 1485
f 1485 1478 1486
f 1477 1478 1487
f 1487 1478 1488
f 1477 1478 1489
f 1489 1478 1490
f 1477 1478 1491
f 1491 1478 1492
f 1477 1478 1493
f 1493 1478 1494
f 1495 1496 1497
f 1497 1496 1498
f 1495 1496 1499
f 1499 1496 1500
f 1495 1496 1501
f 1501 1496 1502
f 1495 1496 1503
f 1503 1496 1504
f 1495 1496 1505
f 1505 1496 1506
f 1495 1496 1507
f 1507 1496 1508
f 1495 1496 1509
f 1509 1496 1510
f 1495 1496 1511
f 1511 1496 1512
f 1513 1514 1515
f 1515 1514 1516
f 1513 1514 1517
f 1517 1514 1518
f 1513 1514 1519
f 1519 1514 1520
f 1513 1514 1521
f 1521 1514 1522
f 1513 1514 1523
f 1523 1514 1524
f 1513 1514 1525
f 1525 1514 1526
f 1513 1514 1527
f 1527 1514 1528
f 1513 1514 1529
f 1529 1514 1530
f 1531 1532 1533
f 1533 1532 1534
f 1531 1532 1535
f 1535 1532 1536
f 1531 1532 1537
f 1537 1532 1538
f 1531 1532 1539
f 1539 1532 1540
f 1531 1532 1541
f 1541 1532 1542
f 1531 1532 1543
f 1543 1532 1544
f 1531 1532 1545
f 1545 1532 1546
f 1531 1532 1547
f 1547 1532 1548
f 1549 1550 1551
f 1551 1550 1552
f 1549 1550 1553
f 1553 1550 1554
f 1549 1550 1555
f 1555 1550 1556
f 1549 1550 1557
f 1557 1550 1558
f 1549 1550 1559
f 1559 1550 1560
f 1549 1550 1561
f 1561 1550 1562
f 1549 1550 1563
f 1563 1550 1564
f 1549 1550 1565
f 1565 1550 1566
f 1567 1568 1569
f 1569 1568 1570
f 1567 1568 1571
f 1571 1568 1572
f 1567 1568 1573
f 1573 1568 1574
f 1567 1568 1575
f 1575 1568 1576
f 1567 1568 1577
f 1577 1568 1578
f 1567 1568 1579
f 1579 1568 1580
f 1567 1568 1581
f 1581 1568 1582
f 1567 1568 1583
f 1583 1568 1584
f 1585 1586 1587
f 1587 1586 1588
f 1585 1586 1589
f 1589 1586 1590
f 1585 1586 1591
f 1591 1586 1592
f 1585 1586 1593
f 1593 1586 1594
f 1585 1586 1595
f 1595 1586 1596
f 1585 1586 1597
f 1597 1586 1598
f 1585 1586 1599
f 1599 1586 1600
f 1585 1586 1601
f 1601 1586 1602
f 1603 1604 1605
f 1605 1604 1606
f 1603 1604 1607
f 1607 1604 1608
f 1603 1604 1609
f 1609 1604 1610
f 1603 1604 1611
f 1611 1604 1612
f 1603 1604 1613
f 1613 1604 1614
f 1603 1604 1615
f 1615 1604 1616
f 1603 1604 1617
f 1617 1604 1618
f 1603 1604 1619
f 1619 1604 1620
f 1621 1622 1623
f 1623 1622 1624
f 1621 1622 1625
f 1625 1622 1626
f 1621 1622 1627
f 1627 1622 1628
f 1621 1622 1629
f 1629 1622 1630
f 1621 1622 1631
f 1631 1622 1632
f 1621 1622 1633
f 1633 1622 1634
f 1621 1622 1635
f 1635 1622 1636
f 1621 1622 1637
f 1637 1622 1638
f 1639 1640 1641
f 1641 1640 1642
f 1639 1640 1643
f 1643 1640 1644
f 1639 1640 1645
f 1645 1640 1646
f 1639 1640 1647
f 1647 1640 1648
f 1639 1640 1649
f 1649 1640 1650
f 1639 1640 1651
f 1651 1640 1652
f 1639 1640 1653
f 1653 1640 1654
f 1639 1640 1655
f 1655 1640 1656
f 1657 1658 1659
f 1659 1658 1660
f 1657 1658 1661
f 1661 1658 1662
f 1657 1658 1663
f 1663 1658 1664
f 1657 1658 1665
f 1665 1658 1666
f 1657 1658 1667
f 1667 1658 1668
f 1657 1658 1669
f 1669 1658 1670
f 1657 1658 1671
f 1671 1658 1672
f 1657 1658 1673
f 1673 1658 1674
f 1675 1676 1677
f 1677 1676 1678
f 1675 1676 1679
f 1679 1676 1680
f 1675 1676 1681
f 1681 1676 1682
f 1675 1676 1683
f 1683 1676 1684
f 1675 1676 1685
f 1685 1676 1686
f 1675 1676 1687
f 1687 1676 1688
f 1675 1676 1689
f 1689 1676 1690
f 1675 1676 1691
f 1691 1676 1692
f 1693 1694 1695
f 1695 1694 1696
f 1693 1694 1697
f 1697 1694 1698
f 1693 1694 1699
f 1699 1694 1700
f 1693 1694 1701
f 1701 1694 1702
f 1693 1694 1703
f 1703 1694 1704
f 1693 1694 1705
f 1705 1694 1706
f 1693 1694 1707
f 1707 1694 1708
f 1693 1694 1709
f 1709 1694 1710
f 1711 1712 1713
f 1713 1712 1714
f 1711 1712 1715
f 1715 1712 1716
f 1711 1712 1717
f 1717 1712 1718
f 1711 1712 1719
f 1719 1712 1720
f 1711 1712 1721
f 1721 1712 1722
f 1711 1712 1723
f 1723 1712 1724
f 1711 1712 1725
f 1725 1712 1726
f 1711 1712 1727
f 1727 1712 1728
f 1729 1730 1731
f 1731 1730 1732
f 1729 1730 1733
f 1733 1730 1734
f 1729 1730 1735
f 1735 1730 1736
f 1729 1730 1737
f 1737 1730 1738
f 1729 1730 1739
f 1739 1730 1740
f 1729 1730 1741
f 1741 1730 1742
f 1729 1730 1743
f 1743 1730 1744
f 1729 1730 1745
f 1745 1730 1746
f 1747 1748 1749
f 1749 1748 1750
f 1747 1748 1751
f 1751 1748 1752
f 1747 1748 1753
f 1753 1748 1754
f 1747 1748 1755
f 1755 1748 1756
f 1747 1748 1757
f 1757 1748 1758
f 1747 1748 1759
f 1759 1748 1760
f 1747 1748 1761
f 1761 1748 1762
f 1747 1748 1763
f 1763 1748 1764
f 1765 1766 1767
f 1767 1766 1768
f 1765 1766 1769
f 1769 1766 1770
f 1765 1766 1771
f 1771 1766 1772
f 1765 1766 1773
f 1773 1766 1774
f 1765 1766 1775
f 1775 1766 1776
f 1765 1766 1777
f 1777 1766 1778
f 1765 1766 1779
f 1779 1766 1780
f 1765 1766 1781
f 1781 1766 1782
f 1783 1784 1785
f 1785 1784 1786
f 1783 1784 1787
f 1787 1784 1788
f 1783 1784 1789
f 1789 1784 1790
f 1783 1784 1791
f 1791 1784 1792
f 1783 1784 1793
f 1793 1784 1794
f 1783 1784 1795
f 1795 1784 1796
f 1783 1784 1797
f 1797 1784 1798
f 1783 1784 1799
f 1799 1784 1800
f 1801 1802 1803
f 1803 1802 1804
f 1801 1802 1805
f 1805 1802 1806
f 1801 1802 1807
f 1807 1802 1808
f 1801 1802 1809
f 1809 1802 1810
f 1801 1802 1811
f 1811 1802 1812
f 1801 1802 1813
f 1813 1802 1814
f 1801 1802 1815
f 1815 1802 1816
f 1801 1802 1817
f 1817 1802 1818
f 1819 1820 1821
f 1821 1820 1822
f 1819 1820 1823
f 1823 1820 1824
f 1819 1820 1825
f 1825 1820 1826
f 1819 1820 1827
f 1827 1820 1828
f 1819 1820 1829
f 1829 1820 1830
f 1819 1820 1831
f 1831 1820 1832
f 1819 1820 1833
f 1833 1820 1834
f 1819 1820 1835
f 1835 1820 1836
f 1837 1838 1839
f 1839 1838 1840
f 1837 1838 1841
f 1841 1838 1842
f 1837 1838 1843
f 1843 1838 1844
f 1837 1838 1845
f 1845 1838 1846
f 1837 1838 1847
f 1847 1838 1848
f 1837 1838 1849
f 1849 1838 1850
f 1837 1838 1851
f 1851 1838 1852
f 1837 1838 1853
f 1853 1838 1854
f 1855 1856 1857
f 1857 1856 1858
f 1855 1856 1859
f 1859 1856 1860
f 1855 1856 1861
f 1861 1856 1862
f 1855 1856 1863
f 1863 1856 1864
f 1855 1856 1865
f 1865 1856 1866
f 1855 1856 1867
f 1867 1856 1868
f 1855 1856 1869
f 1869 1856 1870
f 1855 1856 1871
f 1871 1856 1872
f 1873 1874 1875
f 1875 1874 1876
f 1873 1874 1877
f 1877 1874 1878
f 1873 1874 1879
f 1879 1874 1880
f 1873 1874 1881
f 1881 1874 1882
f 1873 1874 1883
f 1883 1874 1884
f 1873 1874 1885
f 1885 1874 1886
f 1873 1874 1887
f 1887 1874 1888
f 1873 1874 1889
f 1889 1874 1890
f 1891 1892 1893
f 1893 1892 1894
f 1891 1892 1895
f 1895 1892 1896
f 1891 1892 1897
f 1897 1892 1898
f 1891 1892 1899
f 1899 1892 1900
f 1891 1892 1901
f 1901 1892 1902
f 1891 1892 1903
f 1903 1892 1904
f 1891 1892 1905
f 1905 1892 1906
f 1891 1892 1907
f 1907 1892 1908
f 1909 1910 1911
f 1911 1910 1912
f 1909 1910 1913
f 1913 1910 1914
f 1909 1910 1915
f 1915 1910 1916
f 1909 1910 1917
f 1917 1910 1918
f 1909 1910 1919
f 1919 1910 1920
f 1909 1910 1921
f 1921 1910 1922
f 1909 1910 1923
f 1923 1910 1924
f 1909 1910 1925
f 1925 1910 1926
f 1927 1928 1929
f 1929 1928 1930
f 1927 1928 1931
f 1931 1928 1932
f 1927 1928 1933
f 1933 1928 1934
f 1927 1928 1935
f 1935 1928 1936
f 1927 1928 1937
f 1937 1928 1938
f 1927 1928 1939
f 1939 1928 1940
f 1927 1928 1941
f 1941 1928 1942
f 1927 1928 1943
f 1943 1928 1944
f 1945 1946 1947
f 1947 1946 1948
f 1945 1946 1949
f 1949 1946 1950
f 1945 1946 1951
f 1951 1946 1952
f 1945 1946 1953
f 1953 1946 1954
f 1945 1946 1955
f 1955 1946 1956
f 1945 1946 1957
f 1957 1946 1958
f 1945 1946 1959
f 1959 1946 1960
f 1945 1946 1961
f 1961 1946 1962
f 1963 1964 1965
f 1965 1964 1966
f 1963 1964 1967
f 1967 1964 1968
f 1963 1964 1969
f 1969 1964 1970
f 1963 1964 1971
f 1971 1964 1972
f 1963 1964 1973
f 1973 1964 1974
f 1963 1964 1975
f 1975 1964 1976
f 1963 1964 1977
f 1977 1964 1978
f 1963 1964 1979
f 1979 1964 1980
f 1981 1982 1983
f 1983 1982 1984
f 1981 1982 1985
f 1985 1982 1986
f 1981 1982 1987
f 1987 1982 1988
f 1981 1982 1989
f 1989 1982 1990
f 1981 1982 1991
f 1991 1982 1992
f 1981 1982 1993
f 1993 1982 1994
f 1981 1982 1995
f 1995 1982 1996
f 1981 1982 1997
f 1997 1982 1998
f 1999 2000 2001
f 2001 2000 2002
f 1999 2000 2003
f 2003 2000 2004
f 1999 2000 2005
f 2005 2000 2006
f 1999 2000 2007
f 2007 2000 2008
f 1999 2000 2009
f 2009 2000 2010
f 1999 2000 2011
f 2011 2000 2012
f 1999 2000 2013
f 2013 2000 2014
f 1999 2000 2015
f 2015 2000 2016
f 2017 2018 2019
f 2019 2018 2020
f 2017 2018 2021
f 2021 2018 2022
f 2017 2018 2023
f 2023 2018 2024
f 2017 2018 2025
f 2025 2018 2026
f 2017 2018 2027
f 2027 2018 2028
f 2017 2018 2029
f 2029 2018 2030
f 2017 2018 2031
f 2031 2018 2032
f 2017 2018 2033
f 2033 2018 2034
f 2035 2036 2037
f 2037 2036 2038
f 2035 2036 2039
f 2039 2036 2040
f 2035 2036 2041
f 2041 2036 2042
f 2035 2036 2043
f 2043 2036 2044
f 2035 2036 2045
f 2045 2036 2046
f 2035 2036 2047
f 2047 2036 2048
f 2035 2036 2049
f 2049 2036 2050
f 2035 2036 2051
f 2051 2036 2052
f 2053 2054 2055
f 2055 2054 2056
f 2053 2054 2057
f 2057 2054 2058
f 2053 2054 2059
f 2059 2054 2060
f 2053 2054 2061
f 2061 2054 2062
f 2053 2054 2063
f 2063 2054 2064
f 2053 2054 2065
f 2065 2054 2066
f 2053 2054 2067
f 2067 2054 2068
f 2053 2054 2069
f 2069 2054 2070
f 2071 2072 2073
f 2073 2072 2074
f 2071 2072 2075
f 2075 2072 2076
f 2071 2072 2077
f 2077 2072 2078
f 2071 2072 2079
f 2079 2072 2080
f 2071 2072 2081
f 2081 2072 2082
f 2071 2072 2083
f 2083 2072 2084
f 2071 2072 2085
f 2085 2072 2086
f 2071 2072 2087
f 2087 2072 2088
f 2089 2090 2091
f 2091 2090 2092
f 2089 2090 2093
f 2093 2090 2094
f 2089 2090 2095
f 2095 2090 2096
f 2089 2090 2097
f 2097 2090 2098
f 2089 2090 2099
f 2099 2090 2100
f 2089 2090 2101
f 2101 2090 2102
f 2089 2090 2103
f 2103 2090 2104
f 2089 2090 2105
f 2105 2090 2106
f 2107 2108 2109
f 2109 2108 2110
f 2107 2108 2111
f 2111 2108 2112
f 2107 2108 2113
f 2113 2108 2114
f 2107 2108 2115
f 2115 2108 2116
f 2107 2108 2117
f 2117 2108 2118
f 2107 2108 2119
f 2119 2108 2120
f 2107 2108 2121
f 2121 2108 2122
f 2107 2108 2123
f 2123 2108 2124
f 2125 2126 2127
f 2127 2126 2128
f 2125 2126 2129
f 2129 2126 2130
f 2125 2126 2131
f 2131 2126 2132
f 2125 2126 2133
f 2133 2126 2134
f 2125 2126 2135
f 2135 2126 2136
f 2125 2126 2137
f 2137 2126 2138
f 2125 2126 2139
f 2139 2126 2140
f 2125 2126 2141
f 2141 2126 2142
f 2143 2144 2145
f 2145 2144 2146
f 2143 2144 2147
f 2147 2144 2148
f 2143 2144 2149
f 2149 2144 2150
f 2143 2144 2151
f 2151 2144 2152
f 2143 2144 2153
f 2153 2144 2154
f 2143 2144 2155
f 2155 2144 2156
f 2143 2144 2157
f 2157 2144 2158
f 2143 2144 2159
f 2159 2144 2160
f 2161 2162 2163
f 2163 2162 2164
f 2161 2162 2165
f 2165 2162 2166
f 2161 2162 2167
f 2167 2162 2168
f 2161 2162 2169
f 2169 2162 2170
f 2161 2162 2171
f 2171 2162 2172
f 2161 2162 2173
f 2173 2162 2174
f 2161 2162 2175
f 2175 2162 2176
f 2161 2162 2177
f 2177 2162 2178
f 2179 2180 2181
f 2181 2180 2182
f 2179 2180 2183
f 2183 2180 2184
f 2179 2180 2185
f 2185 2180 2186
f 2179 2180 2187
f 2187 2180 2188
f 2179 2180 2189
f 2189 2180 2190
f 2179 2180 2191
f 2191 2180 2192
f 2179 2180 2193
f 2193 2180 2194
f 2179 2180 2195
f 2195 2180 2196
f 2197 2198 2199
f 2199 2198 2200
f 2197 2198 2201
f 2201 2198 2202
f 2197 2198 2203
f 2203 2198 2204
f 2197 2198 2205
f 2205 2198 2206
f 2197 2198 2207
f 2207 2198 2208
f 2197 2198 2209
f 2209 2198 2210
f 2197 2198 2211
f 2211 2198 2212
f 2197 2198 2213
f 2213 2198 2214
f 2215 2216 2217
f 2217 2216 2218
f 2215 2216 2219
f 2219 2216 2220
f 2215 2216 2221
f 2221 2216 2222
f 2215 2216 2223
f 2223 2216 2224
f 2215 2216 2225
f 2225 2216 2226
f 2215 2216 2227
f 2227 2216 2228
f 2215 2216 2229
f 2229 2216 2230
f 2215 2216 2231
f 2231 2216 2232
f 2233 2234 2235
f 2235 2234 2236
f 2233 2234 2237
f 2237 2234 2238
f 2233 2234 2239
f 2239 2234 2240
f 2233 2234 2241
f 2241 2234 2242
f 2233 2234 2243
f 2243 2234 2244
f 2233 2234 2245
f 2245 2234 2246
f 2233 2234 2247
f 2247 2234 2248
f 2233 2234 2249
f 2249 2234 2250
f 2251 2252 2253
f 2253 2252 2254
f 2251 2252 2255
f 2255 2252 2256
f 2251 2252 2257
f 2257 2252 2258
f 2251 2252 2259
f 2259 2252 2260
f 2251 2252 2261
f 2261 2252 2262
f 2251 2252 2263
f 2263 2252 2264
f 2251 2252 2265
f 2265 2252 2266
f 2251 2252 2267
f 2267 2252 2268
f 2269 2270 2271
f 2271 2270 2272
f 2269 2270 2273
f 2273 2270 2274
f 2269 2270 2275
f 2275 2270 2276
f 2269 2270 2277
f 2277 2270 2278
f 2269 2270 2279
f 2279 2270 2280
f 2269 2270 2281
f 2281 2270 2282
f 2269 2270 2283
f 2283 2270 2284
f 2269 2270 2285
f 2285 2270 2286
f 2287 2288 2289
f 2289 2288 2290
f 2287 2288 2291
f 2291 2288 2292
f 2287 2288 2293
f 2293 2288 2294
f 2287 2288 2295
f 2295 2288 2296
f 2287 2288 2297
f 2297 2288 2298
f 2287 2288 2299
f 2299 2288 2300
f 2287 2288 2301
f 2301 2288 2302
f 2287 2288 2303
f 2303 2288 2304
f 2305 2306 2307
f 2307 2306 2308
f 2305 2306 2309
f 2309 2306 2310
f 2305 2306 2311
f 2311 2306 2312
f 2305 2306 2313
f 2313 2306 2314
f 2305 2306 2315
f 2315 2306 2316
f 2305 2306 2317
f 2317 2306 2318
f 2305 2306 2319
f 2319 2306 2320
f 2305 2306 2321
f 2321 2306 2322
f 2323 2324 2325
f 2325 2324 2326
f 2323 2324 2327
f 2327 2324 2328
f 2323 2324 2329
f 2329 2324 2330
f 2323 2324 2331
f 2331 2324 2332
f 2323 2324 2333
f 2333 2324 2334
f 2323 2324 2335
f 2335 2324 2336
f 2323 2324 2337
f 2337 2324 2338
f 2323 2324 2339
f 2339 2324 2340
f 2341 2342 2343
f 2343 2342 2344
f 2341 2342 2345
f 2345 2342 2346
f 2341 2342 2347
f 2347 2342 2348
f 2341 2342 2349
f 2349 2342 2350
f 2341 2342 2351
f 2351 2342 2352
f 2341 2342 2353
f 2353 2342 2354
f 2341 2342 2355
f 2355 2342 2356
f 2341 2342 2357
f 2357 2342 2358
f 2359 2360 2361
f 2361 2360 2362
f 2359 2360 2363
f 2363 2360 2364
f 2359 2360 2365
f 2365 2360 2366
f 2359 2360 2367
f 2367 2360 2368
f 2359 2360 2369
f 2369 2360 2370
f 2359 2360 2371
f 2371 2360 2372
f 2359 2360 2373
f 2373 2360 2374
f 2359 2360 2375
f 2375 2360 2376
f 2377 2378 2379
f 2379 2378 2380
f 2377 2378 2381
f 2381 2378 2382
f 2377 2378 2383
f 2383 2378 2384
f 2377 2378 2385
f 2385 2378 2386
f 2377 2378 2387
f 2387 2378 2388
f 2377 2378 2389
f 2389 2378 2390
f 2377 2378 2391
f 2391 2378 2392
f 2377 2378 2393
f 2393 2378 2394
f 2395 2396 2397
f 2397 2396 2398
f 2395 2396 2399
f 2399 2396 2400
f 2395 2396 2401
f 2401 2396 2402
f 2395 2396 2403
f 2403 2396 2404
f 2395 2396 2405
f 2405 2396 2406
f 2395 2396 2407
f 2407 2396 2408
f 2395 2396 2409
f 2409 2396 2410
f 2395 2396 2411
f 2411 2396 2412
f 2413 2414 2415
f 2415 2414 2416
f 2413 2414 2417
f 2417 2414 2418
f 2413 2414 2419
f 2419 2414 2420
f 2413 2414 2421
f 2421 2414 2422
f 2413 2414 2423
f 2423 2414 2424
f 2413 2414 2425
f 2425 2414 2426
f 2413 2414 2427
f 2427 2414 2428
f 2413 2414 2429
f 2429 2414 2430
f 2431 2432 2433
f 2433 2432 2434
f 2431 2432 2435
f 2435 2432 2436
f 2431 2432 2437
f 2437 2432 2438
f 2431 2432 2439
f 2439 2432 2440
f 2431 2432 2441
f 2441 2432 2442
f 2431 2432 2443
f 2443 2432 2444
f 2431 2432 2445
f 2445 2432 2446
f 2431 2432 2447
f 2447 2432 2448
f 2449 2450 2451
f 2451 2450 2452
f 2449 2450 2453
f 2453 2450 2454
f 2449 2450 2455
f 2455 2450 2456
f 2449 2450 2457
f 2457 2450 2458
f 2449 2450 2459
f 2459 2450 2460
f 2449 2450 2461
f 2461 2450 2462
f 2449 2450 2463
f 2463 2450 2464
f 2449 2450 2465
f 2465 2450 2466
f 2467 2468 2469
f 2469 2468 2470
f 2467 2468 2471
f 2471 2468 2472
f 2467 2468 2473
f 2473 2468 2474
f 2467 2468 2475
f 2475 2468 2476
f 2467 2468 2477
f 2477 2468 2478
f 2467 2468 2479
f 2479 2468 2480
f 2467 2468 2481
f 2481 2468 2482
f 2467 2468 2483
f 2483 2468 2484
f 2485 2486 2487
f 2487 2486 2488
f 2485 2486 2489
f 2489 2486 2490
f 2485 2486 2491
f 2491 2486 2492
f 2485 2486 2493
f 2493 2486 2494
f 2485 2486 2495
f 2495 2486 2496
f 2485 2486 2497
f 2497 2486 2498
f 2485 2486 2499
f 2499 2486 2500
f 2485 2486 2501
f 2501 2486 2502
f 2503 2504 2505
f 2505 2504 2506
f 2503 2504 2507
f 2507 2504 2508
f 2503 2504 2509
f 2509 2504 2510
f 2503 2504 2511
f 2511 2504 2512
f 2503 2504 2513
f 2513 2504 2514
f 2503 2504 2515
f 2515 2504 2516
f 2503 2504 2517
f 2517 2504 2518
f 2503 2504 2519
f 2519 2504 2520
f 2521 2522 2523
f 2523 2522 2524
f 2521 2522 2525
f 2525 2522 2526
f 2521 2522 2527
f 2527 2522 2528
f 2521 2522 2529
f 2529 2522 2530
f 2521 2522 2531
f 2531 2522 2532
f 2521 2522 2533
f 2533 2522 2534
f 2521 2522 2535
f 2535 2522 2536
f 2521 2522 2537
f 2537 2522 2538
f 2539 2540 2541
f 2541 2540 2542
f 2539 2540 2543
f 2543 2540 2544
f 2539 2540 2545
f 2545 2540 2546
f 2539 2540 2547
f 2547 2540 2548
f 2539 2540 2549
f 2549 2540 2550
f 2539 2540 2551
f 2551 2540 2552
f 2539 2540 2553
f 2553 2540 2554
f 2539 2540 2555
f 2555 2540 2556
f 2557 2558 2559
f 2559 2558 2560
f 2557 2558 2561
f 2561 2558 2562
f 2557 2558 2563
f 2563 2558 2564
f 2557 2558 2565
f 2565 2558 2566
f 2557 2558 2567
f 2567 2558 2568
f 2557 2558 2569
f 2569 2558 2570
f 2557 2558 2571
f 2571 2558 2572
f 2557 2558 2573
f 2573 2558 2574
f 2575 2576 2577
f 2577 2576 2578
f 2575 2576 2579
f 2579 2576 2580
f 2575 2576 2581
f 2581 2576 2582
f 2575 2576 2583
f 2583 2576 2584
f 2575 2576 2585
f 2585 2576 2586
f 2575 2576 2587
f 2587 2576 2588
f 2575 2576 2589
f 2589 2576 2590
f 2575 2576 2591
f 2591 2576 2592
f 2593 2594 2595
f 2595 2594 2596
f 2593 2594 2597
f 2597 2594 2598
f 2593 2594 2599
f 2599 2594 2600
f 2593 2594 2601
f 2601 2594 2602
f 2593 2594 2603
f 2603 2594 2604
f 2593 2594 2605
f 2605 2594 2606
f 2593 2594 2607
f 2607 2594 2608
f 2593 2594 2609
f 2609 2594 2610
f 2611 2612 2613
f 2613 2612 2614
f 2611 2612 2615
f 2615 2612 2616
f 2611 2612 2617
f 2617 2612 2618
f 2611 2612 2619
f 2619 2612 2620
f 2611 2612 2621
f 2621 2612 2622
f 2611 2612 2623
f 2623 2612 2624
f 2611 2612 2625
f 2625 2612 2626
f 2611 2612 2627
f 2627 2612 2628
f 2629 2630 2631
f 2631 2630 2632
f 2629 2630 2633
f 2633 2630 2634
f 2629 2630 2635
f 2635 2630 2636
f 2629 2630 2637
f 2637 2630 2638
f 2629 2630 2639
f 2639 2630 2640
f 2629 2630 2641
f 2641 2630 2642
f 2629 2630 2643
f 2643 2630 2644
f 2629 2630 2645
f 2645 2630 2646
f 2647 2648 2649
f 2649 2648 2650
f 2647 2648 2651
f 2651 2648 2652
f 2647 2648 2653
f 2653 2648 2654
f 2647 2648 2655
f 2655 2648 2656
f 2647 2648 2657
f 2657 2648 2658
f 2647 2648 2659
f 2659 2648 2660
f 2647 2648 2661
f 2661 2648 2662
f 2647 2648 2663
f 2663 2648 2664
f 2665 2666 2667
f 2667 2666 2668
f 2665 2666 2669
f 2669 2666 2670
f 2665 2666 2671
f 2671 2666 2672
f 2665 2666 2673
f 2673 2666 2674
f 2665 2666 2675
f 2675 2666 2676
f 2665 2666 2677
f 2677 2666 2678
f 2665 2666 2679
f 2679 2666 2680
f 2665 2666 2681
f 2681 2666 2682
f 2683 2684 2685
f 2685 2684 2686
f 2683 2684 2687
f 2687 2684 2688
f 2683 2684 2689
f 2689 2684 2690
f 2683 2684 2691
f 2691 2684 2692
f 2683 2684 2693
f 2693 2684 2694
f 2683 2684 2695
f 2695 2684 2696
f 2683 2684 2697
f 2697 2684 2698
f 2683 2684 2699
f 2699 2684 2700
f 2701 2702 2703
f 2703 2702 2704
f 2701 2702 2705
f 2705 2702 2706
f 2701 2702 2707
f 2707 2702 2708
f 2701 2702 2709
f 2709 2702 2710
f 2701 2702 2711
f 2711 2702 2712
f 2701 2702 2713
f 2713 2702 2714
f 2701 2702 2715
f 2715 2702 2716
f 2701 2702 2717
f 2717 2702 2718
f 2719 2720 2721
f 2721 2720 2722
f 2719 2720 2723
f 2723 2720 2724
f 2719 2720 2725
f 2725 2720 2726
f 2719 2720 2727
f 2727 2720 2728
f 2719 2720 2729
f 2729 2720 2730
f 2719 2720 2731
f 2731 2720 2732
f 2719 2720 2733
f 2733 2720 2734
f 2719 2720 2735
f 2735 2720 2736
f 2737 2738 2739
f 2739 2738 2740
f 2737 2738 2741
f 2741 2738 2742
f 2737 2738 2743
f 2743 2738 2744
f 2737 2738 2745
f 2745 2738 2746
f 2737 2738 2747
f 2747 2738 2748
f 2737 2738 2749
f 2749 2738 2750
f 2737 2738 2751
f 2751 2738 2752
f 2737 2738 2753
f 2753 2738 2754
f 2755 2756 2757
f 2757 2756 2758
f 2755 2756 2759
f 2759 2756 2760
f 2755 2756 2761
f 2761 2756 2762
f 2755 2756 2763
f 2763 2756 2764
f 2755 2756 2765
f 2765 2756 2766
f 2755 2756 2767
f 2767 2756 2768
f 2755 2756 2769
f 2769 2756 2770
f 2755 2756 2771
f 2771 2756 2772
f 2773 2774 2775
f 2775 2774 2776
f 2773 2774 2777
f 2777 2774 2778
f 2773 2774 2779
f 2779 2774 2780
f 2773 2774 2781
f 2781 2774 2782
f 2773 2774 2783
f 2783 2774 2784
f 2773 2774 2785
f 2785 2774 2786
f 2773 2774 2787
f 2787 2774 2788
f 2773 2774 2789
f 2789 2774 2790
f 2791 2792 2793
f 2793 2792 2794
f 2791 2792 2795
f 2795 2792 2796
f 2791 2792 2797
f 2797 2792 2798
f 2791 2792 2799
f 2799 2792 2800
f 2791 2792 2801
f 2801 2792 2802
f 2791 2792 2803
f 2803 2792 2804
f 2791 2792 2805
f 2805 2792 2806
f 2791 2792 2807
f 2807 2792 2808
f 2809 2810 2811
f 2811 2810 2812
f 2809 2810 2813
f 2813 2810 2814
f 2809 2810 2815
f 2815 2810 2816
f 2809 2810 2817
f 2817 2810 2818
f 2809 2810 2819
f 2819 2810 2820
f 2809 2810 2821
f 2821 2810 2822
f 2809 2810 2823
f 2823 2810 2824
f 2809 2810 2825
f 2825 2810 2826
f 2827 2828 2829
f 2829 2828 2830
f 2827 2828 2831
f 2831 2828 2832
f 2827 2828 2833
f 2833 2828 2834
f 2827 2828 2835
f 2835 2828 2836
f 2827 2828 2837
f 2837 2828 2838
f 2827 2828 2839
f 2839 2828 2840
f 2827 2828 2841
f 2841 2828 2842
f 2827 2828 2843
f 2843 2828 2844
f 2845 2846 2847
f 2847 2846 2848
f 2845 2846 2849
f 2849 2846 2850
f 2845 2846 2851
f 2851 2846 2852
f 2845 2846 2853
f 2853 2846 2854
f 2845 2846 2855
f 2855 2846 2856
f 2845 2846 2857
f 2857 2846 2858
f 2845 2846 2859
f 2859 2846 2860
f 2845 2846 2861
f 2861 2846 2862
f 2863 2864 2865
f 2865 2864 2866
f 2863 2864 2867
f 2867 2864 2868
f 2863 2864 2869
f 2869 2864 2870
f 2863 2864 2871
f 2871 2864 2872
f 2863 2864 2873
f 2873 2864 2874
f 2863 2864 2875
f 2875 2864 2876
f 2863 2864 2877
f 2877 2864 2878
f 2863 2864 2879
f 2879 2864 2880
f 2881 2882 2883
f 2883 2882 2884
f 2881 2882 2885
f 2885 2882 2886
f 2881 2882 2887
f 2887 2882 2888
f 2881 2882 2889
f 2889 2882 2890
f 2881 2882 2891
f 2891 2882 2892
f 2881 2882 2893
f 2893 2882 2894
f 2881 2882 2895
f 2895 2882 2896
f 2881 2882 2897
f 2897 2882 2898
f 2899 2900 2901
f 2901 2900 2902
f 2899 2900 2903
f 2903 2900 2904
f 2899 2900 2905
f 2905 2900 2906
f 2899 2900 2907
f 2907 2900 2908
f 2899 2900 2909
f 2909 2900 2910
f 2899 2900 2911
f 2911 2900 2912
f 2899 2900 2913
f 2913 2900 2914
f 2899 2900 2915
f 2915 2900 2916
f 2917 2918 2919
f 2919 2918 2920
f 2917 2918 2921
f 2921 2918 2922
f 2917 2918 2923
f 2923 2918 2924
f 2917 2918 2925
f 2925 2918 2926
f 2917 2918 2927
f 2927 2918 2928
f 2917 2918 2929
f 2929 2918 2930
f 2917 2918 2931
f 2931 2918 2932
f 2917 2918 2933
f 2933 2918 2934
f 2935 2936 2937
f 2937 2936 2938
f 2935 2936 2939
f 2939 2936 2940
f 2935 2936 2941
f 2941 2936 2942
f 2935 2936 2943
f 2943 2936 2944
f 2935 2936 2945
f 2945 2936 2946
f 2935 2936 2947
f 2947 2936 2948
f 2935 2936 2949
f 2949 2936 2950
f 2935 2936 2951
f 2951 2936 2952
f 2953 2954 2955
f 2955 2954 2956
f 2953 2954 2957
f 2957 2954 2958
f 2953 2954 2959
f 2959 2954 2960
f 2953 2954 2961
f 2961 2954 2962
f 2953 2954 2963
f 2963 2954 2964
f 2953 2954 2965
f 2965 2954 2966
f 2953 2954 2967
f 2967 2954 2968
f 2953 2954 2969
f 2969 2954 2970
f 2971 2972 2973
f 2973 2972 2974
f 2971 2972 2975
f 2975 2972 2976
f 2971 2972 2977
f 2977 2972 2978
f 2971 2972 2979
f 2979 2972 2980
f 2971 2972 2981
f 2981 2972 2982
f 2971 2972 2983
f 2983 2972 2984
f 2971 2972 2985
f 2985 2972 2986
f 2971 2972 2987
f 2987 2972 2988
f 2989 2990 2991
f 2991 2990 2992
f 2989 2990 2993
f 2993 2990 2994
f 2989 2990 2995
f 2995 2990 2996
f 2989 2990 2997
f 2997 2990 2998
f 2989 2990 2999
f 2999 2990 3000
f 2989 2990 3001
f 3001 2990 3002
f 2989 2990 3003
f 3003 2990 3004
f 2989 2990 3005
f 3005 2990 3006
f 3007 3008 3009
f 3009 3008 3010
f 3007 3008 3011
f 3011 3008 3012
f 3007 3008 3013
f 3013 3008 3014
f 3007 3008 3015
f 3015 3008 3016
f 3007 3008 3017
f 3017 3008 3018
f 3007 3008 3019
f 3019 3008 3020
f 3007 3008 3021
f 3021 3008 3022
f 3007 3008 3023
f 3023 3008 3024
f 3025 3026 3027
f 3027 3026 3028
f 3025 3026 3029
f 3029 3026 3030
f 3025 3026 3031
f 3031 3026 3032
f 3025 3026 3033
f 3033 3026 3034
f 3025 3026 3035
f 3035 3026 3036
f 3025 3026 3037
f 3037 3026 3038
f 3025 3026 3039
f 3039 3026 3040
f 3025 3026 3041
f 3041 3026 3042
f 3043 3044 3045
f 3045 3044 3046
f 3043 3044 3047
f 3047 3044 3048
f 3043 3044 3049
f 3049 3044 3050
f 3043 3044 3051
f 3051 3044 3052
f 3043 3044 3053
f 3053 3044 3054
f 3043 3044 3055
f 3055 3044 3056
f 3043 3044 3057
f 3057 3044 3058
f 3043 3044 3059
f 3059 3044 3060
f 3061 3062 3063
f 3063 3062 3064
f 3061 3062 3065
f 3065 3062 3066
f 3061 3062 3067
f 3067 3062 3068
f 3061 3062 3069
f 3069 3062 3070
f 3061 3062 3071
f 3071 3062 3072
f 3061 3062 3073
f 3073 3062 3074
f 3061 3062 3075
f 3075 3062 3076
f 3061 3062 3077
f 3077 3062 3078
f 3079 3080 3081
f 3081 3080 3082
f 3079 3080 3083
f 3083 3080 3084
f 3079 3080 3085
f 3085 3080 3086
f 3079 3080 3087
f 3087 3080 3088
f 3079 3080 3089
f 3089 3080 3090
f 3079 3080 3091
f 3091 3080 3092
f 3079 3080 3093
f 3093 3080 3094
f 3079 3080 3095
f 3095 3080 3096
f 3097 3098 3099
f 3099 3098 3100
f 3097 3098 3101
f 3101 3098 3102
f 3097 3098 3103
f 3103 3098 3104
f 3097 3098 3105
f 3105 3098 3106
f 3097 3098 3107
f 3107 3098 3108
f 3097 3098 3109
f 3109 3098 3110
f 3097 3098 3111
f 3111 3098 3112
f 3097 3098 3113
f 3113 3098 3114
f 3115 3116 3117
f 3117 3116 3118
f 3115 3116 3119
f 3119 3116 3120
f 3115 3116 3121
f 3121 3116 3122
f 3115 3116 3123
f 3123 3116 3124
f 3115 3116 3125
f 3125 3116 3126
f 3115 3116 3127
f 3127 3116 3128
f 3115 3116 3129
f 3129 3116 3130
f 3115 3116 3131
f 3131 3116 3132
f 3133 3134 3135
f 3135 3134 3136
f 3133 3134 3137
f 3137 3134 3138
f 3133 3134 3139
f 3139 3134 3140
f 3133 3134 3141
f 3141 3134 3142
f 3133 3134 3143
f 3143 3134 3144
f 3133 3134 3145
f 3145 3134 3146
f 3133 3134 3147
f 3147 3134 3148
f 3133 3134 3149
f 3149 3134 3150
f 3151 3152 3153
f 3153 3152 3154
f 3151 3152 3155
f 3155 3152 3156
f 3151 3152 3157
f 3157 3152 3158
f 3151 3152 3159
f 3159 3152 3160
f 3151 3152 3161
f 3161 3152 3162
f 3151 3152 3163
f 3163 3152 3164
f 3151 3152 3165
f 3165 3152 3166
f 3151 3152 3167
f 3167 3152 3168
f 3169 3170 3171
f 3171 3170 3172
f 3169 3170 3173
f 3173 3170 3174
f 3169 3170 3175
f 3175 3170 3176
f 3169 3170 3177
f 3177 3170 3178
f 3169 3170 3179
f 3179 3170 3180
f 3169 3170 3181
f 3181 3170 3182
f 3169 3170 3183
f 3183 3170 3184
f 3169 3170 3185
f 3185 3170 3186
f 3187 3188 3189
f 3189 3188 3190
f 3187 3188 3191
f 3191 3188 3192
f 3187 3188 3193
f 3193 3188 3194
f 3187 3188 3195
f 3195 3188 3196
f 3187 3188 3197
f 3197 3188 3198
f 3187 3188 3199
f 3199 3188 3200
f 3187 3188 3201
f 3201 3188 3202
f 3187 3188 3203
f 3203 3188 3204
f 3205 3206 3207
f 3207 3206 3208
f 3205 3206 3209
f 3209 3206 3210
f 3205 3206 3211
f 3211 3206 3212
f 3205 3206 3213
f 3213 3206 3214
f 3205 3206 3215
f 3215 3206 3216
f 3205 3206 3217
f 3217 3206 3218
f 3205 3206 3219
f 3219 3206 3220
f 3205 3206 3221
f 3221 3206 3222
f 3223 3224 3225
f 3225 3224 3226
f 3223 3224 3227
f 3227 3224 3228
f 3223 3224 3229
f 3229 3224 3230
f 3223 3224 3231
f 3231 3224 3232
f 3223 3224 3233
f 3233 3224 3234
f 3223 3224 3235
f 3235 3224 3236
f 3223 3224 3237
f 3237 3224 3238
f 3223 3224 3239
f 3239 3224 3240
f 3241 3242 3243
f 3243 3242 3244
f 3241 3242 3245
f 3245 3242 3246
f 3241 3242 3247
f 3247 3242 3248
f 3241 3242 3249
f 3249 3242 3250
f 3241 3242 3251
f 3251 3242 3252
f 3241 3242 3253
f 3253 3242 3254
f 3241 3242 3255
f 3255 3242 3256
f 3241 3242 3257
f 3257 3242 3258
f 3259 3260 3261
f 3261 3260 3262
f 3259 3260 3263
f 3263 3260 3264
f 3259 3260 3265
f 3265 3260 3266
f 3259 3260 3267
f 3267 3260 3268
f 3259 3260 3269
f 3269 3260 3270
f 3259 3260 3271
f 3271 3260 3272
f 3259 3260 3273
f 3273 3260 3274
f 3259 3260 3275
f 3275 3260 3276
f 3277 3278 3279
f 3279 3278 3280
f 3277 3278 3281
f 3281 3278 3282
f 3277 3278 3283
f 3283 3278 3284
f 3277 3278 3285
f 3285 3278 3286
f 3277 3278 3287
f 3287 3278 3288
f 3277 3278 3289
f 3289 3278 3290
f 3277 3278 3291
f 3291 3278 3292
f 3277 3278 3293
f 3293 3278 3294
f 3295 3296 3297
f 3297 3296 3298
f 3295 3296 3299
f 3299 3296 3300
f 3295 3296 3301
f 3301 3296 3302
f 3295 3296 3303
f 3303 3296 3304
f 3295 3296 3305
f 3305 3296 3306
f 3295 3296 3307
f 3307 3296 3308
f 3295 3296 3309
f 3309 3296 3310
f 3295 3296 3311
f 3311 3296 3312
f 3313 3314 3315
f 3315 3314 3316
f 3313 3314 3317
f 3317 3314 3318
f 3313 3314 3319
f 3319 3314 3320
f 3313 3314 3321
f 3321 3314 3322
f 3313 3314 3323
f 3323 3314 3324
f 3313 3314 3325
f 3325 3314 3326
f 3313 3314 3327
f 3327 3314 3328
f 3313 3314 3329
f 3329 3314 3330
f 3331 3332 3333
f 3333 3332 3334
f 3331 3332 3335
f 3335 3332 3336
f 3331 3332 3337
f 3337 3332 3338
f 3331 3332 3339
f 3339 3332 3340
f 3331 3332 3341
f 3341 3332 3342
f 3331 3332 3343
f 3343 3332 3344
f 3331 3332 3345
f 3345 3332 3346
f 3331 3332 3347
f 3347 3332 3348
f 3349 3350 3351
f 3351 3350 3352
f 3349 3350 3353
f 3353 3350 3354
f 3349 3350 3355
f 3355 3350 3356
f 3349 3350 3357
f 3357 3350 3358
f 3349 3350 3359
f 3359 3350 3360
f 3349 3350 3361
f 3361 3350 3362
f 3349 3350 3363
f 3363 3350 3364
f 3349 3350 3365
f 3365 3350 3366
f 3367 3368 3369
f 3369 3368 3370
f 3367 3368 3371
f 3371 3368 3372
f 3367 3368 3373
f 3373 3368 3374
f 3367 3368 3375
f 3375 3368 3376
f 3367 3368 3377
f 3377 3368 3378
f 3367 3368 3379
f 3379 3368 3380
f 3367 3368 3381
f 3381 3368 3382
f 3367 3368 3383
f 3383 3368 3384
f 3385 3386 3387
f 3387 3386 3388
f 3385 3386 3389
f 3389 3386 3390
f 3385 3386 3391
f 3391 3386 3392
f 3385 3386 3393
f 3393 3386 3394
f 3385 3386 3395
f 3395 3386 3396
f 3385 3386 3397
f 3397 3386 3398
f 3385 3386 3399
f 3399 3386 3400
f 3385 3386 3401
f 3401 3386 3402
f 3403 3404 3405
f 3405 3404 3406
f 3403 3404 3407
f 3407 3404 3408
f 3403 3404 3409
f 3409 3404 3410
f 3403 3404 3411
f 3411 3404 3412
f 3403 3404 3413
f 3413 3404 3414
f 3403 3404 3415
f 3415 3404 3416
f 3403 3404 3417
f 3417 3404 3418
f 3403 3404 3419
f 3419 3404 3420
f 3421 3422 3423
f 3423 3422 3424
f 3421 3422 3425
f 3425 3422 3426
f 3421 3422 3427
f 3427 3422 3428
f 3421 3422 3429
f 3429 3422 3430
f 3421 3422 3431
f 3431 3422 3432
f 3421 3422 3433
f 3433 3422 3434
f 3421 3422 3435
f 3435 3422 3436
f 3421 3422 3437
f 3437 3422 3438
f 3439 3440 3441
f 3441 3440 3442
f 3439 3440 3443
f 3443 3440 3444
f 3439 3440 3445
f 3445 3440 3446
f 3439 3440 3447
f 3447 3440 3448
f 3439 3440 3449
f 3449 3440 3450
f 3439 3440 3451
f 3451 3440 3452
f 3439 3440 3453
f 3453 3440 3454
f 3439 3440 3455
f 3455 3440 3456
f 3457 3458 3459
f 3459 3458 3460
f 3457 3458 3461
f 3461 3458 3462
f 3457 3458 3463
f 3463 3458 3464
f 3457 3458 3465
f 3465 3458 3466
f 3457 3458 3467
f 3467 3458 3468
f 3457 3458 3469
f 3469 3458 3470
f 3457 3458 3471
f 3471 3458 3472
f 3457 3458 3473
f 3473 3458 3474
f 3475 3476 3477
f 3477 3476 3478
f 3475 3476 3479
f 3479 3476 3480
f 3475 3476 3481
f 3481 3476 3482
f 3475 3476 3483
f 3483 3476 3484
f 3475 3476 3485
f 3485 3476 3486
f 3475 3476 3487
f 3487 3476 3488
f 3475 3476 3489
f 3489 3476 3490
f 3475 3476 3491
f 3491 3476 3492
f 3493 3494 3495
f 3495 3494 3496
f 3493 3494 3497
f 3497 3494 3498
f 3493 3494 3499
f 3499 3494 3500
f 3493 3494 3501
f 3501 3494 3502
f 3493 3494 3503
f 3503 3494 3504
f 3493 3494 3505
f 3505 3494 3506
f 3493 3494 3507
f 3507 3494 3508
f 3493 3494 3509
f 3509 3494 3510
f 3511 3512 3513
f 3513 3512 3514
f 3511 3512 3515
f 3515 3512 3516
f 3511 3512 3517
f 3517 3512 3518
f 3511 3512 3519
f 3519 3512 3520
f 3511 3512 3521
f 3521 3512 3522
f 3511 3512 3523
f 3523 3512 3524
f 3511 3512 3525
f 3525 3512 3526
f 3511 3512 3527
f 3527 3512 3528
f 3529 3530 3531
f 3531 3530 3532
f 3529 3530 3533
f 3533 3530 3534
f 3529 3530 3535
f 3535 3530 3536
f 3529 3530 3537
f 3537 3530 3538
f 3529 3530 3539
f 3539 3530 3540
f 3529 3530 3541
f 3541 3530 3542
f 3529 3530 3543
f 3543 3530 3544
f 3529 3530 3545
f 3545 3530 3546
f 3547 3548 3549
f 3549 3548 3550
f 3547 3548 3551
f 3551 3548 3552
f 3547 3548 3553
f 3553 3548 3554
f 3547 3548 3555
f 3555 3548 3556
f 3547 3548 3557
f 3557 3548 3558
f 3547 3548 3559
f 3559 3548 3560
f 3547 3548 3561
f 3561 3548 3562
f 3547 3548 3563
f 3563 3548 3564
f 3565 3566 3567
f 3567 3566 3568
f 3565 3566 3569
f 3569 3566 3570
f 3565 3566 3571
f 3571 3566 3572
f 3565 3566 3573
f 3573 3566 3574
f 3565 3566 3575
f 3575 3566 3576
f 3565 3566 3577
f 3577 3566 3578
f 3565 3566 3579
f 3579 3566 3580
f 3565 3566 3581
f 3581 3566 3582
f 3583 3584 3585
f 3585 3584 3586
f 3583 3584 3587
f 3587 3584 3588
f 3583 3584 3589
f 3589 3584 3590
f 3583 3584 3591
f 3591 3584 3592
f 3583 3584 3593
f 3593 3584 3594
f 3583 3584 3595
f 3595 3584 3596
f 3583 3584 3597
f 3597 3584 3598
f 3583 3584 3599
f 3599 3584 3600
f 3601 3602 3603
f 3603 3602 3604
f 3601 3602 3605
f 3605 3602 3606
f 3601 3602 3607
f 3607 3602 3608
f 3601 3602 3609
f 3609 3602 3610
f 3601 3602 3611
f 3611 3602 3612
f 3601 3602 3613
f 3613 3602 3614
f 3601 3602 3615
f 3615 3602 3616
f 3601 3602 3617
f 3617 3602 3618
f 3619 3620 3621
f 3621 3620 3622
f 3619 3620 3623
f 3623 3620 3624
f 3619 3620 3625
f 3625 3620 3626
f 3619 3620 3627
f 3627 3620 3628
f 3619 3620 3629
f 3629 3620 3630
f 3619 3620 3631
f 3631 3620 3632
f 3619 3620 3633
f 3633 3620 3634
f 3619 3620 3635
f 3635 3620 3636
f 3637 3638 3639
f 3639 3638 3640
f 3637 3638 3641
f 3641 3638 3642
f 3637 3638 3643
f 3643 3638 3644
f 3637 3638 3645
f 3645 3638 3646
f 3637 3638 3647
f 3647 3638 3648
f 3637 3638 3649
f 3649 3638 3650
f 3637 3638 3651
f 3651 3638 3652
f 3637 3638 3653
f 3653 3638 3654
f 3655 3656 3657
f 3657 3656 3658
f 3655 3656 3659
f 3659 3656 3660
f 3655 3656 3661
f 3661 3656 3662
f 3655 3656 3663
f 3663 3656 3664
f 3655 3656 3665
f 3665 3656 3666
f 3655 3656 3667
f 3667 3656 3668
f 3655 3656 3669
f 3669 3656 3670
f 3655 3656 3671
f 3671 3656 3672
f 3673 3674 3675
f 3675 3674 3676
f 3673 3674 3677
f 3677 3674 3678
f 3673 3674 3679
f 3679 3674 3680
f 3673 3674 3681
f 3681 3674 3682
f 3673 3674 3683
f 3683 3674 3684
f 3673 3674 3685
f 3685 3674 3686
f 3673 3674 3687
f 3687 3674 3688
f 3673 3674 3689
f 3689 3674 3690
f 3691 3692 3693
f 3693 3692 3694
f 3691 3692 3695
f 3695 3692 3696
f 3691 3692 3697
f 3697 3692 3698
f 3691 3692 3699
f 3699 3692 3700
f 3691 3692 3701
f 3701 3692 3702
f 3691 3692 3703
f 3703 3692 3704
f 3691 3692 3705
f 3705 3692 3706
f 3691 3692 3707
f 3707 3692 3708
f 3709 3710 3711
f 3711 3710 3712
f 3709 3710 3713
f 3713 3710 3714
f 3709 3710 3715
f 3715 3710 3716
f 3709 3710 3717
f 3717 3710 3718
f 3709 3710 3719
f 3719 3710 3720
f 3709 3710 3721
f 3721 3710 3722
f 3709 3710 3723
f 3723 3710 3724
f 3709 3710 3725
f 3725 3710 3726
f 3727 3728 3729
f 3729 3728 3730
f 3727 3728 3731
f 3731 3728 3732
f 3727 3728 3733
f 3733 3728 3734
f 3727 3728 3735
f 3735 3728 3736
f 3727 3728 3737
f 3737 3728 3738
f 3727 3728 3739
f 3739 3728 3740
f 3727 3728 3741
f 3741 3728 3742
f 3727 3728 3743
f 3743 3728 3744
f 3745 3746 3747
f 3747 3746 3748
f 3745 3746 3749
f 3749 3746 3750
f 3745 3746 3751
f 3751 3746 3752
f 3745 3746 3753
f 3753 3746 3754
f 3745 3746 3755
f 3755 3746 3756
f 3745 3746 3757
f 3757 3746 3758
f 3745 3746 3759
f 3759 3746 3760
f 3745 3746 3761
f 3761 3746 3762
f 3763 3764 3765
f 3765 3764 3766
f 3763 3764 3767
f 3767 3764 3768
f 3763 3764 3769
f 3769 3764 3770
f 3763 3764 3771
f 3771 3764 3772
f 3763 3764 3773
f 3773 3764 3774
f 3763 3764 3775
f 3775 3764 3776
f 3763 3764 3777
f 3777 3764 3778
f 3763 3764 3779
f 3779 3764 3780
f 3781 3782 3783
f 3783 3782 3784
f 3781 3782 3785
f 3785 3782 3786
f 3781 3782 3787
f 3787 3782 3788
f 3781 3782 3789
f 3789 3782 3790
f 3781 3782 3791
f 3791 3782 3792
f 3781 3782 3793
f 3793 3782 3794
f 3781 3782 3795
f 3795 3782 3796
f 3781 3782 3797
f 3797 3782 3798
v 0.000000 0.025720 0.00001
v -0.008800 0.024170 0.00007
v 0.058500 0.095131 -4.359
v 0.066370 0.093741 -4.359
v 0.050620 0.093741 -4.359
v -0.016540 0.019710 0.00011
v 0.043700 0.089751 -4.359
v -0.022280 0.012860 0.00015
v 0.038560 0.083621 -4.359
v -0.025330 0.004470 0.00016
v 0.035820 0.076111 -4.359
v -0.025330 -0.004470 0.00016
v 0.035820 0.068111 -4.359
v -0.022280 -0.012860 0.00013
v 0.038560 0.060601 -4.359
v -0.016540 -0.019710 0.00009
v 0.043700 0.054471 -4.359
v -0.008800 -0.024170 0.00004
v 0.050620 0.050471 -4.359
v 0.000000 -0.025720 -0.00001
v 0.058500 0.049081 -4.359
v 0.008800 -0.024170 -0.00007
v 0.066370 0.050471 -4.359
v 0.016540 -0.019710 -0.00011
v 0.073300 0.054471 -4.359
v 0.022280 -0.012860 -0.00015
v 0.078440 0.060601 -4.359
v 0.025330 -0.004470 -0.00016
v 0.081170 0.068111 -4.359
v 0.025330 0.004470 -0.00016
v 0.081170 0.076111 -4.359
v 0.022280 0.012860 -0.00013
v 0.078440 0.083621 -4.359
v 0.016540 0.019710 -0.00009
v 0.073300 0.089751 -4.359
v 0.008800 0.024170 -0.00004
v -0.040850 0.025461 -5.26
v -0.033340 0.024121 -5.261
v -0.048370 0.024161 -5.26
v -0.054970 0.020361 -5.259
v -0.059880 0.014531 -5.259
v -0.062490 0.007371 -5.259
v -0.062490 -0.000259 -5.258
v -0.059880 -0.007439 -5.258
v -0.054970 -0.013289 -5.258
v -0.048370 -0.017129 -5.258
v -0.040850 -0.018469 -5.258
v -0.033340 -0.017169 -5.259
v -0.026730 -0.013369 -5.259
v -0.021830 -0.007539 -5.26
v -0.019220 -0.000379 -5.26
v -0.019220 0.007251 -5.261
v -0.021830 0.014431 -5.261
v -0.026730 0.020291 -5.261
v -0.034790 -0.000369 -5.98
v -0.027600 -0.001639 -5.98
v -0.041990 -0.001639 -5.98
v -0.048310 -0.005289 -5.98
v -0.053000 -0.010879 -5.979
v -0.055500 -0.017729 -5.979
v -0.055500 -0.025029 -5.979
v -0.053000 -0.031889 -5.979
v -0.048310 -0.037489 -5.979
v -0.041990 -0.041139 -5.979
v -0.034790 -0.042409 -5.979
v -0.027600 -0.041139 -5.979
v -0.021280 -0.037489 -5.979
v -0.016590 -0.031899 -5.979
v -0.014090 -0.025039 -5.979
v -0.014090 -0.017739 -5.979
v -0.016590 -0.010879 -5.98
v -0.021280 -0.005289 -5.98
v -0.050680 -0.013919 -6.531
v -0.043810 -0.015139 -6.532
v -0.057560 -0.015119 -6.531
v -0.063600 -0.018599 -6.531
v -0.068090 -0.023939 -6.53
v -0.070480 -0.030499 -6.53
v -0.070480 -0.037469 -6.53
v -0.068090 -0.044029 -6.53
v -0.063600 -0.049389 -6.53
v -0.057560 -0.052879 -6.53
v -0.050680 -0.054099 -6.53
v -0.043810 -0.052899 -6.53
v -0.037770 -0.049419 -6.53
v -0.033280 -0.044079 -6.531
v -0.030890 -0.037529 -6.531
v -0.030890 -0.030549 -6.531
v -0.033280 -0.023989 -6.532
v -0.037770 -0.018639 -6.532
v -0.077760 -0.053069 -7.125
v -0.071310 -0.054209 -7.125
v -0.084200 -0.054199 -7.125
v -0.089870 -0.057459 -7.124
v -0.094080 -0.062469 -7.124
v -0.096320 -0.068609 -7.124
v -0.096320 -0.075149 -7.124
v -0.094080 -0.081299 -7.123
v -0.089870 -0.086319 -7.123
v -0.084200 -0.089599 -7.123
v -0.077760 -0.090739 -7.123
v -0.071310 -0.089609 -7.124
v -0.065640 -0.086349 -7.124
v -0.061430 -0.081339 -7.124
v -0.059190 -0.075199 -7.124
v -0.059190 -0.068659 -7.125
v -0.061430 -0.062509 -7.125
v -0.065640 -0.057489 -7.125
v -0.081310 -0.071589 -7.574
v -0.075270 -0.072649 -7.575
v -0.087360 -0.072649 -7.574
v -0.092680 -0.075719 -7.574
v -0.096630 -0.080429 -7.574
v -0.098730 -0.086199 -7.574
v -0.098730 -0.092339 -7.574
v -0.096630 -0.098109 -7.574
v -0.092680 -0.102799 -7.574
v -0.087360 -0.105899 -7.574
v -0.081310 -0.106999 -7.574
v -0.075270 -0.105899 -7.574
v -0.069950 -0.102799 -7.575
v -0.066000 -0.098119 -7.575
v -0.063900 -0.092349 -7.575
v -0.063900 -0.086199 -7.575
v -0.066000 -0.080429 -7.575
v -0.069950 -0.075729 -7.575
v -0.100300 -0.061029 -7.959
v -0.094630 -0.062039 -7.959
v -0.106100 -0.062049 -7.958
v -0.111100 -0.064959 -7.958
v -0.114800 -0.069419 -7.958
v -0.116800 -0.074879 -7.958
v -0.116800 -0.080689 -7.958
v -0.114800 -0.086149 -7.959
v -0.111100 -0.090599 -7.959
v -0.106100 -0.093489 -7.959
v -0.100300 -0.094499 -7.959
v -0.094630 -0.093479 -7.96
v -0.089600 -0.090569 -7.96
v -0.085870 -0.086109 -7.96
v -0.083880 -0.080649 -7.96
v -0.083880 -0.074839 -7.96
v -0.085870 -0.069379 -7.959
v -0.089600 -0.064929 -7.959
v -0.121600 -0.049789 -8.360001
v -0.116200 -0.050719 -8.360001
v -0.126900 -0.050729 -8.360001
v -0.131600 -0.053449 -8.360001
v -0.135100 -0.057609 -8.360001
v -0.136900 -0.062719 -8.360001
v -0.136900 -0.068139 -8.360001
v -0.135100 -0.073239 -8.360001
v -0.131600 -0.077389 -8.361
v -0.126900 -0.080099 -8.361
v -0.121600 -0.081029 -8.361
v -0.116200 -0.080079 -8.361
v -0.111500 -0.077369 -8.361
v -0.108000 -0.073209 -8.361
v -0.106200 -0.068099 -8.361
v -0.106200 -0.062679 -8.361
v -0.108000 -0.057579 -8.361
v -0.111500 -0.053429 -8.360001
v -0.122800 -0.037369 -8.572001
v -0.117700 -0.038269 -8.572001
v -0.127900 -0.038269 -8.572001
v -0.132400 -0.040849 -8.572001
v -0.135700 -0.044809 -8.572001
v -0.137500 -0.049669 -8.572001
v -0.137500 -0.054829 -8.573
v -0.135700 -0.059689 -8.573
v -0.132400 -0.063639 -8.573
v -0.127900 -0.066229 -8.573
v -0.122800 -0.067119 -8.573
v -0.117700 -0.066219 -8.573
v -0.113200 -0.063639 -8.573
v -0.109900 -0.059679 -8.573
v -0.108100 -0.054829 -8.573
v -0.108100 -0.049659 -8.572001
v -0.109900 -0.044809 -8.572001
v -0.113200 -0.040849 -8.572001
v -0.123300 -0.031969 -8.677
v -0.118300 -0.032849 -8.677
v -0.128200 -0.032839 -8.677
v -0.132600 -0.035349 -8.677999
v -0.135800 -0.039199 -8.677999
v -0.137500 -0.043909 -8.677999
v -0.137500 -0.048939 -8.677999
v -0.135800 -0.053659 -8.677999
v -0.132600 -0.057509 -8.677999
v -0.128200 -0.060019 -8.677999
v -0.123300 -0.060889 -8.677999
v -0.118300 -0.060019 -8.677999
v -0.114000 -0.057519 -8.677999
v -0.110700 -0.053669 -8.677999
v -0.109000 -0.048949 -8.677999
v -0.109000 -0.043929 -8.677999
v -0.110700 -0.039209 -8.677
v -0.114000 -0.035359 -8.677
v -0.119400 -0.031069 -8.749
v -0.114600 -0.031939 -8.748
v -0.124300 -0.031919 -8.749
v -0.128500 -0.034369 -8.749
v -0.131700 -0.038129 -8.75
v -0.133400 -0.042739 -8.75
v -0.133400 -0.047659 -8.75
v -0.131700 -0.052279 -8.75
v -0.128500 -0.056049 -8.75
v -0.124300 -0.058509 -8.75
v -0.119400 -0.059369 -8.749
v -0.114600 -0.058529 -8.749
v -0.110400 -0.056079 -8.749
v -0.107200 -0.052319 -8.748
v -0.105500 -0.047699 -8.748
v -0.105500 -0.042789 -8.748
v -0.107200 -0.038169 -8.748
v -0.110400 -0.034399 -8.748
v -0.113000 -0.028879 -8.812
v -0.108200 -0.029729 -8.812
v -0.117700 -0.029699 -8.812
v -0.121800 -0.032099 -8.813
v -0.124900 -0.035769 -8.813
v -0.126500 -0.040289 -8.813
v -0.126500 -0.045099 -8.814
v -0.124900 -0.049619 -8.813
v -0.121800 -0.053309 -8.813
v -0.117700 -0.055729 -8.813
v -0.113000 -0.056569 -8.813
v -0.108200 -0.055749 -8.812
v -0.104100 -0.053359 -8.812
v -0.101000 -0.049679 -8.812
v -0.099370 -0.045159 -8.811
v -0.099370 -0.040359 -8.811
v -0.101000 -0.035829 -8.811
v -0.104100 -0.032139 -8.811
v -0.107200 -0.028009 -8.869
v -0.102600 -0.028829 -8.869
v -0.111800 -0.028819 -8.869
v -0.115900 -0.031169 -8.87
v -0.118900 -0.034779 -8.87
v -0.120500 -0.039199 -8.87
v -0.120500 -0.043909 -8.87
v -0.118900 -0.048339 -8.87
v -0.115900 -0.051949 -8.87
v -0.111800 -0.054309 -8.87
v -0.107200 -0.055139 -8.869
v -0.102600 -0.054319 -8.869
v -0.098540 -0.051969 -8.868
v -0.095530 -0.048369 -8.868
v -0.093930 -0.043949 -8.868
v -0.093930 -0.039229 -8.868
v -0.095530 -0.034809 -8.868
v -0.098540 -0.031189 -8.868
v -0.099440 -0.028019 -8.921
v -0.094940 -0.028829 -8.92
v -0.103900 -0.028809 -8.921
v -0.107900 -0.031109 -8.922
v -0.110800 -0.034629 -8.922
v -0.112400 -0.038969 -8.923
v -0.112400 -0.043579 -8.923
v -0.110800 -0.047919 -8.923
v -0.107900 -0.051459 -8.922
v -0.103900 -0.053769 -8.922
v -0.099440 -0.054589 -8.921
v -0.094940 -0.053789 -8.921
v -0.090980 -0.051499 -8.92
v -0.088040 -0.047969 -8.92
v -0.086480 -0.043639 -8.92
v -0.086480 -0.039029 -8.919
v -0.088040 -0.034689 -8.92
v -0.090980 -0.031149 -8.92
v -0.092020 -0.026619 -8.97
v -0.087610 -0.027419 -8.969
v -0.096430 -0.027399 -8.97
v -0.100300 -0.029649 -8.971
v -0.103200 -0.033099 -8.971
v -0.104700 -0.037339 -8.971
v -0.104700 -0.041859 -8.971
v -0.103200 -0.046109 -8.971
v -0.100300 -0.049569 -8.971
v -0.096430 -0.051839 -8.97
v -0.092020 -0.052639 -8.97
v -0.087610 -0.051859 -8.969
v -0.083730 -0.049609 -8.969
v -0.080850 -0.046159 -8.969
v -0.079320 -0.041919 -8.967999
v -0.079320 -0.037399 -8.967999
v -0.080850 -0.033149 -8.967999
v -0.083730 -0.029689 -8.969
v -0.085220 -0.026619 -9.017
v -0.080910 -0.027389 -9.016
v -0.089530 -0.027379 -9.017
v -0.093310 -0.029589 -9.018
v -0.096130 -0.032969 -9.018
v -0.097620 -0.037119 -9.018
v -0.097620 -0.041539 -9.018
v -0.096130 -0.045699 -9.018
v -0.093310 -0.049089 -9.018
v -0.089530 -0.051299 -9.017
v -0.085220 -0.052079 -9.017
v -0.080910 -0.051309 -9.016
v -0.077120 -0.049099 -9.016
v -0.074310 -0.045719 -9.014999
v -0.072820 -0.041569 -9.014999
v -0.072820 -0.037149 -9.014999
v -0.074310 -0.032989 -9.014999
v -0.077120 -0.029599 -9.016
v -0.076850 -0.026509 -9.062
v -0.072640 -0.027269 -9.061
v -0.081050 -0.027249 -9.063
v -0.084750 -0.029399 -9.063
v -0.087490 -0.032699 -9.064
v -0.088950 -0.036759 -9.064
v -0.088950 -0.041079 -9.064
v -0.087490 -0.045149 -9.064
v -0.084750 -0.048459 -9.063
v -0.081050 -0.050629 -9.063
v -0.076850 -0.051399 -9.062
v -0.072640 -0.050659 -9.062
v -0.068950 -0.048509 -9.061
v -0.066200 -0.045199 -9.061
v -0.064740 -0.041149 -9.061
v -0.064740 -0.036819 -9.06
v -0.066200 -0.032759 -9.061
v -0.068950 -0.029439 -9.061
v -0.069480 -0.025479 -9.106
v -0.065370 -0.026219 -9.106
v -0.073590 -0.026209 -9.107
v -0.077200 -0.028309 -9.107
v -0.079890 -0.031539 -9.108
v -0.081310 -0.035509 -9.108
v -0.081310 -0.039729 -9.108
v -0.079890 -0.043699 -9.108
v -0.077200 -0.046939 -9.107
v -0.073590 -0.049059 -9.107
v -0.069480 -0.049799 -9.106
v -0.065370 -0.049069 -9.106
v -0.061750 -0.046969 -9.105
v -0.059070 -0.043739 -9.105
v -0.057640 -0.039769 -9.105
v -0.057640 -0.035549 -9.105
v -0.059070 -0.031579 -9.105
v -0.061750 -0.028339 -9.105
v -0.062220 -0.025879 -9.149
v -0.058220 -0.026599 -9.148
v -0.066220 -0.026599 -9.149
v -0.069750 -0.028649 -9.150001
v -0.072360 -0.031809 -9.150001
v -0.073750 -0.035679 -9.151
v -0.073750 -0.039799 -9.151
v -0.072360 -0.043669 -9.151
v -0.069750 -0.046829 -9.150001
v -0.066220 -0.048899 -9.150001
v -0.062220 -0.049619 -9.149
v -0.058220 -0.048909 -9.148
v -0.054700 -0.046849 -9.148
v -0.052080 -0.043689 -9.146999
v -0.050690 -0.039819 -9.146999
v -0.050690 -0.035699 -9.146999
v -0.052080 -0.031829 -9.146999
v -0.054700 -0.028669 -9.148
v -0.054000 -0.025549 -9.190001
v -0.050100 -0.026249 -9.189
v -0.057910 -0.026229 -9.190001
v -0.061340 -0.028229 -9.191
v -0.063890 -0.031299 -9.191
v -0.065240 -0.035079 -9.192
v -0.065240 -0.039099 -9.192
v -0.063890 -0.042879 -9.192
v -0.061340 -0.045959 -9.191
v -0.057910 -0.047979 -9.191
v -0.054000 -0.048689 -9.190001
v -0.050100 -0.047999 -9.190001
v -0.046660 -0.045999 -9.189
v -0.044120 -0.042929 -9.189
v -0.042760 -0.039159 -9.188
v -0.042760 -0.035139 -9.188
v -0.044120 -0.031359 -9.188
v -0.046660 -0.028269 -9.189
v -0.047130 -0.024938 -9.23
v -0.043320 -0.025618 -9.229
v -0.050940 -0.025608 -9.23
v -0.054290 -0.027568 -9.231
v -0.056770 -0.030558 -9.231
v -0.058100 -0.034238 -9.231
v -0.058100 -0.038158 -9.231
v -0.056770 -0.041838 -9.231
v -0.054290 -0.044848 -9.231
v -0.050940 -0.046808 -9.23
v -0.047130 -0.047498 -9.23
v -0.043320 -0.046818 -9.229
v -0.039970 -0.044868 -9.229
v -0.037490 -0.041868 -9.228
v -0.036170 -0.038188 -9.228
v -0.036170 -0.034268 -9.228
v -0.037490 -0.030588 -9.228
v -0.039970 -0.027578 -9.229
v -0.039890 -0.025418 -9.268
v -0.036170 -0.026088 -9.268
v -0.043600 -0.026078 -9.269
v -0.046870 -0.027988 -9.269
v -0.049290 -0.030918 -9.27
v -0.050580 -0.034518 -9.27
v -0.050580 -0.038348 -9.27
v -0.049290 -0.041948 -9.27
v -0.046870 -0.044888 -9.269
v -0.043600 -0.046808 -9.269
v -0.039890 -0.047468 -9.268
v -0.036170 -0.046808 -9.268
v -0.032910 -0.044898 -9.267
v -0.030480 -0.041968 -9.267
v -0.029190 -0.038368 -9.266
v -0.029190 -0.034538 -9.266
v -0.030480 -0.030938 -9.267
v -0.032910 -0.028008 -9.267
v -0.032290 -0.024778 -9.304999
v -0.028630 -0.025438 -9.304999
v -0.035950 -0.025418 -9.306
v -0.039170 -0.027288 -9.306
v -0.041550 -0.030168 -9.307
v -0.042820 -0.033708 -9.307
v -0.042820 -0.037478 -9.307
v -0.041550 -0.041018 -9.307
v -0.039170 -0.043908 -9.307
v -0.035950 -0.045808 -9.306
v -0.032290 -0.046468 -9.306
v -0.028630 -0.045828 -9.304999
v -0.025420 -0.043948 -9.304
v -0.023030 -0.041068 -9.304
v -0.021760 -0.037538 -9.304
v -0.021760 -0.033768 -9.304
v -0.023030 -0.030218 -9.304
v -0.025420 -0.027328 -9.304
v -0.025870 -0.024438 -9.342
v -0.022260 -0.025078 -9.341
v -0.029470 -0.025078 -9.343
v -0.032640 -0.026928 -9.343
v -0.034990 -0.029768 -9.343
v -0.036240 -0.033258 -9.344
v -0.036240 -0.036968 -9.344
v -0.034990 -0.040458 -9.343
v -0.032640 -0.043298 -9.343
v -0.029470 -0.045158 -9.343
v -0.025870 -0.045798 -9.342
v -0.022260 -0.045158 -9.342
v -0.019100 -0.043308 -9.341
v -0.016740 -0.040468 -9.341
v -0.015490 -0.036978 -9.34
v -0.015490 -0.033268 -9.34
v -0.016740 -0.029778 -9.341
v -0.019100 -0.026938 -9.341
v -0.018650 -0.024778 -9.378
v -0.015120 -0.025418 -9.377
v -0.022180 -0.025408 -9.378
v -0.025290 -0.027218 -9.379
v -0.027590 -0.030008 -9.379
v -0.028820 -0.033428 -9.379
v -0.028820 -0.037068 -9.379
v -0.027590 -0.040498 -9.379
v -0.025290 -0.043298 -9.379
v -0.022180 -0.045118 -9.378
v -0.018650 -0.045758 -9.378
v -0.015120 -0.045138 -9.377
v -0.012010 -0.043318 -9.377
v -0.009710 -0.040528 -9.376
v -0.008480 -0.037108 -9.376
v -0.008480 -0.033468 -9.376
v -0.009710 -0.030038 -9.376
v -0.012010 -0.027248 -9.377
v -0.011670 -0.024118 -9.412
v -0.008220 -0.024748 -9.412
v -0.015120 -0.024728 -9.413
v -0.018160 -0.026498 -9.413
v -0.020410 -0.029208 -9.414
v -0.021610 -0.032548 -9.414
v -0.021610 -0.036098 -9.414
v -0.020410 -0.039438 -9.414
v -0.018160 -0.042168 -9.414
v -0.015120 -0.043948 -9.413
v -0.011670 -0.044578 -9.413
v -0.008220 -0.043968 -9.412
v -0.005190 -0.042198 -9.412
v -0.002940 -0.039488 -9.411
v -0.001740 -0.036148 -9.411
v -0.001740 -0.032598 -9.411
v -0.002940 -0.029258 -9.411
v -0.005190 -0.026528 -9.411
v -0.005610 -0.024318 -9.446
v -0.002280 -0.024908 -9.446
v -0.008930 -0.024908 -9.447
v -0.011860 -0.026618 -9.447
v -0.014030 -0.029248 -9.448
v -0.015180 -0.032468 -9.448
v -0.015180 -0.035888 -9.448
v -0.014030 -0.039118 -9.448
v -0.011860 -0.041738 -9.448
v -0.008930 -0.043458 -9.447
v -0.005610 -0.044048 -9.447
v -0.002280 -0.043458 -9.446
v 0.000640 -0.041748 -9.446
v 0.002810 -0.039118 -9.445001
v 0.003970 -0.035898 -9.445001
v 0.003970 -0.032478 -9.445001
v 0.002810 -0.029248 -9.445001
v 0.000640 -0.026628 -9.445001
v 0.001250 -0.024738 -9.479
v 0.004410 -0.025318 -9.479
v -0.001900 -0.025298 -9.48
v -0.004680 -0.026918 -9.48
v -0.006740 -0.029418 -9.481
v -0.007840 -0.032468 -9.481
v -0.007840 -0.035728 -9.481
v -0.006740 -0.038798 -9.481
v -0.004680 -0.041298 -9.48
v -0.001900 -0.042928 -9.48
v 0.001250 -0.043508 -9.479
v 0.004410 -0.042948 -9.479
v 0.007190 -0.041318 -9.478
v 0.009250 -0.038828 -9.478
v 0.010350 -0.035768 -9.478
v 0.003970 -0.032478 -9.445001
v 0.010350 -0.032518 -9.478
v 0.010350 -0.035768 -9.478
v 0.002810 -0.029248 -9.445001
v 0.009250 -0.029448 -9.478
v 0.000640 -0.026628 -9.445001
v 0.007190 -0.026948 -9.478
v -0.002280 -0.024908 -9.446
v 0.004410 -0.025318 -9.479
v -0.005610 -0.024318 -9.446
v 0.001250 -0.024738 -9.479
v -0.001900 -0.025298 -9.48
v 0.007340 -0.024508 -9.511
v 0.010290 -0.025048 -9.511
v 0.004380 -0.025028 -9.511
v -0.004680 -0.026918 -9.48
v 0.001790 -0.026548 -9.512
v -0.006740 -0.029418 -9.481
v -0.000140 -0.028868 -9.512
v -0.007840 -0.032468 -9.481
v -0.001160 -0.031728 -9.512
v -0.007840 -0.035728 -9.481
v -0.001160 -0.034758 -9.512
v -0.006740 -0.038798 -9.481
v -0.000140 -0.037618 -9.512
v -0.004680 -0.041298 -9.48
v 0.001790 -0.039948 -9.512
v -0.001900 -0.042928 -9.48
v 0.004380 -0.041478 -9.512
v 0.001250 -0.043508 -9.479
v 0.007340 -0.042008 -9.511
v 0.004410 -0.042948 -9.479
v 0.010290 -0.041488 -9.511
v 0.007190 -0.041318 -9.478
v 0.012880 -0.039968 -9.509999
v 0.009250 -0.038828 -9.478
v 0.014810 -0.037648 -9.509999
v 0.015830 -0.034798 -9.509999
v 0.015830 -0.031758 -9.509999
v 0.014810 -0.028898 -9.509999
v 0.012880 -0.026568 -9.509999
v 0.012910 -0.025358 -9.542
v 0.015600 -0.025838 -9.541
v 0.010230 -0.025828 -9.542
v 0.007870 -0.027218 -9.543
v 0.006120 -0.029328 -9.543
v 0.005190 -0.031928 -9.543
v 0.005190 -0.034688 -9.543
v 0.006120 -0.037288 -9.543
v 0.007870 -0.039408 -9.543
v 0.010230 -0.040798 -9.542
v 0.012910 -0.041278 -9.542
v 0.015600 -0.040798 -9.541
v 0.017950 -0.039418 -9.541
v 0.019710 -0.037298 -9.541
v 0.020640 -0.034698 -9.541
v 0.020640 -0.031938 -9.541
v 0.019710 -0.029338 -9.541
v 0.017950 -0.027218 -9.541
v 0.019030 -0.026038 -9.571
v 0.021380 -0.026468 -9.571
v 0.016690 -0.026458 -9.572
v 0.014620 -0.027658 -9.572
v 0.013090 -0.029508 -9.572
v 0.012270 -0.031778 -9.572
v 0.012270 -0.034198 -9.572
v 0.013090 -0.036468 -9.572
v 0.014620 -0.038328 -9.572
v 0.016690 -0.039548 -9.572
v 0.019030 -0.039968 -9.571
v 0.021380 -0.039558 -9.571
v 0.023450 -0.038358 -9.571
v 0.024980 -0.036508 -9.57
v 0.025790 -0.034238 -9.57
v 0.025790 -0.031818 -9.57
v 0.024980 -0.029538 -9.57
v 0.023450 -0.027678 -9.57
v 0.024090 -0.026648 -9.599
v 0.026000 -0.026988 -9.599
v 0.022170 -0.026988 -9.599999
v 0.020490 -0.027968 -9.599999
v 0.019230 -0.029478 -9.599999
v 0.018570 -0.031328 -9.599999
v 0.018570 -0.033298 -9.599999
v 0.019230 -0.035148 -9.599999
v 0.020490 -0.036658 -9.599999
v 0.022170 -0.037648 -9.599999
v 0.024090 -0.037998 -9.599999
v 0.026000 -0.037658 -9.599
v 0.027690 -0.036678 -9.599
v 0.028940 -0.035168 -9.599
v 0.029600 -0.033318 -9.599
v 0.029600 -0.031338 -9.599
v 0.028940 -0.029488 -9.599
v 0.027690 -0.027978 -9.599
v 0.029040 -0.028218 -9.627
v 0.030460 -0.028468 -9.625999
v 0.027610 -0.028468 -9.627
v 0.026360 -0.029198 -9.627
v 0.025430 -0.030328 -9.627
v 0.024940 -0.031708 -9.627
v 0.024940 -0.033168 -9.627
v 0.025430 -0.034548 -9.627
v 0.026360 -0.035678 -9.627
v 0.027610 -0.036408 -9.627
v 0.029040 -0.036668 -9.627
v 0.030460 -0.036418 -9.625999
v 0.031720 -0.035678 -9.625999
v 0.032650 -0.034558 -9.625999
v 0.033140 -0.033178 -9.625999
v 0.033140 -0.031718 -9.625999
v 0.032650 -0.030338 -9.625999
v 0.031720 -0.029208 -9.625999
v 0.034190 -0.029198 -9.653
v 0.035120 -0.029358 -9.653
v 0.033270 -0.029358 -9.653
v 0.032460 -0.029828 -9.653
v 0.031860 -0.030548 -9.653
v 0.031540 -0.031438 -9.653
v 0.031540 -0.032388 -9.653
v 0.031860 -0.033278 -9.653
v 0.032460 -0.034008 -9.653
v 0.033270 -0.034488 -9.653
v 0.034190 -0.034658 -9.653
v 0.035120 -0.034488 -9.653
v 0.035930 -0.034018 -9.653
v 0.036530 -0.033298 -9.652
v 0.036850 -0.032408 -9.652
v 0.036850 -0.031458 -9.652
v 0.036530 -0.030568 -9.652
v 0.035930 -0.029838 -9.652
v 0.038300 -0.030158 -9.678
v 0.038740 -0.030238 -9.678
v 0.037870 -0.030228 -9.678
v 0.037480 -0.030458 -9.678
v 0.037200 -0.030798 -9.678
v 0.037050 -0.031218 -9.678
v 0.037040 -0.031668 -9.678
v 0.037200 -0.032088 -9.678
v 0.037480 -0.032438 -9.678
v 0.037860 -0.032658 -9.678
v 0.038300 -0.032738 -9.678
v 0.038740 -0.032668 -9.678
v 0.039120 -0.032438 -9.678
v 0.039410 -0.032098 -9.678
v 0.039560 -0.031678 -9.678
v 0.039560 -0.031228 -9.678
v 0.039410 -0.030808 -9.678
v 0.039130 -0.030458 -9.678
v 0.042570 -0.031498 -9.702
g Trunk
s off
f 3799 3800 3801
f 3799 3801 3802
f 3800 3803 3801
f 3800 3804 3803
f 3804 3805 3803
f 3804 3806 3805
f 3806 3807 3805
f 3806 3808 3807
f 3808 3809 3807
f 3808 3810 3809
f 3810 3811 3809
f 3810 3812 3811
f 3812 3813 3811
f 3812 3814 3813
f 3814 3815 3813
f 3814 3816 3815
f 3816 3817 3815
f 3816 3818 3817
f 3818 3819 3817
f 3818 3820 3819
f 3820 3821 3819
f 3820 3822 3821
f 3822 3823 3821
f 3822 3824 3823
f 3824 3825 3823
f 3824 3826 3825
f 3826 3827 3825
f 3826 3828 3827
f 3828 3829 3827
f 3828 3830 3829
f 3830 3831 3829
f 3830 3832 3831
f 3832 3833 3831
f 3832 3834 3833
f 3834 3802 3833
f 3834 3799 3802
f 3801 3803 3835
f 3801 3835 3836
f 3803 3837 3835
f 3803 3805 3837
f 3805 3838 3837
f 3805 3807 3838
f 3807 3839 3838
f 3807 3809 3839
f 3809 3840 3839
f 3809 3811 3840
f 3811 3841 3840
f 3811 3813 3841
f 3813 3842 3841
f 3813 3815 3842
f 3815 3843 3842
f 3815 3817 3843
f 3817 3844 3843
f 3817 3819 3844
f 3819 3845 3844
f 3819 3821 3845
f 3821 3846 3845
f 3821 3823 3846
f 3823 3847 3846
f 3823 3825 3847
f 3825 3848 3847
f 3825 3827 3848
f 3827 3849 3848
f 3827 3829 3849
f 3829 3850 3849
f 3829 3831 3850
f 3831 3851 3850
f 3831 3833 3851
f 3833 3852 3851
f 3833 3802 3852
f 3802 3836 3852
f 3802 3801 3836
f 3835 3837 3853
f 3835 3853 3854
f 3837 3855 3853
f 3837 3838 3855
f 3838 3856 3855
f 3838 3839 3856
f 3839 3857 3856
f 3839 3840 3857
f 3840 3858 3857
f 3840 3841 3858
f 3841 3859 3858
f 3841 3842 3859
f 3842 3860 3859
f 3842 3843 3860
f 3843 3861 3860
f 3843 3844 3861
f 3844 3862 3861
f 3844 3845 3862
f 3845 3863 3862
f 3845 3846 3863
f 3846 3864 3863
f 3846 3847 3864
f 3847 3865 3864
f 3847 3848 3865
f 3848 3866 3865
f 3848 3849 3866
f 3849 3867 3866
f 3849 3850 3867
f 3850 3868 3867
f 3850 3851 3868
f 3851 3869 3868
f 3851 3852 3869
f 3852 3870 3869
f 3852 3836 3870
f 3836 3854 3870
f 3836 3835 3854
f 3853 3855 3871
f 3853 3871 3872
f 3855 3873 3871
f 3855 3856 3873
f 3856 3874 3873
f 3856 3857 3874
f 3857 3875 3874
f 3857 3858 3875
f 3858 3876 3875
f 3858 3859 3876
f 3859 3877 3876
f 3859 3860 3877
f 3860 3878 3877
f 3860 3861 3878
f 3861 3879 3878
f 3861 3862 3879
f 3862 3880 3879
f 3862 3863 3880
f 3863 3881 3880
f 3863 3864 3881
f 3864 3882 3881
f 3864 3865 3882
f 3865 3883 3882
f 3865 3866 3883
f 3866 3884 3883
f 3866 3867 3884
f 3867 3885 3884
f 3867 3868 3885
f 3868 3886 3885
f 3868 3869 3886
f 3869 3887 3886
f 3869 3870 3887
f 3870 3888 3887
f 3870 3854 3888
f 3854 3872 3888
f 3854 3853 3872
f 3871 3873 3889
f 3871 3889 3890
f 3873 3891 3889
f 3873 3874 3891
f 3874 3892 3891
f 3874 3875 3892
f 3875 3893 3892
f 3875 3876 3893
f 3876 3894 3893
f 3876 3877 3894
f 3877 3895 3894
f 3877 3878 3895
f 3878 3896 3895
f 3878 3879 3896
f 3879 3897 3896
f 3879 3880 3897
f 3880 3898 3897
f 3880 3881 3898
f 3881 3899 3898
f 3881 3882 3899
f 3882 3900 3899
f 3882 3883 3900
f 3883 3901 3900
f 3883 3884 3901
f 3884 3902 3901
f 3884 3885 3902
f 3885 3903 3902
f 3885 3886 3903
f 3886 3904 3903
f 3886 3887 3904
f 3887 3905 3904
f 3887 3888 3905
f 3888 3906 3905
f 3888 3872 3906
f 3872 3890 3906
f 3872 3871 3890
f 3889 3891 3907
f 3889 3907 3908
f 3891 3909 3907
f 3891 3892 3909
f 3892 3910 3909
f 3892 3893 3910
f 3893 3911 3910
f 3893 3894 3911
f 3894 3912 3911
f 3894 3895 3912
f 3895 3913 3912
f 3895 3896 3913
f 3896 3914 3913
f 3896 3897 3914
f 3897 3915 3914
f 3897 3898 3915
f 3898 3916 3915
f 3898 3899 3916
f 3899 3917 3916
f 3899 3900 3917
f 3900 3918 3917
f 3900 3901 3918
f 3901 3919 3918
f 3901 3902 3919
f 3902 3920 3919
f 3902 3903 3920
f 3903 3921 3920
f 3903 3904 3921
f 3904 3922 3921
f 3904 3905 3922
f 3905 3923 3922
f 3905 3906 3923
f 3906 3924 3923
f 3906 3890 3924
f 3890 3908 3924
f 3890 3889 3908
f 3907 3909 3925
f 3907 3925 3926
f 3909 3927 3925
f 3909 3910 3927
f 3910 3928 3927
f 3910 3911 3928
f 3911 3929 3928
f 3911 3912 3929
f 3912 3930 3929
f 3912 3913 3930
f 3913 3931 3930
f 3913 3914 3931
f 3914 3932 3931
f 3914 3915 3932
f 3915 3933 3932
f 3915 3916 3933
f 3916 3934 3933
f 3916 3917 3934
f 3917 3935 3934
f 3917 3918 3935
f 3918 3936 3935
f 3918 3919 3936
f 3919 3937 3936
f 3919 3920 3937
f 3920 3938 3937
f 3920 3921 3938
f 3921 3939 3938
f 3921 3922 3939
f 3922 3940 3939
f 3922 3923 3940
f 3923 3941 3940
f 3923 3924 3941
f 3924 3942 3941
f 3924 3908 3942
f 3908 3926 3942
f 3908 3907 3926
f 3925 3927 3943
f 3925 3943 3944
f 3927 3945 3943
f 3927 3928 3945
f 3928 3946 3945
f 3928 3929 3946
f 3929 3947 3946
f 3929 3930 3947
f 3930 3948 3947
f 3930 3931 3948
f 3931 3949 3948
f 3931 3932 3949
f 3932 3950 3949
f 3932 3933 3950
f 3933 3951 3950
f 3933 3934 3951
f 3934 3952 3951
f 3934 3935 3952
f 3935 3953 3952
f 3935 3936 3953
f 3936 3954 3953
f 3936 3937 3954
f 3937 3955 3954
f 3937 3938 3955
f 3938 3956 3955
f 3938 3939 3956
f 3939 3957 3956
f 3939 3940 3957
f 3940 3958 3957
f 3940 3941 3958
f 3941 3959 3958
f 3941 3942 3959
f 3942 3960 3959
f 3942 3926 3960
f 3926 3944 3960
f 3926 3925 3944
f 3943 3945 3961
f 3943 3961 3962
f 3945 3963 3961
f 3945 3946 3963
f 3946 3964 3963
f 3946 3947 3964
f 3947 3965 3964
f 3947 3948 3965
f 3948 3966 3965
f 3948 3949 3966
f 3949 3967 3966
f 3949 3950 3967
f 3950 3968 3967
f 3950 3951 3968
f 3951 3969 3968
f 3951 3952 3969
f 3952 3970 3969
f 3952 3953 3970
f 3953 3971 3970
f 3953 3954 3971
f 3954 3972 3971
f 3954 3955 3972
f 3955 3973 3972
f 3955 3956 3973
f 3956 3974 3973
f 3956 3957 3974
f 3957 3975 3974
f 3957 3958 3975
f 3958 3976 3975
f 3958 3959 3976
f 3959 3977 3976
f 3959 3960 3977
f 3960 3978 3977
f 3960 3944 3978
f 3944 3962 3978
f 3944 3943 3962
f 3961 3963 3979
f 3961 3979 3980
f 3963 3981 3979
f 3963 3964 3981
f 3964 3982 3981
f 3964 3965 3982
f 3965 3983 3982
f 3965 3966 3983
f 3966 3984 3983
f 3966 3967 3984
f 3967 3985 3984
f 3967 3968 3985
f 3968 3986 3985
f 3968 3969 3986
f 3969 3987 3986
f 3969 3970 3987
f 3970 3988 3987
f 3970 3971 3988
f 3971 3989 3988
f 3971 3972 3989
f 3972 3990 3989
f 3972 3973 3990
f 3973 3991 3990
f 3973 3974 3991
f 3974 3992 3991
f 3974 3975 3992
f 3975 3993 3992
f 3975 3976 3993
f 3976 3994 3993
f 3976 3977 3994
f 3977 3995 3994
f 3977 3978 3995
f 3978 3996 3995
f 3978 3962 3996
f 3962 3980 3996
f 3962 3961 3980
f 3979 3981 3997
f 3979 3997 3998
f 3981 3999 3997
f 3981 3982 3999
f 3982 4000 3999
f 3982 3983 4000
f 3983 4001 4000
f 3983 3984 4001
f 3984 4002 4001
f 3984 3985 4002
f 3985 4003 4002
f 3985 3986 4003
f 3986 4004 4003
f 3986 3987 4004
f 3987 4005 4004
f 3987 3988 4005
f 3988 4006 4005
f 3988 3989 4006
f 3989 4007 4006
f 3989 3990 4007
f 3990 4008 4007
f 3990 3991 4008
f 3991 4009 4008
f 3991 3992 4009
f 3992 4010 4009
f 3992 3993 4010
f 3993 4011 4010
f 3993 3994 4011
f 3994 4012 4011
f 3994 3995 4012
f 3995 4013 4012
f 3995 3996 4013
f 3996 4014 4013
f 3996 3980 4014
f 3980 3998 4014
f 3980 3979 3998
f 3997 3999 4015
f 3997 4015 4016
f 3999 4017 4015
f 3999 4000 4017
f 4000 4018 4017
f 4000 4001 4018
f 4001 4019 4018
f 4001 4002 4019
f 4002 4020 4019
f 4002 4003 4020
f 4003 4021 4020
f 4003 4004 4021
f 4004 4022 4021
f 4004 4005 4022
f 4005 4023 4022
f 4005 4006 4023
f 4006 4024 4023
f 4006 4007 4024
f 4007 4025 4024
f 4007 4008 4025
f 4008 4026 4025
f 4008 4009 4026
f 4009 4027 4026
f 4009 4010 4027
f 4010 4028 4027
f 4010 4011 4028
f 4011 4029 4028
f 4011 4012 4029
f 4012 4030 4029
f 4012 4013 4030
f 4013 4031 4030
f 4013 4014 4031
f 4014 4032 4031
f 4014 3998 4032
f 3998 4016 4032
f 3998 3997 4016
f 4015 4017 4033
f 4015 4033 4034
f 4017 4035 4033
f 4017 4018 4035
f 4018 4036 4035
f 4018 4019 4036
f 4019 4037 4036
f 4019 4020 4037
f 4020 4038 4037
f 4020 4021 4038
f 4021 4039 4038
f 4021 4022 4039
f 4022 4040 4039
f 4022 4023 4040
f 4023 4041 4040
f 4023 4024 4041
f 4024 4042 4041
f 4024 4025 4042
f 4025 4043 4042
f 4025 4026 4043
f 4026 4044 4043
f 4026 4027 4044
f 4027 4045 4044
f 4027 4028 4045
f 4028 4046 4045
f 4028 4029 4046
f 4029 4047 4046
f 4029 4030 4047
f 4030 4048 4047
f 4030 4031 4048
f 4031 4049 4048
f 4031 4032 4049
f 4032 4050 4049
f 4032 4016 4050
f 4016 4034 4050
f 4016 4015 4034
f 4033 4035 4051
f 4033 4051 4052
f 4035 4053 4051
f 4035 4036 4053
f 4036 4054 4053
f 4036 4037 4054
f 4037 4055 4054
f 4037 4038 4055
f 4038 4056 4055
f 4038 4039 4056
f 4039 4057 4056
f 4039 4040 4057
f 4040 4058 4057
f 4040 4041 4058
f 4041 4059 4058
f 4041 4042 4059
f 4042 4060 4059
f 4042 4043 4060
f 4043 4061 4060
f 4043 4044 4061
f 4044 4062 4061
f 4044 4045 4062
f 4045 4063 4062
f 4045 4046 4063
f 4046 4064 4063
f 4046 4047 4064
f 4047 4065 4064
f 4047 4048 4065
f 4048 4066 4065
f 4048 4049 4066
f 4049 4067 4066
f 4049 4050 4067
f 4050 4068 4067
f 4050 4034 4068
f 4034 4052 4068
f 4034 4033 4052
f 4051 4053 4069
f 4051 4069 4070
f 4053 4071 4069
f 4053 4054 4071
f 4054 4072 4071
f 4054 4055 4072
f 4055 4073 4072
f 4055 4056 4073
f 4056 4074 4073
f 4056 4057 4074
f 4057 4075 4074
f 4057 4058 4075
f 4058 4076 4075
f 4058 4059 4076
f 4059 4077 4076
f 4059 4060 4077
f 4060 4078 4077
f 4060 4061 4078
f 4061 4079 4078
f 4061 4062 4079
f 4062 4080 4079
f 4062 4063 4080
f 4063 4081 4080
f 4063 4064 4081
f 4064 4082 4081
f 4064 4065 4082
f 4065 4083 4082
f 4065 4066 4083
f 4066 4084 4083
f 4066 4067 4084
f 4067 4085 4084
f 4067 4068 4085
f 4068 4086 4085
f 4068 4052 4086
f 4052 4070 4086
f 4052 4051 4070
f 4069 4071 4087
f 4069 4087 4088
f 4071 4089 4087
f 4071 4072 4089
f 4072 4090 4089
f 4072 4073 4090
f 4073 4091 4090
f 4073 4074 4091
f 4074 4092 4091
f 4074 4075 4092
f 4075 4093 4092
f 4075 4076 4093
f 4076 4094 4093
f 4076 4077 4094
f 4077 4095 4094
f 4077 4078 4095
f 4078 4096 4095
f 4078 4079 4096
f 4079 4097 4096
f 4079 4080 4097
f 4080 4098 4097
f 4080 4081 4098
f 4081 4099 4098
f 4081 4082 4099
f 4082 4100 4099
f 4082 4083 4100
f 4083 4101 4100
f 4083 4084 4101
f 4084 4102 4101
f 4084 4085 4102
f 4085 4103 4102
f 4085 4086 4103
f 4086 4104 4103
f 4086 4070 4104
f 4070 4088 4104
f 4070 4069 4088
f 4087 4089 4105
f 4087 4105 4106
f 4089 4107 4105
f 4089 4090 4107
f 4090 4108 4107
f 4090 4091 4108
f 4091 4109 4108
f 4091 4092 4109
f 4092 4110 4109
f 4092 4093 4110
f 4093 4111 4110
f 4093 4094 4111
f 4094 4112 4111
f 4094 4095 4112
f 4095 4113 4112
f 4095 4096 4113
f 4096 4114 4113
f 4096 4097 4114
f 4097 4115 4114
f 4097 4098 4115
f 4098 4116 4115
f 4098 4099 4116
f 4099 4117 4116
f 4099 4100 4117
f 4100 4118 4117
f 4100 4101 4118
f 4101 4119 4118
f 4101 4102 4119
f 4102 4120 4119
f 4102 4103 4120
f 4103 4121 4120
f 4103 4104 4121
f 4104 4122 4121
f 4104 4088 4122
f 4088 4106 4122
f 4088 4087 4106
f 4105 4107 4123
f 4105 4123 4124
f 4107 4125 4123
f 4107 4108 4125
f 4108 4126 4125
f 4108 4109 4126
f 4109 4127 4126
f 4109 4110 4127
f 4110 4128 4127
f 4110 4111 4128
f 4111 4129 4128
f 4111 4112 4129
f 4112 4130 4129
f 4112 4113 4130
f 4113 4131 4130
f 4113 4114 4131
f 4114 4132 4131
f 4114 4115 4132
f 4115 4133 4132
f 4115 4116 4133
f 4116 4134 4133
f 4116 4117 4134
f 4117 4135 4134
f 4117 4118 4135
f 4118 4136 4135
f 4118 4119 4136
f 4119 4137 4136
f 4119 4120 4137
f 4120 4138 4137
f 4120 4121 4138
f 4121 4139 4138
f 4121 4122 4139
f 4122 4140 4139
f 4122 4106 4140
f 4106 4124 4140
f 4106 4105 4124
f 4123 4125 4141
f 4123 4141 4142
f 4125 4143 4141
f 4125 4126 4143
f 4126 4144 4143
f 4126 4127 4144
f 4127 4145 4144
f 4127 4128 4145
f 4128 4146 4145
f 4128 4129 4146
f 4129 4147 4146
f 4129 4130 4147
f 4130 4148 4147
f 4130 4131 4148
f 4131 4149 4148
f 4131 4132 4149
f 4132 4150 4149
f 4132 4133 4150
f 4133 4151 4150
f 4133 4134 4151
f 4134 4152 4151
f 4134 4135 4152
f 4135 4153 4152
f 4135 4136 4153
f 4136 4154 4153
f 4136 4137 4154
f 4137 4155 4154
f 4137 4138 4155
f 4138 4156 4155
f 4138 4139 4156
f 4139 4157 4156
f 4139 4140 4157
f 4140 4158 4157
f 4140 4124 4158
f 4124 4142 4158
f 4124 4123 4142
f 4141 4143 4159
f 4141 4159 4160
f 4143 4161 4159
f 4143 4144 4161
f 4144 4162 4161
f 4144 4145 4162
f 4145 4163 4162
f 4145 4146 4163
f 4146 4164 4163
f 4146 4147 4164
f 4147 4165 4164
f 4147 4148 4165
f 4148 4166 4165
f 4148 4149 4166
f 4149 4167 4166
f 4149 4150 4167
f 4150 4168 4167
f 4150 4151 4168
f 4151 4169 4168
f 4151 4152 4169
f 4152 4170 4169
f 4152 4153 4170
f 4153 4171 4170
f 4153 4154 4171
f 4154 4172 4171
f 4154 4155 4172
f 4155 4173 4172
f 4155 4156 4173
f 4156 4174 4173
f 4156 4157 4174
f 4157 4175 4174
f 4157 4158 4175
f 4158 4176 4175
f 4158 4142 4176
f 4142 4160 4176
f 4142 4141 4160
f 4159 4161 4177
f 4159 4177 4178
f 4161 4179 4177
f 4161 4162 4179
f 4162 4180 4179
f 4162 4163 4180
f 4163 4181 4180
f 4163 4164 4181
f 4164 4182 4181
f 4164 4165 4182
f 4165 4183 4182
f 4165 4166 4183
f 4166 4184 4183
f 4166 4167 4184
f 4167 4185 4184
f 4167 4168 4185
f 4168 4186 4185
f 4168 4169 4186
f 4169 4187 4186
f 4169 4170 4187
f 4170 4188 4187
f 4170 4171 4188
f 4171 4189 4188
f 4171 4172 4189
f 4172 4190 4189
f 4172 4173 4190
f 4173 4191 4190
f 4173 4174 4191
f 4174 4192 4191
f 4174 4175 4192
f 4175 4193 4192
f 4175 4176 4193
f 4176 4194 4193
f 4176 4160 4194
f 4160 4178 4194
f 4160 4159 4178
f 4177 4179 4195
f 4177 4195 4196
f 4179 4197 4195
f 4179 4180 4197
f 4180 4198 4197
f 4180 4181 4198
f 4181 4199 4198
f 4181 4182 4199
f 4182 4200 4199
f 4182 4183 4200
f 4183 4201 4200
f 4183 4184 4201
f 4184 4202 4201
f 4184 4185 4202
f 4185 4203 4202
f 4185 4186 4203
f 4186 4204 4203
f 4186 4187 4204
f 4187 4205 4204
f 4187 4188 4205
f 4188 4206 4205
f 4188 4189 4206
f 4189 4207 4206
f 4189 4190 4207
f 4190 4208 4207
f 4190 4191 4208
f 4191 4209 4208
f 4191 4192 4209
f 4192 4210 4209
f 4192 4193 4210
f 4193 4211 4210
f 4193 4194 4211
f 4194 4212 4211
f 4194 4178 4212
f 4178 4196 4212
f 4178 4177 4196
f 4195 4197 4213
f 4195 4213 4214
f 4197 4215 4213
f 4197 4198 4215
f 4198 4216 4215
f 4198 4199 4216
f 4199 4217 4216
f 4199 4200 4217
f 4200 4218 4217
f 4200 4201 4218
f 4201 4219 4218
f 4201 4202 4219
f 4202 4220 4219
f 4202 4203 4220
f 4203 4221 4220
f 4203 4204 4221
f 4204 4222 4221
f 4204 4205 4222
f 4205 4223 4222
f 4205 4206 4223
f 4206 4224 4223
f 4206 4207 4224
f 4207 4225 4224
f 4207 4208 4225
f 4208 4226 4225
f 4208 4209 4226
f 4209 4227 4226
f 4209 4210 4227
f 4210 4228 4227
f 4210 4211 4228
f 4211 4229 4228
f 4211 4212 4229
f 4212 4230 4229
f 4212 4196 4230
f 4196 4214 4230
f 4196 4195 4214
f 4213 4215 4231
f 4213 4231 4232
f 4215 4233 4231
f 4215 4216 4233
f 4216 4234 4233
f 4216 4217 4234
f 4217 4235 4234
f 4217 4218 4235
f 4218 4236 4235
f 4218 4219 4236
f 4219 4237 4236
f 4219 4220 4237
f 4220 4238 4237
f 4220 4221 4238
f 4221 4239 4238
f 4221 4222 4239
f 4222 4240 4239
f 4222 4223 4240
f 4223 4241 4240
f 4223 4224 4241
f 4224 4242 4241
f 4224 4225 4242
f 4225 4243 4242
f 4225 4226 4243
f 4226 4244 4243
f 4226 4227 4244
f 4227 4245 4244
f 4227 4228 4245
f 4228 4246 4245
f 4228 4229 4246
f 4229 4247 4246
f 4229 4230 4247
f 4230 4248 4247
f 4230 4214 4248
f 4214 4232 4248
f 4214 4213 4232
f 4231 4233 4249
f 4231 4249 4250
f 4233 4251 4249
f 4233 4234 4251
f 4234 4252 4251
f 4234 4235 4252
f 4235 4253 4252
f 4235 4236 4253
f 4236 4254 4253
f 4236 4237 4254
f 4237 4255 4254
f 4237 4238 4255
f 4238 4256 4255
f 4238 4239 4256
f 4239 4257 4256
f 4239 4240 4257
f 4240 4258 4257
f 4240 4241 4258
f 4241 4259 4258
f 4241 4242 4259
f 4242 4260 4259
f 4242 4243 4260
f 4243 4261 4260
f 4243 4244 4261
f 4244 4262 4261
f 4244 4245 4262
f 4245 4263 4262
f 4245 4246 4263
f 4246 4264 4263
f 4246 4247 4264
f 4247 4265 4264
f 4247 4248 4265
f 4248 4266 4265
f 4248 4232 4266
f 4232 4250 4266
f 4232 4231 4250
f 4249 4251 4267
f 4249 4267 4268
f 4251 4269 4267
f 4251 4252 4269
f 4252 4270 4269
f 4252 4253 4270
f 4253 4271 4270
f 4253 4254 4271
f 4254 4272 4271
f 4254 4255 4272
f 4255 4273 4272
f 4255 4256 4273
f 4256 4274 4273
f 4256 4257 4274
f 4257 4275 4274
f 4257 4258 4275
f 4258 4276 4275
f 4258 4259 4276
f 4259 4277 4276
f 4259 4260 4277
f 4260 4278 4277
f 4260 4261 4278
f 4261 4279 4278
f 4261 4262 4279
f 4262 4280 4279
f 4262 4263 4280
f 4263 4281 4280
f 4263 4264 4281
f 4264 4282 4281
f 4264 4265 4282
f 4265 4283 4282
f 4265 4266 4283
f 4266 4284 4283
f 4266 4250 4284
f 4250 4268 4284
f 4250 4249 4268
f 4267 4269 4285
f 4267 4285 4286
f 4269 4287 4285
f 4269 4270 4287
f 4270 4288 4287
f 4270 4271 4288
f 4271 4289 4288
f 4271 4272 4289
f 4272 4290 4289
f 4272 4273 4290
f 4273 4291 4290
f 4273 4274 4291
f 4274 4292 4291
f 4274 4275 4292
f 4275 4293 4292
f 4275 4276 4293
f 4276 4294 4293
f 4276 4277 4294
f 4277 4295 4294
f 4277 4278 4295
f 4278 4296 4295
f 4278 4279 4296
f 4279 4297 4296
f 4279 4280 4297
f 4280 4298 4297
f 4280 4281 4298
f 4281 4299 4298
f 4281 4282 4299
f 4282 4300 4299
f 4282 4283 4300
f 4283 4301 4300
f 4283 4284 4301
f 4284 4302 4301
f 4284 4268 4302
f 4268 4286 4302
f 4268 4267 4286
f 4285 4287 4303
f 4285 4303 4304
f 4287 4305 4303
f 4287 4288 4305
f 4288 4306 4305
f 4288 4289 4306
f 4289 4307 4306
f 4289 4290 4307
f 4290 4308 4307
f 4290 4291 4308
f 4291 4309 4308
f 4291 4292 4309
f 4292 4310 4309
f 4292 4293 4310
f 4293 4311 4310
f 4293 4294 4311
f 4294 4312 4311
f 4294 4295 4312
f 4295 4313 4312
f 4295 4296 4313
f 4296 4314 4313
f 4296 4297 4314
f 4297 4315 4314
f 4297 4298 4315
f 4298 4316 4315
f 4298 4299 4316
f 4299 4317 4316
f 4299 4300 4317
f 4318 4319 4320
f 4318 4321 4319
f 4321 4322 4319
f 4321 4323 4322
f 4323 4324 4322
f 4323 4325 4324
f 4325 4326 4324
f 4325 4327 4326
f 4328 4329 4330
f 4328 4330 4331
f 4329 4332 4330
f 4329 4333 4332
f 4333 4334 4332
f 4333 4335 4334
f 4335 4336 4334
f 4335 4337 4336
f 4337 4338 4336
f 4337 4339 4338
f 4339 4340 4338
f 4339 4341 4340
f 4341 4342 4340
f 4341 4343 4342
f 4343 4344 4342
f 4343 4345 4344
f 4345 4346 4344
f 4345 4347 4346
f 4347 4348 4346
f 4347 4349 4348
f 4349 4350 4348
f 4349 4351 4350
f 4351 4352 4350
f 4351 4353 4352
f 4353 4354 4352
f 4353 4320 4354
f 4320 4355 4354
f 4320 4319 4355
f 4319 4356 4355
f 4319 4322 4356
f 4322 4357 4356
f 4322 4324 4357
f 4324 4358 4357
f 4324 4326 4358
f 4326 4331 4358
f 4326 4328 4331
f 4330 4332 4359
f 4330 4359 4360
f 4332 4361 4359
f 4332 4334 4361
f 4334 4362 4361
f 4334 4336 4362
f 4336 4363 4362
f 4336 4338 4363
f 4338 4364 4363
f 4338 4340 4364
f 4340 4365 4364
f 4340 4342 4365
f 4342 4366 4365
f 4342 4344 4366
f 4344 4367 4366
f 4344 4346 4367
f 4346 4368 4367
f 4346 4348 4368
f 4348 4369 4368
f 4348 4350 4369
f 4350 4370 4369
f 4350 4352 4370
f 4352 4371 4370
f 4352 4354 4371
f 4354 4372 4371
f 4354 4355 4372
f 4355 4373 4372
f 4355 4356 4373
f 4356 4374 4373
f 4356 4357 4374
f 4357 4375 4374
f 4357 4358 4375
f 4358 4376 4375
f 4358 4331 4376
f 4331 4360 4376
f 4331 4330 4360
f 4359 4361 4377
f 4359 4377 4378
f 4361 4379 4377
f 4361 4362 4379
f 4362 4380 4379
f 4362 4363 4380
f 4363 4381 4380
f 4363 4364 4381
f 4364 4382 4381
f 4364 4365 4382
f 4365 4383 4382
f 4365 4366 4383
f 4366 4384 4383
f 4366 4367 4384
f 4367 4385 4384
f 4367 4368 4385
f 4368 4386 4385
f 4368 4369 4386
f 4369 4387 4386
f 4369 4370 4387
f 4370 4388 4387
f 4370 4371 4388
f 4371 4389 4388
f 4371 4372 4389
f 4372 4390 4389
f 4372 4373 4390
f 4373 4391 4390
f 4373 4374 4391
f 4374 4392 4391
f 4374 4375 4392
f 4375 4393 4392
f 4375 4376 4393
f 4376 4394 4393
f 4376 4360 4394
f 4360 4378 4394
f 4360 4359 4378
f 4377 4379 4395
f 4377 4395 4396
f 4379 4397 4395
f 4379 4380 4397
f 4380 4398 4397
f 4380 4381 4398
f 4381 4399 4398
f 4381 4382 4399
f 4382 4400 4399
f 4382 4383 4400
f 4383 4401 4400
f 4383 4384 4401
f 4384 4402 4401
f 4384 4385 4402
f 4385 4403 4402
f 4385 4386 4403
f 4386 4404 4403
f 4386 4387 4404
f 4387 4405 4404
f 4387 4388 4405
f 4388 4406 4405
f 4388 4389 4406
f 4389 4407 4406
f 4389 4390 4407
f 4390 4408 4407
f 4390 4391 4408
f 4391 4409 4408
f 4391 4392 4409
f 4392 4410 4409
f 4392 4393 4410
f 4393 4411 4410
f 4393 4394 4411
f 4394 4412 4411
f 4394 4378 4412
f 4378 4396 4412
f 4378 4377 4396
f 4395 4397 4413
f 4395 4413 4414
f 4397 4415 4413
f 4397 4398 4415
f 4398 4416 4415
f 4398 4399 4416
f 4399 4417 4416
f 4399 4400 4417
f 4400 4418 4417
f 4400 4401 4418
f 4401 4419 4418
f 4401 4402 4419
f 4402 4420 4419
f 4402 4403 4420
f 4403 4421 4420
f 4403 4404 4421
f 4404 4422 4421
f 4404 4405 4422
f 4405 4423 4422
f 4405 4406 4423
f 4406 4424 4423
f 4406 4407 4424
f 4407 4425 4424
f 4407 4408 4425
f 4408 4426 4425
f 4408 4409 4426
f 4409 4427 4426
f 4409 4410 4427
f 4410 4428 4427
f 4410 4411 4428
f 4411 4429 4428
f 4411 4412 4429
f 4412 4430 4429
f 4412 4396 4430
f 4396 4414 4430
f 4396 4395 4414
f 4413 4415 4431
f 4413 4431 4432
f 4415 4433 4431
f 4415 4416 4433
f 4416 4434 4433
f 4416 4417 4434
f 4417 4435 4434
f 4417 4418 4435
f 4418 4436 4435
f 4418 4419 4436
f 4419 4437 4436
f 4419 4420 4437
f 4420 4438 4437
f 4420 4421 4438
f 4421 4439 4438
f 4421 4422 4439
f 4422 4440 4439
f 4422 4423 4440
f 4423 4441 4440
f 4423 4424 4441
f 4424 4442 4441
f 4424 4425 4442
f 4425 4443 4442
f 4425 4426 4443
f 4426 4444 4443
f 4426 4427 4444
f 4427 4445 4444
f 4427 4428 4445
f 4428 4446 4445
f 4428 4429 4446
f 4429 4447 4446
f 4429 4430 4447
f 4430 4448 4447
f 4430 4414 4448
f 4414 4432 4448
f 4414 4413 4432
f 4431 4433 4449
f 4431 4449 4450
f 4433 4451 4449
f 4433 4434 4451
f 4434 4452 4451
f 4434 4435 4452
f 4435 4453 4452
f 4435 4436 4453
f 4436 4454 4453
f 4436 4437 4454
f 4437 4455 4454
f 4437 4438 4455
f 4438 4456 4455
f 4438 4439 4456
f 4439 4457 4456
f 4439 4440 4457
f 4440 4458 4457
f 4440 4441 4458
f 4441 4459 4458
f 4441 4442 4459
f 4442 4460 4459
f 4442 4443 4460
f 4443 4461 4460
f 4443 4444 4461
f 4444 4462 4461
f 4444 4445 4462
f 4445 4463 4462
f 4445 4446 4463
f 4446 4464 4463
f 4446 4447 4464
f 4447 4465 4464
f 4447 4448 4465
f 4448 4466 4465
f 4448 4432 4466
f 4432 4450 4466
f 4432 4431 4450
f 4449 4451 4467
f 4451 4452 4467
f 4452 4453 4467
f 4453 4454 4467
f 4454 4455 4467
f 4455 4456 4467
f 4456 4457 4467
f 4457 4458 4467
f 4458 4459 4467
f 4459 4460 4467
f 4460 4461 4467
f 4461 4462 4467
f 4462 4463 4467
f 4463 4464 4467
f 4464 4465 4467
f 4465 4466 4467
f 4466 4450 4467
f 4450 4449 4467
v 0.038770 -0.030998 -9.678
v 0.038430 -0.030838 -9.678
v 0.033540 -0.020338 -9.707
v 0.033690 -0.020658 -9.707
v 0.033220 -0.020188 -9.707
v 0.038040 -0.030908 -9.678
v 0.032860 -0.020258 -9.707
v 0.037760 -0.031188 -9.678
v 0.032590 -0.020518 -9.707
v 0.037680 -0.031558 -9.678
v 0.032510 -0.020868 -9.707
v 0.037840 -0.031888 -9.678
v 0.038180 -0.032058 -9.678
v 0.032660 -0.021178 -9.707
v 0.032980 -0.021338 -9.707
v 0.038560 -0.031988 -9.678
v 0.033350 -0.021268 -9.707
v 0.038850 -0.031708 -9.678
v 0.033620 -0.021008 -9.707
v 0.038930 -0.031338 -9.678
v 0.022390 -0.007468 -9.74
v 0.022530 -0.007768 -9.74
v 0.022100 -0.007328 -9.74
v 0.021760 -0.007388 -9.74
v 0.021510 -0.007628 -9.74
v 0.021440 -0.007958 -9.74
v 0.021590 -0.008258 -9.74
v 0.021880 -0.008398 -9.74
v 0.022220 -0.008348 -9.74
v 0.022470 -0.008098 -9.74
v 0.014600 0.000992 -9.779
v 0.014730 0.000722 -9.779
v 0.014320 0.001132 -9.779
v 0.014010 0.001082 -9.779
v 0.013780 0.000862 -9.779
v 0.013720 0.000562 -9.779
v 0.013860 0.000282 -9.779
v 0.014130 0.000142 -9.779
v 0.014440 0.000192 -9.779
v 0.014670 0.000412 -9.779
v 0.011610 0.009452 -9.805
v 0.011900 0.009492 -9.806
v 0.011400 0.009242 -9.806
v 0.006640 0.015612 -9.835
v 0.006370 0.015572 -9.835
v 0.006880 0.015482 -9.835
v 0.006300 0.020062 -9.873
v 0.006090 0.020182 -9.873
v 0.006170 0.015382 -9.835
v 0.005850 0.020142 -9.873
v 0.006130 0.015112 -9.835
v 0.005680 0.019982 -9.873
v 0.006240 0.014872 -9.835
v 0.005630 0.019752 -9.873
v 0.006480 0.014752 -9.835
v 0.005740 0.019532 -9.873
v 0.006750 0.014792 -9.835
v 0.005950 0.019422 -9.873
v 0.006950 0.014982 -9.835
v 0.006190 0.019452 -9.873
v 0.007000 0.015242 -9.835
v 0.006360 0.019622 -9.873
v 0.006410 0.019852 -9.873
v 0.034300 -0.033278 -9.653
v 0.034920 -0.032998 -9.652
v 0.053830 -0.031588 -9.679
v 0.053210 -0.031368 -9.679
v 0.054410 -0.031328 -9.678
v 0.035260 -0.032308 -9.652
v 0.054730 -0.030678 -9.678
v 0.035190 -0.031468 -9.652
v 0.054670 -0.029888 -9.678
v 0.034750 -0.030808 -9.652
v 0.054250 -0.029268 -9.678
v 0.034090 -0.030568 -9.653
v 0.053630 -0.029038 -9.678
v 0.033470 -0.030848 -9.653
v 0.053050 -0.029308 -9.679
v 0.033130 -0.031538 -9.653
v 0.052730 -0.029958 -9.679
v 0.033200 -0.032378 -9.653
v 0.052790 -0.030738 -9.679
v 0.033640 -0.033048 -9.653
v 0.079780 -0.026168 -9.707
v 0.079180 -0.025968 -9.707
v 0.080330 -0.025928 -9.706
v 0.080630 -0.025338 -9.706
v 0.080550 -0.024608 -9.706
v 0.080140 -0.024028 -9.706
v 0.079550 -0.023818 -9.706
v 0.079000 -0.024058 -9.707
v 0.078700 -0.024658 -9.707
v 0.078770 -0.025388 -9.707
v 0.101600 -0.019658 -9.741
v 0.101100 -0.019478 -9.741
v 0.102200 -0.019428 -9.741
v 0.102500 -0.018868 -9.741
v 0.102400 -0.018208 -9.74
v 0.102000 -0.017678 -9.741
v 0.101500 -0.017498 -9.741
v 0.100900 -0.017728 -9.741
v 0.100600 -0.018288 -9.741
v 0.100700 -0.018948 -9.741
v 0.116800 -0.018998 -9.764999
v 0.116300 -0.018828 -9.766
v 0.117300 -0.018788 -9.764999
v 0.117600 -0.018268 -9.764999
v 0.117600 -0.017648 -9.764999
v 0.117200 -0.017158 -9.764999
v 0.116700 -0.016988 -9.764999
v 0.116200 -0.017198 -9.766
v 0.115900 -0.017718 -9.766
v 0.115900 -0.018338 -9.766
v 0.133100 -0.014258 -9.792
v 0.132600 -0.014108 -9.792
v 0.133600 -0.014058 -9.792
v 0.133800 -0.013588 -9.792
v 0.133800 -0.013018 -9.792
v 0.133400 -0.012568 -9.792
v 0.132900 -0.012418 -9.792
v 0.132500 -0.012618 -9.792
v 0.132200 -0.013098 -9.793
v 0.132200 -0.013668 -9.793
v 0.147800 -0.010698 -9.829
v 0.147400 -0.010568 -9.829
v 0.148200 -0.010518 -9.829
v 0.148500 -0.010098 -9.829
v 0.148400 -0.009598 -9.829
v 0.148200 -0.009198 -9.829
v 0.147700 -0.009068 -9.829
v 0.147300 -0.009238 -9.829
v 0.147000 -0.009668 -9.829
v 0.147100 -0.010168 -9.829
v 0.167700 -0.009888 -9.864
v 0.167300 -0.009768 -9.864
v 0.168000 -0.009738 -9.864
v 0.168200 -0.009368 -9.864
v 0.168200 -0.008938 -9.864
v 0.167900 -0.008598 -9.864
v 0.167500 -0.008488 -9.864
v 0.167200 -0.008638 -9.864
v 0.167000 -0.008998 -9.864
v 0.167000 -0.009428 -9.864
v 0.172100 -0.007428 -9.872
v 0.172000 -0.007218 -9.872
v 0.190100 -0.001698 -9.915
v 0.190000 -0.001918 -9.915
v 0.190000 -0.001488 -9.915
v 0.171800 -0.007118 -9.872
v 0.189800 -0.001388 -9.915
v 0.171500 -0.007358 -9.872
v 0.171500 -0.007588 -9.872
v 0.189500 -0.001628 -9.915
v 0.189500 -0.001858 -9.915
v 0.171700 -0.007748 -9.872
v 0.171900 -0.007778 -9.872
v 0.189900 -0.002048 -9.915
v 0.189600 -0.002018 -9.915
v 0.172100 -0.007648 -9.872
v 0.203300 0.003612 -9.961
v 0.203200 0.003392 -9.961
v 0.203200 0.003822 -9.961
v 0.203000 0.003922 -9.961
v 0.189600 -0.001448 -9.915
v 0.202700 0.003872 -9.961
v 0.202600 0.003682 -9.961
v 0.202600 0.003452 -9.961
v 0.202800 0.003292 -9.961
v 0.203000 0.003262 -9.961
v 0.027370 -0.031208 -9.627
v 0.026940 -0.032308 -9.625999
v 0.023950 -0.043598 -9.656
v 0.024960 -0.043008 -9.657
v 0.023540 -0.044628 -9.656
v 0.027310 -0.033458 -9.625999
v 0.023890 -0.045708 -9.655
v 0.028340 -0.034228 -9.625999
v 0.024860 -0.046428 -9.655
v 0.029640 -0.034308 -9.625999
v 0.026080 -0.046508 -9.655
v 0.030710 -0.033678 -9.625999
v 0.027090 -0.045918 -9.656
v 0.031140 -0.032578 -9.627
v 0.027490 -0.044878 -9.656
v 0.030770 -0.031428 -9.627
v 0.027140 -0.043798 -9.656
v 0.029740 -0.030658 -9.627
v 0.026180 -0.043078 -9.657
v 0.028440 -0.030578 -9.627
v 0.020150 -0.062988 -9.689
v 0.021090 -0.062418 -9.689
v 0.019770 -0.063958 -9.689
v 0.020080 -0.064948 -9.688
v 0.020970 -0.065598 -9.688
v 0.022110 -0.065648 -9.688
v 0.023050 -0.065088 -9.688
v 0.023430 -0.064118 -9.689
v 0.023120 -0.063118 -9.689
v 0.022220 -0.062468 -9.689
v 0.021460 -0.079078 -9.727
v 0.022320 -0.078538 -9.727
v 0.021110 -0.079998 -9.727
v 0.021400 -0.080938 -9.727
v 0.022220 -0.081548 -9.726
v 0.023250 -0.081578 -9.726
v 0.024100 -0.081038 -9.727
v 0.024450 -0.080118 -9.727
v 0.024160 -0.079168 -9.727
v 0.023350 -0.078568 -9.727
v 0.019510 -0.087518 -9.754
v 0.020310 -0.087008 -9.754
v 0.019180 -0.088378 -9.754
v 0.019450 -0.089258 -9.753
v 0.020210 -0.089828 -9.753
v 0.021180 -0.089858 -9.753
v 0.021970 -0.089348 -9.753
v 0.022300 -0.088488 -9.754
v 0.022030 -0.087598 -9.754
v 0.021270 -0.087038 -9.754
v 0.020710 -0.099288 -9.783999
v 0.021430 -0.098798 -9.783999
v 0.020410 -0.100098 -9.783
v 0.020660 -0.100898 -9.783
v 0.021350 -0.101398 -9.783
v 0.022230 -0.101398 -9.783
v 0.022960 -0.100898 -9.783
v 0.023260 -0.100098 -9.783
v 0.023010 -0.099318 -9.783
v 0.022320 -0.098808 -9.783999
v 0.024690 -0.107598 -9.822001
v 0.025340 -0.107198 -9.822001
v 0.024430 -0.108298 -9.822001
v 0.024650 -0.109098 -9.822001
v 0.025260 -0.109498 -9.822001
v 0.026040 -0.109498 -9.822001
v 0.026680 -0.109098 -9.822001
v 0.026950 -0.108398 -9.822001
v 0.026730 -0.107698 -9.822001
v 0.026110 -0.107198 -9.822001
v 0.023130 -0.118298 -9.861
v 0.023680 -0.117998 -9.861
v 0.022900 -0.118898 -9.861
v 0.023090 -0.119498 -9.86
v 0.023620 -0.119898 -9.86
v 0.024280 -0.119898 -9.86
v 0.024830 -0.119598 -9.86
v 0.025060 -0.118998 -9.86
v 0.024870 -0.118398 -9.861
v 0.024350 -0.117998 -9.861
v 0.024420 -0.121598 -9.867
v 0.024760 -0.121698 -9.866
v 0.028890 -0.133198 -9.912
v 0.028700 -0.132898 -9.912
v 0.029230 -0.133298 -9.912
v 0.025080 -0.121598 -9.866
v 0.029550 -0.133198 -9.912
v 0.025250 -0.121198 -9.867
v 0.029710 -0.132898 -9.912
v 0.025170 -0.120898 -9.867
v 0.029640 -0.132498 -9.912
v 0.024890 -0.120698 -9.867
v 0.029350 -0.132298 -9.912
v 0.024530 -0.120698 -9.867
v 0.029000 -0.132398 -9.912
v 0.024270 -0.120998 -9.867
v 0.028740 -0.132598 -9.912
v 0.024230 -0.121298 -9.867
v 0.036030 -0.140898 -9.958
v 0.035840 -0.140598 -9.958
v 0.036370 -0.140998 -9.958
v 0.036700 -0.140898 -9.958
v 0.036860 -0.140598 -9.958
v 0.036780 -0.140198 -9.958
v 0.036500 -0.139998 -9.958
v 0.036150 -0.139998 -9.958
v 0.035890 -0.140298 -9.958
v 0.038720 -0.146998 -9.985
v 0.028170 -0.134598 -9.915999
v 0.028120 -0.134898 -9.915
v 0.023890 -0.149098 -9.937
v 0.028430 -0.135198 -9.915
v 0.023850 -0.149398 -9.937
v 0.028790 -0.135098 -9.915
v 0.028830 -0.134698 -9.915999
v 0.024510 -0.149498 -9.937
v 0.026820 -0.031618 -9.599
v 0.025850 -0.030348 -9.599
v 0.027680 -0.015808 -9.628
v 0.027620 -0.017248 -9.628
v 0.026770 -0.014618 -9.627
v 0.024200 -0.029838 -9.598
v 0.025230 -0.014138 -9.627
v 0.022510 -0.030268 -9.598
v 0.023650 -0.014548 -9.627
v 0.021430 -0.031488 -9.599
v 0.022630 -0.015698 -9.628
v 0.021350 -0.033028 -9.599999
v 0.022560 -0.017138 -9.628
v 0.022330 -0.034288 -9.599999
v 0.023470 -0.018328 -9.629
v 0.023970 -0.034808 -9.601
v 0.025010 -0.018808 -9.629
v 0.025660 -0.034368 -9.601
v 0.026600 -0.018398 -9.629
v 0.026750 -0.033148 -9.599999
v 0.024340 0.005402 -9.66
v 0.024270 0.004032 -9.661
v 0.023510 0.006532 -9.659
v 0.022090 0.006972 -9.659
v 0.020620 0.006572 -9.659
v 0.019670 0.005482 -9.66
v 0.019600 0.004102 -9.66
v 0.020440 0.002982 -9.661
v 0.021860 0.002532 -9.661
v 0.023320 0.002932 -9.661
v 0.022010 0.021342 -9.698
v 0.021960 0.020052 -9.699
v 0.021240 0.022422 -9.698
v 0.019950 0.022872 -9.698
v 0.018610 0.022522 -9.698
v 0.017750 0.021512 -9.698
v 0.017700 0.020222 -9.699
v 0.018470 0.019142 -9.699
v 0.019770 0.018692 -9.699
v 0.021100 0.019042 -9.699
v 0.024300 0.032792 -9.724
v 0.024250 0.031582 -9.725
v 0.023580 0.033802 -9.724
v 0.022370 0.034232 -9.724
v 0.021130 0.033912 -9.724
v 0.020330 0.032962 -9.724
v 0.020280 0.031762 -9.725
v 0.021000 0.030752 -9.725
v 0.022210 0.030322 -9.725
v 0.023450 0.030642 -9.725
v 0.022900 0.044772 -9.754
v 0.022850 0.043632 -9.755
v 0.022240 0.045722 -9.754
v 0.021140 0.046122 -9.754
v 0.020000 0.045812 -9.754
v 0.019270 0.044922 -9.754
v 0.019220 0.043792 -9.755
v 0.019870 0.042842 -9.755
v 0.020980 0.042442 -9.755
v 0.022120 0.042742 -9.755
v 0.025120 0.053952 -9.793
v 0.025070 0.052962 -9.794
v 0.024540 0.054802 -9.793
v 0.023570 0.055172 -9.793
v 0.022580 0.054922 -9.793
v 0.021930 0.054152 -9.794
v 0.021890 0.053162 -9.794
v 0.022460 0.052312 -9.794
v 0.023430 0.051942 -9.794
v 0.024430 0.052192 -9.794
v 0.028940 0.069002 -9.831
v 0.028900 0.068162 -9.831
v 0.028450 0.069712 -9.831
v 0.027620 0.070002 -9.831
v 0.026770 0.069782 -9.831
v 0.026220 0.069122 -9.831
v 0.026180 0.068282 -9.831
v 0.026670 0.067582 -9.832
v 0.027500 0.067292 -9.832
v 0.028350 0.067512 -9.832
v 0.027130 0.070512 -9.835
v 0.026740 0.070232 -9.835
v 0.027360 0.081912 -9.88
v 0.027840 0.081872 -9.88
v 0.026970 0.081632 -9.88
v 0.026630 0.069772 -9.835
v 0.026850 0.081182 -9.881
v 0.026830 0.069352 -9.835
v 0.027060 0.080752 -9.881
v 0.027270 0.069152 -9.835
v 0.027500 0.080552 -9.881
v 0.027730 0.069282 -9.835
v 0.027960 0.080682 -9.881
v 0.028000 0.069672 -9.835
v 0.028230 0.081072 -9.881
v 0.027960 0.070142 -9.835
v 0.028180 0.081542 -9.88
v 0.027610 0.070472 -9.835
v 0.028830 0.088652 -9.927
v 0.029310 0.088612 -9.927
v 0.028440 0.088382 -9.927
v 0.028330 0.087922 -9.927
v 0.028530 0.087492 -9.928
v 0.028970 0.087302 -9.928
v 0.029430 0.087422 -9.928
v 0.029700 0.087812 -9.927
v 0.029650 0.088282 -9.927
v 0.029110 0.094412 -9.954
v 0.030040 0.087022 -9.931
v 0.029680 0.087372 -9.932
v 0.032060 0.082892 -9.943
v 0.029170 0.087232 -9.932
v 0.029030 0.086742 -9.931
v 0.027620 0.083652 -9.884
v 0.027250 0.083952 -9.884
v 0.022930 0.098562 -9.905
v 0.022800 0.098112 -9.905
v 0.022570 0.098852 -9.905
v 0.026750 0.083802 -9.884
v 0.022070 0.098692 -9.905
v 0.026610 0.083352 -9.884
v 0.021930 0.098242 -9.905
v 0.026980 0.083062 -9.884
v 0.022300 0.097952 -9.905
v 0.027480 0.083212 -9.884
v 0.017600 -0.036148 -9.572
v 0.019230 -0.036358 -9.57
v 0.038090 -0.042658 -9.597
v 0.037070 -0.041328 -9.598
v 0.039620 -0.042858 -9.596
v 0.020790 -0.035298 -9.569
v 0.041080 -0.041858 -9.595
v 0.021670 -0.033358 -9.569
v 0.041910 -0.040038 -9.595
v 0.021550 -0.031278 -9.57
v 0.041800 -0.038098 -9.596
v 0.020460 -0.029868 -9.571
v 0.040780 -0.036768 -9.597
v 0.018830 -0.029648 -9.572
v 0.039240 -0.036568 -9.598
v 0.017280 -0.030718 -9.573
v 0.037790 -0.037568 -9.599
v 0.016390 -0.032658 -9.573
v 0.036960 -0.039378 -9.599
v 0.016520 -0.034728 -9.573
v 0.066440 -0.048868 -9.625
v 0.065440 -0.047618 -9.625999
v 0.067890 -0.049078 -9.624001
v 0.069230 -0.048168 -9.623
v 0.069950 -0.046478 -9.623
v 0.069780 -0.044668 -9.623
v 0.068780 -0.043418 -9.624001
v 0.067330 -0.043198 -9.625
v 0.065990 -0.044118 -9.625999
v 0.065270 -0.045798 -9.625999
v 0.091760 -0.051508 -9.659
v 0.090780 -0.050358 -9.66
v 0.093180 -0.051708 -9.658
v 0.094490 -0.050888 -9.658
v 0.095180 -0.049358 -9.658
v 0.095000 -0.047708 -9.658
v 0.094010 -0.046558 -9.659
v 0.092590 -0.046358 -9.659
v 0.091290 -0.047178 -9.66
v 0.090590 -0.048708 -9.66
v 0.106900 -0.056638 -9.683
v 0.106000 -0.055568 -9.684
v 0.108300 -0.056828 -9.682
v 0.109500 -0.056068 -9.682
v 0.110200 -0.054648 -9.682
v 0.110000 -0.053098 -9.682
v 0.109100 -0.052028 -9.683
v 0.107700 -0.051838 -9.683
v 0.106500 -0.052598 -9.684
v 0.105800 -0.054028 -9.684
v 0.126500 -0.058718 -9.710999
v 0.125600 -0.057728 -9.710999
v 0.127700 -0.058898 -9.71
v 0.128900 -0.058208 -9.71
v 0.129400 -0.056898 -9.709
v 0.129200 -0.055478 -9.709
v 0.128300 -0.054498 -9.71
v 0.127100 -0.054308 -9.710999
v 0.125900 -0.055008 -9.710999
v 0.125400 -0.056308 -9.710999
v 0.144500 -0.060298 -9.748
v 0.143700 -0.059438 -9.748
v 0.145600 -0.060468 -9.747
v 0.146600 -0.059868 -9.747
v 0.147200 -0.058728 -9.747
v 0.147000 -0.057498 -9.747
v 0.146200 -0.056628 -9.747
v 0.145100 -0.056468 -9.748
v 0.144100 -0.057058 -9.748
v 0.143500 -0.058198 -9.748
v 0.165700 -0.067048 -9.783
v 0.165100 -0.066318 -9.783999
v 0.166600 -0.067178 -9.783
v 0.167500 -0.066658 -9.782001
v 0.167900 -0.065698 -9.782001
v 0.167800 -0.064648 -9.782001
v 0.167100 -0.063918 -9.783
v 0.166200 -0.063778 -9.783
v 0.165400 -0.064298 -9.783999
v 0.165000 -0.065268 -9.783999
v 0.167900 -0.065848 -9.783999
v 0.168000 -0.065258 -9.783999
v 0.189500 -0.066918 -9.825999
v 0.189100 -0.067328 -9.825999
v 0.189600 -0.066328 -9.825999
v 0.167700 -0.064778 -9.783999
v 0.189300 -0.065848 -9.825999
v 0.167100 -0.064618 -9.783999
v 0.188700 -0.065698 -9.827
v 0.166600 -0.064868 -9.783999
v 0.188200 -0.065938 -9.827
v 0.166400 -0.065398 -9.785
v 0.188000 -0.066468 -9.827
v 0.166500 -0.065968 -9.783999
v 0.188100 -0.067038 -9.827
v 0.167000 -0.066308 -9.783999
v 0.188600 -0.067378 -9.827
v 0.167500 -0.066258 -9.783999
v 0.206800 -0.065988 -9.871
v 0.206400 -0.066398 -9.871
v 0.206800 -0.065408 -9.871
v 0.206500 -0.064918 -9.871
v 0.206000 -0.064768 -9.871
v 0.205500 -0.065008 -9.871
v 0.205200 -0.065538 -9.872
v 0.205400 -0.066108 -9.871
v 0.205800 -0.066448 -9.871
v 0.218200 -0.066268 -9.897
v 0.191300 -0.067918 -9.83
v 0.210100 -0.072038 -9.848
v 0.209800 -0.071528 -9.849
v 0.191800 -0.067848 -9.83
v 0.192000 -0.067268 -9.829
v 0.210600 -0.071978 -9.848
v 0.210800 -0.071388 -9.848
v 0.191800 -0.066758 -9.83
v 0.210600 -0.070878 -9.848
v 0.191300 -0.066828 -9.83
v 0.210100 -0.070948 -9.849
v 0.191100 -0.067408 -9.83
v 0.011290 -0.029708 -9.542
v 0.009590 -0.031188 -9.541
v 0.001140 -0.037238 -9.573
v 0.003320 -0.037148 -9.573
v -0.000450 -0.038618 -9.572
v 0.009160 -0.033468 -9.541
v -0.000850 -0.040768 -9.571
v 0.010160 -0.035698 -9.54
v 0.000090 -0.042848 -9.571
v 0.012220 -0.037018 -9.541
v 0.002010 -0.044088 -9.571
v 0.014540 -0.036918 -9.541
v 0.004180 -0.043998 -9.572
v 0.016240 -0.035448 -9.542
v 0.005780 -0.042618 -9.573
v 0.016670 -0.033158 -9.543
v 0.006180 -0.040468 -9.573
v 0.015660 -0.030928 -9.543
v 0.005240 -0.038388 -9.574
v 0.013610 -0.029618 -9.543
v -0.012940 -0.050678 -9.606999
v -0.010900 -0.050578 -9.608
v -0.014440 -0.051958 -9.606
v -0.014820 -0.053928 -9.606
v -0.013940 -0.055828 -9.605
v -0.012140 -0.056938 -9.606
v -0.010100 -0.056838 -9.606
v -0.008600 -0.055558 -9.606999
v -0.008220 -0.053588 -9.606999
v -0.009090 -0.051688 -9.608
v -0.020650 -0.063158 -9.646999
v -0.018770 -0.063018 -9.646999
v -0.022050 -0.064378 -9.646
v -0.022430 -0.066208 -9.646
v -0.021640 -0.067958 -9.646
v -0.019990 -0.068958 -9.646
v -0.018100 -0.068818 -9.646
v -0.016700 -0.067598 -9.646999
v -0.016330 -0.065768 -9.646999
v -0.017110 -0.064018 -9.646999
v -0.026940 -0.067708 -9.674
v -0.025180 -0.067568 -9.674
v -0.028250 -0.068848 -9.673
v -0.028610 -0.070558 -9.673
v -0.027870 -0.072188 -9.673
v -0.026330 -0.073118 -9.673
v -0.024570 -0.072988 -9.673
v -0.023270 -0.071848 -9.674
v -0.022910 -0.070128 -9.674
v -0.023640 -0.068498 -9.674
v -0.032650 -0.077178 -9.706
v -0.031030 -0.077028 -9.706
v -0.033860 -0.078238 -9.705
v -0.034190 -0.079808 -9.705
v -0.033510 -0.081278 -9.705
v -0.032090 -0.082108 -9.705
v -0.030470 -0.081958 -9.705
v -0.029260 -0.080898 -9.705
v -0.028930 -0.079328 -9.706
v -0.029610 -0.077848 -9.706
v -0.034210 -0.084198 -9.746
v -0.032790 -0.084078 -9.746
v -0.035270 -0.085128 -9.746
v -0.035570 -0.086508 -9.746
v -0.034990 -0.087818 -9.746
v -0.033760 -0.088548 -9.746
v -0.032340 -0.088428 -9.746
v -0.031280 -0.087498 -9.746
v -0.030980 -0.086108 -9.746
v -0.031560 -0.084808 -9.746
v -0.040980 -0.092158 -9.785
v -0.041870 -0.092538 -9.785
v -0.041410 -0.093018 -9.785
v -0.048030 -0.102098 -9.83
v -0.048080 -0.101398 -9.831
v -0.047560 -0.102498 -9.83
v -0.040740 -0.093098 -9.785
v -0.046900 -0.102598 -9.83
v -0.040180 -0.092728 -9.785
v -0.046340 -0.102298 -9.83
v -0.040000 -0.092098 -9.785
v -0.046160 -0.101598 -9.831
v -0.040270 -0.091488 -9.785
v -0.046430 -0.100998 -9.831
v -0.040880 -0.091188 -9.785
v -0.047030 -0.100698 -9.831
v -0.041530 -0.091348 -9.785
v -0.047680 -0.100898 -9.831
v -0.041920 -0.091878 -9.785
v -0.049800 -0.109498 -9.877
v -0.049850 -0.108898 -9.878
v -0.049340 -0.109998 -9.877
v -0.048670 -0.110098 -9.877
v -0.048120 -0.109698 -9.878
v -0.047930 -0.109098 -9.878
v -0.048210 -0.108498 -9.878
v -0.048810 -0.108198 -9.878
v -0.049460 -0.108298 -9.878
v -0.052240 -0.114198 -9.903
v -0.047190 -0.108398 -9.881
v -0.047890 -0.108298 -9.882
v -0.043350 -0.107398 -9.892
v -0.047970 -0.109598 -9.882
v -0.047270 -0.109598 -9.881
v -0.049310 -0.102198 -9.834
v -0.049670 -0.102798 -9.834
v -0.061650 -0.111698 -9.855
v -0.060970 -0.111798 -9.856
v -0.062010 -0.112198 -9.855
v -0.049370 -0.103398 -9.834
v -0.061700 -0.112898 -9.855
v -0.048710 -0.103598 -9.834
v -0.061020 -0.112998 -9.855
v -0.048340 -0.102998 -9.834
v -0.060660 -0.112498 -9.855
v -0.048640 -0.102398 -9.834
v 0.011540 -0.034378 -9.511
v 0.011110 -0.032118 -9.509
v 0.021140 -0.016158 -9.538
v 0.011540 -0.034378 -9.511
v 0.021140 -0.016158 -9.538
v 0.020040 -0.017878 -9.539
v 0.011110 -0.032118 -9.509
v 0.020740 -0.014048 -9.537
v 0.009240 -0.030298 -9.509
v 0.018990 -0.012338 -9.536
v 0.006640 -0.029608 -9.509
v 0.016560 -0.011698 -9.536
v 0.004310 -0.030308 -9.509999
v 0.014370 -0.012358 -9.537
v 0.003130 -0.032148 -9.512
v 0.013270 -0.014078 -9.539
v 0.003560 -0.034398 -9.513
v 0.013670 -0.016188 -9.54
v 0.005430 -0.036228 -9.513
v 0.015430 -0.017898 -9.54
v 0.008030 -0.036918 -9.513
v 0.017860 -0.018548 -9.54
v 0.010360 -0.036208 -9.512
v 0.029730 0.009562 -9.568
v 0.028660 0.007912 -9.569
v 0.029390 0.011552 -9.567
v 0.027780 0.013122 -9.567
v 0.025520 0.013672 -9.567
v 0.023470 0.012992 -9.568
v 0.022410 0.011342 -9.569
v 0.022740 0.009352 -9.570001
v 0.024350 0.007782 -9.570001
v 0.026610 0.007232 -9.570001
v 0.036740 0.030482 -9.605
v 0.035750 0.028892 -9.606
v 0.036470 0.032392 -9.604
v 0.035040 0.033902 -9.604
v 0.033010 0.034442 -9.604
v 0.031140 0.033792 -9.605
v 0.030150 0.032212 -9.606
v 0.030420 0.030302 -9.606999
v 0.031840 0.028782 -9.606999
v 0.033880 0.028252 -9.606999
v 0.045120 0.042902 -9.63
v 0.044200 0.041432 -9.63
v 0.044870 0.044702 -9.629
v 0.043550 0.046122 -9.629
v 0.041650 0.046632 -9.629
v 0.039910 0.046022 -9.629
v 0.038990 0.044542 -9.63
v 0.039240 0.042752 -9.631001
v 0.040560 0.041332 -9.631001
v 0.042460 0.040822 -9.631001
v 0.050980 0.059322 -9.66
v 0.050110 0.057912 -9.66
v 0.050780 0.060992 -9.659
v 0.049580 0.062302 -9.659
v 0.047850 0.062742 -9.659
v 0.046240 0.062152 -9.66
v 0.045370 0.060742 -9.66
v 0.045580 0.059072 -9.661
v 0.046770 0.057762 -9.661
v 0.048510 0.057322 -9.661
v 0.058980 0.072582 -9.699
v 0.058230 0.071372 -9.700001
v 0.058820 0.074052 -9.699
v 0.057800 0.075222 -9.699
v 0.056310 0.075642 -9.699
v 0.054920 0.075152 -9.699
v 0.054170 0.073942 -9.700001
v 0.054330 0.072472 -9.700001
v 0.055350 0.071302 -9.701
v 0.056840 0.070882 -9.700001
v 0.067960 0.089052 -9.733
v 0.068180 0.090042 -9.732
v 0.067460 0.089982 -9.733
v 0.077370 0.108502 -9.776
v 0.077990 0.108102 -9.776
v 0.076650 0.108402 -9.776
v 0.066970 0.089492 -9.733
v 0.076160 0.107902 -9.776
v 0.066950 0.088792 -9.733
v 0.076140 0.107202 -9.776
v 0.067400 0.088212 -9.733
v 0.076590 0.106702 -9.776
v 0.068110 0.088032 -9.733
v 0.077300 0.106502 -9.776
v 0.068750 0.088332 -9.733
v 0.077940 0.106802 -9.776
v 0.069020 0.088962 -9.733
v 0.078210 0.107402 -9.776
v 0.068800 0.089642 -9.733
v 0.085410 0.122302 -9.821
v 0.086020 0.121902 -9.821
v 0.084690 0.122202 -9.821
v 0.084200 0.121702 -9.821
v 0.084170 0.121002 -9.821
v 0.084620 0.120402 -9.822001
v 0.085330 0.120202 -9.821
v 0.085980 0.120502 -9.821
v 0.086250 0.121202 -9.821
v 0.090110 0.131202 -9.846
v 0.085900 0.121202 -9.825
v 0.085120 0.121402 -9.825
v 0.086230 0.117702 -9.837
v 0.084550 0.120802 -9.825
v 0.078850 0.110002 -9.779
v 0.078550 0.110602 -9.779
v 0.083100 0.128302 -9.798
v 0.082600 0.127802 -9.798
v 0.082800 0.128902 -9.798
v 0.077760 0.110802 -9.779
v 0.082010 0.129002 -9.798
v 0.077270 0.110402 -9.779
v 0.081510 0.128602 -9.798
v 0.077570 0.109802 -9.78
v 0.081810 0.128002 -9.798
v 0.078360 0.109602 -9.78
v -0.002460 -0.036838 -9.48
v -0.000780 -0.038238 -9.478
v 0.014360 -0.051988 -9.507
v 0.014120 -0.049708 -9.508
v 0.015930 -0.053308 -9.505
v 0.001670 -0.038068 -9.477
v 0.018220 -0.053148 -9.504
v 0.003960 -0.036388 -9.477
v 0.020370 -0.051578 -9.502999
v 0.005220 -0.033848 -9.477
v 0.021540 -0.049198 -9.504
v 0.004960 -0.031408 -9.478
v 0.021300 -0.046918 -9.505
v 0.003290 -0.030008 -9.48
v 0.019730 -0.045608 -9.507
v 0.000840 -0.030178 -9.481999
v 0.017440 -0.045758 -9.508
v -0.001460 -0.031858 -9.481999
v 0.015290 -0.047328 -9.508
v -0.002710 -0.034398 -9.481999
v 0.038560 -0.070758 -9.535
v 0.038270 -0.068588 -9.536
v 0.040030 -0.072008 -9.533
v 0.042130 -0.071878 -9.532
v 0.044050 -0.070398 -9.532
v 0.045070 -0.068148 -9.532
v 0.044780 -0.065978 -9.533
v 0.043300 -0.064728 -9.535
v 0.041200 -0.064858 -9.536
v 0.039280 -0.066338 -9.536
v 0.061930 -0.084208 -9.57
v 0.061570 -0.082188 -9.57
v 0.063390 -0.085418 -9.568
v 0.065400 -0.085368 -9.568
v 0.067180 -0.084058 -9.567
v 0.068070 -0.081988 -9.567
v 0.067720 -0.079968 -9.568
v 0.066260 -0.078748 -9.569
v 0.064250 -0.078808 -9.57
v 0.062460 -0.080118 -9.571
v 0.073900 -0.094938 -9.592999
v 0.073560 -0.093048 -9.594
v 0.075270 -0.096078 -9.592
v 0.077150 -0.096028 -9.592
v 0.078820 -0.094808 -9.591
v 0.079650 -0.092898 -9.591
v 0.079310 -0.091008 -9.592
v 0.077940 -0.089868 -9.592999
v 0.076060 -0.089918 -9.594
v 0.074390 -0.091128 -9.595
v 0.092610 -0.105698 -9.622
v 0.092240 -0.103998 -9.623
v 0.093910 -0.106798 -9.621
v 0.095630 -0.106798 -9.621
v 0.097130 -0.105598 -9.62
v 0.097820 -0.103898 -9.62
v 0.097450 -0.102098 -9.621
v 0.096150 -0.100998 -9.622
v 0.094430 -0.101098 -9.623
v 0.092930 -0.102198 -9.623
v 0.110500 -0.114598 -9.660999
v 0.110200 -0.113098 -9.660999
v 0.111700 -0.115598 -9.66
v 0.113200 -0.115598 -9.659
v 0.114500 -0.114598 -9.659
v 0.115100 -0.113098 -9.659
v 0.114800 -0.111598 -9.66
v 0.113700 -0.110598 -9.660999
v 0.112200 -0.110598 -9.660999
v 0.110800 -0.111598 -9.660999
v 0.127400 -0.125898 -9.691
v 0.128000 -0.126898 -9.69
v 0.128400 -0.126198 -9.69
v 0.148900 -0.139898 -9.731
v 0.148100 -0.140098 -9.732
v 0.149300 -0.139298 -9.731
v 0.128400 -0.125398 -9.69
v 0.149300 -0.138498 -9.732
v 0.127900 -0.124898 -9.691
v 0.148800 -0.137998 -9.732
v 0.127200 -0.124898 -9.691
v 0.148100 -0.137898 -9.732
v 0.126600 -0.125298 -9.691
v 0.147500 -0.138398 -9.732
v 0.126300 -0.126098 -9.691
v 0.147200 -0.139098 -9.732
v 0.126600 -0.126798 -9.691
v 0.147500 -0.139798 -9.732
v 0.127300 -0.127098 -9.69
v 0.167100 -0.148998 -9.775001
v 0.166400 -0.149198 -9.775001
v 0.167500 -0.148398 -9.775001
v 0.167500 -0.147598 -9.775001
v 0.167000 -0.147098 -9.776
v 0.166300 -0.146998 -9.776
v 0.165700 -0.147498 -9.776
v 0.165400 -0.148198 -9.776
v 0.165700 -0.148898 -9.776
v 0.177800 -0.155198 -9.8
v 0.166100 -0.147898 -9.78
v 0.166900 -0.148298 -9.78
v 0.166500 -0.144998 -9.790999
v 0.167600 -0.147698 -9.78
v 0.149700 -0.141698 -9.735
v 0.150300 -0.141898 -9.735
v 0.164600 -0.155198 -9.753
v 0.164700 -0.154498 -9.753
v 0.165200 -0.155498 -9.752
v 0.151000 -0.141398 -9.734
v 0.165900 -0.154998 -9.752
v 0.151100 -0.140698 -9.735
v 0.166000 -0.154198 -9.752
v 0.150500 -0.140398 -9.735
v 0.165400 -0.153998 -9.753
v 0.149800 -0.140898 -9.735
v -0.005210 -0.029268 -9.447
v -0.007890 -0.029958 -9.445001
v -0.019620 -0.027908 -9.478
v -0.017250 -0.029028 -9.479
v -0.022120 -0.028558 -9.477
v -0.009700 -0.032258 -9.445001
v -0.023810 -0.030708 -9.476
v -0.009940 -0.035298 -9.445001
v -0.024040 -0.033548 -9.476
v -0.008530 -0.037908 -9.445001
v -0.022720 -0.035988 -9.476
v -0.006000 -0.039098 -9.446
v -0.020350 -0.037098 -9.477
v -0.003330 -0.038408 -9.448
v -0.017850 -0.036458 -9.479
v -0.001520 -0.036108 -9.448
v -0.016160 -0.034308 -9.479
v -0.001280 -0.033068 -9.448
v -0.015930 -0.031468 -9.479
v -0.002690 -0.030458 -9.448
v -0.040690 -0.029548 -9.513
v -0.038460 -0.030588 -9.514
v -0.043040 -0.030128 -9.512
v -0.044590 -0.032088 -9.511
v -0.044770 -0.034698 -9.511
v -0.043500 -0.036948 -9.512
v -0.041270 -0.037988 -9.512
v -0.038920 -0.037418 -9.513
v -0.037360 -0.035448 -9.514
v -0.037180 -0.032838 -9.514
v -0.055340 -0.032958 -9.554
v -0.053250 -0.033888 -9.554
v -0.057550 -0.033498 -9.552999
v -0.059030 -0.035288 -9.552999
v -0.059220 -0.037658 -9.552999
v -0.058040 -0.039688 -9.552999
v -0.055950 -0.040608 -9.554
v -0.053740 -0.040078 -9.554
v -0.052260 -0.038288 -9.555
v -0.052080 -0.035918 -9.555
v -0.063960 -0.031208 -9.581
v -0.062010 -0.032078 -9.581
v -0.066020 -0.031708 -9.58
v -0.067410 -0.033378 -9.58
v -0.067590 -0.035588 -9.58
v -0.066490 -0.037478 -9.58
v -0.064540 -0.038338 -9.581
v -0.062480 -0.037838 -9.581
v -0.061090 -0.036168 -9.581
v -0.060910 -0.033968 -9.582
v -0.075530 -0.033788 -9.615
v -0.073720 -0.034568 -9.615
v -0.077430 -0.034248 -9.613999
v -0.078690 -0.035758 -9.613999
v -0.078840 -0.037748 -9.613999
v -0.077810 -0.039458 -9.613999
v -0.076010 -0.040228 -9.613999
v -0.074110 -0.039778 -9.615
v -0.072840 -0.038268 -9.615
v -0.072700 -0.036278 -9.615
v -0.082300 -0.035308 -9.657
v -0.080740 -0.035978 -9.657
v -0.083950 -0.035698 -9.657
v -0.085060 -0.036998 -9.657
v -0.085220 -0.038718 -9.657
v -0.084350 -0.040198 -9.657
v -0.082790 -0.040878 -9.657
v -0.081140 -0.040488 -9.657
v -0.080030 -0.039178 -9.658
v -0.079880 -0.037458 -9.658
v -0.091740 -0.036088 -9.688
v -0.092940 -0.035978 -9.688
v -0.092720 -0.036788 -9.688
v -0.104800 -0.037218 -9.734
v -0.104400 -0.036468 -9.734
v -0.104600 -0.038028 -9.734
v -0.092050 -0.037258 -9.688
v -0.103900 -0.038498 -9.734
v -0.091230 -0.037188 -9.688
v -0.103100 -0.038428 -9.734
v -0.090650 -0.036598 -9.688
v -0.102500 -0.037838 -9.734
v -0.090590 -0.035768 -9.689
v -0.102400 -0.037008 -9.734
v -0.091070 -0.035088 -9.688
v -0.102900 -0.036328 -9.734
v -0.091860 -0.034868 -9.688
v -0.103700 -0.036108 -9.734
v -0.092600 -0.035228 -9.688
v -0.111800 -0.038818 -9.781
v -0.111500 -0.038068 -9.781
v -0.111600 -0.039618 -9.781
v -0.110900 -0.040098 -9.781
v -0.110100 -0.040018 -9.781
v -0.109500 -0.039428 -9.781
v -0.109500 -0.038598 -9.781
v -0.109900 -0.037918 -9.781
v -0.110700 -0.037708 -9.781
v -0.117100 -0.039578 -9.807
v -0.108700 -0.039648 -9.785
v -0.108700 -0.038738 -9.785
v -0.105200 -0.039098 -9.796
v -0.109400 -0.038238 -9.785
v -0.110200 -0.038638 -9.785
v -0.110300 -0.039548 -9.785
v -0.109500 -0.040058 -9.785
v -0.105900 -0.036348 -9.737
v -0.106600 -0.036738 -9.737
v -0.121900 -0.037398 -9.757999
v -0.121300 -0.037918 -9.759
v -0.122600 -0.037778 -9.757999
v -0.106600 -0.037648 -9.737
v -0.122600 -0.038688 -9.757999
v -0.106000 -0.038168 -9.737
v -0.122000 -0.039208 -9.757999
v -0.105300 -0.037788 -9.738
v -0.121300 -0.038828 -9.759
v -0.105200 -0.036878 -9.738
v -0.008000 -0.037898 -9.412
v -0.007300 -0.035568 -9.41
v 0.011590 -0.022148 -9.438
v 0.009620 -0.023058 -9.44
v 0.012250 -0.019978 -9.436
v -0.008260 -0.032778 -9.409
v 0.011350 -0.017368 -9.434999
v -0.010530 -0.030588 -9.41
v 0.009240 -0.015318 -9.434999
v -0.013230 -0.029828 -9.411
v 0.006710 -0.014618 -9.437
v -0.015340 -0.030798 -9.413
v 0.004730 -0.015528 -9.438
v -0.016050 -0.033128 -9.415
v 0.004070 -0.017698 -9.44
v -0.015090 -0.035918 -9.416
v 0.004970 -0.020308 -9.441
v -0.012820 -0.038108 -9.415
v 0.007090 -0.022358 -9.441
v -0.010110 -0.038868 -9.414
v 0.034150 0.001342 -9.466001
v 0.032240 0.000442 -9.467
v 0.034820 0.003372 -9.464
v 0.034000 0.005762 -9.464
v 0.032010 0.007602 -9.464
v 0.029590 0.008172 -9.465
v 0.027680 0.007272 -9.466001
v 0.027010 0.005242 -9.468
v 0.027830 0.002852 -9.468
v 0.029820 0.001022 -9.468
v 0.052980 0.021762 -9.501
v 0.051160 0.020852 -9.502
v 0.053700 0.023722 -9.5
v 0.053050 0.025982 -9.499
v 0.051290 0.027682 -9.499
v 0.049070 0.028172 -9.5
v 0.047260 0.027262 -9.501
v 0.046540 0.025302 -9.503
v 0.047190 0.023042 -9.503
v 0.048950 0.021342 -9.503
v 0.067800 0.031852 -9.524
v 0.066110 0.031002 -9.525
v 0.068480 0.033682 -9.523
v 0.067890 0.035792 -9.522
v 0.066260 0.037382 -9.522
v 0.064200 0.037842 -9.523
v 0.062510 0.036992 -9.524
v 0.061830 0.035162 -9.525
v 0.062420 0.033052 -9.526
v 0.064060 0.031462 -9.526
v 0.083630 0.048592 -9.554
v 0.082040 0.047762 -9.555
v 0.084300 0.050282 -9.552999
v 0.083780 0.052202 -9.552
v 0.082280 0.053612 -9.552
v 0.080370 0.053982 -9.552999
v 0.078780 0.053152 -9.554
v 0.078120 0.051462 -9.555
v 0.078630 0.049542 -9.555
v 0.080130 0.048122 -9.555
v 0.100200 0.062552 -9.592999
v 0.098870 0.061852 -9.594
v 0.100800 0.064022 -9.592
v 0.100400 0.065702 -9.592
v 0.099170 0.066952 -9.592
v 0.097560 0.067292 -9.592999
v 0.096200 0.066602 -9.592999
v 0.095610 0.065132 -9.594
v 0.096010 0.063452 -9.594
v 0.097260 0.062202 -9.594
v 0.113800 0.075002 -9.618
v 0.114600 0.075842 -9.617001
v 0.113800 0.076202 -9.617001
v 0.134000 0.093222 -9.658
v 0.134400 0.092462 -9.658
v 0.133200 0.093582 -9.658
v 0.113000 0.076002 -9.618
v 0.132500 0.093372 -9.658
v 0.112600 0.075332 -9.618
v 0.132100 0.092712 -9.658
v 0.112800 0.074512 -9.618
v 0.132200 0.091882 -9.659
v 0.113400 0.073922 -9.618
v 0.132800 0.091292 -9.658
v 0.114200 0.073832 -9.618
v 0.133600 0.091212 -9.658
v 0.114900 0.074292 -9.617001
v 0.134300 0.091672 -9.658
v 0.115000 0.075082 -9.617001
v 0.150200 0.107202 -9.701
v 0.150600 0.106402 -9.701
v 0.149400 0.107502 -9.701
v 0.148700 0.107302 -9.701
v 0.148300 0.106602 -9.702
v 0.148400 0.105802 -9.702
v 0.149100 0.105202 -9.702
v 0.149900 0.105102 -9.702
v 0.150500 0.105602 -9.701
v 0.160200 0.115902 -9.726
v 0.148800 0.106702 -9.706
v 0.148500 0.105802 -9.706
v 0.149300 0.104102 -9.718
v 0.149200 0.105102 -9.705
v 0.150100 0.105402 -9.705
v 0.150400 0.106302 -9.706
v 0.149700 0.107002 -9.706
v 0.136200 0.093982 -9.661
v 0.136200 0.094732 -9.661
v 0.149600 0.109702 -9.678
v 0.148900 0.109602 -9.679
v 0.149600 0.110502 -9.678
v 0.135500 0.095362 -9.661
v 0.148900 0.111102 -9.678
v 0.134800 0.095242 -9.661
v 0.148200 0.110902 -9.678
v 0.134700 0.094492 -9.662
v 0.148100 0.110202 -9.679
v 0.135500 0.093862 -9.662
v -0.023730 -0.035838 -9.379
v -0.022920 -0.038178 -9.377
v -0.015540 -0.057458 -9.406
v -0.014480 -0.055068 -9.408
v -0.014780 -0.059638 -9.405
v -0.020480 -0.039398 -9.375
v -0.012500 -0.060788 -9.403
v -0.017340 -0.039048 -9.375
v -0.009570 -0.060458 -9.403
v -0.014700 -0.037258 -9.375
v -0.007110 -0.058788 -9.403
v -0.013570 -0.034698 -9.377
v -0.006060 -0.056398 -9.404
v -0.014380 -0.032358 -9.379
v -0.006810 -0.054218 -9.406
v -0.016820 -0.031138 -9.38
v -0.009090 -0.053068 -9.408
v -0.019960 -0.031488 -9.381
v -0.012020 -0.053398 -9.408
v -0.022600 -0.033288 -9.38
v -0.002450 -0.086018 -9.436
v -0.001510 -0.083728 -9.437
v -0.001750 -0.088088 -9.434999
v 0.000330 -0.089148 -9.433
v 0.002980 -0.088788 -9.433
v 0.005200 -0.087158 -9.433
v 0.006140 -0.084868 -9.434
v 0.005430 -0.082798 -9.436
v 0.003360 -0.081738 -9.437
v 0.000710 -0.082088 -9.438
v 0.012610 -0.108698 -9.472
v 0.013390 -0.106498 -9.473001
v 0.013330 -0.110698 -9.471
v 0.015270 -0.111798 -9.47
v 0.017700 -0.111498 -9.47
v 0.019690 -0.109998 -9.47
v 0.020470 -0.107798 -9.471
v 0.019750 -0.105798 -9.472
v 0.017800 -0.104698 -9.473001
v 0.015380 -0.104998 -9.474
v 0.018380 -0.123198 -9.497
v 0.019100 -0.121198 -9.498
v 0.019050 -0.125098 -9.495999
v 0.020860 -0.126098 -9.495
v 0.023130 -0.125898 -9.495
v 0.024970 -0.124498 -9.495
v 0.025700 -0.122398 -9.495999
v 0.025030 -0.120598 -9.497
v 0.023210 -0.119598 -9.498
v 0.020950 -0.119798 -9.498
v 0.030920 -0.142198 -9.528
v 0.031530 -0.140298 -9.529
v 0.031560 -0.143898 -9.527
v 0.033200 -0.144798 -9.526
v 0.035220 -0.144598 -9.526
v 0.036840 -0.143298 -9.526
v 0.037450 -0.141398 -9.526
v 0.036810 -0.139598 -9.527
v 0.035170 -0.138698 -9.528
v 0.033160 -0.138998 -9.529
v 0.043810 -0.158398 -9.568
v 0.044340 -0.156798 -9.569
v 0.044360 -0.159898 -9.568
v 0.045780 -0.160698 -9.567
v 0.047530 -0.160598 -9.567
v 0.048950 -0.159398 -9.567
v 0.049480 -0.157798 -9.567
v 0.048930 -0.156298 -9.568
v 0.047510 -0.155498 -9.569
v 0.045750 -0.155698 -9.569
v 0.052300 -0.171598 -9.591
v 0.052320 -0.172798 -9.591
v 0.053120 -0.172398 -9.591
v 0.065140 -0.193498 -9.632
v 0.064320 -0.193298 -9.632
v 0.065940 -0.193098 -9.632
v 0.053540 -0.171698 -9.591
v 0.066350 -0.192298 -9.632
v 0.053370 -0.170898 -9.591
v 0.066190 -0.191498 -9.632
v 0.052700 -0.170398 -9.591
v 0.065510 -0.191098 -9.632999
v 0.051850 -0.170498 -9.592
v 0.064660 -0.191198 -9.632999
v 0.051200 -0.171098 -9.592
v 0.064010 -0.191798 -9.632999
v 0.051060 -0.171998 -9.591
v 0.063880 -0.192598 -9.632999
v 0.051510 -0.172598 -9.591
v 0.077590 -0.209298 -9.676
v 0.076780 -0.209098 -9.676
v 0.078390 -0.208998 -9.676
v 0.078810 -0.208198 -9.676
v 0.078640 -0.207398 -9.676
v 0.077960 -0.206898 -9.677
v 0.077100 -0.206998 -9.677
v 0.076460 -0.207598 -9.677
v 0.076330 -0.208498 -9.676
v 0.084640 -0.219598 -9.701
v 0.079200 -0.207498 -9.68
v 0.078620 -0.206698 -9.68
v 0.079410 -0.205098 -9.692
v 0.077660 -0.206798 -9.68
v 0.077290 -0.207698 -9.68
v 0.077880 -0.208498 -9.68
v 0.078830 -0.208298 -9.68
v 0.064990 -0.195198 -9.636
v 0.065420 -0.195798 -9.635
v 0.071530 -0.214098 -9.653999
v 0.072050 -0.213398 -9.653999
v 0.071950 -0.214598 -9.653
v 0.066360 -0.195698 -9.635
v 0.072890 -0.214498 -9.653
v 0.066890 -0.194998 -9.635
v 0.073410 -0.213798 -9.653
v 0.066470 -0.194398 -9.636
v 0.072990 -0.213298 -9.653999
v 0.065520 -0.194498 -9.636
v -0.022930 -0.030658 -9.342
v -0.025780 -0.030098 -9.34
v -0.036750 -0.017928 -9.373
v -0.035140 -0.020038 -9.374
v -0.039410 -0.017408 -9.371
v -0.028660 -0.031458 -9.34
v -0.042090 -0.018668 -9.37
v -0.030470 -0.034218 -9.34
v -0.043780 -0.021238 -9.371
v -0.030530 -0.037308 -9.341
v -0.043840 -0.024128 -9.372
v -0.028800 -0.039578 -9.342
v -0.042230 -0.026238 -9.373
v -0.025960 -0.040138 -9.344
v -0.039570 -0.026758 -9.374
v -0.023080 -0.038778 -9.344
v -0.036890 -0.025498 -9.375
v -0.021260 -0.036028 -9.344
v -0.035200 -0.022928 -9.375
v -0.021210 -0.032928 -9.343
v -0.058280 -0.004078 -9.407
v -0.056740 -0.006078 -9.408
v -0.060750 -0.003548 -9.406
v -0.063210 -0.004688 -9.405
v -0.064720 -0.007068 -9.405
v -0.064700 -0.009778 -9.406
v -0.063170 -0.011778 -9.407
v -0.060700 -0.012308 -9.408
v -0.058240 -0.011158 -9.409
v -0.056730 -0.008778 -9.409
v -0.074360 0.005352 -9.447001
v -0.072900 0.003502 -9.448
v -0.076700 0.005892 -9.447001
v -0.079000 0.004912 -9.446
v -0.064720 -0.007068 -9.405
v -0.080400 0.002782 -9.446
v -0.079000 0.004912 -9.446
v -0.064700 -0.009778 -9.406
v -0.080360 0.000322 -9.447001
v -0.063170 -0.011778 -9.407
v -0.078890 -0.001528 -9.448
v -0.060700 -0.012308 -9.408
v -0.076560 -0.002068 -9.448999
v -0.058240 -0.011158 -9.409
v -0.074250 -0.001088 -9.448999
v -0.056730 -0.008778 -9.409
v -0.072850 0.001032 -9.448999
v -0.056740 -0.006078 -9.408
v -0.072900 0.003502 -9.448
v -0.058280 -0.004078 -9.407
v -0.074360 0.005352 -9.447001
v -0.076700 0.005892 -9.447001
v -0.082230 0.014872 -9.474
v -0.080870 0.013142 -9.475
v -0.084400 0.015372 -9.474
v -0.086550 0.014472 -9.473001
v -0.087850 0.012502 -9.473001
v -0.087820 0.010212 -9.474
v -0.086450 0.008492 -9.475
v -0.084280 0.007982 -9.475
v -0.082140 0.008892 -9.476
v -0.080830 0.010862 -9.476
v -0.095800 0.023132 -9.51
v -0.094530 0.021552 -9.51
v -0.097770 0.023612 -9.509
v -0.099710 0.022812 -9.509
v -0.100900 0.021032 -9.509
v -0.100800 0.018952 -9.509
v -0.099520 0.017372 -9.51
v -0.097540 0.016892 -9.51
v -0.095610 0.017692 -9.511
v -0.094460 0.019472 -9.51
v -0.104600 0.031072 -9.552999
v -0.103600 0.029722 -9.554
v -0.106300 0.031492 -9.552999
v -0.108000 0.030832 -9.552999
v -0.109000 0.029332 -9.552999
v -0.109000 0.027582 -9.552999
v -0.107900 0.026232 -9.554
v -0.106200 0.025812 -9.554
v -0.104500 0.026472 -9.554
v -0.103500 0.027972 -9.554
v -0.112500 0.036292 -9.576
v -0.113600 0.036982 -9.575
v -0.113800 0.036112 -9.575
v -0.126400 0.047112 -9.62
v -0.125700 0.047662 -9.62
v -0.126600 0.046242 -9.62
v -0.113400 0.035322 -9.576
v -0.126200 0.045452 -9.62
v -0.112600 0.034992 -9.576
v -0.125400 0.045132 -9.62
v -0.111700 0.035272 -9.576
v -0.124500 0.045402 -9.62
v -0.111200 0.036032 -9.576
v -0.124100 0.046162 -9.62
v -0.111300 0.036912 -9.576
v -0.124200 0.047042 -9.62
v -0.112000 0.037502 -9.576
v -0.124800 0.047632 -9.62
v -0.112900 0.037532 -9.575
v -0.135100 0.054612 -9.666
v -0.134400 0.055162 -9.666
v -0.135300 0.053732 -9.666
v -0.135000 0.052952 -9.666
v -0.134100 0.052622 -9.666
v -0.133300 0.052902 -9.667
v -0.132800 0.053662 -9.666
v -0.132900 0.054542 -9.666
v -0.133500 0.055132 -9.666
v -0.141300 0.059632 -9.693
v -0.133800 0.052712 -9.67
v -0.132900 0.052662 -9.67
v -0.129700 0.052532 -9.682
v -0.132300 0.053492 -9.67
v -0.132800 0.054372 -9.67
v -0.133700 0.054412 -9.67
v -0.134300 0.053582 -9.67
v -0.126900 0.048752 -9.623
v -0.127800 0.048692 -9.623
v -0.142200 0.057272 -9.643
v -0.141900 0.056482 -9.644
v -0.143000 0.057212 -9.643
v -0.128300 0.047852 -9.623
v -0.143500 0.056362 -9.643
v -0.128000 0.047072 -9.623
v -0.143200 0.055572 -9.643
v -0.127100 0.047132 -9.624001
v -0.142400 0.055632 -9.644
v -0.126600 0.047972 -9.624001
v -0.030700 -0.040808 -9.304999
v -0.029030 -0.039238 -9.302999
v -0.002690 -0.033258 -9.33
v -0.004810 -0.032868 -9.332
v -0.001130 -0.031798 -9.328
v -0.028620 -0.036298 -9.302
v -0.000740 -0.029058 -9.326
v -0.029600 -0.033088 -9.302
v -0.001660 -0.026068 -9.326
v -0.031620 -0.030858 -9.302999
v -0.003540 -0.023988 -9.327
v -0.033890 -0.030438 -9.304999
v -0.005660 -0.023598 -9.33
v -0.035550 -0.031998 -9.308001
v -0.007210 -0.025058 -9.332
v -0.035970 -0.034948 -9.309
v -0.007600 -0.027798 -9.333
v -0.034980 -0.038148 -9.309
v -0.006680 -0.030788 -9.333
v -0.032970 -0.040388 -9.308001
v 0.032030 -0.019898 -9.355
v 0.029950 -0.019568 -9.357
v 0.033540 -0.018548 -9.354
v 0.033900 -0.016048 -9.351999
v 0.032980 -0.013348 -9.351999
v 0.031130 -0.011478 -9.353
v 0.029050 -0.011158 -9.355
v 0.027540 -0.012498 -9.357
v 0.027180 -0.014998 -9.358
v 0.028100 -0.017698 -9.358
v 0.060970 -0.007268 -9.388
v 0.058950 -0.007038 -9.389
v 0.062530 -0.005978 -9.386
v 0.063020 -0.003648 -9.385
v 0.062250 -0.001178 -9.385
v 0.060530 0.000492 -9.386
v 0.058510 0.000732 -9.388
v 0.056950 -0.000568 -9.389
v 0.056460 -0.002888 -9.39
v 0.057230 -0.005368 -9.39
v 0.081900 -0.002838 -9.411
v 0.080020 -0.002618 -9.412
v 0.083350 -0.001638 -9.409
v 0.083810 0.000522 -9.408
v 0.083110 0.002812 -9.408
v 0.081520 0.004362 -9.409
v 0.079650 0.004572 -9.411
v 0.078200 0.003372 -9.412001
v 0.077740 0.001222 -9.413
v 0.078430 -0.001068 -9.413
v 0.107900 0.008232 -9.440001
v 0.106100 0.008392 -9.441
v 0.109300 0.009332 -9.439
v 0.109700 0.011272 -9.438
v 0.109000 0.013302 -9.438
v 0.107500 0.014652 -9.439
v 0.105800 0.014812 -9.440001
v 0.104400 0.013722 -9.441
v 0.104000 0.011782 -9.441999
v 0.104600 0.009752 -9.441999
v 0.133600 0.017432 -9.479
v 0.132100 0.017572 -9.48
v 0.134800 0.018362 -9.478
v 0.135200 0.020012 -9.477
v 0.134700 0.021762 -9.477
v 0.133500 0.022932 -9.478
v 0.132000 0.023082 -9.479
v 0.130800 0.022142 -9.48
v 0.130400 0.020492 -9.48
v 0.130900 0.018742 -9.48
v 0.147400 0.023432 -9.495
v 0.148500 0.023762 -9.494
v 0.148000 0.024502 -9.494
v 0.177000 0.033962 -9.532
v 0.177000 0.033062 -9.532
v 0.176500 0.034702 -9.532
v 0.147200 0.024752 -9.494
v 0.175700 0.034942 -9.532
v 0.146500 0.024382 -9.495
v 0.175000 0.034572 -9.533
v 0.146300 0.023562 -9.495
v 0.174800 0.033762 -9.533
v 0.146600 0.022692 -9.495
v 0.175000 0.032882 -9.533
v 0.147200 0.022162 -9.495
v 0.175700 0.032362 -9.533
v 0.148000 0.022232 -9.495
v 0.176500 0.032432 -9.532
v 0.148500 0.022862 -9.494
v 0.201200 0.042832 -9.573
v 0.201200 0.041932 -9.573
v 0.200700 0.043572 -9.573
v 0.199900 0.043812 -9.574
v 0.199200 0.043432 -9.574
v 0.199000 0.042622 -9.574
v 0.199200 0.041752 -9.574
v 0.199900 0.041232 -9.574
v 0.200700 0.041302 -9.574
v 0.216500 0.048342 -9.597
v 0.199900 0.043582 -9.578
v 0.199300 0.042842 -9.578
v 0.199900 0.041932 -9.591001
v 0.199600 0.041882 -9.578
v 0.200500 0.041662 -9.578
v 0.201200 0.042402 -9.578
v 0.200900 0.043362 -9.578
v 0.179500 0.033762 -9.535
v 0.179900 0.034392 -9.535
v 0.200000 0.042242 -9.551
v 0.199300 0.042562 -9.552
v 0.200300 0.042862 -9.55
v 0.179500 0.035342 -9.535
v 0.200000 0.043802 -9.55
v 0.178800 0.035662 -9.535
v 0.199300 0.044122 -9.551
v 0.178500 0.035032 -9.536
v 0.198900 0.043502 -9.552
v 0.178800 0.034082 -9.536
v -0.044840 -0.034298 -9.269
v -0.045290 -0.036918 -9.267
v -0.048980 -0.057318 -9.299
v -0.046810 -0.055648 -9.3
v -0.049390 -0.059758 -9.297
v -0.043670 -0.039348 -9.266
v -0.047890 -0.062018 -9.295
v -0.040610 -0.040668 -9.265
v -0.045040 -0.063258 -9.295
v -0.037270 -0.040378 -9.266
v -0.041930 -0.062988 -9.295
v -0.034930 -0.038588 -9.267
v -0.039760 -0.061318 -9.297
v -0.034490 -0.035978 -9.269
v -0.039350 -0.058878 -9.297999
v -0.036110 -0.033538 -9.271
v -0.040850 -0.056608 -9.3
v -0.039170 -0.032218 -9.271
v -0.043700 -0.055378 -9.3
v -0.042510 -0.032508 -9.271
v -0.052240 -0.089018 -9.33
v -0.050220 -0.087378 -9.332
v -0.052640 -0.091308 -9.329
v -0.051280 -0.093378 -9.328
v -0.048680 -0.094438 -9.327
v -0.045830 -0.094088 -9.327
v -0.043810 -0.092458 -9.328
v -0.043410 -0.090168 -9.33
v -0.044770 -0.088088 -9.330999
v -0.047370 -0.087028 -9.332
v -0.050760 -0.114698 -9.367
v -0.048940 -0.113098 -9.368
v -0.051120 -0.116898 -9.366
v -0.049890 -0.118898 -9.365
v -0.047540 -0.119898 -9.364
v -0.044960 -0.119598 -9.365
v -0.043140 -0.117998 -9.365
v -0.042770 -0.115698 -9.367
v -0.044000 -0.113698 -9.368
v -0.046360 -0.112698 -9.368
v -0.053470 -0.130598 -9.394
v -0.051790 -0.129098 -9.395
v -0.053800 -0.132598 -9.393
v -0.052670 -0.134498 -9.392
v -0.050490 -0.135498 -9.392
v -0.048110 -0.135098 -9.392
v -0.046430 -0.133598 -9.393
v -0.046090 -0.131598 -9.394
v -0.047230 -0.129698 -9.395
v -0.049400 -0.128698 -9.395
v -0.052210 -0.153798 -9.427999
v -0.050710 -0.152398 -9.427999
v -0.052510 -0.155698 -9.427
v -0.051500 -0.157398 -9.426
v -0.049560 -0.158198 -9.426
v -0.047440 -0.157798 -9.426
v -0.045950 -0.156398 -9.426
v -0.045650 -0.154498 -9.427
v -0.046660 -0.152798 -9.427999
v -0.048590 -0.151998 -9.429
v -0.049370 -0.173998 -9.471
v -0.048100 -0.172798 -9.471
v -0.049620 -0.175598 -9.47
v -0.048770 -0.177098 -9.469
v -0.047140 -0.177798 -9.469
v -0.045340 -0.177598 -9.469
v -0.044080 -0.176398 -9.47
v -0.043820 -0.174798 -9.47
v -0.044670 -0.173298 -9.471
v -0.046300 -0.172598 -9.471
v -0.048050 -0.184298 -9.485
v -0.048650 -0.185398 -9.485
v -0.047720 -0.185498 -9.485
v -0.048130 -0.208698 -9.527
v -0.048770 -0.208098 -9.527
v -0.047200 -0.208698 -9.527
v -0.046950 -0.184998 -9.485
v -0.046430 -0.208198 -9.527
v -0.046690 -0.184198 -9.485
v -0.046180 -0.207398 -9.527
v -0.047070 -0.183398 -9.486
v -0.046560 -0.206698 -9.528
v -0.047910 -0.182998 -9.486
v -0.047390 -0.206298 -9.528
v -0.048810 -0.183298 -9.486
v -0.048290 -0.206498 -9.528
v -0.049360 -0.183998 -9.486
v -0.048840 -0.207198 -9.527
v -0.049300 -0.184798 -9.485
v -0.045590 -0.227598 -9.571
v -0.046240 -0.226998 -9.571
v -0.044660 -0.227698 -9.571
v -0.043890 -0.227198 -9.571
v -0.043640 -0.226398 -9.571
v -0.044020 -0.225598 -9.572
v -0.044850 -0.225198 -9.572
v -0.045760 -0.225398 -9.572
v -0.046300 -0.226098 -9.572
v -0.044750 -0.239898 -9.597
v -0.043230 -0.226598 -9.575
v -0.043370 -0.225598 -9.575
v -0.041910 -0.224298 -9.588
v -0.044300 -0.225198 -9.575
v -0.045090 -0.225798 -9.575
v -0.044960 -0.226898 -9.576
v -0.044030 -0.227198 -9.575
v -0.049160 -0.209998 -9.531
v -0.049070 -0.210698 -9.53
v -0.052850 -0.229298 -9.549
v -0.052020 -0.228898 -9.549
v -0.052760 -0.229998 -9.548
v -0.048150 -0.211198 -9.53
v -0.051850 -0.230398 -9.548
v -0.047330 -0.210798 -9.53
v -0.051020 -0.230098 -9.548
v -0.047410 -0.209998 -9.531
v -0.051100 -0.229298 -9.549
v -0.048330 -0.209598 -9.531
v -0.042150 -0.033618 -9.229
v -0.044480 -0.031938 -9.228
v -0.049160 -0.010038 -9.259
v -0.048770 -0.012528 -9.26
v -0.051320 -0.008468 -9.257
v -0.047820 -0.031888 -9.227
v -0.054430 -0.008418 -9.256
v -0.050890 -0.033488 -9.227
v -0.057280 -0.009908 -9.256
v -0.052530 -0.036128 -9.228
v -0.058810 -0.012368 -9.258
v -0.052110 -0.038808 -9.23
v -0.058410 -0.014858 -9.259
v -0.049780 -0.040488 -9.232
v -0.056250 -0.016428 -9.261
v -0.046450 -0.040548 -9.233
v -0.053150 -0.016478 -9.262
v -0.043370 -0.038938 -9.233
v -0.050290 -0.014988 -9.262
v -0.041730 -0.036298 -9.231
v -0.062710 0.018942 -9.290999
v -0.062320 0.016552 -9.293
v -0.064690 0.020452 -9.29
v -0.067520 0.020512 -9.289001
v -0.070100 0.019082 -9.289001
v -0.071460 0.016732 -9.29
v -0.071080 0.014342 -9.292
v -0.069090 0.012822 -9.293
v -0.066270 0.012772 -9.294001
v -0.063680 0.014192 -9.294001
v -0.072870 0.040672 -9.328
v -0.072470 0.038392 -9.329
v -0.074740 0.042192 -9.327
v -0.077350 0.042372 -9.327
v -0.079710 0.041142 -9.327
v -0.080920 0.038972 -9.328
v -0.080510 0.036692 -9.329
v -0.078650 0.035172 -9.33
v -0.076040 0.034992 -9.331
v -0.073680 0.036222 -9.33
v -0.075890 0.058282 -9.356
v -0.075520 0.056182 -9.357
v -0.077610 0.059692 -9.355
v -0.080020 0.059862 -9.354
v -0.082200 0.058742 -9.354
v -0.083310 0.056742 -9.355
v -0.082940 0.054642 -9.356
v -0.081220 0.053232 -9.357
v -0.078810 0.053062 -9.358
v -0.076640 0.054192 -9.357
v -0.085160 0.078792 -9.391001
v -0.084810 0.076852 -9.392
v -0.086700 0.080092 -9.39
v -0.088850 0.080262 -9.39
v -0.090770 0.079232 -9.39
v -0.091730 0.077392 -9.39
v -0.091380 0.075462 -9.391001
v -0.089830 0.074162 -9.392
v -0.087690 0.073992 -9.392
v -0.085770 0.075022 -9.392
v -0.090330 0.097832 -9.434999
v -0.090040 0.096212 -9.434999
v -0.091630 0.098942 -9.434
v -0.093440 0.099122 -9.434
v -0.095070 0.098302 -9.434
v -0.095900 0.096802 -9.434999
v -0.095610 0.095192 -9.434999
v -0.094310 0.094082 -9.436
v -0.092500 0.093892 -9.436
v -0.090870 0.094712 -9.436
v -0.094400 0.104502 -9.447001
v -0.095040 0.105602 -9.447001
v -0.095680 0.104902 -9.447001
v -0.102500 0.127102 -9.489
v -0.101600 0.127202 -9.489
v -0.103100 0.126402 -9.489
v -0.095710 0.104002 -9.447001
v -0.103200 0.125502 -9.489
v -0.095130 0.103402 -9.448
v -0.102600 0.124802 -9.489
v -0.094210 0.103202 -9.448
v -0.101700 0.124702 -9.49
v -0.093370 0.103702 -9.448
v -0.100800 0.125102 -9.49
v -0.093010 0.104502 -9.447001
v -0.100500 0.126002 -9.489
v -0.093300 0.105302 -9.447001
v -0.100800 0.126802 -9.489
v -0.094100 0.105802 -9.447001
v -0.107700 0.144402 -9.533
v -0.106700 0.144602 -9.533
v -0.108300 0.143702 -9.533
v -0.108300 0.142802 -9.534
v -0.107800 0.142102 -9.534
v -0.106800 0.142002 -9.534
v -0.106000 0.142502 -9.534
v -0.105600 0.143302 -9.534
v -0.105900 0.144102 -9.533
v -0.111400 0.155902 -9.559999
v -0.107500 0.142502 -9.538
v -0.106600 0.142002 -9.538
v -0.104000 0.141702 -9.551
v -0.105700 0.142502 -9.537
v -0.105700 0.143502 -9.538
v -0.106600 0.144102 -9.538
v -0.107500 0.143602 -9.538
v -0.102200 0.129202 -9.492
v -0.103000 0.129502 -9.492
v -0.112000 0.146102 -9.51
v -0.112100 0.145202 -9.511
v -0.112800 0.146402 -9.51
v -0.103900 0.129002 -9.492
v -0.113700 0.145802 -9.51
v -0.104000 0.128102 -9.492
v -0.113800 0.145002 -9.511
v -0.103200 0.127802 -9.493
v -0.113000 0.144702 -9.511
v -0.102300 0.128402 -9.493
v -0.055170 -0.042759 -9.191
v -0.053020 -0.042349 -9.188
v -0.023610 -0.048168 -9.214
v -0.025190 -0.046548 -9.216
v -0.021610 -0.047788 -9.212
v -0.051250 -0.039939 -9.186
v -0.019960 -0.045558 -9.21
v -0.050530 -0.036449 -9.186
v -0.019290 -0.042318 -9.21
v -0.051130 -0.033219 -9.186999
v -0.019850 -0.039318 -9.211
v -0.052830 -0.031479 -9.190001
v -0.021440 -0.037698 -9.213
v -0.054980 -0.031889 -9.192
v -0.023440 -0.038078 -9.215
v -0.056750 -0.034289 -9.193999
v -0.025090 -0.040308 -9.217
v -0.057480 -0.037779 -9.193999
v -0.025760 -0.043548 -9.217
v -0.056870 -0.041009 -9.193
v 0.017060 -0.051548 -9.239
v 0.015460 -0.050038 -9.24
v 0.018980 -0.051238 -9.236
v 0.020480 -0.049218 -9.235
v 0.021000 -0.046258 -9.235
v 0.020330 -0.043498 -9.235
v 0.018730 -0.041988 -9.237
v 0.016810 -0.042298 -9.239
v 0.015300 -0.044318 -9.241
v 0.014790 -0.047278 -9.241
v 0.050650 -0.052118 -9.268
v 0.049020 -0.050738 -9.27
v 0.052630 -0.051838 -9.267
v 0.054200 -0.050018 -9.266
v 0.054760 -0.047348 -9.265
v 0.054100 -0.044848 -9.266
v 0.052470 -0.043468 -9.268
v 0.050490 -0.043748 -9.269
v 0.048920 -0.045568 -9.271
v 0.048350 -0.048238 -9.271
v 0.074860 -0.057108 -9.292
v 0.073360 -0.055838 -9.294001
v 0.076680 -0.056858 -9.290999
v 0.078130 -0.055188 -9.29
v 0.078650 -0.052728 -9.289
v 0.078040 -0.050438 -9.29
v 0.076540 -0.049168 -9.292
v 0.074720 -0.049418 -9.293
v 0.073280 -0.051088 -9.294001
v 0.072750 -0.053548 -9.294001
v 0.107500 -0.057868 -9.322001
v 0.106100 -0.056738 -9.323
v 0.109200 -0.057648 -9.32
v 0.110500 -0.056168 -9.319
v 0.110900 -0.053998 -9.319
v 0.110300 -0.051958 -9.32
v 0.108800 -0.050838 -9.321
v 0.107200 -0.051048 -9.322001
v 0.105900 -0.052528 -9.323
v 0.105400 -0.054698 -9.323
v 0.139300 -0.059338 -9.36
v 0.138100 -0.058388 -9.361
v 0.140700 -0.059158 -9.358999
v 0.141900 -0.057938 -9.358999
v 0.142300 -0.056128 -9.358
v 0.141800 -0.054418 -9.358999
v 0.140600 -0.053478 -9.36
v 0.139200 -0.053658 -9.361
v 0.138100 -0.054878 -9.362
v 0.137700 -0.056688 -9.362
v 0.148400 -0.058018 -9.368
v 0.149500 -0.058328 -9.367
v 0.149400 -0.057358 -9.367
v 0.182400 -0.060548 -9.403
v 0.182000 -0.061368 -9.404
v 0.182300 -0.059578 -9.403
v 0.148800 -0.056698 -9.368
v 0.181800 -0.058918 -9.404
v 0.148100 -0.056648 -9.368
v 0.181000 -0.058878 -9.404
v 0.147400 -0.057248 -9.369
v 0.180300 -0.059468 -9.405
v 0.147200 -0.058198 -9.369
v 0.180100 -0.060418 -9.405
v 0.147600 -0.059068 -9.369
v 0.180500 -0.061288 -9.405
v 0.148300 -0.059438 -9.368
v 0.181200 -0.061658 -9.404
v 0.149100 -0.059148 -9.368
v 0.211100 -0.061728 -9.443
v 0.210700 -0.062548 -9.443
v 0.211100 -0.060758 -9.443
v 0.210500 -0.060098 -9.443
v 0.209700 -0.060048 -9.444
v 0.209000 -0.060638 -9.444
v 0.208800 -0.061598 -9.444
v 0.209200 -0.062458 -9.444
v 0.209900 -0.062838 -9.444
v 0.229500 -0.062748 -9.467
v 0.210600 -0.060088 -9.448
v 0.209600 -0.060428 -9.448
v 0.210600 -0.060868 -9.460999
v 0.209400 -0.061468 -9.448
v 0.210200 -0.062188 -9.448
v 0.211200 -0.061848 -9.448
v 0.211400 -0.060798 -9.448
v 0.184600 -0.061808 -9.407
v 0.185300 -0.061468 -9.406
v 0.207600 -0.063848 -9.421
v 0.207200 -0.063138 -9.422
v 0.208200 -0.063508 -9.421
v 0.185500 -0.060428 -9.406
v 0.208400 -0.062468 -9.42
v 0.185000 -0.059718 -9.407
v 0.208000 -0.061758 -9.421
v 0.184400 -0.060058 -9.407
v 0.207300 -0.062098 -9.422
v 0.184200 -0.061108 -9.407
v -0.065780 -0.033069 -9.150001
v -0.067460 -0.035389 -9.148
v -0.083050 -0.050459 -9.179999
v -0.080230 -0.049969 -9.182
v -0.084620 -0.052609 -9.178
v -0.067150 -0.038609 -9.146
v -0.084330 -0.055599 -9.177
v -0.064950 -0.041489 -9.146
v -0.082290 -0.058279 -9.177
v -0.061710 -0.042949 -9.146
v -0.079280 -0.059629 -9.177
v -0.058660 -0.042429 -9.148
v -0.076460 -0.059139 -9.179
v -0.056980 -0.040109 -9.150001
v -0.074890 -0.056989 -9.181
v -0.057290 -0.036899 -9.151999
v -0.075180 -0.054009 -9.182
v -0.059490 -0.034009 -9.151999
v -0.077220 -0.051329 -9.183
v -0.062730 -0.032549 -9.151
v -0.104000 -0.076019 -9.214
v -0.101400 -0.075488 -9.215
v -0.105500 -0.078019 -9.212
v -0.105300 -0.080729 -9.211
v -0.103400 -0.083108 -9.21
v -0.100600 -0.084259 -9.211
v -0.097910 -0.083728 -9.212
v -0.096420 -0.081729 -9.214
v -0.096670 -0.079018 -9.215
v -0.098560 -0.076638 -9.216
v -0.117000 -0.096988 -9.251
v -0.114500 -0.096388 -9.252
v -0.118400 -0.098948 -9.249
v -0.118300 -0.101498 -9.248
v -0.116600 -0.103698 -9.248
v -0.114000 -0.104698 -9.249
v -0.111600 -0.104198 -9.25
v -0.110100 -0.102198 -9.251
v -0.110200 -0.099608 -9.252
v -0.111900 -0.097388 -9.252
v -0.129500 -0.109098 -9.28
v -0.127200 -0.108498 -9.281
v -0.130800 -0.110898 -9.279
v -0.130700 -0.113198 -9.278
v -0.129200 -0.115298 -9.278
v -0.126800 -0.116198 -9.278
v -0.124600 -0.115598 -9.279
v -0.123200 -0.113798 -9.28
v -0.123300 -0.111498 -9.281
v -0.124900 -0.109398 -9.282
v -0.142400 -0.129598 -9.316999
v -0.129500 -0.109098 -9.28
v -0.142400 -0.129598 -9.316999
v -0.140400 -0.129098 -9.316999
v -0.130800 -0.110898 -9.279
v -0.143600 -0.131298 -9.316
v -0.130700 -0.113198 -9.278
v -0.143500 -0.133298 -9.315001
v -0.129200 -0.115298 -9.278
v -0.142100 -0.135098 -9.315001
v -0.126800 -0.116198 -9.278
v -0.140000 -0.135898 -9.315001
v -0.124600 -0.115598 -9.279
v -0.138000 -0.135298 -9.316
v -0.123200 -0.113798 -9.28
v -0.136800 -0.133698 -9.316999
v -0.123300 -0.111498 -9.281
v -0.136900 -0.131598 -9.316999
v -0.124900 -0.109398 -9.282
v -0.138200 -0.129798 -9.318
v -0.127200 -0.108498 -9.281
v -0.152600 -0.147498 -9.362
v -0.150900 -0.147098 -9.363
v -0.153600 -0.148898 -9.361
v -0.153500 -0.150598 -9.361
v -0.152400 -0.152098 -9.361
v -0.150700 -0.152798 -9.361
v -0.149000 -0.152398 -9.361
v -0.148000 -0.150998 -9.362
v -0.148000 -0.149198 -9.363
v -0.149200 -0.147698 -9.363
v -0.153500 -0.152598 -9.368
v -0.154600 -0.153398 -9.367
v -0.153700 -0.153998 -9.367
v -0.167600 -0.172198 -9.409
v -0.167900 -0.171198 -9.409
v -0.166800 -0.172698 -9.409
v -0.152800 -0.153898 -9.368
v -0.165800 -0.172698 -9.409
v -0.152100 -0.153298 -9.368
v -0.165200 -0.171998 -9.41
v -0.152100 -0.152298 -9.368
v -0.165100 -0.171098 -9.41
v -0.152700 -0.151498 -9.368
v -0.165700 -0.170298 -9.41
v -0.153700 -0.151298 -9.368
v -0.166700 -0.169998 -9.41
v -0.154500 -0.151598 -9.368
v -0.167500 -0.170398 -9.41
v -0.154900 -0.152498 -9.368
v -0.176800 -0.188098 -9.454
v -0.177100 -0.187198 -9.454
v -0.176000 -0.188698 -9.454
v -0.175000 -0.188598 -9.454
v -0.174400 -0.187998 -9.454
v -0.174300 -0.186998 -9.454
v -0.174900 -0.186198 -9.455
v -0.175900 -0.185998 -9.454
v -0.176700 -0.186398 -9.454
v -0.183500 -0.198598 -9.481
v -0.174300 -0.188298 -9.458
v -0.173900 -0.187298 -9.458
v -0.172500 -0.186498 -9.471
v -0.174600 -0.186398 -9.458
v -0.175700 -0.186598 -9.458
v -0.176100 -0.187598 -9.458
v -0.175400 -0.188498 -9.458
v -0.169300 -0.172598 -9.413
v -0.169600 -0.173398 -9.412
v -0.182500 -0.187198 -9.431
v -0.181600 -0.187198 -9.432
v -0.182800 -0.187998 -9.431
v -0.168900 -0.174298 -9.412
v -0.182100 -0.188798 -9.43
v -0.167900 -0.174298 -9.413
v -0.181200 -0.188898 -9.431
v -0.167700 -0.173498 -9.413
v -0.180900 -0.188098 -9.431
v -0.168300 -0.172698 -9.414
v -0.063430 -0.037829 -9.106
v -0.064800 -0.035409 -9.103
v -0.057880 -0.007609 -9.132
v -0.058750 -0.009789 -9.135
v -0.059140 -0.005359 -9.13
v -0.067950 -0.033829 -9.102
v -0.062060 -0.003899 -9.129
v -0.071680 -0.033719 -9.103
v -0.065510 -0.003789 -9.129
v -0.074570 -0.035099 -9.104
v -0.068190 -0.005069 -9.131
v -0.075520 -0.037449 -9.107
v -0.069070 -0.007259 -9.132999
v -0.074160 -0.039869 -9.109
v -0.067810 -0.009509 -9.135
v -0.071010 -0.041449 -9.11
v -0.064890 -0.010969 -9.137
v -0.067270 -0.041559 -9.11
v -0.061430 -0.011069 -9.136001
v -0.064380 -0.040179 -9.108
v -0.055620 0.031241 -9.161
v -0.056450 0.029101 -9.163
v -0.056730 0.033391 -9.16
v -0.059370 0.034721 -9.159
v -0.062530 0.034731 -9.159
v -0.064990 0.033411 -9.16
v -0.065830 0.031271 -9.162
v -0.064710 0.029131 -9.164001
v -0.062070 0.027801 -9.165
v -0.058920 0.027791 -9.165
v -0.053860 0.060641 -9.194
v -0.054620 0.058531 -9.196
v -0.054850 0.062822 -9.193
v -0.057220 0.064221 -9.192
v -0.060060 0.064321 -9.193
v -0.062290 0.063081 -9.194
v -0.063060 0.060971 -9.195
v -0.062070 0.058791 -9.197001
v -0.059700 0.057391 -9.198
v -0.056850 0.057291 -9.197001
v -0.047260 0.083852 -9.221
v -0.047960 0.081922 -9.223
v -0.048160 0.085832 -9.22
v -0.050330 0.087112 -9.219
v -0.052930 0.087212 -9.22
v -0.054960 0.086072 -9.221
v -0.055660 0.084152 -9.222
v -0.054760 0.082172 -9.224
v -0.052590 0.080882 -9.224
v -0.049990 0.080792 -9.224
v -0.045220 0.114102 -9.255
v -0.045850 0.112302 -9.256
v -0.046010 0.115902 -9.254001
v -0.047900 0.117002 -9.254001
v -0.050190 0.117002 -9.254001
v -0.051980 0.116002 -9.255
v -0.052610 0.114202 -9.256
v -0.051820 0.112402 -9.257
v -0.049930 0.111202 -9.257
v -0.047650 0.111202 -9.257
v -0.040160 0.142002 -9.297999
v -0.040680 0.140602 -9.299
v -0.040800 0.143502 -9.297
v -0.042350 0.144502 -9.297
v -0.044230 0.144602 -9.297
v -0.045700 0.143802 -9.297999
v -0.046220 0.142302 -9.299
v -0.045580 0.140802 -9.299
v -0.044030 0.139802 -9.3
v -0.042150 0.139702 -9.3
v -0.042520 0.144702 -9.301001
v -0.042570 0.146002 -9.3
v -0.043520 0.145702 -9.301001
v -0.038600 0.175002 -9.339
v -0.037630 0.174602 -9.339
v -0.039550 0.174702 -9.339
v -0.044010 0.144902 -9.301001
v -0.040030 0.173902 -9.339
v -0.043800 0.144102 -9.301001
v -0.039820 0.173002 -9.34
v -0.042990 0.143502 -9.302
v -0.039020 0.172502 -9.34
v -0.041960 0.143502 -9.302
v -0.037990 0.172402 -9.34
v -0.041200 0.144002 -9.301001
v -0.037230 0.173002 -9.34
v -0.041060 0.144902 -9.301001
v -0.037090 0.173902 -9.339
v -0.041600 0.145602 -9.3
v -0.034550 0.199502 -9.38
v -0.033570 0.199102 -9.38
v -0.035500 0.199202 -9.381
v -0.035980 0.198402 -9.381
v -0.035770 0.197502 -9.381
v -0.034970 0.196902 -9.382
v -0.033950 0.196902 -9.382
v -0.033180 0.197502 -9.381
v -0.033040 0.198402 -9.381
v -0.032110 0.215702 -9.406
v -0.035340 0.198202 -9.385
v -0.034790 0.197202 -9.385
v -0.032420 0.197302 -9.399
v -0.033670 0.197202 -9.385
v -0.033100 0.198202 -9.385
v -0.033650 0.199202 -9.385
v -0.034770 0.199202 -9.385
v -0.037230 0.177002 -9.342
v -0.037840 0.177702 -9.342
v -0.037730 0.198802 -9.358
v -0.038240 0.198102 -9.359
v -0.038340 0.199402 -9.358
v -0.038960 0.177602 -9.342
v -0.039460 0.199302 -9.358
v -0.039470 0.177002 -9.342
v -0.039970 0.198602 -9.358
v -0.038860 0.176402 -9.343
v -0.039360 0.198002 -9.359
v -0.037740 0.176402 -9.343
v -0.080870 -0.043599 -9.063
v -0.078820 -0.044449 -9.06
v -0.053230 -0.063879 -9.087
v -0.053710 -0.061449 -9.089
v -0.051330 -0.064669 -9.084
v -0.076020 -0.043199 -9.058
v -0.048730 -0.063509 -9.082
v -0.073530 -0.040329 -9.058
v -0.046430 -0.060859 -9.082
v -0.072310 -0.036929 -9.059
v -0.045300 -0.057709 -9.083
v -0.072820 -0.034309 -9.061
v -0.045780 -0.055279 -9.085
v -0.074870 -0.033459 -9.064
v -0.047680 -0.054489 -9.088
v -0.077680 -0.034709 -9.066
v -0.050280 -0.055649 -9.09
v -0.080170 -0.037579 -9.067
v -0.052590 -0.058299 -9.09
v -0.081380 -0.040969 -9.066
v -0.016260 -0.086869 -9.111
v -0.016830 -0.084549 -9.113
v -0.014450 -0.087669 -9.109
v -0.012100 -0.086639 -9.107
v -0.010100 -0.084179 -9.107
v -0.009220 -0.081229 -9.108
v -0.009790 -0.078909 -9.11
v -0.011600 -0.078109 -9.112
v -0.013950 -0.079139 -9.114
v -0.015950 -0.081599 -9.114
v 0.014300 -0.102499 -9.139999
v 0.013600 -0.100299 -9.142
v 0.016180 -0.103399 -9.139
v 0.018520 -0.102499 -9.137
v 0.020430 -0.100399 -9.137
v 0.021170 -0.097669 -9.138
v 0.020470 -0.095469 -9.139
v 0.018590 -0.094619 -9.141
v 0.016250 -0.095429 -9.142
v 0.014340 -0.097599 -9.143001
v 0.036190 -0.119199 -9.165999
v 0.035550 -0.117199 -9.168
v 0.037890 -0.119999 -9.164001
v 0.040020 -0.119199 -9.163
v 0.041750 -0.117299 -9.163
v 0.042430 -0.114799 -9.163
v 0.041800 -0.112799 -9.165
v 0.040100 -0.111999 -9.167
v 0.037970 -0.112799 -9.168
v 0.036230 -0.114799 -9.168
v 0.068320 -0.135899 -9.196
v 0.067670 -0.134099 -9.198
v 0.069870 -0.136598 -9.195
v 0.071730 -0.135899 -9.193999
v 0.073190 -0.134199 -9.193999
v 0.073690 -0.131998 -9.193999
v 0.073040 -0.130198 -9.195
v 0.071490 -0.129498 -9.197001
v 0.069630 -0.130098 -9.198
v 0.068170 -0.131898 -9.198
v 0.101300 -0.149598 -9.235
v 0.102100 -0.150598 -9.235
v 0.102600 -0.149598 -9.235
v 0.129200 -0.167798 -9.271
v 0.128300 -0.168298 -9.272
v 0.129700 -0.166898 -9.272
v 0.102400 -0.148698 -9.235
v 0.129500 -0.165998 -9.272
v 0.101700 -0.148199 -9.236
v 0.128800 -0.165498 -9.272
v 0.100800 -0.148398 -9.236
v 0.127900 -0.165598 -9.273
v 0.100100 -0.149099 -9.236
v 0.127200 -0.166398 -9.273
v 0.099950 -0.150098 -9.236
v 0.127000 -0.167398 -9.273
v 0.100400 -0.150899 -9.235
v 0.127500 -0.168198 -9.272
v 0.101300 -0.151098 -9.235
v 0.153200 -0.181998 -9.312
v 0.152300 -0.182498 -9.312
v 0.153600 -0.180998 -9.312
v 0.153500 -0.180098 -9.312
v 0.152800 -0.179598 -9.313
v 0.151800 -0.179698 -9.313
v 0.151100 -0.180498 -9.313
v 0.151000 -0.181498 -9.313
v 0.151400 -0.182298 -9.313
v 0.167800 -0.190898 -9.336
v 0.153600 -0.179998 -9.316999
v 0.152400 -0.179698 -9.316999
v 0.153000 -0.180298 -9.33
v 0.151700 -0.180598 -9.316999
v 0.152000 -0.181698 -9.316999
v 0.153100 -0.181898 -9.316999
v 0.153900 -0.181098 -9.316999
v 0.130300 -0.169898 -9.275
v 0.131100 -0.169998 -9.274
v 0.148800 -0.183098 -9.29
v 0.148800 -0.182198 -9.290999
v 0.149600 -0.183198 -9.289
v 0.131900 -0.169198 -9.274
v 0.150300 -0.182298 -9.289
v 0.131800 -0.168198 -9.275
v 0.150300 -0.181398 -9.29
v 0.131100 -0.168198 -9.276
v 0.149600 -0.181298 -9.29
v 0.130300 -0.168998 -9.276
v -0.086150 -0.033059 -9.017
v -0.088750 -0.034529 -9.014999
v -0.113500 -0.037589 -9.048
v -0.110800 -0.038449 -9.049999
v -0.115900 -0.038949 -9.046
v -0.090010 -0.037829 -9.013
v -0.117100 -0.041999 -9.044
v -0.089430 -0.041719 -9.013
v -0.116600 -0.045599 -9.044
v -0.087250 -0.044699 -9.014
v -0.114600 -0.048349 -9.045
v -0.084290 -0.045629 -9.016
v -0.111800 -0.049209 -9.047
v -0.081690 -0.044169 -9.019
v -0.109400 -0.047859 -9.049
v -0.080430 -0.040859 -9.02
v -0.108200 -0.044799 -9.051
v -0.081010 -0.036969 -9.021
v -0.108800 -0.041209 -9.051
v -0.083190 -0.033989 -9.019
v -0.148600 -0.047439 -9.082
v -0.146000 -0.048209 -9.083
v -0.150900 -0.048669 -9.08
v -0.151900 -0.051429 -9.078
v -0.151400 -0.054659 -9.078
v -0.149400 -0.057129 -9.079
v -0.146800 -0.057899 -9.081
v -0.144500 -0.056669 -9.082
v -0.143400 -0.053909 -9.084
v -0.144000 -0.050679 -9.084
v -0.172600 -0.056379 -9.117
v -0.170100 -0.057019 -9.118999
v -0.174900 -0.057549 -9.116
v -0.176000 -0.060099 -9.115
v -0.175600 -0.063049 -9.115
v -0.173800 -0.065259 -9.116
v -0.171300 -0.065909 -9.117
v -0.169000 -0.064729 -9.118
v -0.167900 -0.062179 -9.118999
v -0.168300 -0.059229 -9.118999
v -0.193500 -0.058549 -9.149
v -0.191200 -0.059139 -9.150001
v -0.195600 -0.059619 -9.148
v -0.196600 -0.061929 -9.146999
v -0.196200 -0.064599 -9.146999
v -0.194600 -0.066609 -9.146999
v -0.192300 -0.067199 -9.149
v -0.190200 -0.066129 -9.150001
v -0.189200 -0.063819 -9.151
v -0.189600 -0.061149 -9.151
v -0.219500 -0.067979 -9.186999
v -0.217400 -0.068469 -9.188
v -0.221300 -0.068929 -9.186
v -0.222200 -0.070928 -9.185
v -0.221800 -0.073238 -9.185
v -0.220300 -0.074969 -9.186
v -0.218300 -0.075449 -9.186999
v -0.216400 -0.074509 -9.188
v -0.215500 -0.072499 -9.188
v -0.215900 -0.070188 -9.189
v -0.239500 -0.077908 -9.23
v -0.240900 -0.078078 -9.229
v -0.240500 -0.079038 -9.229
v -0.262900 -0.082648 -9.271
v -0.262700 -0.081608 -9.271
v -0.262400 -0.083608 -9.271
v -0.239600 -0.079468 -9.229
v -0.261500 -0.084038 -9.272
v -0.238600 -0.079168 -9.23
v -0.260500 -0.083728 -9.272
v -0.238100 -0.078278 -9.23
v -0.260000 -0.082838 -9.272
v -0.238200 -0.077208 -9.23
v -0.260200 -0.081778 -9.272
v -0.239000 -0.076468 -9.23
v -0.260900 -0.081038 -9.272
v -0.240000 -0.076398 -9.23
v -0.261900 -0.080968 -9.272
v -0.240700 -0.077038 -9.229
v -0.280100 -0.086608 -9.316
v -0.279900 -0.085568 -9.316
v -0.279600 -0.087568 -9.316
v -0.278700 -0.087998 -9.316
v -0.277700 -0.087698 -9.316999
v -0.277200 -0.086798 -9.316999
v -0.277300 -0.085738 -9.316999
v -0.278100 -0.084998 -9.316999
v -0.279100 -0.084928 -9.316999
v -0.291300 -0.089048 -9.343
v -0.278000 -0.087658 -9.321
v -0.277100 -0.086938 -9.321
v -0.275900 -0.085708 -9.333
v -0.277300 -0.085768 -9.321
v -0.278300 -0.085318 -9.321
v -0.279300 -0.086038 -9.321
v -0.279100 -0.087208 -9.321
v -0.264500 -0.081778 -9.275
v -0.265200 -0.082438 -9.274
v -0.283600 -0.086388 -9.293
v -0.282700 -0.086888 -9.294001
v -0.284200 -0.087038 -9.293
v -0.265000 -0.083598 -9.274
v -0.284000 -0.088188 -9.293
v -0.264200 -0.084108 -9.275
v -0.283200 -0.088698 -9.293
v -0.263500 -0.083448 -9.276
v -0.282500 -0.088038 -9.294001
v -0.263700 -0.082278 -9.276
v -0.086460 -0.042979 -8.969
v -0.086600 -0.040419 -8.967
v -0.065150 -0.013679 -8.993
v -0.066980 -0.014859 -8.996
v -0.065280 -0.011309 -8.99
v -0.088820 -0.037559 -8.965
v -0.067320 -0.008669 -8.988999
v -0.092250 -0.035489 -8.965
v -0.070500 -0.006759 -8.988999
v -0.095600 -0.035009 -8.967
v -0.073590 -0.006319 -8.991
v -0.097580 -0.036279 -8.97
v -0.075420 -0.007499 -8.993999
v -0.097430 -0.038839 -8.973
v -0.075290 -0.009869 -8.996
v -0.095220 -0.041699 -8.974
v -0.073250 -0.012509 -8.998
v -0.091780 -0.043769 -8.974
v -0.070070 -0.014419 -8.998
v -0.088430 -0.044249 -8.972
v -0.042550 0.025421 -9.018
v -0.044330 0.024191 -9.02
v -0.042580 0.027651 -9.016
v -0.044410 0.030041 -9.014
v -0.047340 0.031681 -9.015
v -0.050250 0.031931 -9.016
v -0.052030 0.030701 -9.018
v -0.051990 0.028471 -9.021
v -0.050160 0.026081 -9.022
v -0.047230 0.024451 -9.022
v -0.025960 0.054891 -9.047
v -0.027680 0.053591 -9.049
v -0.025840 0.057171 -9.045
v -0.027360 0.059561 -9.044
v -0.029940 0.061141 -9.045
v -0.032600 0.061311 -9.046
v -0.034320 0.060011 -9.048
v -0.034440 0.057731 -9.05
v -0.032920 0.055341 -9.051
v -0.030340 0.053761 -9.05
v -0.006410 0.078041 -9.073
v -0.007950 0.076881 -9.075001
v -0.006310 0.080091 -9.072
v -0.007690 0.082241 -9.071
v -0.010030 0.083661 -9.071
v -0.012430 0.083821 -9.072
v -0.013980 0.082661 -9.074
v -0.014080 0.080611 -9.076
v -0.012690 0.078471 -9.077
v -0.010360 0.077041 -9.076
v 0.012270 0.111001 -9.105
v 0.010880 0.109901 -9.107
v 0.012400 0.112801 -9.104
v 0.011210 0.114701 -9.103001
v 0.009150 0.115801 -9.103001
v 0.007020 0.115901 -9.104
v 0.005630 0.114801 -9.106
v 0.005500 0.113001 -9.107
v 0.006690 0.111101 -9.108
v 0.008750 0.109901 -9.108
v 0.026530 0.138101 -9.139
v 0.027140 0.139201 -9.139
v 0.026120 0.139501 -9.139
v 0.046940 0.165601 -9.175
v 0.047670 0.164801 -9.175
v 0.045920 0.165901 -9.175
v 0.025290 0.139101 -9.139
v 0.045080 0.165501 -9.176
v 0.025030 0.138301 -9.139999
v 0.044820 0.164601 -9.176
v 0.025480 0.137301 -9.139999
v 0.045250 0.163601 -9.176
v 0.026410 0.136701 -9.139999
v 0.046190 0.163101 -9.176
v 0.027400 0.136801 -9.139999
v 0.047180 0.163101 -9.176
v 0.027980 0.137501 -9.139
v 0.047760 0.163801 -9.175
v 0.027880 0.138401 -9.139
v 0.064580 0.188202 -9.215
v 0.065300 0.187302 -9.215
v 0.063550 0.188402 -9.215
v 0.062710 0.188001 -9.216
v 0.062440 0.187101 -9.216
v 0.062870 0.186201 -9.216
v 0.063800 0.185602 -9.216
v 0.064800 0.185702 -9.216
v 0.065390 0.186402 -9.215
v 0.075420 0.202302 -9.239
v 0.063310 0.187802 -9.22
v 0.063280 0.186602 -9.22
v 0.065770 0.186402 -9.233001
v 0.064300 0.186002 -9.22
v 0.065350 0.186502 -9.22
v 0.065380 0.187702 -9.22
v 0.064360 0.188402 -9.22
v 0.049330 0.166801 -9.178
v 0.049090 0.167701 -9.178
v 0.060490 0.186802 -9.193
v 0.059680 0.186502 -9.194
v 0.060250 0.187602 -9.192
v 0.048040 0.168301 -9.178
v 0.059190 0.188202 -9.192
v 0.047240 0.168001 -9.178
v 0.058370 0.187902 -9.193
v 0.047480 0.167101 -9.179
v 0.058620 0.187101 -9.194
v 0.048520 0.166501 -9.179
v -0.105600 -0.043479 -8.922
v -0.104200 -0.045379 -8.919
v -0.090500 -0.076219 -8.947
v -0.089630 -0.073699 -8.95
v -0.089190 -0.077969 -8.944
v -0.101000 -0.045709 -8.917
v -0.086210 -0.078289 -8.942
v -0.097160 -0.044369 -8.916
v -0.082690 -0.077049 -8.942
v -0.094220 -0.041849 -8.917
v -0.079990 -0.074719 -8.943
v -0.093270 -0.039119 -8.92
v -0.079120 -0.072199 -8.945
v -0.094690 -0.037229 -8.923
v -0.080430 -0.070449 -8.948
v -0.097920 -0.036889 -8.925
v -0.083410 -0.070139 -8.95
v -0.101700 -0.038239 -8.926
v -0.086920 -0.071379 -8.951
v -0.104700 -0.040759 -8.925
v -0.068290 -0.116099 -8.973
v -0.067590 -0.113699 -8.974999
v -0.067070 -0.117799 -8.971
v -0.064390 -0.118099 -8.969
v -0.061280 -0.116899 -8.967999
v -0.058910 -0.114599 -8.969
v -0.058210 -0.112199 -8.971
v -0.059420 -0.110499 -8.973
v -0.062110 -0.110199 -8.974999
v -0.065220 -0.111399 -8.976
v -0.049090 -0.144299 -9.002
v -0.048570 -0.141899 -9.004
v -0.047830 -0.146099 -9
v -0.045260 -0.146599 -8.999001
v -0.042380 -0.145599 -8.998
v -0.040280 -0.143499 -8.999001
v -0.039760 -0.141099 -9.000999
v -0.041020 -0.139299 -9.003
v -0.043580 -0.138799 -9.004
v -0.046470 -0.139799 -9.005
v -0.036960 -0.171699 -9.031
v -0.036480 -0.169599 -9.032
v -0.035830 -0.173299 -9.028999
v -0.033530 -0.173799 -9.027
v -0.030940 -0.172899 -9.027
v -0.029040 -0.170999 -9.028
v -0.028570 -0.168799 -9.028999
v -0.029690 -0.167199 -9.031
v -0.031990 -0.166799 -9.032
v -0.034580 -0.167699 -9.033
v -0.015250 -0.203999 -9.063
v -0.014900 -0.202099 -9.064
v -0.014250 -0.205499 -9.062
v -0.012280 -0.205799 -9.06
v -0.010090 -0.204999 -9.06
v -0.008520 -0.203299 -9.061
v -0.008160 -0.201299 -9.062
v -0.009170 -0.199899 -9.063
v -0.011140 -0.199499 -9.064
v -0.013330 -0.200399 -9.065
v 0.003490 -0.225899 -9.094
v 0.003780 -0.227199 -9.093
v 0.004710 -0.226599 -9.093
v 0.019440 -0.255298 -9.13
v 0.018370 -0.255298 -9.13
v 0.020360 -0.254598 -9.13
v 0.005060 -0.225599 -9.093
v 0.020710 -0.253698 -9.13
v 0.004690 -0.224799 -9.094
v 0.020320 -0.252798 -9.131
v 0.003750 -0.224499 -9.094
v 0.019390 -0.252499 -9.131
v 0.002700 -0.224799 -9.094
v 0.018330 -0.252798 -9.131
v 0.002010 -0.225699 -9.094
v 0.017650 -0.253698 -9.131
v 0.002030 -0.226599 -9.094
v 0.017670 -0.254598 -9.13
v 0.002720 -0.227199 -9.093
v 0.033980 -0.278999 -9.17
v 0.032910 -0.278999 -9.17
v 0.034900 -0.278399 -9.17
v 0.035240 -0.277398 -9.17
v 0.034850 -0.276498 -9.171
v 0.033910 -0.276199 -9.171
v 0.032860 -0.276599 -9.171
v 0.032180 -0.277398 -9.171
v 0.032200 -0.278399 -9.171
v 0.042870 -0.294199 -9.193999
v 0.035380 -0.277398 -9.175
v 0.034480 -0.276498 -9.175
v 0.034880 -0.277299 -9.188
v 0.033310 -0.276899 -9.175
v 0.033050 -0.278099 -9.175
v 0.033950 -0.278899 -9.175
v 0.035120 -0.278599 -9.175
v 0.019300 -0.257499 -9.132999
v 0.019980 -0.257998 -9.132
v 0.029100 -0.277999 -9.148
v 0.029570 -0.277199 -9.149
v 0.029760 -0.278499 -9.146999
v 0.021140 -0.257599 -9.132
v 0.030900 -0.278099 -9.146999
v 0.021620 -0.256799 -9.132999
v 0.031380 -0.277299 -9.148
v 0.020950 -0.256299 -9.134
v 0.030720 -0.276799 -9.149
v 0.019790 -0.256699 -9.134
v -0.104800 -0.035219 -8.869
v -0.107800 -0.035549 -8.866
v -0.135500 -0.021769 -8.898
v -0.133700 -0.023699 -8.9
v -0.138200 -0.022069 -8.895
v -0.110500 -0.038169 -8.865
v -0.140700 -0.024479 -8.894
v -0.111900 -0.042099 -8.865
v -0.142100 -0.028099 -8.894
v -0.111600 -0.045829 -8.866
v -0.141800 -0.031529 -8.895
v -0.109600 -0.047929 -8.869
v -0.139900 -0.033459 -8.898
v -0.106700 -0.047599 -8.872
v -0.106700 -0.047599 -8.872
v -0.137200 -0.033169 -8.9
v -0.139900 -0.033459 -8.898
v -0.103900 -0.044969 -8.874
v -0.134700 -0.030749 -8.902
v -0.102500 -0.041039 -8.873
v -0.133400 -0.027129 -8.902
v -0.102800 -0.037319 -8.872
v -0.133700 -0.023699 -8.9
v -0.104800 -0.035219 -8.869
v -0.135500 -0.021769 -8.898
v -0.138200 -0.022069 -8.895
v -0.176100 -0.009049 -8.929
v -0.174300 -0.010869 -8.931
v -0.178700 -0.009249 -8.927
v -0.140700 -0.024479 -8.894
v -0.180900 -0.011409 -8.926
v -0.142100 -0.028099 -8.894
v -0.182000 -0.014699 -8.925
v -0.141800 -0.031529 -8.895
v -0.181600 -0.017859 -8.927
v -0.179800 -0.019689 -8.929
v -0.177200 -0.019479 -8.931
v -0.175000 -0.017319 -8.932
v -0.173800 -0.014029 -8.932
v -0.204500 -0.001219 -8.962
v -0.202700 -0.002929 -8.964
v -0.207100 -0.001329 -8.960999
v -0.209400 -0.003199 -8.96
v -0.210500 -0.006129 -8.96
v -0.210000 -0.008999 -8.960999
v -0.208200 -0.010709 -8.963
v -0.205600 -0.010609 -8.964
v -0.203400 -0.008729 -8.965
v -0.202200 -0.005799 -8.965
v -0.228900 0.011691 -8.994
v -0.227300 0.010171 -8.996
v -0.231200 0.011591 -8.993
v -0.233200 0.009901 -8.992001
v -0.234200 0.007271 -8.992001
v -0.233800 0.004701 -8.993
v -0.232200 0.003171 -8.994
v -0.229900 0.003271 -8.996
v -0.227900 0.004961 -8.997
v -0.226900 0.007601 -8.997
v -0.262300 0.020951 -9.032
v -0.260800 0.019621 -9.033
v -0.264300 0.020881 -9.031
v -0.266000 0.019441 -9.03
v -0.266800 0.017171 -9.03
v -0.266400 0.014941 -9.031
v -0.264900 0.013611 -9.032
v -0.262900 0.013681 -9.033
v -0.261100 0.015121 -9.034
v -0.260300 0.017391 -9.034
v -0.283300 0.024621 -9.063
v -0.284600 0.025131 -9.062
v -0.284700 0.024001 -9.062
v -0.310000 0.036011 -9.102
v -0.309300 0.036901 -9.102
v -0.310000 0.034891 -9.102
v -0.284100 0.023171 -9.063
v -0.309400 0.034051 -9.102
v -0.283100 0.023011 -9.063
v -0.308400 0.033891 -9.103001
v -0.282200 0.023611 -9.063
v -0.307500 0.034491 -9.103001
v -0.281800 0.024681 -9.063
v -0.307100 0.035551 -9.103001
v -0.282100 0.025721 -9.063
v -0.307400 0.036601 -9.103001
v -0.282900 0.026251 -9.063
v -0.308200 0.037131 -9.102
v -0.283900 0.026011 -9.062
v -0.331000 0.045271 -9.144
v -0.330300 0.046161 -9.144
v -0.331100 0.044151 -9.145
v -0.330500 0.043311 -9.145
v -0.329500 0.043151 -9.145
v -0.328500 0.043741 -9.146
v -0.328100 0.044811 -9.146
v -0.328400 0.045851 -9.145
v -0.329300 0.046381 -9.145
v -0.344800 0.051241 -9.171
v -0.330000 0.043641 -9.149
v -0.328800 0.043831 -9.149
v -0.328000 0.045401 -9.163
v -0.328300 0.045001 -9.149
v -0.329100 0.045981 -9.149
v -0.330300 0.045781 -9.149
v -0.330800 0.044611 -9.149
v -0.311200 0.037901 -9.105
v -0.312100 0.037561 -9.105
v -0.331500 0.044261 -9.122
v -0.331000 0.043411 -9.123
v -0.332400 0.043911 -9.121
v -0.312500 0.036381 -9.105
v -0.332800 0.042721 -9.121
v -0.312000 0.035541 -9.105
v -0.332300 0.041881 -9.122
v -0.311100 0.035881 -9.106
v -0.331400 0.042221 -9.123
v -0.310700 0.037061 -9.106
v -0.109500 -0.048719 -8.812
v -0.108400 -0.046659 -8.809
v -0.073890 -0.029489 -8.834001
v -0.076080 -0.029289 -8.837
v -0.072910 -0.027589 -8.830999
v -0.109100 -0.043089 -8.807
v -0.073530 -0.024309 -8.829
v -0.111300 -0.039379 -8.807
v -0.075490 -0.020899 -8.829
v -0.114000 -0.036949 -8.809
v -0.078060 -0.018669 -8.830999
v -0.116400 -0.036729 -8.812
v -0.080250 -0.018469 -8.834001
v -0.117500 -0.038799 -8.815
v -0.081220 -0.020369 -8.837
v -0.116800 -0.042369 -8.818
v -0.080610 -0.023659 -8.839
v -0.114700 -0.046069 -8.818
v -0.078640 -0.027059 -8.839
v -0.111900 -0.048499 -8.816
v -0.032220 -0.001859 -8.856999
v -0.034400 -0.001789 -8.859
v -0.031210 -0.000089 -8.854
v -0.031740 0.002861 -8.853
v -0.033610 0.005861 -8.852
v -0.036100 0.007761 -8.854
v -0.038270 0.007841 -8.856
v -0.039290 0.006061 -8.859
v -0.038760 0.003111 -8.861
v -0.036890 0.000121 -8.861
v -0.002580 0.019211 -8.883
v -0.004760 0.019131 -8.885
v -0.001370 0.021001 -8.881001
v -0.001590 0.023841 -8.88
v -0.003150 0.026631 -8.88
v -0.005460 0.028311 -8.881001
v -0.007640 0.028241 -8.883
v -0.008850 0.026441 -8.885
v -0.008630 0.023601 -8.887
v -0.007070 0.020811 -8.887
v 0.029610 0.034501 -8.91
v 0.027690 0.034451 -8.912
v 0.030660 0.036081 -8.908
v 0.030430 0.038601 -8.907
v 0.029020 0.041081 -8.907
v 0.026970 0.042591 -8.908
v 0.025050 0.042541 -8.91
v 0.024000 0.040951 -8.912
v 0.024220 0.038431 -8.913
v 0.025630 0.035951 -8.913
v 0.065620 0.060051 -8.941
v 0.063900 0.059951 -8.942
v 0.066560 0.061431 -8.939
v 0.066360 0.063561 -8.938001
v 0.065100 0.065631 -8.938001
v 0.063250 0.066841 -8.939
v 0.061530 0.066741 -8.94
v 0.060590 0.065361 -8.942
v 0.060790 0.063231 -8.943
v 0.062050 0.061161 -8.943
v 0.085090 0.076771 -8.964
v 0.086220 0.077391 -8.963
v 0.085420 0.078201 -8.963
v 0.117500 0.095141 -8.996
v 0.117800 0.094031 -8.997
v 0.116700 0.095951 -8.997
v 0.084470 0.078351 -8.964
v 0.115700 0.096081 -8.997
v 0.083810 0.077751 -8.964
v 0.115100 0.095481 -8.998
v 0.083750 0.076691 -8.965
v 0.115000 0.094411 -8.998
v 0.084320 0.075671 -8.965
v 0.115600 0.093391 -8.998
v 0.085260 0.075161 -8.964
v 0.116500 0.092891 -8.998
v 0.086110 0.075401 -8.964
v 0.117400 0.093141 -8.997
v 0.086490 0.076281 -8.963
v 0.145200 0.110901 -9.034
v 0.145500 0.109801 -9.034
v 0.144400 0.111701 -9.034
v 0.143400 0.111801 -9.035
v 0.142700 0.111201 -9.036
v 0.142700 0.110101 -9.036
v 0.143200 0.109101 -9.036
v 0.144200 0.108601 -9.036
v 0.145100 0.108901 -9.035
v 0.163100 0.121001 -9.058
v 0.144000 0.111701 -9.039001
v 0.143300 0.110601 -9.039001
v 0.145900 0.110401 -9.053
v 0.143900 0.109501 -9.039001
v 0.145200 0.109401 -9.039001
v 0.145800 0.110501 -9.039001
v 0.145200 0.111701 -9.039001
v 0.120300 0.095231 -9
v 0.120500 0.096081 -8.999001
v 0.140400 0.108401 -9.013
v 0.139500 0.108601 -9.014
v 0.140600 0.109201 -9.012
v 0.119800 0.097181 -8.999001
v 0.139900 0.110301 -9.012
v 0.119000 0.097441 -9
v 0.139000 0.110501 -9.013
v 0.118800 0.096591 -9.001
v 0.138800 0.109701 -9.014
v 0.119400 0.095491 -9.001
v -0.126400 -0.043999 -8.75
v -0.125800 -0.046469 -8.746
v -0.131800 -0.082339 -8.775
v -0.129900 -0.080499 -8.778
v -0.131300 -0.084619 -8.772
v -0.122800 -0.048469 -8.744
v -0.128500 -0.086459 -8.77
v -0.118500 -0.049219 -8.744
v -0.124600 -0.087159 -8.77
v -0.114600 -0.048449 -8.745
v -0.121000 -0.086439 -8.772
v -0.112500 -0.046449 -8.748
v -0.119100 -0.084589 -8.774
v -0.113100 -0.043969 -8.752
v -0.119600 -0.082319 -8.776999
v -0.116100 -0.041979 -8.754
v -0.122400 -0.080479 -8.779
v -0.120400 -0.041219 -8.754
v -0.126300 -0.079779 -8.78
v -0.124300 -0.041989 -8.753
v -0.134400 -0.130699 -8.802
v -0.132700 -0.128899 -8.805
v -0.134000 -0.132899 -8.8
v -0.131500 -0.134599 -8.798
v -0.128000 -0.135099 -8.798
v -0.124800 -0.134299 -8.799
v -0.123000 -0.132399 -8.801
v -0.123500 -0.130199 -8.804
v -0.125900 -0.128499 -8.805
v -0.129400 -0.127999 -8.806
v -0.134100 -0.164899 -8.832
v -0.132500 -0.162899 -8.834001
v -0.133700 -0.167199 -8.83
v -0.131500 -0.168999 -8.829
v -0.128300 -0.169599 -8.829
v -0.125300 -0.168799 -8.83
v -0.123800 -0.166799 -8.830999
v -0.124200 -0.164499 -8.833
v -0.126400 -0.162699 -8.835
v -0.129500 -0.162099 -8.835
v -0.139900 -0.197999 -8.863
v -0.138500 -0.196299 -8.865
v -0.139600 -0.199999 -8.861
v -0.137600 -0.201499 -8.86
v -0.134800 -0.201999 -8.86
v -0.132200 -0.201299 -8.861
v -0.130800 -0.199599 -8.862
v -0.131200 -0.197599 -8.863999
v -0.133100 -0.196099 -8.865
v -0.135900 -0.195499 -8.866
v -0.139600 -0.240199 -8.898
v -0.138400 -0.238699 -8.899
v -0.139300 -0.241899 -8.897
v -0.137700 -0.243199 -8.895
v -0.135300 -0.243599 -8.895
v -0.133100 -0.242899 -8.896
v -0.131900 -0.241299 -8.897
v -0.132200 -0.239599 -8.899
v -0.133800 -0.238299 -8.9
v -0.136200 -0.237899 -8.9
v -0.136300 -0.260099 -8.919
v -0.136600 -0.261499 -8.918
v -0.135400 -0.261399 -8.918
v -0.139300 -0.293899 -8.954
v -0.140300 -0.293299 -8.955
v -0.138100 -0.293799 -8.954
v -0.134600 -0.260699 -8.918
v -0.137300 -0.293099 -8.955
v -0.134600 -0.259699 -8.919
v -0.137300 -0.292099 -8.955
v -0.135400 -0.258899 -8.92
v -0.138000 -0.291299 -8.956
v -0.136500 -0.258699 -8.92
v -0.139200 -0.291099 -8.956
v -0.137600 -0.259099 -8.919
v -0.140200 -0.291499 -8.956
v -0.138000 -0.259999 -8.919
v -0.140700 -0.292399 -8.955
v -0.137600 -0.260999 -8.918
v -0.141000 -0.322099 -8.993999
v -0.142000 -0.321499 -8.995
v -0.139800 -0.321899 -8.993999
v -0.139000 -0.321199 -8.995
v -0.139000 -0.320199 -8.995
v -0.139700 -0.319399 -8.996
v -0.140900 -0.319199 -8.996
v -0.141900 -0.319599 -8.996
v -0.142400 -0.320599 -8.995
v -0.142300 -0.340599 -9.02
v -0.139100 -0.321299 -8.999001
v -0.139600 -0.319999 -8.999001
v -0.140300 -0.320999 -9.013
v -0.140800 -0.319799 -8.999001
v -0.141700 -0.320699 -8.999001
v -0.141300 -0.321999 -8.999001
v -0.140000 -0.322199 -8.999001
v -0.140800 -0.295799 -8.958
v -0.140300 -0.296499 -8.957
v -0.142800 -0.318599 -8.973
v -0.141900 -0.317999 -8.973
v -0.142300 -0.319399 -8.972
v -0.139000 -0.296799 -8.957
v -0.141000 -0.319599 -8.972
v -0.138200 -0.296199 -8.958
v -0.140200 -0.318999 -8.972
v -0.138600 -0.295399 -8.959
v -0.140600 -0.318199 -8.973
v -0.139900 -0.295199 -8.959
v -0.117800 -0.041739 -8.677999
v -0.120200 -0.041059 -8.674
v -0.143800 -0.008739 -8.701
v -0.143500 -0.011009 -8.704
v -0.146000 -0.008109 -8.698
v -0.123700 -0.042439 -8.672
v -0.149300 -0.009369 -8.696
v -0.127100 -0.045339 -8.672
v -0.152400 -0.012019 -8.696
v -0.129100 -0.048659 -8.674
v -0.154200 -0.015069 -8.698
v -0.128800 -0.051129 -8.677999
v -0.153900 -0.017339 -8.701
v -0.126400 -0.051809 -8.681
v -0.151700 -0.017969 -8.704
v -0.122800 -0.050429 -8.683001
v -0.148400 -0.016709 -8.705999
v -0.119400 -0.047529 -8.683001
v -0.145300 -0.014059 -8.705999
v -0.117500 -0.044209 -8.681
v -0.179500 0.028721 -8.725
v -0.179100 0.026491 -8.728
v -0.181600 0.029421 -8.722
v -0.184500 0.028331 -8.721
v -0.187200 0.025861 -8.721
v -0.188600 0.022961 -8.722
v -0.188300 0.020731 -8.725
v -0.186200 0.020031 -8.727
v -0.183200 0.021131 -8.729
v -0.180500 0.023591 -8.729
v -0.205200 0.054291 -8.753
v -0.204600 0.052091 -8.755
v -0.207300 0.055191 -8.751
v -0.210200 0.054441 -8.749
v -0.212700 0.052341 -8.749
v -0.214000 0.049681 -8.751
v -0.213400 0.047481 -8.753
v -0.211300 0.046581 -8.755
v -0.208400 0.047331 -8.756
v -0.205900 0.049431 -8.756
v -0.227000 0.085411 -8.782
v -0.226500 0.083501 -8.784
v -0.228800 0.086161 -8.780001
v -0.231300 0.085471 -8.779
v -0.233600 0.083591 -8.779
v -0.234700 0.081251 -8.780001
v -0.234200 0.079341 -8.782
v -0.232400 0.078591 -8.784
v -0.229900 0.079281 -8.785
v -0.227600 0.081161 -8.785
v -0.259900 0.118001 -8.815001
v -0.259400 0.116301 -8.816
v -0.261400 0.118601 -8.813
v -0.263500 0.118001 -8.812
v -0.265300 0.116401 -8.812
v -0.266200 0.114401 -8.813
v -0.265700 0.112701 -8.815001
v -0.264200 0.112001 -8.816
v -0.262100 0.112601 -8.816999
v -0.260300 0.114301 -8.816999
v -0.274200 0.128201 -8.830999
v -0.275100 0.129201 -8.83
v -0.275800 0.128301 -8.83
v -0.297800 0.156601 -8.864
v -0.296700 0.157101 -8.864
v -0.298400 0.155601 -8.864
v -0.275700 0.127301 -8.830999
v -0.298400 0.154601 -8.864
v -0.275000 0.126701 -8.830999
v -0.297600 0.154001 -8.865
v -0.273900 0.126901 -8.832
v -0.296500 0.154101 -8.866
v -0.273000 0.127601 -8.832
v -0.295600 0.154901 -8.866
v -0.272600 0.128701 -8.830999
v -0.295200 0.156001 -8.865
v -0.273100 0.129501 -8.83
v -0.295700 0.156801 -8.864
v -0.274000 0.129701 -8.83
v -0.317800 0.180801 -8.902
v -0.316700 0.181301 -8.902
v -0.318400 0.179801 -8.902
v -0.318300 0.178801 -8.902
v -0.317600 0.178201 -8.903
v -0.316500 0.178301 -8.904
v -0.315500 0.179101 -8.904
v -0.315200 0.180201 -8.903
v -0.315700 0.181001 -8.902
v -0.331000 0.196801 -8.926
v -0.318200 0.179301 -8.907
v -0.317000 0.178801 -8.907
v -0.317000 0.181501 -8.921
v -0.315900 0.179701 -8.907
v -0.316200 0.181001 -8.907
v -0.317400 0.181501 -8.907
v -0.318500 0.180601 -8.907
v -0.298300 0.159301 -8.867
v -0.299200 0.159301 -8.866
v -0.314800 0.176501 -8.881001
v -0.314800 0.175501 -8.881001
v -0.315700 0.176501 -8.88
v -0.300200 0.158401 -8.866
v -0.316700 0.175601 -8.88
v -0.300300 0.157501 -8.867
v -0.316700 0.174601 -8.881001
v -0.299300 0.157401 -8.868
v -0.315800 0.174601 -8.881001
v -0.298300 0.158301 -8.868
v -0.122700 -0.059669 -8.573
v -0.120700 -0.058559 -8.57
v -0.078480 -0.058469 -8.596
v -0.080360 -0.056899 -8.599
v -0.076640 -0.057459 -8.593
v -0.119500 -0.055039 -8.567
v -0.075540 -0.054249 -8.59
v -0.119500 -0.050449 -8.567
v -0.075590 -0.050059 -8.59
v -0.120800 -0.046549 -8.568999
v -0.076780 -0.046499 -8.592
v -0.122900 -0.044829 -8.572001
v -0.078660 -0.044919 -8.595
v -0.124900 -0.045939 -8.575999
v -0.080500 -0.045929 -8.598
v -0.126100 -0.049449 -8.578
v -0.081610 -0.049149 -8.6
v -0.126000 -0.054039 -8.578
v -0.081550 -0.053339 -8.601
v -0.124700 -0.057939 -8.575999
v -0.024560 -0.052549 -8.618999
v -0.026490 -0.051149 -8.622
v -0.022740 -0.051649 -8.616
v -0.021720 -0.048799 -8.614
v -0.021890 -0.045079 -8.614
v -0.023190 -0.041919 -8.615
v -0.025120 -0.040519 -8.618
v -0.026950 -0.041409 -8.621
v -0.027960 -0.044269 -8.623
v -0.027790 -0.047979 -8.623
v 0.012140 -0.046579 -8.646
v 0.010130 -0.045349 -8.648
v 0.014170 -0.045729 -8.643
v 0.015430 -0.043129 -8.642
v 0.015450 -0.039759 -8.642
v 0.014210 -0.036919 -8.643
v 0.012200 -0.035689 -8.645
v 0.010170 -0.036539 -8.647
v 0.008910 -0.039149 -8.649
v 0.008890 -0.042509 -8.649
v 0.053010 -0.046979 -8.676001
v 0.051290 -0.045899 -8.677
v 0.054710 -0.046239 -8.672999
v 0.055750 -0.043959 -8.672
v 0.055730 -0.041009 -8.672
v 0.054660 -0.038529 -8.672999
v 0.052950 -0.037449 -8.675
v 0.051240 -0.038189 -8.677
v 0.050200 -0.040459 -8.677999
v 0.050220 -0.043409 -8.679
v 0.102000 -0.038929 -8.708
v 0.100500 -0.038049 -8.709
v 0.103500 -0.038309 -8.705999
v 0.104300 -0.036439 -8.705
v 0.104200 -0.034019 -8.705
v 0.103200 -0.031989 -8.705999
v 0.101700 -0.031109 -8.707
v 0.100200 -0.031729 -8.709
v 0.099410 -0.033599 -8.71
v 0.099520 -0.036019 -8.71
v 0.113800 -0.033519 -8.718
v 0.115100 -0.033619 -8.717
v 0.114800 -0.032409 -8.717
v 0.151600 -0.030499 -8.75
v 0.151200 -0.031659 -8.75
v 0.151200 -0.029299 -8.75
v 0.114000 -0.031729 -8.717
v 0.150400 -0.028619 -8.75
v 0.113100 -0.031889 -8.718
v 0.149500 -0.028779 -8.751
v 0.112500 -0.032809 -8.719
v 0.148900 -0.029699 -8.752
v 0.112500 -0.034059 -8.719
v 0.148900 -0.030949 -8.752
v 0.113100 -0.035069 -8.718
v 0.149500 -0.031949 -8.751
v 0.114000 -0.035349 -8.718
v 0.150400 -0.032229 -8.751
v 0.114800 -0.034769 -8.717
v 0.184000 -0.027199 -8.787
v 0.183600 -0.028359 -8.787
v 0.183600 -0.025999 -8.787
v 0.182800 -0.025329 -8.787
v 0.181800 -0.025489 -8.788
v 0.181200 -0.026409 -8.789
v 0.181200 -0.027659 -8.789
v 0.181800 -0.028659 -8.788
v 0.182800 -0.028929 -8.788
v 0.205800 -0.025139 -8.811
v 0.183200 -0.025469 -8.792
v 0.182000 -0.026149 -8.792
v 0.184500 -0.026819 -8.806
v 0.182000 -0.027529 -8.792
v 0.183200 -0.028219 -8.792
v 0.184400 -0.027549 -8.792
v 0.184400 -0.026169 -8.792
v 0.154000 -0.031659 -8.753
v 0.154600 -0.031059 -8.752
v 0.178100 -0.029449 -8.766
v 0.177400 -0.028689 -8.767
v 0.178700 -0.028839 -8.765
v 0.154600 -0.029679 -8.752
v 0.178700 -0.027479 -8.765
v 0.153900 -0.028919 -8.753
v 0.178000 -0.026719 -8.766
v 0.153300 -0.029529 -8.754
v 0.177400 -0.027319 -8.767
v 0.153300 -0.030899 -8.754
v -0.127600 -0.060509 -8.360001
v -0.127500 -0.062859 -8.356
v -0.160200 -0.097619 -8.38
v -0.158200 -0.097179 -8.384
v -0.160100 -0.099759 -8.377
v -0.125100 -0.066179 -8.354
v -0.157900 -0.102799 -8.375
v -0.121300 -0.069209 -8.354
v -0.154500 -0.105499 -8.375
v -0.117600 -0.070779 -8.356999
v -0.151100 -0.106999 -8.377
v -0.115500 -0.070309 -8.361
v -0.149100 -0.106499 -8.381001
v -0.115600 -0.067959 -8.363999
v -0.149300 -0.104399 -8.384
v -0.118000 -0.064639 -8.367001
v -0.151400 -0.101399 -8.386
v -0.121800 -0.061609 -8.367001
v -0.154900 -0.098599 -8.386
v -0.125500 -0.060039 -8.363999
v -0.195300 -0.145499 -8.401
v -0.193300 -0.144899 -8.403
v -0.195300 -0.147599 -8.398
v -0.193400 -0.150299 -8.396
v -0.190300 -0.152599 -8.396
v -0.187200 -0.153699 -8.398
v -0.185200 -0.153099 -8.401
v -0.185200 -0.150999 -8.403
v -0.187100 -0.148299 -8.405
v -0.190200 -0.145999 -8.405
v -0.218800 -0.178599 -8.426
v -0.216800 -0.177799 -8.428
v -0.219100 -0.180699 -8.423
v -0.217600 -0.183499 -8.422
v -0.215000 -0.185699 -8.422
v -0.212100 -0.186599 -8.424
v -0.210200 -0.185799 -8.426
v -0.209900 -0.183599 -8.429
v -0.211300 -0.180899 -8.43
v -0.214000 -0.178699 -8.43
v -0.252700 -0.212999 -8.455
v -0.251000 -0.212399 -8.457
v -0.252800 -0.214799 -8.452
v -0.251500 -0.217099 -8.451
v -0.249200 -0.218999 -8.451
v -0.246800 -0.219699 -8.453
v -0.245200 -0.219099 -8.455
v -0.245000 -0.217299 -8.457
v -0.246300 -0.215099 -8.458
v -0.248600 -0.213199 -8.458
v -0.281200 -0.260999 -8.485
v -0.281900 -0.262099 -8.483
v -0.280800 -0.262599 -8.484
v -0.306000 -0.294299 -8.513
v -0.306800 -0.293299 -8.513
v -0.304800 -0.294799 -8.513
v -0.279800 -0.262399 -8.484
v -0.303800 -0.294599 -8.514
v -0.279400 -0.261499 -8.485
v -0.303500 -0.293699 -8.514999
v -0.279900 -0.260499 -8.486
v -0.303900 -0.292699 -8.516
v -0.281000 -0.259699 -8.486
v -0.305000 -0.291899 -8.516
v -0.282100 -0.259499 -8.485
v -0.306100 -0.291699 -8.514999
v -0.282800 -0.260099 -8.484
v -0.306900 -0.292299 -8.514
v -0.282700 -0.261099 -8.484
v -0.327900 -0.323599 -8.547
v -0.328700 -0.322599 -8.547999
v -0.326700 -0.324099 -8.547999
v -0.325700 -0.323899 -8.547999
v -0.325300 -0.322999 -8.549
v -0.325700 -0.321899 -8.55
v -0.326800 -0.321099 -8.55
v -0.328000 -0.320999 -8.549
v -0.328700 -0.321599 -8.547999
v -0.341600 -0.342099 -8.568999
v -0.326500 -0.324199 -8.553
v -0.326300 -0.322799 -8.553
v -0.329700 -0.324699 -8.566
v -0.327500 -0.321899 -8.553
v -0.328800 -0.322499 -8.553
v -0.328900 -0.323899 -8.552
v -0.327800 -0.324799 -8.553
v -0.308800 -0.295599 -8.516
v -0.308500 -0.296499 -8.514999
v -0.322600 -0.316799 -8.528
v -0.321600 -0.316699 -8.529
v -0.322300 -0.317699 -8.526999
v -0.307400 -0.297399 -8.514999
v -0.321100 -0.318499 -8.526999
v -0.306400 -0.297299 -8.516
v -0.306400 -0.297299 -8.516
v -0.320200 -0.318399 -8.528
v -0.321100 -0.318499 -8.526999
v -0.306600 -0.296399 -8.517
v -0.320400 -0.317499 -8.529
v -0.307800 -0.295599 -8.517
v -0.321600 -0.316699 -8.529
v -0.308800 -0.295599 -8.516
v -0.092160 -0.076069 -7.959
v -0.093630 -0.075439 -7.955
v -0.103000 -0.018849 -7.971
v -0.104500 -0.020019 -7.975
v -0.104300 -0.018259 -7.967
v -0.097660 -0.075689 -7.952
v -0.108000 -0.018469 -7.964
v -0.102700 -0.076739 -7.952
v -0.112500 -0.019409 -7.964
v -0.106900 -0.078169 -7.954
v -0.116200 -0.020709 -7.966
v -0.108500 -0.079459 -7.959
v -0.117700 -0.021889 -7.97
v -0.107100 -0.080089 -7.963
v -0.116400 -0.022479 -7.974
v -0.103000 -0.079839 -7.966
v -0.112800 -0.022269 -7.977
v -0.097970 -0.078799 -7.966
v -0.108200 -0.021329 -7.977
v -0.093820 -0.077359 -7.964
v -0.120900 0.047071 -7.981
v -0.122200 0.045691 -7.985
v -0.122100 0.047861 -7.978
v -0.125300 0.047751 -7.976
v -0.129200 0.046781 -7.975
v -0.132400 0.045331 -7.977
v -0.133700 0.043951 -7.98
v -0.132500 0.043161 -7.984
v -0.129300 0.043281 -7.986
v -0.125400 0.044241 -7.986
v -0.134600 0.092471 -8
v -0.135600 0.090931 -8.003
v -0.135800 0.093611 -7.997
v -0.138700 0.093941 -7.995
v -0.142200 0.093311 -7.995
v -0.145100 0.091971 -7.997
v -0.146100 0.090431 -8
v -0.144900 0.089291 -8.003
v -0.142000 0.088961 -8.004001
v -0.138400 0.089591 -8.005
v -0.144000 0.153601 -8.023
v -0.144900 0.152401 -8.025001
v -0.144900 0.154301 -8.021
v -0.147300 0.154501 -8.019
v -0.150200 0.153901 -8.019
v -0.152600 0.152801 -8.02
v -0.153500 0.151701 -8.023
v -0.152500 0.150901 -8.025001
v -0.150100 0.150701 -8.026999
v -0.147200 0.151301 -8.026999
v -0.160500 0.191501 -8.035
v -0.160700 0.192601 -8.033
v -0.161900 0.192001 -8.033
v -0.173800 0.236601 -8.054999
v -0.172400 0.236701 -8.054999
v -0.175000 0.236001 -8.054999
v -0.162500 0.191201 -8.033999
v -0.175600 0.235201 -8.056
v -0.162200 0.190601 -8.035
v -0.175300 0.234501 -8.057
v -0.161100 0.190401 -8.036
v -0.174200 0.234301 -8.058001
v -0.159700 0.190701 -8.036
v -0.172800 0.234701 -8.058001
v -0.158700 0.191401 -8.036
v -0.171800 0.235401 -8.057
v -0.158600 0.192201 -8.035
v -0.171700 0.236201 -8.056
v -0.159400 0.192701 -8.033999
v -0.186500 0.278001 -8.082
v -0.185100 0.278001 -8.082
v -0.187700 0.277401 -8.082
v -0.188300 0.276501 -8.083
v -0.187900 0.275801 -8.084
v -0.186800 0.275601 -8.085
v -0.185500 0.275901 -8.085
v -0.184500 0.276701 -8.084
v -0.184400 0.277501 -8.083
v -0.194800 0.305501 -8.1
v -0.188400 0.278001 -8.087
v -0.187400 0.277001 -8.088
v -0.188000 0.283101 -8.101
v -0.185900 0.277301 -8.088
v -0.185400 0.278701 -8.087
v -0.186400 0.279801 -8.087
v -0.187900 0.279401 -8.087
v -0.175100 0.235101 -8.056
v -0.174300 0.234901 -8.058001
v -0.176200 0.239301 -8.058001
v -0.173200 0.240101 -8.058001
v -0.174000 0.240301 -8.057
v -0.181300 0.265901 -8.065001
v -0.182100 0.265301 -8.066
v -0.182100 0.266101 -8.064
v -0.175400 0.240001 -8.057
v -0.183600 0.265701 -8.064
v -0.184300 0.265001 -8.065001
v -0.175400 0.239101 -8.059
v -0.183500 0.264801 -8.066
v -0.173900 0.239501 -8.059
v -0.085490 -0.097069 -7.574
v -0.084070 -0.095899 -7.57
v -0.030740 -0.128399 -7.583
v -0.030610 -0.126799 -7.588
v -0.029450 -0.127399 -7.579
v -0.081590 -0.092199 -7.567
v -0.027230 -0.124099 -7.577
v -0.079010 -0.087379 -7.567
v -0.024920 -0.119799 -7.577
v -0.077310 -0.083289 -7.57
v -0.023420 -0.116099 -7.579
v -0.077140 -0.081479 -7.574
v -0.023290 -0.114499 -7.583
v -0.078560 -0.082649 -7.579
v -0.024580 -0.115499 -7.588
v -0.081030 -0.086349 -7.582
v -0.026800 -0.118799 -7.59
v -0.083610 -0.091169 -7.582
v -0.029100 -0.123099 -7.59
v -0.085320 -0.095259 -7.579
v 0.032700 -0.158199 -7.591
v 0.032450 -0.156599 -7.595
v 0.034100 -0.157499 -7.587
v 0.036110 -0.154699 -7.585
v 0.037970 -0.150899 -7.585
v 0.038960 -0.147499 -7.587
v 0.038710 -0.145899 -7.591
v 0.037310 -0.146599 -7.594
v 0.035300 -0.149399 -7.597
v 0.033440 -0.153199 -7.597
v 0.081460 -0.180699 -7.61
v 0.080980 -0.179099 -7.613
v 0.083080 -0.180299 -7.607
v 0.085220 -0.177999 -7.605
v 0.087060 -0.174799 -7.605
v 0.087890 -0.171799 -7.607
v 0.087410 -0.170299 -7.61
v 0.085790 -0.170699 -7.613
v 0.083650 -0.172999 -7.615
v 0.081820 -0.176199 -7.615
v 0.140000 -0.217699 -7.631
v 0.139700 -0.216499 -7.634
v 0.141100 -0.217199 -7.629
v 0.142700 -0.215299 -7.627
v 0.144100 -0.212699 -7.627
v 0.144800 -0.210399 -7.629
v 0.144600 -0.209199 -7.631
v 0.143400 -0.209699 -7.634
v 0.141900 -0.211599 -7.635
v 0.140500 -0.214199 -7.635
v 0.164600 -0.223299 -7.637
v 0.165500 -0.223799 -7.635
v 0.165900 -0.222399 -7.636
v 0.208500 -0.242999 -7.655
v 0.207700 -0.244199 -7.655
v 0.208800 -0.241599 -7.655
v 0.165700 -0.221399 -7.637
v 0.208600 -0.240699 -7.656
v 0.165000 -0.221399 -7.638
v 0.207800 -0.240599 -7.657
v 0.164100 -0.222199 -7.639
v 0.206900 -0.241399 -7.658
v 0.163500 -0.223599 -7.639
v 0.206300 -0.242799 -7.658
v 0.163400 -0.224799 -7.638
v 0.206300 -0.243999 -7.657
v 0.163900 -0.225399 -7.637
v 0.206800 -0.244599 -7.656
v 0.164700 -0.224899 -7.636
v 0.249300 -0.261199 -7.679
v 0.248500 -0.262399 -7.68
v 0.249600 -0.259799 -7.68
v 0.249300 -0.258899 -7.681
v 0.248500 -0.258799 -7.682
v 0.247600 -0.259599 -7.683
v 0.247000 -0.260999 -7.683
v 0.247000 -0.262199 -7.682
v 0.247600 -0.262799 -7.681
v 0.277000 -0.273599 -7.697
v 0.250600 -0.259999 -7.684999
v 0.249100 -0.260199 -7.684999
v 0.254700 -0.264499 -7.699
v 0.248400 -0.261599 -7.684999
v 0.249200 -0.262899 -7.684999
v 0.250800 -0.262799 -7.684
v 0.251500 -0.261299 -7.684
v 0.208200 -0.241099 -7.656
v 0.212200 -0.242899 -7.658
v 0.212200 -0.243799 -7.656
v 0.207500 -0.241599 -7.658
v 0.206900 -0.243099 -7.658
v 0.206900 -0.244099 -7.656
v 0.210900 -0.244999 -7.659
v 0.210900 -0.245899 -7.658
v 0.211500 -0.245299 -7.656
v 0.236400 -0.255799 -7.663
v 0.236400 -0.254899 -7.665
v 0.237100 -0.255199 -7.662
v 0.237700 -0.253699 -7.662
v 0.237600 -0.252799 -7.663
v 0.211500 -0.243499 -7.659
v 0.237000 -0.253399 -7.665
v 0.241400 -0.255899 -7.665
v -0.081300 -0.063179 -7.124
v -0.080600 -0.064579 -7.119
v -0.144100 -0.086839 -7.125
v -0.143500 -0.088539 -7.129
v -0.143500 -0.088089 -7.12
v -0.078820 -0.068779 -7.116
v -0.142000 -0.091819 -7.117
v -0.076640 -0.074169 -7.116
v -0.140100 -0.096599 -7.117
v -0.074880 -0.078699 -7.119
v -0.138500 -0.100599 -7.12
v -0.074220 -0.080639 -7.124
v -0.137900 -0.102299 -7.124
v -0.074910 -0.079229 -7.129
v -0.138500 -0.101099 -7.128
v -0.076690 -0.075029 -7.131999
v -0.140000 -0.097329 -7.131
v -0.078880 -0.069639 -7.131999
v -0.141900 -0.092549 -7.131
v -0.080640 -0.065109 -7.129
v -0.208700 -0.116999 -7.122
v -0.207700 -0.118399 -7.126
v -0.208500 -0.118299 -7.118
v -0.207300 -0.121499 -7.116
v -0.205500 -0.125599 -7.116
v -0.203700 -0.128899 -7.118
v -0.202700 -0.130199 -7.122
v -0.202900 -0.128999 -7.125
v -0.204100 -0.125699 -7.128
v -0.206000 -0.121699 -7.128
v -0.264100 -0.144099 -7.135
v -0.263000 -0.145099 -7.138
v -0.264300 -0.145299 -7.131
v -0.263700 -0.148299 -7.129
v -0.262300 -0.151899 -7.129
v -0.260800 -0.154699 -7.131
v -0.259700 -0.155699 -7.134
v -0.259400 -0.154499 -7.137
v -0.260100 -0.151499 -7.14
v -0.261500 -0.147899 -7.14
v -0.336600 -0.168799 -7.146
v -0.335900 -0.169599 -7.149
v -0.336500 -0.169599 -7.144
v -0.335800 -0.171899 -7.142
v -0.334700 -0.174699 -7.142
v -0.333600 -0.176899 -7.143
v -0.332900 -0.177799 -7.146
v -0.332900 -0.176899 -7.149
v -0.333600 -0.174699 -7.15
v -0.334800 -0.171899 -7.15
v -0.343200 -0.177599 -7.147
v -0.343900 -0.177799 -7.145
v -0.343100 -0.179099 -7.145
v -0.388200 -0.200499 -7.157
v -0.388700 -0.199099 -7.158
v -0.387400 -0.201799 -7.158
v -0.342300 -0.179699 -7.146
v -0.386600 -0.202399 -7.159
v -0.342000 -0.179299 -7.148
v -0.386200 -0.201999 -7.16
v -0.342200 -0.178099 -7.149
v -0.386400 -0.200799 -7.161
v -0.342900 -0.176699 -7.149
v -0.387100 -0.199299 -7.161
v -0.343800 -0.175699 -7.148
v -0.388000 -0.198399 -7.16
v -0.344400 -0.175599 -7.147
v -0.388600 -0.198299 -7.159
v -0.344400 -0.176499 -7.145
v -0.431100 -0.222799 -7.176
v -0.431600 -0.221399 -7.176
v -0.430300 -0.224099 -7.176
v -0.429400 -0.224599 -7.177
v -0.429000 -0.224199 -7.178
v -0.429100 -0.222899 -7.179
v -0.429800 -0.221499 -7.179
v -0.430800 -0.220499 -7.179
v -0.431400 -0.220499 -7.177
v -0.460300 -0.237899 -7.189
v -0.431600 -0.225199 -7.181
v -0.430700 -0.223899 -7.182
v -0.439200 -0.226499 -7.195
v -0.431500 -0.222299 -7.182
v -0.433000 -0.222099 -7.181
v -0.433900 -0.223399 -7.18
v -0.433100 -0.224999 -7.18
v -0.386700 -0.201799 -7.159
v -0.386900 -0.200999 -7.161
v -0.390800 -0.203799 -7.16
v -0.387700 -0.199499 -7.161
v -0.388300 -0.198699 -7.159
v -0.391800 -0.201499 -7.161
v -0.392400 -0.200699 -7.16
v -0.392200 -0.201499 -7.159
v -0.416900 -0.214299 -7.162
v -0.416300 -0.214999 -7.163
v -0.416700 -0.215099 -7.161
v -0.391400 -0.203099 -7.159
v -0.415900 -0.216599 -7.161
v -0.415300 -0.217299 -7.162
v -0.391000 -0.202999 -7.161
v -0.415500 -0.216599 -7.163
v -0.041120 -0.037089 -6.531
v -0.042850 -0.036669 -6.526
v -0.018220 0.028861 -6.531
v -0.019930 0.029491 -6.535
v -0.019730 0.029271 -6.526
v -0.047570 -0.035229 -6.522
v -0.023870 0.030561 -6.523
v -0.053480 -0.033319 -6.522
v -0.029070 0.032231 -6.523
v -0.058330 -0.031679 -6.525
v -0.033330 0.033651 -6.526
v -0.060250 -0.030929 -6.53
v -0.035030 0.034281 -6.53
v -0.058520 -0.031359 -6.536
v -0.033520 0.033871 -6.535
v -0.053800 -0.032789 -6.539
v -0.029380 0.032581 -6.538
v -0.047890 -0.034699 -6.539
v -0.024190 0.030911 -6.538
v -0.043040 -0.036339 -6.536
v 0.000050 0.098591 -6.529
v -0.001590 0.098631 -6.533
v -0.001120 0.099321 -6.525
v -0.004630 0.100501 -6.522
v -0.009150 0.101801 -6.522
v -0.012950 0.102601 -6.524
v -0.014590 0.102601 -6.528
v -0.013420 0.101901 -6.532
v -0.009910 0.100701 -6.535
v -0.005390 0.099431 -6.535
v 0.015820 0.162001 -6.542
v 0.014380 0.161801 -6.545
v 0.014970 0.163001 -6.538
v 0.012130 0.164401 -6.536
v 0.008400 0.165701 -6.536
v 0.005210 0.166401 -6.538
v 0.003760 0.166201 -6.542
v 0.004620 0.165201 -6.545
v 0.007450 0.163801 -6.547
v 0.011180 0.162501 -6.547
v 0.036700 0.230001 -6.552
v 0.036960 0.230601 -6.55
v 0.035380 0.231001 -6.55
v 0.052200 0.279101 -6.561
v 0.053640 0.278401 -6.561
v 0.050610 0.279401 -6.561
v 0.034410 0.230901 -6.552
v 0.049630 0.279201 -6.562
v 0.034520 0.230401 -6.553
v 0.049720 0.278601 -6.564
v 0.035640 0.229701 -6.554
v 0.050820 0.277901 -6.565
v 0.037260 0.229201 -6.554
v 0.052440 0.277401 -6.565
v 0.038620 0.229101 -6.553
v 0.053800 0.277301 -6.564
v 0.039070 0.229401 -6.552
v 0.054280 0.277701 -6.562
v 0.038420 0.230001 -6.55
v 0.066930 0.326301 -6.577
v 0.068370 0.325601 -6.578
v 0.065340 0.326601 -6.578
v 0.064350 0.326401 -6.579
v 0.064420 0.325801 -6.581
v 0.065520 0.325001 -6.581
v 0.067130 0.324501 -6.582
v 0.068500 0.324401 -6.581
v 0.068990 0.324901 -6.579
v 0.075060 0.352301 -6.587
v 0.065550 0.328401 -6.583
v 0.065980 0.326801 -6.584
v 0.069740 0.333601 -6.593
v 0.067740 0.326201 -6.584
v 0.069060 0.327201 -6.583
v 0.068630 0.328901 -6.582
v 0.066870 0.329501 -6.582
v 0.053690 0.277801 -6.563
v 0.052880 0.278201 -6.561
v 0.055110 0.282201 -6.563
v 0.054140 0.282301 -6.565
v 0.051100 0.278701 -6.561
v 0.050120 0.278901 -6.563
v 0.052520 0.283101 -6.562
v 0.050930 0.278501 -6.564
v 0.052350 0.282801 -6.565
v 0.051550 0.283201 -6.563
v 0.054300 0.282601 -6.562
v 0.062350 0.309401 -6.565
v 0.061370 0.309501 -6.566
v 0.061530 0.309701 -6.563
v 0.059740 0.310201 -6.563
v 0.058760 0.310301 -6.565
v 0.059570 0.309901 -6.566
v -0.043670 -0.027019 -5.979
v -0.042360 -0.025129 -5.974
v -0.007090 -0.087019 -5.971
v -0.005300 -0.086759 -5.976
v -0.005920 -0.085409 -5.966
v -0.038160 -0.021809 -5.97
v -0.002250 -0.082529 -5.963
v -0.032670 -0.018329 -5.97
v 0.002520 -0.079499 -5.963
v -0.028000 -0.016009 -5.974
v 0.006570 -0.077469 -5.966
v -0.025920 -0.015749 -5.979
v 0.008360 -0.077209 -5.971
v -0.027230 -0.017649 -5.985
v 0.007200 -0.078819 -5.976
v -0.031430 -0.020969 -5.988
v 0.003530 -0.081689 -5.979
v -0.036920 -0.024449 -5.988
v -0.001250 -0.084729 -5.979
v -0.041590 -0.026759 -5.985
v 0.034970 -0.144999 -5.960999
v 0.036210 -0.144299 -5.965
v 0.036170 -0.143999 -5.957
v 0.039350 -0.141699 -5.954
v 0.043300 -0.138899 -5.955
v 0.046510 -0.136799 -5.957
v 0.047750 -0.136099 -5.960999
v 0.046550 -0.137099 -5.965
v 0.043360 -0.139499 -5.968
v 0.039410 -0.142199 -5.968
v 0.075140 -0.200399 -5.967
v 0.076030 -0.199699 -5.97
v 0.076340 -0.199899 -5.964
v 0.079190 -0.198299 -5.962
v 0.082580 -0.196299 -5.962
v 0.085230 -0.194599 -5.964
v 0.086130 -0.193799 -5.967
v 0.084920 -0.194299 -5.971
v 0.082080 -0.195899 -5.973
v 0.078680 -0.197899 -5.973
v 0.106600 -0.246099 -5.968
v 0.106800 -0.246399 -5.966
v 0.108200 -0.245399 -5.967
v 0.134700 -0.290099 -5.971
v 0.133200 -0.290899 -5.972
v 0.136000 -0.289099 -5.972
v 0.108800 -0.244799 -5.968
v 0.136600 -0.288299 -5.973
v 0.108300 -0.244699 -5.97
v 0.136100 -0.288199 -5.975
v 0.107100 -0.245299 -5.971
v 0.134800 -0.288799 -5.976
v 0.105600 -0.246299 -5.971
v 0.133300 -0.289699 -5.976
v 0.104500 -0.247199 -5.97
v 0.132300 -0.290699 -5.975
v 0.104500 -0.247499 -5.968
v 0.132300 -0.291099 -5.973
v 0.105400 -0.247299 -5.967
v 0.162200 -0.333299 -5.983
v 0.160700 -0.334099 -5.983
v 0.163500 -0.332299 -5.984
v 0.164100 -0.331499 -5.985
v 0.163600 -0.331399 -5.986
v 0.162300 -0.331899 -5.987
v 0.160800 -0.332899 -5.987
v 0.159800 -0.333799 -5.986
v 0.159800 -0.334299 -5.985
v 0.174100 -0.351899 -5.989
v 0.165000 -0.334199 -5.989
v 0.163500 -0.333599 -5.989
v 0.165600 -0.339899 -5.995
v 0.161800 -0.334599 -5.989
v 0.161700 -0.336299 -5.988
v 0.163300 -0.336899 -5.988
v 0.164900 -0.335799 -5.988
v 0.132800 -0.290799 -5.974
v 0.133600 -0.290199 -5.972
v 0.135300 -0.294599 -5.974
v 0.136100 -0.293999 -5.972
v 0.135200 -0.289099 -5.972
v 0.136000 -0.288499 -5.974
v 0.137700 -0.292899 -5.972
v 0.138500 -0.292399 -5.974
v 0.152000 -0.317299 -5.972
v 0.152800 -0.316799 -5.974
v 0.152800 -0.316599 -5.971
v 0.154400 -0.315399 -5.971
v 0.155200 -0.314899 -5.972
v 0.137700 -0.292999 -5.975
v 0.154400 -0.315599 -5.974
v 0.136100 -0.294099 -5.975
v -0.039450 0.014391 -5.26
v -0.038270 0.012481 -5.254
v -0.107400 0.025251 -5.247
v -0.108900 0.023311 -5.252
v -0.106400 0.023621 -5.242
v -0.038080 0.007151 -5.25
v -0.106300 0.019031 -5.239
v -0.038940 0.000411 -5.25
v -0.107100 0.013231 -5.239
v -0.040540 -0.005139 -5.253
v -0.108400 0.008451 -5.241
v -0.042260 -0.007389 -5.259
v -0.109800 0.006501 -5.246
v -0.043440 -0.005489 -5.265
v -0.110800 0.008131 -5.251
v -0.043630 -0.000149 -5.268
v -0.111000 0.012731 -5.255
v -0.042760 0.006581 -5.269
v -0.110200 0.018521 -5.255
v -0.041170 0.012131 -5.265
v -0.177600 0.030881 -5.232
v -0.178200 0.029171 -5.236
v -0.177100 0.029581 -5.228
v -0.177100 0.025761 -5.225
v -0.177600 0.020891 -5.225
v -0.178200 0.016831 -5.227
v -0.178900 0.015121 -5.232
v -0.179400 0.016421 -5.236
v -0.179400 0.020231 -5.239
v -0.178900 0.025101 -5.239
v -0.245400 0.035061 -5.233
v -0.245800 0.033661 -5.236
v -0.245500 0.034061 -5.23
v -0.245800 0.031051 -5.228
v -0.246400 0.027171 -5.227
v -0.247000 0.023911 -5.229
v -0.247300 0.022511 -5.233
v -0.247300 0.023511 -5.236
v -0.246900 0.026521 -5.238
v -0.246300 0.030401 -5.238
v -0.282100 0.036341 -5.231
v -0.282300 0.036531 -5.229
v -0.282500 0.034751 -5.229
v -0.334000 0.043191 -5.231
v -0.333700 0.044861 -5.231
v -0.334100 0.041411 -5.231
v -0.282500 0.033731 -5.231
v -0.334000 0.040381 -5.232
v -0.282300 0.033921 -5.232
v -0.333800 0.040561 -5.234
v -0.282000 0.035251 -5.233
v -0.333400 0.041881 -5.235
v -0.281800 0.037091 -5.234
v -0.333200 0.043721 -5.235
v -0.281700 0.038581 -5.233
v -0.333100 0.045211 -5.234
v -0.281800 0.039031 -5.231
v -0.333300 0.045661 -5.233
v -0.282000 0.038211 -5.229
v -0.385400 0.049551 -5.239
v -0.385100 0.051231 -5.24
v -0.385600 0.047781 -5.24
v -0.385600 0.046751 -5.241
v -0.385300 0.046941 -5.243
v -0.385000 0.048261 -5.244
v -0.384800 0.050091 -5.244
v -0.384700 0.051581 -5.243
v -0.384900 0.052031 -5.241
v -0.398300 0.051051 -5.242
v -0.333300 0.044071 -5.232
v -0.337900 0.044781 -5.231
v -0.337900 0.045711 -5.233
v -0.333600 0.042061 -5.231
v -0.333900 0.040971 -5.233
v -0.338100 0.042771 -5.231
v -0.338400 0.041681 -5.233
v -0.333900 0.041901 -5.235
v -0.333700 0.043921 -5.235
v -0.333400 0.045001 -5.233
v -0.338200 0.044631 -5.234
v -0.364400 0.046381 -5.23
v -0.338500 0.042611 -5.234
v 0.066340 0.063681 -4.359
v 0.063870 0.064361 -4.353
v 0.114800 0.107901 -4.349
v 0.114300 0.109901 -4.353
v 0.112800 0.108501 -4.344
v 0.059350 0.068001 -4.35
v 0.109100 0.111401 -4.341
v 0.054500 0.073201 -4.35
v 0.105100 0.115701 -4.341
v 0.051180 0.077991 -4.353
v 0.102400 0.119601 -4.344
v 0.050650 0.080531 -4.359
v 0.102000 0.121601 -4.349
v 0.053120 0.079861 -4.365
v 0.103900 0.121101 -4.353
v 0.057650 0.076221 -4.369
v 0.107600 0.118101 -4.356
v 0.062500 0.071011 -4.369
v 0.111600 0.113801 -4.356
v 0.065820 0.066231 -4.365
v 0.162200 0.158901 -4.335
v 0.161600 0.160201 -4.339
v 0.160900 0.159501 -4.331
v 0.158200 0.161801 -4.329
v 0.155000 0.164901 -4.329
v 0.152700 0.167601 -4.331
v 0.152100 0.168901 -4.335
v 0.153400 0.168301 -4.339
v 0.156100 0.166001 -4.341
v 0.159300 0.162901 -4.341
v 0.184100 0.191201 -4.336
v 0.184400 0.191401 -4.333
v 0.183100 0.192701 -4.334
v 0.223800 0.226201 -4.338
v 0.224900 0.224701 -4.339
v 0.222500 0.227501 -4.339
v 0.182300 0.193301 -4.335
v 0.221600 0.228001 -4.34
v 0.182300 0.192901 -4.337
v 0.221500 0.227501 -4.342
v 0.183100 0.191601 -4.338
v 0.222200 0.226201 -4.343
v 0.184400 0.190201 -4.338
v 0.223500 0.224701 -4.343
v 0.185500 0.189201 -4.337
v 0.224700 0.223801 -4.342
v 0.186000 0.189101 -4.335
v 0.225200 0.223801 -4.34
v 0.185500 0.190001 -4.334
v 0.246200 0.246001 -4.348
v 0.224800 0.224301 -4.341
v 0.224000 0.225001 -4.339
v 0.228200 0.227301 -4.341
v 0.227500 0.228101 -4.343
v 0.227500 0.228101 -4.339
v 0.222600 0.226601 -4.339
v 0.221900 0.227401 -4.341
v 0.226100 0.229601 -4.339
v 0.225300 0.230401 -4.341
v 0.222600 0.226601 -4.343
v 0.226100 0.229601 -4.343
v 0.224100 0.225001 -4.343
v 0.235900 0.237801 -4.34
g Branches
s off
f 4468 4469 4470
f 4468 4470 4471
f 4469 4472 4470
f 4469 4473 4472
f 4473 4474 4472
f 4473 4475 4474
f 4475 4476 4474
f 4475 4477 4476
f 4477 4478 4476
f 4477 4479 4478
f 4479 4480 4481
f 4480 4482 4481
f 4480 4483 4482
f 4483 4484 4482
f 4483 4485 4484
f 4485 4486 4484
f 4485 4487 4486
f 4487 4471 4486
f 4487 4468 4471
f 4470 4472 4488
f 4470 4488 4489
f 4472 4490 4488
f 4472 4474 4490
f 4474 4491 4490
f 4474 4476 4491
f 4476 4492 4491
f 4476 4478 4492
f 4478 4493 4492
f 4478 4481 4493
f 4481 4494 4493
f 4481 4482 4494
f 4482 4495 4494
f 4482 4484 4495
f 4484 4496 4495
f 4484 4486 4496
f 4486 4497 4496
f 4486 4471 4497
f 4471 4489 4497
f 4471 4470 4489
f 4488 4490 4498
f 4488 4498 4499
f 4490 4500 4498
f 4490 4491 4500
f 4491 4501 4500
f 4491 4492 4501
f 4492 4502 4501
f 4492 4493 4502
f 4493 4503 4502
f 4493 4494 4503
f 4494 4504 4503
f 4494 4495 4504
f 4495 4505 4504
f 4495 4496 4505
f 4496 4506 4505
f 4496 4497 4506
f 4497 4507 4506
f 4497 4489 4507
f 4489 4499 4507
f 4489 4488 4499
f 4501 4508 4509
f 4502 4510 4508
f 4509 4508 4511
f 4508 4510 4512
f 4513 4511 4514
f 4511 4512 4515
f 4512 4516 4517
f 4516 4518 4519
f 4518 4520 4521
f 4520 4522 4523
f 4522 4524 4525
f 4524 4526 4527
f 4526 4528 4529
f 4528 4513 4530
f 4531 4532 4533
f 4531 4533 4534
f 4532 4535 4533
f 4532 4536 4535
f 4536 4537 4535
f 4536 4538 4537
f 4538 4539 4537
f 4538 4540 4539
f 4540 4541 4539
f 4540 4542 4541
f 4542 4543 4541
f 4542 4544 4543
f 4544 4545 4543
f 4544 4546 4545
f 4546 4547 4545
f 4546 4548 4547
f 4548 4549 4547
f 4548 4550 4549
f 4550 4534 4549
f 4550 4531 4534
f 4533 4535 4551
f 4533 4551 4552
f 4535 4553 4551
f 4535 4537 4553
f 4537 4554 4553
f 4537 4539 4554
f 4539 4555 4554
f 4539 4541 4555
f 4541 4556 4555
f 4541 4543 4556
f 4543 4557 4556
f 4543 4545 4557
f 4545 4558 4557
f 4545 4547 4558
f 4547 4559 4558
f 4547 4549 4559
f 4549 4560 4559
f 4549 4534 4560
f 4534 4552 4560
f 4534 4533 4552
f 4551 4553 4561
f 4551 4561 4562
f 4553 4563 4561
f 4553 4554 4563
f 4554 4564 4563
f 4554 4555 4564
f 4555 4565 4564
f 4555 4556 4565
f 4556 4566 4565
f 4556 4557 4566
f 4557 4567 4566
f 4557 4558 4567
f 4558 4568 4567
f 4558 4559 4568
f 4559 4569 4568
f 4559 4560 4569
f 4560 4570 4569
f 4560 4552 4570
f 4552 4562 4570
f 4552 4551 4562
f 4561 4563 4571
f 4561 4571 4572
f 4563 4573 4571
f 4563 4564 4573
f 4564 4574 4573
f 4564 4565 4574
f 4565 4575 4574
f 4565 4566 4575
f 4566 4576 4575
f 4566 4567 4576
f 4567 4577 4576
f 4567 4568 4577
f 4568 4578 4577
f 4568 4569 4578
f 4569 4579 4578
f 4569 4570 4579
f 4570 4580 4579
f 4570 4562 4580
f 4562 4572 4580
f 4562 4561 4572
f 4571 4573 4581
f 4571 4581 4582
f 4573 4583 4581
f 4573 4574 4583
f 4574 4584 4583
f 4574 4575 4584
f 4575 4585 4584
f 4575 4576 4585
f 4576 4586 4585
f 4576 4577 4586
f 4577 4587 4586
f 4577 4578 4587
f 4578 4588 4587
f 4578 4579 4588
f 4579 4589 4588
f 4579 4580 4589
f 4580 4590 4589
f 4580 4572 4590
f 4572 4582 4590
f 4572 4571 4582
f 4581 4583 4591
f 4581 4591 4592
f 4583 4593 4591
f 4583 4584 4593
f 4584 4594 4593
f 4584 4585 4594
f 4585 4595 4594
f 4585 4586 4595
f 4586 4596 4595
f 4586 4587 4596
f 4587 4597 4596
f 4587 4588 4597
f 4588 4598 4597
f 4588 4589 4598
f 4589 4599 4598
f 4589 4590 4599
f 4590 4600 4599
f 4590 4582 4600
f 4582 4592 4600
f 4582 4581 4592
f 4591 4593 4601
f 4591 4601 4602
f 4593 4603 4601
f 4593 4594 4603
f 4594 4604 4603
f 4594 4595 4604
f 4595 4605 4604
f 4595 4596 4605
f 4596 4606 4605
f 4596 4597 4606
f 4597 4607 4606
f 4597 4598 4607
f 4598 4608 4607
f 4598 4599 4608
f 4599 4609 4608
f 4599 4600 4609
f 4600 4610 4609
f 4600 4592 4610
f 4592 4602 4610
f 4592 4591 4602
f 4611 4612 4613
f 4611 4613 4614
f 4612 4615 4613
f 4612 4616 4615
f 4616 4617 4615
f 4618 4619 4620
f 4619 4621 4620
f 4619 4622 4621
f 4623 4624 4625
f 4623 4626 4624
f 4626 4611 4614
f 4613 4615 4627
f 4613 4627 4628
f 4615 4629 4627
f 4615 4617 4629
f 4617 4630 4629
f 4631 4632 4630
f 4620 4621 4633
f 4621 4634 4633
f 4625 4635 4634
f 4625 4624 4635
f 4614 4628 4636
f 4614 4613 4628
f 4637 4638 4639
f 4637 4639 4640
f 4638 4641 4639
f 4638 4642 4641
f 4642 4643 4641
f 4642 4644 4643
f 4644 4645 4643
f 4644 4646 4645
f 4646 4647 4645
f 4646 4648 4647
f 4648 4649 4647
f 4648 4650 4649
f 4650 4651 4649
f 4650 4652 4651
f 4652 4653 4651
f 4652 4654 4653
f 4654 4655 4653
f 4654 4656 4655
f 4656 4640 4655
f 4656 4637 4640
f 4639 4641 4657
f 4639 4657 4658
f 4641 4659 4657
f 4641 4643 4659
f 4643 4660 4659
f 4643 4645 4660
f 4645 4661 4660
f 4645 4647 4661
f 4647 4662 4661
f 4647 4649 4662
f 4649 4663 4662
f 4649 4651 4663
f 4651 4664 4663
f 4651 4653 4664
f 4653 4665 4664
f 4653 4655 4665
f 4655 4666 4665
f 4655 4640 4666
f 4640 4658 4666
f 4640 4639 4658
f 4657 4659 4667
f 4657 4667 4668
f 4659 4669 4667
f 4659 4660 4669
f 4660 4670 4669
f 4660 4661 4670
f 4661 4671 4670
f 4661 4662 4671
f 4662 4672 4671
f 4662 4663 4672
f 4663 4673 4672
f 4663 4664 4673
f 4664 4674 4673
f 4664 4665 4674
f 4665 4675 4674
f 4665 4666 4675
f 4666 4676 4675
f 4666 4658 4676
f 4658 4668 4676
f 4658 4657 4668
f 4667 4669 4677
f 4667 4677 4678
f 4669 4679 4677
f 4669 4670 4679
f 4670 4680 4679
f 4670 4671 4680
f 4671 4681 4680
f 4671 4672 4681
f 4672 4682 4681
f 4672 4673 4682
f 4673 4683 4682
f 4673 4674 4683
f 4674 4684 4683
f 4674 4675 4684
f 4675 4685 4684
f 4675 4676 4685
f 4676 4686 4685
f 4676 4668 4686
f 4668 4678 4686
f 4668 4667 4678
f 4677 4679 4687
f 4677 4687 4688
f 4679 4689 4687
f 4679 4680 4689
f 4680 4690 4689
f 4680 4681 4690
f 4681 4691 4690
f 4681 4682 4691
f 4682 4692 4691
f 4682 4683 4692
f 4683 4693 4692
f 4683 4684 4693
f 4684 4694 4693
f 4684 4685 4694
f 4685 4695 4694
f 4685 4686 4695
f 4686 4696 4695
f 4686 4678 4696
f 4678 4688 4696
f 4678 4677 4688
f 4687 4689 4697
f 4687 4697 4698
f 4689 4699 4697
f 4689 4690 4699
f 4690 4700 4699
f 4690 4691 4700
f 4691 4701 4700
f 4691 4692 4701
f 4692 4702 4701
f 4692 4693 4702
f 4693 4703 4702
f 4693 4694 4703
f 4694 4704 4703
f 4694 4695 4704
f 4695 4705 4704
f 4695 4696 4705
f 4696 4706 4705
f 4696 4688 4706
f 4688 4698 4706
f 4688 4687 4698
f 4697 4699 4707
f 4697 4707 4708
f 4699 4709 4707
f 4699 4700 4709
f 4700 4710 4709
f 4700 4701 4710
f 4701 4711 4710
f 4701 4702 4711
f 4702 4712 4711
f 4702 4703 4712
f 4703 4713 4712
f 4703 4704 4713
f 4704 4714 4713
f 4704 4705 4714
f 4705 4715 4714
f 4705 4706 4715
f 4706 4716 4715
f 4706 4698 4716
f 4698 4708 4716
f 4698 4697 4708
f 4717 4718 4719
f 4717 4719 4720
f 4718 4721 4719
f 4718 4722 4721
f 4722 4723 4721
f 4722 4724 4723
f 4724 4725 4723
f 4724 4726 4725
f 4726 4727 4725
f 4726 4728 4727
f 4728 4729 4727
f 4728 4730 4729
f 4730 4731 4729
f 4730 4732 4731
f 4732 4733 4731
f 4732 4734 4733
f 4734 4720 4733
f 4734 4717 4720
f 4719 4721 4735
f 4719 4735 4736
f 4721 4737 4735
f 4721 4723 4737
f 4723 4738 4737
f 4723 4725 4738
f 4725 4739 4738
f 4725 4727 4739
f 4727 4740 4739
f 4727 4729 4740
f 4729 4741 4740
f 4729 4731 4741
f 4731 4742 4741
f 4731 4733 4742
f 4733 4743 4742
f 4733 4720 4743
f 4720 4736 4743
f 4720 4719 4736
f 4739 4740 4744
f 4742 4743 4744
f 4745 4746 4747
f 4746 4748 4749
f 4750 4751 4752
f 4753 4754 4755
f 4753 4755 4756
f 4754 4757 4755
f 4754 4758 4757
f 4758 4759 4757
f 4758 4760 4759
f 4760 4761 4759
f 4760 4762 4761
f 4762 4763 4761
f 4762 4764 4763
f 4764 4765 4763
f 4764 4766 4765
f 4766 4767 4765
f 4766 4768 4767
f 4768 4769 4767
f 4768 4770 4769
f 4770 4771 4769
f 4770 4772 4771
f 4772 4756 4771
f 4772 4753 4756
f 4755 4757 4773
f 4755 4773 4774
f 4757 4775 4773
f 4757 4759 4775
f 4759 4776 4775
f 4759 4761 4776
f 4761 4777 4776
f 4761 4763 4777
f 4763 4778 4777
f 4763 4765 4778
f 4765 4779 4778
f 4765 4767 4779
f 4767 4780 4779
f 4767 4769 4780
f 4769 4781 4780
f 4769 4771 4781
f 4771 4782 4781
f 4771 4756 4782
f 4756 4774 4782
f 4756 4755 4774
f 4773 4775 4783
f 4773 4783 4784
f 4775 4785 4783
f 4775 4776 4785
f 4776 4786 4785
f 4776 4777 4786
f 4777 4787 4786
f 4777 4778 4787
f 4778 4788 4787
f 4778 4779 4788
f 4779 4789 4788
f 4779 4780 4789
f 4780 4790 4789
f 4780 4781 4790
f 4781 4791 4790
f 4781 4782 4791
f 4782 4792 4791
f 4782 4774 4792
f 4774 4784 4792
f 4774 4773 4784
f 4783 4785 4793
f 4783 4793 4794
f 4785 4795 4793
f 4785 4786 4795
f 4786 4796 4795
f 4786 4787 4796
f 4787 4797 4796
f 4787 4788 4797
f 4788 4798 4797
f 4788 4789 4798
f 4789 4799 4798
f 4789 4790 4799
f 4790 4800 4799
f 4790 4791 4800
f 4791 4801 4800
f 4791 4792 4801
f 4792 4802 4801
f 4792 4784 4802
f 4784 4794 4802
f 4784 4783 4794
f 4793 4795 4803
f 4793 4803 4804
f 4795 4805 4803
f 4795 4796 4805
f 4796 4806 4805
f 4796 4797 4806
f 4797 4807 4806
f 4797 4798 4807
f 4798 4808 4807
f 4798 4799 4808
f 4799 4809 4808
f 4799 4800 4809
f 4800 4810 4809
f 4800 4801 4810
f 4801 4811 4810
f 4801 4802 4811
f 4802 4812 4811
f 4802 4794 4812
f 4794 4804 4812
f 4794 4793 4804
f 4803 4805 4813
f 4803 4813 4814
f 4805 4815 4813
f 4805 4806 4815
f 4806 4816 4815
f 4806 4807 4816
f 4807 4817 4816
f 4807 4808 4817
f 4808 4818 4817
f 4808 4809 4818
f 4809 4819 4818
f 4809 4810 4819
f 4810 4820 4819
f 4810 4811 4820
f 4811 4821 4820
f 4811 4812 4821
f 4812 4822 4821
f 4812 4804 4822
f 4804 4814 4822
f 4804 4803 4814
f 4813 4815 4823
f 4813 4823 4824
f 4815 4825 4823
f 4815 4816 4825
f 4816 4826 4825
f 4816 4817 4826
f 4817 4827 4826
f 4817 4818 4827
f 4818 4828 4827
f 4818 4819 4828
f 4819 4829 4828
f 4819 4820 4829
f 4820 4830 4829
f 4820 4821 4830
f 4821 4831 4830
f 4821 4822 4831
f 4822 4832 4831
f 4822 4814 4832
f 4814 4824 4832
f 4814 4813 4824
f 4833 4834 4835
f 4833 4835 4836
f 4834 4837 4835
f 4834 4838 4837
f 4838 4839 4837
f 4838 4840 4839
f 4840 4841 4839
f 4840 4842 4841
f 4842 4843 4841
f 4842 4844 4843
f 4844 4845 4843
f 4844 4846 4845
f 4846 4847 4845
f 4846 4848 4847
f 4848 4849 4847
f 4848 4850 4849
f 4850 4836 4849
f 4850 4833 4836
f 4835 4837 4851
f 4835 4851 4852
f 4837 4853 4851
f 4837 4839 4853
f 4839 4854 4853
f 4839 4841 4854
f 4841 4855 4854
f 4841 4843 4855
f 4843 4856 4855
f 4843 4845 4856
f 4845 4857 4856
f 4845 4847 4857
f 4847 4858 4857
f 4847 4849 4858
f 4849 4859 4858
f 4849 4836 4859
f 4836 4852 4859
f 4836 4835 4852
f 4851 4853 4860
f 4853 4854 4860
f 4854 4855 4860
f 4855 4856 4860
f 4856 4857 4860
f 4857 4858 4860
f 4858 4859 4860
f 4859 4852 4860
f 4852 4851 4860
f 4861 4862 4863
f 4864 4865 4863
f 4866 4867 4868
f 4866 4868 4869
f 4867 4870 4868
f 4867 4871 4870
f 4871 4872 4870
f 4871 4873 4872
f 4873 4874 4872
f 4873 4875 4874
f 4875 4876 4874
f 4875 4877 4876
f 4877 4869 4876
f 4877 4866 4869
f 4878 4879 4880
f 4878 4880 4881
f 4879 4882 4880
f 4879 4883 4882
f 4883 4884 4882
f 4883 4885 4884
f 4885 4886 4884
f 4885 4887 4886
f 4887 4888 4886
f 4887 4889 4888
f 4889 4890 4888
f 4889 4891 4890
f 4891 4892 4890
f 4891 4893 4892
f 4893 4894 4892
f 4893 4895 4894
f 4895 4896 4894
f 4895 4897 4896
f 4897 4881 4896
f 4897 4878 4881
f 4880 4882 4898
f 4880 4898 4899
f 4882 4900 4898
f 4882 4884 4900
f 4884 4901 4900
f 4884 4886 4901
f 4886 4902 4901
f 4886 4888 4902
f 4888 4903 4902
f 4888 4890 4903
f 4890 4904 4903
f 4890 4892 4904
f 4892 4905 4904
f 4892 4894 4905
f 4894 4906 4905
f 4894 4896 4906
f 4896 4907 4906
f 4896 4881 4907
f 4881 4899 4907
f 4881 4880 4899
f 4898 4900 4908
f 4898 4908 4909
f 4900 4910 4908
f 4900 4901 4910
f 4901 4911 4910
f 4901 4902 4911
f 4902 4912 4911
f 4902 4903 4912
f 4903 4913 4912
f 4903 4904 4913
f 4904 4914 4913
f 4904 4905 4914
f 4905 4915 4914
f 4905 4906 4915
f 4906 4916 4915
f 4906 4907 4916
f 4907 4917 4916
f 4907 4899 4917
f 4899 4909 4917
f 4899 4898 4909
f 4908 4910 4918
f 4908 4918 4919
f 4910 4920 4918
f 4910 4911 4920
f 4911 4921 4920
f 4911 4912 4921
f 4912 4922 4921
f 4912 4913 4922
f 4913 4923 4922
f 4913 4914 4923
f 4914 4924 4923
f 4914 4915 4924
f 4915 4925 4924
f 4915 4916 4925
f 4916 4926 4925
f 4916 4917 4926
f 4917 4927 4926
f 4917 4909 4927
f 4909 4919 4927
f 4909 4908 4919
f 4918 4920 4928
f 4918 4928 4929
f 4920 4930 4928
f 4920 4921 4930
f 4921 4931 4930
f 4921 4922 4931
f 4922 4932 4931
f 4922 4923 4932
f 4923 4933 4932
f 4923 4924 4933
f 4924 4934 4933
f 4924 4925 4934
f 4925 4935 4934
f 4925 4926 4935
f 4926 4936 4935
f 4926 4927 4936
f 4927 4937 4936
f 4927 4919 4937
f 4919 4929 4937
f 4919 4918 4929
f 4928 4930 4938
f 4928 4938 4939
f 4930 4940 4938
f 4930 4931 4940
f 4931 4941 4940
f 4931 4932 4941
f 4932 4942 4941
f 4932 4933 4942
f 4933 4943 4942
f 4933 4934 4943
f 4934 4944 4943
f 4934 4935 4944
f 4935 4945 4944
f 4935 4936 4945
f 4936 4946 4945
f 4936 4937 4946
f 4937 4947 4946
f 4937 4929 4947
f 4929 4939 4947
f 4929 4928 4939
f 4938 4940 4948
f 4938 4948 4949
f 4940 4950 4948
f 4940 4941 4950
f 4941 4951 4950
f 4941 4942 4951
f 4942 4952 4951
f 4942 4943 4952
f 4943 4953 4952
f 4943 4944 4953
f 4944 4954 4953
f 4944 4945 4954
f 4945 4955 4954
f 4945 4946 4955
f 4946 4956 4955
f 4946 4947 4956
f 4947 4957 4956
f 4947 4939 4957
f 4939 4949 4957
f 4939 4938 4949
f 4958 4959 4960
f 4958 4960 4961
f 4959 4962 4960
f 4959 4963 4962
f 4963 4964 4962
f 4963 4965 4964
f 4965 4966 4964
f 4965 4967 4966
f 4967 4968 4966
f 4967 4969 4968
f 4969 4970 4968
f 4969 4971 4970
f 4971 4972 4970
f 4971 4973 4972
f 4973 4974 4972
f 4973 4975 4974
f 4975 4961 4974
f 4975 4958 4961
f 4960 4962 4976
f 4960 4976 4977
f 4962 4978 4976
f 4962 4964 4978
f 4964 4979 4978
f 4964 4966 4979
f 4966 4980 4979
f 4966 4968 4980
f 4968 4981 4980
f 4968 4970 4981
f 4970 4982 4981
f 4970 4972 4982
f 4972 4983 4982
f 4972 4974 4983
f 4974 4984 4983
f 4974 4961 4984
f 4961 4977 4984
f 4961 4960 4977
f 4976 4978 4985
f 4978 4979 4985
f 4979 4980 4985
f 4980 4981 4985
f 4981 4982 4985
f 4982 4983 4985
f 4983 4984 4985
f 4984 4977 4985
f 4977 4976 4985
f 4986 4987 4988
f 4989 4990 4991
f 4990 4992 4991
f 4990 4993 4992
f 4993 4994 4992
f 4995 4996 4994
f 4995 4997 4996
f 4997 4988 4996
f 4997 4986 4988
f 4998 4999 5000
f 4998 5000 5001
f 4999 5002 5000
f 4999 5003 5002
f 5003 5004 5002
f 5003 5005 5004
f 5005 5006 5004
f 5005 5007 5006
f 5007 5008 5006
f 5007 5009 5008
f 5009 5010 5008
f 5009 5011 5010
f 5011 5012 5010
f 5011 5013 5012
f 5013 5014 5012
f 5013 5015 5014
f 5015 5016 5014
f 5015 5017 5016
f 5017 5001 5016
f 5017 4998 5001
f 5000 5002 5018
f 5000 5018 5019
f 5002 5020 5018
f 5002 5004 5020
f 5004 5021 5020
f 5004 5006 5021
f 5006 5022 5021
f 5006 5008 5022
f 5008 5023 5022
f 5008 5010 5023
f 5010 5024 5023
f 5010 5012 5024
f 5012 5025 5024
f 5012 5014 5025
f 5014 5026 5025
f 5014 5016 5026
f 5016 5027 5026
f 5016 5001 5027
f 5001 5019 5027
f 5001 5000 5019
f 5018 5020 5028
f 5018 5028 5029
f 5020 5030 5028
f 5020 5021 5030
f 5021 5031 5030
f 5021 5022 5031
f 5022 5032 5031
f 5022 5023 5032
f 5023 5033 5032
f 5023 5024 5033
f 5024 5034 5033
f 5024 5025 5034
f 5025 5035 5034
f 5025 5026 5035
f 5026 5036 5035
f 5026 5027 5036
f 5027 5037 5036
f 5027 5019 5037
f 5019 5029 5037
f 5019 5018 5029
f 5028 5030 5038
f 5028 5038 5039
f 5030 5040 5038
f 5030 5031 5040
f 5031 5041 5040
f 5031 5032 5041
f 5032 5042 5041
f 5032 5033 5042
f 5033 5043 5042
f 5033 5034 5043
f 5034 5044 5043
f 5034 5035 5044
f 5035 5045 5044
f 5035 5036 5045
f 5036 5046 5045
f 5036 5037 5046
f 5037 5047 5046
f 5037 5029 5047
f 5029 5039 5047
f 5029 5028 5039
f 5038 5040 5048
f 5038 5048 5049
f 5040 5050 5048
f 5040 5041 5050
f 5041 5051 5050
f 5041 5042 5051
f 5042 5052 5051
f 5042 5043 5052
f 5043 5053 5052
f 5043 5044 5053
f 5044 5054 5053
f 5044 5045 5054
f 5045 5055 5054
f 5045 5046 5055
f 5046 5056 5055
f 5046 5047 5056
f 5047 5057 5056
f 5047 5039 5057
f 5039 5049 5057
f 5039 5038 5049
f 5048 5050 5058
f 5048 5058 5059
f 5050 5060 5058
f 5050 5051 5060
f 5051 5061 5060
f 5051 5052 5061
f 5052 5062 5061
f 5052 5053 5062
f 5053 5063 5062
f 5053 5054 5063
f 5054 5064 5063
f 5054 5055 5064
f 5055 5065 5064
f 5055 5056 5065
f 5056 5066 5065
f 5056 5057 5066
f 5057 5067 5066
f 5057 5049 5067
f 5049 5059 5067
f 5049 5048 5059
f 5058 5060 5068
f 5060 5061 5068
f 5061 5062 5068
f 5062 5063 5068
f 5063 5064 5068
f 5064 5065 5068
f 5065 5066 5068
f 5066 5067 5068
f 5067 5059 5068
f 5059 5058 5068
f 5069 5070 5071
f 5069 5071 5072
f 5070 5073 5071
f 5070 5074 5073
f 5074 5075 5073
f 5074 5076 5075
f 5076 5077 5075
f 5076 5078 5077
f 5078 5079 5077
f 5078 5080 5079
f 5080 5081 5079
f 5080 5082 5081
f 5082 5083 5081
f 5082 5084 5083
f 5084 5085 5083
f 5084 5086 5085
f 5086 5072 5085
f 5086 5069 5072
f 5071 5073 5087
f 5071 5087 5088
f 5073 5089 5087
f 5073 5075 5089
f 5075 5090 5089
f 5075 5077 5090
f 5077 5091 5090
f 5077 5079 5091
f 5079 5092 5091
f 5079 5081 5092
f 5081 5093 5092
f 5081 5083 5093
f 5083 5094 5093
f 5083 5085 5094
f 5085 5095 5094
f 5085 5072 5095
f 5072 5088 5095
f 5072 5071 5088
f 5087 5089 5096
f 5089 5090 5096
f 5090 5091 5096
f 5091 5092 5096
f 5092 5093 5096
f 5093 5094 5096
f 5094 5095 5096
f 5095 5088 5096
f 5088 5087 5096
f 5097 5098 5099
f 5100 5101 5099
f 5102 5103 5104
f 5102 5104 5105
f 5103 5106 5104
f 5103 5107 5106
f 5107 5108 5106
f 5107 5109 5108
f 5109 5110 5108
f 5109 5111 5110
f 5111 5112 5110
f 5111 5113 5112
f 5113 5105 5112
f 5113 5102 5105
f 5114 5115 5116
f 5117 5118 5119
f 5120 5121 5118
f 5120 5122 5121
f 5122 5123 5121
f 5122 5124 5123
f 5124 5125 5123
f 5124 5126 5125
f 5126 5127 5125
f 5126 5128 5127
f 5128 5129 5127
f 5128 5130 5129
f 5130 5131 5129
f 5130 5132 5131
f 5132 5133 5131
f 5132 5134 5133
f 5134 5135 5133
f 5134 5136 5135
f 5136 5119 5135
f 5136 5117 5119
f 5118 5121 5137
f 5118 5137 5138
f 5121 5139 5137
f 5121 5123 5139
f 5123 5140 5139
f 5123 5125 5140
f 5125 5141 5140
f 5125 5127 5141
f 5127 5142 5141
f 5127 5129 5142
f 5129 5143 5142
f 5129 5131 5143
f 5131 5144 5143
f 5131 5133 5144
f 5133 5145 5144
f 5133 5135 5145
f 5135 5146 5145
f 5135 5119 5146
f 5119 5138 5146
f 5119 5118 5138
f 5137 5139 5147
f 5137 5147 5148
f 5139 5149 5147
f 5139 5140 5149
f 5140 5150 5149
f 5140 5141 5150
f 5141 5151 5150
f 5141 5142 5151
f 5142 5152 5151
f 5142 5143 5152
f 5143 5153 5152
f 5143 5144 5153
f 5144 5154 5153
f 5144 5145 5154
f 5145 5155 5154
f 5145 5146 5155
f 5146 5156 5155
f 5146 5138 5156
f 5138 5148 5156
f 5138 5137 5148
f 5147 5149 5157
f 5147 5157 5158
f 5149 5159 5157
f 5149 5150 5159
f 5150 5160 5159
f 5150 5151 5160
f 5151 5161 5160
f 5151 5152 5161
f 5152 5162 5161
f 5152 5153 5162
f 5153 5163 5162
f 5153 5154 5163
f 5154 5164 5163
f 5154 5155 5164
f 5155 5165 5164
f 5155 5156 5165
f 5156 5166 5165
f 5156 5148 5166
f 5148 5158 5166
f 5148 5147 5158
f 5157 5159 5167
f 5157 5167 5168
f 5159 5169 5167
f 5159 5160 5169
f 5160 5170 5169
f 5160 5161 5170
f 5161 5171 5170
f 5161 5162 5171
f 5162 5172 5171
f 5162 5163 5172
f 5163 5173 5172
f 5163 5164 5173
f 5164 5174 5173
f 5164 5165 5174
f 5165 5175 5174
f 5165 5166 5175
f 5166 5176 5175
f 5166 5158 5176
f 5158 5168 5176
f 5158 5157 5168
f 5167 5169 5177
f 5167 5177 5178
f 5169 5179 5177
f 5169 5170 5179
f 5170 5180 5179
f 5170 5171 5180
f 5171 5181 5180
f 5171 5172 5181
f 5172 5182 5181
f 5172 5173 5182
f 5173 5183 5182
f 5173 5174 5183
f 5174 5184 5183
f 5174 5175 5184
f 5175 5185 5184
f 5175 5176 5185
f 5176 5186 5185
f 5176 5168 5186
f 5168 5178 5186
f 5168 5167 5178
f 5177 5179 5187
f 5179 5180 5187
f 5180 5181 5187
f 5181 5182 5187
f 5182 5183 5187
f 5183 5184 5187
f 5184 5185 5187
f 5185 5186 5187
f 5186 5178 5187
f 5178 5177 5187
f 5188 5189 5190
f 5188 5190 5191
f 5189 5192 5190
f 5189 5193 5192
f 5193 5194 5192
f 5193 5195 5194
f 5195 5196 5194
f 5195 5197 5196
f 5197 5198 5196
f 5197 5199 5198
f 5199 5200 5198
f 5199 5201 5200
f 5201 5202 5200
f 5201 5203 5202
f 5203 5204 5202
f 5203 5205 5204
f 5205 5191 5204
f 5205 5188 5191
f 5190 5192 5206
f 5190 5206 5207
f 5192 5208 5206
f 5192 5194 5208
f 5194 5209 5208
f 5194 5196 5209
f 5196 5210 5209
f 5196 5198 5210
f 5198 5211 5210
f 5198 5200 5211
f 5200 5212 5211
f 5200 5202 5212
f 5202 5213 5212
f 5202 5204 5213
f 5204 5214 5213
f 5204 5191 5214
f 5191 5207 5214
f 5191 5190 5207
f 5206 5208 5215
f 5208 5209 5215
f 5209 5210 5215
f 5210 5211 5215
f 5211 5212 5215
f 5212 5213 5215
f 5213 5214 5215
f 5214 5207 5215
f 5207 5206 5215
f 5216 5217 5218
f 5217 5219 5218
f 5220 5221 5222
f 5220 5222 5223
f 5221 5224 5222
f 5221 5225 5224
f 5225 5226 5224
f 5225 5227 5226
f 5227 5228 5226
f 5227 5229 5228
f 5229 5230 5228
f 5229 5231 5230
f 5231 5223 5230
f 5231 5220 5223
f 5232 5233 5234
f 5232 5234 5235
f 5233 5236 5234
f 5233 5237 5236
f 5237 5238 5236
f 5237 5239 5238
f 5239 5240 5238
f 5239 5241 5240
f 5241 5242 5240
f 5241 5243 5242
f 5243 5244 5242
f 5243 5245 5244
f 5245 5246 5244
f 5245 5247 5246
f 5247 5248 5246
f 5247 5249 5248
f 5249 5250 5248
f 5249 5251 5250
f 5251 5235 5250
f 5251 5232 5235
f 5234 5236 5252
f 5234 5252 5253
f 5236 5254 5252
f 5236 5238 5254
f 5238 5255 5254
f 5238 5240 5255
f 5240 5256 5255
f 5240 5242 5256
f 5242 5257 5256
f 5242 5244 5257
f 5244 5258 5257
f 5244 5246 5258
f 5246 5259 5258
f 5246 5248 5259
f 5248 5260 5259
f 5248 5250 5260
f 5250 5261 5260
f 5250 5235 5261
f 5235 5253 5261
f 5235 5234 5253
f 5252 5254 5262
f 5252 5262 5263
f 5254 5264 5262
f 5254 5255 5264
f 5255 5265 5264
f 5255 5256 5265
f 5256 5266 5265
f 5256 5257 5266
f 5257 5267 5266
f 5257 5258 5267
f 5258 5268 5267
f 5258 5259 5268
f 5259 5269 5268
f 5259 5260 5269
f 5260 5270 5269
f 5260 5261 5270
f 5261 5271 5270
f 5261 5253 5271
f 5253 5263 5271
f 5253 5252 5263
f 5262 5264 5272
f 5262 5272 5273
f 5264 5274 5272
f 5264 5265 5274
f 5265 5275 5274
f 5265 5266 5275
f 5266 5276 5275
f 5266 5267 5276
f 5267 5277 5276
f 5267 5268 5277
f 5268 5278 5277
f 5268 5269 5278
f 5269 5279 5278
f 5269 5270 5279
f 5270 5280 5279
f 5270 5271 5280
f 5271 5281 5280
f 5271 5263 5281
f 5263 5273 5281
f 5263 5262 5273
f 5272 5274 5282
f 5272 5282 5283
f 5274 5284 5282
f 5274 5275 5284
f 5275 5285 5284
f 5275 5276 5285
f 5276 5286 5285
f 5276 5277 5286
f 5277 5287 5286
f 5277 5278 5287
f 5278 5288 5287
f 5278 5279 5288
f 5279 5289 5288
f 5279 5280 5289
f 5280 5290 5289
f 5280 5281 5290
f 5281 5291 5290
f 5281 5273 5291
f 5273 5283 5291
f 5273 5272 5283
f 5282 5284 5292
f 5282 5292 5293
f 5284 5294 5292
f 5284 5285 5294
f 5285 5295 5294
f 5285 5286 5295
f 5286 5296 5295
f 5286 5287 5296
f 5287 5297 5296
f 5287 5288 5297
f 5288 5298 5297
f 5288 5289 5298
f 5289 5299 5298
f 5289 5290 5299
f 5290 5300 5299
f 5290 5291 5300
f 5291 5301 5300
f 5291 5283 5301
f 5283 5293 5301
f 5283 5282 5293
f 5292 5294 5302
f 5294 5295 5302
f 5295 5296 5302
f 5296 5297 5302
f 5297 5298 5302
f 5298 5299 5302
f 5299 5300 5302
f 5300 5301 5302
f 5301 5293 5302
f 5293 5292 5302
f 5303 5304 5305
f 5303 5305 5306
f 5304 5307 5305
f 5304 5308 5307
f 5308 5309 5307
f 5308 5310 5309
f 5310 5311 5309
f 5310 5312 5311
f 5312 5313 5311
f 5312 5314 5313
f 5314 5315 5313
f 5314 5316 5315
f 5316 5317 5315
f 5316 5318 5317
f 5318 5319 5317
f 5318 5320 5319
f 5320 5306 5319
f 5320 5303 5306
f 5305 5307 5321
f 5305 5321 5322
f 5307 5323 5321
f 5307 5309 5323
f 5309 5324 5323
f 5309 5311 5324
f 5311 5325 5324
f 5311 5313 5325
f 5313 5326 5325
f 5313 5315 5326
f 5315 5327 5326
f 5315 5317 5327
f 5317 5328 5327
f 5317 5319 5328
f 5319 5329 5328
f 5319 5306 5329
f 5306 5322 5329
f 5306 5305 5322
f 5321 5323 5330
f 5323 5324 5330
f 5324 5325 5330
f 5325 5326 5330
f 5326 5327 5330
f 5327 5328 5330
f 5328 5329 5330
f 5329 5322 5330
f 5322 5321 5330
f 5331 5332 5333
f 5332 5334 5333
f 5335 5336 5337
f 5335 5337 5338
f 5336 5339 5337
f 5336 5340 5339
f 5340 5341 5339
f 5340 5342 5341
f 5342 5343 5341
f 5342 5344 5343
f 5344 5345 5343
f 5344 5346 5345
f 5346 5338 5345
f 5346 5335 5338
f 5347 5348 5349
f 5347 5349 5350
f 5348 5351 5349
f 5348 5352 5351
f 5352 5353 5351
f 5352 5354 5353
f 5354 5355 5353
f 5354 5356 5355
f 5356 5357 5355
f 5356 5358 5357
f 5358 5359 5357
f 5358 5360 5359
f 5360 5361 5359
f 5360 5362 5361
f 5362 5363 5361
f 5362 5364 5363
f 5364 5365 5363
f 5364 5366 5365
f 5366 5350 5365
f 5366 5347 5350
f 5349 5351 5367
f 5349 5367 5368
f 5351 5369 5367
f 5351 5353 5369
f 5353 5370 5369
f 5353 5355 5370
f 5355 5371 5370
f 5355 5357 5371
f 5357 5372 5371
f 5357 5359 5372
f 5359 5373 5372
f 5359 5361 5373
f 5361 5374 5373
f 5361 5363 5374
f 5363 5375 5374
f 5363 5365 5375
f 5365 5376 5375
f 5365 5350 5376
f 5350 5368 5376
f 5350 5349 5368
f 5367 5369 5377
f 5367 5377 5378
f 5369 5379 5377
f 5369 5370 5379
f 5370 5380 5379
f 5370 5371 5380
f 5371 5381 5380
f 5371 5372 5381
f 5372 5382 5381
f 5372 5373 5382
f 5373 5383 5382
f 5373 5374 5383
f 5374 5384 5383
f 5374 5375 5384
f 5375 5385 5384
f 5375 5376 5385
f 5376 5386 5385
f 5376 5368 5386
f 5368 5378 5386
f 5368 5367 5378
f 5377 5379 5387
f 5377 5387 5388
f 5379 5389 5387
f 5379 5380 5389
f 5380 5390 5389
f 5380 5381 5390
f 5381 5391 5390
f 5381 5382 5391
f 5382 5392 5391
f 5382 5383 5392
f 5383 5393 5392
f 5383 5384 5393
f 5384 5394 5393
f 5384 5385 5394
f 5385 5395 5394
f 5385 5386 5395
f 5386 5396 5395
f 5386 5378 5396
f 5378 5388 5396
f 5378 5377 5388
f 5387 5389 5397
f 5387 5397 5398
f 5389 5399 5397
f 5389 5390 5399
f 5390 5400 5399
f 5390 5391 5400
f 5391 5401 5400
f 5391 5392 5401
f 5392 5402 5401
f 5392 5393 5402
f 5393 5403 5402
f 5393 5394 5403
f 5394 5404 5403
f 5394 5395 5404
f 5395 5405 5404
f 5395 5396 5405
f 5396 5406 5405
f 5396 5388 5406
f 5388 5398 5406
f 5388 5387 5398
f 5397 5399 5407
f 5397 5407 5408
f 5399 5409 5407
f 5399 5400 5409
f 5400 5410 5409
f 5400 5401 5410
f 5401 5411 5410
f 5401 5402 5411
f 5402 5412 5411
f 5402 5403 5412
f 5403 5413 5412
f 5403 5404 5413
f 5404 5414 5413
f 5404 5405 5414
f 5405 5415 5414
f 5405 5406 5415
f 5406 5416 5415
f 5406 5398 5416
f 5398 5408 5416
f 5398 5397 5408
f 5407 5409 5417
f 5409 5410 5417
f 5410 5411 5417
f 5411 5412 5417
f 5412 5413 5417
f 5413 5414 5417
f 5414 5415 5417
f 5415 5416 5417
f 5416 5408 5417
f 5408 5407 5417
f 5418 5419 5420
f 5418 5420 5421
f 5419 5422 5420
f 5419 5423 5422
f 5423 5424 5422
f 5423 5425 5424
f 5425 5426 5424
f 5425 5427 5426
f 5427 5428 5426
f 5427 5429 5428
f 5429 5430 5428
f 5429 5431 5430
f 5431 5432 5430
f 5431 5433 5432
f 5433 5434 5432
f 5433 5435 5434
f 5435 5421 5434
f 5435 5418 5421
f 5420 5422 5436
f 5420 5436 5437
f 5422 5438 5436
f 5422 5424 5438
f 5424 5439 5438
f 5424 5426 5439
f 5426 5440 5439
f 5426 5428 5440
f 5428 5441 5440
f 5428 5430 5441
f 5430 5442 5441
f 5430 5432 5442
f 5432 5443 5442
f 5432 5434 5443
f 5434 5444 5443
f 5434 5421 5444
f 5421 5437 5444
f 5421 5420 5437
f 5436 5438 5445
f 5438 5439 5445
f 5439 5440 5445
f 5440 5441 5445
f 5441 5442 5445
f 5442 5443 5445
f 5443 5444 5445
f 5444 5437 5445
f 5437 5436 5445
f 5446 5447 5448
f 5449 5450 5448
f 5450 5451 5448
f 5451 5452 5448
f 5453 5454 5455
f 5453 5455 5456
f 5454 5457 5455
f 5454 5458 5457
f 5458 5459 5457
f 5458 5460 5459
f 5460 5461 5459
f 5460 5462 5461
f 5462 5463 5461
f 5462 5464 5463
f 5464 5456 5463
f 5464 5453 5456
f 5465 5466 5467
f 5465 5467 5468
f 5466 5469 5467
f 5466 5470 5469
f 5470 5471 5469
f 5470 5472 5471
f 5472 5473 5471
f 5472 5474 5473
f 5474 5475 5473
f 5474 5476 5475
f 5476 5477 5475
f 5476 5478 5477
f 5478 5479 5477
f 5478 5480 5479
f 5480 5481 5479
f 5480 5482 5481
f 5482 5483 5481
f 5482 5484 5483
f 5484 5468 5483
f 5484 5465 5468
f 5467 5469 5485
f 5467 5485 5486
f 5469 5487 5485
f 5469 5471 5487
f 5471 5488 5487
f 5471 5473 5488
f 5473 5489 5488
f 5473 5475 5489
f 5475 5490 5489
f 5475 5477 5490
f 5477 5491 5490
f 5477 5479 5491
f 5479 5492 5491
f 5479 5481 5492
f 5481 5493 5492
f 5481 5483 5493
f 5483 5494 5493
f 5483 5468 5494
f 5468 5486 5494
f 5468 5467 5486
f 5485 5487 5495
f 5485 5495 5496
f 5487 5497 5495
f 5487 5488 5497
f 5488 5498 5497
f 5488 5489 5498
f 5489 5499 5498
f 5489 5490 5499
f 5490 5500 5499
f 5490 5491 5500
f 5491 5501 5500
f 5491 5492 5501
f 5492 5502 5501
f 5492 5493 5502
f 5493 5503 5502
f 5493 5494 5503
f 5494 5504 5503
f 5494 5486 5504
f 5486 5496 5504
f 5486 5485 5496
f 5495 5497 5505
f 5495 5505 5506
f 5497 5507 5505
f 5497 5498 5507
f 5498 5508 5507
f 5498 5499 5508
f 5499 5509 5508
f 5499 5500 5509
f 5500 5510 5509
f 5500 5501 5510
f 5501 5511 5510
f 5501 5502 5511
f 5502 5512 5511
f 5502 5503 5512
f 5503 5513 5512
f 5503 5504 5513
f 5504 5514 5513
f 5504 5496 5514
f 5496 5506 5514
f 5496 5495 5506
f 5505 5507 5515
f 5505 5515 5516
f 5507 5517 5515
f 5507 5508 5517
f 5508 5518 5517
f 5508 5509 5518
f 5509 5519 5518
f 5509 5510 5519
f 5510 5520 5519
f 5510 5511 5520
f 5511 5521 5520
f 5511 5512 5521
f 5512 5522 5521
f 5512 5513 5522
f 5513 5523 5522
f 5513 5514 5523
f 5514 5524 5523
f 5514 5506 5524
f 5506 5516 5524
f 5506 5505 5516
f 5515 5517 5525
f 5515 5525 5526
f 5517 5527 5525
f 5517 5518 5527
f 5518 5528 5527
f 5518 5519 5528
f 5519 5529 5528
f 5519 5520 5529
f 5520 5530 5529
f 5520 5521 5530
f 5521 5531 5530
f 5521 5522 5531
f 5522 5532 5531
f 5522 5523 5532
f 5523 5533 5532
f 5523 5524 5533
f 5524 5534 5533
f 5524 5516 5534
f 5516 5526 5534
f 5516 5515 5526
f 5525 5527 5535
f 5527 5528 5535
f 5528 5529 5535
f 5529 5530 5535
f 5530 5531 5535
f 5531 5532 5535
f 5532 5533 5535
f 5533 5534 5535
f 5534 5526 5535
f 5526 5525 5535
f 5536 5537 5538
f 5536 5538 5539
f 5537 5540 5538
f 5537 5541 5540
f 5541 5542 5540
f 5541 5543 5542
f 5543 5544 5542
f 5543 5545 5544
f 5545 5546 5544
f 5545 5547 5546
f 5547 5548 5546
f 5547 5549 5548
f 5549 5550 5548
f 5549 5551 5550
f 5551 5552 5550
f 5551 5553 5552
f 5553 5539 5552
f 5553 5536 5539
f 5538 5540 5554
f 5538 5554 5555
f 5540 5556 5554
f 5540 5542 5556
f 5542 5557 5556
f 5542 5544 5557
f 5544 5558 5557
f 5544 5546 5558
f 5546 5559 5558
f 5546 5548 5559
f 5548 5560 5559
f 5548 5550 5560
f 5550 5561 5560
f 5550 5552 5561
f 5552 5562 5561
f 5552 5539 5562
f 5539 5555 5562
f 5539 5538 5555
f 5554 5556 5563
f 5556 5557 5563
f 5557 5558 5563
f 5558 5559 5563
f 5559 5560 5563
f 5560 5561 5563
f 5561 5562 5563
f 5562 5555 5563
f 5555 5554 5563
f 5564 5565 5566
f 5565 5567 5566
f 5567 5568 5566
f 5568 5569 5566
f 5569 5570 5566
f 5570 5564 5566
f 5571 5572 5573
f 5571 5573 5574
f 5572 5575 5573
f 5572 5576 5575
f 5576 5577 5575
f 5576 5578 5577
f 5578 5579 5577
f 5578 5580 5579
f 5580 5581 5579
f 5580 5582 5581
f 5582 5574 5581
f 5582 5571 5574
f 5583 5584 5585
f 5583 5585 5586
f 5584 5587 5585
f 5584 5588 5587
f 5588 5589 5587
f 5588 5590 5589
f 5590 5591 5589
f 5590 5592 5591
f 5592 5593 5591
f 5592 5594 5593
f 5594 5595 5593
f 5594 5596 5595
f 5596 5597 5595
f 5596 5598 5597
f 5598 5599 5597
f 5598 5600 5599
f 5600 5601 5599
f 5600 5602 5601
f 5602 5586 5601
f 5602 5583 5586
f 5585 5587 5603
f 5585 5603 5604
f 5587 5605 5603
f 5587 5589 5605
f 5589 5606 5605
f 5589 5591 5606
f 5591 5607 5606
f 5591 5593 5607
f 5593 5608 5607
f 5593 5595 5608
f 5595 5609 5608
f 5595 5597 5609
f 5597 5610 5609
f 5597 5599 5610
f 5599 5611 5610
f 5599 5601 5611
f 5601 5612 5611
f 5601 5586 5612
f 5586 5604 5612
f 5586 5585 5604
f 5603 5605 5613
f 5603 5613 5614
f 5605 5615 5613
f 5605 5606 5615
f 5606 5616 5615
f 5606 5607 5616
f 5607 5617 5616
f 5607 5608 5617
f 5608 5618 5617
f 5608 5609 5618
f 5609 5619 5618
f 5609 5610 5619
f 5610 5620 5619
f 5610 5611 5620
f 5611 5621 5620
f 5611 5612 5621
f 5612 5622 5621
f 5612 5604 5622
f 5604 5614 5622
f 5604 5603 5614
f 5613 5615 5623
f 5613 5623 5624
f 5615 5625 5623
f 5615 5616 5625
f 5616 5626 5625
f 5616 5617 5626
f 5617 5627 5626
f 5617 5618 5627
f 5618 5628 5627
f 5618 5619 5628
f 5619 5629 5628
f 5619 5620 5629
f 5620 5630 5629
f 5620 5621 5630
f 5621 5631 5630
f 5621 5622 5631
f 5622 5632 5631
f 5622 5614 5632
f 5614 5624 5632
f 5614 5613 5624
f 5623 5625 5633
f 5623 5633 5634
f 5625 5635 5633
f 5625 5626 5635
f 5626 5636 5635
f 5626 5627 5636
f 5627 5637 5636
f 5627 5628 5637
f 5628 5638 5637
f 5628 5629 5638
f 5629 5639 5638
f 5629 5630 5639
f 5630 5640 5639
f 5630 5631 5640
f 5631 5641 5640
f 5631 5632 5641
f 5632 5642 5641
f 5632 5624 5642
f 5624 5634 5642
f 5624 5623 5634
f 5633 5635 5643
f 5633 5643 5644
f 5635 5645 5643
f 5635 5636 5645
f 5636 5646 5645
f 5636 5637 5646
f 5637 5647 5646
f 5637 5638 5647
f 5638 5648 5647
f 5638 5639 5648
f 5639 5649 5648
f 5639 5640 5649
f 5640 5650 5649
f 5640 5641 5650
f 5641 5651 5650
f 5641 5642 5651
f 5642 5652 5651
f 5642 5634 5652
f 5634 5644 5652
f 5634 5633 5644
f 5643 5645 5653
f 5645 5646 5653
f 5646 5647 5653
f 5647 5648 5653
f 5648 5649 5653
f 5649 5650 5653
f 5650 5651 5653
f 5651 5652 5653
f 5652 5644 5653
f 5644 5643 5653
f 5654 5655 5656
f 5654 5656 5657
f 5655 5658 5656
f 5655 5659 5658
f 5659 5660 5658
f 5659 5661 5660
f 5661 5662 5660
f 5661 5663 5662
f 5663 5664 5662
f 5663 5665 5664
f 5665 5666 5664
f 5665 5667 5666
f 5667 5668 5666
f 5667 5669 5668
f 5669 5670 5668
f 5669 5671 5670
f 5671 5657 5670
f 5671 5654 5657
f 5656 5658 5672
f 5656 5672 5673
f 5658 5674 5672
f 5658 5660 5674
f 5660 5675 5674
f 5660 5662 5675
f 5662 5676 5675
f 5662 5664 5676
f 5664 5677 5676
f 5664 5666 5677
f 5666 5678 5677
f 5666 5668 5678
f 5668 5679 5678
f 5668 5670 5679
f 5670 5680 5679
f 5670 5657 5680
f 5657 5673 5680
f 5657 5656 5673
f 5672 5674 5681
f 5674 5675 5681
f 5675 5676 5681
f 5676 5677 5681
f 5677 5678 5681
f 5678 5679 5681
f 5679 5680 5681
f 5680 5673 5681
f 5673 5672 5681
f 5682 5683 5684
f 5683 5685 5684
f 5685 5686 5684
f 5686 5687 5684
f 5687 5688 5684
f 5688 5682 5684
f 5689 5690 5691
f 5689 5691 5692
f 5690 5693 5691
f 5690 5694 5693
f 5694 5695 5693
f 5694 5696 5695
f 5696 5697 5695
f 5696 5698 5697
f 5698 5699 5697
f 5698 5700 5699
f 5700 5692 5699
f 5700 5689 5692
f 5701 5702 5703
f 5701 5703 5704
f 5702 5705 5703
f 5702 5706 5705
f 5706 5707 5705
f 5706 5708 5707
f 5708 5709 5707
f 5708 5710 5709
f 5710 5711 5709
f 5710 5712 5711
f 5712 5713 5711
f 5712 5714 5713
f 5714 5715 5713
f 5714 5716 5715
f 5716 5717 5715
f 5716 5718 5717
f 5718 5719 5717
f 5718 5720 5719
f 5720 5704 5719
f 5720 5701 5704
f 5703 5705 5721
f 5703 5721 5722
f 5705 5723 5721
f 5705 5707 5723
f 5707 5724 5723
f 5707 5709 5724
f 5709 5725 5724
f 5709 5711 5725
f 5711 5726 5725
f 5711 5713 5726
f 5713 5727 5726
f 5713 5715 5727
f 5715 5728 5727
f 5715 5717 5728
f 5717 5729 5728
f 5717 5719 5729
f 5719 5730 5729
f 5719 5704 5730
f 5704 5722 5730
f 5704 5703 5722
f 5721 5723 5731
f 5721 5731 5732
f 5723 5733 5731
f 5723 5724 5733
f 5724 5734 5733
f 5724 5725 5734
f 5735 5736 5737
f 5735 5738 5736
f 5738 5739 5736
f 5738 5740 5739
f 5740 5741 5739
f 5740 5742 5741
f 5742 5743 5741
f 5742 5744 5743
f 5744 5745 5743
f 5744 5746 5745
f 5746 5747 5745
f 5746 5748 5747
f 5748 5749 5747
f 5748 5750 5749
f 5751 5752 5753
f 5751 5753 5754
f 5752 5755 5753
f 5752 5737 5755
f 5737 5756 5755
f 5737 5736 5756
f 5736 5757 5756
f 5736 5739 5757
f 5739 5758 5757
f 5739 5741 5758
f 5741 5759 5758
f 5741 5743 5759
f 5743 5760 5759
f 5743 5745 5760
f 5745 5761 5760
f 5745 5747 5761
f 5747 5762 5761
f 5747 5749 5762
f 5749 5754 5762
f 5749 5751 5754
f 5753 5755 5763
f 5753 5763 5764
f 5755 5765 5763
f 5755 5756 5765
f 5756 5766 5765
f 5756 5757 5766
f 5757 5767 5766
f 5757 5758 5767
f 5758 5768 5767
f 5758 5759 5768
f 5759 5769 5768
f 5759 5760 5769
f 5760 5770 5769
f 5760 5761 5770
f 5761 5771 5770
f 5761 5762 5771
f 5762 5772 5771
f 5762 5754 5772
f 5754 5764 5772
f 5754 5753 5764
f 5763 5765 5773
f 5763 5773 5774
f 5765 5775 5773
f 5765 5766 5775
f 5766 5776 5775
f 5766 5767 5776
f 5767 5777 5776
f 5767 5768 5777
f 5768 5778 5777
f 5768 5769 5778
f 5769 5779 5778
f 5769 5770 5779
f 5770 5780 5779
f 5770 5771 5780
f 5771 5781 5780
f 5771 5772 5781
f 5772 5782 5781
f 5772 5764 5782
f 5764 5774 5782
f 5764 5763 5774
f 5773 5775 5783
f 5775 5776 5783
f 5776 5777 5783
f 5777 5778 5783
f 5778 5779 5783
f 5779 5780 5783
f 5780 5781 5783
f 5781 5782 5783
f 5782 5774 5783
f 5774 5773 5783
f 5784 5785 5786
f 5784 5786 5787
f 5785 5788 5786
f 5785 5789 5788
f 5789 5790 5788
f 5789 5791 5790
f 5791 5792 5790
f 5791 5793 5792
f 5793 5794 5792
f 5793 5795 5794
f 5795 5796 5794
f 5795 5797 5796
f 5797 5798 5796
f 5797 5799 5798
f 5799 5800 5798
f 5799 5801 5800
f 5801 5787 5800
f 5801 5784 5787
f 5786 5788 5802
f 5786 5802 5803
f 5788 5804 5802
f 5788 5790 5804
f 5790 5805 5804
f 5790 5792 5805
f 5792 5806 5805
f 5792 5794 5806
f 5794 5807 5806
f 5794 5796 5807
f 5796 5808 5807
f 5796 5798 5808
f 5798 5809 5808
f 5798 5800 5809
f 5800 5810 5809
f 5800 5787 5810
f 5787 5803 5810
f 5787 5786 5803
f 5802 5804 5811
f 5804 5805 5811
f 5805 5806 5811
f 5806 5807 5811
f 5807 5808 5811
f 5808 5809 5811
f 5809 5810 5811
f 5810 5803 5811
f 5803 5802 5811
f 5812 5813 5814
f 5813 5815 5814
f 5815 5816 5814
f 5816 5817 5814
f 5817 5818 5814
f 5818 5812 5814
f 5819 5820 5821
f 5819 5821 5822
f 5820 5823 5821
f 5820 5824 5823
f 5824 5825 5823
f 5824 5826 5825
f 5826 5827 5825
f 5826 5828 5827
f 5828 5829 5827
f 5828 5830 5829
f 5830 5822 5829
f 5830 5819 5822
f 5831 5832 5833
f 5831 5833 5834
f 5832 5835 5833
f 5832 5836 5835
f 5836 5837 5835
f 5836 5838 5837
f 5838 5839 5837
f 5838 5840 5839
f 5840 5841 5839
f 5840 5842 5841
f 5842 5843 5841
f 5842 5844 5843
f 5844 5845 5843
f 5844 5846 5845
f 5846 5847 5845
f 5846 5848 5847
f 5848 5849 5847
f 5848 5850 5849
f 5850 5834 5849
f 5850 5831 5834
f 5833 5835 5851
f 5833 5851 5852
f 5835 5853 5851
f 5835 5837 5853
f 5837 5854 5853
f 5837 5839 5854
f 5839 5855 5854
f 5839 5841 5855
f 5841 5856 5855
f 5841 5843 5856
f 5843 5857 5856
f 5843 5845 5857
f 5845 5858 5857
f 5845 5847 5858
f 5847 5859 5858
f 5847 5849 5859
f 5849 5860 5859
f 5849 5834 5860
f 5834 5852 5860
f 5834 5833 5852
f 5851 5853 5861
f 5851 5861 5862
f 5853 5863 5861
f 5853 5854 5863
f 5854 5864 5863
f 5854 5855 5864
f 5855 5865 5864
f 5855 5856 5865
f 5856 5866 5865
f 5856 5857 5866
f 5857 5867 5866
f 5857 5858 5867
f 5858 5868 5867
f 5858 5859 5868
f 5859 5869 5868
f 5859 5860 5869
f 5860 5870 5869
f 5860 5852 5870
f 5852 5862 5870
f 5852 5851 5862
f 5861 5863 5871
f 5861 5871 5872
f 5863 5873 5871
f 5863 5864 5873
f 5864 5874 5873
f 5864 5865 5874
f 5865 5875 5874
f 5865 5866 5875
f 5866 5876 5875
f 5866 5867 5876
f 5867 5877 5876
f 5867 5868 5877
f 5868 5878 5877
f 5868 5869 5878
f 5869 5879 5878
f 5869 5870 5879
f 5870 5880 5879
f 5870 5862 5880
f 5862 5872 5880
f 5862 5861 5872
f 5871 5873 5881
f 5871 5881 5882
f 5873 5883 5881
f 5873 5874 5883
f 5874 5884 5883
f 5874 5875 5884
f 5875 5885 5884
f 5875 5876 5885
f 5876 5886 5885
f 5876 5877 5886
f 5877 5887 5886
f 5877 5878 5887
f 5878 5888 5887
f 5878 5879 5888
f 5879 5889 5888
f 5879 5880 5889
f 5880 5890 5889
f 5880 5872 5890
f 5872 5882 5890
f 5872 5871 5882
f 5881 5883 5891
f 5881 5891 5892
f 5883 5893 5891
f 5883 5884 5893
f 5884 5894 5893
f 5884 5885 5894
f 5885 5895 5894
f 5885 5886 5895
f 5886 5896 5895
f 5886 5887 5896
f 5887 5897 5896
f 5887 5888 5897
f 5888 5898 5897
f 5888 5889 5898
f 5889 5899 5898
f 5889 5890 5899
f 5890 5900 5899
f 5890 5882 5900
f 5882 5892 5900
f 5882 5881 5892
f 5891 5893 5901
f 5893 5894 5901
f 5894 5895 5901
f 5895 5896 5901
f 5896 5897 5901
f 5897 5898 5901
f 5898 5899 5901
f 5899 5900 5901
f 5900 5892 5901
f 5892 5891 5901
f 5902 5903 5904
f 5902 5904 5905
f 5903 5906 5904
f 5903 5907 5906
f 5907 5908 5906
f 5907 5909 5908
f 5909 5910 5908
f 5909 5911 5910
f 5911 5912 5910
f 5911 5913 5912
f 5913 5914 5912
f 5913 5915 5914
f 5915 5916 5914
f 5915 5917 5916
f 5917 5918 5916
f 5917 5919 5918
f 5919 5905 5918
f 5919 5902 5905
f 5904 5906 5920
f 5904 5920 5921
f 5906 5922 5920
f 5906 5908 5922
f 5908 5923 5922
f 5908 5910 5923
f 5910 5924 5923
f 5910 5912 5924
f 5912 5925 5924
f 5912 5914 5925
f 5914 5926 5925
f 5914 5916 5926
f 5916 5927 5926
f 5916 5918 5927
f 5918 5928 5927
f 5918 5905 5928
f 5905 5921 5928
f 5905 5904 5921
f 5920 5922 5929
f 5922 5923 5929
f 5923 5924 5929
f 5924 5925 5929
f 5925 5926 5929
f 5926 5927 5929
f 5927 5928 5929
f 5928 5921 5929
f 5921 5920 5929
f 5930 5931 5932
f 5931 5933 5932
f 5933 5934 5932
f 5934 5935 5932
f 5935 5936 5932
f 5936 5930 5932
f 5937 5938 5939
f 5937 5939 5940
f 5938 5941 5939
f 5938 5942 5941
f 5942 5943 5941
f 5942 5944 5943
f 5944 5945 5943
f 5944 5946 5945
f 5946 5947 5945
f 5946 5948 5947
f 5948 5940 5947
f 5948 5937 5940
f 5949 5950 5951
f 5949 5951 5952
f 5950 5953 5951
f 5950 5954 5953
f 5954 5955 5953
f 5954 5956 5955
f 5956 5957 5955
f 5956 5958 5957
f 5958 5959 5957
f 5958 5960 5959
f 5960 5961 5959
f 5960 5962 5961
f 5962 5963 5961
f 5962 5964 5963
f 5964 5965 5963
f 5964 5966 5965
f 5966 5967 5965
f 5966 5968 5967
f 5968 5952 5967
f 5968 5949 5952
f 5951 5953 5969
f 5951 5969 5970
f 5953 5971 5969
f 5953 5955 5971
f 5955 5972 5971
f 5955 5957 5972
f 5957 5973 5972
f 5957 5959 5973
f 5959 5974 5973
f 5959 5961 5974
f 5961 5975 5974
f 5961 5963 5975
f 5963 5976 5975
f 5963 5965 5976
f 5965 5977 5976
f 5965 5967 5977
f 5967 5978 5977
f 5967 5952 5978
f 5952 5970 5978
f 5952 5951 5970
f 5969 5971 5979
f 5969 5979 5980
f 5971 5981 5979
f 5971 5972 5981
f 5972 5982 5981
f 5972 5973 5982
f 5973 5983 5982
f 5973 5974 5983
f 5974 5984 5983
f 5974 5975 5984
f 5975 5985 5984
f 5975 5976 5985
f 5976 5986 5985
f 5976 5977 5986
f 5977 5987 5986
f 5977 5978 5987
f 5978 5988 5987
f 5978 5970 5988
f 5970 5980 5988
f 5970 5969 5980
f 5979 5981 5989
f 5979 5989 5990
f 5981 5991 5989
f 5981 5982 5991
f 5982 5992 5991
f 5982 5983 5992
f 5983 5993 5992
f 5983 5984 5993
f 5984 5994 5993
f 5984 5985 5994
f 5985 5995 5994
f 5985 5986 5995
f 5986 5996 5995
f 5986 5987 5996
f 5987 5997 5996
f 5987 5988 5997
f 5988 5998 5997
f 5988 5980 5998
f 5980 5990 5998
f 5980 5979 5990
f 5989 5991 5999
f 5989 5999 6000
f 5991 6001 5999
f 5991 5992 6001
f 5992 6002 6001
f 5992 5993 6002
f 5993 6003 6002
f 5993 5994 6003
f 5994 6004 6003
f 5994 5995 6004
f 5995 6005 6004
f 5995 5996 6005
f 5996 6006 6005
f 5996 5997 6006
f 5997 6007 6006
f 5997 5998 6007
f 5998 6008 6007
f 5998 5990 6008
f 5990 6000 6008
f 5990 5989 6000
f 5999 6001 6009
f 5999 6009 6010
f 6001 6011 6009
f 6001 6002 6011
f 6002 6012 6011
f 6002 6003 6012
f 6003 6013 6012
f 6003 6004 6013
f 6004 6014 6013
f 6004 6005 6014
f 6005 6015 6014
f 6005 6006 6015
f 6006 6016 6015
f 6006 6007 6016
f 6007 6017 6016
f 6007 6008 6017
f 6008 6018 6017
f 6008 6000 6018
f 6000 6010 6018
f 6000 5999 6010
f 6009 6011 6019
f 6011 6012 6019
f 6012 6013 6019
f 6013 6014 6019
f 6014 6015 6019
f 6015 6016 6019
f 6016 6017 6019
f 6017 6018 6019
f 6018 6010 6019
f 6010 6009 6019
f 6020 6021 6022
f 6020 6022 6023
f 6021 6024 6022
f 6021 6025 6024
f 6025 6026 6024
f 6025 6027 6026
f 6027 6028 6026
f 6027 6029 6028
f 6029 6030 6028
f 6029 6031 6030
f 6031 6032 6030
f 6031 6033 6032
f 6033 6034 6032
f 6033 6035 6034
f 6035 6036 6034
f 6035 6037 6036
f 6037 6023 6036
f 6037 6020 6023
f 6022 6024 6038
f 6022 6038 6039
f 6024 6040 6038
f 6024 6026 6040
f 6026 6041 6040
f 6026 6028 6041
f 6028 6042 6041
f 6028 6030 6042
f 6030 6043 6042
f 6030 6032 6043
f 6032 6044 6043
f 6032 6034 6044
f 6034 6045 6044
f 6034 6036 6045
f 6036 6046 6045
f 6036 6023 6046
f 6023 6039 6046
f 6023 6022 6039
f 6038 6040 6047
f 6040 6041 6047
f 6041 6042 6047
f 6042 6043 6047
f 6043 6044 6047
f 6044 6045 6047
f 6045 6046 6047
f 6046 6039 6047
f 6039 6038 6047
f 6048 6049 6050
f 6049 6051 6050
f 6051 6052 6050
f 6052 6053 6050
f 6053 6054 6050
f 6054 6048 6050
f 6055 6056 6057
f 6055 6057 6058
f 6056 6059 6057
f 6056 6060 6059
f 6060 6061 6059
f 6060 6062 6061
f 6062 6063 6061
f 6062 6064 6063
f 6064 6065 6063
f 6064 6066 6065
f 6066 6058 6065
f 6066 6055 6058
f 6067 6068 6069
f 6067 6069 6070
f 6068 6071 6069
f 6068 6072 6071
f 6072 6073 6071
f 6072 6074 6073
f 6074 6075 6073
f 6074 6076 6075
f 6076 6077 6075
f 6076 6078 6077
f 6078 6079 6077
f 6078 6080 6079
f 6080 6081 6079
f 6080 6082 6081
f 6082 6083 6081
f 6082 6084 6083
f 6084 6085 6083
f 6084 6086 6085
f 6086 6070 6085
f 6086 6067 6070
f 6069 6071 6087
f 6069 6087 6088
f 6071 6089 6087
f 6071 6073 6089
f 6073 6090 6089
f 6073 6075 6090
f 6075 6091 6090
f 6075 6077 6091
f 6077 6092 6091
f 6077 6079 6092
f 6079 6093 6092
f 6079 6081 6093
f 6081 6094 6093
f 6081 6083 6094
f 6083 6095 6094
f 6083 6085 6095
f 6085 6096 6095
f 6085 6070 6096
f 6070 6088 6096
f 6070 6069 6088
f 6087 6089 6097
f 6087 6097 6098
f 6089 6099 6097
f 6089 6090 6099
f 6090 6100 6099
f 6090 6091 6100
f 6091 6101 6100
f 6091 6092 6101
f 6092 6102 6101
f 6092 6093 6102
f 6093 6103 6102
f 6093 6094 6103
f 6094 6104 6103
f 6094 6095 6104
f 6095 6105 6104
f 6095 6096 6105
f 6096 6106 6105
f 6096 6088 6106
f 6088 6098 6106
f 6088 6087 6098
f 6097 6099 6107
f 6097 6107 6108
f 6099 6109 6107
f 6099 6100 6109
f 6100 6110 6109
f 6100 6101 6110
f 6101 6111 6110
f 6101 6102 6111
f 6102 6112 6111
f 6102 6103 6112
f 6103 6113 6112
f 6103 6104 6113
f 6104 6114 6113
f 6104 6105 6114
f 6105 6115 6114
f 6105 6106 6115
f 6106 6116 6115
f 6106 6098 6116
f 6098 6108 6116
f 6098 6097 6108
f 6107 6109 6117
f 6107 6117 6118
f 6109 6119 6117
f 6109 6110 6119
f 6110 6120 6119
f 6110 6111 6120
f 6111 6121 6120
f 6111 6112 6121
f 6112 6122 6121
f 6112 6113 6122
f 6113 6123 6122
f 6113 6114 6123
f 6114 6124 6123
f 6114 6115 6124
f 6115 6125 6124
f 6115 6116 6125
f 6116 6126 6125
f 6116 6108 6126
f 6108 6118 6126
f 6108 6107 6118
f 6117 6119 6127
f 6117 6127 6128
f 6119 6129 6127
f 6119 6120 6129
f 6120 6130 6129
f 6120 6121 6130
f 6121 6131 6130
f 6121 6122 6131
f 6122 6132 6131
f 6122 6123 6132
f 6123 6133 6132
f 6123 6124 6133
f 6124 6134 6133
f 6124 6125 6134
f 6125 6135 6134
f 6125 6126 6135
f 6126 6136 6135
f 6126 6118 6136
f 6118 6128 6136
f 6118 6117 6128
f 6127 6129 6137
f 6129 6130 6137
f 6130 6131 6137
f 6131 6132 6137
f 6132 6133 6137
f 6133 6134 6137
f 6134 6135 6137
f 6135 6136 6137
f 6136 6128 6137
f 6128 6127 6137
f 6138 6139 6140
f 6138 6140 6141
f 6139 6142 6140
f 6139 6143 6142
f 6143 6144 6142
f 6143 6145 6144
f 6145 6146 6144
f 6145 6147 6146
f 6147 6148 6146
f 6147 6149 6148
f 6149 6150 6148
f 6149 6151 6150
f 6151 6152 6150
f 6151 6153 6152
f 6153 6154 6152
f 6153 6155 6154
f 6155 6141 6154
f 6155 6138 6141
f 6140 6142 6156
f 6140 6156 6157
f 6142 6158 6156
f 6142 6144 6158
f 6144 6159 6158
f 6144 6146 6159
f 6146 6160 6159
f 6146 6148 6160
f 6148 6161 6160
f 6148 6150 6161
f 6150 6162 6161
f 6150 6152 6162
f 6152 6163 6162
f 6152 6154 6163
f 6154 6164 6163
f 6154 6141 6164
f 6141 6157 6164
f 6141 6140 6157
f 6156 6158 6165
f 6158 6159 6165
f 6159 6160 6165
f 6160 6161 6165
f 6161 6162 6165
f 6162 6163 6165
f 6163 6164 6165
f 6164 6157 6165
f 6157 6156 6165
f 6166 6167 6168
f 6167 6169 6168
f 6169 6170 6168
f 6170 6171 6168
f 6171 6172 6168
f 6172 6166 6168
f 6173 6174 6175
f 6173 6175 6176
f 6174 6177 6175
f 6174 6178 6177
f 6178 6179 6177
f 6178 6180 6179
f 6180 6181 6179
f 6180 6182 6181
f 6182 6183 6181
f 6182 6184 6183
f 6184 6176 6183
f 6184 6173 6176
f 6185 6186 6187
f 6185 6187 6188
f 6186 6189 6187
f 6186 6190 6189
f 6190 6191 6189
f 6190 6192 6191
f 6192 6193 6191
f 6192 6194 6193
f 6194 6195 6193
f 6194 6196 6195
f 6196 6197 6195
f 6196 6198 6197
f 6198 6199 6197
f 6198 6200 6199
f 6200 6201 6199
f 6200 6202 6201
f 6202 6203 6201
f 6202 6204 6203
f 6204 6188 6203
f 6204 6185 6188
f 6187 6189 6205
f 6187 6205 6206
f 6189 6207 6205
f 6189 6191 6207
f 6191 6208 6207
f 6191 6193 6208
f 6193 6209 6208
f 6193 6195 6209
f 6195 6210 6209
f 6195 6197 6210
f 6197 6211 6210
f 6197 6199 6211
f 6199 6212 6211
f 6199 6201 6212
f 6201 6213 6212
f 6201 6203 6213
f 6203 6214 6213
f 6203 6188 6214
f 6188 6206 6214
f 6188 6187 6206
f 6205 6207 6215
f 6205 6215 6216
f 6207 6217 6215
f 6207 6208 6217
f 6208 6218 6217
f 6208 6209 6218
f 6209 6219 6218
f 6209 6210 6219
f 6210 6220 6219
f 6210 6211 6220
f 6211 6221 6220
f 6211 6212 6221
f 6212 6222 6221
f 6212 6213 6222
f 6213 6223 6222
f 6213 6214 6223
f 6214 6224 6223
f 6214 6206 6224
f 6206 6216 6224
f 6206 6205 6216
f 6215 6217 6225
f 6215 6225 6226
f 6217 6227 6225
f 6217 6218 6227
f 6218 6228 6227
f 6218 6219 6228
f 6219 6229 6228
f 6219 6220 6229
f 6220 6230 6229
f 6220 6221 6230
f 6221 6231 6230
f 6221 6222 6231
f 6222 6232 6231
f 6222 6223 6232
f 6223 6233 6232
f 6223 6224 6233
f 6224 6234 6233
f 6224 6216 6234
f 6216 6226 6234
f 6216 6215 6226
f 6225 6227 6235
f 6225 6235 6236
f 6227 6237 6235
f 6227 6228 6237
f 6228 6238 6237
f 6228 6229 6238
f 6229 6239 6238
f 6229 6230 6239
f 6230 6240 6239
f 6230 6231 6240
f 6231 6241 6240
f 6231 6232 6241
f 6232 6242 6241
f 6232 6233 6242
f 6233 6243 6242
f 6233 6234 6243
f 6234 6244 6243
f 6234 6226 6244
f 6226 6236 6244
f 6226 6225 6236
f 6235 6237 6245
f 6235 6245 6246
f 6237 6247 6245
f 6237 6238 6247
f 6238 6248 6247
f 6238 6239 6248
f 6239 6249 6248
f 6239 6240 6249
f 6240 6250 6249
f 6240 6241 6250
f 6241 6251 6250
f 6241 6242 6251
f 6242 6252 6251
f 6242 6243 6252
f 6243 6253 6252
f 6243 6244 6253
f 6244 6254 6253
f 6244 6236 6254
f 6236 6246 6254
f 6236 6235 6246
f 6245 6247 6255
f 6247 6248 6255
f 6248 6249 6255
f 6249 6250 6255
f 6250 6251 6255
f 6251 6252 6255
f 6252 6253 6255
f 6253 6254 6255
f 6254 6246 6255
f 6246 6245 6255
f 6256 6257 6258
f 6256 6258 6259
f 6257 6260 6258
f 6257 6261 6260
f 6261 6262 6260
f 6261 6263 6262
f 6263 6264 6262
f 6263 6265 6264
f 6265 6266 6264
f 6265 6267 6266
f 6267 6268 6266
f 6267 6269 6268
f 6269 6270 6268
f 6269 6271 6270
f 6271 6272 6270
f 6271 6273 6272
f 6273 6259 6272
f 6273 6256 6259
f 6258 6260 6274
f 6258 6274 6275
f 6260 6276 6274
f 6260 6262 6276
f 6262 6277 6276
f 6262 6264 6277
f 6264 6278 6277
f 6264 6266 6278
f 6266 6279 6278
f 6266 6268 6279
f 6268 6280 6279
f 6268 6270 6280
f 6270 6281 6280
f 6270 6272 6281
f 6272 6282 6281
f 6272 6259 6282
f 6259 6275 6282
f 6259 6258 6275
f 6274 6276 6283
f 6276 6277 6283
f 6277 6278 6283
f 6278 6279 6283
f 6279 6280 6283
f 6280 6281 6283
f 6281 6282 6283
f 6282 6275 6283
f 6275 6274 6283
f 6284 6285 6286
f 6285 6287 6286
f 6287 6288 6286
f 6288 6289 6286
f 6289 6290 6286
f 6290 6284 6286
f 6291 6292 6293
f 6291 6293 6294
f 6292 6295 6293
f 6292 6296 6295
f 6296 6297 6295
f 6296 6298 6297
f 6298 6299 6297
f 6298 6300 6299
f 6300 6301 6299
f 6300 6302 6301
f 6302 6294 6301
f 6302 6291 6294
f 6303 6304 6305
f 6303 6305 6306
f 6304 6307 6305
f 6304 6308 6307
f 6308 6309 6307
f 6308 6310 6309
f 6310 6311 6309
f 6310 6312 6311
f 6312 6313 6311
f 6312 6314 6313
f 6314 6315 6313
f 6314 6316 6315
f 6316 6317 6315
f 6316 6318 6317
f 6318 6319 6317
f 6318 6320 6319
f 6320 6321 6319
f 6320 6322 6321
f 6322 6306 6321
f 6322 6303 6306
f 6305 6307 6323
f 6305 6323 6324
f 6307 6325 6323
f 6307 6309 6325
f 6309 6326 6325
f 6309 6311 6326
f 6311 6327 6326
f 6311 6313 6327
f 6313 6328 6327
f 6313 6315 6328
f 6315 6329 6328
f 6315 6317 6329
f 6317 6330 6329
f 6317 6319 6330
f 6319 6331 6330
f 6319 6321 6331
f 6321 6332 6331
f 6321 6306 6332
f 6306 6324 6332
f 6306 6305 6324
f 6323 6325 6333
f 6323 6333 6334
f 6325 6335 6333
f 6325 6326 6335
f 6326 6336 6335
f 6326 6327 6336
f 6327 6337 6336
f 6327 6328 6337
f 6328 6338 6337
f 6328 6329 6338
f 6329 6339 6338
f 6329 6330 6339
f 6330 6340 6339
f 6330 6331 6340
f 6331 6341 6340
f 6331 6332 6341
f 6332 6342 6341
f 6332 6324 6342
f 6324 6334 6342
f 6324 6323 6334
f 6333 6335 6343
f 6333 6343 6344
f 6335 6345 6343
f 6335 6336 6345
f 6336 6346 6345
f 6336 6337 6346
f 6337 6347 6346
f 6337 6338 6347
f 6338 6348 6347
f 6338 6339 6348
f 6339 6349 6348
f 6339 6340 6349
f 6340 6350 6349
f 6340 6341 6350
f 6341 6351 6350
f 6341 6342 6351
f 6342 6352 6351
f 6342 6334 6352
f 6334 6344 6352
f 6334 6333 6344
f 6343 6345 6353
f 6354 6355 6356
f 6357 6358 6355
f 6357 6359 6358
f 6359 6360 6358
f 6359 6361 6360
f 6361 6362 6360
f 6361 6363 6362
f 6363 6364 6362
f 6363 6365 6364
f 6365 6366 6364
f 6365 6367 6366
f 6367 6368 6366
f 6367 6369 6368
f 6369 6370 6368
f 6369 6371 6370
f 6371 6372 6370
f 6371 6373 6372
f 6373 6356 6372
f 6373 6354 6356
f 6355 6358 6374
f 6355 6374 6375
f 6358 6376 6374
f 6358 6360 6376
f 6360 6377 6376
f 6360 6362 6377
f 6362 6378 6377
f 6362 6364 6378
f 6364 6379 6378
f 6364 6366 6379
f 6366 6380 6379
f 6366 6368 6380
f 6368 6381 6380
f 6368 6370 6381
f 6370 6382 6381
f 6370 6372 6382
f 6372 6383 6382
f 6372 6356 6383
f 6356 6375 6383
f 6356 6355 6375
f 6374 6376 6384
f 6376 6377 6384
f 6377 6378 6384
f 6378 6379 6384
f 6379 6380 6384
f 6380 6381 6384
f 6381 6382 6384
f 6382 6383 6384
f 6383 6375 6384
f 6375 6374 6384
f 6385 6386 6387
f 6385 6387 6388
f 6386 6389 6387
f 6386 6390 6389
f 6390 6391 6389
f 6390 6392 6391
f 6392 6393 6391
f 6392 6394 6393
f 6394 6395 6393
f 6394 6396 6395
f 6396 6397 6395
f 6396 6398 6397
f 6398 6399 6397
f 6398 6400 6399
f 6400 6401 6399
f 6400 6402 6401
f 6402 6388 6401
f 6402 6385 6388
f 6387 6389 6403
f 6387 6403 6404
f 6389 6405 6403
f 6389 6391 6405
f 6391 6406 6405
f 6391 6393 6406
f 6393 6407 6406
f 6393 6395 6407
f 6395 6408 6407
f 6395 6397 6408
f 6397 6409 6408
f 6397 6399 6409
f 6399 6410 6409
f 6399 6401 6410
f 6401 6411 6410
f 6401 6388 6411
f 6388 6404 6411
f 6388 6387 6404
f 6403 6405 6412
f 6405 6406 6412
f 6406 6407 6412
f 6407 6408 6412
f 6408 6409 6412
f 6409 6410 6412
f 6410 6411 6412
f 6411 6404 6412
f 6404 6403 6412
f 6413 6414 6415
f 6414 6416 6415
f 6416 6417 6415
f 6417 6418 6415
f 6418 6419 6415
f 6419 6413 6415
f 6420 6421 6422
f 6420 6422 6423
f 6421 6424 6422
f 6421 6425 6424
f 6425 6426 6424
f 6425 6427 6426
f 6427 6428 6426
f 6427 6429 6428
f 6429 6430 6428
f 6429 6431 6430
f 6431 6423 6430
f 6431 6420 6423
f 6432 6433 6434
f 6432 6434 6435
f 6433 6436 6434
f 6433 6437 6436
f 6437 6438 6436
f 6437 6439 6438
f 6439 6440 6438
f 6439 6441 6440
f 6441 6442 6440
f 6441 6443 6442
f 6443 6444 6442
f 6443 6445 6444
f 6445 6446 6444
f 6445 6447 6446
f 6447 6448 6446
f 6447 6449 6448
f 6449 6450 6448
f 6449 6451 6450
f 6451 6435 6450
f 6451 6432 6435
f 6434 6436 6452
f 6434 6452 6453
f 6436 6454 6452
f 6436 6438 6454
f 6438 6455 6454
f 6438 6440 6455
f 6440 6456 6455
f 6440 6442 6456
f 6442 6457 6456
f 6442 6444 6457
f 6444 6458 6457
f 6444 6446 6458
f 6446 6459 6458
f 6446 6448 6459
f 6448 6460 6459
f 6448 6450 6460
f 6450 6461 6460
f 6450 6435 6461
f 6435 6453 6461
f 6435 6434 6453
f 6452 6454 6462
f 6452 6462 6463
f 6454 6464 6462
f 6454 6455 6464
f 6455 6465 6464
f 6455 6456 6465
f 6456 6466 6465
f 6456 6457 6466
f 6457 6467 6466
f 6457 6458 6467
f 6458 6468 6467
f 6458 6459 6468
f 6459 6469 6468
f 6459 6460 6469
f 6460 6470 6469
f 6460 6461 6470
f 6461 6471 6470
f 6461 6453 6471
f 6453 6463 6471
f 6453 6452 6463
f 6462 6464 6472
f 6462 6472 6473
f 6464 6474 6472
f 6464 6465 6474
f 6465 6475 6474
f 6465 6466 6475
f 6466 6476 6475
f 6466 6467 6476
f 6467 6477 6476
f 6467 6468 6477
f 6468 6478 6477
f 6468 6469 6478
f 6469 6479 6478
f 6469 6470 6479
f 6470 6480 6479
f 6470 6471 6480
f 6471 6481 6480
f 6471 6463 6481
f 6463 6473 6481
f 6463 6462 6473
f 6472 6474 6482
f 6472 6482 6483
f 6474 6484 6482
f 6474 6475 6484
f 6475 6485 6484
f 6475 6476 6485
f 6476 6486 6485
f 6476 6477 6486
f 6477 6487 6486
f 6477 6478 6487
f 6478 6488 6487
f 6478 6479 6488
f 6479 6489 6488
f 6479 6480 6489
f 6480 6490 6489
f 6480 6481 6490
f 6481 6491 6490
f 6481 6473 6491
f 6473 6483 6491
f 6473 6472 6483
f 6482 6484 6492
f 6482 6492 6493
f 6484 6494 6492
f 6484 6485 6494
f 6485 6495 6494
f 6485 6486 6495
f 6486 6496 6495
f 6486 6487 6496
f 6487 6497 6496
f 6487 6488 6497
f 6488 6498 6497
f 6488 6489 6498
f 6489 6499 6498
f 6489 6490 6499
f 6490 6500 6499
f 6490 6491 6500
f 6491 6501 6500
f 6491 6483 6501
f 6483 6493 6501
f 6483 6482 6493
f 6499 6500 6502
f 6503 6504 6505
f 6503 6505 6506
f 6504 6507 6505
f 6504 6508 6507
f 6508 6509 6507
f 6508 6510 6509
f 6510 6511 6509
f 6510 6512 6511
f 6512 6513 6511
f 6512 6514 6513
f 6514 6515 6513
f 6514 6516 6515
f 6516 6517 6515
f 6516 6518 6517
f 6518 6519 6517
f 6518 6520 6519
f 6520 6506 6519
f 6520 6503 6506
f 6505 6507 6521
f 6505 6521 6522
f 6507 6523 6521
f 6507 6509 6523
f 6509 6524 6523
f 6509 6511 6524
f 6511 6525 6524
f 6511 6513 6525
f 6513 6526 6525
f 6513 6515 6526
f 6515 6527 6526
f 6515 6517 6527
f 6517 6528 6527
f 6517 6519 6528
f 6519 6529 6528
f 6519 6506 6529
f 6506 6522 6529
f 6506 6505 6522
f 6521 6523 6530
f 6523 6524 6530
f 6524 6525 6530
f 6525 6526 6530
f 6526 6527 6530
f 6527 6528 6530
f 6528 6529 6530
f 6529 6522 6530
f 6522 6521 6530
f 6531 6532 6533
f 6532 6534 6533
f 6534 6535 6533
f 6535 6536 6533
f 6536 6537 6533
f 6537 6531 6533
f 6538 6539 6540
f 6538 6540 6541
f 6539 6542 6540
f 6539 6543 6542
f 6543 6544 6542
f 6543 6545 6544
f 6545 6546 6544
f 6545 6547 6546
f 6547 6548 6546
f 6547 6549 6548
f 6549 6541 6548
f 6549 6538 6541
f 6550 6551 6552
f 6550 6552 6553
f 6551 6554 6552
f 6551 6555 6554
f 6555 6556 6554
f 6555 6557 6556
f 6557 6558 6556
f 6557 6559 6558
f 6559 6560 6558
f 6559 6561 6560
f 6561 6562 6560
f 6561 6563 6562
f 6563 6564 6562
f 6563 6565 6564
f 6565 6566 6564
f 6565 6567 6566
f 6567 6568 6566
f 6567 6569 6568
f 6569 6553 6568
f 6569 6550 6553
f 6552 6554 6570
f 6552 6570 6571
f 6554 6572 6570
f 6554 6556 6572
f 6556 6573 6572
f 6556 6558 6573
f 6558 6574 6573
f 6558 6560 6574
f 6560 6575 6574
f 6560 6562 6575
f 6562 6576 6575
f 6562 6564 6576
f 6564 6577 6576
f 6564 6566 6577
f 6566 6578 6577
f 6566 6568 6578
f 6568 6579 6578
f 6568 6553 6579
f 6553 6571 6579
f 6553 6552 6571
f 6570 6572 6580
f 6570 6580 6581
f 6572 6582 6580
f 6572 6573 6582
f 6573 6583 6582
f 6573 6574 6583
f 6574 6584 6583
f 6574 6575 6584
f 6575 6585 6584
f 6575 6576 6585
f 6576 6586 6585
f 6576 6577 6586
f 6577 6587 6586
f 6577 6578 6587
f 6578 6588 6587
f 6578 6579 6588
f 6579 6589 6588
f 6579 6571 6589
f 6571 6581 6589
f 6571 6570 6581
f 6580 6582 6590
f 6580 6590 6591
f 6582 6592 6590
f 6582 6583 6592
f 6583 6593 6592
f 6583 6584 6593
f 6584 6594 6593
f 6584 6585 6594
f 6585 6595 6594
f 6585 6586 6595
f 6586 6596 6595
f 6586 6587 6596
f 6587 6597 6596
f 6587 6588 6597
f 6588 6598 6597
f 6588 6589 6598
f 6589 6599 6598
f 6589 6581 6599
f 6581 6591 6599
f 6581 6580 6591
f 6590 6592 6600
f 6590 6600 6601
f 6592 6602 6600
f 6592 6593 6602
f 6593 6603 6602
f 6593 6594 6603
f 6594 6604 6603
f 6594 6595 6604
f 6595 6605 6604
f 6595 6596 6605
f 6596 6606 6605
f 6596 6597 6606
f 6597 6607 6606
f 6597 6598 6607
f 6598 6608 6607
f 6598 6599 6608
f 6599 6609 6608
f 6599 6591 6609
f 6591 6601 6609
f 6591 6590 6601
f 6600 6602 6610
f 6602 6603 6610
f 6603 6604 6610
f 6604 6605 6610
f 6605 6606 6610
f 6606 6607 6610
f 6607 6608 6610
f 6608 6609 6610
f 6609 6601 6610
f 6601 6600 6610
f 6611 6612 6613
f 6611 6613 6614
f 6612 6615 6613
f 6612 6616 6615
f 6616 6617 6615
f 6616 6618 6617
f 6618 6619 6617
f 6618 6620 6619
f 6620 6621 6619
f 6620 6622 6621
f 6622 6623 6621
f 6622 6624 6623
f 6624 6625 6623
f 6624 6626 6625
f 6626 6627 6625
f 6626 6628 6627
f 6628 6614 6627
f 6628 6611 6614
f 6613 6615 6629
f 6613 6629 6630
f 6615 6631 6629
f 6615 6617 6631
f 6617 6632 6631
f 6617 6619 6632
f 6619 6633 6632
f 6619 6621 6633
f 6621 6634 6633
f 6621 6623 6634
f 6623 6635 6634
f 6623 6625 6635
f 6625 6636 6635
f 6625 6627 6636
f 6627 6637 6636
f 6627 6614 6637
f 6614 6630 6637
f 6614 6613 6630
f 6629 6631 6638
f 6631 6632 6638
f 6632 6633 6638
f 6633 6634 6638
f 6634 6635 6638
f 6635 6636 6638
f 6636 6637 6638
f 6637 6630 6638
f 6630 6629 6638
f 6639 6640 6641
f 6640 6642 6641
f 6642 6643 6641
f 6643 6644 6641
f 6644 6645 6641
f 6645 6639 6641
f 6646 6647 6648
f 6646 6648 6649
f 6647 6650 6648
f 6647 6651 6650
f 6651 6652 6650
f 6651 6653 6652
f 6653 6654 6652
f 6653 6655 6654
f 6655 6656 6654
f 6655 6657 6656
f 6657 6649 6656
f 6657 6646 6649
f 6658 6659 6660
f 6658 6660 6661
f 6659 6662 6660
f 6659 6663 6662
f 6663 6664 6662
f 6663 6665 6664
f 6665 6666 6664
f 6665 6667 6666
f 6667 6668 6666
f 6667 6669 6668
f 6669 6670 6668
f 6669 6671 6670
f 6671 6672 6670
f 6671 6673 6672
f 6673 6674 6672
f 6673 6675 6674
f 6675 6676 6674
f 6675 6677 6676
f 6677 6661 6676
f 6677 6658 6661
f 6660 6662 6678
f 6660 6678 6679
f 6662 6680 6678
f 6662 6664 6680
f 6664 6681 6680
f 6664 6666 6681
f 6666 6682 6681
f 6666 6668 6682
f 6668 6683 6682
f 6668 6670 6683
f 6670 6684 6683
f 6670 6672 6684
f 6672 6685 6684
f 6672 6674 6685
f 6674 6686 6685
f 6674 6676 6686
f 6676 6687 6686
f 6676 6661 6687
f 6661 6679 6687
f 6661 6660 6679
f 6678 6680 6688
f 6678 6688 6689
f 6680 6690 6688
f 6680 6681 6690
f 6681 6691 6690
f 6681 6682 6691
f 6682 6692 6691
f 6682 6683 6692
f 6683 6693 6692
f 6683 6684 6693
f 6684 6694 6693
f 6684 6685 6694
f 6685 6695 6694
f 6685 6686 6695
f 6686 6696 6695
f 6686 6687 6696
f 6687 6697 6696
f 6687 6679 6697
f 6679 6689 6697
f 6679 6678 6689
f 6688 6690 6698
f 6688 6698 6699
f 6690 6700 6698
f 6690 6691 6700
f 6691 6701 6700
f 6691 6692 6701
f 6692 6702 6701
f 6692 6693 6702
f 6693 6703 6702
f 6693 6694 6703
f 6694 6704 6703
f 6694 6695 6704
f 6695 6705 6704
f 6695 6696 6705
f 6696 6706 6705
f 6696 6697 6706
f 6697 6707 6706
f 6697 6689 6707
f 6689 6699 6707
f 6689 6688 6699
f 6698 6700 6708
f 6698 6708 6709
f 6700 6710 6708
f 6700 6701 6710
f 6701 6711 6710
f 6701 6702 6711
f 6702 6712 6711
f 6702 6703 6712
f 6703 6713 6712
f 6703 6704 6713
f 6704 6714 6713
f 6704 6705 6714
f 6705 6715 6714
f 6705 6706 6715
f 6706 6716 6715
f 6706 6707 6716
f 6707 6717 6716
f 6707 6699 6717
f 6699 6709 6717
f 6699 6698 6709
f 6708 6710 6718
f 6710 6711 6718
f 6711 6712 6718
f 6712 6713 6718
f 6713 6714 6718
f 6714 6715 6718
f 6715 6716 6718
f 6716 6717 6718
f 6717 6709 6718
f 6709 6708 6718
f 6719 6720 6721
f 6719 6721 6722
f 6720 6723 6721
f 6720 6724 6723
f 6724 6725 6723
f 6724 6726 6725
f 6726 6727 6725
f 6726 6728 6727
f 6728 6729 6727
f 6728 6730 6729
f 6730 6731 6729
f 6730 6732 6731
f 6732 6733 6731
f 6732 6734 6733
f 6734 6735 6733
f 6734 6736 6735
f 6736 6722 6735
f 6736 6719 6722
f 6721 6723 6737
f 6721 6737 6738
f 6723 6739 6737
f 6723 6725 6739
f 6725 6740 6739
f 6725 6727 6740
f 6727 6741 6740
f 6727 6729 6741
f 6729 6742 6741
f 6729 6731 6742
f 6731 6743 6742
f 6731 6733 6743
f 6733 6744 6743
f 6733 6735 6744
f 6735 6745 6744
f 6735 6722 6745
f 6722 6738 6745
f 6722 6721 6738
f 6737 6739 6746
f 6739 6740 6746
f 6740 6741 6746
f 6741 6742 6746
f 6742 6743 6746
f 6743 6744 6746
f 6744 6745 6746
f 6745 6738 6746
f 6738 6737 6746
f 6747 6748 6749
f 6748 6750 6749
f 6750 6751 6749
f 6751 6752 6749
f 6752 6753 6749
f 6753 6747 6749
f 6754 6755 6756
f 6754 6756 6757
f 6755 6758 6756
f 6755 6759 6758
f 6759 6760 6758
f 6759 6761 6760
f 6761 6762 6760
f 6761 6763 6762
f 6763 6764 6762
f 6763 6765 6764
f 6765 6757 6764
f 6765 6754 6757
f 6766 6767 6768
f 6766 6768 6769
f 6767 6770 6768
f 6767 6771 6770
f 6771 6772 6770
f 6771 6773 6772
f 6773 6774 6772
f 6773 6775 6774
f 6775 6776 6774
f 6775 6777 6776
f 6777 6778 6776
f 6777 6779 6778
f 6779 6780 6778
f 6779 6781 6780
f 6781 6782 6780
f 6781 6783 6782
f 6783 6784 6782
f 6783 6785 6784
f 6785 6769 6784
f 6785 6766 6769
f 6768 6770 6786
f 6768 6786 6787
f 6770 6788 6786
f 6770 6772 6788
f 6772 6789 6788
f 6772 6774 6789
f 6774 6790 6789
f 6774 6776 6790
f 6776 6791 6790
f 6776 6778 6791
f 6778 6792 6791
f 6778 6780 6792
f 6780 6793 6792
f 6780 6782 6793
f 6782 6794 6793
f 6782 6784 6794
f 6784 6795 6794
f 6784 6769 6795
f 6769 6787 6795
f 6769 6768 6787
f 6786 6788 6796
f 6786 6796 6797
f 6788 6798 6796
f 6788 6789 6798
f 6789 6799 6798
f 6789 6790 6799
f 6790 6800 6799
f 6790 6791 6800
f 6791 6801 6800
f 6791 6792 6801
f 6792 6802 6801
f 6792 6793 6802
f 6793 6803 6802
f 6793 6794 6803
f 6794 6804 6803
f 6794 6795 6804
f 6795 6805 6804
f 6795 6787 6805
f 6787 6797 6805
f 6787 6786 6797
f 6796 6798 6806
f 6796 6806 6807
f 6798 6808 6806
f 6798 6799 6808
f 6799 6809 6808
f 6799 6800 6809
f 6800 6810 6809
f 6800 6801 6810
f 6801 6811 6810
f 6801 6802 6811
f 6802 6812 6811
f 6802 6803 6812
f 6803 6813 6812
f 6803 6804 6813
f 6804 6814 6813
f 6804 6805 6814
f 6805 6815 6814
f 6805 6797 6815
f 6797 6807 6815
f 6797 6796 6807
f 6806 6808 6816
f 6806 6816 6817
f 6808 6818 6816
f 6808 6809 6818
f 6809 6819 6818
f 6809 6810 6819
f 6810 6820 6819
f 6810 6811 6820
f 6811 6821 6820
f 6811 6812 6821
f 6812 6822 6821
f 6812 6813 6822
f 6813 6823 6822
f 6813 6814 6823
f 6814 6824 6823
f 6814 6815 6824
f 6815 6825 6824
f 6815 6807 6825
f 6807 6817 6825
f 6807 6806 6817
f 6816 6818 6826
f 6818 6819 6826
f 6819 6820 6826
f 6820 6821 6826
f 6821 6822 6826
f 6822 6823 6826
f 6823 6824 6826
f 6824 6825 6826
f 6825 6817 6826
f 6817 6816 6826
f 6827 6828 6829
f 6827 6829 6830
f 6828 6831 6829
f 6828 6832 6831
f 6832 6833 6831
f 6832 6834 6833
f 6834 6835 6833
f 6834 6836 6835
f 6836 6837 6835
f 6836 6838 6837
f 6838 6839 6837
f 6838 6840 6839
f 6840 6841 6839
f 6840 6842 6841
f 6842 6843 6841
f 6842 6844 6843
f 6844 6830 6843
f 6844 6827 6830
f 6829 6831 6845
f 6829 6845 6846
f 6831 6847 6845
f 6831 6833 6847
f 6833 6848 6847
f 6833 6835 6848
f 6835 6849 6848
f 6835 6837 6849
f 6837 6850 6849
f 6837 6839 6850
f 6839 6851 6850
f 6839 6841 6851
f 6841 6852 6851
f 6841 6843 6852
f 6843 6853 6852
f 6843 6830 6853
f 6830 6846 6853
f 6830 6829 6846
f 6845 6847 6854
f 6847 6848 6854
f 6848 6849 6854
f 6849 6850 6854
f 6850 6851 6854
f 6851 6852 6854
f 6852 6853 6854
f 6853 6846 6854
f 6846 6845 6854
f 6855 6856 6857
f 6856 6858 6857
f 6858 6859 6857
f 6859 6860 6857
f 6860 6861 6857
f 6861 6855 6857
f 6862 6863 6864
f 6862 6864 6865
f 6863 6866 6864
f 6863 6867 6866
f 6867 6868 6866
f 6867 6869 6868
f 6869 6870 6868
f 6869 6871 6870
f 6871 6872 6870
f 6871 6873 6872
f 6873 6865 6872
f 6873 6862 6865
f 6874 6875 6876
f 6874 6876 6877
f 6875 6878 6876
f 6875 6879 6878
f 6879 6880 6878
f 6879 6881 6880
f 6881 6882 6880
f 6881 6883 6882
f 6883 6884 6882
f 6883 6885 6884
f 6885 6886 6884
f 6885 6887 6886
f 6887 6888 6886
f 6887 6889 6888
f 6889 6890 6888
f 6889 6891 6890
f 6891 6892 6890
f 6891 6893 6892
f 6893 6877 6892
f 6893 6874 6877
f 6876 6878 6894
f 6876 6894 6895
f 6878 6896 6894
f 6878 6880 6896
f 6880 6897 6896
f 6880 6882 6897
f 6882 6898 6897
f 6882 6884 6898
f 6884 6899 6898
f 6884 6886 6899
f 6886 6900 6899
f 6886 6888 6900
f 6888 6901 6900
f 6888 6890 6901
f 6890 6902 6901
f 6890 6892 6902
f 6892 6903 6902
f 6892 6877 6903
f 6877 6895 6903
f 6877 6876 6895
f 6894 6896 6904
f 6894 6904 6905
f 6896 6906 6904
f 6896 6897 6906
f 6897 6907 6906
f 6897 6898 6907
f 6898 6908 6907
f 6898 6899 6908
f 6899 6909 6908
f 6899 6900 6909
f 6900 6910 6909
f 6900 6901 6910
f 6901 6911 6910
f 6901 6902 6911
f 6902 6912 6911
f 6902 6903 6912
f 6903 6913 6912
f 6903 6895 6913
f 6895 6905 6913
f 6895 6894 6905
f 6904 6906 6914
f 6904 6914 6915
f 6906 6916 6914
f 6906 6907 6916
f 6907 6917 6916
f 6907 6908 6917
f 6908 6918 6917
f 6908 6909 6918
f 6909 6919 6918
f 6909 6910 6919
f 6910 6920 6919
f 6910 6911 6920
f 6911 6921 6920
f 6911 6912 6921
f 6912 6922 6921
f 6912 6913 6922
f 6913 6923 6922
f 6913 6905 6923
f 6905 6915 6923
f 6905 6904 6915
f 6914 6916 6924
f 6914 6924 6925
f 6916 6926 6924
f 6916 6917 6926
f 6917 6927 6926
f 6917 6918 6927
f 6918 6928 6927
f 6918 6919 6928
f 6919 6929 6928
f 6919 6920 6929
f 6920 6930 6929
f 6920 6921 6930
f 6921 6931 6930
f 6921 6922 6931
f 6922 6932 6931
f 6922 6923 6932
f 6923 6933 6932
f 6923 6915 6933
f 6915 6925 6933
f 6915 6914 6925
f 6924 6926 6934
f 6926 6927 6934
f 6927 6928 6934
f 6928 6929 6934
f 6929 6930 6934
f 6930 6931 6934
f 6931 6932 6934
f 6932 6933 6934
f 6933 6925 6934
f 6925 6924 6934
f 6935 6936 6937
f 6935 6937 6938
f 6936 6939 6937
f 6936 6940 6939
f 6940 6941 6939
f 6940 6942 6941
f 6942 6943 6941
f 6942 6944 6943
f 6944 6945 6943
f 6944 6946 6945
f 6946 6947 6945
f 6946 6948 6947
f 6948 6949 6947
f 6948 6950 6949
f 6950 6951 6949
f 6950 6952 6951
f 6952 6938 6951
f 6952 6935 6938
f 6937 6939 6953
f 6937 6953 6954
f 6939 6955 6953
f 6939 6941 6955
f 6941 6956 6955
f 6941 6943 6956
f 6943 6957 6956
f 6943 6945 6957
f 6945 6958 6957
f 6945 6947 6958
f 6947 6959 6958
f 6947 6949 6959
f 6949 6960 6959
f 6949 6951 6960
f 6951 6961 6960
f 6951 6938 6961
f 6938 6954 6961
f 6938 6937 6954
f 6953 6955 6962
f 6955 6956 6962
f 6956 6957 6962
f 6957 6958 6962
f 6958 6959 6962
f 6959 6960 6962
f 6960 6961 6962
f 6961 6954 6962
f 6954 6953 6962
f 6963 6964 6965
f 6964 6966 6965
f 6966 6967 6965
f 6967 6968 6965
f 6968 6969 6965
f 6969 6963 6965
f 6970 6971 6972
f 6970 6972 6973
f 6971 6974 6972
f 6971 6975 6974
f 6975 6976 6974
f 6975 6977 6976
f 6977 6978 6976
f 6977 6979 6978
f 6979 6980 6978
f 6979 6981 6980
f 6981 6973 6980
f 6981 6970 6973
f 6982 6983 6984
f 6982 6984 6985
f 6983 6986 6984
f 6983 6987 6986
f 6987 6988 6986
f 6987 6989 6988
f 6989 6990 6988
f 6989 6991 6990
f 6991 6992 6990
f 6991 6993 6992
f 6993 6994 6992
f 6993 6995 6994
f 6996 6997 6998
f 6996 6999 6997
f 6999 7000 6997
f 6999 7001 7000
f 7001 7002 7000
f 7001 7003 7002
f 7003 7004 7002
f 7003 7005 7004
f 7006 7007 7008
f 7006 7008 7009
f 7007 7010 7008
f 7007 7011 7010
f 7011 7012 7010
f 7011 7013 7012
f 7013 7014 7012
f 7013 7015 7014
f 7015 7016 7014
f 7015 6998 7016
f 6998 7017 7016
f 6998 6997 7017
f 6997 7018 7017
f 6997 7000 7018
f 7000 7019 7018
f 7000 7002 7019
f 7002 7020 7019
f 7002 7004 7020
f 7004 7009 7020
f 7004 7006 7009
f 7008 7010 7021
f 7008 7021 7022
f 7010 7023 7021
f 7010 7012 7023
f 7012 7024 7023
f 7012 7014 7024
f 7014 7025 7024
f 7014 7016 7025
f 7016 7026 7025
f 7016 7017 7026
f 7017 7027 7026
f 7017 7018 7027
f 7018 7028 7027
f 7018 7019 7028
f 7019 7029 7028
f 7019 7020 7029
f 7020 7030 7029
f 7020 7009 7030
f 7009 7022 7030
f 7009 7008 7022
f 7021 7023 7031
f 7021 7031 7032
f 7023 7033 7031
f 7023 7024 7033
f 7024 7034 7033
f 7024 7025 7034
f 7025 7035 7034
f 7025 7026 7035
f 7026 7036 7035
f 7026 7027 7036
f 7027 7037 7036
f 7027 7028 7037
f 7028 7038 7037
f 7028 7029 7038
f 7029 7039 7038
f 7029 7030 7039
f 7030 7040 7039
f 7030 7022 7040
f 7022 7032 7040
f 7022 7021 7032
f 7031 7033 7041
f 7031 7041 7042
f 7033 7043 7041
f 7033 7034 7043
f 7034 7044 7043
f 7034 7035 7044
f 7035 7045 7044
f 7035 7036 7045
f 7036 7046 7045
f 7036 7037 7046
f 7037 7047 7046
f 7037 7038 7047
f 7038 7048 7047
f 7038 7039 7048
f 7039 7049 7048
f 7039 7040 7049
f 7040 7050 7049
f 7040 7032 7050
f 7032 7042 7050
f 7032 7031 7042
f 7041 7043 7051
f 7043 7044 7051
f 7044 7045 7051
f 7045 7046 7051
f 7046 7047 7051
f 7047 7048 7051
f 7048 7049 7051
f 7049 7050 7051
f 7050 7042 7051
f 7042 7041 7051
f 7052 7053 7054
f 7052 7054 7055
f 7053 7056 7054
f 7053 7057 7056
f 7057 7058 7056
f 7057 7059 7058
f 7059 7060 7058
f 7059 7061 7060
f 7061 7062 7060
f 7061 7063 7062
f 7063 7064 7062
f 7063 7065 7064
f 7065 7066 7064
f 7065 7067 7066
f 7067 7068 7066
f 7067 7069 7068
f 7069 7055 7068
f 7069 7052 7055
f 7054 7056 7070
f 7054 7070 7071
f 7056 7072 7070
f 7056 7058 7072
f 7058 7073 7072
f 7058 7060 7073
f 7060 7074 7073
f 7060 7062 7074
f 7062 7075 7074
f 7062 7064 7075
f 7064 7076 7075
f 7064 7066 7076
f 7066 7077 7076
f 7066 7068 7077
f 7068 7078 7077
f 7068 7055 7078
f 7055 7071 7078
f 7055 7054 7071
f 7070 7072 7079
f 7072 7073 7079
f 7073 7074 7079
f 7074 7075 7079
f 7075 7076 7079
f 7076 7077 7079
f 7077 7078 7079
f 7078 7071 7079
f 7071 7070 7079
f 7080 7081 7082
f 7081 7083 7082
f 7083 7084 7082
f 7084 7085 7082
f 7085 7086 7082
f 7086 7080 7082
f 7087 7088 7089
f 7087 7089 7090
f 7088 7091 7089
f 7088 7092 7091
f 7092 7093 7091
f 7092 7094 7093
f 7094 7095 7093
f 7094 7096 7095
f 7096 7097 7095
f 7096 7098 7097
f 7098 7090 7097
f 7098 7087 7090
f 7099 7100 7101
f 7099 7101 7102
f 7100 7103 7101
f 7100 7104 7103
f 7104 7105 7103
f 7104 7106 7105
f 7106 7107 7105
f 7106 7108 7107
f 7108 7109 7107
f 7108 7110 7109
f 7110 7111 7109
f 7110 7112 7111
f 7112 7113 7111
f 7112 7114 7113
f 7114 7115 7113
f 7114 7116 7115
f 7116 7117 7115
f 7116 7118 7117
f 7118 7102 7117
f 7118 7099 7102
f 7101 7103 7119
f 7101 7119 7120
f 7103 7121 7119
f 7103 7105 7121
f 7105 7122 7121
f 7105 7107 7122
f 7107 7123 7122
f 7107 7109 7123
f 7109 7124 7123
f 7109 7111 7124
f 7111 7125 7124
f 7111 7113 7125
f 7113 7126 7125
f 7113 7115 7126
f 7115 7127 7126
f 7115 7117 7127
f 7117 7128 7127
f 7117 7102 7128
f 7102 7120 7128
f 7102 7101 7120
f 7119 7121 7129
f 7119 7129 7130
f 7121 7131 7129
f 7121 7122 7131
f 7122 7132 7131
f 7122 7123 7132
f 7123 7133 7132
f 7123 7124 7133
f 7124 7134 7133
f 7124 7125 7134
f 7125 7135 7134
f 7125 7126 7135
f 7126 7136 7135
f 7126 7127 7136
f 7127 7137 7136
f 7127 7128 7137
f 7128 7138 7137
f 7128 7120 7138
f 7120 7130 7138
f 7120 7119 7130
f 7129 7131 7139
f 7129 7139 7140
f 7131 7141 7139
f 7131 7132 7141
f 7132 7142 7141
f 7132 7133 7142
f 7133 7143 7142
f 7133 7134 7143
f 7134 7144 7143
f 7134 7135 7144
f 7135 7145 7144
f 7135 7136 7145
f 7136 7146 7145
f 7136 7137 7146
f 7137 7147 7146
f 7137 7138 7147
f 7138 7148 7147
f 7138 7130 7148
f 7130 7140 7148
f 7130 7129 7140
f 7139 7141 7149
f 7139 7149 7150
f 7141 7151 7149
f 7141 7142 7151
f 7142 7152 7151
f 7142 7143 7152
f 7143 7153 7152
f 7143 7144 7153
f 7144 7154 7153
f 7144 7145 7154
f 7145 7155 7154
f 7145 7146 7155
f 7146 7156 7155
f 7146 7147 7156
f 7147 7157 7156
f 7147 7148 7157
f 7148 7158 7157
f 7148 7140 7158
f 7140 7150 7158
f 7140 7139 7150
f 7149 7151 7159
f 7151 7152 7159
f 7152 7153 7159
f 7153 7154 7159
f 7154 7155 7159
f 7155 7156 7159
f 7156 7157 7159
f 7157 7158 7159
f 7158 7150 7159
f 7150 7149 7159
f 7160 7161 7162
f 7160 7162 7163
f 7161 7164 7162
f 7161 7165 7164
f 7165 7166 7164
f 7165 7167 7166
f 7167 7168 7166
f 7167 7169 7168
f 7169 7170 7168
f 7169 7171 7170
f 7171 7172 7170
f 7171 7173 7172
f 7173 7174 7172
f 7173 7175 7174
f 7175 7176 7174
f 7175 7177 7176
f 7177 7163 7176
f 7177 7160 7163
f 7162 7164 7178
f 7162 7178 7179
f 7164 7180 7178
f 7164 7166 7180
f 7166 7181 7180
f 7166 7168 7181
f 7168 7182 7181
f 7168 7170 7182
f 7170 7183 7182
f 7170 7172 7183
f 7172 7184 7183
f 7172 7174 7184
f 7174 7185 7184
f 7174 7176 7185
f 7176 7186 7185
f 7176 7163 7186
f 7163 7179 7186
f 7163 7162 7179
f 7178 7180 7187
f 7180 7181 7187
f 7181 7182 7187
f 7182 7183 7187
f 7183 7184 7187
f 7184 7185 7187
f 7185 7186 7187
f 7186 7179 7187
f 7179 7178 7187
f 7188 7189 7190
f 7189 7191 7190
f 7191 7192 7190
f 7192 7193 7190
f 7193 7194 7190
f 7194 7188 7190
f 7195 7196 7197
f 7195 7197 7198
f 7196 7199 7197
f 7196 7200 7199
f 7200 7201 7199
f 7200 7202 7201
f 7202 7203 7201
f 7202 7204 7203
f 7204 7205 7203
f 7204 7206 7205
f 7206 7198 7205
f 7206 7195 7198
f 7207 7208 7209
f 7207 7209 7210
f 7208 7211 7209
f 7208 7212 7211
f 7212 7213 7211
f 7212 7214 7213
f 7214 7215 7213
f 7214 7216 7215
f 7216 7217 7215
f 7216 7218 7217
f 7218 7219 7217
f 7218 7220 7219
f 7220 7221 7219
f 7220 7222 7221
f 7222 7223 7221
f 7222 7224 7223
f 7224 7225 7223
f 7224 7226 7225
f 7226 7210 7225
f 7226 7207 7210
f 7209 7211 7227
f 7209 7227 7228
f 7211 7229 7227
f 7211 7213 7229
f 7213 7230 7229
f 7213 7215 7230
f 7215 7231 7230
f 7215 7217 7231
f 7217 7232 7231
f 7217 7219 7232
f 7219 7233 7232
f 7219 7221 7233
f 7221 7234 7233
f 7221 7223 7234
f 7223 7235 7234
f 7223 7225 7235
f 7225 7236 7235
f 7225 7210 7236
f 7210 7228 7236
f 7210 7209 7228
f 7227 7229 7237
f 7227 7237 7238
f 7229 7239 7237
f 7229 7230 7239
f 7230 7240 7239
f 7230 7231 7240
f 7231 7241 7240
f 7231 7232 7241
f 7232 7242 7241
f 7232 7233 7242
f 7233 7243 7242
f 7233 7234 7243
f 7234 7244 7243
f 7234 7235 7244
f 7235 7245 7244
f 7235 7236 7245
f 7236 7246 7245
f 7236 7228 7246
f 7228 7238 7246
f 7228 7227 7238
f 7237 7239 7247
f 7237 7247 7248
f 7239 7249 7247
f 7239 7240 7249
f 7240 7250 7249
f 7240 7241 7250
f 7241 7251 7250
f 7241 7242 7251
f 7242 7252 7251
f 7242 7243 7252
f 7243 7253 7252
f 7243 7244 7253
f 7244 7254 7253
f 7244 7245 7254
f 7245 7255 7254
f 7245 7246 7255
f 7246 7256 7255
f 7246 7238 7256
f 7238 7248 7256
f 7238 7237 7248
f 7247 7249 7257
f 7247 7257 7258
f 7249 7259 7257
f 7249 7250 7259
f 7250 7260 7259
f 7250 7251 7260
f 7251 7261 7260
f 7251 7252 7261
f 7252 7262 7261
f 7252 7253 7262
f 7253 7263 7262
f 7253 7254 7263
f 7254 7264 7263
f 7254 7255 7264
f 7255 7265 7264
f 7255 7256 7265
f 7256 7266 7265
f 7256 7248 7266
f 7248 7258 7266
f 7248 7247 7258
f 7257 7259 7267
f 7259 7260 7267
f 7260 7261 7267
f 7261 7262 7267
f 7262 7263 7267
f 7263 7264 7267
f 7264 7265 7267
f 7265 7266 7267
f 7266 7258 7267
f 7258 7257 7267
f 7268 7269 7270
f 7268 7270 7271
f 7269 7272 7270
f 7269 7273 7272
f 7273 7274 7272
f 7273 7275 7274
f 7275 7276 7274
f 7275 7277 7276
f 7277 7278 7276
f 7277 7279 7278
f 7279 7280 7278
f 7279 7281 7280
f 7281 7282 7280
f 7281 7283 7282
f 7283 7284 7282
f 7283 7285 7284
f 7285 7271 7284
f 7285 7268 7271
f 7270 7272 7286
f 7270 7286 7287
f 7272 7288 7286
f 7272 7274 7288
f 7274 7289 7288
f 7274 7276 7289
f 7276 7290 7289
f 7276 7278 7290
f 7278 7291 7290
f 7278 7280 7291
f 7280 7292 7291
f 7280 7282 7292
f 7282 7293 7292
f 7282 7284 7293
f 7284 7294 7293
f 7284 7271 7294
f 7271 7287 7294
f 7271 7270 7287
f 7286 7288 7295
f 7288 7289 7295
f 7289 7290 7295
f 7290 7291 7295
f 7291 7292 7295
f 7292 7293 7295
f 7293 7294 7295
f 7294 7287 7295
f 7287 7286 7295
f 7296 7297 7298
f 7297 7299 7298
f 7299 7300 7298
f 7300 7301 7298
f 7301 7302 7298
f 7302 7296 7298
f 7303 7304 7305
f 7303 7305 7306
f 7304 7307 7305
f 7304 7308 7307
f 7308 7309 7307
f 7308 7310 7309
f 7310 7311 7309
f 7310 7312 7311
f 7312 7313 7311
f 7312 7314 7313
f 7314 7306 7313
f 7314 7303 7306
f 7315 7316 7317
f 7315 7317 7318
f 7316 7319 7317
f 7316 7320 7319
f 7320 7321 7319
f 7320 7322 7321
f 7322 7323 7321
f 7322 7324 7323
f 7324 7325 7323
f 7324 7326 7325
f 7326 7327 7325
f 7326 7328 7327
f 7328 7329 7327
f 7328 7330 7329
f 7330 7331 7329
f 7330 7332 7331
f 7332 7333 7331
f 7332 7334 7333
f 7334 7318 7333
f 7334 7315 7318
f 7317 7319 7335
f 7317 7335 7336
f 7319 7337 7335
f 7319 7321 7337
f 7321 7338 7337
f 7321 7323 7338
f 7323 7339 7338
f 7323 7325 7339
f 7325 7340 7339
f 7325 7327 7340
f 7327 7341 7340
f 7327 7329 7341
f 7329 7342 7341
f 7329 7331 7342
f 7331 7343 7342
f 7331 7333 7343
f 7333 7344 7343
f 7333 7318 7344
f 7318 7336 7344
f 7318 7317 7336
f 7335 7337 7345
f 7335 7345 7346
f 7337 7347 7345
f 7337 7338 7347
f 7338 7348 7347
f 7338 7339 7348
f 7339 7349 7348
f 7339 7340 7349
f 7340 7350 7349
f 7340 7341 7350
f 7341 7351 7350
f 7341 7342 7351
f 7342 7352 7351
f 7342 7343 7352
f 7343 7353 7352
f 7343 7344 7353
f 7344 7354 7353
f 7344 7336 7354
f 7336 7346 7354
f 7336 7335 7346
f 7345 7347 7355
f 7345 7355 7356
f 7347 7357 7355
f 7347 7348 7357
f 7348 7358 7357
f 7348 7349 7358
f 7349 7359 7358
f 7349 7350 7359
f 7350 7360 7359
f 7350 7351 7360
f 7351 7361 7360
f 7351 7352 7361
f 7352 7362 7361
f 7352 7353 7362
f 7353 7363 7362
f 7353 7354 7363
f 7354 7364 7363
f 7354 7346 7364
f 7346 7356 7364
f 7346 7345 7356
f 7355 7357 7365
f 7355 7365 7366
f 7357 7367 7365
f 7357 7358 7367
f 7358 7368 7367
f 7358 7359 7368
f 7359 7369 7368
f 7359 7360 7369
f 7360 7370 7369
f 7360 7361 7370
f 7361 7371 7370
f 7361 7362 7371
f 7362 7372 7371
f 7362 7363 7372
f 7363 7373 7372
f 7363 7364 7373
f 7364 7374 7373
f 7364 7356 7374
f 7356 7366 7374
f 7356 7355 7366
f 7365 7367 7375
f 7367 7368 7375
f 7368 7369 7375
f 7369 7370 7375
f 7370 7371 7375
f 7371 7372 7375
f 7372 7373 7375
f 7373 7374 7375
f 7374 7366 7375
f 7366 7365 7375
f 7376 7377 7378
f 7376 7378 7379
f 7377 7380 7378
f 7377 7381 7380
f 7381 7382 7380
f 7381 7383 7382
f 7383 7384 7382
f 7383 7385 7384
f 7385 7386 7384
f 7385 7387 7386
f 7387 7388 7386
f 7387 7389 7388
f 7389 7390 7388
f 7389 7391 7390
f 7391 7392 7390
f 7391 7393 7392
f 7393 7379 7392
f 7393 7376 7379
f 7378 7380 7394
f 7378 7394 7395
f 7380 7396 7394
f 7380 7382 7396
f 7382 7397 7396
f 7382 7384 7397
f 7384 7398 7397
f 7384 7386 7398
f 7386 7399 7398
f 7386 7388 7399
f 7388 7400 7399
f 7388 7390 7400
f 7390 7401 7400
f 7390 7392 7401
f 7392 7402 7401
f 7392 7379 7402
f 7379 7395 7402
f 7379 7378 7395
f 7394 7396 7403
f 7396 7397 7403
f 7397 7398 7403
f 7398 7399 7403
f 7399 7400 7403
f 7400 7401 7403
f 7401 7402 7403
f 7402 7395 7403
f 7395 7394 7403
f 7404 7405 7406
f 7405 7407 7406
f 7407 7408 7406
f 7408 7409 7406
f 7409 7410 7406
f 7410 7404 7406
f 7411 7412 7413
f 7411 7413 7414
f 7412 7415 7413
f 7412 7416 7415
f 7416 7417 7415
f 7416 7418 7417
f 7418 7419 7417
f 7418 7420 7419
f 7420 7421 7419
f 7420 7422 7421
f 7422 7414 7421
f 7422 7411 7414
f 7423 7424 7425
f 7423 7425 7426
f 7424 7427 7425
f 7424 7428 7427
f 7428 7429 7427
f 7428 7430 7429
f 7430 7431 7429
f 7430 7432 7431
f 7432 7433 7431
f 7432 7434 7433
f 7434 7435 7433
f 7434 7436 7435
f 7436 7437 7435
f 7436 7438 7437
f 7438 7439 7437
f 7438 7440 7439
f 7440 7441 7439
f 7440 7442 7441
f 7442 7426 7441
f 7442 7423 7426
f 7425 7427 7443
f 7425 7443 7444
f 7427 7445 7443
f 7427 7429 7445
f 7429 7446 7445
f 7429 7431 7446
f 7431 7447 7446
f 7431 7433 7447
f 7433 7448 7447
f 7433 7435 7448
f 7435 7449 7448
f 7435 7437 7449
f 7437 7450 7449
f 7437 7439 7450
f 7439 7451 7450
f 7439 7441 7451
f 7441 7452 7451
f 7441 7426 7452
f 7426 7444 7452
f 7426 7425 7444
f 7443 7445 7453
f 7443 7453 7454
f 7445 7455 7453
f 7445 7446 7455
f 7446 7456 7455
f 7446 7447 7456
f 7447 7457 7456
f 7447 7448 7457
f 7448 7458 7457
f 7448 7449 7458
f 7449 7459 7458
f 7449 7450 7459
f 7450 7460 7459
f 7450 7451 7460
f 7451 7461 7460
f 7451 7452 7461
f 7452 7462 7461
f 7452 7444 7462
f 7444 7454 7462
f 7444 7443 7454
f 7453 7455 7463
f 7453 7463 7464
f 7455 7465 7463
f 7455 7456 7465
f 7456 7466 7465
f 7456 7457 7466
f 7457 7467 7466
f 7457 7458 7467
f 7458 7468 7467
f 7458 7459 7468
f 7459 7469 7468
f 7459 7460 7469
f 7460 7470 7469
f 7460 7461 7470
f 7461 7471 7470
f 7461 7462 7471
f 7462 7472 7471
f 7462 7454 7472
f 7454 7464 7472
f 7454 7453 7464
f 7463 7465 7473
f 7463 7473 7474
f 7465 7475 7473
f 7465 7466 7475
f 7466 7476 7475
f 7466 7467 7476
f 7467 7477 7476
f 7467 7468 7477
f 7468 7478 7477
f 7468 7469 7478
f 7469 7479 7478
f 7469 7470 7479
f 7470 7480 7479
f 7470 7471 7480
f 7471 7481 7480
f 7471 7472 7481
f 7472 7482 7481
f 7472 7464 7482
f 7464 7474 7482
f 7464 7463 7474
f 7473 7475 7483
f 7475 7476 7483
f 7476 7477 7483
f 7477 7478 7483
f 7478 7479 7483
f 7479 7480 7483
f 7480 7481 7483
f 7481 7482 7483
f 7482 7474 7483
f 7474 7473 7483
f 7484 7485 7486
f 7484 7486 7487
f 7485 7488 7486
f 7485 7489 7488
f 7489 7490 7488
f 7489 7491 7490
f 7491 7492 7490
f 7491 7493 7492
f 7493 7494 7492
f 7493 7495 7494
f 7495 7496 7494
f 7495 7497 7496
f 7497 7498 7496
f 7497 7499 7498
f 7499 7500 7498
f 7499 7501 7500
f 7501 7487 7500
f 7501 7484 7487
f 7486 7488 7502
f 7486 7502 7503
f 7488 7504 7502
f 7488 7490 7504
f 7490 7505 7504
f 7490 7492 7505
f 7492 7506 7505
f 7492 7494 7506
f 7494 7507 7506
f 7494 7496 7507
f 7496 7508 7507
f 7496 7498 7508
f 7498 7509 7508
f 7498 7500 7509
f 7500 7510 7509
f 7500 7487 7510
f 7487 7503 7510
f 7487 7486 7503
f 7502 7504 7511
f 7504 7505 7511
f 7505 7506 7511
f 7506 7507 7511
f 7507 7508 7511
f 7508 7509 7511
f 7509 7510 7511
f 7510 7503 7511
f 7503 7502 7511
f 7512 7513 7514
f 7513 7515 7514
f 7515 7516 7514
f 7516 7517 7514
f 7517 7518 7514
f 7518 7512 7514
f 7519 7520 7521
f 7519 7521 7522
f 7520 7523 7521
f 7520 7524 7523
f 7524 7525 7523
f 7524 7526 7525
f 7526 7527 7525
f 7526 7528 7527
f 7528 7529 7527
f 7528 7530 7529
f 7530 7522 7529
f 7530 7519 7522
f 7531 7532 7533
f 7531 7533 7534
f 7532 7535 7533
f 7532 7536 7535
f 7536 7537 7535
f 7536 7538 7537
f 7538 7539 7537
f 7538 7540 7539
f 7540 7541 7539
f 7540 7542 7541
f 7542 7543 7541
f 7542 7544 7543
f 7544 7545 7543
f 7544 7546 7545
f 7546 7547 7545
f 7546 7548 7547
f 7548 7549 7547
f 7548 7550 7549
f 7550 7534 7549
f 7550 7531 7534
f 7533 7535 7551
f 7533 7551 7552
f 7535 7553 7551
f 7535 7537 7553
f 7537 7554 7553
f 7537 7539 7554
f 7539 7555 7554
f 7539 7541 7555
f 7541 7556 7555
f 7541 7543 7556
f 7543 7557 7556
f 7543 7545 7557
f 7545 7558 7557
f 7545 7547 7558
f 7547 7559 7558
f 7547 7549 7559
f 7549 7560 7559
f 7549 7534 7560
f 7534 7552 7560
f 7534 7533 7552
f 7551 7553 7561
f 7551 7561 7562
f 7553 7563 7561
f 7553 7554 7563
f 7554 7564 7563
f 7554 7555 7564
f 7555 7565 7564
f 7555 7556 7565
f 7556 7566 7565
f 7556 7557 7566
f 7557 7567 7566
f 7557 7558 7567
f 7558 7568 7567
f 7558 7559 7568
f 7559 7569 7568
f 7559 7560 7569
f 7560 7570 7569
f 7560 7552 7570
f 7552 7562 7570
f 7552 7551 7562
f 7561 7563 7571
f 7561 7571 7572
f 7563 7573 7571
f 7563 7564 7573
f 7564 7574 7573
f 7564 7565 7574
f 7565 7575 7574
f 7565 7566 7575
f 7566 7576 7575
f 7566 7567 7576
f 7567 7577 7576
f 7567 7568 7577
f 7568 7578 7577
f 7568 7569 7578
f 7569 7579 7578
f 7569 7570 7579
f 7570 7580 7579
f 7570 7562 7580
f 7562 7572 7580
f 7562 7561 7572
f 7571 7573 7581
f 7573 7574 7581
f 7574 7575 7581
f 7575 7576 7581
f 7576 7577 7581
f 7577 7578 7581
f 7578 7579 7581
f 7579 7580 7581
f 7580 7572 7581
f 7572 7571 7581
f 7582 7583 7584
f 7582 7584 7585
f 7583 7586 7584
f 7583 7587 7586
f 7587 7588 7586
f 7587 7589 7588
f 7589 7590 7588
f 7589 7591 7590
f 7591 7592 7590
f 7591 7593 7592
f 7593 7594 7592
f 7593 7595 7594
f 7595 7596 7594
f 7595 7597 7596
f 7597 7598 7596
f 7597 7599 7598
f 7599 7585 7598
f 7599 7582 7585
f 7584 7586 7600
f 7584 7600 7601
f 7586 7602 7600
f 7586 7588 7602
f 7588 7603 7602
f 7588 7590 7603
f 7590 7604 7603
f 7590 7592 7604
f 7592 7605 7604
f 7592 7594 7605
f 7594 7606 7605
f 7594 7596 7606
f 7596 7607 7606
f 7596 7598 7607
f 7598 7608 7607
f 7598 7585 7608
f 7585 7601 7608
f 7585 7584 7601
f 7600 7602 7609
f 7602 7603 7609
f 7603 7604 7609
f 7604 7605 7609
f 7605 7606 7609
f 7606 7607 7609
f 7607 7608 7609
f 7608 7601 7609
f 7601 7600 7609
f 7610 7611 7612
f 7611 7613 7612
f 7613 7614 7612
f 7614 7615 7612
f 7615 7616 7612
f 7616 7610 7612
f 7617 7618 7619
f 7617 7619 7620
f 7618 7621 7619
f 7618 7622 7621
f 7622 7623 7621
f 7622 7624 7623
f 7625 7626 7627
f 7625 7628 7626
f 7628 7629 7626
f 7628 7630 7629
f 7630 7631 7629
f 7630 7632 7631
f 7633 7634 7635
f 7633 7635 7636
f 7634 7637 7635
f 7634 7638 7637
f 7638 7639 7637
f 7638 7640 7639
f 7640 7641 7639
f 7640 7642 7641
f 7642 7643 7641
f 7642 7644 7643
f 7644 7645 7643
f 7644 7646 7645
f 7646 7647 7645
f 7646 7648 7647
f 7648 7649 7647
f 7648 7650 7649
f 7650 7651 7649
f 7650 7652 7651
f 7652 7636 7651
f 7652 7633 7636
f 7635 7637 7653
f 7635 7653 7654
f 7637 7655 7653
f 7637 7639 7655
f 7639 7656 7655
f 7639 7641 7656
f 7641 7657 7656
f 7641 7643 7657
f 7643 7658 7657
f 7643 7645 7658
f 7645 7659 7658
f 7645 7647 7659
f 7647 7660 7659
f 7647 7649 7660
f 7649 7661 7660
f 7649 7651 7661
f 7651 7662 7661
f 7651 7636 7662
f 7636 7654 7662
f 7636 7635 7654
f 7653 7655 7663
f 7653 7663 7664
f 7655 7665 7663
f 7655 7656 7665
f 7656 7666 7665
f 7656 7657 7666
f 7657 7667 7666
f 7657 7658 7667
f 7658 7668 7667
f 7658 7659 7668
f 7659 7669 7668
f 7659 7660 7669
f 7660 7670 7669
f 7660 7661 7670
f 7661 7671 7670
f 7661 7662 7671
f 7662 7672 7671
f 7662 7654 7672
f 7654 7664 7672
f 7654 7653 7664
f 7663 7665 7673
f 7663 7673 7674
f 7665 7675 7673
f 7665 7666 7675
f 7666 7676 7675
f 7666 7667 7676
f 7667 7677 7676
f 7667 7668 7677
f 7668 7678 7677
f 7668 7669 7678
f 7669 7679 7678
f 7669 7670 7679
f 7670 7680 7679
f 7670 7671 7680
f 7671 7681 7680
f 7671 7672 7681
f 7672 7682 7681
f 7672 7664 7682
f 7664 7674 7682
f 7664 7663 7674
f 7673 7675 7683
f 7675 7676 7683
f 7676 7677 7683
f 7677 7678 7683
f 7678 7679 7683
f 7679 7680 7683
f 7680 7681 7683
f 7681 7682 7683
f 7682 7674 7683
f 7674 7673 7683
f 7684 7685 7686
f 7684 7686 7687
f 7685 7688 7686
f 7685 7689 7688
f 7689 7690 7688
f 7689 7691 7690
f 7691 7692 7690
f 7691 7693 7692
f 7693 7694 7692
f 7693 7695 7694
f 7695 7696 7694
f 7695 7697 7696
f 7697 7698 7696
f 7697 7699 7698
f 7699 7700 7698
f 7699 7701 7700
f 7701 7687 7700
f 7701 7684 7687
f 7686 7688 7702
f 7686 7702 7703
f 7688 7704 7702
f 7688 7690 7704
f 7690 7705 7704
f 7690 7692 7705
f 7692 7706 7705
f 7692 7694 7706
f 7694 7707 7706
f 7694 7696 7707
f 7696 7708 7707
f 7696 7698 7708
f 7698 7709 7708
f 7698 7700 7709
f 7700 7710 7709
f 7700 7687 7710
f 7687 7703 7710
f 7687 7686 7703
f 7702 7704 7711
f 7704 7705 7711
f 7705 7706 7711
f 7706 7707 7711
f 7707 7708 7711
f 7708 7709 7711
f 7709 7710 7711
f 7710 7703 7711
f 7703 7702 7711
f 7712 7713 7714
f 7713 7715 7714
f 7715 7716 7714
f 7716 7717 7714
f 7717 7718 7714
f 7718 7712 7714
f 7719 7720 7721
f 7722 7723 7724
f 7722 7724 7725
f 7723 7726 7724
f 7723 7727 7726
f 7727 7728 7726
f 7727 7721 7728
f 7721 7729 7728
f 7721 7730 7729
f 7730 7731 7729
f 7730 7732 7731
f 7732 7725 7731
f 7732 7722 7725
f 7733 7734 7735
f 7733 7735 7736
f 7734 7737 7735
f 7734 7738 7737
f 7738 7739 7737
f 7738 7740 7739
f 7740 7741 7739
f 7740 7742 7741
f 7742 7743 7741
f 7742 7744 7743
f 7744 7745 7743
f 7744 7746 7745
f 7746 7747 7745
f 7746 7748 7747
f 7748 7749 7747
f 7748 7750 7749
f 7750 7751 7749
f 7750 7752 7751
f 7752 7736 7751
f 7752 7733 7736
f 7735 7737 7753
f 7735 7753 7754
f 7737 7755 7753
f 7737 7739 7755
f 7739 7756 7755
f 7739 7741 7756
f 7741 7757 7756
f 7741 7743 7757
f 7743 7758 7757
f 7743 7745 7758
f 7745 7759 7758
f 7745 7747 7759
f 7747 7760 7759
f 7747 7749 7760
f 7749 7761 7760
f 7749 7751 7761
f 7751 7762 7761
f 7751 7736 7762
f 7736 7754 7762
f 7736 7735 7754
f 7753 7755 7763
f 7753 7763 7764
f 7755 7765 7763
f 7755 7756 7765
f 7756 7766 7765
f 7756 7757 7766
f 7757 7767 7766
f 7757 7758 7767
f 7758 7768 7767
f 7758 7759 7768
f 7759 7769 7768
f 7759 7760 7769
f 7760 7770 7769
f 7760 7761 7770
f 7761 7771 7770
f 7761 7762 7771
f 7762 7772 7771
f 7762 7754 7772
f 7754 7764 7772
f 7754 7753 7764
f 7763 7765 7773
f 7763 7773 7774
f 7765 7775 7773
f 7765 7766 7775
f 7766 7776 7775
f 7766 7767 7776
f 7767 7777 7776
f 7767 7768 7777
f 7768 7778 7777
f 7768 7769 7778
f 7769 7779 7778
f 7769 7770 7779
f 7770 7780 7779
f 7770 7771 7780
f 7771 7781 7780
f 7771 7772 7781
f 7772 7782 7781
f 7772 7764 7782
f 7764 7774 7782
f 7764 7763 7774
f 7773 7775 7783
f 7775 7776 7783
f 7776 7777 7783
f 7777 7778 7783
f 7778 7779 7783
f 7779 7780 7783
f 7780 7781 7783
f 7781 7782 7783
f 7782 7774 7783
f 7774 7773 7783
f 7784 7785 7786
f 7784 7786 7787
f 7785 7788 7786
f 7785 7789 7788
f 7789 7790 7788
f 7789 7791 7790
f 7791 7792 7790
f 7791 7793 7792
f 7793 7794 7792
f 7793 7795 7794
f 7795 7796 7794
f 7795 7797 7796
f 7797 7798 7796
f 7797 7799 7798
f 7799 7800 7798
f 7799 7801 7800
f 7801 7787 7800
f 7801 7784 7787
f 7786 7788 7802
f 7786 7802 7803
f 7788 7804 7802
f 7788 7790 7804
f 7790 7805 7804
f 7790 7792 7805
f 7792 7806 7805
f 7792 7794 7806
f 7794 7807 7806
f 7794 7796 7807
f 7796 7808 7807
f 7796 7798 7808
f 7798 7809 7808
f 7798 7800 7809
f 7800 7810 7809
f 7800 7787 7810
f 7787 7803 7810
f 7787 7786 7803
f 7802 7804 7811
f 7804 7805 7811
f 7805 7806 7811
f 7806 7807 7811
f 7807 7808 7811
f 7808 7809 7811
f 7809 7810 7811
f 7810 7803 7811
f 7803 7802 7811
f 7812 7813 7814
f 7813 7815 7814
f 7815 7816 7814
f 7816 7817 7814
f 7817 7818 7814
f 7818 7812 7814
f 7819 7820 7821
f 7819 7822 7820
f 7823 7824 7825
f 7826 7827 7828
f 7826 7828 7829
f 7827 7830 7828
f 7827 7821 7830
f 7821 7831 7830
f 7821 7820 7831
f 7820 7832 7831
f 7820 7833 7832
f 7833 7834 7832
f 7833 7825 7834
f 7825 7829 7834
f 7825 7826 7829
f 7832 7834 7835
f 7829 7828 7835
f 7836 7837 7838
f 7836 7838 7839
f 7837 7840 7838
f 7837 7841 7840
f 7841 7842 7840
f 7841 7843 7842
f 7843 7844 7842
f 7843 7845 7844
f 7845 7846 7844
f 7845 7847 7846
f 7847 7848 7846
f 7847 7849 7848
f 7849 7850 7848
f 7849 7851 7850
f 7851 7852 7850
f 7851 7853 7852
f 7853 7854 7852
f 7853 7855 7854
f 7855 7839 7854
f 7855 7836 7839
f 7838 7840 7856
f 7838 7856 7857
f 7840 7858 7856
f 7840 7842 7858
f 7842 7859 7858
f 7842 7844 7859
f 7844 7860 7859
f 7844 7846 7860
f 7846 7861 7860
f 7846 7848 7861
f 7848 7862 7861
f 7848 7850 7862
f 7850 7863 7862
f 7850 7852 7863
f 7852 7864 7863
f 7852 7854 7864
f 7854 7865 7864
f 7854 7839 7865
f 7839 7857 7865
f 7839 7838 7857
f 7856 7858 7866
f 7856 7866 7867
f 7858 7868 7866
f 7858 7859 7868
f 7859 7869 7868
f 7859 7860 7869
f 7860 7870 7869
f 7860 7861 7870
f 7861 7871 7870
f 7861 7862 7871
f 7862 7872 7871
f 7862 7863 7872
f 7863 7873 7872
f 7863 7864 7873
f 7864 7874 7873
f 7864 7865 7874
f 7865 7875 7874
f 7865 7857 7875
f 7857 7867 7875
f 7857 7856 7867
f 7866 7868 7876
f 7866 7876 7877
f 7868 7878 7876
f 7868 7869 7878
f 7869 7879 7878
f 7869 7870 7879
f 7870 7880 7879
f 7870 7871 7880
f 7871 7881 7880
f 7871 7872 7881
f 7872 7882 7881
f 7872 7873 7882
f 7873 7883 7882
f 7873 7874 7883
f 7874 7884 7883
f 7874 7875 7884
f 7875 7885 7884
f 7875 7867 7885
f 7867 7877 7885
f 7867 7866 7877
f 7876 7878 7886
f 7878 7879 7886
f 7879 7880 7886
f 7880 7881 7886
f 7881 7882 7886
f 7882 7883 7886
f 7883 7884 7886
f 7884 7885 7886
f 7885 7877 7886
f 7877 7876 7886
f 7887 7888 7889
f 7887 7889 7890
f 7888 7891 7889
f 7888 7892 7891
f 7892 7893 7891
f 7892 7894 7893
f 7894 7895 7893
f 7894 7896 7895
f 7896 7897 7895
f 7896 7898 7897
f 7898 7899 7897
f 7898 7900 7899
f 7900 7901 7899
f 7900 7902 7901
f 7902 7903 7901
f 7902 7904 7903
f 7904 7890 7903
f 7904 7887 7890
f 7889 7891 7905
f 7889 7905 7906
f 7891 7907 7905
f 7891 7893 7907
f 7893 7908 7907
f 7893 7895 7908
f 7895 7909 7908
f 7895 7897 7909
f 7897 7910 7909
f 7897 7899 7910
f 7899 7911 7910
f 7899 7901 7911
f 7901 7912 7911
f 7901 7903 7912
f 7903 7913 7912
f 7903 7890 7913
f 7890 7906 7913
f 7890 7889 7906
f 7905 7907 7914
f 7907 7908 7914
f 7908 7909 7914
f 7909 7910 7914
f 7910 7911 7914
f 7911 7912 7914
f 7912 7913 7914
f 7913 7906 7914
f 7906 7905 7914
f 7915 7916 7917
f 7916 7918 7917
f 7918 7919 7917
f 7919 7920 7917
f 7920 7921 7917
f 7921 7915 7917
f 7922 7923 7924
f 7925 7926 7927
f 7928 7929 7930
f 7928 7930 7931
f 7929 7932 7930
f 7929 7933 7932
f 7933 7934 7932
f 7933 7924 7934
f 7924 7935 7934
f 7924 7936 7935
f 7936 7937 7935
f 7936 7927 7937
f 7927 7931 7937
f 7927 7928 7931
f 7938 7939 7940
f 7938 7940 7941
f 7939 7942 7940
f 7939 7943 7942
f 7943 7944 7942
f 7943 7945 7944
f 7945 7946 7944
f 7945 7947 7946
f 7947 7948 7946
f 7947 7949 7948
f 7949 7950 7948
f 7949 7951 7950
f 7951 7952 7950
f 7951 7953 7952
f 7953 7954 7952
f 7953 7955 7954
f 7955 7956 7954
f 7955 7957 7956
f 7957 7941 7956
f 7957 7938 7941
f 7940 7942 7958
f 7940 7958 7959
f 7942 7960 7958
f 7942 7944 7960
f 7944 7961 7960
f 7944 7946 7961
f 7946 7962 7961
f 7946 7948 7962
f 7948 7963 7962
f 7948 7950 7963
f 7950 7964 7963
f 7950 7952 7964
f 7952 7965 7964
f 7952 7954 7965
f 7954 7966 7965
f 7954 7956 7966
f 7956 7967 7966
f 7956 7941 7967
f 7941 7959 7967
f 7941 7940 7959
f 7958 7960 7968
f 7958 7968 7969
f 7960 7970 7968
f 7960 7961 7970
f 7961 7971 7970
f 7961 7962 7971
f 7962 7972 7971
f 7962 7963 7972
f 7963 7973 7972
f 7963 7964 7973
f 7964 7974 7973
f 7964 7965 7974
f 7965 7975 7974
f 7965 7966 7975
f 7966 7976 7975
f 7966 7967 7976
f 7967 7977 7976
f 7967 7959 7977
f 7959 7969 7977
f 7959 7958 7969
f 7968 7970 7978
f 7970 7971 7978
f 7971 7972 7978
f 7972 7973 7978
f 7973 7974 7978
f 7974 7975 7978
f 7975 7976 7978
f 7976 7977 7978
f 7977 7969 7978
f 7969 7968 7978
f 7979 7980 7981
f 7979 7981 7982
f 7980 7983 7981
f 7980 7984 7983
f 7984 7985 7983
f 7984 7986 7985
f 7986 7987 7985
f 7986 7988 7987
f 7988 7989 7987
f 7988 7990 7989
f 7990 7991 7989
f 7990 7992 7991
f 7992 7993 7991
f 7992 7994 7993
f 7994 7995 7993
f 7994 7996 7995
f 7996 7982 7995
f 7996 7979 7982
f 7981 7983 7997
f 7981 7997 7998
f 7983 7999 7997
f 7983 7985 7999
f 7985 8000 7999
f 7985 7987 8000
f 7987 8001 8000
f 7987 7989 8001
f 7989 8002 8001
f 7989 7991 8002
f 7991 8003 8002
f 7991 7993 8003
f 7993 8004 8003
f 7993 7995 8004
f 7995 8005 8004
f 7995 7982 8005
f 7982 7998 8005
f 7982 7981 7998
f 7997 7999 8006
f 7999 8000 8006
f 8000 8001 8006
f 8001 8002 8006
f 8002 8003 8006
f 8003 8004 8006
f 8004 8005 8006
f 8005 7998 8006
f 7998 7997 8006
f 8007 8008 8009
f 8008 8010 8009
f 8010 8011 8009
f 8011 8012 8009
f 8012 8013 8009
f 8013 8007 8009
f 8014 8015 8016
f 8014 8016 8017
f 8018 8019 8020
f 8021 8022 8023
f 8016 8024 8025
f 8016 8025 8026
f 8024 8027 8025
f 8024 8020 8027
f 8020 8028 8027
f 8020 8023 8028
f 8023 8029 8028
f 8023 8022 8029
f 8022 8030 8029
f 8022 8017 8030
f 8017 8026 8030
f 8017 8016 8026
f 8031 8032 8033
f 8031 8033 8034
f 8032 8035 8033
f 8032 8036 8035
f 8036 8037 8035
f 8036 8038 8037
f 8038 8039 8037
f 8038 8040 8039
f 8040 8041 8039
f 8040 8042 8041
f 8042 8043 8041
f 8042 8044 8043
f 8044 8045 8043
f 8044 8046 8045
f 8046 8047 8045
f 8046 8048 8047
f 8048 8049 8047
f 8048 8050 8049
f 8050 8034 8049
f 8050 8031 8034
f 8033 8035 8051
f 8033 8051 8052
f 8035 8053 8051
f 8035 8037 8053
f 8037 8054 8053
f 8037 8039 8054
f 8039 8055 8054
f 8039 8041 8055
f 8041 8056 8055
f 8041 8043 8056
f 8043 8057 8056
f 8043 8045 8057
f 8045 8058 8057
f 8045 8047 8058
f 8047 8059 8058
f 8047 8049 8059
f 8049 8060 8059
f 8049 8034 8060
f 8034 8052 8060
f 8034 8033 8052
f 8051 8053 8061
f 8051 8061 8062
f 8053 8063 8061
f 8053 8054 8063
f 8054 8064 8063
f 8054 8055 8064
f 8055 8065 8064
f 8055 8056 8065
f 8056 8066 8065
f 8056 8057 8066
f 8057 8067 8066
f 8057 8058 8067
f 8058 8068 8067
f 8058 8059 8068
f 8059 8069 8068
f 8059 8060 8069
f 8060 8070 8069
f 8060 8052 8070
f 8052 8062 8070
f 8052 8051 8062
f 8061 8063 8071
f 8063 8064 8071
f 8064 8065 8071
f 8065 8066 8071
f 8066 8067 8071
f 8067 8068 8071
f 8068 8069 8071
f 8069 8070 8071
f 8070 8062 8071
f 8062 8061 8071
f 8072 8073 8074
f 8072 8074 8075
f 8073 8076 8074
f 8073 8077 8076
f 8077 8078 8076
f 8077 8079 8078
f 8079 8080 8078
f 8079 8081 8080
f 8081 8082 8080
f 8081 8083 8082
f 8083 8084 8082
f 8083 8085 8084
f 8085 8086 8084
f 8085 8087 8086
f 8087 8088 8086
f 8087 8089 8088
f 8089 8075 8088
f 8089 8072 8075
f 8074 8076 8090
f 8074 8090 8091
f 8076 8092 8090
f 8076 8078 8092
f 8078 8093 8092
f 8078 8080 8093
f 8080 8094 8093
f 8080 8082 8094
f 8082 8095 8094
f 8082 8084 8095
f 8084 8096 8095
f 8084 8086 8096
f 8086 8097 8096
f 8086 8088 8097
f 8088 8098 8097
f 8088 8075 8098
f 8075 8091 8098
f 8075 8074 8091
f 8090 8092 8099
f 8092 8093 8099
f 8093 8094 8099
f 8094 8095 8099
f 8095 8096 8099
f 8096 8097 8099
f 8097 8098 8099
f 8098 8091 8099
f 8091 8090 8099
f 8100 8101 8102
f 8101 8103 8102
f 8103 8104 8102
f 8104 8105 8102
f 8105 8106 8102
f 8106 8100 8102
f 8107 8108 8109
f 8108 8110 8109
f 8111 8112 8113
f 8112 8114 8113
f 8109 8110 8115
f 8109 8115 8116
f 8110 8117 8115
f 8110 8113 8117
f 8113 8118 8117
f 8113 8114 8118
f 8114 8119 8118
f 8114 8120 8119
f 8120 8121 8119
f 8120 8122 8121
f 8122 8116 8121
f 8122 8109 8116
f 8123 8124 8125
f 8123 8125 8126
f 8124 8127 8125
f 8124 8128 8127
f 8128 8129 8127
f 8128 8130 8129
f 8130 8131 8129
f 8130 8132 8131
f 8132 8133 8131
f 8132 8134 8133
f 8134 8135 8133
f 8134 8136 8135
f 8136 8137 8135
f 8136 8138 8137
f 8138 8139 8137
f 8138 8140 8139
f 8140 8141 8139
f 8140 8142 8141
f 8142 8126 8141
f 8142 8123 8126
f 8125 8127 8143
f 8125 8143 8144
f 8127 8145 8143
f 8127 8129 8145
f 8129 8146 8145
f 8129 8131 8146
f 8131 8147 8146
f 8131 8133 8147
f 8133 8148 8147
f 8133 8135 8148
f 8135 8149 8148
f 8135 8137 8149
f 8137 8150 8149
f 8137 8139 8150
f 8139 8151 8150
f 8139 8141 8151
f 8141 8152 8151
f 8141 8126 8152
f 8126 8144 8152
f 8126 8125 8144
f 8143 8145 8153
f 8143 8153 8154
f 8145 8155 8153
f 8145 8146 8155
f 8146 8156 8155
f 8146 8147 8156
f 8147 8157 8156
f 8147 8148 8157
f 8148 8158 8157
f 8148 8149 8158
f 8149 8159 8158
f 8149 8150 8159
f 8150 8160 8159
f 8150 8151 8160
f 8151 8161 8160
f 8151 8152 8161
f 8152 8162 8161
f 8152 8144 8162
f 8144 8154 8162
f 8144 8143 8154
f 8153 8155 8163
f 8155 8156 8163
f 8156 8157 8163
f 8157 8158 8163
f 8158 8159 8163
f 8159 8160 8163
f 8160 8161 8163
f 8161 8162 8163
f 8162 8154 8163
f 8154 8153 8163
f 8164 8165 8166
f 8164 8166 8167
f 8165 8168 8166
f 8165 8169 8168
f 8169 8170 8168
f 8169 8171 8170
f 8171 8172 8170
f 8171 8173 8172
f 8173 8174 8172
f 8173 8175 8174
f 8175 8176 8174
f 8175 8177 8176
f 8177 8178 8176
f 8177 8179 8178
f 8179 8180 8178
f 8179 8181 8180
f 8181 8167 8180
f 8181 8164 8167
f 8166 8168 8182
f 8166 8182 8183
f 8168 8184 8182
f 8168 8170 8184
f 8170 8185 8184
f 8170 8172 8185
f 8172 8186 8185
f 8172 8174 8186
f 8174 8187 8186
f 8174 8176 8187
f 8176 8188 8187
f 8176 8178 8188
f 8178 8189 8188
f 8178 8180 8189
f 8180 8190 8189
f 8180 8167 8190
f 8167 8183 8190
f 8167 8166 8183
f 8182 8184 8191
f 8184 8185 8191
f 8185 8186 8191
f 8186 8187 8191
f 8187 8188 8191
f 8188 8189 8191
f 8189 8190 8191
f 8190 8183 8191
f 8183 8182 8191
f 8192 8193 8194
f 8192 8195 8193
f 8195 8196 8197
f 8196 8198 8197
f 8196 8199 8198
f 8200 8201 8202
f 8194 8193 8203
f 8193 8197 8203
f 8197 8198 8203
f 8198 8204 8203
f 8204 8202 8203
f 8202 8194 8203
f 8205 8206 8207
f 8205 8207 8208
f 8206 8209 8207
f 8206 8210 8209
f 8210 8211 8209
f 8210 8212 8211
f 8212 8213 8211
f 8212 8214 8213
f 8214 8215 8213
f 8214 8216 8215
f 8216 8217 8215
f 8216 8218 8217
f 8218 8219 8217
f 8218 8220 8219
f 8220 8221 8219
f 8220 8222 8221
f 8222 8223 8221
f 8222 8224 8223
f 8224 8208 8223
f 8224 8205 8208
f 8207 8209 8225
f 8207 8225 8226
f 8209 8227 8225
f 8209 8211 8227
f 8211 8228 8227
f 8211 8213 8228
f 8213 8229 8228
f 8213 8215 8229
f 8215 8230 8229
f 8215 8217 8230
f 8217 8231 8230
f 8217 8219 8231
f 8219 8232 8231
f 8219 8221 8232
f 8221 8233 8232
f 8221 8223 8233
f 8223 8234 8233
f 8223 8208 8234
f 8208 8226 8234
f 8208 8207 8226
f 8225 8227 8235
f 8227 8228 8235
f 8228 8229 8235
f 8229 8230 8235
f 8230 8231 8235
f 8231 8232 8235
f 8232 8233 8235
f 8233 8234 8235
f 8234 8226 8235
f 8226 8225 8235
f 8236 8237 8238
f 8236 8238 8239
f 8237 8240 8238
f 8237 8241 8240
f 8241 8242 8240
f 8241 8243 8242
f 8243 8244 8242
f 8243 8245 8244
f 8245 8246 8244
f 8245 8247 8246
f 8247 8248 8246
f 8247 8249 8248
f 8249 8250 8248
f 8249 8251 8250
f 8251 8252 8250
f 8251 8253 8252
f 8253 8239 8252
f 8253 8236 8239
f 8238 8240 8254
f 8240 8242 8254
f 8242 8244 8254
f 8244 8246 8254
f 8246 8248 8254
f 8248 8250 8254
f 8250 8252 8254
f 8252 8239 8254
f 8239 8238 8254
f 8255 8256 8257
f 8255 8257 8258
f 8256 8259 8257
f 8260 8261 8262
f 8261 8263 8262
f 8261 8264 8263
f 8264 8265 8263
f 8264 8266 8265
f 8266 8255 8258
f 8257 8259 8267
f 8259 8262 8267
f 8262 8263 8267
f 8263 8265 8267
f 8265 8258 8267
f 8258 8257 8267

