# Modern cruise liner
# Source: https://quaternius.com/packs/ships.html
# Coordinates: Y-up; units: metres; vertex RGB embedded after XYZ
g F2F2F2
v -11.717727 47.137964 2.094589 0.710339 0.710339 0.710339
vn 0.000000 1.000000 0.000000
v -11.671380 47.137964 62.623362 0.710339 0.710339 0.710339
vn 0.000000 1.000000 0.000000
v -2.416040 47.137964 54.838763 0.710339 0.710339 0.710339
vn 0.000000 1.000000 0.000000
f 1//1 2//2 3//3
v -11.717727 47.137964 2.094589 0.710339 0.710339 0.710339
vn 0.000000 1.000000 0.000000
v -2.416040 47.137964 54.838763 0.710339 0.710339 0.710339
vn 0.000000 1.000000 0.000000
v -2.420817 47.137964 39.773620 0.710339 0.710339 0.710339
vn 0.000000 1.000000 0.000000
f 4//4 5//5 6//6
v -11.717727 47.137964 2.094589 0.710339 0.710339 0.710339
vn 0.000000 -1.000000 0.000000
v -2.420817 47.137964 39.773620 0.710339 0.710339 0.710339
vn 0.000000 -1.000000 0.000000
v -9.596443 47.137964 36.077989 0.710339 0.710339 0.710339
vn 0.000000 -1.000000 0.000000
f 7//7 8//8 9//9
v -11.717727 47.137964 2.094589 0.710339 0.710339 0.710339
vn 0.000000 1.000000 0.000000
v -9.596443 47.137964 36.077989 0.710339 0.710339 0.710339
vn 0.000000 1.000000 0.000000
v -9.550706 47.137964 7.607681 0.710339 0.710339 0.710339
vn 0.000000 1.000000 0.000000
f 10//10 11//11 12//12
v 11.717727 47.137964 2.094589 0.710339 0.710339 0.710339
vn 0.000000 1.000000 0.000000
v -11.717727 47.137964 2.094589 0.710339 0.710339 0.710339
vn 0.000000 1.000000 0.000000
v -9.550706 47.137964 7.607681 0.710339 0.710339 0.710339
vn 0.000000 1.000000 0.000000
f 13//13 14//14 15//15
v 11.717727 47.137964 2.094589 0.710339 0.710339 0.710339
vn 0.000000 1.000000 0.000000
v -9.550706 47.137964 7.607681 0.710339 0.710339 0.710339
vn 0.000000 1.000000 0.000000
v 9.550706 47.137964 7.607681 0.710339 0.710339 0.710339
vn 0.000000 1.000000 0.000000
f 16//16 17//17 18//18
v -11.671380 49.009412 62.623362 0.710339 0.710339 0.710339
vn 1.000000 0.000000 -0.000766
v -11.671380 47.137964 62.623362 0.710339 0.710339 0.710339
vn 1.000000 0.000000 -0.000766
v -11.717727 47.137964 2.094589 0.710339 0.710339 0.710339
vn 1.000000 0.000000 -0.000766
f 19//19 20//20 21//21
v -11.671380 49.009412 62.623362 0.710339 0.710339 0.710339
vn 1.000000 0.000000 -0.000766
v -11.717727 47.137964 2.094589 0.710339 0.710339 0.710339
vn 1.000000 0.000000 -0.000766
v -11.717727 49.009412 2.094589 0.710339 0.710339 0.710339
vn 1.000000 0.000000 -0.000766
f 22//22 23//23 24//24
v -11.671380 47.137964 62.623362 0.710339 0.710339 0.710339
vn 0.000000 1.000000 0.000000
v 0.000000 47.137964 62.623362 0.710339 0.710339 0.710339
vn 0.000000 1.000000 0.000000
v 0.000000 47.137964 54.838763 0.710339 0.710339 0.710339
vn 0.000000 1.000000 0.000000
f 25//25 26//26 27//27
v -11.671380 47.137964 62.623362 0.710339 0.710339 0.710339
vn 0.000000 1.000000 0.000000
v 0.000000 47.137964 54.838763 0.710339 0.710339 0.710339
vn 0.000000 1.000000 0.000000
v -2.416040 47.137964 54.838763 0.710339 0.710339 0.710339
vn 0.000000 1.000000 0.000000
f 28//28 29//29 30//30
v -2.416040 47.137964 54.838763 0.710339 0.710339 0.710339
vn 0.000000 0.000000 0.000000
v 0.000000 47.137964 54.838763 0.710339 0.710339 0.710339
vn 0.000000 0.000000 0.000000
v 2.416040 47.137964 54.838763 0.710339 0.710339 0.710339
vn 0.000000 0.000000 0.000000
f 31//31 32//32 33//33
v -2.416040 47.137964 54.838763 0.710339 0.710339 0.710339
vn 0.000000 1.000000 0.000000
v 2.416040 47.137964 54.838763 0.710339 0.710339 0.710339
vn 0.000000 1.000000 0.000000
v 2.420817 47.137964 39.773636 0.710339 0.710339 0.710339
vn 0.000000 1.000000 0.000000
f 34//34 35//35 36//36
v -2.416040 47.137964 54.838763 0.710339 0.710339 0.710339
vn 0.000000 1.000000 0.000000
v 2.420817 47.137964 39.773636 0.710339 0.710339 0.710339
vn 0.000000 1.000000 0.000000
v -2.420817 47.137964 39.773620 0.710339 0.710339 0.710339
vn 0.000000 1.000000 0.000000
f 37//37 38//38 39//39
v -2.420817 47.137964 39.773620 0.710339 0.710339 0.710339
vn 0.000000 1.000000 0.000000
v 2.420817 47.137964 39.773636 0.710339 0.710339 0.710339
vn 0.000000 1.000000 0.000000
v 9.596443 47.137964 36.077989 0.710339 0.710339 0.710339
vn 0.000000 1.000000 0.000000
f 40//40 41//41 42//42
v -2.420817 47.137964 39.773620 0.710339 0.710339 0.710339
vn 0.000000 1.000000 0.000000
v 9.596443 47.137964 36.077989 0.710339 0.710339 0.710339
vn 0.000000 1.000000 0.000000
v -9.596443 47.137964 36.077989 0.710339 0.710339 0.710339
vn 0.000000 1.000000 0.000000
f 43//43 44//44 45//45
v 11.671380 47.137964 62.623362 0.710339 0.710339 0.710339
vn 0.000000 1.000000 0.000000
v 11.717727 47.137964 2.094589 0.710339 0.710339 0.710339
vn 0.000000 1.000000 0.000000
v 9.550706 47.137964 7.607681 0.710339 0.710339 0.710339
vn 0.000000 1.000000 0.000000
f 46//46 47//47 48//48
v 11.671380 47.137964 62.623362 0.710339 0.710339 0.710339
vn 0.000000 1.000000 0.000000
v 9.550706 47.137964 7.607681 0.710339 0.710339 0.710339
vn 0.000000 1.000000 0.000000
v 9.596443 47.137964 36.077989 0.710339 0.710339 0.710339
vn 0.000000 1.000000 0.000000
f 49//49 50//50 51//51
v 11.671380 47.137964 62.623362 0.710339 0.710339 0.710339
vn 0.000000 1.000000 0.000000
v 9.596443 47.137964 36.077989 0.710339 0.710339 0.710339
vn 0.000000 1.000000 0.000000
v 2.420817 47.137964 39.773636 0.710339 0.710339 0.710339
vn 0.000000 1.000000 0.000000
f 52//52 53//53 54//54
v 11.671380 47.137964 62.623362 0.710339 0.710339 0.710339
vn 0.000000 1.000000 0.000000
v 2.420817 47.137964 39.773636 0.710339 0.710339 0.710339
vn 0.000000 1.000000 0.000000
v 2.416040 47.137964 54.838763 0.710339 0.710339 0.710339
vn 0.000000 1.000000 0.000000
f 55//55 56//56 57//57
v -11.717727 49.009412 2.094589 0.710339 0.710339 0.710339
vn 0.000000 0.000000 1.000000
v -11.717727 47.137964 2.094589 0.710339 0.710339 0.710339
vn 0.000000 0.000000 1.000000
v 11.717727 47.137964 2.094589 0.710339 0.710339 0.710339
vn 0.000000 0.000000 1.000000
f 58//58 59//59 60//60
v -11.717727 49.009412 2.094589 0.710339 0.710339 0.710339
vn 0.000000 0.000000 1.000000
v 11.717727 47.137964 2.094589 0.710339 0.710339 0.710339
vn 0.000000 0.000000 1.000000
v 11.717727 49.009412 2.094589 0.710339 0.710339 0.710339
vn 0.000000 0.000000 1.000000
f 61//61 62//62 63//63
v -14.601541 49.009412 66.801260 0.710339 0.710339 0.710339
vn 0.000000 1.000000 0.000000
v -11.671380 49.009412 62.623362 0.710339 0.710339 0.710339
vn 0.000000 1.000000 0.000000
v -11.717727 49.009412 2.094589 0.710339 0.710339 0.710339
vn 0.000000 1.000000 0.000000
f 64//64 65//65 66//66
v -14.601541 49.009412 66.801260 0.710339 0.710339 0.710339
vn 0.000000 1.000000 0.000000
v -11.717727 49.009412 2.094589 0.710339 0.710339 0.710339
vn 0.000000 1.000000 0.000000
v -14.654294 49.009412 -2.083292 0.710339 0.710339 0.710339
vn 0.000000 1.000000 0.000000
f 67//67 68//68 69//69
v 0.000000 49.009412 62.623362 0.710339 0.710339 0.710339
vn 0.000000 0.000000 -1.000000
v 0.000000 47.137964 62.623362 0.710339 0.710339 0.710339
vn 0.000000 0.000000 -1.000000
v -11.671380 47.137964 62.623362 0.710339 0.710339 0.710339
vn 0.000000 0.000000 -1.000000
f 70//70 71//71 72//72
v 0.000000 49.009412 62.623362 0.710339 0.710339 0.710339
vn 0.000000 0.000000 -1.000000
v -11.671380 47.137964 62.623362 0.710339 0.710339 0.710339
vn 0.000000 0.000000 -1.000000
v -11.671380 49.009412 62.623362 0.710339 0.710339 0.710339
vn 0.000000 0.000000 -1.000000
f 73//73 74//74 75//75
v 0.000000 47.137964 62.623362 0.710339 0.710339 0.710339
vn 0.000000 1.000000 0.000000
v 11.671380 47.137964 62.623362 0.710339 0.710339 0.710339
vn 0.000000 1.000000 0.000000
v 2.416040 47.137964 54.838763 0.710339 0.710339 0.710339
vn 0.000000 1.000000 0.000000
f 76//76 77//77 78//78
v 0.000000 47.137964 62.623362 0.710339 0.710339 0.710339
vn 0.000000 1.000000 0.000000
v 2.416040 47.137964 54.838763 0.710339 0.710339 0.710339
vn 0.000000 1.000000 0.000000
v 0.000000 47.137964 54.838763 0.710339 0.710339 0.710339
vn 0.000000 1.000000 0.000000
f 79//79 80//80 81//81
v 11.671380 49.009412 62.623362 0.710339 0.710339 0.710339
vn -1.000000 0.000000 -0.000766
v 11.717727 49.009412 2.094589 0.710339 0.710339 0.710339
vn -1.000000 0.000000 -0.000766
v 11.717727 47.137964 2.094589 0.710339 0.710339 0.710339
vn -1.000000 0.000000 -0.000766
f 82//82 83//83 84//84
v 11.671380 49.009412 62.623362 0.710339 0.710339 0.710339
vn -1.000000 0.000000 -0.000766
v 11.717727 47.137964 2.094589 0.710339 0.710339 0.710339
vn -1.000000 0.000000 -0.000766
v 11.671380 47.137964 62.623362 0.710339 0.710339 0.710339
vn -1.000000 0.000000 -0.000766
f 85//85 86//86 87//87
v -14.654294 49.009412 -2.083292 0.710339 0.710339 0.710339
vn 0.000000 1.000000 0.000000
v -11.717727 49.009412 2.094589 0.710339 0.710339 0.710339
vn 0.000000 1.000000 0.000000
v 11.717727 49.009412 2.094589 0.710339 0.710339 0.710339
vn 0.000000 1.000000 0.000000
f 88//88 89//89 90//90
v -14.654294 49.009412 -2.083292 0.710339 0.710339 0.710339
vn 0.000000 1.000000 0.000000
v 11.717727 49.009412 2.094589 0.710339 0.710339 0.710339
vn 0.000000 1.000000 0.000000
v 14.654294 49.009412 -2.083292 0.710339 0.710339 0.710339
vn 0.000000 1.000000 0.000000
f 91//91 92//92 93//93
v -14.865774 47.024214 67.909294 0.710339 0.710339 0.710339
vn -0.991202 0.132354 0.000759
v -14.601541 49.009412 66.801260 0.710339 0.710339 0.710339
vn -0.991202 0.132354 0.000759
v -14.654294 49.009412 -2.083292 0.710339 0.710339 0.710339
vn -0.991202 0.132354 0.000759
f 94//94 95//95 96//96
v -14.865774 47.024214 67.909294 0.710339 0.710339 0.710339
vn -0.991202 0.132355 0.000759
v -14.654294 49.009412 -2.083292 0.710339 0.710339 0.710339
vn -0.991202 0.132355 0.000759
v -14.920532 47.024214 -3.591781 0.710339 0.710339 0.710339
vn -0.991202 0.132355 0.000759
f 97//97 98//98 99//99
v 0.000000 49.009412 66.801260 0.710339 0.710339 0.710339
vn 0.000000 1.000000 0.000000
v 0.000000 49.009412 62.623362 0.710339 0.710339 0.710339
vn 0.000000 1.000000 0.000000
v -11.671380 49.009412 62.623362 0.710339 0.710339 0.710339
vn 0.000000 1.000000 0.000000
f 100//100 101//101 102//102
v 0.000000 49.009412 66.801260 0.710339 0.710339 0.710339
vn 0.000000 1.000000 0.000000
v -11.671380 49.009412 62.623362 0.710339 0.710339 0.710339
vn 0.000000 1.000000 0.000000
v -14.601541 49.009412 66.801260 0.710339 0.710339 0.710339
vn 0.000000 1.000000 0.000000
f 103//103 104//104 105//105
v 0.000000 49.009412 62.623362 0.710339 0.710339 0.710339
vn 0.000000 0.000000 -1.000000
v 11.671380 49.009412 62.623362 0.710339 0.710339 0.710339
vn 0.000000 0.000000 -1.000000
v 11.671380 47.137964 62.623362 0.710339 0.710339 0.710339
vn 0.000000 0.000000 -1.000000
f 106//106 107//107 108//108
v 0.000000 49.009412 62.623362 0.710339 0.710339 0.710339
vn 0.000000 0.000000 -1.000000
v 11.671380 47.137964 62.623362 0.710339 0.710339 0.710339
vn 0.000000 0.000000 -1.000000
v 0.000000 47.137964 62.623362 0.710339 0.710339 0.710339
vn 0.000000 0.000000 -1.000000
f 109//109 110//110 111//111
v 14.601541 49.009412 66.801260 0.710339 0.710339 0.710339
vn 0.000000 1.000000 0.000000
v 14.654294 49.009412 -2.083292 0.710339 0.710339 0.710339
vn 0.000000 1.000000 0.000000
v 11.717727 49.009412 2.094589 0.710339 0.710339 0.710339
vn 0.000000 1.000000 0.000000
f 112//112 113//113 114//114
v 14.601541 49.009412 66.801260 0.710339 0.710339 0.710339
vn 0.000000 1.000000 0.000000
v 11.717727 49.009412 2.094589 0.710339 0.710339 0.710339
vn 0.000000 1.000000 0.000000
v 11.671380 49.009412 62.623362 0.710339 0.710339 0.710339
vn 0.000000 1.000000 0.000000
f 115//115 116//116 117//117
v -14.920532 47.024214 -3.591781 0.710339 0.710339 0.710339
vn 0.000000 0.605017 -0.796213
v -14.654294 49.009412 -2.083292 0.710339 0.710339 0.710339
vn 0.000000 0.605017 -0.796213
v 14.654294 49.009412 -2.083292 0.710339 0.710339 0.710339
vn 0.000000 0.605017 -0.796213
f 118//118 119//119 120//120
v -14.920532 47.024214 -3.591781 0.710339 0.710339 0.710339
vn 0.000000 0.605017 -0.796213
v 14.654294 49.009412 -2.083292 0.710339 0.710339 0.710339
vn 0.000000 0.605017 -0.796213
v 14.920532 47.024214 -3.591781 0.710339 0.710339 0.710339
vn 0.000000 0.605017 -0.796213
f 121//121 122//122 123//123
v -14.865774 47.024214 67.909294 0.710339 0.710339 0.710339
vn -0.889632 0.307077 0.338021
v -13.247997 47.024214 72.167089 0.710339 0.710339 0.710339
vn -0.889632 0.307077 0.338021
v -12.983764 49.009412 71.059055 0.710339 0.710339 0.710339
vn -0.889632 0.307077 0.338021
f 124//124 125//125 126//126
v -14.865774 47.024214 67.909294 0.710339 0.710339 0.710339
vn -0.889632 0.307077 0.338021
v -12.983764 49.009412 71.059055 0.710339 0.710339 0.710339
vn -0.889632 0.307077 0.338021
v -14.601541 49.009412 66.801260 0.710339 0.710339 0.710339
vn -0.889632 0.307077 0.338021
f 127//127 128//128 129//129
v -14.601541 49.009412 66.801260 0.710339 0.710339 0.710339
vn 0.000000 1.000000 0.000000
v -12.983764 49.009412 71.059055 0.710339 0.710339 0.710339
vn 0.000000 1.000000 0.000000
v 0.000000 49.009412 71.059055 0.710339 0.710339 0.710339
vn 0.000000 1.000000 0.000000
f 130//130 131//131 132//132
v -14.601541 49.009412 66.801260 0.710339 0.710339 0.710339
vn 0.000000 1.000000 0.000000
v 0.000000 49.009412 71.059055 0.710339 0.710339 0.710339
vn 0.000000 1.000000 0.000000
v 0.000000 49.009412 66.801260 0.710339 0.710339 0.710339
vn 0.000000 1.000000 0.000000
f 133//133 134//134 135//135
v 0.000000 49.009412 66.801260 0.710339 0.710339 0.710339
vn 0.000000 1.000000 0.000000
v 14.601541 49.009412 66.801260 0.710339 0.710339 0.710339
vn 0.000000 1.000000 0.000000
v 11.671380 49.009412 62.623362 0.710339 0.710339 0.710339
vn 0.000000 1.000000 0.000000
f 136//136 137//137 138//138
v 0.000000 49.009412 66.801260 0.710339 0.710339 0.710339
vn 0.000000 1.000000 0.000000
v 11.671380 49.009412 62.623362 0.710339 0.710339 0.710339
vn 0.000000 1.000000 0.000000
v 0.000000 49.009412 62.623362 0.710339 0.710339 0.710339
vn 0.000000 1.000000 0.000000
f 139//139 140//140 141//141
v 14.865774 47.024214 67.909294 0.710339 0.710339 0.710339
vn 0.991202 0.132355 0.000759
v 14.920532 47.024214 -3.591781 0.710339 0.710339 0.710339
vn 0.991202 0.132355 0.000759
v 14.654294 49.009412 -2.083292 0.710339 0.710339 0.710339
vn 0.991202 0.132355 0.000759
f 142//142 143//143 144//144
v 14.865774 47.024214 67.909294 0.710339 0.710339 0.710339
vn 0.991202 0.132354 0.000759
v 14.654294 49.009412 -2.083292 0.710339 0.710339 0.710339
vn 0.991202 0.132354 0.000759
v 14.601541 49.009412 66.801260 0.710339 0.710339 0.710339
vn 0.991202 0.132354 0.000759
f 145//145 146//146 147//147
v -15.319363 39.845190 -5.851607 0.710339 0.710339 0.710339
vn 0.000000 0.300257 -0.953858
v -14.920532 47.024214 -3.591781 0.710339 0.710339 0.710339
vn 0.000000 0.300257 -0.953858
v 14.920532 47.024214 -3.591781 0.710339 0.710339 0.710339
vn 0.000000 0.300257 -0.953858
f 148//148 149//149 150//150
v -15.319363 39.845190 -5.851607 0.710339 0.710339 0.710339
vn 0.000000 0.300257 -0.953858
v 14.920532 47.024214 -3.591781 0.710339 0.710339 0.710339
vn 0.000000 0.300257 -0.953858
v 15.319363 39.845190 -5.851607 0.710339 0.710339 0.710339
vn 0.000000 0.300257 -0.953858
f 151//151 152//152 153//153
v -15.261613 36.169592 69.569223 0.710339 0.710339 0.710339
vn -1.000000 0.000000 0.000766
v -15.261613 39.845190 69.569223 0.710339 0.710339 0.710339
vn -1.000000 0.000000 0.000766
v -15.319363 39.845190 -5.851607 0.710339 0.710339 0.710339
vn -1.000000 0.000000 0.000766
f 154//154 155//155 156//156
v -15.261613 36.169592 69.569223 0.710339 0.710339 0.710339
vn -1.000000 0.000000 0.000766
v -15.319363 39.845190 -5.851607 0.710339 0.710339 0.710339
vn -1.000000 0.000000 0.000766
v -15.319363 36.169592 -5.851607 0.710339 0.710339 0.710339
vn -1.000000 0.000000 0.000766
f 157//157 158//158 159//159
v 0.000000 47.024214 67.909294 0.710339 0.710339 0.710339
vn 0.000000 -1.000000 0.000000
v 0.000000 47.024214 72.167089 0.710339 0.710339 0.710339
vn 0.000000 -1.000000 0.000000
v -13.247997 47.024214 72.167089 0.710339 0.710339 0.710339
vn 0.000000 -1.000000 0.000000
f 160//160 161//161 162//162
v 0.000000 47.024214 67.909294 0.710339 0.710339 0.710339
vn 0.000000 -1.000000 0.000000
v -13.247997 47.024214 72.167089 0.710339 0.710339 0.710339
vn 0.000000 -1.000000 0.000000
v -14.865774 47.024214 67.909294 0.710339 0.710339 0.710339
vn 0.000000 -1.000000 0.000000
f 163//163 164//164 165//165
v 0.000000 47.024214 72.167089 0.710339 0.710339 0.710339
vn 0.000000 0.487372 0.873195
v 0.000000 49.009412 71.059055 0.710339 0.710339 0.710339
vn 0.000000 0.487372 0.873195
v -12.983764 49.009412 71.059055 0.710339 0.710339 0.710339
vn 0.000000 0.487372 0.873195
f 166//166 167//167 168//168
v 0.000000 47.024214 72.167089 0.710339 0.710339 0.710339
vn 0.000000 0.487372 0.873195
v -12.983764 49.009412 71.059055 0.710339 0.710339 0.710339
vn 0.000000 0.487372 0.873195
v -13.247997 47.024214 72.167089 0.710339 0.710339 0.710339
vn 0.000000 0.487372 0.873195
f 169//169 170//170 171//171
v 14.601541 49.009412 66.801260 0.710339 0.710339 0.710339
vn 0.000000 1.000000 0.000000
v 0.000000 49.009412 66.801260 0.710339 0.710339 0.710339
vn 0.000000 1.000000 0.000000
v 0.000000 49.009412 71.059055 0.710339 0.710339 0.710339
vn 0.000000 1.000000 0.000000
f 172//172 173//173 174//174
v 14.601541 49.009412 66.801260 0.710339 0.710339 0.710339
vn 0.000000 1.000000 0.000000
v 0.000000 49.009412 71.059055 0.710339 0.710339 0.710339
vn 0.000000 1.000000 0.000000
v 12.983764 49.009412 71.059055 0.710339 0.710339 0.710339
vn 0.000000 1.000000 0.000000
f 175//175 176//176 177//177
v 14.865774 47.024214 67.909294 0.710339 0.710339 0.710339
vn 0.889632 0.307077 0.338021
v 14.601541 49.009412 66.801260 0.710339 0.710339 0.710339
vn 0.889632 0.307077 0.338021
v 12.983764 49.009412 71.059055 0.710339 0.710339 0.710339
vn 0.889632 0.307077 0.338021
f 178//178 179//179 180//180
v 14.865774 47.024214 67.909294 0.710339 0.710339 0.710339
vn 0.889632 0.307077 0.338021
v 12.983764 49.009412 71.059055 0.710339 0.710339 0.710339
vn 0.889632 0.307077 0.338021
v 13.247997 47.024214 72.167089 0.710339 0.710339 0.710339
vn 0.889632 0.307077 0.338021
f 181//181 182//182 183//183
v 12.326087 39.845190 -11.849214 0.710339 0.710339 0.710339
vn 0.000000 1.000000 0.000000
v -12.326087 39.845190 -11.849214 0.710339 0.710339 0.710339
vn 0.000000 1.000000 0.000000
v -15.319363 39.845190 -5.851607 0.710339 0.710339 0.710339
vn 0.000000 1.000000 0.000000
f 184//184 185//185 186//186
v 12.326087 39.845190 -11.849214 0.710339 0.710339 0.710339
vn 0.000000 1.000000 0.000000
v -15.319363 39.845190 -5.851607 0.710339 0.710339 0.710339
vn 0.000000 1.000000 0.000000
v 15.319363 39.845190 -5.851607 0.710339 0.710339 0.710339
vn 0.000000 1.000000 0.000000
f 187//187 188//188 189//189
v -15.261613 36.169592 69.569223 0.710339 0.710339 0.710339
vn 0.000000 0.000000 -1.000000
v -20.792310 36.169592 69.569223 0.710339 0.710339 0.710339
vn 0.000000 0.000000 -1.000000
v -20.792310 39.845190 69.569223 0.710339 0.710339 0.710339
vn 0.000000 0.000000 -1.000000
f 190//190 191//191 192//192
v -15.261613 36.169592 69.569223 0.710339 0.710339 0.710339
vn 0.000000 0.000000 -1.000000
v -20.792310 39.845190 69.569223 0.710339 0.710339 0.710339
vn 0.000000 0.000000 -1.000000
v -15.261613 39.845190 69.569223 0.710339 0.710339 0.710339
vn 0.000000 0.000000 -1.000000
f 193//193 194//194 195//195
v -15.319363 36.169592 -5.851607 0.710339 0.710339 0.710339
vn -1.000000 0.000000 0.000527
v -15.319363 39.845190 -5.851607 0.710339 0.710339 0.710339
vn -1.000000 0.000000 0.000527
v -15.326273 39.845190 -18.965076 0.710339 0.710339 0.710339
vn -1.000000 0.000000 0.000527
f 196//196 197//197 198//198
v -15.319363 36.169592 -5.851607 0.710339 0.710339 0.710339
vn -1.000000 0.000000 0.000527
v -15.326273 39.845190 -18.965076 0.710339 0.710339 0.710339
vn -1.000000 0.000000 0.000527
v -15.326273 36.169592 -18.965076 0.710339 0.710339 0.710339
vn -1.000000 0.000000 0.000527
f 199//199 200//200 201//201
v -15.256678 39.845190 76.017198 0.710339 0.710339 0.710339
vn 0.000000 1.000000 0.000000
v 0.000000 39.845190 76.017198 0.710339 0.710339 0.710339
vn 0.000000 1.000000 0.000000
v 0.000000 39.845190 69.569223 0.710339 0.710339 0.710339
vn 0.000000 1.000000 0.000000
f 202//202 203//203 204//204
v -15.256678 39.845190 76.017198 0.710339 0.710339 0.710339
vn 0.000000 1.000000 0.000000
v 0.000000 39.845190 69.569223 0.710339 0.710339 0.710339
vn 0.000000 1.000000 0.000000
v -15.261613 39.845190 69.569223 0.710339 0.710339 0.710339
vn 0.000000 1.000000 0.000000
f 205//205 206//206 207//207
v 0.000000 47.024214 67.909294 0.710339 0.710339 0.710339
vn 0.000000 -1.000000 0.000000
v 14.865774 47.024214 67.909294 0.710339 0.710339 0.710339
vn 0.000000 -1.000000 0.000000
v 13.247997 47.024214 72.167089 0.710339 0.710339 0.710339
vn 0.000000 -1.000000 0.000000
f 208//208 209//209 210//210
v 0.000000 47.024214 67.909294 0.710339 0.710339 0.710339
vn 0.000000 -1.000000 0.000000
v 13.247997 47.024214 72.167089 0.710339 0.710339 0.710339
vn 0.000000 -1.000000 0.000000
v 0.000000 47.024214 72.167089 0.710339 0.710339 0.710339
vn 0.000000 -1.000000 0.000000
f 211//211 212//212 213//213
v 0.000000 47.024214 72.167089 0.710339 0.710339 0.710339
vn 0.000000 0.487372 0.873195
v 13.247997 47.024214 72.167089 0.710339 0.710339 0.710339
vn 0.000000 0.487372 0.873195
v 12.983764 49.009412 71.059055 0.710339 0.710339 0.710339
vn 0.000000 0.487372 0.873195
f 214//214 215//215 216//216
v 0.000000 47.024214 72.167089 0.710339 0.710339 0.710339
vn 0.000000 0.487372 0.873195
v 12.983764 49.009412 71.059055 0.710339 0.710339 0.710339
vn 0.000000 0.487372 0.873195
v 0.000000 49.009412 71.059055 0.710339 0.710339 0.710339
vn 0.000000 0.487372 0.873195
f 217//217 218//218 219//219
v 15.261613 36.169592 69.569223 0.710339 0.710339 0.710339
vn 1.000000 0.000000 0.000766
v 15.319363 36.169592 -5.851607 0.710339 0.710339 0.710339
vn 1.000000 0.000000 0.000766
v 15.319363 39.845190 -5.851607 0.710339 0.710339 0.710339
vn 1.000000 0.000000 0.000766
f 220//220 221//221 222//222
v 15.261613 36.169592 69.569223 0.710339 0.710339 0.710339
vn 1.000000 0.000000 0.000766
v 15.319363 39.845190 -5.851607 0.710339 0.710339 0.710339
vn 1.000000 0.000000 0.000766
v 15.261613 39.845190 69.569223 0.710339 0.710339 0.710339
vn 1.000000 0.000000 0.000766
f 223//223 224//224 225//225
v 15.319363 39.845190 -5.851607 0.710339 0.710339 0.710339
vn 0.000000 1.000000 0.000000
v 15.326273 39.845190 -18.965076 0.710339 0.710339 0.710339
vn 0.000000 1.000000 0.000000
v 12.332240 39.845190 -23.527857 0.710339 0.710339 0.710339
vn 0.000000 1.000000 0.000000
f 226//226 227//227 228//228
v 15.319363 39.845190 -5.851607 0.710339 0.710339 0.710339
vn 0.000000 1.000000 0.000000
v 12.332240 39.845190 -23.527857 0.710339 0.710339 0.710339
vn 0.000000 1.000000 0.000000
v 12.326087 39.845190 -11.849214 0.710339 0.710339 0.710339
vn 0.000000 1.000000 0.000000
f 229//229 230//230 231//231
v 12.326087 37.248942 -11.849214 0.710339 0.710339 0.710339
vn 0.000000 0.000000 -1.000000
v -12.326087 37.248942 -11.849214 0.710339 0.710339 0.710339
vn 0.000000 0.000000 -1.000000
v -12.326087 39.845190 -11.849214 0.710339 0.710339 0.710339
vn 0.000000 0.000000 -1.000000
f 232//232 233//233 234//234
v 12.326087 37.248942 -11.849214 0.710339 0.710339 0.710339
vn 0.000000 0.000000 -1.000000
v -12.326087 39.845190 -11.849214 0.710339 0.710339 0.710339
vn 0.000000 0.000000 -1.000000
v 12.326087 39.845190 -11.849214 0.710339 0.710339 0.710339
vn 0.000000 0.000000 -1.000000
f 235//235 236//236 237//237
v -15.319363 39.845190 -5.851607 0.710339 0.710339 0.710339
vn 0.000000 1.000000 0.000000
v -12.326087 39.845190 -11.849214 0.710339 0.710339 0.710339
vn 0.000000 1.000000 0.000000
v -12.332240 39.845190 -23.527857 0.710339 0.710339 0.710339
vn 0.000000 1.000000 0.000000
f 238//238 239//239 240//240
v -15.319363 39.845190 -5.851607 0.710339 0.710339 0.710339
vn 0.000000 1.000000 0.000000
v -12.332240 39.845190 -23.527857 0.710339 0.710339 0.710339
vn 0.000000 1.000000 0.000000
v -15.326273 39.845190 -18.965076 0.710339 0.710339 0.710339
vn 0.000000 1.000000 0.000000
f 241//241 242//242 243//243
v -18.443365 26.068236 84.145511 0.710339 0.710339 0.710339
vn -0.953501 0.301389 0.000730
v -15.256678 36.169592 76.017198 0.710339 0.710339 0.710339
vn -0.953501 0.301389 0.000730
v -15.261613 36.169592 69.569223 0.710339 0.710339 0.710339
vn -0.953501 0.301389 0.000730
f 244//244 245//245 246//246
v -18.443365 26.068236 84.145511 0.710339 0.710339 0.710339
vn -0.953501 0.301390 0.000730
v -15.261613 36.169592 69.569223 0.710339 0.710339 0.710339
vn -0.953501 0.301390 0.000730
v -18.448815 26.068236 77.031112 0.710339 0.710339 0.710339
vn -0.953501 0.301390 0.000730
f 247//247 248//248 249//249
v -15.256678 36.169592 76.017198 0.710339 0.710339 0.710339
vn 0.000000 -1.000000 0.000000
v -20.787364 36.169592 76.017198 0.710339 0.710339 0.710339
vn 0.000000 -1.000000 0.000000
v -20.792310 36.169592 69.569223 0.710339 0.710339 0.710339
vn 0.000000 -1.000000 0.000000
f 250//250 251//251 252//252
v -15.256678 36.169592 76.017198 0.710339 0.710339 0.710339
vn 0.000000 -1.000000 0.000000
v -20.792310 36.169592 69.569223 0.710339 0.710339 0.710339
vn 0.000000 -1.000000 0.000000
v -15.261613 36.169592 69.569223 0.710339 0.710339 0.710339
vn 0.000000 -1.000000 0.000000
f 253//253 254//254 255//255
v -20.787364 36.169592 76.017198 0.710339 0.710339 0.710339
vn -1.000000 0.000000 0.000767
v -20.787364 39.845190 76.017198 0.710339 0.710339 0.710339
vn -1.000000 0.000000 0.000767
v -20.792310 39.845190 69.569223 0.710339 0.710339 0.710339
vn -1.000000 0.000000 0.000767
f 256//256 257//257 258//258
v -20.787364 36.169592 76.017198 0.710339 0.710339 0.710339
vn -1.000000 0.000000 0.000767
v -20.792310 39.845190 69.569223 0.710339 0.710339 0.710339
vn -1.000000 0.000000 0.000767
v -20.792310 36.169592 69.569223 0.710339 0.710339 0.710339
vn -1.000000 0.000000 0.000767
f 259//259 260//260 261//261
v -15.261613 39.845190 69.569223 0.710339 0.710339 0.710339
vn 0.000000 1.000000 0.000000
v -20.792310 39.845190 69.569223 0.710339 0.710339 0.710339
vn 0.000000 1.000000 0.000000
v -20.787364 39.845190 76.017198 0.710339 0.710339 0.710339
vn 0.000000 1.000000 0.000000
f 262//262 263//263 264//264
v -15.261613 39.845190 69.569223 0.710339 0.710339 0.710339
vn 0.000000 1.000000 0.000000
v -20.787364 39.845190 76.017198 0.710339 0.710339 0.710339
vn 0.000000 1.000000 0.000000
v -15.256678 39.845190 76.017198 0.710339 0.710339 0.710339
vn 0.000000 1.000000 0.000000
f 265//265 266//266 267//267
v -15.326273 36.169592 -18.965076 0.710339 0.710339 0.710339
vn -1.000000 0.000000 0.000527
v -15.326273 39.845190 -18.965076 0.710339 0.710339 0.710339
vn -1.000000 0.000000 0.000527
v -15.377114 39.845190 -115.480747 0.710339 0.710339 0.710339
vn -1.000000 0.000000 0.000527
f 268//268 269//269 270//270
v -15.326273 36.169592 -18.965076 0.710339 0.710339 0.710339
vn -1.000000 0.000000 0.000527
v -15.377114 39.845190 -115.480747 0.710339 0.710339 0.710339
vn -1.000000 0.000000 0.000527
v -15.377114 36.169592 -115.480747 0.710339 0.710339 0.710339
vn -1.000000 0.000000 0.000527
f 271//271 272//272 273//273
v 0.000000 36.169592 76.017198 0.710339 0.710339 0.710339
vn 0.000000 0.000000 1.000000
v 0.000000 39.845190 76.017198 0.710339 0.710339 0.710339
vn 0.000000 0.000000 1.000000
v -15.256678 39.845190 76.017198 0.710339 0.710339 0.710339
vn 0.000000 0.000000 1.000000
f 274//274 275//275 276//276
v 0.000000 36.169592 76.017198 0.710339 0.710339 0.710339
vn 0.000000 0.000000 1.000000
v -15.256678 39.845190 76.017198 0.710339 0.710339 0.710339
vn 0.000000 0.000000 1.000000
v -15.256678 36.169592 76.017198 0.710339 0.710339 0.710339
vn 0.000000 0.000000 1.000000
f 277//277 278//278 279//279
v 15.256678 39.845190 76.017198 0.710339 0.710339 0.710339
vn 0.000000 1.000000 0.000000
v 15.261613 39.845190 69.569223 0.710339 0.710339 0.710339
vn 0.000000 1.000000 0.000000
v 0.000000 39.845190 69.569223 0.710339 0.710339 0.710339
vn 0.000000 1.000000 0.000000
f 280//280 281//281 282//282
v 15.256678 39.845190 76.017198 0.710339 0.710339 0.710339
vn 0.000000 1.000000 0.000000
v 0.000000 39.845190 69.569223 0.710339 0.710339 0.710339
vn 0.000000 1.000000 0.000000
v 0.000000 39.845190 76.017198 0.710339 0.710339 0.710339
vn 0.000000 1.000000 0.000000
f 283//283 284//284 285//285
v 15.261613 36.169592 69.569223 0.710339 0.710339 0.710339
vn 0.000000 0.000000 -1.000000
v 15.261613 39.845190 69.569223 0.710339 0.710339 0.710339
vn 0.000000 0.000000 -1.000000
v 20.792310 39.845190 69.569223 0.710339 0.710339 0.710339
vn 0.000000 0.000000 -1.000000
f 286//286 287//287 288//288
v 15.261613 36.169592 69.569223 0.710339 0.710339 0.710339
vn 0.000000 0.000000 -1.000000
v 20.792310 39.845190 69.569223 0.710339 0.710339 0.710339
vn 0.000000 0.000000 -1.000000
v 20.792310 36.169592 69.569223 0.710339 0.710339 0.710339
vn 0.000000 0.000000 -1.000000
f 289//289 290//290 291//291
v 15.319363 36.169592 -5.851607 0.710339 0.710339 0.710339
vn 1.000000 0.000000 0.000527
v 15.326273 36.169592 -18.965076 0.710339 0.710339 0.710339
vn 1.000000 0.000000 0.000527
v 15.326273 39.845190 -18.965076 0.710339 0.710339 0.710339
vn 1.000000 0.000000 0.000527
f 292//292 293//293 294//294
v 15.319363 36.169592 -5.851607 0.710339 0.710339 0.710339
vn 1.000000 0.000000 0.000527
v 15.326273 39.845190 -18.965076 0.710339 0.710339 0.710339
vn 1.000000 0.000000 0.000527
v 15.319363 39.845190 -5.851607 0.710339 0.710339 0.710339
vn 1.000000 0.000000 0.000527
f 295//295 296//296 297//297
v 15.326273 39.845190 -18.965076 0.710339 0.710339 0.710339
vn 0.000000 1.000000 0.000000
v 15.377114 39.845190 -115.480747 0.710339 0.710339 0.710339
vn 0.000000 1.000000 0.000000
v 12.377516 39.845190 -109.483155 0.710339 0.710339 0.710339
vn 0.000000 1.000000 0.000000
f 298//298 299//299 300//300
v 15.326273 39.845190 -18.965076 0.710339 0.710339 0.710339
vn 0.000000 1.000000 0.000000
v 12.377516 39.845190 -109.483155 0.710339 0.710339 0.710339
vn 0.000000 1.000000 0.000000
v 12.332240 39.845190 -23.527857 0.710339 0.710339 0.710339
vn 0.000000 1.000000 0.000000
f 301//301 302//302 303//303
v 12.332240 39.845190 -23.527857 0.710339 0.710339 0.710339
vn -1.000000 0.000000 -0.000527
v 12.377516 39.845190 -109.483155 0.710339 0.710339 0.710339
vn -1.000000 0.000000 -0.000527
v 12.377516 37.248942 -109.483155 0.710339 0.710339 0.710339
vn -1.000000 0.000000 -0.000527
f 304//304 305//305 306//306
v 12.332240 39.845190 -23.527857 0.710339 0.710339 0.710339
vn -0.999991 -0.004147 -0.000401
v 12.377516 37.248942 -109.483155 0.710339 0.710339 0.710339
vn -0.999991 -0.004147 -0.000401
v 12.364758 37.248942 -77.707082 0.710339 0.710339 0.710339
vn -0.999991 -0.004147 -0.000401
f 307//307 308//308 309//309
v 12.332240 39.845190 -23.527857 0.710339 0.710339 0.710339
vn -1.000000 -0.000271 -0.000587
v 12.364758 37.248942 -77.707082 0.710339 0.710339 0.710339
vn -1.000000 -0.000271 -0.000587
v 12.326087 37.248942 -11.849214 0.710339 0.710339 0.710339
vn -1.000000 -0.000271 -0.000587
f 310//310 311//311 312//312
v 12.332240 39.845190 -23.527857 0.710339 0.710339 0.710339
vn -1.000000 0.000000 -0.000527
v 12.326087 37.248942 -11.849214 0.710339 0.710339 0.710339
vn -1.000000 0.000000 -0.000527
v 12.326087 39.845190 -11.849214 0.710339 0.710339 0.710339
vn -1.000000 0.000000 -0.000527
f 313//313 314//314 315//315
v 6.447934 37.248942 -27.204430 0.710339 0.710339 0.710339
vn 0.000000 0.000000 0.000000
v -6.447934 37.248942 -27.204430 0.710339 0.710339 0.710339
vn 0.000000 0.000000 0.000000
v -8.323854 37.248942 -27.204430 0.710339 0.710339 0.710339
vn 0.000000 0.000000 0.000000
f 316//316 317//317 318//318
v 6.447934 37.248942 -27.204430 0.710339 0.710339 0.710339
vn 0.000000 1.000000 0.000000
v -8.323854 37.248942 -27.204430 0.710339 0.710339 0.710339
vn 0.000000 1.000000 0.000000
v -12.326087 37.248942 -11.849214 0.710339 0.710339 0.710339
vn 0.000000 1.000000 0.000000
f 319//319 320//320 321//321
v 6.447934 37.248942 -27.204430 0.710339 0.710339 0.710339
vn 0.000000 1.000000 0.000000
v -12.326087 37.248942 -11.849214 0.710339 0.710339 0.710339
vn 0.000000 1.000000 0.000000
v 12.326087 37.248942 -11.849214 0.710339 0.710339 0.710339
vn 0.000000 1.000000 0.000000
f 322//322 323//323 324//324
v 6.447934 37.248942 -27.204430 0.710339 0.710339 0.710339
vn 0.000000 1.000000 0.000000
v 12.326087 37.248942 -11.849214 0.710339 0.710339 0.710339
vn 0.000000 1.000000 0.000000
v 8.323854 37.248942 -27.204430 0.710339 0.710339 0.710339
vn 0.000000 1.000000 0.000000
f 325//325 326//326 327//327
v -12.326087 37.248942 -11.849214 0.710339 0.710339 0.710339
vn 0.000000 -1.000000 0.000000
v -12.364758 37.248942 -77.707082 0.710339 0.710339 0.710339
vn 0.000000 -1.000000 0.000000
v -12.377516 37.248942 -109.483155 0.710339 0.710339 0.710339
vn 0.000000 -1.000000 0.000000
f 328//328 329//329 330//330
v -12.326087 37.248942 -11.849214 0.710339 0.710339 0.710339
vn 1.000000 0.000000 -0.000527
v -12.377516 37.248942 -109.483155 0.710339 0.710339 0.710339
vn 1.000000 0.000000 -0.000527
v -12.377516 39.845190 -109.483155 0.710339 0.710339 0.710339
vn 1.000000 0.000000 -0.000527
f 331//331 332//332 333//333
v -12.326087 37.248942 -11.849214 0.710339 0.710339 0.710339
vn 1.000000 0.000001 -0.000527
v -12.377516 39.845190 -109.483155 0.710339 0.710339 0.710339
vn 1.000000 0.000001 -0.000527
v -12.332240 39.845190 -23.527857 0.710339 0.710339 0.710339
vn 1.000000 0.000001 -0.000527
f 334//334 335//335 336//336
v -12.326087 37.248942 -11.849214 0.710339 0.710339 0.710339
vn 1.000000 0.000000 -0.000527
v -12.332240 39.845190 -23.527857 0.710339 0.710339 0.710339
vn 1.000000 0.000000 -0.000527
v -12.326087 39.845190 -11.849214 0.710339 0.710339 0.710339
vn 1.000000 0.000000 -0.000527
f 337//337 338//338 339//339
v -15.326273 39.845190 -18.965076 0.710339 0.710339 0.710339
vn 0.000000 1.000000 0.000000
v -12.332240 39.845190 -23.527857 0.710339 0.710339 0.710339
vn 0.000000 1.000000 0.000000
v -12.377516 39.845190 -109.483155 0.710339 0.710339 0.710339
vn 0.000000 1.000000 0.000000
f 340//340 341//341 342//342
v -15.326273 39.845190 -18.965076 0.710339 0.710339 0.710339
vn 0.000000 1.000000 0.000000
v -12.377516 39.845190 -109.483155 0.710339 0.710339 0.710339
vn 0.000000 1.000000 0.000000
v -15.377114 39.845190 -115.480747 0.710339 0.710339 0.710339
vn 0.000000 1.000000 0.000000
f 343//343 344//344 345//345
v -15.256678 39.845190 76.017198 0.710339 0.710339 0.710339
vn 0.000000 0.000000 1.000000
v -20.787364 39.845190 76.017198 0.710339 0.710339 0.710339
vn 0.000000 0.000000 1.000000
v -20.787364 36.169592 76.017198 0.710339 0.710339 0.710339
vn 0.000000 0.000000 1.000000
f 346//346 347//347 348//348
v -15.256678 39.845190 76.017198 0.710339 0.710339 0.710339
vn 0.000000 0.000000 1.000000
v -20.787364 36.169592 76.017198 0.710339 0.710339 0.710339
vn 0.000000 0.000000 1.000000
v -15.256678 36.169592 76.017198 0.710339 0.710339 0.710339
vn 0.000000 0.000000 1.000000
f 349//349 350//350 351//351
v -15.377114 36.169592 -115.480747 0.710339 0.710339 0.710339
vn 0.000000 0.000000 -1.000000
v -15.377114 39.845190 -115.480747 0.710339 0.710339 0.710339
vn 0.000000 0.000000 -1.000000
v 15.377114 39.845190 -115.480747 0.710339 0.710339 0.710339
vn 0.000000 0.000000 -1.000000
f 352//352 353//353 354//354
v -15.377114 36.169592 -115.480747 0.710339 0.710339 0.710339
vn 0.000000 0.000000 -1.000000
v 15.377114 39.845190 -115.480747 0.710339 0.710339 0.710339
vn 0.000000 0.000000 -1.000000
v 15.377114 36.169592 -115.480747 0.710339 0.710339 0.710339
vn 0.000000 0.000000 -1.000000
f 355//355 356//356 357//357
v 0.000000 36.169592 76.017198 0.710339 0.710339 0.710339
vn 0.000000 0.000000 1.000000
v 15.256678 36.169592 76.017198 0.710339 0.710339 0.710339
vn 0.000000 0.000000 1.000000
v 15.256678 39.845190 76.017198 0.710339 0.710339 0.710339
vn 0.000000 0.000000 1.000000
f 358//358 359//359 360//360
v 0.000000 36.169592 76.017198 0.710339 0.710339 0.710339
vn 0.000000 0.000000 1.000000
v 15.256678 39.845190 76.017198 0.710339 0.710339 0.710339
vn 0.000000 0.000000 1.000000
v 0.000000 39.845190 76.017198 0.710339 0.710339 0.710339
vn 0.000000 0.000000 1.000000
f 361//361 362//362 363//363
v 15.261613 39.845190 69.569223 0.710339 0.710339 0.710339
vn 0.000000 1.000000 0.000000
v 15.256678 39.845190 76.017198 0.710339 0.710339 0.710339
vn 0.000000 1.000000 0.000000
v 20.787364 39.845190 76.017198 0.710339 0.710339 0.710339
vn 0.000000 1.000000 0.000000
f 364//364 365//365 366//366
v 15.261613 39.845190 69.569223 0.710339 0.710339 0.710339
vn 0.000000 1.000000 0.000000
v 20.787364 39.845190 76.017198 0.710339 0.710339 0.710339
vn 0.000000 1.000000 0.000000
v 20.792310 39.845190 69.569223 0.710339 0.710339 0.710339
vn 0.000000 1.000000 0.000000
f 367//367 368//368 369//369
v 15.256678 36.169592 76.017198 0.710339 0.710339 0.710339
vn 0.000000 -1.000000 0.000000
v 15.261613 36.169592 69.569223 0.710339 0.710339 0.710339
vn 0.000000 -1.000000 0.000000
v 20.792310 36.169592 69.569223 0.710339 0.710339 0.710339
vn 0.000000 -1.000000 0.000000
f 370//370 371//371 372//372
v 15.256678 36.169592 76.017198 0.710339 0.710339 0.710339
vn 0.000000 -1.000000 0.000000
v 20.792310 36.169592 69.569223 0.710339 0.710339 0.710339
vn 0.000000 -1.000000 0.000000
v 20.787364 36.169592 76.017198 0.710339 0.710339 0.710339
vn 0.000000 -1.000000 0.000000
f 373//373 374//374 375//375
v 20.787364 36.169592 76.017198 0.710339 0.710339 0.710339
vn 1.000000 0.000000 0.000767
v 20.792310 36.169592 69.569223 0.710339 0.710339 0.710339
vn 1.000000 0.000000 0.000767
v 20.792310 39.845190 69.569223 0.710339 0.710339 0.710339
vn 1.000000 0.000000 0.000767
f 376//376 377//377 378//378
v 20.787364 36.169592 76.017198 0.710339 0.710339 0.710339
vn 1.000000 0.000000 0.000767
v 20.792310 39.845190 69.569223 0.710339 0.710339 0.710339
vn 1.000000 0.000000 0.000767
v 20.787364 39.845190 76.017198 0.710339 0.710339 0.710339
vn 1.000000 0.000000 0.000767
f 379//379 380//380 381//381
v 18.443365 26.068236 84.145511 0.710339 0.710339 0.710339
vn 0.953501 0.301390 0.000730
v 18.448815 26.068236 77.031112 0.710339 0.710339 0.710339
vn 0.953501 0.301390 0.000730
v 15.261613 36.169592 69.569223 0.710339 0.710339 0.710339
vn 0.953501 0.301390 0.000730
f 382//382 383//383 384//384
v 18.443365 26.068236 84.145511 0.710339 0.710339 0.710339
vn 0.953501 0.301389 0.000730
v 15.261613 36.169592 69.569223 0.710339 0.710339 0.710339
vn 0.953501 0.301389 0.000730
v 15.256678 36.169592 76.017198 0.710339 0.710339 0.710339
vn 0.953501 0.301389 0.000730
f 385//385 386//386 387//387
v 15.326273 36.169592 -18.965076 0.710339 0.710339 0.710339
vn 1.000000 0.000000 0.000527
v 15.377114 36.169592 -115.480747 0.710339 0.710339 0.710339
vn 1.000000 0.000000 0.000527
v 15.377114 39.845190 -115.480747 0.710339 0.710339 0.710339
vn 1.000000 0.000000 0.000527
f 388//388 389//389 390//390
v 15.326273 36.169592 -18.965076 0.710339 0.710339 0.710339
vn 1.000000 0.000000 0.000527
v 15.377114 39.845190 -115.480747 0.710339 0.710339 0.710339
vn 1.000000 0.000000 0.000527
v 15.326273 39.845190 -18.965076 0.710339 0.710339 0.710339
vn 1.000000 0.000000 0.000527
f 391//391 392//392 393//393
v -15.377114 39.845190 -115.480747 0.710339 0.710339 0.710339
vn 0.000000 1.000000 0.000000
v -12.377516 39.845190 -109.483155 0.710339 0.710339 0.710339
vn 0.000000 1.000000 0.000000
v 12.377516 39.845190 -109.483155 0.710339 0.710339 0.710339
vn 0.000000 1.000000 0.000000
f 394//394 395//395 396//396
v -15.377114 39.845190 -115.480747 0.710339 0.710339 0.710339
vn 0.000000 1.000000 0.000000
v 12.377516 39.845190 -109.483155 0.710339 0.710339 0.710339
vn 0.000000 1.000000 0.000000
v 15.377114 39.845190 -115.480747 0.710339 0.710339 0.710339
vn 0.000000 1.000000 0.000000
f 397//397 398//398 399//399
v 8.323854 37.248942 -27.204430 0.710339 0.710339 0.710339
vn 0.000000 0.000000 1.000000
v 8.323854 42.584699 -27.204430 0.710339 0.710339 0.710339
vn 0.000000 0.000000 1.000000
v 6.447934 40.506443 -27.204430 0.710339 0.710339 0.710339
vn 0.000000 0.000000 1.000000
f 400//400 401//401 402//402
v 8.323854 37.248942 -27.204430 0.710339 0.710339 0.710339
vn 0.000000 0.000000 1.000000
v 6.447934 40.506443 -27.204430 0.710339 0.710339 0.710339
vn 0.000000 0.000000 1.000000
v 6.447934 37.248942 -27.204430 0.710339 0.710339 0.710339
vn 0.000000 0.000000 1.000000
f 403//403 404//404 405//405
v 6.447934 37.248942 -28.010162 0.710339 0.710339 0.710339
vn 0.000000 1.000000 0.000000
v -6.447934 37.248942 -28.010162 0.710339 0.710339 0.710339
vn 0.000000 1.000000 0.000000
v -6.447934 37.248942 -27.204430 0.710339 0.710339 0.710339
vn 0.000000 1.000000 0.000000
f 406//406 407//407 408//408
v 6.447934 37.248942 -28.010162 0.710339 0.710339 0.710339
vn 0.000000 1.000000 0.000000
v -6.447934 37.248942 -27.204430 0.710339 0.710339 0.710339
vn 0.000000 1.000000 0.000000
v 6.447934 37.248942 -27.204430 0.710339 0.710339 0.710339
vn 0.000000 1.000000 0.000000
f 409//409 410//410 411//411
v -8.323854 37.248942 -27.204430 0.710339 0.710339 0.710339
vn 0.000000 0.000000 1.000000
v -6.447934 37.248942 -27.204430 0.710339 0.710339 0.710339
vn 0.000000 0.000000 1.000000
v -6.447934 40.506443 -27.204430 0.710339 0.710339 0.710339
vn 0.000000 0.000000 1.000000
f 412//412 413//413 414//414
v -8.323854 37.248942 -27.204430 0.710339 0.710339 0.710339
vn 0.000000 0.000000 1.000000
v -6.447934 40.506443 -27.204430 0.710339 0.710339 0.710339
vn 0.000000 0.000000 1.000000
v -8.323854 42.584699 -27.204430 0.710339 0.710339 0.710339
vn 0.000000 0.000000 1.000000
f 415//415 416//416 417//417
v -12.326087 37.248942 -11.849214 0.710339 0.710339 0.710339
vn 0.000000 1.000000 0.000000
v -8.323854 37.248942 -27.204430 0.710339 0.710339 0.710339
vn 0.000000 1.000000 0.000000
v -8.350703 37.248942 -67.980498 0.710339 0.710339 0.710339
vn 0.000000 1.000000 0.000000
f 418//418 419//419 420//420
v -12.326087 37.248942 -11.849214 0.710339 0.710339 0.710339
vn 0.000000 1.000000 0.000000
v -8.350703 37.248942 -67.980498 0.710339 0.710339 0.710339
vn 0.000000 1.000000 0.000000
v -12.364758 37.248942 -77.707082 0.710339 0.710339 0.710339
vn 0.000000 1.000000 0.000000
f 421//421 422//422 423//423
v 12.326087 37.248942 -11.849214 0.710339 0.710339 0.710339
vn 0.000000 1.000000 0.000000
v 12.364758 37.248942 -77.707082 0.710339 0.710339 0.710339
vn 0.000000 1.000000 0.000000
v 8.350703 37.248942 -67.980498 0.710339 0.710339 0.710339
vn 0.000000 1.000000 0.000000
f 424//424 425//425 426//426
v 12.326087 37.248942 -11.849214 0.710339 0.710339 0.710339
vn 0.000000 1.000000 0.000000
v 8.350703 37.248942 -67.980498 0.710339 0.710339 0.710339
vn 0.000000 1.000000 0.000000
v 8.323854 37.248942 -27.204430 0.710339 0.710339 0.710339
vn 0.000000 1.000000 0.000000
f 427//427 428//428 429//429
v -18.576253 26.068236 -120.784306 0.710339 0.710339 0.710339
vn 0.000000 0.464858 -0.885385
v -15.377114 36.169592 -115.480747 0.710339 0.710339 0.710339
vn 0.000000 0.464858 -0.885385
v 15.377114 36.169592 -115.480747 0.710339 0.710339 0.710339
vn 0.000000 0.464858 -0.885385
f 430//430 431//431 432//432
v -18.576253 26.068236 -120.784306 0.710339 0.710339 0.710339
vn 0.000000 0.464858 -0.885385
v 15.377114 36.169592 -115.480747 0.710339 0.710339 0.710339
vn 0.000000 0.464858 -0.885385
v 18.576253 26.068236 -120.784306 0.710339 0.710339 0.710339
vn 0.000000 0.464858 -0.885385
f 433//433 434//434 435//435
v 15.256678 39.845190 76.017198 0.710339 0.710339 0.710339
vn 0.000000 0.000000 1.000000
v 15.256678 36.169592 76.017198 0.710339 0.710339 0.710339
vn 0.000000 0.000000 1.000000
v 20.787364 36.169592 76.017198 0.710339 0.710339 0.710339
vn 0.000000 0.000000 1.000000
f 436//436 437//437 438//438
v 15.256678 39.845190 76.017198 0.710339 0.710339 0.710339
vn 0.000000 0.000000 1.000000
v 20.787364 36.169592 76.017198 0.710339 0.710339 0.710339
vn 0.000000 0.000000 1.000000
v 20.787364 39.845190 76.017198 0.710339 0.710339 0.710339
vn 0.000000 0.000000 1.000000
f 439//439 440//440 441//441
v -12.377516 39.845190 -109.483155 0.710339 0.710339 0.710339
vn 0.000000 0.000000 1.000000
v -12.377516 37.248942 -109.483155 0.710339 0.710339 0.710339
vn 0.000000 0.000000 1.000000
v 12.377516 37.248942 -109.483155 0.710339 0.710339 0.710339
vn 0.000000 0.000000 1.000000
f 442//442 443//443 444//444
v -12.377516 39.845190 -109.483155 0.710339 0.710339 0.710339
vn 0.000000 0.000000 1.000000
v 12.377516 37.248942 -109.483155 0.710339 0.710339 0.710339
vn 0.000000 0.000000 1.000000
v 12.377516 39.845190 -109.483155 0.710339 0.710339 0.710339
vn 0.000000 0.000000 1.000000
f 445//445 446//446 447//447
v 8.323854 37.248942 -27.204430 0.710339 0.710339 0.710339
vn 1.000000 0.000000 0.000658
v 8.350703 37.248942 -67.980498 0.710339 0.710339 0.710339
vn 1.000000 0.000000 0.000658
v 8.350703 42.584699 -67.980498 0.710339 0.710339 0.710339
vn 1.000000 0.000000 0.000658
f 448//448 449//449 450//450
v 8.323854 37.248942 -27.204430 0.710339 0.710339 0.710339
vn 1.000000 0.000000 0.000658
v 8.350703 42.584699 -67.980498 0.710339 0.710339 0.710339
vn 1.000000 0.000000 0.000658
v 8.323854 42.584699 -27.204430 0.710339 0.710339 0.710339
vn 1.000000 0.000000 0.000658
f 451//451 452//452 453//453
v -8.323854 42.584699 -27.204430 0.710339 0.710339 0.710339
vn 0.000000 0.000000 1.000000
v -6.447934 40.506443 -27.204430 0.710339 0.710339 0.710339
vn 0.000000 0.000000 1.000000
v 6.447934 40.506443 -27.204430 0.710339 0.710339 0.710339
vn 0.000000 0.000000 1.000000
f 454//454 455//455 456//456
v -8.323854 42.584699 -27.204430 0.710339 0.710339 0.710339
vn 0.000000 0.000000 1.000000
v 6.447934 40.506443 -27.204430 0.710339 0.710339 0.710339
vn 0.000000 0.000000 1.000000
v 8.323854 42.584699 -27.204430 0.710339 0.710339 0.710339
vn 0.000000 0.000000 1.000000
f 457//457 458//458 459//459
v 6.447934 37.248942 -27.204430 0.710339 0.710339 0.710339
vn -1.000000 0.000000 0.000000
v 6.447934 40.506443 -27.204430 0.710339 0.710339 0.710339
vn -1.000000 0.000000 0.000000
v 6.447934 40.506443 -28.010162 0.710339 0.710339 0.710339
vn -1.000000 0.000000 0.000000
f 460//460 461//461 462//462
v 6.447934 37.248942 -27.204430 0.710339 0.710339 0.710339
vn -1.000000 0.000000 0.000000
v 6.447934 40.506443 -28.010162 0.710339 0.710339 0.710339
vn -1.000000 0.000000 0.000000
v 6.447934 37.248942 -28.010162 0.710339 0.710339 0.710339
vn -1.000000 0.000000 0.000000
f 463//463 464//464 465//465
v 6.447934 40.506443 -28.010162 0.710339 0.710339 0.710339
vn 0.000000 0.000000 1.000000
v -6.447934 40.506443 -28.010162 0.710339 0.710339 0.710339
vn 0.000000 0.000000 1.000000
v -6.447934 37.248942 -28.010162 0.710339 0.710339 0.710339
vn 0.000000 0.000000 1.000000
f 466//466 467//467 468//468
v 6.447934 40.506443 -28.010162 0.710339 0.710339 0.710339
vn 0.000000 0.000000 1.000000
v -6.447934 37.248942 -28.010162 0.710339 0.710339 0.710339
vn 0.000000 0.000000 1.000000
v 6.447934 37.248942 -28.010162 0.710339 0.710339 0.710339
vn 0.000000 0.000000 1.000000
f 469//469 470//470 471//471
v -6.447934 37.248942 -27.204430 0.710339 0.710339 0.710339
vn 1.000000 0.000000 0.000000
v -6.447934 37.248942 -28.010162 0.710339 0.710339 0.710339
vn 1.000000 0.000000 0.000000
v -6.447934 40.506443 -28.010162 0.710339 0.710339 0.710339
vn 1.000000 0.000000 0.000000
f 472//472 473//473 474//474
v -6.447934 37.248942 -27.204430 0.710339 0.710339 0.710339
vn 1.000000 0.000000 0.000000
v -6.447934 40.506443 -28.010162 0.710339 0.710339 0.710339
vn 1.000000 0.000000 0.000000
v -6.447934 40.506443 -27.204430 0.710339 0.710339 0.710339
vn 1.000000 0.000000 0.000000
f 475//475 476//476 477//477
v -8.323854 37.248942 -27.204430 0.710339 0.710339 0.710339
vn -1.000000 0.000000 0.000658
v -8.323854 42.584699 -27.204430 0.710339 0.710339 0.710339
vn -1.000000 0.000000 0.000658
v -8.350703 42.584699 -67.980498 0.710339 0.710339 0.710339
vn -1.000000 0.000000 0.000658
f 478//478 479//479 480//480
v -8.323854 37.248942 -27.204430 0.710339 0.710339 0.710339
vn -1.000000 0.000000 0.000658
v -8.350703 42.584699 -67.980498 0.710339 0.710339 0.710339
vn -1.000000 0.000000 0.000658
v -8.350703 37.248942 -67.980498 0.710339 0.710339 0.710339
vn -1.000000 0.000000 0.000658
f 481//481 482//482 483//483
v -12.364758 37.248942 -77.707082 0.710339 0.710339 0.710339
vn 0.000000 1.000000 0.000000
v -8.350703 37.248942 -67.980498 0.710339 0.710339 0.710339
vn 0.000000 1.000000 0.000000
v 8.350703 37.248942 -67.980498 0.710339 0.710339 0.710339
vn 0.000000 1.000000 0.000000
f 484//484 485//485 486//486
v -12.364758 37.248942 -77.707082 0.710339 0.710339 0.710339
vn 0.000000 1.000000 0.000000
v 8.350703 37.248942 -67.980498 0.710339 0.710339 0.710339
vn 0.000000 1.000000 0.000000
v 12.364758 37.248942 -77.707082 0.710339 0.710339 0.710339
vn 0.000000 1.000000 0.000000
f 487//487 488//488 489//489
v -17.756634 26.068236 -123.609060 0.710339 0.710339 0.710339
vn 0.000000 1.000000 0.000000
v -18.576253 26.068236 -120.784306 0.710339 0.710339 0.710339
vn 0.000000 1.000000 0.000000
v 18.576253 26.068236 -120.784306 0.710339 0.710339 0.710339
vn 0.000000 1.000000 0.000000
f 490//490 491//491 492//492
v -17.756634 26.068236 -123.609060 0.710339 0.710339 0.710339
vn 0.000000 1.000000 0.000000
v 18.576253 26.068236 -120.784306 0.710339 0.710339 0.710339
vn 0.000000 1.000000 0.000000
v 17.756634 26.068236 -123.609060 0.710339 0.710339 0.710339
vn 0.000000 1.000000 0.000000
f 493//493 494//494 495//495
v -12.377516 37.248942 -109.483155 0.710339 0.710339 0.710339
vn 0.000000 1.000000 0.000000
v -4.806018 37.248942 -106.045168 0.710339 0.710339 0.710339
vn 0.000000 1.000000 0.000000
v 4.806018 37.248942 -106.045168 0.710339 0.710339 0.710339
vn 0.000000 1.000000 0.000000
f 496//496 497//497 498//498
v -12.377516 37.248942 -109.483155 0.710339 0.710339 0.710339
vn 0.000000 1.000000 0.000000
v 4.806018 37.248942 -106.045168 0.710339 0.710339 0.710339
vn 0.000000 1.000000 0.000000
v 12.377516 37.248942 -109.483155 0.710339 0.710339 0.710339
vn 0.000000 1.000000 0.000000
f 499//499 500//500 501//501
v 12.364758 37.248942 -77.707082 0.710339 0.710339 0.710339
vn 0.000000 1.000000 0.000000
v 12.377516 37.248942 -109.483155 0.710339 0.710339 0.710339
vn 0.000000 1.000000 0.000000
v 4.806018 37.248942 -106.045168 0.710339 0.710339 0.710339
vn 0.000000 1.000000 0.000000
f 502//502 503//503 504//504
v 12.364758 37.248942 -77.707082 0.710339 0.710339 0.710339
vn 0.000000 1.000000 0.000000
v 4.806018 37.248942 -106.045168 0.710339 0.710339 0.710339
vn 0.000000 1.000000 0.000000
v 4.799644 37.248942 -81.145052 0.710339 0.710339 0.710339
vn 0.000000 1.000000 0.000000
f 505//505 506//506 507//507
v -8.350703 37.248942 -67.980498 0.710339 0.710339 0.710339
vn 0.000000 0.000000 -1.000000
v -8.350703 42.584699 -67.980498 0.710339 0.710339 0.710339
vn 0.000000 0.000000 -1.000000
v 8.350703 42.584699 -67.980498 0.710339 0.710339 0.710339
vn 0.000000 0.000000 -1.000000
f 508//508 509//509 510//510
v -8.350703 37.248942 -67.980498 0.710339 0.710339 0.710339
vn 0.000000 0.000000 -1.000000
v 8.350703 42.584699 -67.980498 0.710339 0.710339 0.710339
vn 0.000000 0.000000 -1.000000
v 8.350703 37.248942 -67.980498 0.710339 0.710339 0.710339
vn 0.000000 0.000000 -1.000000
f 511//511 512//512 513//513
v 8.323854 42.584699 -27.204430 0.710339 0.710339 0.710339
vn 0.002109 -0.999998 0.000001
v 8.350703 42.584699 -67.980498 0.710339 0.710339 0.710339
vn 0.002109 -0.999998 0.000001
v 9.856287 42.587871 -69.898554 0.710339 0.710339 0.710339
vn 0.002109 -0.999998 0.000001
f 514//514 515//515 516//516
v 8.323854 42.584699 -27.204430 0.710339 0.710339 0.710339
vn 0.002119 -0.999998 0.000002
v 9.856287 42.587871 -69.898554 0.710339 0.710339 0.710339
vn 0.002119 -0.999998 0.000002
v 9.819401 42.587871 -25.286374 0.710339 0.710339 0.710339
vn 0.002119 -0.999998 0.000002
f 517//517 518//518 519//519
v 9.819401 42.587871 -25.286374 0.710339 0.710339 0.710339
vn 0.000000 -0.999999 0.001654
v -9.819401 42.587871 -25.286374 0.710339 0.710339 0.710339
vn 0.000000 -0.999999 0.001654
v -8.323854 42.584699 -27.204430 0.710339 0.710339 0.710339
vn 0.000000 -0.999999 0.001654
f 520//520 521//521 522//522
v 9.819401 42.587871 -25.286374 0.710339 0.710339 0.710339
vn 0.000000 -0.999999 0.001654
v -8.323854 42.584699 -27.204430 0.710339 0.710339 0.710339
vn 0.000000 -0.999999 0.001654
v 8.323854 42.584699 -27.204430 0.710339 0.710339 0.710339
vn 0.000000 -0.999999 0.001654
f 523//523 524//524 525//525
v -6.447934 40.506443 -27.204430 0.710339 0.710339 0.710339
vn 0.000000 -1.000000 0.000000
v -6.447934 40.506443 -28.010162 0.710339 0.710339 0.710339
vn 0.000000 -1.000000 0.000000
v 6.447934 40.506443 -28.010162 0.710339 0.710339 0.710339
vn 0.000000 -1.000000 0.000000
f 526//526 527//527 528//528
v -6.447934 40.506443 -27.204430 0.710339 0.710339 0.710339
vn 0.000000 -1.000000 0.000000
v 6.447934 40.506443 -28.010162 0.710339 0.710339 0.710339
vn 0.000000 -1.000000 0.000000
v 6.447934 40.506443 -27.204430 0.710339 0.710339 0.710339
vn 0.000000 -1.000000 0.000000
f 529//529 530//530 531//531
v -8.323854 42.584699 -27.204430 0.710339 0.710339 0.710339
vn -0.002119 -0.999998 0.000002
v -9.819401 42.587871 -25.286374 0.710339 0.710339 0.710339
vn -0.002119 -0.999998 0.000002
v -9.856287 42.587871 -69.898554 0.710339 0.710339 0.710339
vn -0.002119 -0.999998 0.000002
f 532//532 533//533 534//534
v -8.323854 42.584699 -27.204430 0.710339 0.710339 0.710339
vn -0.002109 -0.999998 0.000001
v -9.856287 42.587871 -69.898554 0.710339 0.710339 0.710339
vn -0.002109 -0.999998 0.000001
v -8.350703 42.584699 -67.980498 0.710339 0.710339 0.710339
vn -0.002109 -0.999998 0.000001
f 535//535 536//536 537//537
v 4.799644 37.248942 -81.145052 0.710339 0.710339 0.710339
vn 0.000000 1.000000 0.000000
v -4.799644 37.248942 -81.145052 0.710339 0.710339 0.710339
vn 0.000000 1.000000 0.000000
v -12.364758 37.248942 -77.707082 0.710339 0.710339 0.710339
vn 0.000000 1.000000 0.000000
f 538//538 539//539 540//540
v 4.799644 37.248942 -81.145052 0.710339 0.710339 0.710339
vn 0.000000 1.000000 0.000000
v -12.364758 37.248942 -77.707082 0.710339 0.710339 0.710339
vn 0.000000 1.000000 0.000000
v 12.364758 37.248942 -77.707082 0.710339 0.710339 0.710339
vn 0.000000 1.000000 0.000000
f 541//541 542//542 543//543
v -12.364758 37.248942 -77.707082 0.710339 0.710339 0.710339
vn 0.000000 1.000000 0.000000
v -4.799644 37.248942 -81.145052 0.710339 0.710339 0.710339
vn 0.000000 1.000000 0.000000
v -4.806018 37.248942 -106.045168 0.710339 0.710339 0.710339
vn 0.000000 1.000000 0.000000
f 544//544 545//545 546//546
v -12.364758 37.248942 -77.707082 0.710339 0.710339 0.710339
vn 0.000000 1.000000 0.000000
v -4.806018 37.248942 -106.045168 0.710339 0.710339 0.710339
vn 0.000000 1.000000 0.000000
v -12.377516 37.248942 -109.483155 0.710339 0.710339 0.710339
vn 0.000000 1.000000 0.000000
f 547//547 548//548 549//549
v 17.756634 23.625418 -123.609060 0.710339 0.710339 0.710339
vn 0.000000 0.000000 -1.000000
v -17.756634 23.625418 -123.609060 0.710339 0.710339 0.710339
vn 0.000000 0.000000 -1.000000
v -17.756634 26.068236 -123.609060 0.710339 0.710339 0.710339
vn 0.000000 0.000000 -1.000000
f 550//550 551//551 552//552
v 17.756634 23.625418 -123.609060 0.710339 0.710339 0.710339
vn 0.000000 0.000000 -1.000000
v -17.756634 26.068236 -123.609060 0.710339 0.710339 0.710339
vn 0.000000 0.000000 -1.000000
v 17.756634 26.068236 -123.609060 0.710339 0.710339 0.710339
vn 0.000000 0.000000 -1.000000
f 553//553 554//554 555//555
v -8.350703 42.584699 -67.980498 0.710339 0.710339 0.710339
vn 0.000000 -0.999999 -0.001654
v -9.856287 42.587871 -69.898554 0.710339 0.710339 0.710339
vn 0.000000 -0.999999 -0.001654
v 9.856287 42.587871 -69.898554 0.710339 0.710339 0.710339
vn 0.000000 -0.999999 -0.001654
f 556//556 557//557 558//558
v -8.350703 42.584699 -67.980498 0.710339 0.710339 0.710339
vn 0.000000 -0.999999 -0.001654
v 9.856287 42.587871 -69.898554 0.710339 0.710339 0.710339
vn 0.000000 -0.999999 -0.001654
v 8.350703 42.584699 -67.980498 0.710339 0.710339 0.710339
vn 0.000000 -0.999999 -0.001654
f 559//559 560//560 561//561
v 9.819401 42.587871 -25.286374 0.710339 0.710339 0.710339
vn 1.000000 0.000000 0.000827
v 9.856287 42.587871 -69.898554 0.710339 0.710339 0.710339
vn 1.000000 0.000000 0.000827
v 9.856287 44.381852 -69.898554 0.710339 0.710339 0.710339
vn 1.000000 0.000000 0.000827
f 562//562 563//563 564//564
v 9.819401 42.587871 -25.286374 0.710339 0.710339 0.710339
vn 1.000000 0.000000 0.000827
v 9.856287 44.381852 -69.898554 0.710339 0.710339 0.710339
vn 1.000000 0.000000 0.000827
v 9.819401 44.381852 -25.286374 0.710339 0.710339 0.710339
vn 1.000000 0.000000 0.000827
f 565//565 566//566 567//567
v 9.819401 44.381852 -25.286374 0.710339 0.710339 0.710339
vn 0.000000 0.000000 1.000000
v -9.819401 44.381852 -25.286374 0.710339 0.710339 0.710339
vn 0.000000 0.000000 1.000000
v -9.819401 42.587871 -25.286374 0.710339 0.710339 0.710339
vn 0.000000 0.000000 1.000000
f 568//568 569//569 570//570
v 9.819401 44.381852 -25.286374 0.710339 0.710339 0.710339
vn 0.000000 0.000000 1.000000
v -9.819401 42.587871 -25.286374 0.710339 0.710339 0.710339
vn 0.000000 0.000000 1.000000
v 9.819401 42.587871 -25.286374 0.710339 0.710339 0.710339
vn 0.000000 0.000000 1.000000
f 571//571 572//572 573//573
v -9.819401 42.587871 -25.286374 0.710339 0.710339 0.710339
vn -1.000000 0.000000 0.000827
v -9.819401 44.381852 -25.286374 0.710339 0.710339 0.710339
vn -1.000000 0.000000 0.000827
v -9.856287 44.381852 -69.898554 0.710339 0.710339 0.710339
vn -1.000000 0.000000 0.000827
f 574//574 575//575 576//576
v -9.819401 42.587871 -25.286374 0.710339 0.710339 0.710339
vn -1.000000 0.000000 0.000827
v -9.856287 44.381852 -69.898554 0.710339 0.710339 0.710339
vn -1.000000 0.000000 0.000827
v -9.856287 42.587871 -69.898554 0.710339 0.710339 0.710339
vn -1.000000 0.000000 0.000827
f 577//577 578//578 579//579
v -21.000000 15.299389 77.031096 0.710339 0.710339 0.710339
vn -1.000000 0.000000 0.000000
v -21.000000 15.299389 84.145511 0.710339 0.710339 0.710339
vn -1.000000 0.000000 0.000000
v -21.000000 26.068236 84.145511 0.710339 0.710339 0.710339
vn -1.000000 0.000000 0.000000
f 580//580 581//581 582//582
v -21.000000 15.299389 77.031096 0.710339 0.710339 0.710339
vn -1.000000 0.000000 0.000000
v -21.000000 26.068236 84.145511 0.710339 0.710339 0.710339
vn -1.000000 0.000000 0.000000
v -21.000000 26.068236 77.031096 0.710339 0.710339 0.710339
vn -1.000000 0.000000 0.000000
f 583//583 584//584 585//585
v -21.000000 15.299389 -20.230720 0.710339 0.710339 0.710339
vn -0.868602 -0.495511 0.000000
v -18.427521 10.789983 -20.230720 0.710339 0.710339 0.710339
vn -0.868602 -0.495511 0.000000
v -18.427521 10.789983 -6.184827 0.710339 0.710339 0.710339
vn -0.868602 -0.495511 0.000000
f 586//586 587//587 588//588
v -21.000000 15.299389 -20.230720 0.710339 0.710339 0.710339
vn -0.868602 -0.495511 0.000000
v -18.427521 10.789983 -6.184827 0.710339 0.710339 0.710339
vn -0.868602 -0.495511 0.000000
v -21.000000 15.299389 -6.184827 0.710339 0.710339 0.710339
vn -0.868602 -0.495511 0.000000
f 589//589 590//590 591//591
v -17.763217 26.067231 88.107610 0.710339 0.710339 0.710339
vn 0.000000 0.000000 1.000000
v -17.763217 24.159038 88.107610 0.710339 0.710339 0.710339
vn 0.000000 0.000000 1.000000
v 0.000000 24.159038 88.107610 0.710339 0.710339 0.710339
vn 0.000000 0.000000 1.000000
f 592//592 593//593 594//594
v -17.763217 26.067231 88.107610 0.710339 0.710339 0.710339
vn 0.000000 0.000000 1.000000
v 0.000000 24.159038 88.107610 0.710339 0.710339 0.710339
vn 0.000000 0.000000 1.000000
v 0.000000 26.067231 88.107610 0.710339 0.710339 0.710339
vn 0.000000 0.000000 1.000000
f 595//595 596//596 597//597
v -9.856287 42.587871 -69.898554 0.710339 0.710339 0.710339
vn 0.000000 0.000000 -1.000000
v -9.856287 44.381852 -69.898554 0.710339 0.710339 0.710339
vn 0.000000 0.000000 -1.000000
v 9.856287 44.381852 -69.898554 0.710339 0.710339 0.710339
vn 0.000000 0.000000 -1.000000
f 598//598 599//599 600//600
v -9.856287 42.587871 -69.898554 0.710339 0.710339 0.710339
vn 0.000000 0.000000 -1.000000
v 9.856287 44.381852 -69.898554 0.710339 0.710339 0.710339
vn 0.000000 0.000000 -1.000000
v 9.856287 42.587871 -69.898554 0.710339 0.710339 0.710339
vn 0.000000 0.000000 -1.000000
f 601//601 602//602 603//603
v 8.350703 44.385024 -67.980498 0.710339 0.710339 0.710339
vn 0.002120 0.999998 0.000001
v 8.323854 44.385024 -27.204430 0.710339 0.710339 0.710339
vn 0.002120 0.999998 0.000001
v 9.819401 44.381852 -25.286374 0.710339 0.710339 0.710339
vn 0.002120 0.999998 0.000001
f 604//604 605//605 606//606
v 8.350703 44.385024 -67.980498 0.710339 0.710339 0.710339
vn 0.002110 0.999998 0.000002
v 9.819401 44.381852 -25.286374 0.710339 0.710339 0.710339
vn 0.002110 0.999998 0.000002
v 9.856287 44.381852 -69.898554 0.710339 0.710339 0.710339
vn 0.002110 0.999998 0.000002
f 607//607 608//608 609//609
v -8.323854 44.385024 -27.204430 0.710339 0.710339 0.710339
vn 0.000000 0.999999 0.001654
v -9.819401 44.381852 -25.286374 0.710339 0.710339 0.710339
vn 0.000000 0.999999 0.001654
v 9.819401 44.381852 -25.286374 0.710339 0.710339 0.710339
vn 0.000000 0.999999 0.001654
f 610//610 611//611 612//612
v -8.323854 44.385024 -27.204430 0.710339 0.710339 0.710339
vn 0.000000 0.999999 0.001654
v 9.819401 44.381852 -25.286374 0.710339 0.710339 0.710339
vn 0.000000 0.999999 0.001654
v 8.323854 44.385024 -27.204430 0.710339 0.710339 0.710339
vn 0.000000 0.999999 0.001654
f 613//613 614//614 615//615
v -8.350703 44.385024 -67.980498 0.710339 0.710339 0.710339
vn -0.002110 0.999998 0.000002
v -9.856287 44.381852 -69.898554 0.710339 0.710339 0.710339
vn -0.002110 0.999998 0.000002
v -9.819401 44.381852 -25.286374 0.710339 0.710339 0.710339
vn -0.002110 0.999998 0.000002
f 616//616 617//617 618//618
v -8.350703 44.385024 -67.980498 0.710339 0.710339 0.710339
vn -0.002120 0.999998 0.000001
v -9.819401 44.381852 -25.286374 0.710339 0.710339 0.710339
vn -0.002120 0.999998 0.000001
v -8.323854 44.385024 -27.204430 0.710339 0.710339 0.710339
vn -0.002120 0.999998 0.000001
f 619//619 620//620 621//621
v -21.000000 15.299389 77.031096 0.710339 0.710339 0.710339
vn -0.868602 -0.495511 0.000000
v -18.427521 10.789983 77.031096 0.710339 0.710339 0.710339
vn -0.868602 -0.495511 0.000000
v -18.427521 10.789983 84.145511 0.710339 0.710339 0.710339
vn -0.868602 -0.495511 0.000000
f 622//622 623//623 624//624
v -21.000000 15.299389 77.031096 0.710339 0.710339 0.710339
vn -0.868602 -0.495511 0.000000
v -18.427521 10.789983 84.145511 0.710339 0.710339 0.710339
vn -0.868602 -0.495511 0.000000
v -21.000000 15.299389 84.145511 0.710339 0.710339 0.710339
vn -0.868602 -0.495511 0.000000
f 625//625 626//626 627//627
v -21.000000 15.299389 84.145511 0.710339 0.710339 0.710339
vn -0.982613 0.000000 0.185666
v -14.534909 17.678878 118.361117 0.710339 0.710339 0.710339
vn -0.982613 0.000000 0.185666
v -14.534909 26.068236 118.361117 0.710339 0.710339 0.710339
vn -0.982613 0.000000 0.185666
f 628//628 629//629 630//630
v -21.000000 15.299389 84.145511 0.710339 0.710339 0.710339
vn -0.982613 0.000000 0.185666
v -14.534909 26.068236 118.361117 0.710339 0.710339 0.710339
vn -0.982613 0.000000 0.185666
v -21.000000 26.068236 84.145511 0.710339 0.710339 0.710339
vn -0.982613 0.000000 0.185666
f 631//631 632//632 633//633
v -21.000000 15.299389 -123.609060 0.710339 0.710339 0.710339
vn -0.988340 0.000000 -0.152266
v -21.000000 26.068236 -123.609060 0.710339 0.710339 0.710339
vn -0.988340 0.000000 -0.152266
v -19.260969 26.068571 -134.896905 0.710339 0.710339 0.710339
vn -0.988340 0.000000 -0.152266
f 634//634 635//635 636//636
v -21.000000 15.299389 -123.609060 0.710339 0.710339 0.710339
vn -0.956095 -0.123952 -0.265554
v -19.260969 26.068571 -134.896905 0.710339 0.710339 0.710339
vn -0.956095 -0.123952 -0.265554
v -18.254680 15.299389 -133.493238 0.710339 0.710339 0.710339
vn -0.956095 -0.123952 -0.265554
f 637//637 638//638 639//639
v -14.534909 26.068236 118.361117 0.710339 0.710339 0.710339
vn 0.000404 1.000000 -0.000076
v -12.191056 26.067231 117.597552 0.710339 0.710339 0.710339
vn 0.000404 1.000000 -0.000076
v -17.763217 26.067231 88.107610 0.710339 0.710339 0.710339
vn 0.000404 1.000000 -0.000076
f 640//640 641//641 642//642
v -14.534909 26.068236 118.361117 0.710339 0.710339 0.710339
vn 0.000404 1.000000 -0.000076
v -17.763217 26.067231 88.107610 0.710339 0.710339 0.710339
vn 0.000404 1.000000 -0.000076
v -21.000000 26.068236 84.145511 0.710339 0.710339 0.710339
vn 0.000404 1.000000 -0.000076
f 643//643 644//644 645//645
v -12.191056 26.067231 117.597552 0.710339 0.710339 0.710339
vn 0.982613 0.000000 -0.185666
v -12.191056 24.159038 117.597552 0.710339 0.710339 0.710339
vn 0.982613 0.000000 -0.185666
v -17.763217 24.159038 88.107610 0.710339 0.710339 0.710339
vn 0.982613 0.000000 -0.185666
f 646//646 647//647 648//648
v -12.191056 26.067231 117.597552 0.710339 0.710339 0.710339
vn 0.982613 0.000000 -0.185666
v -17.763217 24.159038 88.107610 0.710339 0.710339 0.710339
vn 0.982613 0.000000 -0.185666
v -17.763217 26.067231 88.107610 0.710339 0.710339 0.710339
vn 0.982613 0.000000 -0.185666
f 649//649 650//650 651//651
v -17.763217 24.159038 88.107610 0.710339 0.710339 0.710339
vn 0.000000 1.000000 0.000000
v -12.191056 24.159038 117.597552 0.710339 0.710339 0.710339
vn 0.000000 1.000000 0.000000
v 0.000000 24.159038 117.597552 0.710339 0.710339 0.710339
vn 0.000000 1.000000 0.000000
f 652//652 653//653 654//654
v -17.763217 24.159038 88.107610 0.710339 0.710339 0.710339
vn 0.000000 1.000000 0.000000
v 0.000000 24.159038 117.597552 0.710339 0.710339 0.710339
vn 0.000000 1.000000 0.000000
v 0.000000 24.159038 88.107610 0.710339 0.710339 0.710339
vn 0.000000 1.000000 0.000000
f 655//655 656//656 657//657
v 17.763217 26.067231 88.107610 0.710339 0.710339 0.710339
vn 0.000000 0.000000 1.000000
v 0.000000 26.067231 88.107610 0.710339 0.710339 0.710339
vn 0.000000 0.000000 1.000000
v 0.000000 24.159038 88.107610 0.710339 0.710339 0.710339
vn 0.000000 0.000000 1.000000
f 658//658 659//659 660//660
v 17.763217 26.067231 88.107610 0.710339 0.710339 0.710339
vn 0.000000 0.000000 1.000000
v 0.000000 24.159038 88.107610 0.710339 0.710339 0.710339
vn 0.000000 0.000000 1.000000
v 17.763217 24.159038 88.107610 0.710339 0.710339 0.710339
vn 0.000000 0.000000 1.000000
f 661//661 662//662 663//663
v 16.861866 26.069803 -133.755045 0.710339 0.710339 0.710339
vn -0.992973 0.059976 0.102019
v 16.861866 23.682155 -132.351378 0.710339 0.710339 0.710339
vn -0.992973 0.059976 0.102019
v 17.756634 23.625418 -123.609060 0.710339 0.710339 0.710339
vn -0.992973 0.059976 0.102019
f 664//664 665//665 666//666
v 16.861866 26.069803 -133.755045 0.710339 0.710339 0.710339
vn -0.996134 0.000000 0.087848
v 17.756634 23.625418 -123.609060 0.710339 0.710339 0.710339
vn -0.996134 0.000000 0.087848
v 17.756634 26.068236 -123.609060 0.710339 0.710339 0.710339
vn -0.996134 0.000000 0.087848
f 667//667 668//668 669//669
v -16.861866 23.682155 -132.351378 0.710339 0.710339 0.710339
vn 0.000000 0.999979 0.006490
v -17.756634 23.625418 -123.609060 0.710339 0.710339 0.710339
vn 0.000000 0.999979 0.006490
v 17.756634 23.625418 -123.609060 0.710339 0.710339 0.710339
vn 0.000000 0.999979 0.006490
f 670//670 671//671 672//672
v -16.861866 23.682155 -132.351378 0.710339 0.710339 0.710339
vn 0.000000 0.999979 0.006490
v 17.756634 23.625418 -123.609060 0.710339 0.710339 0.710339
vn 0.000000 0.999979 0.006490
v 16.861866 23.682155 -132.351378 0.710339 0.710339 0.710339
vn 0.000000 0.999979 0.006490
f 673//673 674//674 675//675
v -16.861866 23.682155 -132.351378 0.710339 0.710339 0.710339
vn 0.000000 1.000000 0.000000
v 16.861866 23.682155 -132.351378 0.710339 0.710339 0.710339
vn 0.000000 1.000000 0.000000
v 0.000000 23.682155 -133.625700 0.710339 0.710339 0.710339
vn 0.000000 1.000000 0.000000
f 676//676 677//677 678//678
v -16.861866 26.069803 -133.755045 0.710339 0.710339 0.710339
vn 0.996134 0.000000 0.087848
v -17.756634 26.068236 -123.609060 0.710339 0.710339 0.710339
vn 0.996134 0.000000 0.087848
v -17.756634 23.625418 -123.609060 0.710339 0.710339 0.710339
vn 0.996134 0.000000 0.087848
f 679//679 680//680 681//681
v -16.861866 26.069803 -133.755045 0.710339 0.710339 0.710339
vn 0.992973 0.059976 0.102019
v -17.756634 23.625418 -123.609060 0.710339 0.710339 0.710339
vn 0.992973 0.059976 0.102019
v -16.861866 23.682155 -132.351378 0.710339 0.710339 0.710339
vn 0.992973 0.059976 0.102019
f 682//682 683//683 684//684
v 21.000000 15.299389 77.031096 0.710339 0.710339 0.710339
vn 1.000000 0.000000 0.000000
v 21.000000 26.068236 77.031096 0.710339 0.710339 0.710339
vn 1.000000 0.000000 0.000000
v 21.000000 26.068236 84.145511 0.710339 0.710339 0.710339
vn 1.000000 0.000000 0.000000
f 685//685 686//686 687//687
v 21.000000 15.299389 77.031096 0.710339 0.710339 0.710339
vn 1.000000 0.000000 0.000000
v 21.000000 26.068236 84.145511 0.710339 0.710339 0.710339
vn 1.000000 0.000000 0.000000
v 21.000000 15.299389 84.145511 0.710339 0.710339 0.710339
vn 1.000000 0.000000 0.000000
f 688//688 689//689 690//690
v 21.000000 15.299389 -20.230720 0.710339 0.710339 0.710339
vn 0.868602 -0.495511 0.000000
v 21.000000 15.299389 -6.184827 0.710339 0.710339 0.710339
vn 0.868602 -0.495511 0.000000
v 18.427521 10.789983 -6.184827 0.710339 0.710339 0.710339
vn 0.868602 -0.495511 0.000000
f 691//691 692//692 693//693
v 21.000000 15.299389 -20.230720 0.710339 0.710339 0.710339
vn 0.868602 -0.495511 0.000000
v 18.427521 10.789983 -6.184827 0.710339 0.710339 0.710339
vn 0.868602 -0.495511 0.000000
v 18.427521 10.789983 -20.230720 0.710339 0.710339 0.710339
vn 0.868602 -0.495511 0.000000
f 694//694 695//695 696//696
v 9.856287 44.381852 -69.898554 0.710339 0.710339 0.710339
vn 0.000000 0.999999 -0.001654
v -9.856287 44.381852 -69.898554 0.710339 0.710339 0.710339
vn 0.000000 0.999999 -0.001654
v -8.350703 44.385024 -67.980498 0.710339 0.710339 0.710339
vn 0.000000 0.999999 -0.001654
f 697//697 698//698 699//699
v 9.856287 44.381852 -69.898554 0.710339 0.710339 0.710339
vn 0.000000 0.999999 -0.001654
v -8.350703 44.385024 -67.980498 0.710339 0.710339 0.710339
vn 0.000000 0.999999 -0.001654
v 8.350703 44.385024 -67.980498 0.710339 0.710339 0.710339
vn 0.000000 0.999999 -0.001654
f 700//700 701//701 702//702
v 8.323854 44.385024 -27.204430 0.710339 0.710339 0.710339
vn 1.000000 0.000000 0.000658
v 8.350703 44.385024 -67.980498 0.710339 0.710339 0.710339
vn 1.000000 0.000000 0.000658
v 8.350703 45.363040 -67.980498 0.710339 0.710339 0.710339
vn 1.000000 0.000000 0.000658
f 703//703 704//704 705//705
v 8.323854 44.385024 -27.204430 0.710339 0.710339 0.710339
vn 1.000000 0.000000 0.000658
v 8.350703 45.363040 -67.980498 0.710339 0.710339 0.710339
vn 1.000000 0.000000 0.000658
v 8.323854 45.363040 -27.204430 0.710339 0.710339 0.710339
vn 1.000000 0.000000 0.000658
f 706//706 707//707 708//708
v 8.323854 45.363040 -27.204430 0.710339 0.710339 0.710339
vn 0.000000 0.000000 1.000000
v -8.323854 45.363040 -27.204430 0.710339 0.710339 0.710339
vn 0.000000 0.000000 1.000000
v -8.323854 44.385024 -27.204430 0.710339 0.710339 0.710339
vn 0.000000 0.000000 1.000000
f 709//709 710//710 711//711
v 8.323854 45.363040 -27.204430 0.710339 0.710339 0.710339
vn 0.000000 0.000000 1.000000
v -8.323854 44.385024 -27.204430 0.710339 0.710339 0.710339
vn 0.000000 0.000000 1.000000
v 8.323854 44.385024 -27.204430 0.710339 0.710339 0.710339
vn 0.000000 0.000000 1.000000
f 712//712 713//713 714//714
v -8.323854 44.385024 -27.204430 0.710339 0.710339 0.710339
vn -1.000000 0.000000 0.000658
v -8.323854 45.363040 -27.204430 0.710339 0.710339 0.710339
vn -1.000000 0.000000 0.000658
v -8.350703 45.363040 -67.980498 0.710339 0.710339 0.710339
vn -1.000000 0.000000 0.000658
f 715//715 716//716 717//717
v -8.323854 44.385024 -27.204430 0.710339 0.710339 0.710339
vn -1.000000 0.000000 0.000658
v -8.350703 45.363040 -67.980498 0.710339 0.710339 0.710339
vn -1.000000 0.000000 0.000658
v -8.350703 44.385024 -67.980498 0.710339 0.710339 0.710339
vn -1.000000 0.000000 0.000658
f 718//718 719//719 720//720
v -18.427521 10.789983 84.145511 0.710339 0.710339 0.710339
vn -0.799549 -0.564660 0.204650
v -11.962429 14.036290 118.361117 0.710339 0.710339 0.710339
vn -0.799549 -0.564660 0.204650
v -14.534909 17.678878 118.361117 0.710339 0.710339 0.710339
vn -0.799549 -0.564660 0.204650
f 721//721 722//722 723//723
v -18.427521 10.789983 84.145511 0.710339 0.710339 0.710339
vn -0.851965 -0.486020 0.194780
v -14.534909 17.678878 118.361117 0.710339 0.710339 0.710339
vn -0.851965 -0.486020 0.194780
v -21.000000 15.299389 84.145511 0.710339 0.710339 0.710339
vn -0.851965 -0.486020 0.194780
f 724//724 725//725 726//726
v -14.534909 17.678878 118.361117 0.710339 0.710339 0.710339
vn -0.871331 -0.348344 0.345599
v -8.822079 20.015416 135.119502 0.710339 0.710339 0.710339
vn -0.871331 -0.348344 0.345599
v -8.822079 26.046361 141.198341 0.710339 0.710339 0.710339
vn -0.871331 -0.348344 0.345599
f 727//727 728//728 729//729
v -14.534909 17.678878 118.361117 0.710339 0.710339 0.710339
vn -0.970107 0.000000 0.242676
v -8.822079 26.046361 141.198341 0.710339 0.710339 0.710339
vn -0.970107 0.000000 0.242676
v -14.534909 26.068236 118.361117 0.710339 0.710339 0.710339
vn -0.970107 0.000000 0.242676
f 730//730 731//731 732//732
v -18.254680 15.299389 -133.493238 0.710339 0.710339 0.710339
vn -0.835168 -0.494719 -0.240307
v -16.597886 12.502444 -133.493238 0.710339 0.710339 0.710339
vn -0.835168 -0.494719 -0.240307
v -18.427521 10.789983 -123.609060 0.710339 0.710339 0.710339
vn -0.835168 -0.494719 -0.240307
f 733//733 734//734 735//735
v -18.254680 15.299389 -133.493238 0.710339 0.710339 0.710339
vn -0.844377 -0.481691 -0.234525
v -18.427521 10.789983 -123.609060 0.710339 0.710339 0.710339
vn -0.844377 -0.481691 -0.234525
v -21.000000 15.299389 -123.609060 0.710339 0.710339 0.710339
vn -0.844377 -0.481691 -0.234525
f 736//736 737//737 738//738
v -18.254680 15.299389 -133.493238 0.710339 0.710339 0.710339
vn -0.859921 -0.144173 -0.489643
v -19.260969 26.068571 -134.896905 0.710339 0.710339 0.710339
vn -0.859921 -0.144173 -0.489643
v -15.192293 26.068896 -142.042495 0.710339 0.710339 0.710339
vn -0.859921 -0.144173 -0.489643
f 739//739 740//740 741//741
v -18.254680 15.299389 -133.493238 0.710339 0.710339 0.710339
vn -0.729921 -0.285469 -0.621066
v -15.192293 26.068896 -142.042495 0.710339 0.710339 0.710339
vn -0.729921 -0.285469 -0.621066
v -13.051395 15.299399 -139.608507 0.710339 0.710339 0.710339
vn -0.729921 -0.285469 -0.621066
f 742//742 743//743 744//744
v -8.822079 26.046361 141.198341 0.710339 0.710339 0.710339
vn 0.000292 1.000000 0.000843
v -7.267239 26.048381 138.262337 0.710339 0.710339 0.710339
vn 0.000292 1.000000 0.000843
v -12.191056 26.067231 117.597552 0.710339 0.710339 0.710339
vn 0.000292 1.000000 0.000843
f 745//745 746//746 747//747
v -8.822079 26.046361 141.198341 0.710339 0.710339 0.710339
vn 0.000685 0.999999 0.000786
v -12.191056 26.067231 117.597552 0.710339 0.710339 0.710339
vn 0.000685 0.999999 0.000786
v -14.534909 26.068236 118.361117 0.710339 0.710339 0.710339
vn 0.000685 0.999999 0.000786
f 748//748 749//749 750//750
v -12.191056 24.159038 117.597552 0.710339 0.710339 0.710339
vn 0.972768 0.000000 -0.231782
v -12.191056 26.067231 117.597552 0.710339 0.710339 0.710339
vn 0.972768 0.000000 -0.231782
v -7.267239 26.048381 138.262337 0.710339 0.710339 0.710339
vn 0.972768 0.000000 -0.231782
f 751//751 752//752 753//753
v -12.191056 24.159038 117.597552 0.710339 0.710339 0.710339
vn 0.851286 0.463860 -0.245247
v -7.267239 26.048381 138.262337 0.710339 0.710339 0.710339
vn 0.851286 0.463860 -0.245247
v -7.267239 24.140188 134.653177 0.710339 0.710339 0.710339
vn 0.851286 0.463860 -0.245247
f 754//754 755//755 756//756
v -12.191056 24.159038 117.597552 0.710339 0.710339 0.710339
vn -0.000573 0.999999 0.001271
v -7.267239 24.140188 134.653177 0.710339 0.710339 0.710339
vn -0.000573 0.999999 0.001271
v 0.000000 24.140188 137.929760 0.710339 0.710339 0.710339
vn -0.000573 0.999999 0.001271
f 757//757 758//758 759//759
v -12.191056 24.159038 117.597552 0.710339 0.710339 0.710339
vn 0.000000 1.000000 0.000927
v 0.000000 24.140188 137.929760 0.710339 0.710339 0.710339
vn 0.000000 1.000000 0.000927
v 0.000000 24.159038 117.597552 0.710339 0.710339 0.710339
vn 0.000000 1.000000 0.000927
f 760//760 761//761 762//762
v 17.763217 24.159038 88.107610 0.710339 0.710339 0.710339
vn 0.000000 1.000000 0.000000
v 0.000000 24.159038 88.107610 0.710339 0.710339 0.710339
vn 0.000000 1.000000 0.000000
v 0.000000 24.159038 117.597552 0.710339 0.710339 0.710339
vn 0.000000 1.000000 0.000000
f 763//763 764//764 765//765
v 17.763217 24.159038 88.107610 0.710339 0.710339 0.710339
vn 0.000000 1.000000 0.000000
v 0.000000 24.159038 117.597552 0.710339 0.710339 0.710339
vn 0.000000 1.000000 0.000000
v 12.191056 24.159038 117.597552 0.710339 0.710339 0.710339
vn 0.000000 1.000000 0.000000
f 766//766 767//767 768//768
v 12.191056 26.067231 117.597552 0.710339 0.710339 0.710339
vn -0.982613 0.000000 -0.185666
v 17.763217 26.067231 88.107610 0.710339 0.710339 0.710339
vn -0.982613 0.000000 -0.185666
v 17.763217 24.159038 88.107610 0.710339 0.710339 0.710339
vn -0.982613 0.000000 -0.185666
f 769//769 770//770 771//771
v 12.191056 26.067231 117.597552 0.710339 0.710339 0.710339
vn -0.982613 0.000000 -0.185666
v 17.763217 24.159038 88.107610 0.710339 0.710339 0.710339
vn -0.982613 0.000000 -0.185666
v 12.191056 24.159038 117.597552 0.710339 0.710339 0.710339
vn -0.982613 0.000000 -0.185666
f 772//772 773//773 774//774
v 14.534909 26.068236 118.361117 0.710339 0.710339 0.710339
vn -0.000404 1.000000 -0.000076
v 21.000000 26.068236 84.145511 0.710339 0.710339 0.710339
vn -0.000404 1.000000 -0.000076
v 17.763217 26.067231 88.107610 0.710339 0.710339 0.710339
vn -0.000404 1.000000 -0.000076
f 775//775 776//776 777//777
v 14.534909 26.068236 118.361117 0.710339 0.710339 0.710339
vn -0.000404 1.000000 -0.000076
v 17.763217 26.067231 88.107610 0.710339 0.710339 0.710339
vn -0.000404 1.000000 -0.000076
v 12.191056 26.067231 117.597552 0.710339 0.710339 0.710339
vn -0.000404 1.000000 -0.000076
f 778//778 779//779 780//780
v 16.861866 23.682155 -132.351378 0.710339 0.710339 0.710339
vn -0.848723 0.268013 0.455892
v 16.861866 26.069803 -133.755045 0.710339 0.710339 0.710339
vn -0.848723 0.268013 0.455892
v 13.637453 26.071360 -139.758774 0.710339 0.710339 0.710339
vn -0.848723 0.268013 0.455892
f 781//781 782//782 783//783
v 16.861866 23.682155 -132.351378 0.710339 0.710339 0.710339
vn -0.668215 0.572228 0.475440
v 13.637453 26.071360 -139.758774 0.710339 0.710339 0.710339
vn -0.668215 0.572228 0.475440
v 13.637453 23.738892 -136.951473 0.710339 0.710339 0.710339
vn -0.668215 0.572228 0.475440
f 784//784 785//785 786//786
v 16.861866 23.682155 -132.351378 0.710339 0.710339 0.710339
vn -0.002652 0.999896 0.014192
v 13.637453 23.738892 -136.951473 0.710339 0.710339 0.710339
vn -0.002652 0.999896 0.014192
v 0.000000 23.738892 -139.500085 0.710339 0.710339 0.710339
vn -0.002652 0.999896 0.014192
f 787//787 788//788 789//789
v 16.861866 23.682155 -132.351378 0.710339 0.710339 0.710339
vn -0.000730 0.999953 0.009658
v 0.000000 23.738892 -139.500085 0.710339 0.710339 0.710339
vn -0.000730 0.999953 0.009658
v 0.000000 23.682155 -133.625700 0.710339 0.710339 0.710339
vn -0.000730 0.999953 0.009658
f 790//790 791//791 792//792
v -16.861866 23.682155 -132.351378 0.710339 0.710339 0.710339
vn 0.000730 0.999953 0.009658
v 0.000000 23.682155 -133.625700 0.710339 0.710339 0.710339
vn 0.000730 0.999953 0.009658
v 0.000000 23.738892 -139.500085 0.710339 0.710339 0.710339
vn 0.000730 0.999953 0.009658
f 793//793 794//794 795//795
v -16.861866 23.682155 -132.351378 0.710339 0.710339 0.710339
vn 0.002652 0.999896 0.014192
v 0.000000 23.738892 -139.500085 0.710339 0.710339 0.710339
vn 0.002652 0.999896 0.014192
v -13.637453 23.738892 -136.951473 0.710339 0.710339 0.710339
vn 0.002652 0.999896 0.014192
f 796//796 797//797 798//798
v -16.861866 23.682155 -132.351378 0.710339 0.710339 0.710339
vn 0.668215 0.572228 0.475440
v -13.637453 23.738892 -136.951473 0.710339 0.710339 0.710339
vn 0.668215 0.572228 0.475440
v -13.637453 26.071360 -139.758774 0.710339 0.710339 0.710339
vn 0.668215 0.572228 0.475440
f 799//799 800//800 801//801
v -16.861866 23.682155 -132.351378 0.710339 0.710339 0.710339
vn 0.848723 0.268013 0.455892
v -13.637453 26.071360 -139.758774 0.710339 0.710339 0.710339
vn 0.848723 0.268013 0.455892
v -16.861866 26.069803 -133.755045 0.710339 0.710339 0.710339
vn 0.848723 0.268013 0.455892
f 802//802 803//803 804//804
v 21.000000 15.299389 77.031096 0.710339 0.710339 0.710339
vn 0.868602 -0.495511 0.000000
v 21.000000 15.299389 84.145511 0.710339 0.710339 0.710339
vn 0.868602 -0.495511 0.000000
v 18.427521 10.789983 84.145511 0.710339 0.710339 0.710339
vn 0.868602 -0.495511 0.000000
f 805//805 806//806 807//807
v 21.000000 15.299389 77.031096 0.710339 0.710339 0.710339
vn 0.868602 -0.495511 0.000000
v 18.427521 10.789983 84.145511 0.710339 0.710339 0.710339
vn 0.868602 -0.495511 0.000000
v 18.427521 10.789983 77.031096 0.710339 0.710339 0.710339
vn 0.868602 -0.495511 0.000000
f 808//808 809//809 810//810
v 21.000000 15.299389 84.145511 0.710339 0.710339 0.710339
vn 0.982613 0.000000 0.185666
v 21.000000 26.068236 84.145511 0.710339 0.710339 0.710339
vn 0.982613 0.000000 0.185666
v 14.534909 26.068236 118.361117 0.710339 0.710339 0.710339
vn 0.982613 0.000000 0.185666
f 811//811 812//812 813//813
v 21.000000 15.299389 84.145511 0.710339 0.710339 0.710339
vn 0.982613 0.000000 0.185666
v 14.534909 26.068236 118.361117 0.710339 0.710339 0.710339
vn 0.982613 0.000000 0.185666
v 14.534909 17.678878 118.361117 0.710339 0.710339 0.710339
vn 0.982613 0.000000 0.185666
f 814//814 815//815 816//816
v 21.000000 15.299389 -123.609060 0.710339 0.710339 0.710339
vn 0.956095 -0.123952 -0.265554
v 18.254680 15.299389 -133.493238 0.710339 0.710339 0.710339
vn 0.956095 -0.123952 -0.265554
v 19.260969 26.068571 -134.896905 0.710339 0.710339 0.710339
vn 0.956095 -0.123952 -0.265554
f 817//817 818//818 819//819
v 21.000000 15.299389 -123.609060 0.710339 0.710339 0.710339
vn 0.988340 0.000000 -0.152266
v 19.260969 26.068571 -134.896905 0.710339 0.710339 0.710339
vn 0.988340 0.000000 -0.152266
v 21.000000 26.068236 -123.609060 0.710339 0.710339 0.710339
vn 0.988340 0.000000 -0.152266
f 820//820 821//821 822//822
v -8.350703 44.385024 -67.980498 0.710339 0.710339 0.710339
vn 0.000000 0.000000 -1.000000
v -8.350703 45.363040 -67.980498 0.710339 0.710339 0.710339
vn 0.000000 0.000000 -1.000000
v 8.350703 45.363040 -67.980498 0.710339 0.710339 0.710339
vn 0.000000 0.000000 -1.000000
f 823//823 824//824 825//825
v -8.350703 44.385024 -67.980498 0.710339 0.710339 0.710339
vn 0.000000 0.000000 -1.000000
v 8.350703 45.363040 -67.980498 0.710339 0.710339 0.710339
vn 0.000000 0.000000 -1.000000
v 8.350703 44.385024 -67.980498 0.710339 0.710339 0.710339
vn 0.000000 0.000000 -1.000000
f 826//826 827//827 828//828
v 2.168281 45.363040 -48.427346 0.710339 0.710339 0.710339
vn 0.000000 -1.000000 0.000000
v 1.367426 45.363040 -46.758594 0.710339 0.710339 0.710339
vn 0.000000 -1.000000 0.000000
v -1.367426 45.363040 -46.758594 0.710339 0.710339 0.710339
vn 0.000000 -1.000000 0.000000
f 829//829 830//830 831//831
v 2.168281 45.363040 -48.427346 0.710339 0.710339 0.710339
vn 0.000000 1.000000 0.000000
v -1.367426 45.363040 -46.758594 0.710339 0.710339 0.710339
vn 0.000000 1.000000 0.000000
v -8.323854 45.363040 -27.204430 0.710339 0.710339 0.710339
vn 0.000000 1.000000 0.000000
f 832//832 833//833 834//834
v 2.168281 45.363040 -48.427346 0.710339 0.710339 0.710339
vn 0.000000 1.000000 0.000000
v -8.323854 45.363040 -27.204430 0.710339 0.710339 0.710339
vn 0.000000 1.000000 0.000000
v -1.261438 45.363040 -31.048320 0.710339 0.710339 0.710339
vn 0.000000 1.000000 0.000000
f 835//835 836//836 837//837
v 2.168281 45.363040 -48.427346 0.710339 0.710339 0.710339
vn 0.000000 -1.000000 0.000000
v -1.261438 45.363040 -31.048320 0.710339 0.710339 0.710339
vn 0.000000 -1.000000 0.000000
v -1.261438 45.363040 -38.741676 0.710339 0.710339 0.710339
vn 0.000000 -1.000000 0.000000
f 838//838 839//839 840//840
v 2.168281 45.363040 -48.427346 0.710339 0.710339 0.710339
vn 0.000000 1.000000 0.000000
v -1.261438 45.363040 -38.741676 0.710339 0.710339 0.710339
vn 0.000000 1.000000 0.000000
v 1.261438 45.363040 -38.741676 0.710339 0.710339 0.710339
vn 0.000000 1.000000 0.000000
f 841//841 842//842 843//843
v 2.168281 45.363040 -48.427346 0.710339 0.710339 0.710339
vn 0.000000 1.000000 0.000000
v 1.261438 45.363040 -38.741676 0.710339 0.710339 0.710339
vn 0.000000 1.000000 0.000000
v 1.261438 45.363040 -31.048320 0.710339 0.710339 0.710339
vn 0.000000 1.000000 0.000000
f 844//844 845//845 846//846
v 2.168281 45.363040 -48.427346 0.710339 0.710339 0.710339
vn 0.000000 -1.000000 0.000000
v 1.261438 45.363040 -31.048320 0.710339 0.710339 0.710339
vn 0.000000 -1.000000 0.000000
v -1.261438 45.363040 -31.048320 0.710339 0.710339 0.710339
vn 0.000000 -1.000000 0.000000
f 847//847 848//848 849//849
v 2.168281 45.363040 -48.427346 0.710339 0.710339 0.710339
vn 0.000000 -1.000000 0.000000
v -1.261438 45.363040 -31.048320 0.710339 0.710339 0.710339
vn 0.000000 -1.000000 0.000000
v -8.323854 45.363040 -27.204430 0.710339 0.710339 0.710339
vn 0.000000 -1.000000 0.000000
f 850//850 851//851 852//852
v 2.168281 45.363040 -48.427346 0.710339 0.710339 0.710339
vn 0.000000 1.000000 0.000000
v -8.323854 45.363040 -27.204430 0.710339 0.710339 0.710339
vn 0.000000 1.000000 0.000000
v 8.323854 45.363040 -27.204430 0.710339 0.710339 0.710339
vn 0.000000 1.000000 0.000000
f 853//853 854//854 855//855
v 2.168281 45.363040 -48.427346 0.710339 0.710339 0.710339
vn 0.000000 1.000000 0.000000
v 8.323854 45.363040 -27.204430 0.710339 0.710339 0.710339
vn 0.000000 1.000000 0.000000
v 8.350703 45.363040 -67.980498 0.710339 0.710339 0.710339
vn 0.000000 1.000000 0.000000
f 856//856 857//857 858//858
v 2.168281 45.363040 -48.427346 0.710339 0.710339 0.710339
vn 0.000000 1.000000 0.000000
v 8.350703 45.363040 -67.980498 0.710339 0.710339 0.710339
vn 0.000000 1.000000 0.000000
v 1.367426 45.363040 -60.965024 0.710339 0.710339 0.710339
vn 0.000000 1.000000 0.000000
f 859//859 860//860 861//861
v 2.168281 45.363040 -48.427346 0.710339 0.710339 0.710339
vn 0.000000 -1.000000 0.000000
v 1.367426 45.363040 -60.965024 0.710339 0.710339 0.710339
vn 0.000000 -1.000000 0.000000
v 2.168281 45.363040 -59.409338 0.710339 0.710339 0.710339
vn 0.000000 -1.000000 0.000000
f 862//862 863//863 864//864
v -8.323854 45.363040 -27.204430 0.710339 0.710339 0.710339
vn 0.000000 1.000000 0.000000
v -1.367426 45.363040 -46.758594 0.710339 0.710339 0.710339
vn 0.000000 1.000000 0.000000
v -2.168281 45.363040 -48.427346 0.710339 0.710339 0.710339
vn 0.000000 1.000000 0.000000
f 865//865 866//866 867//867
v -8.323854 45.363040 -27.204430 0.710339 0.710339 0.710339
vn 0.000000 1.000000 0.000000
v -2.168281 45.363040 -48.427346 0.710339 0.710339 0.710339
vn 0.000000 1.000000 0.000000
v -2.168281 45.363040 -59.409338 0.710339 0.710339 0.710339
vn 0.000000 1.000000 0.000000
f 868//868 869//869 870//870
v -8.323854 45.363040 -27.204430 0.710339 0.710339 0.710339
vn 0.000000 -1.000000 0.000000
v -2.168281 45.363040 -59.409338 0.710339 0.710339 0.710339
vn 0.000000 -1.000000 0.000000
v -1.367426 45.363040 -60.965024 0.710339 0.710339 0.710339
vn 0.000000 -1.000000 0.000000
f 871//871 872//872 873//873
v -8.323854 45.363040 -27.204430 0.710339 0.710339 0.710339
vn 0.000000 -1.000000 0.000000
v -1.367426 45.363040 -60.965024 0.710339 0.710339 0.710339
vn 0.000000 -1.000000 0.000000
v 1.367426 45.363040 -60.965024 0.710339 0.710339 0.710339
vn 0.000000 -1.000000 0.000000
f 874//874 875//875 876//876
v -8.323854 45.363040 -27.204430 0.710339 0.710339 0.710339
vn 0.000000 -1.000000 0.000000
v 1.367426 45.363040 -60.965024 0.710339 0.710339 0.710339
vn 0.000000 -1.000000 0.000000
v 8.350703 45.363040 -67.980498 0.710339 0.710339 0.710339
vn 0.000000 -1.000000 0.000000
f 877//877 878//878 879//879
v -8.323854 45.363040 -27.204430 0.710339 0.710339 0.710339
vn 0.000000 1.000000 0.000000
v 8.350703 45.363040 -67.980498 0.710339 0.710339 0.710339
vn 0.000000 1.000000 0.000000
v -8.350703 45.363040 -67.980498 0.710339 0.710339 0.710339
vn 0.000000 1.000000 0.000000
f 880//880 881//881 882//882
v -11.962429 14.036290 118.361117 0.710339 0.710339 0.710339
vn -0.605340 -0.706995 0.365679
v -7.175437 17.647120 133.266527 0.710339 0.710339 0.710339
vn -0.605340 -0.706995 0.365679
v -8.822079 20.015416 135.119502 0.710339 0.710339 0.710339
vn -0.605340 -0.706995 0.365679
f 883//883 884//884 885//885
v -11.962429 14.036290 118.361117 0.710339 0.710339 0.710339
vn -0.768824 -0.542961 0.337790
v -8.822079 20.015416 135.119502 0.710339 0.710339 0.710339
vn -0.768824 -0.542961 0.337790
v -14.534909 17.678878 118.361117 0.710339 0.710339 0.710339
vn -0.768824 -0.542961 0.337790
f 886//886 887//887 888//888
v -16.597886 12.502444 -133.493238 0.710339 0.710339 0.710339
vn -0.694232 -0.411235 -0.590701
v -18.254680 15.299389 -133.493238 0.710339 0.710339 0.710339
vn -0.694232 -0.411235 -0.590701
v -13.051395 15.299399 -139.608507 0.710339 0.710339 0.710339
vn -0.694232 -0.411235 -0.590701
f 889//889 890//890 891//891
v -16.597886 12.502444 -133.493238 0.710339 0.710339 0.710339
vn -0.619205 -0.513571 -0.593995
v -13.051395 15.299399 -139.608507 0.710339 0.710339 0.710339
vn -0.619205 -0.513571 -0.593995
v -12.368034 14.281220 -139.440547 0.710339 0.710339 0.710339
vn -0.619205 -0.513571 -0.593995
f 892//892 893//893 894//894
v 0.000000 26.046361 145.000000 0.710339 0.710339 0.710339
vn -0.000263 1.000000 0.000584
v 0.000000 26.048381 141.538921 0.710339 0.710339 0.710339
vn -0.000263 1.000000 0.000584
v -7.267239 26.048381 138.262337 0.710339 0.710339 0.710339
vn -0.000263 1.000000 0.000584
f 895//895 896//896 897//897
v 0.000000 26.046361 145.000000 0.710339 0.710339 0.710339
vn -0.000241 1.000000 0.000560
v -7.267239 26.048381 138.262337 0.710339 0.710339 0.710339
vn -0.000241 1.000000 0.000560
v -8.822079 26.046361 141.198341 0.710339 0.710339 0.710339
vn -0.000241 1.000000 0.000560
f 898//898 899//899 900//900
v 0.000000 26.048381 141.538921 0.710339 0.710339 0.710339
vn 0.206209 0.865045 -0.457356
v 0.000000 24.140188 137.929760 0.710339 0.710339 0.710339
vn 0.206209 0.865045 -0.457356
v -7.267239 24.140188 134.653177 0.710339 0.710339 0.710339
vn 0.206209 0.865045 -0.457356
f 901//901 902//902 903//903
v 0.000000 26.048381 141.538921 0.710339 0.710339 0.710339
vn 0.206209 0.865045 -0.457356
v -7.267239 24.140188 134.653177 0.710339 0.710339 0.710339
vn 0.206209 0.865045 -0.457356
v -7.267239 26.048381 138.262337 0.710339 0.710339 0.710339
vn 0.206209 0.865045 -0.457356
f 904//904 905//905 906//906
v 12.191056 24.159038 117.597552 0.710339 0.710339 0.710339
vn 0.000000 1.000000 0.000927
v 0.000000 24.159038 117.597552 0.710339 0.710339 0.710339
vn 0.000000 1.000000 0.000927
v 0.000000 24.140188 137.929760 0.710339 0.710339 0.710339
vn 0.000000 1.000000 0.000927
f 907//907 908//908 909//909
v 12.191056 24.159038 117.597552 0.710339 0.710339 0.710339
vn 0.000573 0.999999 0.001271
v 0.000000 24.140188 137.929760 0.710339 0.710339 0.710339
vn 0.000573 0.999999 0.001271
v 7.267239 24.140188 134.653177 0.710339 0.710339 0.710339
vn 0.000573 0.999999 0.001271
f 910//910 911//911 912//912
v 12.191056 24.159038 117.597552 0.710339 0.710339 0.710339
vn -0.851286 0.463860 -0.245247
v 7.267239 24.140188 134.653177 0.710339 0.710339 0.710339
vn -0.851286 0.463860 -0.245247
v 7.267239 26.048381 138.262337 0.710339 0.710339 0.710339
vn -0.851286 0.463860 -0.245247
f 913//913 914//914 915//915
v 12.191056 24.159038 117.597552 0.710339 0.710339 0.710339
vn -0.972768 0.000000 -0.231782
v 7.267239 26.048381 138.262337 0.710339 0.710339 0.710339
vn -0.972768 0.000000 -0.231782
v 12.191056 26.067231 117.597552 0.710339 0.710339 0.710339
vn -0.972768 0.000000 -0.231782
f 916//916 917//917 918//918
v 8.822079 26.046361 141.198341 0.710339 0.710339 0.710339
vn -0.000685 0.999999 0.000786
v 14.534909 26.068236 118.361117 0.710339 0.710339 0.710339
vn -0.000685 0.999999 0.000786
v 12.191056 26.067231 117.597552 0.710339 0.710339 0.710339
vn -0.000685 0.999999 0.000786
f 919//919 920//920 921//921
v 8.822079 26.046361 141.198341 0.710339 0.710339 0.710339
vn -0.000292 1.000000 0.000843
v 12.191056 26.067231 117.597552 0.710339 0.710339 0.710339
vn -0.000292 1.000000 0.000843
v 7.267239 26.048381 138.262337 0.710339 0.710339 0.710339
vn -0.000292 1.000000 0.000843
f 922//922 923//923 924//924
v 18.427521 10.789983 84.145511 0.710339 0.710339 0.710339
vn 0.851965 -0.486020 0.194780
v 21.000000 15.299389 84.145511 0.710339 0.710339 0.710339
vn 0.851965 -0.486020 0.194780
v 14.534909 17.678878 118.361117 0.710339 0.710339 0.710339
vn 0.851965 -0.486020 0.194780
f 925//925 926//926 927//927
v 18.427521 10.789983 84.145511 0.710339 0.710339 0.710339
vn 0.799549 -0.564660 0.204650
v 14.534909 17.678878 118.361117 0.710339 0.710339 0.710339
vn 0.799549 -0.564660 0.204650
v 11.962429 14.036290 118.361117 0.710339 0.710339 0.710339
vn 0.799549 -0.564660 0.204650
f 928//928 929//929 930//930
v 14.534909 17.678878 118.361117 0.710339 0.710339 0.710339
vn 0.970107 0.000000 0.242676
v 14.534909 26.068236 118.361117 0.710339 0.710339 0.710339
vn 0.970107 0.000000 0.242676
v 8.822079 26.046361 141.198341 0.710339 0.710339 0.710339
vn 0.970107 0.000000 0.242676
f 931//931 932//932 933//933
v 14.534909 17.678878 118.361117 0.710339 0.710339 0.710339
vn 0.871331 -0.348344 0.345599
v 8.822079 26.046361 141.198341 0.710339 0.710339 0.710339
vn 0.871331 -0.348344 0.345599
v 8.822079 20.015416 135.119502 0.710339 0.710339 0.710339
vn 0.871331 -0.348344 0.345599
f 934//934 935//935 936//936
v 18.254680 15.299389 -133.493238 0.710339 0.710339 0.710339
vn 0.844377 -0.481691 -0.234525
v 21.000000 15.299389 -123.609060 0.710339 0.710339 0.710339
vn 0.844377 -0.481691 -0.234525
v 18.427521 10.789983 -123.609060 0.710339 0.710339 0.710339
vn 0.844377 -0.481691 -0.234525
f 937//937 938//938 939//939
v 18.254680 15.299389 -133.493238 0.710339 0.710339 0.710339
vn 0.835168 -0.494719 -0.240307
v 18.427521 10.789983 -123.609060 0.710339 0.710339 0.710339
vn 0.835168 -0.494719 -0.240307
v 16.597886 12.502444 -133.493238 0.710339 0.710339 0.710339
vn 0.835168 -0.494719 -0.240307
f 940//940 941//941 942//942
v -8.822079 20.015416 135.119502 0.710339 0.710339 0.710339
vn -0.226151 -0.728518 0.646620
v -0.445368 21.049272 139.213998 0.710339 0.710339 0.710339
vn -0.226151 -0.728518 0.646620
v 0.000000 21.275312 139.624432 0.710339 0.710339 0.710339
vn -0.226151 -0.728518 0.646620
f 943//943 944//944 945//945
v -8.822079 20.015416 135.119502 0.710339 0.710339 0.710339
vn -0.226141 -0.728534 0.646605
v 0.000000 21.275312 139.624432 0.710339 0.710339 0.710339
vn -0.226141 -0.728534 0.646605
v 0.000000 26.046361 145.000000 0.710339 0.710339 0.710339
vn -0.226141 -0.728534 0.646605
f 946//946 947//947 948//948
v -8.822079 20.015416 135.119502 0.710339 0.710339 0.710339
vn -0.290422 -0.679300 0.673948
v 0.000000 26.046361 145.000000 0.710339 0.710339 0.710339
vn -0.290422 -0.679300 0.673948
v -8.822079 26.046361 141.198341 0.710339 0.710339 0.710339
vn -0.290422 -0.679300 0.673948
f 949//949 950//950 951//951
v -8.822079 20.015416 135.119502 0.710339 0.710339 0.710339
vn -0.243612 -0.697029 0.674391
v -7.175437 17.647120 133.266527 0.710339 0.710339 0.710339
vn -0.243612 -0.697029 0.674391
v -0.445368 21.049272 139.213998 0.710339 0.710339 0.710339
vn -0.243612 -0.697029 0.674391
f 952//952 953//953 954//954
v -13.051395 15.299399 -139.608507 0.710339 0.710339 0.710339
vn -0.153819 -0.260470 -0.953150
v 0.000000 15.839739 -141.862403 0.710339 0.710339 0.710339
vn -0.153819 -0.260470 -0.953150
v -12.368034 14.281220 -139.440547 0.710339 0.710339 0.710339
vn -0.153819 -0.260470 -0.953150
f 955//955 956//956 957//957
v 0.000000 26.046361 145.000000 0.710339 0.710339 0.710339
vn 0.000241 1.000000 0.000560
v 8.822079 26.046361 141.198341 0.710339 0.710339 0.710339
vn 0.000241 1.000000 0.000560
v 7.267239 26.048381 138.262337 0.710339 0.710339 0.710339
vn 0.000241 1.000000 0.000560
f 958//958 959//959 960//960
v 0.000000 26.046361 145.000000 0.710339 0.710339 0.710339
vn 0.000263 1.000000 0.000584
v 7.267239 26.048381 138.262337 0.710339 0.710339 0.710339
vn 0.000263 1.000000 0.000584
v 0.000000 26.048381 141.538921 0.710339 0.710339 0.710339
vn 0.000263 1.000000 0.000584
f 961//961 962//962 963//963
v 0.000000 26.048381 141.538921 0.710339 0.710339 0.710339
vn -0.206209 0.865045 -0.457356
v 7.267239 26.048381 138.262337 0.710339 0.710339 0.710339
vn -0.206209 0.865045 -0.457356
v 7.267239 24.140188 134.653177 0.710339 0.710339 0.710339
vn -0.206209 0.865045 -0.457356
f 964//964 965//965 966//966
v 0.000000 26.048381 141.538921 0.710339 0.710339 0.710339
vn -0.206209 0.865045 -0.457356
v 7.267239 24.140188 134.653177 0.710339 0.710339 0.710339
vn -0.206209 0.865045 -0.457356
v 0.000000 24.140188 137.929760 0.710339 0.710339 0.710339
vn -0.206209 0.865045 -0.457356
f 967//967 968//968 969//969
v 0.000000 26.071360 -142.307403 0.710339 0.710339 0.710339
vn -0.118587 0.763731 0.634548
v 0.000000 23.738892 -139.500085 0.710339 0.710339 0.710339
vn -0.118587 0.763731 0.634548
v 13.637453 23.738892 -136.951473 0.710339 0.710339 0.710339
vn -0.118587 0.763731 0.634548
f 970//970 971//971 972//972
v 0.000000 26.071360 -142.307403 0.710339 0.710339 0.710339
vn -0.118588 0.763730 0.634550
v 13.637453 23.738892 -136.951473 0.710339 0.710339 0.710339
vn -0.118588 0.763730 0.634550
v 13.637453 26.071360 -139.758774 0.710339 0.710339 0.710339
vn -0.118588 0.763730 0.634550
f 973//973 974//974 975//975
v 0.000000 26.071360 -142.307403 0.710339 0.710339 0.710339
vn 0.118588 0.763730 0.634550
v -13.637453 26.071360 -139.758774 0.710339 0.710339 0.710339
vn 0.118588 0.763730 0.634550
v -13.637453 23.738892 -136.951473 0.710339 0.710339 0.710339
vn 0.118588 0.763730 0.634550
f 976//976 977//977 978//978
v 0.000000 26.071360 -142.307403 0.710339 0.710339 0.710339
vn 0.118587 0.763731 0.634548
v -13.637453 23.738892 -136.951473 0.710339 0.710339 0.710339
vn 0.118587 0.763731 0.634548
v 0.000000 23.738892 -139.500085 0.710339 0.710339 0.710339
vn 0.118587 0.763731 0.634548
f 979//979 980//980 981//981
v 11.962429 14.036290 118.361117 0.710339 0.710339 0.710339
vn 0.768824 -0.542961 0.337790
v 14.534909 17.678878 118.361117 0.710339 0.710339 0.710339
vn 0.768824 -0.542961 0.337790
v 8.822079 20.015416 135.119502 0.710339 0.710339 0.710339
vn 0.768824 -0.542961 0.337790
f 982//982 983//983 984//984
v 11.962429 14.036290 118.361117 0.710339 0.710339 0.710339
vn 0.605340 -0.706995 0.365679
v 8.822079 20.015416 135.119502 0.710339 0.710339 0.710339
vn 0.605340 -0.706995 0.365679
v 7.175437 17.647120 133.266527 0.710339 0.710339 0.710339
vn 0.605340 -0.706995 0.365679
f 985//985 986//986 987//987
v 16.597886 12.502444 -133.493238 0.710339 0.710339 0.710339
vn 0.619205 -0.513571 -0.593995
v 12.368034 14.281220 -139.440547 0.710339 0.710339 0.710339
vn 0.619205 -0.513571 -0.593995
v 13.051395 15.299399 -139.608507 0.710339 0.710339 0.710339
vn 0.619205 -0.513571 -0.593995
f 988//988 989//989 990//990
v 16.597886 12.502444 -133.493238 0.710339 0.710339 0.710339
vn 0.694232 -0.411235 -0.590701
v 13.051395 15.299399 -139.608507 0.710339 0.710339 0.710339
vn 0.694232 -0.411235 -0.590701
v 18.254680 15.299389 -133.493238 0.710339 0.710339 0.710339
vn 0.694232 -0.411235 -0.590701
f 991//991 992//992 993//993
v 15.192293 26.068896 -142.042495 0.710339 0.710339 0.710339
vn 0.859921 -0.144173 -0.489643
v 19.260969 26.068571 -134.896905 0.710339 0.710339 0.710339
vn 0.859921 -0.144173 -0.489643
v 18.254680 15.299389 -133.493238 0.710339 0.710339 0.710339
vn 0.859921 -0.144173 -0.489643
f 994//994 995//995 996//996
v 15.192293 26.068896 -142.042495 0.710339 0.710339 0.710339
vn 0.729921 -0.285469 -0.621066
v 18.254680 15.299389 -133.493238 0.710339 0.710339 0.710339
vn 0.729921 -0.285469 -0.621066
v 13.051395 15.299399 -139.608507 0.710339 0.710339 0.710339
vn 0.729921 -0.285469 -0.621066
f 997//997 998//998 999//999
v 0.000000 15.839739 -141.862403 0.710339 0.710339 0.710339
vn -0.154964 -0.246992 -0.956546
v -13.051395 15.299399 -139.608507 0.710339 0.710339 0.710339
vn -0.154964 -0.246992 -0.956546
v -15.192293 26.068896 -142.042495 0.710339 0.710339 0.710339
vn -0.154964 -0.246992 -0.956546
f 1000//1000 1001//1001 1002//1002
v 0.000000 15.839739 -141.862403 0.710339 0.710339 0.710339
vn -0.182946 -0.288258 -0.939914
v -15.192293 26.068896 -142.042495 0.710339 0.710339 0.710339
vn -0.182946 -0.288258 -0.939914
v 0.000000 26.068896 -144.999534 0.710339 0.710339 0.710339
vn -0.182946 -0.288258 -0.939914
f 1003//1003 1004//1004 1005//1005
v 0.000000 21.275312 139.624432 0.710339 0.710339 0.710339
vn 0.226151 -0.728518 0.646620
v 0.445368 21.049272 139.213998 0.710339 0.710339 0.710339
vn 0.226151 -0.728518 0.646620
v 8.822079 20.015416 135.119502 0.710339 0.710339 0.710339
vn 0.226151 -0.728518 0.646620
f 1006//1006 1007//1007 1008//1008
v 0.000000 21.275312 139.624432 0.710339 0.710339 0.710339
vn 0.250061 -0.687344 0.681929
v 8.822079 20.015416 135.119502 0.710339 0.710339 0.710339
vn 0.250061 -0.687344 0.681929
v 8.822079 26.046361 141.198341 0.710339 0.710339 0.710339
vn 0.250061 -0.687344 0.681929
f 1009//1009 1010//1010 1011//1011
v 0.000000 21.275312 139.624432 0.710339 0.710339 0.710339
vn 0.275019 -0.719069 0.638205
v 8.822079 26.046361 141.198341 0.710339 0.710339 0.710339
vn 0.275019 -0.719069 0.638205
v 0.000000 26.046361 145.000000 0.710339 0.710339 0.710339
vn 0.275019 -0.719069 0.638205
f 1012//1012 1013//1013 1014//1014
v 8.822079 20.015416 135.119502 0.710339 0.710339 0.710339
vn 0.243612 -0.697029 0.674391
v 0.445368 21.049272 139.213998 0.710339 0.710339 0.710339
vn 0.243612 -0.697029 0.674391
v 7.175437 17.647120 133.266527 0.710339 0.710339 0.710339
vn 0.243612 -0.697029 0.674391
f 1015//1015 1016//1016 1017//1017
v 15.192293 26.068896 -142.042495 0.710339 0.710339 0.710339
vn 0.154964 -0.246992 -0.956546
v 13.051395 15.299399 -139.608507 0.710339 0.710339 0.710339
vn 0.154964 -0.246992 -0.956546
v 0.000000 15.839739 -141.862403 0.710339 0.710339 0.710339
vn 0.154964 -0.246992 -0.956546
f 1018//1018 1019//1019 1020//1020
v 15.192293 26.068896 -142.042495 0.710339 0.710339 0.710339
vn 0.182946 -0.288258 -0.939914
v 0.000000 15.839739 -141.862403 0.710339 0.710339 0.710339
vn 0.182946 -0.288258 -0.939914
v 0.000000 26.068896 -144.999534 0.710339 0.710339 0.710339
vn 0.182946 -0.288258 -0.939914
f 1021//1021 1022//1022 1023//1023
v 13.051395 15.299399 -139.608507 0.710339 0.710339 0.710339
vn 0.153819 -0.260470 -0.953150
v 12.368034 14.281220 -139.440547 0.710339 0.710339 0.710339
vn 0.153819 -0.260470 -0.953150
v 0.000000 15.839739 -141.862403 0.710339 0.710339 0.710339
vn 0.153819 -0.260470 -0.953150
f 1024//1024 1025//1025 1026//1026
v -0.445368 21.049272 139.213998 0.710339 0.710339 0.710339
vn -0.226139 -0.728528 0.646613
v 0.000000 21.104245 139.431693 0.710339 0.710339 0.710339
vn -0.226139 -0.728528 0.646613
v 0.000000 21.275312 139.624432 0.710339 0.710339 0.710339
vn -0.226139 -0.728528 0.646613
f 1027//1027 1028//1028 1029//1029
v 0.445368 21.049272 139.213998 0.710339 0.710339 0.710339
vn 0.226139 -0.728528 0.646613
v 0.000000 21.275312 139.624432 0.710339 0.710339 0.710339
vn 0.226139 -0.728528 0.646613
v 0.000000 21.104245 139.431693 0.710339 0.710339 0.710339
vn 0.226139 -0.728528 0.646613
f 1030//1030 1031//1031 1032//1032
g Texture
v -15.261613 39.845190 69.569223 0.640000 0.640000 0.640000
vn -0.998473 0.055231 0.000765
v -14.865774 47.024214 67.909294 0.640000 0.640000 0.640000
vn -0.998473 0.055231 0.000765
v -14.920532 47.024214 -3.591781 0.640000 0.640000 0.640000
vn -0.998473 0.055231 0.000765
f 1033//1033 1034//1034 1035//1035
v -15.261613 39.845190 69.569223 0.640000 0.640000 0.640000
vn -0.998473 0.055230 0.000765
v -14.920532 47.024214 -3.591781 0.640000 0.640000 0.640000
vn -0.998473 0.055230 0.000765
v -15.319363 39.845190 -5.851607 0.640000 0.640000 0.640000
vn -0.998473 0.055230 0.000765
f 1036//1036 1037//1037 1038//1038
v 0.000000 39.845190 69.569223 0.640000 0.640000 0.640000
vn 0.000000 0.225276 0.974295
v 0.000000 47.024214 67.909294 0.640000 0.640000 0.640000
vn 0.000000 0.225276 0.974295
v -14.865774 47.024214 67.909294 0.640000 0.640000 0.640000
vn 0.000000 0.225276 0.974295
f 1039//1039 1040//1040 1041//1041
v 0.000000 39.845190 69.569223 0.640000 0.640000 0.640000
vn 0.000000 0.225276 0.974295
v -14.865774 47.024214 67.909294 0.640000 0.640000 0.640000
vn 0.000000 0.225276 0.974295
v -15.261613 39.845190 69.569223 0.640000 0.640000 0.640000
vn 0.000000 0.225276 0.974295
f 1042//1042 1043//1043 1044//1044
v 15.261613 39.845190 69.569223 0.640000 0.640000 0.640000
vn 0.998473 0.055230 0.000765
v 15.319363 39.845190 -5.851607 0.640000 0.640000 0.640000
vn 0.998473 0.055230 0.000765
v 14.920532 47.024214 -3.591781 0.640000 0.640000 0.640000
vn 0.998473 0.055230 0.000765
f 1045//1045 1046//1046 1047//1047
v 15.261613 39.845190 69.569223 0.640000 0.640000 0.640000
vn 0.998473 0.055231 0.000765
v 14.920532 47.024214 -3.591781 0.640000 0.640000 0.640000
vn 0.998473 0.055231 0.000765
v 14.865774 47.024214 67.909294 0.640000 0.640000 0.640000
vn 0.998473 0.055231 0.000765
f 1048//1048 1049//1049 1050//1050
v -18.448815 26.068236 77.031112 0.640000 0.640000 0.640000
vn -0.953501 0.301390 0.000730
v -15.261613 36.169592 69.569223 0.640000 0.640000 0.640000
vn -0.953501 0.301390 0.000730
v -15.319363 36.169592 -5.851607 0.640000 0.640000 0.640000
vn -0.953501 0.301390 0.000730
f 1051//1051 1052//1052 1053//1053
v -18.448815 26.068236 77.031112 0.640000 0.640000 0.640000
vn -0.953501 0.301390 0.000730
v -15.319363 36.169592 -5.851607 0.640000 0.640000 0.640000
vn -0.953501 0.301390 0.000730
v -18.512529 26.068236 -6.184827 0.640000 0.640000 0.640000
vn -0.953501 0.301390 0.000730
f 1054//1054 1055//1055 1056//1056
v 0.000000 39.845190 69.569223 0.640000 0.640000 0.640000
vn 0.000000 0.225276 0.974295
v 15.261613 39.845190 69.569223 0.640000 0.640000 0.640000
vn 0.000000 0.225276 0.974295
v 14.865774 47.024214 67.909294 0.640000 0.640000 0.640000
vn 0.000000 0.225276 0.974295
f 1057//1057 1058//1058 1059//1059
v 0.000000 39.845190 69.569223 0.640000 0.640000 0.640000
vn 0.000000 0.225276 0.974295
v 14.865774 47.024214 67.909294 0.640000 0.640000 0.640000
vn 0.000000 0.225276 0.974295
v 0.000000 47.024214 67.909294 0.640000 0.640000 0.640000
vn 0.000000 0.225276 0.974295
f 1060//1060 1061//1061 1062//1062
v -18.512529 26.068236 -6.184827 0.640000 0.640000 0.640000
vn -0.953499 0.301396 0.000502
v -15.319363 36.169592 -5.851607 0.640000 0.640000 0.640000
vn -0.953499 0.301396 0.000502
v -15.326273 36.169592 -18.965076 0.640000 0.640000 0.640000
vn -0.953499 0.301396 0.000502
f 1063//1063 1064//1064 1065//1065
v -18.512529 26.068236 -6.184827 0.640000 0.640000 0.640000
vn -0.953489 0.301428 0.000530
v -15.326273 36.169592 -18.965076 0.640000 0.640000 0.640000
vn -0.953489 0.301428 0.000530
v -18.520152 26.068236 -19.892824 0.640000 0.640000 0.640000
vn -0.953489 0.301428 0.000530
f 1066//1066 1067//1067 1068//1068
v 18.448815 26.068236 77.031112 0.640000 0.640000 0.640000
vn 0.953501 0.301390 0.000730
v 18.512529 26.068236 -6.184827 0.640000 0.640000 0.640000
vn 0.953501 0.301390 0.000730
v 15.319363 36.169592 -5.851607 0.640000 0.640000 0.640000
vn 0.953501 0.301390 0.000730
f 1069//1069 1070//1070 1071//1071
v 18.448815 26.068236 77.031112 0.640000 0.640000 0.640000
vn 0.953501 0.301390 0.000730
v 15.319363 36.169592 -5.851607 0.640000 0.640000 0.640000
vn 0.953501 0.301390 0.000730
v 15.261613 36.169592 69.569223 0.640000 0.640000 0.640000
vn 0.953501 0.301390 0.000730
f 1072//1072 1073//1073 1074//1074
v 0.000000 26.068236 84.145511 0.640000 0.640000 0.640000
vn 0.000000 0.626914 0.779089
v 0.000000 36.169592 76.017198 0.640000 0.640000 0.640000
vn 0.000000 0.626914 0.779089
v -15.256678 36.169592 76.017198 0.640000 0.640000 0.640000
vn 0.000000 0.626914 0.779089
f 1075//1075 1076//1076 1077//1077
v 0.000000 26.068236 84.145511 0.640000 0.640000 0.640000
vn 0.000000 0.626914 0.779089
v -15.256678 36.169592 76.017198 0.640000 0.640000 0.640000
vn 0.000000 0.626914 0.779089
v -18.443365 26.068236 84.145511 0.640000 0.640000 0.640000
vn 0.000000 0.626914 0.779089
f 1078//1078 1079//1079 1080//1080
v -18.520152 26.068236 -19.892824 0.640000 0.640000 0.640000
vn -0.953488 0.301431 0.000502
v -15.326273 36.169592 -18.965076 0.640000 0.640000 0.640000
vn -0.953488 0.301431 0.000502
v -15.377114 36.169592 -115.480747 0.640000 0.640000 0.640000
vn -0.953488 0.301431 0.000502
f 1081//1081 1082//1082 1083//1083
v -18.520152 26.068236 -19.892824 0.640000 0.640000 0.640000
vn -0.953412 0.301671 0.000530
v -15.377114 36.169592 -115.480747 0.640000 0.640000 0.640000
vn -0.953412 0.301671 0.000530
v -18.576253 26.068236 -120.784306 0.640000 0.640000 0.640000
vn -0.953412 0.301671 0.000530
f 1084//1084 1085//1085 1086//1086
v 18.512529 26.068236 -6.184827 0.640000 0.640000 0.640000
vn 0.953489 0.301428 0.000530
v 18.520152 26.068236 -19.892824 0.640000 0.640000 0.640000
vn 0.953489 0.301428 0.000530
v 15.326273 36.169592 -18.965076 0.640000 0.640000 0.640000
vn 0.953489 0.301428 0.000530
f 1087//1087 1088//1088 1089//1089
v 18.512529 26.068236 -6.184827 0.640000 0.640000 0.640000
vn 0.953499 0.301396 0.000502
v 15.326273 36.169592 -18.965076 0.640000 0.640000 0.640000
vn 0.953499 0.301396 0.000502
v 15.319363 36.169592 -5.851607 0.640000 0.640000 0.640000
vn 0.953499 0.301396 0.000502
f 1090//1090 1091//1091 1092//1092
v 0.000000 26.068236 84.145511 0.640000 0.640000 0.640000
vn 0.000000 0.626914 0.779089
v 18.443365 26.068236 84.145511 0.640000 0.640000 0.640000
vn 0.000000 0.626914 0.779089
v 15.256678 36.169592 76.017198 0.640000 0.640000 0.640000
vn 0.000000 0.626914 0.779089
f 1093//1093 1094//1094 1095//1095
v 0.000000 26.068236 84.145511 0.640000 0.640000 0.640000
vn 0.000000 0.626914 0.779089
v 15.256678 36.169592 76.017198 0.640000 0.640000 0.640000
vn 0.000000 0.626914 0.779089
v 0.000000 36.169592 76.017198 0.640000 0.640000 0.640000
vn 0.000000 0.626914 0.779089
f 1096//1096 1097//1097 1098//1098
v 18.520152 26.068236 -19.892824 0.640000 0.640000 0.640000
vn 0.953412 0.301671 0.000530
v 18.576253 26.068236 -120.784306 0.640000 0.640000 0.640000
vn 0.953412 0.301671 0.000530
v 15.377114 36.169592 -115.480747 0.640000 0.640000 0.640000
vn 0.953412 0.301671 0.000530
f 1099//1099 1100//1100 1101//1101
v 18.520152 26.068236 -19.892824 0.640000 0.640000 0.640000
vn 0.953488 0.301431 0.000502
v 15.377114 36.169592 -115.480747 0.640000 0.640000 0.640000
vn 0.953488 0.301431 0.000502
v 15.326273 36.169592 -18.965076 0.640000 0.640000 0.640000
vn 0.953488 0.301431 0.000502
f 1102//1102 1103//1103 1104//1104
v -21.000000 26.068236 -6.184827 0.640000 0.640000 0.640000
vn -1.000000 0.000000 0.000000
v -21.000000 15.299389 -6.184827 0.640000 0.640000 0.640000
vn -1.000000 0.000000 0.000000
v -21.000000 15.299389 77.031096 0.640000 0.640000 0.640000
vn -1.000000 0.000000 0.000000
f 1105//1105 1106//1106 1107//1107
v -21.000000 26.068236 -6.184827 0.640000 0.640000 0.640000
vn -1.000000 0.000000 0.000000
v -21.000000 15.299389 77.031096 0.640000 0.640000 0.640000
vn -1.000000 0.000000 0.000000
v -21.000000 26.068236 77.031096 0.640000 0.640000 0.640000
vn -1.000000 0.000000 0.000000
f 1108//1108 1109//1109 1110//1110
v -21.000000 26.068236 -20.230720 0.640000 0.640000 0.640000
vn -1.000000 0.000000 0.000000
v -21.000000 15.299389 -20.230720 0.640000 0.640000 0.640000
vn -1.000000 0.000000 0.000000
v -21.000000 15.299389 -6.184827 0.640000 0.640000 0.640000
vn -1.000000 0.000000 0.000000
f 1111//1111 1112//1112 1113//1113
v -21.000000 26.068236 -20.230720 0.640000 0.640000 0.640000
vn -1.000000 0.000000 0.000000
v -21.000000 15.299389 -6.184827 0.640000 0.640000 0.640000
vn -1.000000 0.000000 0.000000
v -21.000000 26.068236 -6.184827 0.640000 0.640000 0.640000
vn -1.000000 0.000000 0.000000
f 1114//1114 1115//1115 1116//1116
v -21.000000 15.299389 -6.184827 0.640000 0.640000 0.640000
vn -0.868602 -0.495511 0.000000
v -18.427521 10.789983 -6.184827 0.640000 0.640000 0.640000
vn -0.868602 -0.495511 0.000000
v -18.427521 10.789983 77.031096 0.640000 0.640000 0.640000
vn -0.868602 -0.495511 0.000000
f 1117//1117 1118//1118 1119//1119
v -21.000000 15.299389 -6.184827 0.640000 0.640000 0.640000
vn -0.868602 -0.495511 0.000000
v -18.427521 10.789983 77.031096 0.640000 0.640000 0.640000
vn -0.868602 -0.495511 0.000000
v -21.000000 15.299389 77.031096 0.640000 0.640000 0.640000
vn -0.868602 -0.495511 0.000000
f 1120//1120 1121//1121 1122//1122
v -21.000000 26.068236 -123.609060 0.640000 0.640000 0.640000
vn -1.000000 0.000000 0.000000
v -21.000000 15.299389 -123.609060 0.640000 0.640000 0.640000
vn -1.000000 0.000000 0.000000
v -21.000000 15.299389 -20.230720 0.640000 0.640000 0.640000
vn -1.000000 0.000000 0.000000
f 1123//1123 1124//1124 1125//1125
v -21.000000 26.068236 -123.609060 0.640000 0.640000 0.640000
vn -1.000000 0.000000 0.000000
v -21.000000 15.299389 -20.230720 0.640000 0.640000 0.640000
vn -1.000000 0.000000 0.000000
v -21.000000 26.068236 -20.230720 0.640000 0.640000 0.640000
vn -1.000000 0.000000 0.000000
f 1126//1126 1127//1127 1128//1128
v 21.000000 26.068236 -6.184827 0.640000 0.640000 0.640000
vn 1.000000 0.000000 0.000000
v 21.000000 26.068236 77.031096 0.640000 0.640000 0.640000
vn 1.000000 0.000000 0.000000
v 21.000000 15.299389 77.031096 0.640000 0.640000 0.640000
vn 1.000000 0.000000 0.000000
f 1129//1129 1130//1130 1131//1131
v 21.000000 26.068236 -6.184827 0.640000 0.640000 0.640000
vn 1.000000 0.000000 0.000000
v 21.000000 15.299389 77.031096 0.640000 0.640000 0.640000
vn 1.000000 0.000000 0.000000
v 21.000000 15.299389 -6.184827 0.640000 0.640000 0.640000
vn 1.000000 0.000000 0.000000
f 1132//1132 1133//1133 1134//1134
v 21.000000 26.068236 -20.230720 0.640000 0.640000 0.640000
vn 1.000000 0.000000 0.000000
v 21.000000 26.068236 -6.184827 0.640000 0.640000 0.640000
vn 1.000000 0.000000 0.000000
v 21.000000 15.299389 -6.184827 0.640000 0.640000 0.640000
vn 1.000000 0.000000 0.000000
f 1135//1135 1136//1136 1137//1137
v 21.000000 26.068236 -20.230720 0.640000 0.640000 0.640000
vn 1.000000 0.000000 0.000000
v 21.000000 15.299389 -6.184827 0.640000 0.640000 0.640000
vn 1.000000 0.000000 0.000000
v 21.000000 15.299389 -20.230720 0.640000 0.640000 0.640000
vn 1.000000 0.000000 0.000000
f 1138//1138 1139//1139 1140//1140
v -21.000000 15.299389 -123.609060 0.640000 0.640000 0.640000
vn -0.868602 -0.495511 0.000000
v -18.427521 10.789983 -123.609060 0.640000 0.640000 0.640000
vn -0.868602 -0.495511 0.000000
v -18.427521 10.789983 -20.230720 0.640000 0.640000 0.640000
vn -0.868602 -0.495511 0.000000
f 1141//1141 1142//1142 1143//1143
v -21.000000 15.299389 -123.609060 0.640000 0.640000 0.640000
vn -0.868602 -0.495511 0.000000
v -18.427521 10.789983 -20.230720 0.640000 0.640000 0.640000
vn -0.868602 -0.495511 0.000000
v -21.000000 15.299389 -20.230720 0.640000 0.640000 0.640000
vn -0.868602 -0.495511 0.000000
f 1144//1144 1145//1145 1146//1146
v 21.000000 15.299389 -6.184827 0.640000 0.640000 0.640000
vn 0.868602 -0.495511 0.000000
v 21.000000 15.299389 77.031096 0.640000 0.640000 0.640000
vn 0.868602 -0.495511 0.000000
v 18.427521 10.789983 77.031096 0.640000 0.640000 0.640000
vn 0.868602 -0.495511 0.000000
f 1147//1147 1148//1148 1149//1149
v 21.000000 15.299389 -6.184827 0.640000 0.640000 0.640000
vn 0.868602 -0.495511 0.000000
v 18.427521 10.789983 77.031096 0.640000 0.640000 0.640000
vn 0.868602 -0.495511 0.000000
v 18.427521 10.789983 -6.184827 0.640000 0.640000 0.640000
vn 0.868602 -0.495511 0.000000
f 1150//1150 1151//1151 1152//1152
v 21.000000 26.068236 -123.609060 0.640000 0.640000 0.640000
vn 1.000000 0.000000 0.000000
v 21.000000 26.068236 -20.230720 0.640000 0.640000 0.640000
vn 1.000000 0.000000 0.000000
v 21.000000 15.299389 -20.230720 0.640000 0.640000 0.640000
vn 1.000000 0.000000 0.000000
f 1153//1153 1154//1154 1155//1155
v 21.000000 26.068236 -123.609060 0.640000 0.640000 0.640000
vn 1.000000 0.000000 0.000000
v 21.000000 15.299389 -20.230720 0.640000 0.640000 0.640000
vn 1.000000 0.000000 0.000000
v 21.000000 15.299389 -123.609060 0.640000 0.640000 0.640000
vn 1.000000 0.000000 0.000000
f 1156//1156 1157//1157 1158//1158
v 21.000000 15.299389 -123.609060 0.640000 0.640000 0.640000
vn 0.868602 -0.495511 0.000000
v 21.000000 15.299389 -20.230720 0.640000 0.640000 0.640000
vn 0.868602 -0.495511 0.000000
v 18.427521 10.789983 -20.230720 0.640000 0.640000 0.640000
vn 0.868602 -0.495511 0.000000
f 1159//1159 1160//1160 1161//1161
v 21.000000 15.299389 -123.609060 0.640000 0.640000 0.640000
vn 0.868602 -0.495511 0.000000
v 18.427521 10.789983 -20.230720 0.640000 0.640000 0.640000
vn 0.868602 -0.495511 0.000000
v 18.427521 10.789983 -123.609060 0.640000 0.640000 0.640000
vn 0.868602 -0.495511 0.000000
f 1162//1162 1163//1163 1164//1164
g Red
v 0.000000 0.000000 77.031096 0.640000 0.038056 0.041707
vn -0.309510 -0.950896 0.000000
v -15.282603 4.974387 77.031096 0.640000 0.038056 0.041707
vn -0.309510 -0.950896 0.000000
v -15.282603 4.974387 -6.184827 0.640000 0.038056 0.041707
vn -0.309510 -0.950896 0.000000
f 1165//1165 1166//1166 1167//1167
v 0.000000 0.000000 77.031096 0.640000 0.038056 0.041707
vn -0.309510 -0.950896 0.000000
v -15.282603 4.974387 -6.184827 0.640000 0.038056 0.041707
vn -0.309510 -0.950896 0.000000
v 0.000000 0.000000 -6.184827 0.640000 0.038056 0.041707
vn -0.309510 -0.950896 0.000000
f 1168//1168 1169//1169 1170//1170
v 0.000000 0.000000 -6.184827 0.640000 0.038056 0.041707
vn -0.309510 -0.950896 0.000000
v -15.282603 4.974387 -6.184827 0.640000 0.038056 0.041707
vn -0.309510 -0.950896 0.000000
v -15.282603 4.974387 -20.230720 0.640000 0.038056 0.041707
vn -0.309510 -0.950896 0.000000
f 1171//1171 1172//1172 1173//1173
v 0.000000 0.000000 -6.184827 0.640000 0.038056 0.041707
vn -0.309510 -0.950896 0.000000
v -15.282603 4.974387 -20.230720 0.640000 0.038056 0.041707
vn -0.309510 -0.950896 0.000000
v 0.000000 0.000000 -20.230720 0.640000 0.038056 0.041707
vn -0.309510 -0.950896 0.000000
f 1174//1174 1175//1175 1176//1176
v 0.000000 0.000000 77.031096 0.640000 0.038056 0.041707
vn 0.309510 -0.950896 0.000000
v 0.000000 0.000000 -6.184827 0.640000 0.038056 0.041707
vn 0.309510 -0.950896 0.000000
v 15.282603 4.974387 -6.184827 0.640000 0.038056 0.041707
vn 0.309510 -0.950896 0.000000
f 1177//1177 1178//1178 1179//1179
v 0.000000 0.000000 77.031096 0.640000 0.038056 0.041707
vn 0.309510 -0.950896 0.000000
v 15.282603 4.974387 -6.184827 0.640000 0.038056 0.041707
vn 0.309510 -0.950896 0.000000
v 15.282603 4.974387 77.031096 0.640000 0.038056 0.041707
vn 0.309510 -0.950896 0.000000
f 1180//1180 1181//1181 1182//1182
v 0.000000 0.000000 84.145511 0.640000 0.038056 0.041707
vn -0.309510 -0.950896 0.000000
v -15.282603 4.974387 84.145511 0.640000 0.038056 0.041707
vn -0.309510 -0.950896 0.000000
v -15.282603 4.974387 77.031096 0.640000 0.038056 0.041707
vn -0.309510 -0.950896 0.000000
f 1183//1183 1184//1184 1185//1185
v 0.000000 0.000000 84.145511 0.640000 0.038056 0.041707
vn -0.309510 -0.950896 0.000000
v -15.282603 4.974387 77.031096 0.640000 0.038056 0.041707
vn -0.309510 -0.950896 0.000000
v 0.000000 0.000000 77.031096 0.640000 0.038056 0.041707
vn -0.309510 -0.950896 0.000000
f 1186//1186 1187//1187 1188//1188
v 0.000000 0.000000 -20.230720 0.640000 0.038056 0.041707
vn -0.309510 -0.950896 0.000000
v -15.282603 4.974387 -20.230720 0.640000 0.038056 0.041707
vn -0.309510 -0.950896 0.000000
v -15.282603 4.974387 -123.609060 0.640000 0.038056 0.041707
vn -0.309510 -0.950896 0.000000
f 1189//1189 1190//1190 1191//1191
v 0.000000 0.000000 -20.230720 0.640000 0.038056 0.041707
vn -0.309510 -0.950896 0.000000
v -15.282603 4.974387 -123.609060 0.640000 0.038056 0.041707
vn -0.309510 -0.950896 0.000000
v 0.000000 0.000000 -123.609060 0.640000 0.038056 0.041707
vn -0.309510 -0.950896 0.000000
f 1192//1192 1193//1193 1194//1194
v 0.000000 0.000000 -6.184827 0.640000 0.038056 0.041707
vn 0.309510 -0.950896 0.000000
v 0.000000 0.000000 -20.230720 0.640000 0.038056 0.041707
vn 0.309510 -0.950896 0.000000
v 15.282603 4.974387 -20.230720 0.640000 0.038056 0.041707
vn 0.309510 -0.950896 0.000000
f 1195//1195 1196//1196 1197//1197
v 0.000000 0.000000 -6.184827 0.640000 0.038056 0.041707
vn 0.309510 -0.950896 0.000000
v 15.282603 4.974387 -20.230720 0.640000 0.038056 0.041707
vn 0.309510 -0.950896 0.000000
v 15.282603 4.974387 -6.184827 0.640000 0.038056 0.041707
vn 0.309510 -0.950896 0.000000
f 1198//1198 1199//1199 1200//1200
v 0.000000 0.000000 84.145511 0.640000 0.038056 0.041707
vn 0.309510 -0.950896 0.000000
v 0.000000 0.000000 77.031096 0.640000 0.038056 0.041707
vn 0.309510 -0.950896 0.000000
v 15.282603 4.974387 77.031096 0.640000 0.038056 0.041707
vn 0.309510 -0.950896 0.000000
f 1201//1201 1202//1202 1203//1203
v 0.000000 0.000000 84.145511 0.640000 0.038056 0.041707
vn 0.309510 -0.950896 0.000000
v 15.282603 4.974387 77.031096 0.640000 0.038056 0.041707
vn 0.309510 -0.950896 0.000000
v 15.282603 4.974387 84.145511 0.640000 0.038056 0.041707
vn 0.309510 -0.950896 0.000000
f 1204//1204 1205//1205 1206//1206
v 0.000000 0.000000 84.145511 0.640000 0.038056 0.041707
vn -0.304416 -0.935244 0.180691
v 0.000000 4.974387 109.892578 0.640000 0.038056 0.041707
vn -0.304416 -0.935244 0.180691
v -15.282603 4.974387 84.145511 0.640000 0.038056 0.041707
vn -0.304416 -0.935244 0.180691
f 1207//1207 1208//1208 1209//1209
v -14.572425 10.190097 -133.493238 0.640000 0.038056 0.041707
vn -0.238020 -0.829871 -0.504639
v 0.000000 6.010499 -133.493238 0.640000 0.038056 0.041707
vn -0.238020 -0.829871 -0.504639
v 0.000000 0.000000 -123.609060 0.640000 0.038056 0.041707
vn -0.238020 -0.829871 -0.504639
f 1210//1210 1211//1211 1212//1212
v -14.572425 10.190097 -133.493238 0.640000 0.038056 0.041707
vn -0.274152 -0.842264 -0.464146
v 0.000000 0.000000 -123.609060 0.640000 0.038056 0.041707
vn -0.274152 -0.842264 -0.464146
v -15.282603 4.974387 -123.609060 0.640000 0.038056 0.041707
vn -0.274152 -0.842264 -0.464146
f 1213//1213 1214//1214 1215//1215
v 0.000000 0.000000 -20.230720 0.640000 0.038056 0.041707
vn 0.309510 -0.950896 0.000000
v 0.000000 0.000000 -123.609060 0.640000 0.038056 0.041707
vn 0.309510 -0.950896 0.000000
v 15.282603 4.974387 -123.609060 0.640000 0.038056 0.041707
vn 0.309510 -0.950896 0.000000
f 1216//1216 1217//1217 1218//1218
v 0.000000 0.000000 -20.230720 0.640000 0.038056 0.041707
vn 0.309510 -0.950896 0.000000
v 15.282603 4.974387 -123.609060 0.640000 0.038056 0.041707
vn 0.309510 -0.950896 0.000000
v 15.282603 4.974387 -20.230720 0.640000 0.038056 0.041707
vn 0.309510 -0.950896 0.000000
f 1219//1219 1220//1220 1221//1221
v 0.000000 0.000000 84.145511 0.640000 0.038056 0.041707
vn 0.304416 -0.935244 0.180691
v 15.282603 4.974387 84.145511 0.640000 0.038056 0.041707
vn 0.304416 -0.935244 0.180691
v 0.000000 4.974387 109.892578 0.640000 0.038056 0.041707
vn 0.304416 -0.935244 0.180691
f 1222//1222 1223//1223 1224//1224
v -12.368034 14.281220 -139.440547 0.640000 0.038056 0.041707
vn -0.113491 -0.686305 -0.718405
v 0.000000 12.020999 -139.235177 0.640000 0.038056 0.041707
vn -0.113491 -0.686305 -0.718405
v 0.000000 6.010499 -133.493238 0.640000 0.038056 0.041707
vn -0.113491 -0.686305 -0.718405
f 1225//1225 1226//1226 1227//1227
v -12.368034 14.281220 -139.440547 0.640000 0.038056 0.041707
vn -0.219140 -0.764044 -0.606807
v 0.000000 6.010499 -133.493238 0.640000 0.038056 0.041707
vn -0.219140 -0.764044 -0.606807
v -14.572425 10.190097 -133.493238 0.640000 0.038056 0.041707
vn -0.219140 -0.764044 -0.606807
f 1228//1228 1229//1229 1230//1230
v 0.000000 0.000000 -123.609060 0.640000 0.038056 0.041707
vn 0.238020 -0.829871 -0.504639
v 0.000000 6.010499 -133.493238 0.640000 0.038056 0.041707
vn 0.238020 -0.829871 -0.504639
v 14.572425 10.190097 -133.493238 0.640000 0.038056 0.041707
vn 0.238020 -0.829871 -0.504639
f 1231//1231 1232//1232 1233//1233
v 0.000000 0.000000 -123.609060 0.640000 0.038056 0.041707
vn 0.274152 -0.842264 -0.464146
v 14.572425 10.190097 -133.493238 0.640000 0.038056 0.041707
vn 0.274152 -0.842264 -0.464146
v 15.282603 4.974387 -123.609060 0.640000 0.038056 0.041707
vn 0.274152 -0.842264 -0.464146
f 1234//1234 1235//1235 1236//1236
v 0.000000 15.839739 -141.862403 0.640000 0.038056 0.041707
vn -0.089540 -0.564522 -0.820547
v 0.000000 12.020999 -139.235177 0.640000 0.038056 0.041707
vn -0.089540 -0.564522 -0.820547
v -12.368034 14.281220 -139.440547 0.640000 0.038056 0.041707
vn -0.089540 -0.564522 -0.820547
f 1237//1237 1238//1238 1239//1239
v 0.000000 6.010499 -133.493238 0.640000 0.038056 0.041707
vn 0.113491 -0.686305 -0.718405
v 0.000000 12.020999 -139.235177 0.640000 0.038056 0.041707
vn 0.113491 -0.686305 -0.718405
v 12.368034 14.281220 -139.440547 0.640000 0.038056 0.041707
vn 0.113491 -0.686305 -0.718405
f 1240//1240 1241//1241 1242//1242
v 0.000000 6.010499 -133.493238 0.640000 0.038056 0.041707
vn 0.219140 -0.764044 -0.606807
v 12.368034 14.281220 -139.440547 0.640000 0.038056 0.041707
vn 0.219140 -0.764044 -0.606807
v 14.572425 10.190097 -133.493238 0.640000 0.038056 0.041707
vn 0.219140 -0.764044 -0.606807
f 1243//1243 1244//1244 1245//1245
v 0.000000 15.839739 -141.862403 0.640000 0.038056 0.041707
vn 0.089540 -0.564522 -0.820547
v 12.368034 14.281220 -139.440547 0.640000 0.038056 0.041707
vn 0.089540 -0.564522 -0.820547
v 0.000000 12.020999 -139.235177 0.640000 0.038056 0.041707
vn 0.089540 -0.564522 -0.820547
f 1246//1246 1247//1247 1248//1248
g Black
v -9.550706 47.137964 7.607681 0.058589 0.058589 0.058589
vn -0.999102 0.042342 -0.001605
v -9.596443 47.137964 36.077989 0.058589 0.058589 0.058589
vn -0.999102 0.042342 -0.001605
v -9.409334 51.398706 32.006247 0.058589 0.058589 0.058589
vn -0.999102 0.042342 -0.001605
f 1249//1249 1250//1250 1251//1251
v -9.550706 47.137964 7.607681 0.058589 0.058589 0.058589
vn -0.999450 0.033162 0.000000
v -9.409334 51.398706 32.006247 0.058589 0.058589 0.058589
vn -0.999450 0.033162 0.000000
v -9.409334 51.398706 8.065216 0.058589 0.058589 0.058589
vn -0.999450 0.033162 0.000000
f 1252//1252 1253//1253 1254//1254
v -9.409334 51.398706 8.065216 0.058589 0.058589 0.058589
vn 0.000000 0.106770 -0.994284
v 9.409334 51.398706 8.065216 0.058589 0.058589 0.058589
vn 0.000000 0.106770 -0.994284
v 9.550706 47.137964 7.607681 0.058589 0.058589 0.058589
vn 0.000000 0.106770 -0.994284
f 1255//1255 1256//1256 1257//1257
v -9.409334 51.398706 8.065216 0.058589 0.058589 0.058589
vn 0.000000 0.106770 -0.994284
v 9.550706 47.137964 7.607681 0.058589 0.058589 0.058589
vn 0.000000 0.106770 -0.994284
v -9.550706 47.137964 7.607681 0.058589 0.058589 0.058589
vn 0.000000 0.106770 -0.994284
f 1258//1258 1259//1259 1260//1260
v -9.409334 51.398706 8.065216 0.058589 0.058589 0.058589
vn 0.000000 1.000000 0.000000
v -9.409334 51.398706 32.006247 0.058589 0.058589 0.058589
vn 0.000000 1.000000 0.000000
v -2.785230 51.398706 26.014136 0.058589 0.058589 0.058589
vn 0.000000 1.000000 0.000000
f 1261//1261 1262//1262 1263//1263
v -9.409334 51.398706 8.065216 0.058589 0.058589 0.058589
vn 0.000000 1.000000 0.000000
v -2.785230 51.398706 26.014136 0.058589 0.058589 0.058589
vn 0.000000 1.000000 0.000000
v -2.785230 51.398706 18.927424 0.058589 0.058589 0.058589
vn 0.000000 1.000000 0.000000
f 1264//1264 1265//1265 1266//1266
v 9.409334 51.398706 32.006247 0.058589 0.058589 0.058589
vn 0.000000 0.690890 0.722960
v -9.409334 51.398706 32.006247 0.058589 0.058589 0.058589
vn 0.000000 0.690890 0.722960
v -9.596443 47.137964 36.077989 0.058589 0.058589 0.058589
vn 0.000000 0.690890 0.722960
f 1267//1267 1268//1268 1269//1269
v 9.409334 51.398706 32.006247 0.058589 0.058589 0.058589
vn 0.000000 0.690890 0.722960
v -9.596443 47.137964 36.077989 0.058589 0.058589 0.058589
vn 0.000000 0.690890 0.722960
v 9.596443 47.137964 36.077989 0.058589 0.058589 0.058589
vn 0.000000 0.690890 0.722960
f 1270//1270 1271//1271 1272//1272
v 9.409334 51.398706 8.065216 0.058589 0.058589 0.058589
vn 0.000000 1.000000 0.000000
v -9.409334 51.398706 8.065216 0.058589 0.058589 0.058589
vn 0.000000 1.000000 0.000000
v -2.785230 51.398706 18.927424 0.058589 0.058589 0.058589
vn 0.000000 1.000000 0.000000
f 1273//1273 1274//1274 1275//1275
v 9.409334 51.398706 8.065216 0.058589 0.058589 0.058589
vn 0.000000 1.000000 0.000000
v -2.785230 51.398706 18.927424 0.058589 0.058589 0.058589
vn 0.000000 1.000000 0.000000
v 2.785230 51.398706 18.927424 0.058589 0.058589 0.058589
vn 0.000000 1.000000 0.000000
f 1276//1276 1277//1277 1278//1278
v 9.409334 51.398706 8.065216 0.058589 0.058589 0.058589
vn 0.999037 0.043873 0.000000
v 9.409334 51.398706 32.006247 0.058589 0.058589 0.058589
vn 0.999037 0.043873 0.000000
v 9.596443 47.137964 36.077989 0.058589 0.058589 0.058589
vn 0.999037 0.043873 0.000000
f 1279//1279 1280//1280 1281//1281
v 9.409334 51.398706 8.065216 0.058589 0.058589 0.058589
vn 0.999443 0.033334 -0.001606
v 9.596443 47.137964 36.077989 0.058589 0.058589 0.058589
vn 0.999443 0.033334 -0.001606
v 9.550706 47.137964 7.607681 0.058589 0.058589 0.058589
vn 0.999443 0.033334 -0.001606
f 1282//1282 1283//1283 1284//1284
v -2.416040 47.137964 54.838763 0.058589 0.058589 0.058589
vn 0.000000 -1.000000 0.000000
v -2.420817 47.137964 39.773620 0.058589 0.058589 0.058589
vn 0.000000 -1.000000 0.000000
v 2.420817 47.137964 39.773636 0.058589 0.058589 0.058589
vn 0.000000 -1.000000 0.000000
f 1285//1285 1286//1286 1287//1287
v -2.416040 47.137964 54.838763 0.058589 0.058589 0.058589
vn 0.000000 -1.000000 0.000000
v 2.420817 47.137964 39.773636 0.058589 0.058589 0.058589
vn 0.000000 -1.000000 0.000000
v 2.416040 47.137964 54.838763 0.058589 0.058589 0.058589
vn 0.000000 -1.000000 0.000000
f 1288//1288 1289//1289 1290//1290
v -2.420817 47.137964 39.773620 0.058589 0.058589 0.058589
vn -0.999853 0.017122 0.000317
v -2.416040 47.137964 54.838763 0.058589 0.058589 0.058589
vn -0.999853 0.017122 0.000317
v -2.345585 51.250065 54.960474 0.058589 0.058589 0.058589
vn -0.999853 0.017122 0.000317
f 1291//1291 1292//1292 1293//1293
v -2.420817 47.137964 39.773620 0.058589 0.058589 0.058589
vn -0.999833 0.018292 0.000000
v -2.345585 51.250065 54.960474 0.058589 0.058589 0.058589
vn -0.999833 0.018292 0.000000
v -2.345585 51.250065 42.674833 0.058589 0.058589 0.058589
vn -0.999833 0.018292 0.000000
f 1294//1294 1295//1295 1296//1296
v -9.409334 51.398706 32.006247 0.058589 0.058589 0.058589
vn 0.000000 1.000000 0.000000
v 9.409334 51.398706 32.006247 0.058589 0.058589 0.058589
vn 0.000000 1.000000 0.000000
v 2.785230 51.398706 26.014136 0.058589 0.058589 0.058589
vn 0.000000 1.000000 0.000000
f 1297//1297 1298//1298 1299//1299
v -9.409334 51.398706 32.006247 0.058589 0.058589 0.058589
vn 0.000000 1.000000 0.000000
v 2.785230 51.398706 26.014136 0.058589 0.058589 0.058589
vn 0.000000 1.000000 0.000000
v -2.785230 51.398706 26.014136 0.058589 0.058589 0.058589
vn 0.000000 1.000000 0.000000
f 1300//1300 1301//1301 1302//1302
v -2.785230 51.398706 18.927424 0.058589 0.058589 0.058589
vn -1.000000 0.000000 0.000000
v -2.785230 51.398706 26.014136 0.058589 0.058589 0.058589
vn -1.000000 0.000000 0.000000
v -2.785230 53.552252 26.014136 0.058589 0.058589 0.058589
vn -1.000000 0.000000 0.000000
f 1303//1303 1304//1304 1305//1305
v -2.785230 51.398706 18.927424 0.058589 0.058589 0.058589
vn -1.000000 0.000000 0.000000
v -2.785230 53.552252 26.014136 0.058589 0.058589 0.058589
vn -1.000000 0.000000 0.000000
v -2.785230 53.552252 18.927424 0.058589 0.058589 0.058589
vn -1.000000 0.000000 0.000000
f 1306//1306 1307//1307 1308//1308
v 9.409334 51.398706 32.006247 0.058589 0.058589 0.058589
vn 0.000000 1.000000 0.000000
v 9.409334 51.398706 8.065216 0.058589 0.058589 0.058589
vn 0.000000 1.000000 0.000000
v 2.785230 51.398706 18.927424 0.058589 0.058589 0.058589
vn 0.000000 1.000000 0.000000
f 1309//1309 1310//1310 1311//1311
v 9.409334 51.398706 32.006247 0.058589 0.058589 0.058589
vn 0.000000 1.000000 0.000000
v 2.785230 51.398706 18.927424 0.058589 0.058589 0.058589
vn 0.000000 1.000000 0.000000
v 2.785230 51.398706 26.014136 0.058589 0.058589 0.058589
vn 0.000000 1.000000 0.000000
f 1312//1312 1313//1313 1314//1314
v 2.785230 51.398706 18.927424 0.058589 0.058589 0.058589
vn 0.000000 0.000000 -1.000000
v -2.785230 51.398706 18.927424 0.058589 0.058589 0.058589
vn 0.000000 0.000000 -1.000000
v -2.785230 53.552252 18.927424 0.058589 0.058589 0.058589
vn 0.000000 0.000000 -1.000000
f 1315//1315 1316//1316 1317//1317
v 2.785230 51.398706 18.927424 0.058589 0.058589 0.058589
vn 0.000000 0.000000 -1.000000
v -2.785230 53.552252 18.927424 0.058589 0.058589 0.058589
vn 0.000000 0.000000 -1.000000
v 2.785230 53.552252 18.927424 0.058589 0.058589 0.058589
vn 0.000000 0.000000 -1.000000
f 1318//1318 1319//1319 1320//1320
v 2.345585 51.250065 54.960474 0.058589 0.058589 0.058589
vn 0.000000 -0.029585 0.999562
v -2.345585 51.250065 54.960474 0.058589 0.058589 0.058589
vn 0.000000 -0.029585 0.999562
v -2.416040 47.137964 54.838763 0.058589 0.058589 0.058589
vn 0.000000 -0.029585 0.999562
f 1321//1321 1322//1322 1323//1323
v 2.345585 51.250065 54.960474 0.058589 0.058589 0.058589
vn 0.000000 -0.029585 0.999562
v -2.416040 47.137964 54.838763 0.058589 0.058589 0.058589
vn 0.000000 -0.029585 0.999562
v 2.416040 47.137964 54.838763 0.058589 0.058589 0.058589
vn 0.000000 -0.029585 0.999562
f 1324//1324 1325//1325 1326//1326
v -2.345585 51.250065 42.674833 0.058589 0.058589 0.058589
vn 0.000000 0.576489 -0.817105
v 2.345585 51.250065 42.674833 0.058589 0.058589 0.058589
vn 0.000000 0.576489 -0.817105
v 2.420817 47.137964 39.773636 0.058589 0.058589 0.058589
vn 0.000000 0.576489 -0.817105
f 1327//1327 1328//1328 1329//1329
v -2.345585 51.250065 42.674833 0.058589 0.058589 0.058589
vn 0.000003 0.576491 -0.817103
v 2.420817 47.137964 39.773636 0.058589 0.058589 0.058589
vn 0.000003 0.576491 -0.817103
v -2.420817 47.137964 39.773620 0.058589 0.058589 0.058589
vn 0.000003 0.576491 -0.817103
f 1330//1330 1331//1331 1332//1332
v 2.416040 47.137964 54.838763 0.058589 0.058589 0.058589
vn 0.999837 0.018069 0.000317
v 2.420817 47.137964 39.773636 0.058589 0.058589 0.058589
vn 0.999837 0.018069 0.000317
v 2.345585 51.250065 42.674833 0.058589 0.058589 0.058589
vn 0.999837 0.018069 0.000317
f 1333//1333 1334//1334 1335//1335
v 2.416040 47.137964 54.838763 0.058589 0.058589 0.058589
vn 0.999853 0.017131 0.000000
v 2.345585 51.250065 42.674833 0.058589 0.058589 0.058589
vn 0.999853 0.017131 0.000000
v 2.345585 51.250065 54.960474 0.058589 0.058589 0.058589
vn 0.999853 0.017131 0.000000
f 1336//1336 1337//1337 1338//1338
v -2.785230 51.398706 26.014136 0.058589 0.058589 0.058589
vn 0.000000 0.000000 1.000000
v 2.785230 51.398706 26.014136 0.058589 0.058589 0.058589
vn 0.000000 0.000000 1.000000
v 2.785230 53.552252 26.014136 0.058589 0.058589 0.058589
vn 0.000000 0.000000 1.000000
f 1339//1339 1340//1340 1341//1341
v -2.785230 51.398706 26.014136 0.058589 0.058589 0.058589
vn 0.000000 0.000000 1.000000
v 2.785230 53.552252 26.014136 0.058589 0.058589 0.058589
vn 0.000000 0.000000 1.000000
v -2.785230 53.552252 26.014136 0.058589 0.058589 0.058589
vn 0.000000 0.000000 1.000000
f 1342//1342 1343//1343 1344//1344
v 2.785230 53.552252 26.014136 0.058589 0.058589 0.058589
vn 0.000000 1.000000 0.000000
v 2.785230 53.552252 18.927424 0.058589 0.058589 0.058589
vn 0.000000 1.000000 0.000000
v -2.785230 53.552252 18.927424 0.058589 0.058589 0.058589
vn 0.000000 1.000000 0.000000
f 1345//1345 1346//1346 1347//1347
v 2.785230 53.552252 26.014136 0.058589 0.058589 0.058589
vn 0.000000 1.000000 0.000000
v -2.785230 53.552252 18.927424 0.058589 0.058589 0.058589
vn 0.000000 1.000000 0.000000
v -2.785230 53.552252 26.014136 0.058589 0.058589 0.058589
vn 0.000000 1.000000 0.000000
f 1348//1348 1349//1349 1350//1350
v 2.785230 51.398706 26.014136 0.058589 0.058589 0.058589
vn 1.000000 0.000000 0.000000
v 2.785230 51.398706 18.927424 0.058589 0.058589 0.058589
vn 1.000000 0.000000 0.000000
v 2.785230 53.552252 18.927424 0.058589 0.058589 0.058589
vn 1.000000 0.000000 0.000000
f 1351//1351 1352//1352 1353//1353
v 2.785230 51.398706 26.014136 0.058589 0.058589 0.058589
vn 1.000000 0.000000 0.000000
v 2.785230 53.552252 18.927424 0.058589 0.058589 0.058589
vn 1.000000 0.000000 0.000000
v 2.785230 53.552252 26.014136 0.058589 0.058589 0.058589
vn 1.000000 0.000000 0.000000
f 1354//1354 1355//1355 1356//1356
v -2.345585 51.250065 54.960474 0.058589 0.058589 0.058589
vn 0.000000 0.411404 0.911453
v 2.345585 51.250065 54.960474 0.058589 0.058589 0.058589
vn 0.000000 0.411404 0.911453
v 2.061486 56.387085 52.641770 0.058589 0.058589 0.058589
vn 0.000000 0.411404 0.911453
f 1357//1357 1358//1358 1359//1359
v -2.345585 51.250065 54.960474 0.058589 0.058589 0.058589
vn 0.000000 0.411404 0.911453
v 2.061486 56.387085 52.641770 0.058589 0.058589 0.058589
vn 0.000000 0.411404 0.911453
v -2.061486 56.387085 52.641770 0.058589 0.058589 0.058589
vn 0.000000 0.411404 0.911453
f 1360//1360 1361//1361 1362//1362
v 2.345585 51.250065 42.674833 0.058589 0.058589 0.058589
vn 0.000000 0.180013 -0.983664
v -2.345585 51.250065 42.674833 0.058589 0.058589 0.058589
vn 0.000000 0.180013 -0.983664
v -2.061486 56.387085 43.614923 0.058589 0.058589 0.058589
vn 0.000000 0.180013 -0.983664
f 1363//1363 1364//1364 1365//1365
v 2.345585 51.250065 42.674833 0.058589 0.058589 0.058589
vn 0.000000 0.180013 -0.983664
v -2.061486 56.387085 43.614923 0.058589 0.058589 0.058589
vn 0.000000 0.180013 -0.983664
v 2.061486 56.387085 43.614923 0.058589 0.058589 0.058589
vn 0.000000 0.180013 -0.983664
f 1366//1366 1367//1367 1368//1368
v -2.345585 51.250065 42.674833 0.058589 0.058589 0.058589
vn -0.998474 0.055220 0.000000
v -2.345585 51.250065 54.960474 0.058589 0.058589 0.058589
vn -0.998474 0.055220 0.000000
v -2.061486 56.387085 52.641770 0.058589 0.058589 0.058589
vn -0.998474 0.055220 0.000000
f 1369//1369 1370//1370 1371//1371
v -2.345585 51.250065 42.674833 0.058589 0.058589 0.058589
vn -0.998474 0.055220 0.000000
v -2.061486 56.387085 52.641770 0.058589 0.058589 0.058589
vn -0.998474 0.055220 0.000000
v -2.061486 56.387085 43.614923 0.058589 0.058589 0.058589
vn -0.998474 0.055220 0.000000
f 1372//1372 1373//1373 1374//1374
v 2.345585 51.250065 54.960474 0.058589 0.058589 0.058589
vn 0.998474 0.055220 0.000000
v 2.345585 51.250065 42.674833 0.058589 0.058589 0.058589
vn 0.998474 0.055220 0.000000
v 2.061486 56.387085 43.614923 0.058589 0.058589 0.058589
vn 0.998474 0.055220 0.000000
f 1375//1375 1376//1376 1377//1377
v 2.345585 51.250065 54.960474 0.058589 0.058589 0.058589
vn 0.998474 0.055220 0.000000
v 2.061486 56.387085 43.614923 0.058589 0.058589 0.058589
vn 0.998474 0.055220 0.000000
v 2.061486 56.387085 52.641770 0.058589 0.058589 0.058589
vn 0.998474 0.055220 0.000000
f 1378//1378 1379//1379 1380//1380
v -2.061486 56.387085 52.641770 0.058589 0.058589 0.058589
vn 0.000000 -1.000000 0.000000
v 2.061486 56.387085 52.641770 0.058589 0.058589 0.058589
vn 0.000000 -1.000000 0.000000
v 2.061486 56.387085 55.025444 0.058589 0.058589 0.058589
vn 0.000000 -1.000000 0.000000
f 1381//1381 1382//1382 1383//1383
v -2.061486 56.387085 52.641770 0.058589 0.058589 0.058589
vn 0.000000 -1.000000 0.000000
v 2.061486 56.387085 55.025444 0.058589 0.058589 0.058589
vn 0.000000 -1.000000 0.000000
v -2.061486 56.387085 55.025444 0.058589 0.058589 0.058589
vn 0.000000 -1.000000 0.000000
f 1384//1384 1385//1385 1386//1386
v 2.061486 56.387085 43.614923 0.058589 0.058589 0.058589
vn 0.000000 0.180025 -0.983662
v -2.061486 56.387085 43.614923 0.058589 0.058589 0.058589
vn 0.000000 0.180025 -0.983662
v -2.012052 57.280941 43.778512 0.058589 0.058589 0.058589
vn 0.000000 0.180025 -0.983662
f 1387//1387 1388//1388 1389//1389
v 2.061486 56.387085 43.614923 0.058589 0.058589 0.058589
vn 0.000000 0.180025 -0.983662
v -2.012052 57.280941 43.778512 0.058589 0.058589 0.058589
vn 0.000000 0.180025 -0.983662
v 2.012052 57.280941 43.778512 0.058589 0.058589 0.058589
vn 0.000000 0.180025 -0.983662
f 1390//1390 1391//1391 1392//1392
v -2.061486 56.387085 43.614923 0.058589 0.058589 0.058589
vn -0.998474 0.055220 0.000000
v -2.061486 56.387085 52.641770 0.058589 0.058589 0.058589
vn -0.998474 0.055220 0.000000
v -2.012052 57.280941 52.238309 0.058589 0.058589 0.058589
vn -0.998474 0.055220 0.000000
f 1393//1393 1394//1394 1395//1395
v -2.061486 56.387085 43.614923 0.058589 0.058589 0.058589
vn -0.998474 0.055220 0.000000
v -2.012052 57.280941 52.238309 0.058589 0.058589 0.058589
vn -0.998474 0.055220 0.000000
v -2.012052 57.280941 43.778512 0.058589 0.058589 0.058589
vn -0.998474 0.055220 0.000000
f 1396//1396 1397//1397 1398//1398
v 2.061486 56.387085 52.641770 0.058589 0.058589 0.058589
vn 0.998474 0.055220 0.000000
v 2.061486 56.387085 43.614923 0.058589 0.058589 0.058589
vn 0.998474 0.055220 0.000000
v 2.012052 57.280941 43.778512 0.058589 0.058589 0.058589
vn 0.998474 0.055220 0.000000
f 1399//1399 1400//1400 1401//1401
v 2.061486 56.387085 52.641770 0.058589 0.058589 0.058589
vn 0.998474 0.055220 0.000000
v 2.012052 57.280941 43.778512 0.058589 0.058589 0.058589
vn 0.998474 0.055220 0.000000
v 2.012052 57.280941 52.238309 0.058589 0.058589 0.058589
vn 0.998474 0.055220 0.000000
f 1402//1402 1403//1403 1404//1404
v -2.061486 56.387085 52.641770 0.058589 0.058589 0.058589
vn 0.000000 -1.000000 0.000000
v -2.061486 56.387085 55.025444 0.058589 0.058589 0.058589
vn 0.000000 -1.000000 0.000000
v -4.724853 56.387085 55.025444 0.058589 0.058589 0.058589
vn 0.000000 -1.000000 0.000000
f 1405//1405 1406//1406 1407//1407
v -2.061486 56.387085 52.641770 0.058589 0.058589 0.058589
vn 0.000000 -1.000000 0.000000
v -4.724853 56.387085 55.025444 0.058589 0.058589 0.058589
vn 0.000000 -1.000000 0.000000
v -4.724853 56.387085 52.641770 0.058589 0.058589 0.058589
vn 0.000000 -1.000000 0.000000
f 1408//1408 1409//1409 1410//1410
v 2.061486 56.387085 55.025444 0.058589 0.058589 0.058589
vn 0.000000 -1.000000 0.000000
v 2.061486 56.387085 52.641770 0.058589 0.058589 0.058589
vn 0.000000 -1.000000 0.000000
v 4.724853 56.387085 52.641770 0.058589 0.058589 0.058589
vn 0.000000 -1.000000 0.000000
f 1411//1411 1412//1412 1413//1413
v 2.061486 56.387085 55.025444 0.058589 0.058589 0.058589
vn 0.000000 -1.000000 0.000000
v 4.724853 56.387085 52.641770 0.058589 0.058589 0.058589
vn 0.000000 -1.000000 0.000000
v 4.724853 56.387085 55.025444 0.058589 0.058589 0.058589
vn 0.000000 -1.000000 0.000000
f 1414//1414 1415//1415 1416//1416
v -2.061486 56.387085 55.025444 0.058589 0.058589 0.058589
vn 0.000000 0.411403 0.911453
v 2.061486 56.387085 55.025444 0.058589 0.058589 0.058589
vn 0.000000 0.411403 0.911453
v 2.012052 57.280941 54.621983 0.058589 0.058589 0.058589
vn 0.000000 0.411403 0.911453
f 1417//1417 1418//1418 1419//1419
v -2.061486 56.387085 55.025444 0.058589 0.058589 0.058589
vn 0.000000 0.411403 0.911453
v 2.012052 57.280941 54.621983 0.058589 0.058589 0.058589
vn 0.000000 0.411403 0.911453
v -2.012052 57.280941 54.621983 0.058589 0.058589 0.058589
vn 0.000000 0.411403 0.911453
f 1420//1420 1421//1421 1422//1422
v 2.012052 57.280941 43.778512 0.058589 0.058589 0.058589
vn 0.000000 0.180013 -0.983664
v -2.012052 57.280941 43.778512 0.058589 0.058589 0.058589
vn 0.000000 0.180013 -0.983664
v -1.678530 63.311818 44.882175 0.058589 0.058589 0.058589
vn 0.000000 0.180013 -0.983664
f 1423//1423 1424//1424 1425//1425
v 2.012052 57.280941 43.778512 0.058589 0.058589 0.058589
vn 0.000000 0.180013 -0.983664
v -1.678530 63.311818 44.882175 0.058589 0.058589 0.058589
vn 0.000000 0.180013 -0.983664
v 1.678530 63.311818 44.882175 0.058589 0.058589 0.058589
vn 0.000000 0.180013 -0.983664
f 1426//1426 1427//1427 1428//1428
v -2.012052 57.280941 52.238309 0.058589 0.058589 0.058589
vn 0.000000 -0.411403 -0.911453
v -2.061486 56.387085 52.641770 0.058589 0.058589 0.058589
vn 0.000000 -0.411403 -0.911453
v -4.724853 56.387085 52.641770 0.058589 0.058589 0.058589
vn 0.000000 -0.411403 -0.911453
f 1429//1429 1430//1430 1431//1431
v -2.012052 57.280941 52.238309 0.058589 0.058589 0.058589
vn 0.000000 -0.411403 -0.911453
v -4.724853 56.387085 52.641770 0.058589 0.058589 0.058589
vn 0.000000 -0.411403 -0.911453
v -4.707255 57.280941 52.238309 0.058589 0.058589 0.058589
vn 0.000000 -0.411403 -0.911453
f 1432//1432 1433//1433 1434//1434
v -2.012052 57.280941 43.778512 0.058589 0.058589 0.058589
vn -0.998474 0.055218 0.000000
v -2.012052 57.280941 52.238309 0.058589 0.058589 0.058589
vn -0.998474 0.055218 0.000000
v -1.678530 63.311818 49.516161 0.058589 0.058589 0.058589
vn -0.998474 0.055218 0.000000
f 1435//1435 1436//1436 1437//1437
v -2.012052 57.280941 43.778512 0.058589 0.058589 0.058589
vn -0.998474 0.055218 0.000000
v -1.678530 63.311818 49.516161 0.058589 0.058589 0.058589
vn -0.998474 0.055218 0.000000
v -1.678530 63.311818 44.882175 0.058589 0.058589 0.058589
vn -0.998474 0.055218 0.000000
f 1438//1438 1439//1439 1440//1440
v 2.061486 56.387085 52.641770 0.058589 0.058589 0.058589
vn 0.000000 -0.411403 -0.911453
v 2.012052 57.280941 52.238309 0.058589 0.058589 0.058589
vn 0.000000 -0.411403 -0.911453
v 4.707255 57.280941 52.238309 0.058589 0.058589 0.058589
vn 0.000000 -0.411403 -0.911453
f 1441//1441 1442//1442 1443//1443
v 2.061486 56.387085 52.641770 0.058589 0.058589 0.058589
vn 0.000000 -0.411403 -0.911453
v 4.707255 57.280941 52.238309 0.058589 0.058589 0.058589
vn 0.000000 -0.411403 -0.911453
v 4.724853 56.387085 52.641770 0.058589 0.058589 0.058589
vn 0.000000 -0.411403 -0.911453
f 1444//1444 1445//1445 1446//1446
v 2.012052 57.280941 52.238309 0.058589 0.058589 0.058589
vn 0.998474 0.055218 0.000000
v 2.012052 57.280941 43.778512 0.058589 0.058589 0.058589
vn 0.998474 0.055218 0.000000
v 1.678530 63.311818 44.882175 0.058589 0.058589 0.058589
vn 0.998474 0.055218 0.000000
f 1447//1447 1448//1448 1449//1449
v 2.012052 57.280941 52.238309 0.058589 0.058589 0.058589
vn 0.998474 0.055218 0.000000
v 1.678530 63.311818 44.882175 0.058589 0.058589 0.058589
vn 0.998474 0.055218 0.000000
v 1.678530 63.311818 49.516161 0.058589 0.058589 0.058589
vn 0.998474 0.055218 0.000000
f 1450//1450 1451//1451 1452//1452
v -2.061486 56.387085 55.025444 0.058589 0.058589 0.058589
vn 0.000000 0.411403 0.911453
v -2.012052 57.280941 54.621983 0.058589 0.058589 0.058589
vn 0.000000 0.411403 0.911453
v -4.707255 57.280941 54.621983 0.058589 0.058589 0.058589
vn 0.000000 0.411403 0.911453
f 1453//1453 1454//1454 1455//1455
v -2.061486 56.387085 55.025444 0.058589 0.058589 0.058589
vn 0.000000 0.411403 0.911453
v -4.707255 57.280941 54.621983 0.058589 0.058589 0.058589
vn 0.000000 0.411403 0.911453
v -4.724853 56.387085 55.025444 0.058589 0.058589 0.058589
vn 0.000000 0.411403 0.911453
f 1456//1456 1457//1457 1458//1458
v -4.707255 57.280941 52.238309 0.058589 0.058589 0.058589
vn -0.999806 0.019684 0.000000
v -4.724853 56.387085 52.641770 0.058589 0.058589 0.058589
vn -0.999806 0.019684 0.000000
v -4.724853 56.387085 55.025444 0.058589 0.058589 0.058589
vn -0.999806 0.019684 0.000000
f 1459//1459 1460//1460 1461//1461
v -4.707255 57.280941 52.238309 0.058589 0.058589 0.058589
vn -0.999806 0.019684 0.000000
v -4.724853 56.387085 55.025444 0.058589 0.058589 0.058589
vn -0.999806 0.019684 0.000000
v -4.707255 57.280941 54.621983 0.058589 0.058589 0.058589
vn -0.999806 0.019684 0.000000
f 1462//1462 1463//1463 1464//1464
v 2.012052 57.280941 54.621983 0.058589 0.058589 0.058589
vn 0.000000 0.411403 0.911453
v 2.061486 56.387085 55.025444 0.058589 0.058589 0.058589
vn 0.000000 0.411403 0.911453
v 4.724853 56.387085 55.025444 0.058589 0.058589 0.058589
vn 0.000000 0.411403 0.911453
f 1465//1465 1466//1466 1467//1467
v 2.012052 57.280941 54.621983 0.058589 0.058589 0.058589
vn 0.000000 0.411403 0.911453
v 4.724853 56.387085 55.025444 0.058589 0.058589 0.058589
vn 0.000000 0.411403 0.911453
v 4.707255 57.280941 54.621983 0.058589 0.058589 0.058589
vn 0.000000 0.411403 0.911453
f 1468//1468 1469//1469 1470//1470
v 4.724853 56.387085 52.641770 0.058589 0.058589 0.058589
vn 0.999806 0.019684 0.000000
v 4.707255 57.280941 52.238309 0.058589 0.058589 0.058589
vn 0.999806 0.019684 0.000000
v 4.707255 57.280941 54.621983 0.058589 0.058589 0.058589
vn 0.999806 0.019684 0.000000
f 1471//1471 1472//1472 1473//1473
v 4.724853 56.387085 52.641770 0.058589 0.058589 0.058589
vn 0.999806 0.019684 0.000000
v 4.707255 57.280941 54.621983 0.058589 0.058589 0.058589
vn 0.999806 0.019684 0.000000
v 4.724853 56.387085 55.025444 0.058589 0.058589 0.058589
vn 0.999806 0.019684 0.000000
f 1474//1474 1475//1475 1476//1476
v 2.012052 57.280941 52.238309 0.058589 0.058589 0.058589
vn 0.000000 1.000000 0.000000
v -2.012052 57.280941 52.238309 0.058589 0.058589 0.058589
vn 0.000000 1.000000 0.000000
v -2.012052 57.280941 54.621983 0.058589 0.058589 0.058589
vn 0.000000 1.000000 0.000000
f 1477//1477 1478//1478 1479//1479
v 2.012052 57.280941 52.238309 0.058589 0.058589 0.058589
vn 0.000000 1.000000 0.000000
v -2.012052 57.280941 54.621983 0.058589 0.058589 0.058589
vn 0.000000 1.000000 0.000000
v 2.012052 57.280941 54.621983 0.058589 0.058589 0.058589
vn 0.000000 1.000000 0.000000
f 1480//1480 1481//1481 1482//1482
v 1.678530 63.311818 44.882175 0.058589 0.058589 0.058589
vn 0.000000 -1.000000 0.000000
v -1.678530 63.311818 44.882175 0.058589 0.058589 0.058589
vn 0.000000 -1.000000 0.000000
v -1.678530 63.311818 42.900210 0.058589 0.058589 0.058589
vn 0.000000 -1.000000 0.000000
f 1483//1483 1484//1484 1485//1485
v 1.678530 63.311818 44.882175 0.058589 0.058589 0.058589
vn 0.000000 -1.000000 0.000000
v -1.678530 63.311818 42.900210 0.058589 0.058589 0.058589
vn 0.000000 -1.000000 0.000000
v 1.678530 63.311818 42.900210 0.058589 0.058589 0.058589
vn 0.000000 -1.000000 0.000000
f 1486//1486 1487//1487 1488//1488
v -2.012052 57.280941 54.621983 0.058589 0.058589 0.058589
vn 0.000000 1.000000 0.000000
v -2.012052 57.280941 52.238309 0.058589 0.058589 0.058589
vn 0.000000 1.000000 0.000000
v -4.707255 57.280941 52.238309 0.058589 0.058589 0.058589
vn 0.000000 1.000000 0.000000
f 1489//1489 1490//1490 1491//1491
v -2.012052 57.280941 54.621983 0.058589 0.058589 0.058589
vn 0.000000 1.000000 0.000000
v -4.707255 57.280941 52.238309 0.058589 0.058589 0.058589
vn 0.000000 1.000000 0.000000
v -4.707255 57.280941 54.621983 0.058589 0.058589 0.058589
vn 0.000000 1.000000 0.000000
f 1492//1492 1493//1493 1494//1494
v -2.012052 57.280941 52.238309 0.058589 0.058589 0.058589
vn 0.000000 0.411402 0.911454
v 2.012052 57.280941 52.238309 0.058589 0.058589 0.058589
vn 0.000000 0.411402 0.911454
v 1.678530 63.311818 49.516161 0.058589 0.058589 0.058589
vn 0.000000 0.411402 0.911454
f 1495//1495 1496//1496 1497//1497
v -2.012052 57.280941 52.238309 0.058589 0.058589 0.058589
vn 0.000000 0.411402 0.911454
v 1.678530 63.311818 49.516161 0.058589 0.058589 0.058589
vn 0.000000 0.411402 0.911454
v -1.678530 63.311818 49.516161 0.058589 0.058589 0.058589
vn 0.000000 0.411402 0.911454
f 1498//1498 1499//1499 1500//1500
v -1.678530 63.311818 44.882175 0.058589 0.058589 0.058589
vn -1.000000 0.000000 0.000000
v -1.678530 63.311818 49.516161 0.058589 0.058589 0.058589
vn -1.000000 0.000000 0.000000
v -1.678530 65.000000 49.516161 0.058589 0.058589 0.058589
vn -1.000000 0.000000 0.000000
f 1501//1501 1502//1502 1503//1503
v -1.678530 63.311818 44.882175 0.058589 0.058589 0.058589
vn -1.000000 0.000000 0.000000
v -1.678530 65.000000 49.516161 0.058589 0.058589 0.058589
vn -1.000000 0.000000 0.000000
v -1.678530 65.000000 44.882175 0.058589 0.058589 0.058589
vn -1.000000 0.000000 0.000000
f 1504//1504 1505//1505 1506//1506
v -18.512529 26.068236 -6.184827 0.058589 0.058589 0.058589
vn 0.996339 0.085483 -0.000623
v -18.663603 27.829059 -6.185277 0.058589 0.058589 0.058589
vn 0.996339 0.085483 -0.000623
v -18.611544 27.829059 77.030662 0.058589 0.058589 0.058589
vn 0.996339 0.085483 -0.000623
f 1507//1507 1508//1508 1509//1509
v -18.512529 26.068236 -6.184827 0.058589 0.058589 0.058589
vn 0.995756 0.092024 -0.000762
v -18.611544 27.829059 77.030662 0.058589 0.058589 0.058589
vn 0.995756 0.092024 -0.000762
v -18.448815 26.068236 77.031112 0.058589 0.058589 0.058589
vn 0.995756 0.092024 -0.000762
f 1510//1510 1511//1511 1512//1512
v 2.012052 57.280941 52.238309 0.058589 0.058589 0.058589
vn 0.000000 1.000000 0.000000
v 2.012052 57.280941 54.621983 0.058589 0.058589 0.058589
vn 0.000000 1.000000 0.000000
v 4.707255 57.280941 54.621983 0.058589 0.058589 0.058589
vn 0.000000 1.000000 0.000000
f 1513//1513 1514//1514 1515//1515
v 2.012052 57.280941 52.238309 0.058589 0.058589 0.058589
vn 0.000000 1.000000 0.000000
v 4.707255 57.280941 54.621983 0.058589 0.058589 0.058589
vn 0.000000 1.000000 0.000000
v 4.707255 57.280941 52.238309 0.058589 0.058589 0.058589
vn 0.000000 1.000000 0.000000
f 1516//1516 1517//1517 1518//1518
v 1.678530 63.311818 49.516161 0.058589 0.058589 0.058589
vn 1.000000 0.000000 0.000000
v 1.678530 63.311818 44.882175 0.058589 0.058589 0.058589
vn 1.000000 0.000000 0.000000
v 1.678530 65.000000 44.882175 0.058589 0.058589 0.058589
vn 1.000000 0.000000 0.000000
f 1519//1519 1520//1520 1521//1521
v 1.678530 63.311818 49.516161 0.058589 0.058589 0.058589
vn 1.000000 0.000000 0.000000
v 1.678530 65.000000 44.882175 0.058589 0.058589 0.058589
vn 1.000000 0.000000 0.000000
v 1.678530 65.000000 49.516161 0.058589 0.058589 0.058589
vn 1.000000 0.000000 0.000000
f 1522//1522 1523//1523 1524//1524
v 1.678530 63.311818 44.882175 0.058589 0.058589 0.058589
vn 0.000000 -1.000000 0.000000
v 1.678530 63.311818 42.900210 0.058589 0.058589 0.058589
vn 0.000000 -1.000000 0.000000
v 4.448671 63.311818 42.900210 0.058589 0.058589 0.058589
vn 0.000000 -1.000000 0.000000
f 1525//1525 1526//1526 1527//1527
v 1.678530 63.311818 44.882175 0.058589 0.058589 0.058589
vn 0.000000 -1.000000 0.000000
v 4.448671 63.311818 42.900210 0.058589 0.058589 0.058589
vn 0.000000 -1.000000 0.000000
v 4.448671 63.311818 44.882175 0.058589 0.058589 0.058589
vn 0.000000 -1.000000 0.000000
f 1528//1528 1529//1529 1530//1530
v -1.678530 63.311818 42.900210 0.058589 0.058589 0.058589
vn 0.000000 -1.000000 0.000000
v -1.678530 63.311818 44.882175 0.058589 0.058589 0.058589
vn 0.000000 -1.000000 0.000000
v -4.448671 63.311818 44.882175 0.058589 0.058589 0.058589
vn 0.000000 -1.000000 0.000000
f 1531//1531 1532//1532 1533//1533
v -1.678530 63.311818 42.900210 0.058589 0.058589 0.058589
vn 0.000000 -1.000000 0.000000
v -4.448671 63.311818 44.882175 0.058589 0.058589 0.058589
vn 0.000000 -1.000000 0.000000
v -4.448671 63.311818 42.900210 0.058589 0.058589 0.058589
vn 0.000000 -1.000000 0.000000
f 1534//1534 1535//1535 1536//1536
v 1.678530 63.311818 42.900210 0.058589 0.058589 0.058589
vn 0.000000 0.000000 -1.000000
v -1.678530 63.311818 42.900210 0.058589 0.058589 0.058589
vn 0.000000 0.000000 -1.000000
v -1.678530 65.000000 42.900210 0.058589 0.058589 0.058589
vn 0.000000 0.000000 -1.000000
f 1537//1537 1538//1538 1539//1539
v 1.678530 63.311818 42.900210 0.058589 0.058589 0.058589
vn 0.000000 0.000000 -1.000000
v -1.678530 65.000000 42.900210 0.058589 0.058589 0.058589
vn 0.000000 0.000000 -1.000000
v 1.678530 65.000000 42.900210 0.058589 0.058589 0.058589
vn 0.000000 0.000000 -1.000000
f 1540//1540 1541//1541 1542//1542
v -1.678530 63.311818 49.516161 0.058589 0.058589 0.058589
vn 0.000000 0.000000 1.000000
v 1.678530 63.311818 49.516161 0.058589 0.058589 0.058589
vn 0.000000 0.000000 1.000000
v 1.678530 65.000000 49.516161 0.058589 0.058589 0.058589
vn 0.000000 0.000000 1.000000
f 1543//1543 1544//1544 1545//1545
v -1.678530 63.311818 49.516161 0.058589 0.058589 0.058589
vn 0.000000 0.000000 1.000000
v 1.678530 65.000000 49.516161 0.058589 0.058589 0.058589
vn 0.000000 0.000000 1.000000
v -1.678530 65.000000 49.516161 0.058589 0.058589 0.058589
vn 0.000000 0.000000 1.000000
f 1546//1546 1547//1547 1548//1548
v -1.678530 63.311818 44.882175 0.058589 0.058589 0.058589
vn 0.000000 0.000000 1.000000
v -1.678530 65.000000 44.882175 0.058589 0.058589 0.058589
vn 0.000000 0.000000 1.000000
v -4.448671 65.000000 44.882175 0.058589 0.058589 0.058589
vn 0.000000 0.000000 1.000000
f 1549//1549 1550//1550 1551//1551
v -1.678530 63.311818 44.882175 0.058589 0.058589 0.058589
vn 0.000000 0.000000 1.000000
v -4.448671 65.000000 44.882175 0.058589 0.058589 0.058589
vn 0.000000 0.000000 1.000000
v -4.448671 63.311818 44.882175 0.058589 0.058589 0.058589
vn 0.000000 0.000000 1.000000
f 1552//1552 1553//1553 1554//1554
v 1.678530 65.000000 49.516161 0.058589 0.058589 0.058589
vn 0.000000 1.000000 0.000000
v 1.678530 65.000000 44.882175 0.058589 0.058589 0.058589
vn 0.000000 1.000000 0.000000
v -1.678530 65.000000 44.882175 0.058589 0.058589 0.058589
vn 0.000000 1.000000 0.000000
f 1555//1555 1556//1556 1557//1557
v 1.678530 65.000000 49.516161 0.058589 0.058589 0.058589
vn 0.000000 1.000000 0.000000
v -1.678530 65.000000 44.882175 0.058589 0.058589 0.058589
vn 0.000000 1.000000 0.000000
v -1.678530 65.000000 49.516161 0.058589 0.058589 0.058589
vn 0.000000 1.000000 0.000000
f 1558//1558 1559//1559 1560//1560
v -18.663603 27.829059 -6.185277 0.058589 0.058589 0.058589
vn 0.996339 0.085483 -0.000554
v -18.512529 26.068236 -6.184827 0.058589 0.058589 0.058589
vn 0.996339 0.085483 -0.000554
v -18.520152 26.068236 -19.892824 0.058589 0.058589 0.058589
vn 0.996339 0.085483 -0.000554
f 1561//1561 1562//1562 1563//1563
v -18.663603 27.829059 -6.185277 0.058589 0.058589 0.058589
vn 0.996407 0.084699 -0.000453
v -18.520152 26.068236 -19.892824 0.058589 0.058589 0.058589
vn 0.996407 0.084699 -0.000453
v -18.669829 27.829059 -19.893274 0.058589 0.058589 0.058589
vn 0.996407 0.084699 -0.000453
f 1564//1564 1565//1565 1566//1566
v -18.448815 26.068236 77.031112 0.058589 0.058589 0.058589
vn 0.995757 0.092024 -0.000597
v -18.611544 27.829059 77.030662 0.058589 0.058589 0.058589
vn 0.995757 0.092024 -0.000597
v -18.607092 27.829059 84.462019 0.058589 0.058589 0.058589
vn 0.995757 0.092024 -0.000597
f 1567//1567 1568//1568 1569//1569
v -18.448815 26.068236 77.031112 0.058589 0.058589 0.058589
vn 0.995692 0.092719 -0.000763
v -18.607092 27.829059 84.462019 0.058589 0.058589 0.058589
vn 0.995692 0.092719 -0.000763
v -18.443365 26.068236 84.145511 0.058589 0.058589 0.058589
vn 0.995692 0.092719 -0.000763
f 1570//1570 1571//1571 1572//1572
v 1.678530 65.000000 44.882175 0.058589 0.058589 0.058589
vn 0.000000 0.000000 1.000000
v 1.678530 63.311818 44.882175 0.058589 0.058589 0.058589
vn 0.000000 0.000000 1.000000
v 4.448671 63.311818 44.882175 0.058589 0.058589 0.058589
vn 0.000000 0.000000 1.000000
f 1573//1573 1574//1574 1575//1575
v 1.678530 65.000000 44.882175 0.058589 0.058589 0.058589
vn 0.000000 0.000000 1.000000
v 4.448671 63.311818 44.882175 0.058589 0.058589 0.058589
vn 0.000000 0.000000 1.000000
v 4.448671 65.000000 44.882175 0.058589 0.058589 0.058589
vn 0.000000 0.000000 1.000000
f 1576//1576 1577//1577 1578//1578
v 1.678530 63.311818 42.900210 0.058589 0.058589 0.058589
vn 0.000000 0.000000 -1.000000
v 1.678530 65.000000 42.900210 0.058589 0.058589 0.058589
vn 0.000000 0.000000 -1.000000
v 4.448671 65.000000 42.900210 0.058589 0.058589 0.058589
vn 0.000000 0.000000 -1.000000
f 1579//1579 1580//1580 1581//1581
v 1.678530 63.311818 42.900210 0.058589 0.058589 0.058589
vn 0.000000 0.000000 -1.000000
v 4.448671 65.000000 42.900210 0.058589 0.058589 0.058589
vn 0.000000 0.000000 -1.000000
v 4.448671 63.311818 42.900210 0.058589 0.058589 0.058589
vn 0.000000 0.000000 -1.000000
f 1582//1582 1583//1583 1584//1584
v 4.448671 65.000000 44.882175 0.058589 0.058589 0.058589
vn 1.000000 0.000000 0.000000
v 4.448671 63.311818 44.882175 0.058589 0.058589 0.058589
vn 1.000000 0.000000 0.000000
v 4.448671 63.311818 42.900210 0.058589 0.058589 0.058589
vn 1.000000 0.000000 0.000000
f 1585//1585 1586//1586 1587//1587
v 4.448671 65.000000 44.882175 0.058589 0.058589 0.058589
vn 1.000000 0.000000 0.000000
v 4.448671 63.311818 42.900210 0.058589 0.058589 0.058589
vn 1.000000 0.000000 0.000000
v 4.448671 65.000000 42.900210 0.058589 0.058589 0.058589
vn 1.000000 0.000000 0.000000
f 1588//1588 1589//1589 1590//1590
v -1.678530 65.000000 42.900210 0.058589 0.058589 0.058589
vn 0.000000 0.000000 -1.000000
v -1.678530 63.311818 42.900210 0.058589 0.058589 0.058589
vn 0.000000 0.000000 -1.000000
v -4.448671 63.311818 42.900210 0.058589 0.058589 0.058589
vn 0.000000 0.000000 -1.000000
f 1591//1591 1592//1592 1593//1593
v -1.678530 65.000000 42.900210 0.058589 0.058589 0.058589
vn 0.000000 0.000000 -1.000000
v -4.448671 63.311818 42.900210 0.058589 0.058589 0.058589
vn 0.000000 0.000000 -1.000000
v -4.448671 65.000000 42.900210 0.058589 0.058589 0.058589
vn 0.000000 0.000000 -1.000000
f 1594//1594 1595//1595 1596//1596
v -4.448671 63.311818 44.882175 0.058589 0.058589 0.058589
vn -1.000000 0.000000 0.000000
v -4.448671 65.000000 44.882175 0.058589 0.058589 0.058589
vn -1.000000 0.000000 0.000000
v -4.448671 65.000000 42.900210 0.058589 0.058589 0.058589
vn -1.000000 0.000000 0.000000
f 1597//1597 1598//1598 1599//1599
v -4.448671 63.311818 44.882175 0.058589 0.058589 0.058589
vn -1.000000 0.000000 0.000000
v -4.448671 65.000000 42.900210 0.058589 0.058589 0.058589
vn -1.000000 0.000000 0.000000
v -4.448671 63.311818 42.900210 0.058589 0.058589 0.058589
vn -1.000000 0.000000 0.000000
f 1600//1600 1601//1601 1602//1602
v -1.678530 65.000000 44.882175 0.058589 0.058589 0.058589
vn 0.000000 1.000000 0.000000
v 1.678530 65.000000 44.882175 0.058589 0.058589 0.058589
vn 0.000000 1.000000 0.000000
v 1.678530 65.000000 42.900210 0.058589 0.058589 0.058589
vn 0.000000 1.000000 0.000000
f 1603//1603 1604//1604 1605//1605
v -1.678530 65.000000 44.882175 0.058589 0.058589 0.058589
vn 0.000000 1.000000 0.000000
v 1.678530 65.000000 42.900210 0.058589 0.058589 0.058589
vn 0.000000 1.000000 0.000000
v -1.678530 65.000000 42.900210 0.058589 0.058589 0.058589
vn 0.000000 1.000000 0.000000
f 1606//1606 1607//1607 1608//1608
v -1.678530 65.000000 44.882175 0.058589 0.058589 0.058589
vn 0.000000 1.000000 0.000000
v -1.678530 65.000000 42.900210 0.058589 0.058589 0.058589
vn 0.000000 1.000000 0.000000
v -4.448671 65.000000 42.900210 0.058589 0.058589 0.058589
vn 0.000000 1.000000 0.000000
f 1609//1609 1610//1610 1611//1611
v -1.678530 65.000000 44.882175 0.058589 0.058589 0.058589
vn 0.000000 1.000000 0.000000
v -4.448671 65.000000 42.900210 0.058589 0.058589 0.058589
vn 0.000000 1.000000 0.000000
v -4.448671 65.000000 44.882175 0.058589 0.058589 0.058589
vn 0.000000 1.000000 0.000000
f 1612//1612 1613//1613 1614//1614
v 18.512529 26.068236 -6.184827 0.058589 0.058589 0.058589
vn -0.995756 0.092024 -0.000762
v 18.448815 26.068236 77.031112 0.058589 0.058589 0.058589
vn -0.995756 0.092024 -0.000762
v 18.611544 27.829059 77.030662 0.058589 0.058589 0.058589
vn -0.995756 0.092024 -0.000762
f 1615//1615 1616//1616 1617//1617
v 18.512529 26.068236 -6.184827 0.058589 0.058589 0.058589
vn -0.996339 0.085483 -0.000623
v 18.611544 27.829059 77.030662 0.058589 0.058589 0.058589
vn -0.996339 0.085483 -0.000623
v 18.663603 27.829059 -6.185277 0.058589 0.058589 0.058589
vn -0.996339 0.085483 -0.000623
f 1618//1618 1619//1619 1620//1620
v -20.696015 27.829059 77.030646 0.058589 0.058589 0.058589
vn 0.000000 1.000000 0.000000
v -18.611544 27.829059 77.030662 0.058589 0.058589 0.058589
vn 0.000000 1.000000 0.000000
v -18.663603 27.829059 -6.185277 0.058589 0.058589 0.058589
vn 0.000000 1.000000 0.000000
f 1621//1621 1622//1622 1623//1623
v -20.696015 27.829059 77.030646 0.058589 0.058589 0.058589
vn 0.000000 1.000000 0.000000
v -18.663603 27.829059 -6.185277 0.058589 0.058589 0.058589
vn 0.000000 1.000000 0.000000
v -20.696015 27.829059 -6.185277 0.058589 0.058589 0.058589
vn 0.000000 1.000000 0.000000
f 1624//1624 1625//1625 1626//1626
v -20.696015 27.829059 -6.185277 0.058589 0.058589 0.058589
vn 0.000000 1.000000 0.000000
v -18.663603 27.829059 -6.185277 0.058589 0.058589 0.058589
vn 0.000000 1.000000 0.000000
v -18.669829 27.829059 -19.893274 0.058589 0.058589 0.058589
vn 0.000000 1.000000 0.000000
f 1627//1627 1628//1628 1629//1629
v -20.696015 27.829059 -6.185277 0.058589 0.058589 0.058589
vn 0.000000 1.000000 0.000000
v -18.669829 27.829059 -19.893274 0.058589 0.058589 0.058589
vn 0.000000 1.000000 0.000000
v -20.696015 27.829059 -20.231170 0.058589 0.058589 0.058589
vn 0.000000 1.000000 0.000000
f 1630//1630 1631//1631 1632//1632
v -18.443365 26.068236 84.145511 0.058589 0.058589 0.058589
vn 0.000000 0.176915 -0.984226
v -18.607092 27.829059 84.462019 0.058589 0.058589 0.058589
vn 0.000000 0.176915 -0.984226
v 0.000000 27.829059 84.462019 0.058589 0.058589 0.058589
vn 0.000000 0.176915 -0.984226
f 1633//1633 1634//1634 1635//1635
v -18.443365 26.068236 84.145511 0.058589 0.058589 0.058589
vn 0.000000 0.176915 -0.984226
v 0.000000 27.829059 84.462019 0.058589 0.058589 0.058589
vn 0.000000 0.176915 -0.984226
v 0.000000 26.068236 84.145511 0.058589 0.058589 0.058589
vn 0.000000 0.176915 -0.984226
f 1636//1636 1637//1637 1638//1638
v -18.669829 27.829059 -19.893274 0.058589 0.058589 0.058589
vn 0.996406 0.084699 -0.000554
v -18.520152 26.068236 -19.892824 0.058589 0.058589 0.058589
vn 0.996406 0.084699 -0.000554
v -18.576253 26.068236 -120.784306 0.058589 0.058589 0.058589
vn 0.996406 0.084699 -0.000554
f 1639//1639 1640//1640 1641//1641
v -18.669829 27.829059 -19.893274 0.058589 0.058589 0.058589
vn 0.996880 0.078931 -0.000453
v -18.576253 26.068236 -120.784306 0.058589 0.058589 0.058589
vn 0.996880 0.078931 -0.000453
v -18.715673 27.829059 -120.784756 0.058589 0.058589 0.058589
vn 0.996880 0.078931 -0.000453
f 1642//1642 1643//1643 1644//1644
v 1.678530 65.000000 42.900210 0.058589 0.058589 0.058589
vn 0.000000 1.000000 0.000000
v 1.678530 65.000000 44.882175 0.058589 0.058589 0.058589
vn 0.000000 1.000000 0.000000
v 4.448671 65.000000 44.882175 0.058589 0.058589 0.058589
vn 0.000000 1.000000 0.000000
f 1645//1645 1646//1646 1647//1647
v 1.678530 65.000000 42.900210 0.058589 0.058589 0.058589
vn 0.000000 1.000000 0.000000
v 4.448671 65.000000 44.882175 0.058589 0.058589 0.058589
vn 0.000000 1.000000 0.000000
v 4.448671 65.000000 42.900210 0.058589 0.058589 0.058589
vn 0.000000 1.000000 0.000000
f 1648//1648 1649//1649 1650//1650
v 18.448815 26.068236 77.031112 0.058589 0.058589 0.058589
vn -0.995692 0.092719 -0.000763
v 18.443365 26.068236 84.145511 0.058589 0.058589 0.058589
vn -0.995692 0.092719 -0.000763
v 18.607092 27.829059 84.462019 0.058589 0.058589 0.058589
vn -0.995692 0.092719 -0.000763
f 1651//1651 1652//1652 1653//1653
v 18.448815 26.068236 77.031112 0.058589 0.058589 0.058589
vn -0.995757 0.092024 -0.000597
v 18.607092 27.829059 84.462019 0.058589 0.058589 0.058589
vn -0.995757 0.092024 -0.000597
v 18.611544 27.829059 77.030662 0.058589 0.058589 0.058589
vn -0.995757 0.092024 -0.000597
f 1654//1654 1655//1655 1656//1656
v 18.663603 27.829059 -6.185277 0.058589 0.058589 0.058589
vn -0.996407 0.084699 -0.000453
v 18.669829 27.829059 -19.893274 0.058589 0.058589 0.058589
vn -0.996407 0.084699 -0.000453
v 18.520152 26.068236 -19.892824 0.058589 0.058589 0.058589
vn -0.996407 0.084699 -0.000453
f 1657//1657 1658//1658 1659//1659
v 18.663603 27.829059 -6.185277 0.058589 0.058589 0.058589
vn -0.996339 0.085483 -0.000554
v 18.520152 26.068236 -19.892824 0.058589 0.058589 0.058589
vn -0.996339 0.085483 -0.000554
v 18.512529 26.068236 -6.184827 0.058589 0.058589 0.058589
vn -0.996339 0.085483 -0.000554
f 1660//1660 1661//1661 1662//1662
v -21.000000 26.068236 77.031096 0.058589 0.058589 0.058589
vn -0.985423 0.170122 0.000000
v -20.696015 27.829059 77.030646 0.058589 0.058589 0.058589
vn -0.985423 0.170122 0.000000
v -20.696015 27.829059 -6.185277 0.058589 0.058589 0.058589
vn -0.985423 0.170122 0.000000
f 1663//1663 1664//1664 1665//1665
v -21.000000 26.068236 77.031096 0.058589 0.058589 0.058589
vn -0.985423 0.170122 0.000000
v -20.696015 27.829059 -6.185277 0.058589 0.058589 0.058589
vn -0.985423 0.170122 0.000000
v -21.000000 26.068236 -6.184827 0.058589 0.058589 0.058589
vn -0.985423 0.170122 0.000000
f 1666//1666 1667//1667 1668//1668
v -20.696015 27.829059 84.462019 0.058589 0.058589 0.058589
vn 0.000000 1.000000 0.000000
v -18.607092 27.829059 84.462019 0.058589 0.058589 0.058589
vn 0.000000 1.000000 0.000000
v -18.611544 27.829059 77.030662 0.058589 0.058589 0.058589
vn 0.000000 1.000000 0.000000
f 1669//1669 1670//1670 1671//1671
v -20.696015 27.829059 84.462019 0.058589 0.058589 0.058589
vn 0.000000 1.000000 0.000000
v -18.611544 27.829059 77.030662 0.058589 0.058589 0.058589
vn 0.000000 1.000000 0.000000
v -20.696015 27.829059 77.030646 0.058589 0.058589 0.058589
vn 0.000000 1.000000 0.000000
f 1672//1672 1673//1673 1674//1674
v -21.000000 26.068236 -6.184827 0.058589 0.058589 0.058589
vn -0.985423 0.170122 0.000000
v -20.696015 27.829059 -6.185277 0.058589 0.058589 0.058589
vn -0.985423 0.170122 0.000000
v -20.696015 27.829059 -20.231170 0.058589 0.058589 0.058589
vn -0.985423 0.170122 0.000000
f 1675//1675 1676//1676 1677//1677
v -21.000000 26.068236 -6.184827 0.058589 0.058589 0.058589
vn -0.985423 0.170122 0.000000
v -20.696015 27.829059 -20.231170 0.058589 0.058589 0.058589
vn -0.985423 0.170122 0.000000
v -21.000000 26.068236 -20.230720 0.058589 0.058589 0.058589
vn -0.985423 0.170122 0.000000
f 1678//1678 1679//1679 1680//1680
v -20.696015 27.829059 -20.231170 0.058589 0.058589 0.058589
vn 0.000000 1.000000 0.000000
v -18.669829 27.829059 -19.893274 0.058589 0.058589 0.058589
vn 0.000000 1.000000 0.000000
v -18.715673 27.829059 -120.784756 0.058589 0.058589 0.058589
vn 0.000000 1.000000 0.000000
f 1681//1681 1682//1682 1683//1683
v -20.696015 27.829059 -20.231170 0.058589 0.058589 0.058589
vn 0.000000 1.000000 0.000000
v -18.715673 27.829059 -120.784756 0.058589 0.058589 0.058589
vn 0.000000 1.000000 0.000000
v -20.696015 27.829059 -123.609510 0.058589 0.058589 0.058589
vn 0.000000 1.000000 0.000000
f 1684//1684 1685//1685 1686//1686
v -20.696015 27.829059 84.462019 0.058589 0.058589 0.058589
vn 0.000000 1.000000 0.000320
v -17.763469 27.828044 87.631707 0.058589 0.058589 0.058589
vn 0.000000 1.000000 0.000320
v 0.000000 27.828044 87.631707 0.058589 0.058589 0.058589
vn 0.000000 1.000000 0.000320
f 1687//1687 1688//1688 1689//1689
v -20.696015 27.829059 84.462019 0.058589 0.058589 0.058589
vn 0.000000 1.000000 0.000320
v 0.000000 27.828044 87.631707 0.058589 0.058589 0.058589
vn 0.000000 1.000000 0.000320
v 0.000000 27.829059 84.462019 0.058589 0.058589 0.058589
vn 0.000000 1.000000 0.000320
f 1690//1690 1691//1691 1692//1692
v -20.696015 27.829059 84.462019 0.058589 0.058589 0.058589
vn 0.000000 0.000000 0.000000
v 0.000000 27.829059 84.462019 0.058589 0.058589 0.058589
vn 0.000000 0.000000 0.000000
v -18.607092 27.829059 84.462019 0.058589 0.058589 0.058589
vn 0.000000 0.000000 0.000000
f 1693//1693 1694//1694 1695//1695
v 18.443365 26.068236 84.145511 0.058589 0.058589 0.058589
vn 0.000000 0.176915 -0.984226
v 0.000000 26.068236 84.145511 0.058589 0.058589 0.058589
vn 0.000000 0.176915 -0.984226
v 0.000000 27.829059 84.462019 0.058589 0.058589 0.058589
vn 0.000000 0.176915 -0.984226
f 1696//1696 1697//1697 1698//1698
v 18.443365 26.068236 84.145511 0.058589 0.058589 0.058589
vn 0.000000 0.176915 -0.984226
v 0.000000 27.829059 84.462019 0.058589 0.058589 0.058589
vn 0.000000 0.176915 -0.984226
v 18.607092 27.829059 84.462019 0.058589 0.058589 0.058589
vn 0.000000 0.176915 -0.984226
f 1699//1699 1700//1700 1701//1701
v -18.715673 27.829059 -120.784756 0.058589 0.058589 0.058589
vn 0.957619 0.075894 0.277859
v -18.576253 26.068236 -120.784306 0.058589 0.058589 0.058589
vn 0.957619 0.075894 0.277859
v -17.756634 26.068236 -123.609060 0.058589 0.058589 0.058589
vn 0.957619 0.075894 0.277859
f 1702//1702 1703//1703 1704//1704
v -18.715673 27.829059 -120.784756 0.058589 0.058589 0.058589
vn 0.912296 0.405554 0.056940
v -17.756634 26.068236 -123.609060 0.058589 0.058589 0.058589
vn 0.912296 0.405554 0.056940
v -18.539367 27.829059 -123.609510 0.058589 0.058589 0.058589
vn 0.912296 0.405554 0.056940
f 1705//1705 1706//1706 1707//1707
v 20.696015 27.829059 77.030646 0.058589 0.058589 0.058589
vn 0.000000 1.000000 0.000000
v 20.696015 27.829059 -6.185277 0.058589 0.058589 0.058589
vn 0.000000 1.000000 0.000000
v 18.663603 27.829059 -6.185277 0.058589 0.058589 0.058589
vn 0.000000 1.000000 0.000000
f 1708//1708 1709//1709 1710//1710
v 20.696015 27.829059 77.030646 0.058589 0.058589 0.058589
vn 0.000000 1.000000 0.000000
v 18.663603 27.829059 -6.185277 0.058589 0.058589 0.058589
vn 0.000000 1.000000 0.000000
v 18.611544 27.829059 77.030662 0.058589 0.058589 0.058589
vn 0.000000 1.000000 0.000000
f 1711//1711 1712//1712 1713//1713
v 20.696015 27.829059 -6.185277 0.058589 0.058589 0.058589
vn 0.000000 1.000000 0.000000
v 20.696015 27.829059 -20.231170 0.058589 0.058589 0.058589
vn 0.000000 1.000000 0.000000
v 18.669829 27.829059 -19.893274 0.058589 0.058589 0.058589
vn 0.000000 1.000000 0.000000
f 1714//1714 1715//1715 1716//1716
v 20.696015 27.829059 -6.185277 0.058589 0.058589 0.058589
vn 0.000000 1.000000 0.000000
v 18.669829 27.829059 -19.893274 0.058589 0.058589 0.058589
vn 0.000000 1.000000 0.000000
v 18.663603 27.829059 -6.185277 0.058589 0.058589 0.058589
vn 0.000000 1.000000 0.000000
f 1717//1717 1718//1718 1719//1719
v 18.669829 27.829059 -19.893274 0.058589 0.058589 0.058589
vn -0.996880 0.078931 -0.000453
v 18.715673 27.829059 -120.784756 0.058589 0.058589 0.058589
vn -0.996880 0.078931 -0.000453
v 18.576253 26.068236 -120.784306 0.058589 0.058589 0.058589
vn -0.996880 0.078931 -0.000453
f 1720//1720 1721//1721 1722//1722
v 18.669829 27.829059 -19.893274 0.058589 0.058589 0.058589
vn -0.996406 0.084699 -0.000554
v 18.576253 26.068236 -120.784306 0.058589 0.058589 0.058589
vn -0.996406 0.084699 -0.000554
v 18.520152 26.068236 -19.892824 0.058589 0.058589 0.058589
vn -0.996406 0.084699 -0.000554
f 1723//1723 1724//1724 1725//1725
v -21.000000 26.068236 84.145511 0.058589 0.058589 0.058589
vn -0.985423 0.170122 0.000000
v -20.696015 27.829059 84.462019 0.058589 0.058589 0.058589
vn -0.985423 0.170122 0.000000
v -20.696015 27.829059 77.030646 0.058589 0.058589 0.058589
vn -0.985423 0.170122 0.000000
f 1726//1726 1727//1727 1728//1728
v -21.000000 26.068236 84.145511 0.058589 0.058589 0.058589
vn -0.985423 0.170122 0.000000
v -20.696015 27.829059 77.030646 0.058589 0.058589 0.058589
vn -0.985423 0.170122 0.000000
v -21.000000 26.068236 77.031096 0.058589 0.058589 0.058589
vn -0.985423 0.170122 0.000000
f 1729//1729 1730//1730 1731//1731
v -21.000000 26.068236 -20.230720 0.058589 0.058589 0.058589
vn -0.985423 0.170122 0.000000
v -20.696015 27.829059 -20.231170 0.058589 0.058589 0.058589
vn -0.985423 0.170122 0.000000
v -20.696015 27.829059 -123.609510 0.058589 0.058589 0.058589
vn -0.985423 0.170122 0.000000
f 1732//1732 1733//1733 1734//1734
v -21.000000 26.068236 -20.230720 0.058589 0.058589 0.058589
vn -0.985423 0.170122 0.000000
v -20.696015 27.829059 -123.609510 0.058589 0.058589 0.058589
vn -0.985423 0.170122 0.000000
v -21.000000 26.068236 -123.609060 0.058589 0.058589 0.058589
vn -0.985423 0.170122 0.000000
f 1735//1735 1736//1736 1737//1737
v -20.696015 27.829059 -123.609510 0.058589 0.058589 0.058589
vn 0.000000 1.000000 0.000000
v -18.715673 27.829059 -120.784756 0.058589 0.058589 0.058589
vn 0.000000 1.000000 0.000000
v -18.539367 27.829059 -123.609510 0.058589 0.058589 0.058589
vn 0.000000 1.000000 0.000000
f 1738//1738 1739//1739 1740//1740
v -20.696015 27.829059 84.462019 0.058589 0.058589 0.058589
vn -0.774273 0.019971 0.632537
v -21.000000 26.068236 84.145511 0.058589 0.058589 0.058589
vn -0.774273 0.019971 0.632537
v -17.763217 26.067231 88.107610 0.058589 0.058589 0.058589
vn -0.774273 0.019971 0.632537
f 1741//1741 1742//1742 1743//1743
v -20.696015 27.829059 84.462019 0.058589 0.058589 0.058589
vn -0.721955 0.180440 0.667999
v -17.763217 26.067231 88.107610 0.058589 0.058589 0.058589
vn -0.721955 0.180440 0.667999
v -17.763469 27.828044 87.631707 0.058589 0.058589 0.058589
vn -0.721955 0.180440 0.667999
f 1744//1744 1745//1745 1746//1746
v 0.000000 26.067231 88.107610 0.058589 0.058589 0.058589
vn 0.000000 0.260913 0.965362
v 0.000000 27.828044 87.631707 0.058589 0.058589 0.058589
vn 0.000000 0.260913 0.965362
v -17.763469 27.828044 87.631707 0.058589 0.058589 0.058589
vn 0.000000 0.260913 0.965362
f 1747//1747 1748//1748 1749//1749
v 0.000000 26.067231 88.107610 0.058589 0.058589 0.058589
vn 0.000000 0.260913 0.965362
v -17.763469 27.828044 87.631707 0.058589 0.058589 0.058589
vn 0.000000 0.260913 0.965362
v -17.763217 26.067231 88.107610 0.058589 0.058589 0.058589
vn 0.000000 0.260913 0.965362
f 1750//1750 1751//1751 1752//1752
v 20.696015 27.829059 84.462019 0.058589 0.058589 0.058589
vn 0.000000 0.000000 0.000000
v 18.607092 27.829059 84.462019 0.058589 0.058589 0.058589
vn 0.000000 0.000000 0.000000
v 0.000000 27.829059 84.462019 0.058589 0.058589 0.058589
vn 0.000000 0.000000 0.000000
f 1753//1753 1754//1754 1755//1755
v 20.696015 27.829059 84.462019 0.058589 0.058589 0.058589
vn 0.000000 1.000000 0.000320
v 0.000000 27.829059 84.462019 0.058589 0.058589 0.058589
vn 0.000000 1.000000 0.000320
v 0.000000 27.828044 87.631707 0.058589 0.058589 0.058589
vn 0.000000 1.000000 0.000320
f 1756//1756 1757//1757 1758//1758
v 20.696015 27.829059 84.462019 0.058589 0.058589 0.058589
vn 0.000000 1.000000 0.000320
v 0.000000 27.828044 87.631707 0.058589 0.058589 0.058589
vn 0.000000 1.000000 0.000320
v 17.763469 27.828044 87.631707 0.058589 0.058589 0.058589
vn 0.000000 1.000000 0.000320
f 1759//1759 1760//1760 1761//1761
v 17.756634 26.068236 -123.609060 0.058589 0.058589 0.058589
vn -0.957619 0.075894 0.277859
v 18.576253 26.068236 -120.784306 0.058589 0.058589 0.058589
vn -0.957619 0.075894 0.277859
v 18.715673 27.829059 -120.784756 0.058589 0.058589 0.058589
vn -0.957619 0.075894 0.277859
f 1762//1762 1763//1763 1764//1764
v 17.756634 26.068236 -123.609060 0.058589 0.058589 0.058589
vn -0.912296 0.405554 0.056940
v 18.715673 27.829059 -120.784756 0.058589 0.058589 0.058589
vn -0.912296 0.405554 0.056940
v 18.539367 27.829059 -123.609510 0.058589 0.058589 0.058589
vn -0.912296 0.405554 0.056940
f 1765//1765 1766//1766 1767//1767
v 20.696015 27.829059 84.462019 0.058589 0.058589 0.058589
vn 0.000000 1.000000 0.000000
v 20.696015 27.829059 77.030646 0.058589 0.058589 0.058589
vn 0.000000 1.000000 0.000000
v 18.611544 27.829059 77.030662 0.058589 0.058589 0.058589
vn 0.000000 1.000000 0.000000
f 1768//1768 1769//1769 1770//1770
v 20.696015 27.829059 84.462019 0.058589 0.058589 0.058589
vn 0.000000 1.000000 0.000000
v 18.611544 27.829059 77.030662 0.058589 0.058589 0.058589
vn 0.000000 1.000000 0.000000
v 18.607092 27.829059 84.462019 0.058589 0.058589 0.058589
vn 0.000000 1.000000 0.000000
f 1771//1771 1772//1772 1773//1773
v 21.000000 26.068236 77.031096 0.058589 0.058589 0.058589
vn 0.985423 0.170122 0.000000
v 21.000000 26.068236 -6.184827 0.058589 0.058589 0.058589
vn 0.985423 0.170122 0.000000
v 20.696015 27.829059 -6.185277 0.058589 0.058589 0.058589
vn 0.985423 0.170122 0.000000
f 1774//1774 1775//1775 1776//1776
v 21.000000 26.068236 77.031096 0.058589 0.058589 0.058589
vn 0.985423 0.170122 0.000000
v 20.696015 27.829059 -6.185277 0.058589 0.058589 0.058589
vn 0.985423 0.170122 0.000000
v 20.696015 27.829059 77.030646 0.058589 0.058589 0.058589
vn 0.985423 0.170122 0.000000
f 1777//1777 1778//1778 1779//1779
v 21.000000 26.068236 -6.184827 0.058589 0.058589 0.058589
vn 0.985423 0.170122 0.000000
v 21.000000 26.068236 -20.230720 0.058589 0.058589 0.058589
vn 0.985423 0.170122 0.000000
v 20.696015 27.829059 -20.231170 0.058589 0.058589 0.058589
vn 0.985423 0.170122 0.000000
f 1780//1780 1781//1781 1782//1782
v 21.000000 26.068236 -6.184827 0.058589 0.058589 0.058589
vn 0.985423 0.170122 0.000000
v 20.696015 27.829059 -20.231170 0.058589 0.058589 0.058589
vn 0.985423 0.170122 0.000000
v 20.696015 27.829059 -6.185277 0.058589 0.058589 0.058589
vn 0.985423 0.170122 0.000000
f 1783//1783 1784//1784 1785//1785
v 20.696015 27.829059 -20.231170 0.058589 0.058589 0.058589
vn 0.000000 1.000000 0.000000
v 20.696015 27.829059 -123.609510 0.058589 0.058589 0.058589
vn 0.000000 1.000000 0.000000
v 18.715673 27.829059 -120.784756 0.058589 0.058589 0.058589
vn 0.000000 1.000000 0.000000
f 1786//1786 1787//1787 1788//1788
v 20.696015 27.829059 -20.231170 0.058589 0.058589 0.058589
vn 0.000000 1.000000 0.000000
v 18.715673 27.829059 -120.784756 0.058589 0.058589 0.058589
vn 0.000000 1.000000 0.000000
v 18.669829 27.829059 -19.893274 0.058589 0.058589 0.058589
vn 0.000000 1.000000 0.000000
f 1789//1789 1790//1790 1791//1791
v -4.806018 37.248942 -106.045168 0.058589 0.058589 0.058589
vn 0.000000 0.000000 -1.000000
v -4.806018 37.764156 -106.045168 0.058589 0.058589 0.058589
vn 0.000000 0.000000 -1.000000
v 4.806018 37.764156 -106.045168 0.058589 0.058589 0.058589
vn 0.000000 0.000000 -1.000000
f 1792//1792 1793//1793 1794//1794
v -4.806018 37.248942 -106.045168 0.058589 0.058589 0.058589
vn 0.000000 0.000000 -1.000000
v 4.806018 37.764156 -106.045168 0.058589 0.058589 0.058589
vn 0.000000 0.000000 -1.000000
v 4.806018 37.248942 -106.045168 0.058589 0.058589 0.058589
vn 0.000000 0.000000 -1.000000
f 1795//1795 1796//1796 1797//1797
v 4.799644 37.248942 -81.145052 0.058589 0.058589 0.058589
vn 1.000000 0.000000 0.000256
v 4.806018 37.248942 -106.045168 0.058589 0.058589 0.058589
vn 1.000000 0.000000 0.000256
v 4.806018 37.764156 -106.045168 0.058589 0.058589 0.058589
vn 1.000000 0.000000 0.000256
f 1798//1798 1799//1799 1800//1800
v 4.799644 37.248942 -81.145052 0.058589 0.058589 0.058589
vn 1.000000 0.000000 0.000256
v 4.806018 37.764156 -106.045168 0.058589 0.058589 0.058589
vn 1.000000 0.000000 0.000256
v 4.799644 37.764156 -81.145052 0.058589 0.058589 0.058589
vn 1.000000 0.000000 0.000256
f 1801//1801 1802//1802 1803//1803
v 4.799644 37.764156 -81.145052 0.058589 0.058589 0.058589
vn 0.000000 0.000000 1.000000
v -4.799644 37.764156 -81.145052 0.058589 0.058589 0.058589
vn 0.000000 0.000000 1.000000
v -4.799644 37.248942 -81.145052 0.058589 0.058589 0.058589
vn 0.000000 0.000000 1.000000
f 1804//1804 1805//1805 1806//1806
v 4.799644 37.764156 -81.145052 0.058589 0.058589 0.058589
vn 0.000000 0.000000 1.000000
v -4.799644 37.248942 -81.145052 0.058589 0.058589 0.058589
vn 0.000000 0.000000 1.000000
v 4.799644 37.248942 -81.145052 0.058589 0.058589 0.058589
vn 0.000000 0.000000 1.000000
f 1807//1807 1808//1808 1809//1809
v -4.799644 37.248942 -81.145052 0.058589 0.058589 0.058589
vn -1.000000 0.000000 0.000256
v -4.799644 37.764156 -81.145052 0.058589 0.058589 0.058589
vn -1.000000 0.000000 0.000256
v -4.806018 37.764156 -106.045168 0.058589 0.058589 0.058589
vn -1.000000 0.000000 0.000256
f 1810//1810 1811//1811 1812//1812
v -4.799644 37.248942 -81.145052 0.058589 0.058589 0.058589
vn -1.000000 0.000000 0.000256
v -4.806018 37.764156 -106.045168 0.058589 0.058589 0.058589
vn -1.000000 0.000000 0.000256
v -4.806018 37.248942 -106.045168 0.058589 0.058589 0.058589
vn -1.000000 0.000000 0.000256
f 1813//1813 1814//1814 1815//1815
v 0.000000 26.067231 88.107610 0.058589 0.058589 0.058589
vn 0.000000 0.260913 0.965362
v 17.763217 26.067231 88.107610 0.058589 0.058589 0.058589
vn 0.000000 0.260913 0.965362
v 17.763469 27.828044 87.631707 0.058589 0.058589 0.058589
vn 0.000000 0.260913 0.965362
f 1816//1816 1817//1817 1818//1818
v 0.000000 26.067231 88.107610 0.058589 0.058589 0.058589
vn 0.000000 0.260913 0.965362
v 17.763469 27.828044 87.631707 0.058589 0.058589 0.058589
vn 0.000000 0.260913 0.965362
v 0.000000 27.828044 87.631707 0.058589 0.058589 0.058589
vn 0.000000 0.260913 0.965362
f 1819//1819 1820//1820 1821//1821
v 21.000000 26.068236 84.145511 0.058589 0.058589 0.058589
vn 0.985423 0.170122 0.000000
v 21.000000 26.068236 77.031096 0.058589 0.058589 0.058589
vn 0.985423 0.170122 0.000000
v 20.696015 27.829059 77.030646 0.058589 0.058589 0.058589
vn 0.985423 0.170122 0.000000
f 1822//1822 1823//1823 1824//1824
v 21.000000 26.068236 84.145511 0.058589 0.058589 0.058589
vn 0.985423 0.170122 0.000000
v 20.696015 27.829059 77.030646 0.058589 0.058589 0.058589
vn 0.985423 0.170122 0.000000
v 20.696015 27.829059 84.462019 0.058589 0.058589 0.058589
vn 0.985423 0.170122 0.000000
f 1825//1825 1826//1826 1827//1827
v 21.000000 26.068236 -20.230720 0.058589 0.058589 0.058589
vn 0.985423 0.170122 0.000000
v 21.000000 26.068236 -123.609060 0.058589 0.058589 0.058589
vn 0.985423 0.170122 0.000000
v 20.696015 27.829059 -123.609510 0.058589 0.058589 0.058589
vn 0.985423 0.170122 0.000000
f 1828//1828 1829//1829 1830//1830
v 21.000000 26.068236 -20.230720 0.058589 0.058589 0.058589
vn 0.985423 0.170122 0.000000
v 20.696015 27.829059 -123.609510 0.058589 0.058589 0.058589
vn 0.985423 0.170122 0.000000
v 20.696015 27.829059 -20.231170 0.058589 0.058589 0.058589
vn 0.985423 0.170122 0.000000
f 1831//1831 1832//1832 1833//1833
v 20.696015 27.829059 -123.609510 0.058589 0.058589 0.058589
vn 0.000000 1.000000 0.000000
v 18.539367 27.829059 -123.609510 0.058589 0.058589 0.058589
vn 0.000000 1.000000 0.000000
v 18.715673 27.829059 -120.784756 0.058589 0.058589 0.058589
vn 0.000000 1.000000 0.000000
f 1834//1834 1835//1835 1836//1836
v -4.806018 37.764156 -106.045168 0.058589 0.058589 0.058589
vn 0.000000 1.000000 0.000000
v -4.262821 37.764156 -104.617252 0.058589 0.058589 0.058589
vn 0.000000 1.000000 0.000000
v 4.262821 37.764156 -104.617252 0.058589 0.058589 0.058589
vn 0.000000 1.000000 0.000000
f 1837//1837 1838//1838 1839//1839
v -4.806018 37.764156 -106.045168 0.058589 0.058589 0.058589
vn 0.000000 1.000000 0.000000
v 4.262821 37.764156 -104.617252 0.058589 0.058589 0.058589
vn 0.000000 1.000000 0.000000
v 4.806018 37.764156 -106.045168 0.058589 0.058589 0.058589
vn 0.000000 1.000000 0.000000
f 1840//1840 1841//1841 1842//1842
v 4.799644 37.764156 -81.145052 0.058589 0.058589 0.058589
vn 0.000000 1.000000 0.000000
v 4.806018 37.764156 -106.045168 0.058589 0.058589 0.058589
vn 0.000000 1.000000 0.000000
v 4.262821 37.764156 -104.617252 0.058589 0.058589 0.058589
vn 0.000000 1.000000 0.000000
f 1843//1843 1844//1844 1845//1845
v 4.799644 37.764156 -81.145052 0.058589 0.058589 0.058589
vn 0.000000 1.000000 0.000000
v 4.262821 37.764156 -104.617252 0.058589 0.058589 0.058589
vn 0.000000 1.000000 0.000000
v 4.257183 37.764156 -82.572952 0.058589 0.058589 0.058589
vn 0.000000 1.000000 0.000000
f 1846//1846 1847//1847 1848//1848
v 4.257183 37.764156 -82.572952 0.058589 0.058589 0.058589
vn 0.000000 1.000000 0.000000
v -4.257183 37.764156 -82.572952 0.058589 0.058589 0.058589
vn 0.000000 1.000000 0.000000
v -4.799644 37.764156 -81.145052 0.058589 0.058589 0.058589
vn 0.000000 1.000000 0.000000
f 1849//1849 1850//1850 1851//1851
v 4.257183 37.764156 -82.572952 0.058589 0.058589 0.058589
vn 0.000000 1.000000 0.000000
v -4.799644 37.764156 -81.145052 0.058589 0.058589 0.058589
vn 0.000000 1.000000 0.000000
v 4.799644 37.764156 -81.145052 0.058589 0.058589 0.058589
vn 0.000000 1.000000 0.000000
f 1852//1852 1853//1853 1854//1854
v -4.799644 37.764156 -81.145052 0.058589 0.058589 0.058589
vn 0.000000 1.000000 0.000000
v -4.257183 37.764156 -82.572952 0.058589 0.058589 0.058589
vn 0.000000 1.000000 0.000000
v -4.262821 37.764156 -104.617252 0.058589 0.058589 0.058589
vn 0.000000 1.000000 0.000000
f 1855//1855 1856//1856 1857//1857
v -4.799644 37.764156 -81.145052 0.058589 0.058589 0.058589
vn 0.000000 1.000000 0.000000
v -4.262821 37.764156 -104.617252 0.058589 0.058589 0.058589
vn 0.000000 1.000000 0.000000
v -4.806018 37.764156 -106.045168 0.058589 0.058589 0.058589
vn 0.000000 1.000000 0.000000
f 1858//1858 1859//1859 1860//1860
v -18.427521 10.789983 -6.184827 0.058589 0.058589 0.058589
vn -0.879621 -0.475675 0.000000
v -15.282603 4.974387 -6.184827 0.058589 0.058589 0.058589
vn -0.879621 -0.475675 0.000000
v -15.282603 4.974387 77.031096 0.058589 0.058589 0.058589
vn -0.879621 -0.475675 0.000000
f 1861//1861 1862//1862 1863//1863
v -18.427521 10.789983 -6.184827 0.058589 0.058589 0.058589
vn -0.879621 -0.475675 0.000000
v -15.282603 4.974387 77.031096 0.058589 0.058589 0.058589
vn -0.879621 -0.475675 0.000000
v -18.427521 10.789983 77.031096 0.058589 0.058589 0.058589
vn -0.879621 -0.475675 0.000000
f 1864//1864 1865//1865 1866//1866
v -18.427521 10.789983 -20.230720 0.058589 0.058589 0.058589
vn -0.879621 -0.475675 0.000000
v -15.282603 4.974387 -20.230720 0.058589 0.058589 0.058589
vn -0.879621 -0.475675 0.000000
v -15.282603 4.974387 -6.184827 0.058589 0.058589 0.058589
vn -0.879621 -0.475675 0.000000
f 1867//1867 1868//1868 1869//1869
v -18.427521 10.789983 -20.230720 0.058589 0.058589 0.058589
vn -0.879621 -0.475675 0.000000
v -15.282603 4.974387 -6.184827 0.058589 0.058589 0.058589
vn -0.879621 -0.475675 0.000000
v -18.427521 10.789983 -6.184827 0.058589 0.058589 0.058589
vn -0.879621 -0.475675 0.000000
f 1870//1870 1871//1871 1872//1872
v -19.275123 27.829384 -134.897355 0.058589 0.058589 0.058589
vn -0.988308 -0.007983 -0.152261
v -19.260969 26.068571 -134.896905 0.058589 0.058589 0.058589
vn -0.988308 -0.007983 -0.152261
v -21.000000 26.068236 -123.609060 0.058589 0.058589 0.058589
vn -0.988308 -0.007983 -0.152261
f 1873//1873 1874//1874 1875//1875
v -19.275123 27.829384 -134.897355 0.058589 0.058589 0.058589
vn -0.977934 0.168797 -0.123096
v -21.000000 26.068236 -123.609060 0.058589 0.058589 0.058589
vn -0.977934 0.168797 -0.123096
v -20.696015 27.829059 -123.609510 0.058589 0.058589 0.058589
vn -0.977934 0.168797 -0.123096
f 1876//1876 1877//1877 1878//1878
v -19.275123 27.829384 -134.897355 0.058589 0.058589 0.058589
vn 0.000000 1.000000 0.000029
v -20.696015 27.829059 -123.609510 0.058589 0.058589 0.058589
vn 0.000000 1.000000 0.000029
v -18.539367 27.829059 -123.609510 0.058589 0.058589 0.058589
vn 0.000000 1.000000 0.000029
f 1879//1879 1880//1880 1881//1881
v -19.275123 27.829384 -134.897355 0.058589 0.058589 0.058589
vn -0.000908 1.000000 0.000088
v -18.539367 27.829059 -123.609510 0.058589 0.058589 0.058589
vn -0.000908 1.000000 0.000088
v -17.808294 27.830616 -133.755511 0.058589 0.058589 0.058589
vn -0.000908 1.000000 0.000088
f 1882//1882 1883//1883 1884//1884
v 17.763217 26.067231 88.107610 0.058589 0.058589 0.058589
vn 0.774273 0.019971 0.632537
v 21.000000 26.068236 84.145511 0.058589 0.058589 0.058589
vn 0.774273 0.019971 0.632537
v 20.696015 27.829059 84.462019 0.058589 0.058589 0.058589
vn 0.774273 0.019971 0.632537
f 1885//1885 1886//1886 1887//1887
v 17.763217 26.067231 88.107610 0.058589 0.058589 0.058589
vn 0.721955 0.180440 0.667999
v 20.696015 27.829059 84.462019 0.058589 0.058589 0.058589
vn 0.721955 0.180440 0.667999
v 17.763469 27.828044 87.631707 0.058589 0.058589 0.058589
vn 0.721955 0.180440 0.667999
f 1888//1888 1889//1889 1890//1890
v -16.861866 26.069803 -133.755045 0.058589 0.058589 0.058589
vn 0.879047 0.472500 0.063412
v -17.808294 27.830616 -133.755511 0.058589 0.058589 0.058589
vn 0.879047 0.472500 0.063412
v -18.539367 27.829059 -123.609510 0.058589 0.058589 0.058589
vn 0.879047 0.472500 0.063412
f 1891//1891 1892//1892 1893//1893
v -16.861866 26.069803 -133.755045 0.058589 0.058589 0.058589
vn 0.910819 0.404904 0.080387
v -18.539367 27.829059 -123.609510 0.058589 0.058589 0.058589
vn 0.910819 0.404904 0.080387
v -17.756634 26.068236 -123.609060 0.058589 0.058589 0.058589
vn 0.910819 0.404904 0.080387
f 1894//1894 1895//1895 1896//1896
v 16.861866 26.069803 -133.755045 0.058589 0.058589 0.058589
vn -0.910819 0.404904 0.080387
v 17.756634 26.068236 -123.609060 0.058589 0.058589 0.058589
vn -0.910819 0.404904 0.080387
v 18.539367 27.829059 -123.609510 0.058589 0.058589 0.058589
vn -0.910819 0.404904 0.080387
f 1897//1897 1898//1898 1899//1899
v 16.861866 26.069803 -133.755045 0.058589 0.058589 0.058589
vn -0.879047 0.472500 0.063412
v 18.539367 27.829059 -123.609510 0.058589 0.058589 0.058589
vn -0.879047 0.472500 0.063412
v 17.808294 27.830616 -133.755511 0.058589 0.058589 0.058589
vn -0.879047 0.472500 0.063412
f 1900//1900 1901//1901 1902//1902
v 18.539367 27.829059 -123.609510 0.058589 0.058589 0.058589
vn 0.000000 1.000000 0.000029
v 20.696015 27.829059 -123.609510 0.058589 0.058589 0.058589
vn 0.000000 1.000000 0.000029
v 19.275123 27.829384 -134.897355 0.058589 0.058589 0.058589
vn 0.000000 1.000000 0.000029
f 1903//1903 1904//1904 1905//1905
v 18.539367 27.829059 -123.609510 0.058589 0.058589 0.058589
vn 0.000908 1.000000 0.000088
v 19.275123 27.829384 -134.897355 0.058589 0.058589 0.058589
vn 0.000908 1.000000 0.000088
v 17.808294 27.830616 -133.755511 0.058589 0.058589 0.058589
vn 0.000908 1.000000 0.000088
f 1906//1906 1907//1907 1908//1908
v 21.000000 26.068236 -123.609060 0.058589 0.058589 0.058589
vn 0.988308 -0.007983 -0.152261
v 19.260969 26.068571 -134.896905 0.058589 0.058589 0.058589
vn 0.988308 -0.007983 -0.152261
v 19.275123 27.829384 -134.897355 0.058589 0.058589 0.058589
vn 0.988308 -0.007983 -0.152261
f 1909//1909 1910//1910 1911//1911
v 21.000000 26.068236 -123.609060 0.058589 0.058589 0.058589
vn 0.977934 0.168797 -0.123096
v 19.275123 27.829384 -134.897355 0.058589 0.058589 0.058589
vn 0.977934 0.168797 -0.123096
v 20.696015 27.829059 -123.609510 0.058589 0.058589 0.058589
vn 0.977934 0.168797 -0.123096
f 1912//1912 1913//1913 1914//1914
v -4.262821 37.764156 -104.617252 0.058589 0.058589 0.058589
vn 0.000000 0.000000 1.000000
v -4.262821 34.982552 -104.617252 0.058589 0.058589 0.058589
vn 0.000000 0.000000 1.000000
v 4.262821 34.982552 -104.617252 0.058589 0.058589 0.058589
vn 0.000000 0.000000 1.000000
f 1915//1915 1916//1916 1917//1917
v -4.262821 37.764156 -104.617252 0.058589 0.058589 0.058589
vn 0.000000 0.000000 1.000000
v 4.262821 34.982552 -104.617252 0.058589 0.058589 0.058589
vn 0.000000 0.000000 1.000000
v 4.262821 37.764156 -104.617252 0.058589 0.058589 0.058589
vn 0.000000 0.000000 1.000000
f 1918//1918 1919//1919 1920//1920
v 4.257183 37.764156 -82.572952 0.058589 0.058589 0.058589
vn -1.000000 0.000000 -0.000256
v 4.262821 37.764156 -104.617252 0.058589 0.058589 0.058589
vn -1.000000 0.000000 -0.000256
v 4.262821 34.982552 -104.617252 0.058589 0.058589 0.058589
vn -1.000000 0.000000 -0.000256
f 1921//1921 1922//1922 1923//1923
v 4.257183 37.764156 -82.572952 0.058589 0.058589 0.058589
vn -1.000000 0.000000 -0.000256
v 4.262821 34.982552 -104.617252 0.058589 0.058589 0.058589
vn -1.000000 0.000000 -0.000256
v 4.257183 34.982552 -82.572952 0.058589 0.058589 0.058589
vn -1.000000 0.000000 -0.000256
f 1924//1924 1925//1925 1926//1926
v 4.257183 34.982552 -82.572952 0.058589 0.058589 0.058589
vn 0.000000 0.000000 -1.000000
v -4.257183 34.982552 -82.572952 0.058589 0.058589 0.058589
vn 0.000000 0.000000 -1.000000
v -4.257183 37.764156 -82.572952 0.058589 0.058589 0.058589
vn 0.000000 0.000000 -1.000000
f 1927//1927 1928//1928 1929//1929
v 4.257183 34.982552 -82.572952 0.058589 0.058589 0.058589
vn 0.000000 0.000000 -1.000000
v -4.257183 37.764156 -82.572952 0.058589 0.058589 0.058589
vn 0.000000 0.000000 -1.000000
v 4.257183 37.764156 -82.572952 0.058589 0.058589 0.058589
vn 0.000000 0.000000 -1.000000
f 1930//1930 1931//1931 1932//1932
v -4.257183 37.764156 -82.572952 0.058589 0.058589 0.058589
vn 1.000000 0.000000 -0.000256
v -4.257183 34.982552 -82.572952 0.058589 0.058589 0.058589
vn 1.000000 0.000000 -0.000256
v -4.262821 34.982552 -104.617252 0.058589 0.058589 0.058589
vn 1.000000 0.000000 -0.000256
f 1933//1933 1934//1934 1935//1935
v -4.257183 37.764156 -82.572952 0.058589 0.058589 0.058589
vn 1.000000 0.000000 -0.000256
v -4.262821 34.982552 -104.617252 0.058589 0.058589 0.058589
vn 1.000000 0.000000 -0.000256
v -4.262821 37.764156 -104.617252 0.058589 0.058589 0.058589
vn 1.000000 0.000000 -0.000256
f 1936//1936 1937//1937 1938//1938
v -18.427521 10.789983 77.031096 0.058589 0.058589 0.058589
vn -0.879621 -0.475675 0.000000
v -15.282603 4.974387 77.031096 0.058589 0.058589 0.058589
vn -0.879621 -0.475675 0.000000
v -15.282603 4.974387 84.145511 0.058589 0.058589 0.058589
vn -0.879621 -0.475675 0.000000
f 1939//1939 1940//1940 1941//1941
v -18.427521 10.789983 77.031096 0.058589 0.058589 0.058589
vn -0.879621 -0.475675 0.000000
v -15.282603 4.974387 84.145511 0.058589 0.058589 0.058589
vn -0.879621 -0.475675 0.000000
v -18.427521 10.789983 84.145511 0.058589 0.058589 0.058589
vn -0.879621 -0.475675 0.000000
f 1942//1942 1943//1943 1944//1944
v -18.427521 10.789983 -123.609060 0.058589 0.058589 0.058589
vn -0.879621 -0.475675 0.000000
v -15.282603 4.974387 -123.609060 0.058589 0.058589 0.058589
vn -0.879621 -0.475675 0.000000
v -15.282603 4.974387 -20.230720 0.058589 0.058589 0.058589
vn -0.879621 -0.475675 0.000000
f 1945//1945 1946//1946 1947//1947
v -18.427521 10.789983 -123.609060 0.058589 0.058589 0.058589
vn -0.879621 -0.475675 0.000000
v -15.282603 4.974387 -20.230720 0.058589 0.058589 0.058589
vn -0.879621 -0.475675 0.000000
v -18.427521 10.789983 -20.230720 0.058589 0.058589 0.058589
vn -0.879621 -0.475675 0.000000
f 1948//1948 1949//1949 1950//1950
v -19.260969 26.068571 -134.896905 0.058589 0.058589 0.058589
vn -0.868253 -0.007106 -0.496070
v -19.275123 27.829384 -134.897355 0.058589 0.058589 0.058589
vn -0.868253 -0.007106 -0.496070
v -15.192545 27.829719 -142.042945 0.058589 0.058589 0.058589
vn -0.868253 -0.007106 -0.496070
f 1951//1951 1952//1952 1953//1953
v -19.260969 26.068571 -134.896905 0.058589 0.058589 0.058589
vn -0.869003 -0.000251 -0.494807
v -15.192545 27.829719 -142.042945 0.058589 0.058589 0.058589
vn -0.869003 -0.000251 -0.494807
v -15.192293 26.068896 -142.042495 0.058589 0.058589 0.058589
vn -0.869003 -0.000251 -0.494807
f 1954//1954 1955//1955 1956//1956
v -17.808294 27.830616 -133.755511 0.058589 0.058589 0.058589
vn -0.000970 0.999999 -0.000414
v -13.637704 27.832173 -139.759241 0.058589 0.058589 0.058589
vn -0.000970 0.999999 -0.000414
v -15.192545 27.829719 -142.042945 0.058589 0.058589 0.058589
vn -0.000970 0.999999 -0.000414
f 1957//1957 1958//1958 1959//1959
v -17.808294 27.830616 -133.755511 0.058589 0.058589 0.058589
vn -0.000606 1.000000 -0.000300
v -15.192545 27.829719 -142.042945 0.058589 0.058589 0.058589
vn -0.000606 1.000000 -0.000300
v -19.275123 27.829384 -134.897355 0.058589 0.058589 0.058589
vn -0.000606 1.000000 -0.000300
f 1960//1960 1961//1961 1962//1962
v -17.808294 27.830616 -133.755511 0.058589 0.058589 0.058589
vn 0.796151 0.428040 0.427698
v -16.861866 26.069803 -133.755045 0.058589 0.058589 0.058589
vn 0.796151 0.428040 0.427698
v -13.637453 26.071360 -139.758774 0.058589 0.058589 0.058589
vn 0.796151 0.428040 0.427698
f 1963//1963 1964//1964 1965//1965
v -17.808294 27.830616 -133.755511 0.058589 0.058589 0.058589
vn 0.821284 0.000269 0.570519
v -13.637453 26.071360 -139.758774 0.058589 0.058589 0.058589
vn 0.821284 0.000269 0.570519
v -13.637704 27.832173 -139.759241 0.058589 0.058589 0.058589
vn 0.821284 0.000269 0.570519
f 1966//1966 1967//1967 1968//1968
v 17.808294 27.830616 -133.755511 0.058589 0.058589 0.058589
vn -0.821284 0.000269 0.570519
v 13.637704 27.832173 -139.759241 0.058589 0.058589 0.058589
vn -0.821284 0.000269 0.570519
v 13.637453 26.071360 -139.758774 0.058589 0.058589 0.058589
vn -0.821284 0.000269 0.570519
f 1969//1969 1970//1970 1971//1971
v 17.808294 27.830616 -133.755511 0.058589 0.058589 0.058589
vn -0.796151 0.428040 0.427698
v 13.637453 26.071360 -139.758774 0.058589 0.058589 0.058589
vn -0.796151 0.428040 0.427698
v 16.861866 26.069803 -133.755045 0.058589 0.058589 0.058589
vn -0.796151 0.428040 0.427698
f 1972//1972 1973//1973 1974//1974
v 18.427521 10.789983 -6.184827 0.058589 0.058589 0.058589
vn 0.879621 -0.475675 0.000000
v 18.427521 10.789983 77.031096 0.058589 0.058589 0.058589
vn 0.879621 -0.475675 0.000000
v 15.282603 4.974387 77.031096 0.058589 0.058589 0.058589
vn 0.879621 -0.475675 0.000000
f 1975//1975 1976//1976 1977//1977
v 18.427521 10.789983 -6.184827 0.058589 0.058589 0.058589
vn 0.879621 -0.475675 0.000000
v 15.282603 4.974387 77.031096 0.058589 0.058589 0.058589
vn 0.879621 -0.475675 0.000000
v 15.282603 4.974387 -6.184827 0.058589 0.058589 0.058589
vn 0.879621 -0.475675 0.000000
f 1978//1978 1979//1979 1980//1980
v 18.427521 10.789983 -20.230720 0.058589 0.058589 0.058589
vn 0.879621 -0.475675 0.000000
v 18.427521 10.789983 -6.184827 0.058589 0.058589 0.058589
vn 0.879621 -0.475675 0.000000
v 15.282603 4.974387 -6.184827 0.058589 0.058589 0.058589
vn 0.879621 -0.475675 0.000000
f 1981//1981 1982//1982 1983//1983
v 18.427521 10.789983 -20.230720 0.058589 0.058589 0.058589
vn 0.879621 -0.475675 0.000000
v 15.282603 4.974387 -6.184827 0.058589 0.058589 0.058589
vn 0.879621 -0.475675 0.000000
v 15.282603 4.974387 -20.230720 0.058589 0.058589 0.058589
vn 0.879621 -0.475675 0.000000
f 1984//1984 1985//1985 1986//1986
v -4.262821 34.982552 -104.617252 0.058589 0.058589 0.058589
vn 0.000000 1.000000 0.000000
v -4.257183 34.982552 -82.572952 0.058589 0.058589 0.058589
vn 0.000000 1.000000 0.000000
v 4.257183 34.982552 -82.572952 0.058589 0.058589 0.058589
vn 0.000000 1.000000 0.000000
f 1987//1987 1988//1988 1989//1989
v -4.262821 34.982552 -104.617252 0.058589 0.058589 0.058589
vn 0.000000 1.000000 0.000000
v 4.257183 34.982552 -82.572952 0.058589 0.058589 0.058589
vn 0.000000 1.000000 0.000000
v 4.262821 34.982552 -104.617252 0.058589 0.058589 0.058589
vn 0.000000 1.000000 0.000000
f 1990//1990 1991//1991 1992//1992
v -11.962429 14.036290 118.361117 0.058589 0.058589 0.058589
vn -0.860612 -0.465396 0.206770
v -18.427521 10.789983 84.145511 0.058589 0.058589 0.058589
vn -0.860612 -0.465396 0.206770
v -15.282603 4.974387 84.145511 0.058589 0.058589 0.058589
vn -0.860612 -0.465396 0.206770
f 1993//1993 1994//1994 1995//1995
v -11.962429 14.036290 118.361117 0.058589 0.058589 0.058589
vn -0.795696 -0.561938 0.226039
v -15.282603 4.974387 84.145511 0.058589 0.058589 0.058589
vn -0.795696 -0.561938 0.226039
v -8.817512 9.583127 118.361117 0.058589 0.058589 0.058589
vn -0.795696 -0.561938 0.226039
f 1996//1996 1997//1997 1998//1998
v -15.282603 4.974387 -123.609060 0.058589 0.058589 0.058589
vn -0.854307 -0.461986 -0.238179
v -18.427521 10.789983 -123.609060 0.058589 0.058589 0.058589
vn -0.854307 -0.461986 -0.238179
v -16.597886 12.502444 -133.493238 0.058589 0.058589 0.058589
vn -0.854307 -0.461986 -0.238179
f 1999//1999 2000//2000 2001//2001
v -15.282603 4.974387 -123.609060 0.058589 0.058589 0.058589
vn -0.698008 -0.611408 -0.372781
v -16.597886 12.502444 -133.493238 0.058589 0.058589 0.058589
vn -0.698008 -0.611408 -0.372781
v -14.572425 10.190097 -133.493238 0.058589 0.058589 0.058589
vn -0.698008 -0.611408 -0.372781
f 2002//2002 2003//2003 2004//2004
v 18.427521 10.789983 77.031096 0.058589 0.058589 0.058589
vn 0.879621 -0.475675 0.000000
v 18.427521 10.789983 84.145511 0.058589 0.058589 0.058589
vn 0.879621 -0.475675 0.000000
v 15.282603 4.974387 84.145511 0.058589 0.058589 0.058589
vn 0.879621 -0.475675 0.000000
f 2005//2005 2006//2006 2007//2007
v 18.427521 10.789983 77.031096 0.058589 0.058589 0.058589
vn 0.879621 -0.475675 0.000000
v 15.282603 4.974387 84.145511 0.058589 0.058589 0.058589
vn 0.879621 -0.475675 0.000000
v 15.282603 4.974387 77.031096 0.058589 0.058589 0.058589
vn 0.879621 -0.475675 0.000000
f 2008//2008 2009//2009 2010//2010
v 18.427521 10.789983 -123.609060 0.058589 0.058589 0.058589
vn 0.879621 -0.475675 0.000000
v 18.427521 10.789983 -20.230720 0.058589 0.058589 0.058589
vn 0.879621 -0.475675 0.000000
v 15.282603 4.974387 -20.230720 0.058589 0.058589 0.058589
vn 0.879621 -0.475675 0.000000
f 2011//2011 2012//2012 2013//2013
v 18.427521 10.789983 -123.609060 0.058589 0.058589 0.058589
vn 0.879621 -0.475675 0.000000
v 15.282603 4.974387 -20.230720 0.058589 0.058589 0.058589
vn 0.879621 -0.475675 0.000000
v 15.282603 4.974387 -123.609060 0.058589 0.058589 0.058589
vn 0.879621 -0.475675 0.000000
f 2014//2014 2015//2015 2016//2016
v 1.367426 45.363040 -60.965024 0.058589 0.058589 0.058589
vn 0.889095 0.004500 -0.457700
v 1.367426 53.269307 -60.887295 0.058589 0.058589 0.058589
vn 0.889095 0.004500 -0.457700
v 2.168281 53.269307 -59.331609 0.058589 0.058589 0.058589
vn 0.889095 0.004500 -0.457700
f 2017//2017 2018//2018 2019//2019
v 1.367426 45.363040 -60.965024 0.058589 0.058589 0.058589
vn 0.889095 0.004500 -0.457700
v 2.168281 53.269307 -59.331609 0.058589 0.058589 0.058589
vn 0.889095 0.004500 -0.457700
v 2.168281 45.363040 -59.409338 0.058589 0.058589 0.058589
vn 0.889095 0.004500 -0.457700
f 2020//2020 2021//2021 2022//2022
v 2.168281 45.363040 -59.409338 0.058589 0.058589 0.058589
vn 1.000000 0.000000 0.000000
v 2.168281 53.269307 -59.331609 0.058589 0.058589 0.058589
vn 1.000000 0.000000 0.000000
v 2.168281 53.269307 -52.148480 0.058589 0.058589 0.058589
vn 1.000000 0.000000 0.000000
f 2023//2023 2024//2024 2025//2025
v 2.168281 45.363040 -59.409338 0.058589 0.058589 0.058589
vn 1.000000 0.000000 0.000000
v 2.168281 53.269307 -52.148480 0.058589 0.058589 0.058589
vn 1.000000 0.000000 0.000000
v 2.168281 45.363040 -48.427346 0.058589 0.058589 0.058589
vn 1.000000 0.000000 0.000000
f 2026//2026 2027//2027 2028//2028
v 2.168281 45.363040 -48.427346 0.058589 0.058589 0.058589
vn 0.883421 0.199544 0.423969
v 2.168281 53.269307 -52.148480 0.058589 0.058589 0.058589
vn 0.883421 0.199544 0.423969
v 1.367426 53.269307 -50.479744 0.058589 0.058589 0.058589
vn 0.883421 0.199544 0.423969
f 2029//2029 2030//2030 2031//2031
v 2.168281 45.363040 -48.427346 0.058589 0.058589 0.058589
vn 0.883422 0.199543 0.423966
v 1.367426 53.269307 -50.479744 0.058589 0.058589 0.058589
vn 0.883422 0.199543 0.423966
v 1.367426 45.363040 -46.758594 0.058589 0.058589 0.058589
vn 0.883422 0.199543 0.423966
f 2032//2032 2033//2033 2034//2034
v 1.367426 45.363040 -46.758594 0.058589 0.058589 0.058589
vn 0.000000 0.425849 0.904794
v 1.367426 53.269307 -50.479744 0.058589 0.058589 0.058589
vn 0.000000 0.425849 0.904794
v -1.367426 53.269307 -50.479744 0.058589 0.058589 0.058589
vn 0.000000 0.425849 0.904794
f 2035//2035 2036//2036 2037//2037
v 1.367426 45.363040 -46.758594 0.058589 0.058589 0.058589
vn 0.000000 0.425849 0.904794
v -1.367426 53.269307 -50.479744 0.058589 0.058589 0.058589
vn 0.000000 0.425849 0.904794
v -1.367426 45.363040 -46.758594 0.058589 0.058589 0.058589
vn 0.000000 0.425849 0.904794
f 2038//2038 2039//2039 2040//2040
v -1.367426 45.363040 -46.758594 0.058589 0.058589 0.058589
vn -0.883421 0.199545 0.423969
v -1.367426 53.269307 -50.479744 0.058589 0.058589 0.058589
vn -0.883421 0.199545 0.423969
v -2.168281 53.269307 -52.148480 0.058589 0.058589 0.058589
vn -0.883421 0.199545 0.423969
f 2041//2041 2042//2042 2043//2043
v -1.367426 45.363040 -46.758594 0.058589 0.058589 0.058589
vn -0.883423 0.199542 0.423966
v -2.168281 53.269307 -52.148480 0.058589 0.058589 0.058589
vn -0.883423 0.199542 0.423966
v -2.168281 45.363040 -48.427346 0.058589 0.058589 0.058589
vn -0.883423 0.199542 0.423966
f 2044//2044 2045//2045 2046//2046
v -2.168281 45.363040 -48.427346 0.058589 0.058589 0.058589
vn -1.000000 0.000000 0.000000
v -2.168281 53.269307 -52.148480 0.058589 0.058589 0.058589
vn -1.000000 0.000000 0.000000
v -2.168281 53.269307 -59.331609 0.058589 0.058589 0.058589
vn -1.000000 0.000000 0.000000
f 2047//2047 2048//2048 2049//2049
v -2.168281 45.363040 -48.427346 0.058589 0.058589 0.058589
vn -1.000000 0.000000 0.000000
v -2.168281 53.269307 -59.331609 0.058589 0.058589 0.058589
vn -1.000000 0.000000 0.000000
v -2.168281 45.363040 -59.409338 0.058589 0.058589 0.058589
vn -1.000000 0.000000 0.000000
f 2050//2050 2051//2051 2052//2052
v -2.168281 45.363040 -59.409338 0.058589 0.058589 0.058589
vn -0.889095 0.004500 -0.457700
v -2.168281 53.269307 -59.331609 0.058589 0.058589 0.058589
vn -0.889095 0.004500 -0.457700
v -1.367426 53.269307 -60.887295 0.058589 0.058589 0.058589
vn -0.889095 0.004500 -0.457700
f 2053//2053 2054//2054 2055//2055
v -2.168281 45.363040 -59.409338 0.058589 0.058589 0.058589
vn -0.889095 0.004500 -0.457700
v -1.367426 53.269307 -60.887295 0.058589 0.058589 0.058589
vn -0.889095 0.004500 -0.457700
v -1.367426 45.363040 -60.965024 0.058589 0.058589 0.058589
vn -0.889095 0.004500 -0.457700
f 2056//2056 2057//2057 2058//2058
v -1.367426 45.363040 -60.965024 0.058589 0.058589 0.058589
vn 0.000000 0.009831 -0.999952
v -1.367426 53.269307 -60.887295 0.058589 0.058589 0.058589
vn 0.000000 0.009831 -0.999952
v 1.367426 53.269307 -60.887295 0.058589 0.058589 0.058589
vn 0.000000 0.009831 -0.999952
f 2059//2059 2060//2060 2061//2061
v -1.367426 45.363040 -60.965024 0.058589 0.058589 0.058589
vn 0.000000 0.009831 -0.999952
v 1.367426 53.269307 -60.887295 0.058589 0.058589 0.058589
vn 0.000000 0.009831 -0.999952
v 1.367426 45.363040 -60.965024 0.058589 0.058589 0.058589
vn 0.000000 0.009831 -0.999952
f 2062//2062 2063//2063 2064//2064
v -8.817512 9.583127 118.361117 0.058589 0.058589 0.058589
vn -0.530950 -0.719465 0.447731
v -5.162388 14.751807 131.001223 0.058589 0.058589 0.058589
vn -0.530950 -0.719465 0.447731
v -7.175437 17.647120 133.266527 0.058589 0.058589 0.058589
vn -0.530950 -0.719465 0.447731
f 2065//2065 2066//2066 2067//2067
v -8.817512 9.583127 118.361117 0.058589 0.058589 0.058589
vn -0.757870 -0.535224 0.373054
v -7.175437 17.647120 133.266527 0.058589 0.058589 0.058589
vn -0.757870 -0.535224 0.373054
v -11.962429 14.036290 118.361117 0.058589 0.058589 0.058589
vn -0.757870 -0.535224 0.373054
f 2068//2068 2069//2069 2070//2070
v -14.572425 10.190097 -133.493238 0.058589 0.058589 0.058589
vn -0.606966 -0.531662 -0.590701
v -16.597886 12.502444 -133.493238 0.058589 0.058589 0.058589
vn -0.606966 -0.531662 -0.590701
v -12.368034 14.281220 -139.440547 0.058589 0.058589 0.058589
vn -0.606966 -0.531662 -0.590701
f 2071//2071 2072//2072 2073//2073
v -15.192293 26.068896 -142.042495 0.058589 0.058589 0.058589
vn -0.191053 -0.000278 -0.981580
v -15.192545 27.829719 -142.042945 0.058589 0.058589 0.058589
vn -0.191053 -0.000278 -0.981580
v 0.000000 27.829719 -145.000000 0.058589 0.058589 0.058589
vn -0.191053 -0.000278 -0.981580
f 2074//2074 2075//2075 2076//2076
v -15.192293 26.068896 -142.042495 0.058589 0.058589 0.058589
vn -0.191055 -0.000260 -0.981579
v 0.000000 27.829719 -145.000000 0.058589 0.058589 0.058589
vn -0.191055 -0.000260 -0.981579
v 0.000000 26.068896 -144.999534 0.058589 0.058589 0.058589
vn -0.191055 -0.000260 -0.981579
f 2077//2077 2078//2078 2079//2079
v 0.000000 27.829719 -145.000000 0.058589 0.058589 0.058589
vn -0.000185 1.000000 -0.000949
v -15.192545 27.829719 -142.042945 0.058589 0.058589 0.058589
vn -0.000185 1.000000 -0.000949
v -13.637704 27.832173 -139.759241 0.058589 0.058589 0.058589
vn -0.000185 1.000000 -0.000949
f 2080//2080 2081//2081 2082//2082
v 0.000000 27.829719 -145.000000 0.058589 0.058589 0.058589
vn -0.000170 1.000000 -0.000911
v -13.637704 27.832173 -139.759241 0.058589 0.058589 0.058589
vn -0.000170 1.000000 -0.000911
v 0.000000 27.832173 -142.307869 0.058589 0.058589 0.058589
vn -0.000170 1.000000 -0.000911
f 2083//2083 2084//2084 2085//2085
v 0.000000 26.071360 -142.307403 0.058589 0.058589 0.058589
vn 0.183701 0.000260 0.982982
v 0.000000 27.832173 -142.307869 0.058589 0.058589 0.058589
vn 0.183701 0.000260 0.982982
v -13.637704 27.832173 -139.759241 0.058589 0.058589 0.058589
vn 0.183701 0.000260 0.982982
f 2086//2086 2087//2087 2088//2088
v 0.000000 26.071360 -142.307403 0.058589 0.058589 0.058589
vn 0.183704 0.000286 0.982982
v -13.637704 27.832173 -139.759241 0.058589 0.058589 0.058589
vn 0.183704 0.000286 0.982982
v -13.637453 26.071360 -139.758774 0.058589 0.058589 0.058589
vn 0.183704 0.000286 0.982982
f 2089//2089 2090//2090 2091//2091
v 0.000000 26.071360 -142.307403 0.058589 0.058589 0.058589
vn -0.183704 0.000286 0.982982
v 13.637453 26.071360 -139.758774 0.058589 0.058589 0.058589
vn -0.183704 0.000286 0.982982
v 13.637704 27.832173 -139.759241 0.058589 0.058589 0.058589
vn -0.183704 0.000286 0.982982
f 2092//2092 2093//2093 2094//2094
v 0.000000 26.071360 -142.307403 0.058589 0.058589 0.058589
vn -0.183701 0.000260 0.982982
v 13.637704 27.832173 -139.759241 0.058589 0.058589 0.058589
vn -0.183701 0.000260 0.982982
v 0.000000 27.832173 -142.307869 0.058589 0.058589 0.058589
vn -0.183701 0.000260 0.982982
f 2095//2095 2096//2096 2097//2097
v 15.192545 27.829719 -142.042945 0.058589 0.058589 0.058589
vn 0.000970 0.999999 -0.000414
v 13.637704 27.832173 -139.759241 0.058589 0.058589 0.058589
vn 0.000970 0.999999 -0.000414
v 17.808294 27.830616 -133.755511 0.058589 0.058589 0.058589
vn 0.000970 0.999999 -0.000414
f 2098//2098 2099//2099 2100//2100
v 15.192545 27.829719 -142.042945 0.058589 0.058589 0.058589
vn 0.000606 1.000000 -0.000300
v 17.808294 27.830616 -133.755511 0.058589 0.058589 0.058589
vn 0.000606 1.000000 -0.000300
v 19.275123 27.829384 -134.897355 0.058589 0.058589 0.058589
vn 0.000606 1.000000 -0.000300
f 2101//2101 2102//2102 2103//2103
v 11.962429 14.036290 118.361117 0.058589 0.058589 0.058589
vn 0.795696 -0.561938 0.226039
v 8.817512 9.583127 118.361117 0.058589 0.058589 0.058589
vn 0.795696 -0.561938 0.226039
v 15.282603 4.974387 84.145511 0.058589 0.058589 0.058589
vn 0.795696 -0.561938 0.226039
f 2104//2104 2105//2105 2106//2106
v 11.962429 14.036290 118.361117 0.058589 0.058589 0.058589
vn 0.860612 -0.465396 0.206770
v 15.282603 4.974387 84.145511 0.058589 0.058589 0.058589
vn 0.860612 -0.465396 0.206770
v 18.427521 10.789983 84.145511 0.058589 0.058589 0.058589
vn 0.860612 -0.465396 0.206770
f 2107//2107 2108//2108 2109//2109
v 16.597886 12.502444 -133.493238 0.058589 0.058589 0.058589
vn 0.854307 -0.461986 -0.238179
v 18.427521 10.789983 -123.609060 0.058589 0.058589 0.058589
vn 0.854307 -0.461986 -0.238179
v 15.282603 4.974387 -123.609060 0.058589 0.058589 0.058589
vn 0.854307 -0.461986 -0.238179
f 2110//2110 2111//2111 2112//2112
v 16.597886 12.502444 -133.493238 0.058589 0.058589 0.058589
vn 0.698008 -0.611408 -0.372781
v 15.282603 4.974387 -123.609060 0.058589 0.058589 0.058589
vn 0.698008 -0.611408 -0.372781
v 14.572425 10.190097 -133.493238 0.058589 0.058589 0.058589
vn 0.698008 -0.611408 -0.372781
f 2113//2113 2114//2114 2115//2115
v 15.192545 27.829719 -142.042945 0.058589 0.058589 0.058589
vn 0.868253 -0.007106 -0.496070
v 19.275123 27.829384 -134.897355 0.058589 0.058589 0.058589
vn 0.868253 -0.007106 -0.496070
v 19.260969 26.068571 -134.896905 0.058589 0.058589 0.058589
vn 0.868253 -0.007106 -0.496070
f 2116//2116 2117//2117 2118//2118
v 15.192545 27.829719 -142.042945 0.058589 0.058589 0.058589
vn 0.869003 -0.000251 -0.494807
v 19.260969 26.068571 -134.896905 0.058589 0.058589 0.058589
vn 0.869003 -0.000251 -0.494807
v 15.192293 26.068896 -142.042495 0.058589 0.058589 0.058589
vn 0.869003 -0.000251 -0.494807
f 2119//2119 2120//2120 2121//2121
v 2.168281 53.269307 -59.331609 0.058589 0.058589 0.058589
vn 0.000000 1.000000 0.000000
v 1.367426 53.269307 -60.887295 0.058589 0.058589 0.058589
vn 0.000000 1.000000 0.000000
v 0.951657 53.269307 -59.904797 0.058589 0.058589 0.058589
vn 0.000000 1.000000 0.000000
f 2122//2122 2123//2123 2124//2124
v 2.168281 53.269307 -59.331609 0.058589 0.058589 0.058589
vn 0.000000 1.000000 0.000000
v 0.951657 53.269307 -59.904797 0.058589 0.058589 0.058589
vn 0.000000 1.000000 0.000000
v 1.508997 53.269307 -58.644439 0.058589 0.058589 0.058589
vn 0.000000 1.000000 0.000000
f 2125//2125 2126//2126 2127//2127
v 2.168281 53.269307 -52.148480 0.058589 0.058589 0.058589
vn 0.000000 1.000000 0.000000
v 2.168281 53.269307 -59.331609 0.058589 0.058589 0.058589
vn 0.000000 1.000000 0.000000
v 1.508997 53.269307 -58.644439 0.058589 0.058589 0.058589
vn 0.000000 1.000000 0.000000
f 2128//2128 2129//2129 2130//2130
v 2.168281 53.269307 -52.148480 0.058589 0.058589 0.058589
vn 0.000000 1.000000 0.000000
v 1.508997 53.269307 -58.644439 0.058589 0.058589 0.058589
vn 0.000000 1.000000 0.000000
v 1.508997 53.269307 -52.824932 0.058589 0.058589 0.058589
vn 0.000000 1.000000 0.000000
f 2131//2131 2132//2132 2133//2133
v 1.367426 53.269307 -50.479744 0.058589 0.058589 0.058589
vn 0.000000 1.000000 0.000000
v 2.168281 53.269307 -52.148480 0.058589 0.058589 0.058589
vn 0.000000 1.000000 0.000000
v 1.508997 53.269307 -52.824932 0.058589 0.058589 0.058589
vn 0.000000 1.000000 0.000000
f 2134//2134 2135//2135 2136//2136
v 1.367426 53.269307 -50.479744 0.058589 0.058589 0.058589
vn 0.000000 1.000000 0.000000
v 1.508997 53.269307 -52.824932 0.058589 0.058589 0.058589
vn 0.000000 1.000000 0.000000
v 0.951657 53.269307 -51.472977 0.058589 0.058589 0.058589
vn 0.000000 1.000000 0.000000
f 2137//2137 2138//2138 2139//2139
v -1.367426 53.269307 -50.479744 0.058589 0.058589 0.058589
vn 0.000000 1.000000 0.000000
v 1.367426 53.269307 -50.479744 0.058589 0.058589 0.058589
vn 0.000000 1.000000 0.000000
v 0.951657 53.269307 -51.472977 0.058589 0.058589 0.058589
vn 0.000000 1.000000 0.000000
f 2140//2140 2141//2141 2142//2142
v -1.367426 53.269307 -50.479744 0.058589 0.058589 0.058589
vn 0.000000 1.000000 0.000000
v 0.951657 53.269307 -51.472977 0.058589 0.058589 0.058589
vn 0.000000 1.000000 0.000000
v -0.951657 53.269307 -51.472977 0.058589 0.058589 0.058589
vn 0.000000 1.000000 0.000000
f 2143//2143 2144//2144 2145//2145
v -2.168281 53.269307 -52.148480 0.058589 0.058589 0.058589
vn 0.000000 1.000000 0.000000
v -1.367426 53.269307 -50.479744 0.058589 0.058589 0.058589
vn 0.000000 1.000000 0.000000
v -0.951657 53.269307 -51.472977 0.058589 0.058589 0.058589
vn 0.000000 1.000000 0.000000
f 2146//2146 2147//2147 2148//2148
v -2.168281 53.269307 -52.148480 0.058589 0.058589 0.058589
vn 0.000000 1.000000 0.000000
v -0.951657 53.269307 -51.472977 0.058589 0.058589 0.058589
vn 0.000000 1.000000 0.000000
v -1.508997 53.269307 -52.824932 0.058589 0.058589 0.058589
vn 0.000000 1.000000 0.000000
f 2149//2149 2150//2150 2151//2151
v -2.168281 53.269307 -59.331609 0.058589 0.058589 0.058589
vn 0.000000 1.000000 0.000000
v -2.168281 53.269307 -52.148480 0.058589 0.058589 0.058589
vn 0.000000 1.000000 0.000000
v -1.508997 53.269307 -52.824932 0.058589 0.058589 0.058589
vn 0.000000 1.000000 0.000000
f 2152//2152 2153//2153 2154//2154
v -2.168281 53.269307 -59.331609 0.058589 0.058589 0.058589
vn 0.000000 1.000000 0.000000
v -1.508997 53.269307 -52.824932 0.058589 0.058589 0.058589
vn 0.000000 1.000000 0.000000
v -1.508997 53.269307 -58.644439 0.058589 0.058589 0.058589
vn 0.000000 1.000000 0.000000
f 2155//2155 2156//2156 2157//2157
v -1.367426 53.269307 -60.887295 0.058589 0.058589 0.058589
vn 0.000000 1.000000 0.000000
v -2.168281 53.269307 -59.331609 0.058589 0.058589 0.058589
vn 0.000000 1.000000 0.000000
v -1.508997 53.269307 -58.644439 0.058589 0.058589 0.058589
vn 0.000000 1.000000 0.000000
f 2158//2158 2159//2159 2160//2160
v -1.367426 53.269307 -60.887295 0.058589 0.058589 0.058589
vn 0.000000 1.000000 0.000000
v -1.508997 53.269307 -58.644439 0.058589 0.058589 0.058589
vn 0.000000 1.000000 0.000000
v -0.951657 53.269307 -59.904797 0.058589 0.058589 0.058589
vn 0.000000 1.000000 0.000000
f 2161//2161 2162//2162 2163//2163
v 1.367426 53.269307 -60.887295 0.058589 0.058589 0.058589
vn 0.000000 1.000000 0.000000
v -1.367426 53.269307 -60.887295 0.058589 0.058589 0.058589
vn 0.000000 1.000000 0.000000
v -0.951657 53.269307 -59.904797 0.058589 0.058589 0.058589
vn 0.000000 1.000000 0.000000
f 2164//2164 2165//2165 2166//2166
v 1.367426 53.269307 -60.887295 0.058589 0.058589 0.058589
vn 0.000000 1.000000 0.000000
v -0.951657 53.269307 -59.904797 0.058589 0.058589 0.058589
vn 0.000000 1.000000 0.000000
v 0.951657 53.269307 -59.904797 0.058589 0.058589 0.058589
vn 0.000000 1.000000 0.000000
f 2167//2167 2168//2168 2169//2169
v 0.000000 6.415668 118.361117 0.058589 0.058589 0.058589
vn -0.332091 -0.924470 0.187273
v -8.817512 9.583127 118.361117 0.058589 0.058589 0.058589
vn -0.332091 -0.924470 0.187273
v -15.282603 4.974387 84.145511 0.058589 0.058589 0.058589
vn -0.332091 -0.924470 0.187273
f 2170//2170 2171//2171 2172//2172
v 0.000000 6.415668 118.361117 0.058589 0.058589 0.058589
vn -0.272006 -0.948654 0.161454
v -15.282603 4.974387 84.145511 0.058589 0.058589 0.058589
vn -0.272006 -0.948654 0.161454
v 0.000000 4.974387 109.892578 0.058589 0.058589 0.058589
vn -0.272006 -0.948654 0.161454
f 2173//2173 2174//2174 2175//2175
v -5.162388 14.751807 131.001223 0.058589 0.058589 0.058589
vn -0.304471 -0.847582 0.434629
v -8.817512 9.583127 118.361117 0.058589 0.058589 0.058589
vn -0.304471 -0.847582 0.434629
v 0.000000 6.415668 118.361117 0.058589 0.058589 0.058589
vn -0.304471 -0.847582 0.434629
f 2176//2176 2177//2177 2178//2178
v -5.162388 14.751807 131.001223 0.058589 0.058589 0.058589
vn -0.387342 -0.834404 0.392093
v 0.000000 6.415668 118.361117 0.058589 0.058589 0.058589
vn -0.387342 -0.834404 0.392093
v 0.000000 12.550815 131.417185 0.058589 0.058589 0.058589
vn -0.387342 -0.834404 0.392093
f 2179//2179 2180//2180 2181//2181
v -0.445368 21.049272 139.213998 0.058589 0.058589 0.058589
vn -0.243614 -0.697027 0.674393
v -7.175437 17.647120 133.266527 0.058589 0.058589 0.058589
vn -0.243614 -0.697027 0.674393
v -5.162388 14.751807 131.001223 0.058589 0.058589 0.058589
vn -0.243614 -0.697027 0.674393
f 2182//2182 2183//2183 2184//2184
v -0.445368 21.049272 139.213998 0.058589 0.058589 0.058589
vn -0.243605 -0.697032 0.674391
v -5.162388 14.751807 131.001223 0.058589 0.058589 0.058589
vn -0.243605 -0.697032 0.674391
v 0.000000 21.104245 139.431693 0.058589 0.058589 0.058589
vn -0.243605 -0.697032 0.674391
f 2185//2185 2186//2186 2187//2187
v 15.192293 26.068896 -142.042495 0.058589 0.058589 0.058589
vn 0.191055 -0.000260 -0.981579
v 0.000000 26.068896 -144.999534 0.058589 0.058589 0.058589
vn 0.191055 -0.000260 -0.981579
v 0.000000 27.829719 -145.000000 0.058589 0.058589 0.058589
vn 0.191055 -0.000260 -0.981579
f 2188//2188 2189//2189 2190//2190
v 15.192293 26.068896 -142.042495 0.058589 0.058589 0.058589
vn 0.191053 -0.000278 -0.981580
v 0.000000 27.829719 -145.000000 0.058589 0.058589 0.058589
vn 0.191053 -0.000278 -0.981580
v 15.192545 27.829719 -142.042945 0.058589 0.058589 0.058589
vn 0.191053 -0.000278 -0.981580
f 2191//2191 2192//2192 2193//2193
v 0.000000 27.829719 -145.000000 0.058589 0.058589 0.058589
vn 0.000170 1.000000 -0.000911
v 0.000000 27.832173 -142.307869 0.058589 0.058589 0.058589
vn 0.000170 1.000000 -0.000911
v 13.637704 27.832173 -139.759241 0.058589 0.058589 0.058589
vn 0.000170 1.000000 -0.000911
f 2194//2194 2195//2195 2196//2196
v 0.000000 27.829719 -145.000000 0.058589 0.058589 0.058589
vn 0.000185 1.000000 -0.000949
v 13.637704 27.832173 -139.759241 0.058589 0.058589 0.058589
vn 0.000185 1.000000 -0.000949
v 15.192545 27.829719 -142.042945 0.058589 0.058589 0.058589
vn 0.000185 1.000000 -0.000949
f 2197//2197 2198//2198 2199//2199
v 8.817512 9.583127 118.361117 0.058589 0.058589 0.058589
vn 0.757870 -0.535224 0.373054
v 11.962429 14.036290 118.361117 0.058589 0.058589 0.058589
vn 0.757870 -0.535224 0.373054
v 7.175437 17.647120 133.266527 0.058589 0.058589 0.058589
vn 0.757870 -0.535224 0.373054
f 2200//2200 2201//2201 2202//2202
v 8.817512 9.583127 118.361117 0.058589 0.058589 0.058589
vn 0.530950 -0.719465 0.447731
v 7.175437 17.647120 133.266527 0.058589 0.058589 0.058589
vn 0.530950 -0.719465 0.447731
v 5.162388 14.751807 131.001223 0.058589 0.058589 0.058589
vn 0.530950 -0.719465 0.447731
f 2203//2203 2204//2204 2205//2205
v 15.282603 4.974387 84.145511 0.058589 0.058589 0.058589
vn 0.332091 -0.924470 0.187273
v 8.817512 9.583127 118.361117 0.058589 0.058589 0.058589
vn 0.332091 -0.924470 0.187273
v 0.000000 6.415668 118.361117 0.058589 0.058589 0.058589
vn 0.332091 -0.924470 0.187273
f 2206//2206 2207//2207 2208//2208
v 15.282603 4.974387 84.145511 0.058589 0.058589 0.058589
vn 0.272006 -0.948654 0.161454
v 0.000000 6.415668 118.361117 0.058589 0.058589 0.058589
vn 0.272006 -0.948654 0.161454
v 0.000000 4.974387 109.892578 0.058589 0.058589 0.058589
vn 0.272006 -0.948654 0.161454
f 2209//2209 2210//2210 2211//2211
v 14.572425 10.190097 -133.493238 0.058589 0.058589 0.058589
vn 0.606966 -0.531662 -0.590701
v 12.368034 14.281220 -139.440547 0.058589 0.058589 0.058589
vn 0.606966 -0.531662 -0.590701
v 16.597886 12.502444 -133.493238 0.058589 0.058589 0.058589
vn 0.606966 -0.531662 -0.590701
f 2212//2212 2213//2213 2214//2214
v 1.508997 53.269307 -58.644439 0.058589 0.058589 0.058589
vn -0.914569 0.000000 0.404430
v 0.951657 53.269307 -59.904797 0.058589 0.058589 0.058589
vn -0.914569 0.000000 0.404430
v 0.951657 52.645478 -59.904797 0.058589 0.058589 0.058589
vn -0.914569 0.000000 0.404430
f 2215//2215 2216//2216 2217//2217
v 1.508997 53.269307 -58.644439 0.058589 0.058589 0.058589
vn -0.914569 0.000000 0.404430
v 0.951657 52.645478 -59.904797 0.058589 0.058589 0.058589
vn -0.914569 0.000000 0.404430
v 1.508997 52.645478 -58.644439 0.058589 0.058589 0.058589
vn -0.914569 0.000000 0.404430
f 2218//2218 2219//2219 2220//2220
v 1.508997 53.269307 -52.824932 0.058589 0.058589 0.058589
vn -1.000000 0.000000 0.000000
v 1.508997 53.269307 -58.644439 0.058589 0.058589 0.058589
vn -1.000000 0.000000 0.000000
v 1.508997 52.645478 -58.644439 0.058589 0.058589 0.058589
vn -1.000000 0.000000 0.000000
f 2221//2221 2222//2222 2223//2223
v 1.508997 53.269307 -52.824932 0.058589 0.058589 0.058589
vn -1.000000 0.000000 0.000000
v 1.508997 52.645478 -58.644439 0.058589 0.058589 0.058589
vn -1.000000 0.000000 0.000000
v 1.508997 52.645478 -52.824932 0.058589 0.058589 0.058589
vn -1.000000 0.000000 0.000000
f 2224//2224 2225//2225 2226//2226
v 0.951657 53.269307 -51.472977 0.058589 0.058589 0.058589
vn -0.924521 0.000000 -0.381131
v 1.508997 53.269307 -52.824932 0.058589 0.058589 0.058589
vn -0.924521 0.000000 -0.381131
v 1.508997 52.645478 -52.824932 0.058589 0.058589 0.058589
vn -0.924521 0.000000 -0.381131
f 2227//2227 2228//2228 2229//2229
v 0.951657 53.269307 -51.472977 0.058589 0.058589 0.058589
vn -0.924521 0.000000 -0.381131
v 1.508997 52.645478 -52.824932 0.058589 0.058589 0.058589
vn -0.924521 0.000000 -0.381131
v 0.951657 52.645478 -51.472977 0.058589 0.058589 0.058589
vn -0.924521 0.000000 -0.381131
f 2230//2230 2231//2231 2232//2232
v -0.951657 53.269307 -51.472977 0.058589 0.058589 0.058589
vn 0.000000 0.000000 -1.000000
v 0.951657 53.269307 -51.472977 0.058589 0.058589 0.058589
vn 0.000000 0.000000 -1.000000
v 0.951657 52.645478 -51.472977 0.058589 0.058589 0.058589
vn 0.000000 0.000000 -1.000000
f 2233//2233 2234//2234 2235//2235
v -0.951657 53.269307 -51.472977 0.058589 0.058589 0.058589
vn 0.000000 0.000000 -1.000000
v 0.951657 52.645478 -51.472977 0.058589 0.058589 0.058589
vn 0.000000 0.000000 -1.000000
v -0.951657 52.645478 -51.472977 0.058589 0.058589 0.058589
vn 0.000000 0.000000 -1.000000
f 2236//2236 2237//2237 2238//2238
v -1.508997 53.269307 -52.824932 0.058589 0.058589 0.058589
vn 0.924521 0.000000 -0.381131
v -0.951657 53.269307 -51.472977 0.058589 0.058589 0.058589
vn 0.924521 0.000000 -0.381131
v -0.951657 52.645478 -51.472977 0.058589 0.058589 0.058589
vn 0.924521 0.000000 -0.381131
f 2239//2239 2240//2240 2241//2241
v -1.508997 53.269307 -52.824932 0.058589 0.058589 0.058589
vn 0.924521 0.000000 -0.381131
v -0.951657 52.645478 -51.472977 0.058589 0.058589 0.058589
vn 0.924521 0.000000 -0.381131
v -1.508997 52.645478 -52.824932 0.058589 0.058589 0.058589
vn 0.924521 0.000000 -0.381131
f 2242//2242 2243//2243 2244//2244
v -1.508997 53.269307 -58.644439 0.058589 0.058589 0.058589
vn 1.000000 0.000000 0.000000
v -1.508997 53.269307 -52.824932 0.058589 0.058589 0.058589
vn 1.000000 0.000000 0.000000
v -1.508997 52.645478 -52.824932 0.058589 0.058589 0.058589
vn 1.000000 0.000000 0.000000
f 2245//2245 2246//2246 2247//2247
v -1.508997 53.269307 -58.644439 0.058589 0.058589 0.058589
vn 1.000000 0.000000 0.000000
v -1.508997 52.645478 -52.824932 0.058589 0.058589 0.058589
vn 1.000000 0.000000 0.000000
v -1.508997 52.645478 -58.644439 0.058589 0.058589 0.058589
vn 1.000000 0.000000 0.000000
f 2248//2248 2249//2249 2250//2250
v -0.951657 53.269307 -59.904797 0.058589 0.058589 0.058589
vn 0.914569 0.000000 0.404430
v -1.508997 53.269307 -58.644439 0.058589 0.058589 0.058589
vn 0.914569 0.000000 0.404430
v -1.508997 52.645478 -58.644439 0.058589 0.058589 0.058589
vn 0.914569 0.000000 0.404430
f 2251//2251 2252//2252 2253//2253
v -0.951657 53.269307 -59.904797 0.058589 0.058589 0.058589
vn 0.914569 0.000000 0.404430
v -1.508997 52.645478 -58.644439 0.058589 0.058589 0.058589
vn 0.914569 0.000000 0.404430
v -0.951657 52.645478 -59.904797 0.058589 0.058589 0.058589
vn 0.914569 0.000000 0.404430
f 2254//2254 2255//2255 2256//2256
v 0.951657 53.269307 -59.904797 0.058589 0.058589 0.058589
vn 0.000000 0.000000 1.000000
v -0.951657 53.269307 -59.904797 0.058589 0.058589 0.058589
vn 0.000000 0.000000 1.000000
v -0.951657 52.645478 -59.904797 0.058589 0.058589 0.058589
vn 0.000000 0.000000 1.000000
f 2257//2257 2258//2258 2259//2259
v 0.951657 53.269307 -59.904797 0.058589 0.058589 0.058589
vn 0.000000 0.000000 1.000000
v -0.951657 52.645478 -59.904797 0.058589 0.058589 0.058589
vn 0.000000 0.000000 1.000000
v 0.951657 52.645478 -59.904797 0.058589 0.058589 0.058589
vn 0.000000 0.000000 1.000000
f 2260//2260 2261//2261 2262//2262
v 0.000000 21.104245 139.431693 0.058589 0.058589 0.058589
vn -0.330614 -0.645295 0.688687
v -5.162388 14.751807 131.001223 0.058589 0.058589 0.058589
vn -0.330614 -0.645295 0.688687
v 0.000000 12.550815 131.417185 0.058589 0.058589 0.058589
vn -0.330614 -0.645295 0.688687
f 2263//2263 2264//2264 2265//2265
v 5.162388 14.751807 131.001223 0.058589 0.058589 0.058589
vn 0.387342 -0.834404 0.392093
v 0.000000 12.550815 131.417185 0.058589 0.058589 0.058589
vn 0.387342 -0.834404 0.392093
v 0.000000 6.415668 118.361117 0.058589 0.058589 0.058589
vn 0.387342 -0.834404 0.392093
f 2266//2266 2267//2267 2268//2268
v 5.162388 14.751807 131.001223 0.058589 0.058589 0.058589
vn 0.304471 -0.847582 0.434629
v 0.000000 6.415668 118.361117 0.058589 0.058589 0.058589
vn 0.304471 -0.847582 0.434629
v 8.817512 9.583127 118.361117 0.058589 0.058589 0.058589
vn 0.304471 -0.847582 0.434629
f 2269//2269 2270//2270 2271//2271
v 0.445368 21.049272 139.213998 0.058589 0.058589 0.058589
vn 0.243605 -0.697032 0.674391
v 0.000000 21.104245 139.431693 0.058589 0.058589 0.058589
vn 0.243605 -0.697032 0.674391
v 5.162388 14.751807 131.001223 0.058589 0.058589 0.058589
vn 0.243605 -0.697032 0.674391
f 2272//2272 2273//2273 2274//2274
v 0.445368 21.049272 139.213998 0.058589 0.058589 0.058589
vn 0.243614 -0.697027 0.674393
v 5.162388 14.751807 131.001223 0.058589 0.058589 0.058589
vn 0.243614 -0.697027 0.674393
v 7.175437 17.647120 133.266527 0.058589 0.058589 0.058589
vn 0.243614 -0.697027 0.674393
f 2275//2275 2276//2276 2277//2277
v 0.951657 52.645478 -51.472977 0.058589 0.058589 0.058589
vn 0.000000 1.000000 0.000000
v 1.508997 52.645478 -52.824932 0.058589 0.058589 0.058589
vn 0.000000 1.000000 0.000000
v 1.508997 52.645478 -58.644439 0.058589 0.058589 0.058589
vn 0.000000 1.000000 0.000000
f 2278//2278 2279//2279 2280//2280
v 0.951657 52.645478 -51.472977 0.058589 0.058589 0.058589
vn 0.000000 1.000000 0.000000
v 1.508997 52.645478 -58.644439 0.058589 0.058589 0.058589
vn 0.000000 1.000000 0.000000
v 0.951657 52.645478 -59.904797 0.058589 0.058589 0.058589
vn 0.000000 1.000000 0.000000
f 2281//2281 2282//2282 2283//2283
v 0.951657 52.645478 -51.472977 0.058589 0.058589 0.058589
vn 0.000000 1.000000 0.000000
v 0.951657 52.645478 -59.904797 0.058589 0.058589 0.058589
vn 0.000000 1.000000 0.000000
v -0.951657 52.645478 -59.904797 0.058589 0.058589 0.058589
vn 0.000000 1.000000 0.000000
f 2284//2284 2285//2285 2286//2286
v 0.951657 52.645478 -51.472977 0.058589 0.058589 0.058589
vn 0.000000 1.000000 0.000000
v -0.951657 52.645478 -59.904797 0.058589 0.058589 0.058589
vn 0.000000 1.000000 0.000000
v -1.508997 52.645478 -58.644439 0.058589 0.058589 0.058589
vn 0.000000 1.000000 0.000000
f 2287//2287 2288//2288 2289//2289
v 0.951657 52.645478 -51.472977 0.058589 0.058589 0.058589
vn 0.000000 1.000000 0.000000
v -1.508997 52.645478 -58.644439 0.058589 0.058589 0.058589
vn 0.000000 1.000000 0.000000
v -1.508997 52.645478 -52.824932 0.058589 0.058589 0.058589
vn 0.000000 1.000000 0.000000
f 2290//2290 2291//2291 2292//2292
v 0.951657 52.645478 -51.472977 0.058589 0.058589 0.058589
vn 0.000000 1.000000 0.000000
v -1.508997 52.645478 -52.824932 0.058589 0.058589 0.058589
vn 0.000000 1.000000 0.000000
v -0.951657 52.645478 -51.472977 0.058589 0.058589 0.058589
vn 0.000000 1.000000 0.000000
f 2293//2293 2294//2294 2295//2295
v 0.000000 21.104245 139.431693 0.058589 0.058589 0.058589
vn 0.330614 -0.645295 0.688687
v 0.000000 12.550815 131.417185 0.058589 0.058589 0.058589
vn 0.330614 -0.645295 0.688687
v 5.162388 14.751807 131.001223 0.058589 0.058589 0.058589
vn 0.330614 -0.645295 0.688687
f 2296//2296 2297//2297 2298//2298
v -1.261438 45.363040 -31.048320 0.058589 0.058589 0.058589
vn -1.000000 0.000000 0.000000
v -1.261438 47.122484 -31.048320 0.058589 0.058589 0.058589
vn -1.000000 0.000000 0.000000
v -1.261438 47.122484 -37.655433 0.058589 0.058589 0.058589
vn -1.000000 0.000000 0.000000
f 2299//2299 2300//2300 2301//2301
v -1.261438 45.363040 -31.048320 0.058589 0.058589 0.058589
vn -1.000000 0.000000 0.000000
v -1.261438 47.122484 -37.655433 0.058589 0.058589 0.058589
vn -1.000000 0.000000 0.000000
v -1.261438 45.363040 -38.741676 0.058589 0.058589 0.058589
vn -1.000000 0.000000 0.000000
f 2302//2302 2303//2303 2304//2304
v 1.261438 45.363040 -31.048320 0.058589 0.058589 0.058589
vn 0.000000 0.000000 1.000000
v 1.261438 47.122484 -31.048320 0.058589 0.058589 0.058589
vn 0.000000 0.000000 1.000000
v -1.261438 47.122484 -31.048320 0.058589 0.058589 0.058589
vn 0.000000 0.000000 1.000000
f 2305//2305 2306//2306 2307//2307
v 1.261438 45.363040 -31.048320 0.058589 0.058589 0.058589
vn 0.000000 0.000000 1.000000
v -1.261438 47.122484 -31.048320 0.058589 0.058589 0.058589
vn 0.000000 0.000000 1.000000
v -1.261438 45.363040 -31.048320 0.058589 0.058589 0.058589
vn 0.000000 0.000000 1.000000
f 2308//2308 2309//2309 2310//2310
v -1.261438 47.122484 -37.655433 0.058589 0.058589 0.058589
vn -0.998474 0.055219 0.000000
v -1.261438 47.122484 -31.048320 0.058589 0.058589 0.058589
vn -0.998474 0.055219 0.000000
v -1.108653 49.885138 -32.295292 0.058589 0.058589 0.058589
vn -0.998474 0.055219 0.000000
f 2311//2311 2312//2312 2313//2313
v -1.261438 47.122484 -37.655433 0.058589 0.058589 0.058589
vn -0.998474 0.055219 0.000000
v -1.108653 49.885138 -32.295292 0.058589 0.058589 0.058589
vn -0.998474 0.055219 0.000000
v -1.108653 49.885138 -37.149850 0.058589 0.058589 0.058589
vn -0.998474 0.055219 0.000000
f 2314//2314 2315//2315 2316//2316
v -1.261438 45.363040 -38.741676 0.058589 0.058589 0.058589
vn 0.000000 0.525328 -0.850900
v -1.261438 47.122484 -37.655433 0.058589 0.058589 0.058589
vn 0.000000 0.525328 -0.850900
v 1.261438 47.122484 -37.655433 0.058589 0.058589 0.058589
vn 0.000000 0.525328 -0.850900
f 2317//2317 2318//2318 2319//2319
v -1.261438 45.363040 -38.741676 0.058589 0.058589 0.058589
vn 0.000000 0.525328 -0.850900
v 1.261438 47.122484 -37.655433 0.058589 0.058589 0.058589
vn 0.000000 0.525328 -0.850900
v 1.261438 45.363040 -38.741676 0.058589 0.058589 0.058589
vn 0.000000 0.525328 -0.850900
f 2320//2320 2321//2321 2322//2322
v 1.261438 45.363040 -38.741676 0.058589 0.058589 0.058589
vn 1.000000 0.000000 0.000000
v 1.261438 47.122484 -37.655433 0.058589 0.058589 0.058589
vn 1.000000 0.000000 0.000000
v 1.261438 47.122484 -31.048320 0.058589 0.058589 0.058589
vn 1.000000 0.000000 0.000000
f 2323//2323 2324//2324 2325//2325
v 1.261438 45.363040 -38.741676 0.058589 0.058589 0.058589
vn 1.000000 0.000000 0.000000
v 1.261438 47.122484 -31.048320 0.058589 0.058589 0.058589
vn 1.000000 0.000000 0.000000
v 1.261438 45.363040 -31.048320 0.058589 0.058589 0.058589
vn 1.000000 0.000000 0.000000
f 2326//2326 2327//2327 2328//2328
v -1.261438 47.122484 -31.048320 0.058589 0.058589 0.058589
vn 0.000000 0.411401 0.911455
v 1.261438 47.122484 -31.048320 0.058589 0.058589 0.058589
vn 0.000000 0.411401 0.911455
v 1.108653 49.885138 -32.295292 0.058589 0.058589 0.058589
vn 0.000000 0.411401 0.911455
f 2329//2329 2330//2330 2331//2331
v -1.261438 47.122484 -31.048320 0.058589 0.058589 0.058589
vn 0.000000 0.411401 0.911455
v 1.108653 49.885138 -32.295292 0.058589 0.058589 0.058589
vn 0.000000 0.411401 0.911455
v -1.108653 49.885138 -32.295292 0.058589 0.058589 0.058589
vn 0.000000 0.411401 0.911455
f 2332//2332 2333//2333 2334//2334
v 1.261438 47.122484 -37.655433 0.058589 0.058589 0.058589
vn 0.000000 0.180017 -0.983664
v -1.261438 47.122484 -37.655433 0.058589 0.058589 0.058589
vn 0.000000 0.180017 -0.983664
v -1.108653 49.885138 -37.149850 0.058589 0.058589 0.058589
vn 0.000000 0.180017 -0.983664
f 2335//2335 2336//2336 2337//2337
v 1.261438 47.122484 -37.655433 0.058589 0.058589 0.058589
vn 0.000000 0.180017 -0.983664
v -1.108653 49.885138 -37.149850 0.058589 0.058589 0.058589
vn 0.000000 0.180017 -0.983664
v 1.108653 49.885138 -37.149850 0.058589 0.058589 0.058589
vn 0.000000 0.180017 -0.983664
f 2338//2338 2339//2339 2340//2340
v -1.108653 49.885138 -37.149850 0.058589 0.058589 0.058589
vn -0.998474 0.055222 0.000000
v -1.108653 49.885138 -32.295292 0.058589 0.058589 0.058589
vn -0.998474 0.055222 0.000000
v -1.082067 50.365845 -32.512280 0.058589 0.058589 0.058589
vn -0.998474 0.055222 0.000000
f 2341//2341 2342//2342 2343//2343
v -1.108653 49.885138 -37.149850 0.058589 0.058589 0.058589
vn -0.998474 0.055222 0.000000
v -1.082067 50.365845 -32.512280 0.058589 0.058589 0.058589
vn -0.998474 0.055222 0.000000
v -1.082067 50.365845 -37.061884 0.058589 0.058589 0.058589
vn -0.998474 0.055222 0.000000
f 2344//2344 2345//2345 2346//2346
v 1.261438 47.122484 -31.048320 0.058589 0.058589 0.058589
vn 0.998474 0.055219 0.000000
v 1.261438 47.122484 -37.655433 0.058589 0.058589 0.058589
vn 0.998474 0.055219 0.000000
v 1.108653 49.885138 -37.149850 0.058589 0.058589 0.058589
vn 0.998474 0.055219 0.000000
f 2347//2347 2348//2348 2349//2349
v 1.261438 47.122484 -31.048320 0.058589 0.058589 0.058589
vn 0.998474 0.055219 0.000000
v 1.108653 49.885138 -37.149850 0.058589 0.058589 0.058589
vn 0.998474 0.055219 0.000000
v 1.108653 49.885138 -32.295292 0.058589 0.058589 0.058589
vn 0.998474 0.055219 0.000000
f 2350//2350 2351//2351 2352//2352
v -1.108653 49.885138 -32.295292 0.058589 0.058589 0.058589
vn 0.000000 -1.000000 0.000000
v 1.108653 49.885138 -32.295292 0.058589 0.058589 0.058589
vn 0.000000 -1.000000 0.000000
v 1.108653 49.885138 -31.013384 0.058589 0.058589 0.058589
vn 0.000000 -1.000000 0.000000
f 2353//2353 2354//2354 2355//2355
v -1.108653 49.885138 -32.295292 0.058589 0.058589 0.058589
vn 0.000000 -1.000000 0.000000
v 1.108653 49.885138 -31.013384 0.058589 0.058589 0.058589
vn 0.000000 -1.000000 0.000000
v -1.108653 49.885138 -31.013384 0.058589 0.058589 0.058589
vn 0.000000 -1.000000 0.000000
f 2356//2356 2357//2357 2358//2358
v 1.108653 49.885138 -37.149850 0.058589 0.058589 0.058589
vn 0.000000 0.180003 -0.983666
v -1.108653 49.885138 -37.149850 0.058589 0.058589 0.058589
vn 0.000000 0.180003 -0.983666
v -1.082067 50.365845 -37.061884 0.058589 0.058589 0.058589
vn 0.000000 0.180003 -0.983666
f 2359//2359 2360//2360 2361//2361
v 1.108653 49.885138 -37.149850 0.058589 0.058589 0.058589
vn 0.000000 0.180003 -0.983666
v -1.082067 50.365845 -37.061884 0.058589 0.058589 0.058589
vn 0.000000 0.180003 -0.983666
v 1.082067 50.365845 -37.061884 0.058589 0.058589 0.058589
vn 0.000000 0.180003 -0.983666
f 2362//2362 2363//2363 2364//2364
v -1.082067 50.365845 -32.512280 0.058589 0.058589 0.058589
vn 0.000000 -0.411422 -0.911445
v -1.108653 49.885138 -32.295292 0.058589 0.058589 0.058589
vn 0.000000 -0.411422 -0.911445
v -2.540989 49.885138 -32.295292 0.058589 0.058589 0.058589
vn 0.000000 -0.411422 -0.911445
f 2365//2365 2366//2366 2367//2367
v -1.082067 50.365845 -32.512280 0.058589 0.058589 0.058589
vn 0.000000 -0.411422 -0.911445
v -2.540989 49.885138 -32.295292 0.058589 0.058589 0.058589
vn 0.000000 -0.411422 -0.911445
v -2.531519 50.365845 -32.512280 0.058589 0.058589 0.058589
vn 0.000000 -0.411422 -0.911445
f 2368//2368 2369//2369 2370//2370
v -1.082067 50.365845 -37.061884 0.058589 0.058589 0.058589
vn -0.998474 0.055220 0.000000
v -1.082067 50.365845 -32.512280 0.058589 0.058589 0.058589
vn -0.998474 0.055220 0.000000
v -0.902696 53.609196 -33.976224 0.058589 0.058589 0.058589
vn -0.998474 0.055220 0.000000
f 2371//2371 2372//2372 2373//2373
v -1.082067 50.365845 -37.061884 0.058589 0.058589 0.058589
vn -0.998474 0.055220 0.000000
v -0.902696 53.609196 -33.976224 0.058589 0.058589 0.058589
vn -0.998474 0.055220 0.000000
v -0.902696 53.609196 -36.468336 0.058589 0.058589 0.058589
vn -0.998474 0.055220 0.000000
f 2374//2374 2375//2375 2376//2376
v 1.108653 49.885138 -32.295292 0.058589 0.058589 0.058589
vn 0.998474 0.055222 0.000000
v 1.108653 49.885138 -37.149850 0.058589 0.058589 0.058589
vn 0.998474 0.055222 0.000000
v 1.082067 50.365845 -37.061884 0.058589 0.058589 0.058589
vn 0.998474 0.055222 0.000000
f 2377//2377 2378//2378 2379//2379
v 1.108653 49.885138 -32.295292 0.058589 0.058589 0.058589
vn 0.998474 0.055222 0.000000
v 1.082067 50.365845 -37.061884 0.058589 0.058589 0.058589
vn 0.998474 0.055222 0.000000
v 1.082067 50.365845 -32.512280 0.058589 0.058589 0.058589
vn 0.998474 0.055222 0.000000
f 2380//2380 2381//2381 2382//2382
v -1.108653 49.885138 -32.295292 0.058589 0.058589 0.058589
vn 0.000000 -1.000000 0.000000
v -1.108653 49.885138 -31.013384 0.058589 0.058589 0.058589
vn 0.000000 -1.000000 0.000000
v -2.540989 49.885138 -31.013384 0.058589 0.058589 0.058589
vn 0.000000 -1.000000 0.000000
f 2383//2383 2384//2384 2385//2385
v -1.108653 49.885138 -32.295292 0.058589 0.058589 0.058589
vn 0.000000 -1.000000 0.000000
v -2.540989 49.885138 -31.013384 0.058589 0.058589 0.058589
vn 0.000000 -1.000000 0.000000
v -2.540989 49.885138 -32.295292 0.058589 0.058589 0.058589
vn 0.000000 -1.000000 0.000000
f 2386//2386 2387//2387 2388//2388
v 1.108653 49.885138 -31.013384 0.058589 0.058589 0.058589
vn 0.000000 -1.000000 0.000000
v 1.108653 49.885138 -32.295292 0.058589 0.058589 0.058589
vn 0.000000 -1.000000 0.000000
v 2.540989 49.885138 -32.295292 0.058589 0.058589 0.058589
vn 0.000000 -1.000000 0.000000
f 2389//2389 2390//2390 2391//2391
v 1.108653 49.885138 -31.013384 0.058589 0.058589 0.058589
vn 0.000000 -1.000000 0.000000
v 2.540989 49.885138 -32.295292 0.058589 0.058589 0.058589
vn 0.000000 -1.000000 0.000000
v 2.540989 49.885138 -31.013384 0.058589 0.058589 0.058589
vn 0.000000 -1.000000 0.000000
f 2392//2392 2393//2393 2394//2394
v -1.108653 49.885138 -31.013384 0.058589 0.058589 0.058589
vn 0.000000 0.411396 0.911457
v 1.108653 49.885138 -31.013384 0.058589 0.058589 0.058589
vn 0.000000 0.411396 0.911457
v 1.082067 50.365845 -31.230357 0.058589 0.058589 0.058589
vn 0.000000 0.411396 0.911457
f 2395//2395 2396//2396 2397//2397
v -1.108653 49.885138 -31.013384 0.058589 0.058589 0.058589
vn 0.000000 0.411396 0.911457
v 1.082067 50.365845 -31.230357 0.058589 0.058589 0.058589
vn 0.000000 0.411396 0.911457
v -1.082067 50.365845 -31.230357 0.058589 0.058589 0.058589
vn 0.000000 0.411396 0.911457
f 2398//2398 2399//2399 2400//2400
v 1.082067 50.365845 -37.061884 0.058589 0.058589 0.058589
vn 0.000000 0.180015 -0.983664
v -1.082067 50.365845 -37.061884 0.058589 0.058589 0.058589
vn 0.000000 0.180015 -0.983664
v -0.902696 53.609196 -36.468336 0.058589 0.058589 0.058589
vn 0.000000 0.180015 -0.983664
f 2401//2401 2402//2402 2403//2403
v 1.082067 50.365845 -37.061884 0.058589 0.058589 0.058589
vn 0.000000 0.180015 -0.983664
v -0.902696 53.609196 -36.468336 0.058589 0.058589 0.058589
vn 0.000000 0.180015 -0.983664
v 0.902696 53.609196 -36.468336 0.058589 0.058589 0.058589
vn 0.000000 0.180015 -0.983664
f 2404//2404 2405//2405 2406//2406
v -1.082067 50.365845 -31.230357 0.058589 0.058589 0.058589
vn 0.000000 1.000000 0.000000
v -1.082067 50.365845 -32.512280 0.058589 0.058589 0.058589
vn 0.000000 1.000000 0.000000
v -2.531519 50.365845 -32.512280 0.058589 0.058589 0.058589
vn 0.000000 1.000000 0.000000
f 2407//2407 2408//2408 2409//2409
v -1.082067 50.365845 -31.230357 0.058589 0.058589 0.058589
vn 0.000000 1.000000 0.000000
v -2.531519 50.365845 -32.512280 0.058589 0.058589 0.058589
vn 0.000000 1.000000 0.000000
v -2.531519 50.365845 -31.230357 0.058589 0.058589 0.058589
vn 0.000000 1.000000 0.000000
f 2410//2410 2411//2411 2412//2412
v -2.531519 50.365845 -32.512280 0.058589 0.058589 0.058589
vn -0.999806 0.019698 0.000000
v -2.540989 49.885138 -32.295292 0.058589 0.058589 0.058589
vn -0.999806 0.019698 0.000000
v -2.540989 49.885138 -31.013384 0.058589 0.058589 0.058589
vn -0.999806 0.019698 0.000000
f 2413//2413 2414//2414 2415//2415
v -2.531519 50.365845 -32.512280 0.058589 0.058589 0.058589
vn -0.999806 0.019698 0.000000
v -2.540989 49.885138 -31.013384 0.058589 0.058589 0.058589
vn -0.999806 0.019698 0.000000
v -2.531519 50.365845 -31.230357 0.058589 0.058589 0.058589
vn -0.999806 0.019698 0.000000
f 2416//2416 2417//2417 2418//2418
v -1.082067 50.365845 -32.512280 0.058589 0.058589 0.058589
vn 0.000000 0.411401 0.911454
v 1.082067 50.365845 -32.512280 0.058589 0.058589 0.058589
vn 0.000000 0.411401 0.911454
v 0.902696 53.609196 -33.976224 0.058589 0.058589 0.058589
vn 0.000000 0.411401 0.911454
f 2419//2419 2420//2420 2421//2421
v -1.082067 50.365845 -32.512280 0.058589 0.058589 0.058589
vn 0.000000 0.411401 0.911454
v 0.902696 53.609196 -33.976224 0.058589 0.058589 0.058589
vn 0.000000 0.411401 0.911454
v -0.902696 53.609196 -33.976224 0.058589 0.058589 0.058589
vn 0.000000 0.411401 0.911454
f 2422//2422 2423//2423 2424//2424
v -0.902696 53.609196 -36.468336 0.058589 0.058589 0.058589
vn -1.000000 0.000000 0.000000
v -0.902696 53.609196 -33.976224 0.058589 0.058589 0.058589
vn -1.000000 0.000000 0.000000
v -0.902696 54.517084 -33.976224 0.058589 0.058589 0.058589
vn -1.000000 0.000000 0.000000
f 2425//2425 2426//2426 2427//2427
v -0.902696 53.609196 -36.468336 0.058589 0.058589 0.058589
vn -1.000000 0.000000 0.000000
v -0.902696 54.517084 -33.976224 0.058589 0.058589 0.058589
vn -1.000000 0.000000 0.000000
v -0.902696 54.517084 -36.468336 0.058589 0.058589 0.058589
vn -1.000000 0.000000 0.000000
f 2428//2428 2429//2429 2430//2430
v 1.108653 49.885138 -32.295292 0.058589 0.058589 0.058589
vn 0.000000 -0.411422 -0.911445
v 1.082067 50.365845 -32.512280 0.058589 0.058589 0.058589
vn 0.000000 -0.411422 -0.911445
v 2.531519 50.365845 -32.512280 0.058589 0.058589 0.058589
vn 0.000000 -0.411422 -0.911445
f 2431//2431 2432//2432 2433//2433
v 1.108653 49.885138 -32.295292 0.058589 0.058589 0.058589
vn 0.000000 -0.411422 -0.911445
v 2.531519 50.365845 -32.512280 0.058589 0.058589 0.058589
vn 0.000000 -0.411422 -0.911445
v 2.540989 49.885138 -32.295292 0.058589 0.058589 0.058589
vn 0.000000 -0.411422 -0.911445
f 2434//2434 2435//2435 2436//2436
v 1.082067 50.365845 -32.512280 0.058589 0.058589 0.058589
vn 0.998474 0.055220 0.000000
v 1.082067 50.365845 -37.061884 0.058589 0.058589 0.058589
vn 0.998474 0.055220 0.000000
v 0.902696 53.609196 -36.468336 0.058589 0.058589 0.058589
vn 0.998474 0.055220 0.000000
f 2437//2437 2438//2438 2439//2439
v 1.082067 50.365845 -32.512280 0.058589 0.058589 0.058589
vn 0.998474 0.055220 0.000000
v 0.902696 53.609196 -36.468336 0.058589 0.058589 0.058589
vn 0.998474 0.055220 0.000000
v 0.902696 53.609196 -33.976224 0.058589 0.058589 0.058589
vn 0.998474 0.055220 0.000000
f 2440//2440 2441//2441 2442//2442
v -1.108653 49.885138 -31.013384 0.058589 0.058589 0.058589
vn 0.000000 0.411396 0.911457
v -1.082067 50.365845 -31.230357 0.058589 0.058589 0.058589
vn 0.000000 0.411396 0.911457
v -2.531519 50.365845 -31.230357 0.058589 0.058589 0.058589
vn 0.000000 0.411396 0.911457
f 2443//2443 2444//2444 2445//2445
v -1.108653 49.885138 -31.013384 0.058589 0.058589 0.058589
vn 0.000000 0.411396 0.911457
v -2.531519 50.365845 -31.230357 0.058589 0.058589 0.058589
vn 0.000000 0.411396 0.911457
v -2.540989 49.885138 -31.013384 0.058589 0.058589 0.058589
vn 0.000000 0.411396 0.911457
f 2446//2446 2447//2447 2448//2448
v 1.082067 50.365845 -31.230357 0.058589 0.058589 0.058589
vn 0.000000 0.411396 0.911457
v 1.108653 49.885138 -31.013384 0.058589 0.058589 0.058589
vn 0.000000 0.411396 0.911457
v 2.540989 49.885138 -31.013384 0.058589 0.058589 0.058589
vn 0.000000 0.411396 0.911457
f 2449//2449 2450//2450 2451//2451
v 1.082067 50.365845 -31.230357 0.058589 0.058589 0.058589
vn 0.000000 0.411396 0.911457
v 2.540989 49.885138 -31.013384 0.058589 0.058589 0.058589
vn 0.000000 0.411396 0.911457
v 2.531519 50.365845 -31.230357 0.058589 0.058589 0.058589
vn 0.000000 0.411396 0.911457
f 2452//2452 2453//2453 2454//2454
v 2.540989 49.885138 -32.295292 0.058589 0.058589 0.058589
vn 0.999806 0.019698 0.000000
v 2.531519 50.365845 -32.512280 0.058589 0.058589 0.058589
vn 0.999806 0.019698 0.000000
v 2.531519 50.365845 -31.230357 0.058589 0.058589 0.058589
vn 0.999806 0.019698 0.000000
f 2455//2455 2456//2456 2457//2457
v 2.540989 49.885138 -32.295292 0.058589 0.058589 0.058589
vn 0.999806 0.019698 0.000000
v 2.531519 50.365845 -31.230357 0.058589 0.058589 0.058589
vn 0.999806 0.019698 0.000000
v 2.540989 49.885138 -31.013384 0.058589 0.058589 0.058589
vn 0.999806 0.019698 0.000000
f 2458//2458 2459//2459 2460//2460
v 1.082067 50.365845 -32.512280 0.058589 0.058589 0.058589
vn 0.000000 1.000000 0.000000
v -1.082067 50.365845 -32.512280 0.058589 0.058589 0.058589
vn 0.000000 1.000000 0.000000
v -1.082067 50.365845 -31.230357 0.058589 0.058589 0.058589
vn 0.000000 1.000000 0.000000
f 2461//2461 2462//2462 2463//2463
v 1.082067 50.365845 -32.512280 0.058589 0.058589 0.058589
vn 0.000000 1.000000 0.000000
v -1.082067 50.365845 -31.230357 0.058589 0.058589 0.058589
vn 0.000000 1.000000 0.000000
v 1.082067 50.365845 -31.230357 0.058589 0.058589 0.058589
vn 0.000000 1.000000 0.000000
f 2464//2464 2465//2465 2466//2466
v 0.902696 53.609196 -36.468336 0.058589 0.058589 0.058589
vn 0.000000 -1.000000 0.000000
v -0.902696 53.609196 -36.468336 0.058589 0.058589 0.058589
vn 0.000000 -1.000000 0.000000
v -0.902696 53.609196 -37.534219 0.058589 0.058589 0.058589
vn 0.000000 -1.000000 0.000000
f 2467//2467 2468//2468 2469//2469
v 0.902696 53.609196 -36.468336 0.058589 0.058589 0.058589
vn 0.000000 -1.000000 0.000000
v -0.902696 53.609196 -37.534219 0.058589 0.058589 0.058589
vn 0.000000 -1.000000 0.000000
v 0.902696 53.609196 -37.534219 0.058589 0.058589 0.058589
vn 0.000000 -1.000000 0.000000
f 2470//2470 2471//2471 2472//2472
v -0.902696 53.609196 -33.976224 0.058589 0.058589 0.058589
vn 0.000000 0.000000 1.000000
v 0.902696 53.609196 -33.976224 0.058589 0.058589 0.058589
vn 0.000000 0.000000 1.000000
v 0.902696 54.517084 -33.976224 0.058589 0.058589 0.058589
vn 0.000000 0.000000 1.000000
f 2473//2473 2474//2474 2475//2475
v -0.902696 53.609196 -33.976224 0.058589 0.058589 0.058589
vn 0.000000 0.000000 1.000000
v 0.902696 54.517084 -33.976224 0.058589 0.058589 0.058589
vn 0.000000 0.000000 1.000000
v -0.902696 54.517084 -33.976224 0.058589 0.058589 0.058589
vn 0.000000 0.000000 1.000000
f 2476//2476 2477//2477 2478//2478
v -0.902696 53.609196 -36.468336 0.058589 0.058589 0.058589
vn 0.000000 0.000000 1.000000
v -0.902696 54.517084 -36.468336 0.058589 0.058589 0.058589
vn 0.000000 0.000000 1.000000
v -2.392457 54.517084 -36.468336 0.058589 0.058589 0.058589
vn 0.000000 0.000000 1.000000
f 2479//2479 2480//2480 2481//2481
v -0.902696 53.609196 -36.468336 0.058589 0.058589 0.058589
vn 0.000000 0.000000 1.000000
v -2.392457 54.517084 -36.468336 0.058589 0.058589 0.058589
vn 0.000000 0.000000 1.000000
v -2.392457 53.609196 -36.468336 0.058589 0.058589 0.058589
vn 0.000000 0.000000 1.000000
f 2482//2482 2483//2483 2484//2484
v 0.902696 54.517084 -33.976224 0.058589 0.058589 0.058589
vn 0.000000 1.000000 0.000000
v 0.902696 54.517084 -36.468336 0.058589 0.058589 0.058589
vn 0.000000 1.000000 0.000000
v -0.902696 54.517084 -36.468336 0.058589 0.058589 0.058589
vn 0.000000 1.000000 0.000000
f 2485//2485 2486//2486 2487//2487
v 0.902696 54.517084 -33.976224 0.058589 0.058589 0.058589
vn 0.000000 1.000000 0.000000
v -0.902696 54.517084 -36.468336 0.058589 0.058589 0.058589
vn 0.000000 1.000000 0.000000
v -0.902696 54.517084 -33.976224 0.058589 0.058589 0.058589
vn 0.000000 1.000000 0.000000
f 2488//2488 2489//2489 2490//2490
v 1.082067 50.365845 -32.512280 0.058589 0.058589 0.058589
vn 0.000000 1.000000 0.000000
v 1.082067 50.365845 -31.230357 0.058589 0.058589 0.058589
vn 0.000000 1.000000 0.000000
v 2.531519 50.365845 -31.230357 0.058589 0.058589 0.058589
vn 0.000000 1.000000 0.000000
f 2491//2491 2492//2492 2493//2493
v 1.082067 50.365845 -32.512280 0.058589 0.058589 0.058589
vn 0.000000 1.000000 0.000000
v 2.531519 50.365845 -31.230357 0.058589 0.058589 0.058589
vn 0.000000 1.000000 0.000000
v 2.531519 50.365845 -32.512280 0.058589 0.058589 0.058589
vn 0.000000 1.000000 0.000000
f 2494//2494 2495//2495 2496//2496
v 0.902696 53.609196 -33.976224 0.058589 0.058589 0.058589
vn 1.000000 0.000000 0.000000
v 0.902696 53.609196 -36.468336 0.058589 0.058589 0.058589
vn 1.000000 0.000000 0.000000
v 0.902696 54.517084 -36.468336 0.058589 0.058589 0.058589
vn 1.000000 0.000000 0.000000
f 2497//2497 2498//2498 2499//2499
v 0.902696 53.609196 -33.976224 0.058589 0.058589 0.058589
vn 1.000000 0.000000 0.000000
v 0.902696 54.517084 -36.468336 0.058589 0.058589 0.058589
vn 1.000000 0.000000 0.000000
v 0.902696 54.517084 -33.976224 0.058589 0.058589 0.058589
vn 1.000000 0.000000 0.000000
f 2500//2500 2501//2501 2502//2502
v 0.902696 53.609196 -36.468336 0.058589 0.058589 0.058589
vn 0.000000 -1.000000 0.000000
v 0.902696 53.609196 -37.534219 0.058589 0.058589 0.058589
vn 0.000000 -1.000000 0.000000
v 2.392457 53.609196 -37.534219 0.058589 0.058589 0.058589
vn 0.000000 -1.000000 0.000000
f 2503//2503 2504//2504 2505//2505
v 0.902696 53.609196 -36.468336 0.058589 0.058589 0.058589
vn 0.000000 -1.000000 0.000000
v 2.392457 53.609196 -37.534219 0.058589 0.058589 0.058589
vn 0.000000 -1.000000 0.000000
v 2.392457 53.609196 -36.468336 0.058589 0.058589 0.058589
vn 0.000000 -1.000000 0.000000
f 2506//2506 2507//2507 2508//2508
v -0.902696 53.609196 -37.534219 0.058589 0.058589 0.058589
vn 0.000000 -1.000000 0.000000
v -0.902696 53.609196 -36.468336 0.058589 0.058589 0.058589
vn 0.000000 -1.000000 0.000000
v -2.392457 53.609196 -36.468336 0.058589 0.058589 0.058589
vn 0.000000 -1.000000 0.000000
f 2509//2509 2510//2510 2511//2511
v -0.902696 53.609196 -37.534219 0.058589 0.058589 0.058589
vn 0.000000 -1.000000 0.000000
v -2.392457 53.609196 -36.468336 0.058589 0.058589 0.058589
vn 0.000000 -1.000000 0.000000
v -2.392457 53.609196 -37.534219 0.058589 0.058589 0.058589
vn 0.000000 -1.000000 0.000000
f 2512//2512 2513//2513 2514//2514
v 0.902696 53.609196 -37.534219 0.058589 0.058589 0.058589
vn 0.000000 0.000000 -1.000000
v -0.902696 53.609196 -37.534219 0.058589 0.058589 0.058589
vn 0.000000 0.000000 -1.000000
v -0.902696 54.517084 -37.534219 0.058589 0.058589 0.058589
vn 0.000000 0.000000 -1.000000
f 2515//2515 2516//2516 2517//2517
v 0.902696 53.609196 -37.534219 0.058589 0.058589 0.058589
vn 0.000000 0.000000 -1.000000
v -0.902696 54.517084 -37.534219 0.058589 0.058589 0.058589
vn 0.000000 0.000000 -1.000000
v 0.902696 54.517084 -37.534219 0.058589 0.058589 0.058589
vn 0.000000 0.000000 -1.000000
f 2518//2518 2519//2519 2520//2520
v -0.902696 54.517084 -36.468336 0.058589 0.058589 0.058589
vn 0.000000 1.000000 0.000000
v -0.902696 54.517084 -37.534219 0.058589 0.058589 0.058589
vn 0.000000 1.000000 0.000000
v -2.392457 54.517084 -37.534219 0.058589 0.058589 0.058589
vn 0.000000 1.000000 0.000000
f 2521//2521 2522//2522 2523//2523
v -0.902696 54.517084 -36.468336 0.058589 0.058589 0.058589
vn 0.000000 1.000000 0.000000
v -2.392457 54.517084 -37.534219 0.058589 0.058589 0.058589
vn 0.000000 1.000000 0.000000
v -2.392457 54.517084 -36.468336 0.058589 0.058589 0.058589
vn 0.000000 1.000000 0.000000
f 2524//2524 2525//2525 2526//2526
v -2.392457 53.609196 -36.468336 0.058589 0.058589 0.058589
vn -1.000000 0.000000 0.000000
v -2.392457 54.517084 -36.468336 0.058589 0.058589 0.058589
vn -1.000000 0.000000 0.000000
v -2.392457 54.517084 -37.534219 0.058589 0.058589 0.058589
vn -1.000000 0.000000 0.000000
f 2527//2527 2528//2528 2529//2529
v -2.392457 53.609196 -36.468336 0.058589 0.058589 0.058589
vn -1.000000 0.000000 0.000000
v -2.392457 54.517084 -37.534219 0.058589 0.058589 0.058589
vn -1.000000 0.000000 0.000000
v -2.392457 53.609196 -37.534219 0.058589 0.058589 0.058589
vn -1.000000 0.000000 0.000000
f 2530//2530 2531//2531 2532//2532
v -0.902696 54.517084 -36.468336 0.058589 0.058589 0.058589
vn 0.000000 1.000000 0.000000
v 0.902696 54.517084 -36.468336 0.058589 0.058589 0.058589
vn 0.000000 1.000000 0.000000
v 0.902696 54.517084 -37.534219 0.058589 0.058589 0.058589
vn 0.000000 1.000000 0.000000
f 2533//2533 2534//2534 2535//2535
v -0.902696 54.517084 -36.468336 0.058589 0.058589 0.058589
vn 0.000000 1.000000 0.000000
v 0.902696 54.517084 -37.534219 0.058589 0.058589 0.058589
vn 0.000000 1.000000 0.000000
v -0.902696 54.517084 -37.534219 0.058589 0.058589 0.058589
vn 0.000000 1.000000 0.000000
f 2536//2536 2537//2537 2538//2538
v 0.902696 54.517084 -36.468336 0.058589 0.058589 0.058589
vn 0.000000 0.000000 1.000000
v 0.902696 53.609196 -36.468336 0.058589 0.058589 0.058589
vn 0.000000 0.000000 1.000000
v 2.392457 53.609196 -36.468336 0.058589 0.058589 0.058589
vn 0.000000 0.000000 1.000000
f 2539//2539 2540//2540 2541//2541
v 0.902696 54.517084 -36.468336 0.058589 0.058589 0.058589
vn 0.000000 0.000000 1.000000
v 2.392457 53.609196 -36.468336 0.058589 0.058589 0.058589
vn 0.000000 0.000000 1.000000
v 2.392457 54.517084 -36.468336 0.058589 0.058589 0.058589
vn 0.000000 0.000000 1.000000
f 2542//2542 2543//2543 2544//2544
v 0.902696 53.609196 -37.534219 0.058589 0.058589 0.058589
vn 0.000000 0.000000 -1.000000
v 0.902696 54.517084 -37.534219 0.058589 0.058589 0.058589
vn 0.000000 0.000000 -1.000000
v 2.392457 54.517084 -37.534219 0.058589 0.058589 0.058589
vn 0.000000 0.000000 -1.000000
f 2545//2545 2546//2546 2547//2547
v 0.902696 53.609196 -37.534219 0.058589 0.058589 0.058589
vn 0.000000 0.000000 -1.000000
v 2.392457 54.517084 -37.534219 0.058589 0.058589 0.058589
vn 0.000000 0.000000 -1.000000
v 2.392457 53.609196 -37.534219 0.058589 0.058589 0.058589
vn 0.000000 0.000000 -1.000000
f 2548//2548 2549//2549 2550//2550
v 2.392457 54.517084 -36.468336 0.058589 0.058589 0.058589
vn 1.000000 0.000000 0.000000
v 2.392457 53.609196 -36.468336 0.058589 0.058589 0.058589
vn 1.000000 0.000000 0.000000
v 2.392457 53.609196 -37.534219 0.058589 0.058589 0.058589
vn 1.000000 0.000000 0.000000
f 2551//2551 2552//2552 2553//2553
v 2.392457 54.517084 -36.468336 0.058589 0.058589 0.058589
vn 1.000000 0.000000 0.000000
v 2.392457 53.609196 -37.534219 0.058589 0.058589 0.058589
vn 1.000000 0.000000 0.000000
v 2.392457 54.517084 -37.534219 0.058589 0.058589 0.058589
vn 1.000000 0.000000 0.000000
f 2554//2554 2555//2555 2556//2556
v -0.902696 54.517084 -37.534219 0.058589 0.058589 0.058589
vn 0.000000 0.000000 -1.000000
v -0.902696 53.609196 -37.534219 0.058589 0.058589 0.058589
vn 0.000000 0.000000 -1.000000
v -2.392457 53.609196 -37.534219 0.058589 0.058589 0.058589
vn 0.000000 0.000000 -1.000000
f 2557//2557 2558//2558 2559//2559
v -0.902696 54.517084 -37.534219 0.058589 0.058589 0.058589
vn 0.000000 0.000000 -1.000000
v -2.392457 53.609196 -37.534219 0.058589 0.058589 0.058589
vn 0.000000 0.000000 -1.000000
v -2.392457 54.517084 -37.534219 0.058589 0.058589 0.058589
vn 0.000000 0.000000 -1.000000
f 2560//2560 2561//2561 2562//2562
v 0.902696 54.517084 -37.534219 0.058589 0.058589 0.058589
vn 0.000000 1.000000 0.000000
v 0.902696 54.517084 -36.468336 0.058589 0.058589 0.058589
vn 0.000000 1.000000 0.000000
v 2.392457 54.517084 -36.468336 0.058589 0.058589 0.058589
vn 0.000000 1.000000 0.000000
f 2563//2563 2564//2564 2565//2565
v 0.902696 54.517084 -37.534219 0.058589 0.058589 0.058589
vn 0.000000 1.000000 0.000000
v 2.392457 54.517084 -36.468336 0.058589 0.058589 0.058589
vn 0.000000 1.000000 0.000000
v 2.392457 54.517084 -37.534219 0.058589 0.058589 0.058589
vn 0.000000 1.000000 0.000000
f 2566//2566 2567//2567 2568//2568
v -9.596443 47.137964 36.077989 0.058589 0.058589 0.058589
vn 0.000000 -1.000000 0.000000
v -9.550706 47.137964 7.607681 0.058589 0.058589 0.058589
vn 0.000000 -1.000000 0.000000
v 9.550706 47.137964 7.607681 0.058589 0.058589 0.058589
vn 0.000000 -1.000000 0.000000
f 2569//2569 2570//2570 2571//2571
v -9.596443 47.137964 36.077989 0.058589 0.058589 0.058589
vn 0.000000 -1.000000 0.000000
v 9.550706 47.137964 7.607681 0.058589 0.058589 0.058589
vn 0.000000 -1.000000 0.000000
v 9.596443 47.137964 36.077989 0.058589 0.058589 0.058589
vn 0.000000 -1.000000 0.000000
f 2572//2572 2573//2573 2574//2574
