# Blender v2.79 (sub 0) OBJ File: 'Tank2.blend'
# www.blender.org
mtllib Tank2.mtl
o Tank_Turret_Cube
v -1.4916536999999999 1.5484752000000002 0.851571
v -1.4846526 1.5940669500000002 1.1868790500000002
v -1.71771795 1.5936687000000003 0.6964731
v -1.4985459 1.5619113 1.0864449
v -1.6390602 1.5676605000000001 0.9516834
v -1.6583976 1.59386805 0.97677405
v -1.6633485000000001 1.5616296 0.7396753500000001
v -1.0664847 1.9511415 1.0700288999999998
v -0.99378315 1.9968525000000001 0.72565785
v -1.32021225 1.951659 0.6223491
v -1.05142635 1.9834641 0.9510561000000001
v -1.1970495 1.9804545000000002 0.8637075
v -1.2038175 1.98361575 0.6740037000000001
v -1.2441006 1.9531251000000003 0.8837001
v -1.4916536999999999 1.5484752000000002 -0.91230705
v -1.7177184 1.5936687000000003 -0.75720915
v -1.4846526 1.5940669500000002 -1.24761465
v -1.66334895 1.5616296 -0.8004114
v -1.63906065 1.5676605000000001 -1.0124194499999999
v -1.6583976 1.59386805 -1.0375101
v -1.49854635 1.5619113 -1.1471805000000002
v -0.99378315 1.9968525000000001 -0.7863939
v -1.0664847 1.9511415 -1.13076495
v -1.32021225 1.951659 -0.68308515
v -1.0514259 1.9834641 -1.01179215
v -1.1970495 1.9804545000000002 -0.9244431
v -1.2441006 1.9531251000000003 -0.94443615
v -1.2038175 1.98361575 -0.7347393
v 1.70148015 1.5484752000000002 1.2348585
v 1.70148015 1.5942204000000002 1.51963515
v 1.149822 1.5942217500000002 1.544229
v 1.1489867999999999 1.5484752000000002 1.2585631499999999
v 1.70148015 1.5618735000000001 1.4487736500000001
v 1.4253858 1.5593211 1.47368475
v 1.42547805 1.5941502 1.52688555
v 1.15429815 1.56187395 1.4726857500000001
v 1.4207607000000002 1.5484752000000002 1.2418011000000002
v 1.70148015 1.9968525000000001 0.93794355
v 1.1489867999999999 1.9968525000000001 0.9615312
v 1.14981345 1.9511055000000002 1.30777515
v 1.70148015 1.95110685 1.2833055
v 1.4207832 1.9968525000000001 0.94485195
v 1.4252778 1.9859886 1.1911270500000002
v 1.1534175 1.9834537500000002 1.1934729000000002
v 1.4254758 1.95103575 1.2905194500000001
v 1.70148015 1.9834537500000002 1.169604
v 1.70148015 1.5942204000000002 -1.5803712
v 1.70148015 1.5484752000000002 -1.2955941
v 1.1489867999999999 1.5484752000000002 -1.31929875
v 1.149822 1.5942217500000002 -1.6049646
v 1.70148015 1.5618735000000001 -1.5095097
v 1.42538535 1.5593211 -1.5344208
v 1.4207607000000002 1.5484752000000002 -1.30253715
v 1.15429815 1.56187395 -1.5334218000000002
v 1.42547805 1.5941502 -1.5876216
v 1.1489867999999999 1.9968525000000001 -1.02226725
v 1.70148015 1.9968525000000001 -0.9986791500000001
v 1.70148015 1.95110685 -1.34404155
v 1.14981345 1.9511055000000002 -1.3685112
v 1.4207832 1.9968525000000001 -1.0055880000000001
v 1.4252778 1.9859886 -1.2518631
v 1.70148015 1.9834537500000002 -1.2303396
v 1.4254758 1.95103575 -1.3512555000000002
v 1.1534175 1.9834537500000002 -1.25420895
v 0.25242615 1.5942208500000001 -1.6850353500000002
v 0.25326135000000005 1.5484752000000002 -1.3992876
v -0.299232 1.5484752000000002 -1.4249205
v -0.299232 1.5942195000000001 -1.70963055
v 0.25773884999999996 1.56187395 -1.6134651000000002
v -0.02303145 1.5593386500000002 -1.65202965
v -0.027459 1.5484752000000002 -1.4174127
v -0.299232 1.5618735000000001 -1.6388163
v -0.0232299 1.5942915000000002 -1.7023797
v 0.2524347 1.95110685 -1.44830295
v -0.2948184 1.9511010000000004 -1.4164164
v -0.299232 1.9968525000000001 -1.06490385
v 0.25326135000000005 1.9968525000000001 -1.1018452500000002
v -0.0219348 1.9513381500000002 -1.4489442000000001
v -0.02247975 1.9860264 -1.35457155
v -0.30628755 1.9834524 -1.29877335
v -0.017086050000000002 1.9968525000000001 -1.1006685
v 0.25686450000000005 1.9834537500000002 -1.3338801
v 0.25242615 1.5942208500000001 1.62429975
v -0.299232 1.5942195000000001 1.6488945000000002
v -0.299232 1.5484752000000002 1.3641849
v 0.25326135000000005 1.5484752000000002 1.33855155
v -0.0232299 1.5942915000000002 1.64164365
v -0.02303145 1.5593386500000002 1.59129405
v -0.299232 1.5618735000000001 1.5780802500000002
v -0.027459 1.5484752000000002 1.3566771000000002
v 0.25773884999999996 1.56187395 1.55272905
v 0.2524347 1.95110685 1.38756735
v 0.25326135000000005 1.9968525000000001 1.0411092
v -0.299232 1.9968525000000001 1.0041682500000002
v -0.2948184 1.9511010000000004 1.35568035
v 0.25686450000000005 1.9834537500000002 1.27314405
v -0.02247975 1.9860264 1.2938355
v -0.017086050000000002 1.9968525000000001 1.03993245
v -0.30628755 1.9834524 1.2380377500000002
v -0.0219348 1.9513381500000002 1.3882086
v 2.2089789 1.5942249000000002 -1.2638452500000001
v 1.9590088500000002 1.5484752000000002 -1.2955941
v 1.9314877500000003 1.5942204000000002 -1.5803712
v 2.1469059 1.56187575 -1.2859938
v 2.1071313000000003 1.56781035 -1.4643891
v 1.95069015 1.5618726 -1.5098112
v 2.1274461000000002 1.59422265 -1.4873616
v 2.2089789 1.5942249000000002 1.20310965
v 1.9314877500000003 1.5942204000000002 1.51963515
v 1.9590088500000002 1.5484752000000002 1.2348585
v 2.1274461000000002 1.59422265 1.42662555
v 2.1071313000000003 1.56781035 1.40365305
v 1.95069015 1.5618726 1.44907515
v 2.1469059 1.56187575 1.2252577500000001
v 2.00400345 1.9511023500000002 -1.02752145
v 1.7265078 1.95110685 -1.34404155
v 1.70148015 1.9968525000000001 -0.9986791500000001
v 1.9224684 1.9511046 -1.25103465
v 1.87181325 1.97751735 -1.19308185
v 1.7085519 1.9834546500000003 -1.2306402
v 1.90477125 1.9834515000000001 -1.00682685
v 1.70148015 1.9968525000000001 0.93794355
v 1.7265078 1.95110685 1.2833055
v 2.00400345 1.9511023500000002 0.9667858500000001
v 1.7085519 1.9834546500000003 1.16990415
v 1.87181325 1.97751735 1.1323458
v 1.9224684 1.9511046 1.1902986
v 1.90477125 1.9834515000000001 0.9460908
v -1.1705935500000002 1.5484752000000002 -1.154223
v -1.09988865 1.5938100000000002 -1.5231366000000002
v -0.59191605 1.5939963 -1.6966314
v -0.6181002 1.5484752000000002 -1.4249205
v -1.1719539 1.5617533500000003 -1.4020605
v -0.88178985 1.5593611500000002 -1.6007863500000001
v -0.85514445 1.5947563500000002 -1.6450398000000002
v -0.60500835 1.5618078000000002 -1.63500885
v -0.85958145 1.5484752000000002 -1.3457943
v -0.92395305 1.9515028500000002 1.1645181
v -0.40024665000000004 1.9514232000000002 1.3519125
v -0.3713571 1.9968525000000001 0.9892143
v -0.9238504500000001 1.9968525000000001 0.7620579000000001
v -0.66623895 1.9518313500000002 1.2732696000000001
v -0.6515703 1.9861281000000002 1.16379585
v -0.3944862 1.9835464500000004 1.22504985
v -0.6130300500000001 1.9968525000000001 0.9061362000000001
v -0.94380165 1.98356985 1.0130211000000002
v -0.3713571 1.9968525000000001 -1.04995035
v -0.40024665000000004 1.9514232000000002 -1.4126481
v -0.92395305 1.9515028500000002 -1.22525415
v -0.9238504500000001 1.9968525000000001 -0.82279395
v -0.3944862 1.9835464500000004 -1.2857859
v -0.65156985 1.9861281000000002 -1.2245319000000001
v -0.66623895 1.9518313500000002 -1.33400565
v -0.9438012 1.98356985 -1.07375715
v -0.6130296 1.9968525000000001 -0.96687225
v -0.59191605 1.5939963 1.63589535
v -1.09988865 1.5938100000000002 1.4624005500000001
v -1.1705935500000002 1.5484752000000002 1.0934873999999999
v -0.6181002 1.5484752000000002 1.3641849
v -0.85514445 1.5947563500000002 1.5843037500000001
v -0.88178985 1.5593611500000002 1.54005075
v -1.1719539 1.5617533500000003 1.3413249
v -0.85958145 1.5484752000000002 1.2850582499999998
v -0.60500835 1.5618078000000002 1.5742728000000001
v 1.0441314 1.5484752000000002 0.9474561
v 1.2674587499999999 1.5484752000000002 0.93474
v 1.2674587499999999 1.5484752000000002 -0.99547605
v 1.0441314 1.5484752000000002 -1.00819215
v 0.30807629999999997 1.5484752000000002 -1.0688737499999998
v 0.07739685 1.5484752000000002 -1.0826244
v -0.14593050000000002 1.5484752000000002 -1.08832005
v -0.14593050000000002 1.5484752000000002 1.027584
v 0.07739685 1.5484752000000002 1.02188835
v 0.30807629999999997 1.5484752000000002 1.00813815
v 1.0441314 1.3530316500000001 0.9474561
v 1.2674587499999999 1.3530316500000001 0.93474
v 1.2674587499999999 1.3530316500000001 -0.99547605
v 1.0441314 1.3530316500000001 -1.00819215
v 0.30807629999999997 1.3530316500000001 -1.0688737499999998
v 0.07739685 1.3530316500000001 -1.0826244
v -0.14593050000000002 1.3530316500000001 -1.08832005
v -0.14593050000000002 1.3530316500000001 1.027584
v 0.07739685 1.3530316500000001 1.02188835
v 0.30807629999999997 1.3530316500000001 1.00813815
v -1.8428890500000001 1.4999962500000001 0.3370041
v -1.8356337 1.5063372000000002 0.38003355
v -1.8744286499999998 1.5062422500000001 0.3365667
v -1.8406233 1.5018732000000001 0.36761265
v -1.8619722 1.5026562 0.36191655
v -1.8629248500000002 1.5062899500000002 0.3673035
v -1.8680553 1.5018061500000002 0.33687675
v -1.30077855 2.01441915 0.34463970000000005
v -1.2946837500000001 2.0207601 0.30072645000000003
v -1.3393737000000001 2.0145141 0.30115935000000005
v -1.29636945 2.0188836 0.3315969
v -1.31936715 2.01810015 0.3260097
v -1.3236606 2.0189502000000004 0.30085155
v -1.3279702500000001 2.0144668500000003 0.33190290000000006
v -1.8428890500000001 1.4999962500000001 -0.39774015
v -1.8744286499999998 1.5062422500000001 -0.39730275
v -1.8356337 1.5063372000000002 -0.44076960000000004
v -1.8680553 1.5018061500000002 -0.39761280000000004
v -1.8619722 1.5026562 -0.4226526
v -1.8629248500000002 1.5062899500000002 -0.42803955
v -1.8406233 1.5018732000000001 -0.4283487
v -1.2946837500000001 2.0207601 -0.3614625
v -1.30077855 2.01441915 -0.40537575000000003
v -1.3393737000000001 2.0145141 -0.36189540000000003
v -1.29636945 2.0188836 -0.39233250000000003
v -1.31936715 2.01810015 -0.38674575
v -1.3279702500000001 2.0144668500000003 -0.39263895
v -1.3236606 2.0189502000000004 -0.3615876
v -1.23636915 1.4999962500000001 -0.39774015
v -1.2336421499999999 1.5063372000000002 -0.44076960000000004
v -1.19542995 1.5063201000000002 -0.39729735
v -1.23559065 1.501857 -0.4283496
v -1.21319055 1.5026724000000002 -0.42265125
v -1.20664215 1.5063286500000002 -0.42803684999999997
v -1.2085704000000002 1.5018448500000001 -0.3976101
v -1.23636915 1.4999962500000001 0.3370041
v -1.19542995 1.5063201000000002 0.3365613
v -1.2336421499999999 1.5063372000000002 0.38003355
v -1.2085704000000002 1.5018448500000001 0.33687405
v -1.21319055 1.5026724000000002 0.3619152
v -1.20664215 1.5063286500000002 0.3673008
v -1.23559065 1.501857 0.367614
v -1.0067265 2.01441915 0.34463970000000005
v -0.9684989999999999 2.0144367 0.30116475000000004
v -1.0037898 2.0207601 0.30072645000000003
v -0.9797193 2.0144277 0.3319056
v -0.9830016000000001 2.0180839500000003 0.3260106
v -0.97764255 2.0189115 0.30085425
v -1.00467315 2.0188993500000003 0.33159554999999996
v -1.0037898 2.0207601 -0.3614625
v -0.9684989999999999 2.0144367 -0.3619008
v -1.0067265 2.01441915 -0.40537575000000003
v -0.97764255 2.0189115 -0.3615903
v -0.9830016000000001 2.0180839500000003 -0.38674665
v -0.9797193 2.0144277 -0.39264165
v -1.00467315 2.0188993500000003 -0.3923316
v 0.03139695 1.8756643500000003 1.4865453000000002
v 1.61100855 1.8756643500000003 1.36387575
v 0.0320004 1.8394357500000003 1.5074532
v 1.61161245 1.8394357500000003 1.3847836500000001
v 0.0332073 1.8394357500000003 1.5492690000000002
v 1.6128193499999999 1.8394357500000003 1.426599
v 0.0338112 1.8756643500000003 1.5701769
v 1.61342325 1.8756643500000003 1.4475069
v 0.0332073 1.9118929500000004 1.5492690000000002
v 1.6128193499999999 1.9118929500000004 1.426599
v 0.0320004 1.9118929500000004 1.5074532
v 1.61161245 1.9118929500000004 1.3847836500000001
v -0.02163645 1.8756643500000003 1.47359115
v -0.03062835 1.8394357500000003 1.49247675
v -0.0486117 1.8394357500000003 1.53024705
v -0.057603150000000006 1.8756643500000003 1.5491322
v -0.0486117 1.9118929500000004 1.53024705
v -0.03062835 1.9118929500000004 1.49247675
v -0.030924000000000004 1.8756643500000003 1.44878895
v -0.05173425 1.8394357500000003 1.4508963
v -0.0933543 1.8394357500000003 1.45511145
v -0.11416409999999999 1.8756643500000003 1.45721925
v -0.0933543 1.9118929500000004 1.45511145
v -0.05173425 1.9118929500000004 1.4508963
v -0.03963195 1.8756643500000003 1.3628124
v -0.060441749999999995 1.8394357500000003 1.3649197499999999
v -0.10206225000000001 1.8394357500000003 1.36913535
v -0.12287205 1.8756643500000003 1.3712427
v -0.10206225000000001 1.9118929500000004 1.36913535
v -0.060441749999999995 1.9118929500000004 1.3649197499999999
v 1.6493445 1.8394357500000003 1.3714839
v 1.63319265 1.8756643500000003 1.35819405
v 1.68164865 1.8394357500000003 1.39806315
v 1.6978005 1.8756643500000003 1.41135255
v 1.68164865 1.9118929500000004 1.39806315
v 1.6493445 1.9118929500000004 1.3714839
v 1.69301925 1.8394357500000003 1.3218021
v 1.6726536 1.8756643500000003 1.3170339
v 1.733751 1.8394357500000003 1.3313385
v 1.75411665 1.8756643500000003 1.33610625
v 1.733751 1.9118929500000004 1.3313385
v 1.69301925 1.9118929500000004 1.3218021
v 1.7155953000000002 1.8394357500000003 1.22748885
v 1.6946806500000002 1.8756643500000003 1.227177
v 1.75742325 1.8394357500000003 1.2281121
v 1.7783379000000001 1.8756643500000003 1.22842395
v 1.75742325 1.9118929500000004 1.2281121
v 1.7155953000000002 1.9118929500000004 1.22748885
v 0.03139695 1.7319096 1.58945715
v 1.6110090000000001 1.7319096 1.46678715
v 0.0320004 1.695681 1.61036505
v 1.61161245 1.695681 1.48769505
v 0.0332073 1.695681 1.6521808500000001
v 1.6128198 1.695681 1.5295108499999999
v 0.0338112 1.7319096 1.6730883
v 1.61342325 1.7319096 1.5504183
v 0.0332073 1.7681382 1.6521808500000001
v 1.6128198 1.7681382 1.5295108499999999
v 0.0320004 1.7681382 1.61036505
v 1.61161245 1.7681382 1.48769505
v -0.02163645 1.7319096 1.576503
v -0.03062835 1.695681 1.5953881500000002
v -0.0486117 1.695681 1.6331589
v -0.057603150000000006 1.7319096 1.6520436
v -0.0486117 1.7681382 1.6331589
v -0.03062835 1.7681382 1.5953881500000002
v -0.030924000000000004 1.7319096 1.55170035
v -0.05173425 1.695681 1.55380815
v -0.0933543 1.695681 1.5580232999999999
v -0.11416409999999999 1.7319096 1.5601311
v -0.0933543 1.7681382 1.5580232999999999
v -0.05173425 1.7681382 1.55380815
v -0.03963195 1.7319096 1.4657238
v -0.060441749999999995 1.695681 1.4678316
v -0.10206225000000001 1.695681 1.47204675
v -0.12287205 1.7319096 1.47415455
v -0.10206225000000001 1.7681382 1.47204675
v -0.060441749999999995 1.7681382 1.46783115
v 1.6493445 1.695681 1.4743953
v 1.63319265 1.7319096 1.4611059
v 1.68164865 1.695681 1.50097455
v 1.69780095 1.7319096 1.5142643999999998
v 1.68164865 1.7681382 1.50097455
v 1.6493445 1.7681382 1.4743953
v 1.6930197 1.695681 1.4247135000000002
v 1.6726536 1.7319096 1.4199457500000001
v 1.73375145 1.695681 1.4342499000000002
v 1.75411665 1.7319096 1.4390181
v 1.733751 1.7681382 1.4342499000000002
v 1.6930197 1.7681382 1.4247135000000002
v 1.7155953000000002 1.695681 1.33040025
v 1.6946806500000002 1.7319096 1.3300884
v 1.7574237000000001 1.695681 1.33102395
v 1.7783379000000001 1.7319096 1.3313358000000002
v 1.7574237000000001 1.7681382 1.33102395
v 1.7155953000000002 1.7681382 1.33040025
v -0.0544059 1.8756643500000003 -1.48588155
v 1.5296517 1.8756643500000003 -1.45453545
v -0.055009350000000005 1.8394357500000003 -1.50678945
v 1.52904825 1.8394357500000003 -1.4754429
v -0.0562167 1.8394357500000003 -1.54860525
v 1.52784135 1.8394357500000003 -1.5172587
v -0.05682015 1.8756643500000003 -1.5695127
v 1.5272374499999999 1.8756643500000003 -1.5381666
v -0.0562167 1.9118929500000004 -1.5486048000000001
v 1.52784135 1.9118929500000004 -1.5172587
v -0.055009350000000005 1.9118929500000004 -1.50678945
v 1.52904825 1.9118929500000004 -1.4754429
v -0.10660410000000001 1.8756643500000003 -1.4698899
v -0.11667015000000001 1.8394357500000003 -1.48822515
v -0.13680225000000001 1.8394357500000003 -1.5248952
v -0.1468683 1.8756643500000003 -1.54323045
v -0.13680225000000001 1.9118929500000004 -1.5248952
v -0.11667015000000001 1.9118929500000004 -1.48822515
v -0.11444535000000002 1.8756643500000003 -1.4445927
v -0.13534200000000002 1.8394357500000003 -1.4454963
v -0.1771362 1.8394357500000003 -1.44730395
v -0.19803330000000002 1.8756643500000003 -1.4482080000000002
v -0.1771362 1.9118929500000004 -1.44730395
v -0.13534200000000002 1.9118929500000004 -1.4454963
v -0.118179 1.8756643500000003 -1.3582570500000002
v -0.1390761 1.8394357500000003 -1.3591611
v -0.18086985 1.8394357500000003 -1.3609683
v -0.20176695 1.8756643500000003 -1.36187235
v -0.18086985 1.9118929500000004 -1.3609683
v -0.1390761 1.9118929500000004 -1.3591611
v 1.567485 1.8394357500000003 -1.4643423
v 1.5521265 1.8756643500000003 -1.450143
v 1.598202 1.8394357500000003 -1.4927404499999999
v 1.6135605 1.8756643500000003 -1.5069397500000001
v 1.598202 1.9118929500000004 -1.4927404499999999
v 1.567485 1.9118929500000004 -1.4643423
v 1.6139529 1.8394357500000003 -1.41726285
v 1.5938955000000001 1.8756643500000003 -1.4113278
v 1.65406635 1.8394357500000003 -1.4291325000000001
v 1.6741233 1.8756643500000003 -1.4350671000000002
v 1.65406635 1.9118929500000004 -1.4291325000000001
v 1.6139529 1.9118929500000004 -1.41726285
v 1.6419312 1.8394357500000003 -1.3244085
v 1.6210696500000001 1.8756643500000003 -1.3228906500000002
v 1.6836543000000002 1.8394357500000003 -1.32744375
v 1.7045154 1.8756643500000003 -1.3289616
v 1.68365385 1.9118929500000004 -1.32744375
v 1.6419312 1.9118929500000004 -1.3244085
v -0.060342299999999995 1.7319096 -1.5886215
v 1.5237153 1.7319096 -1.5572754
v -0.06094575 1.695681 -1.6095294
v 1.5231123 1.695681 -1.5781832999999998
v -0.062153099999999996 1.695681 -1.6513452
v 1.52190495 1.695681 -1.6199991
v -0.06275655000000001 1.7319096 -1.6722531
v 1.5213014999999999 1.7319096 -1.6409065500000002
v -0.062153099999999996 1.7681382 -1.6513452
v 1.52190495 1.7681382 -1.6199991
v -0.06094575 1.7681382 -1.6095294
v 1.5231123 1.7681382 -1.5781832999999998
v -0.11254049999999999 1.7319096 -1.5726303
v -0.12260655000000001 1.695681 -1.5909651
v -0.14273865 1.695681 -1.6276356
v -0.1528047 1.7319096 -1.6459704000000002
v -0.14273865 1.7681382 -1.6276356
v -0.12260655000000001 1.7681382 -1.5909651
v -0.12038175000000001 1.7319096 -1.5473331000000001
v -0.1412784 1.695681 -1.5482367000000001
v -0.1830726 1.695681 -1.55004435
v -0.2039697 1.7319096 -1.55094795
v -0.1830726 1.7681382 -1.55004435
v -0.1412784 1.7681382 -1.5482367000000001
v -0.1241154 1.7319096 -1.46099745
v -0.1450125 1.695681 -1.46190105
v -0.18680625 1.695681 -1.4637087000000002
v -0.20770335 1.7319096 -1.4646123000000002
v -0.18680625 1.7681382 -1.4637087000000002
v -0.1450125 1.7681382 -1.46190105
v 1.5615486 1.695681 -1.5670822500000001
v 1.5461901 1.7319096 -1.55288295
v 1.5922656000000002 1.695681 -1.5954808500000002
v 1.6076241 1.7319096 -1.60968015
v 1.5922656000000002 1.7681382 -1.5954808500000002
v 1.5615486 1.7681382 -1.5670822500000001
v 1.6080165000000002 1.695681 -1.52000235
v 1.5879595499999999 1.7319096 -1.51406775
v 1.6481304 1.695681 -1.53187245
v 1.6681869 1.7319096 -1.5378075
v 1.6481304 1.7681382 -1.53187245
v 1.6080165000000002 1.7681382 -1.52000235
v 1.6359952500000001 1.695681 -1.42714845
v 1.6151337000000001 1.7319096 -1.4256306
v 1.67771745 1.695681 -1.4301841499999999
v 1.69857945 1.7319096 -1.43170155
v 1.67771745 1.7681382 -1.4301841499999999
v 1.6359952500000001 1.7681382 -1.42714845
v 1.65289095 2.0684196 -0.08465175
v 1.6998119999999999 2.0684196 -0.13157235
v 1.6998119999999999 2.0684196 -1.04569155
v 1.65289095 2.0684196 -1.0926126
v 0.7387722 2.0684196 -1.0926126
v 0.69185115 2.0684196 -1.04569155
v 0.69185115 2.0684196 -0.13157235
v 0.7387722 2.0684196 -0.08465175
v 0.70021935 1.6483707 -0.042141149999999995
v 0.64934055 1.6483707 -0.09301995
v 0.64934055 2.0684196 -0.09301995
v 0.70021935 2.0684196 -0.042141149999999995
v 0.64934055 1.6483707 -1.0842444
v 0.70021935 1.6483707 -1.1351232
v 0.70021935 2.0684196 -1.1351232
v 0.64934055 2.0684196 -1.0842444
v 1.7423226 1.6483707 -0.09301995
v 1.6914438 1.6483707 -0.042141149999999995
v 1.6914438 2.0684196 -0.042141149999999995
v 1.7423226 2.0684196 -0.09301995
v 1.6914438 1.6483707 -1.1351232
v 1.7423226 1.6483707 -1.0842444
v 1.7423226 2.0684196 -1.0842444
v 1.6914438 2.0684196 -1.1351232
v 1.6998119999999999 2.0468358 -0.13157235
v 1.6998119999999999 2.0468358 -1.04569155
v 1.65289095 2.0468358 -0.08465175
v 0.7387722 2.0468358 -0.08465175
v 0.69185115 2.0468358 -0.13157235
v 0.69185115 2.0468358 -1.04569155
v 0.7387722 2.0468358 -1.0926126
v 1.65289095 2.0468358 -1.0926126
v 1.67091075 2.0468358 -0.15778305
v 1.67091075 2.0468358 -1.0194808499999999
v 1.62668025 2.0468358 -0.113553
v 0.7649829 2.0468358 -0.113553
v 0.7207524 2.0468358 -0.15778305
v 0.7207524 2.0468358 -1.0194808499999999
v 0.7649829 2.0468358 -1.0637109
v 1.62668025 2.0468358 -1.0637109
v 1.67091075 2.0792115 -0.15778305
v 1.67091075 2.0792115 -1.0194808499999999
v 1.62668025 2.0792115 -0.113553
v 0.7649829 2.0792115 -0.113553
v 0.7207524 2.0792115 -0.15778305
v 0.7207524 2.0792115 -1.0194808499999999
v 0.7649829 2.0792115 -1.0637109
v 1.62668025 2.0792115 -1.0637109
v 1.65289095 2.0684196 1.1067453
v 1.6998119999999999 2.0684196 1.05982425
v 1.6998119999999999 2.0684196 0.14570550000000002
v 1.65289095 2.0684196 0.09878445
v 0.7387722 2.0684196 0.09878445
v 0.69185115 2.0684196 0.14570550000000002
v 0.69185115 2.0684196 1.05982425
v 0.7387722 2.0684196 1.1067453
v 0.70021935 1.6483707 1.1492559
v 0.64934055 1.6483707 1.0983771
v 0.64934055 2.0684196 1.0983771
v 0.70021935 2.0684196 1.1492559
v 0.64934055 1.6483707 0.10715265
v 0.70021935 1.6483707 0.05627385
v 0.70021935 2.0684196 0.05627385
v 0.64934055 2.0684196 0.10715265
v 1.7423226 1.6483707 1.0983771
v 1.6914438 1.6483707 1.1492559
v 1.6914438 2.0684196 1.1492559
v 1.7423226 2.0684196 1.0983771
v 1.6914438 1.6483707 0.05627385
v 1.7423226 1.6483707 0.10715265
v 1.7423226 2.0684196 0.10715265
v 1.6914438 2.0684196 0.05627385
v 1.6998119999999999 2.0468358 1.05982425
v 1.6998119999999999 2.0468358 0.14570550000000002
v 1.65289095 2.0468358 1.1067453
v 0.7387722 2.0468358 1.1067453
v 0.69185115 2.0468358 1.05982425
v 0.69185115 2.0468358 0.14570550000000002
v 0.7387722 2.0468358 0.09878445
v 1.65289095 2.0468358 0.09878445
v 1.67091075 2.0468358 1.033614
v 1.67091075 2.0468358 0.1719162
v 1.62668025 2.0468358 1.07784405
v 0.7649829 2.0468358 1.07784405
v 0.7207524 2.0468358 1.033614
v 0.7207524 2.0468358 0.1719162
v 0.7649829 2.0468358 0.1276857
v 1.62668025 2.0468358 0.1276857
v 1.67091075 2.0792115 1.033614
v 1.67091075 2.0792115 0.1719162
v 1.62668025 2.0792115 1.07784405
v 0.7649829 2.0792115 1.07784405
v 0.7207524 2.0792115 1.033614
v 0.7207524 2.0792115 0.1719162
v 0.7649829 2.0792115 0.1276857
v 1.62668025 2.0792115 0.1276857
v 0.16844309999999998 1.9685569500000002 -0.46859985000000004
v 0.16844309999999998 2.0645725500000003 -0.46859985000000004
v 0.30760425 1.9685569500000002 -0.4465593
v 0.30760425 2.0645725500000003 -0.4465593
v 0.43314345 1.9685569500000002 -0.3825936
v 0.43314345 2.0645725500000003 -0.3825936
v 0.53277165 1.9685569500000002 -0.28296540000000003
v 0.53277165 2.0645725500000003 -0.28296540000000003
v 0.5967373499999999 1.9685569500000002 -0.1574262
v 0.5967373499999999 2.0645725500000003 -0.1574262
v 0.61877835 1.9685569500000002 -0.01826505
v 0.61877835 2.0645725500000003 -0.01826505
v 0.5967373499999999 1.9685569500000002 0.1208961
v 0.5967373499999999 2.0645725500000003 0.1208961
v 0.53277165 1.9685569500000002 0.2464353
v 0.53277165 2.0645725500000003 0.2464353
v 0.43314345 1.9685569500000002 0.34606395
v 0.43314345 2.0645725500000003 0.34606395
v 0.30760425 1.9685569500000002 0.4100292
v 0.30760425 2.0645725500000003 0.4100292
v 0.16844309999999998 1.9685569500000002 0.4320702
v 0.16844309999999998 2.0645725500000003 0.4320702
v 0.029281500000000002 1.9685569500000002 0.4100292
v 0.029281500000000002 2.0645725500000003 0.4100292
v -0.0962577 1.9685569500000002 0.3460635
v -0.0962577 2.0645725500000003 0.3460635
v -0.1958859 1.9685569500000002 0.2464353
v -0.1958859 2.0645725500000003 0.2464353
v -0.25985115000000003 1.9685569500000002 0.1208961
v -0.25985115000000003 2.0645725500000003 0.1208961
v -0.28189215 1.9685569500000002 -0.0182655
v -0.28189215 2.0645725500000003 -0.0182655
v -0.25985115000000003 1.9685569500000002 -0.15742665
v -0.25985115000000003 2.0645725500000003 -0.15742665
v -0.19588545 1.9685569500000002 -0.28296584999999996
v -0.19588545 2.0645725500000003 -0.28296584999999996
v -0.0962568 1.9685569500000002 -0.38259405
v -0.0962568 2.0645725500000003 -0.38259405
v 0.029282400000000004 1.9685569500000002 -0.4465593
v 0.029282400000000004 2.0645725500000003 -0.4465593
v 0.28692315 2.0645725500000003 -0.38290905000000003
v 0.16844309999999998 2.0645725500000003 -0.4016745
v 0.39380535 2.0645725500000003 -0.3284496
v 0.47862765 2.0645725500000003 -0.24362730000000002
v 0.5330871 2.0645725500000003 -0.1367451
v 0.55185255 2.0645725500000003 -0.01826505
v 0.5330871 2.0645725500000003 0.10021500000000001
v 0.47862765 2.0645725500000003 0.2070972
v 0.39380535 2.0645725500000003 0.29191995000000004
v 0.28692315 2.0645725500000003 0.34637895
v 0.16844309999999998 2.0645725500000003 0.36514440000000004
v 0.04996305 2.0645725500000003 0.34637895
v -0.056919599999999994 2.0645725500000003 0.2919195
v -0.1417419 2.0645725500000003 0.2070972
v -0.1962009 2.0645725500000003 0.10021500000000001
v -0.21496635 2.0645725500000003 -0.0182655
v -0.1962009 2.0645725500000003 -0.1367451
v -0.14174145000000002 2.0645725500000003 -0.24362774999999998
v -0.056918699999999996 2.0645725500000003 -0.32845005
v 0.0499635 2.0645725500000003 -0.38290905000000003
v 0.28692315 2.0377084500000002 -0.38290905000000003
v 0.16844309999999998 2.0377084500000002 -0.4016745
v 0.39380535 2.0377084500000002 -0.3284496
v 0.47862765 2.0377084500000002 -0.24362730000000002
v 0.5330871 2.0377084500000002 -0.1367451
v 0.55185255 2.0377084500000002 -0.01826505
v 0.5330871 2.0377084500000002 0.10021500000000001
v 0.47862765 2.0377084500000002 0.2070972
v 0.39380535 2.0377084500000002 0.29191995000000004
v 0.28692315 2.0377084500000002 0.34637895
v 0.16844309999999998 2.0377084500000002 0.36514440000000004
v 0.04996305 2.0377084500000002 0.34637895
v -0.056919599999999994 2.0377084500000002 0.2919195
v -0.1417419 2.0377084500000002 0.2070972
v -0.1962009 2.0377084500000002 0.10021500000000001
v -0.21496635 2.0377084500000002 -0.0182655
v -0.1962009 2.0377084500000002 -0.1367451
v -0.14174145000000002 2.0377084500000002 -0.24362774999999998
v -0.056918699999999996 2.0377084500000002 -0.32845005
v 0.0499635 2.0377084500000002 -0.38290905000000003
v -0.87985755 1.9001799000000001 1.2076524
v -0.50657535 1.9001232000000003 1.3412214
v -0.69616665 1.9004139000000002 1.28516715
v -0.64319175 1.6453597500000001 1.5436359000000002
v -1.00525905 1.6452274500000001 1.41997455
v -0.8308125 1.6459020000000002 1.50686325
v -0.9084177 2.0094642 1.3464463500000001
v -0.7448364000000001 2.0096725500000003 1.415475
v -0.5760009 2.00941335 1.4653926000000002
v -0.6976610999999999 1.7825409 1.6456473
v -0.86474205 1.7830233000000002 1.61290035
v -1.02009015 1.782423 1.53552375
v -0.31367565000000003 1.9102446000000002 -0.8681067
v -0.34757415 1.8907434 -1.2137544
v -0.72436365 1.8945270000000003 -1.1239785
v -0.66787785 1.9102446000000002 -0.74634525
v -0.6699852 2.0774313 -0.75800745
v -0.31578255 2.0774313 -0.8797689
v -0.34968105 2.0579301 -1.22541615
v -0.72647055 2.06171415 -1.1356407
vn -0.4160 0.6897 0.5927
vn 0.0000 -1.0000 0.0000
vn 0.0000 0.0000 1.0000
vn 0.0000 1.0000 0.0000
vn 0.0000 0.5521 0.8338
vn -0.4160 0.6897 -0.5927
vn 0.0000 0.5521 -0.8338
vn -0.0324 0.6335 -0.7730
vn 0.0740 0.5510 0.8312
vn 0.0740 0.5510 -0.8312
vn -0.6692 0.7431 0.0000
vn -0.0324 0.6335 0.7730
vn 0.8671 0.4981 0.0000
vn -0.0974 -0.9941 0.0471
vn -0.4184 -0.8304 0.3679
vn -0.6333 -0.7650 0.1172
vn -0.2462 0.9257 0.2873
vn -0.0583 0.9978 0.0326
vn -0.3518 0.9336 0.0682
vn -0.0974 -0.9941 -0.0471
vn -0.6333 -0.7650 -0.1172
vn -0.4184 -0.8304 -0.3679
vn -0.0583 0.9978 -0.0326
vn -0.2462 0.9257 -0.2873
vn -0.3518 0.9336 -0.0682
vn 0.0077 -0.9985 0.0542
vn 0.0319 -0.8789 0.4759
vn 0.0100 -0.8803 0.4744
vn -0.0031 -0.9985 0.0543
vn 0.0071 0.9987 0.0506
vn -0.0029 0.9987 0.0507
vn 0.0065 0.9538 0.3005
vn 0.0199 0.9534 0.3011
vn 0.0319 -0.8789 -0.4759
vn 0.0077 -0.9985 -0.0542
vn -0.0031 -0.9985 -0.0543
vn 0.0100 -0.8803 -0.4744
vn -0.0029 0.9987 -0.0507
vn 0.0071 0.9987 -0.0506
vn 0.0199 0.9534 -0.3011
vn 0.0065 0.9538 -0.3005
vn 0.0525 -0.8733 -0.4844
vn 0.0099 -0.9985 -0.0538
vn -0.0052 -0.9985 -0.0541
vn -0.0091 -0.8742 -0.4855
vn 0.0166 0.9519 -0.3059
vn -0.0530 0.9513 -0.3038
vn -0.0125 0.9987 -0.0493
vn 0.0064 0.9987 -0.0498
vn 0.0525 -0.8733 0.4844
vn -0.0091 -0.8742 0.4855
vn -0.0052 -0.9985 0.0541
vn 0.0099 -0.9985 0.0538
vn 0.0166 0.9519 0.3059
vn 0.0064 0.9987 0.0498
vn -0.0125 0.9987 0.0493
vn -0.0530 0.9513 0.3038
vn 0.5696 -0.8011 -0.1837
vn 0.0651 -0.9963 -0.0570
vn 0.2172 -0.8277 -0.5174
vn 0.5696 -0.8011 0.1837
vn 0.2172 -0.8277 0.5174
vn 0.0651 -0.9963 0.0570
vn 0.3162 0.9432 -0.1020
vn 0.1174 0.9529 -0.2797
vn 0.0566 0.9972 -0.0496
vn 0.0566 0.9972 0.0496
vn 0.1174 0.9529 0.2797
vn 0.3162 0.9432 0.1020
vn -0.0341 -0.9983 -0.0464
vn -0.3088 -0.8019 -0.5115
vn -0.0862 -0.8248 -0.5588
vn -0.0066 -0.9986 -0.0519
vn -0.1216 0.9614 0.2469
vn -0.0653 0.9621 0.2647
vn -0.0086 0.9988 0.0476
vn -0.0258 0.9987 0.0442
vn -0.0086 0.9988 -0.0476
vn -0.0653 0.9621 -0.2647
vn -0.1216 0.9614 -0.2469
vn -0.0258 0.9987 -0.0442
vn -0.0862 -0.8248 0.5588
vn -0.3088 -0.8019 0.5115
vn -0.0341 -0.9983 0.0464
vn -0.0066 -0.9986 0.0519
vn -0.0764 -0.9971 -0.0000
vn -0.5077 -0.8615 0.0000
vn -0.5114 0.7281 0.4565
vn -0.6356 0.7559 0.1566
vn -0.0629 0.9980 0.0000
vn -0.2648 0.9643 0.0000
vn -0.5114 0.7281 -0.4565
vn -0.6356 0.7559 -0.1566
vn -0.0420 -0.9976 -0.0545
vn -0.2717 -0.8910 -0.3637
vn 0.0051 0.9983 -0.0576
vn 0.0243 0.9617 -0.2729
vn 0.0217 0.5520 -0.8335
vn 0.0524 0.5515 -0.8325
vn 0.0524 0.5515 0.8325
vn 0.0217 0.5520 0.8335
vn 0.0056 -0.9980 0.0623
vn 0.0369 -0.9096 0.4137
vn -0.0289 0.9983 0.0512
vn -0.1466 0.9617 0.2315
vn 0.0056 -0.9980 -0.0623
vn 0.0369 -0.9096 -0.4137
vn -0.0092 0.9984 -0.0562
vn -0.0200 0.9666 -0.2554
vn -0.0003 -0.9980 0.0629
vn -0.0119 -0.8984 0.4390
vn 0.0051 0.9983 0.0576
vn 0.0243 0.9617 0.2729
vn -0.0369 0.6077 0.7933
vn 0.0273 0.5658 0.8241
vn 0.0273 0.5658 -0.8241
vn -0.0369 0.6077 -0.7933
vn 0.0711 -0.9975 0.0000
vn 0.4622 -0.8868 0.0000
vn -0.0000 -0.9980 -0.0625
vn -0.0003 -0.9094 -0.4160
vn -0.0000 -0.9980 0.0625
vn -0.0003 -0.9094 0.4160
vn 0.0658 0.9978 0.0000
vn 0.3099 0.9508 0.0000
vn -0.0026 0.9983 -0.0577
vn -0.0026 0.9617 -0.2742
vn 0.7456 0.6084 -0.2720
vn 0.3276 0.6452 -0.6902
vn 0.3276 0.6452 0.6902
vn 0.7456 0.6084 0.2720
vn -0.0026 0.9617 0.2742
vn -0.0026 0.9983 0.0577
vn -0.0003 -0.9980 -0.0629
vn -0.0119 -0.8984 -0.4390
vn -0.0092 0.9984 0.0562
vn -0.0200 0.9666 0.2554
vn -0.0289 0.9983 -0.0512
vn -0.1466 0.9617 -0.2315
vn -0.0420 -0.9976 0.0545
vn -0.2717 -0.8910 0.3637
vn -0.1731 0.6831 -0.7095
vn -0.2983 0.7026 -0.6460
vn -0.2983 0.7026 0.6460
vn -0.1731 0.6831 0.7095
vn 0.0822 0.0000 -0.9966
vn 0.0595 0.0000 -0.9982
vn -1.0000 0.0000 0.0000
vn 0.0595 0.0000 0.9982
vn 0.0255 0.0000 -0.9997
vn 0.0568 0.0000 0.9984
vn 1.0000 0.0000 -0.0000
vn 0.0255 0.0000 0.9997
vn 0.0568 0.0000 -0.9984
vn 0.0822 0.0000 0.9966
vn -0.0671 -0.4996 -0.8637
vn 0.0671 -0.4996 0.8637
vn 0.0671 0.4996 0.8637
vn 0.3444 -0.4647 0.8157
vn -0.0671 0.4996 -0.8637
vn 0.2047 -0.4893 -0.8478
vn -0.1965 -0.4894 0.8496
vn 0.2047 0.4893 -0.8478
vn -0.1965 0.4894 0.8496
vn 0.8616 -0.5000 -0.0873
vn -0.7642 -0.4486 0.4634
vn 0.8150 -0.4433 -0.3731
vn 0.8150 0.4433 -0.3731
vn -0.7642 0.4486 0.4634
vn -0.1008 0.0000 -0.9949
vn 0.8616 0.5000 -0.0873
vn -0.8616 0.5000 0.0873
vn -0.8616 -0.5000 0.0873
vn -0.6491 0.4752 -0.5940
vn -0.2680 0.4612 -0.8459
vn 0.3444 0.4647 0.8158
vn -0.2680 -0.4612 -0.8459
vn 0.6958 0.4831 0.5314
vn 0.6958 -0.4831 0.5314
vn -0.6491 -0.4752 -0.5940
vn 0.0149 -0.0000 -0.9999
vn 0.8468 -0.4959 0.1923
vn -0.8443 -0.4953 -0.2045
vn -0.8443 0.4953 -0.2045
vn 0.8468 0.4959 0.1923
vn 0.3444 -0.4647 0.8158
vn -0.0171 -0.4996 0.8661
vn 0.0171 -0.4996 -0.8661
vn 0.0171 0.4996 -0.8661
vn 0.2968 -0.4647 -0.8343
vn -0.0171 0.4996 0.8661
vn 0.2533 -0.4893 0.8345
vn -0.2452 -0.4894 -0.8369
vn 0.2533 0.4893 0.8345
vn -0.2452 0.4894 -0.8369
vn 0.8652 -0.5000 0.0374
vn -0.7897 -0.4486 -0.4186
vn 0.8352 -0.4433 0.3255
vn 0.8352 0.4433 0.3255
vn -0.7897 0.4486 -0.4186
vn -0.0432 0.0000 0.9991
vn 0.8652 0.5000 0.0374
vn -0.8652 0.5000 -0.0374
vn -0.8652 -0.5000 -0.0374
vn -0.6137 0.4752 0.6305
vn -0.2187 0.4612 0.8599
vn 0.2968 0.4647 -0.8343
vn -0.2187 -0.4612 0.8599
vn 0.6640 0.4831 -0.5706
vn 0.6640 -0.4831 -0.5706
vn -0.6137 -0.4752 0.6305
vn 0.0726 0.0000 0.9974
vn 0.8343 -0.4959 -0.2408
vn -0.8311 -0.4953 0.2528
vn -0.8311 0.4953 0.2528
vn 0.8343 0.4959 -0.2408
vn -0.6138 0.4752 0.6305
vn 0.6640 -0.4831 -0.5707
vn -0.6138 -0.4752 0.6305
vn 0.0000 0.0000 -1.0000
vn -0.7071 0.0000 0.7071
vn -0.7071 0.0000 -0.7071
vn 0.7071 0.0000 -0.7071
vn 0.7071 0.0000 0.7071
vn 0.1564 0.0000 -0.9877
vn 0.4540 0.0000 -0.8910
vn 0.8910 0.0000 -0.4540
vn 0.9877 0.0000 -0.1564
vn 0.9877 0.0000 0.1564
vn 0.8910 0.0000 0.4540
vn 0.4540 0.0000 0.8910
vn 0.1564 0.0000 0.9877
vn -0.1564 0.0000 0.9877
vn -0.4540 0.0000 0.8910
vn -0.8910 0.0000 0.4540
vn -0.9877 0.0000 0.1564
vn -0.9877 0.0000 -0.1564
vn -0.8910 0.0000 -0.4540
vn -0.4540 0.0000 -0.8910
vn -0.1564 0.0000 -0.9877
vn 0.2983 -0.7026 -0.6460
vn 0.1731 -0.6831 -0.7095
vn -0.3457 -0.6260 0.6990
vn 0.1765 0.7857 -0.5929
vn 0.8540 -0.0462 0.5182
vn -0.9262 0.1793 -0.3317
vn -0.1514 -0.6279 0.7635
vn 0.2394 0.7862 -0.5698
vn 0.0086 -0.9988 0.0476
vn -0.2319 -0.0706 -0.9702
vn 0.3243 0.0699 0.9434
vn -0.9890 -0.0021 0.1480
vn 0.9952 0.0057 -0.0979
vn 0.0000 0.0695 0.9976
vn 0.9131 -0.4078 0.0000
vn 0.0000 0.0695 -0.9976
vn -0.6887 0.7250 0.0000
vn -0.0628 -0.9963 0.0582
vn -0.1803 -0.8794 0.4407
vn -0.6509 -0.7275 0.2170
vn -0.1284 0.9407 0.3140
vn -0.0551 0.9972 0.0511
vn -0.2911 0.9518 0.0970
vn -0.0628 -0.9963 -0.0583
vn -0.6509 -0.7275 -0.2170
vn -0.1803 -0.8794 -0.4407
vn -0.0551 0.9972 -0.0511
vn -0.1284 0.9407 -0.3140
vn -0.2911 0.9518 -0.0970
vn 0.0590 -0.9969 -0.0522
vn 0.1466 -0.9243 -0.3524
vn 0.3539 -0.9283 -0.1144
vn 0.0590 -0.9969 0.0522
vn 0.3539 -0.9283 0.1144
vn 0.1466 -0.9243 0.3524
vn 0.1585 0.9109 0.3810
vn 0.4848 0.8605 0.1567
vn 0.0618 0.9966 0.0547
vn 0.0618 0.9966 -0.0547
vn 0.4848 0.8605 -0.1567
vn 0.1585 0.9109 -0.3810
vn -0.0717 -0.9974 0.0000
vn -0.5713 -0.8208 0.0000
vn -0.3774 0.4535 0.8074
vn -0.6590 0.7109 0.2456
vn -0.0623 0.9981 0.0000
vn -0.2717 0.9624 0.0000
vn -0.3774 0.4535 -0.8074
vn -0.6590 0.7109 -0.2456
vn 0.3224 -0.9466 0.0000
vn 0.0664 -0.9978 0.0000
vn 0.8735 -0.3679 0.3187
vn 0.4231 -0.1265 0.8972
vn 0.4396 0.8982 0.0000
vn 0.0705 0.9975 0.0000
vn 0.8735 -0.3679 -0.3187
vn 0.4231 -0.1265 -0.8972
vn -0.0000 -0.9409 -0.3387
vn -0.0000 -0.9981 -0.0609
vn -0.0000 0.9459 -0.3243
vn -0.0000 0.9982 -0.0604
vn -0.0000 0.9459 0.3243
vn -0.0000 0.9982 0.0604
vn -0.0000 -0.9409 0.3388
vn -0.0000 -0.9981 0.0609
usemtl Main
s off
f 157//1 138//1 8//1 2//1
f 132//2 67//2 85//2 159//2
f 57//3 38//3 122//3 117//3
f 150//4 22//4 9//4 141//4
f 41//5 30//5 109//5 123//5
f 17//6 23//6 149//6 130//6
f 47//7 58//7 116//7 103//7
f 131//8 148//8 75//8 68//8
f 85//2 67//2 171//2 172//2
f 76//4 147//4 140//4 94//4
f 56//4 77//4 93//4 39//4
f 31//9 40//9 92//9 83//9
f 65//10 74//10 59//10 50//10
f 29//2 48//2 102//2 110//2
f 3//11 10//11 24//11 16//11
f 84//12 95//12 139//12 156//12
f 115//13 124//13 108//13 101//13
f 1//14 4//14 5//14 7//14
f 2//15 6//15 5//15 4//15
f 3//16 7//16 5//16 6//16
f 8//17 11//17 12//17 14//17
f 9//18 13//18 12//18 11//18
f 10//19 14//19 12//19 13//19
f 15//20 18//20 19//20 21//20
f 16//21 20//21 19//21 18//21
f 17//22 21//22 19//22 20//22
f 22//23 25//23 26//23 28//23
f 23//24 27//24 26//24 25//24
f 24//25 28//25 26//25 27//25
f 29//26 33//26 34//26 37//26
f 30//27 35//27 34//27 33//27
f 31//28 36//28 34//28 35//28
f 32//29 37//29 34//29 36//29
f 38//30 42//30 43//30 46//30
f 39//31 44//31 43//31 42//31
f 40//32 45//32 43//32 44//32
f 41//33 46//33 43//33 45//33
f 47//34 51//34 52//34 55//34
f 48//35 53//35 52//35 51//35
f 49//36 54//36 52//36 53//36
f 50//37 55//37 52//37 54//37
f 56//38 60//38 61//38 64//38
f 57//39 62//39 61//39 60//39
f 58//40 63//40 61//40 62//40
f 59//41 64//41 61//41 63//41
f 65//42 69//42 70//42 73//42
f 66//43 71//43 70//43 69//43
f 67//44 72//44 70//44 71//44
f 68//45 73//45 70//45 72//45
f 74//46 78//46 79//46 82//46
f 75//47 80//47 79//47 78//47
f 76//48 81//48 79//48 80//48
f 77//49 82//49 79//49 81//49
f 83//50 87//50 88//50 91//50
f 84//51 89//51 88//51 87//51
f 85//52 90//52 88//52 89//52
f 86//53 91//53 88//53 90//53
f 92//54 96//54 97//54 100//54
f 93//55 98//55 97//55 96//55
f 94//56 99//56 97//56 98//56
f 95//57 100//57 97//57 99//57
f 101//58 104//58 105//58 107//58
f 102//59 106//59 105//59 104//59
f 103//60 107//60 105//60 106//60
f 108//61 111//61 112//61 114//61
f 109//62 113//62 112//62 111//62
f 110//63 114//63 112//63 113//63
f 115//64 118//64 119//64 121//64
f 116//65 120//65 119//65 118//65
f 117//66 121//66 119//66 120//66
f 122//67 125//67 126//67 128//67
f 123//68 127//68 126//68 125//68
f 124//69 128//69 126//69 127//69
f 129//70 133//70 134//70 137//70
f 130//71 135//71 134//71 133//71
f 131//72 136//72 134//72 135//72
f 132//73 137//73 134//73 136//73
f 138//74 142//74 143//74 146//74
f 139//75 144//75 143//75 142//75
f 140//76 145//76 143//76 144//76
f 141//77 146//77 143//77 145//77
f 147//78 151//78 152//78 155//78
f 148//79 153//79 152//79 151//79
f 149//80 154//80 152//80 153//80
f 150//81 155//81 152//81 154//81
f 156//82 160//82 161//82 164//82
f 157//83 162//83 161//83 160//83
f 158//84 163//84 161//84 162//84
f 159//85 164//85 161//85 163//85
f 15//86 1//86 7//86 18//86
f 18//87 7//87 3//87 16//87
f 2//88 8//88 14//88 6//88
f 6//89 14//89 10//89 3//89
f 9//90 22//90 28//90 13//90
f 13//91 28//91 24//91 10//91
f 23//92 17//92 20//92 27//92
f 27//93 20//93 16//93 24//93
f 129//94 15//94 21//94 133//94
f 133//95 21//95 17//95 130//95
f 77//96 56//96 64//96 82//96
f 82//97 64//97 59//97 74//97
f 58//98 47//98 55//98 63//98
f 63//99 55//99 50//99 59//99
f 53//2 37//2 166//2 167//2
f 37//2 53//2 48//2 29//2
f 56//4 39//4 42//4 60//4
f 60//4 42//4 38//4 57//4
f 40//100 31//100 35//100 45//100
f 45//101 35//101 30//101 41//101
f 86//102 32//102 36//102 91//102
f 91//103 36//103 31//103 83//103
f 141//104 9//104 11//104 146//104
f 146//105 11//105 8//105 138//105
f 49//106 66//106 69//106 54//106
f 54//107 69//107 65//107 50//107
f 147//108 76//108 80//108 151//108
f 151//109 80//109 75//109 148//109
f 159//110 85//110 89//110 164//110
f 164//111 89//111 84//111 156//111
f 39//112 93//112 96//112 44//112
f 44//113 96//113 92//113 40//113
f 76//4 94//4 98//4 81//4
f 81//4 98//4 93//4 77//4
f 37//2 32//2 165//2 166//2
f 67//2 71//2 170//2 171//2
f 95//114 84//114 87//114 100//114
f 100//115 87//115 83//115 92//115
f 74//116 65//116 73//116 78//116
f 78//117 73//117 68//117 75//117
f 110//118 102//118 104//118 114//118
f 114//119 104//119 101//119 108//119
f 102//120 48//120 51//120 106//120
f 106//121 51//121 47//121 103//121
f 29//122 110//122 113//122 33//122
f 33//123 113//123 109//123 30//123
f 117//124 122//124 128//124 121//124
f 121//125 128//125 124//125 115//125
f 57//126 117//126 120//126 62//126
f 62//127 120//127 116//127 58//127
f 115//128 101//128 107//128 118//128
f 118//129 107//129 103//129 116//129
f 123//130 109//130 111//130 127//130
f 127//131 111//131 108//131 124//131
f 41//132 123//132 125//132 46//132
f 46//133 125//133 122//133 38//133
f 67//134 132//134 136//134 72//134
f 72//135 136//135 131//135 68//135
f 94//136 140//136 144//136 99//136
f 99//137 144//137 139//137 95//137
f 22//138 150//138 154//138 25//138
f 25//139 154//139 149//139 23//139
f 1//140 158//140 162//140 4//140
f 4//141 162//141 157//141 2//141
f 148//142 131//142 135//142 153//142
f 153//143 135//143 130//143 149//143
f 132//2 159//2 163//2 137//2
f 137//2 163//2 158//2 129//2
f 150//4 141//4 145//4 155//4
f 155//4 145//4 140//4 147//4
f 138//144 157//144 160//144 142//144
f 142//145 160//145 156//145 139//145
f 15//2 129//2 158//2 1//2
f 169//146 168//146 178//146 179//146
f 170//147 169//147 179//147 180//147
f 172//148 171//148 181//148 182//148
f 174//149 173//149 183//149 184//149
f 90//2 85//2 172//2 173//2
f 66//2 49//2 168//2 169//2
f 71//2 66//2 169//2 170//2
f 32//2 86//2 174//2 165//2
f 86//2 90//2 173//2 174//2
f 49//2 53//2 167//2 168//2
f 179//2 178//2 175//2 184//2
f 175//2 178//2 177//2 176//2
f 179//2 184//2 183//2 180//2
f 180//2 183//2 182//2 181//2
f 171//150 170//150 180//150 181//150
f 166//151 165//151 175//151 176//151
f 167//152 166//152 176//152 177//152
f 173//153 172//153 182//153 183//153
f 168//154 167//154 177//154 178//154
f 165//155 174//155 184//155 175//155
f 241//156 242//156 244//156 243//156
f 243//2 244//2 246//2 245//2
f 245//157 246//157 248//157 247//157
f 247//158 248//158 250//158 249//158
f 248//159 246//159 273//159 274//159
f 249//4 250//4 252//4 251//4
f 251//160 252//160 242//160 241//160
f 243//2 245//2 255//2 254//2
f 254//2 255//2 261//2 260//2
f 249//4 251//4 258//4 257//4
f 241//161 243//161 254//161 253//161
f 245//162 247//162 256//162 255//162
f 251//163 241//163 253//163 258//163
f 247//164 249//164 257//164 256//164
f 259//165 260//165 266//165 265//165
f 257//4 258//4 264//4 263//4
f 255//166 256//166 262//166 261//166
f 253//167 254//167 260//167 259//167
f 258//168 253//168 259//168 264//168
f 256//169 257//169 263//169 262//169
f 265//170 266//170 267//170 268//170 269//170 270//170
f 264//171 259//171 265//171 270//171
f 262//172 263//172 269//172 268//172
f 260//2 261//2 267//2 266//2
f 263//4 264//4 270//4 269//4
f 261//173 262//173 268//173 267//173
f 272//174 276//174 282//174 278//174
f 242//175 252//175 276//175 272//175
f 250//176 248//176 274//176 275//176
f 246//2 244//2 271//2 273//2
f 252//4 250//4 275//4 276//4
f 244//177 242//177 272//177 271//177
f 282//4 281//4 287//4 288//4
f 275//178 274//178 280//178 281//178
f 273//2 271//2 277//2 279//2
f 276//4 275//4 281//4 282//4
f 274//179 273//179 279//179 280//179
f 271//180 272//180 278//180 277//180
f 283//181 284//181 288//181 287//181 286//181 285//181
f 280//182 279//182 285//182 286//182
f 277//183 278//183 284//183 283//183
f 278//184 282//184 288//184 284//184
f 281//185 280//185 286//185 287//185
f 279//2 277//2 283//2 285//2
f 289//156 290//156 292//156 291//156
f 291//2 292//2 294//2 293//2
f 293//157 294//157 296//157 295//157
f 295//158 296//158 298//158 297//158
f 296//186 294//186 321//186 322//186
f 297//4 298//4 300//4 299//4
f 299//160 300//160 290//160 289//160
f 291//2 293//2 303//2 302//2
f 302//2 303//2 309//2 308//2
f 297//4 299//4 306//4 305//4
f 289//161 291//161 302//161 301//161
f 293//162 295//162 304//162 303//162
f 299//163 289//163 301//163 306//163
f 295//164 297//164 305//164 304//164
f 307//165 308//165 314//165 313//165
f 305//4 306//4 312//4 311//4
f 303//166 304//166 310//166 309//166
f 301//167 302//167 308//167 307//167
f 306//168 301//168 307//168 312//168
f 304//169 305//169 311//169 310//169
f 313//170 314//170 315//170 316//170 317//170 318//170
f 312//171 307//171 313//171 318//171
f 310//172 311//172 317//172 316//172
f 308//2 309//2 315//2 314//2
f 311//4 312//4 318//4 317//4
f 309//173 310//173 316//173 315//173
f 320//174 324//174 330//174 326//174
f 290//175 300//175 324//175 320//175
f 298//176 296//176 322//176 323//176
f 294//2 292//2 319//2 321//2
f 300//4 298//4 323//4 324//4
f 292//177 290//177 320//177 319//177
f 330//4 329//4 335//4 336//4
f 323//178 322//178 328//178 329//178
f 321//2 319//2 325//2 327//2
f 324//4 323//4 329//4 330//4
f 322//179 321//179 327//179 328//179
f 319//180 320//180 326//180 325//180
f 331//181 332//181 336//181 335//181 334//181 333//181
f 328//182 327//182 333//182 334//182
f 325//183 326//183 332//183 331//183
f 326//184 330//184 336//184 332//184
f 329//185 328//185 334//185 335//185
f 327//2 325//2 331//2 333//2
f 337//187 339//187 340//187 338//187
f 339//2 341//2 342//2 340//2
f 341//188 343//188 344//188 342//188
f 343//189 345//189 346//189 344//189
f 344//190 370//190 369//190 342//190
f 345//4 347//4 348//4 346//4
f 347//191 337//191 338//191 348//191
f 339//2 350//2 351//2 341//2
f 350//2 356//2 357//2 351//2
f 345//4 353//4 354//4 347//4
f 337//192 349//192 350//192 339//192
f 341//193 351//193 352//193 343//193
f 347//194 354//194 349//194 337//194
f 343//195 352//195 353//195 345//195
f 355//196 361//196 362//196 356//196
f 353//4 359//4 360//4 354//4
f 351//197 357//197 358//197 352//197
f 349//198 355//198 356//198 350//198
f 354//199 360//199 355//199 349//199
f 352//200 358//200 359//200 353//200
f 361//201 366//201 365//201 364//201 363//201 362//201
f 360//202 366//202 361//202 355//202
f 358//203 364//203 365//203 359//203
f 356//2 362//2 363//2 357//2
f 359//4 365//4 366//4 360//4
f 357//204 363//204 364//204 358//204
f 368//205 374//205 378//205 372//205
f 338//206 368//206 372//206 348//206
f 346//207 371//207 370//207 344//207
f 342//2 369//2 367//2 340//2
f 348//4 372//4 371//4 346//4
f 340//208 367//208 368//208 338//208
f 378//4 384//4 383//4 377//4
f 371//209 377//209 376//209 370//209
f 369//2 375//2 373//2 367//2
f 372//4 378//4 377//4 371//4
f 370//210 376//210 375//210 369//210
f 367//211 373//211 374//211 368//211
f 379//212 381//212 382//212 383//212 384//212 380//212
f 376//213 382//213 381//213 375//213
f 373//214 379//214 380//214 374//214
f 374//215 380//215 384//215 378//215
f 377//216 383//216 382//216 376//216
f 375//2 381//2 379//2 373//2
f 385//187 387//187 388//187 386//187
f 387//2 389//2 390//2 388//2
f 389//188 391//188 392//188 390//188
f 391//189 393//189 394//189 392//189
f 392//190 418//190 417//190 390//190
f 393//4 395//4 396//4 394//4
f 395//191 385//191 386//191 396//191
f 387//2 398//2 399//2 389//2
f 398//2 404//2 405//2 399//2
f 393//4 401//4 402//4 395//4
f 385//192 397//192 398//192 387//192
f 389//193 399//193 400//193 391//193
f 395//194 402//194 397//194 385//194
f 391//195 400//195 401//195 393//195
f 403//196 409//196 410//196 404//196
f 401//4 407//4 408//4 402//4
f 399//197 405//197 406//197 400//197
f 397//198 403//198 404//198 398//198
f 402//199 408//199 403//199 397//199
f 400//200 406//200 407//200 401//200
f 409//201 414//201 413//201 412//201 411//201 410//201
f 408//202 414//202 409//202 403//202
f 406//203 412//203 413//203 407//203
f 404//2 410//2 411//2 405//2
f 407//4 413//4 414//4 408//4
f 405//204 411//204 412//204 406//204
f 416//217 422//217 426//217 420//217
f 386//206 416//206 420//206 396//206
f 394//207 419//207 418//207 392//207
f 390//2 417//2 415//2 388//2
f 396//4 420//4 419//4 394//4
f 388//208 415//208 416//208 386//208
f 426//4 432//4 431//4 425//4
f 419//209 425//209 424//209 418//209
f 417//2 423//2 421//2 415//2
f 420//4 426//4 425//4 419//4
f 418//218 424//218 423//218 417//218
f 415//219 421//219 422//219 416//219
f 427//212 429//212 430//212 431//212 432//212 428//212
f 424//213 430//213 429//213 423//213
f 421//214 427//214 428//214 422//214
f 422//215 428//215 432//215 426//215
f 425//216 431//216 430//216 424//216
f 423//2 429//2 427//2 421//2
f 450//3 451//3 444//3 441//3
f 454//152 455//152 452//152 449//152
f 438//152 439//152 461//152 462//152
f 447//4 448//4 438//4 437//4
f 442//148 443//148 448//148 445//148
f 446//220 447//220 456//220 453//220
f 441//221 444//221 443//221 442//221
f 447//222 446//222 445//222 448//222
f 455//223 454//223 453//223 456//223
f 451//224 450//224 449//224 452//224
f 445//2 446//2 453//2 454//2 449//2 450//2 441//2 442//2
f 443//4 444//4 440//4 439//4
f 452//4 455//4 435//4 434//4
f 448//4 443//4 439//4 438//4
f 456//4 447//4 437//4 436//4
f 451//4 452//4 434//4 433//4
f 444//4 451//4 433//4 440//4
f 455//4 456//4 436//4 435//4
f 464//4 463//4 471//4 472//4
f 434//148 435//148 458//148 457//148
f 437//224 438//224 462//224 463//224
f 439//223 440//223 460//223 461//223
f 440//220 433//220 459//220 460//220
f 436//3 437//3 463//3 464//3
f 435//221 436//221 464//221 458//221
f 433//222 434//222 457//222 459//222
f 467//224 465//224 473//224 475//224
f 463//4 462//4 470//4 471//4
f 461//4 460//4 468//4 469//4
f 460//4 459//4 467//4 468//4
f 458//4 464//4 472//4 466//4
f 459//4 457//4 465//4 467//4
f 462//4 461//4 469//4 470//4
f 457//4 458//4 466//4 465//4
f 474//4 480//4 479//4 478//4 477//4 476//4 475//4 473//4
f 470//148 469//148 477//148 478//148
f 465//152 466//152 474//152 473//152
f 472//220 471//220 479//220 480//220
f 471//222 470//222 478//222 479//222
f 469//221 468//221 476//221 477//221
f 468//3 467//3 475//3 476//3
f 466//223 472//223 480//223 474//223
f 498//3 499//3 492//3 489//3
f 502//152 503//152 500//152 497//152
f 486//152 487//152 509//152 510//152
f 495//4 496//4 486//4 485//4
f 490//148 491//148 496//148 493//148
f 494//220 495//220 504//220 501//220
f 489//221 492//221 491//221 490//221
f 495//222 494//222 493//222 496//222
f 503//223 502//223 501//223 504//223
f 499//224 498//224 497//224 500//224
f 493//2 494//2 501//2 502//2 497//2 498//2 489//2 490//2
f 491//4 492//4 488//4 487//4
f 500//4 503//4 483//4 482//4
f 496//4 491//4 487//4 486//4
f 504//4 495//4 485//4 484//4
f 499//4 500//4 482//4 481//4
f 492//4 499//4 481//4 488//4
f 503//4 504//4 484//4 483//4
f 512//4 511//4 519//4 520//4
f 482//148 483//148 506//148 505//148
f 485//224 486//224 510//224 511//224
f 487//223 488//223 508//223 509//223
f 488//220 481//220 507//220 508//220
f 484//3 485//3 511//3 512//3
f 483//221 484//221 512//221 506//221
f 481//222 482//222 505//222 507//222
f 515//224 513//224 521//224 523//224
f 511//4 510//4 518//4 519//4
f 509//4 508//4 516//4 517//4
f 508//4 507//4 515//4 516//4
f 506//4 512//4 520//4 514//4
f 507//4 505//4 513//4 515//4
f 510//4 509//4 517//4 518//4
f 505//4 506//4 514//4 513//4
f 522//4 528//4 527//4 526//4 525//4 524//4 523//4 521//4
f 518//148 517//148 525//148 526//148
f 513//152 514//152 522//152 521//152
f 520//220 519//220 527//220 528//220
f 519//222 518//222 526//222 527//222
f 517//221 516//221 524//221 525//221
f 516//3 515//3 523//3 524//3
f 514//223 520//223 528//223 522//223
f 529//225 530//225 532//225 531//225
f 531//226 532//226 534//226 533//226
f 533//223 534//223 536//223 535//223
f 535//227 536//227 538//227 537//227
f 537//228 538//228 540//228 539//228
f 539//229 540//229 542//229 541//229
f 541//230 542//230 544//230 543//230
f 543//224 544//224 546//224 545//224
f 545//231 546//231 548//231 547//231
f 547//232 548//232 550//232 549//232
f 549//233 550//233 552//233 551//233
f 551//234 552//234 554//234 553//234
f 553//221 554//221 556//221 555//221
f 555//235 556//235 558//235 557//235
f 557//236 558//236 560//236 559//236
f 559//237 560//237 562//237 561//237
f 561//238 562//238 564//238 563//238
f 563//222 564//222 566//222 565//222
f 536//4 534//4 571//4 572//4
f 565//239 566//239 568//239 567//239
f 567//240 568//240 530//240 529//240
f 529//2 531//2 533//2 535//2 537//2 539//2 541//2 543//2 545//2 547//2 549//2 551//2 553//2 555//2 557//2 559//2 561//2 563//2 565//2 567//2
f 577//222 576//222 596//222 597//222
f 546//4 544//4 576//4 577//4
f 532//4 530//4 570//4 569//4
f 556//4 554//4 581//4 582//4
f 566//4 564//4 586//4 587//4
f 542//4 540//4 574//4 575//4
f 552//4 550//4 579//4 580//4
f 562//4 560//4 584//4 585//4
f 538//4 536//4 572//4 573//4
f 548//4 546//4 577//4 578//4
f 558//4 556//4 582//4 583//4
f 568//4 566//4 587//4 588//4
f 534//4 532//4 569//4 571//4
f 544//4 542//4 575//4 576//4
f 554//4 552//4 580//4 581//4
f 564//4 562//4 585//4 586//4
f 540//4 538//4 573//4 574//4
f 550//4 548//4 578//4 579//4
f 560//4 558//4 583//4 584//4
f 530//4 568//4 588//4 570//4
f 569//233 570//233 590//233 589//233
f 585//229 584//229 604//229 605//229
f 578//239 577//239 597//239 598//239
f 571//234 569//234 589//234 591//234
f 586//230 585//230 605//230 606//230
f 579//240 578//240 598//240 599//240
f 572//221 571//221 591//221 592//221
f 587//224 586//224 606//224 607//224
f 580//225 579//225 599//225 600//225
f 573//235 572//235 592//235 593//235
f 588//231 587//231 607//231 608//231
f 581//226 580//226 600//226 601//226
f 574//236 573//236 593//236 594//236
f 570//232 588//232 608//232 590//232
f 582//223 581//223 601//223 602//223
f 575//237 574//237 594//237 595//237
f 583//227 582//227 602//227 603//227
f 576//238 575//238 595//238 596//238
f 584//228 583//228 603//228 604//228
f 609//241 611//241 614//241 613//241
f 611//242 610//242 612//242 614//242
f 615//144 620//144 619//144 616//144
f 616//145 619//145 618//145 617//145
f 613//243 614//243 619//243 620//243
f 610//244 611//244 616//244 617//244
f 612//245 610//245 617//245 618//245
f 609//246 613//246 620//246 615//246
f 614//247 612//247 618//247 619//247
f 611//248 609//248 615//248 616//248
f 621//249 624//249 623//249 622//249
f 626//78 627//78 628//78 625//78
f 622//250 623//250 628//250 627//250
f 624//251 621//251 626//251 625//251
f 623//252 624//252 625//252 628//252
f 621//253 622//253 627//253 626//253
usemtl Main_Dark
f 186//254 222//254 227//254 192//254
f 221//255 215//255 235//255 228//255
f 193//4 229//4 234//4 206//4
f 207//256 236//256 214//256 201//256
f 187//257 194//257 208//257 200//257
f 185//258 188//258 189//258 191//258
f 186//259 190//259 189//259 188//259
f 187//260 191//260 189//260 190//260
f 192//261 195//261 196//261 198//261
f 193//262 197//262 196//262 195//262
f 194//263 198//263 196//263 197//263
f 199//264 202//264 203//264 205//264
f 200//265 204//265 203//265 202//265
f 201//266 205//266 203//266 204//266
f 206//267 209//267 210//267 212//267
f 207//268 211//268 210//268 209//268
f 208//269 212//269 210//269 211//269
f 213//270 216//270 217//270 219//270
f 214//271 218//271 217//271 216//271
f 215//272 219//272 217//272 218//272
f 220//273 223//273 224//273 226//273
f 221//274 225//274 224//274 223//274
f 222//275 226//275 224//275 225//275
f 227//276 230//276 231//276 233//276
f 228//277 232//277 231//277 230//277
f 229//278 233//278 231//278 232//278
f 234//279 237//279 238//279 240//279
f 235//280 239//280 238//280 237//280
f 236//281 240//281 238//281 239//281
f 199//282 185//282 191//282 202//282
f 202//283 191//283 187//283 200//283
f 186//284 192//284 198//284 190//284
f 190//285 198//285 194//285 187//285
f 193//286 206//286 212//286 197//286
f 197//287 212//287 208//287 194//287
f 207//288 201//288 204//288 211//288
f 211//289 204//289 200//289 208//289
f 215//290 221//290 223//290 219//290
f 219//291 223//291 220//291 213//291
f 221//292 228//292 230//292 225//292
f 225//293 230//293 227//293 222//293
f 228//294 235//294 237//294 232//294
f 232//295 237//295 234//295 229//295
f 235//296 215//296 218//296 239//296
f 239//297 218//297 214//297 236//297
f 201//298 214//298 216//298 205//298
f 205//299 216//299 213//299 199//299
f 236//300 207//300 209//300 240//300
f 240//301 209//301 206//301 234//301
f 192//302 227//302 233//302 195//302
f 195//303 233//303 229//303 193//303
f 222//304 186//304 188//304 226//304
f 226//305 188//305 185//305 220//305
f 199//2 213//2 220//2 185//2
f 589//4 590//4 608//4 607//4 606//4 605//4 604//4 603//4 602//4 601//4 600//4 599//4 598//4 597//4 596//4 595//4 594//4 593//4 592//4 591//4
o Tank_body_Cube.009
v -3.1626648 0.41775165 2.19212595
v -2.82044385 0.19451790000000002 2.19212595
v -3.1168161 0.3242871 2.19212595
v -2.99155365 0.2317995 2.19212595
v -2.82044385 0.9890563500000001 2.19212595
v -3.1626648 0.76582215 2.19212595
v -2.9915541 0.9517743000000001 2.19212595
v -3.1168161 0.85928715 2.19212595
v 2.8164771 0.19451790000000002 2.19212595
v 3.15869805 0.41775165 2.19212595
v 2.98758735 0.2317995 2.19212595
v 3.11284935 0.3242871 2.19212595
v 3.15869805 0.76582215 2.19212595
v 2.8164771 0.9890563500000001 2.19212595
v 3.11284935 0.85928715 2.19212595
v 2.9875869 0.9517747500000002 2.19212595
v -2.70421245 0.2850975 2.19212595
v -2.868336 0.31387905 2.19212595
v -2.98848375 0.38527875 2.19212595
v -3.0324600000000004 0.45743310000000004 2.19212595
v -2.868336 0.8696952 2.19212595
v -2.70421245 0.8984763 2.19212595
v -2.98848375 0.79829505 2.19212595
v -3.0324600000000004 0.72614115 2.19212595
v 2.86436925 0.31387905 2.19212595
v 2.7002457 0.2850975 2.19212595
v 2.984517 0.38527875 2.19212595
v 3.0284937000000003 0.45743310000000004 2.19212595
v 2.7002457 0.8984763 2.19212595
v 2.86436925 0.8696952 2.19212595
v 2.984517 0.7982955 2.19212595
v 3.0284937000000003 0.72614115 2.19212595
v -2.82044385 0.19451790000000002 1.3688478
v -2.99155365 0.2317995 1.3688478
v -3.1168161 0.3242871 1.3688478
v -3.1626648 0.41775165 1.3688478
v -2.9915541 0.9517743000000001 1.3688478
v -2.82044385 0.9890563500000001 1.3688478
v -3.1168161 0.85928715 1.3688478
v -3.1626648 0.76582215 1.3688478
v 2.98758735 0.2317995 1.3688478
v 2.8164771 0.19451790000000002 1.3688478
v 3.11284935 0.3242871 1.3688478
v 3.15869805 0.41775165 1.3688478
v 2.8164771 0.9890563500000001 1.3688478
v 2.9875869 0.9517747500000002 1.3688478
v 3.11284935 0.85928715 1.3688478
v 3.15869805 0.76582215 1.3688478
v -2.70421245 0.2850975 1.3688478
v -2.868336 0.31387905 1.3688478
v -2.98848375 0.38527875 1.3688478
v -3.0324600000000004 0.45743310000000004 1.3688478
v -2.868336 0.8696952 1.3688478
v -2.70421245 0.8984763 1.3688478
v -2.98848375 0.79829505 1.3688478
v -3.0324600000000004 0.72614115 1.3688478
v 2.86436925 0.31387905 1.3688478
v 2.7002457 0.2850975 1.3688478
v 2.984517 0.38527875 1.3688478
v 3.0284937000000003 0.45743310000000004 1.3688478
v 2.7002457 0.8984763 1.3688478
v 2.86436925 0.8696952 1.3688478
v 2.984517 0.7982955 1.3688478
v 3.0284937000000003 0.72614115 1.3688478
v -3.1626648 0.41775165 -1.4295833999999998
v -2.82044385 0.19451790000000002 -1.4295833999999998
v -3.1168161 0.3242871 -1.4295833999999998
v -2.99155365 0.2317995 -1.4295833999999998
v -2.82044385 0.9890563500000001 -1.4295833999999998
v -3.1626648 0.76582215 -1.4295833999999998
v -2.9915541 0.9517743000000001 -1.4295833999999998
v -3.1168161 0.85928715 -1.4295833999999998
v 2.8164771 0.19451790000000002 -1.4295833999999998
v 3.15869805 0.41775165 -1.4295833999999998
v 2.98758735 0.2317995 -1.4295833999999998
v 3.11284935 0.3242871 -1.4295833999999998
v 3.15869805 0.76582215 -1.4295833999999998
v 2.8164771 0.9890563500000001 -1.4295833999999998
v 3.11284935 0.85928715 -1.4295833999999998
v 2.9875869 0.9517747500000002 -1.4295833999999998
v -2.73854115 0.2674584 -1.4295833999999998
v -2.9047491 0.29789505 -1.4295833999999998
v -3.02642325 0.37340145 -1.4295833999999998
v -3.0709584000000003 0.4497057 -1.4295833999999998
v -2.9047491 0.8856787500000001 -1.4295833999999998
v -2.73854115 0.9161154000000002 -1.4295833999999998
v -3.02642325 0.8101728 -1.4295833999999998
v -3.0709584000000003 0.7338685500000001 -1.4295833999999998
v 2.9007828 0.29789505 -1.4295833999999998
v 2.7345744 0.2674584 -1.4295833999999998
v 3.0224565 0.37340145 -1.4295833999999998
v 3.06699165 0.4497057 -1.4295833999999998
v 2.7345744 0.9161154000000002 -1.4295833999999998
v 2.9007828 0.8856792 -1.4295833999999998
v 3.0224565 0.8101728 -1.4295833999999998
v 3.06699165 0.7338685500000001 -1.4295833999999998
v -2.82044385 0.19451790000000002 -2.25286155
v -2.99155365 0.2317995 -2.25286155
v -3.1168161 0.3242871 -2.25286155
v -3.1626648 0.41775165 -2.25286155
v -2.9915541 0.9517743000000001 -2.25286155
v -2.82044385 0.9890563500000001 -2.25286155
v -3.1168161 0.85928715 -2.25286155
v -3.1626648 0.76582215 -2.25286155
v 2.98758735 0.2317995 -2.25286155
v 2.8164771 0.19451790000000002 -2.25286155
v 3.11284935 0.3242871 -2.25286155
v 3.15869805 0.41775165 -2.25286155
v 2.8164771 0.9890563500000001 -2.25286155
v 2.9875869 0.9517747500000002 -2.25286155
v 3.11284935 0.85928715 -2.25286155
v 3.15869805 0.76582215 -2.25286155
v -2.73854115 0.2674584 -2.25286155
v -2.9047491 0.29789505 -2.25286155
v -3.02642325 0.37340145 -2.25286155
v -3.0709584000000003 0.4497057 -2.25286155
v -2.9047491 0.8856787500000001 -2.25286155
v -2.73854115 0.9161154000000002 -2.25286155
v -3.02642325 0.8101728 -2.25286155
v -3.0709584000000003 0.7338685500000001 -2.25286155
v 2.9007828 0.29789505 -2.25286155
v 2.7345744 0.2674584 -2.25286155
v 3.0224565 0.37340145 -2.25286155
v 3.06699165 0.4497057 -2.25286155
v 2.7345744 0.9161154000000002 -2.25286155
v 2.9007828 0.8856792 -2.25286155
v 3.0224565 0.8101728 -2.25286155
v 3.06699165 0.7338685500000001 -2.25286155
v 2.52902745 1.2821157 1.2930515999999999
v -2.40579675 1.2821157 1.2930515999999999
v 2.52902745 1.1741166 1.2930515999999999
v -2.40579675 1.1741166 1.2930515999999999
v 2.52902745 1.2821157 2.2392742500000002
v -2.40579675 1.2821157 2.2392742500000002
v 2.52902745 1.1741166 2.2392742500000002
v -2.40579675 1.1741166 2.2392742500000002
v -2.7783594000000003 1.22253255 1.2930515999999999
v -2.74076595 1.1212879500000001 1.2930515999999999
v -2.7783594000000003 1.22253255 2.2392742500000002
v -2.74076595 1.1212879500000001 2.2392742500000002
v -3.1604354999999997 1.09329165 1.2930515999999999
v -3.10506975 1.0005642000000001 1.2930515999999999
v -3.1604354999999997 1.09329165 2.2392742500000002
v -3.10506975 1.0005642000000001 2.2392742500000002
v 2.87381655 1.2429387 1.2930515999999999
v 2.85433605 1.13671125 1.2930515999999999
v 2.87381655 1.2429387 2.2392742500000002
v 2.85433605 1.13671125 2.2392742500000002
v 3.2419278 1.1245446000000001 1.2930515999999999
v 3.2041422 1.0233706500000002 1.2930515999999999
v 3.2419278 1.1245446000000001 2.2392742500000002
v 3.2041422 1.0233706500000002 2.2392742500000002
v 0.62576235 1.2569332500000001 1.3288086
v 0.62576235 1.2569332500000001 2.11137435
v 1.6554465 1.2569332500000001 1.3288086
v 1.6554465 1.2569332500000001 2.11137435
v 0.62576235 1.4514781500000002 1.3288086
v 1.6554465 1.4514781500000002 1.3288086
v 0.62576235 1.3150854 2.11137435
v 0.62576235 1.3911930000000001 2.0280015
v 1.6554465 1.3911930000000001 2.0280015
v 1.6554465 1.3150854 2.11137435
v -3.0653554499999998 1.15304355 2.21949
v -3.03736815 1.2305484000000002 2.21949
v -3.0653554499999998 1.15304355 1.2984214500000002
v -3.03736815 1.2305484000000002 1.2984214500000002
v -2.9384316000000004 1.1939341500000002 2.21949
v -3.0063987 1.24052535 2.21949
v -2.9384316000000004 1.1939341500000002 1.2984214500000002
v -3.0063987 1.24052535 1.2984214500000002
v -3.05136405 1.1096158500000002 1.2984214500000002
v -3.05136405 1.1096158500000002 2.21949
v -2.92444065 1.1505069 1.2984214500000002
v -2.92444065 1.1505069 2.21949
v -2.5623931499999997 1.2705268500000002 2.21949
v -2.5231626 1.3429926 2.21949
v -2.5623931499999997 1.2705268500000002 1.2984214500000002
v -2.5231626 1.3429926 1.2984214500000002
v -2.4307911 1.2920364000000002 2.21949
v -2.49105195 1.3482405000000002 2.21949
v -2.4307911 1.2920364000000002 1.2984214500000002
v -2.49105195 1.3482405000000002 1.2984214500000002
v -2.55503385 1.2254989500000002 1.2984214500000002
v -2.55503385 1.2254989500000002 2.21949
v -2.4234318000000004 1.24700805 1.2984214500000002
v -2.4234318000000004 1.24700805 2.21949
v -2.0581209 1.3035033 2.21949
v -2.0077150500000003 1.3686916500000001 2.21949
v -2.0581209 1.3035033 1.2984214500000002
v -2.0077150500000003 1.3686916500000001 1.2984214500000002
v -1.92477285 1.3035033 2.21949
v -1.9751787 1.3686916500000001 2.21949
v -1.92477285 1.3035033 1.2984214500000002
v -1.9751787 1.3686916500000001 1.2984214500000002
v -2.0581209 1.2578778000000002 1.2984214500000002
v -2.0581209 1.2578778000000002 2.21949
v -1.92477285 1.2578778000000002 1.2984214500000002
v -1.92477285 1.2578778000000002 2.21949
v -1.55139795 1.3035033 2.21949
v -1.5009921000000002 1.3686916500000001 2.21949
v -1.55139795 1.3035033 1.2984214500000002
v -1.5009921000000002 1.3686916500000001 1.2984214500000002
v -1.4180499000000002 1.3035033 2.21949
v -1.46845575 1.3686916500000001 2.21949
v -1.4180499000000002 1.3035033 1.2984214500000002
v -1.46845575 1.3686916500000001 1.2984214500000002
v -1.55139795 1.2578778000000002 1.2984214500000002
v -1.55139795 1.2578778000000002 2.21949
v -1.4180499000000002 1.2578778000000002 1.2984214500000002
v -1.4180499000000002 1.2578778000000002 2.21949
v -1.044675 1.3035033 2.21949
v -0.9942691500000002 1.3686916500000001 2.21949
v -1.044675 1.3035033 1.2984214500000002
v -0.9942691500000002 1.3686916500000001 1.2984214500000002
v -0.91132695 1.3035033 2.21949
v -0.9617328 1.3686916500000001 2.21949
v -0.91132695 1.3035033 1.2984214500000002
v -0.9617328 1.3686916500000001 1.2984214500000002
v -1.044675 1.2578778000000002 1.2984214500000002
v -1.044675 1.2578778000000002 2.21949
v -0.91132695 1.2578778000000002 1.2984214500000002
v -0.91132695 1.2578778000000002 2.21949
v -0.53795205 1.3035033 2.21949
v -0.48754665 1.3686916500000001 2.21949
v -0.53795205 1.3035033 1.2984214500000002
v -0.48754665 1.3686916500000001 1.2984214500000002
v -0.404604 1.3035033 2.21949
v -0.45500985000000005 1.3686916500000001 2.21949
v -0.404604 1.3035033 1.2984214500000002
v -0.45500985000000005 1.3686916500000001 1.2984214500000002
v -0.53795205 1.2578778000000002 1.2984214500000002
v -0.53795205 1.2578778000000002 2.21949
v -0.404604 1.2578778000000002 1.2984214500000002
v -0.404604 1.2578778000000002 2.21949
v -0.031229100000000003 1.3035033 2.21949
v 0.0191763 1.3686916500000001 2.21949
v -0.031229100000000003 1.3035033 1.2984214500000002
v 0.0191763 1.3686916500000001 1.2984214500000002
v 0.10211895 1.3035033 2.21949
v 0.051713100000000005 1.3686916500000001 2.21949
v 0.10211895 1.3035033 1.2984214500000002
v 0.051713100000000005 1.3686916500000001 1.2984214500000002
v -0.031229100000000003 1.2578778000000002 1.2984214500000002
v -0.031229100000000003 1.2578778000000002 2.21949
v 0.10211895 1.2578778000000002 1.2984214500000002
v 0.10211895 1.2578778000000002 2.21949
v 1.9956631500000002 1.3004635500000001 2.21949
v 2.046069 1.3656519000000003 2.21949
v 1.9956631500000002 1.3004635500000001 1.2984214500000002
v 2.046069 1.3656519000000003 1.2984214500000002
v 2.1290116500000003 1.3004635500000001 2.21949
v 2.07860535 1.3656519000000003 2.21949
v 2.1290116500000003 1.3004635500000001 1.2984214500000002
v 2.07860535 1.3656519000000003 1.2984214500000002
v 1.9956631500000002 1.25483805 1.2984214500000002
v 1.9956631500000002 1.25483805 2.21949
v 2.1290116500000003 1.25483805 1.2984214500000002
v 2.1290116500000003 1.25483805 2.21949
v 2.5017003 1.3083196500000003 2.21949
v 2.5593768 1.3671733500000003 2.21949
v 2.5017003 1.3083196500000003 1.2984214500000002
v 2.5593768 1.3671733500000003 1.2984214500000002
v 2.6341353 1.29274065 2.21949
v 2.5916904 1.3633722000000001 2.21949
v 2.6341353 1.29274065 1.2984214500000002
v 2.5916904 1.3633722000000001 1.2984214500000002
v 2.49637005 1.2630069000000002 1.2984214500000002
v 2.49637005 1.2630069000000002 2.21949
v 2.6288046 1.2474279000000001 1.2984214500000002
v 2.6288046 1.2474279000000001 2.21949
v 3.01044915 1.2155229 2.21949
v 3.0800866499999997 1.2595783500000002 2.21949
v 3.01044915 1.2155229 1.2984214500000002
v 3.0800866499999997 1.2595783500000002 1.2984214500000002
v 3.13578045 1.1699838000000002 2.21949
v 3.1106673000000002 1.2484669500000003 2.21949
v 3.13578045 1.1699838000000002 1.2984214500000002
v 3.1106673000000002 1.2484669500000003 1.2984214500000002
v 2.9948679 1.1726406 1.2984214500000002
v 2.9948679 1.1726406 2.21949
v 3.1201992 1.12710105 1.2984214500000002
v 3.1201992 1.12710105 2.21949
v 2.52902745 1.2821157 -1.356129
v -2.40579675 1.2821157 -1.356129
v 2.52902745 1.1741166 -1.356129
v -2.40579675 1.1741166 -1.356129
v 2.52902745 1.2821157 -2.30235255
v -2.40579675 1.2821157 -2.30235255
v 2.52902745 1.1741166 -2.30235255
v -2.40579675 1.1741166 -2.30235255
v -2.7783594000000003 1.22253255 -1.356129
v -2.74076595 1.1212879500000001 -1.356129
v -2.7783594000000003 1.22253255 -2.30235255
v -2.74076595 1.1212879500000001 -2.30235255
v -3.1604354999999997 1.09329165 -1.356129
v -3.10506975 1.0005642000000001 -1.356129
v -3.1604354999999997 1.09329165 -2.30235255
v -3.10506975 1.0005642000000001 -2.30235255
v 2.87381655 1.2429387 -1.356129
v 2.85433605 1.13671125 -1.356129
v 2.87381655 1.2429387 -2.30235255
v 2.85433605 1.13671125 -2.30235255
v 3.2419278 1.1245446000000001 -1.356129
v 3.2041422 1.0233706500000002 -1.356129
v 3.2419278 1.1245446000000001 -2.30235255
v 3.2041422 1.0233706500000002 -2.30235255
v 0.62576235 1.2569332500000001 -1.39188645
v 0.62576235 1.2569332500000001 -2.1744517500000002
v 1.6554465 1.2569332500000001 -1.39188645
v 1.6554465 1.2569332500000001 -2.1744517500000002
v 0.62576235 1.4514781500000002 -1.39188645
v 1.6554465 1.4514781500000002 -1.39188645
v 0.62576235 1.3150854 -2.1744517500000002
v 0.62576235 1.3911930000000001 -2.0910784500000004
v 1.6554465 1.3911930000000001 -2.0910784500000004
v 1.6554465 1.3150854 -2.1744517500000002
v -3.0653554499999998 1.15304355 -2.2825674
v -3.03736815 1.2305484000000002 -2.2825674
v -3.0653554499999998 1.15304355 -1.36149885
v -3.03736815 1.2305484000000002 -1.36149885
v -2.9384316000000004 1.1939341500000002 -2.2825674
v -3.0063987 1.24052535 -2.2825674
v -2.9384316000000004 1.1939341500000002 -1.36149885
v -3.0063987 1.24052535 -1.36149885
v -3.05136405 1.1096158500000002 -1.36149885
v -3.05136405 1.1096158500000002 -2.2825674
v -2.92444065 1.1505069 -1.36149885
v -2.92444065 1.1505069 -2.2825674
v -2.5623931499999997 1.2705268500000002 -2.2825674
v -2.5231626 1.3429926 -2.2825674
v -2.5623931499999997 1.2705268500000002 -1.36149885
v -2.5231626 1.3429926 -1.36149885
v -2.4307911 1.2920364000000002 -2.2825674
v -2.49105195 1.3482405000000002 -2.2825674
v -2.4307911 1.2920364000000002 -1.36149885
v -2.49105195 1.3482405000000002 -1.36149885
v -2.55503385 1.2254989500000002 -1.36149885
v -2.55503385 1.2254989500000002 -2.2825674
v -2.4234318000000004 1.24700805 -1.36149885
v -2.4234318000000004 1.24700805 -2.2825674
v -2.0581209 1.3035033 -2.2825674
v -2.0077150500000003 1.3686916500000001 -2.2825674
v -2.0581209 1.3035033 -1.36149885
v -2.0077150500000003 1.3686916500000001 -1.36149885
v -1.92477285 1.3035033 -2.2825674
v -1.9751787 1.3686916500000001 -2.2825674
v -1.92477285 1.3035033 -1.36149885
v -1.9751787 1.3686916500000001 -1.36149885
v -2.0581209 1.2578778000000002 -1.36149885
v -2.0581209 1.2578778000000002 -2.2825674
v -1.92477285 1.2578778000000002 -1.36149885
v -1.92477285 1.2578778000000002 -2.2825674
v -1.55139795 1.3035033 -2.2825674
v -1.5009921000000002 1.3686916500000001 -2.2825674
v -1.55139795 1.3035033 -1.36149885
v -1.5009921000000002 1.3686916500000001 -1.36149885
v -1.4180499000000002 1.3035033 -2.2825674
v -1.46845575 1.3686916500000001 -2.2825674
v -1.4180499000000002 1.3035033 -1.36149885
v -1.46845575 1.3686916500000001 -1.36149885
v -1.55139795 1.2578778000000002 -1.36149885
v -1.55139795 1.2578778000000002 -2.2825674
v -1.4180499000000002 1.2578778000000002 -1.36149885
v -1.4180499000000002 1.2578778000000002 -2.2825674
v -1.044675 1.3035033 -2.2825674
v -0.9942691500000002 1.3686916500000001 -2.2825674
v -1.044675 1.3035033 -1.36149885
v -0.9942691500000002 1.3686916500000001 -1.36149885
v -0.91132695 1.3035033 -2.2825674
v -0.9617328 1.3686916500000001 -2.2825674
v -0.91132695 1.3035033 -1.36149885
v -0.9617328 1.3686916500000001 -1.36149885
v -1.044675 1.2578778000000002 -1.36149885
v -1.044675 1.2578778000000002 -2.2825674
v -0.91132695 1.2578778000000002 -1.36149885
v -0.91132695 1.2578778000000002 -2.2825674
v -0.53795205 1.3035033 -2.2825674
v -0.48754665 1.3686916500000001 -2.2825674
v -0.53795205 1.3035033 -1.36149885
v -0.48754665 1.3686916500000001 -1.36149885
v -0.404604 1.3035033 -2.2825674
v -0.45500985000000005 1.3686916500000001 -2.2825674
v -0.404604 1.3035033 -1.36149885
v -0.45500985000000005 1.3686916500000001 -1.36149885
v -0.53795205 1.2578778000000002 -1.36149885
v -0.53795205 1.2578778000000002 -2.2825674
v -0.404604 1.2578778000000002 -1.36149885
v -0.404604 1.2578778000000002 -2.2825674
v -0.031229100000000003 1.3035033 -2.2825674
v 0.0191763 1.3686916500000001 -2.2825674
v -0.031229100000000003 1.3035033 -1.36149885
v 0.0191763 1.3686916500000001 -1.36149885
v 0.10211895 1.3035033 -2.2825674
v 0.051713100000000005 1.3686916500000001 -2.2825674
v 0.10211895 1.3035033 -1.36149885
v 0.051713100000000005 1.3686916500000001 -1.36149885
v -0.031229100000000003 1.2578778000000002 -1.36149885
v -0.031229100000000003 1.2578778000000002 -2.2825674
v 0.10211895 1.2578778000000002 -1.36149885
v 0.10211895 1.2578778000000002 -2.2825674
v 1.9956631500000002 1.3004635500000001 -2.2825674
v 2.046069 1.3656519000000003 -2.2825674
v 1.9956631500000002 1.3004635500000001 -1.36149885
v 2.046069 1.3656519000000003 -1.36149885
v 2.1290116500000003 1.3004635500000001 -2.2825674
v 2.07860535 1.3656519000000003 -2.2825674
v 2.1290116500000003 1.3004635500000001 -1.36149885
v 2.07860535 1.3656519000000003 -1.36149885
v 1.9956631500000002 1.25483805 -1.36149885
v 1.9956631500000002 1.25483805 -2.2825674
v 2.1290116500000003 1.25483805 -1.36149885
v 2.1290116500000003 1.25483805 -2.2825674
v 2.5017003 1.3083196500000003 -2.2825674
v 2.5593768 1.3671733500000003 -2.2825674
v 2.5017003 1.3083196500000003 -1.36149885
v 2.5593768 1.3671733500000003 -1.36149885
v 2.6341353 1.29274065 -2.2825674
v 2.5916904 1.3633722000000001 -2.2825674
v 2.6341353 1.29274065 -1.36149885
v 2.5916904 1.3633722000000001 -1.36149885
v 2.49637005 1.2630069000000002 -1.36149885
v 2.49637005 1.2630069000000002 -2.2825674
v 2.6288046 1.2474279000000001 -1.36149885
v 2.6288046 1.2474279000000001 -2.2825674
v 3.01044915 1.2155229 -2.2825674
v 3.0800866499999997 1.2595783500000002 -2.2825674
v 3.01044915 1.2155229 -1.36149885
v 3.0800866499999997 1.2595783500000002 -1.36149885
v 3.13578045 1.1699838000000002 -2.2825674
v 3.1106673000000002 1.2484669500000003 -2.2825674
v 3.13578045 1.1699838000000002 -1.36149885
v 3.1106673000000002 1.2484669500000003 -1.36149885
v 2.9948679 1.1726406 -1.36149885
v 2.9948679 1.1726406 -2.2825674
v 3.1201992 1.12710105 -1.36149885
v 3.1201992 1.12710105 -2.2825674
v -2.37991365 0.4897206 1.9975576499999999
v -1.4102235 0.4897206 1.9975576499999999
v -0.9497785499999999 0.4897206 1.9975576499999999
v -2.56117815 0.98962065 1.9975576499999999
v -1.6447616999999999 1.0611747 1.9975576499999999
v -0.9497781000000001 1.0492492500000001 1.9975576499999999
v 1.96388595 0.4897206 1.9975576499999999
v 2.0235141000000003 1.0969519500000002 1.9975576499999999
v -3.0358259999999997 0.533448 1.9975576499999999
v -3.03025455 0.81471105 1.9975576499999999
v 3.01732065 0.6566800500000001 1.9975576499999999
v 2.8424106000000005 0.9776952000000002 1.9975576499999999
v -2.37991365 0.4897206 2.10407715
v -1.4102235 0.4897206 2.10407715
v -0.9497785499999999 0.4897206 2.10407715
v -2.56117815 0.98962065 2.10407715
v -1.6447616999999999 1.0611747 2.10407715
v -0.9497781000000001 1.0492492500000001 2.10407715
v 1.96388595 0.4897206 2.10407715
v 2.0235141000000003 1.0969519500000002 2.10407715
v -3.0358259999999997 0.533448 2.10407715
v -3.03025455 0.81471105 2.10407715
v 3.01732065 0.6566800500000001 2.10407715
v 2.8424106000000005 0.9776952000000002 2.10407715
v -2.37991365 0.4897206 -2.06063505
v -1.4102235 0.4897206 -2.06063505
v -0.9497785499999999 0.4897206 -2.06063505
v -2.56117815 0.98962065 -2.06063505
v -1.6447616999999999 1.0611747 -2.06063505
v -0.9497781000000001 1.0492492500000001 -2.06063505
v 1.96388595 0.4897206 -2.06063505
v 2.0235141000000003 1.0969519500000002 -2.06063505
v -3.0358259999999997 0.533448 -2.06063505
v -3.03025455 0.81471105 -2.06063505
v 3.01732065 0.6566800500000001 -2.06063505
v 2.8424106000000005 0.9776952000000002 -2.06063505
v -2.37991365 0.4897206 -2.1671545500000002
v -1.4102235 0.4897206 -2.1671545500000002
v -0.9497785499999999 0.4897206 -2.1671545500000002
v -2.56117815 0.98962065 -2.1671545500000002
v -1.6447616999999999 1.0611747 -2.1671545500000002
v -0.9497781000000001 1.0492492500000001 -2.1671545500000002
v 1.96388595 0.4897206 -2.1671545500000002
v 2.0235141000000003 1.0969519500000002 -2.1671545500000002
v -3.0358259999999997 0.533448 -2.1671545500000002
v -3.03025455 0.81471105 -2.1671545500000002
v 3.01732065 0.6566800500000001 -2.1671545500000002
v 2.8424106000000005 0.9776952000000002 -2.1671545500000002
v 1.7285355 1.1021742 1.9795203
v 1.90557135 1.05473745 1.9795203
v 2.0351709000000002 0.9251379000000002 1.9795203
v 2.08260765 0.7481020500000001 1.9795203
v 2.0351709000000002 0.5710657499999999 1.9795203
v 1.90557135 0.44146620000000003 1.9795203
v 1.7285355 0.39402945 1.9795203
v 1.5514992 0.44146620000000003 1.9795203
v 1.42189965 0.5710653 1.9795203
v 1.3744629 0.7481016 1.9795203
v 1.42189965 0.9251379000000002 1.9795203
v 1.5514992 1.05473745 1.9795203
v 1.8809667 1.0121211 1.9795203
v 1.7285355 1.0529649 1.9795203
v 1.9925545500000001 0.9005332500000001 1.9795203
v 2.03339835 0.7481020500000001 1.9795203
v 1.9925545500000001 0.59566995 1.9795203
v 1.88096715 0.48408255 1.9795203
v 1.7285355 0.44323874999999996 1.9795203
v 1.57610385 0.48408255 1.9795203
v 1.4645160000000002 0.59566995 1.9795203
v 1.4236722 0.7481016 1.9795203
v 1.4645160000000002 0.9005332500000001 1.9795203
v 1.5761034 1.0121211 1.9795203
v 1.8809667 1.0121211 1.9304109
v 1.7285355 1.0529649 1.9304109
v 1.9925545500000001 0.9005332500000001 1.9304109
v 2.03339835 0.7481020500000001 1.9304109
v 1.9925545500000001 0.59566995 1.9304109
v 1.88096715 0.48408255 1.9304109
v 1.7285355 0.44323874999999996 1.9304109
v 1.57610385 0.48408255 1.9304109
v 1.4645160000000002 0.59566995 1.9304109
v 1.4236722 0.7481016 1.9304109
v 1.4645160000000002 0.9005332500000001 1.9304109
v 1.5761034 1.0121211 1.9304109
v 1.8136989 0.89560935 1.9304109
v 1.7285355 0.9184288500000001 1.9304109
v 1.8760428 0.8332654500000001 1.9304109
v 1.89886275 0.7481020500000001 1.9304109
v 1.8760428 0.6629382 1.9304109
v 1.8136989 0.6005943 1.9304109
v 1.7285355 0.5777748 1.9304109
v 1.6433716500000002 0.6005943 1.9304109
v 1.58102775 0.6629382 1.9304109
v 1.55820825 0.7481016 1.9304109
v 1.58102775 0.8332654500000001 1.9304109
v 1.6433716500000002 0.89560935 1.9304109
v 1.8136989 0.89560935 1.9791067500000001
v 1.7285355 0.9184288500000001 1.9791067500000001
v 1.8760428 0.8332654500000001 1.9791067500000001
v 1.89886275 0.7481020500000001 1.9791067500000001
v 1.8760428 0.6629382 1.9791067500000001
v 1.8136989 0.6005943 1.9791067500000001
v 1.7285355 0.5777748 1.9791067500000001
v 1.6433716500000002 0.6005943 1.9791067500000001
v 1.58102775 0.6629382 1.9791067500000001
v 1.55820825 0.7481016 1.9791067500000001
v 1.58102775 0.8332654500000001 1.9791067500000001
v 1.6433716500000002 0.89560935 1.9791067500000001
v 1.7285355 1.1021742 1.4984586
v 1.90557135 1.05473745 1.4984586
v 2.0351709000000002 0.9251379000000002 1.4984586
v 2.08260765 0.7481020500000001 1.4984586
v 2.0351709000000002 0.5710657499999999 1.4984586
v 1.90557135 0.44146620000000003 1.4984586
v 1.7285355 0.39402945 1.4984586
v 1.5514992 0.44146620000000003 1.4984586
v 1.42189965 0.5710653 1.4984586
v 1.3744629 0.7481016 1.4984586
v 1.42189965 0.9251379000000002 1.4984586
v 1.5514992 1.05473745 1.4984586
v 1.8809667 1.0121211 1.4984586
v 1.7285355 1.0529649 1.4984586
v 1.9925545500000001 0.9005332500000001 1.4984586
v 2.03339835 0.7481020500000001 1.4984586
v 1.9925545500000001 0.59566995 1.4984586
v 1.88096715 0.48408255 1.4984586
v 1.7285355 0.44323874999999996 1.4984586
v 1.57610385 0.48408255 1.4984586
v 1.4645160000000002 0.59566995 1.4984586
v 1.4236722 0.7481016 1.4984586
v 1.4645160000000002 0.9005332500000001 1.4984586
v 1.5761034 1.0121211 1.4984586
v 1.8809667 1.0121211 1.547568
v 1.7285355 1.0529649 1.547568
v 1.9925545500000001 0.9005332500000001 1.547568
v 2.03339835 0.7481020500000001 1.547568
v 1.9925545500000001 0.59566995 1.547568
v 1.88096715 0.48408255 1.547568
v 1.7285355 0.44323874999999996 1.547568
v 1.57610385 0.48408255 1.547568
v 1.4645160000000002 0.59566995 1.547568
v 1.4236722 0.7481016 1.547568
v 1.4645160000000002 0.9005332500000001 1.547568
v 1.5761034 1.0121211 1.547568
v 1.8136989 0.89560935 1.547568
v 1.7285355 0.9184288500000001 1.547568
v 1.8760428 0.8332654500000001 1.547568
v 1.89886275 0.7481020500000001 1.547568
v 1.8760428 0.6629382 1.547568
v 1.8136989 0.6005943 1.547568
v 1.7285355 0.5777748 1.547568
v 1.6433716500000002 0.6005943 1.547568
v 1.58102775 0.6629382 1.547568
v 1.55820825 0.7481016 1.547568
v 1.58102775 0.8332654500000001 1.547568
v 1.6433716500000002 0.89560935 1.547568
v 1.8136989 0.89560935 1.4988721500000002
v 1.7285355 0.9184288500000001 1.4988721500000002
v 1.8760428 0.8332654500000001 1.4988721500000002
v 1.89886275 0.7481020500000001 1.4988721500000002
v 1.8760428 0.6629382 1.4988721500000002
v 1.8136989 0.6005943 1.4988721500000002
v 1.7285355 0.5777748 1.4988721500000002
v 1.6433716500000002 0.6005943 1.4988721500000002
v 1.58102775 0.6629382 1.4988721500000002
v 1.55820825 0.7481016 1.4988721500000002
v 1.58102775 0.8332654500000001 1.4988721500000002
v 1.6433716500000002 0.89560935 1.4988721500000002
v 0.5955039 1.1021742 1.9795203
v 0.7725402 1.05473745 1.9795203
v 0.9021397499999999 0.9251379000000002 1.9795203
v 0.94957605 0.7481020500000001 1.9795203
v 0.9021397499999999 0.5710657499999999 1.9795203
v 0.7725402 0.44146620000000003 1.9795203
v 0.5955039 0.39402945 1.9795203
v 0.4184676 0.44146620000000003 1.9795203
v 0.28886850000000003 0.5710653 1.9795203
v 0.24143175 0.7481016 1.9795203
v 0.28886805 0.9251379000000002 1.9795203
v 0.4184676 1.05473745 1.9795203
v 0.74793555 1.0121211 1.9795203
v 0.5955039 1.0529649 1.9795203
v 0.8595234 0.9005332500000001 1.9795203
v 0.9003672 0.7481020500000001 1.9795203
v 0.8595234 0.59566995 1.9795203
v 0.74793555 0.48408255 1.9795203
v 0.5955039 0.44323874999999996 1.9795203
v 0.44307225 0.48408255 1.9795203
v 0.33148485 0.59566995 1.9795203
v 0.2906406 0.7481016 1.9795203
v 0.3314844 0.9005332500000001 1.9795203
v 0.44307225 1.0121211 1.9795203
v 0.74793555 1.0121211 1.9304109
v 0.5955039 1.0529649 1.9304109
v 0.8595234 0.9005332500000001 1.9304109
v 0.9003672 0.7481020500000001 1.9304109
v 0.8595234 0.59566995 1.9304109
v 0.74793555 0.48408255 1.9304109
v 0.5955039 0.44323874999999996 1.9304109
v 0.44307225 0.48408255 1.9304109
v 0.33148485 0.59566995 1.9304109
v 0.2906406 0.7481016 1.9304109
v 0.3314844 0.9005332500000001 1.9304109
v 0.44307225 1.0121211 1.9304109
v 0.6806673 0.89560935 1.9304109
v 0.5955039 0.9184288500000001 1.9304109
v 0.74301165 0.8332654500000001 1.9304109
v 0.76583115 0.7481020500000001 1.9304109
v 0.74301165 0.6629382 1.9304109
v 0.6806673 0.6005943 1.9304109
v 0.5955039 0.5777748 1.9304109
v 0.5103405000000001 0.6005943 1.9304109
v 0.44799615 0.6629382 1.9304109
v 0.42517665000000004 0.7481016 1.9304109
v 0.44799615 0.8332654500000001 1.9304109
v 0.5103400499999999 0.89560935 1.9304109
v 0.6806673 0.89560935 1.9791067500000001
v 0.5955039 0.9184288500000001 1.9791067500000001
v 0.74301165 0.8332654500000001 1.9791067500000001
v 0.76583115 0.7481020500000001 1.9791067500000001
v 0.74301165 0.6629382 1.9791067500000001
v 0.6806673 0.6005943 1.9791067500000001
v 0.5955039 0.5777748 1.9791067500000001
v 0.5103405000000001 0.6005943 1.9791067500000001
v 0.44799615 0.6629382 1.9791067500000001
v 0.42517665000000004 0.7481016 1.9791067500000001
v 0.44799615 0.8332654500000001 1.9791067500000001
v 0.5103400499999999 0.89560935 1.9791067500000001
v 0.5955039 1.1021742 1.4984586
v 0.7725402 1.05473745 1.4984586
v 0.9021397499999999 0.9251379000000002 1.4984586
v 0.94957605 0.7481020500000001 1.4984586
v 0.9021397499999999 0.5710657499999999 1.4984586
v 0.7725402 0.44146620000000003 1.4984586
v 0.5955039 0.39402945 1.4984586
v 0.4184676 0.44146620000000003 1.4984586
v 0.28886850000000003 0.5710653 1.4984586
v 0.24143175 0.7481016 1.4984586
v 0.28886805 0.9251379000000002 1.4984586
v 0.4184676 1.05473745 1.4984586
v 0.74793555 1.0121211 1.4984586
v 0.5955039 1.0529649 1.4984586
v 0.8595234 0.9005332500000001 1.4984586
v 0.9003672 0.7481020500000001 1.4984586
v 0.8595234 0.59566995 1.4984586
v 0.74793555 0.48408255 1.4984586
v 0.5955039 0.44323874999999996 1.4984586
v 0.44307225 0.48408255 1.4984586
v 0.33148485 0.59566995 1.4984586
v 0.2906406 0.7481016 1.4984586
v 0.3314844 0.9005332500000001 1.4984586
v 0.44307225 1.0121211 1.4984586
v 0.74793555 1.0121211 1.547568
v 0.5955039 1.0529649 1.547568
v 0.8595234 0.9005332500000001 1.547568
v 0.9003672 0.7481020500000001 1.547568
v 0.8595234 0.59566995 1.547568
v 0.74793555 0.48408255 1.547568
v 0.5955039 0.44323874999999996 1.547568
v 0.44307225 0.48408255 1.547568
v 0.33148485 0.59566995 1.547568
v 0.2906406 0.7481016 1.547568
v 0.3314844 0.9005332500000001 1.547568
v 0.44307225 1.0121211 1.547568
v 0.6806673 0.89560935 1.547568
v 0.5955039 0.9184288500000001 1.547568
v 0.74301165 0.8332654500000001 1.547568
v 0.76583115 0.7481020500000001 1.547568
v 0.74301165 0.6629382 1.547568
v 0.6806673 0.6005943 1.547568
v 0.5955039 0.5777748 1.547568
v 0.5103405000000001 0.6005943 1.547568
v 0.44799615 0.6629382 1.547568
v 0.42517665000000004 0.7481016 1.547568
v 0.44799615 0.8332654500000001 1.547568
v 0.5103400499999999 0.89560935 1.547568
v 0.6806673 0.89560935 1.4988721500000002
v 0.5955039 0.9184288500000001 1.4988721500000002
v 0.74301165 0.8332654500000001 1.4988721500000002
v 0.76583115 0.7481020500000001 1.4988721500000002
v 0.74301165 0.6629382 1.4988721500000002
v 0.6806673 0.6005943 1.4988721500000002
v 0.5955039 0.5777748 1.4988721500000002
v 0.5103405000000001 0.6005943 1.4988721500000002
v 0.44799615 0.6629382 1.4988721500000002
v 0.42517665000000004 0.7481016 1.4988721500000002
v 0.44799615 0.8332654500000001 1.4988721500000002
v 0.5103400499999999 0.89560935 1.4988721500000002
v -0.5375277 1.1021742 1.9795203
v -0.3604914 1.05473745 1.9795203
v -0.23089185 0.9251379000000002 1.9795203
v -0.1834551 0.7481020500000001 1.9795203
v -0.23089185 0.5710657499999999 1.9795203
v -0.3604914 0.44146620000000003 1.9795203
v -0.5375277 0.39402945 1.9795203
v -0.71456355 0.44146620000000003 1.9795203
v -0.8441631 0.5710653 1.9795203
v -0.89159985 0.7481016 1.9795203
v -0.84416355 0.9251379000000002 1.9795203
v -0.714564 1.05473745 1.9795203
v -0.38509605 1.0121211 1.9795203
v -0.5375277 1.0529649 1.9795203
v -0.27350820000000003 0.9005332500000001 1.9795203
v -0.23266440000000002 0.7481020500000001 1.9795203
v -0.27350820000000003 0.59566995 1.9795203
v -0.38509605 0.48408255 1.9795203
v -0.5375277 0.44323874999999996 1.9795203
v -0.6899589 0.48408255 1.9795203
v -0.80154675 0.59566995 1.9795203
v -0.842391 0.7481016 1.9795203
v -0.8015472 0.9005332500000001 1.9795203
v -0.68995935 1.0121211 1.9795203
v -0.38509605 1.0121211 1.9304109
v -0.5375277 1.0529649 1.9304109
v -0.27350820000000003 0.9005332500000001 1.9304109
v -0.23266440000000002 0.7481020500000001 1.9304109
v -0.27350820000000003 0.59566995 1.9304109
v -0.38509605 0.48408255 1.9304109
v -0.5375277 0.44323874999999996 1.9304109
v -0.6899589 0.48408255 1.9304109
v -0.80154675 0.59566995 1.9304109
v -0.842391 0.7481016 1.9304109
v -0.8015472 0.9005332500000001 1.9304109
v -0.68995935 1.0121211 1.9304109
v -0.45236430000000005 0.89560935 1.9304109
v -0.5375277 0.9184288500000001 1.9304109
v -0.39001995 0.8332654500000001 1.9304109
v -0.36720045 0.7481020500000001 1.9304109
v -0.39001995 0.6629382 1.9304109
v -0.45236430000000005 0.6005943 1.9304109
v -0.5375277 0.5777748 1.9304109
v -0.6226911 0.6005943 1.9304109
v -0.68503545 0.6629382 1.9304109
v -0.7078545 0.7481016 1.9304109
v -0.68503545 0.8332654500000001 1.9304109
v -0.6226911 0.89560935 1.9304109
v -0.45236430000000005 0.89560935 1.9791067500000001
v -0.5375277 0.9184288500000001 1.9791067500000001
v -0.39001995 0.8332654500000001 1.9791067500000001
v -0.36720045 0.7481020500000001 1.9791067500000001
v -0.39001995 0.6629382 1.9791067500000001
v -0.45236430000000005 0.6005943 1.9791067500000001
v -0.5375277 0.5777748 1.9791067500000001
v -0.6226911 0.6005943 1.9791067500000001
v -0.68503545 0.6629382 1.9791067500000001
v -0.7078545 0.7481016 1.9791067500000001
v -0.68503545 0.8332654500000001 1.9791067500000001
v -0.6226911 0.89560935 1.9791067500000001
v -0.5375277 1.1021742 1.4984586
v -0.3604914 1.05473745 1.4984586
v -0.23089185 0.9251379000000002 1.4984586
v -0.1834551 0.7481020500000001 1.4984586
v -0.23089185 0.5710657499999999 1.4984586
v -0.3604914 0.44146620000000003 1.4984586
v -0.5375277 0.39402945 1.4984586
v -0.71456355 0.44146620000000003 1.4984586
v -0.8441631 0.5710653 1.4984586
v -0.89159985 0.7481016 1.4984586
v -0.84416355 0.9251379000000002 1.4984586
v -0.714564 1.05473745 1.4984586
v -0.38509605 1.0121211 1.4984586
v -0.5375277 1.0529649 1.4984586
v -0.27350820000000003 0.9005332500000001 1.4984586
v -0.23266440000000002 0.7481020500000001 1.4984586
v -0.27350820000000003 0.59566995 1.4984586
v -0.38509605 0.48408255 1.4984586
v -0.5375277 0.44323874999999996 1.4984586
v -0.6899589 0.48408255 1.4984586
v -0.80154675 0.59566995 1.4984586
v -0.842391 0.7481016 1.4984586
v -0.8015472 0.9005332500000001 1.4984586
v -0.68995935 1.0121211 1.4984586
v -0.38509605 1.0121211 1.547568
v -0.5375277 1.0529649 1.547568
v -0.27350820000000003 0.9005332500000001 1.547568
v -0.23266440000000002 0.7481020500000001 1.547568
v -0.27350820000000003 0.59566995 1.547568
v -0.38509605 0.48408255 1.547568
v -0.5375277 0.44323874999999996 1.547568
v -0.6899589 0.48408255 1.547568
v -0.80154675 0.59566995 1.547568
v -0.842391 0.7481016 1.547568
v -0.8015472 0.9005332500000001 1.547568
v -0.68995935 1.0121211 1.547568
v -0.45236430000000005 0.89560935 1.547568
v -0.5375277 0.9184288500000001 1.547568
v -0.39001995 0.8332654500000001 1.547568
v -0.36720045 0.7481020500000001 1.547568
v -0.39001995 0.6629382 1.547568
v -0.45236430000000005 0.6005943 1.547568
v -0.5375277 0.5777748 1.547568
v -0.6226911 0.6005943 1.547568
v -0.68503545 0.6629382 1.547568
v -0.7078545 0.7481016 1.547568
v -0.68503545 0.8332654500000001 1.547568
v -0.6226911 0.89560935 1.547568
v -0.45236430000000005 0.89560935 1.4988721500000002
v -0.5375277 0.9184288500000001 1.4988721500000002
v -0.39001995 0.8332654500000001 1.4988721500000002
v -0.36720045 0.7481020500000001 1.4988721500000002
v -0.39001995 0.6629382 1.4988721500000002
v -0.45236430000000005 0.6005943 1.4988721500000002
v -0.5375277 0.5777748 1.4988721500000002
v -0.6226911 0.6005943 1.4988721500000002
v -0.68503545 0.6629382 1.4988721500000002
v -0.7078545 0.7481016 1.4988721500000002
v -0.68503545 0.8332654500000001 1.4988721500000002
v -0.6226911 0.89560935 1.4988721500000002
v -1.6705593 1.1021742 1.9795203
v -1.493523 1.05473745 1.9795203
v -1.36392345 0.9251379000000002 1.9795203
v -1.3164867 0.7481020500000001 1.9795203
v -1.36392345 0.5710657499999999 1.9795203
v -1.493523 0.44146620000000003 1.9795203
v -1.6705593 0.39402945 1.9795203
v -1.84759515 0.44146620000000003 1.9795203
v -1.9771947 0.5710653 1.9795203
v -2.02463145 0.7481016 1.9795203
v -1.9771947 0.9251379000000002 1.9795203
v -1.8475956000000002 1.05473745 1.9795203
v -1.51812765 1.0121211 1.9795203
v -1.6705593 1.0529649 1.9795203
v -1.4065398 0.9005332500000001 1.9795203
v -1.365696 0.7481020500000001 1.9795203
v -1.4065398 0.59566995 1.9795203
v -1.51812765 0.48408255 1.9795203
v -1.6705593 0.44323874999999996 1.9795203
v -1.8229905000000002 0.48408255 1.9795203
v -1.9345783500000002 0.59566995 1.9795203
v -1.9754221500000002 0.7481016 1.9795203
v -1.9345788000000002 0.9005332500000001 1.9795203
v -1.8229909500000003 1.0121211 1.9795203
v -1.51812765 1.0121211 1.9304109
v -1.6705593 1.0529649 1.9304109
v -1.4065398 0.9005332500000001 1.9304109
v -1.365696 0.7481020500000001 1.9304109
v -1.4065398 0.59566995 1.9304109
v -1.51812765 0.48408255 1.9304109
v -1.6705593 0.44323874999999996 1.9304109
v -1.8229905000000002 0.48408255 1.9304109
v -1.9345783500000002 0.59566995 1.9304109
v -1.9754221500000002 0.7481016 1.9304109
v -1.9345788000000002 0.9005332500000001 1.9304109
v -1.8229909500000003 1.0121211 1.9304109
v -1.58539545 0.89560935 1.9304109
v -1.6705593 0.9184288500000001 1.9304109
v -1.52305155 0.8332654500000001 1.9304109
v -1.50023205 0.7481020500000001 1.9304109
v -1.52305155 0.6629382 1.9304109
v -1.58539545 0.6005943 1.9304109
v -1.6705593 0.5777748 1.9304109
v -1.7557227000000002 0.6005943 1.9304109
v -1.8180670500000002 0.6629382 1.9304109
v -1.8408861 0.7481016 1.9304109
v -1.8180670500000002 0.8332654500000001 1.9304109
v -1.7557227000000002 0.89560935 1.9304109
v -1.58539545 0.89560935 1.9791067500000001
v -1.6705593 0.9184288500000001 1.9791067500000001
v -1.52305155 0.8332654500000001 1.9791067500000001
v -1.50023205 0.7481020500000001 1.9791067500000001
v -1.52305155 0.6629382 1.9791067500000001
v -1.58539545 0.6005943 1.9791067500000001
v -1.6705593 0.5777748 1.9791067500000001
v -1.7557227000000002 0.6005943 1.9791067500000001
v -1.8180670500000002 0.6629382 1.9791067500000001
v -1.8408861 0.7481016 1.9791067500000001
v -1.8180670500000002 0.8332654500000001 1.9791067500000001
v -1.7557227000000002 0.89560935 1.9791067500000001
v -1.6705593 1.1021742 1.4984586
v -1.493523 1.05473745 1.4984586
v -1.36392345 0.9251379000000002 1.4984586
v -1.3164867 0.7481020500000001 1.4984586
v -1.36392345 0.5710657499999999 1.4984586
v -1.493523 0.44146620000000003 1.4984586
v -1.6705593 0.39402945 1.4984586
v -1.84759515 0.44146620000000003 1.4984586
v -1.9771947 0.5710653 1.4984586
v -2.02463145 0.7481016 1.4984586
v -1.9771947 0.9251379000000002 1.4984586
v -1.8475956000000002 1.05473745 1.4984586
v -1.51812765 1.0121211 1.4984586
v -1.6705593 1.0529649 1.4984586
v -1.4065398 0.9005332500000001 1.4984586
v -1.365696 0.7481020500000001 1.4984586
v -1.4065398 0.59566995 1.4984586
v -1.51812765 0.48408255 1.4984586
v -1.6705593 0.44323874999999996 1.4984586
v -1.8229905000000002 0.48408255 1.4984586
v -1.9345783500000002 0.59566995 1.4984586
v -1.9754221500000002 0.7481016 1.4984586
v -1.9345788000000002 0.9005332500000001 1.4984586
v -1.8229909500000003 1.0121211 1.4984586
v -1.51812765 1.0121211 1.547568
v -1.6705593 1.0529649 1.547568
v -1.4065398 0.9005332500000001 1.547568
v -1.365696 0.7481020500000001 1.547568
v -1.4065398 0.59566995 1.547568
v -1.51812765 0.48408255 1.547568
v -1.6705593 0.44323874999999996 1.547568
v -1.8229905000000002 0.48408255 1.547568
v -1.9345783500000002 0.59566995 1.547568
v -1.9754221500000002 0.7481016 1.547568
v -1.9345788000000002 0.9005332500000001 1.547568
v -1.8229909500000003 1.0121211 1.547568
v -1.58539545 0.89560935 1.547568
v -1.6705593 0.9184288500000001 1.547568
v -1.52305155 0.8332654500000001 1.547568
v -1.50023205 0.7481020500000001 1.547568
v -1.52305155 0.6629382 1.547568
v -1.58539545 0.6005943 1.547568
v -1.6705593 0.5777748 1.547568
v -1.7557227000000002 0.6005943 1.547568
v -1.8180670500000002 0.6629382 1.547568
v -1.8408861 0.7481016 1.547568
v -1.8180670500000002 0.8332654500000001 1.547568
v -1.7557227000000002 0.89560935 1.547568
v -1.58539545 0.89560935 1.4988721500000002
v -1.6705593 0.9184288500000001 1.4988721500000002
v -1.52305155 0.8332654500000001 1.4988721500000002
v -1.50023205 0.7481020500000001 1.4988721500000002
v -1.52305155 0.6629382 1.4988721500000002
v -1.58539545 0.6005943 1.4988721500000002
v -1.6705593 0.5777748 1.4988721500000002
v -1.7557227000000002 0.6005943 1.4988721500000002
v -1.8180670500000002 0.6629382 1.4988721500000002
v -1.8408861 0.7481016 1.4988721500000002
v -1.8180670500000002 0.8332654500000001 1.4988721500000002
v -1.7557227000000002 0.89560935 1.4988721500000002
v 2.6249508 1.04478165 1.9729881
v 2.8019875499999998 0.9973449000000002 1.9729881
v 2.93158665 0.86774535 1.9729881
v 2.9790234 0.69070905 1.9729881
v 2.93158665 0.51367275 1.9729881
v 2.8019875499999998 0.38407365 1.9729881
v 2.6249508 0.3366369 1.9729881
v 2.44791495 0.38407319999999995 1.9729881
v 2.31831585 0.51367275 1.9729881
v 2.2708786499999998 0.69070905 1.9729881
v 2.3183154 0.86774535 1.9729881
v 2.4479145 0.9973444500000002 1.9729881
v 2.7773824499999997 0.9547281000000001 1.9729881
v 2.6249508 0.99557235 1.9729881
v 2.8889703 0.8431407 1.9729881
v 2.9298140999999998 0.69070905 1.9729881
v 2.8889703 0.5382774 1.9729881
v 2.7773824499999997 0.42668999999999996 1.9729881
v 2.6249508 0.38584575 1.9729881
v 2.4725196 0.42668999999999996 1.9729881
v 2.3609317499999998 0.5382774 1.9729881
v 2.3200879500000005 0.69070905 1.9729881
v 2.3609313000000003 0.8431407 1.9729881
v 2.47251915 0.9547281000000001 1.9729881
v 2.7773824499999997 0.9547281000000001 1.9238787000000002
v 2.6249508 0.99557235 1.9238787000000002
v 2.8889703 0.8431407 1.9238787000000002
v 2.9298140999999998 0.69070905 1.9238787000000002
v 2.8889703 0.5382774 1.9238787000000002
v 2.7773824499999997 0.42668999999999996 1.9238787000000002
v 2.6249508 0.38584575 1.9238787000000002
v 2.4725196 0.42668999999999996 1.9238787000000002
v 2.3609317499999998 0.5382774 1.9238787000000002
v 2.3200879500000005 0.69070905 1.9238787000000002
v 2.3609313000000003 0.8431407 1.9238787000000002
v 2.47251915 0.9547281000000001 1.9238787000000002
v 2.7101146500000004 0.8382168 1.9238787000000002
v 2.6249508 0.8610363 1.9238787000000002
v 2.77245855 0.7758729 1.9238787000000002
v 2.7952785 0.69070905 1.9238787000000002
v 2.77245855 0.6055456499999999 1.9238787000000002
v 2.7101146500000004 0.54320175 1.9238787000000002
v 2.6249508 0.5203822499999999 1.9238787000000002
v 2.5397874 0.54320175 1.9238787000000002
v 2.4774434999999997 0.6055456499999999 1.9238787000000002
v 2.454624 0.69070905 1.9238787000000002
v 2.4774434999999997 0.77587245 1.9238787000000002
v 2.5397874 0.8382168 1.9238787000000002
v 2.7101146500000004 0.8382168 1.972575
v 2.6249508 0.8610363 1.972575
v 2.77245855 0.7758729 1.972575
v 2.7952785 0.69070905 1.972575
v 2.77245855 0.6055456499999999 1.972575
v 2.7101146500000004 0.54320175 1.972575
v 2.6249508 0.5203822499999999 1.972575
v 2.5397874 0.54320175 1.972575
v 2.4774434999999997 0.6055456499999999 1.972575
v 2.454624 0.69070905 1.972575
v 2.4774434999999997 0.77587245 1.972575
v 2.5397874 0.8382168 1.972575
v 2.6249508 1.04478165 1.3895905499999999
v 2.8019875499999998 0.9973449000000002 1.3895905499999999
v 2.93158665 0.86774535 1.3895905499999999
v 2.9790234 0.69070905 1.3895905499999999
v 2.93158665 0.51367275 1.3895905499999999
v 2.8019875499999998 0.38407365 1.3895905499999999
v 2.6249508 0.3366369 1.3895905499999999
v 2.44791495 0.38407365 1.3895905499999999
v 2.31831585 0.51367275 1.3895905499999999
v 2.2708786499999998 0.69070905 1.3895905499999999
v 2.3183154 0.86774535 1.3895905499999999
v 2.4479145 0.9973449000000002 1.3895905499999999
v 2.7773824499999997 0.9547285500000002 1.3895905499999999
v 2.6249508 0.99557235 1.3895905499999999
v 2.8889703 0.8431407 1.3895905499999999
v 2.9298140999999998 0.69070905 1.3895905499999999
v 2.8889703 0.5382774 1.3895905499999999
v 2.7773824499999997 0.42668999999999996 1.3895905499999999
v 2.6249508 0.38584575 1.3895905499999999
v 2.4725196 0.42668999999999996 1.3895905499999999
v 2.3609317499999998 0.5382774 1.3895905499999999
v 2.3200879500000005 0.69070905 1.3895905499999999
v 2.3609313000000003 0.8431407 1.3895905499999999
v 2.47251915 0.9547281000000001 1.3895905499999999
v 2.7773824499999997 0.9547285500000002 1.43869995
v 2.6249508 0.99557235 1.43869995
v 2.8889703 0.8431407 1.43869995
v 2.9298140999999998 0.69070905 1.43869995
v 2.8889703 0.5382774 1.43869995
v 2.7773824499999997 0.42668999999999996 1.43869995
v 2.6249508 0.38584575 1.43869995
v 2.4725196 0.42668999999999996 1.43869995
v 2.3609317499999998 0.5382774 1.43869995
v 2.3200879500000005 0.69070905 1.43869995
v 2.3609313000000003 0.8431407 1.43869995
v 2.47251915 0.9547281000000001 1.43869995
v 2.7101146500000004 0.8382168 1.43869995
v 2.6249508 0.8610363 1.43869995
v 2.77245855 0.7758729 1.43869995
v 2.7952785 0.69070905 1.43869995
v 2.77245855 0.6055456499999999 1.43869995
v 2.7101146500000004 0.54320175 1.43869995
v 2.6249508 0.5203822499999999 1.43869995
v 2.5397874 0.54320175 1.43869995
v 2.4774434999999997 0.6055456499999999 1.43869995
v 2.454624 0.69070905 1.43869995
v 2.4774434999999997 0.77587245 1.43869995
v 2.5397874 0.8382168 1.43869995
v 2.7101146500000004 0.8382168 1.3900041
v 2.6249508 0.8610363 1.3900041
v 2.77245855 0.7758729 1.3900041
v 2.7952785 0.69070905 1.3900041
v 2.77245855 0.6055456499999999 1.3900041
v 2.7101146500000004 0.54320175 1.3900041
v 2.6249508 0.5203822499999999 1.3900041
v 2.5397874 0.54320175 1.3900041
v 2.4774434999999997 0.6055456499999999 1.3900041
v 2.454624 0.69070905 1.3900041
v 2.4774434999999997 0.77587245 1.3900041
v 2.5397874 0.8382168 1.3900041
v -2.6472420000000003 1.04478165 1.9729881
v -2.47020615 0.9973449000000002 1.9729881
v -2.3406066 0.86774535 1.9729881
v -2.29316985 0.69070905 1.9729881
v -2.3406066 0.51367275 1.9729881
v -2.47020615 0.38407365 1.9729881
v -2.6472420000000003 0.3366369 1.9729881
v -2.8242783 0.38407319999999995 1.9729881
v -2.95387785 0.51367275 1.9729881
v -3.0013146 0.69070905 1.9729881
v -2.95387785 0.86774535 1.9729881
v -2.8242787500000004 0.9973444500000002 1.9729881
v -2.4948108 0.9547281000000001 1.9729881
v -2.6472420000000003 0.99557235 1.9729881
v -2.3832229500000004 0.8431407 1.9729881
v -2.34237915 0.69070905 1.9729881
v -2.3832229500000004 0.5382774 1.9729881
v -2.4948103500000003 0.42668999999999996 1.9729881
v -2.6472420000000003 0.38584575 1.9729881
v -2.7996736500000003 0.42668999999999996 1.9729881
v -2.9112615 0.5382774 1.9729881
v -2.9521053000000004 0.69070905 1.9729881
v -2.9112615 0.8431407 1.9729881
v -2.7996741000000003 0.9547281000000001 1.9729881
v -2.4948108 0.9547281000000001 1.9238787000000002
v -2.6472420000000003 0.99557235 1.9238787000000002
v -2.3832229500000004 0.8431407 1.9238787000000002
v -2.34237915 0.69070905 1.9238787000000002
v -2.3832229500000004 0.5382774 1.9238787000000002
v -2.4948103500000003 0.42668999999999996 1.9238787000000002
v -2.6472420000000003 0.38584575 1.9238787000000002
v -2.7996736500000003 0.42668999999999996 1.9238787000000002
v -2.9112615 0.5382774 1.9238787000000002
v -2.9521053000000004 0.69070905 1.9238787000000002
v -2.9112615 0.8431407 1.9238787000000002
v -2.7996741000000003 0.9547281000000001 1.9238787000000002
v -2.5620786 0.8382168 1.9238787000000002
v -2.6472420000000003 0.8610363 1.9238787000000002
v -2.49973425 0.7758729 1.9238787000000002
v -2.4769152 0.69070905 1.9238787000000002
v -2.49973425 0.6055456499999999 1.9238787000000002
v -2.5620786 0.54320175 1.9238787000000002
v -2.6472420000000003 0.5203822499999999 1.9238787000000002
v -2.7324054 0.54320175 1.9238787000000002
v -2.7947497500000003 0.6055456499999999 1.9238787000000002
v -2.81756925 0.69070905 1.9238787000000002
v -2.7947497500000003 0.77587245 1.9238787000000002
v -2.7324054 0.8382168 1.9238787000000002
v -2.5620786 0.8382168 1.972575
v -2.6472420000000003 0.8610363 1.972575
v -2.49973425 0.7758729 1.972575
v -2.4769152 0.69070905 1.972575
v -2.49973425 0.6055456499999999 1.972575
v -2.5620786 0.54320175 1.972575
v -2.6472420000000003 0.5203822499999999 1.972575
v -2.7324054 0.54320175 1.972575
v -2.7947497500000003 0.6055456499999999 1.972575
v -2.81756925 0.69070905 1.972575
v -2.7947497500000003 0.77587245 1.972575
v -2.7324054 0.8382168 1.972575
v -2.6472420000000003 1.04478165 1.3895905499999999
v -2.47020615 0.9973449000000002 1.3895905499999999
v -2.3406066 0.86774535 1.3895905499999999
v -2.29316985 0.69070905 1.3895905499999999
v -2.3406066 0.51367275 1.3895905499999999
v -2.47020615 0.38407365 1.3895905499999999
v -2.6472420000000003 0.3366369 1.3895905499999999
v -2.8242783 0.38407365 1.3895905499999999
v -2.95387785 0.51367275 1.3895905499999999
v -3.0013146 0.69070905 1.3895905499999999
v -2.95387785 0.86774535 1.3895905499999999
v -2.8242787500000004 0.9973449000000002 1.3895905499999999
v -2.4948108 0.9547285500000002 1.3895905499999999
v -2.6472420000000003 0.99557235 1.3895905499999999
v -2.3832229500000004 0.8431407 1.3895905499999999
v -2.34237915 0.69070905 1.3895905499999999
v -2.3832229500000004 0.5382774 1.3895905499999999
v -2.4948103500000003 0.42668999999999996 1.3895905499999999
v -2.6472420000000003 0.38584575 1.3895905499999999
v -2.7996736500000003 0.42668999999999996 1.3895905499999999
v -2.9112615 0.5382774 1.3895905499999999
v -2.9521053000000004 0.69070905 1.3895905499999999
v -2.9112615 0.8431407 1.3895905499999999
v -2.7996741000000003 0.9547281000000001 1.3895905499999999
v -2.4948108 0.9547285500000002 1.43869995
v -2.6472420000000003 0.99557235 1.43869995
v -2.3832229500000004 0.8431407 1.43869995
v -2.34237915 0.69070905 1.43869995
v -2.3832229500000004 0.5382774 1.43869995
v -2.4948103500000003 0.42668999999999996 1.43869995
v -2.6472420000000003 0.38584575 1.43869995
v -2.7996736500000003 0.42668999999999996 1.43869995
v -2.9112615 0.5382774 1.43869995
v -2.9521053000000004 0.69070905 1.43869995
v -2.9112615 0.8431407 1.43869995
v -2.7996741000000003 0.9547281000000001 1.43869995
v -2.5620786 0.8382168 1.43869995
v -2.6472420000000003 0.8610363 1.43869995
v -2.49973425 0.7758729 1.43869995
v -2.4769152 0.69070905 1.43869995
v -2.49973425 0.6055456499999999 1.43869995
v -2.5620786 0.54320175 1.43869995
v -2.6472420000000003 0.5203822499999999 1.43869995
v -2.7324054 0.54320175 1.43869995
v -2.7947497500000003 0.6055456499999999 1.43869995
v -2.81756925 0.69070905 1.43869995
v -2.7947497500000003 0.77587245 1.43869995
v -2.7324054 0.8382168 1.43869995
v -2.5620786 0.8382168 1.3900041
v -2.6472420000000003 0.8610363 1.3900041
v -2.49973425 0.7758729 1.3900041
v -2.4769152 0.69070905 1.3900041
v -2.49973425 0.6055456499999999 1.3900041
v -2.5620786 0.54320175 1.3900041
v -2.6472420000000003 0.5203822499999999 1.3900041
v -2.7324054 0.54320175 1.3900041
v -2.7947497500000003 0.6055456499999999 1.3900041
v -2.81756925 0.69070905 1.3900041
v -2.7947497500000003 0.77587245 1.3900041
v -2.7324054 0.8382168 1.3900041
v 1.7285355 1.1021742 -2.0425977000000004
v 1.90557135 1.05473745 -2.0425977000000004
v 2.0351709000000002 0.9251379000000002 -2.0425977000000004
v 2.08260765 0.7481020500000001 -2.0425977000000004
v 2.0351709000000002 0.5710657499999999 -2.0425977000000004
v 1.90557135 0.44146620000000003 -2.0425977000000004
v 1.7285355 0.39402945 -2.0425977000000004
v 1.5514992 0.44146620000000003 -2.0425977000000004
v 1.42189965 0.5710653 -2.0425977000000004
v 1.3744629 0.7481016 -2.0425977000000004
v 1.42189965 0.9251379000000002 -2.0425977000000004
v 1.5514992 1.05473745 -2.0425977000000004
v 1.8809667 1.0121211 -2.0425977000000004
v 1.7285355 1.0529649 -2.0425977000000004
v 1.9925545500000001 0.9005332500000001 -2.0425977000000004
v 2.03339835 0.7481020500000001 -2.0425977000000004
v 1.9925545500000001 0.59566995 -2.0425977000000004
v 1.88096715 0.48408255 -2.0425977000000004
v 1.7285355 0.44323874999999996 -2.0425977000000004
v 1.57610385 0.48408255 -2.0425977000000004
v 1.4645160000000002 0.59566995 -2.0425977000000004
v 1.4236722 0.7481016 -2.0425977000000004
v 1.4645160000000002 0.9005332500000001 -2.0425977000000004
v 1.5761034 1.0121211 -2.0425977000000004
v 1.8809667 1.0121211 -1.9934882999999999
v 1.7285355 1.0529649 -1.9934882999999999
v 1.9925545500000001 0.9005332500000001 -1.9934882999999999
v 2.03339835 0.7481020500000001 -1.9934882999999999
v 1.9925545500000001 0.59566995 -1.9934882999999999
v 1.88096715 0.48408255 -1.9934882999999999
v 1.7285355 0.44323874999999996 -1.9934882999999999
v 1.57610385 0.48408255 -1.9934882999999999
v 1.4645160000000002 0.59566995 -1.9934882999999999
v 1.4236722 0.7481016 -1.9934882999999999
v 1.4645160000000002 0.9005332500000001 -1.9934882999999999
v 1.5761034 1.0121211 -1.9934882999999999
v 1.8136989 0.89560935 -1.9934882999999999
v 1.7285355 0.9184288500000001 -1.9934882999999999
v 1.8760428 0.8332654500000001 -1.9934882999999999
v 1.89886275 0.7481020500000001 -1.9934882999999999
v 1.8760428 0.6629382 -1.9934882999999999
v 1.8136989 0.6005943 -1.9934882999999999
v 1.7285355 0.5777748 -1.9934882999999999
v 1.6433716500000002 0.6005943 -1.9934882999999999
v 1.58102775 0.6629382 -1.9934882999999999
v 1.55820825 0.7481016 -1.9934882999999999
v 1.58102775 0.8332654500000001 -1.9934882999999999
v 1.6433716500000002 0.89560935 -1.9934882999999999
v 1.8136989 0.89560935 -2.0421841499999998
v 1.7285355 0.9184288500000001 -2.0421841499999998
v 1.8760428 0.8332654500000001 -2.0421841499999998
v 1.89886275 0.7481020500000001 -2.0421841499999998
v 1.8760428 0.6629382 -2.0421841499999998
v 1.8136989 0.6005943 -2.0421841499999998
v 1.7285355 0.5777748 -2.0421841499999998
v 1.6433716500000002 0.6005943 -2.0421841499999998
v 1.58102775 0.6629382 -2.0421841499999998
v 1.55820825 0.7481016 -2.0421841499999998
v 1.58102775 0.8332654500000001 -2.0421841499999998
v 1.6433716500000002 0.89560935 -2.0421841499999998
v 1.7285355 1.1021742 -1.561536
v 1.90557135 1.05473745 -1.561536
v 2.0351709000000002 0.9251379000000002 -1.561536
v 2.08260765 0.7481020500000001 -1.561536
v 2.0351709000000002 0.5710657499999999 -1.561536
v 1.90557135 0.44146620000000003 -1.561536
v 1.7285355 0.39402945 -1.561536
v 1.5514992 0.44146620000000003 -1.561536
v 1.42189965 0.5710653 -1.561536
v 1.3744629 0.7481016 -1.561536
v 1.42189965 0.9251379000000002 -1.561536
v 1.5514992 1.05473745 -1.561536
v 1.8809667 1.0121211 -1.561536
v 1.7285355 1.0529649 -1.561536
v 1.9925545500000001 0.9005332500000001 -1.561536
v 2.03339835 0.7481020500000001 -1.561536
v 1.9925545500000001 0.59566995 -1.561536
v 1.88096715 0.48408255 -1.561536
v 1.7285355 0.44323874999999996 -1.561536
v 1.57610385 0.48408255 -1.561536
v 1.4645160000000002 0.59566995 -1.561536
v 1.4236722 0.7481016 -1.561536
v 1.4645160000000002 0.9005332500000001 -1.561536
v 1.5761034 1.0121211 -1.561536
v 1.8809667 1.0121211 -1.6106454000000001
v 1.7285355 1.0529649 -1.6106454000000001
v 1.9925545500000001 0.9005332500000001 -1.6106454000000001
v 2.03339835 0.7481020500000001 -1.6106454000000001
v 1.9925545500000001 0.59566995 -1.6106454000000001
v 1.88096715 0.48408255 -1.6106454000000001
v 1.7285355 0.44323874999999996 -1.6106454000000001
v 1.57610385 0.48408255 -1.6106454000000001
v 1.4645160000000002 0.59566995 -1.6106454000000001
v 1.4236722 0.7481016 -1.6106454000000001
v 1.4645160000000002 0.9005332500000001 -1.6106454000000001
v 1.5761034 1.0121211 -1.6106454000000001
v 1.8136989 0.89560935 -1.6106454000000001
v 1.7285355 0.9184288500000001 -1.6106454000000001
v 1.8760428 0.8332654500000001 -1.6106454000000001
v 1.89886275 0.7481020500000001 -1.6106454000000001
v 1.8760428 0.6629382 -1.6106454000000001
v 1.8136989 0.6005943 -1.6106454000000001
v 1.7285355 0.5777748 -1.6106454000000001
v 1.6433716500000002 0.6005943 -1.6106454000000001
v 1.58102775 0.6629382 -1.6106454000000001
v 1.55820825 0.7481016 -1.6106454000000001
v 1.58102775 0.8332654500000001 -1.6106454000000001
v 1.6433716500000002 0.89560935 -1.6106454000000001
v 1.8136989 0.89560935 -1.56194955
v 1.7285355 0.9184288500000001 -1.56194955
v 1.8760428 0.8332654500000001 -1.56194955
v 1.89886275 0.7481020500000001 -1.56194955
v 1.8760428 0.6629382 -1.56194955
v 1.8136989 0.6005943 -1.56194955
v 1.7285355 0.5777748 -1.56194955
v 1.6433716500000002 0.6005943 -1.56194955
v 1.58102775 0.6629382 -1.56194955
v 1.55820825 0.7481016 -1.56194955
v 1.58102775 0.8332654500000001 -1.56194955
v 1.6433716500000002 0.89560935 -1.56194955
v 0.5955039 1.1021742 -2.0425977000000004
v 0.7725402 1.05473745 -2.0425977000000004
v 0.9021397499999999 0.9251379000000002 -2.0425977000000004
v 0.94957605 0.7481020500000001 -2.0425977000000004
v 0.9021397499999999 0.5710657499999999 -2.0425977000000004
v 0.7725402 0.44146620000000003 -2.0425977000000004
v 0.5955039 0.39402945 -2.0425977000000004
v 0.4184676 0.44146620000000003 -2.0425977000000004
v 0.28886850000000003 0.5710653 -2.0425977000000004
v 0.24143175 0.7481016 -2.0425977000000004
v 0.28886805 0.9251379000000002 -2.0425977000000004
v 0.4184676 1.05473745 -2.0425977000000004
v 0.74793555 1.0121211 -2.0425977000000004
v 0.5955039 1.0529649 -2.0425977000000004
v 0.8595234 0.9005332500000001 -2.0425977000000004
v 0.9003672 0.7481020500000001 -2.0425977000000004
v 0.8595234 0.59566995 -2.0425977000000004
v 0.74793555 0.48408255 -2.0425977000000004
v 0.5955039 0.44323874999999996 -2.0425977000000004
v 0.44307225 0.48408255 -2.0425977000000004
v 0.33148485 0.59566995 -2.0425977000000004
v 0.2906406 0.7481016 -2.0425977000000004
v 0.3314844 0.9005332500000001 -2.0425977000000004
v 0.44307225 1.0121211 -2.0425977000000004
v 0.74793555 1.0121211 -1.9934882999999999
v 0.5955039 1.0529649 -1.9934882999999999
v 0.8595234 0.9005332500000001 -1.9934882999999999
v 0.9003672 0.7481020500000001 -1.9934882999999999
v 0.8595234 0.59566995 -1.9934882999999999
v 0.74793555 0.48408255 -1.9934882999999999
v 0.5955039 0.44323874999999996 -1.9934882999999999
v 0.44307225 0.48408255 -1.9934882999999999
v 0.33148485 0.59566995 -1.9934882999999999
v 0.2906406 0.7481016 -1.9934882999999999
v 0.3314844 0.9005332500000001 -1.9934882999999999
v 0.44307225 1.0121211 -1.9934882999999999
v 0.6806673 0.89560935 -1.9934882999999999
v 0.5955039 0.9184288500000001 -1.9934882999999999
v 0.74301165 0.8332654500000001 -1.9934882999999999
v 0.76583115 0.7481020500000001 -1.9934882999999999
v 0.74301165 0.6629382 -1.9934882999999999
v 0.6806673 0.6005943 -1.9934882999999999
v 0.5955039 0.5777748 -1.9934882999999999
v 0.5103405000000001 0.6005943 -1.9934882999999999
v 0.44799615 0.6629382 -1.9934882999999999
v 0.42517665000000004 0.7481016 -1.9934882999999999
v 0.44799615 0.8332654500000001 -1.9934882999999999
v 0.5103400499999999 0.89560935 -1.9934882999999999
v 0.6806673 0.89560935 -2.0421841499999998
v 0.5955039 0.9184288500000001 -2.0421841499999998
v 0.74301165 0.8332654500000001 -2.0421841499999998
v 0.76583115 0.7481020500000001 -2.0421841499999998
v 0.74301165 0.6629382 -2.0421841499999998
v 0.6806673 0.6005943 -2.0421841499999998
v 0.5955039 0.5777748 -2.0421841499999998
v 0.5103405000000001 0.6005943 -2.0421841499999998
v 0.44799615 0.6629382 -2.0421841499999998
v 0.42517665000000004 0.7481016 -2.0421841499999998
v 0.44799615 0.8332654500000001 -2.0421841499999998
v 0.5103400499999999 0.89560935 -2.0421841499999998
v 0.5955039 1.1021742 -1.561536
v 0.7725402 1.05473745 -1.561536
v 0.9021397499999999 0.9251379000000002 -1.561536
v 0.94957605 0.7481020500000001 -1.561536
v 0.9021397499999999 0.5710657499999999 -1.561536
v 0.7725402 0.44146620000000003 -1.561536
v 0.5955039 0.39402945 -1.561536
v 0.4184676 0.44146620000000003 -1.561536
v 0.28886850000000003 0.5710653 -1.561536
v 0.24143175 0.7481016 -1.561536
v 0.28886805 0.9251379000000002 -1.561536
v 0.4184676 1.05473745 -1.561536
v 0.74793555 1.0121211 -1.561536
v 0.5955039 1.0529649 -1.561536
v 0.8595234 0.9005332500000001 -1.561536
v 0.9003672 0.7481020500000001 -1.561536
v 0.8595234 0.59566995 -1.561536
v 0.74793555 0.48408255 -1.561536
v 0.5955039 0.44323874999999996 -1.561536
v 0.44307225 0.48408255 -1.561536
v 0.33148485 0.59566995 -1.561536
v 0.2906406 0.7481016 -1.561536
v 0.3314844 0.9005332500000001 -1.561536
v 0.44307225 1.0121211 -1.561536
v 0.74793555 1.0121211 -1.6106454000000001
v 0.5955039 1.0529649 -1.6106454000000001
v 0.8595234 0.9005332500000001 -1.6106454000000001
v 0.9003672 0.7481020500000001 -1.6106454000000001
v 0.8595234 0.59566995 -1.6106454000000001
v 0.74793555 0.48408255 -1.6106454000000001
v 0.5955039 0.44323874999999996 -1.6106454000000001
v 0.44307225 0.48408255 -1.6106454000000001
v 0.33148485 0.59566995 -1.6106454000000001
v 0.2906406 0.7481016 -1.6106454000000001
v 0.3314844 0.9005332500000001 -1.6106454000000001
v 0.44307225 1.0121211 -1.6106454000000001
v 0.6806673 0.89560935 -1.6106454000000001
v 0.5955039 0.9184288500000001 -1.6106454000000001
v 0.74301165 0.8332654500000001 -1.6106454000000001
v 0.76583115 0.7481020500000001 -1.6106454000000001
v 0.74301165 0.6629382 -1.6106454000000001
v 0.6806673 0.6005943 -1.6106454000000001
v 0.5955039 0.5777748 -1.6106454000000001
v 0.5103405000000001 0.6005943 -1.6106454000000001
v 0.44799615 0.6629382 -1.6106454000000001
v 0.42517665000000004 0.7481016 -1.6106454000000001
v 0.44799615 0.8332654500000001 -1.6106454000000001
v 0.5103400499999999 0.89560935 -1.6106454000000001
v 0.6806673 0.89560935 -1.56194955
v 0.5955039 0.9184288500000001 -1.56194955
v 0.74301165 0.8332654500000001 -1.56194955
v 0.76583115 0.7481020500000001 -1.56194955
v 0.74301165 0.6629382 -1.56194955
v 0.6806673 0.6005943 -1.56194955
v 0.5955039 0.5777748 -1.56194955
v 0.5103405000000001 0.6005943 -1.56194955
v 0.44799615 0.6629382 -1.56194955
v 0.42517665000000004 0.7481016 -1.56194955
v 0.44799615 0.8332654500000001 -1.56194955
v 0.5103400499999999 0.89560935 -1.56194955
v -0.5375277 1.1021742 -2.0425977000000004
v -0.3604914 1.05473745 -2.0425977000000004
v -0.23089185 0.9251379000000002 -2.0425977000000004
v -0.1834551 0.7481020500000001 -2.0425977000000004
v -0.23089185 0.5710657499999999 -2.0425977000000004
v -0.3604914 0.44146620000000003 -2.0425977000000004
v -0.5375277 0.39402945 -2.0425977000000004
v -0.71456355 0.44146620000000003 -2.0425977000000004
v -0.8441631 0.5710653 -2.0425977000000004
v -0.89159985 0.7481016 -2.0425977000000004
v -0.84416355 0.9251379000000002 -2.0425977000000004
v -0.714564 1.05473745 -2.0425977000000004
v -0.38509605 1.0121211 -2.0425977000000004
v -0.5375277 1.0529649 -2.0425977000000004
v -0.27350820000000003 0.9005332500000001 -2.0425977000000004
v -0.23266440000000002 0.7481020500000001 -2.0425977000000004
v -0.27350820000000003 0.59566995 -2.0425977000000004
v -0.38509605 0.48408255 -2.0425977000000004
v -0.5375277 0.44323874999999996 -2.0425977000000004
v -0.6899589 0.48408255 -2.0425977000000004
v -0.80154675 0.59566995 -2.0425977000000004
v -0.842391 0.7481016 -2.0425977000000004
v -0.8015472 0.9005332500000001 -2.0425977000000004
v -0.68995935 1.0121211 -2.0425977000000004
v -0.38509605 1.0121211 -1.9934882999999999
v -0.5375277 1.0529649 -1.9934882999999999
v -0.27350820000000003 0.9005332500000001 -1.9934882999999999
v -0.23266440000000002 0.7481020500000001 -1.9934882999999999
v -0.27350820000000003 0.59566995 -1.9934882999999999
v -0.38509605 0.48408255 -1.9934882999999999
v -0.5375277 0.44323874999999996 -1.9934882999999999
v -0.6899589 0.48408255 -1.9934882999999999
v -0.80154675 0.59566995 -1.9934882999999999
v -0.842391 0.7481016 -1.9934882999999999
v -0.8015472 0.9005332500000001 -1.9934882999999999
v -0.68995935 1.0121211 -1.9934882999999999
v -0.45236430000000005 0.89560935 -1.9934882999999999
v -0.5375277 0.9184288500000001 -1.9934882999999999
v -0.39001995 0.8332654500000001 -1.9934882999999999
v -0.36720045 0.7481020500000001 -1.9934882999999999
v -0.39001995 0.6629382 -1.9934882999999999
v -0.45236430000000005 0.6005943 -1.9934882999999999
v -0.5375277 0.5777748 -1.9934882999999999
v -0.6226911 0.6005943 -1.9934882999999999
v -0.68503545 0.6629382 -1.9934882999999999
v -0.7078545 0.7481016 -1.9934882999999999
v -0.68503545 0.8332654500000001 -1.9934882999999999
v -0.6226911 0.89560935 -1.9934882999999999
v -0.45236430000000005 0.89560935 -2.0421841499999998
v -0.5375277 0.9184288500000001 -2.0421841499999998
v -0.39001995 0.8332654500000001 -2.0421841499999998
v -0.36720045 0.7481020500000001 -2.0421841499999998
v -0.39001995 0.6629382 -2.0421841499999998
v -0.45236430000000005 0.6005943 -2.0421841499999998
v -0.5375277 0.5777748 -2.0421841499999998
v -0.6226911 0.6005943 -2.0421841499999998
v -0.68503545 0.6629382 -2.0421841499999998
v -0.7078545 0.7481016 -2.0421841499999998
v -0.68503545 0.8332654500000001 -2.0421841499999998
v -0.6226911 0.89560935 -2.0421841499999998
v -0.5375277 1.1021742 -1.561536
v -0.3604914 1.05473745 -1.561536
v -0.23089185 0.9251379000000002 -1.561536
v -0.1834551 0.7481020500000001 -1.561536
v -0.23089185 0.5710657499999999 -1.561536
v -0.3604914 0.44146620000000003 -1.561536
v -0.5375277 0.39402945 -1.561536
v -0.71456355 0.44146620000000003 -1.561536
v -0.8441631 0.5710653 -1.561536
v -0.89159985 0.7481016 -1.561536
v -0.84416355 0.9251379000000002 -1.561536
v -0.714564 1.05473745 -1.561536
v -0.38509605 1.0121211 -1.561536
v -0.5375277 1.0529649 -1.561536
v -0.27350820000000003 0.9005332500000001 -1.561536
v -0.23266440000000002 0.7481020500000001 -1.561536
v -0.27350820000000003 0.59566995 -1.561536
v -0.38509605 0.48408255 -1.561536
v -0.5375277 0.44323874999999996 -1.561536
v -0.6899589 0.48408255 -1.561536
v -0.80154675 0.59566995 -1.561536
v -0.842391 0.7481016 -1.561536
v -0.8015472 0.9005332500000001 -1.561536
v -0.68995935 1.0121211 -1.561536
v -0.38509605 1.0121211 -1.6106454000000001
v -0.5375277 1.0529649 -1.6106454000000001
v -0.27350820000000003 0.9005332500000001 -1.6106454000000001
v -0.23266440000000002 0.7481020500000001 -1.6106454000000001
v -0.27350820000000003 0.59566995 -1.6106454000000001
v -0.38509605 0.48408255 -1.6106454000000001
v -0.5375277 0.44323874999999996 -1.6106454000000001
v -0.6899589 0.48408255 -1.6106454000000001
v -0.80154675 0.59566995 -1.6106454000000001
v -0.842391 0.7481016 -1.6106454000000001
v -0.8015472 0.9005332500000001 -1.6106454000000001
v -0.68995935 1.0121211 -1.6106454000000001
v -0.45236430000000005 0.89560935 -1.6106454000000001
v -0.5375277 0.9184288500000001 -1.6106454000000001
v -0.39001995 0.8332654500000001 -1.6106454000000001
v -0.36720045 0.7481020500000001 -1.6106454000000001
v -0.39001995 0.6629382 -1.6106454000000001
v -0.45236430000000005 0.6005943 -1.6106454000000001
v -0.5375277 0.5777748 -1.6106454000000001
v -0.6226911 0.6005943 -1.6106454000000001
v -0.68503545 0.6629382 -1.6106454000000001
v -0.7078545 0.7481016 -1.6106454000000001
v -0.68503545 0.8332654500000001 -1.6106454000000001
v -0.6226911 0.89560935 -1.6106454000000001
v -0.45236430000000005 0.89560935 -1.56194955
v -0.5375277 0.9184288500000001 -1.56194955
v -0.39001995 0.8332654500000001 -1.56194955
v -0.36720045 0.7481020500000001 -1.56194955
v -0.39001995 0.6629382 -1.56194955
v -0.45236430000000005 0.6005943 -1.56194955
v -0.5375277 0.5777748 -1.56194955
v -0.6226911 0.6005943 -1.56194955
v -0.68503545 0.6629382 -1.56194955
v -0.7078545 0.7481016 -1.56194955
v -0.68503545 0.8332654500000001 -1.56194955
v -0.6226911 0.89560935 -1.56194955
v -1.6705593 1.1021742 -2.0425977000000004
v -1.493523 1.05473745 -2.0425977000000004
v -1.36392345 0.9251379000000002 -2.0425977000000004
v -1.3164867 0.7481020500000001 -2.0425977000000004
v -1.36392345 0.5710657499999999 -2.0425977000000004
v -1.493523 0.44146620000000003 -2.0425977000000004
v -1.6705593 0.39402945 -2.0425977000000004
v -1.84759515 0.44146620000000003 -2.0425977000000004
v -1.9771947 0.5710653 -2.0425977000000004
v -2.02463145 0.7481016 -2.0425977000000004
v -1.9771947 0.9251379000000002 -2.0425977000000004
v -1.8475956000000002 1.05473745 -2.0425977000000004
v -1.51812765 1.0121211 -2.0425977000000004
v -1.6705593 1.0529649 -2.0425977000000004
v -1.4065398 0.9005332500000001 -2.0425977000000004
v -1.365696 0.7481020500000001 -2.0425977000000004
v -1.4065398 0.59566995 -2.0425977000000004
v -1.51812765 0.48408255 -2.0425977000000004
v -1.6705593 0.44323874999999996 -2.0425977000000004
v -1.8229905000000002 0.48408255 -2.0425977000000004
v -1.9345783500000002 0.59566995 -2.0425977000000004
v -1.9754221500000002 0.7481016 -2.0425977000000004
v -1.9345788000000002 0.9005332500000001 -2.0425977000000004
v -1.8229909500000003 1.0121211 -2.0425977000000004
v -1.51812765 1.0121211 -1.9934882999999999
v -1.6705593 1.0529649 -1.9934882999999999
v -1.4065398 0.9005332500000001 -1.9934882999999999
v -1.365696 0.7481020500000001 -1.9934882999999999
v -1.4065398 0.59566995 -1.9934882999999999
v -1.51812765 0.48408255 -1.9934882999999999
v -1.6705593 0.44323874999999996 -1.9934882999999999
v -1.8229905000000002 0.48408255 -1.9934882999999999
v -1.9345783500000002 0.59566995 -1.9934882999999999
v -1.9754221500000002 0.7481016 -1.9934882999999999
v -1.9345788000000002 0.9005332500000001 -1.9934882999999999
v -1.8229909500000003 1.0121211 -1.9934882999999999
v -1.58539545 0.89560935 -1.9934882999999999
v -1.6705593 0.9184288500000001 -1.9934882999999999
v -1.52305155 0.8332654500000001 -1.9934882999999999
v -1.50023205 0.7481020500000001 -1.9934882999999999
v -1.52305155 0.6629382 -1.9934882999999999
v -1.58539545 0.6005943 -1.9934882999999999
v -1.6705593 0.5777748 -1.9934882999999999
v -1.7557227000000002 0.6005943 -1.9934882999999999
v -1.8180670500000002 0.6629382 -1.9934882999999999
v -1.8408861 0.7481016 -1.9934882999999999
v -1.8180670500000002 0.8332654500000001 -1.9934882999999999
v -1.7557227000000002 0.89560935 -1.9934882999999999
v -1.58539545 0.89560935 -2.0421841499999998
v -1.6705593 0.9184288500000001 -2.0421841499999998
v -1.52305155 0.8332654500000001 -2.0421841499999998
v -1.50023205 0.7481020500000001 -2.0421841499999998
v -1.52305155 0.6629382 -2.0421841499999998
v -1.58539545 0.6005943 -2.0421841499999998
v -1.6705593 0.5777748 -2.0421841499999998
v -1.7557227000000002 0.6005943 -2.0421841499999998
v -1.8180670500000002 0.6629382 -2.0421841499999998
v -1.8408861 0.7481016 -2.0421841499999998
v -1.8180670500000002 0.8332654500000001 -2.0421841499999998
v -1.7557227000000002 0.89560935 -2.0421841499999998
v -1.6705593 1.1021742 -1.561536
v -1.493523 1.05473745 -1.561536
v -1.36392345 0.9251379000000002 -1.561536
v -1.3164867 0.7481020500000001 -1.561536
v -1.36392345 0.5710657499999999 -1.561536
v -1.493523 0.44146620000000003 -1.561536
v -1.6705593 0.39402945 -1.561536
v -1.84759515 0.44146620000000003 -1.561536
v -1.9771947 0.5710653 -1.561536
v -2.02463145 0.7481016 -1.561536
v -1.9771947 0.9251379000000002 -1.561536
v -1.8475956000000002 1.05473745 -1.561536
v -1.51812765 1.0121211 -1.561536
v -1.6705593 1.0529649 -1.561536
v -1.4065398 0.9005332500000001 -1.561536
v -1.365696 0.7481020500000001 -1.561536
v -1.4065398 0.59566995 -1.561536
v -1.51812765 0.48408255 -1.561536
v -1.6705593 0.44323874999999996 -1.561536
v -1.8229905000000002 0.48408255 -1.561536
v -1.9345783500000002 0.59566995 -1.561536
v -1.9754221500000002 0.7481016 -1.561536
v -1.9345788000000002 0.9005332500000001 -1.561536
v -1.8229909500000003 1.0121211 -1.561536
v -1.51812765 1.0121211 -1.6106454000000001
v -1.6705593 1.0529649 -1.6106454000000001
v -1.4065398 0.9005332500000001 -1.6106454000000001
v -1.365696 0.7481020500000001 -1.6106454000000001
v -1.4065398 0.59566995 -1.6106454000000001
v -1.51812765 0.48408255 -1.6106454000000001
v -1.6705593 0.44323874999999996 -1.6106454000000001
v -1.8229905000000002 0.48408255 -1.6106454000000001
v -1.9345783500000002 0.59566995 -1.6106454000000001
v -1.9754221500000002 0.7481016 -1.6106454000000001
v -1.9345788000000002 0.9005332500000001 -1.6106454000000001
v -1.8229909500000003 1.0121211 -1.6106454000000001
v -1.58539545 0.89560935 -1.6106454000000001
v -1.6705593 0.9184288500000001 -1.6106454000000001
v -1.52305155 0.8332654500000001 -1.6106454000000001
v -1.50023205 0.7481020500000001 -1.6106454000000001
v -1.52305155 0.6629382 -1.6106454000000001
v -1.58539545 0.6005943 -1.6106454000000001
v -1.6705593 0.5777748 -1.6106454000000001
v -1.7557227000000002 0.6005943 -1.6106454000000001
v -1.8180670500000002 0.6629382 -1.6106454000000001
v -1.8408861 0.7481016 -1.6106454000000001
v -1.8180670500000002 0.8332654500000001 -1.6106454000000001
v -1.7557227000000002 0.89560935 -1.6106454000000001
v -1.58539545 0.89560935 -1.56194955
v -1.6705593 0.9184288500000001 -1.56194955
v -1.52305155 0.8332654500000001 -1.56194955
v -1.50023205 0.7481020500000001 -1.56194955
v -1.52305155 0.6629382 -1.56194955
v -1.58539545 0.6005943 -1.56194955
v -1.6705593 0.5777748 -1.56194955
v -1.7557227000000002 0.6005943 -1.56194955
v -1.8180670500000002 0.6629382 -1.56194955
v -1.8408861 0.7481016 -1.56194955
v -1.8180670500000002 0.8332654500000001 -1.56194955
v -1.7557227000000002 0.89560935 -1.56194955
v 2.6249508 1.04478165 -2.0360655
v 2.8019875499999998 0.9973449000000002 -2.0360655
v 2.93158665 0.86774535 -2.0360655
v 2.9790234 0.69070905 -2.0360655
v 2.93158665 0.51367275 -2.0360655
v 2.8019875499999998 0.38407365 -2.0360655
v 2.6249508 0.3366369 -2.0360655
v 2.44791495 0.38407319999999995 -2.0360655
v 2.31831585 0.51367275 -2.0360655
v 2.2708786499999998 0.69070905 -2.0360655
v 2.3183154 0.86774535 -2.0360655
v 2.4479145 0.9973444500000002 -2.0360655
v 2.7773824499999997 0.9547281000000001 -2.0360655
v 2.6249508 0.99557235 -2.0360655
v 2.8889703 0.8431407 -2.0360655
v 2.9298140999999998 0.69070905 -2.0360655
v 2.8889703 0.5382774 -2.0360655
v 2.7773824499999997 0.42668999999999996 -2.0360655
v 2.6249508 0.38584575 -2.0360655
v 2.4725196 0.42668999999999996 -2.0360655
v 2.3609317499999998 0.5382774 -2.0360655
v 2.3200879500000005 0.69070905 -2.0360655
v 2.3609313000000003 0.8431407 -2.0360655
v 2.47251915 0.9547281000000001 -2.0360655
v 2.7773824499999997 0.9547281000000001 -1.9869565500000002
v 2.6249508 0.99557235 -1.9869565500000002
v 2.8889703 0.8431407 -1.9869565500000002
v 2.9298140999999998 0.69070905 -1.9869565500000002
v 2.8889703 0.5382774 -1.9869565500000002
v 2.7773824499999997 0.42668999999999996 -1.9869565500000002
v 2.6249508 0.38584575 -1.9869565500000002
v 2.4725196 0.42668999999999996 -1.9869565500000002
v 2.3609317499999998 0.5382774 -1.9869565500000002
v 2.3200879500000005 0.69070905 -1.9869565500000002
v 2.3609313000000003 0.8431407 -1.9869565500000002
v 2.47251915 0.9547281000000001 -1.9869565500000002
v 2.7101146500000004 0.8382168 -1.9869565500000002
v 2.6249508 0.8610363 -1.9869565500000002
v 2.77245855 0.7758729 -1.9869565500000002
v 2.7952785 0.69070905 -1.9869565500000002
v 2.77245855 0.6055456499999999 -1.9869565500000002
v 2.7101146500000004 0.54320175 -1.9869565500000002
v 2.6249508 0.5203822499999999 -1.9869565500000002
v 2.5397874 0.54320175 -1.9869565500000002
v 2.4774434999999997 0.6055456499999999 -1.9869565500000002
v 2.454624 0.69070905 -1.9869565500000002
v 2.4774434999999997 0.77587245 -1.9869565500000002
v 2.5397874 0.8382168 -1.9869565500000002
v 2.7101146500000004 0.8382168 -2.0356524
v 2.6249508 0.8610363 -2.0356524
v 2.77245855 0.7758729 -2.0356524
v 2.7952785 0.69070905 -2.0356524
v 2.77245855 0.6055456499999999 -2.0356524
v 2.7101146500000004 0.54320175 -2.0356524
v 2.6249508 0.5203822499999999 -2.0356524
v 2.5397874 0.54320175 -2.0356524
v 2.4774434999999997 0.6055456499999999 -2.0356524
v 2.454624 0.69070905 -2.0356524
v 2.4774434999999997 0.77587245 -2.0356524
v 2.5397874 0.8382168 -2.0356524
v 2.6249508 1.04478165 -1.4526684
v 2.8019875499999998 0.9973449000000002 -1.4526684
v 2.93158665 0.86774535 -1.4526684
v 2.9790234 0.69070905 -1.4526684
v 2.93158665 0.51367275 -1.4526684
v 2.8019875499999998 0.38407365 -1.4526684
v 2.6249508 0.3366369 -1.4526684
v 2.44791495 0.38407365 -1.4526684
v 2.31831585 0.51367275 -1.4526684
v 2.2708786499999998 0.69070905 -1.4526684
v 2.3183154 0.86774535 -1.4526684
v 2.4479145 0.9973449000000002 -1.4526684
v 2.7773824499999997 0.9547285500000002 -1.4526684
v 2.6249508 0.99557235 -1.4526684
v 2.8889703 0.8431407 -1.4526684
v 2.9298140999999998 0.69070905 -1.4526684
v 2.8889703 0.5382774 -1.4526684
v 2.7773824499999997 0.42668999999999996 -1.4526684
v 2.6249508 0.38584575 -1.4526684
v 2.4725196 0.42668999999999996 -1.4526684
v 2.3609317499999998 0.5382774 -1.4526684
v 2.3200879500000005 0.69070905 -1.4526684
v 2.3609313000000003 0.8431407 -1.4526684
v 2.47251915 0.9547281000000001 -1.4526684
v 2.7773824499999997 0.9547285500000002 -1.5017778
v 2.6249508 0.99557235 -1.5017778
v 2.8889703 0.8431407 -1.5017778
v 2.9298140999999998 0.69070905 -1.5017778
v 2.8889703 0.5382774 -1.5017778
v 2.7773824499999997 0.42668999999999996 -1.5017778
v 2.6249508 0.38584575 -1.5017778
v 2.4725196 0.42668999999999996 -1.5017778
v 2.3609317499999998 0.5382774 -1.5017778
v 2.3200879500000005 0.69070905 -1.5017778
v 2.3609313000000003 0.8431407 -1.5017778
v 2.47251915 0.9547281000000001 -1.5017778
v 2.7101146500000004 0.8382168 -1.5017778
v 2.6249508 0.8610363 -1.5017778
v 2.77245855 0.7758729 -1.5017778
v 2.7952785 0.69070905 -1.5017778
v 2.77245855 0.6055456499999999 -1.5017778
v 2.7101146500000004 0.54320175 -1.5017778
v 2.6249508 0.5203822499999999 -1.5017778
v 2.5397874 0.54320175 -1.5017778
v 2.4774434999999997 0.6055456499999999 -1.5017778
v 2.454624 0.69070905 -1.5017778
v 2.4774434999999997 0.77587245 -1.5017778
v 2.5397874 0.8382168 -1.5017778
v 2.7101146500000004 0.8382168 -1.4530819499999998
v 2.6249508 0.8610363 -1.4530819499999998
v 2.77245855 0.7758729 -1.4530819499999998
v 2.7952785 0.69070905 -1.4530819499999998
v 2.77245855 0.6055456499999999 -1.4530819499999998
v 2.7101146500000004 0.54320175 -1.4530819499999998
v 2.6249508 0.5203822499999999 -1.4530819499999998
v 2.5397874 0.54320175 -1.4530819499999998
v 2.4774434999999997 0.6055456499999999 -1.4530819499999998
v 2.454624 0.69070905 -1.4530819499999998
v 2.4774434999999997 0.77587245 -1.4530819499999998
v 2.5397874 0.8382168 -1.4530819499999998
v -2.6472420000000003 1.04478165 -2.0360655
v -2.47020615 0.9973449000000002 -2.0360655
v -2.3406066 0.86774535 -2.0360655
v -2.29316985 0.69070905 -2.0360655
v -2.3406066 0.51367275 -2.0360655
v -2.47020615 0.38407365 -2.0360655
v -2.6472420000000003 0.3366369 -2.0360655
v -2.8242783 0.38407319999999995 -2.0360655
v -2.95387785 0.51367275 -2.0360655
v -3.0013146 0.69070905 -2.0360655
v -2.95387785 0.86774535 -2.0360655
v -2.8242787500000004 0.9973444500000002 -2.0360655
v -2.4948108 0.9547281000000001 -2.0360655
v -2.6472420000000003 0.99557235 -2.0360655
v -2.3832229500000004 0.8431407 -2.0360655
v -2.34237915 0.69070905 -2.0360655
v -2.3832229500000004 0.5382774 -2.0360655
v -2.4948103500000003 0.42668999999999996 -2.0360655
v -2.6472420000000003 0.38584575 -2.0360655
v -2.7996736500000003 0.42668999999999996 -2.0360655
v -2.9112615 0.5382774 -2.0360655
v -2.9521053000000004 0.69070905 -2.0360655
v -2.9112615 0.8431407 -2.0360655
v -2.7996741000000003 0.9547281000000001 -2.0360655
v -2.4948108 0.9547281000000001 -1.9869565500000002
v -2.6472420000000003 0.99557235 -1.9869565500000002
v -2.3832229500000004 0.8431407 -1.9869565500000002
v -2.34237915 0.69070905 -1.9869565500000002
v -2.3832229500000004 0.5382774 -1.9869565500000002
v -2.4948103500000003 0.42668999999999996 -1.9869565500000002
v -2.6472420000000003 0.38584575 -1.9869565500000002
v -2.7996736500000003 0.42668999999999996 -1.9869565500000002
v -2.9112615 0.5382774 -1.9869565500000002
v -2.9521053000000004 0.69070905 -1.9869565500000002
v -2.9112615 0.8431407 -1.9869565500000002
v -2.7996741000000003 0.9547281000000001 -1.9869565500000002
v -2.5620786 0.8382168 -1.9869565500000002
v -2.6472420000000003 0.8610363 -1.9869565500000002
v -2.49973425 0.7758729 -1.9869565500000002
v -2.4769152 0.69070905 -1.9869565500000002
v -2.49973425 0.6055456499999999 -1.9869565500000002
v -2.5620786 0.54320175 -1.9869565500000002
v -2.6472420000000003 0.5203822499999999 -1.9869565500000002
v -2.7324054 0.54320175 -1.9869565500000002
v -2.7947497500000003 0.6055456499999999 -1.9869565500000002
v -2.81756925 0.69070905 -1.9869565500000002
v -2.7947497500000003 0.77587245 -1.9869565500000002
v -2.7324054 0.8382168 -1.9869565500000002
v -2.5620786 0.8382168 -2.0356524
v -2.6472420000000003 0.8610363 -2.0356524
v -2.49973425 0.7758729 -2.0356524
v -2.4769152 0.69070905 -2.0356524
v -2.49973425 0.6055456499999999 -2.0356524
v -2.5620786 0.54320175 -2.0356524
v -2.6472420000000003 0.5203822499999999 -2.0356524
v -2.7324054 0.54320175 -2.0356524
v -2.7947497500000003 0.6055456499999999 -2.0356524
v -2.81756925 0.69070905 -2.0356524
v -2.7947497500000003 0.77587245 -2.0356524
v -2.7324054 0.8382168 -2.0356524
v -2.6472420000000003 1.04478165 -1.4526684
v -2.47020615 0.9973449000000002 -1.4526684
v -2.3406066 0.86774535 -1.4526684
v -2.29316985 0.69070905 -1.4526684
v -2.3406066 0.51367275 -1.4526684
v -2.47020615 0.38407365 -1.4526684
v -2.6472420000000003 0.3366369 -1.4526684
v -2.8242783 0.38407365 -1.4526684
v -2.95387785 0.51367275 -1.4526684
v -3.0013146 0.69070905 -1.4526684
v -2.95387785 0.86774535 -1.4526684
v -2.8242787500000004 0.9973449000000002 -1.4526684
v -2.4948108 0.9547285500000002 -1.4526684
v -2.6472420000000003 0.99557235 -1.4526684
v -2.3832229500000004 0.8431407 -1.4526684
v -2.34237915 0.69070905 -1.4526684
v -2.3832229500000004 0.5382774 -1.4526684
v -2.4948103500000003 0.42668999999999996 -1.4526684
v -2.6472420000000003 0.38584575 -1.4526684
v -2.7996736500000003 0.42668999999999996 -1.4526684
v -2.9112615 0.5382774 -1.4526684
v -2.9521053000000004 0.69070905 -1.4526684
v -2.9112615 0.8431407 -1.4526684
v -2.7996741000000003 0.9547281000000001 -1.4526684
v -2.4948108 0.9547285500000002 -1.5017778
v -2.6472420000000003 0.99557235 -1.5017778
v -2.3832229500000004 0.8431407 -1.5017778
v -2.34237915 0.69070905 -1.5017778
v -2.3832229500000004 0.5382774 -1.5017778
v -2.4948103500000003 0.42668999999999996 -1.5017778
v -2.6472420000000003 0.38584575 -1.5017778
v -2.7996736500000003 0.42668999999999996 -1.5017778
v -2.9112615 0.5382774 -1.5017778
v -2.9521053000000004 0.69070905 -1.5017778
v -2.9112615 0.8431407 -1.5017778
v -2.7996741000000003 0.9547281000000001 -1.5017778
v -2.5620786 0.8382168 -1.5017778
v -2.6472420000000003 0.8610363 -1.5017778
v -2.49973425 0.7758729 -1.5017778
v -2.4769152 0.69070905 -1.5017778
v -2.49973425 0.6055456499999999 -1.5017778
v -2.5620786 0.54320175 -1.5017778
v -2.6472420000000003 0.5203822499999999 -1.5017778
v -2.7324054 0.54320175 -1.5017778
v -2.7947497500000003 0.6055456499999999 -1.5017778
v -2.81756925 0.69070905 -1.5017778
v -2.7947497500000003 0.77587245 -1.5017778
v -2.7324054 0.8382168 -1.5017778
v -2.5620786 0.8382168 -1.4530819499999998
v -2.6472420000000003 0.8610363 -1.4530819499999998
v -2.49973425 0.7758729 -1.4530819499999998
v -2.4769152 0.69070905 -1.4530819499999998
v -2.49973425 0.6055456499999999 -1.4530819499999998
v -2.5620786 0.54320175 -1.4530819499999998
v -2.6472420000000003 0.5203822499999999 -1.4530819499999998
v -2.7324054 0.54320175 -1.4530819499999998
v -2.7947497500000003 0.6055456499999999 -1.4530819499999998
v -2.81756925 0.69070905 -1.4530819499999998
v -2.7947497500000003 0.77587245 -1.4530819499999998
v -2.7324054 0.8382168 -1.4530819499999998
v -2.37991365 0.29126430000000003 1.35106785
v 3.1646826 1.47216375 1.35106785
v -1.4102235 0.29126430000000003 1.35106785
v -1.4102235 1.4723631000000001 1.35106785
v -0.9497785499999999 0.29126430000000003 1.35106785
v -0.9497781000000001 1.4677681500000002 1.35106785
v -2.56117815 0.69597495 1.35106785
v 3.1646826 0.7315753500000001 1.35106785
v -1.4102235 0.69597495 1.35106785
v -0.9497781000000001 0.879516 1.35106785
v -2.4505780500000003 1.0902874500000002 1.35106785
v -2.6231400000000002 0.83431755 1.35106785
v 2.5395466499999997 0.29126430000000003 1.35106785
v 2.28528045 1.47216375 1.35106785
v 2.5395466499999997 0.879516 1.35106785
v 2.1286854 1.4677681500000002 1.24877025
v -0.79318305 1.4677681500000002 1.24877025
v 2.1286854 1.42339635 1.24877025
v -0.79318305 1.42339635 1.24877025
v -2.8014448499999998 0.86928795 1.35106785
v -2.6727826500000003 1.0902874500000002 1.35106785
v -2.48465925 0.7355115 0.47123190000000004
v -2.48465925 0.7355115 0.26876700000000003
v -2.5212312000000003 0.8675694 0.47123190000000004
v -2.5212312000000003 0.8675694 0.26876700000000003
v -2.7664272000000003 0.7355115 0.26876700000000003
v -2.7664272000000003 0.7355115 0.47123190000000004
v -2.80299915 0.8675694 0.26876700000000003
v -2.80299915 0.8675694 0.47123190000000004
v -2.48465925 0.7355115 1.1493076500000001
v -2.48465925 0.7355115 0.9468432000000001
v -2.5212312000000003 0.8675694 1.1493076500000001
v -2.5212312000000003 0.8675694 0.9468432000000001
v -2.7664272000000003 0.7355115 0.9468432000000001
v -2.7664272000000003 0.7355115 1.1493076500000001
v -2.80299915 0.8675694 0.9468432000000001
v -2.80299915 0.8675694 1.1493076500000001
v -1.52117505 1.4723631000000001 1.2295669500000002
v -2.3786802 1.0902874500000002 1.2295669500000002
v -2.5618311 1.0902874500000002 1.2295669500000002
v -1.52117505 1.45240425 1.2295669500000002
v -2.3786802 1.0703286 1.2295669500000002
v -2.5618311 1.0703286 1.2295669500000002
v -2.37991365 0.29126430000000003 -1.4141457
v 3.1646826 1.47216375 -1.4141457
v -2.37991365 0.29126430000000003 -0.031538699999999996
v 3.1646826 1.47216375 -0.031538699999999996
v -1.4102235 0.29126430000000003 -1.4141457
v -1.4102235 1.4723631000000001 -1.4141457
v -1.4102235 1.4723631000000001 -0.031538699999999996
v -1.4102235 0.29126430000000003 -0.031538699999999996
v -0.9497785499999999 0.29126430000000003 -1.4141457
v -0.9497785499999999 1.4677681500000002 -0.031538699999999996
v -0.9497781000000001 1.4677681500000002 -1.4141457
v -0.9497781000000001 0.29126430000000003 -0.031538699999999996
v -2.56117815 0.69597495 -1.4141457
v 3.1646826 0.7315753500000001 -1.4141457
v 3.1646826 0.7315753500000001 -0.031538699999999996
v -2.56117815 0.69597495 -0.031538699999999996
v -1.4102235 0.69597495 -1.4141457
v -0.9497781000000001 0.879516 -1.4141457
v -2.4505780500000003 1.0902874500000002 -1.4141457
v -2.6231400000000002 0.83431755 -1.4141457
v -2.6231400000000002 0.83431755 -0.031538699999999996
v -1.52117505 1.45240425 -0.031538699999999996
v 2.5395466499999997 0.29126430000000003 -1.4141457
v 2.28528045 1.47216375 -0.031538699999999996
v 2.28528045 1.47216375 -1.4141457
v 2.5395466499999997 0.29126430000000003 -0.031538699999999996
v 2.5395466499999997 0.879516 -1.4141457
v 2.1286854 1.4677681500000002 -1.3118481
v -0.79318305 1.4677681500000002 -1.3118481
v -0.7931834999999999 1.4677681500000002 -0.031538699999999996
v 2.1286854 1.4677681500000002 -0.031538699999999996
v 2.1286854 1.42339635 -1.3118481
v -0.79318305 1.42339635 -1.3118481
v -0.7931834999999999 1.42339635 -0.031538699999999996
v 2.1286854 1.42339635 -0.031538699999999996
v -2.8014448499999998 0.86928795 -1.4141457
v -2.6727826500000003 1.0902874500000002 -1.4141457
v -2.6727826500000003 1.0902874500000002 -0.031538699999999996
v -2.8014448499999998 0.86928795 -0.031538699999999996
v -2.48465925 0.7355115 -0.5343093
v -2.48465925 0.7355115 -0.33184485
v -2.5212312000000003 0.8675694 -0.5343093
v -2.5212312000000003 0.8675694 -0.33184485
v -2.7664272000000003 0.7355115 -0.33184485
v -2.7664272000000003 0.7355115 -0.5343093
v -2.80299915 0.8675694 -0.33184485
v -2.80299915 0.8675694 -0.5343093
v -2.48465925 0.7355115 -1.2123850500000002
v -2.48465925 0.7355115 -1.0099206
v -2.5212312000000003 0.8675694 -1.2123850500000002
v -2.5212312000000003 0.8675694 -1.0099206
v -2.7664272000000003 0.7355115 -1.0099206
v -2.7664272000000003 0.7355115 -1.2123850500000002
v -2.80299915 0.8675694 -1.0099206
v -2.80299915 0.8675694 -1.2123850500000002
v -1.52117505 1.4723631000000001 -0.031538699999999996
v -1.52117505 1.4723631000000001 -1.29264435
v -2.3786802 1.0902874500000002 -1.29264435
v -2.5618311 1.0902874500000002 -1.29264435
v -2.5618311 1.0902874500000002 -0.031538699999999996
v -1.52117505 1.45240425 -1.29264435
v -2.3786802 1.0703286 -1.29264435
v -2.3786802 1.0703286 -0.031538699999999996
v -2.5618311 1.0703286 -1.29264435
v -2.5618311 1.0703286 -0.031538699999999996
v 3.1646826 1.79786025 -0.031538699999999996
v 3.1646826 1.79786025 1.35106785
v 2.439522 1.6250418000000002 -0.031538699999999996
v 2.439522 1.6250418000000002 1.35106785
v 3.1646826 1.79786025 -1.4141457
v 2.439522 1.6250418000000002 -1.4141457
v 3.03932115 1.83971925 -0.04687965
v 3.0663751500000003 1.8451674 -0.07447725000000001
v 3.0663751500000003 1.8451674 -0.61213635
v 3.03932115 1.83971925 -0.6397339500000001
v 2.51224425 1.7335719 -0.6397339500000001
v 2.4851898 1.7281233000000003 -0.61213635
v 2.4851898 1.7281233000000003 -0.07447725000000001
v 2.51224425 1.7335719 -0.04687965
v 2.4965109 1.5126885 -0.021876299999999998
v 2.46658545 1.5126885 -0.0518013
v 2.4606783 1.7231868000000001 -0.0518013
v 2.4900147 1.7290953000000002 -0.021876299999999998
v 2.46658545 1.5126885 -0.63481185
v 2.4965109 1.5126885 -0.6647373
v 2.4900147 1.7290953000000002 -0.6647373
v 2.4606783 1.7231868000000001 -0.63481185
v 3.10944735 1.5126885 -0.0518013
v 3.07952145 1.5126885 -0.021876299999999998
v 3.0615502500000003 1.8441958500000002 -0.021876299999999998
v 3.0908870999999998 1.8501039000000004 -0.0518013
v 3.07952145 1.5126885 -0.6647373
v 3.10944735 1.5126885 -0.63481185
v 3.0908870999999998 1.8501039000000004 -0.63481185
v 3.0615502500000003 1.8441958500000002 -0.6647373
v 3.0688816500000002 1.8327221999999999 -0.07447725000000001
v 3.0688816500000002 1.8327221999999999 -0.61213635
v 3.0418272 1.8272740500000002 -0.04687965
v 2.5147502999999998 1.7211267000000001 -0.04687965
v 2.48769585 1.7156781 -0.07447725000000001
v 2.48769585 1.7156781 -0.61213635
v 2.5147502999999998 1.7211267000000001 -0.6397339500000001
v 3.0418272 1.8272740500000002 -0.6397339500000001
v 3.05221725 1.82936655 -0.08989335
v 3.05221725 1.82936655 -0.5967198
v 3.0267144 1.82423025 -0.06387885
v 2.5298631 1.7241700500000001 -0.06387885
v 2.50436025 1.7190342 -0.08989335
v 2.50436025 1.7190342 -0.5967198
v 2.52986355 1.7241700500000001 -0.62273475
v 3.0267144 1.82423025 -0.62273475
v 3.04845795 1.84803435 -0.08989335
v 3.04845795 1.84803435 -0.5967198
v 3.0229551000000003 1.8428980500000003 -0.06387885
v 2.5261038 1.7428378500000001 -0.06387885
v 2.5006009500000004 1.737702 -0.08989335
v 2.5006009500000004 1.737702 -0.5967198
v 2.5261038 1.7428378500000001 -0.62273475
v 3.0229551000000003 1.8428980500000003 -0.62273475
v 3.0393206999999998 1.83971925 0.6287179500000001
v 3.0663751500000003 1.8451674 0.6011208
v 3.0663751500000003 1.8451674 0.06346170000000001
v 3.03932115 1.83971925 0.0358641
v 2.51224425 1.7335719 0.0358641
v 2.4851898 1.7281233000000003 0.06346170000000001
v 2.4851898 1.7281233000000003 0.6011208
v 2.51224425 1.7335719 0.6287179500000001
v 2.4965109 1.5126885 0.65372175
v 2.46658545 1.5126885 0.6237963000000001
v 2.4606783 1.7231868000000001 0.6237963000000001
v 2.4900147 1.7290953000000002 0.65372175
v 2.46658545 1.5126885 0.040785749999999996
v 2.4965109 1.5126885 0.0108603
v 2.4900147 1.7290953000000002 0.0108603
v 2.4606783 1.7231868000000001 0.040785749999999996
v 3.10944735 1.5126885 0.6237963000000001
v 3.07952145 1.5126885 0.65372175
v 3.0615502500000003 1.8441958500000002 0.65372175
v 3.0908870999999998 1.8501039000000004 0.6237963000000001
v 3.07952145 1.5126885 0.0108603
v 3.10944735 1.5126885 0.040785749999999996
v 3.0908870999999998 1.8501039000000004 0.040785749999999996
v 3.0615502500000003 1.8441958500000002 0.0108603
v 3.0688816500000002 1.8327221999999999 0.6011208
v 3.0688816500000002 1.8327221999999999 0.06346170000000001
v 3.0418272 1.8272740500000002 0.6287179500000001
v 2.5147502999999998 1.7211267000000001 0.6287179500000001
v 2.48769585 1.7156781 0.6011208
v 2.48769585 1.7156781 0.06346170000000001
v 2.5147502999999998 1.7211267000000001 0.0358641
v 3.0418272 1.8272740500000002 0.0358641
v 3.05221725 1.82936655 0.58570425
v 3.05221725 1.82936655 0.0788778
v 3.0267144 1.82423025 0.6117192
v 2.5298631 1.7241700500000001 0.6117192
v 2.50436025 1.7190342 0.58570425
v 2.50436025 1.7190342 0.0788778
v 2.5298631 1.7241700500000001 0.052862849999999996
v 3.0267144 1.82423025 0.052862849999999996
v 3.04845795 1.84803435 0.58570425
v 3.04845795 1.84803435 0.0788778
v 3.0229551000000003 1.8428980500000003 0.6117192
v 2.5261038 1.7428378500000001 0.6117192
v 2.5006009500000004 1.737702 0.58570425
v 2.5006009500000004 1.737702 0.0788778
v 2.5261038 1.7428378500000001 0.052862849999999996
v 3.0229551000000003 1.8428980500000003 0.052862849999999996
v 3.0393206999999998 1.83971925 1.31813055
v 3.0663751500000003 1.8451674 1.29053295
v 3.0663751500000003 1.8451674 0.75287385
v 3.03932115 1.83971925 0.7252767
v 2.51224425 1.7335719 0.7252767
v 2.4851898 1.7281233000000003 0.75287385
v 2.4851898 1.7281233000000003 1.29053295
v 2.51224425 1.7335719 1.31813055
v 2.4965109 1.5126885 1.34313435
v 2.46658545 1.5126885 1.3132089
v 2.4606783 1.7231868000000001 1.3132089
v 2.4900147 1.7290953000000002 1.34313435
v 2.46658545 1.5126885 0.73019835
v 2.4965109 1.5126885 0.7002729000000001
v 2.4900147 1.7290953000000002 0.7002729000000001
v 2.4606783 1.7231868000000001 0.73019835
v 3.10944735 1.5126885 1.3132089
v 3.07952145 1.5126885 1.34313435
v 3.0615502500000003 1.8441958500000002 1.34313435
v 3.0908870999999998 1.8501039000000004 1.3132089
v 3.07952145 1.5126885 0.7002729000000001
v 3.10944735 1.5126885 0.73019835
v 3.0908870999999998 1.8501039000000004 0.73019835
v 3.0615502500000003 1.8441958500000002 0.7002729000000001
v 3.0688816500000002 1.8327221999999999 1.29053295
v 3.0688816500000002 1.8327221999999999 0.75287385
v 3.0418272 1.8272740500000002 1.31813055
v 2.5147502999999998 1.7211267000000001 1.31813055
v 2.48769585 1.7156781 1.29053295
v 2.48769585 1.7156781 0.75287385
v 2.5147502999999998 1.7211267000000001 0.7252767
v 3.0418272 1.8272740500000002 0.7252767
v 3.05221725 1.82936655 1.27511685
v 3.05221725 1.82936655 0.7682904
v 3.0267144 1.82423025 1.30113135
v 2.5298631 1.7241700500000001 1.30113135
v 2.50436025 1.7190342 1.27511685
v 2.50436025 1.7190342 0.7682904
v 2.5298631 1.7241700500000001 0.7422754500000001
v 3.0267144 1.82423025 0.7422754500000001
v 3.04845795 1.84803435 1.27511685
v 3.04845795 1.84803435 0.7682904
v 3.0229551000000003 1.8428980500000003 1.30113135
v 2.5261038 1.7428378500000001 1.30113135
v 2.5006009500000004 1.737702 1.27511685
v 2.5006009500000004 1.737702 0.7682904
v 2.5261038 1.7428378500000001 0.7422754500000001
v 3.0229551000000003 1.8428980500000003 0.7422754500000001
v 3.0393206999999998 1.83971925 -0.72570555
v 3.0663751500000003 1.8451674 -0.7533027000000001
v 3.0663751500000003 1.8451674 -1.29096225
v 3.03932115 1.83971925 -1.31855985
v 2.51224425 1.7335719 -1.31855985
v 2.4851898 1.7281233000000003 -1.29096225
v 2.4851898 1.7281233000000003 -0.7533027000000001
v 2.51224425 1.7335719 -0.72570555
v 2.4965109 1.5126885 -0.7007021999999999
v 2.46658545 1.5126885 -0.7306272
v 2.4606783 1.7231868000000001 -0.7306272
v 2.4900147 1.7290953000000002 -0.7007021999999999
v 2.46658545 1.5126885 -1.31363775
v 2.4965109 1.5126885 -1.3435632
v 2.4900147 1.7290953000000002 -1.3435632
v 2.4606783 1.7231868000000001 -1.31363775
v 3.10944735 1.5126885 -0.7306272
v 3.07952145 1.5126885 -0.7007021999999999
v 3.0615502500000003 1.8441958500000002 -0.7007021999999999
v 3.0908870999999998 1.8501039000000004 -0.7306272
v 3.07952145 1.5126885 -1.3435632
v 3.10944735 1.5126885 -1.31363775
v 3.0908870999999998 1.8501039000000004 -1.31363775
v 3.0615502500000003 1.8441958500000002 -1.3435632
v 3.0688816500000002 1.8327221999999999 -0.7533027000000001
v 3.0688816500000002 1.8327221999999999 -1.29096225
v 3.0418272 1.8272740500000002 -0.72570555
v 2.5147502999999998 1.7211267000000001 -0.72570555
v 2.48769585 1.7156781 -0.7533027000000001
v 2.48769585 1.7156781 -1.29096225
v 2.5147502999999998 1.7211267000000001 -1.31855985
v 3.0418272 1.8272740500000002 -1.31855985
v 3.05221725 1.82936655 -0.76871925
v 3.05221725 1.82936655 -1.2755457000000001
v 3.0267144 1.82423025 -0.74270475
v 2.5298631 1.7241700500000001 -0.74270475
v 2.50436025 1.7190342 -0.76871925
v 2.50436025 1.7190342 -1.2755457000000001
v 2.5298631 1.7241700500000001 -1.30156065
v 3.0267144 1.82423025 -1.30156065
v 3.04845795 1.84803435 -0.76871925
v 3.04845795 1.84803435 -1.2755457000000001
v 3.0229551000000003 1.8428980500000003 -0.74270475
v 2.5261038 1.7428378500000001 -0.74270475
v 2.5006009500000004 1.737702 -0.76871925
v 2.5006009500000004 1.737702 -1.2755457000000001
v 2.5261038 1.7428378500000001 -1.30156065
v 3.0229551000000003 1.8428980500000003 -1.30156065
vn 0.0000 0.0000 -1.0000
vn 0.0000 0.0000 1.0000
vn 0.1558 -0.9878 0.0000
vn 0.0000 1.0000 0.0000
vn 0.0000 -1.0000 0.0000
vn -0.1579 0.9875 0.0000
vn -0.8586 -0.5127 0.0000
vn -0.3204 0.9473 0.0000
vn 0.3146 -0.9492 0.0000
vn 0.3062 0.9520 0.0000
vn 0.1129 0.9936 0.0000
vn -0.1142 -0.9935 0.0000
vn 0.9368 -0.3499 0.0000
vn -0.3082 -0.9513 0.0000
vn 0.0000 0.9963 0.0859
vn 1.0000 -0.0000 0.0000
vn 0.0000 0.7386 0.6742
vn -1.0000 0.0000 0.0000
vn 0.0000 0.9963 -0.0859
vn 0.0000 0.7386 -0.6742
vn -0.0281 0.9996 0.0000
vn -0.9126 -0.4088 0.0000
vn 0.5758 -0.8176 0.0000
vn -0.0007 0.9998 -0.0215
vn -0.8642 0.5031 0.0000
vn -0.1925 -0.9813 -0.0000
vn 0.9637 0.2669 0.0000
vn -0.9637 -0.2669 0.0000
vn -0.3728 0.9260 0.0599
vn -0.4070 0.9134 0.0000
vn 0.0100 1.0000 -0.0000
vn -0.0007 0.9998 0.0215
vn -0.3728 0.9260 -0.0599
vn -0.2318 0.9728 0.0000
vn -0.7040 0.7102 0.0000
vn 0.9985 0.0549 0.0000
vn 0.9803 0.1974 0.0000
vn -0.1974 0.9803 0.0000
vn -0.9996 -0.0281 0.0000
vn -0.7094 -0.0206 0.7045
vn -0.7094 -0.0206 -0.7045
vn 0.7082 0.0387 -0.7050
vn 0.7081 0.0387 0.7050
vn -0.9803 -0.1974 0.0000
vn 0.6932 0.1396 0.7071
vn 0.6932 0.1396 -0.7071
vn -0.6932 -0.1396 0.7071
vn -0.6932 -0.1396 -0.7071
vn 0.7082 0.0387 0.7050
vn 0.7081 0.0387 -0.7050
vn 0.8978 -0.4404 0.0000
vn -0.1727 0.9850 0.0000
vn 0.2129 0.9771 0.0000
vn -0.5109 0.8597 0.0000
vn 0.5940 0.8045 0.0000
vn -0.8539 0.5204 0.0000
vn 0.8978 0.4404 0.0000
vn -0.1727 -0.9850 0.0000
vn -0.5109 -0.8597 0.0000
vn -0.2129 -0.9771 0.0000
vn -0.8539 -0.5204 0.0000
vn -0.5940 -0.8045 0.0000
vn -0.8978 -0.4404 0.0000
vn 0.1727 0.9850 0.0000
vn -0.2129 0.9771 0.0000
vn 0.5109 0.8597 0.0000
vn -0.5940 0.8045 0.0000
vn 0.8539 0.5204 0.0000
vn -0.8978 0.4404 0.0000
vn 0.1727 -0.9850 0.0000
vn 0.2129 -0.9771 0.0000
vn 0.5109 -0.8597 0.0000
vn 0.5940 -0.8045 0.0000
vn 0.8539 -0.5204 0.0000
vn -0.1801 0.9836 0.0000
vn -0.5273 0.8497 0.0000
vn -0.8637 0.5041 0.0000
vn -0.1801 -0.9836 0.0000
vn -0.5273 -0.8497 0.0000
vn -0.8637 -0.5041 0.0000
vn 0.1801 0.9836 0.0000
vn 0.5273 0.8497 0.0000
vn 0.8637 0.5041 0.0000
vn 0.1801 -0.9836 0.0000
vn 0.5273 -0.8497 0.0000
vn 0.8637 -0.5041 0.0000
vn -0.9406 0.3396 0.0000
vn 0.5654 0.8248 0.0000
vn -0.9518 -0.3066 0.0000
vn -0.3066 0.9518 0.0000
vn 0.3066 -0.9518 0.0000
vn 0.9518 0.3066 0.0000
vn -0.8794 0.4761 0.0000
vn 0.6821 0.7313 0.0000
vn -0.9869 -0.1613 0.0000
vn -0.1613 0.9869 0.0000
vn 0.1613 -0.9869 0.0000
vn 0.9869 0.1613 0.0000
vn -0.7911 0.6117 0.0000
vn 0.7911 0.6117 0.0000
vn -0.7142 0.6999 0.0000
vn 0.8571 0.5151 0.0000
vn -0.9932 0.1168 0.0000
vn 0.1168 0.9932 0.0000
vn -0.1168 -0.9932 0.0000
vn 0.9932 -0.1168 0.0000
vn -0.5346 0.8451 0.0000
vn 0.9524 0.3048 0.0000
vn -0.9399 0.3415 0.0000
vn 0.3415 0.9399 0.0000
vn -0.3415 -0.9399 0.0000
vn 0.9399 -0.3415 0.0000
vn -0.3494 0.9370 0.0000
vn 0.0172 0.9999 0.0000
vn 0.8781 0.4785 0.0000
vn -0.9998 0.0198 0.0000
vn -0.0778 0.9970 0.0000
vn 0.1441 0.9896 0.0000
vn -0.0665 -0.9978 0.0000
vn 0.1565 -0.9877 0.0000
vn -0.0160 0.9999 0.0000
vn 0.2588 0.9659 0.0000
vn 0.7071 0.7071 0.0000
vn 0.9659 0.2588 0.0000
vn 0.9659 -0.2588 0.0000
vn 0.7071 -0.7071 -0.0000
vn 0.2588 -0.9659 -0.0000
vn -0.2588 -0.9659 0.0000
vn -0.7071 -0.7071 0.0000
vn -0.9659 -0.2588 0.0000
vn -0.9659 0.2588 0.0000
vn -0.7071 0.7071 0.0000
vn -0.2588 0.9659 0.0000
usemtl Main
s off
f 759//306 760//306 758//306 757//306
f 763//307 761//307 762//307 764//307
f 759//306 757//306 773//306 774//306
f 760//308 764//308 768//308 766//308
f 757//309 758//309 762//309 761//309
f 760//310 759//310 763//310 764//310
f 765//306 766//306 770//306 769//306
f 764//307 762//307 767//307 768//307
f 758//306 760//306 766//306 765//306
f 762//311 758//311 765//311 767//311
f 769//312 770//312 772//312 771//312
f 767//313 765//313 769//313 771//313
f 768//307 767//307 771//307 772//307
f 766//314 768//314 772//314 770//314
f 773//315 775//315 779//315 777//315
f 757//316 761//316 775//316 773//316
f 763//317 759//317 774//317 776//317
f 761//307 763//307 776//307 775//307
f 778//318 777//318 779//318 780//318
f 774//306 773//306 777//306 778//306
f 776//319 774//319 778//319 780//319
f 775//307 776//307 780//307 779//307
f 781//310 783//310 784//310 782//310
f 782//307 784//307 790//307 787//307
f 783//306 781//306 785//306 786//306
f 785//320 788//320 789//320 786//320
f 784//321 783//321 786//321 789//321 790//321
f 787//322 790//322 789//322 788//322
f 781//323 782//323 787//323 788//323 785//323
f 913//307 911//307 912//307 914//307
f 917//306 918//306 916//306 915//306
f 913//307 928//307 927//307 911//307
f 914//308 920//308 922//308 918//308
f 911//309 915//309 916//309 912//309
f 914//310 918//310 917//310 913//310
f 919//307 923//307 924//307 920//307
f 918//306 922//306 921//306 916//306
f 912//307 919//307 920//307 914//307
f 916//311 921//311 919//311 912//311
f 923//312 925//312 926//312 924//312
f 921//313 925//313 923//313 919//313
f 922//306 926//306 925//306 921//306
f 920//314 924//314 926//314 922//314
f 927//315 931//315 933//315 929//315
f 911//316 927//316 929//316 915//316
f 917//317 930//317 928//317 913//317
f 915//306 929//306 930//306 917//306
f 932//318 934//318 933//318 931//318
f 928//307 932//307 931//307 927//307
f 930//319 934//319 932//319 928//319
f 929//306 933//306 934//306 930//306
f 935//310 936//310 938//310 937//310
f 936//306 941//306 944//306 938//306
f 937//307 940//307 939//307 935//307
f 939//324 940//324 943//324 942//324
f 938//321 944//321 943//321 940//321 937//321
f 941//325 942//325 943//325 944//325
f 935//323 939//323 942//323 941//323 936//323
f 2610//321 2599//321 2554//321 2560//321
f 2573//309 2563//309 2591//309 2592//309
f 2561//307 2556//307 2563//307 2564//307 2559//307
f 2598//310 2603//310 2555//310 2553//310
f 2562//307 2558//307 2556//307 2561//307
f 2567//307 2566//307 2558//307 2562//307
f 2566//326 2619//326 2626//326 2568//326
f 2603//310 2607//310 2557//310 2555//310
f 2565//307 2567//307 2562//307 2557//307
f 2557//307 2562//307 2561//307 2555//307
f 2553//327 2559//327 2611//327 2598//327
f 2555//307 2561//307 2559//307 2553//307
f 2564//307 2563//307 2573//307 2572//307
f 2559//327 2564//327 2616//327 2611//327
f 2560//307 2567//307 2565//307
f 2599//321 2597//321 2665//321 2661//321
f 2560//307 2554//307 2566//307 2567//307
f 2607//310 2621//310 2565//310 2557//310
f 2610//328 2560//328 2565//328 2621//328
f 2568//323 2626//323 2630//323 2570//323
f 2558//329 2566//329 2568//329 2569//329
f 2605//309 2558//309 2569//309 2625//309
f 2630//309 2629//309 2571//309 2570//309
f 2625//321 2569//321 2571//321 2629//321
f 2569//306 2568//306 2570//306 2571//306
f 2573//330 2633//330 2634//330 2572//330
f 2616//331 2564//331 2572//331 2634//331
f 2556//309 2602//309 2651//309 2590//309
f 2574//332 2575//332 2577//332 2576//332
f 2579//333 2581//333 2580//333 2578//333
f 2574//307 2576//307 2581//307 2579//307
f 2575//310 2574//310 2579//310 2578//310
f 2576//309 2577//309 2580//309 2581//309
f 2577//306 2575//306 2578//306 2580//306
f 2582//332 2583//332 2585//332 2584//332
f 2587//333 2589//333 2588//333 2586//333
f 2582//307 2584//307 2589//307 2587//307
f 2583//310 2582//310 2587//310 2586//310
f 2584//309 2585//309 2588//309 2589//309
f 2585//306 2583//306 2586//306 2588//306
f 2590//323 2651//323 2617//323 2593//323
f 2592//306 2591//306 2594//306 2595//306
f 2633//309 2573//309 2592//309 2655//309
f 2563//334 2556//334 2590//334 2591//334
f 2617//335 2658//335 2594//335 2593//335
f 2594//309 2658//309 2660//309 2595//309
f 2655//321 2592//321 2595//321 2660//321
f 2591//306 2590//306 2593//306 2594//306
f 2610//321 2609//321 2597//321 2599//321
f 2632//309 2654//309 2653//309 2614//309
f 2612//306 2608//306 2615//306 2614//306 2601//306
f 2556//336 2558//336 2605//336 2602//336
f 2598//310 2596//310 2600//310 2603//310
f 2613//306 2612//306 2601//306 2606//306
f 2622//306 2613//306 2606//306 2620//306
f 2620//326 2623//326 2626//326 2619//326
f 2603//310 2600//310 2604//310 2607//310
f 2618//306 2604//306 2613//306 2622//306
f 2604//306 2600//306 2612//306 2613//306
f 2596//327 2598//327 2611//327 2608//327
f 2600//306 2596//306 2608//306 2612//306
f 2615//306 2631//306 2632//306 2614//306
f 2608//327 2611//327 2616//327 2615//327
f 2609//306 2618//306 2622//306
f 2554//321 2599//321 2661//321 2662//321
f 2609//306 2622//306 2620//306 2597//306
f 2607//310 2604//310 2618//310 2621//310
f 2610//328 2621//328 2618//328 2609//328
f 2623//323 2627//323 2630//323 2626//323
f 2606//337 2624//337 2623//337 2620//337
f 2605//309 2625//309 2624//309 2606//309
f 2630//309 2627//309 2628//309 2629//309
f 2625//321 2629//321 2628//321 2624//321
f 2624//307 2628//307 2627//307 2623//307
f 2602//336 2605//336 2606//336 2601//336
f 2632//330 2631//330 2634//330 2633//330
f 2616//331 2634//331 2631//331 2615//331
f 2601//309 2652//309 2651//309 2602//309
f 2635//332 2637//332 2638//332 2636//332
f 2640//333 2639//333 2641//333 2642//333
f 2635//306 2640//306 2642//306 2637//306
f 2636//310 2639//310 2640//310 2635//310
f 2637//309 2642//309 2641//309 2638//309
f 2638//307 2641//307 2639//307 2636//307
f 2643//332 2645//332 2646//332 2644//332
f 2648//333 2647//333 2649//333 2650//333
f 2643//306 2648//306 2650//306 2645//306
f 2644//310 2647//310 2648//310 2643//310
f 2645//309 2650//309 2649//309 2646//309
f 2646//307 2649//307 2647//307 2644//307
f 2652//323 2656//323 2617//323 2651//323
f 2654//307 2659//307 2657//307 2653//307
f 2633//309 2655//309 2654//309 2632//309
f 2614//338 2653//338 2652//338 2601//338
f 2617//335 2656//335 2657//335 2658//335
f 2657//309 2659//309 2660//309 2658//309
f 2655//321 2660//321 2659//321 2654//321
f 2653//307 2657//307 2656//307 2652//307
f 2661//339 2663//339 2664//339 2662//339
f 2661//339 2665//339 2666//339 2663//339
f 2597//306 2620//306 2666//306 2665//306
f 2619//340 2566//340 2664//340 2663//340
f 2620//340 2619//340 2663//340 2666//340
f 2566//307 2554//307 2662//307 2664//307
f 2684//307 2685//307 2678//307 2675//307
f 2688//341 2689//341 2686//341 2683//341
f 2672//342 2673//342 2695//342 2696//342
f 2681//343 2682//343 2672//343 2671//343
f 2676//344 2677//344 2682//344 2679//344
f 2680//306 2681//306 2690//306 2687//306
f 2675//345 2678//345 2677//345 2676//345
f 2681//346 2680//346 2679//346 2682//346
f 2689//347 2688//347 2687//347 2690//347
f 2685//348 2684//348 2683//348 2686//348
f 2679//310 2680//310 2687//310 2688//310 2683//310 2684//310 2675//310 2676//310
f 2677//343 2678//343 2674//343 2673//343
f 2686//343 2689//343 2669//343 2668//343
f 2682//343 2677//343 2673//343 2672//343
f 2690//343 2681//343 2671//343 2670//343
f 2685//343 2686//343 2668//343 2667//343
f 2678//343 2685//343 2667//343 2674//343
f 2689//343 2690//343 2670//343 2669//343
f 2698//343 2697//343 2705//343 2706//343
f 2668//349 2669//349 2692//349 2691//349
f 2671//350 2672//350 2696//350 2697//350
f 2673//351 2674//351 2694//351 2695//351
f 2674//306 2667//306 2693//306 2694//306
f 2670//307 2671//307 2697//307 2698//307
f 2669//352 2670//352 2698//352 2692//352
f 2667//353 2668//353 2691//353 2693//353
f 2701//350 2699//350 2707//350 2709//350
f 2697//343 2696//343 2704//343 2705//343
f 2695//343 2694//343 2702//343 2703//343
f 2694//343 2693//343 2701//343 2702//343
f 2692//343 2698//343 2706//343 2700//343
f 2693//343 2691//343 2699//343 2701//343
f 2696//343 2695//343 2703//343 2704//343
f 2691//343 2692//343 2700//343 2699//343
f 2708//343 2714//343 2713//343 2712//343 2711//343 2710//343 2709//343 2707//343
f 2704//349 2703//349 2711//349 2712//349
f 2699//342 2700//342 2708//342 2707//342
f 2706//306 2705//306 2713//306 2714//306
f 2705//353 2704//353 2712//353 2713//353
f 2703//352 2702//352 2710//352 2711//352
f 2702//307 2701//307 2709//307 2710//307
f 2700//351 2706//351 2714//351 2708//351
f 2732//307 2733//307 2726//307 2723//307
f 2736//341 2737//341 2734//341 2731//341
f 2720//342 2721//342 2743//342 2744//342
f 2729//343 2730//343 2720//343 2719//343
f 2724//344 2725//344 2730//344 2727//344
f 2728//306 2729//306 2738//306 2735//306
f 2723//345 2726//345 2725//345 2724//345
f 2729//346 2728//346 2727//346 2730//346
f 2737//347 2736//347 2735//347 2738//347
f 2733//354 2732//354 2731//354 2734//354
f 2727//310 2728//310 2735//310 2736//310 2731//310 2732//310 2723//310 2724//310
f 2725//343 2726//343 2722//343 2721//343
f 2734//343 2737//343 2717//343 2716//343
f 2730//343 2725//343 2721//343 2720//343
f 2738//343 2729//343 2719//343 2718//343
f 2733//343 2734//343 2716//343 2715//343
f 2726//343 2733//343 2715//343 2722//343
f 2737//343 2738//343 2718//343 2717//343
f 2746//343 2745//343 2753//343 2754//343
f 2716//349 2717//349 2740//349 2739//349
f 2719//350 2720//350 2744//350 2745//350
f 2721//351 2722//351 2742//351 2743//351
f 2722//306 2715//306 2741//306 2742//306
f 2718//307 2719//307 2745//307 2746//307
f 2717//352 2718//352 2746//352 2740//352
f 2715//353 2716//353 2739//353 2741//353
f 2749//350 2747//350 2755//350 2757//350
f 2745//343 2744//343 2752//343 2753//343
f 2743//343 2742//343 2750//343 2751//343
f 2742//343 2741//343 2749//343 2750//343
f 2740//343 2746//343 2754//343 2748//343
f 2741//343 2739//343 2747//343 2749//343
f 2744//343 2743//343 2751//343 2752//343
f 2739//343 2740//343 2748//343 2747//343
f 2756//343 2762//343 2761//343 2760//343 2759//343 2758//343 2757//343 2755//343
f 2752//349 2751//349 2759//349 2760//349
f 2747//342 2748//342 2756//342 2755//342
f 2754//306 2753//306 2761//306 2762//306
f 2753//353 2752//353 2760//353 2761//353
f 2751//352 2750//352 2758//352 2759//352
f 2750//307 2749//307 2757//307 2758//307
f 2748//351 2754//351 2762//351 2756//351
f 2780//307 2781//307 2774//307 2771//307
f 2784//341 2785//341 2782//341 2779//341
f 2768//342 2769//342 2791//342 2792//342
f 2777//343 2778//343 2768//343 2767//343
f 2772//344 2773//344 2778//344 2775//344
f 2776//306 2777//306 2786//306 2783//306
f 2771//345 2774//345 2773//345 2772//345
f 2777//346 2776//346 2775//346 2778//346
f 2785//347 2784//347 2783//347 2786//347
f 2781//348 2780//348 2779//348 2782//348
f 2775//310 2776//310 2783//310 2784//310 2779//310 2780//310 2771//310 2772//310
f 2773//343 2774//343 2770//343 2769//343
f 2782//343 2785//343 2765//343 2764//343
f 2778//343 2773//343 2769//343 2768//343
f 2786//343 2777//343 2767//343 2766//343
f 2781//343 2782//343 2764//343 2763//343
f 2774//343 2781//343 2763//343 2770//343
f 2785//343 2786//343 2766//343 2765//343
f 2794//343 2793//343 2801//343 2802//343
f 2764//349 2765//349 2788//349 2787//349
f 2767//350 2768//350 2792//350 2793//350
f 2769//351 2770//351 2790//351 2791//351
f 2770//306 2763//306 2789//306 2790//306
f 2766//307 2767//307 2793//307 2794//307
f 2765//352 2766//352 2794//352 2788//352
f 2763//353 2764//353 2787//353 2789//353
f 2797//350 2795//350 2803//350 2805//350
f 2793//343 2792//343 2800//343 2801//343
f 2791//343 2790//343 2798//343 2799//343
f 2790//343 2789//343 2797//343 2798//343
f 2788//343 2794//343 2802//343 2796//343
f 2789//343 2787//343 2795//343 2797//343
f 2792//343 2791//343 2799//343 2800//343
f 2787//343 2788//343 2796//343 2795//343
f 2804//343 2810//343 2809//343 2808//343 2807//343 2806//343 2805//343 2803//343
f 2800//349 2799//349 2807//349 2808//349
f 2795//342 2796//342 2804//342 2803//342
f 2802//306 2801//306 2809//306 2810//306
f 2801//353 2800//353 2808//353 2809//353
f 2799//352 2798//352 2806//352 2807//352
f 2798//307 2797//307 2805//307 2806//307
f 2796//351 2802//351 2810//351 2804//351
f 2828//307 2829//307 2822//307 2819//307
f 2832//341 2833//341 2830//341 2827//341
f 2816//342 2817//342 2839//342 2840//342
f 2825//343 2826//343 2816//343 2815//343
f 2820//344 2821//344 2826//344 2823//344
f 2824//306 2825//306 2834//306 2831//306
f 2819//345 2822//345 2821//345 2820//345
f 2825//346 2824//346 2823//346 2826//346
f 2833//355 2832//355 2831//355 2834//355
f 2829//348 2828//348 2827//348 2830//348
f 2823//310 2824//310 2831//310 2832//310 2827//310 2828//310 2819//310 2820//310
f 2821//343 2822//343 2818//343 2817//343
f 2830//343 2833//343 2813//343 2812//343
f 2826//343 2821//343 2817//343 2816//343
f 2834//343 2825//343 2815//343 2814//343
f 2829//343 2830//343 2812//343 2811//343
f 2822//343 2829//343 2811//343 2818//343
f 2833//343 2834//343 2814//343 2813//343
f 2842//343 2841//343 2849//343 2850//343
f 2812//349 2813//349 2836//349 2835//349
f 2815//350 2816//350 2840//350 2841//350
f 2817//351 2818//351 2838//351 2839//351
f 2818//306 2811//306 2837//306 2838//306
f 2814//307 2815//307 2841//307 2842//307
f 2813//352 2814//352 2842//352 2836//352
f 2811//353 2812//353 2835//353 2837//353
f 2845//350 2843//350 2851//350 2853//350
f 2841//343 2840//343 2848//343 2849//343
f 2839//343 2838//343 2846//343 2847//343
f 2838//343 2837//343 2845//343 2846//343
f 2836//343 2842//343 2850//343 2844//343
f 2837//343 2835//343 2843//343 2845//343
f 2840//343 2839//343 2847//343 2848//343
f 2835//343 2836//343 2844//343 2843//343
f 2852//343 2858//343 2857//343 2856//343 2855//343 2854//343 2853//343 2851//343
f 2848//349 2847//349 2855//349 2856//349
f 2843//342 2844//342 2852//342 2851//342
f 2850//306 2849//306 2857//306 2858//306
f 2849//353 2848//353 2856//353 2857//353
f 2847//352 2846//352 2854//352 2855//352
f 2846//307 2845//307 2853//307 2854//307
f 2844//351 2850//351 2858//351 2852//351
usemtl Main_Dark
f 663//306 679//306 678//306 662//306
f 674//306 690//306 689//306 673//306
f 631//307 632//307 646//307 647//307
f 644//307 642//307 657//307 658//307
f 629//307 631//307 647//307 648//307
f 643//307 644//307 658//307 659//307
f 633//307 635//307 649//307 650//307
f 641//307 643//307 659//307 660//307
f 635//307 636//307 651//307 649//307
f 630//307 637//307 654//307 645//307
f 636//307 634//307 652//307 651//307
f 634//307 629//307 648//307 652//307
f 637//307 639//307 653//307 654//307
f 638//307 641//307 660//307 656//307
f 639//307 640//307 655//307 653//307
f 632//307 630//307 645//307 646//307
f 642//307 633//307 650//307 657//307
f 640//307 638//307 656//307 655//307
f 664//306 680//306 679//306 663//306
f 675//306 691//306 690//306 674//306
f 666//306 682//306 681//306 665//306
f 676//306 692//306 691//306 675//306
f 665//306 681//306 683//306 667//306
f 661//306 677//306 686//306 670//306
f 667//306 683//306 684//306 668//306
f 668//306 684//306 680//306 664//306
f 670//306 686//306 685//306 669//306
f 672//306 688//306 692//306 676//306
f 669//306 685//306 687//306 671//306
f 662//306 678//306 677//306 661//306
f 673//306 689//306 682//306 666//306
f 671//306 687//306 688//306 672//306
f 640//356 671//356 672//356 638//356
f 653//357 685//357 686//357 654//357
f 644//358 674//358 673//358 642//358
f 655//359 687//359 685//359 653//359
f 643//360 675//360 674//360 644//360
f 656//361 688//361 687//361 655//361
f 641//362 676//362 675//362 643//362
f 657//363 689//363 690//363 658//363
f 630//310 661//310 670//310 637//310
f 658//364 690//364 691//364 659//364
f 634//323 668//323 664//323 629//323
f 632//365 662//365 661//365 630//365
f 659//366 691//366 692//366 660//366
f 638//321 672//321 676//321 641//321
f 631//367 663//367 662//367 632//367
f 654//309 686//309 677//309 645//309
f 642//309 673//309 666//309 633//309
f 629//368 664//368 663//368 631//368
f 648//321 680//321 684//321 652//321
f 645//369 677//369 678//369 646//369
f 633//370 666//370 665//370 635//370
f 660//323 692//323 688//323 656//323
f 646//371 678//371 679//371 647//371
f 635//372 665//372 667//372 636//372
f 650//310 682//310 689//310 657//310
f 647//373 679//373 680//373 648//373
f 636//374 667//374 668//374 634//374
f 649//375 681//375 682//375 650//375
f 637//376 670//376 669//376 639//376
f 651//377 683//377 681//377 649//377
f 639//378 669//378 671//378 640//378
f 652//379 684//379 683//379 651//379
f 727//306 743//306 742//306 726//306
f 738//306 754//306 753//306 737//306
f 695//307 696//307 710//307 711//307
f 708//307 706//307 721//307 722//307
f 693//307 695//307 711//307 712//307
f 707//307 708//307 722//307 723//307
f 697//307 699//307 713//307 714//307
f 705//307 707//307 723//307 724//307
f 699//307 700//307 715//307 713//307
f 694//307 701//307 718//307 709//307
f 700//307 698//307 716//307 715//307
f 698//307 693//307 712//307 716//307
f 701//307 703//307 717//307 718//307
f 702//307 705//307 724//307 720//307
f 703//307 704//307 719//307 717//307
f 696//307 694//307 709//307 710//307
f 706//307 697//307 714//307 721//307
f 704//307 702//307 720//307 719//307
f 728//306 744//306 743//306 727//306
f 739//306 755//306 754//306 738//306
f 730//306 746//306 745//306 729//306
f 740//306 756//306 755//306 739//306
f 729//306 745//306 747//306 731//306
f 725//306 741//306 750//306 734//306
f 731//306 747//306 748//306 732//306
f 732//306 748//306 744//306 728//306
f 734//306 750//306 749//306 733//306
f 736//306 752//306 756//306 740//306
f 733//306 749//306 751//306 735//306
f 726//306 742//306 741//306 725//306
f 737//306 753//306 746//306 730//306
f 735//306 751//306 752//306 736//306
f 704//356 735//356 736//356 702//356
f 717//380 749//380 750//380 718//380
f 708//358 738//358 737//358 706//358
f 719//381 751//381 749//381 717//381
f 707//360 739//360 738//360 708//360
f 720//382 752//382 751//382 719//382
f 705//362 740//362 739//362 707//362
f 721//383 753//383 754//383 722//383
f 694//310 725//310 734//310 701//310
f 722//384 754//384 755//384 723//384
f 698//323 732//323 728//323 693//323
f 696//365 726//365 725//365 694//365
f 723//385 755//385 756//385 724//385
f 702//321 736//321 740//321 705//321
f 695//367 727//367 726//367 696//367
f 718//309 750//309 741//309 709//309
f 706//309 737//309 730//309 697//309
f 693//368 728//368 727//368 695//368
f 712//321 744//321 748//321 716//321
f 709//386 741//386 742//386 710//386
f 697//370 730//370 729//370 699//370
f 724//323 756//323 752//323 720//323
f 710//387 742//387 743//387 711//387
f 699//372 729//372 731//372 700//372
f 714//310 746//310 753//310 721//310
f 711//388 743//388 744//388 712//388
f 700//374 731//374 732//374 698//374
f 713//389 745//389 746//389 714//389
f 701//376 734//376 733//376 703//376
f 715//390 747//390 745//390 713//390
f 703//378 733//378 735//378 704//378
f 716//391 748//391 747//391 715//391
usemtl Main_Light
f 791//392 792//392 794//392 793//392
f 793//306 794//306 798//306 797//306
f 797//393 798//393 796//393 795//393
f 795//307 796//307 792//307 791//307
f 791//394 793//394 799//394 800//394
f 798//395 794//395 792//395 796//395
f 799//396 801//396 802//396 800//396
f 797//397 795//397 802//397 801//397
f 795//307 791//307 800//307 802//307
f 793//306 797//306 801//306 799//306
f 803//398 804//398 806//398 805//398
f 805//306 806//306 810//306 809//306
f 809//399 810//399 808//399 807//399
f 807//307 808//307 804//307 803//307
f 803//400 805//400 811//400 812//400
f 810//401 806//401 804//401 808//401
f 811//402 813//402 814//402 812//402
f 809//403 807//403 814//403 813//403
f 807//307 803//307 812//307 814//307
f 805//306 809//306 813//306 811//306
f 815//404 816//404 818//404 817//404
f 817//306 818//306 822//306 821//306
f 821//405 822//405 820//405 819//405
f 819//307 820//307 816//307 815//307
f 815//323 817//323 823//323 824//323
f 822//309 818//309 816//309 820//309
f 823//310 825//310 826//310 824//310
f 821//321 819//321 826//321 825//321
f 819//307 815//307 824//307 826//307
f 817//306 821//306 825//306 823//306
f 827//404 828//404 830//404 829//404
f 829//306 830//306 834//306 833//306
f 833//405 834//405 832//405 831//405
f 831//307 832//307 828//307 827//307
f 827//323 829//323 835//323 836//323
f 834//309 830//309 828//309 832//309
f 835//310 837//310 838//310 836//310
f 833//321 831//321 838//321 837//321
f 831//307 827//307 836//307 838//307
f 829//306 833//306 837//306 835//306
f 839//404 840//404 842//404 841//404
f 841//306 842//306 846//306 845//306
f 845//405 846//405 844//405 843//405
f 843//307 844//307 840//307 839//307
f 839//323 841//323 847//323 848//323
f 846//309 842//309 840//309 844//309
f 847//310 849//310 850//310 848//310
f 845//321 843//321 850//321 849//321
f 843//307 839//307 848//307 850//307
f 841//306 845//306 849//306 847//306
f 851//404 852//404 854//404 853//404
f 853//306 854//306 858//306 857//306
f 857//405 858//405 856//405 855//405
f 855//307 856//307 852//307 851//307
f 851//323 853//323 859//323 860//323
f 858//309 854//309 852//309 856//309
f 859//310 861//310 862//310 860//310
f 857//321 855//321 862//321 861//321
f 855//307 851//307 860//307 862//307
f 853//306 857//306 861//306 859//306
f 863//404 864//404 866//404 865//404
f 865//306 866//306 870//306 869//306
f 869//405 870//405 868//405 867//405
f 867//307 868//307 864//307 863//307
f 863//323 865//323 871//323 872//323
f 870//309 866//309 864//309 868//309
f 871//310 873//310 874//310 872//310
f 869//321 867//321 874//321 873//321
f 867//307 863//307 872//307 874//307
f 865//306 869//306 873//306 871//306
f 875//404 876//404 878//404 877//404
f 877//306 878//306 882//306 881//306
f 881//405 882//405 880//405 879//405
f 879//307 880//307 876//307 875//307
f 875//323 877//323 883//323 884//323
f 882//309 878//309 876//309 880//309
f 883//310 885//310 886//310 884//310
f 881//321 879//321 886//321 885//321
f 879//307 875//307 884//307 886//307
f 877//306 881//306 885//306 883//306
f 887//406 888//406 890//406 889//406
f 889//306 890//306 894//306 893//306
f 893//407 894//407 892//407 891//407
f 891//307 892//307 888//307 887//307
f 887//408 889//408 895//408 896//408
f 894//409 890//409 888//409 892//409
f 895//410 897//410 898//410 896//410
f 893//411 891//411 898//411 897//411
f 891//307 887//307 896//307 898//307
f 889//306 893//306 897//306 895//306
f 899//412 900//412 902//412 901//412
f 901//306 902//306 906//306 905//306
f 905//413 906//413 904//413 903//413
f 903//307 904//307 900//307 899//307
f 899//414 901//414 907//414 908//414
f 906//415 902//415 900//415 904//415
f 907//416 909//416 910//416 908//416
f 905//417 903//417 910//417 909//417
f 903//307 899//307 908//307 910//307
f 901//306 905//306 909//306 907//306
f 945//392 947//392 948//392 946//392
f 947//307 951//307 952//307 948//307
f 951//393 949//393 950//393 952//393
f 949//306 945//306 946//306 950//306
f 945//394 954//394 953//394 947//394
f 952//395 950//395 946//395 948//395
f 953//396 954//396 956//396 955//396
f 951//397 955//397 956//397 949//397
f 949//306 956//306 954//306 945//306
f 947//307 953//307 955//307 951//307
f 957//398 959//398 960//398 958//398
f 959//307 963//307 964//307 960//307
f 963//399 961//399 962//399 964//399
f 961//306 957//306 958//306 962//306
f 957//400 966//400 965//400 959//400
f 964//401 962//401 958//401 960//401
f 965//402 966//402 968//402 967//402
f 963//403 967//403 968//403 961//403
f 961//306 968//306 966//306 957//306
f 959//307 965//307 967//307 963//307
f 969//404 971//404 972//404 970//404
f 971//307 975//307 976//307 972//307
f 975//405 973//405 974//405 976//405
f 973//306 969//306 970//306 974//306
f 969//323 978//323 977//323 971//323
f 976//309 974//309 970//309 972//309
f 977//310 978//310 980//310 979//310
f 975//321 979//321 980//321 973//321
f 973//306 980//306 978//306 969//306
f 971//307 977//307 979//307 975//307
f 981//404 983//404 984//404 982//404
f 983//307 987//307 988//307 984//307
f 987//405 985//405 986//405 988//405
f 985//306 981//306 982//306 986//306
f 981//323 990//323 989//323 983//323
f 988//309 986//309 982//309 984//309
f 989//310 990//310 992//310 991//310
f 987//321 991//321 992//321 985//321
f 985//306 992//306 990//306 981//306
f 983//307 989//307 991//307 987//307
f 993//404 995//404 996//404 994//404
f 995//307 999//307 1000//307 996//307
f 999//405 997//405 998//405 1000//405
f 997//306 993//306 994//306 998//306
f 993//323 1002//323 1001//323 995//323
f 1000//309 998//309 994//309 996//309
f 1001//310 1002//310 1004//310 1003//310
f 999//321 1003//321 1004//321 997//321
f 997//306 1004//306 1002//306 993//306
f 995//307 1001//307 1003//307 999//307
f 1005//404 1007//404 1008//404 1006//404
f 1007//307 1011//307 1012//307 1008//307
f 1011//405 1009//405 1010//405 1012//405
f 1009//306 1005//306 1006//306 1010//306
f 1005//323 1014//323 1013//323 1007//323
f 1012//309 1010//309 1006//309 1008//309
f 1013//310 1014//310 1016//310 1015//310
f 1011//321 1015//321 1016//321 1009//321
f 1009//306 1016//306 1014//306 1005//306
f 1007//307 1013//307 1015//307 1011//307
f 1017//404 1019//404 1020//404 1018//404
f 1019//307 1023//307 1024//307 1020//307
f 1023//405 1021//405 1022//405 1024//405
f 1021//306 1017//306 1018//306 1022//306
f 1017//323 1026//323 1025//323 1019//323
f 1024//309 1022//309 1018//309 1020//309
f 1025//310 1026//310 1028//310 1027//310
f 1023//321 1027//321 1028//321 1021//321
f 1021//306 1028//306 1026//306 1017//306
f 1019//307 1025//307 1027//307 1023//307
f 1029//404 1031//404 1032//404 1030//404
f 1031//307 1035//307 1036//307 1032//307
f 1035//405 1033//405 1034//405 1036//405
f 1033//306 1029//306 1030//306 1034//306
f 1029//323 1038//323 1037//323 1031//323
f 1036//309 1034//309 1030//309 1032//309
f 1037//310 1038//310 1040//310 1039//310
f 1035//321 1039//321 1040//321 1033//321
f 1033//306 1040//306 1038//306 1029//306
f 1031//307 1037//307 1039//307 1035//307
f 1041//406 1043//406 1044//406 1042//406
f 1043//307 1047//307 1048//307 1044//307
f 1047//407 1045//407 1046//407 1048//407
f 1045//306 1041//306 1042//306 1046//306
f 1041//408 1050//408 1049//408 1043//408
f 1048//409 1046//409 1042//409 1044//409
f 1049//410 1050//410 1052//410 1051//410
f 1047//411 1051//411 1052//411 1045//411
f 1045//306 1052//306 1050//306 1041//306
f 1043//307 1049//307 1051//307 1047//307
f 1053//412 1055//412 1056//412 1054//412
f 1055//307 1059//307 1060//307 1056//307
f 1059//413 1057//413 1058//413 1060//413
f 1057//306 1053//306 1054//306 1058//306
f 1053//414 1062//414 1061//414 1055//414
f 1060//415 1058//415 1054//415 1056//415
f 1061//416 1062//416 1064//416 1063//416
f 1059//417 1063//417 1064//417 1057//417
f 1057//306 1064//306 1062//306 1053//306
f 1055//307 1061//307 1063//307 1059//307
usemtl Main_Details
f 1071//306 1067//306 1070//306 1072//306
f 1067//306 1066//306 1069//306 1070//306
f 1066//306 1065//306 1068//306 1069//306
f 1065//306 1073//306 1074//306 1068//306
f 1072//306 1076//306 1075//306 1071//306
f 1083//307 1084//307 1082//307 1079//307
f 1079//307 1082//307 1081//307 1078//307
f 1078//307 1081//307 1080//307 1077//307
f 1077//307 1080//307 1086//307 1085//307
f 1084//307 1083//307 1087//307 1088//307
f 1068//418 1074//418 1086//418 1080//418
f 1066//310 1067//310 1079//310 1078//310
f 1070//419 1069//419 1081//419 1082//419
f 1075//420 1076//420 1088//420 1087//420
f 1074//421 1073//421 1085//421 1086//421
f 1065//310 1066//310 1078//310 1077//310
f 1069//422 1068//422 1080//422 1081//422
f 1076//423 1072//423 1084//423 1088//423
f 1073//424 1065//424 1077//424 1085//424
f 1067//310 1071//310 1083//310 1079//310
f 1071//425 1075//425 1087//425 1083//425
f 1072//426 1070//426 1082//426 1084//426
f 1095//307 1096//307 1094//307 1091//307
f 1091//307 1094//307 1093//307 1090//307
f 1090//307 1093//307 1092//307 1089//307
f 1089//307 1092//307 1098//307 1097//307
f 1096//307 1095//307 1099//307 1100//307
f 1107//306 1103//306 1106//306 1108//306
f 1103//306 1102//306 1105//306 1106//306
f 1102//306 1101//306 1104//306 1105//306
f 1101//306 1109//306 1110//306 1104//306
f 1108//306 1112//306 1111//306 1107//306
f 1092//418 1104//418 1110//418 1098//418
f 1090//310 1102//310 1103//310 1091//310
f 1094//419 1106//419 1105//419 1093//419
f 1099//420 1111//420 1112//420 1100//420
f 1098//421 1110//421 1109//421 1097//421
f 1089//310 1101//310 1102//310 1090//310
f 1093//422 1105//422 1104//422 1092//422
f 1100//423 1112//423 1108//423 1096//423
f 1097//424 1109//424 1101//424 1089//424
f 1091//310 1103//310 1107//310 1095//310
f 1095//425 1107//425 1111//425 1099//425
f 1096//426 1108//426 1106//426 1094//426
usemtl Wheels
f 1114//427 1174//427 1173//427 1113//427
f 1115//428 1175//428 1174//428 1114//428
f 1116//429 1176//429 1175//429 1115//429
f 1117//430 1177//430 1176//430 1116//430
f 1118//431 1178//431 1177//431 1117//431
f 1119//432 1179//432 1178//432 1118//432
f 1120//433 1180//433 1179//433 1119//433
f 1121//434 1181//434 1180//434 1120//434
f 1122//435 1182//435 1181//435 1121//435
f 1117//307 1116//307 1128//307 1129//307
f 1123//436 1183//436 1182//436 1122//436
f 1124//437 1184//437 1183//437 1123//437
f 1128//435 1127//435 1139//435 1140//435
f 1113//307 1124//307 1136//307 1126//307
f 1114//307 1113//307 1126//307 1125//307
f 1116//307 1115//307 1127//307 1128//307
f 1124//307 1123//307 1135//307 1136//307
f 1115//307 1114//307 1125//307 1127//307
f 1123//307 1122//307 1134//307 1135//307
f 1122//307 1121//307 1133//307 1134//307
f 1121//307 1120//307 1132//307 1133//307
f 1120//307 1119//307 1131//307 1132//307
f 1119//307 1118//307 1130//307 1131//307
f 1118//307 1117//307 1129//307 1130//307
f 1140//307 1139//307 1151//307 1152//307
f 1135//430 1134//430 1146//430 1147//430
f 1132//427 1131//427 1143//427 1144//427
f 1129//436 1128//436 1140//436 1141//436
f 1136//431 1135//431 1147//431 1148//431
f 1125//433 1126//433 1138//433 1137//433
f 1133//428 1132//428 1144//428 1145//428
f 1130//437 1129//437 1141//437 1142//437
f 1126//432 1136//432 1148//432 1138//432
f 1127//434 1125//434 1137//434 1139//434
f 1134//429 1133//429 1145//429 1146//429
f 1131//438 1130//438 1142//438 1143//438
f 1155//432 1154//432 1166//432 1167//432
f 1147//307 1146//307 1158//307 1159//307
f 1144//307 1143//307 1155//307 1156//307
f 1141//307 1140//307 1152//307 1153//307
f 1148//307 1147//307 1159//307 1160//307
f 1137//307 1138//307 1150//307 1149//307
f 1145//307 1144//307 1156//307 1157//307
f 1142//307 1141//307 1153//307 1154//307
f 1138//307 1148//307 1160//307 1150//307
f 1139//307 1137//307 1149//307 1151//307
f 1146//307 1145//307 1157//307 1158//307
f 1143//307 1142//307 1154//307 1155//307
f 1161//307 1162//307 1172//307 1171//307 1170//307 1169//307 1168//307 1167//307 1166//307 1165//307 1164//307 1163//307
f 1152//429 1151//429 1163//429 1164//429
f 1159//436 1158//436 1170//436 1171//436
f 1156//433 1155//433 1167//433 1168//433
f 1153//430 1152//430 1164//430 1165//430
f 1160//437 1159//437 1171//437 1172//437
f 1149//427 1150//427 1162//427 1161//427
f 1157//434 1156//434 1168//434 1169//434
f 1154//431 1153//431 1165//431 1166//431
f 1150//438 1160//438 1172//438 1162//438
f 1151//428 1149//428 1161//428 1163//428
f 1158//435 1157//435 1169//435 1170//435
f 1177//306 1189//306 1188//306 1176//306
f 1188//435 1200//435 1199//435 1187//435
f 1173//306 1186//306 1196//306 1184//306
f 1174//306 1185//306 1186//306 1173//306
f 1176//306 1188//306 1187//306 1175//306
f 1184//306 1196//306 1195//306 1183//306
f 1175//306 1187//306 1185//306 1174//306
f 1183//306 1195//306 1194//306 1182//306
f 1182//306 1194//306 1193//306 1181//306
f 1181//306 1193//306 1192//306 1180//306
f 1180//306 1192//306 1191//306 1179//306
f 1179//306 1191//306 1190//306 1178//306
f 1178//306 1190//306 1189//306 1177//306
f 1200//306 1212//306 1211//306 1199//306
f 1195//430 1207//430 1206//430 1194//430
f 1192//427 1204//427 1203//427 1191//427
f 1189//436 1201//436 1200//436 1188//436
f 1196//431 1208//431 1207//431 1195//431
f 1185//433 1197//433 1198//433 1186//433
f 1193//428 1205//428 1204//428 1192//428
f 1190//437 1202//437 1201//437 1189//437
f 1186//432 1198//432 1208//432 1196//432
f 1187//434 1199//434 1197//434 1185//434
f 1194//429 1206//429 1205//429 1193//429
f 1191//438 1203//438 1202//438 1190//438
f 1215//432 1227//432 1226//432 1214//432
f 1207//306 1219//306 1218//306 1206//306
f 1204//306 1216//306 1215//306 1203//306
f 1201//306 1213//306 1212//306 1200//306
f 1208//306 1220//306 1219//306 1207//306
f 1197//306 1209//306 1210//306 1198//306
f 1205//306 1217//306 1216//306 1204//306
f 1202//306 1214//306 1213//306 1201//306
f 1198//306 1210//306 1220//306 1208//306
f 1199//306 1211//306 1209//306 1197//306
f 1206//306 1218//306 1217//306 1205//306
f 1203//306 1215//306 1214//306 1202//306
f 1221//306 1223//306 1224//306 1225//306 1226//306 1227//306 1228//306 1229//306 1230//306 1231//306 1232//306 1222//306
f 1212//429 1224//429 1223//429 1211//429
f 1219//436 1231//436 1230//436 1218//436
f 1216//433 1228//433 1227//433 1215//433
f 1213//430 1225//430 1224//430 1212//430
f 1220//437 1232//437 1231//437 1219//437
f 1209//427 1221//427 1222//427 1210//427
f 1217//434 1229//434 1228//434 1216//434
f 1214//431 1226//431 1225//431 1213//431
f 1210//438 1222//438 1232//438 1220//438
f 1211//428 1223//428 1221//428 1209//428
f 1218//435 1230//435 1229//435 1217//435
f 1113//438 1173//438 1184//438 1124//438
f 1234//427 1294//427 1293//427 1233//427
f 1235//428 1295//428 1294//428 1234//428
f 1236//429 1296//429 1295//429 1235//429
f 1237//430 1297//430 1296//430 1236//430
f 1238//431 1298//431 1297//431 1237//431
f 1239//432 1299//432 1298//432 1238//432
f 1240//433 1300//433 1299//433 1239//433
f 1241//434 1301//434 1300//434 1240//434
f 1242//435 1302//435 1301//435 1241//435
f 1237//307 1236//307 1248//307 1249//307
f 1243//436 1303//436 1302//436 1242//436
f 1244//437 1304//437 1303//437 1243//437
f 1248//435 1247//435 1259//435 1260//435
f 1233//307 1244//307 1256//307 1246//307
f 1234//307 1233//307 1246//307 1245//307
f 1236//307 1235//307 1247//307 1248//307
f 1244//307 1243//307 1255//307 1256//307
f 1235//307 1234//307 1245//307 1247//307
f 1243//307 1242//307 1254//307 1255//307
f 1242//307 1241//307 1253//307 1254//307
f 1241//307 1240//307 1252//307 1253//307
f 1240//307 1239//307 1251//307 1252//307
f 1239//307 1238//307 1250//307 1251//307
f 1238//307 1237//307 1249//307 1250//307
f 1260//307 1259//307 1271//307 1272//307
f 1255//430 1254//430 1266//430 1267//430
f 1252//427 1251//427 1263//427 1264//427
f 1249//436 1248//436 1260//436 1261//436
f 1256//431 1255//431 1267//431 1268//431
f 1245//433 1246//433 1258//433 1257//433
f 1253//428 1252//428 1264//428 1265//428
f 1250//437 1249//437 1261//437 1262//437
f 1246//432 1256//432 1268//432 1258//432
f 1247//434 1245//434 1257//434 1259//434
f 1254//429 1253//429 1265//429 1266//429
f 1251//438 1250//438 1262//438 1263//438
f 1275//432 1274//432 1286//432 1287//432
f 1267//307 1266//307 1278//307 1279//307
f 1264//307 1263//307 1275//307 1276//307
f 1261//307 1260//307 1272//307 1273//307
f 1268//307 1267//307 1279//307 1280//307
f 1257//307 1258//307 1270//307 1269//307
f 1265//307 1264//307 1276//307 1277//307
f 1262//307 1261//307 1273//307 1274//307
f 1258//307 1268//307 1280//307 1270//307
f 1259//307 1257//307 1269//307 1271//307
f 1266//307 1265//307 1277//307 1278//307
f 1263//307 1262//307 1274//307 1275//307
f 1281//307 1282//307 1292//307 1291//307 1290//307 1289//307 1288//307 1287//307 1286//307 1285//307 1284//307 1283//307
f 1272//429 1271//429 1283//429 1284//429
f 1279//436 1278//436 1290//436 1291//436
f 1276//433 1275//433 1287//433 1288//433
f 1273//430 1272//430 1284//430 1285//430
f 1280//437 1279//437 1291//437 1292//437
f 1269//427 1270//427 1282//427 1281//427
f 1277//434 1276//434 1288//434 1289//434
f 1274//431 1273//431 1285//431 1286//431
f 1270//438 1280//438 1292//438 1282//438
f 1271//428 1269//428 1281//428 1283//428
f 1278//435 1277//435 1289//435 1290//435
f 1297//306 1309//306 1308//306 1296//306
f 1308//435 1320//435 1319//435 1307//435
f 1293//306 1306//306 1316//306 1304//306
f 1294//306 1305//306 1306//306 1293//306
f 1296//306 1308//306 1307//306 1295//306
f 1304//306 1316//306 1315//306 1303//306
f 1295//306 1307//306 1305//306 1294//306
f 1303//306 1315//306 1314//306 1302//306
f 1302//306 1314//306 1313//306 1301//306
f 1301//306 1313//306 1312//306 1300//306
f 1300//306 1312//306 1311//306 1299//306
f 1299//306 1311//306 1310//306 1298//306
f 1298//306 1310//306 1309//306 1297//306
f 1320//306 1332//306 1331//306 1319//306
f 1315//430 1327//430 1326//430 1314//430
f 1312//427 1324//427 1323//427 1311//427
f 1309//436 1321//436 1320//436 1308//436
f 1316//431 1328//431 1327//431 1315//431
f 1305//433 1317//433 1318//433 1306//433
f 1313//428 1325//428 1324//428 1312//428
f 1310//437 1322//437 1321//437 1309//437
f 1306//432 1318//432 1328//432 1316//432
f 1307//434 1319//434 1317//434 1305//434
f 1314//429 1326//429 1325//429 1313//429
f 1311//438 1323//438 1322//438 1310//438
f 1335//432 1347//432 1346//432 1334//432
f 1327//306 1339//306 1338//306 1326//306
f 1324//306 1336//306 1335//306 1323//306
f 1321//306 1333//306 1332//306 1320//306
f 1328//306 1340//306 1339//306 1327//306
f 1317//306 1329//306 1330//306 1318//306
f 1325//306 1337//306 1336//306 1324//306
f 1322//306 1334//306 1333//306 1321//306
f 1318//306 1330//306 1340//306 1328//306
f 1319//306 1331//306 1329//306 1317//306
f 1326//306 1338//306 1337//306 1325//306
f 1323//306 1335//306 1334//306 1322//306
f 1341//306 1343//306 1344//306 1345//306 1346//306 1347//306 1348//306 1349//306 1350//306 1351//306 1352//306 1342//306
f 1332//429 1344//429 1343//429 1331//429
f 1339//436 1351//436 1350//436 1338//436
f 1336//433 1348//433 1347//433 1335//433
f 1333//430 1345//430 1344//430 1332//430
f 1340//437 1352//437 1351//437 1339//437
f 1329//427 1341//427 1342//427 1330//427
f 1337//434 1349//434 1348//434 1336//434
f 1334//431 1346//431 1345//431 1333//431
f 1330//438 1342//438 1352//438 1340//438
f 1331//428 1343//428 1341//428 1329//428
f 1338//435 1350//435 1349//435 1337//435
f 1233//438 1293//438 1304//438 1244//438
f 1354//427 1414//427 1413//427 1353//427
f 1355//428 1415//428 1414//428 1354//428
f 1356//429 1416//429 1415//429 1355//429
f 1357//430 1417//430 1416//430 1356//430
f 1358//431 1418//431 1417//431 1357//431
f 1359//432 1419//432 1418//432 1358//432
f 1360//433 1420//433 1419//433 1359//433
f 1361//434 1421//434 1420//434 1360//434
f 1362//435 1422//435 1421//435 1361//435
f 1357//307 1356//307 1368//307 1369//307
f 1363//436 1423//436 1422//436 1362//436
f 1364//437 1424//437 1423//437 1363//437
f 1368//435 1367//435 1379//435 1380//435
f 1353//307 1364//307 1376//307 1366//307
f 1354//307 1353//307 1366//307 1365//307
f 1356//307 1355//307 1367//307 1368//307
f 1364//307 1363//307 1375//307 1376//307
f 1355//307 1354//307 1365//307 1367//307
f 1363//307 1362//307 1374//307 1375//307
f 1362//307 1361//307 1373//307 1374//307
f 1361//307 1360//307 1372//307 1373//307
f 1360//307 1359//307 1371//307 1372//307
f 1359//307 1358//307 1370//307 1371//307
f 1358//307 1357//307 1369//307 1370//307
f 1380//307 1379//307 1391//307 1392//307
f 1375//430 1374//430 1386//430 1387//430
f 1372//427 1371//427 1383//427 1384//427
f 1369//436 1368//436 1380//436 1381//436
f 1376//431 1375//431 1387//431 1388//431
f 1365//433 1366//433 1378//433 1377//433
f 1373//428 1372//428 1384//428 1385//428
f 1370//437 1369//437 1381//437 1382//437
f 1366//432 1376//432 1388//432 1378//432
f 1367//434 1365//434 1377//434 1379//434
f 1374//429 1373//429 1385//429 1386//429
f 1371//438 1370//438 1382//438 1383//438
f 1395//432 1394//432 1406//432 1407//432
f 1387//307 1386//307 1398//307 1399//307
f 1384//307 1383//307 1395//307 1396//307
f 1381//307 1380//307 1392//307 1393//307
f 1388//307 1387//307 1399//307 1400//307
f 1377//307 1378//307 1390//307 1389//307
f 1385//307 1384//307 1396//307 1397//307
f 1382//307 1381//307 1393//307 1394//307
f 1378//307 1388//307 1400//307 1390//307
f 1379//307 1377//307 1389//307 1391//307
f 1386//307 1385//307 1397//307 1398//307
f 1383//307 1382//307 1394//307 1395//307
f 1401//307 1402//307 1412//307 1411//307 1410//307 1409//307 1408//307 1407//307 1406//307 1405//307 1404//307 1403//307
f 1392//429 1391//429 1403//429 1404//429
f 1399//436 1398//436 1410//436 1411//436
f 1396//433 1395//433 1407//433 1408//433
f 1393//430 1392//430 1404//430 1405//430
f 1400//437 1399//437 1411//437 1412//437
f 1389//427 1390//427 1402//427 1401//427
f 1397//434 1396//434 1408//434 1409//434
f 1394//431 1393//431 1405//431 1406//431
f 1390//438 1400//438 1412//438 1402//438
f 1391//428 1389//428 1401//428 1403//428
f 1398//435 1397//435 1409//435 1410//435
f 1417//306 1429//306 1428//306 1416//306
f 1428//435 1440//435 1439//435 1427//435
f 1413//306 1426//306 1436//306 1424//306
f 1414//306 1425//306 1426//306 1413//306
f 1416//306 1428//306 1427//306 1415//306
f 1424//306 1436//306 1435//306 1423//306
f 1415//306 1427//306 1425//306 1414//306
f 1423//306 1435//306 1434//306 1422//306
f 1422//306 1434//306 1433//306 1421//306
f 1421//306 1433//306 1432//306 1420//306
f 1420//306 1432//306 1431//306 1419//306
f 1419//306 1431//306 1430//306 1418//306
f 1418//306 1430//306 1429//306 1417//306
f 1440//306 1452//306 1451//306 1439//306
f 1435//430 1447//430 1446//430 1434//430
f 1432//427 1444//427 1443//427 1431//427
f 1429//436 1441//436 1440//436 1428//436
f 1436//431 1448//431 1447//431 1435//431
f 1425//433 1437//433 1438//433 1426//433
f 1433//428 1445//428 1444//428 1432//428
f 1430//437 1442//437 1441//437 1429//437
f 1426//432 1438//432 1448//432 1436//432
f 1427//434 1439//434 1437//434 1425//434
f 1434//429 1446//429 1445//429 1433//429
f 1431//438 1443//438 1442//438 1430//438
f 1455//432 1467//432 1466//432 1454//432
f 1447//306 1459//306 1458//306 1446//306
f 1444//306 1456//306 1455//306 1443//306
f 1441//306 1453//306 1452//306 1440//306
f 1448//306 1460//306 1459//306 1447//306
f 1437//306 1449//306 1450//306 1438//306
f 1445//306 1457//306 1456//306 1444//306
f 1442//306 1454//306 1453//306 1441//306
f 1438//306 1450//306 1460//306 1448//306
f 1439//306 1451//306 1449//306 1437//306
f 1446//306 1458//306 1457//306 1445//306
f 1443//306 1455//306 1454//306 1442//306
f 1461//306 1463//306 1464//306 1465//306 1466//306 1467//306 1468//306 1469//306 1470//306 1471//306 1472//306 1462//306
f 1452//429 1464//429 1463//429 1451//429
f 1459//436 1471//436 1470//436 1458//436
f 1456//433 1468//433 1467//433 1455//433
f 1453//430 1465//430 1464//430 1452//430
f 1460//437 1472//437 1471//437 1459//437
f 1449//427 1461//427 1462//427 1450//427
f 1457//434 1469//434 1468//434 1456//434
f 1454//431 1466//431 1465//431 1453//431
f 1450//438 1462//438 1472//438 1460//438
f 1451//428 1463//428 1461//428 1449//428
f 1458//435 1470//435 1469//435 1457//435
f 1353//438 1413//438 1424//438 1364//438
f 1474//427 1534//427 1533//427 1473//427
f 1475//428 1535//428 1534//428 1474//428
f 1476//429 1536//429 1535//429 1475//429
f 1477//430 1537//430 1536//430 1476//430
f 1478//431 1538//431 1537//431 1477//431
f 1479//432 1539//432 1538//432 1478//432
f 1480//433 1540//433 1539//433 1479//433
f 1481//434 1541//434 1540//434 1480//434
f 1482//435 1542//435 1541//435 1481//435
f 1477//307 1476//307 1488//307 1489//307
f 1483//436 1543//436 1542//436 1482//436
f 1484//437 1544//437 1543//437 1483//437
f 1488//435 1487//435 1499//435 1500//435
f 1473//307 1484//307 1496//307 1486//307
f 1474//307 1473//307 1486//307 1485//307
f 1476//307 1475//307 1487//307 1488//307
f 1484//307 1483//307 1495//307 1496//307
f 1475//307 1474//307 1485//307 1487//307
f 1483//307 1482//307 1494//307 1495//307
f 1482//307 1481//307 1493//307 1494//307
f 1481//307 1480//307 1492//307 1493//307
f 1480//307 1479//307 1491//307 1492//307
f 1479//307 1478//307 1490//307 1491//307
f 1478//307 1477//307 1489//307 1490//307
f 1500//307 1499//307 1511//307 1512//307
f 1495//430 1494//430 1506//430 1507//430
f 1492//427 1491//427 1503//427 1504//427
f 1489//436 1488//436 1500//436 1501//436
f 1496//431 1495//431 1507//431 1508//431
f 1485//433 1486//433 1498//433 1497//433
f 1493//428 1492//428 1504//428 1505//428
f 1490//437 1489//437 1501//437 1502//437
f 1486//432 1496//432 1508//432 1498//432
f 1487//434 1485//434 1497//434 1499//434
f 1494//429 1493//429 1505//429 1506//429
f 1491//438 1490//438 1502//438 1503//438
f 1515//432 1514//432 1526//432 1527//432
f 1507//307 1506//307 1518//307 1519//307
f 1504//307 1503//307 1515//307 1516//307
f 1501//307 1500//307 1512//307 1513//307
f 1508//307 1507//307 1519//307 1520//307
f 1497//307 1498//307 1510//307 1509//307
f 1505//307 1504//307 1516//307 1517//307
f 1502//307 1501//307 1513//307 1514//307
f 1498//307 1508//307 1520//307 1510//307
f 1499//307 1497//307 1509//307 1511//307
f 1506//307 1505//307 1517//307 1518//307
f 1503//307 1502//307 1514//307 1515//307
f 1521//307 1522//307 1532//307 1531//307 1530//307 1529//307 1528//307 1527//307 1526//307 1525//307 1524//307 1523//307
f 1512//429 1511//429 1523//429 1524//429
f 1519//436 1518//436 1530//436 1531//436
f 1516//433 1515//433 1527//433 1528//433
f 1513//430 1512//430 1524//430 1525//430
f 1520//437 1519//437 1531//437 1532//437
f 1509//427 1510//427 1522//427 1521//427
f 1517//434 1516//434 1528//434 1529//434
f 1514//431 1513//431 1525//431 1526//431
f 1510//438 1520//438 1532//438 1522//438
f 1511//428 1509//428 1521//428 1523//428
f 1518//435 1517//435 1529//435 1530//435
f 1537//306 1549//306 1548//306 1536//306
f 1548//435 1560//435 1559//435 1547//435
f 1533//306 1546//306 1556//306 1544//306
f 1534//306 1545//306 1546//306 1533//306
f 1536//306 1548//306 1547//306 1535//306
f 1544//306 1556//306 1555//306 1543//306
f 1535//306 1547//306 1545//306 1534//306
f 1543//306 1555//306 1554//306 1542//306
f 1542//306 1554//306 1553//306 1541//306
f 1541//306 1553//306 1552//306 1540//306
f 1540//306 1552//306 1551//306 1539//306
f 1539//306 1551//306 1550//306 1538//306
f 1538//306 1550//306 1549//306 1537//306
f 1560//306 1572//306 1571//306 1559//306
f 1555//430 1567//430 1566//430 1554//430
f 1552//427 1564//427 1563//427 1551//427
f 1549//436 1561//436 1560//436 1548//436
f 1556//431 1568//431 1567//431 1555//431
f 1545//433 1557//433 1558//433 1546//433
f 1553//428 1565//428 1564//428 1552//428
f 1550//437 1562//437 1561//437 1549//437
f 1546//432 1558//432 1568//432 1556//432
f 1547//434 1559//434 1557//434 1545//434
f 1554//429 1566//429 1565//429 1553//429
f 1551//438 1563//438 1562//438 1550//438
f 1575//432 1587//432 1586//432 1574//432
f 1567//306 1579//306 1578//306 1566//306
f 1564//306 1576//306 1575//306 1563//306
f 1561//306 1573//306 1572//306 1560//306
f 1568//306 1580//306 1579//306 1567//306
f 1557//306 1569//306 1570//306 1558//306
f 1565//306 1577//306 1576//306 1564//306
f 1562//306 1574//306 1573//306 1561//306
f 1558//306 1570//306 1580//306 1568//306
f 1559//306 1571//306 1569//306 1557//306
f 1566//306 1578//306 1577//306 1565//306
f 1563//306 1575//306 1574//306 1562//306
f 1581//306 1583//306 1584//306 1585//306 1586//306 1587//306 1588//306 1589//306 1590//306 1591//306 1592//306 1582//306
f 1572//429 1584//429 1583//429 1571//429
f 1579//436 1591//436 1590//436 1578//436
f 1576//433 1588//433 1587//433 1575//433
f 1573//430 1585//430 1584//430 1572//430
f 1580//437 1592//437 1591//437 1579//437
f 1569//427 1581//427 1582//427 1570//427
f 1577//434 1589//434 1588//434 1576//434
f 1574//431 1586//431 1585//431 1573//431
f 1570//438 1582//438 1592//438 1580//438
f 1571//428 1583//428 1581//428 1569//428
f 1578//435 1590//435 1589//435 1577//435
f 1473//438 1533//438 1544//438 1484//438
f 1594//427 1654//427 1653//427 1593//427
f 1595//428 1655//428 1654//428 1594//428
f 1596//429 1656//429 1655//429 1595//429
f 1597//430 1657//430 1656//430 1596//430
f 1598//431 1658//431 1657//431 1597//431
f 1599//432 1659//432 1658//432 1598//432
f 1600//433 1660//433 1659//433 1599//433
f 1601//434 1661//434 1660//434 1600//434
f 1602//435 1662//435 1661//435 1601//435
f 1597//307 1596//307 1608//307 1609//307
f 1603//436 1663//436 1662//436 1602//436
f 1604//437 1664//437 1663//437 1603//437
f 1608//435 1607//435 1619//435 1620//435
f 1593//307 1604//307 1616//307 1606//307
f 1594//307 1593//307 1606//307 1605//307
f 1596//307 1595//307 1607//307 1608//307
f 1604//307 1603//307 1615//307 1616//307
f 1595//307 1594//307 1605//307 1607//307
f 1603//307 1602//307 1614//307 1615//307
f 1602//307 1601//307 1613//307 1614//307
f 1601//307 1600//307 1612//307 1613//307
f 1600//307 1599//307 1611//307 1612//307
f 1599//307 1598//307 1610//307 1611//307
f 1598//307 1597//307 1609//307 1610//307
f 1620//307 1619//307 1631//307 1632//307
f 1615//430 1614//430 1626//430 1627//430
f 1612//427 1611//427 1623//427 1624//427
f 1609//436 1608//436 1620//436 1621//436
f 1616//431 1615//431 1627//431 1628//431
f 1605//433 1606//433 1618//433 1617//433
f 1613//428 1612//428 1624//428 1625//428
f 1610//437 1609//437 1621//437 1622//437
f 1606//432 1616//432 1628//432 1618//432
f 1607//434 1605//434 1617//434 1619//434
f 1614//429 1613//429 1625//429 1626//429
f 1611//438 1610//438 1622//438 1623//438
f 1635//432 1634//432 1646//432 1647//432
f 1627//307 1626//307 1638//307 1639//307
f 1624//307 1623//307 1635//307 1636//307
f 1621//307 1620//307 1632//307 1633//307
f 1628//307 1627//307 1639//307 1640//307
f 1617//307 1618//307 1630//307 1629//307
f 1625//307 1624//307 1636//307 1637//307
f 1622//307 1621//307 1633//307 1634//307
f 1618//307 1628//307 1640//307 1630//307
f 1619//307 1617//307 1629//307 1631//307
f 1626//307 1625//307 1637//307 1638//307
f 1623//307 1622//307 1634//307 1635//307
f 1641//307 1642//307 1652//307 1651//307 1650//307 1649//307 1648//307 1647//307 1646//307 1645//307 1644//307 1643//307
f 1632//429 1631//429 1643//429 1644//429
f 1639//436 1638//436 1650//436 1651//436
f 1636//433 1635//433 1647//433 1648//433
f 1633//430 1632//430 1644//430 1645//430
f 1640//437 1639//437 1651//437 1652//437
f 1629//427 1630//427 1642//427 1641//427
f 1637//434 1636//434 1648//434 1649//434
f 1634//431 1633//431 1645//431 1646//431
f 1630//438 1640//438 1652//438 1642//438
f 1631//428 1629//428 1641//428 1643//428
f 1638//435 1637//435 1649//435 1650//435
f 1657//306 1669//306 1668//306 1656//306
f 1668//435 1680//435 1679//435 1667//435
f 1653//306 1666//306 1676//306 1664//306
f 1654//306 1665//306 1666//306 1653//306
f 1656//306 1668//306 1667//306 1655//306
f 1664//306 1676//306 1675//306 1663//306
f 1655//306 1667//306 1665//306 1654//306
f 1663//306 1675//306 1674//306 1662//306
f 1662//306 1674//306 1673//306 1661//306
f 1661//306 1673//306 1672//306 1660//306
f 1660//306 1672//306 1671//306 1659//306
f 1659//306 1671//306 1670//306 1658//306
f 1658//306 1670//306 1669//306 1657//306
f 1680//306 1692//306 1691//306 1679//306
f 1675//430 1687//430 1686//430 1674//430
f 1672//427 1684//427 1683//427 1671//427
f 1669//436 1681//436 1680//436 1668//436
f 1676//431 1688//431 1687//431 1675//431
f 1665//433 1677//433 1678//433 1666//433
f 1673//428 1685//428 1684//428 1672//428
f 1670//437 1682//437 1681//437 1669//437
f 1666//432 1678//432 1688//432 1676//432
f 1667//434 1679//434 1677//434 1665//434
f 1674//429 1686//429 1685//429 1673//429
f 1671//438 1683//438 1682//438 1670//438
f 1695//432 1707//432 1706//432 1694//432
f 1687//306 1699//306 1698//306 1686//306
f 1684//306 1696//306 1695//306 1683//306
f 1681//306 1693//306 1692//306 1680//306
f 1688//306 1700//306 1699//306 1687//306
f 1677//306 1689//306 1690//306 1678//306
f 1685//306 1697//306 1696//306 1684//306
f 1682//306 1694//306 1693//306 1681//306
f 1678//306 1690//306 1700//306 1688//306
f 1679//306 1691//306 1689//306 1677//306
f 1686//306 1698//306 1697//306 1685//306
f 1683//306 1695//306 1694//306 1682//306
f 1701//306 1703//306 1704//306 1705//306 1706//306 1707//306 1708//306 1709//306 1710//306 1711//306 1712//306 1702//306
f 1692//429 1704//429 1703//429 1691//429
f 1699//436 1711//436 1710//436 1698//436
f 1696//433 1708//433 1707//433 1695//433
f 1693//430 1705//430 1704//430 1692//430
f 1700//437 1712//437 1711//437 1699//437
f 1689//427 1701//427 1702//427 1690//427
f 1697//434 1709//434 1708//434 1696//434
f 1694//431 1706//431 1705//431 1693//431
f 1690//438 1702//438 1712//438 1700//438
f 1691//428 1703//428 1701//428 1689//428
f 1698//435 1710//435 1709//435 1697//435
f 1593//438 1653//438 1664//438 1604//438
f 1714//427 1774//427 1773//427 1713//427
f 1715//428 1775//428 1774//428 1714//428
f 1716//429 1776//429 1775//429 1715//429
f 1717//430 1777//430 1776//430 1716//430
f 1718//431 1778//431 1777//431 1717//431
f 1719//432 1779//432 1778//432 1718//432
f 1720//433 1780//433 1779//433 1719//433
f 1721//434 1781//434 1780//434 1720//434
f 1722//435 1782//435 1781//435 1721//435
f 1717//307 1716//307 1728//307 1729//307
f 1723//436 1783//436 1782//436 1722//436
f 1724//437 1784//437 1783//437 1723//437
f 1728//435 1727//435 1739//435 1740//435
f 1713//307 1724//307 1736//307 1726//307
f 1714//307 1713//307 1726//307 1725//307
f 1716//307 1715//307 1727//307 1728//307
f 1724//307 1723//307 1735//307 1736//307
f 1715//307 1714//307 1725//307 1727//307
f 1723//307 1722//307 1734//307 1735//307
f 1722//307 1721//307 1733//307 1734//307
f 1721//307 1720//307 1732//307 1733//307
f 1720//307 1719//307 1731//307 1732//307
f 1719//307 1718//307 1730//307 1731//307
f 1718//307 1717//307 1729//307 1730//307
f 1740//307 1739//307 1751//307 1752//307
f 1735//430 1734//430 1746//430 1747//430
f 1732//427 1731//427 1743//427 1744//427
f 1729//436 1728//436 1740//436 1741//436
f 1736//431 1735//431 1747//431 1748//431
f 1725//433 1726//433 1738//433 1737//433
f 1733//428 1732//428 1744//428 1745//428
f 1730//437 1729//437 1741//437 1742//437
f 1726//432 1736//432 1748//432 1738//432
f 1727//434 1725//434 1737//434 1739//434
f 1734//429 1733//429 1745//429 1746//429
f 1731//438 1730//438 1742//438 1743//438
f 1755//432 1754//432 1766//432 1767//432
f 1747//307 1746//307 1758//307 1759//307
f 1744//307 1743//307 1755//307 1756//307
f 1741//307 1740//307 1752//307 1753//307
f 1748//307 1747//307 1759//307 1760//307
f 1737//307 1738//307 1750//307 1749//307
f 1745//307 1744//307 1756//307 1757//307
f 1742//307 1741//307 1753//307 1754//307
f 1738//307 1748//307 1760//307 1750//307
f 1739//307 1737//307 1749//307 1751//307
f 1746//307 1745//307 1757//307 1758//307
f 1743//307 1742//307 1754//307 1755//307
f 1761//307 1762//307 1772//307 1771//307 1770//307 1769//307 1768//307 1767//307 1766//307 1765//307 1764//307 1763//307
f 1752//429 1751//429 1763//429 1764//429
f 1759//436 1758//436 1770//436 1771//436
f 1756//433 1755//433 1767//433 1768//433
f 1753//430 1752//430 1764//430 1765//430
f 1760//437 1759//437 1771//437 1772//437
f 1749//427 1750//427 1762//427 1761//427
f 1757//434 1756//434 1768//434 1769//434
f 1754//431 1753//431 1765//431 1766//431
f 1750//438 1760//438 1772//438 1762//438
f 1751//428 1749//428 1761//428 1763//428
f 1758//435 1757//435 1769//435 1770//435
f 1777//306 1789//306 1788//306 1776//306
f 1788//435 1800//435 1799//435 1787//435
f 1773//306 1786//306 1796//306 1784//306
f 1774//306 1785//306 1786//306 1773//306
f 1776//306 1788//306 1787//306 1775//306
f 1784//306 1796//306 1795//306 1783//306
f 1775//306 1787//306 1785//306 1774//306
f 1783//306 1795//306 1794//306 1782//306
f 1782//306 1794//306 1793//306 1781//306
f 1781//306 1793//306 1792//306 1780//306
f 1780//306 1792//306 1791//306 1779//306
f 1779//306 1791//306 1790//306 1778//306
f 1778//306 1790//306 1789//306 1777//306
f 1800//306 1812//306 1811//306 1799//306
f 1795//430 1807//430 1806//430 1794//430
f 1792//427 1804//427 1803//427 1791//427
f 1789//436 1801//436 1800//436 1788//436
f 1796//431 1808//431 1807//431 1795//431
f 1785//433 1797//433 1798//433 1786//433
f 1793//428 1805//428 1804//428 1792//428
f 1790//437 1802//437 1801//437 1789//437
f 1786//432 1798//432 1808//432 1796//432
f 1787//434 1799//434 1797//434 1785//434
f 1794//429 1806//429 1805//429 1793//429
f 1791//438 1803//438 1802//438 1790//438
f 1815//432 1827//432 1826//432 1814//432
f 1807//306 1819//306 1818//306 1806//306
f 1804//306 1816//306 1815//306 1803//306
f 1801//306 1813//306 1812//306 1800//306
f 1808//306 1820//306 1819//306 1807//306
f 1797//306 1809//306 1810//306 1798//306
f 1805//306 1817//306 1816//306 1804//306
f 1802//306 1814//306 1813//306 1801//306
f 1798//306 1810//306 1820//306 1808//306
f 1799//306 1811//306 1809//306 1797//306
f 1806//306 1818//306 1817//306 1805//306
f 1803//306 1815//306 1814//306 1802//306
f 1821//306 1823//306 1824//306 1825//306 1826//306 1827//306 1828//306 1829//306 1830//306 1831//306 1832//306 1822//306
f 1812//429 1824//429 1823//429 1811//429
f 1819//436 1831//436 1830//436 1818//436
f 1816//433 1828//433 1827//433 1815//433
f 1813//430 1825//430 1824//430 1812//430
f 1820//437 1832//437 1831//437 1819//437
f 1809//427 1821//427 1822//427 1810//427
f 1817//434 1829//434 1828//434 1816//434
f 1814//431 1826//431 1825//431 1813//431
f 1810//438 1822//438 1832//438 1820//438
f 1811//428 1823//428 1821//428 1809//428
f 1818//435 1830//435 1829//435 1817//435
f 1713//438 1773//438 1784//438 1724//438
f 1834//427 1833//427 1893//427 1894//427
f 1835//428 1834//428 1894//428 1895//428
f 1836//429 1835//429 1895//429 1896//429
f 1837//430 1836//430 1896//430 1897//430
f 1838//431 1837//431 1897//431 1898//431
f 1839//432 1838//432 1898//432 1899//432
f 1840//433 1839//433 1899//433 1900//433
f 1841//434 1840//434 1900//434 1901//434
f 1842//435 1841//435 1901//435 1902//435
f 1837//306 1849//306 1848//306 1836//306
f 1843//436 1842//436 1902//436 1903//436
f 1844//437 1843//437 1903//437 1904//437
f 1848//435 1860//435 1859//435 1847//435
f 1833//306 1846//306 1856//306 1844//306
f 1834//306 1845//306 1846//306 1833//306
f 1836//306 1848//306 1847//306 1835//306
f 1844//306 1856//306 1855//306 1843//306
f 1835//306 1847//306 1845//306 1834//306
f 1843//306 1855//306 1854//306 1842//306
f 1842//306 1854//306 1853//306 1841//306
f 1841//306 1853//306 1852//306 1840//306
f 1840//306 1852//306 1851//306 1839//306
f 1839//306 1851//306 1850//306 1838//306
f 1838//306 1850//306 1849//306 1837//306
f 1860//306 1872//306 1871//306 1859//306
f 1855//430 1867//430 1866//430 1854//430
f 1852//427 1864//427 1863//427 1851//427
f 1849//436 1861//436 1860//436 1848//436
f 1856//431 1868//431 1867//431 1855//431
f 1845//433 1857//433 1858//433 1846//433
f 1853//428 1865//428 1864//428 1852//428
f 1850//437 1862//437 1861//437 1849//437
f 1846//432 1858//432 1868//432 1856//432
f 1847//434 1859//434 1857//434 1845//434
f 1854//429 1866//429 1865//429 1853//429
f 1851//438 1863//438 1862//438 1850//438
f 1875//432 1887//432 1886//432 1874//432
f 1867//306 1879//306 1878//306 1866//306
f 1864//306 1876//306 1875//306 1863//306
f 1861//306 1873//306 1872//306 1860//306
f 1868//306 1880//306 1879//306 1867//306
f 1857//306 1869//306 1870//306 1858//306
f 1865//306 1877//306 1876//306 1864//306
f 1862//306 1874//306 1873//306 1861//306
f 1858//306 1870//306 1880//306 1868//306
f 1859//306 1871//306 1869//306 1857//306
f 1866//306 1878//306 1877//306 1865//306
f 1863//306 1875//306 1874//306 1862//306
f 1881//306 1883//306 1884//306 1885//306 1886//306 1887//306 1888//306 1889//306 1890//306 1891//306 1892//306 1882//306
f 1872//429 1884//429 1883//429 1871//429
f 1879//436 1891//436 1890//436 1878//436
f 1876//433 1888//433 1887//433 1875//433
f 1873//430 1885//430 1884//430 1872//430
f 1880//437 1892//437 1891//437 1879//437
f 1869//427 1881//427 1882//427 1870//427
f 1877//434 1889//434 1888//434 1876//434
f 1874//431 1886//431 1885//431 1873//431
f 1870//438 1882//438 1892//438 1880//438
f 1871//428 1883//428 1881//428 1869//428
f 1878//435 1890//435 1889//435 1877//435
f 1897//307 1896//307 1908//307 1909//307
f 1908//435 1907//435 1919//435 1920//435
f 1893//307 1904//307 1916//307 1906//307
f 1894//307 1893//307 1906//307 1905//307
f 1896//307 1895//307 1907//307 1908//307
f 1904//307 1903//307 1915//307 1916//307
f 1895//307 1894//307 1905//307 1907//307
f 1903//307 1902//307 1914//307 1915//307
f 1902//307 1901//307 1913//307 1914//307
f 1901//307 1900//307 1912//307 1913//307
f 1900//307 1899//307 1911//307 1912//307
f 1899//307 1898//307 1910//307 1911//307
f 1898//307 1897//307 1909//307 1910//307
f 1920//307 1919//307 1931//307 1932//307
f 1915//430 1914//430 1926//430 1927//430
f 1912//427 1911//427 1923//427 1924//427
f 1909//436 1908//436 1920//436 1921//436
f 1916//431 1915//431 1927//431 1928//431
f 1905//433 1906//433 1918//433 1917//433
f 1913//428 1912//428 1924//428 1925//428
f 1910//437 1909//437 1921//437 1922//437
f 1906//432 1916//432 1928//432 1918//432
f 1907//434 1905//434 1917//434 1919//434
f 1914//429 1913//429 1925//429 1926//429
f 1911//438 1910//438 1922//438 1923//438
f 1935//432 1934//432 1946//432 1947//432
f 1927//307 1926//307 1938//307 1939//307
f 1924//307 1923//307 1935//307 1936//307
f 1921//307 1920//307 1932//307 1933//307
f 1928//307 1927//307 1939//307 1940//307
f 1917//307 1918//307 1930//307 1929//307
f 1925//307 1924//307 1936//307 1937//307
f 1922//307 1921//307 1933//307 1934//307
f 1918//307 1928//307 1940//307 1930//307
f 1919//307 1917//307 1929//307 1931//307
f 1926//307 1925//307 1937//307 1938//307
f 1923//307 1922//307 1934//307 1935//307
f 1941//307 1942//307 1952//307 1951//307 1950//307 1949//307 1948//307 1947//307 1946//307 1945//307 1944//307 1943//307
f 1932//429 1931//429 1943//429 1944//429
f 1939//436 1938//436 1950//436 1951//436
f 1936//433 1935//433 1947//433 1948//433
f 1933//430 1932//430 1944//430 1945//430
f 1940//437 1939//437 1951//437 1952//437
f 1929//427 1930//427 1942//427 1941//427
f 1937//434 1936//434 1948//434 1949//434
f 1934//431 1933//431 1945//431 1946//431
f 1930//438 1940//438 1952//438 1942//438
f 1931//428 1929//428 1941//428 1943//428
f 1938//435 1937//435 1949//435 1950//435
f 1833//438 1844//438 1904//438 1893//438
f 1954//427 1953//427 2013//427 2014//427
f 1955//428 1954//428 2014//428 2015//428
f 1956//429 1955//429 2015//429 2016//429
f 1957//430 1956//430 2016//430 2017//430
f 1958//431 1957//431 2017//431 2018//431
f 1959//432 1958//432 2018//432 2019//432
f 1960//433 1959//433 2019//433 2020//433
f 1961//434 1960//434 2020//434 2021//434
f 1962//435 1961//435 2021//435 2022//435
f 1957//306 1969//306 1968//306 1956//306
f 1963//436 1962//436 2022//436 2023//436
f 1964//437 1963//437 2023//437 2024//437
f 1968//435 1980//435 1979//435 1967//435
f 1953//306 1966//306 1976//306 1964//306
f 1954//306 1965//306 1966//306 1953//306
f 1956//306 1968//306 1967//306 1955//306
f 1964//306 1976//306 1975//306 1963//306
f 1955//306 1967//306 1965//306 1954//306
f 1963//306 1975//306 1974//306 1962//306
f 1962//306 1974//306 1973//306 1961//306
f 1961//306 1973//306 1972//306 1960//306
f 1960//306 1972//306 1971//306 1959//306
f 1959//306 1971//306 1970//306 1958//306
f 1958//306 1970//306 1969//306 1957//306
f 1980//306 1992//306 1991//306 1979//306
f 1975//430 1987//430 1986//430 1974//430
f 1972//427 1984//427 1983//427 1971//427
f 1969//436 1981//436 1980//436 1968//436
f 1976//431 1988//431 1987//431 1975//431
f 1965//433 1977//433 1978//433 1966//433
f 1973//428 1985//428 1984//428 1972//428
f 1970//437 1982//437 1981//437 1969//437
f 1966//432 1978//432 1988//432 1976//432
f 1967//434 1979//434 1977//434 1965//434
f 1974//429 1986//429 1985//429 1973//429
f 1971//438 1983//438 1982//438 1970//438
f 1995//432 2007//432 2006//432 1994//432
f 1987//306 1999//306 1998//306 1986//306
f 1984//306 1996//306 1995//306 1983//306
f 1981//306 1993//306 1992//306 1980//306
f 1988//306 2000//306 1999//306 1987//306
f 1977//306 1989//306 1990//306 1978//306
f 1985//306 1997//306 1996//306 1984//306
f 1982//306 1994//306 1993//306 1981//306
f 1978//306 1990//306 2000//306 1988//306
f 1979//306 1991//306 1989//306 1977//306
f 1986//306 1998//306 1997//306 1985//306
f 1983//306 1995//306 1994//306 1982//306
f 2001//306 2003//306 2004//306 2005//306 2006//306 2007//306 2008//306 2009//306 2010//306 2011//306 2012//306 2002//306
f 1992//429 2004//429 2003//429 1991//429
f 1999//436 2011//436 2010//436 1998//436
f 1996//433 2008//433 2007//433 1995//433
f 1993//430 2005//430 2004//430 1992//430
f 2000//437 2012//437 2011//437 1999//437
f 1989//427 2001//427 2002//427 1990//427
f 1997//434 2009//434 2008//434 1996//434
f 1994//431 2006//431 2005//431 1993//431
f 1990//438 2002//438 2012//438 2000//438
f 1991//428 2003//428 2001//428 1989//428
f 1998//435 2010//435 2009//435 1997//435
f 2017//307 2016//307 2028//307 2029//307
f 2028//435 2027//435 2039//435 2040//435
f 2013//307 2024//307 2036//307 2026//307
f 2014//307 2013//307 2026//307 2025//307
f 2016//307 2015//307 2027//307 2028//307
f 2024//307 2023//307 2035//307 2036//307
f 2015//307 2014//307 2025//307 2027//307
f 2023//307 2022//307 2034//307 2035//307
f 2022//307 2021//307 2033//307 2034//307
f 2021//307 2020//307 2032//307 2033//307
f 2020//307 2019//307 2031//307 2032//307
f 2019//307 2018//307 2030//307 2031//307
f 2018//307 2017//307 2029//307 2030//307
f 2040//307 2039//307 2051//307 2052//307
f 2035//430 2034//430 2046//430 2047//430
f 2032//427 2031//427 2043//427 2044//427
f 2029//436 2028//436 2040//436 2041//436
f 2036//431 2035//431 2047//431 2048//431
f 2025//433 2026//433 2038//433 2037//433
f 2033//428 2032//428 2044//428 2045//428
f 2030//437 2029//437 2041//437 2042//437
f 2026//432 2036//432 2048//432 2038//432
f 2027//434 2025//434 2037//434 2039//434
f 2034//429 2033//429 2045//429 2046//429
f 2031//438 2030//438 2042//438 2043//438
f 2055//432 2054//432 2066//432 2067//432
f 2047//307 2046//307 2058//307 2059//307
f 2044//307 2043//307 2055//307 2056//307
f 2041//307 2040//307 2052//307 2053//307
f 2048//307 2047//307 2059//307 2060//307
f 2037//307 2038//307 2050//307 2049//307
f 2045//307 2044//307 2056//307 2057//307
f 2042//307 2041//307 2053//307 2054//307
f 2038//307 2048//307 2060//307 2050//307
f 2039//307 2037//307 2049//307 2051//307
f 2046//307 2045//307 2057//307 2058//307
f 2043//307 2042//307 2054//307 2055//307
f 2061//307 2062//307 2072//307 2071//307 2070//307 2069//307 2068//307 2067//307 2066//307 2065//307 2064//307 2063//307
f 2052//429 2051//429 2063//429 2064//429
f 2059//436 2058//436 2070//436 2071//436
f 2056//433 2055//433 2067//433 2068//433
f 2053//430 2052//430 2064//430 2065//430
f 2060//437 2059//437 2071//437 2072//437
f 2049//427 2050//427 2062//427 2061//427
f 2057//434 2056//434 2068//434 2069//434
f 2054//431 2053//431 2065//431 2066//431
f 2050//438 2060//438 2072//438 2062//438
f 2051//428 2049//428 2061//428 2063//428
f 2058//435 2057//435 2069//435 2070//435
f 1953//438 1964//438 2024//438 2013//438
f 2074//427 2073//427 2133//427 2134//427
f 2075//428 2074//428 2134//428 2135//428
f 2076//429 2075//429 2135//429 2136//429
f 2077//430 2076//430 2136//430 2137//430
f 2078//431 2077//431 2137//431 2138//431
f 2079//432 2078//432 2138//432 2139//432
f 2080//433 2079//433 2139//433 2140//433
f 2081//434 2080//434 2140//434 2141//434
f 2082//435 2081//435 2141//435 2142//435
f 2077//306 2089//306 2088//306 2076//306
f 2083//436 2082//436 2142//436 2143//436
f 2084//437 2083//437 2143//437 2144//437
f 2088//435 2100//435 2099//435 2087//435
f 2073//306 2086//306 2096//306 2084//306
f 2074//306 2085//306 2086//306 2073//306
f 2076//306 2088//306 2087//306 2075//306
f 2084//306 2096//306 2095//306 2083//306
f 2075//306 2087//306 2085//306 2074//306
f 2083//306 2095//306 2094//306 2082//306
f 2082//306 2094//306 2093//306 2081//306
f 2081//306 2093//306 2092//306 2080//306
f 2080//306 2092//306 2091//306 2079//306
f 2079//306 2091//306 2090//306 2078//306
f 2078//306 2090//306 2089//306 2077//306
f 2100//306 2112//306 2111//306 2099//306
f 2095//430 2107//430 2106//430 2094//430
f 2092//427 2104//427 2103//427 2091//427
f 2089//436 2101//436 2100//436 2088//436
f 2096//431 2108//431 2107//431 2095//431
f 2085//433 2097//433 2098//433 2086//433
f 2093//428 2105//428 2104//428 2092//428
f 2090//437 2102//437 2101//437 2089//437
f 2086//432 2098//432 2108//432 2096//432
f 2087//434 2099//434 2097//434 2085//434
f 2094//429 2106//429 2105//429 2093//429
f 2091//438 2103//438 2102//438 2090//438
f 2115//432 2127//432 2126//432 2114//432
f 2107//306 2119//306 2118//306 2106//306
f 2104//306 2116//306 2115//306 2103//306
f 2101//306 2113//306 2112//306 2100//306
f 2108//306 2120//306 2119//306 2107//306
f 2097//306 2109//306 2110//306 2098//306
f 2105//306 2117//306 2116//306 2104//306
f 2102//306 2114//306 2113//306 2101//306
f 2098//306 2110//306 2120//306 2108//306
f 2099//306 2111//306 2109//306 2097//306
f 2106//306 2118//306 2117//306 2105//306
f 2103//306 2115//306 2114//306 2102//306
f 2121//306 2123//306 2124//306 2125//306 2126//306 2127//306 2128//306 2129//306 2130//306 2131//306 2132//306 2122//306
f 2112//429 2124//429 2123//429 2111//429
f 2119//436 2131//436 2130//436 2118//436
f 2116//433 2128//433 2127//433 2115//433
f 2113//430 2125//430 2124//430 2112//430
f 2120//437 2132//437 2131//437 2119//437
f 2109//427 2121//427 2122//427 2110//427
f 2117//434 2129//434 2128//434 2116//434
f 2114//431 2126//431 2125//431 2113//431
f 2110//438 2122//438 2132//438 2120//438
f 2111//428 2123//428 2121//428 2109//428
f 2118//435 2130//435 2129//435 2117//435
f 2137//307 2136//307 2148//307 2149//307
f 2148//435 2147//435 2159//435 2160//435
f 2133//307 2144//307 2156//307 2146//307
f 2134//307 2133//307 2146//307 2145//307
f 2136//307 2135//307 2147//307 2148//307
f 2144//307 2143//307 2155//307 2156//307
f 2135//307 2134//307 2145//307 2147//307
f 2143//307 2142//307 2154//307 2155//307
f 2142//307 2141//307 2153//307 2154//307
f 2141//307 2140//307 2152//307 2153//307
f 2140//307 2139//307 2151//307 2152//307
f 2139//307 2138//307 2150//307 2151//307
f 2138//307 2137//307 2149//307 2150//307
f 2160//307 2159//307 2171//307 2172//307
f 2155//430 2154//430 2166//430 2167//430
f 2152//427 2151//427 2163//427 2164//427
f 2149//436 2148//436 2160//436 2161//436
f 2156//431 2155//431 2167//431 2168//431
f 2145//433 2146//433 2158//433 2157//433
f 2153//428 2152//428 2164//428 2165//428
f 2150//437 2149//437 2161//437 2162//437
f 2146//432 2156//432 2168//432 2158//432
f 2147//434 2145//434 2157//434 2159//434
f 2154//429 2153//429 2165//429 2166//429
f 2151//438 2150//438 2162//438 2163//438
f 2175//432 2174//432 2186//432 2187//432
f 2167//307 2166//307 2178//307 2179//307
f 2164//307 2163//307 2175//307 2176//307
f 2161//307 2160//307 2172//307 2173//307
f 2168//307 2167//307 2179//307 2180//307
f 2157//307 2158//307 2170//307 2169//307
f 2165//307 2164//307 2176//307 2177//307
f 2162//307 2161//307 2173//307 2174//307
f 2158//307 2168//307 2180//307 2170//307
f 2159//307 2157//307 2169//307 2171//307
f 2166//307 2165//307 2177//307 2178//307
f 2163//307 2162//307 2174//307 2175//307
f 2181//307 2182//307 2192//307 2191//307 2190//307 2189//307 2188//307 2187//307 2186//307 2185//307 2184//307 2183//307
f 2172//429 2171//429 2183//429 2184//429
f 2179//436 2178//436 2190//436 2191//436
f 2176//433 2175//433 2187//433 2188//433
f 2173//430 2172//430 2184//430 2185//430
f 2180//437 2179//437 2191//437 2192//437
f 2169//427 2170//427 2182//427 2181//427
f 2177//434 2176//434 2188//434 2189//434
f 2174//431 2173//431 2185//431 2186//431
f 2170//438 2180//438 2192//438 2182//438
f 2171//428 2169//428 2181//428 2183//428
f 2178//435 2177//435 2189//435 2190//435
f 2073//438 2084//438 2144//438 2133//438
f 2194//427 2193//427 2253//427 2254//427
f 2195//428 2194//428 2254//428 2255//428
f 2196//429 2195//429 2255//429 2256//429
f 2197//430 2196//430 2256//430 2257//430
f 2198//431 2197//431 2257//431 2258//431
f 2199//432 2198//432 2258//432 2259//432
f 2200//433 2199//433 2259//433 2260//433
f 2201//434 2200//434 2260//434 2261//434
f 2202//435 2201//435 2261//435 2262//435
f 2197//306 2209//306 2208//306 2196//306
f 2203//436 2202//436 2262//436 2263//436
f 2204//437 2203//437 2263//437 2264//437
f 2208//435 2220//435 2219//435 2207//435
f 2193//306 2206//306 2216//306 2204//306
f 2194//306 2205//306 2206//306 2193//306
f 2196//306 2208//306 2207//306 2195//306
f 2204//306 2216//306 2215//306 2203//306
f 2195//306 2207//306 2205//306 2194//306
f 2203//306 2215//306 2214//306 2202//306
f 2202//306 2214//306 2213//306 2201//306
f 2201//306 2213//306 2212//306 2200//306
f 2200//306 2212//306 2211//306 2199//306
f 2199//306 2211//306 2210//306 2198//306
f 2198//306 2210//306 2209//306 2197//306
f 2220//306 2232//306 2231//306 2219//306
f 2215//430 2227//430 2226//430 2214//430
f 2212//427 2224//427 2223//427 2211//427
f 2209//436 2221//436 2220//436 2208//436
f 2216//431 2228//431 2227//431 2215//431
f 2205//433 2217//433 2218//433 2206//433
f 2213//428 2225//428 2224//428 2212//428
f 2210//437 2222//437 2221//437 2209//437
f 2206//432 2218//432 2228//432 2216//432
f 2207//434 2219//434 2217//434 2205//434
f 2214//429 2226//429 2225//429 2213//429
f 2211//438 2223//438 2222//438 2210//438
f 2235//432 2247//432 2246//432 2234//432
f 2227//306 2239//306 2238//306 2226//306
f 2224//306 2236//306 2235//306 2223//306
f 2221//306 2233//306 2232//306 2220//306
f 2228//306 2240//306 2239//306 2227//306
f 2217//306 2229//306 2230//306 2218//306
f 2225//306 2237//306 2236//306 2224//306
f 2222//306 2234//306 2233//306 2221//306
f 2218//306 2230//306 2240//306 2228//306
f 2219//306 2231//306 2229//306 2217//306
f 2226//306 2238//306 2237//306 2225//306
f 2223//306 2235//306 2234//306 2222//306
f 2241//306 2243//306 2244//306 2245//306 2246//306 2247//306 2248//306 2249//306 2250//306 2251//306 2252//306 2242//306
f 2232//429 2244//429 2243//429 2231//429
f 2239//436 2251//436 2250//436 2238//436
f 2236//433 2248//433 2247//433 2235//433
f 2233//430 2245//430 2244//430 2232//430
f 2240//437 2252//437 2251//437 2239//437
f 2229//427 2241//427 2242//427 2230//427
f 2237//434 2249//434 2248//434 2236//434
f 2234//431 2246//431 2245//431 2233//431
f 2230//438 2242//438 2252//438 2240//438
f 2231//428 2243//428 2241//428 2229//428
f 2238//435 2250//435 2249//435 2237//435
f 2257//307 2256//307 2268//307 2269//307
f 2268//435 2267//435 2279//435 2280//435
f 2253//307 2264//307 2276//307 2266//307
f 2254//307 2253//307 2266//307 2265//307
f 2256//307 2255//307 2267//307 2268//307
f 2264//307 2263//307 2275//307 2276//307
f 2255//307 2254//307 2265//307 2267//307
f 2263//307 2262//307 2274//307 2275//307
f 2262//307 2261//307 2273//307 2274//307
f 2261//307 2260//307 2272//307 2273//307
f 2260//307 2259//307 2271//307 2272//307
f 2259//307 2258//307 2270//307 2271//307
f 2258//307 2257//307 2269//307 2270//307
f 2280//307 2279//307 2291//307 2292//307
f 2275//430 2274//430 2286//430 2287//430
f 2272//427 2271//427 2283//427 2284//427
f 2269//436 2268//436 2280//436 2281//436
f 2276//431 2275//431 2287//431 2288//431
f 2265//433 2266//433 2278//433 2277//433
f 2273//428 2272//428 2284//428 2285//428
f 2270//437 2269//437 2281//437 2282//437
f 2266//432 2276//432 2288//432 2278//432
f 2267//434 2265//434 2277//434 2279//434
f 2274//429 2273//429 2285//429 2286//429
f 2271//438 2270//438 2282//438 2283//438
f 2295//432 2294//432 2306//432 2307//432
f 2287//307 2286//307 2298//307 2299//307
f 2284//307 2283//307 2295//307 2296//307
f 2281//307 2280//307 2292//307 2293//307
f 2288//307 2287//307 2299//307 2300//307
f 2277//307 2278//307 2290//307 2289//307
f 2285//307 2284//307 2296//307 2297//307
f 2282//307 2281//307 2293//307 2294//307
f 2278//307 2288//307 2300//307 2290//307
f 2279//307 2277//307 2289//307 2291//307
f 2286//307 2285//307 2297//307 2298//307
f 2283//307 2282//307 2294//307 2295//307
f 2301//307 2302//307 2312//307 2311//307 2310//307 2309//307 2308//307 2307//307 2306//307 2305//307 2304//307 2303//307
f 2292//429 2291//429 2303//429 2304//429
f 2299//436 2298//436 2310//436 2311//436
f 2296//433 2295//433 2307//433 2308//433
f 2293//430 2292//430 2304//430 2305//430
f 2300//437 2299//437 2311//437 2312//437
f 2289//427 2290//427 2302//427 2301//427
f 2297//434 2296//434 2308//434 2309//434
f 2294//431 2293//431 2305//431 2306//431
f 2290//438 2300//438 2312//438 2302//438
f 2291//428 2289//428 2301//428 2303//428
f 2298//435 2297//435 2309//435 2310//435
f 2193//438 2204//438 2264//438 2253//438
f 2314//427 2313//427 2373//427 2374//427
f 2315//428 2314//428 2374//428 2375//428
f 2316//429 2315//429 2375//429 2376//429
f 2317//430 2316//430 2376//430 2377//430
f 2318//431 2317//431 2377//431 2378//431
f 2319//432 2318//432 2378//432 2379//432
f 2320//433 2319//433 2379//433 2380//433
f 2321//434 2320//434 2380//434 2381//434
f 2322//435 2321//435 2381//435 2382//435
f 2317//306 2329//306 2328//306 2316//306
f 2323//436 2322//436 2382//436 2383//436
f 2324//437 2323//437 2383//437 2384//437
f 2328//435 2340//435 2339//435 2327//435
f 2313//306 2326//306 2336//306 2324//306
f 2314//306 2325//306 2326//306 2313//306
f 2316//306 2328//306 2327//306 2315//306
f 2324//306 2336//306 2335//306 2323//306
f 2315//306 2327//306 2325//306 2314//306
f 2323//306 2335//306 2334//306 2322//306
f 2322//306 2334//306 2333//306 2321//306
f 2321//306 2333//306 2332//306 2320//306
f 2320//306 2332//306 2331//306 2319//306
f 2319//306 2331//306 2330//306 2318//306
f 2318//306 2330//306 2329//306 2317//306
f 2340//306 2352//306 2351//306 2339//306
f 2335//430 2347//430 2346//430 2334//430
f 2332//427 2344//427 2343//427 2331//427
f 2329//436 2341//436 2340//436 2328//436
f 2336//431 2348//431 2347//431 2335//431
f 2325//433 2337//433 2338//433 2326//433
f 2333//428 2345//428 2344//428 2332//428
f 2330//437 2342//437 2341//437 2329//437
f 2326//432 2338//432 2348//432 2336//432
f 2327//434 2339//434 2337//434 2325//434
f 2334//429 2346//429 2345//429 2333//429
f 2331//438 2343//438 2342//438 2330//438
f 2355//432 2367//432 2366//432 2354//432
f 2347//306 2359//306 2358//306 2346//306
f 2344//306 2356//306 2355//306 2343//306
f 2341//306 2353//306 2352//306 2340//306
f 2348//306 2360//306 2359//306 2347//306
f 2337//306 2349//306 2350//306 2338//306
f 2345//306 2357//306 2356//306 2344//306
f 2342//306 2354//306 2353//306 2341//306
f 2338//306 2350//306 2360//306 2348//306
f 2339//306 2351//306 2349//306 2337//306
f 2346//306 2358//306 2357//306 2345//306
f 2343//306 2355//306 2354//306 2342//306
f 2361//306 2363//306 2364//306 2365//306 2366//306 2367//306 2368//306 2369//306 2370//306 2371//306 2372//306 2362//306
f 2352//429 2364//429 2363//429 2351//429
f 2359//436 2371//436 2370//436 2358//436
f 2356//433 2368//433 2367//433 2355//433
f 2353//430 2365//430 2364//430 2352//430
f 2360//437 2372//437 2371//437 2359//437
f 2349//427 2361//427 2362//427 2350//427
f 2357//434 2369//434 2368//434 2356//434
f 2354//431 2366//431 2365//431 2353//431
f 2350//438 2362//438 2372//438 2360//438
f 2351//428 2363//428 2361//428 2349//428
f 2358//435 2370//435 2369//435 2357//435
f 2377//307 2376//307 2388//307 2389//307
f 2388//435 2387//435 2399//435 2400//435
f 2373//307 2384//307 2396//307 2386//307
f 2374//307 2373//307 2386//307 2385//307
f 2376//307 2375//307 2387//307 2388//307
f 2384//307 2383//307 2395//307 2396//307
f 2375//307 2374//307 2385//307 2387//307
f 2383//307 2382//307 2394//307 2395//307
f 2382//307 2381//307 2393//307 2394//307
f 2381//307 2380//307 2392//307 2393//307
f 2380//307 2379//307 2391//307 2392//307
f 2379//307 2378//307 2390//307 2391//307
f 2378//307 2377//307 2389//307 2390//307
f 2400//307 2399//307 2411//307 2412//307
f 2395//430 2394//430 2406//430 2407//430
f 2392//427 2391//427 2403//427 2404//427
f 2389//436 2388//436 2400//436 2401//436
f 2396//431 2395//431 2407//431 2408//431
f 2385//433 2386//433 2398//433 2397//433
f 2393//428 2392//428 2404//428 2405//428
f 2390//437 2389//437 2401//437 2402//437
f 2386//432 2396//432 2408//432 2398//432
f 2387//434 2385//434 2397//434 2399//434
f 2394//429 2393//429 2405//429 2406//429
f 2391//438 2390//438 2402//438 2403//438
f 2415//432 2414//432 2426//432 2427//432
f 2407//307 2406//307 2418//307 2419//307
f 2404//307 2403//307 2415//307 2416//307
f 2401//307 2400//307 2412//307 2413//307
f 2408//307 2407//307 2419//307 2420//307
f 2397//307 2398//307 2410//307 2409//307
f 2405//307 2404//307 2416//307 2417//307
f 2402//307 2401//307 2413//307 2414//307
f 2398//307 2408//307 2420//307 2410//307
f 2399//307 2397//307 2409//307 2411//307
f 2406//307 2405//307 2417//307 2418//307
f 2403//307 2402//307 2414//307 2415//307
f 2421//307 2422//307 2432//307 2431//307 2430//307 2429//307 2428//307 2427//307 2426//307 2425//307 2424//307 2423//307
f 2412//429 2411//429 2423//429 2424//429
f 2419//436 2418//436 2430//436 2431//436
f 2416//433 2415//433 2427//433 2428//433
f 2413//430 2412//430 2424//430 2425//430
f 2420//437 2419//437 2431//437 2432//437
f 2409//427 2410//427 2422//427 2421//427
f 2417//434 2416//434 2428//434 2429//434
f 2414//431 2413//431 2425//431 2426//431
f 2410//438 2420//438 2432//438 2422//438
f 2411//428 2409//428 2421//428 2423//428
f 2418//435 2417//435 2429//435 2430//435
f 2313//438 2324//438 2384//438 2373//438
f 2434//427 2433//427 2493//427 2494//427
f 2435//428 2434//428 2494//428 2495//428
f 2436//429 2435//429 2495//429 2496//429
f 2437//430 2436//430 2496//430 2497//430
f 2438//431 2437//431 2497//431 2498//431
f 2439//432 2438//432 2498//432 2499//432
f 2440//433 2439//433 2499//433 2500//433
f 2441//434 2440//434 2500//434 2501//434
f 2442//435 2441//435 2501//435 2502//435
f 2437//306 2449//306 2448//306 2436//306
f 2443//436 2442//436 2502//436 2503//436
f 2444//437 2443//437 2503//437 2504//437
f 2448//435 2460//435 2459//435 2447//435
f 2433//306 2446//306 2456//306 2444//306
f 2434//306 2445//306 2446//306 2433//306
f 2436//306 2448//306 2447//306 2435//306
f 2444//306 2456//306 2455//306 2443//306
f 2435//306 2447//306 2445//306 2434//306
f 2443//306 2455//306 2454//306 2442//306
f 2442//306 2454//306 2453//306 2441//306
f 2441//306 2453//306 2452//306 2440//306
f 2440//306 2452//306 2451//306 2439//306
f 2439//306 2451//306 2450//306 2438//306
f 2438//306 2450//306 2449//306 2437//306
f 2460//306 2472//306 2471//306 2459//306
f 2455//430 2467//430 2466//430 2454//430
f 2452//427 2464//427 2463//427 2451//427
f 2449//436 2461//436 2460//436 2448//436
f 2456//431 2468//431 2467//431 2455//431
f 2445//433 2457//433 2458//433 2446//433
f 2453//428 2465//428 2464//428 2452//428
f 2450//437 2462//437 2461//437 2449//437
f 2446//432 2458//432 2468//432 2456//432
f 2447//434 2459//434 2457//434 2445//434
f 2454//429 2466//429 2465//429 2453//429
f 2451//438 2463//438 2462//438 2450//438
f 2475//432 2487//432 2486//432 2474//432
f 2467//306 2479//306 2478//306 2466//306
f 2464//306 2476//306 2475//306 2463//306
f 2461//306 2473//306 2472//306 2460//306
f 2468//306 2480//306 2479//306 2467//306
f 2457//306 2469//306 2470//306 2458//306
f 2465//306 2477//306 2476//306 2464//306
f 2462//306 2474//306 2473//306 2461//306
f 2458//306 2470//306 2480//306 2468//306
f 2459//306 2471//306 2469//306 2457//306
f 2466//306 2478//306 2477//306 2465//306
f 2463//306 2475//306 2474//306 2462//306
f 2481//306 2483//306 2484//306 2485//306 2486//306 2487//306 2488//306 2489//306 2490//306 2491//306 2492//306 2482//306
f 2472//429 2484//429 2483//429 2471//429
f 2479//436 2491//436 2490//436 2478//436
f 2476//433 2488//433 2487//433 2475//433
f 2473//430 2485//430 2484//430 2472//430
f 2480//437 2492//437 2491//437 2479//437
f 2469//427 2481//427 2482//427 2470//427
f 2477//434 2489//434 2488//434 2476//434
f 2474//431 2486//431 2485//431 2473//431
f 2470//438 2482//438 2492//438 2480//438
f 2471//428 2483//428 2481//428 2469//428
f 2478//435 2490//435 2489//435 2477//435
f 2497//307 2496//307 2508//307 2509//307
f 2508//435 2507//435 2519//435 2520//435
f 2493//307 2504//307 2516//307 2506//307
f 2494//307 2493//307 2506//307 2505//307
f 2496//307 2495//307 2507//307 2508//307
f 2504//307 2503//307 2515//307 2516//307
f 2495//307 2494//307 2505//307 2507//307
f 2503//307 2502//307 2514//307 2515//307
f 2502//307 2501//307 2513//307 2514//307
f 2501//307 2500//307 2512//307 2513//307
f 2500//307 2499//307 2511//307 2512//307
f 2499//307 2498//307 2510//307 2511//307
f 2498//307 2497//307 2509//307 2510//307
f 2520//307 2519//307 2531//307 2532//307
f 2515//430 2514//430 2526//430 2527//430
f 2512//427 2511//427 2523//427 2524//427
f 2509//436 2508//436 2520//436 2521//436
f 2516//431 2515//431 2527//431 2528//431
f 2505//433 2506//433 2518//433 2517//433
f 2513//428 2512//428 2524//428 2525//428
f 2510//437 2509//437 2521//437 2522//437
f 2506//432 2516//432 2528//432 2518//432
f 2507//434 2505//434 2517//434 2519//434
f 2514//429 2513//429 2525//429 2526//429
f 2511//438 2510//438 2522//438 2523//438
f 2535//432 2534//432 2546//432 2547//432
f 2527//307 2526//307 2538//307 2539//307
f 2524//307 2523//307 2535//307 2536//307
f 2521//307 2520//307 2532//307 2533//307
f 2528//307 2527//307 2539//307 2540//307
f 2517//307 2518//307 2530//307 2529//307
f 2525//307 2524//307 2536//307 2537//307
f 2522//307 2521//307 2533//307 2534//307
f 2518//307 2528//307 2540//307 2530//307
f 2519//307 2517//307 2529//307 2531//307
f 2526//307 2525//307 2537//307 2538//307
f 2523//307 2522//307 2534//307 2535//307
f 2541//307 2542//307 2552//307 2551//307 2550//307 2549//307 2548//307 2547//307 2546//307 2545//307 2544//307 2543//307
f 2532//429 2531//429 2543//429 2544//429
f 2539//436 2538//436 2550//436 2551//436
f 2536//433 2535//433 2547//433 2548//433
f 2533//430 2532//430 2544//430 2545//430
f 2540//437 2539//437 2551//437 2552//437
f 2529//427 2530//427 2542//427 2541//427
f 2537//434 2536//434 2548//434 2549//434
f 2534//431 2533//431 2545//431 2546//431
f 2530//438 2540//438 2552//438 2542//438
f 2531//428 2529//428 2541//428 2543//428
f 2538//435 2537//435 2549//435 2550//435
f 2433//438 2444//438 2504//438 2493//438
o TrackMesh.R_Cube.000
v 0.28389555 0.0819117 -2.2686858
v -0.28389555 0.0819117 -2.2686858
v 0.28389555 0.08191125 -1.36336725
v -0.28389555 0.0819117 -1.36336725
v 0.28389555 0.20114865 -2.2686858
v -0.28389555 0.2011491 -2.2686858
v -0.28389555 0.20114865 -1.36336725
v 0.28389555 0.20114865 -1.36336725
v 0.1530333 0.0819117 -2.2686858
v -0.15303375000000002 0.0819117 -2.2686858
v -0.15303375000000002 0.0819117 -1.36336725
v 0.1530333 0.08191125 -1.36336725
v -0.1530333 0.20114865 -1.36336725
v 0.1530333 0.20114865 -1.36336725
v 0.1530333 0.2011491 -2.2686858
v -0.15303375000000002 0.2011491 -2.2686858
v 0.122391 4.5000000000045007e-7 -2.2686858
v -0.122391 4.5000000000045007e-7 -2.2686858
v -0.122391 0 -1.36336725
v 0.122391 0 -1.36336725
v 0.9138955500000001 0.0819117 -2.2686858
v 0.34610445 0.0819117 -2.2686858
v 0.9138955500000001 0.08191125 -1.36336725
v 0.34610445 0.0819117 -1.36336725
v 0.9138955500000001 0.20114865 -2.2686858
v 0.34610445 0.2011491 -2.2686858
v 0.34610445 0.20114865 -1.36336725
v 0.9138955500000001 0.20114865 -1.36336725
v 0.7830332999999999 0.0819117 -2.2686858
v 0.47696625000000004 0.0819117 -2.2686858
v 0.47696669999999997 0.08191125 -1.36336725
v 0.7830332999999999 0.08191125 -1.36336725
v 0.47696669999999997 0.20114865 -1.36336725
v 0.7830337500000001 0.20114865 -1.36336725
v 0.7830332999999999 0.20114865 -2.2686858
v 0.47696669999999997 0.2011491 -2.2686858
v 0.752391 4.5000000000045007e-7 -2.2686858
v 0.507609 4.5000000000045007e-7 -2.2686858
v 0.507609 0 -1.36336725
v 0.752391 0 -1.36336725
v 1.5438946500000001 0.0819117 -2.26868625
v 0.9761035499999999 0.0819117 -2.26868535
v 1.5438946500000001 0.08191125 -1.36336725
v 0.9761035499999999 0.08191125 -1.36336725
v 1.5438946500000001 0.20114865 -2.26868625
v 0.9761035499999999 0.2011491 -2.26868535
v 0.976104 0.20114865 -1.36336725
v 1.5438946500000001 0.2011482 -1.36336725
v 1.4130324 0.0819117 -2.26868625
v 1.1069658 0.0819117 -2.26868535
v 1.1069658 0.08191125 -1.36336725
v 1.41303285 0.08191125 -1.36336725
v 1.1069658 0.20114865 -1.36336725
v 1.41303285 0.20114865 -1.36336725
v 1.41303285 0.20114865 -2.26868625
v 1.1069658 0.2011491 -2.26868535
v 1.3823901 4.5000000000045007e-7 -2.26868625
v 1.1376081 4.5000000000045007e-7 -2.26868535
v 1.1376081 0 -1.3633677
v 1.3823901 0 -1.3633677
v 2.17389555 0.0819117 -2.26868625
v 1.6061044500000001 0.0819117 -2.26868625
v 2.17389555 0.08191125 -1.3633677
v 1.6061044500000001 0.08191125 -1.3633677
v 2.17389555 0.20114865 -2.26868625
v 1.6061044500000001 0.2011491 -2.26868625
v 1.6061044500000001 0.20114865 -1.3633677
v 2.17389555 0.2011482 -1.3633677
v 2.0430333 0.0819117 -2.26868625
v 1.73696625 0.0819117 -2.26868625
v 1.73696625 0.08191125 -1.3633677
v 2.0430333 0.08191125 -1.3633677
v 1.7369667000000002 0.20114865 -1.3633677
v 2.0430333 0.2011482 -1.3633677
v 2.0430333 0.20114865 -2.26868625
v 1.73696625 0.20114865 -2.26868625
v 2.012391 4.5000000000045007e-7 -2.26868625
v 1.767609 4.5000000000045007e-7 -2.26868625
v 1.767609 0 -1.3633677
v 2.012391 0 -1.3633677
v 2.80389555 0.08191125 -2.26868625
v 2.23610445 0.0819117 -2.26868625
v 2.80389555 0.08191125 -1.3633677
v 2.23610445 0.08191125 -1.3633677
v 2.80389555 0.20114865 -2.26868625
v 2.23610445 0.20114865 -2.26868625
v 2.23610445 0.20114865 -1.3633677
v 2.80389555 0.2011482 -1.3633677
v 2.6730333 0.0819117 -2.26868625
v 2.36696625 0.0819117 -2.26868625
v 2.36696625 0.08191125 -1.3633677
v 2.6730333 0.08191125 -1.3633677
v 2.3669667000000003 0.20114865 -1.3633677
v 2.6730333 0.2011482 -1.3633677
v 2.6730333 0.20114865 -2.26868625
v 2.36696625 0.20114865 -2.26868625
v 2.642391 4.5000000000045007e-7 -2.26868625
v 2.397609 4.5000000000045007e-7 -2.26868625
v 2.397609 0 -1.3633677
v 2.642391 0 -1.3633677
v -0.9761049000000002 0.0819117 -2.26868625
v -1.5438960000000002 0.08191215 -2.26868625
v -0.9761049000000002 0.08191125 -1.3633677
v -1.5438960000000002 0.0819117 -1.3633677
v -0.9761049000000002 0.2011491 -2.26868625
v -1.5438960000000002 0.2011491 -2.26868625
v -1.5438960000000002 0.20114865 -1.3633677
v -0.9761049000000002 0.20114865 -1.3633677
v -1.10696715 0.0819117 -2.26868625
v -1.41303375 0.0819117 -2.26868625
v -1.41303375 0.0819117 -1.3633677
v -1.1069666999999999 0.0819117 -1.3633677
v -1.41303375 0.20114865 -1.3633677
v -1.1069666999999999 0.20114865 -1.3633677
v -1.1069666999999999 0.2011491 -2.26868625
v -1.41303375 0.2011491 -2.26868625
v -1.13760945 4.5000000000045007e-7 -2.26868625
v -1.38239145 9.000000000001195e-7 -2.26868625
v -1.38239145 4.5000000000045007e-7 -1.3633677
v -1.13760945 4.5000000000045007e-7 -1.3633677
v -0.34610445 0.0819117 -2.2686858
v -0.9138955500000001 0.0819117 -2.2686858
v -0.34610445 0.08191125 -1.36336725
v -0.9138955500000001 0.0819117 -1.36336725
v -0.34610445 0.2011491 -2.2686858
v -0.9138955500000001 0.2011491 -2.2686858
v -0.9138955500000001 0.20114865 -1.36336725
v -0.34610445 0.20114865 -1.36336725
v -0.47696669999999997 0.0819117 -2.2686858
v -0.7830337500000001 0.0819117 -2.2686858
v -0.7830332999999999 0.0819117 -1.36336725
v -0.47696669999999997 0.08191125 -1.36336725
v -0.7830332999999999 0.20114865 -1.36336725
v -0.47696625000000004 0.20114865 -1.36336725
v -0.47696669999999997 0.2011491 -2.2686858
v -0.7830332999999999 0.2011491 -2.2686858
v -0.507609 4.5000000000045007e-7 -2.2686858
v -0.752391 4.5000000000045007e-7 -2.2686858
v -0.752391 4.5000000000045007e-7 -1.36336725
v -0.507609 0 -1.36336725
v -1.6061049 0.0819117 -2.26868535
v -2.173896 0.08191215 -2.26868535
v -1.6061049 0.0819117 -1.36336725
v -2.173896 0.0819117 -1.36336725
v -1.6061049 0.2011491 -2.26868535
v -2.173896 0.2011491 -2.26868535
v -2.173896 0.2011491 -1.36336725
v -1.6061049 0.20114865 -1.36336725
v -1.7369667000000002 0.0819117 -2.26868535
v -2.04303375 0.08191215 -2.26868535
v -2.04303375 0.0819117 -1.36336725
v -1.7369667000000002 0.0819117 -1.36336725
v -2.04303375 0.2011491 -1.36336725
v -1.7369667000000002 0.20114865 -1.36336725
v -1.7369667000000002 0.2011491 -2.26868535
v -2.04303375 0.2011491 -2.26868535
v -1.7676094500000001 4.5000000000045007e-7 -2.26868535
v -2.0123914500000004 9.000000000001195e-7 -2.26868535
v -2.0123914500000004 4.5000000000045007e-7 -1.36336725
v -1.7676094500000001 4.5000000000045007e-7 -1.36336725
v -2.23610445 0.0819117 -2.26868535
v -2.80389555 0.08191215 -2.26868535
v -2.23610445 0.0819117 -1.36336725
v -2.80389555 0.0819117 -1.36336725
v -2.23610445 0.2011491 -2.26868535
v -2.80389555 0.2011491 -2.26868535
v -2.80389555 0.2011491 -1.36336725
v -2.23610445 0.20114865 -1.36336725
v -2.3669667000000003 0.0819117 -2.26868535
v -2.6730333 0.08191215 -2.26868535
v -2.6730333 0.0819117 -1.36336725
v -2.36696625 0.0819117 -1.36336725
v -2.6730333 0.2011491 -1.36336725
v -2.36696625 0.20114865 -1.36336725
v -2.36696625 0.2011491 -2.26868535
v -2.6730333 0.2011491 -2.26868535
v -2.397609 9.000000000001195e-7 -2.26868535
v -2.642391 9.000000000001195e-7 -2.26868535
v -2.642391 4.5000000000045007e-7 -1.36336725
v -2.397609 4.5000000000045007e-7 -1.36336725
v 2.9529072 1.1365830000000001 -2.26868535
v 3.31787565 0.7016292 -2.26868535
v 2.9529072 1.1365830000000001 -1.36336725
v 3.31787565 0.7016292 -1.36336725
v 2.8615662 1.059939 -2.26868535
v 3.2265342 0.6249851999999999 -2.26868535
v 3.22653465 0.6249851999999999 -1.36336725
v 2.8615662 1.059939 -1.36336725
v 3.0370234500000004 1.0363369500000001 -2.26868535
v 3.23375895 0.8018752499999999 -2.26868535
v 3.2337594 0.8018752499999999 -1.36336725
v 3.0370234500000004 1.0363365000000002 -1.36336725
v 3.14241795 0.72523125 -1.36336725
v 2.94568245 0.9596925000000002 -1.36336725
v 2.94568245 0.9596925000000002 -2.26868535
v 3.14241795 0.72523125 -2.26868535
v 3.11946795 1.0655145 -2.26868535
v 3.27681045 0.8780004 -2.26868535
v 3.27681045 0.8780004 -1.36336725
v 3.11946795 1.0655145 -1.36336725
v 3.31787565 0.4814298 -2.26868625
v 2.95290675 0.0464769 -2.26868625
v 3.31787565 0.4814298 -1.36336725
v 2.95290675 0.0464769 -1.36336725
v 3.22653465 0.55807425 -2.26868625
v 2.8615657500000005 0.12312135000000002 -2.26868625
v 2.8615657500000005 0.1231209 -1.36336725
v 3.22653465 0.55807425 -1.36336725
v 3.23375895 0.38118375000000004 -2.26868625
v 3.037023 0.14672295000000002 -2.26868625
v 3.037023 0.14672295000000002 -1.36336725
v 3.2337594 0.38118375000000004 -1.36336725
v 2.945682 0.22336695 -1.36336725
v 3.1424184 0.45782775000000003 -1.36336725
v 3.14241795 0.4578282 -2.26868625
v 2.945682 0.22336740000000002 -2.26868625
v 3.27681 0.3050586 -2.26868625
v 3.1194675000000003 0.11754495000000001 -2.26868625
v 3.1194675000000003 0.11754495000000001 -1.36336725
v 3.27681045 0.3050586 -1.36336725
v -3.31787475 0.70163055 -2.2686849
v -2.9529054 1.1365839000000002 -2.26868535
v -3.31787475 0.7016301 -1.3633668
v -2.95290585 1.13658345 -1.3633668
v -3.2265333 0.6249861 -2.2686849
v -2.8615644000000002 1.0599394500000001 -2.26868535
v -2.86156485 1.0599394500000001 -1.3633668
v -3.2265337499999998 0.6249861 -1.3633668
v -3.23375805 0.8018765999999999 -2.2686849
v -3.0370221 1.0363374 -2.2686849
v -3.0370221 1.0363374 -1.3633668
v -3.23375805 0.8018765999999999 -1.3633668
v -2.9456811 0.9596934000000001 -1.3633668
v -3.1424175 0.72523215 -1.3633668
v -3.14241705 0.7252326 -2.2686849
v -2.9456811 0.9596934000000001 -2.26868535
v -3.2768091000000004 0.87800175 -2.2686849
v -3.1194666 1.0655154000000002 -2.2686849
v -3.1194666 1.0655154000000002 -1.3633668
v -3.2768091000000004 0.87800175 -1.3633668
v -2.9529063 0.0464778 -2.26868535
v -3.3178752 0.48143115000000003 -2.26868535
v -2.95290675 0.0464778 -1.36336725
v -3.3178752 0.48143115000000003 -1.36336725
v -2.8615653 0.1231218 -2.26868535
v -3.2265337499999998 0.5580756 -2.26868535
v -3.2265342 0.5580751500000001 -1.36336725
v -2.8615657500000005 0.1231218 -1.36336725
v -3.037023 0.14672385000000002 -2.26868535
v -3.23375895 0.3811851 -2.26868535
v -3.23375895 0.3811851 -1.36336725
v -3.037023 0.14672385000000002 -1.36336725
v -3.14241795 0.45782910000000004 -1.36336725
v -2.945682 0.22336785 -1.36336725
v -2.94568155 0.22336830000000002 -2.26868535
v -3.1424175 0.45782910000000004 -2.26868535
v -3.11946705 0.1175463 -2.26868535
v -3.2768095500000003 0.30505994999999997 -2.26868535
v -3.27681 0.30505994999999997 -1.36336725
v -3.1194675000000003 0.11754585000000002 -1.36336725
v 2.23610445 1.10114865 -2.2686858
v 2.80389555 1.10114865 -2.2686858
v 2.23610445 1.10114865 -1.36336725
v 2.80389555 1.10114865 -1.36336725
v 2.23610445 0.9819117 -2.2686858
v 2.80389555 0.9819117 -2.2686858
v 2.80389555 0.9819117 -1.36336725
v 2.23610445 0.9819117 -1.36336725
v 2.3669667000000003 1.10114865 -2.2686858
v 2.67303375 1.10114865 -2.2686858
v 2.67303375 1.10114865 -1.36336725
v 2.3669667000000003 1.10114865 -1.36336725
v 2.67303375 0.9819117 -1.36336725
v 2.3669667000000003 0.9819117 -1.36336725
v 2.3669667000000003 0.9819117 -2.2686858
v 2.67303375 0.9819117 -2.2686858
v 2.39760945 1.1830599 -2.2686858
v 2.642391 1.1830599 -2.2686858
v 2.642391 1.1830599 -1.36336725
v 2.39760945 1.1830599 -1.36336725
v 1.606104 1.10114865 -2.2686858
v 2.1738951 1.10114865 -2.2686858
v 1.606104 1.10114865 -1.36336725
v 2.1738951 1.10114865 -1.3633677
v 1.606104 0.9819117 -2.2686858
v 2.1738951 0.9819117 -2.2686858
v 2.1738951 0.9819117 -1.3633677
v 1.606104 0.9819117 -1.36336725
v 1.73696625 1.10114865 -2.2686858
v 2.0430333 1.10114865 -2.2686858
v 2.0430333 1.10114865 -1.3633677
v 1.73696625 1.10114865 -1.36336725
v 2.0430333 0.9819117 -1.3633677
v 1.73696625 0.9819117 -1.36336725
v 1.73696625 0.9819117 -2.2686858
v 2.0430333 0.9819117 -2.2686858
v 1.767609 1.1830599 -2.2686858
v 2.01239055 1.1830599 -2.2686858
v 2.01239055 1.1830599 -1.3633677
v 1.767609 1.1830599 -1.36336725
v 0.34610445 1.10114865 -2.2686858
v 0.9138955500000001 1.10114865 -2.2686858
v 0.34610445 1.10114865 -1.36336725
v 0.9138955500000001 1.10114865 -1.36336725
v 0.34610445 0.9819117 -2.2686858
v 0.9138955500000001 0.9819117 -2.2686858
v 0.9138955500000001 0.9819117 -1.36336725
v 0.34610445 0.9819117 -1.36336725
v 0.47696669999999997 1.10114865 -2.2686858
v 0.7830337500000001 1.10114865 -2.2686858
v 0.7830337500000001 1.10114865 -1.36336725
v 0.47696669999999997 1.10114865 -1.36336725
v 0.7830337500000001 0.9819117 -1.36336725
v 0.47696669999999997 0.9819117 -1.36336725
v 0.47696669999999997 0.9819117 -2.2686858
v 0.7830337500000001 0.9819117 -2.2686858
v 0.507609 1.1830599 -2.2686858
v 0.752391 1.1830599 -2.2686858
v 0.752391 1.1830599 -1.36336725
v 0.507609 1.1830599 -1.36336725
v 0.97610445 1.10114865 -2.2686858
v 1.54389555 1.10114865 -2.2686858
v 0.97610445 1.10114865 -1.36336725
v 1.54389555 1.10114865 -1.36336725
v 0.97610445 0.9819117 -2.2686858
v 1.54389555 0.9819117 -2.2686858
v 1.54389555 0.9819117 -1.36336725
v 0.97610445 0.9819117 -1.36336725
v 1.1069666999999999 1.10114865 -2.2686858
v 1.41303375 1.10114865 -2.2686858
v 1.4130333 1.10114865 -1.36336725
v 1.1069666999999999 1.10114865 -1.36336725
v 1.4130333 0.9819117 -1.36336725
v 1.1069666999999999 0.9819117 -1.36336725
v 1.1069666999999999 0.9819117 -2.2686858
v 1.41303375 0.9819117 -2.2686858
v 1.137609 1.1830599 -2.2686858
v 1.382391 1.1830599 -2.2686858
v 1.382391 1.1830599 -1.36336725
v 1.137609 1.1830599 -1.36336725
v -2.80389555 1.10114865 -2.2686858
v -2.23610445 1.10114865 -2.2686858
v -2.80389555 1.10114865 -1.36336725
v -2.23610445 1.10114865 -1.36336725
v -2.80389555 0.9819117 -2.2686858
v -2.23610445 0.9819117 -2.2686858
v -2.23610445 0.9819117 -1.36336725
v -2.80389555 0.9819117 -1.36336725
v -2.67303375 1.10114865 -2.2686858
v -2.3669667000000003 1.10114865 -2.2686858
v -2.3669667000000003 1.10114865 -1.36336725
v -2.67303375 1.10114865 -1.36336725
v -2.3669667000000003 0.9819117 -1.36336725
v -2.67303375 0.9819117 -1.36336725
v -2.67303375 0.9819117 -2.2686858
v -2.3669667000000003 0.9819117 -2.2686858
v -2.642391 1.1830599 -2.2686858
v -2.39760945 1.1830599 -2.2686858
v -2.39760945 1.1830599 -1.36336725
v -2.642391 1.1830599 -1.36336725
v -2.1738951 1.10114865 -2.2686858
v -1.606104 1.10114865 -2.2686858
v -2.1738951 1.10114865 -1.3633677
v -1.606104 1.10114865 -1.36336725
v -2.1738951 0.9819117 -2.2686858
v -1.606104 0.9819117 -2.2686858
v -1.606104 0.9819117 -1.36336725
v -2.1738951 0.9819117 -1.3633677
v -2.0430333 1.10114865 -2.2686858
v -1.73696625 1.10114865 -2.2686858
v -1.73696625 1.10114865 -1.36336725
v -2.0430333 1.10114865 -1.3633677
v -1.73696625 0.9819117 -1.36336725
v -2.0430333 0.9819117 -1.3633677
v -2.0430333 0.9819117 -2.2686858
v -1.73696625 0.9819117 -2.2686858
v -2.01239055 1.1830599 -2.2686858
v -1.767609 1.1830599 -2.2686858
v -1.767609 1.1830599 -1.36336725
v -2.01239055 1.1830599 -1.3633677
v -0.28389555 1.10114865 -2.2686858
v 0.28389555 1.10114865 -2.2686858
v -0.28389555 1.10114865 -1.36336725
v 0.28389555 1.10114865 -1.36336725
v -0.28389555 0.9819117 -2.2686858
v 0.28389555 0.9819117 -2.2686858
v 0.28389555 0.9819117 -1.36336725
v -0.28389555 0.9819117 -1.36336725
v -0.1530333 1.10114865 -2.2686858
v 0.1530333 1.10114865 -2.2686858
v 0.1530333 1.10114865 -1.36336725
v -0.1530333 1.10114865 -1.36336725
v 0.1530333 0.9819117 -1.36336725
v -0.1530333 0.9819117 -1.36336725
v -0.1530333 0.9819117 -2.2686858
v 0.1530333 0.9819117 -2.2686858
v -0.122391 1.1830599 -2.2686858
v 0.122391 1.1830599 -2.2686858
v 0.122391 1.1830599 -1.36336725
v -0.122391 1.1830599 -1.36336725
v -1.54389555 1.10114865 -2.2686858
v -0.97610445 1.10114865 -2.2686858
v -1.54389555 1.10114865 -1.36336725
v -0.97610445 1.10114865 -1.36336725
v -1.54389555 0.9819117 -2.2686858
v -0.97610445 0.9819117 -2.2686858
v -0.97610445 0.9819117 -1.36336725
v -1.54389555 0.9819117 -1.36336725
v -1.4130333 1.10114865 -2.2686858
v -1.1069666999999999 1.10114865 -2.2686858
v -1.1069666999999999 1.10114865 -1.36336725
v -1.41303375 1.10114865 -1.36336725
v -1.1069666999999999 0.9819117 -1.36336725
v -1.41303375 0.9819117 -1.36336725
v -1.4130333 0.9819117 -2.2686858
v -1.1069666999999999 0.9819117 -2.2686858
v -1.382391 1.1830599 -2.2686858
v -1.137609 1.1830599 -2.2686858
v -1.137609 1.1830599 -1.36336725
v -1.382391 1.1830599 -1.36336725
v -0.9138955500000001 1.10114865 -2.2686858
v -0.34610445 1.10114865 -2.2686858
v -0.9138955500000001 1.10114865 -1.36336725
v -0.34610445 1.10114865 -1.36336725
v -0.9138955500000001 0.9819117 -2.2686858
v -0.34610445 0.9819117 -2.2686858
v -0.34610445 0.9819117 -1.36336725
v -0.9138955500000001 0.9819117 -1.36336725
v -0.7830332999999999 1.10114865 -2.2686858
v -0.47696669999999997 1.10114865 -2.2686858
v -0.47696669999999997 1.10114865 -1.36336725
v -0.7830332999999999 1.10114865 -1.36336725
v -0.47696669999999997 0.9819117 -1.36336725
v -0.7830332999999999 0.9819117 -1.36336725
v -0.7830332999999999 0.9819117 -2.2686858
v -0.47696669999999997 0.9819117 -2.2686858
v -0.752391 1.1830599 -2.2686858
v -0.507609 1.1830599 -2.2686858
v -0.507609 1.1830599 -1.36336725
v -0.752391 1.1830599 -1.36336725
vn 0.0000 0.0000 -1.0000
vn -1.0000 0.0000 0.0000
vn 0.0000 0.0000 1.0000
vn 1.0000 -0.0000 -0.0000
vn -0.0000 -1.0000 -0.0000
vn 0.0000 1.0000 0.0000
vn -0.9366 -0.3504 -0.0000
vn 0.9366 -0.3504 -0.0000
vn 0.6428 -0.7660 -0.0000
vn -0.6428 0.7660 0.0000
vn 0.7660 0.6428 -0.0000
vn -0.7660 -0.6428 0.0000
vn 0.8704 -0.4923 -0.0000
vn -0.3336 0.9427 0.0000
vn -0.6428 -0.7660 -0.0000
vn 0.6428 0.7660 0.0000
vn 0.7660 -0.6428 -0.0000
vn -0.7660 0.6428 0.0000
vn -0.3336 -0.9427 -0.0000
vn 0.8704 0.4923 -0.0000
vn 0.3336 0.9427 0.0000
vn -0.8704 -0.4923 -0.0000
vn -0.8704 0.4923 -0.0000
vn 0.3336 -0.9427 -0.0000
vn 0.9366 0.3504 0.0000
vn -0.9366 0.3504 0.0000
usemtl Main_Details
s off
f 2874//439 2868//439 2860//439 2864//439
f 2864//440 2860//440 2862//440 2865//440
f 2872//441 2870//441 2861//441 2866//441
f 2866//442 2861//442 2859//442 2863//442
f 2870//443 2867//443 2859//443 2861//443
f 2871//444 2874//444 2864//444 2865//444
f 2866//444 2863//444 2873//444 2872//444
f 2872//444 2873//444 2874//444 2871//444
f 2862//443 2860//443 2868//443 2869//443
f 2870//441 2869//441 2877//441 2878//441
f 2865//441 2862//441 2869//441 2871//441
f 2871//441 2869//441 2870//441 2872//441
f 2863//439 2859//439 2867//439 2873//439
f 2873//439 2867//439 2868//439 2874//439
f 2877//443 2876//443 2875//443 2878//443
f 2868//439 2867//439 2875//439 2876//439
f 2869//445 2868//445 2876//445 2877//445
f 2867//446 2870//446 2878//446 2875//446
f 2894//439 2888//439 2880//439 2884//439
f 2884//440 2880//440 2882//440 2885//440
f 2892//441 2890//441 2881//441 2886//441
f 2886//442 2881//442 2879//442 2883//442
f 2890//443 2887//443 2879//443 2881//443
f 2891//444 2894//444 2884//444 2885//444
f 2886//444 2883//444 2893//444 2892//444
f 2892//444 2893//444 2894//444 2891//444
f 2882//443 2880//443 2888//443 2889//443
f 2890//441 2889//441 2897//441 2898//441
f 2885//441 2882//441 2889//441 2891//441
f 2891//441 2889//441 2890//441 2892//441
f 2883//439 2879//439 2887//439 2893//439
f 2893//439 2887//439 2888//439 2894//439
f 2897//443 2896//443 2895//443 2898//443
f 2888//439 2887//439 2895//439 2896//439
f 2889//445 2888//445 2896//445 2897//445
f 2887//446 2890//446 2898//446 2895//446
f 2914//439 2908//439 2900//439 2904//439
f 2904//440 2900//440 2902//440 2905//440
f 2912//441 2910//441 2901//441 2906//441
f 2906//442 2901//442 2899//442 2903//442
f 2910//443 2907//443 2899//443 2901//443
f 2911//444 2914//444 2904//444 2905//444
f 2906//444 2903//444 2913//444 2912//444
f 2912//444 2913//444 2914//444 2911//444
f 2902//443 2900//443 2908//443 2909//443
f 2910//441 2909//441 2917//441 2918//441
f 2905//441 2902//441 2909//441 2911//441
f 2911//441 2909//441 2910//441 2912//441
f 2903//439 2899//439 2907//439 2913//439
f 2913//439 2907//439 2908//439 2914//439
f 2917//443 2916//443 2915//443 2918//443
f 2908//439 2907//439 2915//439 2916//439
f 2909//445 2908//445 2916//445 2917//445
f 2907//446 2910//446 2918//446 2915//446
f 2934//439 2928//439 2920//439 2924//439
f 2924//440 2920//440 2922//440 2925//440
f 2932//441 2930//441 2921//441 2926//441
f 2926//442 2921//442 2919//442 2923//442
f 2930//443 2927//443 2919//443 2921//443
f 2931//444 2934//444 2924//444 2925//444
f 2926//444 2923//444 2933//444 2932//444
f 2932//444 2933//444 2934//444 2931//444
f 2922//443 2920//443 2928//443 2929//443
f 2930//441 2929//441 2937//441 2938//441
f 2925//441 2922//441 2929//441 2931//441
f 2931//441 2929//441 2930//441 2932//441
f 2923//439 2919//439 2927//439 2933//439
f 2933//439 2927//439 2928//439 2934//439
f 2937//443 2936//443 2935//443 2938//443
f 2928//439 2927//439 2935//439 2936//439
f 2929//445 2928//445 2936//445 2937//445
f 2927//446 2930//446 2938//446 2935//446
f 2954//439 2948//439 2940//439 2944//439
f 2944//440 2940//440 2942//440 2945//440
f 2952//441 2950//441 2941//441 2946//441
f 2946//442 2941//442 2939//442 2943//442
f 2950//443 2947//443 2939//443 2941//443
f 2951//444 2954//444 2944//444 2945//444
f 2946//444 2943//444 2953//444 2952//444
f 2952//444 2953//444 2954//444 2951//444
f 2942//443 2940//443 2948//443 2949//443
f 2950//441 2949//441 2957//441 2958//441
f 2945//441 2942//441 2949//441 2951//441
f 2951//441 2949//441 2950//441 2952//441
f 2943//439 2939//439 2947//439 2953//439
f 2953//439 2947//439 2948//439 2954//439
f 2957//443 2956//443 2955//443 2958//443
f 2948//439 2947//439 2955//439 2956//439
f 2949//445 2948//445 2956//445 2957//445
f 2947//446 2950//446 2958//446 2955//446
f 2974//439 2968//439 2960//439 2964//439
f 2964//440 2960//440 2962//440 2965//440
f 2972//441 2970//441 2961//441 2966//441
f 2966//442 2961//442 2959//442 2963//442
f 2970//443 2967//443 2959//443 2961//443
f 2971//444 2974//444 2964//444 2965//444
f 2966//444 2963//444 2973//444 2972//444
f 2972//444 2973//444 2974//444 2971//444
f 2962//443 2960//443 2968//443 2969//443
f 2970//441 2969//441 2977//441 2978//441
f 2965//441 2962//441 2969//441 2971//441
f 2971//441 2969//441 2970//441 2972//441
f 2963//439 2959//439 2967//439 2973//439
f 2973//439 2967//439 2968//439 2974//439
f 2977//443 2976//443 2975//443 2978//443
f 2968//439 2967//439 2975//439 2976//439
f 2969//445 2968//445 2976//445 2977//445
f 2967//446 2970//446 2978//446 2975//446
f 2994//439 2988//439 2980//439 2984//439
f 2984//440 2980//440 2982//440 2985//440
f 2992//441 2990//441 2981//441 2986//441
f 2986//442 2981//442 2979//442 2983//442
f 2990//443 2987//443 2979//443 2981//443
f 2991//444 2994//444 2984//444 2985//444
f 2986//444 2983//444 2993//444 2992//444
f 2992//444 2993//444 2994//444 2991//444
f 2982//443 2980//443 2988//443 2989//443
f 2990//441 2989//441 2997//441 2998//441
f 2985//441 2982//441 2989//441 2991//441
f 2991//441 2989//441 2990//441 2992//441
f 2983//439 2979//439 2987//439 2993//439
f 2993//439 2987//439 2988//439 2994//439
f 2997//443 2996//443 2995//443 2998//443
f 2988//439 2987//439 2995//439 2996//439
f 2989//445 2988//445 2996//445 2997//445
f 2987//446 2990//446 2998//446 2995//446
f 3014//439 3008//439 3000//439 3004//439
f 3004//440 3000//440 3002//440 3005//440
f 3012//441 3010//441 3001//441 3006//441
f 3006//442 3001//442 2999//442 3003//442
f 3010//443 3007//443 2999//443 3001//443
f 3011//444 3014//444 3004//444 3005//444
f 3006//444 3003//444 3013//444 3012//444
f 3012//444 3013//444 3014//444 3011//444
f 3002//443 3000//443 3008//443 3009//443
f 3010//441 3009//441 3017//441 3018//441
f 3005//441 3002//441 3009//441 3011//441
f 3011//441 3009//441 3010//441 3012//441
f 3003//439 2999//439 3007//439 3013//439
f 3013//439 3007//439 3008//439 3014//439
f 3017//443 3016//443 3015//443 3018//443
f 3008//439 3007//439 3015//439 3016//439
f 3009//445 3008//445 3016//445 3017//445
f 3007//446 3010//446 3018//446 3015//446
f 3034//439 3028//439 3020//439 3024//439
f 3024//440 3020//440 3022//440 3025//440
f 3032//441 3030//441 3021//441 3026//441
f 3026//442 3021//442 3019//442 3023//442
f 3030//443 3027//443 3019//443 3021//443
f 3031//444 3034//444 3024//444 3025//444
f 3026//444 3023//444 3033//444 3032//444
f 3032//444 3033//444 3034//444 3031//444
f 3022//443 3020//443 3028//443 3029//443
f 3030//441 3029//441 3037//441 3038//441
f 3025//441 3022//441 3029//441 3031//441
f 3031//441 3029//441 3030//441 3032//441
f 3023//439 3019//439 3027//439 3033//439
f 3033//439 3027//439 3028//439 3034//439
f 3037//443 3036//443 3035//443 3038//443
f 3028//439 3027//439 3035//439 3036//439
f 3029//445 3028//445 3036//445 3037//445
f 3027//446 3030//446 3038//446 3035//446
f 3054//439 3048//439 3040//439 3044//439
f 3044//447 3040//447 3042//447 3045//447
f 3052//441 3050//441 3041//441 3046//441
f 3046//448 3041//448 3039//448 3043//448
f 3050//449 3047//449 3039//449 3041//449
f 3051//450 3054//450 3044//450 3045//450
f 3046//450 3043//450 3053//450 3052//450
f 3052//450 3053//450 3054//450 3051//450
f 3042//449 3040//449 3048//449 3049//449
f 3050//441 3049//441 3057//441 3058//441
f 3045//441 3042//441 3049//441 3051//441
f 3051//441 3049//441 3050//441 3052//441
f 3043//439 3039//439 3047//439 3053//439
f 3053//439 3047//439 3048//439 3054//439
f 3057//449 3056//449 3055//449 3058//449
f 3048//439 3047//439 3055//439 3056//439
f 3049//451 3048//451 3056//451 3057//451
f 3047//452 3050//452 3058//452 3055//452
f 3074//439 3068//439 3060//439 3064//439
f 3064//453 3060//453 3062//453 3065//453
f 3072//441 3070//441 3061//441 3066//441
f 3066//454 3061//454 3059//454 3063//454
f 3070//455 3067//455 3059//455 3061//455
f 3071//456 3074//456 3064//456 3065//456
f 3066//456 3063//456 3073//456 3072//456
f 3072//456 3073//456 3074//456 3071//456
f 3062//455 3060//455 3068//455 3069//455
f 3070//441 3069//441 3077//441 3078//441
f 3065//441 3062//441 3069//441 3071//441
f 3071//441 3069//441 3070//441 3072//441
f 3063//439 3059//439 3067//439 3073//439
f 3073//439 3067//439 3068//439 3074//439
f 3077//455 3076//455 3075//455 3078//455
f 3068//439 3067//439 3075//439 3076//439
f 3069//457 3068//457 3076//457 3077//457
f 3067//458 3070//458 3078//458 3075//458
f 3094//439 3088//439 3080//439 3084//439
f 3084//454 3080//454 3082//454 3085//454
f 3092//441 3090//441 3081//441 3086//441
f 3086//453 3081//453 3079//453 3083//453
f 3090//456 3087//456 3079//456 3081//456
f 3091//455 3094//455 3084//455 3085//455
f 3086//455 3083//455 3093//455 3092//455
f 3092//455 3093//455 3094//455 3091//455
f 3082//456 3080//456 3088//456 3089//456
f 3090//441 3089//441 3097//441 3098//441
f 3085//441 3082//441 3089//441 3091//441
f 3091//441 3089//441 3090//441 3092//441
f 3083//439 3079//439 3087//439 3093//439
f 3093//439 3087//439 3088//439 3094//439
f 3097//456 3096//456 3095//456 3098//456
f 3088//439 3087//439 3095//439 3096//439
f 3089//459 3088//459 3096//459 3097//459
f 3087//460 3090//460 3098//460 3095//460
f 3114//439 3108//439 3100//439 3104//439
f 3104//448 3100//448 3102//448 3105//448
f 3112//441 3110//441 3101//441 3106//441
f 3106//447 3101//447 3099//447 3103//447
f 3110//450 3107//450 3099//450 3101//450
f 3111//449 3114//449 3104//449 3105//449
f 3106//449 3103//449 3113//449 3112//449
f 3112//449 3113//449 3114//449 3111//449
f 3102//450 3100//450 3108//450 3109//450
f 3110//441 3109//441 3117//441 3118//441
f 3105//441 3102//441 3109//441 3111//441
f 3111//441 3109//441 3110//441 3112//441
f 3103//439 3099//439 3107//439 3113//439
f 3113//439 3107//439 3108//439 3114//439
f 3117//450 3116//450 3115//450 3118//450
f 3108//439 3107//439 3115//439 3116//439
f 3109//461 3108//461 3116//461 3117//461
f 3107//462 3110//462 3118//462 3115//462
f 3134//439 3128//439 3120//439 3124//439
f 3124//442 3120//442 3122//442 3125//442
f 3132//441 3130//441 3121//441 3126//441
f 3126//440 3121//440 3119//440 3123//440
f 3130//444 3127//444 3119//444 3121//444
f 3131//443 3134//443 3124//443 3125//443
f 3126//443 3123//443 3133//443 3132//443
f 3132//443 3133//443 3134//443 3131//443
f 3122//444 3120//444 3128//444 3129//444
f 3130//441 3129//441 3137//441 3138//441
f 3125//441 3122//441 3129//441 3131//441
f 3131//441 3129//441 3130//441 3132//441
f 3123//439 3119//439 3127//439 3133//439
f 3133//439 3127//439 3128//439 3134//439
f 3137//444 3136//444 3135//444 3138//444
f 3128//439 3127//439 3135//439 3136//439
f 3129//463 3128//463 3136//463 3137//463
f 3127//464 3130//464 3138//464 3135//464
f 3154//439 3148//439 3140//439 3144//439
f 3144//442 3140//442 3142//442 3145//442
f 3152//441 3150//441 3141//441 3146//441
f 3146//440 3141//440 3139//440 3143//440
f 3150//444 3147//444 3139//444 3141//444
f 3151//443 3154//443 3144//443 3145//443
f 3146//443 3143//443 3153//443 3152//443
f 3152//443 3153//443 3154//443 3151//443
f 3142//444 3140//444 3148//444 3149//444
f 3150//441 3149//441 3157//441 3158//441
f 3145//441 3142//441 3149//441 3151//441
f 3151//441 3149//441 3150//441 3152//441
f 3143//439 3139//439 3147//439 3153//439
f 3153//439 3147//439 3148//439 3154//439
f 3157//444 3156//444 3155//444 3158//444
f 3148//439 3147//439 3155//439 3156//439
f 3149//463 3148//463 3156//463 3157//463
f 3147//464 3150//464 3158//464 3155//464
f 3174//439 3168//439 3160//439 3164//439
f 3164//442 3160//442 3162//442 3165//442
f 3172//441 3170//441 3161//441 3166//441
f 3166//440 3161//440 3159//440 3163//440
f 3170//444 3167//444 3159//444 3161//444
f 3171//443 3174//443 3164//443 3165//443
f 3166//443 3163//443 3173//443 3172//443
f 3172//443 3173//443 3174//443 3171//443
f 3162//444 3160//444 3168//444 3169//444
f 3170//441 3169//441 3177//441 3178//441
f 3165//441 3162//441 3169//441 3171//441
f 3171//441 3169//441 3170//441 3172//441
f 3163//439 3159//439 3167//439 3173//439
f 3173//439 3167//439 3168//439 3174//439
f 3177//444 3176//444 3175//444 3178//444
f 3168//439 3167//439 3175//439 3176//439
f 3169//463 3168//463 3176//463 3177//463
f 3167//464 3170//464 3178//464 3175//464
f 3194//439 3188//439 3180//439 3184//439
f 3184//442 3180//442 3182//442 3185//442
f 3192//441 3190//441 3181//441 3186//441
f 3186//440 3181//440 3179//440 3183//440
f 3190//444 3187//444 3179//444 3181//444
f 3191//443 3194//443 3184//443 3185//443
f 3186//443 3183//443 3193//443 3192//443
f 3192//443 3193//443 3194//443 3191//443
f 3182//444 3180//444 3188//444 3189//444
f 3190//441 3189//441 3197//441 3198//441
f 3185//441 3182//441 3189//441 3191//441
f 3191//441 3189//441 3190//441 3192//441
f 3183//439 3179//439 3187//439 3193//439
f 3193//439 3187//439 3188//439 3194//439
f 3197//444 3196//444 3195//444 3198//444
f 3188//439 3187//439 3195//439 3196//439
f 3189//463 3188//463 3196//463 3197//463
f 3187//464 3190//464 3198//464 3195//464
f 3214//439 3208//439 3200//439 3204//439
f 3204//442 3200//442 3202//442 3205//442
f 3212//441 3210//441 3201//441 3206//441
f 3206//440 3201//440 3199//440 3203//440
f 3210//444 3207//444 3199//444 3201//444
f 3211//443 3214//443 3204//443 3205//443
f 3206//443 3203//443 3213//443 3212//443
f 3212//443 3213//443 3214//443 3211//443
f 3202//444 3200//444 3208//444 3209//444
f 3210//441 3209//441 3217//441 3218//441
f 3205//441 3202//441 3209//441 3211//441
f 3211//441 3209//441 3210//441 3212//441
f 3203//439 3199//439 3207//439 3213//439
f 3213//439 3207//439 3208//439 3214//439
f 3217//444 3216//444 3215//444 3218//444
f 3208//439 3207//439 3215//439 3216//439
f 3209//463 3208//463 3216//463 3217//463
f 3207//464 3210//464 3218//464 3215//464
f 3234//439 3228//439 3220//439 3224//439
f 3224//442 3220//442 3222//442 3225//442
f 3232//441 3230//441 3221//441 3226//441
f 3226//440 3221//440 3219//440 3223//440
f 3230//444 3227//444 3219//444 3221//444
f 3231//443 3234//443 3224//443 3225//443
f 3226//443 3223//443 3233//443 3232//443
f 3232//443 3233//443 3234//443 3231//443
f 3222//444 3220//444 3228//444 3229//444
f 3230//441 3229//441 3237//441 3238//441
f 3225//441 3222//441 3229//441 3231//441
f 3231//441 3229//441 3230//441 3232//441
f 3223//439 3219//439 3227//439 3233//439
f 3233//439 3227//439 3228//439 3234//439
f 3237//444 3236//444 3235//444 3238//444
f 3228//439 3227//439 3235//439 3236//439
f 3229//463 3228//463 3236//463 3237//463
f 3227//464 3230//464 3238//464 3235//464
f 3254//439 3248//439 3240//439 3244//439
f 3244//442 3240//442 3242//442 3245//442
f 3252//441 3250//441 3241//441 3246//441
f 3246//440 3241//440 3239//440 3243//440
f 3250//444 3247//444 3239//444 3241//444
f 3251//443 3254//443 3244//443 3245//443
f 3246//443 3243//443 3253//443 3252//443
f 3252//443 3253//443 3254//443 3251//443
f 3242//444 3240//444 3248//444 3249//444
f 3250//441 3249//441 3257//441 3258//441
f 3245//441 3242//441 3249//441 3251//441
f 3251//441 3249//441 3250//441 3252//441
f 3243//439 3239//439 3247//439 3253//439
f 3253//439 3247//439 3248//439 3254//439
f 3257//444 3256//444 3255//444 3258//444
f 3248//439 3247//439 3255//439 3256//439
f 3249//463 3248//463 3256//463 3257//463
f 3247//464 3250//464 3258//464 3255//464
f 3274//439 3268//439 3260//439 3264//439
f 3264//442 3260//442 3262//442 3265//442
f 3272//441 3270//441 3261//441 3266//441
f 3266//440 3261//440 3259//440 3263//440
f 3270//444 3267//444 3259//444 3261//444
f 3271//443 3274//443 3264//443 3265//443
f 3266//443 3263//443 3273//443 3272//443
f 3272//443 3273//443 3274//443 3271//443
f 3262//444 3260//444 3268//444 3269//444
f 3270//441 3269//441 3277//441 3278//441
f 3265//441 3262//441 3269//441 3271//441
f 3271//441 3269//441 3270//441 3272//441
f 3263//439 3259//439 3267//439 3273//439
f 3273//439 3267//439 3268//439 3274//439
f 3277//444 3276//444 3275//444 3278//444
f 3268//439 3267//439 3275//439 3276//439
f 3269//463 3268//463 3276//463 3277//463
f 3267//464 3270//464 3278//464 3275//464
f 3294//439 3288//439 3280//439 3284//439
f 3284//442 3280//442 3282//442 3285//442
f 3292//441 3290//441 3281//441 3286//441
f 3286//440 3281//440 3279//440 3283//440
f 3290//444 3287//444 3279//444 3281//444
f 3291//443 3294//443 3284//443 3285//443
f 3286//443 3283//443 3293//443 3292//443
f 3292//443 3293//443 3294//443 3291//443
f 3282//444 3280//444 3288//444 3289//444
f 3290//441 3289//441 3297//441 3298//441
f 3285//441 3282//441 3289//441 3291//441
f 3291//441 3289//441 3290//441 3292//441
f 3283//439 3279//439 3287//439 3293//439
f 3293//439 3287//439 3288//439 3294//439
f 3297//444 3296//444 3295//444 3298//444
f 3288//439 3287//439 3295//439 3296//439
f 3289//463 3288//463 3296//463 3297//463
f 3287//464 3290//464 3298//464 3295//464
o TrackMesh.L_Cube.051
v 0.28389555 0.08216865000000001 1.31639625
v -0.28389555 0.08216865000000001 1.31639625
v 0.28389555 0.08216820000000001 2.22171435
v -0.28389555 0.08216820000000001 2.22171435
v 0.28389555 0.20140560000000002 1.31639625
v -0.28389555 0.20140605000000003 1.31639625
v -0.28389555 0.20140560000000002 2.22171435
v 0.28389555 0.20140515000000003 2.22171435
v 0.1530333 0.08216865000000001 1.31639625
v -0.15303375000000002 0.08216865000000001 1.31639625
v -0.15303375000000002 0.08216820000000001 2.22171435
v 0.1530333 0.08216820000000001 2.22171435
v -0.1530333 0.20140560000000002 2.22171435
v 0.1530333 0.20140515000000003 2.22171435
v 0.1530333 0.20140560000000002 1.31639625
v -0.15303375000000002 0.20140560000000002 1.31639625
v 0.122391 0.0002574000000000006 1.3163958
v -0.122391 0.0002574000000000006 1.3163958
v -0.122391 0.00025695000000000015 2.22171435
v 0.122391 0.00025695000000000015 2.22171435
v 0.9138955500000001 0.08216820000000001 1.31639625
v 0.34610445 0.08216865000000001 1.31639625
v 0.9138955500000001 0.08216820000000001 2.22171435
v 0.34610445 0.08216820000000001 2.22171435
v 0.9138955500000001 0.20140560000000002 1.31639625
v 0.34610445 0.20140560000000002 1.31639625
v 0.34610445 0.20140560000000002 2.22171435
v 0.9138955500000001 0.20140515000000003 2.22171435
v 0.7830332999999999 0.08216865000000001 1.31639625
v 0.47696625000000004 0.08216865000000001 1.31639625
v 0.47696625000000004 0.08216820000000001 2.22171435
v 0.7830332999999999 0.08216820000000001 2.22171435
v 0.47696669999999997 0.20140560000000002 2.22171435
v 0.7830332999999999 0.20140515000000003 2.22171435
v 0.7830332999999999 0.20140560000000002 1.31639625
v 0.47696625000000004 0.20140560000000002 1.31639625
v 0.752391 0.0002574000000000006 1.3163958
v 0.507609 0.0002574000000000006 1.3163958
v 0.507609 0.00025695000000000015 2.22171435
v 0.752391 0.00025695000000000015 2.22171435
v 1.5438951 0.08216820000000001 1.3163958
v 0.97610445 0.08216865000000001 1.3163958
v 1.54389555 0.08216820000000001 2.22171435
v 0.97610445 0.08216820000000001 2.22171435
v 1.54389555 0.20140560000000002 1.3163958
v 0.97610445 0.20140560000000002 1.3163958
v 0.97610445 0.20140560000000002 2.22171435
v 1.54389555 0.20140515000000003 2.22171435
v 1.4130333 0.08216820000000001 1.3163958
v 1.1069662500000002 0.08216865000000001 1.3163958
v 1.1069662500000002 0.08216820000000001 2.22171435
v 1.4130333 0.08216820000000001 2.22171435
v 1.1069662500000002 0.20140560000000002 2.22171435
v 1.4130333 0.20140515000000003 2.22171435
v 1.4130333 0.20140560000000002 1.3163958
v 1.1069662500000002 0.20140560000000002 1.3163958
v 1.38239055 0.00025695000000000015 1.3163958
v 1.137609 0.0002574000000000006 1.3163958
v 1.137609 0.00025695000000000015 2.22171435
v 1.382391 0.00025695000000000015 2.22171435
v 2.17389555 0.08216820000000001 1.3163958
v 1.6061044500000001 0.08216865000000001 1.3163958
v 2.17389555 0.08216775000000001 2.22171435
v 1.6061044500000001 0.08216820000000001 2.22171435
v 2.17389555 0.20140560000000002 1.3163958
v 1.6061044500000001 0.20140560000000002 1.3163958
v 1.6061044500000001 0.20140515000000003 2.22171435
v 2.17389555 0.20140515000000003 2.22171435
v 2.0430333 0.08216820000000001 1.3163958
v 1.73696625 0.08216865000000001 1.3163958
v 1.73696625 0.08216820000000001 2.22171435
v 2.0430333 0.08216820000000001 2.22171435
v 1.7369667000000002 0.20140515000000003 2.22171435
v 2.0430333 0.20140515000000003 2.22171435
v 2.0430333 0.20140560000000002 1.3163958
v 1.73696625 0.20140560000000002 1.3163958
v 2.012391 0.00025695000000000015 1.3163958
v 1.767609 0.0002574000000000006 1.3163958
v 1.767609 0.00025695000000000015 2.22171435
v 2.012391 0.00025695000000000015 2.22171435
v 2.80389555 0.08216820000000001 1.3163958
v 2.23610445 0.08216865000000001 1.3163958
v 2.80389555 0.08216775000000001 2.22171435
v 2.23610445 0.08216820000000001 2.22171435
v 2.80389555 0.20140560000000002 1.3163958
v 2.23610445 0.20140560000000002 1.3163958
v 2.23610445 0.20140515000000003 2.22171435
v 2.80389555 0.20140515000000003 2.22171435
v 2.6730333 0.08216820000000001 1.3163958
v 2.36696625 0.08216820000000001 1.3163958
v 2.36696625 0.08216820000000001 2.22171435
v 2.6730333 0.08216775000000001 2.22171435
v 2.3669667000000003 0.20140515000000003 2.22171435
v 2.6730333 0.20140515000000003 2.22171435
v 2.6730333 0.20140560000000002 1.3163958
v 2.36696625 0.20140560000000002 1.3163958
v 2.642391 0.00025695000000000015 1.3163958
v 2.397609 0.00025695000000000015 1.3163958
v 2.397609 0.00025695000000000015 2.22171435
v 2.642391 0.00025695000000000015 2.22171435
v -0.9761049000000002 0.08216865000000001 1.31639625
v -1.5438960000000002 0.08216865000000001 1.31639625
v -0.9761049000000002 0.08216820000000001 2.22171435
v -1.5438960000000002 0.08216865000000001 2.22171435
v -0.9761049000000002 0.20140560000000002 1.31639625
v -1.5438960000000002 0.20140605000000003 1.31639625
v -1.54389555 0.20140560000000002 2.22171435
v -0.9761049000000002 0.20140560000000002 2.22171435
v -1.1069666999999999 0.08216865000000001 1.31639625
v -1.41303375 0.08216865000000001 1.31639625
v -1.41303375 0.08216820000000001 2.22171435
v -1.1069666999999999 0.08216820000000001 2.22171435
v -1.41303375 0.20140560000000002 2.22171435
v -1.1069666999999999 0.20140560000000002 2.22171435
v -1.1069666999999999 0.20140560000000002 1.31639625
v -1.41303375 0.20140605000000003 1.31639625
v -1.13760945 0.0002574000000000006 1.31639625
v -1.38239145 0.0002574000000000006 1.31639625
v -1.382391 0.00025695000000000015 2.22171435
v -1.13760945 0.00025695000000000015 2.22171435
v -0.34610445 0.08216865000000001 1.31639625
v -0.9138955500000001 0.08216865000000001 1.31639625
v -0.34610445 0.08216820000000001 2.22171435
v -0.9138955500000001 0.08216820000000001 2.22171435
v -0.34610445 0.20140560000000002 1.31639625
v -0.9138955500000001 0.20140605000000003 1.31639625
v -0.9138955500000001 0.20140560000000002 2.22171435
v -0.34610445 0.20140515000000003 2.22171435
v -0.47696669999999997 0.08216865000000001 1.31639625
v -0.7830337500000001 0.08216865000000001 1.31639625
v -0.7830337500000001 0.08216820000000001 2.22171435
v -0.47696669999999997 0.08216820000000001 2.22171435
v -0.7830337500000001 0.20140560000000002 2.22171435
v -0.47696669999999997 0.20140560000000002 2.22171435
v -0.47696669999999997 0.20140560000000002 1.31639625
v -0.7830337500000001 0.20140605000000003 1.31639625
v -0.50760945 0.0002574000000000006 1.3163958
v -0.752391 0.0002574000000000006 1.3163958
v -0.752391 0.00025695000000000015 2.22171435
v -0.507609 0.00025695000000000015 2.22171435
v -1.6061049 0.08216865000000001 1.31639625
v -2.173896 0.08216865000000001 1.31639625
v -1.6061049 0.08216820000000001 2.22171435
v -2.173896 0.08216865000000001 2.22171435
v -1.6061049 0.20140605000000003 1.31639625
v -2.173896 0.20140605000000003 1.31639625
v -2.173896 0.20140560000000002 2.22171435
v -1.6061049 0.20140560000000002 2.22171435
v -1.7369667000000002 0.08216865000000001 1.31639625
v -2.04303375 0.08216865000000001 1.31639625
v -2.04303375 0.08216865000000001 2.22171435
v -1.7369667000000002 0.08216820000000001 2.22171435
v -2.04303375 0.20140560000000002 2.22171435
v -1.7369667000000002 0.20140560000000002 2.22171435
v -1.7369667000000002 0.20140605000000003 1.31639625
v -2.04303375 0.20140605000000003 1.31639625
v -1.7676094500000001 0.0002574000000000006 1.31639625
v -2.0123914500000004 0.0002574000000000006 1.31639625
v -2.0123914500000004 0.0002574000000000006 2.22171435
v -1.7676094500000001 0.00025695000000000015 2.22171435
v -2.2361049 0.08216865000000001 1.31639625
v -2.803896 0.08216910000000001 1.31639625
v -2.2361049 0.08216820000000001 2.22171435
v -2.803896 0.08216865000000001 2.22171435
v -2.2361049 0.20140605000000003 1.31639625
v -2.803896 0.20140605000000003 1.31639625
v -2.803896 0.20140560000000002 2.22171435
v -2.2361049 0.20140560000000002 2.22171435
v -2.3669671500000002 0.08216865000000001 1.31639625
v -2.67303375 0.08216865000000001 1.31639625
v -2.67303375 0.08216865000000001 2.22171435
v -2.3669667000000003 0.08216820000000001 2.22171435
v -2.67303375 0.20140560000000002 2.22171435
v -2.3669667000000003 0.20140560000000002 2.22171435
v -2.3669667000000003 0.20140605000000003 1.31639625
v -2.67303375 0.20140605000000003 1.31639625
v -2.39760945 0.0002574000000000006 1.31639625
v -2.64239145 0.0002574000000000006 1.31639625
v -2.64239145 0.0002574000000000006 2.22171435
v -2.39760945 0.00025695000000000015 2.22171435
v 2.9529072 1.1368399500000002 1.31639625
v 3.31787565 0.70188615 1.31639625
v 2.9529072 1.1368399500000002 2.2217148
v 3.31787565 0.70188615 2.22171435
v 2.8615662 1.0601959500000002 1.31639625
v 3.2265342 0.62524215 1.31639625
v 3.22653465 0.62524215 2.22171435
v 2.8615662 1.0601959500000002 2.2217148
v 3.0370234500000004 1.03659345 1.31639625
v 3.23375895 0.8021322 1.31639625
v 3.2337594 0.8021322 2.2217148
v 3.0370234500000004 1.03659345 2.2217148
v 3.14241795 0.7254882 2.2217148
v 2.94568245 0.9599494500000001 2.2217148
v 2.94568245 0.9599494500000001 1.31639625
v 3.14241795 0.7254882 1.31639625
v 3.11946795 1.0657714500000002 1.31639625
v 3.27681045 0.87825735 1.31639625
v 3.27681045 0.87825735 2.2217148
v 3.11946795 1.0657714500000002 2.2217148
v 3.3178752 0.48168720000000004 1.31639625
v 2.9529063 0.04673385 1.31639625
v 3.31787565 0.48168674999999994 2.22171435
v 2.9529063 0.04673385 2.22171435
v 3.22653465 0.5583312 1.31639625
v 2.8615653 0.12337830000000001 1.31639625
v 2.8615657500000005 0.12337785 2.22171435
v 3.22653465 0.5583312 2.22171435
v 3.23375895 0.38144114999999995 1.31639625
v 3.037023 0.14697990000000002 1.31639625
v 3.037023 0.14697990000000002 2.22171435
v 3.23375895 0.3814407 2.22171435
v 2.945682 0.22362435000000003 2.22171435
v 3.14241795 0.45808515000000005 2.22171435
v 3.14241795 0.45808515000000005 1.31639625
v 2.94568155 0.22362435000000003 1.31639625
v 3.27681 0.305316 1.31639625
v 3.11946705 0.11780235 1.31639625
v 3.11946705 0.11780190000000001 2.22171435
v 3.27681 0.30531555 2.22171435
v -3.3178752 0.7018870500000001 1.31639625
v -2.9529063 1.1368404 1.31639625
v -3.31787565 0.7018870500000001 2.22171435
v -2.95290675 1.1368399500000002 2.2217148
v -3.2265342 0.62524305 1.31639625
v -2.8615653 1.0601959500000002 1.31639625
v -2.8615657500000005 1.0601959500000002 2.2217148
v -3.22653465 0.6252426 2.22171435
v -3.23375895 0.8021331 1.31639625
v -3.037023 1.0365939000000002 1.31639625
v -3.037023 1.0365939000000002 2.2217148
v -3.23375895 0.8021331 2.2217148
v -2.945682 0.9599499000000002 2.2217148
v -3.14241795 0.7254891 2.2217148
v -3.14241795 0.7254891 1.31639625
v -2.945682 0.9599499000000002 1.31639625
v -3.27681 0.87825825 1.31639625
v -3.11946705 1.0657719 1.31639625
v -3.11946705 1.0657719 2.2217148
v -3.27681 0.87825825 2.2217148
v -2.95290675 0.0467343 1.31639625
v -3.3178752 0.48168809999999995 1.31639625
v -2.95290675 0.0467343 2.22171435
v -3.3178752 0.48168764999999997 2.22171435
v -2.8615657500000005 0.12337830000000001 1.31639625
v -3.2265342 0.5583321 1.31639625
v -3.2265342 0.55833165 2.22171435
v -2.8615657500000005 0.12337830000000001 2.22171435
v -3.037023 0.14698080000000002 1.31639625
v -3.23375895 0.3814416 1.31639625
v -3.23375895 0.3814416 2.22171435
v -3.037023 0.14698035000000004 2.22171435
v -3.14241795 0.4580856 2.22171435
v -2.945682 0.22362435000000003 2.22171435
v -2.945682 0.22362480000000004 1.31639625
v -3.1424175 0.4580856 1.31639625
v -3.1194675000000003 0.11780280000000001 1.31639625
v -3.27681 0.30531645 1.31639625
v -3.27681 0.30531645 2.22171435
v -3.1194675000000003 0.11780235 2.22171435
v 2.23610445 1.1014056000000003 1.31639625
v 2.80389555 1.1014056000000003 1.31639625
v 2.23610445 1.1014056000000003 2.2217148
v 2.80389555 1.1014056000000003 2.2217148
v 2.23610445 0.9821682000000002 1.31639625
v 2.80389555 0.9821682000000002 1.31639625
v 2.80389555 0.9821682000000002 2.2217148
v 2.23610445 0.9821682000000002 2.2217148
v 2.3669667000000003 1.1014056000000003 1.31639625
v 2.67303375 1.1014056000000003 1.31639625
v 2.67303375 1.1014056000000003 2.2217148
v 2.3669667000000003 1.1014056000000003 2.2217148
v 2.67303375 0.9821682000000002 2.2217148
v 2.3669667000000003 0.9821682000000002 2.2217148
v 2.3669667000000003 0.9821682000000002 1.31639625
v 2.67303375 0.9821682000000002 1.31639625
v 2.39760945 1.1833168500000002 1.31639625
v 2.642391 1.1833168500000002 1.31639625
v 2.642391 1.1833168500000002 2.2217148
v 2.39760945 1.1833168500000002 2.2217148
v 1.6061044500000001 1.1014056000000003 1.31639625
v 2.17389555 1.1014056000000003 1.31639625
v 1.6061044500000001 1.1014056000000003 2.2217148
v 2.17389555 1.1014056000000003 2.2217148
v 1.6061044500000001 0.9821682000000002 1.31639625
v 2.17389555 0.9821682000000002 1.31639625
v 2.17389555 0.9821682000000002 2.2217148
v 1.6061044500000001 0.9821682000000002 2.2217148
v 1.7369667000000002 1.1014056000000003 1.31639625
v 2.04303375 1.1014056000000003 1.31639625
v 2.04303375 1.1014056000000003 2.2217148
v 1.7369667000000002 1.1014056000000003 2.2217148
v 2.04303375 0.9821682000000002 2.2217148
v 1.7369667000000002 0.9821682000000002 2.2217148
v 1.7369667000000002 0.9821682000000002 1.31639625
v 2.04303375 0.9821682000000002 1.31639625
v 1.767609 1.1833168500000002 1.31639625
v 2.012391 1.1833168500000002 1.31639625
v 2.012391 1.1833168500000002 2.2217148
v 1.767609 1.1833168500000002 2.2217148
v 0.34610445 1.1014056000000003 1.31639625
v 0.9138955500000001 1.1014056000000003 1.31639625
v 0.34610445 1.1014056000000003 2.2217148
v 0.9138955500000001 1.1014056000000003 2.2217148
v 0.34610445 0.9821682000000002 1.31639625
v 0.9138955500000001 0.9821682000000002 1.31639625
v 0.9138955500000001 0.9821682000000002 2.2217148
v 0.34610445 0.9821682000000002 2.2217148
v 0.47696669999999997 1.1014056000000003 1.31639625
v 0.7830337500000001 1.1014056000000003 1.31639625
v 0.7830337500000001 1.1014056000000003 2.2217148
v 0.47696669999999997 1.1014056000000003 2.2217148
v 0.7830337500000001 0.9821682000000002 2.2217148
v 0.47696669999999997 0.9821682000000002 2.2217148
v 0.47696669999999997 0.9821682000000002 1.31639625
v 0.7830337500000001 0.9821682000000002 1.31639625
v 0.507609 1.1833168500000002 1.31639625
v 0.752391 1.1833168500000002 1.31639625
v 0.752391 1.1833168500000002 2.2217148
v 0.507609 1.1833168500000002 2.2217148
v 0.97610445 1.1014056000000003 1.31639625
v 1.54389555 1.1014056000000003 1.31639625
v 0.97610445 1.1014056000000003 2.2217148
v 1.54389555 1.1014056000000003 2.2217148
v 0.97610445 0.9821682000000002 1.31639625
v 1.54389555 0.9821682000000002 1.31639625
v 1.54389555 0.9821682000000002 2.2217148
v 0.97610445 0.9821682000000002 2.2217148
v 1.1069666999999999 1.1014056000000003 1.31639625
v 1.41303375 1.1014056000000003 1.31639625
v 1.4130333 1.1014056000000003 2.2217148
v 1.1069666999999999 1.1014056000000003 2.2217148
v 1.4130333 0.9821682000000002 2.2217148
v 1.1069666999999999 0.9821682000000002 2.2217148
v 1.1069666999999999 0.9821682000000002 1.31639625
v 1.41303375 0.9821682000000002 1.31639625
v 1.137609 1.1833168500000002 1.31639625
v 1.382391 1.1833168500000002 1.31639625
v 1.382391 1.1833168500000002 2.2217148
v 1.137609 1.1833168500000002 2.2217148
v -2.80389555 1.1014056000000003 1.31639625
v -2.23610445 1.1014056000000003 1.31639625
v -2.80389555 1.1014056000000003 2.2217148
v -2.23610445 1.1014056000000003 2.2217148
v -2.80389555 0.9821682000000002 1.31639625
v -2.23610445 0.9821682000000002 1.31639625
v -2.23610445 0.9821682000000002 2.2217148
v -2.80389555 0.9821682000000002 2.2217148
v -2.67303375 1.1014056000000003 1.31639625
v -2.3669667000000003 1.1014056000000003 1.31639625
v -2.3669667000000003 1.1014056000000003 2.2217148
v -2.67303375 1.1014056000000003 2.2217148
v -2.3669667000000003 0.9821682000000002 2.2217148
v -2.67303375 0.9821682000000002 2.2217148
v -2.67303375 0.9821682000000002 1.31639625
v -2.3669667000000003 0.9821682000000002 1.31639625
v -2.642391 1.1833168500000002 1.31639625
v -2.39760945 1.1833168500000002 1.31639625
v -2.39760945 1.1833168500000002 2.2217148
v -2.642391 1.1833168500000002 2.2217148
v -2.17389555 1.1014056000000003 1.31639625
v -1.6061044500000001 1.1014056000000003 1.31639625
v -2.17389555 1.1014056000000003 2.2217148
v -1.6061044500000001 1.1014056000000003 2.2217148
v -2.17389555 0.9821682000000002 1.31639625
v -1.6061044500000001 0.9821682000000002 1.31639625
v -1.6061044500000001 0.9821682000000002 2.2217148
v -2.17389555 0.9821682000000002 2.2217148
v -2.04303375 1.1014056000000003 1.31639625
v -1.7369667000000002 1.1014056000000003 1.31639625
v -1.7369667000000002 1.1014056000000003 2.2217148
v -2.04303375 1.1014056000000003 2.2217148
v -1.7369667000000002 0.9821682000000002 2.2217148
v -2.04303375 0.9821682000000002 2.2217148
v -2.04303375 0.9821682000000002 1.31639625
v -1.7369667000000002 0.9821682000000002 1.31639625
v -2.012391 1.1833168500000002 1.31639625
v -1.767609 1.1833168500000002 1.31639625
v -1.767609 1.1833168500000002 2.2217148
v -2.012391 1.1833168500000002 2.2217148
v -0.28389555 1.1014056000000003 1.31639625
v 0.28389555 1.1014056000000003 1.31639625
v -0.28389555 1.1014056000000003 2.2217148
v 0.28389555 1.1014056000000003 2.2217148
v -0.28389555 0.9821682000000002 1.31639625
v 0.28389555 0.9821682000000002 1.31639625
v 0.28389555 0.9821682000000002 2.2217148
v -0.28389555 0.9821682000000002 2.2217148
v -0.1530333 1.1014056000000003 1.31639625
v 0.1530333 1.1014056000000003 1.31639625
v 0.1530333 1.1014056000000003 2.2217148
v -0.1530333 1.1014056000000003 2.2217148
v 0.1530333 0.9821682000000002 2.2217148
v -0.1530333 0.9821682000000002 2.2217148
v -0.1530333 0.9821682000000002 1.31639625
v 0.1530333 0.9821682000000002 1.31639625
v -0.122391 1.1833168500000002 1.31639625
v 0.122391 1.1833168500000002 1.31639625
v 0.122391 1.1833168500000002 2.2217148
v -0.122391 1.1833168500000002 2.2217148
v -1.54389555 1.1014056000000003 1.31639625
v -0.97610445 1.1014056000000003 1.31639625
v -1.54389555 1.1014056000000003 2.2217148
v -0.97610445 1.1014056000000003 2.2217148
v -1.54389555 0.9821682000000002 1.31639625
v -0.97610445 0.9821682000000002 1.31639625
v -0.97610445 0.9821682000000002 2.2217148
v -1.54389555 0.9821682000000002 2.2217148
v -1.4130333 1.1014056000000003 1.31639625
v -1.1069666999999999 1.1014056000000003 1.31639625
v -1.1069666999999999 1.1014056000000003 2.2217148
v -1.41303375 1.1014056000000003 2.2217148
v -1.1069666999999999 0.9821682000000002 2.2217148
v -1.41303375 0.9821682000000002 2.2217148
v -1.4130333 0.9821682000000002 1.31639625
v -1.1069666999999999 0.9821682000000002 1.31639625
v -1.382391 1.1833168500000002 1.31639625
v -1.137609 1.1833168500000002 1.31639625
v -1.137609 1.1833168500000002 2.2217148
v -1.382391 1.1833168500000002 2.2217148
v -0.9138955500000001 1.1014056000000003 1.31639625
v -0.34610445 1.1014056000000003 1.31639625
v -0.9138955500000001 1.1014056000000003 2.2217148
v -0.34610445 1.1014056000000003 2.2217148
v -0.9138955500000001 0.9821682000000002 1.31639625
v -0.34610445 0.9821682000000002 1.31639625
v -0.34610445 0.9821682000000002 2.2217148
v -0.9138955500000001 0.9821682000000002 2.2217148
v -0.7830332999999999 1.1014056000000003 1.31639625
v -0.47696669999999997 1.1014056000000003 1.31639625
v -0.47696669999999997 1.1014056000000003 2.2217148
v -0.7830332999999999 1.1014056000000003 2.2217148
v -0.47696669999999997 0.9821682000000002 2.2217148
v -0.7830332999999999 0.9821682000000002 2.2217148
v -0.7830332999999999 0.9821682000000002 1.31639625
v -0.47696669999999997 0.9821682000000002 1.31639625
v -0.752391 1.1833168500000002 1.31639625
v -0.507609 1.1833168500000002 1.31639625
v -0.507609 1.1833168500000002 2.2217148
v -0.752391 1.1833168500000002 2.2217148
vn 0.0000 0.0000 -1.0000
vn -1.0000 0.0000 0.0000
vn 0.0000 0.0000 1.0000
vn 1.0000 -0.0000 -0.0000
vn -0.0000 -1.0000 -0.0000
vn 0.0000 1.0000 0.0000
vn -0.9366 -0.3504 -0.0000
vn 0.9366 -0.3504 -0.0000
vn 0.6428 -0.7660 -0.0000
vn -0.6428 0.7660 0.0000
vn 0.7660 0.6428 -0.0000
vn -0.7660 -0.6428 0.0000
vn 0.8704 -0.4923 -0.0000
vn -0.3336 0.9427 0.0000
vn -0.6428 -0.7660 -0.0000
vn 0.6428 0.7660 0.0000
vn 0.7660 -0.6428 -0.0000
vn -0.7660 0.6428 0.0000
vn -0.3336 -0.9427 -0.0000
vn 0.8704 0.4923 -0.0000
vn 0.3336 0.9427 0.0000
vn -0.8704 -0.4923 -0.0000
vn -0.8704 0.4923 0.0000
vn 0.3336 -0.9427 -0.0000
vn 0.9366 0.3504 0.0000
vn -0.9366 0.3504 0.0000
usemtl Main_Details
s off
f 3314//465 3308//465 3300//465 3304//465
f 3304//466 3300//466 3302//466 3305//466
f 3312//467 3310//467 3301//467 3306//467
f 3306//468 3301//468 3299//468 3303//468
f 3310//469 3307//469 3299//469 3301//469
f 3311//470 3314//470 3304//470 3305//470
f 3306//470 3303//470 3313//470 3312//470
f 3312//470 3313//470 3314//470 3311//470
f 3302//469 3300//469 3308//469 3309//469
f 3310//467 3309//467 3317//467 3318//467
f 3305//467 3302//467 3309//467 3311//467
f 3311//467 3309//467 3310//467 3312//467
f 3303//465 3299//465 3307//465 3313//465
f 3313//465 3307//465 3308//465 3314//465
f 3317//469 3316//469 3315//469 3318//469
f 3308//465 3307//465 3315//465 3316//465
f 3309//471 3308//471 3316//471 3317//471
f 3307//472 3310//472 3318//472 3315//472
f 3334//465 3328//465 3320//465 3324//465
f 3324//466 3320//466 3322//466 3325//466
f 3332//467 3330//467 3321//467 3326//467
f 3326//468 3321//468 3319//468 3323//468
f 3330//469 3327//469 3319//469 3321//469
f 3331//470 3334//470 3324//470 3325//470
f 3326//470 3323//470 3333//470 3332//470
f 3332//470 3333//470 3334//470 3331//470
f 3322//469 3320//469 3328//469 3329//469
f 3330//467 3329//467 3337//467 3338//467
f 3325//467 3322//467 3329//467 3331//467
f 3331//467 3329//467 3330//467 3332//467
f 3323//465 3319//465 3327//465 3333//465
f 3333//465 3327//465 3328//465 3334//465
f 3337//469 3336//469 3335//469 3338//469
f 3328//465 3327//465 3335//465 3336//465
f 3329//471 3328//471 3336//471 3337//471
f 3327//472 3330//472 3338//472 3335//472
f 3354//465 3348//465 3340//465 3344//465
f 3344//466 3340//466 3342//466 3345//466
f 3352//467 3350//467 3341//467 3346//467
f 3346//468 3341//468 3339//468 3343//468
f 3350//469 3347//469 3339//469 3341//469
f 3351//470 3354//470 3344//470 3345//470
f 3346//470 3343//470 3353//470 3352//470
f 3352//470 3353//470 3354//470 3351//470
f 3342//469 3340//469 3348//469 3349//469
f 3350//467 3349//467 3357//467 3358//467
f 3345//467 3342//467 3349//467 3351//467
f 3351//467 3349//467 3350//467 3352//467
f 3343//465 3339//465 3347//465 3353//465
f 3353//465 3347//465 3348//465 3354//465
f 3357//469 3356//469 3355//469 3358//469
f 3348//465 3347//465 3355//465 3356//465
f 3349//471 3348//471 3356//471 3357//471
f 3347//472 3350//472 3358//472 3355//472
f 3374//465 3368//465 3360//465 3364//465
f 3364//466 3360//466 3362//466 3365//466
f 3372//467 3370//467 3361//467 3366//467
f 3366//468 3361//468 3359//468 3363//468
f 3370//469 3367//469 3359//469 3361//469
f 3371//470 3374//470 3364//470 3365//470
f 3366//470 3363//470 3373//470 3372//470
f 3372//470 3373//470 3374//470 3371//470
f 3362//469 3360//469 3368//469 3369//469
f 3370//467 3369//467 3377//467 3378//467
f 3365//467 3362//467 3369//467 3371//467
f 3371//467 3369//467 3370//467 3372//467
f 3363//465 3359//465 3367//465 3373//465
f 3373//465 3367//465 3368//465 3374//465
f 3377//469 3376//469 3375//469 3378//469
f 3368//465 3367//465 3375//465 3376//465
f 3369//471 3368//471 3376//471 3377//471
f 3367//472 3370//472 3378//472 3375//472
f 3394//465 3388//465 3380//465 3384//465
f 3384//466 3380//466 3382//466 3385//466
f 3392//467 3390//467 3381//467 3386//467
f 3386//468 3381//468 3379//468 3383//468
f 3390//469 3387//469 3379//469 3381//469
f 3391//470 3394//470 3384//470 3385//470
f 3386//470 3383//470 3393//470 3392//470
f 3392//470 3393//470 3394//470 3391//470
f 3382//469 3380//469 3388//469 3389//469
f 3390//467 3389//467 3397//467 3398//467
f 3385//467 3382//467 3389//467 3391//467
f 3391//467 3389//467 3390//467 3392//467
f 3383//465 3379//465 3387//465 3393//465
f 3393//465 3387//465 3388//465 3394//465
f 3397//469 3396//469 3395//469 3398//469
f 3388//465 3387//465 3395//465 3396//465
f 3389//471 3388//471 3396//471 3397//471
f 3387//472 3390//472 3398//472 3395//472
f 3414//465 3408//465 3400//465 3404//465
f 3404//466 3400//466 3402//466 3405//466
f 3412//467 3410//467 3401//467 3406//467
f 3406//468 3401//468 3399//468 3403//468
f 3410//469 3407//469 3399//469 3401//469
f 3411//470 3414//470 3404//470 3405//470
f 3406//470 3403//470 3413//470 3412//470
f 3412//470 3413//470 3414//470 3411//470
f 3402//469 3400//469 3408//469 3409//469
f 3410//467 3409//467 3417//467 3418//467
f 3405//467 3402//467 3409//467 3411//467
f 3411//467 3409//467 3410//467 3412//467
f 3403//465 3399//465 3407//465 3413//465
f 3413//465 3407//465 3408//465 3414//465
f 3417//469 3416//469 3415//469 3418//469
f 3408//465 3407//465 3415//465 3416//465
f 3409//471 3408//471 3416//471 3417//471
f 3407//472 3410//472 3418//472 3415//472
f 3434//465 3428//465 3420//465 3424//465
f 3424//466 3420//466 3422//466 3425//466
f 3432//467 3430//467 3421//467 3426//467
f 3426//468 3421//468 3419//468 3423//468
f 3430//469 3427//469 3419//469 3421//469
f 3431//470 3434//470 3424//470 3425//470
f 3426//470 3423//470 3433//470 3432//470
f 3432//470 3433//470 3434//470 3431//470
f 3422//469 3420//469 3428//469 3429//469
f 3430//467 3429//467 3437//467 3438//467
f 3425//467 3422//467 3429//467 3431//467
f 3431//467 3429//467 3430//467 3432//467
f 3423//465 3419//465 3427//465 3433//465
f 3433//465 3427//465 3428//465 3434//465
f 3437//469 3436//469 3435//469 3438//469
f 3428//465 3427//465 3435//465 3436//465
f 3429//471 3428//471 3436//471 3437//471
f 3427//472 3430//472 3438//472 3435//472
f 3454//465 3448//465 3440//465 3444//465
f 3444//466 3440//466 3442//466 3445//466
f 3452//467 3450//467 3441//467 3446//467
f 3446//468 3441//468 3439//468 3443//468
f 3450//469 3447//469 3439//469 3441//469
f 3451//470 3454//470 3444//470 3445//470
f 3446//470 3443//470 3453//470 3452//470
f 3452//470 3453//470 3454//470 3451//470
f 3442//469 3440//469 3448//469 3449//469
f 3450//467 3449//467 3457//467 3458//467
f 3445//467 3442//467 3449//467 3451//467
f 3451//467 3449//467 3450//467 3452//467
f 3443//465 3439//465 3447//465 3453//465
f 3453//465 3447//465 3448//465 3454//465
f 3457//469 3456//469 3455//469 3458//469
f 3448//465 3447//465 3455//465 3456//465
f 3449//471 3448//471 3456//471 3457//471
f 3447//472 3450//472 3458//472 3455//472
f 3474//465 3468//465 3460//465 3464//465
f 3464//466 3460//466 3462//466 3465//466
f 3472//467 3470//467 3461//467 3466//467
f 3466//468 3461//468 3459//468 3463//468
f 3470//469 3467//469 3459//469 3461//469
f 3471//470 3474//470 3464//470 3465//470
f 3466//470 3463//470 3473//470 3472//470
f 3472//470 3473//470 3474//470 3471//470
f 3462//469 3460//469 3468//469 3469//469
f 3470//467 3469//467 3477//467 3478//467
f 3465//467 3462//467 3469//467 3471//467
f 3471//467 3469//467 3470//467 3472//467
f 3463//465 3459//465 3467//465 3473//465
f 3473//465 3467//465 3468//465 3474//465
f 3477//469 3476//469 3475//469 3478//469
f 3468//465 3467//465 3475//465 3476//465
f 3469//471 3468//471 3476//471 3477//471
f 3467//472 3470//472 3478//472 3475//472
f 3494//465 3488//465 3480//465 3484//465
f 3484//473 3480//473 3482//473 3485//473
f 3492//467 3490//467 3481//467 3486//467
f 3486//474 3481//474 3479//474 3483//474
f 3490//475 3487//475 3479//475 3481//475
f 3491//476 3494//476 3484//476 3485//476
f 3486//476 3483//476 3493//476 3492//476
f 3492//476 3493//476 3494//476 3491//476
f 3482//475 3480//475 3488//475 3489//475
f 3490//467 3489//467 3497//467 3498//467
f 3485//467 3482//467 3489//467 3491//467
f 3491//467 3489//467 3490//467 3492//467
f 3483//465 3479//465 3487//465 3493//465
f 3493//465 3487//465 3488//465 3494//465
f 3497//475 3496//475 3495//475 3498//475
f 3488//465 3487//465 3495//465 3496//465
f 3489//477 3488//477 3496//477 3497//477
f 3487//478 3490//478 3498//478 3495//478
f 3514//465 3508//465 3500//465 3504//465
f 3504//479 3500//479 3502//479 3505//479
f 3512//467 3510//467 3501//467 3506//467
f 3506//480 3501//480 3499//480 3503//480
f 3510//481 3507//481 3499//481 3501//481
f 3511//482 3514//482 3504//482 3505//482
f 3506//482 3503//482 3513//482 3512//482
f 3512//482 3513//482 3514//482 3511//482
f 3502//481 3500//481 3508//481 3509//481
f 3510//467 3509//467 3517//467 3518//467
f 3505//467 3502//467 3509//467 3511//467
f 3511//467 3509//467 3510//467 3512//467
f 3503//465 3499//465 3507//465 3513//465
f 3513//465 3507//465 3508//465 3514//465
f 3517//481 3516//481 3515//481 3518//481
f 3508//465 3507//465 3515//465 3516//465
f 3509//483 3508//483 3516//483 3517//483
f 3507//484 3510//484 3518//484 3515//484
f 3534//465 3528//465 3520//465 3524//465
f 3524//480 3520//480 3522//480 3525//480
f 3532//467 3530//467 3521//467 3526//467
f 3526//479 3521//479 3519//479 3523//479
f 3530//482 3527//482 3519//482 3521//482
f 3531//481 3534//481 3524//481 3525//481
f 3526//481 3523//481 3533//481 3532//481
f 3532//481 3533//481 3534//481 3531//481
f 3522//482 3520//482 3528//482 3529//482
f 3530//467 3529//467 3537//467 3538//467
f 3525//467 3522//467 3529//467 3531//467
f 3531//467 3529//467 3530//467 3532//467
f 3523//465 3519//465 3527//465 3533//465
f 3533//465 3527//465 3528//465 3534//465
f 3537//482 3536//482 3535//482 3538//482
f 3528//465 3527//465 3535//465 3536//465
f 3529//485 3528//485 3536//485 3537//485
f 3527//486 3530//486 3538//486 3535//486
f 3554//465 3548//465 3540//465 3544//465
f 3544//474 3540//474 3542//474 3545//474
f 3552//467 3550//467 3541//467 3546//467
f 3546//473 3541//473 3539//473 3543//473
f 3550//476 3547//476 3539//476 3541//476
f 3551//475 3554//475 3544//475 3545//475
f 3546//475 3543//475 3553//475 3552//475
f 3552//475 3553//475 3554//475 3551//475
f 3542//476 3540//476 3548//476 3549//476
f 3550//467 3549//467 3557//467 3558//467
f 3545//467 3542//467 3549//467 3551//467
f 3551//467 3549//467 3550//467 3552//467
f 3543//465 3539//465 3547//465 3553//465
f 3553//465 3547//465 3548//465 3554//465
f 3557//476 3556//476 3555//476 3558//476
f 3548//465 3547//465 3555//465 3556//465
f 3549//487 3548//487 3556//487 3557//487
f 3547//488 3550//488 3558//488 3555//488
f 3574//465 3568//465 3560//465 3564//465
f 3564//468 3560//468 3562//468 3565//468
f 3572//467 3570//467 3561//467 3566//467
f 3566//466 3561//466 3559//466 3563//466
f 3570//470 3567//470 3559//470 3561//470
f 3571//469 3574//469 3564//469 3565//469
f 3566//469 3563//469 3573//469 3572//469
f 3572//469 3573//469 3574//469 3571//469
f 3562//470 3560//470 3568//470 3569//470
f 3570//467 3569//467 3577//467 3578//467
f 3565//467 3562//467 3569//467 3571//467
f 3571//467 3569//467 3570//467 3572//467
f 3563//465 3559//465 3567//465 3573//465
f 3573//465 3567//465 3568//465 3574//465
f 3577//470 3576//470 3575//470 3578//470
f 3568//465 3567//465 3575//465 3576//465
f 3569//489 3568//489 3576//489 3577//489
f 3567//490 3570//490 3578//490 3575//490
f 3594//465 3588//465 3580//465 3584//465
f 3584//468 3580//468 3582//468 3585//468
f 3592//467 3590//467 3581//467 3586//467
f 3586//466 3581//466 3579//466 3583//466
f 3590//470 3587//470 3579//470 3581//470
f 3591//469 3594//469 3584//469 3585//469
f 3586//469 3583//469 3593//469 3592//469
f 3592//469 3593//469 3594//469 3591//469
f 3582//470 3580//470 3588//470 3589//470
f 3590//467 3589//467 3597//467 3598//467
f 3585//467 3582//467 3589//467 3591//467
f 3591//467 3589//467 3590//467 3592//467
f 3583//465 3579//465 3587//465 3593//465
f 3593//465 3587//465 3588//465 3594//465
f 3597//470 3596//470 3595//470 3598//470
f 3588//465 3587//465 3595//465 3596//465
f 3589//489 3588//489 3596//489 3597//489
f 3587//490 3590//490 3598//490 3595//490
f 3614//465 3608//465 3600//465 3604//465
f 3604//468 3600//468 3602//468 3605//468
f 3612//467 3610//467 3601//467 3606//467
f 3606//466 3601//466 3599//466 3603//466
f 3610//470 3607//470 3599//470 3601//470
f 3611//469 3614//469 3604//469 3605//469
f 3606//469 3603//469 3613//469 3612//469
f 3612//469 3613//469 3614//469 3611//469
f 3602//470 3600//470 3608//470 3609//470
f 3610//467 3609//467 3617//467 3618//467
f 3605//467 3602//467 3609//467 3611//467
f 3611//467 3609//467 3610//467 3612//467
f 3603//465 3599//465 3607//465 3613//465
f 3613//465 3607//465 3608//465 3614//465
f 3617//470 3616//470 3615//470 3618//470
f 3608//465 3607//465 3615//465 3616//465
f 3609//489 3608//489 3616//489 3617//489
f 3607//490 3610//490 3618//490 3615//490
f 3634//465 3628//465 3620//465 3624//465
f 3624//468 3620//468 3622//468 3625//468
f 3632//467 3630//467 3621//467 3626//467
f 3626//466 3621//466 3619//466 3623//466
f 3630//470 3627//470 3619//470 3621//470
f 3631//469 3634//469 3624//469 3625//469
f 3626//469 3623//469 3633//469 3632//469
f 3632//469 3633//469 3634//469 3631//469
f 3622//470 3620//470 3628//470 3629//470
f 3630//467 3629//467 3637//467 3638//467
f 3625//467 3622//467 3629//467 3631//467
f 3631//467 3629//467 3630//467 3632//467
f 3623//465 3619//465 3627//465 3633//465
f 3633//465 3627//465 3628//465 3634//465
f 3637//470 3636//470 3635//470 3638//470
f 3628//465 3627//465 3635//465 3636//465
f 3629//489 3628//489 3636//489 3637//489
f 3627//490 3630//490 3638//490 3635//490
f 3654//465 3648//465 3640//465 3644//465
f 3644//468 3640//468 3642//468 3645//468
f 3652//467 3650//467 3641//467 3646//467
f 3646//466 3641//466 3639//466 3643//466
f 3650//470 3647//470 3639//470 3641//470
f 3651//469 3654//469 3644//469 3645//469
f 3646//469 3643//469 3653//469 3652//469
f 3652//469 3653//469 3654//469 3651//469
f 3642//470 3640//470 3648//470 3649//470
f 3650//467 3649//467 3657//467 3658//467
f 3645//467 3642//467 3649//467 3651//467
f 3651//467 3649//467 3650//467 3652//467
f 3643//465 3639//465 3647//465 3653//465
f 3653//465 3647//465 3648//465 3654//465
f 3657//470 3656//470 3655//470 3658//470
f 3648//465 3647//465 3655//465 3656//465
f 3649//489 3648//489 3656//489 3657//489
f 3647//490 3650//490 3658//490 3655//490
f 3674//465 3668//465 3660//465 3664//465
f 3664//468 3660//468 3662//468 3665//468
f 3672//467 3670//467 3661//467 3666//467
f 3666//466 3661//466 3659//466 3663//466
f 3670//470 3667//470 3659//470 3661//470
f 3671//469 3674//469 3664//469 3665//469
f 3666//469 3663//469 3673//469 3672//469
f 3672//469 3673//469 3674//469 3671//469
f 3662//470 3660//470 3668//470 3669//470
f 3670//467 3669//467 3677//467 3678//467
f 3665//467 3662//467 3669//467 3671//467
f 3671//467 3669//467 3670//467 3672//467
f 3663//465 3659//465 3667//465 3673//465
f 3673//465 3667//465 3668//465 3674//465
f 3677//470 3676//470 3675//470 3678//470
f 3668//465 3667//465 3675//465 3676//465
f 3669//489 3668//489 3676//489 3677//489
f 3667//490 3670//490 3678//490 3675//490
f 3694//465 3688//465 3680//465 3684//465
f 3684//468 3680//468 3682//468 3685//468
f 3692//467 3690//467 3681//467 3686//467
f 3686//466 3681//466 3679//466 3683//466
f 3690//470 3687//470 3679//470 3681//470
f 3691//469 3694//469 3684//469 3685//469
f 3686//469 3683//469 3693//469 3692//469
f 3692//469 3693//469 3694//469 3691//469
f 3682//470 3680//470 3688//470 3689//470
f 3690//467 3689//467 3697//467 3698//467
f 3685//467 3682//467 3689//467 3691//467
f 3691//467 3689//467 3690//467 3692//467
f 3683//465 3679//465 3687//465 3693//465
f 3693//465 3687//465 3688//465 3694//465
f 3697//470 3696//470 3695//470 3698//470
f 3688//465 3687//465 3695//465 3696//465
f 3689//489 3688//489 3696//489 3697//489
f 3687//490 3690//490 3698//490 3695//490
f 3714//465 3708//465 3700//465 3704//465
f 3704//468 3700//468 3702//468 3705//468
f 3712//467 3710//467 3701//467 3706//467
f 3706//466 3701//466 3699//466 3703//466
f 3710//470 3707//470 3699//470 3701//470
f 3711//469 3714//469 3704//469 3705//469
f 3706//469 3703//469 3713//469 3712//469
f 3712//469 3713//469 3714//469 3711//469
f 3702//470 3700//470 3708//470 3709//470
f 3710//467 3709//467 3717//467 3718//467
f 3705//467 3702//467 3709//467 3711//467
f 3711//467 3709//467 3710//467 3712//467
f 3703//465 3699//465 3707//465 3713//465
f 3713//465 3707//465 3708//465 3714//465
f 3717//470 3716//470 3715//470 3718//470
f 3708//465 3707//465 3715//465 3716//465
f 3709//489 3708//489 3716//489 3717//489
f 3707//490 3710//490 3718//490 3715//490
f 3734//465 3728//465 3720//465 3724//465
f 3724//468 3720//468 3722//468 3725//468
f 3732//467 3730//467 3721//467 3726//467
f 3726//466 3721//466 3719//466 3723//466
f 3730//470 3727//470 3719//470 3721//470
f 3731//469 3734//469 3724//469 3725//469
f 3726//469 3723//469 3733//469 3732//469
f 3732//469 3733//469 3734//469 3731//469
f 3722//470 3720//470 3728//470 3729//470
f 3730//467 3729//467 3737//467 3738//467
f 3725//467 3722//467 3729//467 3731//467
f 3731//467 3729//467 3730//467 3732//467
f 3723//465 3719//465 3727//465 3733//465
f 3733//465 3727//465 3728//465 3734//465
f 3737//470 3736//470 3735//470 3738//470
f 3728//465 3727//465 3735//465 3736//465
f 3729//489 3728//489 3736//489 3737//489
f 3727//490 3730//490 3738//490 3735//490
o Tank_Gun_Cube.012
v -1.81880865 1.7612919000000002 -0.1487718
v -4.637493 1.761291 -0.14877135
v -1.81880865 1.6686126000000001 -0.0901557
v -4.637493 1.6686117000000003 -0.0901548
v -1.81880865 1.6686126000000001 0.027076950000000002
v -4.637493 1.6686117000000003 0.02707785
v -1.81880865 1.7612919000000002 0.08569349999999999
v -4.637493 1.761291 0.08569394999999999
v -1.81880865 1.85397075 0.027076950000000002
v -4.637493 1.8539698500000004 0.02707785
v -1.81880865 1.85397075 -0.0901557
v -4.637493 1.8539698500000004 -0.0901548
v -4.637493 1.6885494 -0.0775449
v -4.637493 1.761291 -0.12355155
v -4.637493 1.6885494 0.01446795
v -4.637493 1.761291 0.0604746
v -4.637493 1.8340326 0.01446795
v -4.637493 1.8340326 -0.0775449
v -2.6923365 1.6885503000000002 -0.07754535
v -2.6923365 1.7612919000000002 -0.12355155
v -2.6923365 1.6885503000000002 0.01446795
v -2.6923365 1.7612919000000002 0.060474150000000004
v -2.6923365 1.8340330500000002 0.01446795
v -2.6923365 1.8340330500000002 -0.07754535
v -3.94255035 1.761291 -0.14877135
v -3.94255035 1.6686117000000003 -0.0901548
v -3.94255035 1.6686117000000003 0.02707785
v -3.94255035 1.761291 0.08569394999999999
v -3.94255035 1.8539698500000004 0.02707785
v -3.94255035 1.8539698500000004 -0.0901548
v -3.3848811 1.6686117000000003 -0.0901548
v -3.3848811 1.6686117000000003 0.02707785
v -3.3848811 1.761291 0.08569394999999999
v -3.3848811 1.8539698500000004 0.02707785
v -3.3848811 1.8539698500000004 -0.0901548
v -3.3848811 1.761291 -0.14877135
v -3.41525475 1.761291 -0.18494325
v -3.9121771500000007 1.761291 -0.18494325
v -3.9121771500000007 1.8825660000000002 -0.10824075
v -3.9121771500000007 1.8825660000000002 0.0451638
v -3.9121771500000007 1.761291 0.1218663
v -3.9121771500000007 1.64001555 0.0451638
v -3.9121771500000007 1.64001555 -0.10824075
v -3.41525475 1.64001555 -0.1082412
v -3.41525475 1.64001555 0.0451638
v -3.41525475 1.761291 0.1218663
v -3.41525475 1.8825660000000002 0.0451638
v -3.41525475 1.8825660000000002 -0.1082412
v -4.23408465 1.761291 -0.14877135
v -4.23408465 1.6686117000000003 -0.0901548
v -4.23408465 1.6686117000000003 0.02707785
v -4.23408465 1.761291 0.08569394999999999
v -4.23408465 1.8539698500000004 0.02707785
v -4.23408465 1.8539698500000004 -0.0901548
v -4.62158595 1.64440935 -0.10546200000000001
v -4.62158595 1.761291 -0.1793853
v -4.2499917 1.761291 -0.17938575
v -4.62158595 1.64440935 0.04238505
v -4.62158595 1.761291 0.11630835
v -4.62158595 1.8781721999999998 0.04238505
v -4.62158595 1.8781721999999998 -0.10546200000000001
v -4.2499917 1.64440935 -0.10546200000000001
v -4.2499917 1.64440935 0.04238505
v -4.2499917 1.761291 0.11630835
v -4.2499917 1.8781721999999998 0.04238505
v -4.2499917 1.8781721999999998 -0.10546200000000001
v -1.81880865 1.7612919000000002 -0.1860831
v -1.81880865 1.6391160000000002 -0.10881135
v -1.81880865 1.6391160000000002 0.0457326
v -1.81880865 1.7612919000000002 0.1230048
v -1.81880865 1.8834678 0.0457326
v -1.81880865 1.8834678 -0.10881135
v -1.27870605 1.7612919000000002 -0.1860831
v -1.27870605 1.6391160000000002 -0.10881135
v -1.27870605 1.6391160000000002 0.04573305
v -1.27870605 1.7612919000000002 0.1230048
v -1.27870605 1.8834678 0.0457326
v -1.27870605 1.8834678 -0.10881135
vn -0.8519 -0.2799 0.4426
vn -0.8519 -0.2800 -0.4426
vn -0.8519 0.2800 0.4426
vn 0.8519 0.2799 -0.4426
vn -1.0000 -0.0000 0.0000
vn -0.8357 0.5492 0.0000
vn 0.8519 -0.2800 0.4426
vn 0.0000 -1.0000 0.0000
vn -0.0000 0.5345 -0.8451
vn -0.0000 0.5345 0.8451
vn 0.0000 -0.5345 0.8452
vn 0.0000 -0.5345 -0.8452
vn -0.0000 1.0000 0.0000
vn 0.7094 0.3767 0.5957
vn -0.6855 0.7281 0.0000
vn -0.6855 -0.7281 0.0000
vn 0.7094 -0.3767 0.5957
vn -0.7094 0.3767 -0.5957
vn 0.7094 0.3767 -0.5957
vn 0.0000 0.5345 0.8452
vn -0.0000 0.5345 -0.8452
vn 1.0000 0.0000 0.0000
vn 0.0000 -0.5345 0.8451
vn -0.7094 -0.3767 -0.5957
vn 0.7094 -0.3767 -0.5957
vn -0.7094 0.3767 0.5957
vn 0.6855 0.7281 0.0000
vn 0.6855 -0.7281 0.0000
vn -0.7094 -0.3767 0.5957
vn 0.8357 -0.5492 0.0000
vn -0.8357 -0.5492 0.0000
vn 0.8357 0.5492 0.0000
vn 0.8519 -0.2800 -0.4426
vn 0.8519 0.2799 0.4426
vn -0.8519 0.2800 -0.4426
usemtl Main_Details
s off
f 3744//491 3796//491 3797//491 3746//491
f 3740//492 3794//492 3793//492 3742//492
f 3746//493 3797//493 3798//493 3748//493
f 3787//494 3795//494 3804//494 3792//494
f 3748//495 3755//495 3754//495 3746//495
f 3748//496 3798//496 3799//496 3750//496
f 3790//497 3802//497 3801//497 3789//497
f 3743//495 3741//495 3806//495 3807//495
f 3756//498 3762//498 3761//498 3755//498
f 3744//495 3753//495 3751//495 3742//495
f 3750//495 3756//495 3755//495 3748//495
f 3742//495 3751//495 3752//495 3740//495
f 3746//495 3754//495 3753//495 3744//495
f 3740//495 3752//495 3756//495 3750//495
f 3757//495 3759//495 3760//495 3761//495 3762//495 3758//495
f 3754//499 3760//499 3759//499 3753//499
f 3751//500 3757//500 3758//500 3752//500
f 3752//501 3758//501 3762//501 3756//501
f 3755//502 3761//502 3760//502 3754//502
f 3753//503 3759//503 3757//503 3751//503
f 3772//504 3785//504 3784//504 3771//504
f 3767//505 3778//505 3777//505 3768//505
f 3764//506 3781//506 3780//506 3765//506
f 3771//507 3784//507 3783//507 3770//507
f 3768//508 3777//508 3776//508 3763//508
f 3774//509 3775//509 3786//509 3773//509
f 3739//502 3741//502 3769//502 3774//502
f 3741//498 3743//498 3770//498 3769//498
f 3743//501 3745//501 3771//501 3770//501
f 3745//510 3747//510 3772//510 3771//510
f 3747//503 3749//503 3773//503 3772//503
f 3749//511 3739//511 3774//511 3773//511
f 3769//512 3774//512 3773//512 3772//512 3771//512 3770//512
f 3786//511 3775//511 3776//511 3777//511
f 3785//503 3786//503 3777//503 3778//503
f 3784//510 3785//510 3778//510 3779//510
f 3783//513 3784//513 3779//513 3780//513
f 3782//498 3783//498 3780//498 3781//498
f 3775//502 3782//502 3781//502 3776//502
f 3763//514 3776//514 3781//514 3764//514
f 3769//515 3782//515 3775//515 3774//515
f 3766//516 3779//516 3778//516 3767//516
f 3773//517 3786//517 3785//517 3772//517
f 3770//518 3783//518 3782//518 3769//518
f 3765//519 3780//519 3779//519 3766//519
f 3768//499 3763//499 3787//499 3792//499
f 3767//503 3768//503 3792//503 3791//503
f 3766//510 3767//510 3791//510 3790//510
f 3765//501 3766//501 3790//501 3789//501
f 3764//498 3765//498 3789//498 3788//498
f 3763//502 3764//502 3788//502 3787//502
f 3795//502 3800//502 3793//502 3794//502
f 3800//498 3801//498 3796//498 3793//498
f 3801//501 3802//501 3797//501 3796//501
f 3802//510 3803//510 3798//510 3797//510
f 3803//503 3804//503 3799//503 3798//503
f 3804//511 3795//511 3794//511 3799//511
f 3789//520 3801//520 3800//520 3788//520
f 3742//521 3793//521 3796//521 3744//521
f 3792//522 3804//522 3803//522 3791//522
f 3788//523 3800//523 3795//523 3787//523
f 3791//524 3803//524 3802//524 3790//524
f 3750//525 3799//525 3794//525 3740//525
f 3807//498 3806//498 3812//498 3813//498
f 3749//495 3747//495 3809//495 3810//495
f 3741//495 3739//495 3805//495 3806//495
f 3745//495 3743//495 3807//495 3808//495
f 3739//495 3749//495 3810//495 3805//495
f 3747//495 3745//495 3808//495 3809//495
f 3811//512 3816//512 3815//512 3814//512 3813//512 3812//512
f 3810//503 3809//503 3815//503 3816//503
f 3808//501 3807//501 3813//501 3814//501
f 3806//502 3805//502 3811//502 3812//502
f 3805//511 3810//511 3816//511 3811//511
f 3809//510 3808//510 3814//510 3815//510
