# Blender v2.79 (sub 0) OBJ File: 'Tank3.blend'
# www.blender.org
mtllib Tank3.mtl
o Tank_Gun_Cylinder.001
v -3.2987808000000003 2.3573187000000004 -0.08811135
v -0.84010005 2.35731915 -0.11525265
v -3.2987808000000003 2.2881843000000006 -0.054817649999999996
v -0.8400996000000001 2.2658593500000004 -0.071208
v -3.2987808000000003 2.2711095 0.0199917
v -0.8400996000000001 2.2432707000000005 0.0277596
v -3.2987808000000003 2.3189521500000003 0.07998435000000001
v -0.8400996000000001 2.3065627500000003 0.1071252
v -3.2987808000000003 2.3956857000000005 0.07998435000000001
v -0.8400996000000001 2.4080755500000004 0.1071252
v -3.2987808000000003 2.4435279000000003 0.0199917
v -0.84010005 2.4713680500000006 0.0277596
v -3.2987808000000003 2.4264531000000003 -0.054817649999999996
v -0.84010005 2.4487789500000003 -0.071208
v -2.9658339 2.3573187000000004 -0.08811135
v -2.9658339 2.2881843000000006 -0.054817649999999996
v -2.9658339 2.2711095 0.0199917
v -2.9658339 2.3189521500000003 0.07998435000000001
v -2.9658339 2.3956857000000005 0.07998435000000001
v -2.9658339 2.4435279000000003 0.0199917
v -2.9658339 2.4264531000000003 -0.054817649999999996
v -3.2791842 2.3573187000000004 -0.1159749
v -3.2791842 2.2652649000000005 -0.07164405
v -3.0003084 2.2652649000000005 -0.07164405
v -3.2791842 2.2425295500000004 0.0279666
v -3.0003084 2.2425295500000004 0.0279666
v -3.2791842 2.3062329 0.1078479
v -3.0003084 2.3062329 0.1078479
v -3.2791842 2.40840495 0.1078479
v -3.0003084 2.40840495 0.1078479
v -3.2791842 2.4721083000000004 0.0279666
v -3.0003084 2.4721083000000004 0.0279666
v -3.2791842 2.4493725000000004 -0.07164405
v -3.0003084 2.4493729500000003 -0.07164405
v -3.0003084 2.3573187000000004 -0.1159749
v -3.2987808000000003 2.3573187000000004 -0.06622155
v -3.2987808000000003 2.3061897000000005 -0.04159935
v -3.2987808000000003 2.2935622500000004 0.0137268
v -3.2987808000000003 2.3289444000000006 0.058094549999999995
v -3.2987808000000003 2.3856930000000003 0.058094549999999995
v -3.2987808000000003 2.42107515 0.0137268
v -3.2987808000000003 2.4084477 -0.04159935
v -0.98766315 2.3573187000000004 -0.066222
v -0.98766315 2.3061897000000005 -0.04159935
v -0.98766315 2.2935622500000004 0.01372635
v -0.98766315 2.3289444000000006 0.058094549999999995
v -0.98766315 2.3856930000000003 0.058094549999999995
v -0.98766315 2.42107515 0.01372635
v -0.98766315 2.4084477 -0.04159935
v -1.3681854 2.35731915 -0.08811135
v -1.3681854 2.28818475 -0.0548181
v -1.3681854 2.2711099500000005 0.0199917
v -1.3681854 2.3189526000000003 0.07998390000000001
v -1.3681854 2.3956857000000005 0.07998390000000001
v -1.3681854 2.4435283500000002 0.0199917
v -1.3681854 2.42645355 -0.0548181
v -1.3268024999999999 2.35731915 -0.12038625000000001
v -1.3268024999999999 2.2616365500000004 -0.07430805
v -1.3268024999999999 2.23800525 0.02922885
v -1.3268024999999999 2.3042196000000006 0.11225879999999999
v -1.3268024999999999 2.4104187 0.11225879999999999
v -1.3268024999999999 2.4766330500000002 0.02922885
v -1.3268024999999999 2.4530017500000003 -0.07430805
v -2.8922926500000004 2.2881843000000006 -0.054817649999999996
v -2.8922926500000004 2.2711095 0.0199917
v -2.8922926500000004 2.3189521500000003 0.07998435000000001
v -2.8922926500000004 2.3956857000000005 0.07998435000000001
v -2.8922926500000004 2.4435279000000003 0.0199917
v -2.8922926500000004 2.4264531000000003 -0.054817649999999996
v -2.8922926500000004 2.3573187000000004 -0.08811135
v -2.8485409500000003 2.3573187000000004 -0.08811135
v -2.8485409500000003 2.2881843000000006 -0.054817649999999996
v -2.8485409500000003 2.2711095 0.0199917
v -2.8485409500000003 2.3189521500000003 0.07998435000000001
v -2.8485409500000003 2.3956857000000005 0.07998435000000001
v -2.8485409500000003 2.4435279000000003 0.0199917
v -2.8485409500000003 2.4264531000000003 -0.054817649999999996
v -2.8611774 2.2680891 -0.06957044999999999
v -2.882016 2.2680891 -0.06957044999999999
v -2.8611774 2.2460512500000003 0.026983800000000002
v -2.882016 2.2460512500000003 0.026983800000000002
v -2.8611774 2.30780025 0.10441439999999999
v -2.882016 2.30780025 0.10441439999999999
v -2.8611774 2.4068376000000002 0.10441439999999999
v -2.882016 2.4068376000000002 0.10441439999999999
v -2.8611774 2.4685861500000006 0.026983800000000002
v -2.882016 2.4685861500000006 0.026983800000000002
v -2.8611774 2.4465483000000003 -0.06957044999999999
v -2.882016 2.4465483000000003 -0.06957044999999999
v -2.882016 2.3573187000000004 -0.1125414
v -2.8611774 2.3573187000000004 -0.1125414
vn 0.0095 -0.4339 -0.9009
vn 0.0099 -0.9749 -0.2225
vn 0.0103 -0.7818 0.6235
vn 0.0105 0.0000 0.9999
vn 0.0103 0.7818 0.6235
vn 1.0000 0.0000 -0.0000
vn 0.0099 0.9749 -0.2225
vn 0.0095 0.4339 -0.9009
vn -1.0000 0.0000 0.0000
vn 0.6211 -0.6128 0.4887
vn 0.6286 0.0000 0.7777
vn -0.7996 0.5855 -0.1336
vn 0.6211 0.6128 0.4887
vn -0.7883 -0.2670 -0.5544
vn -0.8125 -0.4557 0.3634
vn 0.6034 0.7774 -0.1774
vn -0.0000 0.4339 -0.9010
vn -0.0000 0.9749 -0.2225
vn -0.0000 0.7818 0.6235
vn 0.0000 0.0000 1.0000
vn 0.0000 -0.7818 0.6235
vn 0.0000 -0.9749 -0.2225
vn -0.0000 -0.4339 -0.9010
vn -0.8180 0.0000 0.5753
vn 0.6034 -0.7774 -0.1774
vn -0.7996 -0.5855 -0.1336
vn -0.7883 0.2670 -0.5544
vn 0.5887 -0.3507 -0.7283
vn -0.8125 0.4557 0.3634
vn 0.5887 0.3507 -0.7283
vn 0.0000 -0.4339 0.9010
vn -0.0000 -0.7818 -0.6235
vn -0.0000 0.7818 -0.6235
vn 0.0000 0.4339 0.9010
vn 0.0000 -0.9749 0.2225
vn -0.0000 0.0000 -1.0000
vn 0.0000 0.9749 0.2225
vn -0.5749 0.3550 -0.7372
vn -0.5897 0.7873 -0.1797
vn -0.6074 0.6211 0.4953
vn -0.6150 -0.0000 0.7885
vn -0.6074 -0.6211 0.4953
vn -0.5897 -0.7873 -0.1797
vn -0.5749 -0.3550 -0.7372
vn -0.9190 -0.3083 0.2458
vn 0.8844 -0.3648 0.2909
vn -0.9122 -0.3995 -0.0912
vn 0.8753 -0.4714 -0.1076
vn -0.9061 -0.1836 -0.3812
vn 0.8672 -0.2160 -0.4486
vn -0.9061 0.1836 -0.3812
vn 0.8882 0.0000 0.4594
vn -0.9218 0.0000 0.3877
vn 0.8845 0.3648 0.2909
vn -0.9190 0.3083 0.2458
vn 0.8753 0.4714 -0.1076
vn -0.9122 0.3995 -0.0912
vn 0.8672 0.2160 -0.4486
usemtl Main_Light
s off
f 57//1 2//1 4//1 58//1
f 58//2 4//2 6//2 59//2
f 59//3 6//3 8//3 60//3
f 60//4 8//4 10//4 61//4
f 61//5 10//5 12//5 62//5
f 4//6 2//6 14//6 12//6 10//6 8//6 6//6
f 62//7 12//7 14//7 63//7
f 63//8 14//8 2//8 57//8
f 7//9 9//9 40//9 39//9
f 17//10 18//10 28//10 26//10
f 18//11 19//11 30//11 28//11
f 13//12 11//12 31//12 33//12
f 19//13 20//13 32//13 30//13
f 3//14 1//14 22//14 23//14
f 7//15 5//15 25//15 27//15
f 20//16 21//16 34//16 32//16
f 33//17 34//17 35//17 22//17
f 31//18 32//18 34//18 33//18
f 29//19 30//19 32//19 31//19
f 27//20 28//20 30//20 29//20
f 25//21 26//21 28//21 27//21
f 23//22 24//22 26//22 25//22
f 22//23 35//23 24//23 23//23
f 9//24 7//24 27//24 29//24
f 16//25 17//25 26//25 24//25
f 5//26 3//26 23//26 25//26
f 1//27 13//27 33//27 22//27
f 15//28 16//28 24//28 35//28
f 11//29 9//29 29//29 31//29
f 21//30 15//30 35//30 34//30
f 42//31 36//31 43//31 49//31
f 13//9 1//9 36//9 42//9
f 3//9 5//9 38//9 37//9
f 9//9 11//9 41//9 40//9
f 1//9 3//9 37//9 36//9
f 5//9 7//9 39//9 38//9
f 11//9 13//9 42//9 41//9
f 43//9 44//9 45//9 46//9 47//9 48//9 49//9
f 40//32 41//32 48//32 47//32
f 38//33 39//33 46//33 45//33
f 36//34 37//34 44//34 43//34
f 41//35 42//35 49//35 48//35
f 39//36 40//36 47//36 46//36
f 37//37 38//37 45//37 44//37
f 77//17 56//17 50//17 71//17
f 76//18 55//18 56//18 77//18
f 75//19 54//19 55//19 76//19
f 74//20 53//20 54//20 75//20
f 73//21 52//21 53//21 74//21
f 72//22 51//22 52//22 73//22
f 71//23 50//23 51//23 72//23
f 56//38 63//38 57//38 50//38
f 55//39 62//39 63//39 56//39
f 54//40 61//40 62//40 55//40
f 53//41 60//41 61//41 54//41
f 52//42 59//42 60//42 53//42
f 51//43 58//43 59//43 52//43
f 50//44 57//44 58//44 51//44
f 15//23 70//23 64//23 16//23
f 16//22 64//22 65//22 17//22
f 17//21 65//21 66//21 18//21
f 18//20 66//20 67//20 19//20
f 19//19 67//19 68//19 20//19
f 20//18 68//18 69//18 21//18
f 21//17 69//17 70//17 15//17
f 66//45 65//45 81//45 83//45
f 73//46 74//46 82//46 80//46
f 65//47 64//47 79//47 81//47
f 72//48 73//48 80//48 78//48
f 64//49 70//49 90//49 79//49
f 71//50 72//50 78//50 91//50
f 70//51 69//51 89//51 90//51
f 90//23 91//23 78//23 79//23
f 79//22 78//22 80//22 81//22
f 81//21 80//21 82//21 83//21
f 83//20 82//20 84//20 85//20
f 85//19 84//19 86//19 87//19
f 87//18 86//18 88//18 89//18
f 89//17 88//17 91//17 90//17
f 74//52 75//52 84//52 82//52
f 67//53 66//53 83//53 85//53
f 75//54 76//54 86//54 84//54
f 68//55 67//55 85//55 87//55
f 76//56 77//56 88//56 86//56
f 69//57 68//57 87//57 89//57
f 77//58 71//58 91//58 88//58
o Tank_Turret_Cylinder
v 0 1.4623780499999999 -1.1811897
v 0.69428565 1.4623780499999999 -0.95560245
v 1.1233781999999999 1.4623780499999999 -0.3650076
v 1.1233781999999999 1.4623780499999999 0.3650076
v 0.69428565 1.4623780499999999 0.95560245
v 0 1.4623780499999999 1.1811897
v -0.6942861 1.4623780499999999 0.95560245
v -1.1233781999999999 1.4623780499999999 0.36500805000000003
v -1.1233781999999999 1.4623780499999999 -0.36500805000000003
v -0.69428565 1.4623780499999999 -0.9556029000000001
v 0 2.8896264000000005 -0.858906
v 0 2.70195885 -1.0625976
v 0 2.8346598000000003 -1.0003419
v 0.5048523 2.8896264000000005 -0.69486975
v 0.6245793 2.70195885 -0.8596593
v 0.5879862 2.8346598000000003 -0.8092939499999999
v 0.81686835 2.8896264000000005 -0.2654163
v 1.0105902 2.70195885 -0.3283605
v 0.9513819 2.8346598000000003 -0.30912255
v 0.81686835 2.8896264000000005 0.26541675
v 1.0105902 2.70195885 0.3283605
v 0.9513819 2.8346598000000003 0.30912255
v 0.5048523 2.8896264000000005 0.69486975
v 0.62457885 2.70195885 0.8596593
v 0.5879862 2.8346598000000003 0.8092939499999999
v 0 2.8896264000000005 0.858906
v 0 2.70195885 1.0625976
v 0 2.8346598000000003 1.0003419
v -0.5048523 2.8896264000000005 0.6948693
v -0.6245793 2.70195885 0.8596593
v -0.58798665 2.8346598000000003 0.8092939499999999
v -0.81686835 2.8896264000000005 0.26541675
v -1.0105902 2.70195885 0.32836095
v -0.9513819 2.8346598000000003 0.309123
v -0.81686835 2.8896264000000005 -0.26541675
v -1.0105902 2.70195885 -0.32836095
v -0.9513819 2.8346598000000003 -0.309123
v -0.5048523 2.8896264000000005 -0.69486975
v -0.62457885 2.70195885 -0.8596597500000001
v -0.5879862 2.8346598000000003 -0.8092939499999999
v -0.6817513500000001 2.35512135 -0.20711385000000002
v -0.73372815 2.1943642500000005 -0.20711385000000002
v -0.86980365 2.0950114500000003 -0.2071134
v -1.03800285 2.0950114500000003 -0.2071134
v -1.17407835 2.1943642500000005 -0.2071134
v -1.2260547 2.35512135 -0.2071134
v -1.17407835 2.5158775500000004 -0.2071134
v -1.03800285 2.6152303500000005 -0.2071134
v -0.86980365 2.6152308 -0.2071134
v -0.7337277 2.5158775500000004 -0.2071134
v -0.68120415 2.35512135 0.20711385000000002
v -0.7332849 2.1940411500000003 0.20711385000000002
v -0.86963445 2.0944881000000004 0.20711385000000002
v -1.03817205 2.0944881000000004 0.20711385000000002
v -1.17452115 2.1940411500000003 0.20711385000000002
v -1.2266019000000001 2.35512135 0.20711385000000002
v -1.17452115 2.5162011 0.20711385000000002
v -1.03817205 2.6157537 0.20711385000000002
v -0.86963445 2.6157537 0.20711385000000002
v -0.7332849 2.5162011 0.20711385000000002
v -0.7587189000000001 2.35512135 -0.253188
v -0.795996 2.2393287000000006 -0.253188
v -0.89358795 2.1677652000000003 -0.253188
v -1.01421855 2.1677652000000003 -0.253188
v -1.11181005 2.2393287000000006 -0.253188
v -1.1490867 2.35512135 -0.253188
v -1.11181005 2.4709131 -0.253188
v -1.01421855 2.5424766 -0.253188
v -0.89358795 2.5424766 -0.253188
v -0.795996 2.4709131 -0.253188
v -0.7583265 2.35512135 0.253188
v -0.7956783 2.23909605 0.25318845
v -0.89346645 2.1673885500000005 0.253188
v -1.0143396 2.1673885500000005 0.253188
v -1.11212775 2.23909605 0.25318845
v -1.1494795500000001 2.35512135 0.25318845
v -1.11212775 2.4711462 0.25318845
v -1.0143396 2.5428532500000003 0.25318845
v -0.89346645 2.5428532500000003 0.253188
v -0.7956783 2.4711462 0.253188
v -0.7587189000000001 2.35512135 -0.41031045
v -0.795996 2.2393287000000006 -0.41031045
v -0.89358795 2.1677652000000003 -0.41031045
v -1.01421855 2.1677652000000003 -0.41031045
v -1.11181005 2.2393287000000006 -0.41031045
v -1.1490867 2.35512135 -0.41031045
v -1.11181005 2.4709131 -0.41031045
v -1.01421855 2.5424766 -0.41031045
v -0.89358795 2.5424766 -0.41031045
v -0.795996 2.4709131 -0.41031045
v -0.7583265 2.35512135 0.41031090000000003
v -0.7956783 2.23909605 0.41031090000000003
v -0.89346645 2.1673885500000005 0.41031090000000003
v -1.0143396 2.1673885500000005 0.41031090000000003
v -1.11212775 2.23909605 0.41031090000000003
v -1.1494795500000001 2.35512135 0.41031090000000003
v -1.11212775 2.4711462 0.41031090000000003
v -1.0143396 2.5428532500000003 0.41031090000000003
v -0.89346645 2.5428532500000003 0.41031090000000003
v -0.7956783 2.4711462 0.41031090000000003
v -0.79981605 2.35512135 -0.4491018
v -0.82924425 2.2637097 -0.4491018
v -0.9062874 2.2072140000000005 -0.4491018
v -1.00151865 2.2072140000000005 -0.4491018
v -1.07856225 2.2637097 -0.4491018
v -1.10799 2.35512135 -0.4491018
v -1.07856225 2.44653255 -0.4491018
v -1.00151865 2.5030278 -0.4491018
v -0.9062874 2.5030278 -0.4491018
v -0.82924425 2.44653255 -0.4491018
v -0.799506 2.35512135 0.4491018
v -0.82899315 2.26352565 0.44910225000000004
v -0.906192 2.2069165500000003 0.4491018
v -1.0016145 2.2069165500000003 0.4491018
v -1.0788129000000002 2.26352565 0.44910225000000004
v -1.10830005 2.35512135 0.44910225000000004
v -1.0788129000000002 2.4467166000000002 0.44910225000000004
v -1.0016145 2.5033257 0.44910225000000004
v -0.906192 2.5033257 0.4491018
v -0.82899315 2.4467166000000002 0.4491018
v -0.3085578 2.8896264000000005 -0.40828050000000005
v -0.0685764 2.8896264000000005 -0.33030585
v 0.07974 2.8896264000000005 -0.12616560000000002
v 0.07974 2.8896264000000005 0.12616560000000002
v -0.0685764 2.8896264000000005 0.33030585
v -0.3085578 2.8896264000000005 0.40828050000000005
v -0.54853875 2.8896264000000005 0.33030585
v -0.6968556 2.8896264000000005 0.12616560000000002
v -0.6968556 2.8896264000000005 -0.12616560000000002
v -0.54853875 2.8896264000000005 -0.33030585
v -0.3085578 2.85421995 -0.40828050000000005
v -0.0685764 2.85421995 -0.33030585
v 0.07974 2.85421995 -0.12616560000000002
v 0.07974 2.85421995 0.12616560000000002
v -0.0685764 2.85421995 0.33030585
v -0.3085578 2.85421995 0.40828050000000005
v -0.54853875 2.85421995 0.33030585
v -0.6968556 2.85421995 0.12616560000000002
v -0.6968556 2.85421995 -0.12616560000000002
v -0.54853875 2.85421995 -0.33030585
v -0.1428579 2.8117557000000004 0.3475575
v -0.1428579 2.9954961 0.3475575
v 0.39738645 2.8117557000000004 0.3475575
v 0.39738645 2.9954961 0.3475575
v -0.1428579 2.8117557000000004 0.7514644500000001
v -0.1428579 2.9954961 0.7514644500000001
v 0.39738645 2.8117557000000004 0.7514644500000001
v 0.39738645 2.9954961 0.7514644500000001
v -0.08811540000000001 2.9954961 0.4293981
v 0.3426444 2.9954961 0.4293981
v 0.3426444 2.9954961 0.66962385
v -0.08811540000000001 2.9954961 0.6696234
v -0.08811540000000001 3.0421197 0.4293981
v 0.3426444 3.0421197 0.4293981
v 0.3426444 3.0421197 0.66962385
v -0.08811540000000001 3.0421197 0.6696234
v -0.04392945 3.0421197 0.45403965
v 0.29845800000000006 3.0421197 0.45403965
v 0.29845800000000006 3.0421197 0.64498185
v -0.04392945 3.0421197 0.64498185
v -0.04392945 3.0237642 0.45403965
v 0.29845800000000006 3.0237642 0.45403965
v 0.29845800000000006 3.0237642 0.64498185
v -0.04392945 3.0237642 0.64498185
v -0.1428579 2.8117557000000004 -0.40829309999999996
v -0.1428579 2.9954961 -0.40829309999999996
v 0.39738645 2.8117557000000004 -0.40829309999999996
v 0.39738645 2.9954961 -0.40829309999999996
v -0.1428579 2.8117557000000004 -0.81220005
v -0.1428579 2.9954961 -0.81220005
v 0.39738645 2.8117557000000004 -0.8122005000000001
v 0.39738645 2.9954961 -0.8122005000000001
v -0.08811540000000001 2.9954961 -0.4901337
v 0.3426444 2.9954961 -0.4901337
v 0.3426444 2.9954961 -0.73035945
v -0.08811540000000001 2.9954961 -0.73035945
v -0.08811540000000001 3.0421197 -0.4901337
v 0.3426444 3.0421197 -0.4901337
v 0.3426444 3.0421197 -0.73035945
v -0.08811540000000001 3.0421197 -0.73035945
v -0.04392945 3.0421197 -0.5147757
v 0.29845800000000006 3.0421197 -0.5147757
v 0.29845800000000006 3.0421197 -0.7057179
v -0.04392945 3.0421197 -0.7057179
v -0.04392945 3.0237642 -0.5147757
v 0.29845800000000006 3.0237642 -0.5147757
v 0.29845800000000006 3.0237642 -0.7057179
v -0.04392945 3.0237642 -0.7057179
v 0 1.8891774000000003 -1.08393975
v 0.6371235 1.8891774000000003 -0.8769258
v -0.6371235 1.8891774000000003 -0.8769258
v 1.0308879000000002 1.8891774000000003 -0.33495569999999997
v 1.0308879000000002 1.8891774000000003 0.33495569999999997
v 0.6371235 1.8891774000000003 0.8769258
v 0 1.8891774000000003 1.08393975
v -0.63712395 1.8891774000000003 0.87692535
v -1.0308879000000002 1.8891774000000003 0.33495569999999997
v -1.0308879000000002 1.8891774000000003 -0.33495569999999997
v 0.6748515 1.8327955500000002 -0.928854
v 1.0919331 1.8327955500000002 -0.35479035
v 1.0919331 1.8327955500000002 0.35479035
v 0.6748515 1.8327955500000002 0.928854
v 0 1.8327955500000002 1.1481264
v -0.67485195 1.8327955500000002 0.9288535499999999
v -1.0919331 1.8327955500000002 0.3547908
v -1.0919331 1.8327955500000002 -0.3547908
v 0 1.8327955500000002 -1.1481264
v -0.67485105 1.8327955500000002 -0.928854
vn -0.3089 0.0250 -0.9508
vn 0.9997 0.0250 0.0000
vn 0.8088 0.0250 0.5876
vn 0.3089 0.0250 0.9508
vn -0.3089 0.0250 0.9508
vn -0.8088 0.0250 0.5876
vn -0.9997 0.0250 0.0000
vn -0.8088 0.0250 -0.5876
vn 0.3089 0.0250 -0.9508
vn 0.8088 0.0250 -0.5876
vn 0.2822 0.4075 -0.8685
vn 0.1169 0.9257 -0.3598
vn 0.7388 0.4075 -0.5368
vn 0.3060 0.9257 -0.2223
vn 0.9132 0.4075 0.0000
vn 0.3783 0.9257 0.0000
vn 0.7388 0.4075 0.5368
vn 0.3060 0.9257 0.2223
vn 0.2822 0.4075 0.8685
vn 0.1169 0.9257 0.3598
vn -0.2822 0.4075 0.8685
vn -0.1169 0.9257 0.3598
vn -0.7388 0.4075 0.5368
vn -0.3060 0.9257 0.2223
vn -0.9132 0.4075 0.0000
vn -0.3783 0.9257 0.0000
vn -0.7388 0.4075 -0.5368
vn -0.3060 0.9257 -0.2223
vn -0.2822 0.4075 -0.8685
vn -0.1169 0.9257 -0.3598
vn 0.0000 1.0000 0.0000
vn -0.3090 0.0000 -0.9511
vn -0.8090 0.0000 0.5878
vn 0.8090 0.0000 0.5878
vn 0.3090 0.0000 -0.9511
vn -1.0000 0.0000 0.0000
vn 0.3090 0.0000 0.9511
vn 0.8090 0.0000 -0.5878
vn -0.8090 0.0000 -0.5878
vn -0.3090 0.0000 0.9511
vn 1.0000 0.0000 0.0000
vn 0.0000 0.0000 -1.0000
vn -0.0000 0.0000 1.0000
vn 0.0000 -1.0000 -0.0000
vn 0.5489 0.7346 -0.3988
vn 0.2097 0.7346 -0.6453
vn -0.5489 0.7346 -0.3988
vn -0.6785 0.7346 0.0000
vn -0.5489 0.7346 0.3988
vn -0.2097 0.7346 0.6453
vn 0.2097 0.7346 0.6453
vn 0.5489 0.7346 0.3988
vn 0.6785 0.7346 0.0000
vn -0.2097 0.7346 -0.6453
vn -0.3079 0.0846 -0.9476
vn 0.9964 0.0846 0.0000
vn 0.8061 0.0846 0.5857
vn 0.3079 0.0846 0.9476
vn -0.3079 0.0846 0.9476
vn -0.8061 0.0846 0.5857
vn -0.9964 0.0846 0.0000
vn -0.8061 0.0846 -0.5857
vn 0.3079 0.0846 -0.9476
vn 0.8061 0.0846 -0.5857
vn 0.9515 0.3076 -0.0013
vn 0.0000 -1.0000 -0.0013
vn -0.5897 -0.8076 -0.0013
vn -0.9515 -0.3076 -0.0013
vn -0.9515 0.3076 -0.0013
vn -0.5897 0.8076 -0.0013
vn -0.0000 1.0000 -0.0013
vn 0.5897 0.8076 -0.0013
vn 0.9515 -0.3076 -0.0013
vn 0.5897 -0.8076 -0.0013
vn 0.0000 0.5343 0.8453
vn 0.5064 -0.1634 0.8467
vn -0.3154 -0.4312 -0.8453
vn 0.3149 0.4306 0.8458
vn 0.3149 -0.4306 0.8458
vn -0.5072 -0.1637 -0.8462
vn 0.5064 0.1634 0.8467
vn 0.0000 -0.5343 0.8453
vn -0.5072 0.1637 -0.8462
vn -0.3149 -0.4306 0.8458
vn -0.3154 0.4312 -0.8453
vn -0.5064 -0.1634 0.8467
vn -0.0000 0.5350 -0.8448
vn 0.5072 -0.1637 -0.8462
vn -0.5064 0.1634 0.8467
vn 0.3154 0.4312 -0.8453
vn 0.3154 -0.4312 -0.8453
vn -0.3149 0.4306 0.8458
vn 0.5072 0.1637 -0.8462
vn 0.0000 -0.5350 -0.8448
vn 0.9519 -0.3064 0.0000
vn -0.5913 -0.8064 0.0000
vn 0.5913 0.8064 0.0000
vn 0.5913 -0.8064 0.0000
vn -0.9519 -0.3064 0.0000
vn 0.9519 0.3064 0.0000
vn -0.9519 0.3064 0.0000
vn -0.5913 0.8064 0.0000
vn -0.6696 -0.2156 0.7108
vn -0.0000 0.7011 -0.7130
vn 0.6702 -0.2158 -0.7101
vn -0.6696 0.2156 0.7108
vn 0.4153 0.5663 -0.7119
vn 0.4153 -0.5663 -0.7119
vn -0.4149 0.5658 0.7126
vn 0.6702 0.2158 -0.7101
vn 0.0000 -0.7011 -0.7130
vn 0.0000 0.7004 0.7137
vn 0.6696 -0.2156 0.7108
vn -0.4153 -0.5663 -0.7119
vn 0.4149 0.5658 0.7126
vn 0.4149 -0.5658 0.7126
vn -0.6702 -0.2158 -0.7101
vn 0.6696 0.2156 0.7108
vn 0.0000 -0.7004 0.7137
vn -0.6702 0.2158 -0.7101
vn -0.4149 -0.5658 0.7126
vn -0.4153 0.5663 -0.7119
usemtl Main_Dark
s off
f 282//59 130//59 103//59 280//59
f 283//60 109//60 112//60 284//60
f 284//61 112//61 115//61 285//61
f 285//62 115//62 118//62 286//62
f 286//63 118//63 121//63 287//63
f 287//64 121//64 124//64 288//64
f 288//65 124//65 127//65 289//65
f 289//66 127//66 130//66 282//66
f 280//67 103//67 106//67 281//67
f 281//68 106//68 109//68 283//68
f 106//69 103//69 104//69 107//69
f 107//70 104//70 102//70 105//70
f 109//71 106//71 107//71 110//71
f 110//72 107//72 105//72 108//72
f 112//73 109//73 110//73 113//73
f 113//74 110//74 108//74 111//74
f 115//75 112//75 113//75 116//75
f 116//76 113//76 111//76 114//76
f 118//77 115//77 116//77 119//77
f 119//78 116//78 114//78 117//78
f 121//79 118//79 119//79 122//79
f 122//80 119//80 117//80 120//80
f 124//81 121//81 122//81 125//81
f 125//82 122//82 120//82 123//82
f 127//83 124//83 125//83 128//83
f 128//84 125//84 123//84 126//84
f 130//85 127//85 128//85 131//85
f 131//86 128//86 126//86 129//86
f 103//87 130//87 131//87 104//87
f 104//88 131//88 129//88 102//88
f 126//89 123//89 219//89 220//89
f 217//90 216//90 226//90 227//90
f 120//89 117//89 217//89 218//89
f 114//89 111//89 215//89 216//89
f 108//89 105//89 213//89 214//89
f 102//89 129//89 221//89 212//89
f 129//89 126//89 220//89 221//89
f 123//89 120//89 218//89 219//89
f 117//89 114//89 216//89 217//89
f 111//89 108//89 214//89 215//89
f 105//89 102//89 212//89 213//89
f 223//89 222//89 231//89 230//89 229//89 228//89 227//89 226//89 225//89 224//89
f 214//91 213//91 223//91 224//91
f 221//92 220//92 230//92 231//92
f 218//93 217//93 227//93 228//93
f 215//94 214//94 224//94 225//94
f 212//95 221//95 231//95 222//95
f 219//96 218//96 228//96 229//96
f 216//97 215//97 225//97 226//97
f 213//98 212//98 222//98 223//98
f 220//99 219//99 229//99 230//99
f 232//100 233//100 235//100 234//100
f 234//99 235//99 239//99 238//99
f 238//101 239//101 237//101 236//101
f 236//94 237//94 233//94 232//94
f 234//102 238//102 236//102 232//102
f 239//89 235//89 241//89 242//89
f 243//101 242//101 246//101 247//101
f 237//89 239//89 242//89 243//89
f 235//89 233//89 240//89 241//89
f 233//89 237//89 243//89 240//89
f 247//89 246//89 250//89 251//89
f 241//100 240//100 244//100 245//100
f 240//94 243//94 247//94 244//94
f 242//99 241//99 245//99 246//99
f 251//100 250//100 254//100 255//100
f 245//89 244//89 248//89 249//89
f 244//89 247//89 251//89 248//89
f 246//89 245//89 249//89 250//89
f 254//89 253//89 252//89 255//89
f 249//101 248//101 252//101 253//101
f 248//99 251//99 255//99 252//99
f 250//94 249//94 253//94 254//94
f 256//101 258//101 259//101 257//101
f 258//99 262//99 263//99 259//99
f 262//100 260//100 261//100 263//100
f 260//94 256//94 257//94 261//94
f 258//102 256//102 260//102 262//102
f 263//89 266//89 265//89 259//89
f 267//100 271//100 270//100 266//100
f 261//89 267//89 266//89 263//89
f 259//89 265//89 264//89 257//89
f 257//89 264//89 267//89 261//89
f 271//89 275//89 274//89 270//89
f 265//101 269//101 268//101 264//101
f 264//94 268//94 271//94 267//94
f 266//99 270//99 269//99 265//99
f 275//101 279//101 278//101 274//101
f 269//89 273//89 272//89 268//89
f 268//89 272//89 275//89 271//89
f 270//89 274//89 273//89 269//89
f 278//89 279//89 276//89 277//89
f 273//100 277//100 276//100 272//100
f 272//99 276//99 279//99 275//99
f 274//94 278//94 277//94 273//94
f 290//103 281//103 283//103 291//103
f 298//104 280//104 281//104 290//104
f 297//105 289//105 282//105 299//105
f 296//106 288//106 289//106 297//106
f 295//107 287//107 288//107 296//107
f 294//108 286//108 287//108 295//108
f 293//109 285//109 286//109 294//109
f 292//110 284//110 285//110 293//110
f 291//111 283//111 284//111 292//111
f 299//112 282//112 280//112 298//112
f 101//113 299//113 298//113 92//113
f 94//114 291//114 292//114 95//114
f 95//115 292//115 293//115 96//115
f 96//116 293//116 294//116 97//116
f 97//117 294//117 295//117 98//117
f 98//118 295//118 296//118 99//118
f 99//119 296//119 297//119 100//119
f 100//120 297//120 299//120 101//120
f 92//121 298//121 290//121 93//121
f 93//122 290//122 291//122 94//122
usemtl Main
f 141//123 151//123 142//123 132//123
f 134//124 144//124 145//124 135//124
f 135//125 145//125 146//125 136//125
f 136//126 146//126 147//126 137//126
f 137//127 147//127 148//127 138//127
f 138//128 148//128 149//128 139//128
f 139//129 149//129 150//129 140//129
f 140//130 150//130 151//130 141//130
f 132//131 142//131 143//131 133//131
f 133//132 143//132 144//132 134//132
f 150//133 149//133 169//133 170//133
f 143//134 142//134 162//134 163//134
f 135//135 136//135 156//135 155//135
f 151//136 150//136 170//136 171//136
f 144//137 143//137 163//137 164//137
f 136//138 137//138 157//138 156//138
f 142//139 151//139 171//139 162//139
f 145//140 144//140 164//140 165//140
f 137//141 138//141 158//141 157//141
f 146//142 145//142 165//142 166//142
f 138//143 139//143 159//143 158//143
f 147//144 146//144 166//144 167//144
f 139//145 140//145 160//145 159//145
f 132//146 133//146 153//146 152//146
f 148//147 147//147 167//147 168//147
f 140//148 141//148 161//148 160//148
f 133//149 134//149 154//149 153//149
f 149//150 148//150 168//150 169//150
f 141//151 132//151 152//151 161//151
f 134//152 135//152 155//152 154//152
f 154//102 155//102 175//102 174//102
f 170//89 169//89 189//89 190//89
f 163//153 162//153 182//153 183//153
f 155//154 156//154 176//154 175//154
f 171//155 170//155 190//155 191//155
f 164//156 163//156 183//156 184//156
f 156//157 157//157 177//157 176//157
f 162//158 171//158 191//158 182//158
f 165//102 164//102 184//102 185//102
f 157//159 158//159 178//159 177//159
f 166//154 165//154 185//154 186//154
f 158//160 159//160 179//160 178//160
f 167//157 166//157 186//157 187//157
f 159//89 160//89 180//89 179//89
f 152//153 153//153 173//153 172//153
f 168//159 167//159 187//159 188//159
f 160//155 161//155 181//155 180//155
f 153//156 154//156 174//156 173//156
f 169//160 168//160 188//160 189//160
f 161//158 152//158 172//158 181//158
f 187//161 186//161 206//161 207//161
f 179//162 180//162 200//162 199//162
f 172//163 173//163 193//163 192//163
f 188//164 187//164 207//164 208//164
f 180//165 181//165 201//165 200//165
f 173//166 174//166 194//166 193//166
f 189//167 188//167 208//167 209//167
f 181//168 172//168 192//168 201//168
f 174//169 175//169 195//169 194//169
f 190//170 189//170 209//170 210//170
f 183//171 182//171 202//171 203//171
f 175//172 176//172 196//172 195//172
f 191//173 190//173 210//173 211//173
f 184//174 183//174 203//174 204//174
f 176//175 177//175 197//175 196//175
f 182//176 191//176 211//176 202//176
f 185//177 184//177 204//177 205//177
f 177//178 178//178 198//178 197//178
f 186//179 185//179 205//179 206//179
f 178//180 179//180 199//180 198//180
f 192//100 193//100 194//100 195//100 196//100 197//100 198//100 199//100 200//100 201//100
f 203//101 202//101 211//101 210//101 209//101 208//101 207//101 206//101 205//101 204//101
o Tank_body_Cube.009
v -3.1626648 0.42230745000000003 2.19212595
v -2.82044385 0.1990737 2.19212595
v -3.1168161 0.3288429 2.19212595
v -2.99155365 0.2363553 2.19212595
v -2.82044385 0.99361215 2.19212595
v -3.1626648 0.77037795 2.19212595
v -2.9915541 0.9563301000000001 2.19212595
v -3.1168161 0.86384295 2.19212595
v 2.8164771 0.1990737 2.19212595
v 3.15869805 0.42230745000000003 2.19212595
v 2.98758735 0.2363553 2.19212595
v 3.11284935 0.3288429 2.19212595
v 3.15869805 0.77037795 2.19212595
v 2.8164771 0.99361215 2.19212595
v 3.11284935 0.86384295 2.19212595
v 2.9875869 0.9563305500000001 2.19212595
v -2.70421245 0.2896533 2.19212595
v -2.868336 0.31843485 2.19212595
v -2.98848375 0.38983455 2.19212595
v -3.0324600000000004 0.46198890000000004 2.19212595
v -2.868336 0.874251 2.19212595
v -2.70421245 0.9030321 2.19212595
v -2.98848375 0.80285085 2.19212595
v -3.0324600000000004 0.73069695 2.19212595
v 2.86436925 0.31843485 2.19212595
v 2.7002457 0.2896533 2.19212595
v 2.984517 0.38983455 2.19212595
v 3.0284937000000003 0.46198890000000004 2.19212595
v 2.7002457 0.9030321 2.19212595
v 2.86436925 0.874251 2.19212595
v 2.984517 0.8028513 2.19212595
v 3.0284937000000003 0.73069695 2.19212595
v -2.82044385 0.1990737 1.3688478
v -2.99155365 0.2363553 1.3688478
v -3.1168161 0.3288429 1.3688478
v -3.1626648 0.42230745000000003 1.3688478
v -2.9915541 0.9563301000000001 1.3688478
v -2.82044385 0.99361215 1.3688478
v -3.1168161 0.86384295 1.3688478
v -3.1626648 0.77037795 1.3688478
v 2.98758735 0.2363553 1.3688478
v 2.8164771 0.1990737 1.3688478
v 3.11284935 0.3288429 1.3688478
v 3.15869805 0.42230745000000003 1.3688478
v 2.8164771 0.99361215 1.3688478
v 2.9875869 0.9563305500000001 1.3688478
v 3.11284935 0.86384295 1.3688478
v 3.15869805 0.77037795 1.3688478
v -2.70421245 0.2896533 1.3688478
v -2.868336 0.31843485 1.3688478
v -2.98848375 0.38983455 1.3688478
v -3.0324600000000004 0.46198890000000004 1.3688478
v -2.868336 0.874251 1.3688478
v -2.70421245 0.9030321 1.3688478
v -2.98848375 0.80285085 1.3688478
v -3.0324600000000004 0.73069695 1.3688478
v 2.86436925 0.31843485 1.3688478
v 2.7002457 0.2896533 1.3688478
v 2.984517 0.38983455 1.3688478
v 3.0284937000000003 0.46198890000000004 1.3688478
v 2.7002457 0.9030321 1.3688478
v 2.86436925 0.874251 1.3688478
v 2.984517 0.8028513 1.3688478
v 3.0284937000000003 0.73069695 1.3688478
v -3.1626648 0.42230745000000003 -1.4295833999999998
v -2.82044385 0.1990737 -1.4295833999999998
v -3.1168161 0.3288429 -1.4295833999999998
v -2.99155365 0.2363553 -1.4295833999999998
v -2.82044385 0.99361215 -1.4295833999999998
v -3.1626648 0.77037795 -1.4295833999999998
v -2.9915541 0.9563301000000001 -1.4295833999999998
v -3.1168161 0.86384295 -1.4295833999999998
v 2.8164771 0.1990737 -1.4295833999999998
v 3.15869805 0.42230745000000003 -1.4295833999999998
v 2.98758735 0.2363553 -1.4295833999999998
v 3.11284935 0.3288429 -1.4295833999999998
v 3.15869805 0.77037795 -1.4295833999999998
v 2.8164771 0.99361215 -1.4295833999999998
v 3.11284935 0.86384295 -1.4295833999999998
v 2.9875869 0.9563305500000001 -1.4295833999999998
v -2.73854115 0.27201420000000004 -1.4295833999999998
v -2.9047491 0.30245085 -1.4295833999999998
v -3.02642325 0.37795725 -1.4295833999999998
v -3.0709584000000003 0.45426150000000004 -1.4295833999999998
v -2.9047491 0.8902345500000001 -1.4295833999999998
v -2.73854115 0.9206712000000001 -1.4295833999999998
v -3.02642325 0.8147286 -1.4295833999999998
v -3.0709584000000003 0.7384243500000001 -1.4295833999999998
v 2.9007828 0.30245085 -1.4295833999999998
v 2.7345744 0.27201420000000004 -1.4295833999999998
v 3.0224565 0.37795725 -1.4295833999999998
v 3.06699165 0.45426150000000004 -1.4295833999999998
v 2.7345744 0.9206712000000001 -1.4295833999999998
v 2.9007828 0.890235 -1.4295833999999998
v 3.0224565 0.8147286 -1.4295833999999998
v 3.06699165 0.7384243500000001 -1.4295833999999998
v -2.82044385 0.1990737 -2.25286155
v -2.99155365 0.2363553 -2.25286155
v -3.1168161 0.3288429 -2.25286155
v -3.1626648 0.42230745000000003 -2.25286155
v -2.9915541 0.9563301000000001 -2.25286155
v -2.82044385 0.99361215 -2.25286155
v -3.1168161 0.86384295 -2.25286155
v -3.1626648 0.77037795 -2.25286155
v 2.98758735 0.2363553 -2.25286155
v 2.8164771 0.1990737 -2.25286155
v 3.11284935 0.3288429 -2.25286155
v 3.15869805 0.42230745000000003 -2.25286155
v 2.8164771 0.99361215 -2.25286155
v 2.9875869 0.9563305500000001 -2.25286155
v 3.11284935 0.86384295 -2.25286155
v 3.15869805 0.77037795 -2.25286155
v -2.73854115 0.27201420000000004 -2.25286155
v -2.9047491 0.30245085 -2.25286155
v -3.02642325 0.37795725 -2.25286155
v -3.0709584000000003 0.45426150000000004 -2.25286155
v -2.9047491 0.8902345500000001 -2.25286155
v -2.73854115 0.9206712000000001 -2.25286155
v -3.02642325 0.8147286 -2.25286155
v -3.0709584000000003 0.7384243500000001 -2.25286155
v 2.9007828 0.30245085 -2.25286155
v 2.7345744 0.27201420000000004 -2.25286155
v 3.0224565 0.37795725 -2.25286155
v 3.06699165 0.45426150000000004 -2.25286155
v 2.7345744 0.9206712000000001 -2.25286155
v 2.9007828 0.890235 -2.25286155
v 3.0224565 0.8147286 -2.25286155
v 3.06699165 0.7384243500000001 -2.25286155
v -2.37991365 0.4942764 1.9975576499999999
v -1.4102235 0.4942764 1.9975576499999999
v -0.9497785499999999 0.4942764 1.9975576499999999
v -2.56117815 0.99417645 1.9975576499999999
v -1.6447616999999999 1.0657305000000001 1.9975576499999999
v -0.9497781000000001 1.05380505 1.9975576499999999
v 1.96388595 0.4942764 1.9975576499999999
v 2.0235141000000003 1.1015077500000001 1.9975576499999999
v -3.0358259999999997 0.5380038 1.9975576499999999
v -3.03025455 0.81926685 1.9975576499999999
v 3.01732065 0.6612358500000001 1.9975576499999999
v 2.8424106000000005 0.9822510000000001 1.9975576499999999
v -2.37991365 0.4942764 2.10407715
v -1.4102235 0.4942764 2.10407715
v -0.9497785499999999 0.4942764 2.10407715
v -2.56117815 0.99417645 2.10407715
v -1.6447616999999999 1.0657305000000001 2.10407715
v -0.9497781000000001 1.05380505 2.10407715
v 1.96388595 0.4942764 2.10407715
v 2.0235141000000003 1.1015077500000001 2.10407715
v -3.0358259999999997 0.5380038 2.10407715
v -3.03025455 0.81926685 2.10407715
v 3.01732065 0.6612358500000001 2.10407715
v 2.8424106000000005 0.9822510000000001 2.10407715
v -2.37991365 0.4942764 -2.06063505
v -1.4102235 0.4942764 -2.06063505
v -0.9497785499999999 0.4942764 -2.06063505
v -2.56117815 0.99417645 -2.06063505
v -1.6447616999999999 1.0657305000000001 -2.06063505
v -0.9497781000000001 1.05380505 -2.06063505
v 1.96388595 0.4942764 -2.06063505
v 2.0235141000000003 1.1015077500000001 -2.06063505
v -3.0358259999999997 0.5380038 -2.06063505
v -3.03025455 0.81926685 -2.06063505
v 3.01732065 0.6612358500000001 -2.06063505
v 2.8424106000000005 0.9822510000000001 -2.06063505
v -2.37991365 0.4942764 -2.1671545500000002
v -1.4102235 0.4942764 -2.1671545500000002
v -0.9497785499999999 0.4942764 -2.1671545500000002
v -2.56117815 0.99417645 -2.1671545500000002
v -1.6447616999999999 1.0657305000000001 -2.1671545500000002
v -0.9497781000000001 1.05380505 -2.1671545500000002
v 1.96388595 0.4942764 -2.1671545500000002
v 2.0235141000000003 1.1015077500000001 -2.1671545500000002
v -3.0358259999999997 0.5380038 -2.1671545500000002
v -3.03025455 0.81926685 -2.1671545500000002
v 3.01732065 0.6612358500000001 -2.1671545500000002
v 2.8424106000000005 0.9822510000000001 -2.1671545500000002
v 1.7285355 1.10673 1.9795203
v 1.90557135 1.0592932499999999 1.9795203
v 2.0351709000000002 0.9296937000000001 1.9795203
v 2.08260765 0.7526578500000001 1.9795203
v 2.0351709000000002 0.57562155 1.9795203
v 1.90557135 0.44602200000000003 1.9795203
v 1.7285355 0.39858525 1.9795203
v 1.5514992 0.44602200000000003 1.9795203
v 1.42189965 0.5756211 1.9795203
v 1.3744629 0.7526574 1.9795203
v 1.42189965 0.9296937000000001 1.9795203
v 1.5514992 1.0592932499999999 1.9795203
v 1.8809667 1.0166769 1.9795203
v 1.7285355 1.0575207 1.9795203
v 1.9925545500000001 0.9050890500000002 1.9795203
v 2.03339835 0.7526578500000001 1.9795203
v 1.9925545500000001 0.60022575 1.9795203
v 1.88096715 0.48863835 1.9795203
v 1.7285355 0.44779455 1.9795203
v 1.57610385 0.48863835 1.9795203
v 1.4645160000000002 0.60022575 1.9795203
v 1.4236722 0.7526574 1.9795203
v 1.4645160000000002 0.9050890500000002 1.9795203
v 1.5761034 1.0166769 1.9795203
v 1.8809667 1.0166769 1.9304109
v 1.7285355 1.0575207 1.9304109
v 1.9925545500000001 0.9050890500000002 1.9304109
v 2.03339835 0.7526578500000001 1.9304109
v 1.9925545500000001 0.60022575 1.9304109
v 1.88096715 0.48863835 1.9304109
v 1.7285355 0.44779455 1.9304109
v 1.57610385 0.48863835 1.9304109
v 1.4645160000000002 0.60022575 1.9304109
v 1.4236722 0.7526574 1.9304109
v 1.4645160000000002 0.9050890500000002 1.9304109
v 1.5761034 1.0166769 1.9304109
v 1.8136989 0.9001651500000001 1.9304109
v 1.7285355 0.92298465 1.9304109
v 1.8760428 0.8378212500000001 1.9304109
v 1.89886275 0.7526578500000001 1.9304109
v 1.8760428 0.667494 1.9304109
v 1.8136989 0.6051501 1.9304109
v 1.7285355 0.5823306 1.9304109
v 1.6433716500000002 0.6051501 1.9304109
v 1.58102775 0.667494 1.9304109
v 1.55820825 0.7526574 1.9304109
v 1.58102775 0.8378212500000001 1.9304109
v 1.6433716500000002 0.9001651500000001 1.9304109
v 1.8136989 0.9001651500000001 1.9791067500000001
v 1.7285355 0.92298465 1.9791067500000001
v 1.8760428 0.8378212500000001 1.9791067500000001
v 1.89886275 0.7526578500000001 1.9791067500000001
v 1.8760428 0.667494 1.9791067500000001
v 1.8136989 0.6051501 1.9791067500000001
v 1.7285355 0.5823306 1.9791067500000001
v 1.6433716500000002 0.6051501 1.9791067500000001
v 1.58102775 0.667494 1.9791067500000001
v 1.55820825 0.7526574 1.9791067500000001
v 1.58102775 0.8378212500000001 1.9791067500000001
v 1.6433716500000002 0.9001651500000001 1.9791067500000001
v 1.7285355 1.10673 1.4984586
v 1.90557135 1.0592932499999999 1.4984586
v 2.0351709000000002 0.9296937000000001 1.4984586
v 2.08260765 0.7526578500000001 1.4984586
v 2.0351709000000002 0.57562155 1.4984586
v 1.90557135 0.44602200000000003 1.4984586
v 1.7285355 0.39858525 1.4984586
v 1.5514992 0.44602200000000003 1.4984586
v 1.42189965 0.5756211 1.4984586
v 1.3744629 0.7526574 1.4984586
v 1.42189965 0.9296937000000001 1.4984586
v 1.5514992 1.0592932499999999 1.4984586
v 1.8809667 1.0166769 1.4984586
v 1.7285355 1.0575207 1.4984586
v 1.9925545500000001 0.9050890500000002 1.4984586
v 2.03339835 0.7526578500000001 1.4984586
v 1.9925545500000001 0.60022575 1.4984586
v 1.88096715 0.48863835 1.4984586
v 1.7285355 0.44779455 1.4984586
v 1.57610385 0.48863835 1.4984586
v 1.4645160000000002 0.60022575 1.4984586
v 1.4236722 0.7526574 1.4984586
v 1.4645160000000002 0.9050890500000002 1.4984586
v 1.5761034 1.0166769 1.4984586
v 1.8809667 1.0166769 1.547568
v 1.7285355 1.0575207 1.547568
v 1.9925545500000001 0.9050890500000002 1.547568
v 2.03339835 0.7526578500000001 1.547568
v 1.9925545500000001 0.60022575 1.547568
v 1.88096715 0.48863835 1.547568
v 1.7285355 0.44779455 1.547568
v 1.57610385 0.48863835 1.547568
v 1.4645160000000002 0.60022575 1.547568
v 1.4236722 0.7526574 1.547568
v 1.4645160000000002 0.9050890500000002 1.547568
v 1.5761034 1.0166769 1.547568
v 1.8136989 0.9001651500000001 1.547568
v 1.7285355 0.92298465 1.547568
v 1.8760428 0.8378212500000001 1.547568
v 1.89886275 0.7526578500000001 1.547568
v 1.8760428 0.667494 1.547568
v 1.8136989 0.6051501 1.547568
v 1.7285355 0.5823306 1.547568
v 1.6433716500000002 0.6051501 1.547568
v 1.58102775 0.667494 1.547568
v 1.55820825 0.7526574 1.547568
v 1.58102775 0.8378212500000001 1.547568
v 1.6433716500000002 0.9001651500000001 1.547568
v 1.8136989 0.9001651500000001 1.4988721500000002
v 1.7285355 0.92298465 1.4988721500000002
v 1.8760428 0.8378212500000001 1.4988721500000002
v 1.89886275 0.7526578500000001 1.4988721500000002
v 1.8760428 0.667494 1.4988721500000002
v 1.8136989 0.6051501 1.4988721500000002
v 1.7285355 0.5823306 1.4988721500000002
v 1.6433716500000002 0.6051501 1.4988721500000002
v 1.58102775 0.667494 1.4988721500000002
v 1.55820825 0.7526574 1.4988721500000002
v 1.58102775 0.8378212500000001 1.4988721500000002
v 1.6433716500000002 0.9001651500000001 1.4988721500000002
v 0.5955039 1.10673 1.9795203
v 0.7725402 1.0592932499999999 1.9795203
v 0.9021397499999999 0.9296937000000001 1.9795203
v 0.94957605 0.7526578500000001 1.9795203
v 0.9021397499999999 0.57562155 1.9795203
v 0.7725402 0.44602200000000003 1.9795203
v 0.5955039 0.39858525 1.9795203
v 0.4184676 0.44602200000000003 1.9795203
v 0.28886850000000003 0.5756211 1.9795203
v 0.24143175 0.7526574 1.9795203
v 0.28886805 0.9296937000000001 1.9795203
v 0.4184676 1.0592932499999999 1.9795203
v 0.74793555 1.0166769 1.9795203
v 0.5955039 1.0575207 1.9795203
v 0.8595234 0.9050890500000002 1.9795203
v 0.9003672 0.7526578500000001 1.9795203
v 0.8595234 0.60022575 1.9795203
v 0.74793555 0.48863835 1.9795203
v 0.5955039 0.44779455 1.9795203
v 0.44307225 0.48863835 1.9795203
v 0.33148485 0.60022575 1.9795203
v 0.2906406 0.7526574 1.9795203
v 0.3314844 0.9050890500000002 1.9795203
v 0.44307225 1.0166769 1.9795203
v 0.74793555 1.0166769 1.9304109
v 0.5955039 1.0575207 1.9304109
v 0.8595234 0.9050890500000002 1.9304109
v 0.9003672 0.7526578500000001 1.9304109
v 0.8595234 0.60022575 1.9304109
v 0.74793555 0.48863835 1.9304109
v 0.5955039 0.44779455 1.9304109
v 0.44307225 0.48863835 1.9304109
v 0.33148485 0.60022575 1.9304109
v 0.2906406 0.7526574 1.9304109
v 0.3314844 0.9050890500000002 1.9304109
v 0.44307225 1.0166769 1.9304109
v 0.6806673 0.9001651500000001 1.9304109
v 0.5955039 0.92298465 1.9304109
v 0.74301165 0.8378212500000001 1.9304109
v 0.76583115 0.7526578500000001 1.9304109
v 0.74301165 0.667494 1.9304109
v 0.6806673 0.6051501 1.9304109
v 0.5955039 0.5823306 1.9304109
v 0.5103405000000001 0.6051501 1.9304109
v 0.44799615 0.667494 1.9304109
v 0.42517665000000004 0.7526574 1.9304109
v 0.44799615 0.8378212500000001 1.9304109
v 0.5103400499999999 0.9001651500000001 1.9304109
v 0.6806673 0.9001651500000001 1.9791067500000001
v 0.5955039 0.92298465 1.9791067500000001
v 0.74301165 0.8378212500000001 1.9791067500000001
v 0.76583115 0.7526578500000001 1.9791067500000001
v 0.74301165 0.667494 1.9791067500000001
v 0.6806673 0.6051501 1.9791067500000001
v 0.5955039 0.5823306 1.9791067500000001
v 0.5103405000000001 0.6051501 1.9791067500000001
v 0.44799615 0.667494 1.9791067500000001
v 0.42517665000000004 0.7526574 1.9791067500000001
v 0.44799615 0.8378212500000001 1.9791067500000001
v 0.5103400499999999 0.9001651500000001 1.9791067500000001
v 0.5955039 1.10673 1.4984586
v 0.7725402 1.0592932499999999 1.4984586
v 0.9021397499999999 0.9296937000000001 1.4984586
v 0.94957605 0.7526578500000001 1.4984586
v 0.9021397499999999 0.57562155 1.4984586
v 0.7725402 0.44602200000000003 1.4984586
v 0.5955039 0.39858525 1.4984586
v 0.4184676 0.44602200000000003 1.4984586
v 0.28886850000000003 0.5756211 1.4984586
v 0.24143175 0.7526574 1.4984586
v 0.28886805 0.9296937000000001 1.4984586
v 0.4184676 1.0592932499999999 1.4984586
v 0.74793555 1.0166769 1.4984586
v 0.5955039 1.0575207 1.4984586
v 0.8595234 0.9050890500000002 1.4984586
v 0.9003672 0.7526578500000001 1.4984586
v 0.8595234 0.60022575 1.4984586
v 0.74793555 0.48863835 1.4984586
v 0.5955039 0.44779455 1.4984586
v 0.44307225 0.48863835 1.4984586
v 0.33148485 0.60022575 1.4984586
v 0.2906406 0.7526574 1.4984586
v 0.3314844 0.9050890500000002 1.4984586
v 0.44307225 1.0166769 1.4984586
v 0.74793555 1.0166769 1.547568
v 0.5955039 1.0575207 1.547568
v 0.8595234 0.9050890500000002 1.547568
v 0.9003672 0.7526578500000001 1.547568
v 0.8595234 0.60022575 1.547568
v 0.74793555 0.48863835 1.547568
v 0.5955039 0.44779455 1.547568
v 0.44307225 0.48863835 1.547568
v 0.33148485 0.60022575 1.547568
v 0.2906406 0.7526574 1.547568
v 0.3314844 0.9050890500000002 1.547568
v 0.44307225 1.0166769 1.547568
v 0.6806673 0.9001651500000001 1.547568
v 0.5955039 0.92298465 1.547568
v 0.74301165 0.8378212500000001 1.547568
v 0.76583115 0.7526578500000001 1.547568
v 0.74301165 0.667494 1.547568
v 0.6806673 0.6051501 1.547568
v 0.5955039 0.5823306 1.547568
v 0.5103405000000001 0.6051501 1.547568
v 0.44799615 0.667494 1.547568
v 0.42517665000000004 0.7526574 1.547568
v 0.44799615 0.8378212500000001 1.547568
v 0.5103400499999999 0.9001651500000001 1.547568
v 0.6806673 0.9001651500000001 1.4988721500000002
v 0.5955039 0.92298465 1.4988721500000002
v 0.74301165 0.8378212500000001 1.4988721500000002
v 0.76583115 0.7526578500000001 1.4988721500000002
v 0.74301165 0.667494 1.4988721500000002
v 0.6806673 0.6051501 1.4988721500000002
v 0.5955039 0.5823306 1.4988721500000002
v 0.5103405000000001 0.6051501 1.4988721500000002
v 0.44799615 0.667494 1.4988721500000002
v 0.42517665000000004 0.7526574 1.4988721500000002
v 0.44799615 0.8378212500000001 1.4988721500000002
v 0.5103400499999999 0.9001651500000001 1.4988721500000002
v -0.5375277 1.10673 1.9795203
v -0.3604914 1.0592932499999999 1.9795203
v -0.23089185 0.9296937000000001 1.9795203
v -0.1834551 0.7526578500000001 1.9795203
v -0.23089185 0.57562155 1.9795203
v -0.3604914 0.44602200000000003 1.9795203
v -0.5375277 0.39858525 1.9795203
v -0.71456355 0.44602200000000003 1.9795203
v -0.8441631 0.5756211 1.9795203
v -0.89159985 0.7526574 1.9795203
v -0.84416355 0.9296937000000001 1.9795203
v -0.714564 1.0592932499999999 1.9795203
v -0.38509605 1.0166769 1.9795203
v -0.5375277 1.0575207 1.9795203
v -0.27350820000000003 0.9050890500000002 1.9795203
v -0.23266440000000002 0.7526578500000001 1.9795203
v -0.27350820000000003 0.60022575 1.9795203
v -0.38509605 0.48863835 1.9795203
v -0.5375277 0.44779455 1.9795203
v -0.6899589 0.48863835 1.9795203
v -0.80154675 0.60022575 1.9795203
v -0.842391 0.7526574 1.9795203
v -0.8015472 0.9050890500000002 1.9795203
v -0.68995935 1.0166769 1.9795203
v -0.38509605 1.0166769 1.9304109
v -0.5375277 1.0575207 1.9304109
v -0.27350820000000003 0.9050890500000002 1.9304109
v -0.23266440000000002 0.7526578500000001 1.9304109
v -0.27350820000000003 0.60022575 1.9304109
v -0.38509605 0.48863835 1.9304109
v -0.5375277 0.44779455 1.9304109
v -0.6899589 0.48863835 1.9304109
v -0.80154675 0.60022575 1.9304109
v -0.842391 0.7526574 1.9304109
v -0.8015472 0.9050890500000002 1.9304109
v -0.68995935 1.0166769 1.9304109
v -0.45236430000000005 0.9001651500000001 1.9304109
v -0.5375277 0.92298465 1.9304109
v -0.39001995 0.8378212500000001 1.9304109
v -0.36720045 0.7526578500000001 1.9304109
v -0.39001995 0.667494 1.9304109
v -0.45236430000000005 0.6051501 1.9304109
v -0.5375277 0.5823306 1.9304109
v -0.6226911 0.6051501 1.9304109
v -0.68503545 0.667494 1.9304109
v -0.7078545 0.7526574 1.9304109
v -0.68503545 0.8378212500000001 1.9304109
v -0.6226911 0.9001651500000001 1.9304109
v -0.45236430000000005 0.9001651500000001 1.9791067500000001
v -0.5375277 0.92298465 1.9791067500000001
v -0.39001995 0.8378212500000001 1.9791067500000001
v -0.36720045 0.7526578500000001 1.9791067500000001
v -0.39001995 0.667494 1.9791067500000001
v -0.45236430000000005 0.6051501 1.9791067500000001
v -0.5375277 0.5823306 1.9791067500000001
v -0.6226911 0.6051501 1.9791067500000001
v -0.68503545 0.667494 1.9791067500000001
v -0.7078545 0.7526574 1.9791067500000001
v -0.68503545 0.8378212500000001 1.9791067500000001
v -0.6226911 0.9001651500000001 1.9791067500000001
v -0.5375277 1.10673 1.4984586
v -0.3604914 1.0592932499999999 1.4984586
v -0.23089185 0.9296937000000001 1.4984586
v -0.1834551 0.7526578500000001 1.4984586
v -0.23089185 0.57562155 1.4984586
v -0.3604914 0.44602200000000003 1.4984586
v -0.5375277 0.39858525 1.4984586
v -0.71456355 0.44602200000000003 1.4984586
v -0.8441631 0.5756211 1.4984586
v -0.89159985 0.7526574 1.4984586
v -0.84416355 0.9296937000000001 1.4984586
v -0.714564 1.0592932499999999 1.4984586
v -0.38509605 1.0166769 1.4984586
v -0.5375277 1.0575207 1.4984586
v -0.27350820000000003 0.9050890500000002 1.4984586
v -0.23266440000000002 0.7526578500000001 1.4984586
v -0.27350820000000003 0.60022575 1.4984586
v -0.38509605 0.48863835 1.4984586
v -0.5375277 0.44779455 1.4984586
v -0.6899589 0.48863835 1.4984586
v -0.80154675 0.60022575 1.4984586
v -0.842391 0.7526574 1.4984586
v -0.8015472 0.9050890500000002 1.4984586
v -0.68995935 1.0166769 1.4984586
v -0.38509605 1.0166769 1.547568
v -0.5375277 1.0575207 1.547568
v -0.27350820000000003 0.9050890500000002 1.547568
v -0.23266440000000002 0.7526578500000001 1.547568
v -0.27350820000000003 0.60022575 1.547568
v -0.38509605 0.48863835 1.547568
v -0.5375277 0.44779455 1.547568
v -0.6899589 0.48863835 1.547568
v -0.80154675 0.60022575 1.547568
v -0.842391 0.7526574 1.547568
v -0.8015472 0.9050890500000002 1.547568
v -0.68995935 1.0166769 1.547568
v -0.45236430000000005 0.9001651500000001 1.547568
v -0.5375277 0.92298465 1.547568
v -0.39001995 0.8378212500000001 1.547568
v -0.36720045 0.7526578500000001 1.547568
v -0.39001995 0.667494 1.547568
v -0.45236430000000005 0.6051501 1.547568
v -0.5375277 0.5823306 1.547568
v -0.6226911 0.6051501 1.547568
v -0.68503545 0.667494 1.547568
v -0.7078545 0.7526574 1.547568
v -0.68503545 0.8378212500000001 1.547568
v -0.6226911 0.9001651500000001 1.547568
v -0.45236430000000005 0.9001651500000001 1.4988721500000002
v -0.5375277 0.92298465 1.4988721500000002
v -0.39001995 0.8378212500000001 1.4988721500000002
v -0.36720045 0.7526578500000001 1.4988721500000002
v -0.39001995 0.667494 1.4988721500000002
v -0.45236430000000005 0.6051501 1.4988721500000002
v -0.5375277 0.5823306 1.4988721500000002
v -0.6226911 0.6051501 1.4988721500000002
v -0.68503545 0.667494 1.4988721500000002
v -0.7078545 0.7526574 1.4988721500000002
v -0.68503545 0.8378212500000001 1.4988721500000002
v -0.6226911 0.9001651500000001 1.4988721500000002
v -1.6705593 1.10673 1.9795203
v -1.493523 1.0592932499999999 1.9795203
v -1.36392345 0.9296937000000001 1.9795203
v -1.3164867 0.7526578500000001 1.9795203
v -1.36392345 0.57562155 1.9795203
v -1.493523 0.44602200000000003 1.9795203
v -1.6705593 0.39858525 1.9795203
v -1.84759515 0.44602200000000003 1.9795203
v -1.9771947 0.5756211 1.9795203
v -2.02463145 0.7526574 1.9795203
v -1.9771947 0.9296937000000001 1.9795203
v -1.8475956000000002 1.0592932499999999 1.9795203
v -1.51812765 1.0166769 1.9795203
v -1.6705593 1.0575207 1.9795203
v -1.4065398 0.9050890500000002 1.9795203
v -1.365696 0.7526578500000001 1.9795203
v -1.4065398 0.60022575 1.9795203
v -1.51812765 0.48863835 1.9795203
v -1.6705593 0.44779455 1.9795203
v -1.8229905000000002 0.48863835 1.9795203
v -1.9345783500000002 0.60022575 1.9795203
v -1.9754221500000002 0.7526574 1.9795203
v -1.9345788000000002 0.9050890500000002 1.9795203
v -1.8229909500000003 1.0166769 1.9795203
v -1.51812765 1.0166769 1.9304109
v -1.6705593 1.0575207 1.9304109
v -1.4065398 0.9050890500000002 1.9304109
v -1.365696 0.7526578500000001 1.9304109
v -1.4065398 0.60022575 1.9304109
v -1.51812765 0.48863835 1.9304109
v -1.6705593 0.44779455 1.9304109
v -1.8229905000000002 0.48863835 1.9304109
v -1.9345783500000002 0.60022575 1.9304109
v -1.9754221500000002 0.7526574 1.9304109
v -1.9345788000000002 0.9050890500000002 1.9304109
v -1.8229909500000003 1.0166769 1.9304109
v -1.58539545 0.9001651500000001 1.9304109
v -1.6705593 0.92298465 1.9304109
v -1.52305155 0.8378212500000001 1.9304109
v -1.50023205 0.7526578500000001 1.9304109
v -1.52305155 0.667494 1.9304109
v -1.58539545 0.6051501 1.9304109
v -1.6705593 0.5823306 1.9304109
v -1.7557227000000002 0.6051501 1.9304109
v -1.8180670500000002 0.667494 1.9304109
v -1.8408861 0.7526574 1.9304109
v -1.8180670500000002 0.8378212500000001 1.9304109
v -1.7557227000000002 0.9001651500000001 1.9304109
v -1.58539545 0.9001651500000001 1.9791067500000001
v -1.6705593 0.92298465 1.9791067500000001
v -1.52305155 0.8378212500000001 1.9791067500000001
v -1.50023205 0.7526578500000001 1.9791067500000001
v -1.52305155 0.667494 1.9791067500000001
v -1.58539545 0.6051501 1.9791067500000001
v -1.6705593 0.5823306 1.9791067500000001
v -1.7557227000000002 0.6051501 1.9791067500000001
v -1.8180670500000002 0.667494 1.9791067500000001
v -1.8408861 0.7526574 1.9791067500000001
v -1.8180670500000002 0.8378212500000001 1.9791067500000001
v -1.7557227000000002 0.9001651500000001 1.9791067500000001
v -1.6705593 1.10673 1.4984586
v -1.493523 1.0592932499999999 1.4984586
v -1.36392345 0.9296937000000001 1.4984586
v -1.3164867 0.7526578500000001 1.4984586
v -1.36392345 0.57562155 1.4984586
v -1.493523 0.44602200000000003 1.4984586
v -1.6705593 0.39858525 1.4984586
v -1.84759515 0.44602200000000003 1.4984586
v -1.9771947 0.5756211 1.4984586
v -2.02463145 0.7526574 1.4984586
v -1.9771947 0.9296937000000001 1.4984586
v -1.8475956000000002 1.0592932499999999 1.4984586
v -1.51812765 1.0166769 1.4984586
v -1.6705593 1.0575207 1.4984586
v -1.4065398 0.9050890500000002 1.4984586
v -1.365696 0.7526578500000001 1.4984586
v -1.4065398 0.60022575 1.4984586
v -1.51812765 0.48863835 1.4984586
v -1.6705593 0.44779455 1.4984586
v -1.8229905000000002 0.48863835 1.4984586
v -1.9345783500000002 0.60022575 1.4984586
v -1.9754221500000002 0.7526574 1.4984586
v -1.9345788000000002 0.9050890500000002 1.4984586
v -1.8229909500000003 1.0166769 1.4984586
v -1.51812765 1.0166769 1.547568
v -1.6705593 1.0575207 1.547568
v -1.4065398 0.9050890500000002 1.547568
v -1.365696 0.7526578500000001 1.547568
v -1.4065398 0.60022575 1.547568
v -1.51812765 0.48863835 1.547568
v -1.6705593 0.44779455 1.547568
v -1.8229905000000002 0.48863835 1.547568
v -1.9345783500000002 0.60022575 1.547568
v -1.9754221500000002 0.7526574 1.547568
v -1.9345788000000002 0.9050890500000002 1.547568
v -1.8229909500000003 1.0166769 1.547568
v -1.58539545 0.9001651500000001 1.547568
v -1.6705593 0.92298465 1.547568
v -1.52305155 0.8378212500000001 1.547568
v -1.50023205 0.7526578500000001 1.547568
v -1.52305155 0.667494 1.547568
v -1.58539545 0.6051501 1.547568
v -1.6705593 0.5823306 1.547568
v -1.7557227000000002 0.6051501 1.547568
v -1.8180670500000002 0.667494 1.547568
v -1.8408861 0.7526574 1.547568
v -1.8180670500000002 0.8378212500000001 1.547568
v -1.7557227000000002 0.9001651500000001 1.547568
v -1.58539545 0.9001651500000001 1.4988721500000002
v -1.6705593 0.92298465 1.4988721500000002
v -1.52305155 0.8378212500000001 1.4988721500000002
v -1.50023205 0.7526578500000001 1.4988721500000002
v -1.52305155 0.667494 1.4988721500000002
v -1.58539545 0.6051501 1.4988721500000002
v -1.6705593 0.5823306 1.4988721500000002
v -1.7557227000000002 0.6051501 1.4988721500000002
v -1.8180670500000002 0.667494 1.4988721500000002
v -1.8408861 0.7526574 1.4988721500000002
v -1.8180670500000002 0.8378212500000001 1.4988721500000002
v -1.7557227000000002 0.9001651500000001 1.4988721500000002
v 2.6249508 1.0493374500000001 1.9729881
v 2.8019875499999998 1.0019007000000002 1.9729881
v 2.93158665 0.8723011500000001 1.9729881
v 2.9790234 0.69526485 1.9729881
v 2.93158665 0.51822855 1.9729881
v 2.8019875499999998 0.38862945 1.9729881
v 2.6249508 0.3411927 1.9729881
v 2.44791495 0.388629 1.9729881
v 2.31831585 0.51822855 1.9729881
v 2.2708786499999998 0.69526485 1.9729881
v 2.3183154 0.8723011500000001 1.9729881
v 2.4479145 1.00190025 1.9729881
v 2.7773824499999997 0.9592839000000001 1.9729881
v 2.6249508 1.0001281499999999 1.9729881
v 2.8889703 0.8476965 1.9729881
v 2.9298140999999998 0.69526485 1.9729881
v 2.8889703 0.5428332 1.9729881
v 2.7773824499999997 0.4312458 1.9729881
v 2.6249508 0.39040155 1.9729881
v 2.4725196 0.4312458 1.9729881
v 2.3609317499999998 0.5428332 1.9729881
v 2.3200879500000005 0.69526485 1.9729881
v 2.3609313000000003 0.8476965 1.9729881
v 2.47251915 0.9592839000000001 1.9729881
v 2.7773824499999997 0.9592839000000001 1.9238787000000002
v 2.6249508 1.0001281499999999 1.9238787000000002
v 2.8889703 0.8476965 1.9238787000000002
v 2.9298140999999998 0.69526485 1.9238787000000002
v 2.8889703 0.5428332 1.9238787000000002
v 2.7773824499999997 0.4312458 1.9238787000000002
v 2.6249508 0.39040155 1.9238787000000002
v 2.4725196 0.4312458 1.9238787000000002
v 2.3609317499999998 0.5428332 1.9238787000000002
v 2.3200879500000005 0.69526485 1.9238787000000002
v 2.3609313000000003 0.8476965 1.9238787000000002
v 2.47251915 0.9592839000000001 1.9238787000000002
v 2.7101146500000004 0.8427726 1.9238787000000002
v 2.6249508 0.8655921 1.9238787000000002
v 2.77245855 0.7804287 1.9238787000000002
v 2.7952785 0.69526485 1.9238787000000002
v 2.77245855 0.6101014499999999 1.9238787000000002
v 2.7101146500000004 0.54775755 1.9238787000000002
v 2.6249508 0.5249380499999999 1.9238787000000002
v 2.5397874 0.54775755 1.9238787000000002
v 2.4774434999999997 0.6101014499999999 1.9238787000000002
v 2.454624 0.69526485 1.9238787000000002
v 2.4774434999999997 0.78042825 1.9238787000000002
v 2.5397874 0.8427726 1.9238787000000002
v 2.7101146500000004 0.8427726 1.972575
v 2.6249508 0.8655921 1.972575
v 2.77245855 0.7804287 1.972575
v 2.7952785 0.69526485 1.972575
v 2.77245855 0.6101014499999999 1.972575
v 2.7101146500000004 0.54775755 1.972575
v 2.6249508 0.5249380499999999 1.972575
v 2.5397874 0.54775755 1.972575
v 2.4774434999999997 0.6101014499999999 1.972575
v 2.454624 0.69526485 1.972575
v 2.4774434999999997 0.78042825 1.972575
v 2.5397874 0.8427726 1.972575
v 2.6249508 1.0493374500000001 1.3895905499999999
v 2.8019875499999998 1.0019007000000002 1.3895905499999999
v 2.93158665 0.8723011500000001 1.3895905499999999
v 2.9790234 0.69526485 1.3895905499999999
v 2.93158665 0.51822855 1.3895905499999999
v 2.8019875499999998 0.38862945 1.3895905499999999
v 2.6249508 0.3411927 1.3895905499999999
v 2.44791495 0.38862945 1.3895905499999999
v 2.31831585 0.51822855 1.3895905499999999
v 2.2708786499999998 0.69526485 1.3895905499999999
v 2.3183154 0.8723011500000001 1.3895905499999999
v 2.4479145 1.0019007000000002 1.3895905499999999
v 2.7773824499999997 0.9592843500000001 1.3895905499999999
v 2.6249508 1.0001281499999999 1.3895905499999999
v 2.8889703 0.8476965 1.3895905499999999
v 2.9298140999999998 0.69526485 1.3895905499999999
v 2.8889703 0.5428332 1.3895905499999999
v 2.7773824499999997 0.4312458 1.3895905499999999
v 2.6249508 0.39040155 1.3895905499999999
v 2.4725196 0.4312458 1.3895905499999999
v 2.3609317499999998 0.5428332 1.3895905499999999
v 2.3200879500000005 0.69526485 1.3895905499999999
v 2.3609313000000003 0.8476965 1.3895905499999999
v 2.47251915 0.9592839000000001 1.3895905499999999
v 2.7773824499999997 0.9592843500000001 1.43869995
v 2.6249508 1.0001281499999999 1.43869995
v 2.8889703 0.8476965 1.43869995
v 2.9298140999999998 0.69526485 1.43869995
v 2.8889703 0.5428332 1.43869995
v 2.7773824499999997 0.4312458 1.43869995
v 2.6249508 0.39040155 1.43869995
v 2.4725196 0.4312458 1.43869995
v 2.3609317499999998 0.5428332 1.43869995
v 2.3200879500000005 0.69526485 1.43869995
v 2.3609313000000003 0.8476965 1.43869995
v 2.47251915 0.9592839000000001 1.43869995
v 2.7101146500000004 0.8427726 1.43869995
v 2.6249508 0.8655921 1.43869995
v 2.77245855 0.7804287 1.43869995
v 2.7952785 0.69526485 1.43869995
v 2.77245855 0.6101014499999999 1.43869995
v 2.7101146500000004 0.54775755 1.43869995
v 2.6249508 0.5249380499999999 1.43869995
v 2.5397874 0.54775755 1.43869995
v 2.4774434999999997 0.6101014499999999 1.43869995
v 2.454624 0.69526485 1.43869995
v 2.4774434999999997 0.78042825 1.43869995
v 2.5397874 0.8427726 1.43869995
v 2.7101146500000004 0.8427726 1.3900041
v 2.6249508 0.8655921 1.3900041
v 2.77245855 0.7804287 1.3900041
v 2.7952785 0.69526485 1.3900041
v 2.77245855 0.6101014499999999 1.3900041
v 2.7101146500000004 0.54775755 1.3900041
v 2.6249508 0.5249380499999999 1.3900041
v 2.5397874 0.54775755 1.3900041
v 2.4774434999999997 0.6101014499999999 1.3900041
v 2.454624 0.69526485 1.3900041
v 2.4774434999999997 0.78042825 1.3900041
v 2.5397874 0.8427726 1.3900041
v -2.6472420000000003 1.0493374500000001 1.9729881
v -2.47020615 1.0019007000000002 1.9729881
v -2.3406066 0.8723011500000001 1.9729881
v -2.29316985 0.69526485 1.9729881
v -2.3406066 0.51822855 1.9729881
v -2.47020615 0.38862945 1.9729881
v -2.6472420000000003 0.3411927 1.9729881
v -2.8242783 0.388629 1.9729881
v -2.95387785 0.51822855 1.9729881
v -3.0013146 0.69526485 1.9729881
v -2.95387785 0.8723011500000001 1.9729881
v -2.8242787500000004 1.00190025 1.9729881
v -2.4948108 0.9592839000000001 1.9729881
v -2.6472420000000003 1.0001281499999999 1.9729881
v -2.3832229500000004 0.8476965 1.9729881
v -2.34237915 0.69526485 1.9729881
v -2.3832229500000004 0.5428332 1.9729881
v -2.4948103500000003 0.4312458 1.9729881
v -2.6472420000000003 0.39040155 1.9729881
v -2.7996736500000003 0.4312458 1.9729881
v -2.9112615 0.5428332 1.9729881
v -2.9521053000000004 0.69526485 1.9729881
v -2.9112615 0.8476965 1.9729881
v -2.7996741000000003 0.9592839000000001 1.9729881
v -2.4948108 0.9592839000000001 1.9238787000000002
v -2.6472420000000003 1.0001281499999999 1.9238787000000002
v -2.3832229500000004 0.8476965 1.9238787000000002
v -2.34237915 0.69526485 1.9238787000000002
v -2.3832229500000004 0.5428332 1.9238787000000002
v -2.4948103500000003 0.4312458 1.9238787000000002
v -2.6472420000000003 0.39040155 1.9238787000000002
v -2.7996736500000003 0.4312458 1.9238787000000002
v -2.9112615 0.5428332 1.9238787000000002
v -2.9521053000000004 0.69526485 1.9238787000000002
v -2.9112615 0.8476965 1.9238787000000002
v -2.7996741000000003 0.9592839000000001 1.9238787000000002
v -2.5620786 0.8427726 1.9238787000000002
v -2.6472420000000003 0.8655921 1.9238787000000002
v -2.49973425 0.7804287 1.9238787000000002
v -2.4769152 0.69526485 1.9238787000000002
v -2.49973425 0.6101014499999999 1.9238787000000002
v -2.5620786 0.54775755 1.9238787000000002
v -2.6472420000000003 0.5249380499999999 1.9238787000000002
v -2.7324054 0.54775755 1.9238787000000002
v -2.7947497500000003 0.6101014499999999 1.9238787000000002
v -2.81756925 0.69526485 1.9238787000000002
v -2.7947497500000003 0.78042825 1.9238787000000002
v -2.7324054 0.8427726 1.9238787000000002
v -2.5620786 0.8427726 1.972575
v -2.6472420000000003 0.8655921 1.972575
v -2.49973425 0.7804287 1.972575
v -2.4769152 0.69526485 1.972575
v -2.49973425 0.6101014499999999 1.972575
v -2.5620786 0.54775755 1.972575
v -2.6472420000000003 0.5249380499999999 1.972575
v -2.7324054 0.54775755 1.972575
v -2.7947497500000003 0.6101014499999999 1.972575
v -2.81756925 0.69526485 1.972575
v -2.7947497500000003 0.78042825 1.972575
v -2.7324054 0.8427726 1.972575
v -2.6472420000000003 1.0493374500000001 1.3895905499999999
v -2.47020615 1.0019007000000002 1.3895905499999999
v -2.3406066 0.8723011500000001 1.3895905499999999
v -2.29316985 0.69526485 1.3895905499999999
v -2.3406066 0.51822855 1.3895905499999999
v -2.47020615 0.38862945 1.3895905499999999
v -2.6472420000000003 0.3411927 1.3895905499999999
v -2.8242783 0.38862945 1.3895905499999999
v -2.95387785 0.51822855 1.3895905499999999
v -3.0013146 0.69526485 1.3895905499999999
v -2.95387785 0.8723011500000001 1.3895905499999999
v -2.8242787500000004 1.0019007000000002 1.3895905499999999
v -2.4948108 0.9592843500000001 1.3895905499999999
v -2.6472420000000003 1.0001281499999999 1.3895905499999999
v -2.3832229500000004 0.8476965 1.3895905499999999
v -2.34237915 0.69526485 1.3895905499999999
v -2.3832229500000004 0.5428332 1.3895905499999999
v -2.4948103500000003 0.4312458 1.3895905499999999
v -2.6472420000000003 0.39040155 1.3895905499999999
v -2.7996736500000003 0.4312458 1.3895905499999999
v -2.9112615 0.5428332 1.3895905499999999
v -2.9521053000000004 0.69526485 1.3895905499999999
v -2.9112615 0.8476965 1.3895905499999999
v -2.7996741000000003 0.9592839000000001 1.3895905499999999
v -2.4948108 0.9592843500000001 1.43869995
v -2.6472420000000003 1.0001281499999999 1.43869995
v -2.3832229500000004 0.8476965 1.43869995
v -2.34237915 0.69526485 1.43869995
v -2.3832229500000004 0.5428332 1.43869995
v -2.4948103500000003 0.4312458 1.43869995
v -2.6472420000000003 0.39040155 1.43869995
v -2.7996736500000003 0.4312458 1.43869995
v -2.9112615 0.5428332 1.43869995
v -2.9521053000000004 0.69526485 1.43869995
v -2.9112615 0.8476965 1.43869995
v -2.7996741000000003 0.9592839000000001 1.43869995
v -2.5620786 0.8427726 1.43869995
v -2.6472420000000003 0.8655921 1.43869995
v -2.49973425 0.7804287 1.43869995
v -2.4769152 0.69526485 1.43869995
v -2.49973425 0.6101014499999999 1.43869995
v -2.5620786 0.54775755 1.43869995
v -2.6472420000000003 0.5249380499999999 1.43869995
v -2.7324054 0.54775755 1.43869995
v -2.7947497500000003 0.6101014499999999 1.43869995
v -2.81756925 0.69526485 1.43869995
v -2.7947497500000003 0.78042825 1.43869995
v -2.7324054 0.8427726 1.43869995
v -2.5620786 0.8427726 1.3900041
v -2.6472420000000003 0.8655921 1.3900041
v -2.49973425 0.7804287 1.3900041
v -2.4769152 0.69526485 1.3900041
v -2.49973425 0.6101014499999999 1.3900041
v -2.5620786 0.54775755 1.3900041
v -2.6472420000000003 0.5249380499999999 1.3900041
v -2.7324054 0.54775755 1.3900041
v -2.7947497500000003 0.6101014499999999 1.3900041
v -2.81756925 0.69526485 1.3900041
v -2.7947497500000003 0.78042825 1.3900041
v -2.7324054 0.8427726 1.3900041
v 1.7285355 1.10673 -2.0425977000000004
v 1.90557135 1.0592932499999999 -2.0425977000000004
v 2.0351709000000002 0.9296937000000001 -2.0425977000000004
v 2.08260765 0.7526578500000001 -2.0425977000000004
v 2.0351709000000002 0.57562155 -2.0425977000000004
v 1.90557135 0.44602200000000003 -2.0425977000000004
v 1.7285355 0.39858525 -2.0425977000000004
v 1.5514992 0.44602200000000003 -2.0425977000000004
v 1.42189965 0.5756211 -2.0425977000000004
v 1.3744629 0.7526574 -2.0425977000000004
v 1.42189965 0.9296937000000001 -2.0425977000000004
v 1.5514992 1.0592932499999999 -2.0425977000000004
v 1.8809667 1.0166769 -2.0425977000000004
v 1.7285355 1.0575207 -2.0425977000000004
v 1.9925545500000001 0.9050890500000002 -2.0425977000000004
v 2.03339835 0.7526578500000001 -2.0425977000000004
v 1.9925545500000001 0.60022575 -2.0425977000000004
v 1.88096715 0.48863835 -2.0425977000000004
v 1.7285355 0.44779455 -2.0425977000000004
v 1.57610385 0.48863835 -2.0425977000000004
v 1.4645160000000002 0.60022575 -2.0425977000000004
v 1.4236722 0.7526574 -2.0425977000000004
v 1.4645160000000002 0.9050890500000002 -2.0425977000000004
v 1.5761034 1.0166769 -2.0425977000000004
v 1.8809667 1.0166769 -1.9934882999999999
v 1.7285355 1.0575207 -1.9934882999999999
v 1.9925545500000001 0.9050890500000002 -1.9934882999999999
v 2.03339835 0.7526578500000001 -1.9934882999999999
v 1.9925545500000001 0.60022575 -1.9934882999999999
v 1.88096715 0.48863835 -1.9934882999999999
v 1.7285355 0.44779455 -1.9934882999999999
v 1.57610385 0.48863835 -1.9934882999999999
v 1.4645160000000002 0.60022575 -1.9934882999999999
v 1.4236722 0.7526574 -1.9934882999999999
v 1.4645160000000002 0.9050890500000002 -1.9934882999999999
v 1.5761034 1.0166769 -1.9934882999999999
v 1.8136989 0.9001651500000001 -1.9934882999999999
v 1.7285355 0.92298465 -1.9934882999999999
v 1.8760428 0.8378212500000001 -1.9934882999999999
v 1.89886275 0.7526578500000001 -1.9934882999999999
v 1.8760428 0.667494 -1.9934882999999999
v 1.8136989 0.6051501 -1.9934882999999999
v 1.7285355 0.5823306 -1.9934882999999999
v 1.6433716500000002 0.6051501 -1.9934882999999999
v 1.58102775 0.667494 -1.9934882999999999
v 1.55820825 0.7526574 -1.9934882999999999
v 1.58102775 0.8378212500000001 -1.9934882999999999
v 1.6433716500000002 0.9001651500000001 -1.9934882999999999
v 1.8136989 0.9001651500000001 -2.0421841499999998
v 1.7285355 0.92298465 -2.0421841499999998
v 1.8760428 0.8378212500000001 -2.0421841499999998
v 1.89886275 0.7526578500000001 -2.0421841499999998
v 1.8760428 0.667494 -2.0421841499999998
v 1.8136989 0.6051501 -2.0421841499999998
v 1.7285355 0.5823306 -2.0421841499999998
v 1.6433716500000002 0.6051501 -2.0421841499999998
v 1.58102775 0.667494 -2.0421841499999998
v 1.55820825 0.7526574 -2.0421841499999998
v 1.58102775 0.8378212500000001 -2.0421841499999998
v 1.6433716500000002 0.9001651500000001 -2.0421841499999998
v 1.7285355 1.10673 -1.561536
v 1.90557135 1.0592932499999999 -1.561536
v 2.0351709000000002 0.9296937000000001 -1.561536
v 2.08260765 0.7526578500000001 -1.561536
v 2.0351709000000002 0.57562155 -1.561536
v 1.90557135 0.44602200000000003 -1.561536
v 1.7285355 0.39858525 -1.561536
v 1.5514992 0.44602200000000003 -1.561536
v 1.42189965 0.5756211 -1.561536
v 1.3744629 0.7526574 -1.561536
v 1.42189965 0.9296937000000001 -1.561536
v 1.5514992 1.0592932499999999 -1.561536
v 1.8809667 1.0166769 -1.561536
v 1.7285355 1.0575207 -1.561536
v 1.9925545500000001 0.9050890500000002 -1.561536
v 2.03339835 0.7526578500000001 -1.561536
v 1.9925545500000001 0.60022575 -1.561536
v 1.88096715 0.48863835 -1.561536
v 1.7285355 0.44779455 -1.561536
v 1.57610385 0.48863835 -1.561536
v 1.4645160000000002 0.60022575 -1.561536
v 1.4236722 0.7526574 -1.561536
v 1.4645160000000002 0.9050890500000002 -1.561536
v 1.5761034 1.0166769 -1.561536
v 1.8809667 1.0166769 -1.6106454000000001
v 1.7285355 1.0575207 -1.6106454000000001
v 1.9925545500000001 0.9050890500000002 -1.6106454000000001
v 2.03339835 0.7526578500000001 -1.6106454000000001
v 1.9925545500000001 0.60022575 -1.6106454000000001
v 1.88096715 0.48863835 -1.6106454000000001
v 1.7285355 0.44779455 -1.6106454000000001
v 1.57610385 0.48863835 -1.6106454000000001
v 1.4645160000000002 0.60022575 -1.6106454000000001
v 1.4236722 0.7526574 -1.6106454000000001
v 1.4645160000000002 0.9050890500000002 -1.6106454000000001
v 1.5761034 1.0166769 -1.6106454000000001
v 1.8136989 0.9001651500000001 -1.6106454000000001
v 1.7285355 0.92298465 -1.6106454000000001
v 1.8760428 0.8378212500000001 -1.6106454000000001
v 1.89886275 0.7526578500000001 -1.6106454000000001
v 1.8760428 0.667494 -1.6106454000000001
v 1.8136989 0.6051501 -1.6106454000000001
v 1.7285355 0.5823306 -1.6106454000000001
v 1.6433716500000002 0.6051501 -1.6106454000000001
v 1.58102775 0.667494 -1.6106454000000001
v 1.55820825 0.7526574 -1.6106454000000001
v 1.58102775 0.8378212500000001 -1.6106454000000001
v 1.6433716500000002 0.9001651500000001 -1.6106454000000001
v 1.8136989 0.9001651500000001 -1.56194955
v 1.7285355 0.92298465 -1.56194955
v 1.8760428 0.8378212500000001 -1.56194955
v 1.89886275 0.7526578500000001 -1.56194955
v 1.8760428 0.667494 -1.56194955
v 1.8136989 0.6051501 -1.56194955
v 1.7285355 0.5823306 -1.56194955
v 1.6433716500000002 0.6051501 -1.56194955
v 1.58102775 0.667494 -1.56194955
v 1.55820825 0.7526574 -1.56194955
v 1.58102775 0.8378212500000001 -1.56194955
v 1.6433716500000002 0.9001651500000001 -1.56194955
v 0.5955039 1.10673 -2.0425977000000004
v 0.7725402 1.0592932499999999 -2.0425977000000004
v 0.9021397499999999 0.9296937000000001 -2.0425977000000004
v 0.94957605 0.7526578500000001 -2.0425977000000004
v 0.9021397499999999 0.57562155 -2.0425977000000004
v 0.7725402 0.44602200000000003 -2.0425977000000004
v 0.5955039 0.39858525 -2.0425977000000004
v 0.4184676 0.44602200000000003 -2.0425977000000004
v 0.28886850000000003 0.5756211 -2.0425977000000004
v 0.24143175 0.7526574 -2.0425977000000004
v 0.28886805 0.9296937000000001 -2.0425977000000004
v 0.4184676 1.0592932499999999 -2.0425977000000004
v 0.74793555 1.0166769 -2.0425977000000004
v 0.5955039 1.0575207 -2.0425977000000004
v 0.8595234 0.9050890500000002 -2.0425977000000004
v 0.9003672 0.7526578500000001 -2.0425977000000004
v 0.8595234 0.60022575 -2.0425977000000004
v 0.74793555 0.48863835 -2.0425977000000004
v 0.5955039 0.44779455 -2.0425977000000004
v 0.44307225 0.48863835 -2.0425977000000004
v 0.33148485 0.60022575 -2.0425977000000004
v 0.2906406 0.7526574 -2.0425977000000004
v 0.3314844 0.9050890500000002 -2.0425977000000004
v 0.44307225 1.0166769 -2.0425977000000004
v 0.74793555 1.0166769 -1.9934882999999999
v 0.5955039 1.0575207 -1.9934882999999999
v 0.8595234 0.9050890500000002 -1.9934882999999999
v 0.9003672 0.7526578500000001 -1.9934882999999999
v 0.8595234 0.60022575 -1.9934882999999999
v 0.74793555 0.48863835 -1.9934882999999999
v 0.5955039 0.44779455 -1.9934882999999999
v 0.44307225 0.48863835 -1.9934882999999999
v 0.33148485 0.60022575 -1.9934882999999999
v 0.2906406 0.7526574 -1.9934882999999999
v 0.3314844 0.9050890500000002 -1.9934882999999999
v 0.44307225 1.0166769 -1.9934882999999999
v 0.6806673 0.9001651500000001 -1.9934882999999999
v 0.5955039 0.92298465 -1.9934882999999999
v 0.74301165 0.8378212500000001 -1.9934882999999999
v 0.76583115 0.7526578500000001 -1.9934882999999999
v 0.74301165 0.667494 -1.9934882999999999
v 0.6806673 0.6051501 -1.9934882999999999
v 0.5955039 0.5823306 -1.9934882999999999
v 0.5103405000000001 0.6051501 -1.9934882999999999
v 0.44799615 0.667494 -1.9934882999999999
v 0.42517665000000004 0.7526574 -1.9934882999999999
v 0.44799615 0.8378212500000001 -1.9934882999999999
v 0.5103400499999999 0.9001651500000001 -1.9934882999999999
v 0.6806673 0.9001651500000001 -2.0421841499999998
v 0.5955039 0.92298465 -2.0421841499999998
v 0.74301165 0.8378212500000001 -2.0421841499999998
v 0.76583115 0.7526578500000001 -2.0421841499999998
v 0.74301165 0.667494 -2.0421841499999998
v 0.6806673 0.6051501 -2.0421841499999998
v 0.5955039 0.5823306 -2.0421841499999998
v 0.5103405000000001 0.6051501 -2.0421841499999998
v 0.44799615 0.667494 -2.0421841499999998
v 0.42517665000000004 0.7526574 -2.0421841499999998
v 0.44799615 0.8378212500000001 -2.0421841499999998
v 0.5103400499999999 0.9001651500000001 -2.0421841499999998
v 0.5955039 1.10673 -1.561536
v 0.7725402 1.0592932499999999 -1.561536
v 0.9021397499999999 0.9296937000000001 -1.561536
v 0.94957605 0.7526578500000001 -1.561536
v 0.9021397499999999 0.57562155 -1.561536
v 0.7725402 0.44602200000000003 -1.561536
v 0.5955039 0.39858525 -1.561536
v 0.4184676 0.44602200000000003 -1.561536
v 0.28886850000000003 0.5756211 -1.561536
v 0.24143175 0.7526574 -1.561536
v 0.28886805 0.9296937000000001 -1.561536
v 0.4184676 1.0592932499999999 -1.561536
v 0.74793555 1.0166769 -1.561536
v 0.5955039 1.0575207 -1.561536
v 0.8595234 0.9050890500000002 -1.561536
v 0.9003672 0.7526578500000001 -1.561536
v 0.8595234 0.60022575 -1.561536
v 0.74793555 0.48863835 -1.561536
v 0.5955039 0.44779455 -1.561536
v 0.44307225 0.48863835 -1.561536
v 0.33148485 0.60022575 -1.561536
v 0.2906406 0.7526574 -1.561536
v 0.3314844 0.9050890500000002 -1.561536
v 0.44307225 1.0166769 -1.561536
v 0.74793555 1.0166769 -1.6106454000000001
v 0.5955039 1.0575207 -1.6106454000000001
v 0.8595234 0.9050890500000002 -1.6106454000000001
v 0.9003672 0.7526578500000001 -1.6106454000000001
v 0.8595234 0.60022575 -1.6106454000000001
v 0.74793555 0.48863835 -1.6106454000000001
v 0.5955039 0.44779455 -1.6106454000000001
v 0.44307225 0.48863835 -1.6106454000000001
v 0.33148485 0.60022575 -1.6106454000000001
v 0.2906406 0.7526574 -1.6106454000000001
v 0.3314844 0.9050890500000002 -1.6106454000000001
v 0.44307225 1.0166769 -1.6106454000000001
v 0.6806673 0.9001651500000001 -1.6106454000000001
v 0.5955039 0.92298465 -1.6106454000000001
v 0.74301165 0.8378212500000001 -1.6106454000000001
v 0.76583115 0.7526578500000001 -1.6106454000000001
v 0.74301165 0.667494 -1.6106454000000001
v 0.6806673 0.6051501 -1.6106454000000001
v 0.5955039 0.5823306 -1.6106454000000001
v 0.5103405000000001 0.6051501 -1.6106454000000001
v 0.44799615 0.667494 -1.6106454000000001
v 0.42517665000000004 0.7526574 -1.6106454000000001
v 0.44799615 0.8378212500000001 -1.6106454000000001
v 0.5103400499999999 0.9001651500000001 -1.6106454000000001
v 0.6806673 0.9001651500000001 -1.56194955
v 0.5955039 0.92298465 -1.56194955
v 0.74301165 0.8378212500000001 -1.56194955
v 0.76583115 0.7526578500000001 -1.56194955
v 0.74301165 0.667494 -1.56194955
v 0.6806673 0.6051501 -1.56194955
v 0.5955039 0.5823306 -1.56194955
v 0.5103405000000001 0.6051501 -1.56194955
v 0.44799615 0.667494 -1.56194955
v 0.42517665000000004 0.7526574 -1.56194955
v 0.44799615 0.8378212500000001 -1.56194955
v 0.5103400499999999 0.9001651500000001 -1.56194955
v -0.5375277 1.10673 -2.0425977000000004
v -0.3604914 1.0592932499999999 -2.0425977000000004
v -0.23089185 0.9296937000000001 -2.0425977000000004
v -0.1834551 0.7526578500000001 -2.0425977000000004
v -0.23089185 0.57562155 -2.0425977000000004
v -0.3604914 0.44602200000000003 -2.0425977000000004
v -0.5375277 0.39858525 -2.0425977000000004
v -0.71456355 0.44602200000000003 -2.0425977000000004
v -0.8441631 0.5756211 -2.0425977000000004
v -0.89159985 0.7526574 -2.0425977000000004
v -0.84416355 0.9296937000000001 -2.0425977000000004
v -0.714564 1.0592932499999999 -2.0425977000000004
v -0.38509605 1.0166769 -2.0425977000000004
v -0.5375277 1.0575207 -2.0425977000000004
v -0.27350820000000003 0.9050890500000002 -2.0425977000000004
v -0.23266440000000002 0.7526578500000001 -2.0425977000000004
v -0.27350820000000003 0.60022575 -2.0425977000000004
v -0.38509605 0.48863835 -2.0425977000000004
v -0.5375277 0.44779455 -2.0425977000000004
v -0.6899589 0.48863835 -2.0425977000000004
v -0.80154675 0.60022575 -2.0425977000000004
v -0.842391 0.7526574 -2.0425977000000004
v -0.8015472 0.9050890500000002 -2.0425977000000004
v -0.68995935 1.0166769 -2.0425977000000004
v -0.38509605 1.0166769 -1.9934882999999999
v -0.5375277 1.0575207 -1.9934882999999999
v -0.27350820000000003 0.9050890500000002 -1.9934882999999999
v -0.23266440000000002 0.7526578500000001 -1.9934882999999999
v -0.27350820000000003 0.60022575 -1.9934882999999999
v -0.38509605 0.48863835 -1.9934882999999999
v -0.5375277 0.44779455 -1.9934882999999999
v -0.6899589 0.48863835 -1.9934882999999999
v -0.80154675 0.60022575 -1.9934882999999999
v -0.842391 0.7526574 -1.9934882999999999
v -0.8015472 0.9050890500000002 -1.9934882999999999
v -0.68995935 1.0166769 -1.9934882999999999
v -0.45236430000000005 0.9001651500000001 -1.9934882999999999
v -0.5375277 0.92298465 -1.9934882999999999
v -0.39001995 0.8378212500000001 -1.9934882999999999
v -0.36720045 0.7526578500000001 -1.9934882999999999
v -0.39001995 0.667494 -1.9934882999999999
v -0.45236430000000005 0.6051501 -1.9934882999999999
v -0.5375277 0.5823306 -1.9934882999999999
v -0.6226911 0.6051501 -1.9934882999999999
v -0.68503545 0.667494 -1.9934882999999999
v -0.7078545 0.7526574 -1.9934882999999999
v -0.68503545 0.8378212500000001 -1.9934882999999999
v -0.6226911 0.9001651500000001 -1.9934882999999999
v -0.45236430000000005 0.9001651500000001 -2.0421841499999998
v -0.5375277 0.92298465 -2.0421841499999998
v -0.39001995 0.8378212500000001 -2.0421841499999998
v -0.36720045 0.7526578500000001 -2.0421841499999998
v -0.39001995 0.667494 -2.0421841499999998
v -0.45236430000000005 0.6051501 -2.0421841499999998
v -0.5375277 0.5823306 -2.0421841499999998
v -0.6226911 0.6051501 -2.0421841499999998
v -0.68503545 0.667494 -2.0421841499999998
v -0.7078545 0.7526574 -2.0421841499999998
v -0.68503545 0.8378212500000001 -2.0421841499999998
v -0.6226911 0.9001651500000001 -2.0421841499999998
v -0.5375277 1.10673 -1.561536
v -0.3604914 1.0592932499999999 -1.561536
v -0.23089185 0.9296937000000001 -1.561536
v -0.1834551 0.7526578500000001 -1.561536
v -0.23089185 0.57562155 -1.561536
v -0.3604914 0.44602200000000003 -1.561536
v -0.5375277 0.39858525 -1.561536
v -0.71456355 0.44602200000000003 -1.561536
v -0.8441631 0.5756211 -1.561536
v -0.89159985 0.7526574 -1.561536
v -0.84416355 0.9296937000000001 -1.561536
v -0.714564 1.0592932499999999 -1.561536
v -0.38509605 1.0166769 -1.561536
v -0.5375277 1.0575207 -1.561536
v -0.27350820000000003 0.9050890500000002 -1.561536
v -0.23266440000000002 0.7526578500000001 -1.561536
v -0.27350820000000003 0.60022575 -1.561536
v -0.38509605 0.48863835 -1.561536
v -0.5375277 0.44779455 -1.561536
v -0.6899589 0.48863835 -1.561536
v -0.80154675 0.60022575 -1.561536
v -0.842391 0.7526574 -1.561536
v -0.8015472 0.9050890500000002 -1.561536
v -0.68995935 1.0166769 -1.561536
v -0.38509605 1.0166769 -1.6106454000000001
v -0.5375277 1.0575207 -1.6106454000000001
v -0.27350820000000003 0.9050890500000002 -1.6106454000000001
v -0.23266440000000002 0.7526578500000001 -1.6106454000000001
v -0.27350820000000003 0.60022575 -1.6106454000000001
v -0.38509605 0.48863835 -1.6106454000000001
v -0.5375277 0.44779455 -1.6106454000000001
v -0.6899589 0.48863835 -1.6106454000000001
v -0.80154675 0.60022575 -1.6106454000000001
v -0.842391 0.7526574 -1.6106454000000001
v -0.8015472 0.9050890500000002 -1.6106454000000001
v -0.68995935 1.0166769 -1.6106454000000001
v -0.45236430000000005 0.9001651500000001 -1.6106454000000001
v -0.5375277 0.92298465 -1.6106454000000001
v -0.39001995 0.8378212500000001 -1.6106454000000001
v -0.36720045 0.7526578500000001 -1.6106454000000001
v -0.39001995 0.667494 -1.6106454000000001
v -0.45236430000000005 0.6051501 -1.6106454000000001
v -0.5375277 0.5823306 -1.6106454000000001
v -0.6226911 0.6051501 -1.6106454000000001
v -0.68503545 0.667494 -1.6106454000000001
v -0.7078545 0.7526574 -1.6106454000000001
v -0.68503545 0.8378212500000001 -1.6106454000000001
v -0.6226911 0.9001651500000001 -1.6106454000000001
v -0.45236430000000005 0.9001651500000001 -1.56194955
v -0.5375277 0.92298465 -1.56194955
v -0.39001995 0.8378212500000001 -1.56194955
v -0.36720045 0.7526578500000001 -1.56194955
v -0.39001995 0.667494 -1.56194955
v -0.45236430000000005 0.6051501 -1.56194955
v -0.5375277 0.5823306 -1.56194955
v -0.6226911 0.6051501 -1.56194955
v -0.68503545 0.667494 -1.56194955
v -0.7078545 0.7526574 -1.56194955
v -0.68503545 0.8378212500000001 -1.56194955
v -0.6226911 0.9001651500000001 -1.56194955
v -1.6705593 1.10673 -2.0425977000000004
v -1.493523 1.0592932499999999 -2.0425977000000004
v -1.36392345 0.9296937000000001 -2.0425977000000004
v -1.3164867 0.7526578500000001 -2.0425977000000004
v -1.36392345 0.57562155 -2.0425977000000004
v -1.493523 0.44602200000000003 -2.0425977000000004
v -1.6705593 0.39858525 -2.0425977000000004
v -1.84759515 0.44602200000000003 -2.0425977000000004
v -1.9771947 0.5756211 -2.0425977000000004
v -2.02463145 0.7526574 -2.0425977000000004
v -1.9771947 0.9296937000000001 -2.0425977000000004
v -1.8475956000000002 1.0592932499999999 -2.0425977000000004
v -1.51812765 1.0166769 -2.0425977000000004
v -1.6705593 1.0575207 -2.0425977000000004
v -1.4065398 0.9050890500000002 -2.0425977000000004
v -1.365696 0.7526578500000001 -2.0425977000000004
v -1.4065398 0.60022575 -2.0425977000000004
v -1.51812765 0.48863835 -2.0425977000000004
v -1.6705593 0.44779455 -2.0425977000000004
v -1.8229905000000002 0.48863835 -2.0425977000000004
v -1.9345783500000002 0.60022575 -2.0425977000000004
v -1.9754221500000002 0.7526574 -2.0425977000000004
v -1.9345788000000002 0.9050890500000002 -2.0425977000000004
v -1.8229909500000003 1.0166769 -2.0425977000000004
v -1.51812765 1.0166769 -1.9934882999999999
v -1.6705593 1.0575207 -1.9934882999999999
v -1.4065398 0.9050890500000002 -1.9934882999999999
v -1.365696 0.7526578500000001 -1.9934882999999999
v -1.4065398 0.60022575 -1.9934882999999999
v -1.51812765 0.48863835 -1.9934882999999999
v -1.6705593 0.44779455 -1.9934882999999999
v -1.8229905000000002 0.48863835 -1.9934882999999999
v -1.9345783500000002 0.60022575 -1.9934882999999999
v -1.9754221500000002 0.7526574 -1.9934882999999999
v -1.9345788000000002 0.9050890500000002 -1.9934882999999999
v -1.8229909500000003 1.0166769 -1.9934882999999999
v -1.58539545 0.9001651500000001 -1.9934882999999999
v -1.6705593 0.92298465 -1.9934882999999999
v -1.52305155 0.8378212500000001 -1.9934882999999999
v -1.50023205 0.7526578500000001 -1.9934882999999999
v -1.52305155 0.667494 -1.9934882999999999
v -1.58539545 0.6051501 -1.9934882999999999
v -1.6705593 0.5823306 -1.9934882999999999
v -1.7557227000000002 0.6051501 -1.9934882999999999
v -1.8180670500000002 0.667494 -1.9934882999999999
v -1.8408861 0.7526574 -1.9934882999999999
v -1.8180670500000002 0.8378212500000001 -1.9934882999999999
v -1.7557227000000002 0.9001651500000001 -1.9934882999999999
v -1.58539545 0.9001651500000001 -2.0421841499999998
v -1.6705593 0.92298465 -2.0421841499999998
v -1.52305155 0.8378212500000001 -2.0421841499999998
v -1.50023205 0.7526578500000001 -2.0421841499999998
v -1.52305155 0.667494 -2.0421841499999998
v -1.58539545 0.6051501 -2.0421841499999998
v -1.6705593 0.5823306 -2.0421841499999998
v -1.7557227000000002 0.6051501 -2.0421841499999998
v -1.8180670500000002 0.667494 -2.0421841499999998
v -1.8408861 0.7526574 -2.0421841499999998
v -1.8180670500000002 0.8378212500000001 -2.0421841499999998
v -1.7557227000000002 0.9001651500000001 -2.0421841499999998
v -1.6705593 1.10673 -1.561536
v -1.493523 1.0592932499999999 -1.561536
v -1.36392345 0.9296937000000001 -1.561536
v -1.3164867 0.7526578500000001 -1.561536
v -1.36392345 0.57562155 -1.561536
v -1.493523 0.44602200000000003 -1.561536
v -1.6705593 0.39858525 -1.561536
v -1.84759515 0.44602200000000003 -1.561536
v -1.9771947 0.5756211 -1.561536
v -2.02463145 0.7526574 -1.561536
v -1.9771947 0.9296937000000001 -1.561536
v -1.8475956000000002 1.0592932499999999 -1.561536
v -1.51812765 1.0166769 -1.561536
v -1.6705593 1.0575207 -1.561536
v -1.4065398 0.9050890500000002 -1.561536
v -1.365696 0.7526578500000001 -1.561536
v -1.4065398 0.60022575 -1.561536
v -1.51812765 0.48863835 -1.561536
v -1.6705593 0.44779455 -1.561536
v -1.8229905000000002 0.48863835 -1.561536
v -1.9345783500000002 0.60022575 -1.561536
v -1.9754221500000002 0.7526574 -1.561536
v -1.9345788000000002 0.9050890500000002 -1.561536
v -1.8229909500000003 1.0166769 -1.561536
v -1.51812765 1.0166769 -1.6106454000000001
v -1.6705593 1.0575207 -1.6106454000000001
v -1.4065398 0.9050890500000002 -1.6106454000000001
v -1.365696 0.7526578500000001 -1.6106454000000001
v -1.4065398 0.60022575 -1.6106454000000001
v -1.51812765 0.48863835 -1.6106454000000001
v -1.6705593 0.44779455 -1.6106454000000001
v -1.8229905000000002 0.48863835 -1.6106454000000001
v -1.9345783500000002 0.60022575 -1.6106454000000001
v -1.9754221500000002 0.7526574 -1.6106454000000001
v -1.9345788000000002 0.9050890500000002 -1.6106454000000001
v -1.8229909500000003 1.0166769 -1.6106454000000001
v -1.58539545 0.9001651500000001 -1.6106454000000001
v -1.6705593 0.92298465 -1.6106454000000001
v -1.52305155 0.8378212500000001 -1.6106454000000001
v -1.50023205 0.7526578500000001 -1.6106454000000001
v -1.52305155 0.667494 -1.6106454000000001
v -1.58539545 0.6051501 -1.6106454000000001
v -1.6705593 0.5823306 -1.6106454000000001
v -1.7557227000000002 0.6051501 -1.6106454000000001
v -1.8180670500000002 0.667494 -1.6106454000000001
v -1.8408861 0.7526574 -1.6106454000000001
v -1.8180670500000002 0.8378212500000001 -1.6106454000000001
v -1.7557227000000002 0.9001651500000001 -1.6106454000000001
v -1.58539545 0.9001651500000001 -1.56194955
v -1.6705593 0.92298465 -1.56194955
v -1.52305155 0.8378212500000001 -1.56194955
v -1.50023205 0.7526578500000001 -1.56194955
v -1.52305155 0.667494 -1.56194955
v -1.58539545 0.6051501 -1.56194955
v -1.6705593 0.5823306 -1.56194955
v -1.7557227000000002 0.6051501 -1.56194955
v -1.8180670500000002 0.667494 -1.56194955
v -1.8408861 0.7526574 -1.56194955
v -1.8180670500000002 0.8378212500000001 -1.56194955
v -1.7557227000000002 0.9001651500000001 -1.56194955
v 2.6249508 1.0493374500000001 -2.0360655
v 2.8019875499999998 1.0019007000000002 -2.0360655
v 2.93158665 0.8723011500000001 -2.0360655
v 2.9790234 0.69526485 -2.0360655
v 2.93158665 0.51822855 -2.0360655
v 2.8019875499999998 0.38862945 -2.0360655
v 2.6249508 0.3411927 -2.0360655
v 2.44791495 0.388629 -2.0360655
v 2.31831585 0.51822855 -2.0360655
v 2.2708786499999998 0.69526485 -2.0360655
v 2.3183154 0.8723011500000001 -2.0360655
v 2.4479145 1.00190025 -2.0360655
v 2.7773824499999997 0.9592839000000001 -2.0360655
v 2.6249508 1.0001281499999999 -2.0360655
v 2.8889703 0.8476965 -2.0360655
v 2.9298140999999998 0.69526485 -2.0360655
v 2.8889703 0.5428332 -2.0360655
v 2.7773824499999997 0.4312458 -2.0360655
v 2.6249508 0.39040155 -2.0360655
v 2.4725196 0.4312458 -2.0360655
v 2.3609317499999998 0.5428332 -2.0360655
v 2.3200879500000005 0.69526485 -2.0360655
v 2.3609313000000003 0.8476965 -2.0360655
v 2.47251915 0.9592839000000001 -2.0360655
v 2.7773824499999997 0.9592839000000001 -1.9869565500000002
v 2.6249508 1.0001281499999999 -1.9869565500000002
v 2.8889703 0.8476965 -1.9869565500000002
v 2.9298140999999998 0.69526485 -1.9869565500000002
v 2.8889703 0.5428332 -1.9869565500000002
v 2.7773824499999997 0.4312458 -1.9869565500000002
v 2.6249508 0.39040155 -1.9869565500000002
v 2.4725196 0.4312458 -1.9869565500000002
v 2.3609317499999998 0.5428332 -1.9869565500000002
v 2.3200879500000005 0.69526485 -1.9869565500000002
v 2.3609313000000003 0.8476965 -1.9869565500000002
v 2.47251915 0.9592839000000001 -1.9869565500000002
v 2.7101146500000004 0.8427726 -1.9869565500000002
v 2.6249508 0.8655921 -1.9869565500000002
v 2.77245855 0.7804287 -1.9869565500000002
v 2.7952785 0.69526485 -1.9869565500000002
v 2.77245855 0.6101014499999999 -1.9869565500000002
v 2.7101146500000004 0.54775755 -1.9869565500000002
v 2.6249508 0.5249380499999999 -1.9869565500000002
v 2.5397874 0.54775755 -1.9869565500000002
v 2.4774434999999997 0.6101014499999999 -1.9869565500000002
v 2.454624 0.69526485 -1.9869565500000002
v 2.4774434999999997 0.78042825 -1.9869565500000002
v 2.5397874 0.8427726 -1.9869565500000002
v 2.7101146500000004 0.8427726 -2.0356524
v 2.6249508 0.8655921 -2.0356524
v 2.77245855 0.7804287 -2.0356524
v 2.7952785 0.69526485 -2.0356524
v 2.77245855 0.6101014499999999 -2.0356524
v 2.7101146500000004 0.54775755 -2.0356524
v 2.6249508 0.5249380499999999 -2.0356524
v 2.5397874 0.54775755 -2.0356524
v 2.4774434999999997 0.6101014499999999 -2.0356524
v 2.454624 0.69526485 -2.0356524
v 2.4774434999999997 0.78042825 -2.0356524
v 2.5397874 0.8427726 -2.0356524
v 2.6249508 1.0493374500000001 -1.4526684
v 2.8019875499999998 1.0019007000000002 -1.4526684
v 2.93158665 0.8723011500000001 -1.4526684
v 2.9790234 0.69526485 -1.4526684
v 2.93158665 0.51822855 -1.4526684
v 2.8019875499999998 0.38862945 -1.4526684
v 2.6249508 0.3411927 -1.4526684
v 2.44791495 0.38862945 -1.4526684
v 2.31831585 0.51822855 -1.4526684
v 2.2708786499999998 0.69526485 -1.4526684
v 2.3183154 0.8723011500000001 -1.4526684
v 2.4479145 1.0019007000000002 -1.4526684
v 2.7773824499999997 0.9592843500000001 -1.4526684
v 2.6249508 1.0001281499999999 -1.4526684
v 2.8889703 0.8476965 -1.4526684
v 2.9298140999999998 0.69526485 -1.4526684
v 2.8889703 0.5428332 -1.4526684
v 2.7773824499999997 0.4312458 -1.4526684
v 2.6249508 0.39040155 -1.4526684
v 2.4725196 0.4312458 -1.4526684
v 2.3609317499999998 0.5428332 -1.4526684
v 2.3200879500000005 0.69526485 -1.4526684
v 2.3609313000000003 0.8476965 -1.4526684
v 2.47251915 0.9592839000000001 -1.4526684
v 2.7773824499999997 0.9592843500000001 -1.5017778
v 2.6249508 1.0001281499999999 -1.5017778
v 2.8889703 0.8476965 -1.5017778
v 2.9298140999999998 0.69526485 -1.5017778
v 2.8889703 0.5428332 -1.5017778
v 2.7773824499999997 0.4312458 -1.5017778
v 2.6249508 0.39040155 -1.5017778
v 2.4725196 0.4312458 -1.5017778
v 2.3609317499999998 0.5428332 -1.5017778
v 2.3200879500000005 0.69526485 -1.5017778
v 2.3609313000000003 0.8476965 -1.5017778
v 2.47251915 0.9592839000000001 -1.5017778
v 2.7101146500000004 0.8427726 -1.5017778
v 2.6249508 0.8655921 -1.5017778
v 2.77245855 0.7804287 -1.5017778
v 2.7952785 0.69526485 -1.5017778
v 2.77245855 0.6101014499999999 -1.5017778
v 2.7101146500000004 0.54775755 -1.5017778
v 2.6249508 0.5249380499999999 -1.5017778
v 2.5397874 0.54775755 -1.5017778
v 2.4774434999999997 0.6101014499999999 -1.5017778
v 2.454624 0.69526485 -1.5017778
v 2.4774434999999997 0.78042825 -1.5017778
v 2.5397874 0.8427726 -1.5017778
v 2.7101146500000004 0.8427726 -1.4530819499999998
v 2.6249508 0.8655921 -1.4530819499999998
v 2.77245855 0.7804287 -1.4530819499999998
v 2.7952785 0.69526485 -1.4530819499999998
v 2.77245855 0.6101014499999999 -1.4530819499999998
v 2.7101146500000004 0.54775755 -1.4530819499999998
v 2.6249508 0.5249380499999999 -1.4530819499999998
v 2.5397874 0.54775755 -1.4530819499999998
v 2.4774434999999997 0.6101014499999999 -1.4530819499999998
v 2.454624 0.69526485 -1.4530819499999998
v 2.4774434999999997 0.78042825 -1.4530819499999998
v 2.5397874 0.8427726 -1.4530819499999998
v -2.6472420000000003 1.0493374500000001 -2.0360655
v -2.47020615 1.0019007000000002 -2.0360655
v -2.3406066 0.8723011500000001 -2.0360655
v -2.29316985 0.69526485 -2.0360655
v -2.3406066 0.51822855 -2.0360655
v -2.47020615 0.38862945 -2.0360655
v -2.6472420000000003 0.3411927 -2.0360655
v -2.8242783 0.388629 -2.0360655
v -2.95387785 0.51822855 -2.0360655
v -3.0013146 0.69526485 -2.0360655
v -2.95387785 0.8723011500000001 -2.0360655
v -2.8242787500000004 1.00190025 -2.0360655
v -2.4948108 0.9592839000000001 -2.0360655
v -2.6472420000000003 1.0001281499999999 -2.0360655
v -2.3832229500000004 0.8476965 -2.0360655
v -2.34237915 0.69526485 -2.0360655
v -2.3832229500000004 0.5428332 -2.0360655
v -2.4948103500000003 0.4312458 -2.0360655
v -2.6472420000000003 0.39040155 -2.0360655
v -2.7996736500000003 0.4312458 -2.0360655
v -2.9112615 0.5428332 -2.0360655
v -2.9521053000000004 0.69526485 -2.0360655
v -2.9112615 0.8476965 -2.0360655
v -2.7996741000000003 0.9592839000000001 -2.0360655
v -2.4948108 0.9592839000000001 -1.9869565500000002
v -2.6472420000000003 1.0001281499999999 -1.9869565500000002
v -2.3832229500000004 0.8476965 -1.9869565500000002
v -2.34237915 0.69526485 -1.9869565500000002
v -2.3832229500000004 0.5428332 -1.9869565500000002
v -2.4948103500000003 0.4312458 -1.9869565500000002
v -2.6472420000000003 0.39040155 -1.9869565500000002
v -2.7996736500000003 0.4312458 -1.9869565500000002
v -2.9112615 0.5428332 -1.9869565500000002
v -2.9521053000000004 0.69526485 -1.9869565500000002
v -2.9112615 0.8476965 -1.9869565500000002
v -2.7996741000000003 0.9592839000000001 -1.9869565500000002
v -2.5620786 0.8427726 -1.9869565500000002
v -2.6472420000000003 0.8655921 -1.9869565500000002
v -2.49973425 0.7804287 -1.9869565500000002
v -2.4769152 0.69526485 -1.9869565500000002
v -2.49973425 0.6101014499999999 -1.9869565500000002
v -2.5620786 0.54775755 -1.9869565500000002
v -2.6472420000000003 0.5249380499999999 -1.9869565500000002
v -2.7324054 0.54775755 -1.9869565500000002
v -2.7947497500000003 0.6101014499999999 -1.9869565500000002
v -2.81756925 0.69526485 -1.9869565500000002
v -2.7947497500000003 0.78042825 -1.9869565500000002
v -2.7324054 0.8427726 -1.9869565500000002
v -2.5620786 0.8427726 -2.0356524
v -2.6472420000000003 0.8655921 -2.0356524
v -2.49973425 0.7804287 -2.0356524
v -2.4769152 0.69526485 -2.0356524
v -2.49973425 0.6101014499999999 -2.0356524
v -2.5620786 0.54775755 -2.0356524
v -2.6472420000000003 0.5249380499999999 -2.0356524
v -2.7324054 0.54775755 -2.0356524
v -2.7947497500000003 0.6101014499999999 -2.0356524
v -2.81756925 0.69526485 -2.0356524
v -2.7947497500000003 0.78042825 -2.0356524
v -2.7324054 0.8427726 -2.0356524
v -2.6472420000000003 1.0493374500000001 -1.4526684
v -2.47020615 1.0019007000000002 -1.4526684
v -2.3406066 0.8723011500000001 -1.4526684
v -2.29316985 0.69526485 -1.4526684
v -2.3406066 0.51822855 -1.4526684
v -2.47020615 0.38862945 -1.4526684
v -2.6472420000000003 0.3411927 -1.4526684
v -2.8242783 0.38862945 -1.4526684
v -2.95387785 0.51822855 -1.4526684
v -3.0013146 0.69526485 -1.4526684
v -2.95387785 0.8723011500000001 -1.4526684
v -2.8242787500000004 1.0019007000000002 -1.4526684
v -2.4948108 0.9592843500000001 -1.4526684
v -2.6472420000000003 1.0001281499999999 -1.4526684
v -2.3832229500000004 0.8476965 -1.4526684
v -2.34237915 0.69526485 -1.4526684
v -2.3832229500000004 0.5428332 -1.4526684
v -2.4948103500000003 0.4312458 -1.4526684
v -2.6472420000000003 0.39040155 -1.4526684
v -2.7996736500000003 0.4312458 -1.4526684
v -2.9112615 0.5428332 -1.4526684
v -2.9521053000000004 0.69526485 -1.4526684
v -2.9112615 0.8476965 -1.4526684
v -2.7996741000000003 0.9592839000000001 -1.4526684
v -2.4948108 0.9592843500000001 -1.5017778
v -2.6472420000000003 1.0001281499999999 -1.5017778
v -2.3832229500000004 0.8476965 -1.5017778
v -2.34237915 0.69526485 -1.5017778
v -2.3832229500000004 0.5428332 -1.5017778
v -2.4948103500000003 0.4312458 -1.5017778
v -2.6472420000000003 0.39040155 -1.5017778
v -2.7996736500000003 0.4312458 -1.5017778
v -2.9112615 0.5428332 -1.5017778
v -2.9521053000000004 0.69526485 -1.5017778
v -2.9112615 0.8476965 -1.5017778
v -2.7996741000000003 0.9592839000000001 -1.5017778
v -2.5620786 0.8427726 -1.5017778
v -2.6472420000000003 0.8655921 -1.5017778
v -2.49973425 0.7804287 -1.5017778
v -2.4769152 0.69526485 -1.5017778
v -2.49973425 0.6101014499999999 -1.5017778
v -2.5620786 0.54775755 -1.5017778
v -2.6472420000000003 0.5249380499999999 -1.5017778
v -2.7324054 0.54775755 -1.5017778
v -2.7947497500000003 0.6101014499999999 -1.5017778
v -2.81756925 0.69526485 -1.5017778
v -2.7947497500000003 0.78042825 -1.5017778
v -2.7324054 0.8427726 -1.5017778
v -2.5620786 0.8427726 -1.4530819499999998
v -2.6472420000000003 0.8655921 -1.4530819499999998
v -2.49973425 0.7804287 -1.4530819499999998
v -2.4769152 0.69526485 -1.4530819499999998
v -2.49973425 0.6101014499999999 -1.4530819499999998
v -2.5620786 0.54775755 -1.4530819499999998
v -2.6472420000000003 0.5249380499999999 -1.4530819499999998
v -2.7324054 0.54775755 -1.4530819499999998
v -2.7947497500000003 0.6101014499999999 -1.4530819499999998
v -2.81756925 0.69526485 -1.4530819499999998
v -2.7947497500000003 0.78042825 -1.4530819499999998
v -2.7324054 0.8427726 -1.4530819499999998
v -2.37991365 0.29582010000000003 1.29282075
v 3.1646826 1.2304467 1.29282075
v -1.4102235 0.29582010000000003 1.29282075
v -1.5619418999999999 1.2304467 1.29282075
v -0.9497785499999999 0.29582010000000003 1.29282075
v -1.10149695 1.2304467 1.29282075
v -2.56117815 0.70053075 1.29282075
v 3.1646826 0.7361311500000001 1.29282075
v -1.4102235 0.70053075 1.29282075
v -0.9497781000000001 0.8840718000000001 1.29282075
v -2.6727826500000003 1.2304467 1.29282075
v -2.6231400000000002 0.8388733500000001 1.29282075
v 2.5395466499999997 0.29582010000000003 1.29282075
v 2.28528045 1.2304467 1.29282075
v 2.5395466499999997 0.8840718000000001 1.29282075
v -2.8014448499999998 0.87384375 1.29282075
v -2.37991365 0.29582010000000003 -0.031538699999999996
v 3.1646826 1.2304467 -0.031538699999999996
v -2.6727826500000003 1.2304467 2.215449
v -1.4102235 0.29582010000000003 -0.031538699999999996
v 2.28528045 1.2304467 2.215449
v -0.9497781000000001 0.29582010000000003 -0.031538699999999996
v 3.1646826 0.7361311500000001 -0.031538699999999996
v -2.56117815 0.70053075 -0.031538699999999996
v -2.6231400000000002 0.8388733500000001 -0.031538699999999996
v 3.1646826 1.2304467 2.215449
v 2.5395466499999997 0.29582010000000003 -0.031538699999999996
v -2.6727826500000003 1.2304467 -0.031538699999999996
v -2.8014448499999998 0.87384375 -0.031538699999999996
v 3.0575871 1.5610068000000001 -0.031538699999999996
v 3.0575871 1.5610068000000001 1.29282075
v -1.10149695 2.0322261 1.29282075
v -1.5619418999999999 2.0322261 1.29282075
v -1.5619418999999999 2.0322261 -0.031538699999999996
v 2.28528045 1.5610068000000001 1.29282075
v -1.10149695 2.0322261 -0.031538699999999996
v 3.0575871 1.5610068000000001 2.215449
v 2.28528045 1.5610068000000001 -0.031538699999999996
v -1.5619418999999999 1.2304467 2.215449
v -1.10149695 1.2304467 2.215449
v -1.5619418999999999 2.0322261 2.215449
v -1.10149695 2.0322261 2.215449
v 2.28528045 1.5610068000000001 2.215449
v -0.0158859 1.8811795500000001 1.29282075
v 1.2708477 1.70214975 -0.031538699999999996
v -1.10149695 2.0322261 0.5037615
v -0.7360326 1.98137745 1.0226916
v 0.7783947 1.7706672 1.03857705
v 1.2602578500000001 1.70362305 0.44551440000000003
v -2.48465925 0.7400673 0.47123190000000004
v -2.48465925 0.7400673 0.26876700000000003
v -2.5212312000000003 0.8721252 0.47123190000000004
v -2.5212312000000003 0.8721252 0.26876700000000003
v -2.7664272000000003 0.7400673 0.26876700000000003
v -2.7664272000000003 0.7400673 0.47123190000000004
v -2.80299915 0.8721252 0.26876700000000003
v -2.80299915 0.8721252 0.47123190000000004
v -2.48465925 0.7400673 1.1493076500000001
v -2.48465925 0.7400673 0.9468432000000001
v -2.5212312000000003 0.8721252 1.1493076500000001
v -2.5212312000000003 0.8721252 0.9468432000000001
v -2.7664272000000003 0.7400673 0.9468432000000001
v -2.7664272000000003 0.7400673 1.1493076500000001
v -2.80299915 0.8721252 0.9468432000000001
v -2.80299915 0.8721252 1.1493076500000001
v -0.85938165 1.8561199500000003 0.53560395
v -0.56851425 1.8156496500000001 0.9486126
v 0.0046404 1.7359038 1.20996315
v 0.63679635 1.6479486 0.9612558000000001
v 1.02030435 1.5945894 0.48924629999999997
v -1.5619418999999999 2.16966555 1.29282075
v -2.6727826500000003 1.3678857 1.29282075
v -1.10149695 2.16966555 1.29282075
v -0.0158859 2.0186185500000002 1.29282075
v 3.0575871 1.6984458 1.29282075
v 2.28528045 1.6984458 1.29282075
v -1.5619418999999999 2.16966555 2.215449
v -2.6727826500000003 1.3678857 2.215449
v -1.10149695 2.16966555 2.215449
v 2.28528045 1.6984458 2.215449
v 3.0575871 1.6984458 2.215449
v -1.63938915 2.1137656500000004 1.39629465
v -2.59533585 1.4237856 1.39629465
v -1.63938915 2.1137656500000004 2.17769445
v -2.59533585 1.4237856 2.17769445
v -1.5988815 2.05764345 1.39629465
v -2.55482775 1.3676633999999999 1.39629465
v -1.5988815 2.05764345 2.17769445
v -2.55482775 1.3676633999999999 2.17769445
v -1.7117392500000002 2.0692242000000003 1.06373475
v -1.6786755 2.05330095 1.06373475
v -1.6705093500000001 2.01752325 1.06373475
v -1.6933905 1.9888312500000005 1.06373475
v -1.7300884500000002 1.9888312500000005 1.06373475
v -1.7529696 2.01752325 1.06373475
v -1.74480345 2.05330095 1.06373475
v -1.6786755 2.01983085 1.14129315
v -1.7117392500000002 2.0316838500000003 1.15192485
v -1.6705093500000001 1.9931958 1.11740445
v -1.6933905 1.9718365500000001 1.0982475
v -1.7300884500000002 1.9718365500000001 1.0982475
v -1.7529696 1.9931958 1.11740445
v -1.74480345 2.01983085 1.14129315
v -1.6786755 1.9429488000000004 1.1759922
v -1.7117392500000002 1.94516325 1.1917597500000001
v -1.6705093500000001 1.9379727000000002 1.14056145
v -1.6933905 1.9339821000000004 1.11214845
v -1.7300884500000002 1.9339821000000004 1.11214845
v -1.7529696 1.9379727000000002 1.14056145
v -1.74480345 1.9429488000000004 1.1759922
v -1.6689789000000002 1.8720639000000003 1.1889693000000001
v -1.7117392500000002 1.8726205500000002 1.2095541
v -1.6584183 1.8708133500000002 1.14271515
v -1.6880094 1.8698103000000001 1.105623
v -1.7354695500000001 1.8698103000000001 1.105623
v -1.7650611 1.8708133500000002 1.14271515
v -1.75450005 1.8720639000000003 1.1889693000000001
v -1.7622711 1.9239142500000004 1.1379915
v -1.7522631000000002 1.9300131000000003 1.1814147000000002
v -1.68925095 1.9190232000000003 1.10316825
v -1.734228 1.9190232000000003 1.10316825
v -1.67121585 1.9300131000000003 1.1814147000000002
v -1.66120785 1.9239142500000004 1.1379915
v -1.7117392500000002 1.9327270500000004 1.2007404
v -2.0150865000000002 1.8509278500000004 1.06373475
v -1.9820223 1.8350050500000001 1.06373475
v -1.97385615 1.7992269 1.06373475
v -1.9967373 1.7705349 1.06373475
v -2.03343525 1.7705349 1.06373475
v -2.0563164 1.7992269 1.06373475
v -2.04815025 1.8350050500000001 1.06373475
v -1.9820223 1.8015345000000003 1.14129315
v -2.0150865000000002 1.81338795 1.15192485
v -1.97385615 1.7748999 1.11740445
v -1.9967373 1.7535402 1.0982475
v -2.03343525 1.7535402 1.0982475
v -2.0563164 1.7748999 1.11740445
v -2.04815025 1.8015345000000003 1.14129315
v -1.9820223 1.7246529 1.1759922
v -2.0150865000000002 1.7268669 1.1917597500000001
v -1.97385615 1.71967635 1.14056145
v -1.9967373 1.71568575 1.11214845
v -2.03343525 1.71568575 1.11214845
v -2.0563164 1.71967635 1.14056145
v -2.04815025 1.7246529 1.1759922
v -1.9723256999999998 1.6537680000000001 1.1889693000000001
v -2.0150865000000002 1.65432465 1.2095541
v -1.9617651 1.652517 1.14271515
v -1.9913562 1.6515144 1.105623
v -2.0388168 1.6515144 1.105623
v -2.0684079 1.652517 1.14271515
v -2.0578468500000002 1.6537680000000001 1.1889693000000001
v -2.0656179 1.7056179 1.1379915
v -2.0556099 1.7117167500000001 1.1814147000000002
v -1.99259775 1.7007273 1.10316825
v -2.03757525 1.7007273 1.10316825
v -1.9745631000000001 1.7117167500000001 1.1814147000000002
v -1.96455465 1.7056179 1.1379915
v -2.0150865000000002 1.7144306999999999 1.2007404
v -2.2877577 1.64900385 1.06373475
v -2.2546935 1.63308105 1.06373475
v -2.2465278 1.5973029 1.06373475
v -2.2694085 1.5686109000000001 1.06373475
v -2.3061069 1.5686109000000001 1.06373475
v -2.32898805 1.5973029 1.06373475
v -2.3208219000000003 1.63308105 1.06373475
v -2.2546935 1.5996105 1.14129315
v -2.2877577 1.6114639499999999 1.15192485
v -2.2465278 1.5729759 1.11740445
v -2.2694085 1.5516162 1.0982475
v -2.3061069 1.5516162 1.0982475
v -2.32898805 1.5729759 1.11740445
v -2.3208219000000003 1.5996105 1.14129315
v -2.2546935 1.5227289 1.1759922
v -2.2877577 1.5249428999999999 1.1917597500000001
v -2.2465278 1.51775235 1.14056145
v -2.2694085 1.51376175 1.11214845
v -2.3061069 1.51376175 1.11214845
v -2.32898805 1.51775235 1.14056145
v -2.3208219000000003 1.5227289 1.1759922
v -2.2449973500000002 1.451844 1.1889693000000001
v -2.2877577 1.45240065 1.2095541
v -2.23443675 1.450593 1.14271515
v -2.2640274 1.4495904000000002 1.105623
v -2.311488 1.4495904000000002 1.105623
v -2.3410791 1.450593 1.14271515
v -2.3305185 1.451844 1.1889693000000001
v -2.3382891 1.5036939 1.1379915
v -2.3282811 1.50979275 1.1814147000000002
v -2.26526895 1.4988033 1.10316825
v -2.3102464499999997 1.4988033 1.10316825
v -2.2472343 1.50979275 1.1814147000000002
v -2.2372258499999997 1.5036939 1.1379915
v -2.2877577 1.5125067 1.2007404
v -2.5672459499999998 1.4361651 1.06373475
v -2.53418175 1.4202423 1.06373475
v -2.52601605 1.3844641500000001 1.06373475
v -2.5488967500000004 1.3557721500000002 1.06373475
v -2.58559515 1.3557721500000002 1.06373475
v -2.60847585 1.3844641500000001 1.06373475
v -2.60031015 1.4202423 1.06373475
v -2.53418175 1.38677175 1.14129315
v -2.5672459499999998 1.3986252 1.15192485
v -2.52601605 1.3601371500000001 1.11740445
v -2.5488967500000004 1.33877745 1.0982475
v -2.58559515 1.33877745 1.0982475
v -2.60847585 1.3601371500000001 1.11740445
v -2.60031015 1.38677175 1.14129315
v -2.53418175 1.30989015 1.1759922
v -2.5672459499999998 1.3121046 1.1917597500000001
v -2.52601605 1.3049136000000001 1.14056145
v -2.5488967500000004 1.3009234500000002 1.11214845
v -2.58559515 1.3009234500000002 1.11214845
v -2.60847585 1.3049136000000001 1.14056145
v -2.60031015 1.30989015 1.1759922
v -2.5244851500000003 1.23900525 1.1889693000000001
v -2.5672459499999998 1.2395619 1.2095541
v -2.51392455 1.2377547 1.14271515
v -2.54351565 1.23675165 1.105623
v -2.5909762499999998 1.23675165 1.105623
v -2.6205673500000004 1.2377547 1.14271515
v -2.6100063000000002 1.23900525 1.1889693000000001
v -2.61777735 1.29085515 1.1379915
v -2.60776935 1.296954 1.1814147000000002
v -2.5447572 1.28596455 1.10316825
v -2.5897346999999997 1.28596455 1.10316825
v -2.52672255 1.296954 1.1814147000000002
v -2.5167141 1.29085515 1.1379915
v -2.5672459499999998 1.2996684 1.2007404
v 2.4074203499999998 1.79231265 -0.16712685
v 1.64320515 1.9038199500000001 -0.16712685
v 2.3507667 1.40403825 -0.16712685
v 1.58655195 1.51554555 -0.16712685
v -2.37991365 0.29582010000000003 -1.3535568
v 3.1646826 1.2304467 -1.3535568
v -1.4102235 0.29582010000000003 -1.3535568
v -1.5619418999999999 1.2304467 -1.3535568
v -0.9497785499999999 0.29582010000000003 -1.3535568
v -1.10149695 1.2304467 -1.3535568
v -2.56117815 0.70053075 -1.3535568
v 3.1646826 0.7361311500000001 -1.3535568
v -1.4102235 0.70053075 -1.3535568
v -0.9497781000000001 0.8840718000000001 -1.3535568
v -2.6727826500000003 1.2304467 -1.3535568
v -2.6231400000000002 0.8388733500000001 -1.3535568
v 2.5395466499999997 0.29582010000000003 -1.3535568
v 2.28528045 1.2304467 -1.3535568
v 2.5395466499999997 0.8840718000000001 -1.3535568
v -2.8014448499999998 0.87384375 -1.3535568
v -2.37991365 0.29582010000000003 -0.02919735
v 3.1646826 1.2304467 -0.02919735
v -2.6727826500000003 1.2304467 -2.27618505
v -1.4102235 0.29582010000000003 -0.02919735
v 2.28528045 1.2304467 -2.27618505
v -0.9497781000000001 0.29582010000000003 -0.02919735
v 3.1646826 0.7361311500000001 -0.02919735
v -2.56117815 0.70053075 -0.02919735
v -2.6231400000000002 0.8388733500000001 -0.02919735
v 3.1646826 1.2304467 -2.27618505
v 2.5395466499999997 0.29582010000000003 -0.02919735
v -2.6727826500000003 1.2304467 -0.02919735
v -2.8014448499999998 0.87384375 -0.02919735
v 3.0575871 1.5610068000000001 -0.02919735
v 3.0575871 1.5610068000000001 -1.3535568
v -1.10149695 2.0322261 -1.3535568
v -1.5619418999999999 2.0322261 -1.3535568
v -1.5619418999999999 2.0322261 -0.02919735
v 2.28528045 1.5610068000000001 -1.3535568
v -1.10149695 2.0322261 -0.02919735
v 3.0575871 1.5610068000000001 -2.27618505
v 2.28528045 1.5610068000000001 -0.02919735
v -1.5619418999999999 1.2304467 -2.27618505
v -1.10149695 1.2304467 -2.27618505
v -1.5619418999999999 2.0322261 -2.27618505
v -1.10149695 2.0322261 -2.27618505
v 2.28528045 1.5610068000000001 -2.27618505
v -0.0158859 1.8811795500000001 -1.3535568
v 1.2708477 1.70214975 -0.02919735
v -1.10149695 2.0322261 -0.56449755
v -0.7360326 1.98137745 -1.0834276500000002
v 0.7783947 1.7706672 -1.0993126500000001
v 1.2602578500000001 1.70362305 -0.50625045
v -2.48465925 0.7400673 -0.5319675
v -2.48465925 0.7400673 -0.32950305
v -2.5212312000000003 0.8721252 -0.5319675
v -2.5212312000000003 0.8721252 -0.32950305
v -2.7664272000000003 0.7400673 -0.32950305
v -2.7664272000000003 0.7400673 -0.5319675
v -2.80299915 0.8721252 -0.32950305
v -2.80299915 0.8721252 -0.5319675
v -2.48465925 0.7400673 -1.2100437
v -2.48465925 0.7400673 -1.0075788
v -2.5212312000000003 0.8721252 -1.2100437
v -2.5212312000000003 0.8721252 -1.0075788
v -2.7664272000000003 0.7400673 -1.0075788
v -2.7664272000000003 0.7400673 -1.2100437
v -2.80299915 0.8721252 -1.0075788
v -2.80299915 0.8721252 -1.2100437
v -0.85938165 1.8561199500000003 -0.0303678
v 1.0287328500000001 1.5934167 -0.0303678
v -0.85938165 1.8561199500000003 -0.59634
v -0.56851425 1.8156496500000001 -1.00934865
v 0.0046404 1.7359038 -1.27069875
v 0.63679635 1.6479486 -1.0219913999999999
v 1.02030435 1.5945894 -0.5499819
v -1.5619418999999999 2.16966555 -1.3535568
v -2.6727826500000003 1.3678857 -1.3535568
v -1.10149695 2.16966555 -1.3535568
v -0.0158859 2.0186185500000002 -1.3535568
v 3.0575871 1.6984458 -1.3535568
v 2.28528045 1.6984458 -1.3535568
v -1.5619418999999999 2.16966555 -2.27618505
v -2.6727826500000003 1.3678857 -2.27618505
v -1.10149695 2.16966555 -2.27618505
v 2.28528045 1.6984458 -2.27618505
v 3.0575871 1.6984458 -2.27618505
v -1.63938915 2.1137656500000004 -1.4570307
v -2.59533585 1.4237856 -1.4570307
v -1.63938915 2.1137656500000004 -2.2384305
v -2.59533585 1.4237856 -2.2384305
v -1.5988815 2.05764345 -1.4570307
v -2.55482775 1.3676633999999999 -1.4570307
v -1.5988815 2.05764345 -2.2384305
v -2.55482775 1.3676633999999999 -2.2384305
v -1.7117392500000002 2.0692242000000003 -0.0303678
v -1.7117392500000002 2.0692242000000003 -1.1244708
v -1.6786755 2.05330095 -0.0303678
v -1.6786755 2.05330095 -1.1244708
v -1.6705093500000001 2.01752325 -0.0303678
v -1.6705093500000001 2.01752325 -1.1244708
v -1.6933905 1.9888312500000005 -0.0303678
v -1.6933905 1.9888312500000005 -1.1244708
v -1.7300884500000002 1.9888312500000005 -0.0303678
v -1.7300884500000002 1.9888312500000005 -1.1244708
v -1.7529696 2.01752325 -0.0303678
v -1.7529696 2.01752325 -1.1244708
v -1.74480345 2.05330095 -0.0303678
v -1.74480345 2.05330095 -1.1244708
v -1.6786755 2.01983085 -1.2020292000000001
v -1.7117392500000002 2.0316838500000003 -1.21266045
v -1.6705093500000001 1.9931958 -1.1781405
v -1.6933905 1.9718365500000001 -1.15898355
v -1.7300884500000002 1.9718365500000001 -1.15898355
v -1.7529696 1.9931958 -1.1781405
v -1.74480345 2.01983085 -1.2020292000000001
v -1.6786755 1.9429488000000004 -1.2367278
v -1.7117392500000002 1.94516325 -1.2524958
v -1.6705093500000001 1.9379727000000002 -1.2012975000000001
v -1.6933905 1.9339821000000004 -1.1728844999999999
v -1.7300884500000002 1.9339821000000004 -1.1728844999999999
v -1.7529696 1.9379727000000002 -1.2012975000000001
v -1.74480345 1.9429488000000004 -1.2367278
v -1.6689789000000002 1.8720639000000003 -1.2497049
v -1.7117392500000002 1.8726205500000002 -1.2702897
v -1.6584183 1.8708133500000002 -1.2034512
v -1.6880094 1.8698103000000001 -1.1663586000000001
v -1.7354695500000001 1.8698103000000001 -1.1663586000000001
v -1.7650611 1.8708133500000002 -1.2034512
v -1.75450005 1.8720639000000003 -1.2497049
v -1.7622711 1.9239142500000004 -1.1987271000000002
v -1.7522631000000002 1.9300131000000003 -1.24215075
v -1.68925095 1.9190232000000003 -1.1639043
v -1.734228 1.9190232000000003 -1.1639043
v -1.67121585 1.9300131000000003 -1.24215075
v -1.66120785 1.9239142500000004 -1.1987271000000002
v -1.7117392500000002 1.9327270500000004 -1.261476
v -2.0150865000000002 1.8509278500000004 -0.0303678
v -2.0150865000000002 1.8509278500000004 -1.1244708
v -1.9820223 1.8350050500000001 -0.0303678
v -1.9820223 1.8350050500000001 -1.1244708
v -1.97385615 1.7992269 -0.0303678
v -1.97385615 1.7992269 -1.1244708
v -1.9967373 1.7705349 -0.0303678
v -1.9967373 1.7705349 -1.1244708
v -2.03343525 1.7705349 -0.0303678
v -2.03343525 1.7705349 -1.1244708
v -2.0563164 1.7992269 -0.0303678
v -2.0563164 1.7992269 -1.1244708
v -2.04815025 1.8350050500000001 -0.0303678
v -2.04815025 1.8350050500000001 -1.1244708
v -1.9820223 1.8015345000000003 -1.2020292000000001
v -2.0150865000000002 1.81338795 -1.21266045
v -1.97385615 1.7748999 -1.1781405
v -1.9967373 1.7535402 -1.15898355
v -2.03343525 1.7535402 -1.15898355
v -2.0563164 1.7748999 -1.1781405
v -2.04815025 1.8015345000000003 -1.2020292000000001
v -1.9820223 1.7246529 -1.2367278
v -2.0150865000000002 1.7268669 -1.2524958
v -1.97385615 1.71967635 -1.2012975000000001
v -1.9967373 1.71568575 -1.1728844999999999
v -2.03343525 1.71568575 -1.1728844999999999
v -2.0563164 1.71967635 -1.2012975000000001
v -2.04815025 1.7246529 -1.2367278
v -1.9723256999999998 1.6537680000000001 -1.2497049
v -2.0150865000000002 1.65432465 -1.2702897
v -1.9617651 1.652517 -1.2034512
v -1.9913562 1.6515144 -1.1663586000000001
v -2.0388168 1.6515144 -1.1663586000000001
v -2.0684079 1.652517 -1.2034512
v -2.0578468500000002 1.6537680000000001 -1.2497049
v -2.0656179 1.7056179 -1.1987271000000002
v -2.0556099 1.7117167500000001 -1.24215075
v -1.99259775 1.7007273 -1.1639043
v -2.03757525 1.7007273 -1.1639043
v -1.9745631000000001 1.7117167500000001 -1.24215075
v -1.96455465 1.7056179 -1.1987271000000002
v -2.0150865000000002 1.7144306999999999 -1.261476
v -2.2877577 1.64900385 -0.0303678
v -2.2877577 1.64900385 -1.1244708
v -2.2546935 1.63308105 -0.0303678
v -2.2546935 1.63308105 -1.1244708
v -2.2465278 1.5973029 -0.0303678
v -2.2465278 1.5973029 -1.1244708
v -2.2694085 1.5686109000000001 -0.0303678
v -2.2694085 1.5686109000000001 -1.1244708
v -2.3061069 1.5686109000000001 -0.0303678
v -2.3061069 1.5686109000000001 -1.1244708
v -2.32898805 1.5973029 -0.0303678
v -2.32898805 1.5973029 -1.1244708
v -2.3208219000000003 1.63308105 -0.0303678
v -2.3208219000000003 1.63308105 -1.1244708
v -2.2546935 1.5996105 -1.2020292000000001
v -2.2877577 1.6114639499999999 -1.21266045
v -2.2465278 1.5729759 -1.1781405
v -2.2694085 1.5516162 -1.15898355
v -2.3061069 1.5516162 -1.15898355
v -2.32898805 1.5729759 -1.1781405
v -2.3208219000000003 1.5996105 -1.2020292000000001
v -2.2546935 1.5227289 -1.2367278
v -2.2877577 1.5249428999999999 -1.2524958
v -2.2465278 1.51775235 -1.2012975000000001
v -2.2694085 1.51376175 -1.1728844999999999
v -2.3061069 1.51376175 -1.1728844999999999
v -2.32898805 1.51775235 -1.2012975000000001
v -2.3208219000000003 1.5227289 -1.2367278
v -2.2449973500000002 1.451844 -1.2497049
v -2.2877577 1.45240065 -1.2702897
v -2.23443675 1.450593 -1.2034512
v -2.2640274 1.4495904000000002 -1.1663586000000001
v -2.311488 1.4495904000000002 -1.1663586000000001
v -2.3410791 1.450593 -1.2034512
v -2.3305185 1.451844 -1.2497049
v -2.3382891 1.5036939 -1.1987271000000002
v -2.3282811 1.50979275 -1.24215075
v -2.26526895 1.4988033 -1.1639043
v -2.3102464499999997 1.4988033 -1.1639043
v -2.2472343 1.50979275 -1.24215075
v -2.2372258499999997 1.5036939 -1.1987271000000002
v -2.2877577 1.5125067 -1.261476
v -2.5672459499999998 1.4361651 -0.0303678
v -2.5672459499999998 1.4361651 -1.1244708
v -2.53418175 1.4202423 -0.0303678
v -2.53418175 1.4202423 -1.1244708
v -2.52601605 1.3844641500000001 -0.0303678
v -2.52601605 1.3844641500000001 -1.1244708
v -2.5488967500000004 1.3557721500000002 -0.0303678
v -2.5488967500000004 1.3557721500000002 -1.1244708
v -2.58559515 1.3557721500000002 -0.0303678
v -2.58559515 1.3557721500000002 -1.1244708
v -2.60847585 1.3844641500000001 -0.0303678
v -2.60847585 1.3844641500000001 -1.1244708
v -2.60031015 1.4202423 -0.0303678
v -2.60031015 1.4202423 -1.1244708
v -2.53418175 1.38677175 -1.2020292000000001
v -2.5672459499999998 1.3986252 -1.21266045
v -2.52601605 1.3601371500000001 -1.1781405
v -2.5488967500000004 1.33877745 -1.15898355
v -2.58559515 1.33877745 -1.15898355
v -2.60847585 1.3601371500000001 -1.1781405
v -2.60031015 1.38677175 -1.2020292000000001
v -2.53418175 1.30989015 -1.2367278
v -2.5672459499999998 1.3121046 -1.2524958
v -2.52601605 1.3049136000000001 -1.2012975000000001
v -2.5488967500000004 1.3009234500000002 -1.1728844999999999
v -2.58559515 1.3009234500000002 -1.1728844999999999
v -2.60847585 1.3049136000000001 -1.2012975000000001
v -2.60031015 1.30989015 -1.2367278
v -2.5244851500000003 1.23900525 -1.2497049
v -2.5672459499999998 1.2395619 -1.2702897
v -2.51392455 1.2377547 -1.2034512
v -2.54351565 1.23675165 -1.1663586000000001
v -2.5909762499999998 1.23675165 -1.1663586000000001
v -2.6205673500000004 1.2377547 -1.2034512
v -2.6100063000000002 1.23900525 -1.2497049
v -2.61777735 1.29085515 -1.1987271000000002
v -2.60776935 1.296954 -1.24215075
v -2.5447572 1.28596455 -1.1639043
v -2.5897346999999997 1.28596455 -1.1639043
v -2.52672255 1.296954 -1.24215075
v -2.5167141 1.29085515 -1.1987271000000002
v -2.5672459499999998 1.2996684 -1.261476
v 2.4074203499999998 1.79231265 -0.7826787000000001
v 2.4074203499999998 1.79231265 -1.19202975
v 1.64320515 1.9038199500000001 -1.19202975
v 1.64320515 1.9038199500000001 -0.7826787000000001
v 2.3507667 1.40403825 -0.7826787000000001
v 2.3507667 1.40403825 -1.19202975
v 1.58655195 1.51554555 -1.19202975
v 1.58655195 1.51554555 -0.7826787000000001
v 2.4166093500000003 1.68904485 1.0651918500000002
v 2.4166093500000003 1.7070372 0.64384515
v 2.4166093500000003 1.4749713 1.0560505500000001
v 2.4166093500000003 1.49296365 0.63470385
v 2.6401419 1.68904485 1.0651918500000002
v 2.8636749 1.68904485 1.0651918500000002
v 2.8636749 1.7070372 0.64384515
v 2.6401419 1.7070372 0.64384515
v 2.6401419 1.4749713 1.0560505500000001
v 2.8636749 1.4749713 1.0560505500000001
v 2.8636749 1.49296365 0.63470385
v 2.6401419 1.49296365 0.63470385
v -1.4270823000000001 2.0938851000000005 1.31296005
v -1.4270823000000001 2.0938851000000005 2.1953097
v -1.4270823000000001 2.2313241 1.31296005
v -1.4270823000000001 2.2313241 2.1953097
v -1.35106695 2.0938851000000005 1.31296005
v -1.35106695 2.0938851000000005 2.1953097
v -1.35106695 2.2313241 1.31296005
v -1.35106695 2.2313241 2.1953097
v -0.8113581 2.0938851000000005 1.31296005
v -0.8113581 2.0938851000000005 2.1953097
v -0.8113581 2.2313241 1.31296005
v -0.8113581 2.2313241 2.1953097
v -0.7353432 2.0938851000000005 1.31296005
v -0.7353432 2.0938851000000005 2.1953097
v -0.7353432 2.2313241 1.31296005
v -0.7353432 2.2313241 2.1953097
v -0.19563435 1.9819809000000002 1.31296005
v -0.19563435 1.9819809000000002 2.1953097
v -0.19563435 2.1194199000000005 1.31296005
v -0.19563435 2.1194199000000005 2.1953097
v -0.119619 1.9819809000000002 1.31296005
v -0.119619 1.9819809000000002 2.1953097
v -0.119619 2.1194199000000005 1.31296005
v -0.119619 2.1194199000000005 2.1953097
v 0.42008985 1.8936351000000002 1.31296005
v 0.42008985 1.8936351000000002 2.1953097
v 0.42008985 2.03107455 1.31296005
v 0.42008985 2.03107455 2.1953097
v 0.4961052000000001 1.8936351000000002 1.31296005
v 0.4961052000000001 1.8936351000000002 2.1953097
v 0.4961052000000001 2.03107455 1.31296005
v 0.4961052000000001 2.03107455 2.1953097
v 1.0358136 1.8111793500000004 1.31296005
v 1.0358136 1.8111793500000004 2.1953097
v 1.0358136 1.9486188000000002 1.31296005
v 1.0358136 1.9486188000000002 2.1953097
v 1.11182895 1.8111793500000004 1.31296005
v 1.11182895 1.8111793500000004 2.1953097
v 1.11182895 1.9486188000000002 1.31296005
v 1.11182895 1.9486188000000002 2.1953097
v 1.6515378 1.7287236 1.31296005
v 1.6515378 1.7287236 2.1953097
v 1.6515378 1.8661626000000002 1.31296005
v 1.6515378 1.8661626000000002 2.1953097
v 1.72755315 1.7287236 1.31296005
v 1.72755315 1.7287236 2.1953097
v 1.72755315 1.8661626000000002 1.31296005
v 1.72755315 1.8661626000000002 2.1953097
v 2.267262 1.622709 1.31296005
v 2.267262 1.622709 2.1953097
v 2.267262 1.760148 1.31296005
v 2.267262 1.760148 2.1953097
v 2.34327735 1.622709 1.31296005
v 2.34327735 1.622709 2.1953097
v 2.34327735 1.760148 1.31296005
v 2.34327735 1.760148 2.1953097
v 2.88298575 1.622709 1.31296005
v 2.88298575 1.622709 2.1953097
v 2.88298575 1.760148 1.31296005
v 2.88298575 1.760148 2.1953097
v 2.9590011 1.622709 1.31296005
v 2.9590011 1.622709 2.1953097
v 2.9590011 1.760148 1.31296005
v 2.9590011 1.760148 2.1953097
v -1.4270823000000001 2.0938851000000005 -1.3736961
v -1.4270823000000001 2.0938851000000005 -2.25604575
v -1.4270823000000001 2.2313241 -1.3736961
v -1.4270823000000001 2.2313241 -2.25604575
v -1.35106695 2.0938851000000005 -1.3736961
v -1.35106695 2.0938851000000005 -2.25604575
v -1.35106695 2.2313241 -1.3736961
v -1.35106695 2.2313241 -2.25604575
v -0.8113581 2.0938851000000005 -1.3736961
v -0.8113581 2.0938851000000005 -2.25604575
v -0.8113581 2.2313241 -1.3736961
v -0.8113581 2.2313241 -2.25604575
v -0.7353432 2.0938851000000005 -1.3736961
v -0.7353432 2.0938851000000005 -2.25604575
v -0.7353432 2.2313241 -1.3736961
v -0.7353432 2.2313241 -2.25604575
v -0.19563435 1.9819809000000002 -1.3736961
v -0.19563435 1.9819809000000002 -2.25604575
v -0.19563435 2.1194199000000005 -1.3736961
v -0.19563435 2.1194199000000005 -2.25604575
v -0.119619 1.9819809000000002 -1.3736961
v -0.119619 1.9819809000000002 -2.25604575
v -0.119619 2.1194199000000005 -1.3736961
v -0.119619 2.1194199000000005 -2.25604575
v 0.42008985 1.8936351000000002 -1.3736961
v 0.42008985 1.8936351000000002 -2.25604575
v 0.42008985 2.03107455 -1.3736961
v 0.42008985 2.03107455 -2.25604575
v 0.4961052000000001 1.8936351000000002 -1.3736961
v 0.4961052000000001 1.8936351000000002 -2.25604575
v 0.4961052000000001 2.03107455 -1.3736961
v 0.4961052000000001 2.03107455 -2.25604575
v 1.0358136 1.8111793500000004 -1.3736961
v 1.0358136 1.8111793500000004 -2.25604575
v 1.0358136 1.9486188000000002 -1.3736961
v 1.0358136 1.9486188000000002 -2.25604575
v 1.11182895 1.8111793500000004 -1.3736961
v 1.11182895 1.8111793500000004 -2.25604575
v 1.11182895 1.9486188000000002 -1.3736961
v 1.11182895 1.9486188000000002 -2.25604575
v 1.6515378 1.7287236 -1.3736961
v 1.6515378 1.7287236 -2.25604575
v 1.6515378 1.8661626000000002 -1.3736961
v 1.6515378 1.8661626000000002 -2.25604575
v 1.72755315 1.7287236 -1.3736961
v 1.72755315 1.7287236 -2.25604575
v 1.72755315 1.8661626000000002 -1.3736961
v 1.72755315 1.8661626000000002 -2.25604575
v 2.267262 1.622709 -1.3736961
v 2.267262 1.622709 -2.25604575
v 2.267262 1.760148 -1.3736961
v 2.267262 1.760148 -2.25604575
v 2.34327735 1.622709 -1.3736961
v 2.34327735 1.622709 -2.25604575
v 2.34327735 1.760148 -1.3736961
v 2.34327735 1.760148 -2.25604575
v 2.88298575 1.622709 -1.3736961
v 2.88298575 1.622709 -2.25604575
v 2.88298575 1.760148 -1.3736961
v 2.88298575 1.760148 -2.25604575
v 2.9590011 1.622709 -1.3736961
v 2.9590011 1.622709 -2.25604575
v 2.9590011 1.760148 -1.3736961
v 2.9590011 1.760148 -2.25604575
v 2.3330956499999997 1.8031576500000002 -0.95737545
v 1.71752985 1.8929754000000003 -0.95737545
v 2.3330956499999997 1.8031576500000002 -1.017333
v 1.71752985 1.8929754000000003 -1.017333
v 2.3320575 1.80330885 -0.5078304
v 2.3320575 1.80330885 -0.44197515000000004
v 1.718568 1.8928237500000002 -0.44197515000000004
v 1.718568 1.8928237500000002 -0.5078304
v 2.3428809 1.8702216 -0.95737545
v 1.7273151 1.9600398000000003 -0.95737545
v 2.3428809 1.8702216 -1.017333
v 1.7273151 1.9600398000000003 -1.017333
v 2.34184275 1.87037325 -0.5078304
v 2.34184275 1.87037325 -0.44197515000000004
v 1.7283537 1.9598881500000003 -0.44197515000000004
v 1.7283537 1.9598881500000003 -0.5078304
v -1.5619418999999999 2.0260269 2.34173475
v -2.6727826500000003 1.22424705 2.34173475
v -1.10149695 2.0260269 2.34173475
v 2.28528045 1.55480715 2.34173475
v 3.0575871 1.55480715 2.34173475
v 2.28528045 1.69224615 2.34173475
v 3.0575871 1.69224615 2.34173475
v -1.5619418999999999 2.1634659000000003 2.34173475
v -2.6727826500000003 1.3616865 2.34173475
v -1.10149695 2.1634659000000003 2.34173475
v -1.5619418999999999 2.0260269 -2.4024703499999998
v -2.6727826500000003 1.22424705 -2.4024703499999998
v -1.10149695 2.0260269 -2.4024703499999998
v 2.28528045 1.55480715 -2.4024703499999998
v 3.0575871 1.55480715 -2.4024703499999998
v 2.28528045 1.69224615 -2.4024703499999998
v 3.0575871 1.69224615 -2.4024703499999998
v -1.5619418999999999 2.1634659000000003 -2.4024703499999998
v -2.6727826500000003 1.3616865 -2.4024703499999998
v -1.10149695 2.1634659000000003 -2.4024703499999998
vn 1.0000 0.0000 0.0000
vn 0.0000 0.0000 1.0000
vn 0.0000 -1.0000 0.0000
vn -0.9126 -0.4088 0.0000
vn 0.5758 -0.8176 0.0000
vn -0.9406 0.3394 0.0000
vn -0.1925 -0.9813 -0.0000
vn 0.9513 0.3082 0.0000
vn 0.0000 0.0000 -1.0000
vn -0.5853 0.8109 0.0000
vn 0.0000 1.0000 0.0000
vn 0.1378 0.9905 0.0000
vn -1.0000 0.0000 0.0000
vn 0.0000 -0.9988 0.0490
vn 0.9637 0.2669 0.0000
vn -0.9637 -0.2669 0.0000
vn -0.4365 0.7829 -0.4432
vn 0.3760 0.5885 -0.7157
vn 0.5882 0.8087 0.0000
vn -0.4125 0.9109 -0.0103
vn -0.2022 0.5681 -0.7977
vn 0.5823 0.7395 -0.3376
vn -0.1376 -0.9893 0.0486
vn 0.0000 -0.9988 -0.0490
vn -0.8108 -0.5853 0.0000
vn -0.5853 0.8108 0.0000
vn 0.8109 0.5853 0.0000
vn 0.1444 0.9895 -0.0000
vn -0.1444 -0.9895 0.0000
vn -0.9895 0.1444 0.0000
vn 0.9895 -0.1444 0.0000
vn -0.4365 0.7829 0.4432
vn 0.3760 0.5885 0.7157
vn -0.4125 0.9109 0.0103
vn -0.2022 0.5681 0.7977
vn 0.5823 0.7395 0.3376
vn -0.1376 -0.9893 -0.0486
vn 0.0000 0.9991 0.0427
vn 0.0000 -0.9991 -0.0427
vn 0.0000 0.0427 -0.9991
vn 0.0000 -0.0427 0.9991
vn -0.5848 0.8102 -0.0398
vn -0.5848 0.8102 0.0398
vn 0.0000 0.9988 -0.0490
vn 0.0000 0.9988 0.0490
vn 0.5848 -0.8102 -0.0398
vn 0.1376 0.9893 -0.0486
vn 0.1376 0.9893 0.0486
vn 0.5848 -0.8102 0.0398
vn 0.8978 -0.4404 0.0000
vn -0.1727 0.9850 0.0000
vn 0.2129 0.9771 0.0000
vn -0.5109 0.8597 0.0000
vn 0.5940 0.8045 0.0000
vn -0.8539 0.5204 0.0000
vn 0.8978 0.4404 0.0000
vn -0.1727 -0.9850 0.0000
vn -0.5109 -0.8597 0.0000
vn -0.2129 -0.9771 0.0000
vn -0.8539 -0.5204 0.0000
vn -0.5940 -0.8045 0.0000
vn -0.8978 -0.4404 0.0000
vn 0.1727 0.9850 0.0000
vn -0.2129 0.9771 0.0000
vn 0.5109 0.8597 0.0000
vn -0.5940 0.8045 0.0000
vn 0.8539 0.5204 0.0000
vn -0.8978 0.4404 0.0000
vn 0.1727 -0.9850 0.0000
vn 0.2129 -0.9771 0.0000
vn 0.5109 -0.8597 0.0000
vn 0.5940 -0.8045 0.0000
vn 0.8539 -0.5204 0.0000
vn -0.1801 0.9836 0.0000
vn -0.5273 0.8497 0.0000
vn -0.8637 0.5041 0.0000
vn -0.1801 -0.9836 0.0000
vn -0.5273 -0.8497 0.0000
vn -0.8637 -0.5041 0.0000
vn 0.1801 0.9836 0.0000
vn 0.5273 0.8497 0.0000
vn 0.8637 0.5041 0.0000
vn 0.1801 -0.9836 0.0000
vn 0.5273 -0.8497 0.0000
vn 0.8637 -0.5041 0.0000
vn 0.4339 0.9010 0.0000
vn 0.9749 0.2225 0.0000
vn 0.7818 -0.6235 0.0000
vn -0.7818 -0.6235 0.0000
vn 0.0000 -0.8971 -0.4418
vn -0.9749 0.2225 0.0000
vn -0.4339 0.9010 0.0000
vn 0.9716 0.0950 0.2169
vn -0.4099 0.8384 0.3592
vn 0.9713 0.2175 0.0958
vn -0.7596 -0.5889 -0.2760
vn 0.4099 0.8384 0.3592
vn 0.7596 -0.5889 -0.2760
vn -0.9713 0.2175 0.0958
vn -0.4115 0.3782 0.8292
vn -0.7604 -0.2403 -0.6034
vn 0.7604 -0.2403 -0.6034
vn 0.4115 0.3782 0.8292
vn -0.9716 0.0950 0.2169
vn 0.0000 -0.3447 -0.9387
vn 0.0000 -0.9996 0.0270
vn 0.0000 -0.8971 0.4418
vn 0.9716 0.0950 -0.2169
vn -0.4099 0.8384 -0.3592
vn 0.9713 0.2175 -0.0958
vn -0.7596 -0.5889 0.2760
vn 0.4099 0.8384 -0.3592
vn 0.7596 -0.5889 0.2760
vn -0.9713 0.2175 -0.0958
vn -0.4115 0.3782 -0.8292
vn -0.7604 -0.2403 0.6034
vn 0.7604 -0.2403 0.6034
vn 0.4115 0.3782 -0.8292
vn -0.9716 0.0950 -0.2169
vn 0.0000 -0.3447 0.9387
vn 0.0000 -0.9996 -0.0270
vn -0.3494 0.9370 0.0000
vn 0.0172 0.9999 0.0000
vn 0.8781 0.4785 0.0000
vn -0.9998 0.0198 0.0000
vn -0.0778 0.9970 0.0000
vn 0.1441 0.9896 0.0000
vn -0.0665 -0.9978 0.0000
vn 0.1565 -0.9877 0.0000
vn -0.0160 0.9999 0.0000
vn -0.9736 0.0681 0.2177
vn 0.0000 -0.0498 -0.9988
vn 0.9736 0.0681 0.2177
vn -0.4326 0.1319 0.8919
vn -0.7808 -0.0131 -0.6247
vn 0.7808 -0.0131 -0.6247
vn 0.4326 0.1319 0.8919
vn 0.3918 0.5386 0.7459
vn 0.6276 0.5210 -0.5785
vn -0.6276 0.5210 -0.5785
vn -0.3918 0.5386 0.7459
vn 0.8379 0.5328 0.1183
vn 0.0000 0.5147 -0.8574
vn -0.8379 0.5328 0.1183
vn 0.6276 0.5210 -0.5786
vn -0.8380 0.5328 0.1183
vn 0.9736 0.0682 0.2177
vn -0.6276 0.5210 -0.5786
vn -0.9736 0.0681 -0.2177
vn 0.0000 -0.0498 0.9988
vn 0.9736 0.0681 -0.2177
vn -0.4326 0.1319 -0.8919
vn -0.7808 -0.0131 0.6247
vn 0.7808 -0.0131 0.6247
vn 0.4326 0.1319 -0.8919
vn 0.3918 0.5386 -0.7459
vn 0.6276 0.5210 0.5785
vn -0.6276 0.5210 0.5785
vn -0.3918 0.5386 -0.7459
vn 0.8379 0.5328 -0.1183
vn 0.0000 0.5147 0.8574
vn -0.8379 0.5328 -0.1183
vn 0.6276 0.5210 0.5786
vn -0.9736 0.0682 -0.2177
vn -0.6276 0.5210 0.5786
vn -0.8380 0.5328 -0.1183
vn 0.2588 0.9659 0.0000
vn 0.7071 0.7071 0.0000
vn 0.9659 0.2588 0.0000
vn 0.9659 -0.2588 0.0000
vn 0.7071 -0.7071 -0.0000
vn 0.2588 -0.9659 -0.0000
vn -0.2588 -0.9659 0.0000
vn -0.7071 -0.7071 0.0000
vn -0.9659 -0.2588 0.0000
vn -0.9659 0.2588 0.0000
vn -0.7071 0.7071 0.0000
vn -0.2588 0.9659 0.0000
usemtl Main
s off
f 1938//181 1933//181 1917//181 1923//181
f 1924//182 1919//182 1926//182 1927//182 1922//182
f 1932//183 1935//183 1918//183 1916//183
f 1925//182 1921//182 1919//182 1924//182
f 1930//182 1929//182 1921//182 1925//182
f 1935//183 1937//183 1920//183 1918//183
f 1928//182 1930//182 1925//182 1920//182
f 1920//182 1925//182 1924//182 1918//182
f 1916//184 1922//184 1939//184 1932//184
f 1918//182 1924//182 1922//182 1916//182
f 1927//182 1926//182 1931//182
f 1922//184 1927//184 1940//184 1939//184
f 1923//182 1930//182 1928//182
f 1923//182 1917//182 1929//182 1930//182
f 1937//183 1942//183 1928//183 1920//183
f 1938//185 1923//185 1928//185 1942//185
f 1926//186 1943//186 1944//186 1931//186
f 1940//187 1927//187 1931//187 1944//187
f 1917//188 1933//188 1945//188 1946//188
f 1946//189 1950//189 1991//189 1990//189
f 1921//183 1929//183 1936//183 1955//183
f 1934//182 1954//182 1956//182
f 1943//190 1926//190 1948//190 1949//190
f 1948//191 1947//191 1961//191 1951//191 1949//191
f 1953//192 1960//192 1964//192 1963//192 1959//192 1950//192
f 1953//191 1950//191 1946//191 1945//191
f 1929//183 1917//183 1941//183 1936//183
f 1955//182 1936//182 1958//182 1957//182
f 1936//182 1941//182 1952//182 1958//182
f 1954//182 1955//182 1957//182 1956//182
f 1926//193 1934//193 1993//193 1987//193
f 1919//183 1921//183 1955//183 1954//183
f 2185//194 2191//194 2585//194 2586//194
f 1917//188 1946//188 1952//188 1941//188
f 1926//183 1919//183 1954//183 1934//183
f 1952//181 1946//181 1990//181 1996//181
f 1959//192 1962//192 1947//192
f 1965//195 1966//195 1968//195 1967//195
f 1970//196 1972//196 1971//196 1969//196
f 1965//182 1967//182 1972//182 1970//182
f 1966//183 1965//183 1970//183 1969//183
f 1967//191 1968//191 1971//191 1972//191
f 1968//189 1966//189 1969//189 1971//189
f 1973//195 1974//195 1976//195 1975//195
f 1978//196 1980//196 1979//196 1977//196
f 1973//182 1975//182 1980//182 1978//182
f 1974//183 1973//183 1978//183 1977//183
f 1975//191 1976//191 1979//191 1980//191
f 1976//189 1974//189 1977//189 1979//189
f 1947//192 1962//192 1961//192
f 1981//192 1982//192 1983//192 1984//192 1985//192 2215//192 2214//192
f 1963//197 1964//197 1985//197 1984//197
f 1962//198 1959//198 1983//198 1982//198
f 1951//199 1961//199 1981//199 2214//199
f 1964//200 1960//200 2215//200 1985//200
f 1959//201 1963//201 1984//201 1983//201
f 1961//202 1962//202 1982//202 1981//202
f 1991//192 1989//192 1988//192 1994//192 1995//192
f 1986//190 1987//190 1998//190 1997//190
f 1990//191 1991//191 1995//191 1996//191
f 1988//191 1986//191 1992//191 1994//191
f 1950//189 1959//189 1989//189 1991//189
f 1948//189 1926//189 1987//189 1986//189
f 1959//189 1947//189 1988//189 1989//189
f 2191//203 2190//203 2584//203 2585//203
f 1947//189 1948//189 1986//189 1988//189
f 1958//204 1952//204 2576//204 2575//204
f 2231//181 2185//181 2586//181 2588//181
f 1999//205 1997//205 2001//205 2003//205
f 1992//190 1986//190 1997//190 1999//190
f 1987//206 1993//206 2000//206 1998//206
f 1993//190 1992//190 1999//190 2000//190
f 2001//190 2002//190 2004//190 2003//190
f 2000//189 1999//189 2003//189 2004//189
f 1998//207 2000//207 2004//207 2002//207
f 1997//182 1998//182 2002//182 2001//182
f 2408//208 2411//208 2563//208 2560//208
f 2415//209 2412//209 2147//209 2148//209
f 2146//182 2148//182 2147//182 2145//182
f 2411//210 2415//210 2148//210 2146//210
f 2145//211 2147//211 2412//211 2408//211
f 2171//181 2156//181 2150//181 2166//181
f 2157//189 2155//189 2160//189 2159//189 2152//189
f 2165//183 2149//183 2151//183 2168//183
f 2158//189 2157//189 2152//189 2154//189
f 2163//189 2158//189 2154//189 2162//189
f 2168//183 2151//183 2153//183 2170//183
f 2161//189 2153//189 2158//189 2163//189
f 2153//189 2151//189 2157//189 2158//189
f 2149//184 2165//184 2172//184 2155//184
f 2151//189 2149//189 2155//189 2157//189
f 2160//189 2164//189 2159//189
f 2155//184 2172//184 2173//184 2160//184
f 2156//189 2161//189 2163//189
f 2156//189 2163//189 2162//189 2150//189
f 2170//183 2153//183 2161//183 2175//183
f 2171//185 2175//185 2161//185 2156//185
f 2159//186 2164//186 2177//186 2176//186
f 2173//187 2177//187 2164//187 2160//187
f 2150//188 2179//188 2178//188 2166//188
f 2179//182 2225//182 2226//182 2183//182
f 2154//183 2188//183 2169//183 2162//183
f 2167//189 2189//189 2187//189
f 2176//190 2182//190 2181//190 2159//190
f 2181//191 2182//191 2184//191 2194//191 2180//191
f 2186//192 2183//192 2192//192 2196//192 2197//192 2193//192
f 2186//191 2178//191 2179//191 2183//191
f 2162//183 2169//183 2174//183 2150//183
f 2188//189 2190//189 2191//189 2169//189
f 2169//189 2191//189 2185//189 2174//189
f 2187//189 2189//189 2190//189 2188//189
f 2159//193 2222//193 2228//193 2167//193
f 2152//183 2187//183 2188//183 2154//183
f 2190//194 2189//194 2582//194 2584//194
f 2150//188 2174//188 2185//188 2179//188
f 2159//183 2167//183 2187//183 2152//183
f 2185//181 2231//181 2225//181 2179//181
f 2192//192 2180//192 2195//192
f 2198//195 2200//195 2201//195 2199//195
f 2203//196 2202//196 2204//196 2205//196
f 2198//189 2203//189 2205//189 2200//189
f 2199//183 2202//183 2203//183 2198//183
f 2200//191 2205//191 2204//191 2201//191
f 2201//182 2204//182 2202//182 2199//182
f 2206//195 2208//195 2209//195 2207//195
f 2211//196 2210//196 2212//196 2213//196
f 2206//189 2211//189 2213//189 2208//189
f 2207//183 2210//183 2211//183 2206//183
f 2208//191 2213//191 2212//191 2209//191
f 2209//182 2212//182 2210//182 2207//182
f 2180//192 2194//192 2195//192
f 2216//192 2214//192 2215//192 2220//192 2219//192 2218//192 2217//192
f 2196//212 2219//212 2220//212 2197//212
f 2195//213 2217//213 2218//213 2192//213
f 2184//199 2214//199 2216//199 2194//199
f 2197//214 2220//214 2215//214 2193//214
f 2192//215 2218//215 2219//215 2196//215
f 2194//216 2216//216 2217//216 2195//216
f 2226//192 2230//192 2229//192 2223//192 2224//192
f 2221//190 2232//190 2233//190 2222//190
f 2225//191 2231//191 2230//191 2226//191
f 2223//191 2229//191 2227//191 2221//191
f 2183//182 2226//182 2224//182 2192//182
f 2181//182 2221//182 2222//182 2159//182
f 2192//182 2224//182 2223//182 2180//182
f 1957//217 1958//217 2575//217 2574//217
f 2180//182 2223//182 2221//182 2181//182
f 1952//181 1996//181 2578//181 2576//181
f 1956//204 1957//204 2574//204 2572//204
f 2234//205 2238//205 2236//205 2232//205
f 2227//206 2234//206 2232//206 2221//206
f 2222//190 2233//190 2235//190 2228//190
f 2228//190 2235//190 2234//190 2227//190
f 2236//190 2238//190 2239//190 2237//190
f 2235//182 2239//182 2238//182 2234//182
f 2233//207 2237//207 2239//207 2235//207
f 2232//189 2236//189 2237//189 2233//189
f 2411//208 2408//208 2556//208 2557//208
f 2415//209 2414//209 2413//209 2412//209
f 2410//189 2409//189 2413//189 2414//189
f 2411//210 2410//210 2414//210 2415//210
f 2409//211 2408//211 2412//211 2413//211
f 2423//218 2417//218 2416//218 2420//218
f 2427//219 2424//219 2418//219 2419//219
f 2417//193 2419//193 2418//193 2416//193
f 2423//220 2427//220 2419//220 2417//220
f 2416//221 2418//221 2424//221 2420//221
f 2423//218 2420//218 2421//218 2422//218
f 2427//219 2426//219 2425//219 2424//219
f 2422//181 2421//181 2425//181 2426//181
f 2423//220 2422//220 2426//220 2427//220
f 2421//221 2420//221 2424//221 2425//221
f 2563//210 2562//210 2570//210 2571//210
f 2409//208 2410//208 2559//208 2558//208
f 2410//208 2411//208 2557//208 2559//208
f 2408//208 2409//208 2558//208 2556//208
f 2556//211 2558//211 2566//211 2564//211
f 2146//208 2145//208 2561//208 2562//208
f 2411//208 2146//208 2562//208 2563//208
f 2145//208 2408//208 2560//208 2561//208
f 2565//208 2564//208 2566//208 2567//208
f 2571//208 2570//208 2569//208 2568//208
f 2561//211 2560//211 2568//211 2569//211
f 2558//189 2559//189 2567//189 2566//189
f 2560//189 2563//189 2571//189 2568//189
f 2557//182 2556//182 2564//182 2565//182
f 2562//182 2561//182 2569//182 2570//182
f 2559//210 2557//210 2565//210 2567//210
f 2575//182 2576//182 2578//182 2577//182
f 2572//182 2574//182 2581//182 2579//182
f 2574//182 2575//182 2577//182 2581//182
f 2573//182 2572//182 2579//182 2580//182
f 2585//189 2587//189 2588//189 2586//189
f 2582//189 2589//189 2591//189 2584//189
f 2584//189 2591//189 2587//189 2585//189
f 2583//189 2590//189 2589//189 2582//189
f 2228//222 2227//222 2589//222 2590//222
f 1992//223 1993//223 2580//223 2579//223
f 2227//224 2229//224 2591//224 2589//224
f 1994//225 1992//225 2579//225 2581//225
f 1934//226 1956//226 2572//226 2573//226
f 2229//227 2230//227 2587//227 2591//227
f 1995//228 1994//228 2581//228 2577//228
f 2167//193 2228//193 2590//193 2583//193
f 1993//193 1934//193 2573//193 2580//193
f 2189//229 2167//229 2583//229 2582//229
f 2230//224 2231//224 2588//224 2587//224
f 1996//225 1995//225 2577//225 2578//225
usemtl Main_Dark
f 334//189 350//189 349//189 333//189
f 345//189 361//189 360//189 344//189
f 302//182 303//182 317//182 318//182
f 315//182 313//182 328//182 329//182
f 300//182 302//182 318//182 319//182
f 314//182 315//182 329//182 330//182
f 304//182 306//182 320//182 321//182
f 312//182 314//182 330//182 331//182
f 306//182 307//182 322//182 320//182
f 301//182 308//182 325//182 316//182
f 307//182 305//182 323//182 322//182
f 305//182 300//182 319//182 323//182
f 308//182 310//182 324//182 325//182
f 309//182 312//182 331//182 327//182
f 310//182 311//182 326//182 324//182
f 303//182 301//182 316//182 317//182
f 313//182 304//182 321//182 328//182
f 311//182 309//182 327//182 326//182
f 335//189 351//189 350//189 334//189
f 346//189 362//189 361//189 345//189
f 337//189 353//189 352//189 336//189
f 347//189 363//189 362//189 346//189
f 336//189 352//189 354//189 338//189
f 332//189 348//189 357//189 341//189
f 338//189 354//189 355//189 339//189
f 339//189 355//189 351//189 335//189
f 341//189 357//189 356//189 340//189
f 343//189 359//189 363//189 347//189
f 340//189 356//189 358//189 342//189
f 333//189 349//189 348//189 332//189
f 344//189 360//189 353//189 337//189
f 342//189 358//189 359//189 343//189
f 311//230 342//230 343//230 309//230
f 324//231 356//231 357//231 325//231
f 315//232 345//232 344//232 313//232
f 326//233 358//233 356//233 324//233
f 314//234 346//234 345//234 315//234
f 327//235 359//235 358//235 326//235
f 312//236 347//236 346//236 314//236
f 328//237 360//237 361//237 329//237
f 301//183 332//183 341//183 308//183
f 329//238 361//238 362//238 330//238
f 305//193 339//193 335//193 300//193
f 303//239 333//239 332//239 301//239
f 330//240 362//240 363//240 331//240
f 309//181 343//181 347//181 312//181
f 302//241 334//241 333//241 303//241
f 325//191 357//191 348//191 316//191
f 313//191 344//191 337//191 304//191
f 300//242 335//242 334//242 302//242
f 319//181 351//181 355//181 323//181
f 316//243 348//243 349//243 317//243
f 304//244 337//244 336//244 306//244
f 331//193 363//193 359//193 327//193
f 317//245 349//245 350//245 318//245
f 306//246 336//246 338//246 307//246
f 321//183 353//183 360//183 328//183
f 318//247 350//247 351//247 319//247
f 307//248 338//248 339//248 305//248
f 320//249 352//249 353//249 321//249
f 308//250 341//250 340//250 310//250
f 322//251 354//251 352//251 320//251
f 310//252 340//252 342//252 311//252
f 323//253 355//253 354//253 322//253
f 398//189 414//189 413//189 397//189
f 409//189 425//189 424//189 408//189
f 366//182 367//182 381//182 382//182
f 379//182 377//182 392//182 393//182
f 364//182 366//182 382//182 383//182
f 378//182 379//182 393//182 394//182
f 368//182 370//182 384//182 385//182
f 376//182 378//182 394//182 395//182
f 370//182 371//182 386//182 384//182
f 365//182 372//182 389//182 380//182
f 371//182 369//182 387//182 386//182
f 369//182 364//182 383//182 387//182
f 372//182 374//182 388//182 389//182
f 373//182 376//182 395//182 391//182
f 374//182 375//182 390//182 388//182
f 367//182 365//182 380//182 381//182
f 377//182 368//182 385//182 392//182
f 375//182 373//182 391//182 390//182
f 399//189 415//189 414//189 398//189
f 410//189 426//189 425//189 409//189
f 401//189 417//189 416//189 400//189
f 411//189 427//189 426//189 410//189
f 400//189 416//189 418//189 402//189
f 396//189 412//189 421//189 405//189
f 402//189 418//189 419//189 403//189
f 403//189 419//189 415//189 399//189
f 405//189 421//189 420//189 404//189
f 407//189 423//189 427//189 411//189
f 404//189 420//189 422//189 406//189
f 397//189 413//189 412//189 396//189
f 408//189 424//189 417//189 401//189
f 406//189 422//189 423//189 407//189
f 375//230 406//230 407//230 373//230
f 388//254 420//254 421//254 389//254
f 379//232 409//232 408//232 377//232
f 390//255 422//255 420//255 388//255
f 378//234 410//234 409//234 379//234
f 391//256 423//256 422//256 390//256
f 376//236 411//236 410//236 378//236
f 392//257 424//257 425//257 393//257
f 365//183 396//183 405//183 372//183
f 393//258 425//258 426//258 394//258
f 369//193 403//193 399//193 364//193
f 367//239 397//239 396//239 365//239
f 394//259 426//259 427//259 395//259
f 373//181 407//181 411//181 376//181
f 366//241 398//241 397//241 367//241
f 389//191 421//191 412//191 380//191
f 377//191 408//191 401//191 368//191
f 364//242 399//242 398//242 366//242
f 383//181 415//181 419//181 387//181
f 380//260 412//260 413//260 381//260
f 368//244 401//244 400//244 370//244
f 395//193 427//193 423//193 391//193
f 381//261 413//261 414//261 382//261
f 370//246 400//246 402//246 371//246
f 385//183 417//183 424//183 392//183
f 382//262 414//262 415//262 383//262
f 371//248 402//248 403//248 369//248
f 384//263 416//263 417//263 385//263
f 372//250 405//250 404//250 374//250
f 386//264 418//264 416//264 384//264
f 374//252 404//252 406//252 375//252
f 387//265 419//265 418//265 386//265
f 2240//266 2005//266 2006//266 2242//266
f 2242//267 2006//267 2007//267 2244//267
f 2244//268 2007//268 2008//268 2246//268
f 2246//183 2008//183 2009//183 2248//183
f 2248//269 2009//269 2010//269 2250//269
f 2009//270 2008//270 2015//270 2016//270
f 2250//271 2010//271 2011//271 2252//271
f 2252//272 2011//272 2005//272 2240//272
f 2014//273 2012//273 2019//273 2021//273
f 2005//274 2011//274 2018//274 2013//274
f 2007//275 2006//275 2012//275 2014//275
f 2010//276 2009//276 2016//276 2017//276
f 2006//277 2005//277 2013//277 2012//277
f 2008//278 2007//278 2014//278 2015//278
f 2011//279 2010//279 2017//279 2018//279
f 2013//280 2018//280 2025//280 2020//280
f 2017//281 2016//281 2023//281 2024//281
f 2015//282 2014//282 2021//282 2022//282
f 2012//283 2013//283 2020//283 2019//283
f 2018//284 2017//284 2024//284 2025//284
f 2016//285 2015//285 2022//285 2023//285
f 2026//286 2027//286 2032//286 2031//286 2030//286 2029//286 2028//286
f 2282//266 2040//266 2041//266 2284//266
f 2284//267 2041//267 2042//267 2286//267
f 2286//268 2042//268 2043//268 2288//268
f 2288//183 2043//183 2044//183 2290//183
f 2290//269 2044//269 2045//269 2292//269
f 2044//270 2043//270 2050//270 2051//270
f 2292//271 2045//271 2046//271 2294//271
f 2294//272 2046//272 2040//272 2282//272
f 2049//273 2047//273 2054//273 2056//273
f 2040//274 2046//274 2053//274 2048//274
f 2042//275 2041//275 2047//275 2049//275
f 2045//276 2044//276 2051//276 2052//276
f 2041//277 2040//277 2048//277 2047//277
f 2043//278 2042//278 2049//278 2050//278
f 2046//279 2045//279 2052//279 2053//279
f 2048//280 2053//280 2060//280 2055//280
f 2052//281 2051//281 2058//281 2059//281
f 2050//282 2049//282 2056//282 2057//282
f 2047//283 2048//283 2055//283 2054//283
f 2053//284 2052//284 2059//284 2060//284
f 2051//285 2050//285 2057//285 2058//285
f 2061//286 2062//286 2067//286 2066//286 2065//286 2064//286 2063//286
f 2324//266 2075//266 2076//266 2326//266
f 2326//267 2076//267 2077//267 2328//267
f 2328//268 2077//268 2078//268 2330//268
f 2330//183 2078//183 2079//183 2332//183
f 2332//269 2079//269 2080//269 2334//269
f 2079//270 2078//270 2085//270 2086//270
f 2334//271 2080//271 2081//271 2336//271
f 2336//272 2081//272 2075//272 2324//272
f 2084//273 2082//273 2089//273 2091//273
f 2075//274 2081//274 2088//274 2083//274
f 2077//275 2076//275 2082//275 2084//275
f 2080//276 2079//276 2086//276 2087//276
f 2076//277 2075//277 2083//277 2082//277
f 2078//278 2077//278 2084//278 2085//278
f 2081//279 2080//279 2087//279 2088//279
f 2083//280 2088//280 2095//280 2090//280
f 2087//281 2086//281 2093//281 2094//281
f 2085//282 2084//282 2091//282 2092//282
f 2082//283 2083//283 2090//283 2089//283
f 2088//284 2087//284 2094//284 2095//284
f 2086//285 2085//285 2092//285 2093//285
f 2096//286 2097//286 2102//286 2101//286 2100//286 2099//286 2098//286
f 2366//266 2110//266 2111//266 2368//266
f 2368//267 2111//267 2112//267 2370//267
f 2370//268 2112//268 2113//268 2372//268
f 2372//183 2113//183 2114//183 2374//183
f 2374//269 2114//269 2115//269 2376//269
f 2114//270 2113//270 2120//270 2121//270
f 2376//271 2115//271 2116//271 2378//271
f 2378//272 2116//272 2110//272 2366//272
f 2119//273 2117//273 2124//273 2126//273
f 2110//274 2116//274 2123//274 2118//274
f 2112//275 2111//275 2117//275 2119//275
f 2115//276 2114//276 2121//276 2122//276
f 2111//277 2110//277 2118//277 2117//277
f 2113//278 2112//278 2119//278 2120//278
f 2116//279 2115//279 2122//279 2123//279
f 2118//280 2123//280 2130//280 2125//280
f 2122//281 2121//281 2128//281 2129//281
f 2120//282 2119//282 2126//282 2127//282
f 2117//283 2118//283 2125//283 2124//283
f 2123//284 2122//284 2129//284 2130//284
f 2121//285 2120//285 2127//285 2128//285
f 2131//286 2132//286 2137//286 2136//286 2135//286 2134//286 2133//286
f 2240//266 2242//266 2243//266 2241//266
f 2242//267 2244//267 2245//267 2243//267
f 2244//268 2246//268 2247//268 2245//268
f 2246//183 2248//183 2249//183 2247//183
f 2248//269 2250//269 2251//269 2249//269
f 2249//287 2258//287 2257//287 2247//287
f 2250//271 2252//271 2253//271 2251//271
f 2252//272 2240//272 2241//272 2253//272
f 2256//288 2263//288 2261//288 2254//288
f 2241//289 2255//289 2260//289 2253//289
f 2245//290 2256//290 2254//290 2243//290
f 2251//291 2259//291 2258//291 2249//291
f 2243//292 2254//292 2255//292 2241//292
f 2247//293 2257//293 2256//293 2245//293
f 2253//294 2260//294 2259//294 2251//294
f 2255//295 2262//295 2267//295 2260//295
f 2259//296 2266//296 2265//296 2258//296
f 2257//297 2264//297 2263//297 2256//297
f 2254//298 2261//298 2262//298 2255//298
f 2260//299 2267//299 2266//299 2259//299
f 2258//300 2265//300 2264//300 2257//300
f 2268//301 2270//301 2271//301 2272//301 2273//301 2274//301 2269//301
f 2282//266 2284//266 2285//266 2283//266
f 2284//267 2286//267 2287//267 2285//267
f 2286//268 2288//268 2289//268 2287//268
f 2288//183 2290//183 2291//183 2289//183
f 2290//269 2292//269 2293//269 2291//269
f 2291//287 2300//287 2299//287 2289//287
f 2292//271 2294//271 2295//271 2293//271
f 2294//272 2282//272 2283//272 2295//272
f 2298//288 2305//288 2303//288 2296//288
f 2283//289 2297//289 2302//289 2295//289
f 2287//290 2298//290 2296//290 2285//290
f 2293//291 2301//291 2300//291 2291//291
f 2285//292 2296//292 2297//292 2283//292
f 2289//293 2299//293 2298//293 2287//293
f 2295//294 2302//294 2301//294 2293//294
f 2297//295 2304//295 2309//295 2302//295
f 2301//296 2308//296 2307//296 2300//296
f 2299//297 2306//297 2305//297 2298//297
f 2296//298 2303//298 2304//298 2297//298
f 2302//299 2309//299 2308//299 2301//299
f 2300//300 2307//300 2306//300 2299//300
f 2310//301 2312//301 2313//301 2314//301 2315//301 2316//301 2311//301
f 2324//266 2326//266 2327//266 2325//266
f 2326//267 2328//267 2329//267 2327//267
f 2328//268 2330//268 2331//268 2329//268
f 2330//183 2332//183 2333//183 2331//183
f 2332//269 2334//269 2335//269 2333//269
f 2333//287 2342//287 2341//287 2331//287
f 2334//271 2336//271 2337//271 2335//271
f 2336//272 2324//272 2325//272 2337//272
f 2340//288 2347//288 2345//288 2338//288
f 2325//289 2339//289 2344//289 2337//289
f 2329//290 2340//290 2338//290 2327//290
f 2335//291 2343//291 2342//291 2333//291
f 2327//292 2338//292 2339//292 2325//292
f 2331//293 2341//293 2340//293 2329//293
f 2337//294 2344//294 2343//294 2335//294
f 2339//295 2346//295 2351//295 2344//295
f 2343//296 2350//296 2349//296 2342//296
f 2341//297 2348//297 2347//297 2340//297
f 2338//298 2345//298 2346//298 2339//298
f 2344//299 2351//299 2350//299 2343//299
f 2342//300 2349//300 2348//300 2341//300
f 2352//301 2354//301 2355//301 2356//301 2357//301 2358//301 2353//301
f 2366//266 2368//266 2369//266 2367//266
f 2368//267 2370//267 2371//267 2369//267
f 2370//268 2372//268 2373//268 2371//268
f 2372//183 2374//183 2375//183 2373//183
f 2374//269 2376//269 2377//269 2375//269
f 2375//287 2384//287 2383//287 2373//287
f 2376//271 2378//271 2379//271 2377//271
f 2378//272 2366//272 2367//272 2379//272
f 2382//288 2389//288 2387//288 2380//288
f 2367//289 2381//289 2386//289 2379//289
f 2371//290 2382//290 2380//290 2369//290
f 2377//291 2385//291 2384//291 2375//291
f 2369//292 2380//292 2381//292 2367//292
f 2373//293 2383//293 2382//293 2371//293
f 2379//294 2386//294 2385//294 2377//294
f 2381//295 2388//295 2393//295 2386//295
f 2385//296 2392//296 2391//296 2384//296
f 2383//297 2390//297 2389//297 2382//297
f 2380//298 2387//298 2388//298 2381//298
f 2386//299 2393//299 2392//299 2385//299
f 2384//300 2391//300 2390//300 2383//300
f 2394//301 2396//301 2397//301 2398//301 2399//301 2400//301 2395//301
f 2428//193 2429//193 2431//193 2430//193
f 2432//181 2434//181 2435//181 2433//181
f 2430//189 2434//189 2432//189 2428//189
f 2431//191 2435//191 2434//191 2430//191
f 2429//182 2433//182 2435//182 2431//182
f 2428//183 2432//183 2433//183 2429//183
f 2436//193 2437//193 2439//193 2438//193
f 2440//181 2442//181 2443//181 2441//181
f 2438//189 2442//189 2440//189 2436//189
f 2439//191 2443//191 2442//191 2438//191
f 2437//182 2441//182 2443//182 2439//182
f 2436//183 2440//183 2441//183 2437//183
f 2444//193 2445//193 2447//193 2446//193
f 2448//181 2450//181 2451//181 2449//181
f 2446//189 2450//189 2448//189 2444//189
f 2447//191 2451//191 2450//191 2446//191
f 2445//182 2449//182 2451//182 2447//182
f 2444//183 2448//183 2449//183 2445//183
f 2452//193 2453//193 2455//193 2454//193
f 2456//181 2458//181 2459//181 2457//181
f 2454//189 2458//189 2456//189 2452//189
f 2455//191 2459//191 2458//191 2454//191
f 2453//182 2457//182 2459//182 2455//182
f 2452//183 2456//183 2457//183 2453//183
f 2460//193 2461//193 2463//193 2462//193
f 2464//181 2466//181 2467//181 2465//181
f 2462//189 2466//189 2464//189 2460//189
f 2463//191 2467//191 2466//191 2462//191
f 2461//182 2465//182 2467//182 2463//182
f 2460//183 2464//183 2465//183 2461//183
f 2468//193 2469//193 2471//193 2470//193
f 2472//181 2474//181 2475//181 2473//181
f 2470//189 2474//189 2472//189 2468//189
f 2471//191 2475//191 2474//191 2470//191
f 2469//182 2473//182 2475//182 2471//182
f 2468//183 2472//183 2473//183 2469//183
f 2476//193 2477//193 2479//193 2478//193
f 2480//181 2482//181 2483//181 2481//181
f 2478//189 2482//189 2480//189 2476//189
f 2479//191 2483//191 2482//191 2478//191
f 2477//182 2481//182 2483//182 2479//182
f 2476//183 2480//183 2481//183 2477//183
f 2484//193 2485//193 2487//193 2486//193
f 2488//181 2490//181 2491//181 2489//181
f 2486//189 2490//189 2488//189 2484//189
f 2487//191 2491//191 2490//191 2486//191
f 2485//182 2489//182 2491//182 2487//182
f 2484//183 2488//183 2489//183 2485//183
f 2492//193 2494//193 2495//193 2493//193
f 2496//181 2497//181 2499//181 2498//181
f 2494//182 2492//182 2496//182 2498//182
f 2495//191 2494//191 2498//191 2499//191
f 2493//189 2495//189 2499//189 2497//189
f 2492//183 2493//183 2497//183 2496//183
f 2500//193 2502//193 2503//193 2501//193
f 2504//181 2505//181 2507//181 2506//181
f 2502//182 2500//182 2504//182 2506//182
f 2503//191 2502//191 2506//191 2507//191
f 2501//189 2503//189 2507//189 2505//189
f 2500//183 2501//183 2505//183 2504//183
f 2508//193 2510//193 2511//193 2509//193
f 2512//181 2513//181 2515//181 2514//181
f 2510//182 2508//182 2512//182 2514//182
f 2511//191 2510//191 2514//191 2515//191
f 2509//189 2511//189 2515//189 2513//189
f 2508//183 2509//183 2513//183 2512//183
f 2516//193 2518//193 2519//193 2517//193
f 2520//181 2521//181 2523//181 2522//181
f 2518//182 2516//182 2520//182 2522//182
f 2519//191 2518//191 2522//191 2523//191
f 2517//189 2519//189 2523//189 2521//189
f 2516//183 2517//183 2521//183 2520//183
f 2524//193 2526//193 2527//193 2525//193
f 2528//181 2529//181 2531//181 2530//181
f 2526//182 2524//182 2528//182 2530//182
f 2527//191 2526//191 2530//191 2531//191
f 2525//189 2527//189 2531//189 2529//189
f 2524//183 2525//183 2529//183 2528//183
f 2532//193 2534//193 2535//193 2533//193
f 2536//181 2537//181 2539//181 2538//181
f 2534//182 2532//182 2536//182 2538//182
f 2535//191 2534//191 2538//191 2539//191
f 2533//189 2535//189 2539//189 2537//189
f 2532//183 2533//183 2537//183 2536//183
f 2540//193 2542//193 2543//193 2541//193
f 2544//181 2545//181 2547//181 2546//181
f 2542//182 2540//182 2544//182 2546//182
f 2543//191 2542//191 2546//191 2547//191
f 2541//189 2543//189 2547//189 2545//189
f 2540//183 2541//183 2545//183 2544//183
f 2548//193 2550//193 2551//193 2549//193
f 2552//181 2553//181 2555//181 2554//181
f 2550//182 2548//182 2552//182 2554//182
f 2551//191 2550//191 2554//191 2555//191
f 2549//189 2551//189 2555//189 2553//189
f 2548//183 2549//183 2553//183 2552//183
usemtl Main_Details
f 434//189 430//189 433//189 435//189
f 430//189 429//189 432//189 433//189
f 429//189 428//189 431//189 432//189
f 428//189 436//189 437//189 431//189
f 435//189 439//189 438//189 434//189
f 446//182 447//182 445//182 442//182
f 442//182 445//182 444//182 441//182
f 441//182 444//182 443//182 440//182
f 440//182 443//182 449//182 448//182
f 447//182 446//182 450//182 451//182
f 431//302 437//302 449//302 443//302
f 429//183 430//183 442//183 441//183
f 433//303 432//303 444//303 445//303
f 438//304 439//304 451//304 450//304
f 437//305 436//305 448//305 449//305
f 428//183 429//183 441//183 440//183
f 432//306 431//306 443//306 444//306
f 439//307 435//307 447//307 451//307
f 436//308 428//308 440//308 448//308
f 430//183 434//183 446//183 442//183
f 434//309 438//309 450//309 446//309
f 435//310 433//310 445//310 447//310
f 458//182 459//182 457//182 454//182
f 454//182 457//182 456//182 453//182
f 453//182 456//182 455//182 452//182
f 452//182 455//182 461//182 460//182
f 459//182 458//182 462//182 463//182
f 470//189 466//189 469//189 471//189
f 466//189 465//189 468//189 469//189
f 465//189 464//189 467//189 468//189
f 464//189 472//189 473//189 467//189
f 471//189 475//189 474//189 470//189
f 455//302 467//302 473//302 461//302
f 453//183 465//183 466//183 454//183
f 457//303 469//303 468//303 456//303
f 462//304 474//304 475//304 463//304
f 461//305 473//305 472//305 460//305
f 452//183 464//183 465//183 453//183
f 456//306 468//306 467//306 455//306
f 463//307 475//307 471//307 459//307
f 460//308 472//308 464//308 452//308
f 454//183 466//183 470//183 458//183
f 458//309 470//309 474//309 462//309
f 459//310 471//310 469//310 457//310
f 2034//311 2033//311 2031//311 2032//311
f 2036//312 2035//312 2029//312 2030//312
f 2038//313 2037//313 2026//313 2028//313
f 2039//314 2034//314 2032//314 2027//314
f 2033//315 2036//315 2030//315 2031//315
f 2035//316 2038//316 2028//316 2029//316
f 2037//317 2039//317 2027//317 2026//317
f 2019//318 2020//318 2039//318 2037//318
f 2022//319 2021//319 2038//319 2035//319
f 2024//320 2023//320 2036//320 2033//320
f 2020//321 2025//321 2034//321 2039//321
f 2021//322 2019//322 2037//322 2038//322
f 2023//323 2022//323 2035//323 2036//323
f 2025//324 2024//324 2033//324 2034//324
f 2069//311 2068//311 2066//311 2067//311
f 2071//312 2070//312 2064//312 2065//312
f 2073//313 2072//313 2061//313 2063//313
f 2074//314 2069//314 2067//314 2062//314
f 2068//315 2071//315 2065//315 2066//315
f 2070//316 2073//316 2063//316 2064//316
f 2072//317 2074//317 2062//317 2061//317
f 2054//318 2055//318 2074//318 2072//318
f 2057//325 2056//325 2073//325 2070//325
f 2059//320 2058//320 2071//320 2068//320
f 2055//321 2060//321 2069//321 2074//321
f 2056//322 2054//322 2072//322 2073//322
f 2058//323 2057//323 2070//323 2071//323
f 2060//326 2059//326 2068//326 2069//326
f 2104//311 2103//311 2101//311 2102//311
f 2106//312 2105//312 2099//312 2100//312
f 2108//327 2107//327 2096//327 2098//327
f 2109//314 2104//314 2102//314 2097//314
f 2103//315 2106//315 2100//315 2101//315
f 2105//316 2108//316 2098//316 2099//316
f 2107//317 2109//317 2097//317 2096//317
f 2089//318 2090//318 2109//318 2107//318
f 2092//325 2091//325 2108//325 2105//325
f 2094//328 2093//328 2106//328 2103//328
f 2090//321 2095//321 2104//321 2109//321
f 2091//322 2089//322 2107//322 2108//322
f 2093//323 2092//323 2105//323 2106//323
f 2095//324 2094//324 2103//324 2104//324
f 2139//311 2138//311 2136//311 2137//311
f 2141//312 2140//312 2134//312 2135//312
f 2143//313 2142//313 2131//313 2133//313
f 2144//314 2139//314 2137//314 2132//314
f 2138//315 2141//315 2135//315 2136//315
f 2140//316 2143//316 2133//316 2134//316
f 2142//317 2144//317 2132//317 2131//317
f 2124//318 2125//318 2144//318 2142//318
f 2127//325 2126//325 2143//325 2140//325
f 2129//328 2128//328 2141//328 2138//328
f 2125//321 2130//321 2139//321 2144//321
f 2126//322 2124//322 2142//322 2143//322
f 2128//323 2127//323 2140//323 2141//323
f 2130//324 2129//324 2138//324 2139//324
f 2276//329 2274//329 2273//329 2275//329
f 2278//330 2272//330 2271//330 2277//330
f 2280//331 2270//331 2268//331 2279//331
f 2281//332 2269//332 2274//332 2276//332
f 2275//333 2273//333 2272//333 2278//333
f 2277//334 2271//334 2270//334 2280//334
f 2279//335 2268//335 2269//335 2281//335
f 2261//336 2279//336 2281//336 2262//336
f 2264//337 2277//337 2280//337 2263//337
f 2266//338 2275//338 2278//338 2265//338
f 2262//339 2281//339 2276//339 2267//339
f 2263//340 2280//340 2279//340 2261//340
f 2265//341 2278//341 2277//341 2264//341
f 2267//342 2276//342 2275//342 2266//342
f 2318//329 2316//329 2315//329 2317//329
f 2320//330 2314//330 2313//330 2319//330
f 2322//331 2312//331 2310//331 2321//331
f 2323//332 2311//332 2316//332 2318//332
f 2317//333 2315//333 2314//333 2320//333
f 2319//334 2313//334 2312//334 2322//334
f 2321//335 2310//335 2311//335 2323//335
f 2303//336 2321//336 2323//336 2304//336
f 2306//343 2319//343 2322//343 2305//343
f 2308//338 2317//338 2320//338 2307//338
f 2304//339 2323//339 2318//339 2309//339
f 2305//340 2322//340 2321//340 2303//340
f 2307//341 2320//341 2319//341 2306//341
f 2309//342 2318//342 2317//342 2308//342
f 2360//344 2358//344 2357//344 2359//344
f 2362//330 2356//330 2355//330 2361//330
f 2364//331 2354//331 2352//331 2363//331
f 2365//332 2353//332 2358//332 2360//332
f 2359//333 2357//333 2356//333 2362//333
f 2361//334 2355//334 2354//334 2364//334
f 2363//335 2352//335 2353//335 2365//335
f 2345//336 2363//336 2365//336 2346//336
f 2348//343 2361//343 2364//343 2347//343
f 2350//345 2359//345 2362//345 2349//345
f 2346//339 2365//339 2360//339 2351//339
f 2347//340 2364//340 2363//340 2345//340
f 2349//341 2362//341 2361//341 2348//341
f 2351//342 2360//342 2359//342 2350//342
f 2402//344 2400//344 2399//344 2401//344
f 2404//330 2398//330 2397//330 2403//330
f 2406//331 2396//331 2394//331 2405//331
f 2407//332 2395//332 2400//332 2402//332
f 2401//333 2399//333 2398//333 2404//333
f 2403//334 2397//334 2396//334 2406//334
f 2405//335 2394//335 2395//335 2407//335
f 2387//336 2405//336 2407//336 2388//336
f 2390//343 2403//343 2406//343 2389//343
f 2392//345 2401//345 2404//345 2391//345
f 2388//339 2407//339 2402//339 2393//339
f 2389//340 2406//340 2405//340 2387//340
f 2391//341 2404//341 2403//341 2390//341
f 2393//346 2402//346 2401//346 2392//346
usemtl Wheels
f 477//347 537//347 536//347 476//347
f 478//348 538//348 537//348 477//348
f 479//349 539//349 538//349 478//349
f 480//350 540//350 539//350 479//350
f 481//351 541//351 540//351 480//351
f 482//352 542//352 541//352 481//352
f 483//353 543//353 542//353 482//353
f 484//354 544//354 543//354 483//354
f 485//355 545//355 544//355 484//355
f 480//182 479//182 491//182 492//182
f 486//356 546//356 545//356 485//356
f 487//357 547//357 546//357 486//357
f 491//355 490//355 502//355 503//355
f 476//182 487//182 499//182 489//182
f 477//182 476//182 489//182 488//182
f 479//182 478//182 490//182 491//182
f 487//182 486//182 498//182 499//182
f 478//182 477//182 488//182 490//182
f 486//182 485//182 497//182 498//182
f 485//182 484//182 496//182 497//182
f 484//182 483//182 495//182 496//182
f 483//182 482//182 494//182 495//182
f 482//182 481//182 493//182 494//182
f 481//182 480//182 492//182 493//182
f 503//182 502//182 514//182 515//182
f 498//350 497//350 509//350 510//350
f 495//347 494//347 506//347 507//347
f 492//356 491//356 503//356 504//356
f 499//351 498//351 510//351 511//351
f 488//353 489//353 501//353 500//353
f 496//348 495//348 507//348 508//348
f 493//357 492//357 504//357 505//357
f 489//352 499//352 511//352 501//352
f 490//354 488//354 500//354 502//354
f 497//349 496//349 508//349 509//349
f 494//358 493//358 505//358 506//358
f 518//352 517//352 529//352 530//352
f 510//182 509//182 521//182 522//182
f 507//182 506//182 518//182 519//182
f 504//182 503//182 515//182 516//182
f 511//182 510//182 522//182 523//182
f 500//182 501//182 513//182 512//182
f 508//182 507//182 519//182 520//182
f 505//182 504//182 516//182 517//182
f 501//182 511//182 523//182 513//182
f 502//182 500//182 512//182 514//182
f 509//182 508//182 520//182 521//182
f 506//182 505//182 517//182 518//182
f 524//182 525//182 535//182 534//182 533//182 532//182 531//182 530//182 529//182 528//182 527//182 526//182
f 515//349 514//349 526//349 527//349
f 522//356 521//356 533//356 534//356
f 519//353 518//353 530//353 531//353
f 516//350 515//350 527//350 528//350
f 523//357 522//357 534//357 535//357
f 512//347 513//347 525//347 524//347
f 520//354 519//354 531//354 532//354
f 517//351 516//351 528//351 529//351
f 513//358 523//358 535//358 525//358
f 514//348 512//348 524//348 526//348
f 521//355 520//355 532//355 533//355
f 540//189 552//189 551//189 539//189
f 551//355 563//355 562//355 550//355
f 536//189 549//189 559//189 547//189
f 537//189 548//189 549//189 536//189
f 539//189 551//189 550//189 538//189
f 547//189 559//189 558//189 546//189
f 538//189 550//189 548//189 537//189
f 546//189 558//189 557//189 545//189
f 545//189 557//189 556//189 544//189
f 544//189 556//189 555//189 543//189
f 543//189 555//189 554//189 542//189
f 542//189 554//189 553//189 541//189
f 541//189 553//189 552//189 540//189
f 563//189 575//189 574//189 562//189
f 558//350 570//350 569//350 557//350
f 555//347 567//347 566//347 554//347
f 552//356 564//356 563//356 551//356
f 559//351 571//351 570//351 558//351
f 548//353 560//353 561//353 549//353
f 556//348 568//348 567//348 555//348
f 553//357 565//357 564//357 552//357
f 549//352 561//352 571//352 559//352
f 550//354 562//354 560//354 548//354
f 557//349 569//349 568//349 556//349
f 554//358 566//358 565//358 553//358
f 578//352 590//352 589//352 577//352
f 570//189 582//189 581//189 569//189
f 567//189 579//189 578//189 566//189
f 564//189 576//189 575//189 563//189
f 571//189 583//189 582//189 570//189
f 560//189 572//189 573//189 561//189
f 568//189 580//189 579//189 567//189
f 565//189 577//189 576//189 564//189
f 561//189 573//189 583//189 571//189
f 562//189 574//189 572//189 560//189
f 569//189 581//189 580//189 568//189
f 566//189 578//189 577//189 565//189
f 584//189 586//189 587//189 588//189 589//189 590//189 591//189 592//189 593//189 594//189 595//189 585//189
f 575//349 587//349 586//349 574//349
f 582//356 594//356 593//356 581//356
f 579//353 591//353 590//353 578//353
f 576//350 588//350 587//350 575//350
f 583//357 595//357 594//357 582//357
f 572//347 584//347 585//347 573//347
f 580//354 592//354 591//354 579//354
f 577//351 589//351 588//351 576//351
f 573//358 585//358 595//358 583//358
f 574//348 586//348 584//348 572//348
f 581//355 593//355 592//355 580//355
f 476//358 536//358 547//358 487//358
f 597//347 657//347 656//347 596//347
f 598//348 658//348 657//348 597//348
f 599//349 659//349 658//349 598//349
f 600//350 660//350 659//350 599//350
f 601//351 661//351 660//351 600//351
f 602//352 662//352 661//352 601//352
f 603//353 663//353 662//353 602//353
f 604//354 664//354 663//354 603//354
f 605//355 665//355 664//355 604//355
f 600//182 599//182 611//182 612//182
f 606//356 666//356 665//356 605//356
f 607//357 667//357 666//357 606//357
f 611//355 610//355 622//355 623//355
f 596//182 607//182 619//182 609//182
f 597//182 596//182 609//182 608//182
f 599//182 598//182 610//182 611//182
f 607//182 606//182 618//182 619//182
f 598//182 597//182 608//182 610//182
f 606//182 605//182 617//182 618//182
f 605//182 604//182 616//182 617//182
f 604//182 603//182 615//182 616//182
f 603//182 602//182 614//182 615//182
f 602//182 601//182 613//182 614//182
f 601//182 600//182 612//182 613//182
f 623//182 622//182 634//182 635//182
f 618//350 617//350 629//350 630//350
f 615//347 614//347 626//347 627//347
f 612//356 611//356 623//356 624//356
f 619//351 618//351 630//351 631//351
f 608//353 609//353 621//353 620//353
f 616//348 615//348 627//348 628//348
f 613//357 612//357 624//357 625//357
f 609//352 619//352 631//352 621//352
f 610//354 608//354 620//354 622//354
f 617//349 616//349 628//349 629//349
f 614//358 613//358 625//358 626//358
f 638//352 637//352 649//352 650//352
f 630//182 629//182 641//182 642//182
f 627//182 626//182 638//182 639//182
f 624//182 623//182 635//182 636//182
f 631//182 630//182 642//182 643//182
f 620//182 621//182 633//182 632//182
f 628//182 627//182 639//182 640//182
f 625//182 624//182 636//182 637//182
f 621//182 631//182 643//182 633//182
f 622//182 620//182 632//182 634//182
f 629//182 628//182 640//182 641//182
f 626//182 625//182 637//182 638//182
f 644//182 645//182 655//182 654//182 653//182 652//182 651//182 650//182 649//182 648//182 647//182 646//182
f 635//349 634//349 646//349 647//349
f 642//356 641//356 653//356 654//356
f 639//353 638//353 650//353 651//353
f 636//350 635//350 647//350 648//350
f 643//357 642//357 654//357 655//357
f 632//347 633//347 645//347 644//347
f 640//354 639//354 651//354 652//354
f 637//351 636//351 648//351 649//351
f 633//358 643//358 655//358 645//358
f 634//348 632//348 644//348 646//348
f 641//355 640//355 652//355 653//355
f 660//189 672//189 671//189 659//189
f 671//355 683//355 682//355 670//355
f 656//189 669//189 679//189 667//189
f 657//189 668//189 669//189 656//189
f 659//189 671//189 670//189 658//189
f 667//189 679//189 678//189 666//189
f 658//189 670//189 668//189 657//189
f 666//189 678//189 677//189 665//189
f 665//189 677//189 676//189 664//189
f 664//189 676//189 675//189 663//189
f 663//189 675//189 674//189 662//189
f 662//189 674//189 673//189 661//189
f 661//189 673//189 672//189 660//189
f 683//189 695//189 694//189 682//189
f 678//350 690//350 689//350 677//350
f 675//347 687//347 686//347 674//347
f 672//356 684//356 683//356 671//356
f 679//351 691//351 690//351 678//351
f 668//353 680//353 681//353 669//353
f 676//348 688//348 687//348 675//348
f 673//357 685//357 684//357 672//357
f 669//352 681//352 691//352 679//352
f 670//354 682//354 680//354 668//354
f 677//349 689//349 688//349 676//349
f 674//358 686//358 685//358 673//358
f 698//352 710//352 709//352 697//352
f 690//189 702//189 701//189 689//189
f 687//189 699//189 698//189 686//189
f 684//189 696//189 695//189 683//189
f 691//189 703//189 702//189 690//189
f 680//189 692//189 693//189 681//189
f 688//189 700//189 699//189 687//189
f 685//189 697//189 696//189 684//189
f 681//189 693//189 703//189 691//189
f 682//189 694//189 692//189 680//189
f 689//189 701//189 700//189 688//189
f 686//189 698//189 697//189 685//189
f 704//189 706//189 707//189 708//189 709//189 710//189 711//189 712//189 713//189 714//189 715//189 705//189
f 695//349 707//349 706//349 694//349
f 702//356 714//356 713//356 701//356
f 699//353 711//353 710//353 698//353
f 696//350 708//350 707//350 695//350
f 703//357 715//357 714//357 702//357
f 692//347 704//347 705//347 693//347
f 700//354 712//354 711//354 699//354
f 697//351 709//351 708//351 696//351
f 693//358 705//358 715//358 703//358
f 694//348 706//348 704//348 692//348
f 701//355 713//355 712//355 700//355
f 596//358 656//358 667//358 607//358
f 717//347 777//347 776//347 716//347
f 718//348 778//348 777//348 717//348
f 719//349 779//349 778//349 718//349
f 720//350 780//350 779//350 719//350
f 721//351 781//351 780//351 720//351
f 722//352 782//352 781//352 721//352
f 723//353 783//353 782//353 722//353
f 724//354 784//354 783//354 723//354
f 725//355 785//355 784//355 724//355
f 720//182 719//182 731//182 732//182
f 726//356 786//356 785//356 725//356
f 727//357 787//357 786//357 726//357
f 731//355 730//355 742//355 743//355
f 716//182 727//182 739//182 729//182
f 717//182 716//182 729//182 728//182
f 719//182 718//182 730//182 731//182
f 727//182 726//182 738//182 739//182
f 718//182 717//182 728//182 730//182
f 726//182 725//182 737//182 738//182
f 725//182 724//182 736//182 737//182
f 724//182 723//182 735//182 736//182
f 723//182 722//182 734//182 735//182
f 722//182 721//182 733//182 734//182
f 721//182 720//182 732//182 733//182
f 743//182 742//182 754//182 755//182
f 738//350 737//350 749//350 750//350
f 735//347 734//347 746//347 747//347
f 732//356 731//356 743//356 744//356
f 739//351 738//351 750//351 751//351
f 728//353 729//353 741//353 740//353
f 736//348 735//348 747//348 748//348
f 733//357 732//357 744//357 745//357
f 729//352 739//352 751//352 741//352
f 730//354 728//354 740//354 742//354
f 737//349 736//349 748//349 749//349
f 734//358 733//358 745//358 746//358
f 758//352 757//352 769//352 770//352
f 750//182 749//182 761//182 762//182
f 747//182 746//182 758//182 759//182
f 744//182 743//182 755//182 756//182
f 751//182 750//182 762//182 763//182
f 740//182 741//182 753//182 752//182
f 748//182 747//182 759//182 760//182
f 745//182 744//182 756//182 757//182
f 741//182 751//182 763//182 753//182
f 742//182 740//182 752//182 754//182
f 749//182 748//182 760//182 761//182
f 746//182 745//182 757//182 758//182
f 764//182 765//182 775//182 774//182 773//182 772//182 771//182 770//182 769//182 768//182 767//182 766//182
f 755//349 754//349 766//349 767//349
f 762//356 761//356 773//356 774//356
f 759//353 758//353 770//353 771//353
f 756//350 755//350 767//350 768//350
f 763//357 762//357 774//357 775//357
f 752//347 753//347 765//347 764//347
f 760//354 759//354 771//354 772//354
f 757//351 756//351 768//351 769//351
f 753//358 763//358 775//358 765//358
f 754//348 752//348 764//348 766//348
f 761//355 760//355 772//355 773//355
f 780//189 792//189 791//189 779//189
f 791//355 803//355 802//355 790//355
f 776//189 789//189 799//189 787//189
f 777//189 788//189 789//189 776//189
f 779//189 791//189 790//189 778//189
f 787//189 799//189 798//189 786//189
f 778//189 790//189 788//189 777//189
f 786//189 798//189 797//189 785//189
f 785//189 797//189 796//189 784//189
f 784//189 796//189 795//189 783//189
f 783//189 795//189 794//189 782//189
f 782//189 794//189 793//189 781//189
f 781//189 793//189 792//189 780//189
f 803//189 815//189 814//189 802//189
f 798//350 810//350 809//350 797//350
f 795//347 807//347 806//347 794//347
f 792//356 804//356 803//356 791//356
f 799//351 811//351 810//351 798//351
f 788//353 800//353 801//353 789//353
f 796//348 808//348 807//348 795//348
f 793//357 805//357 804//357 792//357
f 789//352 801//352 811//352 799//352
f 790//354 802//354 800//354 788//354
f 797//349 809//349 808//349 796//349
f 794//358 806//358 805//358 793//358
f 818//352 830//352 829//352 817//352
f 810//189 822//189 821//189 809//189
f 807//189 819//189 818//189 806//189
f 804//189 816//189 815//189 803//189
f 811//189 823//189 822//189 810//189
f 800//189 812//189 813//189 801//189
f 808//189 820//189 819//189 807//189
f 805//189 817//189 816//189 804//189
f 801//189 813//189 823//189 811//189
f 802//189 814//189 812//189 800//189
f 809//189 821//189 820//189 808//189
f 806//189 818//189 817//189 805//189
f 824//189 826//189 827//189 828//189 829//189 830//189 831//189 832//189 833//189 834//189 835//189 825//189
f 815//349 827//349 826//349 814//349
f 822//356 834//356 833//356 821//356
f 819//353 831//353 830//353 818//353
f 816//350 828//350 827//350 815//350
f 823//357 835//357 834//357 822//357
f 812//347 824//347 825//347 813//347
f 820//354 832//354 831//354 819//354
f 817//351 829//351 828//351 816//351
f 813//358 825//358 835//358 823//358
f 814//348 826//348 824//348 812//348
f 821//355 833//355 832//355 820//355
f 716//358 776//358 787//358 727//358
f 837//347 897//347 896//347 836//347
f 838//348 898//348 897//348 837//348
f 839//349 899//349 898//349 838//349
f 840//350 900//350 899//350 839//350
f 841//351 901//351 900//351 840//351
f 842//352 902//352 901//352 841//352
f 843//353 903//353 902//353 842//353
f 844//354 904//354 903//354 843//354
f 845//355 905//355 904//355 844//355
f 840//182 839//182 851//182 852//182
f 846//356 906//356 905//356 845//356
f 847//357 907//357 906//357 846//357
f 851//355 850//355 862//355 863//355
f 836//182 847//182 859//182 849//182
f 837//182 836//182 849//182 848//182
f 839//182 838//182 850//182 851//182
f 847//182 846//182 858//182 859//182
f 838//182 837//182 848//182 850//182
f 846//182 845//182 857//182 858//182
f 845//182 844//182 856//182 857//182
f 844//182 843//182 855//182 856//182
f 843//182 842//182 854//182 855//182
f 842//182 841//182 853//182 854//182
f 841//182 840//182 852//182 853//182
f 863//182 862//182 874//182 875//182
f 858//350 857//350 869//350 870//350
f 855//347 854//347 866//347 867//347
f 852//356 851//356 863//356 864//356
f 859//351 858//351 870//351 871//351
f 848//353 849//353 861//353 860//353
f 856//348 855//348 867//348 868//348
f 853//357 852//357 864//357 865//357
f 849//352 859//352 871//352 861//352
f 850//354 848//354 860//354 862//354
f 857//349 856//349 868//349 869//349
f 854//358 853//358 865//358 866//358
f 878//352 877//352 889//352 890//352
f 870//182 869//182 881//182 882//182
f 867//182 866//182 878//182 879//182
f 864//182 863//182 875//182 876//182
f 871//182 870//182 882//182 883//182
f 860//182 861//182 873//182 872//182
f 868//182 867//182 879//182 880//182
f 865//182 864//182 876//182 877//182
f 861//182 871//182 883//182 873//182
f 862//182 860//182 872//182 874//182
f 869//182 868//182 880//182 881//182
f 866//182 865//182 877//182 878//182
f 884//182 885//182 895//182 894//182 893//182 892//182 891//182 890//182 889//182 888//182 887//182 886//182
f 875//349 874//349 886//349 887//349
f 882//356 881//356 893//356 894//356
f 879//353 878//353 890//353 891//353
f 876//350 875//350 887//350 888//350
f 883//357 882//357 894//357 895//357
f 872//347 873//347 885//347 884//347
f 880//354 879//354 891//354 892//354
f 877//351 876//351 888//351 889//351
f 873//358 883//358 895//358 885//358
f 874//348 872//348 884//348 886//348
f 881//355 880//355 892//355 893//355
f 900//189 912//189 911//189 899//189
f 911//355 923//355 922//355 910//355
f 896//189 909//189 919//189 907//189
f 897//189 908//189 909//189 896//189
f 899//189 911//189 910//189 898//189
f 907//189 919//189 918//189 906//189
f 898//189 910//189 908//189 897//189
f 906//189 918//189 917//189 905//189
f 905//189 917//189 916//189 904//189
f 904//189 916//189 915//189 903//189
f 903//189 915//189 914//189 902//189
f 902//189 914//189 913//189 901//189
f 901//189 913//189 912//189 900//189
f 923//189 935//189 934//189 922//189
f 918//350 930//350 929//350 917//350
f 915//347 927//347 926//347 914//347
f 912//356 924//356 923//356 911//356
f 919//351 931//351 930//351 918//351
f 908//353 920//353 921//353 909//353
f 916//348 928//348 927//348 915//348
f 913//357 925//357 924//357 912//357
f 909//352 921//352 931//352 919//352
f 910//354 922//354 920//354 908//354
f 917//349 929//349 928//349 916//349
f 914//358 926//358 925//358 913//358
f 938//352 950//352 949//352 937//352
f 930//189 942//189 941//189 929//189
f 927//189 939//189 938//189 926//189
f 924//189 936//189 935//189 923//189
f 931//189 943//189 942//189 930//189
f 920//189 932//189 933//189 921//189
f 928//189 940//189 939//189 927//189
f 925//189 937//189 936//189 924//189
f 921//189 933//189 943//189 931//189
f 922//189 934//189 932//189 920//189
f 929//189 941//189 940//189 928//189
f 926//189 938//189 937//189 925//189
f 944//189 946//189 947//189 948//189 949//189 950//189 951//189 952//189 953//189 954//189 955//189 945//189
f 935//349 947//349 946//349 934//349
f 942//356 954//356 953//356 941//356
f 939//353 951//353 950//353 938//353
f 936//350 948//350 947//350 935//350
f 943//357 955//357 954//357 942//357
f 932//347 944//347 945//347 933//347
f 940//354 952//354 951//354 939//354
f 937//351 949//351 948//351 936//351
f 933//358 945//358 955//358 943//358
f 934//348 946//348 944//348 932//348
f 941//355 953//355 952//355 940//355
f 836//358 896//358 907//358 847//358
f 957//347 1017//347 1016//347 956//347
f 958//348 1018//348 1017//348 957//348
f 959//349 1019//349 1018//349 958//349
f 960//350 1020//350 1019//350 959//350
f 961//351 1021//351 1020//351 960//351
f 962//352 1022//352 1021//352 961//352
f 963//353 1023//353 1022//353 962//353
f 964//354 1024//354 1023//354 963//354
f 965//355 1025//355 1024//355 964//355
f 960//182 959//182 971//182 972//182
f 966//356 1026//356 1025//356 965//356
f 967//357 1027//357 1026//357 966//357
f 971//355 970//355 982//355 983//355
f 956//182 967//182 979//182 969//182
f 957//182 956//182 969//182 968//182
f 959//182 958//182 970//182 971//182
f 967//182 966//182 978//182 979//182
f 958//182 957//182 968//182 970//182
f 966//182 965//182 977//182 978//182
f 965//182 964//182 976//182 977//182
f 964//182 963//182 975//182 976//182
f 963//182 962//182 974//182 975//182
f 962//182 961//182 973//182 974//182
f 961//182 960//182 972//182 973//182
f 983//182 982//182 994//182 995//182
f 978//350 977//350 989//350 990//350
f 975//347 974//347 986//347 987//347
f 972//356 971//356 983//356 984//356
f 979//351 978//351 990//351 991//351
f 968//353 969//353 981//353 980//353
f 976//348 975//348 987//348 988//348
f 973//357 972//357 984//357 985//357
f 969//352 979//352 991//352 981//352
f 970//354 968//354 980//354 982//354
f 977//349 976//349 988//349 989//349
f 974//358 973//358 985//358 986//358
f 998//352 997//352 1009//352 1010//352
f 990//182 989//182 1001//182 1002//182
f 987//182 986//182 998//182 999//182
f 984//182 983//182 995//182 996//182
f 991//182 990//182 1002//182 1003//182
f 980//182 981//182 993//182 992//182
f 988//182 987//182 999//182 1000//182
f 985//182 984//182 996//182 997//182
f 981//182 991//182 1003//182 993//182
f 982//182 980//182 992//182 994//182
f 989//182 988//182 1000//182 1001//182
f 986//182 985//182 997//182 998//182
f 1004//182 1005//182 1015//182 1014//182 1013//182 1012//182 1011//182 1010//182 1009//182 1008//182 1007//182 1006//182
f 995//349 994//349 1006//349 1007//349
f 1002//356 1001//356 1013//356 1014//356
f 999//353 998//353 1010//353 1011//353
f 996//350 995//350 1007//350 1008//350
f 1003//357 1002//357 1014//357 1015//357
f 992//347 993//347 1005//347 1004//347
f 1000//354 999//354 1011//354 1012//354
f 997//351 996//351 1008//351 1009//351
f 993//358 1003//358 1015//358 1005//358
f 994//348 992//348 1004//348 1006//348
f 1001//355 1000//355 1012//355 1013//355
f 1020//189 1032//189 1031//189 1019//189
f 1031//355 1043//355 1042//355 1030//355
f 1016//189 1029//189 1039//189 1027//189
f 1017//189 1028//189 1029//189 1016//189
f 1019//189 1031//189 1030//189 1018//189
f 1027//189 1039//189 1038//189 1026//189
f 1018//189 1030//189 1028//189 1017//189
f 1026//189 1038//189 1037//189 1025//189
f 1025//189 1037//189 1036//189 1024//189
f 1024//189 1036//189 1035//189 1023//189
f 1023//189 1035//189 1034//189 1022//189
f 1022//189 1034//189 1033//189 1021//189
f 1021//189 1033//189 1032//189 1020//189
f 1043//189 1055//189 1054//189 1042//189
f 1038//350 1050//350 1049//350 1037//350
f 1035//347 1047//347 1046//347 1034//347
f 1032//356 1044//356 1043//356 1031//356
f 1039//351 1051//351 1050//351 1038//351
f 1028//353 1040//353 1041//353 1029//353
f 1036//348 1048//348 1047//348 1035//348
f 1033//357 1045//357 1044//357 1032//357
f 1029//352 1041//352 1051//352 1039//352
f 1030//354 1042//354 1040//354 1028//354
f 1037//349 1049//349 1048//349 1036//349
f 1034//358 1046//358 1045//358 1033//358
f 1058//352 1070//352 1069//352 1057//352
f 1050//189 1062//189 1061//189 1049//189
f 1047//189 1059//189 1058//189 1046//189
f 1044//189 1056//189 1055//189 1043//189
f 1051//189 1063//189 1062//189 1050//189
f 1040//189 1052//189 1053//189 1041//189
f 1048//189 1060//189 1059//189 1047//189
f 1045//189 1057//189 1056//189 1044//189
f 1041//189 1053//189 1063//189 1051//189
f 1042//189 1054//189 1052//189 1040//189
f 1049//189 1061//189 1060//189 1048//189
f 1046//189 1058//189 1057//189 1045//189
f 1064//189 1066//189 1067//189 1068//189 1069//189 1070//189 1071//189 1072//189 1073//189 1074//189 1075//189 1065//189
f 1055//349 1067//349 1066//349 1054//349
f 1062//356 1074//356 1073//356 1061//356
f 1059//353 1071//353 1070//353 1058//353
f 1056//350 1068//350 1067//350 1055//350
f 1063//357 1075//357 1074//357 1062//357
f 1052//347 1064//347 1065//347 1053//347
f 1060//354 1072//354 1071//354 1059//354
f 1057//351 1069//351 1068//351 1056//351
f 1053//358 1065//358 1075//358 1063//358
f 1054//348 1066//348 1064//348 1052//348
f 1061//355 1073//355 1072//355 1060//355
f 956//358 1016//358 1027//358 967//358
f 1077//347 1137//347 1136//347 1076//347
f 1078//348 1138//348 1137//348 1077//348
f 1079//349 1139//349 1138//349 1078//349
f 1080//350 1140//350 1139//350 1079//350
f 1081//351 1141//351 1140//351 1080//351
f 1082//352 1142//352 1141//352 1081//352
f 1083//353 1143//353 1142//353 1082//353
f 1084//354 1144//354 1143//354 1083//354
f 1085//355 1145//355 1144//355 1084//355
f 1080//182 1079//182 1091//182 1092//182
f 1086//356 1146//356 1145//356 1085//356
f 1087//357 1147//357 1146//357 1086//357
f 1091//355 1090//355 1102//355 1103//355
f 1076//182 1087//182 1099//182 1089//182
f 1077//182 1076//182 1089//182 1088//182
f 1079//182 1078//182 1090//182 1091//182
f 1087//182 1086//182 1098//182 1099//182
f 1078//182 1077//182 1088//182 1090//182
f 1086//182 1085//182 1097//182 1098//182
f 1085//182 1084//182 1096//182 1097//182
f 1084//182 1083//182 1095//182 1096//182
f 1083//182 1082//182 1094//182 1095//182
f 1082//182 1081//182 1093//182 1094//182
f 1081//182 1080//182 1092//182 1093//182
f 1103//182 1102//182 1114//182 1115//182
f 1098//350 1097//350 1109//350 1110//350
f 1095//347 1094//347 1106//347 1107//347
f 1092//356 1091//356 1103//356 1104//356
f 1099//351 1098//351 1110//351 1111//351
f 1088//353 1089//353 1101//353 1100//353
f 1096//348 1095//348 1107//348 1108//348
f 1093//357 1092//357 1104//357 1105//357
f 1089//352 1099//352 1111//352 1101//352
f 1090//354 1088//354 1100//354 1102//354
f 1097//349 1096//349 1108//349 1109//349
f 1094//358 1093//358 1105//358 1106//358
f 1118//352 1117//352 1129//352 1130//352
f 1110//182 1109//182 1121//182 1122//182
f 1107//182 1106//182 1118//182 1119//182
f 1104//182 1103//182 1115//182 1116//182
f 1111//182 1110//182 1122//182 1123//182
f 1100//182 1101//182 1113//182 1112//182
f 1108//182 1107//182 1119//182 1120//182
f 1105//182 1104//182 1116//182 1117//182
f 1101//182 1111//182 1123//182 1113//182
f 1102//182 1100//182 1112//182 1114//182
f 1109//182 1108//182 1120//182 1121//182
f 1106//182 1105//182 1117//182 1118//182
f 1124//182 1125//182 1135//182 1134//182 1133//182 1132//182 1131//182 1130//182 1129//182 1128//182 1127//182 1126//182
f 1115//349 1114//349 1126//349 1127//349
f 1122//356 1121//356 1133//356 1134//356
f 1119//353 1118//353 1130//353 1131//353
f 1116//350 1115//350 1127//350 1128//350
f 1123//357 1122//357 1134//357 1135//357
f 1112//347 1113//347 1125//347 1124//347
f 1120//354 1119//354 1131//354 1132//354
f 1117//351 1116//351 1128//351 1129//351
f 1113//358 1123//358 1135//358 1125//358
f 1114//348 1112//348 1124//348 1126//348
f 1121//355 1120//355 1132//355 1133//355
f 1140//189 1152//189 1151//189 1139//189
f 1151//355 1163//355 1162//355 1150//355
f 1136//189 1149//189 1159//189 1147//189
f 1137//189 1148//189 1149//189 1136//189
f 1139//189 1151//189 1150//189 1138//189
f 1147//189 1159//189 1158//189 1146//189
f 1138//189 1150//189 1148//189 1137//189
f 1146//189 1158//189 1157//189 1145//189
f 1145//189 1157//189 1156//189 1144//189
f 1144//189 1156//189 1155//189 1143//189
f 1143//189 1155//189 1154//189 1142//189
f 1142//189 1154//189 1153//189 1141//189
f 1141//189 1153//189 1152//189 1140//189
f 1163//189 1175//189 1174//189 1162//189
f 1158//350 1170//350 1169//350 1157//350
f 1155//347 1167//347 1166//347 1154//347
f 1152//356 1164//356 1163//356 1151//356
f 1159//351 1171//351 1170//351 1158//351
f 1148//353 1160//353 1161//353 1149//353
f 1156//348 1168//348 1167//348 1155//348
f 1153//357 1165//357 1164//357 1152//357
f 1149//352 1161//352 1171//352 1159//352
f 1150//354 1162//354 1160//354 1148//354
f 1157//349 1169//349 1168//349 1156//349
f 1154//358 1166//358 1165//358 1153//358
f 1178//352 1190//352 1189//352 1177//352
f 1170//189 1182//189 1181//189 1169//189
f 1167//189 1179//189 1178//189 1166//189
f 1164//189 1176//189 1175//189 1163//189
f 1171//189 1183//189 1182//189 1170//189
f 1160//189 1172//189 1173//189 1161//189
f 1168//189 1180//189 1179//189 1167//189
f 1165//189 1177//189 1176//189 1164//189
f 1161//189 1173//189 1183//189 1171//189
f 1162//189 1174//189 1172//189 1160//189
f 1169//189 1181//189 1180//189 1168//189
f 1166//189 1178//189 1177//189 1165//189
f 1184//189 1186//189 1187//189 1188//189 1189//189 1190//189 1191//189 1192//189 1193//189 1194//189 1195//189 1185//189
f 1175//349 1187//349 1186//349 1174//349
f 1182//356 1194//356 1193//356 1181//356
f 1179//353 1191//353 1190//353 1178//353
f 1176//350 1188//350 1187//350 1175//350
f 1183//357 1195//357 1194//357 1182//357
f 1172//347 1184//347 1185//347 1173//347
f 1180//354 1192//354 1191//354 1179//354
f 1177//351 1189//351 1188//351 1176//351
f 1173//358 1185//358 1195//358 1183//358
f 1174//348 1186//348 1184//348 1172//348
f 1181//355 1193//355 1192//355 1180//355
f 1076//358 1136//358 1147//358 1087//358
f 1197//347 1196//347 1256//347 1257//347
f 1198//348 1197//348 1257//348 1258//348
f 1199//349 1198//349 1258//349 1259//349
f 1200//350 1199//350 1259//350 1260//350
f 1201//351 1200//351 1260//351 1261//351
f 1202//352 1201//352 1261//352 1262//352
f 1203//353 1202//353 1262//353 1263//353
f 1204//354 1203//354 1263//354 1264//354
f 1205//355 1204//355 1264//355 1265//355
f 1200//189 1212//189 1211//189 1199//189
f 1206//356 1205//356 1265//356 1266//356
f 1207//357 1206//357 1266//357 1267//357
f 1211//355 1223//355 1222//355 1210//355
f 1196//189 1209//189 1219//189 1207//189
f 1197//189 1208//189 1209//189 1196//189
f 1199//189 1211//189 1210//189 1198//189
f 1207//189 1219//189 1218//189 1206//189
f 1198//189 1210//189 1208//189 1197//189
f 1206//189 1218//189 1217//189 1205//189
f 1205//189 1217//189 1216//189 1204//189
f 1204//189 1216//189 1215//189 1203//189
f 1203//189 1215//189 1214//189 1202//189
f 1202//189 1214//189 1213//189 1201//189
f 1201//189 1213//189 1212//189 1200//189
f 1223//189 1235//189 1234//189 1222//189
f 1218//350 1230//350 1229//350 1217//350
f 1215//347 1227//347 1226//347 1214//347
f 1212//356 1224//356 1223//356 1211//356
f 1219//351 1231//351 1230//351 1218//351
f 1208//353 1220//353 1221//353 1209//353
f 1216//348 1228//348 1227//348 1215//348
f 1213//357 1225//357 1224//357 1212//357
f 1209//352 1221//352 1231//352 1219//352
f 1210//354 1222//354 1220//354 1208//354
f 1217//349 1229//349 1228//349 1216//349
f 1214//358 1226//358 1225//358 1213//358
f 1238//352 1250//352 1249//352 1237//352
f 1230//189 1242//189 1241//189 1229//189
f 1227//189 1239//189 1238//189 1226//189
f 1224//189 1236//189 1235//189 1223//189
f 1231//189 1243//189 1242//189 1230//189
f 1220//189 1232//189 1233//189 1221//189
f 1228//189 1240//189 1239//189 1227//189
f 1225//189 1237//189 1236//189 1224//189
f 1221//189 1233//189 1243//189 1231//189
f 1222//189 1234//189 1232//189 1220//189
f 1229//189 1241//189 1240//189 1228//189
f 1226//189 1238//189 1237//189 1225//189
f 1244//189 1246//189 1247//189 1248//189 1249//189 1250//189 1251//189 1252//189 1253//189 1254//189 1255//189 1245//189
f 1235//349 1247//349 1246//349 1234//349
f 1242//356 1254//356 1253//356 1241//356
f 1239//353 1251//353 1250//353 1238//353
f 1236//350 1248//350 1247//350 1235//350
f 1243//357 1255//357 1254//357 1242//357
f 1232//347 1244//347 1245//347 1233//347
f 1240//354 1252//354 1251//354 1239//354
f 1237//351 1249//351 1248//351 1236//351
f 1233//358 1245//358 1255//358 1243//358
f 1234//348 1246//348 1244//348 1232//348
f 1241//355 1253//355 1252//355 1240//355
f 1260//182 1259//182 1271//182 1272//182
f 1271//355 1270//355 1282//355 1283//355
f 1256//182 1267//182 1279//182 1269//182
f 1257//182 1256//182 1269//182 1268//182
f 1259//182 1258//182 1270//182 1271//182
f 1267//182 1266//182 1278//182 1279//182
f 1258//182 1257//182 1268//182 1270//182
f 1266//182 1265//182 1277//182 1278//182
f 1265//182 1264//182 1276//182 1277//182
f 1264//182 1263//182 1275//182 1276//182
f 1263//182 1262//182 1274//182 1275//182
f 1262//182 1261//182 1273//182 1274//182
f 1261//182 1260//182 1272//182 1273//182
f 1283//182 1282//182 1294//182 1295//182
f 1278//350 1277//350 1289//350 1290//350
f 1275//347 1274//347 1286//347 1287//347
f 1272//356 1271//356 1283//356 1284//356
f 1279//351 1278//351 1290//351 1291//351
f 1268//353 1269//353 1281//353 1280//353
f 1276//348 1275//348 1287//348 1288//348
f 1273//357 1272//357 1284//357 1285//357
f 1269//352 1279//352 1291//352 1281//352
f 1270//354 1268//354 1280//354 1282//354
f 1277//349 1276//349 1288//349 1289//349
f 1274//358 1273//358 1285//358 1286//358
f 1298//352 1297//352 1309//352 1310//352
f 1290//182 1289//182 1301//182 1302//182
f 1287//182 1286//182 1298//182 1299//182
f 1284//182 1283//182 1295//182 1296//182
f 1291//182 1290//182 1302//182 1303//182
f 1280//182 1281//182 1293//182 1292//182
f 1288//182 1287//182 1299//182 1300//182
f 1285//182 1284//182 1296//182 1297//182
f 1281//182 1291//182 1303//182 1293//182
f 1282//182 1280//182 1292//182 1294//182
f 1289//182 1288//182 1300//182 1301//182
f 1286//182 1285//182 1297//182 1298//182
f 1304//182 1305//182 1315//182 1314//182 1313//182 1312//182 1311//182 1310//182 1309//182 1308//182 1307//182 1306//182
f 1295//349 1294//349 1306//349 1307//349
f 1302//356 1301//356 1313//356 1314//356
f 1299//353 1298//353 1310//353 1311//353
f 1296//350 1295//350 1307//350 1308//350
f 1303//357 1302//357 1314//357 1315//357
f 1292//347 1293//347 1305//347 1304//347
f 1300//354 1299//354 1311//354 1312//354
f 1297//351 1296//351 1308//351 1309//351
f 1293//358 1303//358 1315//358 1305//358
f 1294//348 1292//348 1304//348 1306//348
f 1301//355 1300//355 1312//355 1313//355
f 1196//358 1207//358 1267//358 1256//358
f 1317//347 1316//347 1376//347 1377//347
f 1318//348 1317//348 1377//348 1378//348
f 1319//349 1318//349 1378//349 1379//349
f 1320//350 1319//350 1379//350 1380//350
f 1321//351 1320//351 1380//351 1381//351
f 1322//352 1321//352 1381//352 1382//352
f 1323//353 1322//353 1382//353 1383//353
f 1324//354 1323//354 1383//354 1384//354
f 1325//355 1324//355 1384//355 1385//355
f 1320//189 1332//189 1331//189 1319//189
f 1326//356 1325//356 1385//356 1386//356
f 1327//357 1326//357 1386//357 1387//357
f 1331//355 1343//355 1342//355 1330//355
f 1316//189 1329//189 1339//189 1327//189
f 1317//189 1328//189 1329//189 1316//189
f 1319//189 1331//189 1330//189 1318//189
f 1327//189 1339//189 1338//189 1326//189
f 1318//189 1330//189 1328//189 1317//189
f 1326//189 1338//189 1337//189 1325//189
f 1325//189 1337//189 1336//189 1324//189
f 1324//189 1336//189 1335//189 1323//189
f 1323//189 1335//189 1334//189 1322//189
f 1322//189 1334//189 1333//189 1321//189
f 1321//189 1333//189 1332//189 1320//189
f 1343//189 1355//189 1354//189 1342//189
f 1338//350 1350//350 1349//350 1337//350
f 1335//347 1347//347 1346//347 1334//347
f 1332//356 1344//356 1343//356 1331//356
f 1339//351 1351//351 1350//351 1338//351
f 1328//353 1340//353 1341//353 1329//353
f 1336//348 1348//348 1347//348 1335//348
f 1333//357 1345//357 1344//357 1332//357
f 1329//352 1341//352 1351//352 1339//352
f 1330//354 1342//354 1340//354 1328//354
f 1337//349 1349//349 1348//349 1336//349
f 1334//358 1346//358 1345//358 1333//358
f 1358//352 1370//352 1369//352 1357//352
f 1350//189 1362//189 1361//189 1349//189
f 1347//189 1359//189 1358//189 1346//189
f 1344//189 1356//189 1355//189 1343//189
f 1351//189 1363//189 1362//189 1350//189
f 1340//189 1352//189 1353//189 1341//189
f 1348//189 1360//189 1359//189 1347//189
f 1345//189 1357//189 1356//189 1344//189
f 1341//189 1353//189 1363//189 1351//189
f 1342//189 1354//189 1352//189 1340//189
f 1349//189 1361//189 1360//189 1348//189
f 1346//189 1358//189 1357//189 1345//189
f 1364//189 1366//189 1367//189 1368//189 1369//189 1370//189 1371//189 1372//189 1373//189 1374//189 1375//189 1365//189
f 1355//349 1367//349 1366//349 1354//349
f 1362//356 1374//356 1373//356 1361//356
f 1359//353 1371//353 1370//353 1358//353
f 1356//350 1368//350 1367//350 1355//350
f 1363//357 1375//357 1374//357 1362//357
f 1352//347 1364//347 1365//347 1353//347
f 1360//354 1372//354 1371//354 1359//354
f 1357//351 1369//351 1368//351 1356//351
f 1353//358 1365//358 1375//358 1363//358
f 1354//348 1366//348 1364//348 1352//348
f 1361//355 1373//355 1372//355 1360//355
f 1380//182 1379//182 1391//182 1392//182
f 1391//355 1390//355 1402//355 1403//355
f 1376//182 1387//182 1399//182 1389//182
f 1377//182 1376//182 1389//182 1388//182
f 1379//182 1378//182 1390//182 1391//182
f 1387//182 1386//182 1398//182 1399//182
f 1378//182 1377//182 1388//182 1390//182
f 1386//182 1385//182 1397//182 1398//182
f 1385//182 1384//182 1396//182 1397//182
f 1384//182 1383//182 1395//182 1396//182
f 1383//182 1382//182 1394//182 1395//182
f 1382//182 1381//182 1393//182 1394//182
f 1381//182 1380//182 1392//182 1393//182
f 1403//182 1402//182 1414//182 1415//182
f 1398//350 1397//350 1409//350 1410//350
f 1395//347 1394//347 1406//347 1407//347
f 1392//356 1391//356 1403//356 1404//356
f 1399//351 1398//351 1410//351 1411//351
f 1388//353 1389//353 1401//353 1400//353
f 1396//348 1395//348 1407//348 1408//348
f 1393//357 1392//357 1404//357 1405//357
f 1389//352 1399//352 1411//352 1401//352
f 1390//354 1388//354 1400//354 1402//354
f 1397//349 1396//349 1408//349 1409//349
f 1394//358 1393//358 1405//358 1406//358
f 1418//352 1417//352 1429//352 1430//352
f 1410//182 1409//182 1421//182 1422//182
f 1407//182 1406//182 1418//182 1419//182
f 1404//182 1403//182 1415//182 1416//182
f 1411//182 1410//182 1422//182 1423//182
f 1400//182 1401//182 1413//182 1412//182
f 1408//182 1407//182 1419//182 1420//182
f 1405//182 1404//182 1416//182 1417//182
f 1401//182 1411//182 1423//182 1413//182
f 1402//182 1400//182 1412//182 1414//182
f 1409//182 1408//182 1420//182 1421//182
f 1406//182 1405//182 1417//182 1418//182
f 1424//182 1425//182 1435//182 1434//182 1433//182 1432//182 1431//182 1430//182 1429//182 1428//182 1427//182 1426//182
f 1415//349 1414//349 1426//349 1427//349
f 1422//356 1421//356 1433//356 1434//356
f 1419//353 1418//353 1430//353 1431//353
f 1416//350 1415//350 1427//350 1428//350
f 1423//357 1422//357 1434//357 1435//357
f 1412//347 1413//347 1425//347 1424//347
f 1420//354 1419//354 1431//354 1432//354
f 1417//351 1416//351 1428//351 1429//351
f 1413//358 1423//358 1435//358 1425//358
f 1414//348 1412//348 1424//348 1426//348
f 1421//355 1420//355 1432//355 1433//355
f 1316//358 1327//358 1387//358 1376//358
f 1437//347 1436//347 1496//347 1497//347
f 1438//348 1437//348 1497//348 1498//348
f 1439//349 1438//349 1498//349 1499//349
f 1440//350 1439//350 1499//350 1500//350
f 1441//351 1440//351 1500//351 1501//351
f 1442//352 1441//352 1501//352 1502//352
f 1443//353 1442//353 1502//353 1503//353
f 1444//354 1443//354 1503//354 1504//354
f 1445//355 1444//355 1504//355 1505//355
f 1440//189 1452//189 1451//189 1439//189
f 1446//356 1445//356 1505//356 1506//356
f 1447//357 1446//357 1506//357 1507//357
f 1451//355 1463//355 1462//355 1450//355
f 1436//189 1449//189 1459//189 1447//189
f 1437//189 1448//189 1449//189 1436//189
f 1439//189 1451//189 1450//189 1438//189
f 1447//189 1459//189 1458//189 1446//189
f 1438//189 1450//189 1448//189 1437//189
f 1446//189 1458//189 1457//189 1445//189
f 1445//189 1457//189 1456//189 1444//189
f 1444//189 1456//189 1455//189 1443//189
f 1443//189 1455//189 1454//189 1442//189
f 1442//189 1454//189 1453//189 1441//189
f 1441//189 1453//189 1452//189 1440//189
f 1463//189 1475//189 1474//189 1462//189
f 1458//350 1470//350 1469//350 1457//350
f 1455//347 1467//347 1466//347 1454//347
f 1452//356 1464//356 1463//356 1451//356
f 1459//351 1471//351 1470//351 1458//351
f 1448//353 1460//353 1461//353 1449//353
f 1456//348 1468//348 1467//348 1455//348
f 1453//357 1465//357 1464//357 1452//357
f 1449//352 1461//352 1471//352 1459//352
f 1450//354 1462//354 1460//354 1448//354
f 1457//349 1469//349 1468//349 1456//349
f 1454//358 1466//358 1465//358 1453//358
f 1478//352 1490//352 1489//352 1477//352
f 1470//189 1482//189 1481//189 1469//189
f 1467//189 1479//189 1478//189 1466//189
f 1464//189 1476//189 1475//189 1463//189
f 1471//189 1483//189 1482//189 1470//189
f 1460//189 1472//189 1473//189 1461//189
f 1468//189 1480//189 1479//189 1467//189
f 1465//189 1477//189 1476//189 1464//189
f 1461//189 1473//189 1483//189 1471//189
f 1462//189 1474//189 1472//189 1460//189
f 1469//189 1481//189 1480//189 1468//189
f 1466//189 1478//189 1477//189 1465//189
f 1484//189 1486//189 1487//189 1488//189 1489//189 1490//189 1491//189 1492//189 1493//189 1494//189 1495//189 1485//189
f 1475//349 1487//349 1486//349 1474//349
f 1482//356 1494//356 1493//356 1481//356
f 1479//353 1491//353 1490//353 1478//353
f 1476//350 1488//350 1487//350 1475//350
f 1483//357 1495//357 1494//357 1482//357
f 1472//347 1484//347 1485//347 1473//347
f 1480//354 1492//354 1491//354 1479//354
f 1477//351 1489//351 1488//351 1476//351
f 1473//358 1485//358 1495//358 1483//358
f 1474//348 1486//348 1484//348 1472//348
f 1481//355 1493//355 1492//355 1480//355
f 1500//182 1499//182 1511//182 1512//182
f 1511//355 1510//355 1522//355 1523//355
f 1496//182 1507//182 1519//182 1509//182
f 1497//182 1496//182 1509//182 1508//182
f 1499//182 1498//182 1510//182 1511//182
f 1507//182 1506//182 1518//182 1519//182
f 1498//182 1497//182 1508//182 1510//182
f 1506//182 1505//182 1517//182 1518//182
f 1505//182 1504//182 1516//182 1517//182
f 1504//182 1503//182 1515//182 1516//182
f 1503//182 1502//182 1514//182 1515//182
f 1502//182 1501//182 1513//182 1514//182
f 1501//182 1500//182 1512//182 1513//182
f 1523//182 1522//182 1534//182 1535//182
f 1518//350 1517//350 1529//350 1530//350
f 1515//347 1514//347 1526//347 1527//347
f 1512//356 1511//356 1523//356 1524//356
f 1519//351 1518//351 1530//351 1531//351
f 1508//353 1509//353 1521//353 1520//353
f 1516//348 1515//348 1527//348 1528//348
f 1513//357 1512//357 1524//357 1525//357
f 1509//352 1519//352 1531//352 1521//352
f 1510//354 1508//354 1520//354 1522//354
f 1517//349 1516//349 1528//349 1529//349
f 1514//358 1513//358 1525//358 1526//358
f 1538//352 1537//352 1549//352 1550//352
f 1530//182 1529//182 1541//182 1542//182
f 1527//182 1526//182 1538//182 1539//182
f 1524//182 1523//182 1535//182 1536//182
f 1531//182 1530//182 1542//182 1543//182
f 1520//182 1521//182 1533//182 1532//182
f 1528//182 1527//182 1539//182 1540//182
f 1525//182 1524//182 1536//182 1537//182
f 1521//182 1531//182 1543//182 1533//182
f 1522//182 1520//182 1532//182 1534//182
f 1529//182 1528//182 1540//182 1541//182
f 1526//182 1525//182 1537//182 1538//182
f 1544//182 1545//182 1555//182 1554//182 1553//182 1552//182 1551//182 1550//182 1549//182 1548//182 1547//182 1546//182
f 1535//349 1534//349 1546//349 1547//349
f 1542//356 1541//356 1553//356 1554//356
f 1539//353 1538//353 1550//353 1551//353
f 1536//350 1535//350 1547//350 1548//350
f 1543//357 1542//357 1554//357 1555//357
f 1532//347 1533//347 1545//347 1544//347
f 1540//354 1539//354 1551//354 1552//354
f 1537//351 1536//351 1548//351 1549//351
f 1533//358 1543//358 1555//358 1545//358
f 1534//348 1532//348 1544//348 1546//348
f 1541//355 1540//355 1552//355 1553//355
f 1436//358 1447//358 1507//358 1496//358
f 1557//347 1556//347 1616//347 1617//347
f 1558//348 1557//348 1617//348 1618//348
f 1559//349 1558//349 1618//349 1619//349
f 1560//350 1559//350 1619//350 1620//350
f 1561//351 1560//351 1620//351 1621//351
f 1562//352 1561//352 1621//352 1622//352
f 1563//353 1562//353 1622//353 1623//353
f 1564//354 1563//354 1623//354 1624//354
f 1565//355 1564//355 1624//355 1625//355
f 1560//189 1572//189 1571//189 1559//189
f 1566//356 1565//356 1625//356 1626//356
f 1567//357 1566//357 1626//357 1627//357
f 1571//355 1583//355 1582//355 1570//355
f 1556//189 1569//189 1579//189 1567//189
f 1557//189 1568//189 1569//189 1556//189
f 1559//189 1571//189 1570//189 1558//189
f 1567//189 1579//189 1578//189 1566//189
f 1558//189 1570//189 1568//189 1557//189
f 1566//189 1578//189 1577//189 1565//189
f 1565//189 1577//189 1576//189 1564//189
f 1564//189 1576//189 1575//189 1563//189
f 1563//189 1575//189 1574//189 1562//189
f 1562//189 1574//189 1573//189 1561//189
f 1561//189 1573//189 1572//189 1560//189
f 1583//189 1595//189 1594//189 1582//189
f 1578//350 1590//350 1589//350 1577//350
f 1575//347 1587//347 1586//347 1574//347
f 1572//356 1584//356 1583//356 1571//356
f 1579//351 1591//351 1590//351 1578//351
f 1568//353 1580//353 1581//353 1569//353
f 1576//348 1588//348 1587//348 1575//348
f 1573//357 1585//357 1584//357 1572//357
f 1569//352 1581//352 1591//352 1579//352
f 1570//354 1582//354 1580//354 1568//354
f 1577//349 1589//349 1588//349 1576//349
f 1574//358 1586//358 1585//358 1573//358
f 1598//352 1610//352 1609//352 1597//352
f 1590//189 1602//189 1601//189 1589//189
f 1587//189 1599//189 1598//189 1586//189
f 1584//189 1596//189 1595//189 1583//189
f 1591//189 1603//189 1602//189 1590//189
f 1580//189 1592//189 1593//189 1581//189
f 1588//189 1600//189 1599//189 1587//189
f 1585//189 1597//189 1596//189 1584//189
f 1581//189 1593//189 1603//189 1591//189
f 1582//189 1594//189 1592//189 1580//189
f 1589//189 1601//189 1600//189 1588//189
f 1586//189 1598//189 1597//189 1585//189
f 1604//189 1606//189 1607//189 1608//189 1609//189 1610//189 1611//189 1612//189 1613//189 1614//189 1615//189 1605//189
f 1595//349 1607//349 1606//349 1594//349
f 1602//356 1614//356 1613//356 1601//356
f 1599//353 1611//353 1610//353 1598//353
f 1596//350 1608//350 1607//350 1595//350
f 1603//357 1615//357 1614//357 1602//357
f 1592//347 1604//347 1605//347 1593//347
f 1600//354 1612//354 1611//354 1599//354
f 1597//351 1609//351 1608//351 1596//351
f 1593//358 1605//358 1615//358 1603//358
f 1594//348 1606//348 1604//348 1592//348
f 1601//355 1613//355 1612//355 1600//355
f 1620//182 1619//182 1631//182 1632//182
f 1631//355 1630//355 1642//355 1643//355
f 1616//182 1627//182 1639//182 1629//182
f 1617//182 1616//182 1629//182 1628//182
f 1619//182 1618//182 1630//182 1631//182
f 1627//182 1626//182 1638//182 1639//182
f 1618//182 1617//182 1628//182 1630//182
f 1626//182 1625//182 1637//182 1638//182
f 1625//182 1624//182 1636//182 1637//182
f 1624//182 1623//182 1635//182 1636//182
f 1623//182 1622//182 1634//182 1635//182
f 1622//182 1621//182 1633//182 1634//182
f 1621//182 1620//182 1632//182 1633//182
f 1643//182 1642//182 1654//182 1655//182
f 1638//350 1637//350 1649//350 1650//350
f 1635//347 1634//347 1646//347 1647//347
f 1632//356 1631//356 1643//356 1644//356
f 1639//351 1638//351 1650//351 1651//351
f 1628//353 1629//353 1641//353 1640//353
f 1636//348 1635//348 1647//348 1648//348
f 1633//357 1632//357 1644//357 1645//357
f 1629//352 1639//352 1651//352 1641//352
f 1630//354 1628//354 1640//354 1642//354
f 1637//349 1636//349 1648//349 1649//349
f 1634//358 1633//358 1645//358 1646//358
f 1658//352 1657//352 1669//352 1670//352
f 1650//182 1649//182 1661//182 1662//182
f 1647//182 1646//182 1658//182 1659//182
f 1644//182 1643//182 1655//182 1656//182
f 1651//182 1650//182 1662//182 1663//182
f 1640//182 1641//182 1653//182 1652//182
f 1648//182 1647//182 1659//182 1660//182
f 1645//182 1644//182 1656//182 1657//182
f 1641//182 1651//182 1663//182 1653//182
f 1642//182 1640//182 1652//182 1654//182
f 1649//182 1648//182 1660//182 1661//182
f 1646//182 1645//182 1657//182 1658//182
f 1664//182 1665//182 1675//182 1674//182 1673//182 1672//182 1671//182 1670//182 1669//182 1668//182 1667//182 1666//182
f 1655//349 1654//349 1666//349 1667//349
f 1662//356 1661//356 1673//356 1674//356
f 1659//353 1658//353 1670//353 1671//353
f 1656//350 1655//350 1667//350 1668//350
f 1663//357 1662//357 1674//357 1675//357
f 1652//347 1653//347 1665//347 1664//347
f 1660//354 1659//354 1671//354 1672//354
f 1657//351 1656//351 1668//351 1669//351
f 1653//358 1663//358 1675//358 1665//358
f 1654//348 1652//348 1664//348 1666//348
f 1661//355 1660//355 1672//355 1673//355
f 1556//358 1567//358 1627//358 1616//358
f 1677//347 1676//347 1736//347 1737//347
f 1678//348 1677//348 1737//348 1738//348
f 1679//349 1678//349 1738//349 1739//349
f 1680//350 1679//350 1739//350 1740//350
f 1681//351 1680//351 1740//351 1741//351
f 1682//352 1681//352 1741//352 1742//352
f 1683//353 1682//353 1742//353 1743//353
f 1684//354 1683//354 1743//354 1744//354
f 1685//355 1684//355 1744//355 1745//355
f 1680//189 1692//189 1691//189 1679//189
f 1686//356 1685//356 1745//356 1746//356
f 1687//357 1686//357 1746//357 1747//357
f 1691//355 1703//355 1702//355 1690//355
f 1676//189 1689//189 1699//189 1687//189
f 1677//189 1688//189 1689//189 1676//189
f 1679//189 1691//189 1690//189 1678//189
f 1687//189 1699//189 1698//189 1686//189
f 1678//189 1690//189 1688//189 1677//189
f 1686//189 1698//189 1697//189 1685//189
f 1685//189 1697//189 1696//189 1684//189
f 1684//189 1696//189 1695//189 1683//189
f 1683//189 1695//189 1694//189 1682//189
f 1682//189 1694//189 1693//189 1681//189
f 1681//189 1693//189 1692//189 1680//189
f 1703//189 1715//189 1714//189 1702//189
f 1698//350 1710//350 1709//350 1697//350
f 1695//347 1707//347 1706//347 1694//347
f 1692//356 1704//356 1703//356 1691//356
f 1699//351 1711//351 1710//351 1698//351
f 1688//353 1700//353 1701//353 1689//353
f 1696//348 1708//348 1707//348 1695//348
f 1693//357 1705//357 1704//357 1692//357
f 1689//352 1701//352 1711//352 1699//352
f 1690//354 1702//354 1700//354 1688//354
f 1697//349 1709//349 1708//349 1696//349
f 1694//358 1706//358 1705//358 1693//358
f 1718//352 1730//352 1729//352 1717//352
f 1710//189 1722//189 1721//189 1709//189
f 1707//189 1719//189 1718//189 1706//189
f 1704//189 1716//189 1715//189 1703//189
f 1711//189 1723//189 1722//189 1710//189
f 1700//189 1712//189 1713//189 1701//189
f 1708//189 1720//189 1719//189 1707//189
f 1705//189 1717//189 1716//189 1704//189
f 1701//189 1713//189 1723//189 1711//189
f 1702//189 1714//189 1712//189 1700//189
f 1709//189 1721//189 1720//189 1708//189
f 1706//189 1718//189 1717//189 1705//189
f 1724//189 1726//189 1727//189 1728//189 1729//189 1730//189 1731//189 1732//189 1733//189 1734//189 1735//189 1725//189
f 1715//349 1727//349 1726//349 1714//349
f 1722//356 1734//356 1733//356 1721//356
f 1719//353 1731//353 1730//353 1718//353
f 1716//350 1728//350 1727//350 1715//350
f 1723//357 1735//357 1734//357 1722//357
f 1712//347 1724//347 1725//347 1713//347
f 1720//354 1732//354 1731//354 1719//354
f 1717//351 1729//351 1728//351 1716//351
f 1713//358 1725//358 1735//358 1723//358
f 1714//348 1726//348 1724//348 1712//348
f 1721//355 1733//355 1732//355 1720//355
f 1740//182 1739//182 1751//182 1752//182
f 1751//355 1750//355 1762//355 1763//355
f 1736//182 1747//182 1759//182 1749//182
f 1737//182 1736//182 1749//182 1748//182
f 1739//182 1738//182 1750//182 1751//182
f 1747//182 1746//182 1758//182 1759//182
f 1738//182 1737//182 1748//182 1750//182
f 1746//182 1745//182 1757//182 1758//182
f 1745//182 1744//182 1756//182 1757//182
f 1744//182 1743//182 1755//182 1756//182
f 1743//182 1742//182 1754//182 1755//182
f 1742//182 1741//182 1753//182 1754//182
f 1741//182 1740//182 1752//182 1753//182
f 1763//182 1762//182 1774//182 1775//182
f 1758//350 1757//350 1769//350 1770//350
f 1755//347 1754//347 1766//347 1767//347
f 1752//356 1751//356 1763//356 1764//356
f 1759//351 1758//351 1770//351 1771//351
f 1748//353 1749//353 1761//353 1760//353
f 1756//348 1755//348 1767//348 1768//348
f 1753//357 1752//357 1764//357 1765//357
f 1749//352 1759//352 1771//352 1761//352
f 1750//354 1748//354 1760//354 1762//354
f 1757//349 1756//349 1768//349 1769//349
f 1754//358 1753//358 1765//358 1766//358
f 1778//352 1777//352 1789//352 1790//352
f 1770//182 1769//182 1781//182 1782//182
f 1767//182 1766//182 1778//182 1779//182
f 1764//182 1763//182 1775//182 1776//182
f 1771//182 1770//182 1782//182 1783//182
f 1760//182 1761//182 1773//182 1772//182
f 1768//182 1767//182 1779//182 1780//182
f 1765//182 1764//182 1776//182 1777//182
f 1761//182 1771//182 1783//182 1773//182
f 1762//182 1760//182 1772//182 1774//182
f 1769//182 1768//182 1780//182 1781//182
f 1766//182 1765//182 1777//182 1778//182
f 1784//182 1785//182 1795//182 1794//182 1793//182 1792//182 1791//182 1790//182 1789//182 1788//182 1787//182 1786//182
f 1775//349 1774//349 1786//349 1787//349
f 1782//356 1781//356 1793//356 1794//356
f 1779//353 1778//353 1790//353 1791//353
f 1776//350 1775//350 1787//350 1788//350
f 1783//357 1782//357 1794//357 1795//357
f 1772//347 1773//347 1785//347 1784//347
f 1780//354 1779//354 1791//354 1792//354
f 1777//351 1776//351 1788//351 1789//351
f 1773//358 1783//358 1795//358 1785//358
f 1774//348 1772//348 1784//348 1786//348
f 1781//355 1780//355 1792//355 1793//355
f 1676//358 1687//358 1747//358 1736//358
f 1797//347 1796//347 1856//347 1857//347
f 1798//348 1797//348 1857//348 1858//348
f 1799//349 1798//349 1858//349 1859//349
f 1800//350 1799//350 1859//350 1860//350
f 1801//351 1800//351 1860//351 1861//351
f 1802//352 1801//352 1861//352 1862//352
f 1803//353 1802//353 1862//353 1863//353
f 1804//354 1803//354 1863//354 1864//354
f 1805//355 1804//355 1864//355 1865//355
f 1800//189 1812//189 1811//189 1799//189
f 1806//356 1805//356 1865//356 1866//356
f 1807//357 1806//357 1866//357 1867//357
f 1811//355 1823//355 1822//355 1810//355
f 1796//189 1809//189 1819//189 1807//189
f 1797//189 1808//189 1809//189 1796//189
f 1799//189 1811//189 1810//189 1798//189
f 1807//189 1819//189 1818//189 1806//189
f 1798//189 1810//189 1808//189 1797//189
f 1806//189 1818//189 1817//189 1805//189
f 1805//189 1817//189 1816//189 1804//189
f 1804//189 1816//189 1815//189 1803//189
f 1803//189 1815//189 1814//189 1802//189
f 1802//189 1814//189 1813//189 1801//189
f 1801//189 1813//189 1812//189 1800//189
f 1823//189 1835//189 1834//189 1822//189
f 1818//350 1830//350 1829//350 1817//350
f 1815//347 1827//347 1826//347 1814//347
f 1812//356 1824//356 1823//356 1811//356
f 1819//351 1831//351 1830//351 1818//351
f 1808//353 1820//353 1821//353 1809//353
f 1816//348 1828//348 1827//348 1815//348
f 1813//357 1825//357 1824//357 1812//357
f 1809//352 1821//352 1831//352 1819//352
f 1810//354 1822//354 1820//354 1808//354
f 1817//349 1829//349 1828//349 1816//349
f 1814//358 1826//358 1825//358 1813//358
f 1838//352 1850//352 1849//352 1837//352
f 1830//189 1842//189 1841//189 1829//189
f 1827//189 1839//189 1838//189 1826//189
f 1824//189 1836//189 1835//189 1823//189
f 1831//189 1843//189 1842//189 1830//189
f 1820//189 1832//189 1833//189 1821//189
f 1828//189 1840//189 1839//189 1827//189
f 1825//189 1837//189 1836//189 1824//189
f 1821//189 1833//189 1843//189 1831//189
f 1822//189 1834//189 1832//189 1820//189
f 1829//189 1841//189 1840//189 1828//189
f 1826//189 1838//189 1837//189 1825//189
f 1844//189 1846//189 1847//189 1848//189 1849//189 1850//189 1851//189 1852//189 1853//189 1854//189 1855//189 1845//189
f 1835//349 1847//349 1846//349 1834//349
f 1842//356 1854//356 1853//356 1841//356
f 1839//353 1851//353 1850//353 1838//353
f 1836//350 1848//350 1847//350 1835//350
f 1843//357 1855//357 1854//357 1842//357
f 1832//347 1844//347 1845//347 1833//347
f 1840//354 1852//354 1851//354 1839//354
f 1837//351 1849//351 1848//351 1836//351
f 1833//358 1845//358 1855//358 1843//358
f 1834//348 1846//348 1844//348 1832//348
f 1841//355 1853//355 1852//355 1840//355
f 1860//182 1859//182 1871//182 1872//182
f 1871//355 1870//355 1882//355 1883//355
f 1856//182 1867//182 1879//182 1869//182
f 1857//182 1856//182 1869//182 1868//182
f 1859//182 1858//182 1870//182 1871//182
f 1867//182 1866//182 1878//182 1879//182
f 1858//182 1857//182 1868//182 1870//182
f 1866//182 1865//182 1877//182 1878//182
f 1865//182 1864//182 1876//182 1877//182
f 1864//182 1863//182 1875//182 1876//182
f 1863//182 1862//182 1874//182 1875//182
f 1862//182 1861//182 1873//182 1874//182
f 1861//182 1860//182 1872//182 1873//182
f 1883//182 1882//182 1894//182 1895//182
f 1878//350 1877//350 1889//350 1890//350
f 1875//347 1874//347 1886//347 1887//347
f 1872//356 1871//356 1883//356 1884//356
f 1879//351 1878//351 1890//351 1891//351
f 1868//353 1869//353 1881//353 1880//353
f 1876//348 1875//348 1887//348 1888//348
f 1873//357 1872//357 1884//357 1885//357
f 1869//352 1879//352 1891//352 1881//352
f 1870//354 1868//354 1880//354 1882//354
f 1877//349 1876//349 1888//349 1889//349
f 1874//358 1873//358 1885//358 1886//358
f 1898//352 1897//352 1909//352 1910//352
f 1890//182 1889//182 1901//182 1902//182
f 1887//182 1886//182 1898//182 1899//182
f 1884//182 1883//182 1895//182 1896//182
f 1891//182 1890//182 1902//182 1903//182
f 1880//182 1881//182 1893//182 1892//182
f 1888//182 1887//182 1899//182 1900//182
f 1885//182 1884//182 1896//182 1897//182
f 1881//182 1891//182 1903//182 1893//182
f 1882//182 1880//182 1892//182 1894//182
f 1889//182 1888//182 1900//182 1901//182
f 1886//182 1885//182 1897//182 1898//182
f 1904//182 1905//182 1915//182 1914//182 1913//182 1912//182 1911//182 1910//182 1909//182 1908//182 1907//182 1906//182
f 1895//349 1894//349 1906//349 1907//349
f 1902//356 1901//356 1913//356 1914//356
f 1899//353 1898//353 1910//353 1911//353
f 1896//350 1895//350 1907//350 1908//350
f 1903//357 1902//357 1914//357 1915//357
f 1892//347 1893//347 1905//347 1904//347
f 1900//354 1899//354 1911//354 1912//354
f 1897//351 1896//351 1908//351 1909//351
f 1893//358 1903//358 1915//358 1905//358
f 1894//348 1892//348 1904//348 1906//348
f 1901//355 1900//355 1912//355 1913//355
f 1796//358 1807//358 1867//358 1856//358
o TrackMesh.R_Cube.000
v 0.64863225 0.0864675 -2.2686858
v 0.08084115 0.0864675 -2.2686858
v 0.64863225 0.08646704999999999 -1.36336725
v 0.08084115 0.0864675 -1.36336725
v 0.64863225 0.20570445 -2.2686858
v 0.08084115 0.2057049 -2.2686858
v 0.08084115 0.20570445 -1.36336725
v 0.64863225 0.20570445 -1.36336725
v 0.5177700000000001 0.0864675 -2.2686858
v 0.21170339999999999 0.0864675 -2.2686858
v 0.21170339999999999 0.0864675 -1.36336725
v 0.51777045 0.08646704999999999 -1.36336725
v 0.21170339999999999 0.20570445 -1.36336725
v 0.51777045 0.20570445 -1.36336725
v 0.51777045 0.2057049 -2.2686858
v 0.21170339999999999 0.2057049 -2.2686858
v 0.4871277 0.0045562499999999995 -2.2686858
v 0.2423457 0.0045562499999999995 -2.2686858
v 0.2423457 0.004555799999999999 -1.36336725
v 0.4871277 0.004555799999999999 -1.36336725
v 1.27863225 0.0864675 -2.2686858
v 0.71084115 0.0864675 -2.2686858
v 1.27863225 0.08646704999999999 -1.36336725
v 0.71084115 0.0864675 -1.36336725
v 1.27863225 0.20570445 -2.2686858
v 0.71084115 0.2057049 -2.2686858
v 0.7108416 0.20570445 -1.36336725
v 1.27863225 0.20570445 -1.36336725
v 1.1477704499999999 0.0864675 -2.2686858
v 0.8417034 0.0864675 -2.2686858
v 0.8417034 0.08646704999999999 -1.36336725
v 1.1477704499999999 0.08646704999999999 -1.36336725
v 0.8417034 0.20570445 -1.36336725
v 1.1477704499999999 0.20570445 -1.36336725
v 1.1477704499999999 0.20570445 -2.2686858
v 0.8417034 0.2057049 -2.2686858
v 1.1171277 0.0045562499999999995 -2.2686858
v 0.8723457000000001 0.0045562499999999995 -2.2686858
v 0.8723457000000001 0.004555799999999999 -1.36336725
v 1.1171277 0.004555799999999999 -1.36336725
v 1.90863135 0.0864675 -2.26868625
v 1.34084025 0.0864675 -2.26868535
v 1.9086318000000002 0.08646704999999999 -1.36336725
v 1.3408407 0.08646704999999999 -1.36336725
v 1.9086318000000002 0.20570445 -2.26868625
v 1.34084025 0.2057049 -2.26868535
v 1.3408407 0.20570445 -1.36336725
v 1.9086318000000002 0.205704 -1.36336725
v 1.77776955 0.0864675 -2.26868625
v 1.4717025 0.0864675 -2.26868535
v 1.4717025 0.08646704999999999 -1.36336725
v 1.77776955 0.08646704999999999 -1.36336725
v 1.4717025 0.20570445 -1.36336725
v 1.77776955 0.20570445 -1.36336725
v 1.77776955 0.20570445 -2.26868625
v 1.4717025 0.2057049 -2.26868535
v 1.7471268 0.0045562499999999995 -2.26868625
v 1.5023448000000001 0.0045562499999999995 -2.26868535
v 1.50234525 0.004555799999999999 -1.3633677
v 1.7471268 0.004555799999999999 -1.3633677
v 2.53863225 0.0864675 -2.26868625
v 1.9708411500000003 0.0864675 -2.26868625
v 2.53863225 0.08646704999999999 -1.3633677
v 1.9708411500000003 0.08646704999999999 -1.3633677
v 2.53863225 0.20570445 -2.26868625
v 1.9708411500000003 0.2057049 -2.26868625
v 1.9708411500000003 0.20570445 -1.3633677
v 2.53863225 0.205704 -1.3633677
v 2.40777045 0.0864675 -2.26868625
v 2.1017034 0.0864675 -2.26868625
v 2.1017034 0.08646704999999999 -1.3633677
v 2.40777045 0.08646704999999999 -1.3633677
v 2.1017034 0.20570445 -1.3633677
v 2.40777045 0.205704 -1.3633677
v 2.40777045 0.20570445 -2.26868625
v 2.1017034 0.20570445 -2.26868625
v 2.3771277 0.0045562499999999995 -2.26868625
v 2.1323457 0.0045562499999999995 -2.26868625
v 2.1323457 0.004555799999999999 -1.3633677
v 2.3771277 0.004555799999999999 -1.3633677
v 3.1458078 0.2881134 -2.26868625
v 2.6492526 0.0127602 -2.26868625
v 3.14580825 0.2881134 -1.3633677
v 2.6492526 0.01275975 -1.3633677
v 3.08798325 0.392391 -2.26868625
v 2.5914280499999998 0.1170378 -2.26868625
v 2.5914280499999998 0.11703735000000001 -1.3633677
v 3.08798325 0.392391 -1.3633677
v 3.0313638000000003 0.22465125 -2.26868625
v 2.7636966000000003 0.07622235 -2.26868625
v 2.7636966000000003 0.07622235 -1.3633677
v 3.03136425 0.22465125 -1.3633677
v 2.70587205 0.18049995 -1.3633677
v 2.9735392500000004 0.32892885 -1.3633677
v 2.9735392500000004 0.32892885 -2.26868625
v 2.7058716 0.18049995 -2.26868625
v 3.04428915 0.1381563 -2.26868625
v 2.8302178500000004 0.0194481 -2.26868625
v 2.8302183 0.0194481 -1.3633677
v 3.0442896000000004 0.1381563 -1.3633677
v -0.6113682 0.0864675 -2.26868625
v -1.1791593 0.08646795 -2.26868625
v -0.6113682 0.08646704999999999 -1.3633677
v -1.17915885 0.0864675 -1.3633677
v -0.6113682 0.2057049 -2.26868625
v -1.17915885 0.2057049 -2.26868625
v -1.17915885 0.20570445 -1.3633677
v -0.61136775 0.20570445 -1.3633677
v -0.7422300000000001 0.0864675 -2.26868625
v -1.0482970500000002 0.0864675 -2.26868625
v -1.0482970500000002 0.0864675 -1.3633677
v -0.7422300000000001 0.0864675 -1.3633677
v -1.0482970500000002 0.20570445 -1.3633677
v -0.7422300000000001 0.20570445 -1.3633677
v -0.7422300000000001 0.2057049 -2.26868625
v -1.0482970500000002 0.2057049 -2.26868625
v -0.77287275 0.0045562499999999995 -2.26868625
v -1.0176547500000002 0.0045566999999999995 -2.26868625
v -1.0176543 0.0045562499999999995 -1.3633677
v -0.77287275 0.0045562499999999995 -1.3633677
v 0.01863225 0.0864675 -2.2686858
v -0.54915885 0.0864675 -2.2686858
v 0.01863225 0.08646704999999999 -1.36336725
v -0.54915885 0.0864675 -1.36336725
v 0.01863225 0.2057049 -2.2686858
v -0.54915885 0.2057049 -2.2686858
v -0.54915885 0.20570445 -1.36336725
v 0.01863225 0.20570445 -1.36336725
v -0.11222955000000001 0.0864675 -2.2686858
v -0.4182966 0.0864675 -2.2686858
v -0.4182966 0.0864675 -1.36336725
v -0.11222955000000001 0.08646704999999999 -1.36336725
v -0.4182966 0.20570445 -1.36336725
v -0.11222955000000001 0.20570445 -1.36336725
v -0.11222955000000001 0.2057049 -2.2686858
v -0.4182966 0.2057049 -2.2686858
v -0.1428723 0.0045562499999999995 -2.2686858
v -0.3876543 0.0045562499999999995 -2.2686858
v -0.3876543 0.0045562499999999995 -1.36336725
v -0.1428723 0.004555799999999999 -1.36336725
v -1.2413682 0.0864675 -2.26868535
v -1.80915885 0.08646795 -2.26868535
v -1.24136775 0.0864675 -1.36336725
v -1.80915885 0.0864675 -1.36336725
v -1.24136775 0.2057049 -2.26868535
v -1.80915885 0.2057049 -2.26868535
v -1.80915885 0.2057049 -1.36336725
v -1.24136775 0.20570445 -1.36336725
v -1.37223 0.0864675 -2.26868535
v -1.67829705 0.08646795 -2.26868535
v -1.67829705 0.0864675 -1.36336725
v -1.37223 0.0864675 -1.36336725
v -1.67829705 0.2057049 -1.36336725
v -1.37223 0.20570445 -1.36336725
v -1.37223 0.2057049 -2.26868535
v -1.67829705 0.2057049 -2.26868535
v -1.40287275 0.0045562499999999995 -2.26868535
v -1.6476543000000001 0.0045566999999999995 -2.26868535
v -1.6476543000000001 0.0045562499999999995 -1.36336725
v -1.40287275 0.0045562499999999995 -1.36336725
v -1.87136775 0.0864675 -2.26868535
v -2.4391584 0.08646795 -2.26868535
v -1.87136775 0.0864675 -1.36336725
v -2.4391584 0.0864675 -1.36336725
v -1.87136775 0.2057049 -2.26868535
v -2.4391584 0.2057049 -2.26868535
v -2.4391584 0.2057049 -1.36336725
v -1.87136775 0.20570445 -1.36336725
v -2.00222955 0.0864675 -2.26868535
v -2.3082966 0.08646795 -2.26868535
v -2.3082966 0.0864675 -1.36336725
v -2.00222955 0.0864675 -1.36336725
v -2.3082966 0.2057049 -1.36336725
v -2.00222955 0.20570445 -1.36336725
v -2.00222955 0.2057049 -2.26868535
v -2.3082966 0.2057049 -2.26868535
v -2.0328723 0.0045566999999999995 -2.26868535
v -2.27765385 0.0045566999999999995 -2.26868535
v -2.27765385 0.0045562499999999995 -1.36336725
v -2.0328723 0.0045562499999999995 -1.36336725
v 2.5323579 1.1736134999999999 -2.26868535
v 3.06247005 0.9702229500000001 -2.26868535
v 2.5323579 1.1736134999999999 -1.36336725
v 3.06247005 0.9702234 -1.36336725
v 2.4896457 1.0622889 -2.26868535
v 3.0197574 0.85889835 -2.26868535
v 3.01975785 0.8588988 -1.36336725
v 2.4896457 1.0622889 -1.36336725
v 2.65453605 1.126737 -2.26868535
v 2.9402919 1.0170994500000001 -2.26868535
v 2.94029235 1.0170999 -1.36336725
v 2.65453605 1.126737 -1.36336725
v 2.8975797 0.9057753000000002 -1.36336725
v 2.6118234000000005 1.0154128500000001 -1.36336725
v 2.6118234000000005 1.0154124 -2.26868535
v 2.8975797 0.90577485 -2.26868535
v 2.7124866 1.19223585 -2.26868535
v 2.9410245 1.104552 -2.26868535
v 2.9410245 1.104552 -1.36336725
v 2.7124866 1.1922363 -1.36336725
v 3.2189274 0.9365751000000001 -2.2686858
v 3.28397355 0.37252215 -2.2686858
v 3.21892785 0.9365746500000001 -1.36336725
v 3.28397355 0.3725217 -1.36336725
v 3.1004757 0.92291535 -2.2686858
v 3.1655214000000003 0.35886239999999997 -2.2686858
v 3.1655214000000003 0.35886195000000004 -1.36336725
v 3.1004757 0.9229149 -1.36336725
v 3.2339191499999997 0.8065746 -2.2686858
v 3.2689818 0.5025222 -2.2686858
v 3.26898225 0.5025222 -1.36336725
v 3.2339191499999997 0.80657415 -1.36336725
v 3.1505301 0.48886244999999995 -1.36336725
v 3.115467 0.7929144 -1.36336725
v 3.11546655 0.79291485 -2.2686858
v 3.15052965 0.48886290000000004 -2.2686858
v 3.3188013 0.7855173000000001 -2.2686858
v 3.3468435 0.5423472 -2.2686858
v 3.3468435 0.54234675 -1.36336725
v 3.31880175 0.7855173000000001 -1.36336725
v -3.2185543500000002 0.2557584 -2.26868535
v -3.28360005 0.81981135 -2.26868535
v -3.2185543500000002 0.25575794999999996 -1.3633668
v -3.28360005 0.8198109 -1.3633668
v -3.1001022 0.26941815 -2.26868535
v -3.1651479 0.8334706500000001 -2.26868535
v -3.1651479 0.8334706500000001 -1.3633668
v -3.1001022 0.2694177 -1.3633668
v -3.2335461000000003 0.38575845000000003 -2.26868535
v -3.2686087500000003 0.68981085 -2.26868535
v -3.2686087500000003 0.6898104 -1.3633668
v -3.2335461000000003 0.38575845000000003 -1.3633668
v -3.1501566 0.70347015 -1.3633668
v -3.11509395 0.3994182 -1.3633668
v -3.11509395 0.3994182 -2.26868535
v -3.1501566 0.70347015 -2.26868535
v -3.31842825 0.40681575000000003 -2.26868535
v -3.34647045 0.6499863 -2.26868535
v -3.34647045 0.6499863 -1.3633668
v -3.31842825 0.40681575000000003 -1.3633668
v -2.5321086000000004 0.01862325 -2.26868625
v -3.0622207500000003 0.22201289999999999 -2.26868625
v -2.53210815 0.0186228 -1.36336725
v -3.0622207500000003 0.22201289999999999 -1.36336725
v -2.48939595 0.12994785 -2.26868625
v -3.01950855 0.33333795 -2.26868625
v -3.01950855 0.3333375 -1.36336725
v -2.48939595 0.1299474 -1.36336725
v -2.6542863 0.0654993 -2.26868625
v -2.9400426 0.17513685 -2.26868625
v -2.9400426 0.1751364 -1.36336725
v -2.6542863 0.0654993 -1.36336725
v -2.8973304 0.286461 -1.36336725
v -2.6115741000000003 0.1768239 -1.36336725
v -2.6115741000000003 0.17682435 -2.26868625
v -2.8973304 0.28646145 -2.26868625
v -2.7122373 4.499999999988888e-7 -2.26868625
v -2.9407752 0.08768475 -2.26868625
v -2.9407752 0.0876843 -1.36336725
v -2.7122373 0 -1.36336725
v 1.87136775 1.10570445 -2.2686858
v 2.43915885 1.10570445 -2.2686858
v 1.87136775 1.10570445 -1.36336725
v 2.43915885 1.10570445 -1.36336725
v 1.87136775 0.9864674999999999 -2.2686858
v 2.43915885 0.9864674999999999 -2.2686858
v 2.43915885 0.9864674999999999 -1.36336725
v 1.87136775 0.9864674999999999 -1.36336725
v 2.00222955 1.10570445 -2.2686858
v 2.30829705 1.10570445 -2.2686858
v 2.30829705 1.10570445 -1.36336725
v 2.00222955 1.10570445 -1.36336725
v 2.30829705 0.9864674999999999 -1.36336725
v 2.00222955 0.9864674999999999 -1.36336725
v 2.00222955 0.9864674999999999 -2.2686858
v 2.30829705 0.9864674999999999 -2.2686858
v 2.0328723 1.1876156999999998 -2.2686858
v 2.2776543 1.1876156999999998 -2.2686858
v 2.2776543 1.1876156999999998 -1.36336725
v 2.0328723 1.1876156999999998 -1.36336725
v 1.2413673 1.10570445 -2.2686858
v 1.8091584 1.10570445 -2.2686858
v 1.2413673 1.10570445 -1.36336725
v 1.8091584 1.10570445 -1.3633677
v 1.2413673 0.9864674999999999 -2.2686858
v 1.8091584 0.9864674999999999 -2.2686858
v 1.8091584 0.9864674999999999 -1.3633677
v 1.2413673 0.9864674999999999 -1.36336725
v 1.3722295500000001 1.10570445 -2.2686858
v 1.6782966 1.10570445 -2.2686858
v 1.6782966 1.10570445 -1.3633677
v 1.3722291 1.10570445 -1.36336725
v 1.6782966 0.9864674999999999 -1.3633677
v 1.3722291 0.9864674999999999 -1.36336725
v 1.3722295500000001 0.9864674999999999 -2.2686858
v 1.6782966 0.9864674999999999 -2.2686858
v 1.4028718500000001 1.1876156999999998 -2.2686858
v 1.64765385 1.1876156999999998 -2.2686858
v 1.64765385 1.1876156999999998 -1.3633677
v 1.4028718500000001 1.1876156999999998 -1.36336725
v -0.01863225 1.10570445 -2.2686858
v 0.54915885 1.10570445 -2.2686858
v -0.01863225 1.10570445 -1.36336725
v 0.54915885 1.10570445 -1.36336725
v -0.01863225 0.9864674999999999 -2.2686858
v 0.54915885 0.9864674999999999 -2.2686858
v 0.54915885 0.9864674999999999 -1.36336725
v -0.01863225 0.9864674999999999 -1.36336725
v 0.11222955000000001 1.10570445 -2.2686858
v 0.4182966 1.10570445 -2.2686858
v 0.4182966 1.10570445 -1.36336725
v 0.11222955000000001 1.10570445 -1.36336725
v 0.4182966 0.9864674999999999 -1.36336725
v 0.11222955000000001 0.9864674999999999 -1.36336725
v 0.11222955000000001 0.9864674999999999 -2.2686858
v 0.4182966 0.9864674999999999 -2.2686858
v 0.1428723 1.1876156999999998 -2.2686858
v 0.3876543 1.1876156999999998 -2.2686858
v 0.3876543 1.1876156999999998 -1.36336725
v 0.1428723 1.1876156999999998 -1.36336725
v 0.61136775 1.10570445 -2.2686858
v 1.17915885 1.10570445 -2.2686858
v 0.61136775 1.10570445 -1.36336725
v 1.17915885 1.10570445 -1.36336725
v 0.61136775 0.9864674999999999 -2.2686858
v 1.17915885 0.9864674999999999 -2.2686858
v 1.17915885 0.9864674999999999 -1.36336725
v 0.61136775 0.9864674999999999 -1.36336725
v 0.7422300000000001 1.10570445 -2.2686858
v 1.0482966 1.10570445 -2.2686858
v 1.0482966 1.10570445 -1.36336725
v 0.74222955 1.10570445 -1.36336725
v 1.0482966 0.9864674999999999 -1.36336725
v 0.74222955 0.9864674999999999 -1.36336725
v 0.7422300000000001 0.9864674999999999 -2.2686858
v 1.0482966 0.9864674999999999 -2.2686858
v 0.7728723000000001 1.1876156999999998 -2.2686858
v 1.0176543 1.1876156999999998 -2.2686858
v 1.0176543 1.1876156999999998 -1.36336725
v 0.7728723000000001 1.1876156999999998 -1.36336725
v -3.14555895 0.9041224500000001 -2.2686858
v -2.6490037500000003 1.1794761 -2.2686858
v -3.14555895 0.9041224500000001 -1.36336725
v -2.6490037500000003 1.1794761 -1.36336725
v -3.08773395 0.7998453 -2.2686858
v -2.59117875 1.0751985000000002 -2.2686858
v -2.59117875 1.0751985000000002 -1.36336725
v -3.08773395 0.79984485 -1.36336725
v -3.03111495 0.9675846 -2.2686858
v -2.76344775 1.11601395 -2.2686858
v -2.76344775 1.11601395 -1.36336725
v -3.03111495 0.9675846 -1.36336725
v -2.7056227500000003 1.01173635 -1.36336725
v -2.9732904 0.86330745 -1.36336725
v -2.9732904 0.86330745 -2.2686858
v -2.7056227500000003 1.01173635 -2.2686858
v -3.0440403000000003 1.0540800000000001 -2.2686858
v -2.829969 1.1727882 -2.2686858
v -2.829969 1.1727882 -1.36336725
v -3.0440403000000003 1.05407955 -1.36336725
v -2.53863225 1.10570445 -2.2686858
v -1.9708411500000003 1.10570445 -2.2686858
v -2.53863225 1.10570445 -1.3633677
v -1.9708411500000003 1.10570445 -1.36336725
v -2.53863225 0.9864674999999999 -2.2686858
v -1.9708411500000003 0.9864674999999999 -2.2686858
v -1.9708411500000003 0.9864674999999999 -1.36336725
v -2.53863225 0.9864674999999999 -1.3633677
v -2.40777 1.10570445 -2.2686858
v -2.10170295 1.10570445 -2.2686858
v -2.10170295 1.10570445 -1.36336725
v -2.40777 1.10570445 -1.3633677
v -2.10170295 0.9864674999999999 -1.36336725
v -2.40777 0.9864674999999999 -1.3633677
v -2.40777 0.9864674999999999 -2.2686858
v -2.10170295 0.9864674999999999 -2.2686858
v -2.3771277 1.1876156999999998 -2.2686858
v -2.1323457 1.1876156999999998 -2.2686858
v -2.1323457 1.1876156999999998 -1.36336725
v -2.3771277 1.1876156999999998 -1.3633677
v -0.64863225 1.10570445 -2.2686858
v -0.08084115 1.10570445 -2.2686858
v -0.64863225 1.10570445 -1.36336725
v -0.0808416 1.10570445 -1.36336725
v -0.64863225 0.9864674999999999 -2.2686858
v -0.08084115 0.9864674999999999 -2.2686858
v -0.0808416 0.9864674999999999 -1.36336725
v -0.64863225 0.9864674999999999 -1.36336725
v -0.51777045 1.10570445 -2.2686858
v -0.21170339999999999 1.10570445 -2.2686858
v -0.21170339999999999 1.10570445 -1.36336725
v -0.51777045 1.10570445 -1.36336725
v -0.21170339999999999 0.9864674999999999 -1.36336725
v -0.51777045 0.9864674999999999 -1.36336725
v -0.51777045 0.9864674999999999 -2.2686858
v -0.21170339999999999 0.9864674999999999 -2.2686858
v -0.4871277 1.1876156999999998 -2.2686858
v -0.24234615 1.1876156999999998 -2.2686858
v -0.24234615 1.1876156999999998 -1.36336725
v -0.4871277 1.1876156999999998 -1.36336725
v -1.9086322500000001 1.10570445 -2.2686858
v -1.3408416 1.10570445 -2.2686858
v -1.9086322500000001 1.10570445 -1.36336725
v -1.3408416 1.10570445 -1.36336725
v -1.9086322500000001 0.9864674999999999 -2.2686858
v -1.3408416 0.9864674999999999 -2.2686858
v -1.3408416 0.9864674999999999 -1.36336725
v -1.9086322500000001 0.9864674999999999 -1.36336725
v -1.77777045 1.10570445 -2.2686858
v -1.4717034 1.10570445 -2.2686858
v -1.4717034 1.10570445 -1.36336725
v -1.77777045 1.10570445 -1.36336725
v -1.4717034 0.9864674999999999 -1.36336725
v -1.77777045 0.9864674999999999 -1.36336725
v -1.77777045 0.9864674999999999 -2.2686858
v -1.4717034 0.9864674999999999 -2.2686858
v -1.7471276999999998 1.1876156999999998 -2.2686858
v -1.5023461500000002 1.1876156999999998 -2.2686858
v -1.5023461500000002 1.1876156999999998 -1.36336725
v -1.7471276999999998 1.1876156999999998 -1.36336725
v -1.27863225 1.10570445 -2.2686858
v -0.71084115 1.10570445 -2.2686858
v -1.27863225 1.10570445 -1.36336725
v -0.71084115 1.10570445 -1.36336725
v -1.27863225 0.9864674999999999 -2.2686858
v -0.71084115 0.9864674999999999 -2.2686858
v -0.71084115 0.9864674999999999 -1.36336725
v -1.27863225 0.9864674999999999 -1.36336725
v -1.1477704499999999 1.10570445 -2.2686858
v -0.8417034 1.10570445 -2.2686858
v -0.8417034 1.10570445 -1.36336725
v -1.1477704499999999 1.10570445 -1.36336725
v -0.8417034 0.9864674999999999 -1.36336725
v -1.1477704499999999 0.9864674999999999 -1.36336725
v -1.1477704499999999 0.9864674999999999 -2.2686858
v -0.8417034 0.9864674999999999 -2.2686858
v -1.1171277 1.1876156999999998 -2.2686858
v -0.8723457000000001 1.1876156999999998 -2.2686858
v -0.8723457000000001 1.1876156999999998 -1.36336725
v -1.1171277 1.1876156999999998 -1.36336725
vn 0.0000 0.0000 -1.0000
vn -1.0000 0.0000 0.0000
vn 0.0000 0.0000 1.0000
vn 1.0000 -0.0000 -0.0000
vn -0.0000 -1.0000 -0.0000
vn 0.0000 1.0000 0.0000
vn -0.9366 -0.3504 -0.0000
vn 0.9366 -0.3504 -0.0000
vn -0.8745 -0.4850 -0.0000
vn 0.8745 0.4850 -0.0000
vn 0.4850 -0.8745 -0.0000
vn -0.4850 0.8745 0.0000
vn -0.6492 -0.7606 -0.0000
vn 0.9890 0.1478 -0.0000
vn 0.9336 -0.3582 -0.0000
vn -0.9336 0.3582 0.0000
vn 0.3582 0.9336 -0.0000
vn -0.3582 -0.9336 0.0000
vn 1.0000 -0.0084 -0.0000
vn -0.7489 0.6626 0.0000
vn 0.1146 -0.9934 -0.0000
vn -0.1146 0.9934 0.0000
vn 0.9934 0.1146 -0.0000
vn -0.9934 -0.1146 0.0000
vn 0.4554 -0.8903 -0.0000
vn 0.2408 0.9706 0.0000
vn -0.4554 0.8903 0.0000
vn -0.2408 -0.9706 -0.0000
vn -1.0000 0.0084 0.0000
vn 0.7489 -0.6626 -0.0000
vn 0.9366 0.3504 0.0000
vn -0.9366 0.3504 0.0000
vn 0.6492 0.7606 0.0000
vn -0.9890 -0.1478 0.0000
usemtl Main_Details
s off
f 2607//359 2601//359 2593//359 2597//359
f 2597//360 2593//360 2595//360 2598//360
f 2605//361 2603//361 2594//361 2599//361
f 2599//362 2594//362 2592//362 2596//362
f 2603//363 2600//363 2592//363 2594//363
f 2604//364 2607//364 2597//364 2598//364
f 2599//364 2596//364 2606//364 2605//364
f 2605//364 2606//364 2607//364 2604//364
f 2595//363 2593//363 2601//363 2602//363
f 2603//361 2602//361 2610//361 2611//361
f 2598//361 2595//361 2602//361 2604//361
f 2604//361 2602//361 2603//361 2605//361
f 2596//359 2592//359 2600//359 2606//359
f 2606//359 2600//359 2601//359 2607//359
f 2610//363 2609//363 2608//363 2611//363
f 2601//359 2600//359 2608//359 2609//359
f 2602//365 2601//365 2609//365 2610//365
f 2600//366 2603//366 2611//366 2608//366
f 2627//359 2621//359 2613//359 2617//359
f 2617//360 2613//360 2615//360 2618//360
f 2625//361 2623//361 2614//361 2619//361
f 2619//362 2614//362 2612//362 2616//362
f 2623//363 2620//363 2612//363 2614//363
f 2624//364 2627//364 2617//364 2618//364
f 2619//364 2616//364 2626//364 2625//364
f 2625//364 2626//364 2627//364 2624//364
f 2615//363 2613//363 2621//363 2622//363
f 2623//361 2622//361 2630//361 2631//361
f 2618//361 2615//361 2622//361 2624//361
f 2624//361 2622//361 2623//361 2625//361
f 2616//359 2612//359 2620//359 2626//359
f 2626//359 2620//359 2621//359 2627//359
f 2630//363 2629//363 2628//363 2631//363
f 2621//359 2620//359 2628//359 2629//359
f 2622//365 2621//365 2629//365 2630//365
f 2620//366 2623//366 2631//366 2628//366
f 2647//359 2641//359 2633//359 2637//359
f 2637//360 2633//360 2635//360 2638//360
f 2645//361 2643//361 2634//361 2639//361
f 2639//362 2634//362 2632//362 2636//362
f 2643//363 2640//363 2632//363 2634//363
f 2644//364 2647//364 2637//364 2638//364
f 2639//364 2636//364 2646//364 2645//364
f 2645//364 2646//364 2647//364 2644//364
f 2635//363 2633//363 2641//363 2642//363
f 2643//361 2642//361 2650//361 2651//361
f 2638//361 2635//361 2642//361 2644//361
f 2644//361 2642//361 2643//361 2645//361
f 2636//359 2632//359 2640//359 2646//359
f 2646//359 2640//359 2641//359 2647//359
f 2650//363 2649//363 2648//363 2651//363
f 2641//359 2640//359 2648//359 2649//359
f 2642//365 2641//365 2649//365 2650//365
f 2640//366 2643//366 2651//366 2648//366
f 2667//359 2661//359 2653//359 2657//359
f 2657//360 2653//360 2655//360 2658//360
f 2665//361 2663//361 2654//361 2659//361
f 2659//362 2654//362 2652//362 2656//362
f 2663//363 2660//363 2652//363 2654//363
f 2664//364 2667//364 2657//364 2658//364
f 2659//364 2656//364 2666//364 2665//364
f 2665//364 2666//364 2667//364 2664//364
f 2655//363 2653//363 2661//363 2662//363
f 2663//361 2662//361 2670//361 2671//361
f 2658//361 2655//361 2662//361 2664//361
f 2664//361 2662//361 2663//361 2665//361
f 2656//359 2652//359 2660//359 2666//359
f 2666//359 2660//359 2661//359 2667//359
f 2670//363 2669//363 2668//363 2671//363
f 2661//359 2660//359 2668//359 2669//359
f 2662//365 2661//365 2669//365 2670//365
f 2660//366 2663//366 2671//366 2668//366
f 2687//359 2681//359 2673//359 2677//359
f 2677//367 2673//367 2675//367 2678//367
f 2685//361 2683//361 2674//361 2679//361
f 2679//368 2674//368 2672//368 2676//368
f 2683//369 2680//369 2672//369 2674//369
f 2684//370 2687//370 2677//370 2678//370
f 2679//370 2676//370 2686//370 2685//370
f 2685//370 2686//370 2687//370 2684//370
f 2675//369 2673//369 2681//369 2682//369
f 2683//361 2682//361 2690//361 2691//361
f 2678//361 2675//361 2682//361 2684//361
f 2684//361 2682//361 2683//361 2685//361
f 2676//359 2672//359 2680//359 2686//359
f 2686//359 2680//359 2681//359 2687//359
f 2690//369 2689//369 2688//369 2691//369
f 2681//359 2680//359 2688//359 2689//359
f 2682//371 2681//371 2689//371 2690//371
f 2680//372 2683//372 2691//372 2688//372
f 2707//359 2701//359 2693//359 2697//359
f 2697//360 2693//360 2695//360 2698//360
f 2705//361 2703//361 2694//361 2699//361
f 2699//362 2694//362 2692//362 2696//362
f 2703//363 2700//363 2692//363 2694//363
f 2704//364 2707//364 2697//364 2698//364
f 2699//364 2696//364 2706//364 2705//364
f 2705//364 2706//364 2707//364 2704//364
f 2695//363 2693//363 2701//363 2702//363
f 2703//361 2702//361 2710//361 2711//361
f 2698//361 2695//361 2702//361 2704//361
f 2704//361 2702//361 2703//361 2705//361
f 2696//359 2692//359 2700//359 2706//359
f 2706//359 2700//359 2701//359 2707//359
f 2710//363 2709//363 2708//363 2711//363
f 2701//359 2700//359 2708//359 2709//359
f 2702//365 2701//365 2709//365 2710//365
f 2700//366 2703//366 2711//366 2708//366
f 2727//359 2721//359 2713//359 2717//359
f 2717//360 2713//360 2715//360 2718//360
f 2725//361 2723//361 2714//361 2719//361
f 2719//362 2714//362 2712//362 2716//362
f 2723//363 2720//363 2712//363 2714//363
f 2724//364 2727//364 2717//364 2718//364
f 2719//364 2716//364 2726//364 2725//364
f 2725//364 2726//364 2727//364 2724//364
f 2715//363 2713//363 2721//363 2722//363
f 2723//361 2722//361 2730//361 2731//361
f 2718//361 2715//361 2722//361 2724//361
f 2724//361 2722//361 2723//361 2725//361
f 2716//359 2712//359 2720//359 2726//359
f 2726//359 2720//359 2721//359 2727//359
f 2730//363 2729//363 2728//363 2731//363
f 2721//359 2720//359 2728//359 2729//359
f 2722//365 2721//365 2729//365 2730//365
f 2720//366 2723//366 2731//366 2728//366
f 2747//359 2741//359 2733//359 2737//359
f 2737//360 2733//360 2735//360 2738//360
f 2745//361 2743//361 2734//361 2739//361
f 2739//362 2734//362 2732//362 2736//362
f 2743//363 2740//363 2732//363 2734//363
f 2744//364 2747//364 2737//364 2738//364
f 2739//364 2736//364 2746//364 2745//364
f 2745//364 2746//364 2747//364 2744//364
f 2735//363 2733//363 2741//363 2742//363
f 2743//361 2742//361 2750//361 2751//361
f 2738//361 2735//361 2742//361 2744//361
f 2744//361 2742//361 2743//361 2745//361
f 2736//359 2732//359 2740//359 2746//359
f 2746//359 2740//359 2741//359 2747//359
f 2750//363 2749//363 2748//363 2751//363
f 2741//359 2740//359 2748//359 2749//359
f 2742//365 2741//365 2749//365 2750//365
f 2740//366 2743//366 2751//366 2748//366
f 2767//359 2761//359 2753//359 2757//359
f 2757//360 2753//360 2755//360 2758//360
f 2765//361 2763//361 2754//361 2759//361
f 2759//362 2754//362 2752//362 2756//362
f 2763//363 2760//363 2752//363 2754//363
f 2764//364 2767//364 2757//364 2758//364
f 2759//364 2756//364 2766//364 2765//364
f 2765//364 2766//364 2767//364 2764//364
f 2755//363 2753//363 2761//363 2762//363
f 2763//361 2762//361 2770//361 2771//361
f 2758//361 2755//361 2762//361 2764//361
f 2764//361 2762//361 2763//361 2765//361
f 2756//359 2752//359 2760//359 2766//359
f 2766//359 2760//359 2761//359 2767//359
f 2770//363 2769//363 2768//363 2771//363
f 2761//359 2760//359 2768//359 2769//359
f 2762//365 2761//365 2769//365 2770//365
f 2760//366 2763//366 2771//366 2768//366
f 2787//359 2781//359 2773//359 2777//359
f 2777//373 2773//373 2775//373 2778//373
f 2785//361 2783//361 2774//361 2779//361
f 2779//374 2774//374 2772//374 2776//374
f 2783//375 2780//375 2772//375 2774//375
f 2784//376 2787//376 2777//376 2778//376
f 2779//376 2776//376 2786//376 2785//376
f 2785//376 2786//376 2787//376 2784//376
f 2775//375 2773//375 2781//375 2782//375
f 2783//361 2782//361 2790//361 2791//361
f 2778//361 2775//361 2782//361 2784//361
f 2784//361 2782//361 2783//361 2785//361
f 2776//359 2772//359 2780//359 2786//359
f 2786//359 2780//359 2781//359 2787//359
f 2790//375 2789//375 2788//375 2791//375
f 2781//359 2780//359 2788//359 2789//359
f 2782//377 2781//377 2789//377 2790//377
f 2780//378 2783//378 2791//378 2788//378
f 2807//359 2801//359 2793//359 2797//359
f 2797//379 2793//379 2795//379 2798//379
f 2805//361 2803//361 2794//361 2799//361
f 2799//380 2794//380 2792//380 2796//380
f 2803//381 2800//381 2792//381 2794//381
f 2804//382 2807//382 2797//382 2798//382
f 2799//382 2796//382 2806//382 2805//382
f 2805//382 2806//382 2807//382 2804//382
f 2795//381 2793//381 2801//381 2802//381
f 2803//361 2802//361 2810//361 2811//361
f 2798//361 2795//361 2802//361 2804//361
f 2804//361 2802//361 2803//361 2805//361
f 2796//359 2792//359 2800//359 2806//359
f 2806//359 2800//359 2801//359 2807//359
f 2810//381 2809//381 2808//381 2811//381
f 2801//359 2800//359 2808//359 2809//359
f 2802//383 2801//383 2809//383 2810//383
f 2800//384 2803//384 2811//384 2808//384
f 2827//359 2821//359 2813//359 2817//359
f 2817//380 2813//380 2815//380 2818//380
f 2825//361 2823//361 2814//361 2819//361
f 2819//379 2814//379 2812//379 2816//379
f 2823//382 2820//382 2812//382 2814//382
f 2824//381 2827//381 2817//381 2818//381
f 2819//381 2816//381 2826//381 2825//381
f 2825//381 2826//381 2827//381 2824//381
f 2815//382 2813//382 2821//382 2822//382
f 2823//361 2822//361 2830//361 2831//361
f 2818//361 2815//361 2822//361 2824//361
f 2824//361 2822//361 2823//361 2825//361
f 2816//359 2812//359 2820//359 2826//359
f 2826//359 2820//359 2821//359 2827//359
f 2830//382 2829//382 2828//382 2831//382
f 2821//359 2820//359 2828//359 2829//359
f 2822//385 2821//385 2829//385 2830//385
f 2820//386 2823//386 2831//386 2828//386
f 2847//359 2841//359 2833//359 2837//359
f 2837//374 2833//374 2835//374 2838//374
f 2845//361 2843//361 2834//361 2839//361
f 2839//373 2834//373 2832//373 2836//373
f 2843//376 2840//376 2832//376 2834//376
f 2844//375 2847//375 2837//375 2838//375
f 2839//375 2836//375 2846//375 2845//375
f 2845//375 2846//375 2847//375 2844//375
f 2835//376 2833//376 2841//376 2842//376
f 2843//361 2842//361 2850//361 2851//361
f 2838//361 2835//361 2842//361 2844//361
f 2844//361 2842//361 2843//361 2845//361
f 2836//359 2832//359 2840//359 2846//359
f 2846//359 2840//359 2841//359 2847//359
f 2850//376 2849//376 2848//376 2851//376
f 2841//359 2840//359 2848//359 2849//359
f 2842//387 2841//387 2849//387 2850//387
f 2840//388 2843//388 2851//388 2848//388
f 2867//359 2861//359 2853//359 2857//359
f 2857//362 2853//362 2855//362 2858//362
f 2865//361 2863//361 2854//361 2859//361
f 2859//360 2854//360 2852//360 2856//360
f 2863//364 2860//364 2852//364 2854//364
f 2864//363 2867//363 2857//363 2858//363
f 2859//363 2856//363 2866//363 2865//363
f 2865//363 2866//363 2867//363 2864//363
f 2855//364 2853//364 2861//364 2862//364
f 2863//361 2862//361 2870//361 2871//361
f 2858//361 2855//361 2862//361 2864//361
f 2864//361 2862//361 2863//361 2865//361
f 2856//359 2852//359 2860//359 2866//359
f 2866//359 2860//359 2861//359 2867//359
f 2870//364 2869//364 2868//364 2871//364
f 2861//359 2860//359 2868//359 2869//359
f 2862//389 2861//389 2869//389 2870//389
f 2860//390 2863//390 2871//390 2868//390
f 2887//359 2881//359 2873//359 2877//359
f 2877//362 2873//362 2875//362 2878//362
f 2885//361 2883//361 2874//361 2879//361
f 2879//360 2874//360 2872//360 2876//360
f 2883//364 2880//364 2872//364 2874//364
f 2884//363 2887//363 2877//363 2878//363
f 2879//363 2876//363 2886//363 2885//363
f 2885//363 2886//363 2887//363 2884//363
f 2875//364 2873//364 2881//364 2882//364
f 2883//361 2882//361 2890//361 2891//361
f 2878//361 2875//361 2882//361 2884//361
f 2884//361 2882//361 2883//361 2885//361
f 2876//359 2872//359 2880//359 2886//359
f 2886//359 2880//359 2881//359 2887//359
f 2890//364 2889//364 2888//364 2891//364
f 2881//359 2880//359 2888//359 2889//359
f 2882//389 2881//389 2889//389 2890//389
f 2880//390 2883//390 2891//390 2888//390
f 2907//359 2901//359 2893//359 2897//359
f 2897//362 2893//362 2895//362 2898//362
f 2905//361 2903//361 2894//361 2899//361
f 2899//360 2894//360 2892//360 2896//360
f 2903//364 2900//364 2892//364 2894//364
f 2904//363 2907//363 2897//363 2898//363
f 2899//363 2896//363 2906//363 2905//363
f 2905//363 2906//363 2907//363 2904//363
f 2895//364 2893//364 2901//364 2902//364
f 2903//361 2902//361 2910//361 2911//361
f 2898//361 2895//361 2902//361 2904//361
f 2904//361 2902//361 2903//361 2905//361
f 2896//359 2892//359 2900//359 2906//359
f 2906//359 2900//359 2901//359 2907//359
f 2910//364 2909//364 2908//364 2911//364
f 2901//359 2900//359 2908//359 2909//359
f 2902//389 2901//389 2909//389 2910//389
f 2900//390 2903//390 2911//390 2908//390
f 2927//359 2921//359 2913//359 2917//359
f 2917//362 2913//362 2915//362 2918//362
f 2925//361 2923//361 2914//361 2919//361
f 2919//360 2914//360 2912//360 2916//360
f 2923//364 2920//364 2912//364 2914//364
f 2924//363 2927//363 2917//363 2918//363
f 2919//363 2916//363 2926//363 2925//363
f 2925//363 2926//363 2927//363 2924//363
f 2915//364 2913//364 2921//364 2922//364
f 2923//361 2922//361 2930//361 2931//361
f 2918//361 2915//361 2922//361 2924//361
f 2924//361 2922//361 2923//361 2925//361
f 2916//359 2912//359 2920//359 2926//359
f 2926//359 2920//359 2921//359 2927//359
f 2930//364 2929//364 2928//364 2931//364
f 2921//359 2920//359 2928//359 2929//359
f 2922//389 2921//389 2929//389 2930//389
f 2920//390 2923//390 2931//390 2928//390
f 2947//359 2941//359 2933//359 2937//359
f 2937//368 2933//368 2935//368 2938//368
f 2945//361 2943//361 2934//361 2939//361
f 2939//367 2934//367 2932//367 2936//367
f 2943//370 2940//370 2932//370 2934//370
f 2944//369 2947//369 2937//369 2938//369
f 2939//369 2936//369 2946//369 2945//369
f 2945//369 2946//369 2947//369 2944//369
f 2935//370 2933//370 2941//370 2942//370
f 2943//361 2942//361 2950//361 2951//361
f 2938//361 2935//361 2942//361 2944//361
f 2944//361 2942//361 2943//361 2945//361
f 2936//359 2932//359 2940//359 2946//359
f 2946//359 2940//359 2941//359 2947//359
f 2950//370 2949//370 2948//370 2951//370
f 2941//359 2940//359 2948//359 2949//359
f 2942//391 2941//391 2949//391 2950//391
f 2940//392 2943//392 2951//392 2948//392
f 2967//359 2961//359 2953//359 2957//359
f 2957//362 2953//362 2955//362 2958//362
f 2965//361 2963//361 2954//361 2959//361
f 2959//360 2954//360 2952//360 2956//360
f 2963//364 2960//364 2952//364 2954//364
f 2964//363 2967//363 2957//363 2958//363
f 2959//363 2956//363 2966//363 2965//363
f 2965//363 2966//363 2967//363 2964//363
f 2955//364 2953//364 2961//364 2962//364
f 2963//361 2962//361 2970//361 2971//361
f 2958//361 2955//361 2962//361 2964//361
f 2964//361 2962//361 2963//361 2965//361
f 2956//359 2952//359 2960//359 2966//359
f 2966//359 2960//359 2961//359 2967//359
f 2970//364 2969//364 2968//364 2971//364
f 2961//359 2960//359 2968//359 2969//359
f 2962//389 2961//389 2969//389 2970//389
f 2960//390 2963//390 2971//390 2968//390
f 2987//359 2981//359 2973//359 2977//359
f 2977//362 2973//362 2975//362 2978//362
f 2985//361 2983//361 2974//361 2979//361
f 2979//360 2974//360 2972//360 2976//360
f 2983//364 2980//364 2972//364 2974//364
f 2984//363 2987//363 2977//363 2978//363
f 2979//363 2976//363 2986//363 2985//363
f 2985//363 2986//363 2987//363 2984//363
f 2975//364 2973//364 2981//364 2982//364
f 2983//361 2982//361 2990//361 2991//361
f 2978//361 2975//361 2982//361 2984//361
f 2984//361 2982//361 2983//361 2985//361
f 2976//359 2972//359 2980//359 2986//359
f 2986//359 2980//359 2981//359 2987//359
f 2990//364 2989//364 2988//364 2991//364
f 2981//359 2980//359 2988//359 2989//359
f 2982//389 2981//389 2989//389 2990//389
f 2980//390 2983//390 2991//390 2988//390
f 3007//359 3001//359 2993//359 2997//359
f 2997//362 2993//362 2995//362 2998//362
f 3005//361 3003//361 2994//361 2999//361
f 2999//360 2994//360 2992//360 2996//360
f 3003//364 3000//364 2992//364 2994//364
f 3004//363 3007//363 2997//363 2998//363
f 2999//363 2996//363 3006//363 3005//363
f 3005//363 3006//363 3007//363 3004//363
f 2995//364 2993//364 3001//364 3002//364
f 3003//361 3002//361 3010//361 3011//361
f 2998//361 2995//361 3002//361 3004//361
f 3004//361 3002//361 3003//361 3005//361
f 2996//359 2992//359 3000//359 3006//359
f 3006//359 3000//359 3001//359 3007//359
f 3010//364 3009//364 3008//364 3011//364
f 3001//359 3000//359 3008//359 3009//359
f 3002//389 3001//389 3009//389 3010//389
f 3000//390 3003//390 3011//390 3008//390
f 3027//359 3021//359 3013//359 3017//359
f 3017//362 3013//362 3015//362 3018//362
f 3025//361 3023//361 3014//361 3019//361
f 3019//360 3014//360 3012//360 3016//360
f 3023//364 3020//364 3012//364 3014//364
f 3024//363 3027//363 3017//363 3018//363
f 3019//363 3016//363 3026//363 3025//363
f 3025//363 3026//363 3027//363 3024//363
f 3015//364 3013//364 3021//364 3022//364
f 3023//361 3022//361 3030//361 3031//361
f 3018//361 3015//361 3022//361 3024//361
f 3024//361 3022//361 3023//361 3025//361
f 3016//359 3012//359 3020//359 3026//359
f 3026//359 3020//359 3021//359 3027//359
f 3030//364 3029//364 3028//364 3031//364
f 3021//359 3020//359 3028//359 3029//359
f 3022//389 3021//389 3029//389 3030//389
f 3020//390 3023//390 3031//390 3028//390
o TrackMesh.L_Cube.051
v 0.64863225 0.08672445000000001 1.31639625
v 0.08084115 0.08672445000000001 1.31639625
v 0.64863225 0.08672400000000001 2.22171435
v 0.08084115 0.08672445000000001 2.22171435
v 0.64863225 0.2059614 1.31639625
v 0.08084115 0.20596185 1.31639625
v 0.08084115 0.2059614 2.22171435
v 0.64863225 0.2059614 2.22171435
v 0.5177700000000001 0.08672445000000001 1.31639625
v 0.21170339999999999 0.08672445000000001 1.31639625
v 0.21170339999999999 0.08672400000000001 2.22171435
v 0.51777045 0.08672400000000001 2.22171435
v 0.21170339999999999 0.2059614 2.22171435
v 0.51777045 0.2059614 2.22171435
v 0.51777045 0.2059614 1.31639625
v 0.21170339999999999 0.20596185 1.31639625
v 0.4871277 0.004813199999999999 1.3163958
v 0.2423457 0.004813199999999999 1.3163958
v 0.2423457 0.004812749999999999 2.22171435
v 0.4871277 0.004812749999999999 2.22171435
v 1.27863225 0.08672445000000001 1.31639625
v 0.71084115 0.08672445000000001 1.31639625
v 1.27863225 0.08672400000000001 2.22171435
v 0.71084115 0.08672400000000001 2.22171435
v 1.27863225 0.2059614 1.31639625
v 0.71084115 0.20596185 1.31639625
v 0.71084115 0.2059614 2.22171435
v 1.27863225 0.2059614 2.22171435
v 1.1477704499999999 0.08672445000000001 1.31639625
v 0.8417034 0.08672445000000001 1.31639625
v 0.8417034 0.08672400000000001 2.22171435
v 1.1477704499999999 0.08672400000000001 2.22171435
v 0.8417034 0.2059614 2.22171435
v 1.1477704499999999 0.2059614 2.22171435
v 1.1477704499999999 0.2059614 1.31639625
v 0.8417034 0.20596185 1.31639625
v 1.1171277 0.004813199999999999 1.3163958
v 0.8723457000000001 0.004813199999999999 1.3163958
v 0.8723457000000001 0.004812749999999999 2.22171435
v 1.1171277 0.004812749999999999 2.22171435
v 1.9086322500000001 0.08672445000000001 1.3163958
v 1.34084115 0.08672445000000001 1.3163958
v 1.9086322500000001 0.08672400000000001 2.22171435
v 1.34084115 0.08672400000000001 2.22171435
v 1.9086322500000001 0.2059614 1.3163958
v 1.34084115 0.20596185 1.3163958
v 1.34084115 0.2059614 2.22171435
v 1.9086322500000001 0.20596095 2.22171435
v 1.77777 0.08672445000000001 1.3163958
v 1.4717034 0.08672445000000001 1.3163958
v 1.4717034 0.08672400000000001 2.22171435
v 1.77777045 0.08672400000000001 2.22171435
v 1.4717034 0.2059614 2.22171435
v 1.77777045 0.20596095 2.22171435
v 1.77777045 0.2059614 1.3163958
v 1.4717034 0.2059614 1.3163958
v 1.7471276999999998 0.004813199999999999 1.3163958
v 1.5023457 0.004813199999999999 1.3163958
v 1.5023457 0.004812749999999999 2.22171435
v 1.7471276999999998 0.004812749999999999 2.22171435
v 2.53863225 0.08672445000000001 1.3163958
v 1.9708411500000003 0.08672445000000001 1.3163958
v 2.53863225 0.08672400000000001 2.22171435
v 1.9708411500000003 0.08672400000000001 2.22171435
v 2.53863225 0.2059614 1.3163958
v 1.9708411500000003 0.20596185 1.3163958
v 1.9708411500000003 0.2059614 2.22171435
v 2.53863225 0.20596095 2.22171435
v 2.40777045 0.08672445000000001 1.3163958
v 2.1017034 0.08672445000000001 1.3163958
v 2.1017034 0.08672400000000001 2.22171435
v 2.40777045 0.08672400000000001 2.22171435
v 2.1017034 0.2059614 2.22171435
v 2.40777045 0.20596095 2.22171435
v 2.40777045 0.2059614 1.3163958
v 2.1017034 0.2059614 1.3163958
v 2.3771277 0.004813199999999999 1.3163958
v 2.1323457 0.004813199999999999 1.3163958
v 2.1323457 0.004812749999999999 2.22171435
v 2.3771277 0.004812749999999999 2.22171435
v 3.14568315 0.2883384 1.3163958
v 2.64912795 0.01298475 1.3163958
v 3.1456836000000004 0.28833795 2.22171435
v 2.64912795 0.01298475 2.22171435
v 3.0878586 0.392616 1.3163958
v 2.59130295 0.11726235 1.3163958
v 2.5913034 0.11726235 2.22171435
v 3.0878586 0.39261555000000004 2.22171435
v 3.03123915 0.22487580000000001 1.3163958
v 2.7635719499999998 0.07644735 1.3163958
v 2.7635719499999998 0.0764469 2.22171435
v 3.0312395999999997 0.22487580000000001 2.22171435
v 2.7057474 0.18072449999999998 2.22171435
v 2.97341505 0.3291534 2.22171435
v 2.9734146 0.3291534 1.3163958
v 2.7057474 0.18072449999999998 1.3163958
v 3.04416495 0.1383813 1.3163958
v 2.8300936500000002 0.0196731 1.3163958
v 2.8300936500000002 0.01967265 2.22171435
v 3.04416495 0.13838085 2.22171435
v -0.6113682 0.08672445000000001 1.31639625
v -1.17915885 0.08672490000000001 1.31639625
v -0.61136775 0.08672400000000001 2.22171435
v -1.17915885 0.08672445000000001 2.22171435
v -0.61136775 0.2059614 1.31639625
v -1.17915885 0.20596185 1.31639625
v -1.17915885 0.2059614 2.22171435
v -0.61136775 0.2059614 2.22171435
v -0.7422300000000001 0.08672445000000001 1.31639625
v -1.0482970500000002 0.08672445000000001 1.31639625
v -1.0482970500000002 0.08672445000000001 2.22171435
v -0.7422300000000001 0.08672400000000001 2.22171435
v -1.0482970500000002 0.2059614 2.22171435
v -0.7422300000000001 0.2059614 2.22171435
v -0.7422300000000001 0.20596185 1.31639625
v -1.0482970500000002 0.20596185 1.31639625
v -0.77287275 0.004813199999999999 1.31639625
v -1.0176543 0.004813199999999999 1.31639625
v -1.0176543 0.004813199999999999 2.22171435
v -0.7728723000000001 0.004812749999999999 2.22171435
v 0.01863225 0.08672445000000001 1.31639625
v -0.54915885 0.08672445000000001 1.31639625
v 0.01863225 0.08672400000000001 2.22171435
v -0.54915885 0.08672445000000001 2.22171435
v 0.01863225 0.2059614 1.31639625
v -0.54915885 0.20596185 1.31639625
v -0.54915885 0.2059614 2.22171435
v 0.01863225 0.2059614 2.22171435
v -0.11223000000000001 0.08672445000000001 1.31639625
v -0.4182966 0.08672445000000001 1.31639625
v -0.4182966 0.08672445000000001 2.22171435
v -0.11222955000000001 0.08672400000000001 2.22171435
v -0.4182966 0.2059614 2.22171435
v -0.11222955000000001 0.2059614 2.22171435
v -0.11222955000000001 0.20596185 1.31639625
v -0.4182966 0.20596185 1.31639625
v -0.1428723 0.004813199999999999 1.3163958
v -0.3876543 0.004813199999999999 1.3163958
v -0.3876543 0.004813199999999999 2.22171435
v -0.1428723 0.004812749999999999 2.22171435
v -1.2413682 0.08672445000000001 1.31639625
v -1.80915885 0.08672490000000001 1.31639625
v -1.24136775 0.08672445000000001 2.22171435
v -1.80915885 0.08672445000000001 2.22171435
v -1.24136775 0.20596185 1.31639625
v -1.80915885 0.20596185 1.31639625
v -1.80915885 0.20596185 2.22171435
v -1.24136775 0.2059614 2.22171435
v -1.37223 0.08672445000000001 1.31639625
v -1.67829705 0.08672490000000001 1.31639625
v -1.67829705 0.08672445000000001 2.22171435
v -1.37223 0.08672445000000001 2.22171435
v -1.67829705 0.20596185 2.22171435
v -1.37223 0.2059614 2.22171435
v -1.37223 0.20596185 1.31639625
v -1.67829705 0.20596185 1.31639625
v -1.40287275 0.004813199999999999 1.31639625
v -1.6476543000000001 0.004813649999999999 1.31639625
v -1.6476543000000001 0.004813199999999999 2.22171435
v -1.40287275 0.004813199999999999 2.22171435
v -1.8713682 0.08672445000000001 1.31639625
v -2.43915885 0.08672490000000001 1.31639625
v -1.8713682 0.08672445000000001 2.22171435
v -2.43915885 0.08672445000000001 2.22171435
v -1.8713682 0.20596185 1.31639625
v -2.43915885 0.20596185 1.31639625
v -2.43915885 0.20596185 2.22171435
v -1.8713682 0.2059614 2.22171435
v -2.00223 0.08672490000000001 1.31639625
v -2.30829705 0.08672490000000001 1.31639625
v -2.30829705 0.08672445000000001 2.22171435
v -2.00223 0.08672445000000001 2.22171435
v -2.30829705 0.20596185 2.22171435
v -2.00223 0.2059614 2.22171435
v -2.00223 0.20596185 1.31639625
v -2.30829705 0.20596185 1.31639625
v -2.03287275 0.004813649999999999 1.31639625
v -2.2776543 0.004813649999999999 1.31639625
v -2.2776543 0.004813199999999999 2.22171435
v -2.03287275 0.004813199999999999 2.22171435
v 2.53223325 1.1738385 1.31639625
v 3.0623454 0.97044795 1.31639625
v 2.53223325 1.1738385 2.2217148
v 3.0623454 0.97044795 2.2217148
v 2.48952105 1.0625139000000001 1.31639625
v 3.0196327500000004 0.85912335 1.31639625
v 3.0196332 0.85912335 2.2217148
v 2.48952105 1.0625139000000001 2.2217148
v 2.6544114 1.126962 1.31639625
v 2.94016725 1.01732445 1.31639625
v 2.9401677 1.01732445 2.2217148
v 2.6544114 1.12696155 2.2217148
v 2.89745505 0.9059998500000002 2.2217148
v 2.6116992 1.0156374000000001 2.2217148
v 2.61169875 1.01563695 1.31639625
v 2.8974546 0.9059998500000002 1.31639625
v 2.71236195 1.19246085 1.31639625
v 2.94089985 1.10477655 1.31639625
v 2.94089985 1.10477655 2.2217148
v 2.71236195 1.19246085 2.2217148
v 3.21874065 0.9367510499999999 1.31639625
v 3.2837867999999997 0.37269855 1.31639625
v 3.2187411000000004 0.9367515 2.2217148
v 3.2837867999999997 0.37269855 2.22171435
v 3.10028895 0.9230917499999999 1.31639625
v 3.16533465 0.35903835 1.31639625
v 3.16533465 0.3590388 2.22171435
v 3.10028895 0.9230917499999999 2.2217148
v 3.2337324 0.80675055 1.31639625
v 3.26879505 0.5026986 1.31639625
v 3.2687955 0.5026986 2.22171435
v 3.2337324 0.806751 2.22171435
v 3.15034335 0.48903885 2.22171435
v 3.11528025 0.79309125 2.22171435
v 3.1152798 0.7930908 1.31639625
v 3.1503429 0.48903885 1.31639625
v 3.31861455 0.7856937 1.31639625
v 3.3466567499999997 0.5425236 1.31639625
v 3.3466572 0.5425231500000001 2.22171435
v 3.318615 0.7856937 2.22171435
v -3.2187411000000004 0.25593525 1.31639625
v -3.2837867999999997 0.8199882 1.31639625
v -3.21874065 0.2559348 2.22171435
v -3.2837867999999997 0.81998775 2.22171435
v -3.1002885 0.269595 1.31639625
v -3.16533465 0.83364795 1.31639625
v -3.16533465 0.83364795 2.22171435
v -3.10028895 0.26959455 2.22171435
v -3.2337324 0.38593575 1.31639625
v -3.26879505 0.6899877000000001 1.31639625
v -3.26879505 0.6899877000000001 2.22171435
v -3.2337324 0.38593575 2.22171435
v -3.1503429 0.70364745 2.22171435
v -3.11528025 0.39959505 2.22171435
v -3.11528025 0.3995955 1.31639625
v -3.1503429 0.70364745 1.31639625
v -3.318615 0.40699260000000004 1.31639625
v -3.3466572 0.65016315 1.31639625
v -3.3466572 0.65016315 2.22171435
v -3.31861455 0.40699260000000004 2.22171435
v -2.53223325 0.01884735 1.31639625
v -3.0623454 0.22223745 1.31639625
v -2.5322328 0.01884735 2.22171435
v -3.0623454 0.222237 2.22171435
v -2.48952105 0.13017195 1.31639625
v -3.0196332 0.33356205000000005 1.31639625
v -3.0196332 0.3335616 2.22171435
v -2.4895206 0.13017195 2.22171435
v -2.6544109500000004 0.06572385 1.31639625
v -2.94016725 0.17536095000000002 1.31639625
v -2.94016725 0.17536095000000002 2.22171435
v -2.6544109500000004 0.06572385 2.22171435
v -2.89745505 0.28668555 2.22171435
v -2.61169875 0.177048 2.22171435
v -2.61169875 0.17704845 1.31639625
v -2.89745505 0.28668555 1.31639625
v -2.71236195 0.00022499999999999864 1.31639625
v -2.94089985 0.08790885 1.3163958
v -2.94089985 0.08790885 2.22171435
v -2.71236195 0.00022454999999999977 2.22171435
v 1.87136775 1.1059614000000002 1.31639625
v 2.43915885 1.1059614000000002 1.31639625
v 1.87136775 1.1059614000000002 2.2217148
v 2.43915885 1.1059614000000002 2.2217148
v 1.87136775 0.986724 1.31639625
v 2.43915885 0.986724 1.31639625
v 2.43915885 0.986724 2.2217148
v 1.87136775 0.986724 2.2217148
v 2.00222955 1.1059614000000002 1.31639625
v 2.30829705 1.1059614000000002 1.31639625
v 2.30829705 1.1059614000000002 2.2217148
v 2.00222955 1.1059614000000002 2.2217148
v 2.30829705 0.986724 2.2217148
v 2.00222955 0.986724 2.2217148
v 2.00222955 0.986724 1.31639625
v 2.30829705 0.986724 1.31639625
v 2.0328723 1.18787265 1.31639625
v 2.2776543 1.18787265 1.31639625
v 2.2776543 1.18787265 2.2217148
v 2.0328723 1.18787265 2.2217148
v 1.24136775 1.1059614000000002 1.31639625
v 1.80915885 1.1059614000000002 1.31639625
v 1.24136775 1.1059614000000002 2.2217148
v 1.80915885 1.1059614000000002 2.2217148
v 1.24136775 0.986724 1.31639625
v 1.80915885 0.986724 1.31639625
v 1.80915885 0.986724 2.2217148
v 1.24136775 0.986724 2.2217148
v 1.37223 1.1059614000000002 1.31639625
v 1.6782966 1.1059614000000002 1.31639625
v 1.6782966 1.1059614000000002 2.2217148
v 1.3722295500000001 1.1059614000000002 2.2217148
v 1.6782966 0.986724 2.2217148
v 1.3722295500000001 0.986724 2.2217148
v 1.37223 0.986724 1.31639625
v 1.6782966 0.986724 1.31639625
v 1.4028723 1.18787265 1.31639625
v 1.6476543000000001 1.18787265 1.31639625
v 1.6476543000000001 1.18787265 2.2217148
v 1.4028723 1.18787265 2.2217148
v -0.01863225 1.1059614000000002 1.31639625
v 0.54915885 1.1059614000000002 1.31639625
v -0.01863225 1.1059614000000002 2.2217148
v 0.54915885 1.1059614000000002 2.2217148
v -0.01863225 0.986724 1.31639625
v 0.54915885 0.986724 1.31639625
v 0.54915885 0.986724 2.2217148
v -0.01863225 0.986724 2.2217148
v 0.11222955000000001 1.1059614000000002 1.31639625
v 0.4182966 1.1059614000000002 1.31639625
v 0.4182966 1.1059614000000002 2.2217148
v 0.11222955000000001 1.1059614000000002 2.2217148
v 0.4182966 0.986724 2.2217148
v 0.11222955000000001 0.986724 2.2217148
v 0.11222955000000001 0.986724 1.31639625
v 0.4182966 0.986724 1.31639625
v 0.1428723 1.18787265 1.31639625
v 0.3876543 1.18787265 1.31639625
v 0.3876543 1.18787265 2.2217148
v 0.1428723 1.18787265 2.2217148
v 0.61136775 1.1059614000000002 1.31639625
v 1.17915885 1.1059614000000002 1.31639625
v 0.61136775 1.1059614000000002 2.2217148
v 1.17915885 1.1059614000000002 2.2217148
v 0.61136775 0.986724 1.31639625
v 1.17915885 0.986724 1.31639625
v 1.17915885 0.986724 2.2217148
v 0.61136775 0.986724 2.2217148
v 0.7422300000000001 1.1059614000000002 1.31639625
v 1.0482966 1.1059614000000002 1.31639625
v 1.0482966 1.1059614000000002 2.2217148
v 0.74222955 1.1059614000000002 2.2217148
v 1.0482966 0.986724 2.2217148
v 0.74222955 0.986724 2.2217148
v 0.7422300000000001 0.986724 1.31639625
v 1.0482966 0.986724 1.31639625
v 0.7728723000000001 1.18787265 1.31639625
v 1.0176543 1.18787265 1.31639625
v 1.0176543 1.18787265 2.2217148
v 0.7728723000000001 1.18787265 2.2217148
v -3.14568315 0.9043470000000001 1.31639625
v -2.64912795 1.17970065 1.31639625
v -3.14568315 0.9043470000000001 2.2217148
v -2.64912795 1.17970065 2.2217148
v -3.0878586 0.80006985 1.31639625
v -2.5913034 1.0754230500000002 1.31639625
v -2.5913034 1.0754230500000002 2.2217148
v -3.0878586 0.80006985 2.2217148
v -3.0312395999999997 0.9678096 1.31639625
v -2.7635719499999998 1.1162385 1.31639625
v -2.7635719499999998 1.1162385 2.2217148
v -3.0312395999999997 0.9678096 2.2217148
v -2.7057474 1.0119609 2.2217148
v -2.9734146 0.863532 2.2217148
v -2.9734146 0.863532 1.31639625
v -2.7057474 1.0119609 1.31639625
v -3.0441645 1.0543041 1.31639625
v -2.8300936500000002 1.17301275 1.31639625
v -2.8300936500000002 1.17301275 2.2217148
v -3.0441645 1.0543041 2.2217148
v -2.5386327 1.1059614000000002 1.31639625
v -1.9708416000000002 1.1059614000000002 1.31639625
v -2.5386327 1.1059614000000002 2.2217148
v -1.9708416000000002 1.1059614000000002 2.2217148
v -2.5386327 0.986724 1.31639625
v -1.9708416000000002 0.986724 1.31639625
v -1.9708416000000002 0.986724 2.2217148
v -2.5386327 0.986724 2.2217148
v -2.40777045 1.1059614000000002 1.31639625
v -2.1017034 1.1059614000000002 1.31639625
v -2.1017034 1.1059614000000002 2.2217148
v -2.40777045 1.1059614000000002 2.2217148
v -2.1017034 0.986724 2.2217148
v -2.40777045 0.986724 2.2217148
v -2.40777045 0.986724 1.31639625
v -2.1017034 0.986724 1.31639625
v -2.3771277 1.18787265 1.31639625
v -2.13234615 1.18787265 1.31639625
v -2.13234615 1.18787265 2.2217148
v -2.3771277 1.18787265 2.2217148
v -0.64863225 1.1059614000000002 1.31639625
v -0.08084115 1.1059614000000002 1.31639625
v -0.64863225 1.1059614000000002 2.2217148
v -0.0808416 1.1059614000000002 2.2217148
v -0.64863225 0.986724 1.31639625
v -0.08084115 0.986724 1.31639625
v -0.0808416 0.986724 2.2217148
v -0.64863225 0.986724 2.2217148
v -0.51777045 1.1059614000000002 1.31639625
v -0.21170339999999999 1.1059614000000002 1.31639625
v -0.21170339999999999 1.1059614000000002 2.2217148
v -0.51777045 1.1059614000000002 2.2217148
v -0.21170339999999999 0.986724 2.2217148
v -0.51777045 0.986724 2.2217148
v -0.51777045 0.986724 1.31639625
v -0.21170339999999999 0.986724 1.31639625
v -0.4871277 1.18787265 1.31639625
v -0.24234615 1.18787265 1.31639625
v -0.24234615 1.18787265 2.2217148
v -0.4871277 1.18787265 2.2217148
v -1.9086322500000001 1.1059614000000002 1.31639625
v -1.3408416 1.1059614000000002 1.31639625
v -1.9086322500000001 1.1059614000000002 2.2217148
v -1.3408416 1.1059614000000002 2.2217148
v -1.9086322500000001 0.986724 1.31639625
v -1.3408416 0.986724 1.31639625
v -1.3408416 0.986724 2.2217148
v -1.9086322500000001 0.986724 2.2217148
v -1.77777045 1.1059614000000002 1.31639625
v -1.4717034 1.1059614000000002 1.31639625
v -1.4717034 1.1059614000000002 2.2217148
v -1.77777045 1.1059614000000002 2.2217148
v -1.4717034 0.986724 2.2217148
v -1.77777045 0.986724 2.2217148
v -1.77777045 0.986724 1.31639625
v -1.4717034 0.986724 1.31639625
v -1.7471276999999998 1.18787265 1.31639625
v -1.5023461500000002 1.18787265 1.31639625
v -1.5023461500000002 1.18787265 2.2217148
v -1.7471276999999998 1.18787265 2.2217148
v -1.27863225 1.1059614000000002 1.31639625
v -0.71084115 1.1059614000000002 1.31639625
v -1.27863225 1.1059614000000002 2.2217148
v -0.71084115 1.1059614000000002 2.2217148
v -1.27863225 0.986724 1.31639625
v -0.71084115 0.986724 1.31639625
v -0.71084115 0.986724 2.2217148
v -1.27863225 0.986724 2.2217148
v -1.1477704499999999 1.1059614000000002 1.31639625
v -0.8417034 1.1059614000000002 1.31639625
v -0.8417034 1.1059614000000002 2.2217148
v -1.1477704499999999 1.1059614000000002 2.2217148
v -0.8417034 0.986724 2.2217148
v -1.1477704499999999 0.986724 2.2217148
v -1.1477704499999999 0.986724 1.31639625
v -0.8417034 0.986724 1.31639625
v -1.1171277 1.18787265 1.31639625
v -0.8723457000000001 1.18787265 1.31639625
v -0.8723457000000001 1.18787265 2.2217148
v -1.1171277 1.18787265 2.2217148
vn 0.0000 0.0000 -1.0000
vn -1.0000 0.0000 0.0000
vn 0.0000 0.0000 1.0000
vn 1.0000 -0.0000 -0.0000
vn -0.0000 -1.0000 -0.0000
vn 0.0000 1.0000 0.0000
vn -0.9366 -0.3504 -0.0000
vn 0.9366 -0.3504 -0.0000
vn -0.8745 -0.4850 0.0000
vn 0.8745 0.4850 -0.0000
vn 0.4850 -0.8745 -0.0000
vn -0.4850 0.8745 0.0000
vn -0.6492 -0.7606 -0.0000
vn 0.9890 0.1478 -0.0000
vn 0.9336 -0.3582 -0.0000
vn -0.9336 0.3582 0.0000
vn 0.3582 0.9336 0.0000
vn -0.3582 -0.9336 0.0000
vn 1.0000 -0.0084 -0.0000
vn -0.7489 0.6626 0.0000
vn 0.1146 -0.9934 -0.0000
vn -0.1146 0.9934 0.0000
vn 0.9934 0.1146 -0.0000
vn -0.9934 -0.1146 0.0000
vn 0.4554 -0.8903 -0.0000
vn 0.2408 0.9706 -0.0000
vn -0.4554 0.8903 0.0000
vn -0.2408 -0.9706 -0.0000
vn -1.0000 0.0084 0.0000
vn 0.7489 -0.6626 -0.0000
vn 0.9366 0.3504 0.0000
vn -0.9366 0.3504 0.0000
vn 0.6492 0.7606 0.0000
vn -0.9890 -0.1478 0.0000
usemtl Main_Details
s off
f 3047//393 3041//393 3033//393 3037//393
f 3037//394 3033//394 3035//394 3038//394
f 3045//395 3043//395 3034//395 3039//395
f 3039//396 3034//396 3032//396 3036//396
f 3043//397 3040//397 3032//397 3034//397
f 3044//398 3047//398 3037//398 3038//398
f 3039//398 3036//398 3046//398 3045//398
f 3045//398 3046//398 3047//398 3044//398
f 3035//397 3033//397 3041//397 3042//397
f 3043//395 3042//395 3050//395 3051//395
f 3038//395 3035//395 3042//395 3044//395
f 3044//395 3042//395 3043//395 3045//395
f 3036//393 3032//393 3040//393 3046//393
f 3046//393 3040//393 3041//393 3047//393
f 3050//397 3049//397 3048//397 3051//397
f 3041//393 3040//393 3048//393 3049//393
f 3042//399 3041//399 3049//399 3050//399
f 3040//400 3043//400 3051//400 3048//400
f 3067//393 3061//393 3053//393 3057//393
f 3057//394 3053//394 3055//394 3058//394
f 3065//395 3063//395 3054//395 3059//395
f 3059//396 3054//396 3052//396 3056//396
f 3063//397 3060//397 3052//397 3054//397
f 3064//398 3067//398 3057//398 3058//398
f 3059//398 3056//398 3066//398 3065//398
f 3065//398 3066//398 3067//398 3064//398
f 3055//397 3053//397 3061//397 3062//397
f 3063//395 3062//395 3070//395 3071//395
f 3058//395 3055//395 3062//395 3064//395
f 3064//395 3062//395 3063//395 3065//395
f 3056//393 3052//393 3060//393 3066//393
f 3066//393 3060//393 3061//393 3067//393
f 3070//397 3069//397 3068//397 3071//397
f 3061//393 3060//393 3068//393 3069//393
f 3062//399 3061//399 3069//399 3070//399
f 3060//400 3063//400 3071//400 3068//400
f 3087//393 3081//393 3073//393 3077//393
f 3077//394 3073//394 3075//394 3078//394
f 3085//395 3083//395 3074//395 3079//395
f 3079//396 3074//396 3072//396 3076//396
f 3083//397 3080//397 3072//397 3074//397
f 3084//398 3087//398 3077//398 3078//398
f 3079//398 3076//398 3086//398 3085//398
f 3085//398 3086//398 3087//398 3084//398
f 3075//397 3073//397 3081//397 3082//397
f 3083//395 3082//395 3090//395 3091//395
f 3078//395 3075//395 3082//395 3084//395
f 3084//395 3082//395 3083//395 3085//395
f 3076//393 3072//393 3080//393 3086//393
f 3086//393 3080//393 3081//393 3087//393
f 3090//397 3089//397 3088//397 3091//397
f 3081//393 3080//393 3088//393 3089//393
f 3082//399 3081//399 3089//399 3090//399
f 3080//400 3083//400 3091//400 3088//400
f 3107//393 3101//393 3093//393 3097//393
f 3097//394 3093//394 3095//394 3098//394
f 3105//395 3103//395 3094//395 3099//395
f 3099//396 3094//396 3092//396 3096//396
f 3103//397 3100//397 3092//397 3094//397
f 3104//398 3107//398 3097//398 3098//398
f 3099//398 3096//398 3106//398 3105//398
f 3105//398 3106//398 3107//398 3104//398
f 3095//397 3093//397 3101//397 3102//397
f 3103//395 3102//395 3110//395 3111//395
f 3098//395 3095//395 3102//395 3104//395
f 3104//395 3102//395 3103//395 3105//395
f 3096//393 3092//393 3100//393 3106//393
f 3106//393 3100//393 3101//393 3107//393
f 3110//397 3109//397 3108//397 3111//397
f 3101//393 3100//393 3108//393 3109//393
f 3102//399 3101//399 3109//399 3110//399
f 3100//400 3103//400 3111//400 3108//400
f 3127//393 3121//393 3113//393 3117//393
f 3117//401 3113//401 3115//401 3118//401
f 3125//395 3123//395 3114//395 3119//395
f 3119//402 3114//402 3112//402 3116//402
f 3123//403 3120//403 3112//403 3114//403
f 3124//404 3127//404 3117//404 3118//404
f 3119//404 3116//404 3126//404 3125//404
f 3125//404 3126//404 3127//404 3124//404
f 3115//403 3113//403 3121//403 3122//403
f 3123//395 3122//395 3130//395 3131//395
f 3118//395 3115//395 3122//395 3124//395
f 3124//395 3122//395 3123//395 3125//395
f 3116//393 3112//393 3120//393 3126//393
f 3126//393 3120//393 3121//393 3127//393
f 3130//403 3129//403 3128//403 3131//403
f 3121//393 3120//393 3128//393 3129//393
f 3122//405 3121//405 3129//405 3130//405
f 3120//406 3123//406 3131//406 3128//406
f 3147//393 3141//393 3133//393 3137//393
f 3137//394 3133//394 3135//394 3138//394
f 3145//395 3143//395 3134//395 3139//395
f 3139//396 3134//396 3132//396 3136//396
f 3143//397 3140//397 3132//397 3134//397
f 3144//398 3147//398 3137//398 3138//398
f 3139//398 3136//398 3146//398 3145//398
f 3145//398 3146//398 3147//398 3144//398
f 3135//397 3133//397 3141//397 3142//397
f 3143//395 3142//395 3150//395 3151//395
f 3138//395 3135//395 3142//395 3144//395
f 3144//395 3142//395 3143//395 3145//395
f 3136//393 3132//393 3140//393 3146//393
f 3146//393 3140//393 3141//393 3147//393
f 3150//397 3149//397 3148//397 3151//397
f 3141//393 3140//393 3148//393 3149//393
f 3142//399 3141//399 3149//399 3150//399
f 3140//400 3143//400 3151//400 3148//400
f 3167//393 3161//393 3153//393 3157//393
f 3157//394 3153//394 3155//394 3158//394
f 3165//395 3163//395 3154//395 3159//395
f 3159//396 3154//396 3152//396 3156//396
f 3163//397 3160//397 3152//397 3154//397
f 3164//398 3167//398 3157//398 3158//398
f 3159//398 3156//398 3166//398 3165//398
f 3165//398 3166//398 3167//398 3164//398
f 3155//397 3153//397 3161//397 3162//397
f 3163//395 3162//395 3170//395 3171//395
f 3158//395 3155//395 3162//395 3164//395
f 3164//395 3162//395 3163//395 3165//395
f 3156//393 3152//393 3160//393 3166//393
f 3166//393 3160//393 3161//393 3167//393
f 3170//397 3169//397 3168//397 3171//397
f 3161//393 3160//393 3168//393 3169//393
f 3162//399 3161//399 3169//399 3170//399
f 3160//400 3163//400 3171//400 3168//400
f 3187//393 3181//393 3173//393 3177//393
f 3177//394 3173//394 3175//394 3178//394
f 3185//395 3183//395 3174//395 3179//395
f 3179//396 3174//396 3172//396 3176//396
f 3183//397 3180//397 3172//397 3174//397
f 3184//398 3187//398 3177//398 3178//398
f 3179//398 3176//398 3186//398 3185//398
f 3185//398 3186//398 3187//398 3184//398
f 3175//397 3173//397 3181//397 3182//397
f 3183//395 3182//395 3190//395 3191//395
f 3178//395 3175//395 3182//395 3184//395
f 3184//395 3182//395 3183//395 3185//395
f 3176//393 3172//393 3180//393 3186//393
f 3186//393 3180//393 3181//393 3187//393
f 3190//397 3189//397 3188//397 3191//397
f 3181//393 3180//393 3188//393 3189//393
f 3182//399 3181//399 3189//399 3190//399
f 3180//400 3183//400 3191//400 3188//400
f 3207//393 3201//393 3193//393 3197//393
f 3197//394 3193//394 3195//394 3198//394
f 3205//395 3203//395 3194//395 3199//395
f 3199//396 3194//396 3192//396 3196//396
f 3203//397 3200//397 3192//397 3194//397
f 3204//398 3207//398 3197//398 3198//398
f 3199//398 3196//398 3206//398 3205//398
f 3205//398 3206//398 3207//398 3204//398
f 3195//397 3193//397 3201//397 3202//397
f 3203//395 3202//395 3210//395 3211//395
f 3198//395 3195//395 3202//395 3204//395
f 3204//395 3202//395 3203//395 3205//395
f 3196//393 3192//393 3200//393 3206//393
f 3206//393 3200//393 3201//393 3207//393
f 3210//397 3209//397 3208//397 3211//397
f 3201//393 3200//393 3208//393 3209//393
f 3202//399 3201//399 3209//399 3210//399
f 3200//400 3203//400 3211//400 3208//400
f 3227//393 3221//393 3213//393 3217//393
f 3217//407 3213//407 3215//407 3218//407
f 3225//395 3223//395 3214//395 3219//395
f 3219//408 3214//408 3212//408 3216//408
f 3223//409 3220//409 3212//409 3214//409
f 3224//410 3227//410 3217//410 3218//410
f 3219//410 3216//410 3226//410 3225//410
f 3225//410 3226//410 3227//410 3224//410
f 3215//409 3213//409 3221//409 3222//409
f 3223//395 3222//395 3230//395 3231//395
f 3218//395 3215//395 3222//395 3224//395
f 3224//395 3222//395 3223//395 3225//395
f 3216//393 3212//393 3220//393 3226//393
f 3226//393 3220//393 3221//393 3227//393
f 3230//409 3229//409 3228//409 3231//409
f 3221//393 3220//393 3228//393 3229//393
f 3222//411 3221//411 3229//411 3230//411
f 3220//412 3223//412 3231//412 3228//412
f 3247//393 3241//393 3233//393 3237//393
f 3237//413 3233//413 3235//413 3238//413
f 3245//395 3243//395 3234//395 3239//395
f 3239//414 3234//414 3232//414 3236//414
f 3243//415 3240//415 3232//415 3234//415
f 3244//416 3247//416 3237//416 3238//416
f 3239//416 3236//416 3246//416 3245//416
f 3245//416 3246//416 3247//416 3244//416
f 3235//415 3233//415 3241//415 3242//415
f 3243//395 3242//395 3250//395 3251//395
f 3238//395 3235//395 3242//395 3244//395
f 3244//395 3242//395 3243//395 3245//395
f 3236//393 3232//393 3240//393 3246//393
f 3246//393 3240//393 3241//393 3247//393
f 3250//415 3249//415 3248//415 3251//415
f 3241//393 3240//393 3248//393 3249//393
f 3242//417 3241//417 3249//417 3250//417
f 3240//418 3243//418 3251//418 3248//418
f 3267//393 3261//393 3253//393 3257//393
f 3257//414 3253//414 3255//414 3258//414
f 3265//395 3263//395 3254//395 3259//395
f 3259//413 3254//413 3252//413 3256//413
f 3263//416 3260//416 3252//416 3254//416
f 3264//415 3267//415 3257//415 3258//415
f 3259//415 3256//415 3266//415 3265//415
f 3265//415 3266//415 3267//415 3264//415
f 3255//416 3253//416 3261//416 3262//416
f 3263//395 3262//395 3270//395 3271//395
f 3258//395 3255//395 3262//395 3264//395
f 3264//395 3262//395 3263//395 3265//395
f 3256//393 3252//393 3260//393 3266//393
f 3266//393 3260//393 3261//393 3267//393
f 3270//416 3269//416 3268//416 3271//416
f 3261//393 3260//393 3268//393 3269//393
f 3262//419 3261//419 3269//419 3270//419
f 3260//420 3263//420 3271//420 3268//420
f 3287//393 3281//393 3273//393 3277//393
f 3277//408 3273//408 3275//408 3278//408
f 3285//395 3283//395 3274//395 3279//395
f 3279//407 3274//407 3272//407 3276//407
f 3283//410 3280//410 3272//410 3274//410
f 3284//409 3287//409 3277//409 3278//409
f 3279//409 3276//409 3286//409 3285//409
f 3285//409 3286//409 3287//409 3284//409
f 3275//410 3273//410 3281//410 3282//410
f 3283//395 3282//395 3290//395 3291//395
f 3278//395 3275//395 3282//395 3284//395
f 3284//395 3282//395 3283//395 3285//395
f 3276//393 3272//393 3280//393 3286//393
f 3286//393 3280//393 3281//393 3287//393
f 3290//410 3289//410 3288//410 3291//410
f 3281//393 3280//393 3288//393 3289//393
f 3282//421 3281//421 3289//421 3290//421
f 3280//422 3283//422 3291//422 3288//422
f 3307//393 3301//393 3293//393 3297//393
f 3297//396 3293//396 3295//396 3298//396
f 3305//395 3303//395 3294//395 3299//395
f 3299//394 3294//394 3292//394 3296//394
f 3303//398 3300//398 3292//398 3294//398
f 3304//397 3307//397 3297//397 3298//397
f 3299//397 3296//397 3306//397 3305//397
f 3305//397 3306//397 3307//397 3304//397
f 3295//398 3293//398 3301//398 3302//398
f 3303//395 3302//395 3310//395 3311//395
f 3298//395 3295//395 3302//395 3304//395
f 3304//395 3302//395 3303//395 3305//395
f 3296//393 3292//393 3300//393 3306//393
f 3306//393 3300//393 3301//393 3307//393
f 3310//398 3309//398 3308//398 3311//398
f 3301//393 3300//393 3308//393 3309//393
f 3302//423 3301//423 3309//423 3310//423
f 3300//424 3303//424 3311//424 3308//424
f 3327//393 3321//393 3313//393 3317//393
f 3317//396 3313//396 3315//396 3318//396
f 3325//395 3323//395 3314//395 3319//395
f 3319//394 3314//394 3312//394 3316//394
f 3323//398 3320//398 3312//398 3314//398
f 3324//397 3327//397 3317//397 3318//397
f 3319//397 3316//397 3326//397 3325//397
f 3325//397 3326//397 3327//397 3324//397
f 3315//398 3313//398 3321//398 3322//398
f 3323//395 3322//395 3330//395 3331//395
f 3318//395 3315//395 3322//395 3324//395
f 3324//395 3322//395 3323//395 3325//395
f 3316//393 3312//393 3320//393 3326//393
f 3326//393 3320//393 3321//393 3327//393
f 3330//398 3329//398 3328//398 3331//398
f 3321//393 3320//393 3328//393 3329//393
f 3322//423 3321//423 3329//423 3330//423
f 3320//424 3323//424 3331//424 3328//424
f 3347//393 3341//393 3333//393 3337//393
f 3337//396 3333//396 3335//396 3338//396
f 3345//395 3343//395 3334//395 3339//395
f 3339//394 3334//394 3332//394 3336//394
f 3343//398 3340//398 3332//398 3334//398
f 3344//397 3347//397 3337//397 3338//397
f 3339//397 3336//397 3346//397 3345//397
f 3345//397 3346//397 3347//397 3344//397
f 3335//398 3333//398 3341//398 3342//398
f 3343//395 3342//395 3350//395 3351//395
f 3338//395 3335//395 3342//395 3344//395
f 3344//395 3342//395 3343//395 3345//395
f 3336//393 3332//393 3340//393 3346//393
f 3346//393 3340//393 3341//393 3347//393
f 3350//398 3349//398 3348//398 3351//398
f 3341//393 3340//393 3348//393 3349//393
f 3342//423 3341//423 3349//423 3350//423
f 3340//424 3343//424 3351//424 3348//424
f 3367//393 3361//393 3353//393 3357//393
f 3357//396 3353//396 3355//396 3358//396
f 3365//395 3363//395 3354//395 3359//395
f 3359//394 3354//394 3352//394 3356//394
f 3363//398 3360//398 3352//398 3354//398
f 3364//397 3367//397 3357//397 3358//397
f 3359//397 3356//397 3366//397 3365//397
f 3365//397 3366//397 3367//397 3364//397
f 3355//398 3353//398 3361//398 3362//398
f 3363//395 3362//395 3370//395 3371//395
f 3358//395 3355//395 3362//395 3364//395
f 3364//395 3362//395 3363//395 3365//395
f 3356//393 3352//393 3360//393 3366//393
f 3366//393 3360//393 3361//393 3367//393
f 3370//398 3369//398 3368//398 3371//398
f 3361//393 3360//393 3368//393 3369//393
f 3362//423 3361//423 3369//423 3370//423
f 3360//424 3363//424 3371//424 3368//424
f 3387//393 3381//393 3373//393 3377//393
f 3377//402 3373//402 3375//402 3378//402
f 3385//395 3383//395 3374//395 3379//395
f 3379//401 3374//401 3372//401 3376//401
f 3383//404 3380//404 3372//404 3374//404
f 3384//403 3387//403 3377//403 3378//403
f 3379//403 3376//403 3386//403 3385//403
f 3385//403 3386//403 3387//403 3384//403
f 3375//404 3373//404 3381//404 3382//404
f 3383//395 3382//395 3390//395 3391//395
f 3378//395 3375//395 3382//395 3384//395
f 3384//395 3382//395 3383//395 3385//395
f 3376//393 3372//393 3380//393 3386//393
f 3386//393 3380//393 3381//393 3387//393
f 3390//404 3389//404 3388//404 3391//404
f 3381//393 3380//393 3388//393 3389//393
f 3382//425 3381//425 3389//425 3390//425
f 3380//426 3383//426 3391//426 3388//426
f 3407//393 3401//393 3393//393 3397//393
f 3397//396 3393//396 3395//396 3398//396
f 3405//395 3403//395 3394//395 3399//395
f 3399//394 3394//394 3392//394 3396//394
f 3403//398 3400//398 3392//398 3394//398
f 3404//397 3407//397 3397//397 3398//397
f 3399//397 3396//397 3406//397 3405//397
f 3405//397 3406//397 3407//397 3404//397
f 3395//398 3393//398 3401//398 3402//398
f 3403//395 3402//395 3410//395 3411//395
f 3398//395 3395//395 3402//395 3404//395
f 3404//395 3402//395 3403//395 3405//395
f 3396//393 3392//393 3400//393 3406//393
f 3406//393 3400//393 3401//393 3407//393
f 3410//398 3409//398 3408//398 3411//398
f 3401//393 3400//393 3408//393 3409//393
f 3402//423 3401//423 3409//423 3410//423
f 3400//424 3403//424 3411//424 3408//424
f 3427//393 3421//393 3413//393 3417//393
f 3417//396 3413//396 3415//396 3418//396
f 3425//395 3423//395 3414//395 3419//395
f 3419//394 3414//394 3412//394 3416//394
f 3423//398 3420//398 3412//398 3414//398
f 3424//397 3427//397 3417//397 3418//397
f 3419//397 3416//397 3426//397 3425//397
f 3425//397 3426//397 3427//397 3424//397
f 3415//398 3413//398 3421//398 3422//398
f 3423//395 3422//395 3430//395 3431//395
f 3418//395 3415//395 3422//395 3424//395
f 3424//395 3422//395 3423//395 3425//395
f 3416//393 3412//393 3420//393 3426//393
f 3426//393 3420//393 3421//393 3427//393
f 3430//398 3429//398 3428//398 3431//398
f 3421//393 3420//393 3428//393 3429//393
f 3422//423 3421//423 3429//423 3430//423
f 3420//424 3423//424 3431//424 3428//424
f 3447//393 3441//393 3433//393 3437//393
f 3437//396 3433//396 3435//396 3438//396
f 3445//395 3443//395 3434//395 3439//395
f 3439//394 3434//394 3432//394 3436//394
f 3443//398 3440//398 3432//398 3434//398
f 3444//397 3447//397 3437//397 3438//397
f 3439//397 3436//397 3446//397 3445//397
f 3445//397 3446//397 3447//397 3444//397
f 3435//398 3433//398 3441//398 3442//398
f 3443//395 3442//395 3450//395 3451//395
f 3438//395 3435//395 3442//395 3444//395
f 3444//395 3442//395 3443//395 3445//395
f 3436//393 3432//393 3440//393 3446//393
f 3446//393 3440//393 3441//393 3447//393
f 3450//398 3449//398 3448//398 3451//398
f 3441//393 3440//393 3448//393 3449//393
f 3442//423 3441//423 3449//423 3450//423
f 3440//424 3443//424 3451//424 3448//424
f 3467//393 3461//393 3453//393 3457//393
f 3457//396 3453//396 3455//396 3458//396
f 3465//395 3463//395 3454//395 3459//395
f 3459//394 3454//394 3452//394 3456//394
f 3463//398 3460//398 3452//398 3454//398
f 3464//397 3467//397 3457//397 3458//397
f 3459//397 3456//397 3466//397 3465//397
f 3465//397 3466//397 3467//397 3464//397
f 3455//398 3453//398 3461//398 3462//398
f 3463//395 3462//395 3470//395 3471//395
f 3458//395 3455//395 3462//395 3464//395
f 3464//395 3462//395 3463//395 3465//395
f 3456//393 3452//393 3460//393 3466//393
f 3466//393 3460//393 3461//393 3467//393
f 3470//398 3469//398 3468//398 3471//398
f 3461//393 3460//393 3468//393 3469//393
f 3462//423 3461//423 3469//423 3470//423
f 3460//424 3463//424 3471//424 3468//424
