# StreamSim realistic medium-detail OBJ
# Source: https://github.com/KhronosGroup/glTF-Sample-Assets/tree/main/Models/CesiumMilkTruck
# Coordinates: Y-up; vertex RGB colors embedded after XYZ
# Source triangles: 3624; target triangles: 80000
o part_1__truck
g part_1__truck
v 1.2073999 1.6458000 1.5424701 0.40000 0.40000 0.40000
v 1.2959999 1.7664000 1.5672501 0.40000 0.40000 0.40000
v 1.2018699 1.6590199 1.5425400 0.40000 0.40000 0.40000
v 1.2018699 1.8737800 1.5425400 0.40000 0.40000 0.40000
v 1.2073999 1.8870000 1.5424701 0.40000 0.40000 0.40000
v 1.2214799 1.8922400 1.5424901 0.40000 0.40000 0.40000
v 1.3705199 1.8922400 1.5424901 0.40000 0.40000 0.40000
v 1.3846000 1.8870000 1.5424701 0.40000 0.40000 0.40000
v 1.3901300 1.8737800 1.5425400 0.40000 0.40000 0.40000
v 1.3901300 1.6590199 1.5425400 0.40000 0.40000 0.40000
v 1.3846000 1.6458000 1.5424701 0.40000 0.40000 0.40000
v 1.3705199 1.6405600 1.5424901 0.40000 0.40000 0.40000
v 1.2214799 1.6405600 1.5424901 0.40000 0.40000 0.40000
v -1.2074001 1.6458000 1.5424699 0.40000 0.40000 0.40000
v -1.2018701 1.6590199 1.5425399 0.40000 0.40000 0.40000
v -1.2960001 1.7664000 1.5672499 0.40000 0.40000 0.40000
v -1.2018701 1.8737800 1.5425399 0.40000 0.40000 0.40000
v -1.2074001 1.8870000 1.5424699 0.40000 0.40000 0.40000
v -1.2214801 1.8922400 1.5424899 0.40000 0.40000 0.40000
v -1.3705201 1.8922400 1.5424899 0.40000 0.40000 0.40000
v -1.3846001 1.8870000 1.5424699 0.40000 0.40000 0.40000
v -1.3901301 1.8737800 1.5425399 0.40000 0.40000 0.40000
v -1.3901301 1.6590199 1.5425399 0.40000 0.40000 0.40000
v -1.3846001 1.6458000 1.5424699 0.40000 0.40000 0.40000
v -1.3705201 1.6405600 1.5424899 0.40000 0.40000 0.40000
v -1.2214801 1.6405600 1.5424899 0.40000 0.40000 0.40000
v -1.0899999 0.8070970 -1.6477401 0.40000 0.40000 0.40000
v -1.0899999 0.7533720 -1.6873401 0.40000 0.40000 0.40000
v -1.0519999 0.8070970 -1.6477401 0.40000 0.40000 0.40000
v -1.0519999 0.7533720 -1.6873401 0.40000 0.40000 0.40000
v 1.1000001 0.7533720 -1.0235999 0.40000 0.40000 0.40000
v 1.1000001 0.6900000 -1.0107599 0.40000 0.40000 0.40000
v 1.0620001 0.7533720 -1.0235999 0.40000 0.40000 0.40000
v 1.0620001 0.6900000 -1.0107599 0.40000 0.40000 0.40000
v 1.0999999 0.5616300 1.9415601 0.40000 0.40000 0.40000
v 1.0999999 0.4140000 1.9588800 0.40000 0.40000 0.40000
v 1.0619999 0.5616300 1.9415601 0.40000 0.40000 0.40000
v 1.0619999 0.4140000 1.9588800 0.40000 0.40000 0.40000
v -1.0900000 0.4140000 -0.8501751 0.40000 0.40000 0.40000
v -1.0900000 0.6900000 -1.0107600 0.40000 0.40000 0.40000
v -1.0520000 0.4140000 -0.8501751 0.40000 0.40000 0.40000
v -1.0520000 0.6900000 -1.0107600 0.40000 0.40000 0.40000
v 1.0619999 0.4140000 2.2926400 0.40000 0.40000 0.40000
v -1.0520002 0.4140000 2.2926399 0.40000 0.40000 0.40000
v 1.0619999 0.4692000 2.2926400 0.40000 0.40000 0.40000
v -1.0520002 0.4692000 2.2926399 0.40000 0.40000 0.40000
v -1.0520000 0.4692000 -0.8301480 0.40000 0.40000 0.40000
v -1.0520001 0.4692000 0.8249279 0.40000 0.40000 0.40000
v -1.0520000 0.4140000 -0.8501751 0.40000 0.40000 0.40000
v -1.0520001 0.4140000 0.8579559 0.40000 0.40000 0.40000
v -1.0519999 0.4692000 -2.2834402 0.40000 0.40000 0.40000
v -1.0519999 0.4692000 -1.8715500 0.40000 0.40000 0.40000
v -1.0519999 0.4140000 -2.2834402 0.40000 0.40000 0.40000
v -1.0519999 0.4140000 -1.8515200 0.40000 0.40000 0.40000
v 1.0620001 0.6900000 -1.0107599 0.40000 0.40000 0.40000
v 1.0620001 0.7452000 -0.9971560 0.40000 0.40000 0.40000
v 1.0620001 0.7533720 -1.0235999 0.40000 0.40000 0.40000
v 1.0620001 0.8085720 -1.0105099 0.40000 0.40000 0.40000
v 1.0620001 0.7533720 -1.0235999 0.40000 0.40000 0.40000
v 1.0620001 0.7452000 -0.9971560 0.40000 0.40000 0.40000
v 1.0619999 0.6168300 1.9735500 0.40000 0.40000 0.40000
v 1.0619999 0.4692000 1.9919100 0.40000 0.40000 0.40000
v 0.5509399 0.6168300 1.9735500 0.40000 0.40000 0.40000
v 0.5509399 0.4692000 1.9919100 0.40000 0.40000 0.40000
v -1.0520001 0.9664180 1.1450500 0.40000 0.40000 0.40000
v -1.0520001 0.8772000 1.0350699 0.40000 0.40000 0.40000
v -0.5409401 0.9664180 1.1450500 0.40000 0.40000 0.40000
v -0.5409400 0.8772000 1.0350699 0.40000 0.40000 0.40000
v -1.0519999 0.8085720 -1.7008000 0.40000 0.40000 0.40000
v -1.0519999 0.7452000 -1.7152701 0.40000 0.40000 0.40000
v -0.5409399 0.8085720 -1.7008000 0.40000 0.40000 0.40000
v -0.5409399 0.7452000 -1.7152701 0.40000 0.40000 0.40000
v 1.0620001 0.8981940 -1.1054699 0.40000 0.40000 0.40000
v 1.0620001 0.8622970 -1.0485499 0.40000 0.40000 0.40000
v 0.5509400 0.8981940 -1.1054699 0.40000 0.40000 0.40000
v 0.5509400 0.8622970 -1.0485500 0.40000 0.40000 0.40000
v 0.5509401 0.4692000 -1.8715499 0.40000 0.40000 0.40000
v 0.5509400 0.4692000 -0.8301479 0.40000 0.40000 0.40000
v -0.5409399 0.4692000 -1.8715500 0.40000 0.40000 0.40000
v -0.5409399 0.4692000 -0.8301480 0.40000 0.40000 0.40000
v 1.1054001 0.3634000 -2.2030300 0.40000 0.40000 0.40000
v 1.1234701 0.3712580 -2.1863200 0.40000 0.40000 0.40000
v -1.1234698 0.3712580 -2.1863201 0.40000 0.40000 0.40000
v -1.1053998 0.3634000 -2.2030302 0.40000 0.40000 0.40000
v 1.1179701 0.4225870 -2.4229199 0.40000 0.40000 0.40000
v 1.1183801 0.4171690 -2.4232899 0.40000 0.40000 0.40000
v -1.1183798 0.4171690 -2.4232901 0.40000 0.40000 0.40000
v -1.1179698 0.4225870 -2.4229201 0.40000 0.40000 0.40000
v -1.1179699 0.4225870 -2.1908801 0.40000 0.40000 0.40000
v -1.1183798 0.4171690 -2.1905101 0.40000 0.40000 0.40000
v 1.1183801 0.4171690 -2.1905100 0.40000 0.40000 0.40000
v 1.1179701 0.4225870 -2.1908800 0.40000 0.40000 0.40000
v 1.1269901 0.4991600 -2.1828899 0.40000 0.40000 0.40000
v -1.1269898 0.4991600 -2.1828900 0.40000 0.40000 0.40000
v 1.1196002 0.4758490 -2.1894399 0.40000 0.40000 0.40000
v -1.1195999 0.4758490 -2.1894401 0.40000 0.40000 0.40000
v -1.1310002 0.4043400 2.2020199 0.40000 0.40000 0.40000
v -1.1310002 0.4899000 2.2020199 0.40000 0.40000 0.40000
v -1.1252902 0.4043400 2.1893300 0.40000 0.40000 0.40000
v -1.1252902 0.4899000 2.1893300 0.40000 0.40000 0.40000
v 1.1114999 0.4043400 2.1840800 0.40000 0.40000 0.40000
v 1.1114999 0.4899000 2.1840800 0.40000 0.40000 0.40000
v 1.1252899 0.4043400 2.1893302 0.40000 0.40000 0.40000
v 1.1252899 0.4899000 2.1893302 0.40000 0.40000 0.40000
v 1.1252899 0.4013450 2.3389700 0.40000 0.40000 0.40000
v 1.1252899 0.4942630 2.4210201 0.40000 0.40000 0.40000
v 1.1114999 0.3999770 2.3448501 0.40000 0.40000 0.40000
v 1.1114999 0.4942630 2.4262701 0.40000 0.40000 0.40000
v 1.1114999 0.3999770 2.3448501 0.40000 0.40000 0.40000
v 1.1252899 0.4942630 2.4210201 0.40000 0.40000 0.40000
v 1.1114999 0.6683800 2.1840800 0.40000 0.40000 0.40000
v 1.1114999 0.6810650 2.1893302 0.40000 0.40000 0.40000
v 1.1252899 0.6683800 2.1893302 0.40000 0.40000 0.40000
v 1.1233798 0.6793140 2.1910902 0.40000 0.40000 0.40000
v -1.1252902 0.3916550 2.2020199 0.40000 0.40000 0.40000
v -1.1233801 0.3934060 2.1910900 0.40000 0.40000 0.40000
v -1.1115002 0.5089660 2.4349698 0.40000 0.40000 0.40000
v -1.1252902 0.5089660 2.4297199 0.40000 0.40000 0.40000
v -1.1115002 0.4942630 2.4262699 0.40000 0.40000 0.40000
v -1.1252902 0.4942630 2.4210200 0.40000 0.40000 0.40000
v -1.1115002 0.3864000 2.3151800 0.40000 0.40000 0.40000
v -1.1115002 0.3864000 2.2020199 0.40000 0.40000 0.40000
v 1.1114999 0.3864000 2.3151801 0.40000 0.40000 0.40000
v 1.1114999 0.3864000 2.2020200 0.40000 0.40000 0.40000
v -0.5050001 0.8970000 2.3276000 0.40000 0.40000 0.40000
v -0.5050001 0.7406000 2.3276000 0.40000 0.40000 0.40000
v -0.5050001 0.8970000 2.2788400 0.40000 0.40000 0.40000
v -0.5050001 0.7406000 2.2788400 0.40000 0.40000 0.40000
v -0.9200002 0.7682000 2.3275999 0.40000 0.40000 0.40000
v -0.6450001 0.7682000 2.3276000 0.40000 0.40000 0.40000
v -0.9200002 0.7682000 2.3156399 0.40000 0.40000 0.40000
v -0.6450001 0.7682000 2.3156399 0.40000 0.40000 0.40000
v -0.8625001 0.4646000 1.3271000 0.40000 0.40000 0.40000
v -0.8625001 0.4646000 1.5341000 0.40000 0.40000 0.40000
v -0.4085011 0.4646000 1.3271000 0.40000 0.40000 0.40000
v -0.4085011 0.4646000 1.5341000 0.40000 0.40000 0.40000
v -0.8625001 0.2668000 1.3607399 0.40000 0.40000 0.40000
v -0.8625001 0.3358000 1.3271000 0.40000 0.40000 0.40000
v -0.4085011 0.2668000 1.3607399 0.40000 0.40000 0.40000
v -0.4085011 0.3358000 1.3271000 0.40000 0.40000 0.40000
v 0.2534559 0.3064690 1.5004600 0.40000 0.40000 0.40000
v 0.2534559 0.3064690 1.3607400 0.40000 0.40000 0.40000
v 0.2875009 0.3138080 1.5004600 0.40000 0.40000 0.40000
v 0.2875009 0.3138080 1.3607400 0.40000 0.40000 0.40000
v -0.2534561 0.5042690 1.5341000 0.40000 0.40000 0.40000
v -0.2534561 0.5042690 1.3271000 0.40000 0.40000 0.40000
v -0.2875011 0.5116080 1.5341000 0.40000 0.40000 0.40000
v -0.2875011 0.5116080 1.3271000 0.40000 0.40000 0.40000
v 0.4085009 0.4646000 1.3271001 0.40000 0.40000 0.40000
v 0.3215449 0.5042690 1.3271001 0.40000 0.40000 0.40000
v 0.4085009 0.4646000 1.5341001 0.40000 0.40000 0.40000
v 0.3215449 0.5042690 1.5341001 0.40000 0.40000 0.40000
v -0.1665011 0.4646000 1.3271000 0.40000 0.40000 0.40000
v -0.1665011 0.4646000 1.5341000 0.40000 0.40000 0.40000
v -0.1665009 0.3358000 -1.4559000 0.40000 0.40000 0.40000
v -0.1665009 0.4646000 -1.4559000 0.40000 0.40000 0.40000
v 0.1665001 0.3358000 -1.4558999 0.40000 0.40000 0.40000
v 0.1665001 0.4646000 -1.4558999 0.40000 0.40000 0.40000
v -0.1665009 0.2668000 -1.2825400 0.40000 0.40000 0.40000
v -0.1665009 0.2668000 -1.4222601 0.40000 0.40000 0.40000
v 0.1665001 0.2668000 -1.2825400 0.40000 0.40000 0.40000
v 0.1665001 0.2668000 -1.4222600 0.40000 0.40000 0.40000
v 0.3215451 0.3754690 -1.4558999 0.40000 0.40000 0.40000
v 0.2875011 0.3828080 -1.4558999 0.40000 0.40000 0.40000
v 0.3215451 0.5042690 -1.4558999 0.40000 0.40000 0.40000
v 0.2875011 0.5116080 -1.4558999 0.40000 0.40000 0.40000
v -0.2534559 0.3754690 -1.2489001 0.40000 0.40000 0.40000
v -0.2534559 0.5042690 -1.2489001 0.40000 0.40000 0.40000
v -0.2875009 0.3828080 -1.2489001 0.40000 0.40000 0.40000
v -0.2875009 0.5116080 -1.2489001 0.40000 0.40000 0.40000
v 0.3215451 0.3754690 -1.2489000 0.40000 0.40000 0.40000
v 0.3215451 0.3064690 -1.2825399 0.40000 0.40000 0.40000
v 0.4085001 0.3358000 -1.2489000 0.40000 0.40000 0.40000
v 0.4085001 0.2668000 -1.2825399 0.40000 0.40000 0.40000
v 0.4085001 0.2668000 -1.2825399 0.40000 0.40000 0.40000
v 0.3215451 0.3064690 -1.2825399 0.40000 0.40000 0.40000
v 0.4085001 0.2668000 -1.4222600 0.40000 0.40000 0.40000
v 0.3215451 0.3064690 -1.4222600 0.40000 0.40000 0.40000
v -0.3145999 0.5244000 -2.3183999 0.40000 0.40000 0.40000
v 0.3146001 0.5244000 -2.3183999 0.40000 0.40000 0.40000
v -0.3145999 0.7176000 -2.3183999 0.40000 0.40000 0.40000
v 0.3146001 0.7176000 -2.3183999 0.40000 0.40000 0.40000
v 0.3146001 0.5244000 -2.3326599 0.40000 0.40000 0.40000
v -0.3145999 0.5244000 -2.3326600 0.40000 0.40000 0.40000
v 0.3146001 0.7176000 -2.3326599 0.40000 0.40000 0.40000
v -0.3145999 0.7176000 -2.3326600 0.40000 0.40000 0.40000
v -1.0900000 2.4012001 0.1987199 0.40000 0.40000 0.40000
v -1.0900000 2.3965800 0.1754829 0.40000 0.40000 0.40000
v -1.0550000 2.4012001 0.1987199 0.40000 0.40000 0.40000
v -1.0550000 2.3965800 0.1754829 0.40000 0.40000 0.40000
v 1.0549999 1.2696000 1.0028001 0.40000 0.40000 0.40000
v 1.1000000 1.2696000 1.0028001 0.40000 0.40000 0.40000
v 1.0549999 1.2420000 1.0028001 0.40000 0.40000 0.40000
v 1.1000000 1.2420000 1.0028001 0.40000 0.40000 0.40000
v 1.1000000 2.3965800 0.9653171 0.40000 0.40000 0.40000
v 1.0549999 2.3965800 0.9653161 0.40000 0.40000 0.40000
v 1.1000000 2.4012001 0.9420801 0.40000 0.40000 0.40000
v 1.0549999 2.4012001 0.9420801 0.40000 0.40000 0.40000
v 1.1976599 1.8785800 1.5389601 0.40000 0.40000 0.40000
v 1.1976599 1.6542100 1.5389601 0.40000 0.40000 0.40000
v 1.3883599 1.8921200 1.5389400 0.40000 0.40000 0.40000
v 1.3737299 1.8976600 1.5389500 0.40000 0.40000 0.40000
v 1.3846000 1.8870000 1.5424701 0.40000 0.40000 0.40000
v 1.3737299 1.8976600 1.5389500 0.40000 0.40000 0.40000
v 1.1959999 1.8804801 1.5226001 0.40000 0.40000 0.40000
v 1.1959999 1.8804801 1.5322600 0.40000 0.40000 0.40000
v 1.2021499 1.8941400 1.5226001 0.40000 0.40000 0.40000
v 1.2021499 1.8941400 1.5322600 0.40000 0.40000 0.40000
v 1.2523999 1.6050299 1.5598601 0.40000 0.40000 0.40000
v 1.2686599 1.6112300 1.5598601 0.40000 0.40000 0.40000
v 1.2849999 1.5750400 1.5598601 0.40000 0.40000 0.40000
v 1.3012599 1.5812401 1.5598601 0.40000 0.40000 0.40000
v 1.2849999 1.5750400 1.5598601 0.40000 0.40000 0.40000
v 1.2686599 1.6112300 1.5598601 0.40000 0.40000 0.40000
v 1.2753999 1.7903200 1.5742101 0.40000 0.40000 0.40000
v 1.3079999 1.7903200 1.5742101 0.40000 0.40000 0.40000
v 1.2753999 1.7903200 1.5598601 0.40000 0.40000 0.40000
v 1.3079999 1.7903200 1.5598601 0.40000 0.40000 0.40000
v 1.0865299 1.6192000 1.5976000 0.40000 0.40000 0.40000
v 1.0539999 1.6192000 1.6100001 0.40000 0.40000 0.40000
v 1.0865298 1.2818400 2.2903901 0.40000 0.40000 0.40000
v 1.0539999 1.2816900 2.3027900 0.40000 0.40000 0.40000
v -1.0440002 1.2654001 2.3208899 0.40000 0.40000 0.40000
v -1.0440002 1.2420000 2.3275999 0.40000 0.40000 0.40000
v 1.0539999 1.2654001 2.3208900 0.40000 0.40000 0.40000
v 1.0539999 1.2420000 2.3276001 0.40000 0.40000 0.40000
v -1.0439999 1.2696000 -2.3184000 0.40000 0.40000 0.40000
v -1.0439999 1.6192000 -2.3184000 0.40000 0.40000 0.40000
v -0.6074999 1.2696000 -2.3183999 0.40000 0.40000 0.40000
v -0.6074999 1.6192000 -2.3183999 0.40000 0.40000 0.40000
v -1.0899999 1.6192000 -2.2760800 0.40000 0.40000 0.40000
v -1.0899999 2.5351901 -2.2760800 0.40000 0.40000 0.40000
v -1.0765298 1.6192000 -2.3060001 0.40000 0.40000 0.40000
v -1.0765298 2.5351901 -2.3060001 0.40000 0.40000 0.40000
v -0.3145999 0.7176000 -2.3183999 0.40000 0.40000 0.40000
v -0.3145999 0.7176000 -2.3326600 0.40000 0.40000 0.40000
v -0.6074999 0.7176000 -2.3183999 0.40000 0.40000 0.40000
v -0.6074999 0.7176000 -2.3326600 0.40000 0.40000 0.40000
v -1.0457198 2.5729301 -2.3027101 0.40000 0.40000 0.40000
v -1.0649398 2.5729301 -2.2954100 0.40000 0.40000 0.40000
v -1.0420298 2.5843699 -2.2856901 0.40000 0.40000 0.40000
v -1.0507399 2.5843699 -2.2823802 0.40000 0.40000 0.40000
v 1.0520301 2.5843699 -2.2856900 0.40000 0.40000 0.40000
v 1.0557201 2.5729301 -2.3027100 0.40000 0.40000 0.40000
v -1.0457198 2.5729301 -2.3027101 0.40000 0.40000 0.40000
v -1.0420298 2.5843699 -2.2856901 0.40000 0.40000 0.40000
v 1.0515702 2.5843699 -2.2739601 0.40000 0.40000 0.40000
v -1.0415698 2.5843699 -2.2739602 0.40000 0.40000 0.40000
v -1.0440001 1.6192000 1.6100000 0.40000 0.40000 0.40000
v -1.0440001 2.5351901 1.3339999 0.40000 0.40000 0.40000
v -1.0765301 1.6192000 1.5975999 0.40000 0.40000 0.40000
v -1.0765301 2.5351901 1.3215999 0.40000 0.40000 0.40000
v -1.2021501 1.8941400 1.5322599 0.40000 0.40000 0.40000
v -1.2170001 1.8997999 1.5322599 0.40000 0.40000 0.40000
v -1.2036401 1.8921200 1.5389399 0.40000 0.40000 0.40000
v -1.2182700 1.8976600 1.5389499 0.40000 0.40000 0.40000
v -1.2036401 1.8921200 1.5389399 0.40000 0.40000 0.40000
v -1.2170001 1.8997999 1.5322599 0.40000 0.40000 0.40000
v -1.3898501 1.8941400 1.5322599 0.40000 0.40000 0.40000
v -1.3960001 1.8804801 1.5322599 0.40000 0.40000 0.40000
v -1.3883601 1.8921200 1.5389399 0.40000 0.40000 0.40000
v -1.3943401 1.8785800 1.5389599 0.40000 0.40000 0.40000
v -1.2170001 1.6330000 1.5322599 0.40000 0.40000 0.40000
v -1.3750001 1.6330000 1.5322599 0.40000 0.40000 0.40000
v -1.2170001 1.6330000 1.5226000 0.40000 0.40000 0.40000
v -1.3750001 1.6330000 1.5226000 0.40000 0.40000 0.40000
v -1.0900001 1.6050299 1.5598599 0.40000 0.40000 0.40000
v -1.0900001 1.5750400 1.5598599 0.40000 0.40000 0.40000
v -1.2524001 1.6050299 1.5598599 0.40000 0.40000 0.40000
v -1.2850001 1.5750400 1.5598599 0.40000 0.40000 0.40000
v -1.2524001 1.6050299 1.5598599 0.40000 0.40000 0.40000
v -1.0900001 1.5750400 1.5598599 0.40000 0.40000 0.40000
v -1.0899999 0.8556000 -1.5185501 0.40000 0.40000 0.40000
v -1.0899999 0.8429940 -1.5884700 0.40000 0.40000 0.40000
v -1.0520000 0.8556000 -1.5185501 0.40000 0.40000 0.40000
v -1.0520000 0.8429940 -1.5884700 0.40000 0.40000 0.40000
v 1.1000001 0.8429940 -1.1149099 0.40000 0.40000 0.40000
v 1.1000001 0.8070970 -1.0601700 0.40000 0.40000 0.40000
v 1.0620001 0.8429940 -1.1149099 0.40000 0.40000 0.40000
v 1.0620001 0.8070970 -1.0601700 0.40000 0.40000 0.40000
v 1.0999999 0.8173340 1.8034501 0.40000 0.40000 0.40000
v 1.0999999 0.6992000 1.8882501 0.40000 0.40000 0.40000
v 1.0619999 0.8173340 1.8034501 0.40000 0.40000 0.40000
v 1.0619999 0.6992000 1.8882501 0.40000 0.40000 0.40000
v -1.0900001 0.8220000 1.0562000 0.40000 0.40000 0.40000
v -1.0900001 0.4140000 0.8579559 0.40000 0.40000 0.40000
v -1.0520001 0.8220000 1.0562000 0.40000 0.40000 0.40000
v -1.0520001 0.4140000 0.8579559 0.40000 0.40000 0.40000
v 1.0619999 0.4140000 1.9588800 0.40000 0.40000 0.40000
v 1.0619999 0.4692000 1.9919100 0.40000 0.40000 0.40000
v 1.0619999 0.5616300 1.9415601 0.40000 0.40000 0.40000
v 1.0619999 0.6168300 1.9735500 0.40000 0.40000 0.40000
v -1.0520001 0.8220000 1.0562000 0.40000 0.40000 0.40000
v -1.0520001 0.8772000 1.0350699 0.40000 0.40000 0.40000
v -1.0520001 0.9112180 1.1599600 0.40000 0.40000 0.40000
v -1.0520001 0.9664180 1.1450500 0.40000 0.40000 0.40000
v -1.0520001 0.9112180 1.1599600 0.40000 0.40000 0.40000
v -1.0520001 0.8772000 1.0350699 0.40000 0.40000 0.40000
v -1.0519999 0.6900000 -1.7012500 0.40000 0.40000 0.40000
v -1.0519999 0.7452000 -1.7152701 0.40000 0.40000 0.40000
v -1.0519999 0.7533720 -1.6873401 0.40000 0.40000 0.40000
v -1.0519999 0.8085720 -1.7008000 0.40000 0.40000 0.40000
v -1.0519999 0.7533720 -1.6873401 0.40000 0.40000 0.40000
v -1.0519999 0.7452000 -1.7152701 0.40000 0.40000 0.40000
v 1.0620001 0.8981940 -1.1054699 0.40000 0.40000 0.40000
v 1.0620001 0.8429940 -1.1149099 0.40000 0.40000 0.40000
v 1.0620001 0.8622970 -1.0485499 0.40000 0.40000 0.40000
v 1.0620001 0.8070970 -1.0601700 0.40000 0.40000 0.40000
v 1.0620001 0.8622970 -1.0485499 0.40000 0.40000 0.40000
v 1.0620001 0.8429940 -1.1149099 0.40000 0.40000 0.40000
v 1.0619999 0.8725340 1.8271601 0.40000 0.40000 0.40000
v 1.0619999 0.7544000 1.9170401 0.40000 0.40000 0.40000
v 0.5509399 0.8725340 1.8271600 0.40000 0.40000 0.40000
v 0.5509399 0.7544000 1.9170400 0.40000 0.40000 0.40000
v -1.0520001 1.0396000 1.4272099 0.40000 0.40000 0.40000
v -1.0520001 1.0201600 1.2808099 0.40000 0.40000 0.40000
v -0.5409401 1.0396000 1.4272099 0.40000 0.40000 0.40000
v -0.5409401 1.0201600 1.2808100 0.40000 0.40000 0.40000
v -1.0520000 0.8981940 -1.5979701 0.40000 0.40000 0.40000
v -1.0519999 0.8622970 -1.6596101 0.40000 0.40000 0.40000
v -0.5409399 0.8981940 -1.5979700 0.40000 0.40000 0.40000
v -0.5409399 0.8622970 -1.6596101 0.40000 0.40000 0.40000
v 1.0620001 0.9108000 -1.5252599 0.40000 0.40000 0.40000
v 1.0620001 0.9108000 -1.1726200 0.40000 0.40000 0.40000
v 0.5509401 0.9108000 -1.5252599 0.40000 0.40000 0.40000
v 0.5509400 0.9108000 -1.1726200 0.40000 0.40000 0.40000
v -0.5409400 0.4692000 0.8249280 0.40000 0.40000 0.40000
v 0.5509399 0.4692000 0.8249280 0.40000 0.40000 0.40000
v 1.1234701 0.5165420 -2.1863200 0.40000 0.40000 0.40000
v 1.1234701 0.5165420 -2.4274799 0.40000 0.40000 0.40000
v 1.1054001 0.5244000 -2.2030300 0.40000 0.40000 0.40000
v 1.1054001 0.5244000 -2.4107699 0.40000 0.40000 0.40000
v -1.1053998 0.3634000 -2.4107700 0.40000 0.40000 0.40000
v 1.1054001 0.3634000 -2.4107699 0.40000 0.40000 0.40000
v 1.1183801 0.4706310 -2.1905100 0.40000 0.40000 0.40000
v -1.1183798 0.4706310 -2.1905101 0.40000 0.40000 0.40000
v -1.1269898 0.4991600 -2.4309102 0.40000 0.40000 0.40000
v 1.1269901 0.4991600 -2.4309100 0.40000 0.40000 0.40000
v -1.1195999 0.4758490 -2.4243601 0.40000 0.40000 0.40000
v 1.1196002 0.4758490 -2.4243600 0.40000 0.40000 0.40000
v -1.1310002 0.5257800 2.2020199 0.40000 0.40000 0.40000
v -1.1310002 0.6683800 2.2020199 0.40000 0.40000 0.40000
v -1.1252902 0.5257800 2.1893300 0.40000 0.40000 0.40000
v -1.1252902 0.6683800 2.1893300 0.40000 0.40000 0.40000
v 1.1114999 0.6810650 2.4327501 0.40000 0.40000 0.40000
v 1.1114999 0.6863200 2.4200600 0.40000 0.40000 0.40000
v -1.1115002 0.6863200 2.4200599 0.40000 0.40000 0.40000
v -1.1115002 0.6810650 2.4327499 0.40000 0.40000 0.40000
v 1.1309999 0.4899000 2.2020200 0.40000 0.40000 0.40000
v 1.1309999 0.5078400 2.2020200 0.40000 0.40000 0.40000
v 1.1309999 0.4942630 2.4083300 0.40000 0.40000 0.40000
v 1.1309999 0.5089660 2.4170302 0.40000 0.40000 0.40000
v 1.1309999 0.4043400 2.2020200 0.40000 0.40000 0.40000
v 1.1252899 0.3916550 2.2020200 0.40000 0.40000 0.40000
v 1.1252899 0.4043400 2.1893302 0.40000 0.40000 0.40000
v 1.1233798 0.3934060 2.1910902 0.40000 0.40000 0.40000
v 1.1114999 0.3899560 2.3314901 0.40000 0.40000 0.40000
v 1.1252899 0.4013450 2.3389700 0.40000 0.40000 0.40000
v 1.1238198 0.3917740 2.3306602 0.40000 0.40000 0.40000
v 1.1252899 0.4013450 2.3389700 0.40000 0.40000 0.40000
v 1.1114999 0.3899560 2.3314901 0.40000 0.40000 0.40000
v -1.1310002 0.5089660 2.4170300 0.40000 0.40000 0.40000
v -1.1252902 0.5089660 2.4297199 0.40000 0.40000 0.40000
v -1.1310002 0.5257800 2.4200599 0.40000 0.40000 0.40000
v -1.1252902 0.5257800 2.4327499 0.40000 0.40000 0.40000
v -1.1252902 0.5078400 2.1893300 0.40000 0.40000 0.40000
v -1.1310002 0.5078400 2.2020199 0.40000 0.40000 0.40000
v 0.5049999 0.7406000 2.3276000 0.40000 0.40000 0.40000
v 0.5049999 0.8970000 2.3276000 0.40000 0.40000 0.40000
v 0.5049999 0.7406000 2.2788401 0.40000 0.40000 0.40000
v 0.5049999 0.8970000 2.2788401 0.40000 0.40000 0.40000
v 0.9199999 0.7682000 2.3276001 0.40000 0.40000 0.40000
v 0.9199999 1.1914001 2.3276001 0.40000 0.40000 0.40000
v 0.9199999 0.7682000 2.3156400 0.40000 0.40000 0.40000
v 0.9199999 1.1914001 2.3156400 0.40000 0.40000 0.40000
v 0.8624999 0.4646000 1.3271001 0.40000 0.40000 0.40000
v 0.8624999 0.4646000 1.5341001 0.40000 0.40000 0.40000
v 0.4085009 0.2668000 1.3607400 0.40000 0.40000 0.40000
v 0.4085009 0.3358000 1.3271001 0.40000 0.40000 0.40000
v 0.8624999 0.2668000 1.3607400 0.40000 0.40000 0.40000
v 0.8624999 0.3358000 1.3271001 0.40000 0.40000 0.40000
v 0.2534559 0.3064690 1.3607400 0.40000 0.40000 0.40000
v 0.2534559 0.3754690 1.3271001 0.40000 0.40000 0.40000
v 0.2875009 0.3138080 1.3607400 0.40000 0.40000 0.40000
v 0.2875009 0.3828080 1.3271001 0.40000 0.40000 0.40000
v -0.2534561 0.3754690 1.3271000 0.40000 0.40000 0.40000
v -0.2875011 0.3828080 1.3271000 0.40000 0.40000 0.40000
v -0.2534561 0.5042690 1.3271000 0.40000 0.40000 0.40000
v -0.2875011 0.5116080 1.3271000 0.40000 0.40000 0.40000
v -0.2534561 0.5042690 1.5341000 0.40000 0.40000 0.40000
v -0.2534561 0.3754690 1.5341000 0.40000 0.40000 0.40000
v -0.1665011 0.4646000 1.5341000 0.40000 0.40000 0.40000
v -0.1665011 0.3358000 1.5341000 0.40000 0.40000 0.40000
v 0.3215449 0.3754690 1.3271001 0.40000 0.40000 0.40000
v 0.4085009 0.4646000 1.3271001 0.40000 0.40000 0.40000
v 0.3215449 0.5042690 1.3271001 0.40000 0.40000 0.40000
v -0.8624999 0.4646000 -1.4559000 0.40000 0.40000 0.40000
v -0.8624999 0.4646000 -1.2489001 0.40000 0.40000 0.40000
v -0.4085009 0.4646000 -1.4559000 0.40000 0.40000 0.40000
v -0.4085009 0.4646000 -1.2489001 0.40000 0.40000 0.40000
v -0.8624999 0.2668000 -1.4222601 0.40000 0.40000 0.40000
v -0.8624999 0.3358000 -1.4559000 0.40000 0.40000 0.40000
v -0.4085009 0.2668000 -1.4222601 0.40000 0.40000 0.40000
v -0.4085009 0.3358000 -1.4559000 0.40000 0.40000 0.40000
v 0.2534561 0.3064690 -1.2825399 0.40000 0.40000 0.40000
v 0.2534561 0.3064690 -1.4222600 0.40000 0.40000 0.40000
v 0.2875011 0.3138080 -1.2825399 0.40000 0.40000 0.40000
v 0.2875011 0.3138080 -1.4222600 0.40000 0.40000 0.40000
v -0.2534559 0.5042690 -1.2489001 0.40000 0.40000 0.40000
v -0.2534559 0.5042690 -1.4559000 0.40000 0.40000 0.40000
v -0.2875009 0.5116080 -1.2489001 0.40000 0.40000 0.40000
v -0.2875009 0.5116080 -1.4559000 0.40000 0.40000 0.40000
v 0.4085001 0.4646000 -1.4558999 0.40000 0.40000 0.40000
v 0.3215451 0.5042690 -1.4558999 0.40000 0.40000 0.40000
v 0.4085001 0.4646000 -1.2489000 0.40000 0.40000 0.40000
v 0.3215451 0.5042690 -1.2489000 0.40000 0.40000 0.40000
v -0.1665009 0.4646000 -1.4559000 0.40000 0.40000 0.40000
v -0.1665009 0.4646000 -1.2489001 0.40000 0.40000 0.40000
v 0.6075002 0.5244000 -2.3469200 0.40000 0.40000 0.40000
v 0.3146001 0.5244000 -2.3469200 0.40000 0.40000 0.40000
v 0.6075002 0.7176000 -2.3469200 0.40000 0.40000 0.40000
v 0.3146001 0.7176000 -2.3469200 0.40000 0.40000 0.40000
v 0.3146001 0.7176000 -2.3183999 0.40000 0.40000 0.40000
v 0.3146001 0.7176000 -2.3326599 0.40000 0.40000 0.40000
v -1.0900001 2.3965800 0.9653169 0.40000 0.40000 0.40000
v -1.0900001 2.4012001 0.9420800 0.40000 0.40000 0.40000
v -1.0550000 2.3965800 0.9653159 0.40000 0.40000 0.40000
v -1.0550000 2.4012001 0.9420800 0.40000 0.40000 0.40000
v 1.0549999 1.6192000 1.0028001 0.40000 0.40000 0.40000
v 1.1000000 1.6192000 1.0028001 0.40000 0.40000 0.40000
v 1.0549999 1.2972000 1.0028001 0.40000 0.40000 0.40000
v 1.1000000 1.2972000 1.0028001 0.40000 0.40000 0.40000
v 1.0549999 1.2972000 1.0028001 0.40000 0.40000 0.40000
v 1.1000000 1.6192000 1.0028001 0.40000 0.40000 0.40000
v 1.0549999 2.3965800 0.1754831 0.40000 0.40000 0.40000
v 1.1000000 2.3965800 0.1754831 0.40000 0.40000 0.40000
v 1.0549999 2.4012001 0.1987201 0.40000 0.40000 0.40000
v 1.1000000 2.4012001 0.1987201 0.40000 0.40000 0.40000
v 1.3943399 1.6542100 1.5389601 0.40000 0.40000 0.40000
v 1.3883599 1.6406800 1.5389400 0.40000 0.40000 0.40000
v 1.2036399 1.6406800 1.5389400 0.40000 0.40000 0.40000
v 1.2182699 1.6351399 1.5389500 0.40000 0.40000 0.40000
v 1.2073999 1.6458000 1.5424701 0.40000 0.40000 0.40000
v 1.2182699 1.6351399 1.5389500 0.40000 0.40000 0.40000
v 1.3749999 1.8997999 1.5226001 0.40000 0.40000 0.40000
v 1.3749999 1.8997999 1.5322600 0.40000 0.40000 0.40000
v 1.3898499 1.8941400 1.5226001 0.40000 0.40000 0.40000
v 1.3898499 1.8941400 1.5322600 0.40000 0.40000 0.40000
v 1.2753999 1.6261899 1.5874601 0.40000 0.40000 0.40000
v 1.2686599 1.6112300 1.5874601 0.40000 0.40000 0.40000
v 1.3079999 1.5962000 1.5874601 0.40000 0.40000 0.40000
v 1.3012599 1.5812401 1.5874601 0.40000 0.40000 0.40000
v 1.3079999 1.5962000 1.5874601 0.40000 0.40000 0.40000
v 1.2686599 1.6112300 1.5874601 0.40000 0.40000 0.40000
v 1.2753999 1.7770700 1.5874601 0.40000 0.40000 0.40000
v 1.2753999 1.6261899 1.5874601 0.40000 0.40000 0.40000
v 1.3079999 1.7770700 1.5874601 0.40000 0.40000 0.40000
v 1.3079999 1.5962000 1.5874601 0.40000 0.40000 0.40000
v -1.0900001 1.2972000 1.0027999 0.40000 0.40000 0.40000
v -1.0900001 1.2696000 1.0027999 0.40000 0.40000 0.40000
v -1.0900002 1.2821900 2.2604698 0.40000 0.40000 0.40000
v -1.0900002 1.2655400 2.2785699 0.40000 0.40000 0.40000
v 1.1000000 1.6192000 1.0028001 0.40000 0.40000 0.40000
v 1.0999999 1.6192000 1.5676801 0.40000 0.40000 0.40000
v 1.1000000 1.2972000 1.0028001 0.40000 0.40000 0.40000
v 1.0999999 1.2821900 2.2604700 0.40000 0.40000 0.40000
v 1.0865301 1.6192000 -2.3059999 0.40000 0.40000 0.40000
v 1.0865301 1.2696000 -2.3059999 0.40000 0.40000 0.40000
v 1.0540002 1.6192000 -2.3183998 0.40000 0.40000 0.40000
v 1.0540002 1.2696000 -2.3183998 0.40000 0.40000 0.40000
v 1.0620002 0.4140000 -2.2834400 0.40000 0.40000 0.40000
v -1.0519999 0.4140000 -2.2834402 0.40000 0.40000 0.40000
v 1.0540002 0.4140000 -2.3183998 0.40000 0.40000 0.40000
v -1.0439999 0.4140000 -2.3184000 0.40000 0.40000 0.40000
v -0.6074999 0.7176000 -2.3183999 0.40000 0.40000 0.40000
v -0.6074999 0.7176000 -2.3326600 0.40000 0.40000 0.40000
v -0.6074999 0.5244000 -2.3183999 0.40000 0.40000 0.40000
v -0.6074999 0.5244000 -2.3326600 0.40000 0.40000 0.40000
v -1.0543499 2.5843699 -2.2743800 0.40000 0.40000 0.40000
v -1.0728999 2.5729301 -2.2777701 0.40000 0.40000 0.40000
v -1.0729001 2.5729301 1.2933699 0.40000 0.40000 0.40000
v -1.0543501 2.5843699 1.2899800 0.40000 0.40000 0.40000
v 1.0582001 2.5559700 -2.3141898 0.40000 0.40000 0.40000
v -1.0481999 2.5559700 -2.3141900 0.40000 0.40000 0.40000
v 1.0582001 2.5559700 -2.3141898 0.40000 0.40000 0.40000
v 1.0557201 2.5729301 -2.3027100 0.40000 0.40000 0.40000
v 1.0845101 2.5559700 -2.3041899 0.40000 0.40000 0.40000
v 1.0749401 2.5729301 -2.2954099 0.40000 0.40000 0.40000
v -1.0765301 1.6192000 1.5975999 0.40000 0.40000 0.40000
v -1.0765301 2.5351901 1.3215999 0.40000 0.40000 0.40000
v -1.0900001 1.6192000 1.5676799 0.40000 0.40000 0.40000
v -1.0900001 2.5351901 1.2916799 0.40000 0.40000 0.40000
v -1.2021501 1.8941400 1.5322599 0.40000 0.40000 0.40000
v -1.2036401 1.8921200 1.5389399 0.40000 0.40000 0.40000
v -1.1960001 1.8804801 1.5322599 0.40000 0.40000 0.40000
v -1.1976601 1.8785800 1.5389599 0.40000 0.40000 0.40000
v -1.2021501 1.6386600 1.5322599 0.40000 0.40000 0.40000
v -1.1960001 1.6523200 1.5322599 0.40000 0.40000 0.40000
v -1.2036401 1.6406800 1.5389399 0.40000 0.40000 0.40000
v -1.1976601 1.6542100 1.5389599 0.40000 0.40000 0.40000
v -1.3750001 1.8997999 1.5322599 0.40000 0.40000 0.40000
v -1.3750001 1.8997999 1.5226000 0.40000 0.40000 0.40000
v -1.2170001 1.8997999 1.5226000 0.40000 0.40000 0.40000
v -1.0900001 1.5750400 1.5598599 0.40000 0.40000 0.40000
v -1.0900001 1.5750400 1.5874600 0.40000 0.40000 0.40000
v -1.2850001 1.5750400 1.5598599 0.40000 0.40000 0.40000
v -1.2850001 1.5750400 1.5874600 0.40000 0.40000 0.40000
v -1.0900001 0.4140000 0.8579559 0.40000 0.40000 0.40000
v -1.0900000 0.4140000 -0.8501751 0.40000 0.40000 0.40000
v -1.0520001 0.4140000 0.8579559 0.40000 0.40000 0.40000
v -1.0520000 0.4140000 -0.8501751 0.40000 0.40000 0.40000
v 1.0619999 0.4692000 2.2926400 0.40000 0.40000 0.40000
v 1.0619999 0.4140000 2.2926400 0.40000 0.40000 0.40000
v -1.0520001 0.4140000 0.8579559 0.40000 0.40000 0.40000
v -1.0520001 0.4692000 0.8249279 0.40000 0.40000 0.40000
v -1.0520001 0.8220000 1.0562000 0.40000 0.40000 0.40000
v -1.0520001 0.8772000 1.0350699 0.40000 0.40000 0.40000
v -1.0520001 0.8220000 1.0562000 0.40000 0.40000 0.40000
v -1.0520001 0.4692000 0.8249279 0.40000 0.40000 0.40000
v -1.0519999 0.6900000 -1.7012500 0.40000 0.40000 0.40000
v -1.0519999 0.7452000 -1.7152701 0.40000 0.40000 0.40000
v -1.0519999 0.6900000 -1.7012500 0.40000 0.40000 0.40000
v -1.0519999 0.4692000 -1.8715500 0.40000 0.40000 0.40000
v 1.0620001 0.8622970 -1.0485499 0.40000 0.40000 0.40000
v 1.0620001 0.8070970 -1.0601700 0.40000 0.40000 0.40000
v 1.0620001 0.8085720 -1.0105099 0.40000 0.40000 0.40000
v 1.0620001 0.7533720 -1.0235999 0.40000 0.40000 0.40000
v 1.0620001 0.8085720 -1.0105099 0.40000 0.40000 0.40000
v 1.0620001 0.8070970 -1.0601700 0.40000 0.40000 0.40000
v 0.5509401 0.4692000 -2.2411201 0.40000 0.40000 0.40000
v -0.5409399 0.4692000 -2.2411201 0.40000 0.40000 0.40000
v 1.1269901 0.4991600 -2.1828899 0.40000 0.40000 0.40000
v 1.1269901 0.4991600 -2.4309100 0.40000 0.40000 0.40000
v 1.1234701 0.5165420 -2.1863200 0.40000 0.40000 0.40000
v 1.1234701 0.5165420 -2.4274799 0.40000 0.40000 0.40000
v -1.1053998 0.5244000 -2.2030302 0.40000 0.40000 0.40000
v -1.1053998 0.5244000 -2.4107700 0.40000 0.40000 0.40000
v 1.1179701 0.4652130 -2.1908800 0.40000 0.40000 0.40000
v -1.1179699 0.4652130 -2.1908801 0.40000 0.40000 0.40000
v -1.1269898 0.3886400 -2.4309102 0.40000 0.40000 0.40000
v -1.1195999 0.4119500 -2.4243601 0.40000 0.40000 0.40000
v 1.1269901 0.3886400 -2.4309100 0.40000 0.40000 0.40000
v 1.1196002 0.4119500 -2.4243600 0.40000 0.40000 0.40000
v -1.1252902 0.5257800 2.1893300 0.40000 0.40000 0.40000
v -1.1252902 0.6683800 2.1893300 0.40000 0.40000 0.40000
v -1.1115002 0.5257800 2.1840798 0.40000 0.40000 0.40000
v -1.1115002 0.6683800 2.1840798 0.40000 0.40000 0.40000
v 1.1114999 0.6683800 2.4380000 0.40000 0.40000 0.40000
v 1.1114999 0.6810650 2.4327501 0.40000 0.40000 0.40000
v -1.1115002 0.6810650 2.4327499 0.40000 0.40000 0.40000
v -1.1115002 0.6683800 2.4379999 0.40000 0.40000 0.40000
v 1.1309999 0.5257800 2.2020200 0.40000 0.40000 0.40000
v 1.1309999 0.5257800 2.4200600 0.40000 0.40000 0.40000
v 1.1309999 0.6683800 2.2020200 0.40000 0.40000 0.40000
v 1.1252899 0.6683800 2.1893302 0.40000 0.40000 0.40000
v 1.1252899 0.6810650 2.2020200 0.40000 0.40000 0.40000
v 1.1233798 0.6793140 2.1910902 0.40000 0.40000 0.40000
v 1.1252899 0.3917440 2.3179901 0.40000 0.40000 0.40000
v 1.1238198 0.3917740 2.3306602 0.40000 0.40000 0.40000
v 1.1114999 0.3899560 2.3314901 0.40000 0.40000 0.40000
v 1.1252899 0.3917440 2.3179901 0.40000 0.40000 0.40000
v -1.1310002 0.4942630 2.4083299 0.40000 0.40000 0.40000
v -1.1252902 0.4942630 2.4210200 0.40000 0.40000 0.40000
v -1.1252902 0.5078400 2.1893300 0.40000 0.40000 0.40000
v -1.1115002 0.5078400 2.1840798 0.40000 0.40000 0.40000
v 0.5049999 0.8970000 2.3276000 0.40000 0.40000 0.40000
v -0.5050001 0.8970000 2.3276000 0.40000 0.40000 0.40000
v 0.5049999 0.8970000 2.2788401 0.40000 0.40000 0.40000
v -0.5050001 0.8970000 2.2788400 0.40000 0.40000 0.40000
v 0.9199999 1.1914001 2.3276001 0.40000 0.40000 0.40000
v 0.6449998 1.1914001 2.3276000 0.40000 0.40000 0.40000
v 0.9199999 1.1914001 2.3156400 0.40000 0.40000 0.40000
v 0.6449998 1.1914001 2.3156400 0.40000 0.40000 0.40000
v 0.1665009 0.4646000 1.3271000 0.40000 0.40000 0.40000
v 0.1665009 0.4646000 1.5341001 0.40000 0.40000 0.40000
v -0.1665011 0.2668000 1.3607399 0.40000 0.40000 0.40000
v -0.1665011 0.3358000 1.3271000 0.40000 0.40000 0.40000
v 0.1665009 0.2668000 1.3607400 0.40000 0.40000 0.40000
v 0.1665009 0.3358000 1.3271000 0.40000 0.40000 0.40000
v 0.3215449 0.3064690 1.3607400 0.40000 0.40000 0.40000
v -0.3215451 0.5042690 1.3271000 0.40000 0.40000 0.40000
v -0.3215451 0.3754690 1.3271000 0.40000 0.40000 0.40000
v -0.4085011 0.3358000 1.5341000 0.40000 0.40000 0.40000
v -0.3215451 0.3754690 1.5341000 0.40000 0.40000 0.40000
v -0.4085011 0.4646000 1.5341000 0.40000 0.40000 0.40000
v -0.3215451 0.5042690 1.5341000 0.40000 0.40000 0.40000
v 0.1665009 0.4646000 1.3271000 0.40000 0.40000 0.40000
v 0.2534559 0.5042690 1.3271001 0.40000 0.40000 0.40000
v 0.4085001 0.3358000 -1.4558999 0.40000 0.40000 0.40000
v 0.4085001 0.4646000 -1.4558999 0.40000 0.40000 0.40000
v 0.8625001 0.3358000 -1.4558999 0.40000 0.40000 0.40000
v 0.8625001 0.4646000 -1.4558999 0.40000 0.40000 0.40000
v 0.8625001 0.2668000 -1.2825399 0.40000 0.40000 0.40000
v 0.8625001 0.2668000 -1.4222600 0.40000 0.40000 0.40000
v -0.3215449 0.5042690 -1.2489001 0.40000 0.40000 0.40000
v -0.3215449 0.5042690 -1.4559000 0.40000 0.40000 0.40000
v 0.2534561 0.5042690 -1.4558999 0.40000 0.40000 0.40000
v 0.1665001 0.4646000 -1.4558999 0.40000 0.40000 0.40000
v 0.2534561 0.5042690 -1.2489000 0.40000 0.40000 0.40000
v 0.1665001 0.4646000 -1.2489000 0.40000 0.40000 0.40000
v -0.3145999 0.5244000 -2.3469200 0.40000 0.40000 0.40000
v -0.6074999 0.5244000 -2.3469200 0.40000 0.40000 0.40000
v -0.3145999 0.7176000 -2.3469200 0.40000 0.40000 0.40000
v -0.6074999 0.7176000 -2.3469200 0.40000 0.40000 0.40000
v -0.3145999 0.5244000 -2.3326600 0.40000 0.40000 0.40000
v -0.3145999 0.5244000 -2.3469200 0.40000 0.40000 0.40000
v -0.3145999 0.7176000 -2.3326600 0.40000 0.40000 0.40000
v -0.3145999 0.7176000 -2.3469200 0.40000 0.40000 0.40000
v 1.1000000 1.2972000 1.0028001 0.40000 0.40000 0.40000
v 1.3898499 1.6386600 1.5322600 0.40000 0.40000 0.40000
v 1.3959999 1.6523200 1.5322600 0.40000 0.40000 0.40000
v 1.3883599 1.6406800 1.5389400 0.40000 0.40000 0.40000
v 1.3943399 1.6542100 1.5389601 0.40000 0.40000 0.40000
v 1.2021499 1.6386600 1.5322600 0.40000 0.40000 0.40000
v 1.2169999 1.6330000 1.5322600 0.40000 0.40000 0.40000
v 1.2036399 1.6406800 1.5389400 0.40000 0.40000 0.40000
v 1.2182699 1.6351399 1.5389500 0.40000 0.40000 0.40000
v 1.2036399 1.6406800 1.5389400 0.40000 0.40000 0.40000
v 1.2169999 1.6330000 1.5322600 0.40000 0.40000 0.40000
v 1.3898499 1.8941400 1.5226001 0.40000 0.40000 0.40000
v 1.3898499 1.8941400 1.5322600 0.40000 0.40000 0.40000
v 1.3959999 1.8804801 1.5226001 0.40000 0.40000 0.40000
v 1.3959999 1.8804801 1.5322600 0.40000 0.40000 0.40000
v 1.2523999 1.6050299 1.5874601 0.40000 0.40000 0.40000
v 1.2849999 1.5750400 1.5874601 0.40000 0.40000 0.40000
v 1.2686599 1.6112300 1.5874601 0.40000 0.40000 0.40000
v 1.3012599 1.5812401 1.5874601 0.40000 0.40000 0.40000
v 1.2686599 1.6112300 1.5874601 0.40000 0.40000 0.40000
v 1.2849999 1.5750400 1.5874601 0.40000 0.40000 0.40000
v 1.2753999 1.7864400 1.5835801 0.40000 0.40000 0.40000
v 1.2753999 1.7903200 1.5742101 0.40000 0.40000 0.40000
v 1.2753999 1.7770700 1.5874601 0.40000 0.40000 0.40000
v 1.2753999 1.6261899 1.5874601 0.40000 0.40000 0.40000
v 1.2753999 1.7770700 1.5874601 0.40000 0.40000 0.40000
v 1.2753999 1.7903200 1.5742101 0.40000 0.40000 0.40000
v 1.2753999 1.7903200 1.5598601 0.40000 0.40000 0.40000
v 1.2753999 1.6261899 1.5598601 0.40000 0.40000 0.40000
v -1.0900001 1.6192000 1.0027999 0.40000 0.40000 0.40000
v 0.6449998 1.1914001 2.3276000 0.40000 0.40000 0.40000
v 0.5049999 1.1500000 2.3276000 0.40000 0.40000 0.40000
v 0.5049999 0.9936000 2.3276000 0.40000 0.40000 0.40000
v -0.5050001 0.9936000 2.3276000 0.40000 0.40000 0.40000
v -0.5050001 1.1500000 2.3276000 0.40000 0.40000 0.40000
v -0.6450001 1.1914001 2.3276000 0.40000 0.40000 0.40000
v 0.6449998 0.7682000 2.3276000 0.40000 0.40000 0.40000
v -0.6450001 0.7682000 2.3276000 0.40000 0.40000 0.40000
v -0.9200002 0.7682000 2.3275999 0.40000 0.40000 0.40000
v -0.9200002 1.1914001 2.3275999 0.40000 0.40000 0.40000
v -0.5050001 0.8970000 2.3276000 0.40000 0.40000 0.40000
v -0.5050001 0.7406000 2.3276000 0.40000 0.40000 0.40000
v -1.0440002 0.4140000 2.3275999 0.40000 0.40000 0.40000
v -0.6450001 0.7682000 2.3276000 0.40000 0.40000 0.40000
v 1.0539999 0.4140000 2.3276001 0.40000 0.40000 0.40000
v 0.5049999 0.8970000 2.3276000 0.40000 0.40000 0.40000
v 0.5049999 0.7406000 2.3276000 0.40000 0.40000 0.40000
v -0.6450001 1.1914001 2.3276000 0.40000 0.40000 0.40000
v 0.9199999 0.7682000 2.3276001 0.40000 0.40000 0.40000
v -0.6450001 1.1914001 2.3276000 0.40000 0.40000 0.40000
v -0.5050001 1.1500000 2.3276000 0.40000 0.40000 0.40000
v 0.5049999 1.1500000 2.3276000 0.40000 0.40000 0.40000
v -0.6450001 1.1914001 2.3276000 0.40000 0.40000 0.40000
v 0.5049999 1.1500000 2.3276000 0.40000 0.40000 0.40000
v 0.6449998 1.1914001 2.3276000 0.40000 0.40000 0.40000
v 0.6449998 1.1914001 2.3276000 0.40000 0.40000 0.40000
v 0.9199999 1.1914001 2.3276001 0.40000 0.40000 0.40000
v 0.9199999 0.7682000 2.3276001 0.40000 0.40000 0.40000
v 0.5049999 0.7406000 2.3276000 0.40000 0.40000 0.40000
v -0.5050001 0.7406000 2.3276000 0.40000 0.40000 0.40000
v -1.0900000 1.6192000 0.1379999 0.40000 0.40000 0.40000
v -1.0900000 1.2696000 0.1379999 0.40000 0.40000 0.40000
v -1.0899999 1.2696000 -2.2760800 0.40000 0.40000 0.40000
v -1.0765298 1.6192000 -2.3060001 0.40000 0.40000 0.40000
v -1.0765298 2.5351901 -2.3060001 0.40000 0.40000 0.40000
v -1.0439999 1.6192000 -2.3184000 0.40000 0.40000 0.40000
v -1.0439999 2.5351901 -2.3184000 0.40000 0.40000 0.40000
v 0.6075002 0.7176000 -2.3183999 0.40000 0.40000 0.40000
v 0.6075002 0.7176000 -2.3326599 0.40000 0.40000 0.40000
v -1.0481999 2.5559700 -2.3141900 0.40000 0.40000 0.40000
v -1.0745098 2.5559700 -2.3041900 0.40000 0.40000 0.40000
v -1.0420301 2.5843699 1.3012900 0.40000 0.40000 0.40000
v -1.0457201 2.5729301 1.3183100 0.40000 0.40000 0.40000
v 1.0557199 2.5729301 1.3183101 0.40000 0.40000 0.40000
v 1.0520299 2.5843699 1.3012901 0.40000 0.40000 0.40000
v -1.0854101 2.5559700 1.2956499 0.40000 0.40000 0.40000
v -1.0745101 2.5559700 1.3197899 0.40000 0.40000 0.40000
v -1.2036401 1.8921200 1.5389399 0.40000 0.40000 0.40000
v -1.2182700 1.8976600 1.5389499 0.40000 0.40000 0.40000
v -1.2074001 1.8870000 1.5424699 0.40000 0.40000 0.40000
v -1.2182700 1.8976600 1.5389499 0.40000 0.40000 0.40000
v -1.3883601 1.8921200 1.5389399 0.40000 0.40000 0.40000
v -1.3960001 1.6523200 1.5322599 0.40000 0.40000 0.40000
v -1.3960001 1.6523200 1.5226000 0.40000 0.40000 0.40000
v -1.3960001 1.8804801 1.5226000 0.40000 0.40000 0.40000
v -1.0900001 1.6050299 1.5874600 0.40000 0.40000 0.40000
v -1.2524001 1.6050299 1.5874600 0.40000 0.40000 0.40000
v -1.0900001 1.5750400 1.5874600 0.40000 0.40000 0.40000
v -1.2850001 1.5750400 1.5874600 0.40000 0.40000 0.40000
v 1.1000001 0.8429940 -1.5884699 0.40000 0.40000 0.40000
v 1.1000001 0.8556000 -1.5185500 0.40000 0.40000 0.40000
v 1.0620001 0.8429940 -1.5884699 0.40000 0.40000 0.40000
v 1.0620001 0.8556000 -1.5185500 0.40000 0.40000 0.40000
v 1.0999999 0.9844000 1.4261400 0.40000 0.40000 0.40000
v 1.0999999 0.9649640 1.5642501 0.40000 0.40000 0.40000
v 1.0620000 0.9844000 1.4261400 0.40000 0.40000 0.40000
v 1.0619999 0.9649640 1.5642501 0.40000 0.40000 0.40000
v -1.0900001 0.9844000 1.4261399 0.40000 0.40000 0.40000
v -1.0900001 0.9649640 1.2880400 0.40000 0.40000 0.40000
v -1.0520001 0.9844000 1.4261399 0.40000 0.40000 0.40000
v -1.0520001 0.9649640 1.2880400 0.40000 0.40000 0.40000
v 1.0619999 0.8173340 1.8034501 0.40000 0.40000 0.40000
v 1.0619999 0.8725340 1.8271601 0.40000 0.40000 0.40000
v 1.0619999 0.9079810 1.6929401 0.40000 0.40000 0.40000
v 1.0619999 0.9631810 1.7100101 0.40000 0.40000 0.40000
v 1.0619999 0.9079810 1.6929401 0.40000 0.40000 0.40000
v 1.0619999 0.8725340 1.8271601 0.40000 0.40000 0.40000
v -1.0520001 1.0396000 1.4272099 0.40000 0.40000 0.40000
v -1.0520001 1.0201600 1.5736000 0.40000 0.40000 0.40000
v -1.0520001 0.9844000 1.4261399 0.40000 0.40000 0.40000
v -1.0520001 0.9649640 1.5642499 0.40000 0.40000 0.40000
v -1.0520001 0.9844000 1.4261399 0.40000 0.40000 0.40000
v -1.0520001 1.0201600 1.5736000 0.40000 0.40000 0.40000
v -1.0520000 0.9108000 -1.5252600 0.40000 0.40000 0.40000
v -1.0520000 0.8556000 -1.5185501 0.40000 0.40000 0.40000
v -1.0520000 0.8981940 -1.5979701 0.40000 0.40000 0.40000
v -1.0520000 0.8429940 -1.5884700 0.40000 0.40000 0.40000
v -1.0520000 0.8981940 -1.5979701 0.40000 0.40000 0.40000
v -1.0520000 0.8556000 -1.5185501 0.40000 0.40000 0.40000
v 1.0620001 0.9108000 -1.5252599 0.40000 0.40000 0.40000
v 1.0620001 0.8981940 -1.5979699 0.40000 0.40000 0.40000
v 1.0620001 0.8556000 -1.5185500 0.40000 0.40000 0.40000
v 1.0620001 0.8429940 -1.5884699 0.40000 0.40000 0.40000
v 1.0620000 1.0396000 1.4272100 0.40000 0.40000 0.40000
v 1.0619999 1.0201600 1.5736001 0.40000 0.40000 0.40000
v 0.5509399 1.0396000 1.4272100 0.40000 0.40000 0.40000
v 0.5509399 1.0201600 1.5736001 0.40000 0.40000 0.40000
v -1.0520002 0.8725340 1.8271599 0.40000 0.40000 0.40000
v -1.0520001 0.9631810 1.7100100 0.40000 0.40000 0.40000
v -0.5409401 0.8725340 1.8271600 0.40000 0.40000 0.40000
v -0.5409401 0.9631810 1.7100100 0.40000 0.40000 0.40000
v -1.0520000 0.8981940 -1.1054700 0.40000 0.40000 0.40000
v -1.0520000 0.9108000 -1.1726201 0.40000 0.40000 0.40000
v -0.5409399 0.8981940 -1.1054700 0.40000 0.40000 0.40000
v -0.5409399 0.9108000 -1.1726201 0.40000 0.40000 0.40000
v 1.0620001 0.8085720 -1.7007999 0.40000 0.40000 0.40000
v 1.0620001 0.8622970 -1.6596100 0.40000 0.40000 0.40000
v 0.5509401 0.8085720 -1.7007999 0.40000 0.40000 0.40000
v 0.5509401 0.8622970 -1.6596100 0.40000 0.40000 0.40000
v 1.0620000 0.9664180 1.1450501 0.40000 0.40000 0.40000
v 1.0620000 1.0201600 1.2808101 0.40000 0.40000 0.40000
v 0.5509399 0.9664180 1.1450501 0.40000 0.40000 0.40000
v 0.5509399 1.0201600 1.2808100 0.40000 0.40000 0.40000
v -1.1234698 0.5165420 -2.4274800 0.40000 0.40000 0.40000
v -1.1234698 0.5165420 -2.1863201 0.40000 0.40000 0.40000
v 1.1234701 0.5165420 -2.1863200 0.40000 0.40000 0.40000
v -1.1195999 0.4119500 -2.4243601 0.40000 0.40000 0.40000
v -1.1195999 0.4119500 -2.1894401 0.40000 0.40000 0.40000
v -1.1183798 0.4171690 -2.4232901 0.40000 0.40000 0.40000
v -1.1183798 0.4171690 -2.1905101 0.40000 0.40000 0.40000
v -1.1179698 0.4225870 -2.4229201 0.40000 0.40000 0.40000
v -1.1179699 0.4225870 -2.1908801 0.40000 0.40000 0.40000
v -1.1179698 0.4652130 -2.4229201 0.40000 0.40000 0.40000
v -1.1179699 0.4652130 -2.1908801 0.40000 0.40000 0.40000
v 1.1114999 0.3916550 2.1893302 0.40000 0.40000 0.40000
v -1.1115002 0.3916550 2.1893300 0.40000 0.40000 0.40000
v -1.1115002 0.4043400 2.1840798 0.40000 0.40000 0.40000
v 1.1252899 0.5257800 2.1893302 0.40000 0.40000 0.40000
v -1.1115002 0.3899560 2.3314900 0.40000 0.40000 0.40000
v 1.1114999 0.5257800 2.4380000 0.40000 0.40000 0.40000
v 1.1114999 0.5089660 2.4349700 0.40000 0.40000 0.40000
v 1.1252899 0.5257800 2.4327501 0.40000 0.40000 0.40000
v 1.1252899 0.5089660 2.4297200 0.40000 0.40000 0.40000
v -1.1310002 0.6683800 2.4200599 0.40000 0.40000 0.40000
v -1.1252902 0.6683800 2.4327499 0.40000 0.40000 0.40000
v -1.1252902 0.6810650 2.4200599 0.40000 0.40000 0.40000
v -1.1233801 0.6793140 2.4309899 0.40000 0.40000 0.40000
v 1.1114999 0.5078400 2.1840800 0.40000 0.40000 0.40000
v 1.1252899 0.5078400 2.1893302 0.40000 0.40000 0.40000
v -1.1310002 0.4027130 2.3256499 0.40000 0.40000 0.40000
v -0.5050001 1.1500000 2.2788400 0.40000 0.40000 0.40000
v -0.5050001 0.9936000 2.2788400 0.40000 0.40000 0.40000
v 0.5049999 1.1500000 2.2788401 0.40000 0.40000 0.40000
v 0.5049999 0.9936000 2.2788401 0.40000 0.40000 0.40000
v -0.8625001 0.3358000 1.5341000 0.40000 0.40000 0.40000
v -0.8625001 0.4646000 1.5341000 0.40000 0.40000 0.40000
v -0.8625001 0.3358000 1.3271000 0.40000 0.40000 0.40000
v -0.8625001 0.4646000 1.3271000 0.40000 0.40000 0.40000
v 0.4085009 0.3358000 1.5341001 0.40000 0.40000 0.40000
v 0.4085009 0.2668000 1.5004601 0.40000 0.40000 0.40000
v 0.8624999 0.3358000 1.5341001 0.40000 0.40000 0.40000
v 0.8624999 0.2668000 1.5004601 0.40000 0.40000 0.40000
v -0.2875011 0.3828080 1.5341000 0.40000 0.40000 0.40000
v -0.2875011 0.3138080 1.5004600 0.40000 0.40000 0.40000
v -0.2534561 0.3064690 1.5004600 0.40000 0.40000 0.40000
v 0.2875009 0.5116080 1.5341001 0.40000 0.40000 0.40000
v 0.2534559 0.5042690 1.5341001 0.40000 0.40000 0.40000
v 0.2875009 0.3828080 1.5341001 0.40000 0.40000 0.40000
v 0.2534559 0.3754690 1.5341001 0.40000 0.40000 0.40000
v 0.1665009 0.3358000 1.5341001 0.40000 0.40000 0.40000
v 0.1665009 0.4646000 1.5341001 0.40000 0.40000 0.40000
v -0.3215451 0.3064690 1.5004600 0.40000 0.40000 0.40000
v -0.4085011 0.2668000 1.5004600 0.40000 0.40000 0.40000
v 0.8625001 0.3358000 -1.4558999 0.40000 0.40000 0.40000
v 0.8625001 0.3358000 -1.2489000 0.40000 0.40000 0.40000
v 0.8625001 0.2668000 -1.4222600 0.40000 0.40000 0.40000
v 0.8625001 0.2668000 -1.2825399 0.40000 0.40000 0.40000
v 0.8625001 0.2668000 -1.4222600 0.40000 0.40000 0.40000
v 0.8625001 0.3358000 -1.2489000 0.40000 0.40000 0.40000
v -0.8624999 0.3358000 -1.2489001 0.40000 0.40000 0.40000
v -0.8624999 0.2668000 -1.2825400 0.40000 0.40000 0.40000
v -0.4085009 0.3358000 -1.2489001 0.40000 0.40000 0.40000
v -0.4085009 0.2668000 -1.2825400 0.40000 0.40000 0.40000
v -0.2875009 0.3138080 -1.4222601 0.40000 0.40000 0.40000
v -0.2875009 0.3138080 -1.2825400 0.40000 0.40000 0.40000
v -0.3215449 0.3064690 -1.4222601 0.40000 0.40000 0.40000
v -0.3215449 0.3064690 -1.2825400 0.40000 0.40000 0.40000
v 0.2875011 0.5116080 -1.2489000 0.40000 0.40000 0.40000
v 0.2875011 0.5116080 -1.4558999 0.40000 0.40000 0.40000
v -0.4085009 0.2668000 -1.2825400 0.40000 0.40000 0.40000
v -0.4085009 0.2668000 -1.4222601 0.40000 0.40000 0.40000
v -0.3215449 0.3064690 -1.4222601 0.40000 0.40000 0.40000
v -0.3215449 0.3754690 -1.4559000 0.40000 0.40000 0.40000
v -0.6074999 2.4103999 -2.2953999 0.40000 0.40000 0.40000
v 0.6075002 2.4103999 -2.2953999 0.40000 0.40000 0.40000
v -0.6074999 1.6192000 -2.2953999 0.40000 0.40000 0.40000
v 0.6075002 1.6192000 -2.2953999 0.40000 0.40000 0.40000
v -0.6074999 0.5244000 -2.3183999 0.40000 0.40000 0.40000
v -0.6074999 0.5244000 -2.3326600 0.40000 0.40000 0.40000
v -0.3145999 0.5244000 -2.3183999 0.40000 0.40000 0.40000
v -0.3145999 0.5244000 -2.3326600 0.40000 0.40000 0.40000
v -1.0900001 2.3404801 1.0027999 0.40000 0.40000 0.40000
v -1.0900001 2.3637199 0.9981779 0.40000 0.40000 0.40000
v -1.0550000 2.3404801 1.0027999 0.40000 0.40000 0.40000
v -1.0550000 2.3637199 0.9981779 0.40000 0.40000 0.40000
v -1.0550000 0.4784000 0.1379999 0.40000 0.40000 0.40000
v -1.0900000 0.4784000 0.1379999 0.40000 0.40000 0.40000
v -1.0550000 0.4784000 0.7911999 0.40000 0.40000 0.40000
v -1.0900001 0.4784000 0.7911999 0.40000 0.40000 0.40000
v 1.0549999 2.3404801 0.1380001 0.40000 0.40000 0.40000
v 1.1000000 2.3404801 0.1380001 0.40000 0.40000 0.40000
v 1.0549999 2.3637199 0.1426221 0.40000 0.40000 0.40000
v 1.1000000 2.3637199 0.1426221 0.40000 0.40000 0.40000
v 1.3943399 1.6542100 1.5389601 0.40000 0.40000 0.40000
v 1.3943399 1.8785800 1.5389601 0.40000 0.40000 0.40000
v 1.3749999 1.6330000 1.5322600 0.40000 0.40000 0.40000
v 1.2182699 1.6351399 1.5389500 0.40000 0.40000 0.40000
v 1.3737299 1.6351399 1.5389500 0.40000 0.40000 0.40000
v 1.3898499 1.6386600 1.5226001 0.40000 0.40000 0.40000
v 1.3898499 1.6386600 1.5322600 0.40000 0.40000 0.40000
v 1.3749999 1.6330000 1.5226001 0.40000 0.40000 0.40000
v 1.3012599 1.5812401 1.5598601 0.40000 0.40000 0.40000
v 1.3079999 1.5962000 1.5598601 0.40000 0.40000 0.40000
v 1.3012599 1.5812401 1.5874601 0.40000 0.40000 0.40000
v 1.3079999 1.5962000 1.5874601 0.40000 0.40000 0.40000
v 1.3079999 1.7864400 1.5835801 0.40000 0.40000 0.40000
v 1.2753999 1.7864400 1.5835801 0.40000 0.40000 0.40000
v -1.0765301 1.2420000 2.3152000 0.40000 0.40000 0.40000
v -1.0765301 1.2654400 2.3084900 0.40000 0.40000 0.40000
v -1.0900002 1.2420000 2.2852799 0.40000 0.40000 0.40000
v 1.0999999 1.2821900 2.2604700 0.40000 0.40000 0.40000
v 1.0865298 1.2818400 2.2903901 0.40000 0.40000 0.40000
v 1.0999999 1.2655400 2.2785700 0.40000 0.40000 0.40000
v 1.0865298 1.2654400 2.3084901 0.40000 0.40000 0.40000
v -1.0765298 1.2696000 -2.3060001 0.40000 0.40000 0.40000
v -1.0520002 0.4140000 2.2926399 0.40000 0.40000 0.40000
v 1.0619999 0.4140000 2.2926400 0.40000 0.40000 0.40000
v -1.0440002 0.4140000 2.3275999 0.40000 0.40000 0.40000
v 1.0539999 0.4140000 2.3276001 0.40000 0.40000 0.40000
v 0.6075002 0.7176000 -2.3183999 0.40000 0.40000 0.40000
v 0.6075002 0.5244000 -2.3183999 0.40000 0.40000 0.40000
v -1.0854099 2.5559700 -2.2800501 0.40000 0.40000 0.40000
v -1.0439999 2.5351901 -2.3184000 0.40000 0.40000 0.40000
v 1.0540002 2.5351901 -2.3183998 0.40000 0.40000 0.40000
v 1.1000002 2.5351901 -2.2760798 0.40000 0.40000 0.40000
v 1.0865301 2.5351901 -2.3059999 0.40000 0.40000 0.40000
v 1.0954101 2.5559700 -2.2800500 0.40000 0.40000 0.40000
v 1.0845101 2.5559700 -2.3041899 0.40000 0.40000 0.40000
v -1.0415700 2.5843699 1.2895599 0.40000 0.40000 0.40000
v -1.0420301 2.5843699 1.3012900 0.40000 0.40000 0.40000
v -1.0507401 2.5843699 1.2979799 0.40000 0.40000 0.40000
v 1.0999999 2.5351901 1.2916800 0.40000 0.40000 0.40000
v 1.0865299 2.5351901 1.3216000 0.40000 0.40000 0.40000
v 1.0999999 1.6192000 1.5676801 0.40000 0.40000 0.40000
v 1.0865299 1.6192000 1.5976000 0.40000 0.40000 0.40000
v -1.3883601 1.8921200 1.5389399 0.40000 0.40000 0.40000
v -1.3846001 1.8870000 1.5424699 0.40000 0.40000 0.40000
v -1.3737300 1.8976600 1.5389499 0.40000 0.40000 0.40000
v -1.3737300 1.8976600 1.5389499 0.40000 0.40000 0.40000
v -1.1960001 1.8804801 1.5226000 0.40000 0.40000 0.40000
v -1.2021501 1.8941400 1.5226000 0.40000 0.40000 0.40000
v -1.2524001 1.6050299 1.5598599 0.40000 0.40000 0.40000
v -1.2850001 1.5750400 1.5598599 0.40000 0.40000 0.40000
v -1.2686600 1.6112300 1.5598599 0.40000 0.40000 0.40000
v -1.3012601 1.5812401 1.5598599 0.40000 0.40000 0.40000
v -1.2686600 1.6112300 1.5598599 0.40000 0.40000 0.40000
v -1.2850001 1.5750400 1.5598599 0.40000 0.40000 0.40000
v -1.2754001 1.7903200 1.5742100 0.40000 0.40000 0.40000
v -1.2754001 1.7903200 1.5598599 0.40000 0.40000 0.40000
v -1.3080001 1.7903200 1.5742100 0.40000 0.40000 0.40000
v -1.3080001 1.7903200 1.5598599 0.40000 0.40000 0.40000
v 1.1000001 0.8556000 -1.1794699 0.40000 0.40000 0.40000
v 1.0620001 0.8556000 -1.1794699 0.40000 0.40000 0.40000
v 1.0999999 0.9079810 1.6929401 0.40000 0.40000 0.40000
v 1.0619999 0.9079810 1.6929401 0.40000 0.40000 0.40000
v -1.0900001 0.9112180 1.1599600 0.40000 0.40000 0.40000
v -1.0520001 0.9112180 1.1599600 0.40000 0.40000 0.40000
v 1.0619999 0.6992000 1.8882501 0.40000 0.40000 0.40000
v 1.0619999 0.7544000 1.9170401 0.40000 0.40000 0.40000
v 1.0619999 0.8173340 1.8034501 0.40000 0.40000 0.40000
v 1.0619999 0.8725340 1.8271601 0.40000 0.40000 0.40000
v 1.0619999 0.8173340 1.8034501 0.40000 0.40000 0.40000
v 1.0619999 0.7544000 1.9170401 0.40000 0.40000 0.40000
v -1.0520001 1.0201600 1.2808099 0.40000 0.40000 0.40000
v -1.0520001 0.9649640 1.2880400 0.40000 0.40000 0.40000
v -1.0520001 1.0201600 1.2808099 0.40000 0.40000 0.40000
v -1.0520001 0.9844000 1.4261399 0.40000 0.40000 0.40000
v -1.0520000 0.8981940 -1.5979701 0.40000 0.40000 0.40000
v -1.0520000 0.8429940 -1.5884700 0.40000 0.40000 0.40000
v -1.0519999 0.8622970 -1.6596101 0.40000 0.40000 0.40000
v -1.0519999 0.8070970 -1.6477401 0.40000 0.40000 0.40000
v -1.0519999 0.8622970 -1.6596101 0.40000 0.40000 0.40000
v -1.0520000 0.8429940 -1.5884700 0.40000 0.40000 0.40000
v 1.0620001 0.9108000 -1.1726200 0.40000 0.40000 0.40000
v 1.0620001 0.8556000 -1.1794699 0.40000 0.40000 0.40000
v 1.0619999 0.9631810 1.7100101 0.40000 0.40000 0.40000
v 0.5509399 0.9631810 1.7100101 0.40000 0.40000 0.40000
v -1.0520001 1.0201600 1.5736000 0.40000 0.40000 0.40000
v -0.5409401 1.0201600 1.5736000 0.40000 0.40000 0.40000
v -1.0520000 0.9108000 -1.5252600 0.40000 0.40000 0.40000
v -0.5409399 0.9108000 -1.5252600 0.40000 0.40000 0.40000
v 1.0620001 0.8981940 -1.5979699 0.40000 0.40000 0.40000
v 0.5509401 0.8981940 -1.5979700 0.40000 0.40000 0.40000
v -1.1234698 0.3712580 -2.4274800 0.40000 0.40000 0.40000
v 1.1234701 0.3712580 -2.4274799 0.40000 0.40000 0.40000
v -1.1195999 0.4758490 -2.1894401 0.40000 0.40000 0.40000
v -1.1195999 0.4758490 -2.4243601 0.40000 0.40000 0.40000
v -1.1183798 0.4706310 -2.1905101 0.40000 0.40000 0.40000
v -1.1183798 0.4706310 -2.4232901 0.40000 0.40000 0.40000
v 1.1196002 0.4758490 -2.4243600 0.40000 0.40000 0.40000
v 1.1196002 0.4758490 -2.1894399 0.40000 0.40000 0.40000
v 1.1252899 0.6683800 2.4327501 0.40000 0.40000 0.40000
v -1.1115002 0.5257800 2.4379999 0.40000 0.40000 0.40000
v -1.1252902 0.5257800 2.4327499 0.40000 0.40000 0.40000
v -1.1252902 0.6683800 2.4327499 0.40000 0.40000 0.40000
v 1.1114999 0.3916550 2.1893302 0.40000 0.40000 0.40000
v 1.1252899 0.3916550 2.2020200 0.40000 0.40000 0.40000
v 1.1233798 0.3934060 2.1910902 0.40000 0.40000 0.40000
v -1.1233801 0.6793140 2.4309899 0.40000 0.40000 0.40000
v -1.1115002 0.4899000 2.1840798 0.40000 0.40000 0.40000
v -1.1252902 0.4899000 2.1893300 0.40000 0.40000 0.40000
v 1.1309999 0.6683800 2.4200600 0.40000 0.40000 0.40000
v 0.6449998 1.1914001 2.3276000 0.40000 0.40000 0.40000
v 0.6449998 0.7682000 2.3276000 0.40000 0.40000 0.40000
v 0.6449998 1.1914001 2.3156400 0.40000 0.40000 0.40000
v 0.6449998 0.7682000 2.3156400 0.40000 0.40000 0.40000
v -0.8625001 0.3358000 1.5341000 0.40000 0.40000 0.40000
v -0.8625001 0.3358000 1.3271000 0.40000 0.40000 0.40000
v -0.8625001 0.2668000 1.5004600 0.40000 0.40000 0.40000
v -0.8625001 0.2668000 1.3607399 0.40000 0.40000 0.40000
v -0.8625001 0.2668000 1.5004600 0.40000 0.40000 0.40000
v -0.8625001 0.3358000 1.3271000 0.40000 0.40000 0.40000
v -0.1665011 0.2668000 1.5004600 0.40000 0.40000 0.40000
v 0.1665009 0.2668000 1.5004600 0.40000 0.40000 0.40000
v -0.2534561 0.3064690 1.3607399 0.40000 0.40000 0.40000
v -0.2534561 0.3064690 1.5004600 0.40000 0.40000 0.40000
v -0.2875011 0.3138080 1.3607399 0.40000 0.40000 0.40000
v -0.2875011 0.3138080 1.5004600 0.40000 0.40000 0.40000
v 0.2875009 0.5116080 1.5341001 0.40000 0.40000 0.40000
v 0.2875009 0.5116080 1.3271001 0.40000 0.40000 0.40000
v -0.1665011 0.2668000 1.5004600 0.40000 0.40000 0.40000
v -0.1665011 0.2668000 1.3607399 0.40000 0.40000 0.40000
v -0.2534561 0.3064690 1.3607399 0.40000 0.40000 0.40000
v 0.8625001 0.4646000 -1.4558999 0.40000 0.40000 0.40000
v 0.8625001 0.4646000 -1.2489000 0.40000 0.40000 0.40000
v 0.4085001 0.2668000 -1.4222600 0.40000 0.40000 0.40000
v 0.8625001 0.2668000 -1.4222600 0.40000 0.40000 0.40000
v 0.2534561 0.3064690 -1.4222600 0.40000 0.40000 0.40000
v 0.2534561 0.3754690 -1.4558999 0.40000 0.40000 0.40000
v 0.2875011 0.3138080 -1.4222600 0.40000 0.40000 0.40000
v -0.2534559 0.3754690 -1.4559000 0.40000 0.40000 0.40000
v -0.2875009 0.3828080 -1.4559000 0.40000 0.40000 0.40000
v -0.2534559 0.5042690 -1.4559000 0.40000 0.40000 0.40000
v -0.2875009 0.5116080 -1.4559000 0.40000 0.40000 0.40000
v -0.1665009 0.4646000 -1.2489001 0.40000 0.40000 0.40000
v -0.1665009 0.3358000 -1.2489001 0.40000 0.40000 0.40000
v -0.6074999 1.6192000 -2.2953999 0.40000 0.40000 0.40000
v 0.6075002 1.6192000 -2.2953999 0.40000 0.40000 0.40000
v -0.6074999 1.2696000 -2.2953999 0.40000 0.40000 0.40000
v 0.6075002 1.2696000 -2.2953999 0.40000 0.40000 0.40000
v -0.6074999 0.5244000 -2.3326600 0.40000 0.40000 0.40000
v -0.6074999 0.5244000 -2.3469200 0.40000 0.40000 0.40000
v -0.3145999 0.5244000 -2.3326600 0.40000 0.40000 0.40000
v -0.3145999 0.5244000 -2.3469200 0.40000 0.40000 0.40000
v -0.6074999 0.5244000 -2.3469200 0.40000 0.40000 0.40000
v -1.0900001 2.3834200 0.9850159 0.40000 0.40000 0.40000
v -1.0550000 2.3834200 0.9850149 0.40000 0.40000 0.40000
v -1.0550000 0.4784000 0.7911999 0.40000 0.40000 0.40000
v -1.0900001 0.4784000 0.7911999 0.40000 0.40000 0.40000
v -1.0550000 0.8924000 1.0027999 0.40000 0.40000 0.40000
v -1.0900001 0.8924000 1.0027999 0.40000 0.40000 0.40000
v 1.0549999 2.3834200 0.1557841 0.40000 0.40000 0.40000
v 1.1000000 2.3834200 0.1557841 0.40000 0.40000 0.40000
v 1.3883599 1.6406800 1.5389400 0.40000 0.40000 0.40000
v 1.3846000 1.6458000 1.5424701 0.40000 0.40000 0.40000
v 1.3737299 1.6351399 1.5389500 0.40000 0.40000 0.40000
v 1.3737299 1.6351399 1.5389500 0.40000 0.40000 0.40000
v 1.3737299 1.8976600 1.5389500 0.40000 0.40000 0.40000
v 1.2182699 1.8976600 1.5389500 0.40000 0.40000 0.40000
v 1.1959999 1.6523200 1.5322600 0.40000 0.40000 0.40000
v 1.1959999 1.6523200 1.5226001 0.40000 0.40000 0.40000
v 1.2021499 1.6386600 1.5322600 0.40000 0.40000 0.40000
v 1.2021499 1.6386600 1.5226001 0.40000 0.40000 0.40000
v 1.2686599 1.6112300 1.5598601 0.40000 0.40000 0.40000
v 1.2686599 1.6112300 1.5874601 0.40000 0.40000 0.40000
v 1.3079999 1.7864400 1.5835801 0.40000 0.40000 0.40000
v 1.2753999 1.7864400 1.5835801 0.40000 0.40000 0.40000
v -1.0765301 1.2654400 2.3084900 0.40000 0.40000 0.40000
v -1.0765301 1.2420000 2.3152000 0.40000 0.40000 0.40000
v -1.0440002 1.2654001 2.3208899 0.40000 0.40000 0.40000
v -1.0440002 1.2420000 2.3275999 0.40000 0.40000 0.40000
v 1.1000000 1.2696000 1.0028001 0.40000 0.40000 0.40000
v 1.1000000 1.2420000 1.0028001 0.40000 0.40000 0.40000
v 1.0999999 1.2420000 2.2852801 0.40000 0.40000 0.40000
v -1.0765298 1.2696000 -2.3060001 0.40000 0.40000 0.40000
v -1.0439999 1.2696000 -2.3184000 0.40000 0.40000 0.40000
v -1.0899999 0.4140000 -1.8515200 0.40000 0.40000 0.40000
v -1.0899999 0.4140000 -2.2760800 0.40000 0.40000 0.40000
v -1.0519999 0.4140000 -1.8515200 0.40000 0.40000 0.40000
v -1.0519999 0.4140000 -2.2834402 0.40000 0.40000 0.40000
v -1.0519999 0.4140000 -1.8515200 0.40000 0.40000 0.40000
v -1.0899999 0.4140000 -2.2760800 0.40000 0.40000 0.40000
v -0.6074999 0.7176000 -2.3183999 0.40000 0.40000 0.40000
v -0.6074999 0.5244000 -2.3183999 0.40000 0.40000 0.40000
v 1.0829000 2.5729301 1.2933701 0.40000 0.40000 0.40000
v 1.0954099 2.5559700 1.2956501 0.40000 0.40000 0.40000
v 1.0829002 2.5729301 -2.2777700 0.40000 0.40000 0.40000
v -1.0745098 2.5559700 -2.3041900 0.40000 0.40000 0.40000
v 1.0643501 2.5843699 -2.2743799 0.40000 0.40000 0.40000
v 1.0607401 2.5843699 -2.2823800 0.40000 0.40000 0.40000
v -1.0900001 2.3637199 0.9981779 0.40000 0.40000 0.40000
v -1.0900001 2.3404801 1.0027999 0.40000 0.40000 0.40000
v -1.0900001 2.3483000 1.0441999 0.40000 0.40000 0.40000
v -1.0900001 2.3637199 0.9981779 0.40000 0.40000 0.40000
v -1.0900001 2.3483000 1.0441999 0.40000 0.40000 0.40000
v -1.0900001 2.3920000 1.0879000 0.40000 0.40000 0.40000
v -1.0900000 2.3404801 0.1379999 0.40000 0.40000 0.40000
v -1.0900001 2.3834200 0.9850159 0.40000 0.40000 0.40000
v -1.0900001 2.3637199 0.9981779 0.40000 0.40000 0.40000
v -1.0900001 2.3920000 1.0879000 0.40000 0.40000 0.40000
v -1.0900001 2.3965800 0.9653169 0.40000 0.40000 0.40000
v -1.0900001 2.3834200 0.9850159 0.40000 0.40000 0.40000
v -1.0900001 2.3920000 1.0879000 0.40000 0.40000 0.40000
v -1.0900001 1.6767000 1.0441999 0.40000 0.40000 0.40000
v -1.0900001 2.3483000 1.0441999 0.40000 0.40000 0.40000
v -1.0900001 2.3404801 1.0027999 0.40000 0.40000 0.40000
v -1.0900001 1.6767000 1.0441999 0.40000 0.40000 0.40000
v -1.0900001 2.3404801 1.0027999 0.40000 0.40000 0.40000
v -1.0900001 1.6330000 1.0879000 0.40000 0.40000 0.40000
v -1.0900001 1.6330000 1.4650199 0.40000 0.40000 0.40000
v -1.0900001 1.6919000 1.5302100 0.40000 0.40000 0.40000
v -1.0900001 2.4012001 0.9420800 0.40000 0.40000 0.40000
v -1.0900001 2.3965800 0.9653169 0.40000 0.40000 0.40000
v -1.0900001 2.3920000 1.0879000 0.40000 0.40000 0.40000
v -1.0900001 2.3920000 1.2489000 0.40000 0.40000 0.40000
v -1.0900001 2.3506200 1.3066400 0.40000 0.40000 0.40000
v -1.0900000 2.4012001 0.1987199 0.40000 0.40000 0.40000
v -1.0900000 2.3637199 0.1426219 0.40000 0.40000 0.40000
v -1.0900000 2.3834200 0.1557839 0.40000 0.40000 0.40000
v -1.0900000 2.3965800 0.1754829 0.40000 0.40000 0.40000
v 1.0845099 2.5559700 1.3197901 0.40000 0.40000 0.40000
v -1.3898501 1.8941400 1.5322599 0.40000 0.40000 0.40000
v -1.3883601 1.8921200 1.5389399 0.40000 0.40000 0.40000
v -1.3737300 1.8976600 1.5389499 0.40000 0.40000 0.40000
v -1.3750001 1.8997999 1.5322599 0.40000 0.40000 0.40000
v -1.3883601 1.8921200 1.5389399 0.40000 0.40000 0.40000
v -1.2021501 1.8941400 1.5226000 0.40000 0.40000 0.40000
v -1.3012601 1.5812401 1.5598599 0.40000 0.40000 0.40000
v -1.3080001 1.5962000 1.5598599 0.40000 0.40000 0.40000
v -1.2686600 1.6112300 1.5598599 0.40000 0.40000 0.40000
v -1.2754001 1.6261899 1.5598599 0.40000 0.40000 0.40000
v -1.2686600 1.6112300 1.5598599 0.40000 0.40000 0.40000
v -1.3080001 1.5962000 1.5598599 0.40000 0.40000 0.40000
v 1.1000001 0.8070970 -1.6477399 0.40000 0.40000 0.40000
v 1.0620001 0.8070970 -1.6477399 0.40000 0.40000 0.40000
v 1.0999999 0.9649640 1.2880401 0.40000 0.40000 0.40000
v 1.0620000 0.9649640 1.2880401 0.40000 0.40000 0.40000
v -1.0900001 0.9649640 1.5642499 0.40000 0.40000 0.40000
v -1.0520001 0.9649640 1.5642499 0.40000 0.40000 0.40000
v 1.0619999 0.9079810 1.6929401 0.40000 0.40000 0.40000
v 1.0619999 0.9631810 1.7100101 0.40000 0.40000 0.40000
v 1.0619999 0.9649640 1.5642501 0.40000 0.40000 0.40000
v 1.0619999 1.0201600 1.5736001 0.40000 0.40000 0.40000
v 1.0619999 0.9649640 1.5642501 0.40000 0.40000 0.40000
v 1.0619999 0.9631810 1.7100101 0.40000 0.40000 0.40000
v -1.0520001 0.9079810 1.6929399 0.40000 0.40000 0.40000
v -1.0520001 0.9649640 1.5642499 0.40000 0.40000 0.40000
v -1.0520001 0.9631810 1.7100100 0.40000 0.40000 0.40000
v -1.0520001 1.0201600 1.5736000 0.40000 0.40000 0.40000
v -1.0520001 0.9631810 1.7100100 0.40000 0.40000 0.40000
v -1.0520001 0.9649640 1.5642499 0.40000 0.40000 0.40000
v -1.0520000 0.9108000 -1.5252600 0.40000 0.40000 0.40000
v -1.0520000 0.9108000 -1.1726201 0.40000 0.40000 0.40000
v -1.0520000 0.8556000 -1.5185501 0.40000 0.40000 0.40000
v -1.0520000 0.8556000 -1.1794700 0.40000 0.40000 0.40000
v 1.0620001 0.8070970 -1.6477399 0.40000 0.40000 0.40000
v 1.0620001 0.8429940 -1.5884699 0.40000 0.40000 0.40000
v 1.0620001 0.8622970 -1.6596100 0.40000 0.40000 0.40000
v 1.0620001 0.8981940 -1.5979699 0.40000 0.40000 0.40000
v 1.0620001 0.8622970 -1.6596100 0.40000 0.40000 0.40000
v 1.0620001 0.8429940 -1.5884699 0.40000 0.40000 0.40000
v 1.0620000 1.0396000 1.4272100 0.40000 0.40000 0.40000
v 1.0620000 1.0201600 1.2808101 0.40000 0.40000 0.40000
v 1.0620000 0.9844000 1.4261400 0.40000 0.40000 0.40000
v 1.0620000 0.9649640 1.2880401 0.40000 0.40000 0.40000
v 1.0620000 0.9844000 1.4261400 0.40000 0.40000 0.40000
v 1.0620000 1.0201600 1.2808101 0.40000 0.40000 0.40000
v -1.0520002 0.7544000 1.9170399 0.40000 0.40000 0.40000
v -0.5409401 0.7544000 1.9170400 0.40000 0.40000 0.40000
v -1.0520000 0.8622970 -1.0485501 0.40000 0.40000 0.40000
v -0.5409399 0.8622970 -1.0485500 0.40000 0.40000 0.40000
v 1.0620001 0.7452000 -1.7152700 0.40000 0.40000 0.40000
v 0.5509401 0.7452000 -1.7152700 0.40000 0.40000 0.40000
v 1.0620000 0.8772000 1.0350700 0.40000 0.40000 0.40000
v 0.5509399 0.8772000 1.0350700 0.40000 0.40000 0.40000
v 1.1234701 0.5165420 -2.4274799 0.40000 0.40000 0.40000
v -1.1234698 0.5165420 -2.4274800 0.40000 0.40000 0.40000
v -1.1234698 0.5165420 -2.1863201 0.40000 0.40000 0.40000
v -1.1115002 0.3916550 2.1893300 0.40000 0.40000 0.40000
v 1.1114999 0.5257800 2.1840800 0.40000 0.40000 0.40000
v 1.1252899 0.5257800 2.1893302 0.40000 0.40000 0.40000
v -1.1115002 0.3999770 2.3448500 0.40000 0.40000 0.40000
v 1.1252899 0.5257800 2.4327501 0.40000 0.40000 0.40000
v 1.1252899 0.5089660 2.4297200 0.40000 0.40000 0.40000
v -1.1252902 0.6810650 2.4200599 0.40000 0.40000 0.40000
v -1.1233801 0.6793140 2.4309899 0.40000 0.40000 0.40000
v 1.1252899 0.5078400 2.1893302 0.40000 0.40000 0.40000
v 1.1252899 0.4899000 2.1893302 0.40000 0.40000 0.40000
v -0.5050001 0.8970000 2.2788400 0.40000 0.40000 0.40000
v -0.5050001 0.7406000 2.2788400 0.40000 0.40000 0.40000
v 0.5049999 0.8970000 2.2788401 0.40000 0.40000 0.40000
v 0.5049999 0.7406000 2.2788401 0.40000 0.40000 0.40000
v 0.8624999 0.4646000 1.5341001 0.40000 0.40000 0.40000
v 0.8624999 0.3358000 1.5341001 0.40000 0.40000 0.40000
v 0.8624999 0.4646000 1.3271001 0.40000 0.40000 0.40000
v 0.8624999 0.3358000 1.3271001 0.40000 0.40000 0.40000
v -0.8625001 0.4646000 1.5341000 0.40000 0.40000 0.40000
v -0.8625001 0.3358000 1.5341000 0.40000 0.40000 0.40000
v 0.3215449 0.3754690 1.5341001 0.40000 0.40000 0.40000
v 0.3215449 0.5042690 1.5341001 0.40000 0.40000 0.40000
v 0.4085009 0.4646000 1.5341001 0.40000 0.40000 0.40000
v -0.8624999 0.3358000 -1.2489001 0.40000 0.40000 0.40000
v -0.8624999 0.3358000 -1.4559000 0.40000 0.40000 0.40000
v -0.8624999 0.2668000 -1.2825400 0.40000 0.40000 0.40000
v -0.8624999 0.2668000 -1.4222601 0.40000 0.40000 0.40000
v -0.8624999 0.2668000 -1.2825400 0.40000 0.40000 0.40000
v -0.8624999 0.3358000 -1.4559000 0.40000 0.40000 0.40000
v -0.1665009 0.2668000 -1.2825400 0.40000 0.40000 0.40000
v 0.1665001 0.3358000 -1.2489000 0.40000 0.40000 0.40000
v 0.1665001 0.2668000 -1.2825400 0.40000 0.40000 0.40000
v -0.2534559 0.3064690 -1.4222601 0.40000 0.40000 0.40000
v -0.2534559 0.3064690 -1.2825400 0.40000 0.40000 0.40000
v -0.1665009 0.2668000 -1.4222601 0.40000 0.40000 0.40000
v -0.2534559 0.3064690 -1.4222601 0.40000 0.40000 0.40000
v 0.6075002 1.6192000 -2.3183999 0.40000 0.40000 0.40000
v 0.6075002 1.2696000 -2.3183999 0.40000 0.40000 0.40000
v 0.6075002 1.6192000 -2.2953999 0.40000 0.40000 0.40000
v 0.6075002 1.2696000 -2.2953999 0.40000 0.40000 0.40000
v 0.3146001 0.5244000 -2.3326599 0.40000 0.40000 0.40000
v 0.3146001 0.5244000 -2.3469200 0.40000 0.40000 0.40000
v 0.6075002 0.5244000 -2.3326599 0.40000 0.40000 0.40000
v 0.6075002 0.5244000 -2.3469200 0.40000 0.40000 0.40000
v 0.6075002 0.5244000 -2.3326599 0.40000 0.40000 0.40000
v 0.3146001 0.5244000 -2.3469200 0.40000 0.40000 0.40000
v -1.0550000 1.6192000 1.0027999 0.40000 0.40000 0.40000
v -1.0900001 1.6192000 1.0027999 0.40000 0.40000 0.40000
v -1.0550000 1.2696000 0.1379999 0.40000 0.40000 0.40000
v -1.0900000 1.2696000 0.1379999 0.40000 0.40000 0.40000
v -1.0550000 0.4784000 0.1379999 0.40000 0.40000 0.40000
v -1.0900000 0.4784000 0.1379999 0.40000 0.40000 0.40000
v 1.0549999 1.6192000 0.1380001 0.40000 0.40000 0.40000
v 1.1000000 1.6192000 0.1380001 0.40000 0.40000 0.40000
v 1.3943399 1.6542100 1.5389601 0.40000 0.40000 0.40000
v 1.3943399 1.8785800 1.5389601 0.40000 0.40000 0.40000
v 1.2182699 1.6351399 1.5389500 0.40000 0.40000 0.40000
v 1.3737299 1.6351399 1.5389500 0.40000 0.40000 0.40000
v 1.3959999 1.6523200 1.5226001 0.40000 0.40000 0.40000
v 1.3898499 1.6386600 1.5226001 0.40000 0.40000 0.40000
v 1.2849999 1.5750400 1.5598601 0.40000 0.40000 0.40000
v 1.3012599 1.5812401 1.5598601 0.40000 0.40000 0.40000
v 1.2849999 1.5750400 1.5874601 0.40000 0.40000 0.40000
v 1.3012599 1.5812401 1.5874601 0.40000 0.40000 0.40000
v 1.0899999 1.6050299 1.5874601 0.40000 0.40000 0.40000
v 1.2523999 1.6050299 1.5874601 0.40000 0.40000 0.40000
v 1.0899999 1.6050299 1.5598601 0.40000 0.40000 0.40000
v 1.2523999 1.6050299 1.5598601 0.40000 0.40000 0.40000
v -1.0765301 1.6192000 1.5975999 0.40000 0.40000 0.40000
v -1.0765301 1.2818400 2.2903900 0.40000 0.40000 0.40000
v -1.0440001 1.6192000 1.6100000 0.40000 0.40000 0.40000
v -1.0440002 1.2816900 2.3027899 0.40000 0.40000 0.40000
v 1.0539999 1.2654001 2.3208900 0.40000 0.40000 0.40000
v 1.0865298 1.2654400 2.3084901 0.40000 0.40000 0.40000
v -1.0765298 0.4140000 -2.3060001 0.40000 0.40000 0.40000
v -1.0439999 0.4140000 -2.3184000 0.40000 0.40000 0.40000
v 1.0999999 0.4140000 1.9588800 0.40000 0.40000 0.40000
v 1.0999999 0.4140000 2.2852801 0.40000 0.40000 0.40000
v 1.0619999 0.4140000 1.9588800 0.40000 0.40000 0.40000
v 1.0619999 0.4140000 2.2926400 0.40000 0.40000 0.40000
v -0.6074999 0.7176000 -2.3183999 0.40000 0.40000 0.40000
v -0.6074999 1.2696000 -2.3183999 0.40000 0.40000 0.40000
v -0.6074999 0.7176000 -2.2953999 0.40000 0.40000 0.40000
v -0.6074999 1.2696000 -2.2953999 0.40000 0.40000 0.40000
v -1.0415698 2.5843699 -2.2739602 0.40000 0.40000 0.40000
v -1.0415700 2.5843699 1.2895599 0.40000 0.40000 0.40000
v 1.0515702 2.5843699 -2.2739601 0.40000 0.40000 0.40000
v 1.0515700 2.5843699 1.2895600 0.40000 0.40000 0.40000
v -1.0457201 2.5729301 1.3183100 0.40000 0.40000 0.40000
v -1.0649401 2.5729301 1.3110099 0.40000 0.40000 0.40000
v 1.0845099 2.5559700 1.3197901 0.40000 0.40000 0.40000
v 1.0749399 2.5729301 1.3110101 0.40000 0.40000 0.40000
v 1.0515702 2.5843699 -2.2739601 0.40000 0.40000 0.40000
v 1.0520301 2.5843699 -2.2856900 0.40000 0.40000 0.40000
v -1.3898501 1.6386600 1.5322599 0.40000 0.40000 0.40000
v -1.3883601 1.6406800 1.5389399 0.40000 0.40000 0.40000
v -1.3943401 1.6542100 1.5389599 0.40000 0.40000 0.40000
v -1.2021501 1.6386600 1.5322599 0.40000 0.40000 0.40000
v -1.2036401 1.6406800 1.5389399 0.40000 0.40000 0.40000
v -1.2182700 1.6351399 1.5389499 0.40000 0.40000 0.40000
v -1.2170001 1.6330000 1.5322599 0.40000 0.40000 0.40000
v -1.2036401 1.6406800 1.5389399 0.40000 0.40000 0.40000
v -1.3898501 1.8941400 1.5226000 0.40000 0.40000 0.40000
v -1.3012601 1.5812401 1.5874600 0.40000 0.40000 0.40000
v -1.2850001 1.5750400 1.5874600 0.40000 0.40000 0.40000
v -1.2686600 1.6112300 1.5874600 0.40000 0.40000 0.40000
v -1.2524001 1.6050299 1.5874600 0.40000 0.40000 0.40000
v -1.2686600 1.6112300 1.5874600 0.40000 0.40000 0.40000
v -1.2850001 1.5750400 1.5874600 0.40000 0.40000 0.40000
v -1.2754001 1.7864400 1.5835799 0.40000 0.40000 0.40000
v -1.2754001 1.7770700 1.5874600 0.40000 0.40000 0.40000
v -1.2754001 1.7903200 1.5742100 0.40000 0.40000 0.40000
v -1.2754001 1.7903200 1.5598599 0.40000 0.40000 0.40000
v -1.2754001 1.7770700 1.5874600 0.40000 0.40000 0.40000
v -1.2754001 1.6261899 1.5874600 0.40000 0.40000 0.40000
v -1.2754001 1.7903200 1.5598599 0.40000 0.40000 0.40000
v -1.2754001 1.6261899 1.5598599 0.40000 0.40000 0.40000
v -1.0899999 0.6900000 -1.7012500 0.40000 0.40000 0.40000
v -1.0899999 0.4140000 -1.8515200 0.40000 0.40000 0.40000
v -1.0519999 0.6900000 -1.7012500 0.40000 0.40000 0.40000
v -1.0519999 0.4140000 -1.8515200 0.40000 0.40000 0.40000
v 1.1000001 0.4140000 -0.8501750 0.40000 0.40000 0.40000
v 1.1000000 0.4140000 0.8579561 0.40000 0.40000 0.40000
v 1.0620001 0.4140000 -0.8501750 0.40000 0.40000 0.40000
v 1.0620000 0.4140000 0.8579561 0.40000 0.40000 0.40000
v -1.0900001 0.5616300 1.9415600 0.40000 0.40000 0.40000
v -1.0900001 0.6992000 1.8882499 0.40000 0.40000 0.40000
v -1.0520002 0.5616300 1.9415600 0.40000 0.40000 0.40000
v -1.0520002 0.6992000 1.8882499 0.40000 0.40000 0.40000
v -1.0900000 0.7533720 -1.0236000 0.40000 0.40000 0.40000
v -1.0900000 0.8070970 -1.0601701 0.40000 0.40000 0.40000
v -1.0520000 0.7533720 -1.0236000 0.40000 0.40000 0.40000
v -1.0520000 0.8070970 -1.0601701 0.40000 0.40000 0.40000
v -1.0520002 0.4140000 1.9588799 0.40000 0.40000 0.40000
v -1.0520002 0.5616300 1.9415600 0.40000 0.40000 0.40000
v -1.0520002 0.4692000 1.9919099 0.40000 0.40000 0.40000
v -1.0520002 0.6168300 1.9735499 0.40000 0.40000 0.40000
v -1.0520000 0.6900000 -1.0107600 0.40000 0.40000 0.40000
v -1.0520000 0.7533720 -1.0236000 0.40000 0.40000 0.40000
v -1.0520000 0.7452000 -0.9971561 0.40000 0.40000 0.40000
v -1.0520000 0.8085720 -1.0105100 0.40000 0.40000 0.40000
v -1.0520000 0.7452000 -0.9971561 0.40000 0.40000 0.40000
v -1.0520000 0.7533720 -1.0236000 0.40000 0.40000 0.40000
v 1.0620002 0.4692000 -2.2834400 0.40000 0.40000 0.40000
v 1.0620002 0.4140000 -2.2834400 0.40000 0.40000 0.40000
v 1.0620001 0.4692000 -1.8715499 0.40000 0.40000 0.40000
v 1.0620001 0.4140000 -1.8515199 0.40000 0.40000 0.40000
v 1.0620001 0.4692000 -0.8301479 0.40000 0.40000 0.40000
v 1.0620001 0.4140000 -0.8501750 0.40000 0.40000 0.40000
v 1.0620000 0.4692000 0.8249280 0.40000 0.40000 0.40000
v 1.0620000 0.4140000 0.8579561 0.40000 0.40000 0.40000
v 1.0619999 0.4692000 2.2926400 0.40000 0.40000 0.40000
v -1.0520002 0.4692000 2.2926399 0.40000 0.40000 0.40000
v 0.5509398 0.4692000 2.2503200 0.40000 0.40000 0.40000
v -0.5409401 0.4692000 2.2503199 0.40000 0.40000 0.40000
v -1.0520001 0.4692000 0.8249279 0.40000 0.40000 0.40000
v -1.0520000 0.4692000 -0.8301480 0.40000 0.40000 0.40000
v -0.5409400 0.4692000 0.8249280 0.40000 0.40000 0.40000
v -0.5409399 0.4692000 -0.8301480 0.40000 0.40000 0.40000
v -0.5409400 0.4692000 0.8249280 0.40000 0.40000 0.40000
v -1.0520000 0.4692000 -0.8301480 0.40000 0.40000 0.40000
v -1.0519999 0.4692000 -2.2834402 0.40000 0.40000 0.40000
v -0.5409399 0.4692000 -2.2411201 0.40000 0.40000 0.40000
v -1.0519999 0.4692000 -1.8715500 0.40000 0.40000 0.40000
v -0.5409399 0.4692000 -1.8715500 0.40000 0.40000 0.40000
v -1.0519999 0.4692000 -1.8715500 0.40000 0.40000 0.40000
v -0.5409399 0.4692000 -2.2411201 0.40000 0.40000 0.40000
v 1.0620001 0.8085720 -1.0105099 0.40000 0.40000 0.40000
v 1.0620001 0.7452000 -0.9971560 0.40000 0.40000 0.40000
v 0.5509400 0.8085720 -1.0105099 0.40000 0.40000 0.40000
v 0.5509400 0.7452000 -0.9971560 0.40000 0.40000 0.40000
v -0.5409399 0.7452000 -1.7152701 0.40000 0.40000 0.40000
v -0.5409399 0.4692000 -1.8715500 0.40000 0.40000 0.40000
v -0.5409399 0.4692000 -0.8301480 0.40000 0.40000 0.40000
v -0.5409399 0.7452000 -0.9971561 0.40000 0.40000 0.40000
v -0.5409399 0.8622970 -1.6596101 0.40000 0.40000 0.40000
v -0.5409399 0.8085720 -1.7008000 0.40000 0.40000 0.40000
v -0.5409399 0.8085720 -1.0105100 0.40000 0.40000 0.40000
v -0.5409399 0.8622970 -1.0485500 0.40000 0.40000 0.40000
v -0.5409399 0.8622970 -1.0485500 0.40000 0.40000 0.40000
v -0.5409399 0.8981940 -1.1054700 0.40000 0.40000 0.40000
v -0.5409399 0.9108000 -1.1726201 0.40000 0.40000 0.40000
v -0.5409399 0.9108000 -1.5252600 0.40000 0.40000 0.40000
v -0.5409399 0.8981940 -1.5979700 0.40000 0.40000 0.40000
v -0.5409399 0.9108000 -1.1726201 0.40000 0.40000 0.40000
v 1.1183801 0.4706310 -2.4232899 0.40000 0.40000 0.40000
v 1.1183801 0.4706310 -2.1905100 0.40000 0.40000 0.40000
v -1.1183798 0.4706310 -2.4232901 0.40000 0.40000 0.40000
v 1.1183801 0.4706310 -2.4232899 0.40000 0.40000 0.40000
v -1.1269898 0.4991600 -2.1828900 0.40000 0.40000 0.40000
v -1.1269898 0.4991600 -2.4309102 0.40000 0.40000 0.40000
v -1.1252902 0.3916550 2.2020199 0.40000 0.40000 0.40000
v -1.1252902 0.3917440 2.3179900 0.40000 0.40000 0.40000
v 1.1252899 0.6810650 2.4200600 0.40000 0.40000 0.40000
v 1.1252899 0.6683800 2.4327501 0.40000 0.40000 0.40000
v 1.1233798 0.6793140 2.4309900 0.40000 0.40000 0.40000
v -1.1233801 0.3934060 2.1910900 0.40000 0.40000 0.40000
v -1.1252902 0.3917440 2.3179900 0.40000 0.40000 0.40000
v -1.1238201 0.3917740 2.3306600 0.40000 0.40000 0.40000
v -1.1310002 0.4027130 2.3256499 0.40000 0.40000 0.40000
v -1.1252902 0.4013450 2.3389699 0.40000 0.40000 0.40000
v 0.5049999 0.9936000 2.3276000 0.40000 0.40000 0.40000
v 0.5049999 1.1500000 2.3276000 0.40000 0.40000 0.40000
v 0.5049999 0.9936000 2.2788401 0.40000 0.40000 0.40000
v 0.5049999 1.1500000 2.2788401 0.40000 0.40000 0.40000
v 0.5049999 0.9936000 2.2788401 0.40000 0.40000 0.40000
v 0.5049999 1.1500000 2.3276000 0.40000 0.40000 0.40000
v -0.6450001 1.1914001 2.3276000 0.40000 0.40000 0.40000
v -0.9200002 1.1914001 2.3275999 0.40000 0.40000 0.40000
v -0.6450001 1.1914001 2.3156399 0.40000 0.40000 0.40000
v -0.9200002 1.1914001 2.3156399 0.40000 0.40000 0.40000
v -0.1665011 0.4646000 1.3271000 0.40000 0.40000 0.40000
v 0.1665009 0.2668000 1.5004600 0.40000 0.40000 0.40000
v 0.1665009 0.2668000 1.3607400 0.40000 0.40000 0.40000
v 0.2875009 0.5116080 1.3271001 0.40000 0.40000 0.40000
v -0.2875011 0.5116080 1.5341000 0.40000 0.40000 0.40000
v 0.3215449 0.3064690 1.5004600 0.40000 0.40000 0.40000
v 0.4085009 0.2668000 1.5004601 0.40000 0.40000 0.40000
v 0.3215449 0.3064690 1.5004600 0.40000 0.40000 0.40000
v 0.4085009 0.2668000 1.3607400 0.40000 0.40000 0.40000
v 0.3215449 0.3064690 1.3607400 0.40000 0.40000 0.40000
v 0.4085001 0.4646000 -1.2489000 0.40000 0.40000 0.40000
v 0.8625001 0.4646000 -1.2489000 0.40000 0.40000 0.40000
v 0.8625001 0.3358000 -1.2489000 0.40000 0.40000 0.40000
v -0.2875009 0.3138080 -1.4222601 0.40000 0.40000 0.40000
v 0.2534561 0.3064690 -1.2825399 0.40000 0.40000 0.40000
v 0.2875011 0.3138080 -1.2825399 0.40000 0.40000 0.40000
v 0.2534561 0.3754690 -1.2489000 0.40000 0.40000 0.40000
v 0.2875011 0.3828080 -1.2489000 0.40000 0.40000 0.40000
v 0.3215451 0.3064690 -1.4222600 0.40000 0.40000 0.40000
v -0.6074999 1.6192000 -2.3183999 0.40000 0.40000 0.40000
v -0.6074999 1.6192000 -2.2953999 0.40000 0.40000 0.40000
v -0.6074999 0.7176000 -2.3469200 0.40000 0.40000 0.40000
v -0.6074999 0.5244000 -2.3469200 0.40000 0.40000 0.40000
v -1.0550000 1.2420000 1.0027999 0.40000 0.40000 0.40000
v -1.0900001 1.2420000 1.0027999 0.40000 0.40000 0.40000
v -1.0900000 2.3834200 0.1557839 0.40000 0.40000 0.40000
v -1.0900000 2.3637199 0.1426219 0.40000 0.40000 0.40000
v -1.0550000 2.3834200 0.1557839 0.40000 0.40000 0.40000
v -1.0550000 2.3637199 0.1426219 0.40000 0.40000 0.40000
v 1.1000000 0.8924000 1.0028001 0.40000 0.40000 0.40000
v 1.1000000 0.4784000 0.7912000 0.40000 0.40000 0.40000
v 1.0549999 0.8924000 1.0028001 0.40000 0.40000 0.40000
v 1.0549999 0.4784000 0.7912000 0.40000 0.40000 0.40000
v 1.0549999 2.3834200 0.9850150 0.40000 0.40000 0.40000
v 1.1000000 2.3834200 0.9850161 0.40000 0.40000 0.40000
v 1.0549999 2.3637199 0.9981781 0.40000 0.40000 0.40000
v 1.1000000 2.3637199 0.9981781 0.40000 0.40000 0.40000
v 1.2036399 1.8921200 1.5389400 0.40000 0.40000 0.40000
v 1.2036399 1.6406800 1.5389400 0.40000 0.40000 0.40000
v 1.2753999 1.7903200 1.5598601 0.40000 0.40000 0.40000
v 1.3079999 1.7903200 1.5598601 0.40000 0.40000 0.40000
v 1.2753999 1.6261899 1.5598601 0.40000 0.40000 0.40000
v 1.3079999 1.5962000 1.5598601 0.40000 0.40000 0.40000
v 1.0539999 1.2420000 2.3276001 0.40000 0.40000 0.40000
v 1.0539999 0.4140000 2.3276001 0.40000 0.40000 0.40000
v 1.0865298 1.2420000 2.3152002 0.40000 0.40000 0.40000
v 1.0865298 0.4140000 2.3152002 0.40000 0.40000 0.40000
v -1.0440001 1.6192000 1.6100000 0.40000 0.40000 0.40000
v -1.0440002 1.2816900 2.3027899 0.40000 0.40000 0.40000
v 1.0539999 1.6192000 1.6100001 0.40000 0.40000 0.40000
v 1.0539999 1.2816900 2.3027900 0.40000 0.40000 0.40000
v 0.6075002 1.2696000 -2.3183999 0.40000 0.40000 0.40000
v 0.6075002 1.6192000 -2.3183999 0.40000 0.40000 0.40000
v 1.0540002 1.2696000 -2.3183998 0.40000 0.40000 0.40000
v 1.0540002 1.6192000 -2.3183998 0.40000 0.40000 0.40000
v 1.1000002 1.6192000 -2.2760798 0.40000 0.40000 0.40000
v 1.0865301 1.6192000 -2.3059999 0.40000 0.40000 0.40000
v -1.0765298 0.4140000 -2.3060001 0.40000 0.40000 0.40000
v -1.0519999 0.4140000 -2.2834402 0.40000 0.40000 0.40000
v -1.0439999 0.4140000 -2.3184000 0.40000 0.40000 0.40000
v -1.0745101 2.5559700 1.3197899 0.40000 0.40000 0.40000
v -1.0482001 2.5559700 1.3297899 0.40000 0.40000 0.40000
v 1.0557199 2.5729301 1.3183101 0.40000 0.40000 0.40000
v 1.0520299 2.5843699 1.3012901 0.40000 0.40000 0.40000
v 1.0607399 2.5843699 1.2979800 0.40000 0.40000 0.40000
v -1.0415698 2.5843699 -2.2739602 0.40000 0.40000 0.40000
v 1.0581999 2.5559700 1.3297901 0.40000 0.40000 0.40000
v -1.0482001 2.5559700 1.3297899 0.40000 0.40000 0.40000
v 1.0539999 2.5351901 1.3340001 0.40000 0.40000 0.40000
v -1.0440001 2.5351901 1.3339999 0.40000 0.40000 0.40000
v -1.2182700 1.6351399 1.5389499 0.40000 0.40000 0.40000
v -1.3737300 1.6351399 1.5389499 0.40000 0.40000 0.40000
v -1.3898501 1.6386600 1.5226000 0.40000 0.40000 0.40000
v -1.3898501 1.6386600 1.5322599 0.40000 0.40000 0.40000
v -1.3012601 1.5812401 1.5598599 0.40000 0.40000 0.40000
v -1.3012601 1.5812401 1.5874600 0.40000 0.40000 0.40000
v -1.3080001 1.5962000 1.5598599 0.40000 0.40000 0.40000
v -1.3080001 1.5962000 1.5874600 0.40000 0.40000 0.40000
v -1.3080001 1.7770700 1.5874600 0.40000 0.40000 0.40000
v -1.2754001 1.7770700 1.5874600 0.40000 0.40000 0.40000
v -1.3080001 1.7864400 1.5835799 0.40000 0.40000 0.40000
v -1.2754001 1.7864400 1.5835799 0.40000 0.40000 0.40000
v -1.0900000 0.8556000 -1.1794700 0.40000 0.40000 0.40000
v -1.0520000 0.8556000 -1.1794700 0.40000 0.40000 0.40000
v 1.0619999 0.5616300 1.9415601 0.40000 0.40000 0.40000
v 1.0619999 0.6168300 1.9735500 0.40000 0.40000 0.40000
v 1.0619999 0.6992000 1.8882501 0.40000 0.40000 0.40000
v 1.0619999 0.7544000 1.9170401 0.40000 0.40000 0.40000
v 1.0619999 0.6992000 1.8882501 0.40000 0.40000 0.40000
v 1.0619999 0.6168300 1.9735500 0.40000 0.40000 0.40000
v -1.0520001 0.9112180 1.1599600 0.40000 0.40000 0.40000
v -1.0520001 0.9664180 1.1450500 0.40000 0.40000 0.40000
v -1.0520001 0.9649640 1.2880400 0.40000 0.40000 0.40000
v -1.0520001 1.0201600 1.2808099 0.40000 0.40000 0.40000
v -1.0520001 0.9649640 1.2880400 0.40000 0.40000 0.40000
v -1.0520001 0.9664180 1.1450500 0.40000 0.40000 0.40000
v -1.0519999 0.8622970 -1.6596101 0.40000 0.40000 0.40000
v -1.0519999 0.8070970 -1.6477401 0.40000 0.40000 0.40000
v -1.0519999 0.8085720 -1.7008000 0.40000 0.40000 0.40000
v -1.0519999 0.7533720 -1.6873401 0.40000 0.40000 0.40000
v -1.0519999 0.8085720 -1.7008000 0.40000 0.40000 0.40000
v -1.0519999 0.8070970 -1.6477401 0.40000 0.40000 0.40000
v 1.0620001 0.9108000 -1.1726200 0.40000 0.40000 0.40000
v 1.0620001 0.8556000 -1.1794699 0.40000 0.40000 0.40000
v 1.0620001 0.8981940 -1.1054699 0.40000 0.40000 0.40000
v 1.0620001 0.8429940 -1.1149099 0.40000 0.40000 0.40000
v 1.0620001 0.8981940 -1.1054699 0.40000 0.40000 0.40000
v 1.0620001 0.8556000 -1.1794699 0.40000 0.40000 0.40000
v -0.5409401 0.4692000 2.2503199 0.40000 0.40000 0.40000
v -0.5409401 0.4692000 1.9919099 0.40000 0.40000 0.40000
v 0.5509398 0.4692000 2.2503200 0.40000 0.40000 0.40000
v 0.5509399 0.4692000 1.9919100 0.40000 0.40000 0.40000
v -1.1234698 0.3712580 -2.4274800 0.40000 0.40000 0.40000
v 1.1234701 0.3712580 -2.4274799 0.40000 0.40000 0.40000
v -1.1269898 0.3886400 -2.1828900 0.40000 0.40000 0.40000
v -1.1269898 0.3886400 -2.4309102 0.40000 0.40000 0.40000
v -1.1234698 0.3712580 -2.1863201 0.40000 0.40000 0.40000
v -1.1234698 0.3712580 -2.4274800 0.40000 0.40000 0.40000
v 1.1269901 0.3886400 -2.4309100 0.40000 0.40000 0.40000
v 1.1196002 0.4119500 -2.4243600 0.40000 0.40000 0.40000
v 1.1269901 0.3886400 -2.1828899 0.40000 0.40000 0.40000
v 1.1196002 0.4119500 -2.1894399 0.40000 0.40000 0.40000
v 1.1233798 0.3934060 2.1910902 0.40000 0.40000 0.40000
v 1.1252899 0.4013450 2.3389700 0.40000 0.40000 0.40000
v 1.1238198 0.3917740 2.3306602 0.40000 0.40000 0.40000
v 1.1309999 0.4027130 2.3256500 0.40000 0.40000 0.40000
v 1.1252899 0.3917440 2.3179901 0.40000 0.40000 0.40000
v 1.1309999 0.4027130 2.3256500 0.40000 0.40000 0.40000
v 0.6449998 0.7682000 2.3276000 0.40000 0.40000 0.40000
v 0.9199999 0.7682000 2.3276001 0.40000 0.40000 0.40000
v 0.6449998 0.7682000 2.3156400 0.40000 0.40000 0.40000
v 0.9199999 0.7682000 2.3156400 0.40000 0.40000 0.40000
v 0.8624999 0.2668000 1.3607400 0.40000 0.40000 0.40000
v 0.8624999 0.2668000 1.5004601 0.40000 0.40000 0.40000
v -0.8625001 0.2668000 1.5004600 0.40000 0.40000 0.40000
v -0.3215451 0.3064690 1.3607399 0.40000 0.40000 0.40000
v -0.3215451 0.3064690 1.5004600 0.40000 0.40000 0.40000
v 0.2534559 0.5042690 1.5341001 0.40000 0.40000 0.40000
v 0.2534559 0.5042690 1.3271001 0.40000 0.40000 0.40000
v -0.4085011 0.2668000 1.5004600 0.40000 0.40000 0.40000
v -0.4085011 0.2668000 1.3607399 0.40000 0.40000 0.40000
v -0.3215451 0.3064690 1.3607399 0.40000 0.40000 0.40000
v 0.1665001 0.2668000 -1.4222600 0.40000 0.40000 0.40000
v -0.3215449 0.5042690 -1.4559000 0.40000 0.40000 0.40000
v -0.3215449 0.3754690 -1.2489001 0.40000 0.40000 0.40000
v -0.4085009 0.4646000 -1.2489001 0.40000 0.40000 0.40000
v -0.3215449 0.5042690 -1.2489001 0.40000 0.40000 0.40000
v 0.2534561 0.5042690 -1.4558999 0.40000 0.40000 0.40000
v -0.6074999 0.7176000 -2.2953999 0.40000 0.40000 0.40000
v 0.6075002 0.7176000 -2.2953999 0.40000 0.40000 0.40000
v 0.3146001 0.5244000 -2.3183999 0.40000 0.40000 0.40000
v 0.3146001 0.5244000 -2.3326599 0.40000 0.40000 0.40000
v 1.0549999 0.4784000 0.7912000 0.40000 0.40000 0.40000
v 1.0549999 0.4784000 0.1380001 0.40000 0.40000 0.40000
v 1.0549999 1.2696000 0.1380001 0.40000 0.40000 0.40000
v 1.0549999 2.4012001 0.1987201 0.40000 0.40000 0.40000
v 1.0549999 2.3092000 0.2796801 0.40000 0.40000 0.40000
v 1.0549999 2.2227199 0.1932001 0.40000 0.40000 0.40000
v 1.0549999 0.8924000 1.0028001 0.40000 0.40000 0.40000
v 1.0549999 1.2420000 1.0028001 0.40000 0.40000 0.40000
v 1.0549999 1.2420000 1.0028001 0.40000 0.40000 0.40000
v 1.0549999 1.2696000 0.1380001 0.40000 0.40000 0.40000
v 1.0549999 1.6192000 0.1380001 0.40000 0.40000 0.40000
v 1.0549999 2.3965800 0.1754831 0.40000 0.40000 0.40000
v 1.0549999 2.4012001 0.1987201 0.40000 0.40000 0.40000
v 1.0549999 2.2227199 0.1932001 0.40000 0.40000 0.40000
v 1.0549999 2.3092000 0.8197200 0.40000 0.40000 0.40000
v 1.0549999 2.3092000 0.2796801 0.40000 0.40000 0.40000
v 1.0549999 2.4012001 0.1987201 0.40000 0.40000 0.40000
v 1.0549999 2.3092000 0.8197200 0.40000 0.40000 0.40000
v 1.0549999 2.4012001 0.1987201 0.40000 0.40000 0.40000
v 1.0549999 2.4012001 0.9420801 0.40000 0.40000 0.40000
v 1.0549999 2.2227199 0.9062001 0.40000 0.40000 0.40000
v 1.0549999 2.3092000 0.8197200 0.40000 0.40000 0.40000
v 1.0549999 2.4012001 0.9420801 0.40000 0.40000 0.40000
v 1.0549999 2.2227199 0.9062001 0.40000 0.40000 0.40000
v 1.0549999 2.4012001 0.9420801 0.40000 0.40000 0.40000
v 1.0549999 2.3965800 0.9653161 0.40000 0.40000 0.40000
v 1.0549999 2.2227199 0.9062001 0.40000 0.40000 0.40000
v 1.0549999 2.3965800 0.9653161 0.40000 0.40000 0.40000
v 1.0549999 2.3834200 0.9850150 0.40000 0.40000 0.40000
v 1.0549999 2.3834200 0.1557841 0.40000 0.40000 0.40000
v 1.0549999 2.3965800 0.1754831 0.40000 0.40000 0.40000
v 1.0549999 2.2227199 0.1932001 0.40000 0.40000 0.40000
v 1.0549999 2.2227199 0.9062001 0.40000 0.40000 0.40000
v 1.0549999 2.3834200 0.9850150 0.40000 0.40000 0.40000
v 1.0549999 2.3637199 0.9981781 0.40000 0.40000 0.40000
v 1.0549999 1.6826800 0.9062001 0.40000 0.40000 0.40000
v 1.0549999 2.2227199 0.9062001 0.40000 0.40000 0.40000
v 1.0549999 2.3637199 0.9981781 0.40000 0.40000 0.40000
v 1.0549999 2.3637199 0.1426221 0.40000 0.40000 0.40000
v 1.0549999 2.3834200 0.1557841 0.40000 0.40000 0.40000
v 1.0549999 2.2227199 0.1932001 0.40000 0.40000 0.40000
v 1.0549999 2.3404801 0.1380001 0.40000 0.40000 0.40000
v 1.0549999 2.3637199 0.1426221 0.40000 0.40000 0.40000
v 1.0549999 2.2227199 0.1932001 0.40000 0.40000 0.40000
v 1.0549999 1.6192000 0.1380001 0.40000 0.40000 0.40000
v 1.0549999 2.3404801 0.1380001 0.40000 0.40000 0.40000
v 1.0549999 2.2227199 0.1932001 0.40000 0.40000 0.40000
v 1.0549999 1.6192000 0.1380001 0.40000 0.40000 0.40000
v 1.0549999 2.2227199 0.1932001 0.40000 0.40000 0.40000
v 1.0549999 1.6826800 0.1932001 0.40000 0.40000 0.40000
v 1.0549999 1.6192000 0.1380001 0.40000 0.40000 0.40000
v 1.0549999 1.6826800 0.1932001 0.40000 0.40000 0.40000
v 1.0549999 1.5962000 0.2796801 0.40000 0.40000 0.40000
v 1.0549999 1.2420000 1.0028001 0.40000 0.40000 0.40000
v 1.0549999 1.6192000 0.1380001 0.40000 0.40000 0.40000
v 1.0549999 1.5962000 0.2796801 0.40000 0.40000 0.40000
v 1.0549999 1.2420000 1.0028001 0.40000 0.40000 0.40000
v 1.0549999 1.5962000 0.2796801 0.40000 0.40000 0.40000
v 1.0549999 1.5962000 0.8197200 0.40000 0.40000 0.40000
v 1.0549999 1.2420000 1.0028001 0.40000 0.40000 0.40000
v 1.0549999 1.5962000 0.8197200 0.40000 0.40000 0.40000
v 1.0549999 1.6826800 0.9062001 0.40000 0.40000 0.40000
v 1.0549999 1.2420000 1.0028001 0.40000 0.40000 0.40000
v 1.0549999 1.6826800 0.9062001 0.40000 0.40000 0.40000
v 1.0549999 2.3637199 0.9981781 0.40000 0.40000 0.40000
v 1.0549999 2.3637199 0.9981781 0.40000 0.40000 0.40000
v 1.0549999 2.3404801 1.0028001 0.40000 0.40000 0.40000
v 1.0549999 1.6192000 1.0028001 0.40000 0.40000 0.40000
v 1.0549999 2.3637199 0.9981781 0.40000 0.40000 0.40000
v 1.0549999 1.6192000 1.0028001 0.40000 0.40000 0.40000
v 1.0549999 1.2972000 1.0028001 0.40000 0.40000 0.40000
v 1.0549999 2.3637199 0.9981781 0.40000 0.40000 0.40000
v 1.0549999 1.2972000 1.0028001 0.40000 0.40000 0.40000
v 1.0549999 1.2696000 1.0028001 0.40000 0.40000 0.40000
v 1.0549999 2.3637199 0.9981781 0.40000 0.40000 0.40000
v 1.0549999 1.2696000 1.0028001 0.40000 0.40000 0.40000
v 1.0549999 1.2420000 1.0028001 0.40000 0.40000 0.40000
v 1.3883599 1.6406800 1.5389400 0.40000 0.40000 0.40000
v 1.3737299 1.6351399 1.5389500 0.40000 0.40000 0.40000
v 1.3749999 1.6330000 1.5322600 0.40000 0.40000 0.40000
v 1.3883599 1.6406800 1.5389400 0.40000 0.40000 0.40000
v 1.2169999 1.8997999 1.5322600 0.40000 0.40000 0.40000
v 1.3737299 1.8976600 1.5389500 0.40000 0.40000 0.40000
v 1.2182699 1.8976600 1.5389500 0.40000 0.40000 0.40000
v 1.2021499 1.6386600 1.5226001 0.40000 0.40000 0.40000
v 1.2169999 1.6330000 1.5226001 0.40000 0.40000 0.40000
v 1.2686599 1.6112300 1.5598601 0.40000 0.40000 0.40000
v 1.2686599 1.6112300 1.5874601 0.40000 0.40000 0.40000
v 1.3079999 1.7864400 1.5835801 0.40000 0.40000 0.40000
v 1.3079999 1.7770700 1.5874601 0.40000 0.40000 0.40000
v 1.3079999 1.7903200 1.5742101 0.40000 0.40000 0.40000
v 1.3079999 1.7903200 1.5598601 0.40000 0.40000 0.40000
v -1.0900001 1.2420000 1.0027999 0.40000 0.40000 0.40000
v 1.1000002 1.2696000 -2.2760798 0.40000 0.40000 0.40000
v 1.0865301 1.2696000 -2.3059999 0.40000 0.40000 0.40000
v 1.1000001 0.4140000 -1.8515199 0.40000 0.40000 0.40000
v 1.0620001 0.4140000 -1.8515199 0.40000 0.40000 0.40000
v 1.1000002 0.4140000 -2.2760798 0.40000 0.40000 0.40000
v 1.0620002 0.4140000 -2.2834400 0.40000 0.40000 0.40000
v 1.1000002 0.4140000 -2.2760798 0.40000 0.40000 0.40000
v 1.0620001 0.4140000 -1.8515199 0.40000 0.40000 0.40000
v 0.6075002 0.5244000 -2.3183999 0.40000 0.40000 0.40000
v 0.6075002 0.5244000 -2.3326599 0.40000 0.40000 0.40000
v 0.6075002 0.7176000 -2.3183999 0.40000 0.40000 0.40000
v 0.6075002 0.7176000 -2.3326599 0.40000 0.40000 0.40000
v 1.0643499 2.5843699 1.2899801 0.40000 0.40000 0.40000
v -1.0745101 2.5559700 1.3197899 0.40000 0.40000 0.40000
v -1.2036401 1.8921200 1.5389399 0.40000 0.40000 0.40000
v -1.2036401 1.6406800 1.5389399 0.40000 0.40000 0.40000
v -1.1960001 1.6523200 1.5226000 0.40000 0.40000 0.40000
v -1.2754001 1.7903200 1.5598599 0.40000 0.40000 0.40000
v -1.2754001 1.6261899 1.5598599 0.40000 0.40000 0.40000
v -1.3080001 1.7903200 1.5598599 0.40000 0.40000 0.40000
v -1.3080001 1.5962000 1.5598599 0.40000 0.40000 0.40000
v 1.1000001 0.7533720 -1.6873400 0.40000 0.40000 0.40000
v 1.0620001 0.7533720 -1.6873400 0.40000 0.40000 0.40000
v 1.1000000 0.9112180 1.1599601 0.40000 0.40000 0.40000
v 1.0620000 0.9112180 1.1599601 0.40000 0.40000 0.40000
v -1.0900001 0.9079810 1.6929399 0.40000 0.40000 0.40000
v -1.0520001 0.9079810 1.6929399 0.40000 0.40000 0.40000
v 1.0619999 1.0201600 1.5736001 0.40000 0.40000 0.40000
v 1.0619999 0.9649640 1.5642501 0.40000 0.40000 0.40000
v -1.0520002 0.8173340 1.8034499 0.40000 0.40000 0.40000
v -1.0520001 0.9079810 1.6929399 0.40000 0.40000 0.40000
v -1.0520002 0.8725340 1.8271599 0.40000 0.40000 0.40000
v -1.0520001 0.9631810 1.7100100 0.40000 0.40000 0.40000
v -1.0520000 0.8429940 -1.1149101 0.40000 0.40000 0.40000
v -1.0520000 0.8556000 -1.1794700 0.40000 0.40000 0.40000
v -1.0520000 0.8981940 -1.1054700 0.40000 0.40000 0.40000
v -1.0520000 0.9108000 -1.1726201 0.40000 0.40000 0.40000
v -1.0520000 0.8981940 -1.1054700 0.40000 0.40000 0.40000
v -1.0520000 0.8556000 -1.1794700 0.40000 0.40000 0.40000
v 1.0620001 0.7533720 -1.6873400 0.40000 0.40000 0.40000
v 1.0620001 0.8070970 -1.6477399 0.40000 0.40000 0.40000
v 1.0620001 0.8085720 -1.7007999 0.40000 0.40000 0.40000
v 1.0620001 0.8622970 -1.6596100 0.40000 0.40000 0.40000
v 1.0620001 0.8085720 -1.7007999 0.40000 0.40000 0.40000
v 1.0620001 0.8070970 -1.6477399 0.40000 0.40000 0.40000
v 1.0620000 0.9112180 1.1599601 0.40000 0.40000 0.40000
v 1.0620000 0.9649640 1.2880401 0.40000 0.40000 0.40000
v 1.0620000 0.9664180 1.1450501 0.40000 0.40000 0.40000
v 1.0620000 1.0201600 1.2808101 0.40000 0.40000 0.40000
v 1.0620000 0.9664180 1.1450501 0.40000 0.40000 0.40000
v 1.0620000 0.9649640 1.2880401 0.40000 0.40000 0.40000
v -1.0520002 0.6168300 1.9735499 0.40000 0.40000 0.40000
v -0.5409401 0.6168300 1.9735499 0.40000 0.40000 0.40000
v -1.0520000 0.8085720 -1.0105100 0.40000 0.40000 0.40000
v -0.5409399 0.8085720 -1.0105100 0.40000 0.40000 0.40000
v 1.0620001 0.4692000 -1.8715499 0.40000 0.40000 0.40000
v 0.5509401 0.4692000 -1.8715499 0.40000 0.40000 0.40000
v 1.0620000 0.4692000 0.8249280 0.40000 0.40000 0.40000
v 0.5509399 0.4692000 0.8249280 0.40000 0.40000 0.40000
v 0.5509400 0.7452000 -0.9971560 0.40000 0.40000 0.40000
v 0.5509400 0.4692000 -0.8301479 0.40000 0.40000 0.40000
v 0.5509401 0.4692000 -1.8715499 0.40000 0.40000 0.40000
v 0.5509401 0.7452000 -1.7152700 0.40000 0.40000 0.40000
v 0.5509401 0.7452000 -1.7152700 0.40000 0.40000 0.40000
v 0.5509401 0.8085720 -1.7007999 0.40000 0.40000 0.40000
v 0.5509401 0.8622970 -1.6596100 0.40000 0.40000 0.40000
v 0.5509400 0.7452000 -0.9971560 0.40000 0.40000 0.40000
v 0.5509401 0.7452000 -1.7152700 0.40000 0.40000 0.40000
v 0.5509401 0.8622970 -1.6596100 0.40000 0.40000 0.40000
v 0.5509400 0.8622970 -1.0485500 0.40000 0.40000 0.40000
v 0.5509400 0.8085720 -1.0105099 0.40000 0.40000 0.40000
v 0.5509400 0.7452000 -0.9971560 0.40000 0.40000 0.40000
v 0.5509401 0.8622970 -1.6596100 0.40000 0.40000 0.40000
v 0.5509400 0.9108000 -1.1726200 0.40000 0.40000 0.40000
v 0.5509400 0.8981940 -1.1054699 0.40000 0.40000 0.40000
v 0.5509401 0.8622970 -1.6596100 0.40000 0.40000 0.40000
v 0.5509401 0.8981940 -1.5979700 0.40000 0.40000 0.40000
v 0.5509401 0.9108000 -1.5252599 0.40000 0.40000 0.40000
v 0.5509401 0.9108000 -1.5252599 0.40000 0.40000 0.40000
v -1.1234698 0.5165420 -2.4274800 0.40000 0.40000 0.40000
v -1.1234698 0.5165420 -2.1863201 0.40000 0.40000 0.40000
v 1.1183801 0.4171690 -2.1905100 0.40000 0.40000 0.40000
v 1.1183801 0.4171690 -2.4232899 0.40000 0.40000 0.40000
v 1.1179701 0.4652130 -2.4229199 0.40000 0.40000 0.40000
v -1.1179698 0.4652130 -2.4229201 0.40000 0.40000 0.40000
v -1.1115002 0.6810650 2.1893300 0.40000 0.40000 0.40000
v -1.1252902 0.4013450 2.3389699 0.40000 0.40000 0.40000
v -1.1252902 0.4942630 2.4210200 0.40000 0.40000 0.40000
v -1.1310002 0.4942630 2.4083299 0.40000 0.40000 0.40000
v -1.1252902 0.4013450 2.3389699 0.40000 0.40000 0.40000
v -1.1252902 0.6810650 2.2020199 0.40000 0.40000 0.40000
v 1.1252899 0.4942630 2.4210201 0.40000 0.40000 0.40000
v -1.1115002 0.6863200 2.2020199 0.40000 0.40000 0.40000
v -1.1115002 0.6810650 2.1893300 0.40000 0.40000 0.40000
v -1.1252902 0.6810650 2.2020199 0.40000 0.40000 0.40000
v -1.1233801 0.6793140 2.1910900 0.40000 0.40000 0.40000
v -0.5050001 0.9936000 2.3276000 0.40000 0.40000 0.40000
v 0.5049999 0.9936000 2.3276000 0.40000 0.40000 0.40000
v -0.5050001 0.9936000 2.2788400 0.40000 0.40000 0.40000
v 0.5049999 0.9936000 2.2788401 0.40000 0.40000 0.40000
v 0.6449998 1.1914001 2.3156400 0.40000 0.40000 0.40000
v 0.6449998 0.7682000 2.3156400 0.40000 0.40000 0.40000
v 0.9199999 1.1914001 2.3156400 0.40000 0.40000 0.40000
v 0.9199999 0.7682000 2.3156400 0.40000 0.40000 0.40000
v -0.2875011 0.3138080 1.3607399 0.40000 0.40000 0.40000
v 0.2875009 0.3138080 1.5004600 0.40000 0.40000 0.40000
v -0.4085011 0.4646000 1.3271000 0.40000 0.40000 0.40000
v -0.8624999 0.3358000 -1.2489001 0.40000 0.40000 0.40000
v -0.8624999 0.4646000 -1.2489001 0.40000 0.40000 0.40000
v -0.8624999 0.3358000 -1.4559000 0.40000 0.40000 0.40000
v -0.8624999 0.4646000 -1.4559000 0.40000 0.40000 0.40000
v 0.8625001 0.2668000 -1.2825399 0.40000 0.40000 0.40000
v -0.2875009 0.3138080 -1.2825400 0.40000 0.40000 0.40000
v -0.2534559 0.3064690 -1.2825400 0.40000 0.40000 0.40000
v 0.2875011 0.5116080 -1.2489000 0.40000 0.40000 0.40000
v 0.2534561 0.5042690 -1.2489000 0.40000 0.40000 0.40000
v 0.1665001 0.4646000 -1.2489000 0.40000 0.40000 0.40000
v -0.3215449 0.3064690 -1.2825400 0.40000 0.40000 0.40000
v 0.6075002 2.4103999 -2.3183999 0.40000 0.40000 0.40000
v 0.6075002 2.4103999 -2.2953999 0.40000 0.40000 0.40000
v 0.6075002 0.5244000 -2.3183999 0.40000 0.40000 0.40000
v -1.0550000 1.2972000 1.0027999 0.40000 0.40000 0.40000
v -1.0900001 1.2972000 1.0027999 0.40000 0.40000 0.40000
v -1.0550000 1.6192000 0.1379999 0.40000 0.40000 0.40000
v -1.0900000 1.6192000 0.1379999 0.40000 0.40000 0.40000
v 1.0549999 1.2696000 0.1380001 0.40000 0.40000 0.40000
v 1.1000000 1.2696000 0.1380001 0.40000 0.40000 0.40000
v 1.1000000 1.6192000 0.1380001 0.40000 0.40000 0.40000
v 1.2021499 1.8941400 1.5322600 0.40000 0.40000 0.40000
v 1.2036399 1.8921200 1.5389400 0.40000 0.40000 0.40000
v 1.2036399 1.8921200 1.5389400 0.40000 0.40000 0.40000
v 1.3883599 1.8921200 1.5389400 0.40000 0.40000 0.40000
v 1.3943399 1.8785800 1.5389601 0.40000 0.40000 0.40000
v 1.0899999 1.6050299 1.5598601 0.40000 0.40000 0.40000
v 1.2523999 1.6050299 1.5598601 0.40000 0.40000 0.40000
v 1.0899999 1.5750400 1.5598601 0.40000 0.40000 0.40000
v 1.2849999 1.5750400 1.5598601 0.40000 0.40000 0.40000
v 1.0899999 1.5750400 1.5598601 0.40000 0.40000 0.40000
v 1.2523999 1.6050299 1.5598601 0.40000 0.40000 0.40000
v -1.0900001 1.6192000 1.5676799 0.40000 0.40000 0.40000
v -1.0900002 1.2821900 2.2604698 0.40000 0.40000 0.40000
v -1.0765301 1.6192000 1.5975999 0.40000 0.40000 0.40000
v -1.0765301 1.2818400 2.2903900 0.40000 0.40000 0.40000
v 1.0865298 1.2420000 2.3152002 0.40000 0.40000 0.40000
v -1.0899999 0.4140000 -2.2760800 0.40000 0.40000 0.40000
v -1.0765298 0.4140000 -2.3060001 0.40000 0.40000 0.40000
v -1.0900002 0.4140000 1.9588799 0.40000 0.40000 0.40000
v -1.0520002 0.4140000 1.9588799 0.40000 0.40000 0.40000
v -1.0900002 0.4140000 2.2852799 0.40000 0.40000 0.40000
v -1.0520002 0.4140000 2.2926399 0.40000 0.40000 0.40000
v 0.6075002 0.7176000 -2.2953999 0.40000 0.40000 0.40000
v -0.6074999 0.7176000 -2.2953999 0.40000 0.40000 0.40000
v -1.0440002 0.4140000 2.3275999 0.40000 0.40000 0.40000
v -1.0765301 0.4140000 2.3152000 0.40000 0.40000 0.40000
v -1.0745098 2.5559700 -2.3041900 0.40000 0.40000 0.40000
v 1.1000000 2.3483000 1.0442000 0.40000 0.40000 0.40000
v 1.1000000 2.3404801 1.0028001 0.40000 0.40000 0.40000
v 1.1000000 2.3637199 0.9981781 0.40000 0.40000 0.40000
v 1.1000000 1.6192000 0.1380001 0.40000 0.40000 0.40000
v 1.1000000 2.3920000 1.0879001 0.40000 0.40000 0.40000
v 1.1000000 2.3483000 1.0442000 0.40000 0.40000 0.40000
v 1.1000000 2.3637199 0.9981781 0.40000 0.40000 0.40000
v 1.1000000 2.3404801 0.1380001 0.40000 0.40000 0.40000
v 1.1000000 2.3920000 1.0879001 0.40000 0.40000 0.40000
v 1.1000000 2.3637199 0.9981781 0.40000 0.40000 0.40000
v 1.1000000 2.3834200 0.9850161 0.40000 0.40000 0.40000
v 1.1000000 2.3920000 1.0879001 0.40000 0.40000 0.40000
v 1.1000000 2.3834200 0.9850161 0.40000 0.40000 0.40000
v 1.1000000 2.3965800 0.9653171 0.40000 0.40000 0.40000
v 1.1000000 1.6767000 1.0442000 0.40000 0.40000 0.40000
v 1.1000000 1.6192000 1.0028001 0.40000 0.40000 0.40000
v 1.1000000 1.6192000 1.0028001 0.40000 0.40000 0.40000
v 1.1000000 1.6767000 1.0442000 0.40000 0.40000 0.40000
v 1.1000000 1.6330000 1.0879001 0.40000 0.40000 0.40000
v 1.1000000 1.6330000 1.0879001 0.40000 0.40000 0.40000
v 1.0999999 1.6330000 1.4650200 0.40000 0.40000 0.40000
v 1.0999999 1.6919000 1.5302101 0.40000 0.40000 0.40000
v 1.1000000 2.3920000 1.0879001 0.40000 0.40000 0.40000
v 1.1000000 2.3965800 0.9653171 0.40000 0.40000 0.40000
v 1.1000000 2.4012001 0.9420801 0.40000 0.40000 0.40000
v 1.0999999 2.3920000 1.2489001 0.40000 0.40000 0.40000
v 1.1000000 2.3920000 1.0879001 0.40000 0.40000 0.40000
v 1.1000000 2.4012001 0.9420801 0.40000 0.40000 0.40000
v 1.0999999 2.3506200 1.3066401 0.40000 0.40000 0.40000
v 1.0999999 2.3920000 1.2489001 0.40000 0.40000 0.40000
v 1.1000000 2.4012001 0.9420801 0.40000 0.40000 0.40000
v 1.1000000 2.4012001 0.1987201 0.40000 0.40000 0.40000
v 1.1000000 2.3637199 0.1426221 0.40000 0.40000 0.40000
v 1.1000000 2.3834200 0.1557841 0.40000 0.40000 0.40000
v 1.1000000 2.3965800 0.1754831 0.40000 0.40000 0.40000
v -1.3883601 1.6406800 1.5389399 0.40000 0.40000 0.40000
v -1.2036401 1.6406800 1.5389399 0.40000 0.40000 0.40000
v -1.2074001 1.6458000 1.5424699 0.40000 0.40000 0.40000
v -1.2182700 1.6351399 1.5389499 0.40000 0.40000 0.40000
v -1.2182700 1.6351399 1.5389499 0.40000 0.40000 0.40000
v -1.3898501 1.8941400 1.5226000 0.40000 0.40000 0.40000
v -1.2754001 1.6261899 1.5874600 0.40000 0.40000 0.40000
v -1.3080001 1.5962000 1.5874600 0.40000 0.40000 0.40000
v -1.2686600 1.6112300 1.5874600 0.40000 0.40000 0.40000
v -1.3012601 1.5812401 1.5874600 0.40000 0.40000 0.40000
v -1.2686600 1.6112300 1.5874600 0.40000 0.40000 0.40000
v -1.3080001 1.5962000 1.5874600 0.40000 0.40000 0.40000
v -1.2754001 1.6261899 1.5874600 0.40000 0.40000 0.40000
v -1.3080001 1.5962000 1.5874600 0.40000 0.40000 0.40000
v 1.1000001 0.6900000 -1.7012499 0.40000 0.40000 0.40000
v 1.0620001 0.6900000 -1.7012499 0.40000 0.40000 0.40000
v 1.1000000 0.8220000 1.0562001 0.40000 0.40000 0.40000
v 1.0620000 0.8220000 1.0562001 0.40000 0.40000 0.40000
v -1.0900001 0.8173340 1.8034499 0.40000 0.40000 0.40000
v -1.0520002 0.8173340 1.8034499 0.40000 0.40000 0.40000
v -1.0900000 0.8429940 -1.1149101 0.40000 0.40000 0.40000
v -1.0520000 0.8429940 -1.1149101 0.40000 0.40000 0.40000
v -1.0520002 0.6992000 1.8882499 0.40000 0.40000 0.40000
v -1.0520002 0.7544000 1.9170399 0.40000 0.40000 0.40000
v -1.0520000 0.8070970 -1.0601701 0.40000 0.40000 0.40000
v -1.0520000 0.8429940 -1.1149101 0.40000 0.40000 0.40000
v -1.0520000 0.8622970 -1.0485501 0.40000 0.40000 0.40000
v -1.0520000 0.8981940 -1.1054700 0.40000 0.40000 0.40000
v -1.0520000 0.8622970 -1.0485501 0.40000 0.40000 0.40000
v -1.0520000 0.8429940 -1.1149101 0.40000 0.40000 0.40000
v 1.0620001 0.6900000 -1.7012499 0.40000 0.40000 0.40000
v 1.0620001 0.7533720 -1.6873400 0.40000 0.40000 0.40000
v 1.0620001 0.7452000 -1.7152700 0.40000 0.40000 0.40000
v 1.0620001 0.8085720 -1.7007999 0.40000 0.40000 0.40000
v 1.0620001 0.7452000 -1.7152700 0.40000 0.40000 0.40000
v 1.0620001 0.7533720 -1.6873400 0.40000 0.40000 0.40000
v 1.0620000 0.8220000 1.0562001 0.40000 0.40000 0.40000
v 1.0620000 0.9112180 1.1599601 0.40000 0.40000 0.40000
v 1.0620000 0.8772000 1.0350700 0.40000 0.40000 0.40000
v 1.0620000 0.9664180 1.1450501 0.40000 0.40000 0.40000
v 1.0620000 0.8772000 1.0350700 0.40000 0.40000 0.40000
v 1.0620000 0.9112180 1.1599601 0.40000 0.40000 0.40000
v -1.0520002 0.4692000 1.9919099 0.40000 0.40000 0.40000
v -0.5409401 0.4692000 1.9919099 0.40000 0.40000 0.40000
v -1.0520000 0.7452000 -0.9971561 0.40000 0.40000 0.40000
v -0.5409399 0.7452000 -0.9971561 0.40000 0.40000 0.40000
v 1.0620002 0.4692000 -2.2834400 0.40000 0.40000 0.40000
v 1.0620001 0.4692000 -1.8715499 0.40000 0.40000 0.40000
v 0.5509401 0.4692000 -2.2411201 0.40000 0.40000 0.40000
v 0.5509401 0.4692000 -1.8715499 0.40000 0.40000 0.40000
v 0.5509401 0.4692000 -2.2411201 0.40000 0.40000 0.40000
v 1.0620001 0.4692000 -1.8715499 0.40000 0.40000 0.40000
v 1.0620001 0.4692000 -0.8301479 0.40000 0.40000 0.40000
v 1.0620000 0.4692000 0.8249280 0.40000 0.40000 0.40000
v 0.5509400 0.4692000 -0.8301479 0.40000 0.40000 0.40000
v 0.5509399 0.4692000 0.8249280 0.40000 0.40000 0.40000
v 0.5509400 0.4692000 -0.8301479 0.40000 0.40000 0.40000
v 1.0620000 0.4692000 0.8249280 0.40000 0.40000 0.40000
v 0.5509399 0.4692000 0.8249280 0.40000 0.40000 0.40000
v 0.5509399 0.8772000 1.0350700 0.40000 0.40000 0.40000
v 0.5509399 0.4692000 1.9919100 0.40000 0.40000 0.40000
v 0.5509399 0.6168300 1.9735500 0.40000 0.40000 0.40000
v 0.5509399 0.4692000 1.9919100 0.40000 0.40000 0.40000
v 0.5509399 0.8772000 1.0350700 0.40000 0.40000 0.40000
v 0.5509399 0.8772000 1.0350700 0.40000 0.40000 0.40000
v 0.5509399 0.9664180 1.1450501 0.40000 0.40000 0.40000
v 0.5509399 0.6168300 1.9735500 0.40000 0.40000 0.40000
v 0.5509399 0.7544000 1.9170400 0.40000 0.40000 0.40000
v 0.5509399 1.0201600 1.2808100 0.40000 0.40000 0.40000
v 0.5509399 0.8725340 1.8271600 0.40000 0.40000 0.40000
v 0.5509399 1.0396000 1.4272100 0.40000 0.40000 0.40000
v 0.5509399 0.9631810 1.7100101 0.40000 0.40000 0.40000
v 0.5509399 0.8725340 1.8271600 0.40000 0.40000 0.40000
v 0.5509399 1.0396000 1.4272100 0.40000 0.40000 0.40000
v 0.5509399 1.0396000 1.4272100 0.40000 0.40000 0.40000
v 0.5509399 1.0201600 1.5736001 0.40000 0.40000 0.40000
v 0.5509399 0.9631810 1.7100101 0.40000 0.40000 0.40000
v 1.1179701 0.4225870 -2.1908800 0.40000 0.40000 0.40000
v 1.1179701 0.4225870 -2.4229199 0.40000 0.40000 0.40000
v 1.1179701 0.4652130 -2.1908800 0.40000 0.40000 0.40000
v 1.1179701 0.4652130 -2.4229199 0.40000 0.40000 0.40000
v 1.1114999 0.6863200 2.2020200 0.40000 0.40000 0.40000
v 1.1252899 0.6810650 2.2020200 0.40000 0.40000 0.40000
v 1.1252899 0.6810650 2.4200600 0.40000 0.40000 0.40000
v 1.1114999 0.6810650 2.1893302 0.40000 0.40000 0.40000
v -1.1252902 0.4013450 2.3389699 0.40000 0.40000 0.40000
v -1.1115002 0.3999770 2.3448500 0.40000 0.40000 0.40000
v -1.1252902 0.4942630 2.4210200 0.40000 0.40000 0.40000
v 1.1233798 0.6793140 2.4309900 0.40000 0.40000 0.40000
v -1.1233801 0.6793140 2.1910900 0.40000 0.40000 0.40000
v -0.5050001 1.1500000 2.3276000 0.40000 0.40000 0.40000
v -0.5050001 0.9936000 2.3276000 0.40000 0.40000 0.40000
v -0.5050001 1.1500000 2.2788400 0.40000 0.40000 0.40000
v -0.5050001 0.9936000 2.2788400 0.40000 0.40000 0.40000
v -0.5050001 1.1500000 2.2788400 0.40000 0.40000 0.40000
v -0.5050001 0.9936000 2.3276000 0.40000 0.40000 0.40000
v -0.6450001 1.1914001 2.3156399 0.40000 0.40000 0.40000
v -0.9200002 1.1914001 2.3156399 0.40000 0.40000 0.40000
v -0.6450001 0.7682000 2.3156399 0.40000 0.40000 0.40000
v -0.9200002 0.7682000 2.3156399 0.40000 0.40000 0.40000
v 0.8624999 0.4646000 1.5341001 0.40000 0.40000 0.40000
v 0.2534559 0.3064690 1.5004600 0.40000 0.40000 0.40000
v 0.8625001 0.4646000 -1.2489000 0.40000 0.40000 0.40000
v 0.8625001 0.3358000 -1.2489000 0.40000 0.40000 0.40000
v 0.8625001 0.4646000 -1.4558999 0.40000 0.40000 0.40000
v 0.8625001 0.3358000 -1.4558999 0.40000 0.40000 0.40000
v -0.8624999 0.4646000 -1.2489001 0.40000 0.40000 0.40000
v 0.3215451 0.5042690 -1.2489000 0.40000 0.40000 0.40000
v -0.6074999 2.4103999 -2.3183999 0.40000 0.40000 0.40000
v 0.6075002 2.4103999 -2.3183999 0.40000 0.40000 0.40000
v -0.6074999 2.4103999 -2.2953999 0.40000 0.40000 0.40000
v 0.6075002 2.4103999 -2.2953999 0.40000 0.40000 0.40000
v -0.3145999 0.7176000 -2.3326600 0.40000 0.40000 0.40000
v -0.3145999 0.7176000 -2.3469200 0.40000 0.40000 0.40000
v -0.6074999 0.7176000 -2.3326600 0.40000 0.40000 0.40000
v -0.6074999 0.7176000 -2.3469200 0.40000 0.40000 0.40000
v -0.3145999 0.7176000 -2.3469200 0.40000 0.40000 0.40000
v -1.0550000 1.2696000 1.0027999 0.40000 0.40000 0.40000
v -1.0900001 1.2696000 1.0027999 0.40000 0.40000 0.40000
v -1.0550000 2.3404801 0.1379999 0.40000 0.40000 0.40000
v -1.0900000 2.3404801 0.1379999 0.40000 0.40000 0.40000
v 1.0549999 0.4784000 0.1380001 0.40000 0.40000 0.40000
v 1.1000000 0.4784000 0.1380001 0.40000 0.40000 0.40000
v 1.0549999 2.3404801 1.0028001 0.40000 0.40000 0.40000
v 1.1000000 2.3404801 1.0028001 0.40000 0.40000 0.40000
v 1.0549999 1.6192000 1.0028001 0.40000 0.40000 0.40000
v 1.2036399 1.8921200 1.5389400 0.40000 0.40000 0.40000
v 1.3943399 1.8785800 1.5389601 0.40000 0.40000 0.40000
v 1.3883599 1.8921200 1.5389400 0.40000 0.40000 0.40000
v 1.0899999 1.6050299 1.5874601 0.40000 0.40000 0.40000
v 1.0899999 1.5750400 1.5874601 0.40000 0.40000 0.40000
v 1.2523999 1.6050299 1.5874601 0.40000 0.40000 0.40000
v 1.2849999 1.5750400 1.5874601 0.40000 0.40000 0.40000
v -1.0765301 0.4140000 2.3152000 0.40000 0.40000 0.40000
v -1.0440002 0.4140000 2.3275999 0.40000 0.40000 0.40000
v 1.0865301 0.4140000 -2.3059999 0.40000 0.40000 0.40000
v 1.1000002 0.4140000 -2.2760798 0.40000 0.40000 0.40000
v 1.1000001 0.4140000 -1.8515199 0.40000 0.40000 0.40000
v 1.0999999 0.4140000 2.2852801 0.40000 0.40000 0.40000
v 1.0999999 0.4140000 1.9588800 0.40000 0.40000 0.40000
v 1.0999999 0.5616300 1.9415601 0.40000 0.40000 0.40000
v 1.1000000 1.2696000 0.1380001 0.40000 0.40000 0.40000
v 1.1000000 0.4784000 0.1380001 0.40000 0.40000 0.40000
v 1.1000001 0.6900000 -1.7012499 0.40000 0.40000 0.40000
v 1.1000000 0.8924000 1.0028001 0.40000 0.40000 0.40000
v 1.0999999 0.6992000 1.8882501 0.40000 0.40000 0.40000
v 1.0999999 0.8173340 1.8034501 0.40000 0.40000 0.40000
v 1.0999999 0.9079810 1.6929401 0.40000 0.40000 0.40000
v 1.0999999 0.9649640 1.5642501 0.40000 0.40000 0.40000
v 1.1000001 0.7533720 -1.6873400 0.40000 0.40000 0.40000
v 1.1000001 0.8070970 -1.6477399 0.40000 0.40000 0.40000
v 1.1000001 0.8429940 -1.5884699 0.40000 0.40000 0.40000
v 1.0999999 0.9844000 1.4261400 0.40000 0.40000 0.40000
v 1.1000001 0.8556000 -1.5185500 0.40000 0.40000 0.40000
v 1.1000001 0.8556000 -1.1794699 0.40000 0.40000 0.40000
v 1.1000001 0.4140000 -0.8501750 0.40000 0.40000 0.40000
v 1.1000001 0.6900000 -1.0107599 0.40000 0.40000 0.40000
v 1.1000001 0.7533720 -1.0235999 0.40000 0.40000 0.40000
v 1.0999999 0.9649640 1.2880401 0.40000 0.40000 0.40000
v 1.1000001 0.8429940 -1.1149099 0.40000 0.40000 0.40000
v 1.1000001 0.8070970 -1.0601700 0.40000 0.40000 0.40000
v 1.1000001 0.8429940 -1.1149099 0.40000 0.40000 0.40000
v 1.1000000 0.4784000 0.1380001 0.40000 0.40000 0.40000
v 1.1000001 0.7533720 -1.0235999 0.40000 0.40000 0.40000
v 1.1000001 0.8070970 -1.0601700 0.40000 0.40000 0.40000
v 1.1000000 0.4784000 0.1380001 0.40000 0.40000 0.40000
v 1.1000001 0.4140000 -0.8501750 0.40000 0.40000 0.40000
v 1.1000001 0.7533720 -1.0235999 0.40000 0.40000 0.40000
v 1.1000000 0.4784000 0.1380001 0.40000 0.40000 0.40000
v 1.1000000 0.4140000 0.8579561 0.40000 0.40000 0.40000
v 1.1000001 0.4140000 -0.8501750 0.40000 0.40000 0.40000
v 1.1000000 0.4784000 0.1380001 0.40000 0.40000 0.40000
v 1.1000000 0.4784000 0.7912000 0.40000 0.40000 0.40000
v 1.1000000 0.8220000 1.0562001 0.40000 0.40000 0.40000
v 1.1000000 0.4140000 0.8579561 0.40000 0.40000 0.40000
v 1.1000000 0.4784000 0.7912000 0.40000 0.40000 0.40000
v 1.1000000 0.8220000 1.0562001 0.40000 0.40000 0.40000
v 1.1000000 0.4784000 0.7912000 0.40000 0.40000 0.40000
v 1.1000000 0.8924000 1.0028001 0.40000 0.40000 0.40000
v 1.1000000 0.9112180 1.1599601 0.40000 0.40000 0.40000
v 1.1000000 0.8220000 1.0562001 0.40000 0.40000 0.40000
v 1.1000000 0.8924000 1.0028001 0.40000 0.40000 0.40000
v 1.0999999 0.9649640 1.2880401 0.40000 0.40000 0.40000
v 1.1000000 0.9112180 1.1599601 0.40000 0.40000 0.40000
v 1.1000000 0.8924000 1.0028001 0.40000 0.40000 0.40000
v 0.6075002 0.7176000 -2.3183999 0.40000 0.40000 0.40000
v 0.6075002 0.7176000 -2.2953999 0.40000 0.40000 0.40000
v 1.0865298 0.4140000 2.3152002 0.40000 0.40000 0.40000
v 1.0539999 0.4140000 2.3276001 0.40000 0.40000 0.40000
v -1.0481999 2.5559700 -2.3141900 0.40000 0.40000 0.40000
v -1.0745098 2.5559700 -2.3041900 0.40000 0.40000 0.40000
v 1.0540002 2.5351901 -2.3183998 0.40000 0.40000 0.40000
v 1.0582001 2.5559700 -2.3141898 0.40000 0.40000 0.40000
v 1.0865301 2.5351901 -2.3059999 0.40000 0.40000 0.40000
v 1.0845101 2.5559700 -2.3041899 0.40000 0.40000 0.40000
v -1.0415700 2.5843699 1.2895599 0.40000 0.40000 0.40000
v 1.0515700 2.5843699 1.2895600 0.40000 0.40000 0.40000
v 1.0539999 2.5351901 1.3340001 0.40000 0.40000 0.40000
v 1.0865299 2.5351901 1.3216000 0.40000 0.40000 0.40000
v 1.0581999 2.5559700 1.3297901 0.40000 0.40000 0.40000
v 1.0845099 2.5559700 1.3197901 0.40000 0.40000 0.40000
v -1.3883601 1.6406800 1.5389399 0.40000 0.40000 0.40000
v -1.3737300 1.6351399 1.5389499 0.40000 0.40000 0.40000
v -1.3883601 1.6406800 1.5389399 0.40000 0.40000 0.40000
v -1.3750001 1.6330000 1.5322599 0.40000 0.40000 0.40000
v -1.3737300 1.8976600 1.5389499 0.40000 0.40000 0.40000
v -1.2182700 1.8976600 1.5389499 0.40000 0.40000 0.40000
v -1.2021501 1.6386600 1.5226000 0.40000 0.40000 0.40000
v -1.2686600 1.6112300 1.5598599 0.40000 0.40000 0.40000
v -1.2686600 1.6112300 1.5874600 0.40000 0.40000 0.40000
v -1.2524001 1.6050299 1.5598599 0.40000 0.40000 0.40000
v -1.2524001 1.6050299 1.5874600 0.40000 0.40000 0.40000
v -1.3080001 1.7864400 1.5835799 0.40000 0.40000 0.40000
v -1.3080001 1.7903200 1.5742100 0.40000 0.40000 0.40000
v -1.3080001 1.7770700 1.5874600 0.40000 0.40000 0.40000
v -1.3080001 1.7770700 1.5874600 0.40000 0.40000 0.40000
v -1.3080001 1.7903200 1.5742100 0.40000 0.40000 0.40000
v -1.3080001 1.7903200 1.5598599 0.40000 0.40000 0.40000
v 1.1000001 0.4140000 -1.8515199 0.40000 0.40000 0.40000
v 1.0620001 0.4140000 -1.8515199 0.40000 0.40000 0.40000
v 1.1000000 0.4140000 0.8579561 0.40000 0.40000 0.40000
v 1.0620000 0.4140000 0.8579561 0.40000 0.40000 0.40000
v -1.0520002 0.5616300 1.9415600 0.40000 0.40000 0.40000
v -1.0520002 0.6992000 1.8882499 0.40000 0.40000 0.40000
v -1.0520002 0.6168300 1.9735499 0.40000 0.40000 0.40000
v -1.0520002 0.6168300 1.9735499 0.40000 0.40000 0.40000
v -1.0520000 0.7533720 -1.0236000 0.40000 0.40000 0.40000
v -1.0520000 0.8070970 -1.0601701 0.40000 0.40000 0.40000
v -1.0520000 0.8085720 -1.0105100 0.40000 0.40000 0.40000
v -1.0520000 0.8622970 -1.0485501 0.40000 0.40000 0.40000
v -1.0520000 0.8085720 -1.0105100 0.40000 0.40000 0.40000
v -1.0520000 0.8070970 -1.0601701 0.40000 0.40000 0.40000
v 1.0620001 0.6900000 -1.7012499 0.40000 0.40000 0.40000
v 1.0620001 0.7452000 -1.7152700 0.40000 0.40000 0.40000
v 1.0620001 0.4692000 -1.8715499 0.40000 0.40000 0.40000
v 1.0620001 0.6900000 -1.7012499 0.40000 0.40000 0.40000
v 1.0620000 0.4140000 0.8579561 0.40000 0.40000 0.40000
v 1.0620000 0.8220000 1.0562001 0.40000 0.40000 0.40000
v 1.0620000 0.4692000 0.8249280 0.40000 0.40000 0.40000
v 1.0620000 0.8772000 1.0350700 0.40000 0.40000 0.40000
v 1.0620000 0.4692000 0.8249280 0.40000 0.40000 0.40000
v 1.0620000 0.8220000 1.0562001 0.40000 0.40000 0.40000
v -1.0520002 0.4692000 1.9919099 0.40000 0.40000 0.40000
v -0.5409401 0.4692000 1.9919099 0.40000 0.40000 0.40000
v -1.0520000 0.4692000 -0.8301480 0.40000 0.40000 0.40000
v -0.5409399 0.4692000 -0.8301480 0.40000 0.40000 0.40000
v -1.0519999 0.4692000 -2.2834402 0.40000 0.40000 0.40000
v 1.0620002 0.4692000 -2.2834400 0.40000 0.40000 0.40000
v -0.5409399 0.4692000 -2.2411201 0.40000 0.40000 0.40000
v 0.5509401 0.4692000 -2.2411201 0.40000 0.40000 0.40000
v 1.0620001 0.4692000 -0.8301479 0.40000 0.40000 0.40000
v 0.5509400 0.4692000 -0.8301479 0.40000 0.40000 0.40000
v -0.5409400 0.4692000 0.8249280 0.40000 0.40000 0.40000
v -0.5409401 0.4692000 1.9919099 0.40000 0.40000 0.40000
v -0.5409400 0.8772000 1.0350699 0.40000 0.40000 0.40000
v -0.5409401 0.9664180 1.1450500 0.40000 0.40000 0.40000
v -0.5409400 0.8772000 1.0350699 0.40000 0.40000 0.40000
v -0.5409401 0.4692000 1.9919099 0.40000 0.40000 0.40000
v -0.5409401 0.6168300 1.9735499 0.40000 0.40000 0.40000
v -0.5409401 1.0201600 1.2808100 0.40000 0.40000 0.40000
v -0.5409401 0.9664180 1.1450500 0.40000 0.40000 0.40000
v -0.5409401 0.6168300 1.9735499 0.40000 0.40000 0.40000
v -0.5409401 0.6168300 1.9735499 0.40000 0.40000 0.40000
v -0.5409401 0.7544000 1.9170400 0.40000 0.40000 0.40000
v -0.5409401 1.0201600 1.2808100 0.40000 0.40000 0.40000
v -0.5409401 1.0396000 1.4272099 0.40000 0.40000 0.40000
v -0.5409401 1.0201600 1.2808100 0.40000 0.40000 0.40000
v -0.5409401 0.7544000 1.9170400 0.40000 0.40000 0.40000
v -0.5409401 0.7544000 1.9170400 0.40000 0.40000 0.40000
v -0.5409401 0.8725340 1.8271600 0.40000 0.40000 0.40000
v -0.5409401 1.0396000 1.4272099 0.40000 0.40000 0.40000
v -0.5409401 1.0201600 1.5736000 0.40000 0.40000 0.40000
v -0.5409401 1.0396000 1.4272099 0.40000 0.40000 0.40000
v -0.5409401 0.8725340 1.8271600 0.40000 0.40000 0.40000
v -0.5409401 0.8725340 1.8271600 0.40000 0.40000 0.40000
v -0.5409401 0.9631810 1.7100100 0.40000 0.40000 0.40000
v -0.5409401 1.0201600 1.5736000 0.40000 0.40000 0.40000
v 1.1234701 0.3712580 -2.4274799 0.40000 0.40000 0.40000
v 1.1234701 0.3712580 -2.1863200 0.40000 0.40000 0.40000
v 1.1252899 0.3917440 2.3179901 0.40000 0.40000 0.40000
v -1.1252902 0.3917440 2.3179900 0.40000 0.40000 0.40000
v 1.1233798 0.6793140 2.4309900 0.40000 0.40000 0.40000
v -1.1233801 0.6793140 2.1910900 0.40000 0.40000 0.40000
v -1.1238201 0.3917740 2.3306600 0.40000 0.40000 0.40000
v -1.1252902 0.3917440 2.3179900 0.40000 0.40000 0.40000
v -1.1115002 0.3899560 2.3314900 0.40000 0.40000 0.40000
v 0.5049999 1.1500000 2.3276000 0.40000 0.40000 0.40000
v -0.5050001 1.1500000 2.3276000 0.40000 0.40000 0.40000
v 0.5049999 1.1500000 2.2788401 0.40000 0.40000 0.40000
v -0.5050001 1.1500000 2.2788400 0.40000 0.40000 0.40000
v -0.9200002 1.1914001 2.3275999 0.40000 0.40000 0.40000
v -0.9200002 0.7682000 2.3275999 0.40000 0.40000 0.40000
v -0.9200002 1.1914001 2.3156399 0.40000 0.40000 0.40000
v -0.9200002 0.7682000 2.3156399 0.40000 0.40000 0.40000
v -0.8625001 0.4646000 1.3271000 0.40000 0.40000 0.40000
v -0.8625001 0.2668000 1.5004600 0.40000 0.40000 0.40000
v -0.8625001 0.2668000 1.3607399 0.40000 0.40000 0.40000
v -0.4085009 0.4646000 -1.4559000 0.40000 0.40000 0.40000
v -0.6074999 2.4103999 -2.3183999 0.40000 0.40000 0.40000
v -0.6074999 2.4103999 -2.2953999 0.40000 0.40000 0.40000
v 0.6075002 0.7176000 -2.3326599 0.40000 0.40000 0.40000
v 0.6075002 0.7176000 -2.3469200 0.40000 0.40000 0.40000
v 0.3146001 0.7176000 -2.3326599 0.40000 0.40000 0.40000
v 0.3146001 0.7176000 -2.3469200 0.40000 0.40000 0.40000
v 0.6075002 0.7176000 -2.3469200 0.40000 0.40000 0.40000
v -1.0550000 1.2420000 1.0027999 0.40000 0.40000 0.40000
v 1.0549999 0.4784000 0.1380001 0.40000 0.40000 0.40000
v 1.0549999 0.4784000 0.7912000 0.40000 0.40000 0.40000
v 1.1000000 0.4784000 0.1380001 0.40000 0.40000 0.40000
v 1.1000000 0.4784000 0.7912000 0.40000 0.40000 0.40000
v 1.2036399 1.8921200 1.5389400 0.40000 0.40000 0.40000
v 1.2036399 1.6406800 1.5389400 0.40000 0.40000 0.40000
v 1.2169999 1.8997999 1.5226001 0.40000 0.40000 0.40000
v 1.0899999 1.5750400 1.5598601 0.40000 0.40000 0.40000
v 1.0899999 1.5750400 1.5874601 0.40000 0.40000 0.40000
v -1.0900002 0.4140000 2.2852799 0.40000 0.40000 0.40000
v -1.0765301 0.4140000 2.3152000 0.40000 0.40000 0.40000
v 1.0865298 0.4140000 2.3152002 0.40000 0.40000 0.40000
v 1.0540002 0.4140000 -2.3183998 0.40000 0.40000 0.40000
v 1.0865301 0.4140000 -2.3059999 0.40000 0.40000 0.40000
v -1.0899999 0.4140000 -1.8515200 0.40000 0.40000 0.40000
v -1.0900001 0.5616300 1.9415600 0.40000 0.40000 0.40000
v -1.0900002 0.4140000 1.9588799 0.40000 0.40000 0.40000
v -1.0900000 0.4784000 0.1379999 0.40000 0.40000 0.40000
v -1.0899999 0.6900000 -1.7012500 0.40000 0.40000 0.40000
v -1.0900001 0.8924000 1.0027999 0.40000 0.40000 0.40000
v -1.0900001 0.6992000 1.8882499 0.40000 0.40000 0.40000
v -1.0900001 0.8173340 1.8034499 0.40000 0.40000 0.40000
v -1.0900001 0.9079810 1.6929399 0.40000 0.40000 0.40000
v -1.0900001 0.9649640 1.5642499 0.40000 0.40000 0.40000
v -1.0899999 0.7533720 -1.6873401 0.40000 0.40000 0.40000
v -1.0899999 0.8070970 -1.6477401 0.40000 0.40000 0.40000
v -1.0899999 0.8429940 -1.5884700 0.40000 0.40000 0.40000
v -1.0900001 0.9844000 1.4261399 0.40000 0.40000 0.40000
v -1.0899999 0.8556000 -1.5185501 0.40000 0.40000 0.40000
v -1.0900000 0.8556000 -1.1794700 0.40000 0.40000 0.40000
v -1.0900000 0.7533720 -1.0236000 0.40000 0.40000 0.40000
v -1.0900000 0.6900000 -1.0107600 0.40000 0.40000 0.40000
v -1.0900000 0.4140000 -0.8501751 0.40000 0.40000 0.40000
v -1.0900001 0.9649640 1.2880400 0.40000 0.40000 0.40000
v -1.0900000 0.8429940 -1.1149101 0.40000 0.40000 0.40000
v -1.0900000 0.4784000 0.1379999 0.40000 0.40000 0.40000
v -1.0900000 0.8429940 -1.1149101 0.40000 0.40000 0.40000
v -1.0900000 0.8070970 -1.0601701 0.40000 0.40000 0.40000
v -1.0900000 0.4784000 0.1379999 0.40000 0.40000 0.40000
v -1.0900000 0.8070970 -1.0601701 0.40000 0.40000 0.40000
v -1.0900000 0.7533720 -1.0236000 0.40000 0.40000 0.40000
v -1.0900000 0.4784000 0.1379999 0.40000 0.40000 0.40000
v -1.0900000 0.7533720 -1.0236000 0.40000 0.40000 0.40000
v -1.0900000 0.4140000 -0.8501751 0.40000 0.40000 0.40000
v -1.0900000 0.4784000 0.1379999 0.40000 0.40000 0.40000
v -1.0900000 0.4140000 -0.8501751 0.40000 0.40000 0.40000
v -1.0900001 0.4140000 0.8579559 0.40000 0.40000 0.40000
v -1.0900001 0.4784000 0.7911999 0.40000 0.40000 0.40000
v -1.0900001 0.4784000 0.7911999 0.40000 0.40000 0.40000
v -1.0900001 0.4140000 0.8579559 0.40000 0.40000 0.40000
v -1.0900001 0.8220000 1.0562000 0.40000 0.40000 0.40000
v -1.0900001 0.8924000 1.0027999 0.40000 0.40000 0.40000
v -1.0900001 0.4784000 0.7911999 0.40000 0.40000 0.40000
v -1.0900001 0.8220000 1.0562000 0.40000 0.40000 0.40000
v -1.0900001 0.8924000 1.0027999 0.40000 0.40000 0.40000
v -1.0900001 0.8220000 1.0562000 0.40000 0.40000 0.40000
v -1.0900001 0.9112180 1.1599600 0.40000 0.40000 0.40000
v -1.0900001 0.8924000 1.0027999 0.40000 0.40000 0.40000
v -1.0900001 0.9112180 1.1599600 0.40000 0.40000 0.40000
v -1.0900001 0.9649640 1.2880400 0.40000 0.40000 0.40000
v 1.0540002 0.4140000 -2.3183998 0.40000 0.40000 0.40000
v 1.0865301 0.4140000 -2.3059999 0.40000 0.40000 0.40000
v 1.0620002 0.4140000 -2.2834400 0.40000 0.40000 0.40000
v 1.0845101 2.5559700 -2.3041899 0.40000 0.40000 0.40000
v 1.0845099 2.5559700 1.3197901 0.40000 0.40000 0.40000
v 1.0581999 2.5559700 1.3297901 0.40000 0.40000 0.40000
v 1.0515700 2.5843699 1.2895600 0.40000 0.40000 0.40000
v 1.0539999 1.6192000 1.6100001 0.40000 0.40000 0.40000
v 1.0865299 1.6192000 1.5976000 0.40000 0.40000 0.40000
v -0.9605001 1.6238000 1.6086100 0.40000 0.40000 0.40000
v -1.0350001 1.6893400 1.5888700 0.40000 0.40000 0.40000
v -1.0440001 1.6192000 1.6100000 0.40000 0.40000 0.40000
v -0.0795001 2.3782001 1.3813000 0.40000 0.40000 0.40000
v -0.0050001 2.3126600 1.4010500 0.40000 0.40000 0.40000
v 0.0049999 2.3126600 1.4010500 0.40000 0.40000 0.40000
v -0.0795001 2.3782001 1.3813000 0.40000 0.40000 0.40000
v 0.0049999 2.3126600 1.4010500 0.40000 0.40000 0.40000
v 0.0794999 2.3782001 1.3813000 0.40000 0.40000 0.40000
v 0.0049999 1.6893400 1.5888700 0.40000 0.40000 0.40000
v 0.0049999 2.3126600 1.4010500 0.40000 0.40000 0.40000
v -0.0050001 2.3126600 1.4010500 0.40000 0.40000 0.40000
v 0.0049999 1.6893400 1.5888700 0.40000 0.40000 0.40000
v -0.0050001 2.3126600 1.4010500 0.40000 0.40000 0.40000
v -0.0050001 1.6893400 1.5888700 0.40000 0.40000 0.40000
v 0.0794999 1.6238000 1.6086100 0.40000 0.40000 0.40000
v 0.0049999 1.6893400 1.5888700 0.40000 0.40000 0.40000
v -0.0050001 1.6893400 1.5888700 0.40000 0.40000 0.40000
v 0.0794999 1.6238000 1.6086100 0.40000 0.40000 0.40000
v -0.0050001 1.6893400 1.5888700 0.40000 0.40000 0.40000
v -0.0795001 1.6238000 1.6086100 0.40000 0.40000 0.40000
v -1.0350001 2.3126600 1.4010499 0.40000 0.40000 0.40000
v -0.9605001 2.3782001 1.3812999 0.40000 0.40000 0.40000
v -0.0795001 2.3782001 1.3813000 0.40000 0.40000 0.40000
v 0.0794999 2.3782001 1.3813000 0.40000 0.40000 0.40000
v 0.9604999 2.3782001 1.3813000 0.40000 0.40000 0.40000
v 1.0349999 2.3126600 1.4010500 0.40000 0.40000 0.40000
v 1.0539999 1.6192000 1.6100001 0.40000 0.40000 0.40000
v 1.0349999 1.6893400 1.5888701 0.40000 0.40000 0.40000
v 0.9604999 1.6238000 1.6086101 0.40000 0.40000 0.40000
v -0.0795001 1.6238000 1.6086100 0.40000 0.40000 0.40000
v 0.0794999 1.6238000 1.6086100 0.40000 0.40000 0.40000
v -1.3883601 1.6406800 1.5389399 0.40000 0.40000 0.40000
v -1.3737300 1.6351399 1.5389499 0.40000 0.40000 0.40000
v -1.3846001 1.6458000 1.5424699 0.40000 0.40000 0.40000
v -1.3737300 1.6351399 1.5389499 0.40000 0.40000 0.40000
v -1.3737300 1.8976600 1.5389499 0.40000 0.40000 0.40000
v -1.2182700 1.8976600 1.5389499 0.40000 0.40000 0.40000
v -1.2021501 1.6386600 1.5226000 0.40000 0.40000 0.40000
v -1.2686600 1.6112300 1.5598599 0.40000 0.40000 0.40000
v -1.2686600 1.6112300 1.5874600 0.40000 0.40000 0.40000
v -1.3080001 1.7864400 1.5835799 0.40000 0.40000 0.40000
v -1.2754001 1.7864400 1.5835799 0.40000 0.40000 0.40000
v -1.0550000 1.2696000 0.1379999 0.40000 0.40000 0.40000
v -1.0550000 0.4784000 0.1379999 0.40000 0.40000 0.40000
v -1.0550000 0.4784000 0.7911999 0.40000 0.40000 0.40000
v -1.0550000 2.2227199 0.1931999 0.40000 0.40000 0.40000
v -1.0550000 2.3092000 0.2796800 0.40000 0.40000 0.40000
v -1.0550000 2.4012001 0.1987199 0.40000 0.40000 0.40000
v -1.0550000 0.8924000 1.0027999 0.40000 0.40000 0.40000
v -1.0550000 1.2420000 1.0027999 0.40000 0.40000 0.40000
v -1.0550000 1.6192000 0.1379999 0.40000 0.40000 0.40000
v -1.0550000 1.2696000 0.1379999 0.40000 0.40000 0.40000
v -1.0550000 1.2420000 1.0027999 0.40000 0.40000 0.40000
v -1.0550000 2.2227199 0.1931999 0.40000 0.40000 0.40000
v -1.0550000 2.4012001 0.1987199 0.40000 0.40000 0.40000
v -1.0550000 2.3965800 0.1754829 0.40000 0.40000 0.40000
v -1.0550000 2.4012001 0.1987199 0.40000 0.40000 0.40000
v -1.0550000 2.3092000 0.2796800 0.40000 0.40000 0.40000
v -1.0550000 2.3092000 0.8197199 0.40000 0.40000 0.40000
v -1.0550000 2.4012001 0.9420800 0.40000 0.40000 0.40000
v -1.0550000 2.4012001 0.1987199 0.40000 0.40000 0.40000
v -1.0550000 2.3092000 0.8197199 0.40000 0.40000 0.40000
v -1.0550000 2.4012001 0.9420800 0.40000 0.40000 0.40000
v -1.0550000 2.3092000 0.8197199 0.40000 0.40000 0.40000
v -1.0550000 2.2227199 0.9061999 0.40000 0.40000 0.40000
v -1.0550000 2.3965800 0.9653159 0.40000 0.40000 0.40000
v -1.0550000 2.4012001 0.9420800 0.40000 0.40000 0.40000
v -1.0550000 2.2227199 0.9061999 0.40000 0.40000 0.40000
v -1.0550000 2.3834200 0.9850149 0.40000 0.40000 0.40000
v -1.0550000 2.3965800 0.9653159 0.40000 0.40000 0.40000
v -1.0550000 2.2227199 0.9061999 0.40000 0.40000 0.40000
v -1.0550000 2.2227199 0.1931999 0.40000 0.40000 0.40000
v -1.0550000 2.3965800 0.1754829 0.40000 0.40000 0.40000
v -1.0550000 2.3834200 0.1557839 0.40000 0.40000 0.40000
v -1.0550000 2.3637199 0.9981779 0.40000 0.40000 0.40000
v -1.0550000 2.3834200 0.9850149 0.40000 0.40000 0.40000
v -1.0550000 2.2227199 0.9061999 0.40000 0.40000 0.40000
v -1.0550000 2.3637199 0.9981779 0.40000 0.40000 0.40000
v -1.0550000 2.2227199 0.9061999 0.40000 0.40000 0.40000
v -1.0550000 1.6826800 0.9061999 0.40000 0.40000 0.40000
v -1.0550000 2.2227199 0.1931999 0.40000 0.40000 0.40000
v -1.0550000 2.3834200 0.1557839 0.40000 0.40000 0.40000
v -1.0550000 2.3637199 0.1426219 0.40000 0.40000 0.40000
v -1.0550000 2.2227199 0.1931999 0.40000 0.40000 0.40000
v -1.0550000 2.3637199 0.1426219 0.40000 0.40000 0.40000
v -1.0550000 2.3404801 0.1379999 0.40000 0.40000 0.40000
v -1.0550000 2.2227199 0.1931999 0.40000 0.40000 0.40000
v -1.0550000 2.3404801 0.1379999 0.40000 0.40000 0.40000
v -1.0550000 1.6192000 0.1379999 0.40000 0.40000 0.40000
v -1.0550000 1.6826800 0.1931999 0.40000 0.40000 0.40000
v -1.0550000 2.2227199 0.1931999 0.40000 0.40000 0.40000
v -1.0550000 1.6192000 0.1379999 0.40000 0.40000 0.40000
v -1.0550000 1.5962000 0.2796800 0.40000 0.40000 0.40000
v -1.0550000 1.6826800 0.1931999 0.40000 0.40000 0.40000
v -1.0550000 1.6192000 0.1379999 0.40000 0.40000 0.40000
v -1.0550000 1.5962000 0.2796800 0.40000 0.40000 0.40000
v -1.0550000 1.6192000 0.1379999 0.40000 0.40000 0.40000
v -1.0550000 1.2420000 1.0027999 0.40000 0.40000 0.40000
v -1.0550000 1.5962000 0.8197199 0.40000 0.40000 0.40000
v -1.0550000 1.5962000 0.2796800 0.40000 0.40000 0.40000
v -1.0550000 1.2420000 1.0027999 0.40000 0.40000 0.40000
v -1.0550000 1.6826800 0.9061999 0.40000 0.40000 0.40000
v -1.0550000 2.3637199 0.9981779 0.40000 0.40000 0.40000
v -1.0550000 1.6826800 0.9061999 0.40000 0.40000 0.40000
v -1.0550000 1.2420000 1.0027999 0.40000 0.40000 0.40000
v -1.0550000 1.6192000 1.0027999 0.40000 0.40000 0.40000
v -1.0550000 2.3404801 1.0027999 0.40000 0.40000 0.40000
v -1.0550000 2.3637199 0.9981779 0.40000 0.40000 0.40000
v -1.0550000 1.2972000 1.0027999 0.40000 0.40000 0.40000
v -1.0550000 1.6192000 1.0027999 0.40000 0.40000 0.40000
v -1.0550000 2.3637199 0.9981779 0.40000 0.40000 0.40000
v -1.0550000 1.2696000 1.0027999 0.40000 0.40000 0.40000
v -1.0550000 1.2972000 1.0027999 0.40000 0.40000 0.40000
v -1.0550000 2.3637199 0.9981779 0.40000 0.40000 0.40000
v -1.0550000 1.2420000 1.0027999 0.40000 0.40000 0.40000
v -1.0550000 1.2696000 1.0027999 0.40000 0.40000 0.40000
v -1.0550000 2.3637199 0.9981779 0.40000 0.40000 0.40000
v 1.1000001 0.4140000 -0.8501750 0.40000 0.40000 0.40000
v 1.0620001 0.4140000 -0.8501750 0.40000 0.40000 0.40000
v -1.0900002 0.4140000 1.9588799 0.40000 0.40000 0.40000
v -1.0520002 0.4140000 1.9588799 0.40000 0.40000 0.40000
v -1.0520002 0.4692000 2.2926399 0.40000 0.40000 0.40000
v -1.0520002 0.4140000 2.2926399 0.40000 0.40000 0.40000
v -1.0520000 0.4140000 -0.8501751 0.40000 0.40000 0.40000
v -1.0520000 0.6900000 -1.0107600 0.40000 0.40000 0.40000
v -1.0520000 0.4692000 -0.8301480 0.40000 0.40000 0.40000
v -1.0520000 0.7452000 -0.9971561 0.40000 0.40000 0.40000
v -1.0520000 0.4692000 -0.8301480 0.40000 0.40000 0.40000
v -1.0520000 0.6900000 -1.0107600 0.40000 0.40000 0.40000
v -1.0519999 0.4140000 -2.2834402 0.40000 0.40000 0.40000
v 1.0620002 0.4140000 -2.2834400 0.40000 0.40000 0.40000
v -1.0519999 0.4692000 -2.2834402 0.40000 0.40000 0.40000
v 1.0620002 0.4692000 -2.2834400 0.40000 0.40000 0.40000
v 1.0620001 0.4140000 -0.8501750 0.40000 0.40000 0.40000
v 1.0620001 0.4692000 -0.8301479 0.40000 0.40000 0.40000
v 1.0620001 0.6900000 -1.0107599 0.40000 0.40000 0.40000
v 1.0620001 0.7452000 -0.9971560 0.40000 0.40000 0.40000
v 1.0620001 0.6900000 -1.0107599 0.40000 0.40000 0.40000
v 1.0620001 0.4692000 -0.8301479 0.40000 0.40000 0.40000
v 1.0619999 0.4692000 1.9919100 0.40000 0.40000 0.40000
v 0.5509399 0.4692000 1.9919100 0.40000 0.40000 0.40000
v -1.0520001 0.4692000 0.8249279 0.40000 0.40000 0.40000
v -0.5409400 0.4692000 0.8249280 0.40000 0.40000 0.40000
v -1.0519999 0.4692000 -1.8715500 0.40000 0.40000 0.40000
v -0.5409399 0.4692000 -1.8715500 0.40000 0.40000 0.40000
v 0.5509399 0.4692000 1.9919100 0.40000 0.40000 0.40000
v -0.5409401 0.4692000 1.9919099 0.40000 0.40000 0.40000
v 1.1234701 0.3712580 -2.1863200 0.40000 0.40000 0.40000
v 1.1269901 0.3886400 -2.1828899 0.40000 0.40000 0.40000
v -1.1269898 0.3886400 -2.1828900 0.40000 0.40000 0.40000
v -1.1234698 0.3712580 -2.1863201 0.40000 0.40000 0.40000
v -1.1195999 0.4119500 -2.1894401 0.40000 0.40000 0.40000
v 1.1196002 0.4119500 -2.1894399 0.40000 0.40000 0.40000
v -1.1252902 0.4043400 2.1893300 0.40000 0.40000 0.40000
v 1.1252899 0.4013450 2.3389700 0.40000 0.40000 0.40000
v 1.1252899 0.4942630 2.4210201 0.40000 0.40000 0.40000
v 1.1252899 0.4013450 2.3389700 0.40000 0.40000 0.40000
v 1.1309999 0.4942630 2.4083300 0.40000 0.40000 0.40000
v 1.1233798 0.6793140 2.1910902 0.40000 0.40000 0.40000
v -1.1233801 0.3934060 2.1910900 0.40000 0.40000 0.40000
v -1.1252902 0.4013450 2.3389699 0.40000 0.40000 0.40000
v -1.1238201 0.3917740 2.3306600 0.40000 0.40000 0.40000
v -1.1115002 0.3899560 2.3314900 0.40000 0.40000 0.40000
v -1.1252902 0.4013450 2.3389699 0.40000 0.40000 0.40000
v -0.5050001 0.7406000 2.3276000 0.40000 0.40000 0.40000
v 0.5049999 0.7406000 2.3276000 0.40000 0.40000 0.40000
v -0.5050001 0.7406000 2.2788400 0.40000 0.40000 0.40000
v 0.5049999 0.7406000 2.2788401 0.40000 0.40000 0.40000
v -0.6450001 0.7682000 2.3276000 0.40000 0.40000 0.40000
v -0.6450001 1.1914001 2.3276000 0.40000 0.40000 0.40000
v -0.6450001 0.7682000 2.3156399 0.40000 0.40000 0.40000
v -0.6450001 1.1914001 2.3156399 0.40000 0.40000 0.40000
v 0.8624999 0.4646000 1.3271001 0.40000 0.40000 0.40000
v 0.8624999 0.2668000 1.5004601 0.40000 0.40000 0.40000
v 0.8624999 0.2668000 1.3607400 0.40000 0.40000 0.40000
v -0.3215451 0.5042690 1.5341000 0.40000 0.40000 0.40000
v -0.3215451 0.5042690 1.3271000 0.40000 0.40000 0.40000
v -0.8624999 0.4646000 -1.4559000 0.40000 0.40000 0.40000
v -0.8624999 0.2668000 -1.2825400 0.40000 0.40000 0.40000
v -0.8624999 0.2668000 -1.4222601 0.40000 0.40000 0.40000
v 0.6075002 0.5244000 -2.3469200 0.40000 0.40000 0.40000
v 0.6075002 0.7176000 -2.3469200 0.40000 0.40000 0.40000
v 0.3146001 0.5244000 -2.3469200 0.40000 0.40000 0.40000
v 0.3146001 0.5244000 -2.3326599 0.40000 0.40000 0.40000
v 0.3146001 0.7176000 -2.3469200 0.40000 0.40000 0.40000
v 0.3146001 0.7176000 -2.3326599 0.40000 0.40000 0.40000
v 1.3883599 1.8921200 1.5389400 0.40000 0.40000 0.40000
v 1.3737299 1.8976600 1.5389500 0.40000 0.40000 0.40000
v 1.3883599 1.8921200 1.5389400 0.40000 0.40000 0.40000
v 1.3749999 1.8997999 1.5322600 0.40000 0.40000 0.40000
v 1.2021499 1.8941400 1.5226001 0.40000 0.40000 0.40000
v 1.2753999 1.6261899 1.5598601 0.40000 0.40000 0.40000
v 1.3079999 1.5962000 1.5598601 0.40000 0.40000 0.40000
v 1.2686599 1.6112300 1.5598601 0.40000 0.40000 0.40000
v 1.3012599 1.5812401 1.5598601 0.40000 0.40000 0.40000
v 1.2686599 1.6112300 1.5598601 0.40000 0.40000 0.40000
v 1.3079999 1.5962000 1.5598601 0.40000 0.40000 0.40000
v -1.0765301 1.2818400 2.2903900 0.40000 0.40000 0.40000
v -1.0900002 1.2821900 2.2604698 0.40000 0.40000 0.40000
v 1.0999999 1.6192000 1.5676801 0.40000 0.40000 0.40000
v 1.0865299 1.6192000 1.5976000 0.40000 0.40000 0.40000
v 1.0999999 1.2821900 2.2604700 0.40000 0.40000 0.40000
v 1.0865298 1.2818400 2.2903901 0.40000 0.40000 0.40000
v 0.6075002 2.4103999 -2.3183999 0.40000 0.40000 0.40000
v -0.6074999 2.4103999 -2.3183999 0.40000 0.40000 0.40000
v 0.6075002 0.7176000 -2.3183999 0.40000 0.40000 0.40000
v 1.0540002 0.4140000 -2.3183998 0.40000 0.40000 0.40000
v -0.6074999 0.7176000 -2.3183999 0.40000 0.40000 0.40000
v -1.0439999 0.4140000 -2.3184000 0.40000 0.40000 0.40000
v -1.0482001 2.5559700 1.3297899 0.40000 0.40000 0.40000
v -1.0745101 2.5559700 1.3197899 0.40000 0.40000 0.40000
v -1.2182700 1.6351399 1.5389499 0.40000 0.40000 0.40000
v -1.3737300 1.6351399 1.5389499 0.40000 0.40000 0.40000
v -1.3898501 1.6386600 1.5226000 0.40000 0.40000 0.40000
v -1.3012601 1.5812401 1.5598599 0.40000 0.40000 0.40000
v -1.3012601 1.5812401 1.5874600 0.40000 0.40000 0.40000
v -1.0900001 1.6050299 1.5874600 0.40000 0.40000 0.40000
v -1.0900001 1.6050299 1.5598599 0.40000 0.40000 0.40000
vn -0.1303042 -0.1341571 0.9823557
vn -0.0000001 0.0000000 1.0000000
vn -0.2692562 -0.0068268 0.9630444
vn -0.2891574 0.0065186 0.9572594
vn -0.1316868 0.1426518 0.9809735
vn -0.0067674 0.2069241 0.9783336
vn 0.0064933 0.2222237 0.9749741
vn 0.1303133 0.1341572 0.9823545
vn 0.2692567 0.0068268 0.9630442
vn 0.2891566 -0.0065186 0.9572596
vn 0.1303041 -0.1341571 0.9823557
vn 0.0067672 -0.2069241 0.9783336
vn -0.0064933 -0.2222236 0.9749741
vn 0.1303040 -0.1341571 0.9823557
vn 0.2692561 -0.0068268 0.9630444
vn -0.0000001 0.0000000 1.0000000
vn 0.2891572 0.0065186 0.9572594
vn 0.1303132 0.1341572 0.9823545
vn 0.0067673 0.2069241 0.9783336
vn -0.0064934 0.2222237 0.9749741
vn -0.1303134 0.1341572 0.9823544
vn -0.2692568 0.0068268 0.9630442
vn -0.2891567 -0.0065186 0.9572596
vn -0.1303042 -0.1341571 0.9823557
vn -0.0067673 -0.2069241 0.9783336
vn 0.0064932 -0.2222236 0.9749741
vn -0.0000000 -0.7832625 0.6216911
vn -0.0000001 -0.4785919 0.8780375
vn -0.0000000 -0.6947661 0.7192357
vn -0.0000001 -0.3499582 0.9367653
vn 0.0000001 -0.4495930 -0.8932336
vn 0.0000001 -0.4197699 -0.9076306
vn 0.0000001 -0.3260817 -0.9453416
vn 0.0000001 -0.4770376 -0.8788829
vn 0.0000001 -0.2813220 -0.9596134
vn 0.0000001 -0.1165206 -0.9931883
vn 0.0000001 -0.1991279 -0.9799735
vn 0.0000001 -0.1165206 -0.9931883
vn 0.0000001 -0.5029009 -0.8643441
vn 0.0000001 -0.4770376 -0.8788829
vn 0.0000001 -0.5029009 -0.8643441
vn 0.0000001 -0.4197699 -0.9076306
vn 0.0000001 0.0000000 -1.0000000
vn 0.0000001 0.0000000 -1.0000000
vn 0.0000001 0.0000000 -1.0000000
vn 0.0000001 0.0000000 -1.0000000
vn 1.0000000 0.0000000 0.0000001
vn 1.0000000 0.0000000 0.0000001
vn 1.0000000 0.0000000 0.0000001
vn 1.0000000 0.0000000 0.0000001
vn 1.0000000 0.0000000 0.0000001
vn 1.0000000 0.0000000 0.0000001
vn 1.0000000 0.0000000 0.0000001
vn 1.0000000 0.0000000 0.0000001
vn -1.0000000 0.0000000 -0.0000001
vn -1.0000000 0.0000000 -0.0000001
vn -1.0000000 0.0000000 -0.0000001
vn -1.0000000 0.0000000 -0.0000001
vn -1.0000000 0.0000000 -0.0000001
vn -1.0000000 0.0000000 -0.0000001
vn 0.0000001 -0.2967607 -0.9549519
vn 0.0000001 -0.1234143 -0.9923552
vn 0.0000001 -0.2105670 -0.9775794
vn 0.0000001 -0.1234143 -0.9923552
vn -0.0000000 -0.8888118 0.4582725
vn -0.0000000 -0.5914075 0.8063728
vn -0.0000000 -0.8374096 0.5465759
vn -0.0000001 -0.5054491 0.8628564
vn -0.0000001 -0.4932083 0.8699113
vn -0.0000001 -0.4178272 0.9085265
vn -0.0000001 -0.3622116 0.9320959
vn -0.0000001 -0.4692823 0.8830482
vn 0.0000000 -0.9525419 -0.3044074
vn 0.0000000 -0.7708296 -0.6370414
vn 0.0000000 -0.9063021 -0.4226305
vn 0.0000000 -0.6801546 -0.7330687
vn 0.0000000 -1.0000000 0.0000000
vn 0.0000000 -1.0000000 0.0000000
vn 0.0000000 -1.0000000 0.0000000
vn 0.0000000 -1.0000000 0.0000000
vn 0.0030305 -0.9978787 0.0650300
vn 0.0718712 -0.9302777 0.3597471
vn -0.0219590 -0.9136522 0.4059032
vn -0.0036601 -0.9998308 0.0180257
vn 0.0000001 0.0138433 -0.9999042
vn 0.0000001 0.1563730 -0.9876981
vn 0.0000001 0.1120376 -0.9937040
vn 0.0000001 0.0040810 -0.9999917
vn -0.0000001 0.0138433 0.9999042
vn -0.0000001 0.1563730 0.9876981
vn -0.0000001 0.1120376 0.9937040
vn -0.0000001 0.0040810 0.9999917
vn -0.0000001 0.0051613 0.9999867
vn -0.0000001 -0.1490886 0.9888238
vn -0.0000001 -0.2636918 0.9646070
vn -0.0000001 -0.2493807 0.9684055
vn -0.9944661 -0.0976945 -0.0386391
vn -0.9994441 -0.0000000 -0.0333397
vn -0.9152329 -0.0361394 -0.4013012
vn -0.9119327 0.0000000 -0.4103398
vn 0.0020711 -0.0940145 -0.9955687
vn 0.0025685 0.0000000 -0.9999967
vn 0.3476405 -0.0340376 -0.9370099
vn 0.3558106 0.0000000 -0.9345581
vn 0.3595266 -0.6176515 0.6994621
vn 0.3595266 -0.6176515 0.6994621
vn 0.3595266 -0.6176515 0.6994621
vn 0.0010292 -0.6371952 0.7707018
vn 0.0018150 -0.6724985 0.7400963
vn 0.2815314 -0.6114653 0.7394932
vn 0.0023469 0.0176222 -0.9998420
vn 0.0014495 0.3820379 -0.9241455
vn 0.3461758 0.0399534 -0.9373186
vn 0.1707163 0.1855876 -0.9676844
vn -0.9161580 -0.3976383 -0.0503817
vn -0.9592994 -0.1997185 -0.1996425
vn -0.0022449 -0.4036052 0.9149305
vn -0.3288437 -0.3817959 0.8637671
vn -0.0020514 -0.6371496 0.7707374
vn -0.2815315 -0.6114653 0.7394932
vn -0.0044328 -0.9996172 0.0273086
vn -0.0011773 -0.9991287 -0.0417196
vn 0.0022294 -0.9996226 0.0273816
vn 0.0023473 -0.9991266 -0.0417195
vn 1.0000000 0.0000000 0.0000001
vn 1.0000000 0.0000000 0.0000001
vn 1.0000000 0.0000000 0.0000001
vn 1.0000000 0.0000000 0.0000001
vn 0.0000000 1.0000000 0.0000000
vn 0.0000000 1.0000000 0.0000000
vn 0.0000000 1.0000000 0.0000000
vn 0.0000000 1.0000000 0.0000000
vn -0.0000000 1.0000000 -0.0000000
vn -0.0000000 1.0000000 -0.0000000
vn -0.0731351 0.9973220 -0.0000000
vn -0.0731351 0.9973220 -0.0000000
vn 0.0000001 -0.4382276 -0.8988641
vn 0.0000001 -0.2445184 -0.9696447
vn 0.0174696 -0.4381607 -0.8987269
vn 0.0154459 -0.1222440 -0.9923799
vn 0.3621281 -0.9321284 0.0000000
vn 0.3621281 -0.9321284 0.0000000
vn 0.0716718 -0.9974283 0.0000000
vn -0.0716725 -0.9974282 -0.0000000
vn 0.3621281 0.9321284 0.0000000
vn 0.3621281 0.9321284 0.0000000
vn 0.0716718 0.9974283 0.0000000
vn -0.0716725 0.9974282 -0.0000000
vn 0.0731351 0.9973220 0.0000000
vn 0.3621281 0.9321283 0.0000000
vn 0.0731351 0.9973220 0.0000000
vn 0.3621281 0.9321283 0.0000000
vn 0.0940411 0.9955683 0.0000000
vn 0.0940411 0.9955683 0.0000000
vn -0.0230910 -0.2444532 -0.9693861
vn 0.0000001 0.0000000 -1.0000000
vn 0.0200548 -0.1281353 -0.9915539
vn 0.0000001 0.0000000 -1.0000000
vn -0.0940413 -0.9955683 -0.0000000
vn -0.0940413 -0.9955683 -0.0000000
vn 0.0940411 -0.9955683 0.0000000
vn 0.0940411 -0.9955683 0.0000000
vn -0.0482538 -0.1376603 -0.9893034
vn 0.0000001 -0.1024583 -0.9947373
vn 0.0000001 0.0000000 -1.0000000
vn 0.0000001 0.0000000 -1.0000000
vn -0.0482536 -0.1376610 0.9893033
vn -0.0000001 0.0000000 1.0000000
vn -0.0000001 -0.1024583 0.9947373
vn -0.0000001 0.0000000 1.0000000
vn -0.0482539 -0.1376603 0.9893034
vn -0.1796842 -0.4310951 0.8842345
vn -0.0154459 -0.1222438 0.9923799
vn -0.0174696 -0.4381607 0.8987269
vn -0.0731351 -0.9973220 -0.0000000
vn -0.3621307 -0.9321273 -0.0000000
vn -0.0731351 -0.9973220 -0.0000000
vn -0.3621307 -0.9321273 -0.0000000
vn -0.0000001 0.0000000 1.0000000
vn -0.0000001 0.0000000 1.0000000
vn -0.0000001 0.0000000 1.0000000
vn -0.0000001 0.0000000 1.0000000
vn 0.0000001 0.0000000 -1.0000000
vn 0.0000001 0.0000000 -1.0000000
vn 0.0000001 0.0000000 -1.0000000
vn 0.0000001 0.0000000 -1.0000000
vn -0.0000000 -0.9999953 0.0030597
vn -0.0000000 -0.9472024 0.3206364
vn -0.0000000 -0.9999316 0.0116981
vn -0.0000000 -0.8965779 0.4428861
vn 0.0000001 0.0000000 -1.0000000
vn 0.0000001 0.0000000 -1.0000000
vn 0.0000001 0.0000000 -1.0000000
vn 0.0000001 0.0000000 -1.0000000
vn 0.0000100 -0.8965777 -0.4428864
vn 0.0000057 -0.9472008 -0.3206409
vn 0.0000001 -0.9999316 -0.0116981
vn 0.0000000 -0.9999953 -0.0030597
vn -0.9045523 0.0183081 0.4259694
vn -0.8029932 -0.0200405 0.5956511
vn 0.1774227 0.4669727 0.8662896
vn 0.1774227 0.4669727 0.8662896
vn 0.1774227 0.4669727 0.8662896
vn 0.1739922 0.4641961 0.8684749
vn -0.9999144 0.0130846 -0.0000001
vn -0.9932437 0.0475401 0.1058627
vn -0.9118459 0.4105328 -0.0000001
vn -0.9037797 0.4069012 0.1327162
vn 0.0000001 0.0000000 -1.0000000
vn 0.0000001 0.0000000 -1.0000000
vn 0.0000001 0.0000000 -1.0000000
vn 0.0000001 0.0000000 -1.0000000
vn 0.0000001 0.0000000 -1.0000000
vn 0.0000001 0.0000000 -1.0000000
vn -0.0000000 0.9868841 0.1614304
vn -0.0000000 0.9868841 0.1614304
vn 0.0000000 1.0000000 0.0000000
vn 0.0000000 1.0000000 0.0000000
vn 0.1646109 0.8868035 0.4318365
vn 0.1626493 0.8870582 0.4320566
vn 0.1640604 0.8849574 0.4358148
vn 0.1662151 0.8792159 0.4464885
vn -0.0000000 0.6083612 0.7936603
vn -0.0000001 0.0751875 0.9971694
vn -0.0000001 0.4469310 0.8945685
vn -0.0000001 0.0349888 0.9993877
vn 0.0000001 0.0000000 -1.0000000
vn 0.0000001 0.0000000 -1.0000000
vn 0.0000001 0.0000000 -1.0000000
vn 0.0000001 0.0000000 -1.0000000
vn -0.9999848 0.0000000 -0.0055115
vn -0.9999799 0.0034898 -0.0052913
vn -0.9118529 0.0000000 -0.4105170
vn -0.9118341 0.0048692 -0.4105299
vn -0.0000000 1.0000000 -0.0000000
vn -0.0000000 1.0000000 -0.0000000
vn -0.0000000 1.0000000 -0.0000000
vn -0.0000000 1.0000000 -0.0000000
vn -0.2684272 0.6548300 -0.7065016
vn -0.5040198 0.7410403 -0.4436477
vn -0.1519465 0.9038391 -0.3999839
vn -0.3048440 0.8926381 -0.3320653
vn 0.0000000 0.8943885 -0.4472910
vn 0.0000000 0.6611371 -0.7502651
vn 0.0000000 0.7523961 -0.6587110
vn 0.0000000 0.9623014 -0.2719853
vn 0.0000000 1.0000000 0.0000000
vn 0.0000000 1.0000000 0.0000000
vn -0.3428575 0.2710145 0.8994442
vn -0.3430218 0.2693705 0.8998753
vn -0.3428575 0.2710145 0.8994442
vn -0.3434180 0.2652059 0.9009606
vn 0.3546179 0.9304137 0.0926091
vn 0.0170022 0.9913179 0.1303829
vn 0.3348809 0.8786296 0.3403893
vn 0.3327264 0.8780356 0.3440155
vn 0.3327264 0.8780356 0.3440155
vn 0.3327264 0.8780356 0.3440155
vn -0.9086343 0.4090868 0.0838552
vn -0.9943222 0.0180287 0.1048726
vn -0.8660717 0.3864642 0.3171201
vn -0.8029952 0.0200399 0.5956485
vn 0.0491051 -0.9908589 0.1256479
vn -0.0170022 -0.9913179 0.1303829
vn 0.0171048 -0.9998537 0.0000000
vn -0.0601990 -0.9981864 -0.0000000
vn 0.0000001 0.0000000 -1.0000000
vn 0.0000001 0.0000000 -1.0000000
vn 0.0000001 0.0000000 -1.0000000
vn 0.0000001 -0.0000000 -1.0000000
vn 0.0000001 -0.0000000 -1.0000000
vn 0.0000001 -0.0000000 -1.0000000
vn -0.0000000 -0.9998580 0.0168488
vn -0.0000000 -0.9559887 0.2934034
vn -0.0000000 -0.9986172 0.0525708
vn -0.0000000 -0.9126577 0.4087247
vn 0.0000000 -0.9489579 -0.3154027
vn 0.0000000 -0.7584010 -0.6517883
vn 0.0000000 -0.8997796 -0.4363446
vn 0.0000000 -0.6657021 -0.7462176
vn 0.0000000 -0.7145347 -0.6996000
vn 0.0000001 -0.5121410 -0.8589014
vn 0.0000000 -0.6506536 -0.7593747
vn 0.0000001 -0.4376462 -0.8991473
vn -0.0000000 -0.5689919 0.8223432
vn -0.0000001 -0.4370334 0.8994453
vn -0.0000001 -0.4836832 0.8752432
vn -0.0000001 -0.4370334 0.8994453
vn -1.0000000 0.0000000 -0.0000001
vn -1.0000000 0.0000000 -0.0000001
vn -1.0000000 0.0000000 -0.0000001
vn -1.0000000 -0.0000000 -0.0000001
vn 1.0000000 -0.0000000 0.0000001
vn 1.0000000 -0.0000000 0.0000001
vn 1.0000000 -0.0000000 0.0000001
vn 1.0000000 -0.0000000 0.0000001
vn 1.0000000 -0.0000000 0.0000001
vn 1.0000000 -0.0000000 0.0000001
vn 1.0000000 0.0000000 0.0000001
vn 1.0000000 0.0000000 0.0000001
vn 1.0000000 0.0000000 0.0000001
vn 1.0000000 0.0000000 0.0000001
vn 1.0000000 0.0000000 0.0000001
vn 1.0000000 0.0000000 0.0000001
vn -1.0000000 0.0000000 -0.0000001
vn -1.0000000 0.0000000 -0.0000001
vn -1.0000000 0.0000000 -0.0000001
vn -1.0000000 -0.0000000 -0.0000001
vn -1.0000000 -0.0000000 -0.0000001
vn -1.0000000 -0.0000000 -0.0000001
vn 0.0000000 -0.7345944 -0.6785065
vn 0.0000001 -0.5342545 -0.8453237
vn 0.0000000 -0.6723188 -0.7402618
vn 0.0000001 -0.4584998 -0.8886945
vn 0.0000000 -0.9990218 -0.0442211
vn -0.0000000 -0.9774328 0.2112466
vn -0.0000000 -0.9990218 0.0442201
vn -0.0000000 -0.9568453 0.2905977
vn -0.0000000 -0.9591031 0.2830569
vn -0.0000000 -0.7949454 0.6066809
vn -0.0000000 -0.9184577 0.3955191
vn -0.0000000 -0.7087604 0.7054493
vn -0.0000000 -0.9987213 0.0505555
vn 0.0000000 -0.9998669 -0.0163177
vn -0.0000000 -0.9998688 0.0162011
vn 0.0000000 -0.9986623 -0.0517070
vn 0.0000000 -1.0000000 0.0000000
vn 0.0000000 -1.0000000 0.0000000
vn 0.0219590 0.9136522 0.4059032
vn 0.0718713 0.9302777 -0.3597471
vn 0.0036601 0.9998308 0.0180257
vn 0.0030305 0.9978787 -0.0650300
vn -0.0030305 -0.9978787 -0.0650300
vn 0.0036601 -0.9998308 -0.0180257
vn -0.0000001 -0.1563925 0.9876950
vn -0.0000001 -0.1120446 0.9937032
vn 0.0000001 0.0051613 -0.9999867
vn 0.0000001 -0.1490886 -0.9888238
vn 0.0000001 -0.2636918 -0.9646070
vn 0.0000001 -0.2493807 -0.9684055
vn -0.9997459 0.0000000 -0.0225433
vn -0.9995104 0.0191591 -0.0247355
vn -0.9119327 0.0000000 -0.4103398
vn -0.9156767 0.0424271 -0.3996699
vn 0.0014484 0.9240775 0.3822025
vn 0.0045418 0.9997334 0.0226375
vn -0.0011780 0.9997400 0.0227695
vn -0.0028820 0.9242353 0.3818126
vn 0.9997963 0.0000000 -0.0201846
vn 0.9996364 -0.0000000 -0.0269641
vn 0.9995578 -0.0193894 0.0225452
vn 0.9996719 -0.0103554 0.0234278
vn 0.9936210 -0.0908824 -0.0667661
vn 0.9161580 -0.3976383 -0.0503816
vn 0.9169530 -0.0650465 -0.3936574
vn 0.9592995 -0.1997185 -0.1996424
vn 0.0014092 -0.8769470 0.4805851
vn 0.3178359 -0.7584898 0.5689232
vn 0.1471323 -0.6612584 0.7355878
vn 0.1471323 -0.6612584 0.7355878
vn 0.1471323 -0.6612584 0.7355878
vn -0.9996719 -0.0103554 0.0234277
vn -0.9048568 -0.1243402 0.4071531
vn -0.9996609 -0.0004949 0.0260367
vn -0.9119079 -0.0077992 0.4103208
vn -0.9119327 0.0000000 -0.4103398
vn -0.9996364 0.0000000 -0.0269642
vn -1.0000000 0.0000000 -0.0000001
vn -1.0000000 0.0000000 -0.0000001
vn -1.0000000 0.0000000 -0.0000001
vn -1.0000000 0.0000000 -0.0000001
vn -1.0000000 0.0000000 -0.0000001
vn -1.0000000 0.0000000 -0.0000001
vn -1.0000000 0.0000000 -0.0000001
vn -1.0000000 0.0000000 -0.0000001
vn -0.0000000 1.0000000 -0.0000000
vn -0.0000000 1.0000000 -0.0000000
vn -0.0321192 -0.4380015 -0.8984003
vn -0.0179279 -0.2444791 -0.9694888
vn 0.0000001 -0.4382276 -0.8988641
vn 0.0000001 -0.1024583 -0.9947373
vn 0.1796834 -0.4310952 -0.8842346
vn 0.0482536 -0.1376610 -0.9893033
vn 0.0000001 -0.4382276 -0.8988641
vn 0.0000001 -0.1024583 -0.9947373
vn -0.0482534 -0.1376610 -0.9893033
vn 0.0000001 -0.1024583 -0.9947373
vn 0.0000001 0.0000000 -1.0000000
vn 0.0000001 0.0000000 -1.0000000
vn -0.0000001 0.0000000 1.0000000
vn -0.0482537 -0.1376615 0.9893032
vn -0.0000001 0.0000000 1.0000000
vn -0.0200548 -0.1281355 0.9915539
vn -0.0482534 -0.1376599 -0.9893035
vn 0.0000001 0.0000000 -1.0000000
vn 0.0000001 0.0000000 -1.0000000
vn -0.0000000 1.0000000 -0.0000000
vn -0.0000000 1.0000000 -0.0000000
vn -0.0731351 0.9973220 -0.0000000
vn -0.0731351 0.9973220 -0.0000000
vn 0.0000001 -0.4382276 -0.8988641
vn 0.0000001 -0.2445184 -0.9696447
vn 0.0174696 -0.4381607 -0.8987269
vn 0.0154459 -0.1222440 -0.9923799
vn 0.3621255 -0.9321294 0.0000000
vn 0.3621255 -0.9321294 0.0000000
vn 0.0716718 -0.9974283 0.0000000
vn -0.0716725 -0.9974282 -0.0000000
vn 0.3621281 0.9321284 0.0000000
vn 0.3621281 0.9321284 0.0000000
vn 0.0716718 0.9974283 0.0000000
vn -0.0716725 0.9974282 -0.0000000
vn 0.0731351 0.9973220 0.0000000
vn 0.3621307 0.9321273 0.0000000
vn 0.0731351 0.9973220 0.0000000
vn 0.3621307 0.9321273 0.0000000
vn 0.0940413 0.9955683 0.0000000
vn 0.0940413 0.9955683 0.0000000
vn 0.0000001 0.0000000 -1.0000000
vn 0.0000001 0.0000000 -1.0000000
vn 0.0000001 0.0000000 -1.0000000
vn 0.0000001 0.0000000 -1.0000000
vn -0.0000000 1.0000000 -0.0000000
vn -0.0000000 1.0000000 -0.0000000
vn -0.0000128 -0.8965777 -0.4428864
vn -0.0000002 -0.9999316 -0.0116981
vn -0.0000073 -0.9472008 -0.3206409
vn 0.0000000 -0.9999953 -0.0030597
vn 0.0000001 0.0000000 -1.0000000
vn 0.0000001 0.0000000 -1.0000000
vn 0.0000001 0.0000000 -1.0000000
vn 0.0000001 0.0000000 -1.0000000
vn 0.0000001 0.0000000 -1.0000000
vn 0.0000001 0.0000000 -1.0000000
vn -0.0000000 -0.8965779 0.4428861
vn -0.0000000 -0.9472024 0.3206364
vn -0.0000000 -0.9999316 0.0116981
vn -0.0000000 -0.9999953 0.0030597
vn 0.4889305 -0.2132237 0.8458621
vn 0.4925891 -0.2189620 0.8422657
vn -0.1774240 -0.4669719 0.8662898
vn -0.1774240 -0.4669719 0.8662898
vn -0.1774240 -0.4669719 0.8662898
vn -0.1739858 -0.4641892 0.8684799
vn 0.0171048 0.9998537 0.0000000
vn 0.0491051 0.9908589 0.1256479
vn 0.3561485 0.9344294 0.0000000
vn 0.3523112 0.9243614 0.1463996
vn -0.0000001 0.0000000 1.0000000
vn -0.0000001 0.0000000 1.0000000
vn -0.0000001 0.0000000 1.0000000
vn -0.0000001 0.0000000 1.0000000
vn -0.0000001 0.0000000 1.0000000
vn -0.0000001 0.0000000 1.0000000
vn -0.0000001 0.0457018 0.9989551
vn -0.0000001 0.0000000 1.0000000
vn -0.0000001 0.0113736 0.9999353
vn -0.0000001 0.0000000 1.0000000
vn -1.0000000 -0.0000000 -0.0000001
vn -1.0000000 -0.0000000 -0.0000001
vn -1.0000000 -0.0000000 -0.0000001
vn -0.9999413 0.0065490 0.0086367
vn 1.0000000 0.0000000 0.0000001
vn 1.0000000 -0.0000000 0.0000001
vn 1.0000000 -0.0000000 0.0000001
vn 1.0000000 -0.0000000 0.0000001
vn 0.3561848 0.0000000 -0.9344155
vn 0.3561848 0.0000000 -0.9344155
vn 0.3561848 0.0000000 -0.9344155
vn 0.3561848 0.0000000 -0.9344155
vn 0.0000000 -1.0000000 -0.0000000
vn 0.0000000 -1.0000000 0.0000000
vn 0.0000000 -1.0000000 0.0000000
vn 0.0000000 -1.0000000 0.0000000
vn -1.0000000 0.0000000 -0.0000001
vn -1.0000000 0.0000000 -0.0000001
vn -1.0000000 0.0000000 -0.0000001
vn -1.0000000 0.0000000 -0.0000001
vn -0.4168475 0.9089762 -0.0006735
vn -0.7209848 0.6929502 -0.0010027
vn -0.6266666 0.7792854 0.0017994
vn -0.2516653 0.9678140 0.0008111
vn 0.0000001 0.3221131 -0.9467012
vn 0.0000001 0.4447550 -0.8956523
vn 0.2931583 0.5649388 -0.7712991
vn 0.2684273 0.6548300 -0.7065016
vn 0.2931040 0.5648538 -0.7713821
vn 0.5040199 0.7410403 -0.4436477
vn -0.9049556 0.1227591 0.4074133
vn -0.9049517 0.1227579 0.4074223
vn -0.9992916 0.0108572 0.0360329
vn -0.9989749 0.0427945 0.0147578
vn 0.9037797 0.4069012 0.1327163
vn 0.8660717 0.3864642 0.3171202
vn 0.9932437 0.0475401 0.1058628
vn 0.9045523 0.0183081 0.4259695
vn 0.9086356 -0.4090839 0.0838551
vn 0.9943232 -0.0180289 0.1048638
vn 0.8660938 -0.3866145 0.3168767
vn 0.8029931 -0.0200405 0.5956512
vn -0.0491051 0.9908589 0.1256479
vn -0.0171048 0.9998537 -0.0000000
vn 0.0601990 0.9981864 0.0000000
vn 0.0000000 -1.0000000 0.0000000
vn 0.0000000 -1.0000000 0.0000000
vn -0.0152596 -0.9998836 -0.0000000
vn -0.0544206 -0.9985181 -0.0000000
vn 0.0000000 -1.0000000 0.0000000
vn 0.0000000 -1.0000000 0.0000000
vn 0.0000000 -1.0000000 0.0000000
vn 0.0000000 -1.0000000 0.0000000
vn -1.0000000 0.0000000 -0.0000001
vn -1.0000000 0.0000000 -0.0000001
vn 1.0000000 0.0000000 0.0000001
vn 1.0000000 0.0000000 0.0000001
vn 1.0000000 0.0000000 0.0000001
vn 1.0000000 -0.0000000 0.0000001
vn 1.0000000 -0.0000000 0.0000001
vn 1.0000000 -0.0000000 0.0000001
vn 1.0000000 0.0000000 0.0000001
vn 1.0000000 0.0000000 0.0000001
vn 1.0000000 0.0000000 0.0000001
vn 1.0000000 0.0000000 0.0000001
vn -1.0000000 -0.0000000 -0.0000001
vn -1.0000000 -0.0000000 -0.0000001
vn -1.0000000 -0.0000000 -0.0000001
vn -1.0000000 0.0000000 -0.0000001
vn -1.0000000 0.0000000 -0.0000001
vn -1.0000000 0.0000000 -0.0000001
vn 0.0000000 -1.0000000 0.0000000
vn 0.0000000 -1.0000000 0.0000000
vn 0.9853374 -0.1706169 0.0000001
vn 0.9999699 -0.0077652 0.0000001
vn 0.9801050 0.1984798 0.0000001
vn 0.9801050 0.1984798 0.0000001
vn -0.0030305 0.9978787 0.0650300
vn -0.0036601 0.9998308 -0.0180257
vn -0.0000001 -0.0138433 0.9999042
vn -0.0000001 -0.0040810 0.9999917
vn 0.0000001 0.0764478 -0.9970736
vn 0.0000001 0.2580926 -0.9661202
vn 0.0000001 0.0762481 -0.9970889
vn 0.0000001 0.2580533 -0.9661307
vn -0.3558105 0.0000000 -0.9345581
vn -0.3507312 0.0213742 -0.9362322
vn -0.0023471 0.0000000 -0.9999972
vn -0.0021667 0.0622291 -0.9980595
vn 0.0011764 0.0337893 0.9994283
vn 0.0028838 0.3816348 0.9243087
vn -0.0014494 0.3820231 0.9241516
vn -0.0044746 0.0335990 0.9994254
vn 0.9991702 -0.0000000 -0.0407297
vn 0.9998907 -0.0005081 0.0147774
vn 0.9992439 0.0367433 -0.0127140
vn 0.9141535 0.0226859 -0.4047329
vn 0.9146310 0.4032446 -0.0290510
vn 0.9592995 0.1997185 -0.1996424
vn 0.3566583 -0.9338804 0.0257331
vn 0.1472382 -0.9889103 0.0194263
vn 0.1472382 -0.9889103 0.0194263
vn 0.1472382 -0.9889103 0.0194263
vn -0.9995578 -0.0193894 0.0225451
vn -0.8861865 -0.2359472 0.3987510
vn -0.3558105 0.0000000 -0.9345581
vn -0.0023471 0.0000000 -0.9999972
vn 0.0000000 -1.0000000 0.0000000
vn 0.0000000 -1.0000000 0.0000000
vn 0.0000000 -1.0000000 0.0000000
vn 0.0000000 -1.0000000 0.0000000
vn 0.0000000 -1.0000000 0.0000000
vn 0.0000000 -1.0000000 0.0000000
vn 0.0000000 -1.0000000 0.0000000
vn 0.0000000 -1.0000000 0.0000000
vn -0.0940411 0.9955683 -0.0000000
vn -0.0940411 0.9955683 -0.0000000
vn -0.0413594 -0.4378526 -0.8980949
vn -0.0230909 -0.2444532 -0.9693861
vn 0.0230816 -0.4381108 -0.8986246
vn 0.0200548 -0.1281350 -0.9915539
vn -0.1796824 -0.4310953 -0.8842348
vn 0.0000001 0.0000000 -1.0000000
vn 0.0482535 -0.1376599 -0.9893035
vn 0.0179280 -0.2444799 0.9694886
vn 0.0482536 -0.1376604 0.9893034
vn -0.0000001 0.0000000 1.0000000
vn -0.0000001 0.0000000 1.0000000
vn 0.0000001 0.0000000 -1.0000000
vn 0.0000001 0.0000000 -1.0000000
vn -0.0179279 -0.2444791 -0.9694888
vn 0.0000001 0.0000000 -1.0000000
vn 0.0000001 -0.1024583 -0.9947373
vn 0.0000001 0.0000000 -1.0000000
vn 0.0000000 -1.0000000 0.0000000
vn 0.0000000 -1.0000000 0.0000000
vn -0.3621281 0.9321283 -0.0000000
vn -0.3621281 0.9321283 -0.0000000
vn -0.3621255 0.9321294 -0.0000000
vn -0.0940411 0.9955683 -0.0000000
vn -0.3621255 0.9321294 -0.0000000
vn -0.0940411 0.9955683 -0.0000000
vn 0.0000001 0.0000000 -1.0000000
vn 0.0000001 0.0000000 -1.0000000
vn 0.0000001 0.0000000 -1.0000000
vn 0.0000001 0.0000000 -1.0000000
vn 1.0000000 0.0000000 0.0000001
vn 1.0000000 0.0000000 0.0000001
vn 1.0000000 0.0000000 0.0000001
vn 1.0000000 0.0000000 0.0000001
vn 0.0000001 0.0000000 -1.0000000
vn 0.9037811 -0.4068983 0.1327161
vn 0.9932454 -0.0475409 0.1058463
vn 0.8660938 -0.3866145 0.3168767
vn 0.8655959 -0.3830546 0.3225104
vn -0.3523112 -0.9243614 0.1463995
vn -0.0491051 -0.9908589 0.1256479
vn -0.3348810 -0.8786296 0.3403893
vn -0.3327264 -0.8780356 0.3440155
vn -0.3327264 -0.8780356 0.3440155
vn -0.3327264 -0.8780356 0.3440155
vn 0.9118459 0.4105328 0.0000001
vn 0.9086343 0.4090868 0.0838553
vn 0.9988431 0.0480890 0.0000001
vn 0.9943222 0.0180287 0.1048727
vn -0.0000001 0.0000000 1.0000000
vn -0.0000001 0.0000000 1.0000000
vn -0.0000001 0.0000000 1.0000000
vn -0.0000001 0.0000000 1.0000000
vn -0.0000001 0.0000000 1.0000000
vn -0.0000001 0.0000000 1.0000000
vn -1.0000000 0.0000000 -0.0000001
vn -1.0000000 0.0000000 -0.0000001
vn -1.0000000 0.0000000 -0.0000001
vn -0.9992668 0.0382876 -0.0000001
vn -1.0000000 0.0000000 -0.0000001
vn -1.0000000 0.0000000 -0.0000001
vn -1.0000000 0.0000000 -0.0000001
vn -0.9992925 0.0376086 -0.0000001
vn -1.0000000 -0.0000000 -0.0000001
vn -0.0000001 0.0000000 1.0000000
vn -0.0000001 0.0000000 1.0000000
vn -0.0000001 0.0000000 1.0000000
vn -0.0000001 0.0000000 1.0000000
vn -0.0000001 0.0000000 1.0000000
vn -0.0000001 0.0000000 1.0000000
vn -0.0000001 -0.0000000 1.0000000
vn -0.0000001 0.0000000 1.0000000
vn -0.0000001 0.0000000 1.0000000
vn -0.0000001 -0.0000000 1.0000000
vn -0.0000001 0.0000000 1.0000000
vn -0.0000001 0.0000000 1.0000000
vn -0.0000001 0.0000000 1.0000000
vn -0.0000001 0.0000000 1.0000000
vn -0.0000001 -0.0000000 1.0000000
vn -0.0000001 0.0000000 1.0000000
vn -0.0000001 -0.0000000 1.0000000
vn -0.0000001 -0.0000000 1.0000000
vn -0.0000001 -0.0000000 1.0000000
vn -0.0000001 0.0000000 1.0000000
vn -0.0000001 0.0000000 1.0000000
vn -0.0000001 0.0000000 1.0000000
vn -0.0000001 -0.0000000 1.0000000
vn -0.0000001 -0.0000000 1.0000000
vn -0.0000001 -0.0000000 1.0000000
vn -0.0000001 0.0000000 1.0000000
vn -0.0000001 0.0000000 1.0000000
vn -0.0000001 -0.0000000 1.0000000
vn -0.0000001 -0.0000000 1.0000000
vn -0.0000001 -0.0000000 1.0000000
vn -1.0000000 0.0000000 -0.0000001
vn -1.0000000 0.0000000 -0.0000001
vn -0.9999743 0.0000000 -0.0071652
vn -0.3561846 0.0000000 -0.9344156
vn -0.3561756 0.0023461 -0.9344161
vn -0.3561846 0.0000000 -0.9344156
vn -0.3561834 0.0026025 -0.9344124
vn -0.0000000 1.0000000 -0.0000000
vn -0.0000000 1.0000000 -0.0000000
vn -0.3533842 0.1159264 -0.9282676
vn -0.3529212 0.1151894 -0.9285354
vn -0.0000000 0.8943889 0.4472901
vn -0.0000000 0.6611393 0.7502632
vn -0.0000000 0.7523969 0.6587100
vn -0.0000000 0.9623018 0.2719838
vn -0.8801007 0.4747770 0.0030875
vn -0.9044219 0.1234887 0.4083768
vn 0.1774239 0.4669719 0.8662898
vn 0.1774239 0.4669719 0.8662898
vn 0.1774239 0.4669719 0.8662898
vn 0.1739913 0.4641938 0.8684763
vn -0.4927044 0.2188508 0.8422272
vn -0.9932454 -0.0475409 0.1058462
vn -0.9999144 -0.0130846 -0.0000001
vn -0.9988431 0.0480890 -0.0000001
vn -0.0000001 0.0000000 1.0000000
vn -0.0000001 0.0000000 1.0000000
vn -0.0000001 0.0000000 1.0000000
vn -0.0000001 0.0000000 1.0000000
vn -0.0000000 -0.9126577 0.4087247
vn -0.0000000 -0.9986172 0.0525708
vn -0.0000000 -0.9559887 0.2934034
vn -0.0000000 -0.9998580 0.0168488
vn -0.0000000 -0.9989015 0.0468602
vn 0.0000000 -0.9731044 -0.2303645
vn 0.0000000 -0.9989015 -0.0468591
vn 0.0000000 -0.9475474 -0.3196154
vn 0.0000000 -0.9989015 -0.0468591
vn -0.0000000 -0.9747478 0.2233086
vn -0.0000000 -0.9989015 0.0468602
vn -0.0000000 -0.9518867 0.3064502
vn -1.0000000 0.0000000 -0.0000001
vn -1.0000000 0.0000000 -0.0000001
vn -1.0000000 0.0000000 -0.0000001
vn -1.0000000 0.0000000 -0.0000001
vn -1.0000000 0.0000000 -0.0000001
vn -1.0000000 0.0000000 -0.0000001
vn 1.0000000 -0.0000000 0.0000001
vn 1.0000000 -0.0000000 0.0000001
vn 1.0000000 -0.0000000 0.0000001
vn 1.0000000 -0.0000000 0.0000001
vn 1.0000000 -0.0000000 0.0000001
vn 1.0000000 -0.0000000 0.0000001
vn 1.0000000 0.0000000 0.0000001
vn 1.0000000 0.0000000 0.0000001
vn 1.0000000 0.0000000 0.0000001
vn 1.0000000 0.0000000 0.0000001
vn 1.0000000 0.0000000 0.0000001
vn 1.0000000 0.0000000 0.0000001
vn -1.0000000 0.0000000 -0.0000001
vn -1.0000000 -0.0000000 -0.0000001
vn -1.0000000 -0.0000000 -0.0000001
vn -1.0000000 -0.0000000 -0.0000001
vn -0.0000000 -0.9990218 0.0442201
vn 0.0000000 -0.9759537 -0.2179780
vn 0.0000000 -0.9990218 -0.0442211
vn 0.0000000 -0.9529173 -0.3032303
vn 0.0000000 -0.6723188 -0.7402618
vn 0.0000000 -0.8412203 -0.5406926
vn 0.0000000 -0.7345944 -0.6785065
vn 0.0000000 -0.8855187 -0.4646037
vn 0.0000000 -0.9063021 -0.4226305
vn 0.0000000 -0.9986623 -0.0517070
vn 0.0000000 -0.9525419 -0.3044074
vn 0.0000000 -0.9998669 -0.0163177
vn -0.0000001 -0.3622116 0.9320959
vn -0.0000000 -0.7087604 0.7054493
vn -0.0000001 -0.4932083 0.8699113
vn -0.0000000 -0.7949454 0.6066809
vn -0.0000000 -0.8374096 0.5465759
vn -0.0000000 -0.9568453 0.2905977
vn -0.0000000 -0.8888118 0.4582725
vn -0.0000000 -0.9774328 0.2112466
vn -0.0219590 0.9136522 -0.4059032
vn -0.0000001 0.1936040 0.9810798
vn -0.0000001 0.1936040 0.9810798
vn -0.9573511 0.2889270 -0.0000001
vn -0.9572465 0.2892735 -0.0000001
vn -0.9841977 0.1770733 -0.0000001
vn -0.9920169 0.1261052 -0.0000001
vn -0.9998821 0.0153542 -0.0000001
vn -0.9999898 0.0045214 -0.0000001
vn -0.9999898 -0.0045214 -0.0000001
vn -0.9998821 -0.0153542 -0.0000001
vn 0.0028840 -0.3816495 -0.9243026
vn -0.0014493 -0.3820379 -0.9241455
vn -0.0023462 -0.0285523 -0.9995895
vn 0.9119327 0.0000000 -0.4103397
vn -0.0014094 -0.9369561 0.3494442
vn 0.0044214 -0.0188997 0.9998116
vn 0.0022447 -0.2920767 0.9563923
vn 0.3556128 -0.0321212 0.9340812
vn 0.3288436 -0.3817959 0.8637672
vn -0.9975411 0.0662312 0.0229175
vn -0.9141563 0.0226860 0.4047265
vn -0.9146311 0.4032444 0.0290509
vn -0.9593004 0.1997179 0.1996381
vn 0.0023473 0.0000000 -0.9999972
vn 0.3558106 0.0000000 -0.9345581
vn -0.9991848 -0.0370080 0.0161304
vn -0.0000001 0.0000000 1.0000000
vn -0.0000001 0.0000000 1.0000000
vn -0.0000001 0.0000000 1.0000000
vn -0.0000001 0.0000000 1.0000000
vn -1.0000000 0.0000000 -0.0000001
vn -1.0000000 0.0000000 -0.0000001
vn -1.0000000 0.0000000 -0.0000001
vn -1.0000000 0.0000000 -0.0000001
vn -0.0154459 -0.1222444 0.9923798
vn -0.0174697 -0.4381619 0.8987263
vn -0.0000001 -0.2445192 0.9696444
vn -0.0000001 -0.4382288 0.8988635
vn -0.0000001 -0.1024586 0.9947373
vn -0.0000001 -0.4382288 0.8988635
vn -0.1796839 -0.4310964 0.8842339
vn -0.0000001 0.0000000 1.0000000
vn -0.0000001 0.0000000 1.0000000
vn -0.0000001 -0.1024586 0.9947373
vn 0.0482536 -0.1376615 0.9893032
vn 0.0230910 -0.2444540 0.9693859
vn -0.0000001 0.0000000 1.0000000
vn 0.1796829 -0.4310965 0.8842341
vn 0.0321193 -0.4380027 0.8983997
vn 1.0000000 0.0000000 0.0000001
vn 1.0000000 0.0000000 0.0000001
vn 1.0000000 0.0000000 0.0000001
vn 1.0000000 -0.0000000 0.0000001
vn 1.0000000 -0.0000000 0.0000001
vn 1.0000000 -0.0000000 0.0000001
vn -0.0000001 -0.1024583 0.9947373
vn -0.0000001 -0.4382276 0.8988641
vn 0.0179279 -0.2444791 0.9694888
vn 0.0321192 -0.4380015 0.8984003
vn -0.0716718 -0.9974283 -0.0000000
vn 0.0716725 -0.9974282 0.0000000
vn 0.3621281 -0.9321283 0.0000000
vn 0.3621281 -0.9321283 0.0000000
vn 0.0716725 0.9974282 0.0000000
vn -0.0716718 0.9974283 -0.0000000
vn 0.0731351 -0.9973220 0.0000000
vn 0.0731351 -0.9973220 0.0000000
vn 0.1796825 -0.4310953 -0.8842347
vn 0.0482535 -0.1376599 -0.9893035
vn 0.0000001 0.0000000 -1.0000000
vn 0.0000001 0.0000000 -1.0000000
vn 0.0000001 0.0000000 -1.0000000
vn 0.0000001 0.0000000 -1.0000000
vn 0.0000000 -1.0000000 0.0000000
vn 0.0000000 -1.0000000 0.0000000
vn 0.0000000 -1.0000000 0.0000000
vn 0.0000000 -1.0000000 0.0000000
vn 0.0000001 -0.0062079 -0.9999807
vn 0.0000001 -0.3206820 -0.9471869
vn 0.0000001 -0.0062079 -0.9999807
vn -0.0000081 -0.4429382 -0.8965522
vn 0.0000000 1.0000000 0.0000000
vn 0.0000000 1.0000000 0.0000000
vn 0.0000000 1.0000000 0.0000000
vn 0.0000000 1.0000000 0.0000000
vn -0.0000001 -0.0031532 0.9999950
vn -0.0000001 -0.0120393 0.9999275
vn -0.0000001 -0.3206822 0.9471869
vn -0.0000001 -0.4429263 0.8965580
vn 0.9706523 0.0000000 0.2404871
vn 0.9706523 0.0000000 0.2404871
vn 0.0170022 -0.9913179 0.1303829
vn -0.0000000 -0.9524606 0.3046618
vn -0.0000000 -0.9524606 0.3046618
vn 0.3561485 -0.9344294 0.0000000
vn 0.3546179 -0.9304137 0.0926091
vn 0.0601990 -0.9981864 0.0000000
vn 0.9117388 -0.4107703 0.0000001
vn 0.9981948 -0.0600590 0.0000001
vn 0.9117388 -0.4107703 0.0000001
vn 0.9998507 -0.0172816 0.0000001
vn -0.0000001 0.3825871 0.9239194
vn -0.0000001 0.3825871 0.9239194
vn -0.9118518 0.0016402 0.4105163
vn -0.8931876 0.2002411 0.4026406
vn -0.9999526 0.0001493 0.0097322
vn 0.8294067 0.4111477 0.3782091
vn 0.8295183 0.4124419 0.3765515
vn 0.9999413 0.0065490 0.0086368
vn 0.8931875 0.2002411 0.4026407
vn -0.9118529 0.0000000 -0.4105170
vn 0.0000000 -1.0000000 -0.0000000
vn 0.0000000 -1.0000000 0.0000000
vn 0.0000000 -1.0000000 0.0000000
vn 0.0000000 -1.0000000 0.0000000
vn -0.0000001 0.0000000 1.0000000
vn -0.0000001 0.0000000 1.0000000
vn -0.9375668 0.3477859 -0.0036730
vn 0.0000001 0.0236254 -0.9997209
vn 0.0000001 0.0101986 -0.9999480
vn 0.9999629 0.0068613 -0.0052090
vn 0.9118342 0.0048692 -0.4105298
vn 0.8799549 0.4750430 -0.0036843
vn 0.9044209 0.1234911 -0.4083783
vn 0.0000000 1.0000000 0.0000000
vn -0.1519462 0.9038396 0.3999829
vn -0.3048420 0.8926384 0.3320665
vn 0.9995347 0.0258620 0.0161731
vn 0.9049516 0.1227579 0.4074224
vn 0.9049555 0.1227591 0.4074134
vn 0.9049555 0.1227591 0.4074134
vn -0.1774228 0.4669727 0.8662896
vn -0.1774228 0.4669727 0.8662896
vn -0.1774228 0.4669727 0.8662896
vn -0.1739923 0.4641961 0.8684749
vn 0.9999144 0.0130846 0.0000001
vn 0.9118459 0.4105328 0.0000001
vn 0.0000001 0.0000000 -1.0000000
vn 0.0000001 0.0000000 -1.0000000
vn 0.0000001 0.0000000 -1.0000000
vn 0.0000001 0.0000000 -1.0000000
vn 0.0000001 0.0000000 -1.0000000
vn 0.0000001 0.0000000 -1.0000000
vn -0.0000000 0.9868841 0.1614304
vn 0.0000000 1.0000000 0.0000000
vn -0.0000000 0.9868841 0.1614304
vn 0.0000000 1.0000000 0.0000000
vn 0.0000000 -0.9998560 -0.0169703
vn 0.0000000 -0.9985533 -0.0537710
vn 0.0000000 -0.8739256 -0.4860597
vn 0.0000000 -0.8264051 -0.5630760
vn -0.0000000 -0.8774956 0.4795846
vn -0.0000000 -0.8223717 0.5689506
vn -1.0000000 0.0000000 -0.0000001
vn -1.0000000 0.0000000 -0.0000001
vn -1.0000000 0.0000000 -0.0000001
vn -1.0000000 0.0000000 -0.0000001
vn -1.0000000 0.0000000 -0.0000001
vn -1.0000000 0.0000000 -0.0000001
vn 1.0000000 -0.0000000 0.0000001
vn 1.0000000 0.0000000 0.0000001
vn 1.0000000 0.0000000 0.0000001
vn 1.0000000 0.0000000 0.0000001
vn 1.0000000 0.0000000 0.0000001
vn 1.0000000 0.0000000 0.0000001
vn 1.0000000 0.0000000 0.0000001
vn 1.0000000 0.0000000 0.0000001
vn 1.0000000 0.0000000 0.0000001
vn 1.0000000 0.0000000 0.0000001
vn -1.0000000 0.0000000 -0.0000001
vn -1.0000000 0.0000000 -0.0000001
vn 0.0000000 -0.8855187 -0.4646037
vn 0.0000000 -0.8412203 -0.5406926
vn 0.0000000 -0.9529173 -0.3032303
vn 0.0000000 -0.9759537 -0.2179780
vn -0.0000000 -0.9998688 0.0162011
vn -0.0000000 -0.9987213 0.0505555
vn -0.0000000 -0.9184577 0.3955191
vn -0.0000000 -0.9591031 0.2830569
vn -0.0718712 -0.9302777 -0.3597471
vn 0.0219590 -0.9136522 -0.4059032
vn -0.9554688 -0.2950920 -0.0000001
vn -0.9600766 -0.2797373 -0.0000001
vn -0.9841937 -0.1770953 -0.0000001
vn -0.9920159 -0.1261131 -0.0000001
vn 0.9554688 -0.2950920 0.0000001
vn 0.9600766 -0.2797373 0.0000001
vn 0.3507174 0.0213736 0.9362374
vn -0.0011770 -0.0190041 0.9998187
vn -0.3557404 -0.0177609 0.9344160
vn -0.3461623 0.0399522 0.9373236
vn 0.0014484 -0.9240749 -0.3822086
vn 0.3522165 -0.9355634 -0.0257828
vn 0.1700452 -0.9679556 -0.1847877
vn -0.1707163 0.1855876 0.9676844
vn -0.0023471 0.0000000 -0.9999972
vn -0.3558105 0.0000000 -0.9345581
vn 0.9983703 0.0349462 0.0451175
vn 1.0000000 0.0000000 0.0000001
vn 1.0000000 0.0000000 0.0000001
vn 1.0000000 0.0000000 0.0000001
vn 1.0000000 0.0000000 0.0000001
vn -1.0000000 -0.0000000 -0.0000001
vn -1.0000000 -0.0000000 -0.0000001
vn -1.0000000 -0.0000000 -0.0000001
vn -1.0000000 0.0000000 -0.0000001
vn -1.0000000 0.0000000 -0.0000001
vn -1.0000000 0.0000000 -0.0000001
vn -0.0230816 -0.4381121 0.8986240
vn 0.0413595 -0.4378538 0.8980943
vn -0.3621281 -0.9321284 -0.0000000
vn -0.3621281 -0.9321284 -0.0000000
vn -0.0716718 -0.9974283 -0.0000000
vn 0.0716725 -0.9974282 0.0000000
vn 0.0716725 0.9974282 0.0000000
vn -0.0716718 0.9974283 -0.0000000
vn -0.0940411 -0.9955683 -0.0000000
vn -0.0940411 -0.9955683 -0.0000000
vn -0.1796833 -0.4310952 -0.8842346
vn -0.0000000 1.0000000 -0.0000000
vn -0.0000000 1.0000000 -0.0000000
vn -0.0321192 -0.4380015 -0.8984003
vn 0.0000001 -0.4382276 -0.8988641
vn 0.1796817 -0.4310953 -0.8842349
vn 0.0482532 -0.1376607 -0.9893034
vn 0.0000001 -0.4382276 -0.8988641
vn -0.0482534 -0.1376610 -0.9893033
vn 0.0000001 -0.1024583 -0.9947373
vn 0.0000001 0.0000000 -1.0000000
vn 0.0000001 0.0000000 -1.0000000
vn -0.0000001 0.0000000 1.0000000
vn -0.0200548 -0.1281351 0.9915539
vn 0.0000001 0.0000000 -1.0000000
vn 0.0000001 0.0000000 -1.0000000
vn 0.0000001 0.0000000 -1.0000000
vn 0.0000001 0.0000000 -1.0000000
vn 0.0000000 -1.0000000 0.0000000
vn 0.0000000 -1.0000000 0.0000000
vn 0.0000000 -1.0000000 0.0000000
vn 0.0000000 -1.0000000 0.0000000
vn 0.0000000 -1.0000000 0.0000000
vn -0.0000136 -0.6587798 -0.7523359
vn -0.0000190 -0.7523697 -0.6587411
vn 0.0000001 0.4551110 -0.8904347
vn 0.0000001 0.4551110 -0.8904347
vn 0.0000001 0.3381987 -0.9410747
vn 0.0000001 0.1867390 -0.9824096
vn -0.0000000 -0.6587715 0.7523430
vn -0.0000000 -0.7523637 0.6587479
vn 0.1774227 -0.4669727 0.8662896
vn 0.1774227 -0.4669727 0.8662896
vn 0.1774227 -0.4669727 0.8662896
vn 0.1739866 -0.4641916 0.8684785
vn -0.0000000 0.5468395 0.8372375
vn -0.0175116 0.5396874 0.8416834
vn -0.9943232 -0.0180289 0.1048637
vn -0.9988431 -0.0480890 -0.0000001
vn -0.9086356 -0.4090839 0.0838550
vn -0.9118472 -0.4105298 -0.0000001
vn -0.9117361 0.4107764 -0.0000001
vn -0.9117361 0.4107764 -0.0000001
vn -0.0000000 0.9239194 0.3825871
vn -0.0000000 0.9239194 0.3825871
vn -0.2884177 0.5815269 0.7606850
vn -0.3561405 0.0143326 0.9343225
vn -0.3224178 0.4228495 0.8469032
vn -0.3561823 0.0037334 0.9344090
vn 1.0000000 0.0000000 0.0000001
vn 1.0000000 0.0000000 0.0000001
vn 0.9998277 0.0001463 0.0185600
vn -0.3561846 0.0000000 -0.9344156
vn -0.3561846 0.0000000 -0.9344156
vn 0.0000000 -1.0000000 0.0000000
vn 0.0000000 -1.0000000 0.0000000
vn 0.0000000 -1.0000000 0.0000000
vn 0.0000000 -1.0000000 0.0000000
vn 0.0000000 -1.0000000 0.0000000
vn 0.0000000 -1.0000000 0.0000000
vn -0.0000001 0.0000000 1.0000000
vn -0.0000001 0.0000000 1.0000000
vn 0.7209848 0.6929502 0.0010027
vn 0.9375668 0.3477860 0.0036730
vn 0.6262763 0.7796006 -0.0009921
vn -0.9044208 0.1234911 -0.4083784
vn 0.2516666 0.9678137 -0.0008111
vn 0.3048441 0.8926381 -0.3320653
vn -1.0000000 0.0000000 -0.0000001
vn -1.0000000 0.0000000 -0.0000001
vn -1.0000000 0.0000000 -0.0000001
vn -1.0000000 -0.0000000 -0.0000001
vn -1.0000000 -0.0000000 -0.0000001
vn -1.0000000 -0.0000000 -0.0000001
vn -1.0000000 0.0000000 -0.0000001
vn -1.0000000 -0.0000000 -0.0000001
vn -1.0000000 -0.0000000 -0.0000001
vn -1.0000000 -0.0000000 -0.0000001
vn -1.0000000 -0.0000000 -0.0000001
vn -1.0000000 -0.0000000 -0.0000001
vn -1.0000000 -0.0000000 -0.0000001
vn -1.0000000 0.0000000 -0.0000001
vn -1.0000000 0.0000000 -0.0000001
vn -1.0000000 0.0000000 -0.0000001
vn -1.0000000 0.0000000 -0.0000001
vn -1.0000000 0.0000000 -0.0000001
vn -1.0000000 -0.0000000 -0.0000001
vn -1.0000000 0.0000000 -0.0000001
vn -1.0000000 0.0000000 -0.0000001
vn -1.0000000 0.0000000 -0.0000001
vn -1.0000000 0.0000000 -0.0000001
vn -1.0000000 0.0000000 -0.0000001
vn -1.0000000 0.0000000 -0.0000001
vn -1.0000000 0.0000000 -0.0000001
vn -1.0000000 0.0000000 -0.0000001
vn -1.0000000 0.0000000 -0.0000001
vn -1.0000000 0.0000000 -0.0000001
vn -1.0000000 -0.0000000 -0.0000001
vn 0.9044218 0.1234887 0.4083769
vn -0.3523112 0.9243614 0.1463995
vn -0.3348810 0.8786296 0.3403893
vn -0.3327234 0.8780347 0.3440206
vn -0.3327234 0.8780347 0.3440206
vn -0.3327234 0.8780347 0.3440206
vn 0.3561485 0.9344294 0.0000000
vn 0.0000001 0.0000000 -1.0000000
vn 0.0000001 0.0000000 -1.0000000
vn 0.0000001 0.0000000 -1.0000000
vn 0.0000001 -0.0000000 -1.0000000
vn 0.0000001 -0.0000000 -1.0000000
vn 0.0000001 -0.0000000 -1.0000000
vn -0.0000000 -0.6947661 0.7192357
vn -0.0000000 -0.7832625 0.6216911
vn -0.0000000 -0.9518867 0.3064502
vn -0.0000000 -0.9747478 0.2233086
vn 0.0000000 -0.9475474 -0.3196154
vn 0.0000000 -0.9731044 -0.2303645
vn -1.0000000 0.0000000 -0.0000001
vn -1.0000000 0.0000000 -0.0000001
vn -1.0000000 0.0000000 -0.0000001
vn -1.0000000 0.0000000 -0.0000001
vn -1.0000000 0.0000000 -0.0000001
vn -1.0000000 0.0000000 -0.0000001
vn 1.0000000 0.0000000 0.0000001
vn 1.0000000 0.0000000 0.0000001
vn 1.0000000 0.0000000 0.0000001
vn 1.0000000 -0.0000000 0.0000001
vn 1.0000000 -0.0000000 0.0000001
vn 1.0000000 -0.0000000 0.0000001
vn 1.0000000 0.0000000 0.0000001
vn 1.0000000 0.0000000 0.0000001
vn 1.0000000 0.0000000 0.0000001
vn 1.0000000 0.0000000 0.0000001
vn -1.0000000 -0.0000000 -0.0000001
vn -1.0000000 -0.0000000 -0.0000001
vn -1.0000000 -0.0000000 -0.0000001
vn -1.0000000 -0.0000000 -0.0000001
vn -1.0000000 -0.0000000 -0.0000001
vn -1.0000000 -0.0000000 -0.0000001
vn -1.0000000 0.0000000 -0.0000001
vn -1.0000000 0.0000000 -0.0000001
vn -1.0000000 0.0000000 -0.0000001
vn -1.0000000 0.0000000 -0.0000001
vn -1.0000000 0.0000000 -0.0000001
vn -1.0000000 0.0000000 -0.0000001
vn 0.0000001 -0.4584998 -0.8886945
vn 0.0000001 -0.5342545 -0.8453237
vn 0.0000000 -0.6801546 -0.7330687
vn 0.0000000 -0.7708296 -0.6370414
vn -0.0000001 -0.4692823 0.8830482
vn -0.0000001 -0.4178272 0.9085265
vn -0.0000001 -0.5054491 0.8628564
vn -0.0000000 -0.5914075 0.8063728
vn 0.0000001 0.1936040 -0.9810798
vn 0.0000001 0.1936040 -0.9810798
vn -0.0718713 0.9302777 0.3597471
vn -0.0028820 -0.9242327 -0.3818188
vn 0.0021126 0.0000000 -0.9999978
vn 0.3558106 0.0000000 -0.9345581
vn -0.0009104 -0.6724993 0.7400972
vn 0.9119279 -0.0041168 0.4103299
vn 0.9048568 -0.1243402 0.4071532
vn -0.3526929 0.9356297 0.0143140
vn -0.1700447 0.9679565 0.1847838
vn 0.9119327 0.0000000 -0.4103397
vn 0.9119327 0.0000000 -0.4103397
vn -0.0000001 0.0000000 1.0000000
vn -0.0000001 0.0000000 1.0000000
vn -0.0000001 0.0000000 1.0000000
vn -0.0000001 0.0000000 1.0000000
vn 1.0000000 0.0000000 0.0000001
vn 1.0000000 0.0000000 0.0000001
vn 1.0000000 0.0000000 0.0000001
vn 1.0000000 0.0000000 0.0000001
vn -0.0000001 0.0000000 1.0000000
vn -0.0000001 -0.1024586 0.9947373
vn -0.0482537 -0.1376604 0.9893034
vn -0.0000001 0.0000000 1.0000000
vn -0.0000001 0.0000000 1.0000000
vn -1.0000000 -0.0000000 -0.0000001
vn -1.0000000 -0.0000000 -0.0000001
vn -1.0000000 -0.0000000 -0.0000001
vn -1.0000000 -0.0000000 -0.0000001
vn -1.0000000 -0.0000000 -0.0000001
vn -1.0000000 -0.0000000 -0.0000001
vn -0.0230816 -0.4381108 0.8986246
vn 0.0230909 -0.2444532 0.9693861
vn 0.0413594 -0.4378526 0.8980949
vn -0.3621281 -0.9321284 -0.0000000
vn -0.3621281 -0.9321284 -0.0000000
vn -0.0413595 -0.4378526 -0.8980949
vn -0.1796833 -0.4310952 -0.8842346
vn -1.0000000 0.0000000 -0.0000001
vn -1.0000000 0.0000000 -0.0000001
vn -1.0000000 0.0000000 -0.0000001
vn -1.0000000 0.0000000 -0.0000001
vn 0.0000000 -1.0000000 0.0000000
vn 0.0000000 -1.0000000 0.0000000
vn 0.0000000 -1.0000000 0.0000000
vn 0.0000000 -1.0000000 0.0000000
vn 0.0000000 -1.0000000 0.0000000
vn 0.0000000 -1.0000000 0.0000000
vn 0.0000001 0.0000000 -1.0000000
vn 0.0000001 0.0000000 -1.0000000
vn -0.0000001 -0.0000000 1.0000000
vn -0.0000001 -0.0000000 1.0000000
vn -0.0000001 -0.0000000 1.0000000
vn -0.0000001 -0.0000000 1.0000000
vn -0.0000001 -0.0000000 1.0000000
vn -0.0000001 -0.0000000 1.0000000
vn 0.6478036 0.0000000 0.7618073
vn 0.6478036 0.0000000 0.7618073
vn -0.0000000 -0.5468311 0.8372430
vn -0.0000000 -0.5468311 0.8372430
vn 0.9999144 -0.0130846 0.0000001
vn 0.9118472 -0.4105298 0.0000001
vn 0.0152596 -0.9998836 0.0000000
vn 0.3562853 -0.9343772 0.0000000
vn 0.0544206 -0.9985181 0.0000000
vn 0.3562853 -0.9343772 0.0000000
vn 0.0000000 1.0000000 0.0000000
vn -0.0181758 0.9998348 -0.0000000
vn 0.0000000 1.0000000 0.0000000
vn -0.0634883 0.9979826 -0.0000000
vn -0.1646110 0.8868035 0.4318365
vn -0.1640605 0.8849574 0.4358148
vn -0.1626494 0.8870582 0.4320566
vn -0.1662151 0.8792159 0.4464885
vn 0.3224177 0.4228495 0.8469032
vn 0.2884177 0.5815269 0.7606850
vn -0.3561846 0.0000000 -0.9344156
vn -0.3561846 0.0000000 -0.9344156
vn 0.0000000 -1.0000000 0.0000000
vn 0.0000000 -1.0000000 0.0000000
vn 0.0000000 -1.0000000 0.0000000
vn 0.0000000 -1.0000000 0.0000000
vn 1.0000000 0.0000000 0.0000001
vn 1.0000000 0.0000000 0.0000001
vn 1.0000000 0.0000000 0.0000001
vn 1.0000000 0.0000000 0.0000001
vn 0.0000000 1.0000000 0.0000000
vn 0.0000000 1.0000000 0.0000000
vn 0.0000000 1.0000000 0.0000000
vn 0.0000000 1.0000000 0.0000000
vn -0.2491594 0.7124454 0.6560039
vn -0.4037652 0.7349751 0.5447800
vn 0.7370671 0.5881915 0.3328106
vn 0.4707159 0.7178194 0.5129931
vn 0.0000000 1.0000000 0.0000000
vn 0.1519468 0.9038388 -0.3999845
vn -0.9037811 -0.4068983 0.1327160
vn -0.8660938 -0.3866145 0.3168766
vn -0.9045532 -0.0183086 0.4259674
vn 0.3523112 -0.9243614 0.1463996
vn 0.3348809 -0.8786296 0.3403893
vn 0.3327264 -0.8780356 0.3440155
vn 0.3327264 -0.8780356 0.3440155
vn 0.3327264 -0.8780356 0.3440155
vn -0.9118459 0.4105328 -0.0000001
vn -0.0000001 0.0000000 1.0000000
vn -0.0000001 0.0000000 1.0000000
vn -0.0000001 0.0000000 1.0000000
vn -0.0000001 0.0000000 1.0000000
vn -0.0000001 0.0000000 1.0000000
vn -0.0000001 0.0000000 1.0000000
vn 1.0000000 0.0000000 0.0000001
vn 1.0000000 0.0000000 0.0000001
vn 1.0000000 0.0000000 0.0000001
vn 1.0000000 0.0000000 0.0000001
vn 1.0000000 0.0000000 0.0000001
vn 0.9992372 0.0390511 0.0000001
vn 1.0000000 0.0000000 0.0000001
vn 0.9992925 0.0376086 0.0000001
vn -0.0000001 -0.4044169 0.9145748
vn -0.0000001 -0.4781764 0.8782638
vn -0.0000001 -0.4550267 0.8904778
vn -0.0000001 -0.4781764 0.8782638
vn 0.0000000 -1.0000000 0.0000000
vn 0.0000000 -1.0000000 0.0000000
vn 0.0000000 -1.0000000 0.0000000
vn 0.0000000 -1.0000000 0.0000000
vn 0.0000001 -0.1991279 -0.9799735
vn 0.0000001 -0.4376462 -0.8991473
vn 0.0000001 -0.2813220 -0.9596134
vn 0.0000001 -0.5121410 -0.8589014
vn 0.0000001 -0.3260817 -0.9453416
vn 0.0000000 -0.6657021 -0.7462176
vn 0.0000001 -0.4495930 -0.8932336
vn 0.0000000 -0.7584010 -0.6517883
vn 1.0000000 -0.0000000 0.0000001
vn 1.0000000 0.0000000 0.0000001
vn 1.0000000 -0.0000000 0.0000001
vn 1.0000000 0.0000000 0.0000001
vn 1.0000000 0.0000000 0.0000001
vn 1.0000000 0.0000000 0.0000001
vn 1.0000000 0.0000000 0.0000001
vn 1.0000000 0.0000000 0.0000001
vn 1.0000000 0.0000000 0.0000001
vn 1.0000000 0.0000000 0.0000001
vn -1.0000000 0.0000000 -0.0000001
vn -1.0000000 -0.0000000 -0.0000001
vn -1.0000000 -0.0000000 -0.0000001
vn -1.0000000 -0.0000000 -0.0000001
vn -1.0000000 0.0000000 -0.0000001
vn -1.0000000 0.0000000 -0.0000001
vn -1.0000000 0.0000000 -0.0000001
vn -1.0000000 0.0000000 -0.0000001
vn 0.0000000 -1.0000000 0.0000000
vn 0.0000000 -1.0000000 0.0000000
vn 0.0000000 -1.0000000 0.0000000
vn 0.0000000 -1.0000000 -0.0000000
vn 0.0000000 -1.0000000 0.0000000
vn 0.0000000 -1.0000000 0.0000000
vn 0.0000000 -1.0000000 0.0000000
vn 0.0000000 -1.0000000 0.0000000
vn 0.0000000 -1.0000000 0.0000000
vn 0.0000000 -1.0000000 0.0000000
vn 0.0000000 -1.0000000 0.0000000
vn 0.0000000 -1.0000000 0.0000000
vn 0.0000000 -1.0000000 0.0000000
vn 0.0000000 -1.0000000 0.0000000
vn 0.0000000 -1.0000000 0.0000000
vn 0.0000000 -1.0000000 0.0000000
vn 0.0000001 -0.4638272 -0.8859257
vn 0.0000001 -0.4334562 -0.9011746
vn 0.0000001 -0.3376992 -0.9412541
vn 0.0000001 -0.4915757 -0.8708348
vn -1.0000000 -0.0000000 -0.0000001
vn -1.0000000 -0.0000000 -0.0000001
vn -1.0000000 -0.0000000 -0.0000001
vn -1.0000000 0.0000000 -0.0000001
vn -1.0000000 0.0000000 -0.0000001
vn -1.0000000 0.0000000 -0.0000001
vn -1.0000000 -0.0000000 -0.0000001
vn -1.0000000 -0.0000000 -0.0000001
vn -1.0000000 0.0000000 -0.0000001
vn -1.0000000 0.0000000 -0.0000001
vn -1.0000000 0.0000000 -0.0000001
vn -1.0000000 0.0000000 -0.0000001
vn -1.0000000 -0.0000000 -0.0000001
vn -1.0000000 0.0000000 -0.0000001
vn 0.9841937 -0.1770953 0.0000001
vn 0.9920159 -0.1261131 0.0000001
vn 0.0000001 -0.1563925 -0.9876950
vn 0.0000001 -0.1120446 -0.9937032
vn -0.9999699 -0.0077652 -0.0000001
vn -0.9853374 -0.1706169 -0.0000001
vn -0.3522165 -0.9355634 -0.0257829
vn -0.3566583 -0.9338804 0.0257330
vn 0.9134194 0.4067358 0.0151990
vn 0.9156795 0.0424272 0.3996636
vn 0.9593004 0.1997179 0.1996383
vn -0.1700452 -0.9679556 -0.1847878
vn -0.8522147 -0.5135276 0.1000977
vn -0.8587172 -0.4659741 0.2132438
vn -0.8587172 -0.4659741 0.2132438
vn -0.8522574 -0.4114230 0.3230918
vn -1.0000000 0.0000000 -0.0000001
vn -1.0000000 0.0000000 -0.0000001
vn -1.0000000 0.0000000 -0.0000001
vn -1.0000000 0.0000000 -0.0000001
vn -1.0000000 0.0000000 -0.0000001
vn -1.0000000 0.0000000 -0.0000001
vn 0.0000000 -1.0000000 0.0000000
vn 0.0000000 -1.0000000 0.0000000
vn 0.0000000 -1.0000000 0.0000000
vn 0.0000000 -1.0000000 0.0000000
vn 0.0000001 0.0000000 -1.0000000
vn 0.0940411 -0.9955683 0.0000000
vn 0.0940411 -0.9955683 0.0000000
vn 0.0000001 0.0000000 -1.0000000
vn -0.0000001 0.0000000 1.0000000
vn -0.1796830 -0.4310965 0.8842340
vn -0.0731351 -0.9973220 -0.0000000
vn -0.3621281 -0.9321283 -0.0000000
vn -0.0731351 -0.9973220 -0.0000000
vn -0.3621281 -0.9321283 -0.0000000
vn -0.0000001 0.0000000 1.0000000
vn -0.0000001 0.0000000 1.0000000
vn -0.0000001 -0.2445184 0.9696447
vn 0.0000001 -0.4382276 -0.8988641
vn 0.1796816 -0.4310953 0.8842349
vn -0.0000001 -0.4382276 0.8988641
vn 0.0482530 -0.1376607 0.9893034
vn -0.0000001 -0.1024583 0.9947373
vn -0.1796841 -0.4310951 -0.8842345
vn 1.0000000 -0.0000000 0.0000001
vn 1.0000000 -0.0000000 0.0000001
vn -1.0000000 0.0000000 -0.0000001
vn -1.0000000 0.0000000 -0.0000001
vn 0.0000001 0.0000000 -1.0000000
vn 0.0000001 0.0000000 -1.0000000
vn -0.0000000 -0.7523637 0.6587479
vn -0.0000001 -0.4429263 0.8965580
vn -0.0000000 -0.6587715 0.7523430
vn -0.0000001 -0.3206822 0.9471869
vn 0.0000001 0.2670450 -0.9636841
vn 0.0000001 0.4551110 -0.8904347
vn 0.0000001 0.2670450 -0.9636841
vn 0.0000001 0.4551110 -0.8904347
vn 0.0000149 -0.7523697 -0.6587411
vn 0.0000106 -0.6587798 -0.7523359
vn 0.0000064 -0.4429382 -0.8965522
vn 0.0000001 -0.3206820 -0.9471869
vn -0.4927044 0.2188508 0.8422272
vn -0.4925892 -0.2189620 0.8422657
vn 0.0000001 0.0000000 -1.0000000
vn 0.0000001 0.0000000 -1.0000000
vn 0.0000001 0.0000000 -1.0000000
vn 0.0000001 0.0000000 -1.0000000
vn 0.3561750 0.0073641 0.9343903
vn 0.3561846 0.0000000 0.9344156
vn 0.3561710 0.0073640 0.9343918
vn 0.3561846 0.0000000 0.9344156
vn -0.0000000 0.8989914 0.4379662
vn -0.0000000 0.8971029 0.4418217
vn -0.0000000 0.8989914 0.4379662
vn -0.0000000 0.8916730 0.4526800
vn 0.0000001 0.0000000 -1.0000000
vn 0.0000001 0.0000000 -1.0000000
vn 0.0000001 0.0000000 -1.0000000
vn 0.0000001 0.0000000 -1.0000000
vn 0.9999906 0.0000000 -0.0043299
vn 0.9118530 0.0000000 -0.4105169
vn 0.0000000 -1.0000000 0.0000000
vn 0.0000000 -1.0000000 0.0000000
vn 0.0000000 -1.0000000 0.0000000
vn -0.2931965 0.5647818 0.7713996
vn -0.2931018 0.5648555 0.7713817
vn 0.2491593 0.7124454 0.6560040
vn 0.1519464 0.9038393 0.3999835
vn 0.3048419 0.8926384 0.3320665
vn 0.0000000 1.0000000 0.0000000
vn -0.0000001 0.4447581 0.8956507
vn -0.0000001 0.3221148 0.9467006
vn -0.0000027 0.2761111 0.9611257
vn 0.0000030 0.2814234 0.9595837
vn -0.0000000 -0.9524606 0.3046618
vn -0.0000000 -0.9524606 0.3046618
vn -0.3561485 -0.9344294 -0.0000000
vn -0.3546180 -0.9304137 0.0926091
vn -0.9117388 -0.4107703 -0.0000001
vn -0.9117388 -0.4107703 -0.0000001
vn -0.9981948 -0.0600590 -0.0000001
vn -0.9998558 -0.0169817 -0.0000001
vn -0.0000001 0.0113736 0.9999353
vn -0.0000001 0.0457018 0.9989551
vn -0.0000001 0.3825871 0.9239194
vn -0.0000001 0.3825871 0.9239194
vn 0.0000000 -0.9985533 -0.0537710
vn 0.0000000 -0.9998560 -0.0169703
vn -1.0000000 -0.0000000 -0.0000001
vn -1.0000000 -0.0000000 -0.0000001
vn -1.0000000 -0.0000000 -0.0000001
vn -1.0000000 0.0000000 -0.0000001
vn -1.0000000 0.0000000 -0.0000001
vn -1.0000000 0.0000000 -0.0000001
vn 1.0000000 -0.0000000 0.0000001
vn 1.0000000 -0.0000000 0.0000001
vn 1.0000000 -0.0000000 0.0000001
vn 1.0000000 0.0000000 0.0000001
vn 1.0000000 0.0000000 0.0000001
vn 1.0000000 0.0000000 0.0000001
vn 1.0000000 0.0000000 0.0000001
vn 1.0000000 0.0000000 0.0000001
vn 1.0000000 0.0000000 0.0000001
vn 1.0000000 0.0000000 0.0000001
vn 1.0000000 0.0000000 0.0000001
vn 1.0000000 0.0000000 0.0000001
vn -1.0000000 0.0000000 -0.0000001
vn -1.0000000 0.0000000 -0.0000001
vn -1.0000000 0.0000000 -0.0000001
vn -1.0000000 0.0000000 -0.0000001
vn -1.0000000 0.0000000 -0.0000001
vn -1.0000000 0.0000000 -0.0000001
vn 0.0000000 -1.0000000 0.0000000
vn 0.0000000 -1.0000000 0.0000000
vn 0.0000000 -1.0000000 0.0000000
vn 0.0000000 -1.0000000 0.0000000
vn 0.0000001 -0.1936043 -0.9810797
vn 0.0000001 -0.1936043 -0.9810797
vn -0.9955082 0.0946748 -0.0000001
vn -0.9956602 0.0930628 -0.0000001
vn -0.9801049 -0.1984801 -0.0000001
vn -0.9801049 -0.1984801 -0.0000001
vn 0.9955082 0.0946748 0.0000001
vn 0.9572465 0.2892735 0.0000001
vn 0.9956602 0.0930628 0.0000001
vn 0.9573511 0.2889270 0.0000001
vn 0.1707163 -0.1855876 -0.9676844
vn 0.8522574 -0.4114230 0.3230919
vn 0.8587172 -0.4659741 0.2132439
vn 0.8587172 -0.4659741 0.2132439
vn 0.8522147 -0.5135276 0.1000978
vn 0.9991848 -0.0370080 0.0161305
vn 0.0000000 1.0000000 0.0000000
vn 0.0000000 1.0000000 0.0000000
vn 0.0000000 1.0000000 0.0000000
vn 0.0000000 1.0000000 0.0000000
vn 1.0000000 0.0000000 0.0000001
vn 1.0000000 0.0000000 0.0000001
vn -0.0000001 -0.4382288 0.8988635
vn 0.3621281 -0.9321283 0.0000000
vn 0.3621281 -0.9321283 0.0000000
vn -0.3621281 0.9321284 -0.0000000
vn -0.3621281 0.9321284 -0.0000000
vn 0.0731351 -0.9973220 0.0000000
vn 0.0731351 -0.9973220 0.0000000
vn 0.1796825 -0.4310953 -0.8842347
vn 0.0230816 -0.4381108 -0.8986246
vn 0.0000001 0.0000000 -1.0000000
vn 0.0482534 -0.1376599 0.9893035
vn -0.0000001 0.0000000 1.0000000
vn -0.0000001 0.0000000 1.0000000
vn 0.0000001 0.0000000 -1.0000000
vn 0.0000001 0.0000000 -1.0000000
vn 0.0000001 0.0000000 -1.0000000
vn 0.0000000 -1.0000000 0.0000000
vn 0.0000000 -1.0000000 0.0000000
vn 1.0000000 0.0000000 0.0000001
vn 1.0000000 -0.0000000 0.0000001
vn 1.0000000 0.0000000 0.0000001
vn 1.0000000 -0.0000000 0.0000001
vn 1.0000000 -0.0000000 0.0000001
vn 1.0000000 -0.0000000 0.0000001
vn 1.0000000 0.0000000 0.0000001
vn 1.0000000 -0.0000000 0.0000001
vn 1.0000000 -0.0000000 0.0000001
vn 1.0000000 -0.0000000 0.0000001
vn 1.0000000 -0.0000000 0.0000001
vn 1.0000000 -0.0000000 0.0000001
vn 1.0000000 -0.0000000 0.0000001
vn 1.0000000 -0.0000000 0.0000001
vn 1.0000000 0.0000000 0.0000001
vn 1.0000000 0.0000000 0.0000001
vn 1.0000000 0.0000000 0.0000001
vn 1.0000000 0.0000000 0.0000001
vn 1.0000000 0.0000000 0.0000001
vn 1.0000000 0.0000000 0.0000001
vn 1.0000000 -0.0000000 0.0000001
vn 1.0000000 -0.0000000 0.0000001
vn 1.0000000 -0.0000000 0.0000001
vn 1.0000000 -0.0000000 0.0000001
vn 1.0000000 -0.0000000 0.0000001
vn 1.0000000 -0.0000000 0.0000001
vn 1.0000000 0.0000000 0.0000001
vn 1.0000000 0.0000000 0.0000001
vn 1.0000000 0.0000000 0.0000001
vn 1.0000000 -0.0000000 0.0000001
vn 1.0000000 -0.0000000 0.0000001
vn 1.0000000 -0.0000000 0.0000001
vn 1.0000000 0.0000000 0.0000001
vn 1.0000000 0.0000000 0.0000001
vn 1.0000000 0.0000000 0.0000001
vn 1.0000000 0.0000000 0.0000001
vn 1.0000000 0.0000000 0.0000001
vn 1.0000000 0.0000000 0.0000001
vn 1.0000000 -0.0000000 0.0000001
vn 1.0000000 -0.0000000 0.0000001
vn 1.0000000 -0.0000000 0.0000001
vn 1.0000000 -0.0000000 0.0000001
vn 1.0000000 -0.0000000 0.0000001
vn 1.0000000 -0.0000000 0.0000001
vn 1.0000000 -0.0000000 0.0000001
vn 1.0000000 -0.0000000 0.0000001
vn 1.0000000 -0.0000000 0.0000001
vn 1.0000000 -0.0000000 0.0000001
vn 1.0000000 -0.0000000 0.0000001
vn 1.0000000 -0.0000000 0.0000001
vn 1.0000000 0.0000000 0.0000001
vn 1.0000000 0.0000000 0.0000001
vn 1.0000000 0.0000000 0.0000001
vn 1.0000000 -0.0000000 0.0000001
vn 1.0000000 -0.0000000 0.0000001
vn 1.0000000 -0.0000000 0.0000001
vn 1.0000000 -0.0000000 0.0000001
vn 1.0000000 -0.0000000 0.0000001
vn 1.0000000 -0.0000000 0.0000001
vn 1.0000000 0.0000000 0.0000001
vn 1.0000000 0.0000000 0.0000001
vn 1.0000000 0.0000000 0.0000001
vn 1.0000000 0.0000000 0.0000001
vn 1.0000000 0.0000000 0.0000001
vn 1.0000000 0.0000000 0.0000001
vn 1.0000000 0.0000000 0.0000001
vn 1.0000000 0.0000000 0.0000001
vn 1.0000000 0.0000000 0.0000001
vn 1.0000000 0.0000000 0.0000001
vn 1.0000000 0.0000000 0.0000001
vn 1.0000000 0.0000000 0.0000001
vn 1.0000000 0.0000000 0.0000001
vn 1.0000000 0.0000000 0.0000001
vn 1.0000000 0.0000000 0.0000001
vn 1.0000000 0.0000000 0.0000001
vn 1.0000000 0.0000000 0.0000001
vn 1.0000000 0.0000000 0.0000001
vn 0.3348809 -0.8786296 0.3403893
vn 0.3327233 -0.8780347 0.3440206
vn 0.3327233 -0.8780347 0.3440206
vn 0.3327233 -0.8780347 0.3440206
vn -0.0233780 0.9905858 0.1348824
vn -0.0000000 0.9524606 0.3046618
vn -0.0309700 0.9502829 0.3098441
vn -0.3561485 -0.9344294 -0.0000000
vn -0.0171048 -0.9998537 -0.0000000
vn -0.3562876 0.9343763 -0.0000000
vn -0.3562876 0.9343763 -0.0000000
vn 1.0000000 0.0000000 0.0000001
vn 1.0000000 0.0000000 0.0000001
vn 1.0000000 0.0000000 0.0000001
vn 1.0000000 0.0000000 0.0000001
vn -1.0000000 -0.0000000 -0.0000001
vn 0.9999853 -0.0000000 -0.0054270
vn 0.9118530 0.0000000 -0.4105169
vn 0.0000000 -1.0000000 0.0000000
vn 0.0000000 -1.0000000 0.0000000
vn 0.0000000 -1.0000000 0.0000000
vn 0.0000000 -1.0000000 0.0000000
vn 0.0000000 -1.0000000 0.0000000
vn 0.0000000 -1.0000000 0.0000000
vn 1.0000000 0.0000000 0.0000001
vn 1.0000000 0.0000000 0.0000001
vn 1.0000000 0.0000000 0.0000001
vn 1.0000000 0.0000000 0.0000001
vn 0.4168483 0.9089758 0.0006735
vn -0.7370542 0.5882605 0.3327170
vn 0.4927043 0.2188508 0.8422273
vn 0.4925891 -0.2189620 0.8422657
vn 0.9988431 -0.0480890 0.0000001
vn 0.0000001 0.0000000 -1.0000000
vn 0.0000001 0.0000000 -1.0000000
vn 0.0000001 0.0000000 -1.0000000
vn 0.0000001 0.0000000 -1.0000000
vn -0.0000001 -0.3499582 0.9367653
vn -0.0000001 -0.4785919 0.8780375
vn -0.0000000 -0.8223717 0.5689506
vn -0.0000000 -0.8774956 0.4795846
vn 0.0000000 -0.8264051 -0.5630760
vn 0.0000000 -0.8739256 -0.4860597
vn -1.0000000 0.0000000 -0.0000001
vn -1.0000000 0.0000000 -0.0000001
vn 1.0000000 0.0000000 0.0000001
vn 1.0000000 0.0000000 0.0000001
vn 1.0000000 0.0000000 0.0000001
vn 1.0000000 0.0000000 0.0000001
vn 1.0000000 -0.0000000 0.0000001
vn 1.0000000 -0.0000000 0.0000001
vn 1.0000000 -0.0000000 0.0000001
vn 1.0000000 0.0000000 0.0000001
vn 1.0000000 0.0000000 0.0000001
vn 1.0000000 0.0000000 0.0000001
vn -1.0000000 -0.0000000 -0.0000001
vn -1.0000000 -0.0000000 -0.0000001
vn -1.0000000 -0.0000000 -0.0000001
vn -1.0000000 -0.0000000 -0.0000001
vn -1.0000000 -0.0000000 -0.0000001
vn -1.0000000 -0.0000000 -0.0000001
vn -1.0000000 -0.0000000 -0.0000001
vn -1.0000000 -0.0000000 -0.0000001
vn -1.0000000 -0.0000000 -0.0000001
vn -1.0000000 0.0000000 -0.0000001
vn -1.0000000 0.0000000 -0.0000001
vn -1.0000000 0.0000000 -0.0000001
vn 0.0000001 -0.2105670 -0.9775794
vn 0.0000001 -0.2967607 -0.9549519
vn 0.0000001 -0.3376992 -0.9412541
vn 0.0000001 -0.4638272 -0.8859257
vn -0.0000001 -0.4927260 0.8701845
vn -0.0000001 -0.4927260 0.8701845
vn -0.0000001 -0.4578879 0.8890099
vn -0.0000001 -0.4578879 0.8890099
vn 1.0000000 -0.0000000 0.0000001
vn 1.0000000 -0.0000000 0.0000001
vn 1.0000000 -0.0000000 0.0000001
vn 1.0000000 -0.0000000 0.0000001
vn 1.0000000 0.0000000 0.0000001
vn 1.0000000 0.0000000 0.0000001
vn 1.0000000 0.0000000 0.0000001
vn 1.0000000 -0.0000000 0.0000001
vn 1.0000000 -0.0000000 0.0000001
vn 1.0000000 -0.0000000 0.0000001
vn 1.0000000 0.0000000 0.0000001
vn 1.0000000 0.0000000 0.0000001
vn 1.0000000 -0.0000000 0.0000001
vn 1.0000000 0.0000000 0.0000001
vn 1.0000000 0.0000000 0.0000001
vn 1.0000000 -0.0000000 0.0000001
vn 1.0000000 0.0000000 0.0000001
vn 1.0000000 0.0000000 0.0000001
vn 1.0000000 0.0000000 0.0000001
vn 1.0000000 0.0000000 0.0000001
vn -0.9801050 0.1984798 -0.0000001
vn -0.9801050 0.1984798 -0.0000001
vn 0.9841977 0.1770733 0.0000001
vn 0.9920169 0.1261052 0.0000001
vn 0.0000001 -0.0040810 -0.9999917
vn 0.0000001 -0.0138433 -0.9999042
vn -0.0028839 0.3816495 -0.9243026
vn -0.8840861 -0.3132194 0.3468218
vn -0.8573876 -0.3406662 0.3857889
vn -0.8573876 -0.3406662 0.3857889
vn -0.8573876 -0.3406662 0.3857889
vn -0.9134194 0.4067359 -0.0151990
vn 0.8861865 -0.2359472 0.3987511
vn -0.0045418 0.9997334 -0.0226375
vn -0.0014484 0.9240749 -0.3822086
vn -0.3495292 0.9365262 -0.0273499
vn -0.1700452 0.9679556 -0.1847878
vn -0.0000000 1.0000000 -0.0000000
vn -0.0000000 1.0000000 -0.0000000
vn -0.0000000 1.0000000 -0.0000000
vn -0.0000000 1.0000000 -0.0000000
vn -0.0000001 0.0000000 1.0000000
vn -0.0000001 0.0000000 1.0000000
vn -0.0000001 0.0000000 1.0000000
vn -0.0000001 0.0000000 1.0000000
vn 0.0000001 -0.4382276 -0.8988641
vn -0.0000001 -0.4382288 0.8988635
vn 0.0000001 0.0000000 -1.0000000
vn -1.0000000 0.0000000 -0.0000001
vn -1.0000000 0.0000000 -0.0000001
vn -1.0000000 0.0000000 -0.0000001
vn -1.0000000 0.0000000 -0.0000001
vn -0.0000001 -0.4382276 0.8988641
vn -0.0000001 -0.4382276 0.8988641
vn -0.1796834 -0.4310952 0.8842346
vn -0.0000001 0.0000000 1.0000000
vn -0.0000001 0.0000000 1.0000000
vn -0.0000001 0.0000000 1.0000000
vn 0.1796824 -0.4310953 0.8842348
vn -1.0000000 0.0000000 -0.0000001
vn -1.0000000 0.0000000 -0.0000001
vn 0.0000000 -1.0000000 0.0000000
vn 0.0000001 0.0000000 -1.0000000
vn 0.0000001 0.0000000 -1.0000000
vn -0.0000001 -0.0000000 1.0000000
vn -0.0000001 -0.0000000 1.0000000
vn -0.0000001 -0.0000000 1.0000000
vn -0.0000001 -0.0000000 1.0000000
vn -0.0000001 -0.0000000 1.0000000
vn -0.3546180 0.9304137 0.0926091
vn -0.3348810 0.8786296 0.3403893
vn -0.3327264 0.8780356 0.3440155
vn 0.8660717 0.3864642 0.3171202
vn 0.8655501 0.3827518 0.3229925
vn 0.0000001 0.0000000 -1.0000000
vn 0.0000001 0.0000000 -1.0000000
vn 0.0000001 0.0000000 -1.0000000
vn 0.0000001 0.0000000 -1.0000000
vn 0.0000001 0.0000000 -1.0000000
vn 0.0000001 0.0000000 -1.0000000
vn -0.6968693 0.6449381 0.3137323
vn -0.6926757 0.6485166 0.3156368
vn -0.6926757 0.6485166 0.3156368
vn -0.6884115 0.6521123 0.3175516
vn 0.9118482 0.0032352 0.4105148
vn -0.9995611 0.0000000 -0.0296254
vn -0.9118529 0.0000000 -0.4105170
vn 0.0000000 -1.0000000 0.0000000
vn 0.0000000 -1.0000000 0.0000000
vn 0.0000000 -1.0000000 0.0000000
vn 0.0000000 -1.0000000 0.0000000
vn -0.0000000 1.0000000 -0.0000000
vn -0.0000000 1.0000000 -0.0000000
vn 0.0000000 -1.0000000 0.0000000
vn 0.0000000 -1.0000000 0.0000000
vn -0.7370663 0.5881917 -0.3328119
vn 1.0000000 0.0000000 0.0000001
vn 1.0000000 0.0000000 0.0000001
vn 1.0000000 0.0000000 0.0000001
vn 1.0000000 -0.0000000 0.0000001
vn 1.0000000 -0.0000000 0.0000001
vn 1.0000000 -0.0000000 0.0000001
vn 1.0000000 -0.0000000 0.0000001
vn 1.0000000 0.0000000 0.0000001
vn 1.0000000 0.0000000 0.0000001
vn 1.0000000 0.0000000 0.0000001
vn 1.0000000 0.0000000 0.0000001
vn 1.0000000 0.0000000 0.0000001
vn 1.0000000 0.0000000 0.0000001
vn 1.0000000 0.0000000 0.0000001
vn 1.0000000 0.0000000 0.0000001
vn 1.0000000 0.0000000 0.0000001
vn 1.0000000 0.0000000 0.0000001
vn 1.0000000 0.0000000 0.0000001
vn 1.0000000 0.0000000 0.0000001
vn 1.0000000 0.0000000 0.0000001
vn 1.0000000 -0.0000000 0.0000001
vn 1.0000000 -0.0000000 0.0000001
vn 1.0000000 0.0000000 0.0000001
vn 1.0000000 0.0000000 0.0000001
vn 1.0000000 0.0000000 0.0000001
vn 1.0000000 -0.0000000 0.0000001
vn 1.0000000 -0.0000000 0.0000001
vn 1.0000000 -0.0000000 0.0000001
vn 1.0000000 0.0000000 0.0000001
vn 1.0000000 0.0000000 0.0000001
vn 1.0000000 0.0000000 0.0000001
vn 1.0000000 -0.0000000 0.0000001
vn 1.0000000 0.0000000 0.0000001
vn 1.0000000 -0.0000000 0.0000001
vn 1.0000000 -0.0000000 0.0000001
vn -0.4925892 -0.2189620 0.8422657
vn 0.1774239 -0.4669719 0.8662898
vn 0.1774239 -0.4669719 0.8662898
vn 0.1774239 -0.4669719 0.8662898
vn 0.1739857 -0.4641892 0.8684799
vn -0.3561485 0.9344294 -0.0000000
vn -0.0000001 -0.0000000 1.0000000
vn -0.0000001 -0.0000000 1.0000000
vn -0.0000001 -0.0000000 1.0000000
vn -0.0000001 0.0000000 1.0000000
vn -0.0000001 0.0000000 1.0000000
vn -0.0000001 0.0000000 1.0000000
vn -0.0000001 0.0000000 1.0000000
vn -0.0000001 0.0000000 1.0000000
vn -0.0000001 -0.4550267 0.8904778
vn -0.0000001 -0.4044169 0.9145748
vn -0.0000001 -0.4836832 0.8752432
vn -0.0000000 -0.5689919 0.8223432
vn 0.0000000 -0.6506536 -0.7593747
vn 0.0000000 -0.7145347 -0.6996000
vn 0.0000000 -0.8997796 -0.4363446
vn 0.0000000 -0.9489579 -0.3154027
vn 1.0000000 -0.0000000 0.0000001
vn 1.0000000 0.0000000 0.0000001
vn 1.0000000 -0.0000000 0.0000001
vn 1.0000000 -0.0000000 0.0000001
vn 1.0000000 -0.0000000 0.0000001
vn 1.0000000 -0.0000000 0.0000001
vn 1.0000000 -0.0000000 0.0000001
vn 1.0000000 -0.0000000 0.0000001
vn -1.0000000 0.0000000 -0.0000001
vn -1.0000000 0.0000000 -0.0000001
vn -1.0000000 0.0000000 -0.0000001
vn -1.0000000 0.0000000 -0.0000001
vn -1.0000000 0.0000000 -0.0000001
vn -1.0000000 0.0000000 -0.0000001
vn -1.0000000 -0.0000000 -0.0000001
vn -1.0000000 -0.0000000 -0.0000001
vn -1.0000000 -0.0000000 -0.0000001
vn -1.0000000 -0.0000000 -0.0000001
vn -1.0000000 -0.0000000 -0.0000001
vn -1.0000000 -0.0000000 -0.0000001
vn 0.0000001 -0.1234143 -0.9923552
vn 0.0000001 -0.1234143 -0.9923552
vn 0.0000001 -0.4915757 -0.8708348
vn 0.0000001 -0.4334562 -0.9011746
vn 0.0000000 -1.0000000 0.0000000
vn 0.0000000 -1.0000000 0.0000000
vn 0.0000000 -1.0000000 0.0000000
vn 0.0000000 -1.0000000 0.0000000
vn 0.0000000 -1.0000000 0.0000000
vn 0.0000000 -1.0000000 0.0000000
vn 0.0000000 -1.0000000 0.0000000
vn 0.0000000 -1.0000000 0.0000000
vn 0.0000000 -1.0000000 0.0000000
vn 0.0000000 -1.0000000 0.0000000
vn 0.0000000 -1.0000000 0.0000000
vn 0.0000000 -1.0000000 0.0000000
vn 1.0000000 0.0000000 0.0000001
vn 1.0000000 0.0000000 0.0000001
vn 1.0000000 0.0000000 0.0000001
vn 1.0000000 0.0000000 0.0000001
vn 1.0000000 0.0000000 0.0000001
vn 1.0000000 0.0000000 0.0000001
vn 1.0000000 0.0000000 0.0000001
vn 1.0000000 -0.0000000 0.0000001
vn 1.0000000 0.0000000 0.0000001
vn 1.0000000 -0.0000000 0.0000001
vn 1.0000000 -0.0000000 0.0000001
vn 1.0000000 -0.0000000 0.0000001
vn 1.0000000 0.0000000 0.0000001
vn 1.0000000 0.0000000 0.0000001
vn 1.0000000 0.0000000 0.0000001
vn 1.0000000 0.0000000 0.0000001
vn 1.0000000 0.0000000 0.0000001
vn 1.0000000 0.0000000 0.0000001
vn 1.0000000 0.0000000 0.0000001
vn 0.9998821 0.0153542 0.0000001
vn 0.9999898 0.0045214 0.0000001
vn 0.9999898 -0.0045214 0.0000001
vn 0.9998821 -0.0153542 0.0000001
vn 0.0011780 0.9997400 -0.0227696
vn 0.3526929 0.9356296 -0.0143140
vn 0.3495291 0.9365262 0.0273499
vn 0.0028820 0.9242327 -0.3818188
vn -0.3595267 -0.6176515 0.6994621
vn -0.3595267 -0.6176515 0.6994621
vn -0.3595267 -0.6176515 0.6994621
vn 0.1707162 0.1855876 0.9676845
vn -0.9592994 0.1997185 -0.1996425
vn 1.0000000 0.0000000 0.0000001
vn 1.0000000 0.0000000 0.0000001
vn 1.0000000 0.0000000 0.0000001
vn 1.0000000 0.0000000 0.0000001
vn 1.0000000 0.0000000 0.0000001
vn 1.0000000 0.0000000 0.0000001
vn -0.0000001 0.0000000 1.0000000
vn -0.0000001 0.0000000 1.0000000
vn -0.0000001 0.0000000 1.0000000
vn -0.0000001 0.0000000 1.0000000
vn -0.0000001 0.0000000 1.0000000
vn 0.1796838 -0.4310964 0.8842339
vn 1.0000000 0.0000000 0.0000001
vn 1.0000000 0.0000000 0.0000001
vn 1.0000000 0.0000000 0.0000001
vn 1.0000000 0.0000000 0.0000001
vn -0.0000001 0.0000000 1.0000000
vn -0.0000001 0.0000000 1.0000000
vn 0.0000000 -1.0000000 0.0000000
vn 0.0000000 -1.0000000 0.0000000
vn 0.0000000 -1.0000000 0.0000000
vn 0.0000000 -1.0000000 0.0000000
vn -0.0000000 1.0000000 -0.0000000
vn -0.0000000 1.0000000 -0.0000000
vn -0.0000000 1.0000000 -0.0000000
vn -0.0000000 1.0000000 -0.0000000
vn -0.0000000 1.0000000 -0.0000000
vn 0.0000001 0.0000000 -1.0000000
vn 0.0000001 0.0000000 -1.0000000
vn -0.0000001 -0.0062079 0.9999807
vn -0.0000001 -0.0062079 0.9999807
vn -0.0000001 -0.0000000 1.0000000
vn -0.0000001 -0.0000000 1.0000000
vn 0.0000001 -0.0120393 -0.9999275
vn 0.0000001 -0.0031532 -0.9999950
vn 0.0000001 0.0000000 -1.0000000
vn -0.1774240 0.4669719 0.8662898
vn 0.4891100 0.2132208 0.8457590
vn 0.4927043 0.2188508 0.8422273
vn -0.0000001 0.0000000 1.0000000
vn -0.0000001 -0.0000000 1.0000000
vn -0.0000001 -0.0000000 1.0000000
vn -0.0000001 -0.0000000 1.0000000
vn -0.3561848 0.0000000 0.9344155
vn -0.3561848 0.0000000 0.9344155
vn 0.9118530 0.0000000 -0.4105169
vn 0.9984570 0.0000000 -0.0555295
vn 1.0000000 -0.0000000 0.0000001
vn 0.9995139 0.0000000 0.0311774
vn 1.0000000 0.0000000 0.0000001
vn 1.0000000 -0.0000000 0.0000001
vn 1.0000000 -0.0000000 0.0000001
vn 1.0000000 0.0000000 0.0000001
vn 1.0000000 -0.0000000 0.0000001
vn 1.0000000 -0.0000000 0.0000001
vn 1.0000000 -0.0000000 0.0000001
vn 1.0000000 0.0000000 0.0000001
vn 1.0000000 0.0000000 0.0000001
vn 1.0000000 0.0000000 0.0000001
vn 1.0000000 -0.0000000 0.0000001
vn 1.0000000 0.0000000 0.0000001
vn 1.0000000 0.0000000 0.0000001
vn 1.0000000 0.0000000 0.0000001
vn 1.0000000 0.0000000 0.0000001
vn 1.0000000 -0.0000000 0.0000001
vn 1.0000000 0.0000000 0.0000001
vn 1.0000000 0.0000000 0.0000001
vn 1.0000000 0.0000000 0.0000001
vn 1.0000000 -0.0000000 0.0000001
vn 1.0000000 -0.0000000 0.0000001
vn 1.0000000 -0.0000000 0.0000001
vn 1.0000000 -0.0000000 0.0000001
vn 1.0000000 -0.0000000 0.0000001
vn 1.0000000 0.0000000 0.0000001
vn 1.0000000 0.0000000 0.0000001
vn 1.0000000 0.0000000 0.0000001
vn 1.0000000 -0.0000000 0.0000001
vn 1.0000000 -0.0000000 0.0000001
vn 1.0000000 -0.0000000 0.0000001
vn 1.0000000 -0.0000000 0.0000001
vn 1.0000000 -0.0000000 0.0000001
vn 1.0000000 -0.0000000 0.0000001
vn 1.0000000 -0.0000000 0.0000001
vn 1.0000000 -0.0000000 0.0000001
vn 1.0000000 -0.0000000 0.0000001
vn 1.0000000 -0.0000000 0.0000001
vn 1.0000000 -0.0000000 0.0000001
vn 1.0000000 -0.0000000 0.0000001
vn 1.0000000 -0.0000000 0.0000001
vn 1.0000000 -0.0000000 0.0000001
vn 1.0000000 -0.0000000 0.0000001
vn 1.0000000 -0.0000000 0.0000001
vn 1.0000000 -0.0000000 0.0000001
vn 1.0000000 -0.0000000 0.0000001
vn 1.0000000 -0.0000000 0.0000001
vn -1.0000000 0.0000000 -0.0000001
vn -1.0000000 0.0000000 -0.0000001
vn 0.0000000 -1.0000000 0.0000000
vn 0.0000000 -1.0000000 0.0000000
vn -0.2931582 0.5649388 -0.7712992
vn -0.2931039 0.5648538 -0.7713821
vn 0.3561836 0.0026025 -0.9344124
vn 0.3533843 0.1159264 -0.9282675
vn 0.3561757 0.0023461 -0.9344161
vn 0.3529213 0.1151894 -0.9285354
vn 0.0000000 1.0000000 0.0000000
vn 0.0000000 1.0000000 0.0000000
vn 0.3430217 0.2693705 0.8998753
vn 0.3434179 0.2652059 0.9009606
vn 0.3533860 0.1159236 0.9282672
vn 0.3529214 0.1151842 0.9285360
vn -0.3348810 -0.8786296 0.3403893
vn -0.3327234 -0.8780347 0.3440206
vn -0.3327234 -0.8780347 0.3440206
vn -0.3327234 -0.8780347 0.3440206
vn -0.0000000 0.9524606 0.3046618
vn -0.0000000 0.9524606 0.3046618
vn 0.3561485 -0.9344294 0.0000000
vn 0.3562876 0.9343763 0.0000000
vn 0.3562876 0.9343763 0.0000000
vn 0.0634883 0.9979826 0.0000000
vn 0.0181758 0.9998348 0.0000000
vn -1.0000000 0.0000000 -0.0000001
vn -1.0000000 0.0000000 -0.0000001
vn -1.0000000 0.0000000 -0.0000001
vn -1.0000000 0.0000000 -0.0000001
vn -1.0000000 0.0000000 -0.0000001
vn -1.0000000 0.0000000 -0.0000001
vn -0.0000001 -0.4781764 0.8782638
vn -0.0000001 -0.4781764 0.8782638
vn -0.0000001 -0.4370334 0.8994453
vn -0.0000001 -0.4370334 0.8994453
vn 1.0000000 -0.0000000 0.0000001
vn 1.0000000 -0.0000000 0.0000001
vn 1.0000000 -0.0000000 0.0000001
vn 1.0000000 -0.0000000 0.0000001
vn 1.0000000 0.0000000 0.0000001
vn 1.0000000 0.0000000 0.0000001
vn 1.0000000 0.0000000 0.0000001
vn 1.0000000 0.0000000 0.0000001
vn 1.0000000 0.0000000 0.0000001
vn 1.0000000 0.0000000 0.0000001
vn -1.0000000 -0.0000000 -0.0000001
vn -1.0000000 -0.0000000 -0.0000001
vn -1.0000000 -0.0000000 -0.0000001
vn -1.0000000 -0.0000000 -0.0000001
vn -1.0000000 0.0000000 -0.0000001
vn -1.0000000 0.0000000 -0.0000001
vn -1.0000000 0.0000000 -0.0000001
vn -1.0000000 -0.0000000 -0.0000001
vn -1.0000000 -0.0000000 -0.0000001
vn -1.0000000 -0.0000000 -0.0000001
vn 0.0000000 -1.0000000 0.0000000
vn 0.0000000 -1.0000000 0.0000000
vn 0.0000001 -0.5177015 -0.8555613
vn 0.0000001 -0.5177015 -0.8555613
vn 0.0000000 -1.0000000 0.0000000
vn 0.0000000 -1.0000000 0.0000000
vn 0.0000000 -1.0000000 0.0000000
vn 0.0000000 -1.0000000 -0.0000000
vn 0.0000001 -0.5177015 -0.8555613
vn 0.0000001 -0.5177015 -0.8555613
vn -1.0000000 -0.0000000 -0.0000001
vn -1.0000000 -0.0000000 -0.0000001
vn -1.0000000 -0.0000000 -0.0000001
vn -1.0000000 0.0000000 -0.0000001
vn -1.0000000 0.0000000 -0.0000001
vn -1.0000000 0.0000000 -0.0000001
vn -1.0000000 0.0000000 -0.0000001
vn -1.0000000 -0.0000000 -0.0000001
vn -1.0000000 -0.0000000 -0.0000001
vn -1.0000000 -0.0000000 -0.0000001
vn -1.0000000 0.0000000 -0.0000001
vn -1.0000000 0.0000000 -0.0000001
vn -1.0000000 0.0000000 -0.0000001
vn -1.0000000 -0.0000000 -0.0000001
vn -1.0000000 -0.0000000 -0.0000001
vn -1.0000000 -0.0000000 -0.0000001
vn -1.0000000 -0.0000000 -0.0000001
vn -1.0000000 -0.0000000 -0.0000001
vn -1.0000000 -0.0000000 -0.0000001
vn -1.0000000 0.0000000 -0.0000001
vn -1.0000000 0.0000000 -0.0000001
vn -1.0000000 0.0000000 -0.0000001
vn -1.0000000 -0.0000000 -0.0000001
vn -1.0000000 -0.0000000 -0.0000001
vn -1.0000000 -0.0000000 -0.0000001
vn 0.9801049 -0.1984801 0.0000001
vn 0.9801049 -0.1984801 0.0000001
vn 0.9008887 -0.4340412 -0.0027861
vn -0.9008887 -0.4340412 -0.0027862
vn 0.1700447 0.9679565 0.1847838
vn -0.1707162 0.1855876 -0.9676845
vn -0.1472382 -0.9889103 0.0194262
vn -0.1472382 -0.9889103 0.0194262
vn -0.1472382 -0.9889103 0.0194262
vn 0.0000000 -1.0000000 0.0000000
vn 0.0000000 -1.0000000 0.0000000
vn 0.0000000 -1.0000000 0.0000000
vn 0.0000000 -1.0000000 0.0000000
vn 1.0000000 0.0000000 0.0000001
vn 1.0000000 0.0000000 0.0000001
vn 1.0000000 0.0000000 0.0000001
vn 1.0000000 0.0000000 0.0000001
vn 0.0000001 0.0000000 -1.0000000
vn 0.0000000 -1.0000000 0.0000000
vn 0.0000000 -1.0000000 0.0000000
vn 0.0000001 0.0000000 -1.0000000
vn 1.0000000 -0.0000000 0.0000001
vn 1.0000000 -0.0000000 0.0000001
vn -0.0000000 1.0000000 -0.0000000
vn -0.0000000 1.0000000 -0.0000000
vn -0.0000000 1.0000000 -0.0000000
vn -0.0000000 1.0000000 -0.0000000
vn -0.0000000 1.0000000 -0.0000000
vn 0.0000001 0.0000000 -1.0000000
vn 0.0000000 1.0000000 0.0000000
vn 0.0000000 1.0000000 0.0000000
vn 0.0000000 1.0000000 0.0000000
vn 0.0000000 1.0000000 0.0000000
vn -0.8660717 0.3864642 0.3171201
vn -0.8660938 -0.3866145 0.3168766
vn -0.0601990 0.9981864 -0.0000000
vn 0.0000000 -1.0000000 0.0000000
vn 0.0000000 -1.0000000 0.0000000
vn -0.9983024 -0.0000000 0.0582436
vn -0.9118530 0.0000000 0.4105169
vn 0.9118529 0.0000000 0.4105170
vn 0.3561848 0.0000000 -0.9344155
vn 0.3561848 0.0000000 -0.9344155
vn -1.0000000 -0.0000000 -0.0000001
vn -1.0000000 -0.0000000 -0.0000001
vn -1.0000000 -0.0000000 -0.0000001
vn -1.0000000 0.0000000 -0.0000001
vn -1.0000000 -0.0000000 -0.0000001
vn -1.0000000 -0.0000000 -0.0000001
vn -1.0000000 -0.0000000 -0.0000001
vn -1.0000000 0.0000000 -0.0000001
vn -1.0000000 -0.0000000 -0.0000001
vn -1.0000000 -0.0000000 -0.0000001
vn -1.0000000 0.0000000 -0.0000001
vn -1.0000000 -0.0000000 -0.0000001
vn -1.0000000 0.0000000 -0.0000001
vn -1.0000000 0.0000000 -0.0000001
vn -1.0000000 0.0000000 -0.0000001
vn -1.0000000 -0.0000000 -0.0000001
vn -1.0000000 -0.0000000 -0.0000001
vn -1.0000000 -0.0000000 -0.0000001
vn -1.0000000 -0.0000000 -0.0000001
vn -1.0000000 0.0000000 -0.0000001
vn -1.0000000 0.0000000 -0.0000001
vn -1.0000000 -0.0000000 -0.0000001
vn -1.0000000 -0.0000000 -0.0000001
vn -1.0000000 -0.0000000 -0.0000001
vn -1.0000000 0.0000000 -0.0000001
vn -1.0000000 0.0000000 -0.0000001
vn -1.0000000 0.0000000 -0.0000001
vn -1.0000000 -0.0000000 -0.0000001
vn -1.0000000 -0.0000000 -0.0000001
vn -1.0000000 -0.0000000 -0.0000001
vn -1.0000000 0.0000000 -0.0000001
vn -1.0000000 0.0000000 -0.0000001
vn -1.0000000 0.0000000 -0.0000001
vn -1.0000000 0.0000000 -0.0000001
vn -1.0000000 0.0000000 -0.0000001
vn -1.0000000 0.0000000 -0.0000001
vn -1.0000000 0.0000000 -0.0000001
vn -1.0000000 -0.0000000 -0.0000001
vn -1.0000000 -0.0000000 -0.0000001
vn -1.0000000 -0.0000000 -0.0000001
vn -1.0000000 -0.0000000 -0.0000001
vn -1.0000000 -0.0000000 -0.0000001
vn -1.0000000 -0.0000000 -0.0000001
vn -1.0000000 -0.0000000 -0.0000001
vn -1.0000000 -0.0000000 -0.0000001
vn -1.0000000 -0.0000000 -0.0000001
vn 0.0000000 -1.0000000 0.0000000
vn 0.0000000 -1.0000000 0.0000000
vn 0.0000000 -1.0000000 0.0000000
vn 0.7370664 0.5881917 -0.3328118
vn 0.2931964 0.5647818 0.7713996
vn 0.2931017 0.5648555 0.7713817
vn 0.0000000 1.0000000 0.0000000
vn 0.3428574 0.2710145 0.8994442
vn 0.3428574 0.2710145 0.8994442
vn 0.0000285 0.2887749 0.9573970
vn -0.0002244 0.2884757 0.9574872
vn -0.0000415 0.2888097 0.9573865
vn -0.0000001 0.2885268 0.9574718
vn -0.0000001 0.2885268 0.9574718
vn -0.0000001 0.2885268 0.9574718
vn -0.0000001 0.2885268 0.9574718
vn -0.0000001 0.2885268 0.9574718
vn -0.0000001 0.2885268 0.9574718
vn -0.0000001 0.2885090 0.9574772
vn -0.0000001 0.2885090 0.9574772
vn -0.0000001 0.2885090 0.9574772
vn -0.0000001 0.2885090 0.9574772
vn -0.0000001 0.2885090 0.9574772
vn -0.0000001 0.2885090 0.9574772
vn -0.0000001 0.2883932 0.9575121
vn -0.0000001 0.2883932 0.9575121
vn -0.0000001 0.2883932 0.9575121
vn -0.0000001 0.2883932 0.9575121
vn -0.0000001 0.2883932 0.9575121
vn -0.0000001 0.2883932 0.9575121
vn -0.0000390 0.2885004 0.9574798
vn 0.0000031 0.2884849 0.9574844
vn -0.0000001 0.2884834 0.9574849
vn -0.0000001 0.2884834 0.9574849
vn -0.0000032 0.2884851 0.9574844
vn 0.0000256 0.2885021 0.9574793
vn 0.0000285 0.2887026 0.9574188
vn 0.0001399 0.2884841 0.9574847
vn -0.0000268 0.2887511 0.9574042
vn -0.0000001 0.2892499 0.9572536
vn -0.0000001 0.2892499 0.9572536
vn -0.1774228 -0.4669727 0.8662896
vn -0.1774228 -0.4669727 0.8662896
vn -0.1774228 -0.4669727 0.8662896
vn -0.1739867 -0.4641916 0.8684784
vn -0.0000000 0.5468395 0.8372375
vn -0.0000000 0.5468395 0.8372375
vn 0.9118472 -0.4105298 0.0000001
vn 0.9117361 0.4107764 0.0000001
vn 0.9117361 0.4107764 0.0000001
vn -0.0000000 0.9239194 0.3825871
vn -0.0000000 0.9239194 0.3825871
vn -1.0000000 -0.0000000 -0.0000001
vn -1.0000000 0.0000000 -0.0000001
vn -1.0000000 -0.0000000 -0.0000001
vn -1.0000000 0.0000000 -0.0000001
vn -1.0000000 0.0000000 -0.0000001
vn -1.0000000 0.0000000 -0.0000001
vn -1.0000000 -0.0000000 -0.0000001
vn -1.0000000 0.0000000 -0.0000001
vn -1.0000000 0.0000000 -0.0000001
vn -1.0000000 0.0000000 -0.0000001
vn -1.0000000 0.0000000 -0.0000001
vn -1.0000000 0.0000000 -0.0000001
vn -1.0000000 0.0000000 -0.0000001
vn -1.0000000 0.0000000 -0.0000001
vn -1.0000000 0.0000000 -0.0000001
vn -1.0000000 0.0000000 -0.0000001
vn -1.0000000 0.0000000 -0.0000001
vn -1.0000000 -0.0000000 -0.0000001
vn -1.0000000 -0.0000000 -0.0000001
vn -1.0000000 -0.0000000 -0.0000001
vn -1.0000000 -0.0000000 -0.0000001
vn -1.0000000 -0.0000000 -0.0000001
vn -1.0000000 -0.0000000 -0.0000001
vn -1.0000000 -0.0000000 -0.0000001
vn -1.0000000 -0.0000000 -0.0000001
vn -1.0000000 -0.0000000 -0.0000001
vn -1.0000000 -0.0000000 -0.0000001
vn -1.0000000 -0.0000000 -0.0000001
vn -1.0000000 -0.0000000 -0.0000001
vn -1.0000000 -0.0000000 -0.0000001
vn -1.0000000 -0.0000000 -0.0000001
vn -1.0000000 -0.0000000 -0.0000001
vn -1.0000000 -0.0000000 -0.0000001
vn -1.0000000 -0.0000000 -0.0000001
vn -1.0000000 -0.0000000 -0.0000001
vn -1.0000000 0.0000000 -0.0000001
vn -1.0000000 0.0000000 -0.0000001
vn -1.0000000 0.0000000 -0.0000001
vn -1.0000000 0.0000000 -0.0000001
vn -1.0000000 0.0000000 -0.0000001
vn -1.0000000 0.0000000 -0.0000001
vn -1.0000000 0.0000000 -0.0000001
vn -1.0000000 0.0000000 -0.0000001
vn -1.0000000 0.0000000 -0.0000001
vn -1.0000000 0.0000000 -0.0000001
vn -1.0000000 0.0000000 -0.0000001
vn -1.0000000 0.0000000 -0.0000001
vn -1.0000000 0.0000000 -0.0000001
vn -1.0000000 0.0000000 -0.0000001
vn -1.0000000 0.0000000 -0.0000001
vn -1.0000000 -0.0000000 -0.0000001
vn -1.0000000 -0.0000000 -0.0000001
vn -1.0000000 -0.0000000 -0.0000001
vn -1.0000000 -0.0000000 -0.0000001
vn -1.0000000 -0.0000000 -0.0000001
vn -1.0000000 -0.0000000 -0.0000001
vn -1.0000000 0.0000000 -0.0000001
vn -1.0000000 0.0000000 -0.0000001
vn -1.0000000 0.0000000 -0.0000001
vn -1.0000000 -0.0000000 -0.0000001
vn -1.0000000 -0.0000000 -0.0000001
vn -1.0000000 -0.0000000 -0.0000001
vn -1.0000000 -0.0000000 -0.0000001
vn -1.0000000 0.0000000 -0.0000001
vn -1.0000000 0.0000000 -0.0000001
vn -1.0000000 0.0000000 -0.0000001
vn -1.0000000 0.0000000 -0.0000001
vn -1.0000000 0.0000000 -0.0000001
vn -1.0000000 0.0000000 -0.0000001
vn -1.0000000 0.0000000 -0.0000001
vn -1.0000000 0.0000000 -0.0000001
vn -1.0000000 0.0000000 -0.0000001
vn -1.0000000 0.0000000 -0.0000001
vn -1.0000000 0.0000000 -0.0000001
vn -1.0000000 0.0000000 -0.0000001
vn 0.0000001 -0.5029009 -0.8643441
vn 0.0000001 -0.5029009 -0.8643441
vn 0.0000001 -0.1165206 -0.9931883
vn 0.0000001 -0.1165206 -0.9931883
vn 1.0000000 0.0000000 0.0000001
vn 1.0000000 -0.0000000 0.0000001
vn 1.0000000 0.0000000 0.0000001
vn 1.0000000 0.0000000 0.0000001
vn 1.0000000 0.0000000 0.0000001
vn 1.0000000 -0.0000000 0.0000001
vn 1.0000000 -0.0000000 0.0000001
vn 1.0000000 -0.0000000 0.0000001
vn -0.0000001 0.0000000 1.0000000
vn -0.0000001 0.0000000 1.0000000
vn -0.0000001 0.0000000 1.0000000
vn -0.0000001 0.0000000 1.0000000
vn -1.0000000 0.0000000 -0.0000001
vn -1.0000000 0.0000000 -0.0000001
vn -1.0000000 0.0000000 -0.0000001
vn -1.0000000 0.0000000 -0.0000001
vn -1.0000000 0.0000000 -0.0000001
vn -1.0000000 0.0000000 -0.0000001
vn 0.0000000 -1.0000000 0.0000000
vn 0.0000000 -1.0000000 0.0000000
vn -0.0000001 -0.4578879 0.8890099
vn -0.0000001 -0.4578879 0.8890099
vn -0.0000001 -0.4927260 0.8701845
vn -0.0000001 -0.4927260 0.8701845
vn 0.0000000 -1.0000000 0.0000000
vn 0.0000000 -1.0000000 0.0000000
vn -0.0000001 -0.1936043 0.9810797
vn -0.0000001 0.0764478 0.9970736
vn -0.0000001 0.0762481 0.9970889
vn -0.0000001 -0.1936043 0.9810797
vn -0.0000001 0.2580533 0.9661307
vn -0.0000001 0.2580926 0.9661202
vn -0.3408001 -0.0612219 -0.9381403
vn 0.8840861 -0.3132194 0.3468219
vn 0.8573875 -0.3406662 0.3857890
vn 0.8573875 -0.3406662 0.3857890
vn 0.8573875 -0.3406662 0.3857890
vn 0.1700452 0.9679556 -0.1847877
vn -0.1707162 -0.1855876 -0.9676845
vn -0.3178360 -0.7584898 0.5689232
vn -0.1471324 -0.6612584 0.7355878
vn -0.1471324 -0.6612584 0.7355878
vn -0.1471324 -0.6612584 0.7355878
vn -0.0000000 1.0000000 -0.0000000
vn -0.0000000 1.0000000 -0.0000000
vn -0.0000000 1.0000000 -0.0000000
vn -0.0000000 1.0000000 -0.0000000
vn -1.0000000 0.0000000 -0.0000001
vn -1.0000000 0.0000000 -0.0000001
vn -1.0000000 0.0000000 -0.0000001
vn -1.0000000 0.0000000 -0.0000001
vn 0.0000001 0.0000000 -1.0000000
vn 0.0000000 -1.0000000 0.0000000
vn 0.0000000 -1.0000000 0.0000000
vn -0.3621281 0.9321283 -0.0000000
vn -0.3621281 0.9321283 -0.0000000
vn 0.0000001 0.0000000 -1.0000000
vn 0.0000000 -1.0000000 0.0000000
vn 0.0000000 -1.0000000 0.0000000
vn 1.0000000 0.0000000 0.0000001
vn 1.0000000 0.0000000 0.0000001
vn -1.0000000 0.0000000 -0.0000001
vn -1.0000000 0.0000000 -0.0000001
vn -1.0000000 0.0000000 -0.0000001
vn -1.0000000 0.0000000 -0.0000001
vn 0.3348809 0.8786296 0.3403893
vn 0.3327233 0.8780347 0.3440206
vn 0.3327233 0.8780347 0.3440206
vn 0.3327233 0.8780347 0.3440206
vn -0.3561485 0.9344294 -0.0000000
vn 0.0000001 0.0000000 -1.0000000
vn 0.0000001 0.0000000 -1.0000000
vn 0.0000001 0.0000000 -1.0000000
vn 0.0000001 0.0000000 -1.0000000
vn 0.0000001 0.0000000 -1.0000000
vn 0.0000001 0.0000000 -1.0000000
vn -0.8295183 0.4124419 0.3765514
vn -0.8294067 0.4111477 0.3782090
vn 0.6968693 0.6449381 0.3137324
vn 0.6926757 0.6485166 0.3156369
vn 0.6926757 0.6485166 0.3156369
vn 0.6884115 0.6521123 0.3175517
vn 0.0000001 -0.0000000 -1.0000000
vn 0.0000001 0.0000000 -1.0000000
vn 0.0000001 0.0000000 -1.0000000
vn 0.0000001 0.0000000 -1.0000000
vn 0.0000001 0.0000000 -1.0000000
vn 0.0000001 -0.0000000 -1.0000000
vn -0.3533861 0.1159236 0.9282672
vn -0.3529215 0.1151842 0.9285360
vn -0.0000000 -0.5468311 0.8372430
vn -0.0000000 -0.5468311 0.8372430
vn -0.9118472 -0.4105298 -0.0000001
vn -0.3562853 -0.9343772 -0.0000000
vn -0.3562853 -0.9343772 -0.0000000
vn 0.0000000 1.0000000 0.0000000
vn 0.0000000 1.0000000 0.0000000
f 1//1 2//2 3//3
f 3//3 2//2 4//4
f 4//4 2//2 5//5
f 5//5 2//2 6//6
f 6//6 2//2 7//7
f 7//7 2//2 8//8
f 8//8 2//2 9//9
f 9//9 2//2 10//10
f 10//10 2//2 11//11
f 11//11 2//2 12//12
f 12//12 2//2 13//13
f 13//13 2//2 1//1
f 14//14 15//15 16//16
f 15//15 17//17 16//16
f 17//17 18//18 16//16
f 18//18 19//19 16//16
f 19//19 20//20 16//16
f 20//20 21//21 16//16
f 21//21 22//22 16//16
f 22//22 23//23 16//16
f 23//23 24//24 16//16
f 24//24 25//25 16//16
f 25//25 26//26 16//16
f 26//26 14//14 16//16
f 27//27 28//28 29//29
f 30//30 29//29 28//28
f 31//31 32//32 33//33
f 34//34 33//33 32//32
f 35//35 36//36 37//37
f 38//38 37//37 36//36
f 39//39 40//40 41//41
f 42//42 41//41 40//40
f 43//43 44//44 45//45
f 46//46 45//45 44//44
f 47//47 48//48 49//49
f 50//50 49//49 48//48
f 51//51 52//52 53//53
f 54//54 53//53 52//52
f 55//55 56//56 57//57
f 58//58 59//59 60//60
f 61//61 62//62 63//63
f 64//64 63//63 62//62
f 65//65 66//66 67//67
f 68//68 67//67 66//66
f 69//69 70//70 71//71
f 72//72 71//71 70//70
f 73//73 74//74 75//75
f 76//76 75//75 74//74
f 77//77 78//78 79//79
f 80//80 79//79 78//78
f 81//81 82//82 83//83
f 83//83 84//84 81//81
f 85//85 86//86 87//87
f 87//87 88//88 85//85
f 89//89 90//90 91//91
f 91//91 92//92 89//89
f 93//93 94//94 95//95
f 96//96 95//95 94//94
f 97//97 98//98 99//99
f 100//100 99//99 98//98
f 101//101 102//102 103//103
f 104//104 103//103 102//102
f 105//105 106//106 107//107
f 108//108 109//109 110//110
f 111//111 112//112 113//113
f 114//114 113//113 112//112
f 97//97 99//99 115//115
f 116//116 115//115 99//99
f 117//117 118//118 119//119
f 120//120 119//119 118//118
f 121//121 122//122 123//123
f 124//124 123//123 122//122
f 125//125 126//126 127//127
f 128//128 127//127 126//126
f 129//129 130//130 131//131
f 132//132 131//131 130//130
f 133//133 134//134 135//135
f 136//136 135//135 134//134
f 137//137 138//138 139//139
f 140//140 139//139 138//138
f 141//141 142//142 143//143
f 144//144 143//143 142//142
f 145//145 146//146 147//147
f 148//148 147//147 146//146
f 149//149 150//150 151//151
f 152//152 151//151 150//150
f 153//153 146//146 154//154
f 145//145 154//154 146//146
f 155//155 156//156 157//157
f 158//158 157//157 156//156
f 159//159 160//160 161//161
f 162//162 161//161 160//160
f 163//163 164//164 165//165
f 166//166 165//165 164//164
f 167//167 168//168 169//169
f 170//170 169//169 168//168
f 171//171 172//172 173//173
f 174//174 173//173 172//172
f 175//175 176//176 177//177
f 178//178 177//177 176//176
f 179//179 180//180 181//181
f 182//182 181//181 180//180
f 183//183 184//184 185//185
f 186//186 185//185 184//184
f 187//187 188//188 189//189
f 190//190 189//189 188//188
f 191//191 192//192 193//193
f 194//194 193//193 192//192
f 195//195 196//196 197//197
f 198//198 197//197 196//196
f 199//199 200//200 4//4
f 3//3 4//4 200//200
f 201//201 202//202 203//203
f 7//7 8//8 204//204
f 205//205 206//206 207//207
f 208//208 207//207 206//206
f 209//209 210//210 211//211
f 212//212 213//213 214//214
f 215//215 216//216 217//217
f 218//218 217//217 216//216
f 219//219 220//220 221//221
f 222//222 221//221 220//220
f 223//223 224//224 225//225
f 226//226 225//225 224//224
f 227//227 228//228 229//229
f 230//230 229//229 228//228
f 231//231 232//232 233//233
f 234//234 233//233 232//232
f 235//235 236//236 237//237
f 238//238 237//237 236//236
f 239//239 240//240 241//241
f 242//242 241//241 240//240
f 243//243 244//244 245//245
f 245//245 246//246 243//243
f 247//247 243//243 246//246
f 246//246 248//248 247//247
f 249//249 250//250 251//251
f 252//252 251//251 250//250
f 253//253 254//254 255//255
f 256//256 257//257 258//258
f 259//259 260//260 261//261
f 262//262 261//261 260//260
f 263//263 264//264 265//265
f 266//266 265//265 264//264
f 267//267 268//268 269//269
f 270//270 271//271 272//272
f 273//273 274//274 275//275
f 276//276 275//275 274//274
f 277//277 278//278 279//279
f 280//280 279//279 278//278
f 281//281 282//282 283//283
f 284//284 283//283 282//282
f 285//285 286//286 287//287
f 288//288 287//287 286//286
f 289//289 290//290 291//291
f 292//292 291//291 290//290
f 293//293 294//294 295//295
f 296//296 297//297 298//298
f 299//299 300//300 301//301
f 302//302 303//303 304//304
f 305//305 306//306 307//307
f 308//308 309//309 310//310
f 311//311 312//312 313//313
f 314//314 313//313 312//312
f 315//315 316//316 317//317
f 318//318 317//317 316//316
f 319//319 320//320 321//321
f 322//322 321//321 320//320
f 323//323 324//324 325//325
f 326//326 325//325 324//324
f 327//327 80//80 328//328
f 78//78 328//328 80//80
f 329//329 330//330 331//331
f 332//332 331//331 330//330
f 333//333 334//334 84//84
f 81//81 84//84 334//334
f 335//335 95//95 96//96
f 96//96 336//336 335//335
f 337//337 338//338 339//339
f 340//340 339//339 338//338
f 341//341 342//342 343//343
f 344//344 343//343 342//342
f 345//345 346//346 347//347
f 347//347 348//348 345//345
f 349//349 350//350 351//351
f 352//352 351//351 350//350
f 353//353 354//354 355//355
f 356//356 355//355 354//354
f 109//109 357//357 358//358
f 359//359 360//360 361//361
f 362//362 363//363 364//364
f 365//365 364//364 363//363
f 366//366 367//367 343//343
f 341//341 343//343 367//367
f 368//368 369//369 370//370
f 371//371 370//370 369//369
f 372//372 373//373 374//374
f 375//375 374//374 373//373
f 149//149 151//151 376//376
f 377//377 376//376 151//151
f 378//378 379//379 380//380
f 381//381 380//380 379//379
f 382//382 383//383 384//384
f 385//385 384//384 383//383
f 386//386 387//387 388//388
f 389//389 388//388 387//387
f 390//390 391//391 392//392
f 393//393 392//392 391//391
f 379//379 394//394 395//395
f 396//396 395//395 394//394
f 397//397 398//398 399//399
f 400//400 399//399 398//398
f 401//401 402//402 403//403
f 404//404 403//403 402//402
f 405//405 406//406 407//407
f 408//408 407//407 406//406
f 409//409 410//410 411//411
f 412//412 411//411 410//410
f 413//413 414//414 415//415
f 416//416 415//415 414//414
f 417//417 410//410 418//418
f 409//409 418//418 410//410
f 419//419 420//420 421//421
f 422//422 421//421 420//420
f 423//423 424//424 235//235
f 236//236 235//235 424//424
f 425//425 426//426 427//427
f 428//428 427//427 426//426
f 429//429 430//430 431//431
f 432//432 433//433 434//434
f 435//435 436//436 437//437
f 438//438 437//437 436//436
f 10//10 11//11 439//439
f 440//440 439//439 11//11
f 441//441 442//442 443//443
f 13//13 1//1 444//444
f 445//445 446//446 447//447
f 448//448 447//447 446//446
f 449//449 450//450 451//451
f 452//452 453//453 454//454
f 455//455 456//456 457//457
f 458//458 457//457 456//456
f 459//459 460//460 461//461
f 462//462 461//461 460//460
f 463//463 464//464 465//465
f 466//466 465//465 464//464
f 467//467 468//468 469//469
f 470//470 469//469 468//468
f 471//471 472//472 473//473
f 474//474 473//473 472//472
f 475//475 476//476 477//477
f 478//478 477//477 476//476
f 479//479 480//480 481//481
f 481//481 482//482 479//479
f 244//244 483//483 484//484
f 484//484 245//245 244//244
f 485//485 486//486 487//487
f 488//488 487//487 486//486
f 489//489 490//490 491//491
f 492//492 491//491 490//490
f 493//493 494//494 495//495
f 496//496 495//495 494//494
f 497//497 498//498 499//499
f 500//500 499//499 498//498
f 501//501 254//254 502//502
f 503//503 502//502 254//254
f 504//504 505//505 506//506
f 507//507 506//506 505//505
f 274//274 27//27 276//276
f 29//29 276//276 27//27
f 278//278 31//31 280//280
f 33//33 280//280 31//31
f 282//282 35//35 284//284
f 37//37 284//284 35//35
f 508//508 509//509 510//510
f 511//511 510//510 509//509
f 512//512 290//290 513//513
f 289//289 513//513 290//290
f 514//514 515//515 516//516
f 517//517 518//518 519//519
f 54//54 52//52 520//520
f 521//521 522//522 523//523
f 524//524 525//525 526//526
f 527//527 528//528 529//529
f 312//312 61//61 314//314
f 63//63 314//314 61//61
f 316//316 65//65 318//318
f 67//67 318//318 65//65
f 320//320 69//69 322//322
f 71//71 322//322 69//69
f 324//324 73//73 326//326
f 75//75 326//326 73//73
f 530//530 77//77 531//531
f 79//79 531//531 77//77
f 532//532 533//533 534//534
f 535//535 534//534 533//533
f 536//536 331//331 537//537
f 332//332 537//537 331//331
f 538//538 335//335 336//336
f 336//336 539//539 538//538
f 540//540 541//541 542//542
f 543//543 542//542 541//541
f 544//544 545//545 546//546
f 547//547 546//546 545//545
f 548//548 549//549 550//550
f 550//550 551//551 548//548
f 350//350 552//552 352//352
f 553//553 352//352 552//552
f 554//554 555//555 556//556
f 557//557 556//556 555//555
f 123//123 558//558 357//357
f 559//559 560//560 561//561
f 562//562 563//563 362//362
f 363//363 362//362 563//563
f 564//564 544//544 565//565
f 546//546 565//565 544//544
f 566//566 567//567 568//568
f 569//569 568//568 567//567
f 570//570 571//571 572//572
f 573//573 572//572 571//571
f 153//153 154//154 574//574
f 575//575 574//574 154//154
f 576//576 577//577 578//578
f 579//579 578//578 577//577
f 385//385 394//394 384//384
f 580//580 384//384 394//394
f 389//389 387//387 581//581
f 582//582 581//581 387//387
f 583//583 584//584 585//585
f 586//586 585//585 584//584
f 579//579 587//587 383//383
f 588//588 383//383 587//587
f 589//589 590//590 591//591
f 592//592 591//591 590//590
f 175//175 177//177 593//593
f 594//594 593//593 177//177
f 407//407 408//408 176//176
f 178//178 176//176 408//408
f 411//411 412//412 595//595
f 596//596 595//595 412//412
f 597//597 598//598 599//599
f 600//600 599//599 598//598
f 596//596 399//399 595//595
f 400//400 595//595 399//399
f 601//601 602//602 603//603
f 604//604 603//603 602//602
f 605//605 606//606 607//607
f 608//608 607//607 606//606
f 426//426 187//187 428//428
f 189//189 428//428 187//187
f 431//431 609//609 191//191
f 192//192 191//191 609//609
f 197//197 198//198 438//438
f 437//437 438//438 198//198
f 610//610 611//611 612//612
f 613//613 612//612 611//611
f 614//614 615//615 616//616
f 617//617 618//618 619//619
f 620//620 621//621 622//622
f 623//623 622//622 621//621
f 624//624 625//625 626//626
f 627//627 628//628 629//629
f 630//630 631//631 632//632
f 633//633 634//634 635//635
f 635//635 636//636 633//633
f 637//637 633//633 636//636
f 638//638 459//459 491//491
f 461//461 491//491 459//459
f 639//639 640//640 641//641
f 642//642 643//643 644//644
f 645//645 639//639 641//641
f 642//642 644//644 646//646
f 647//647 648//648 224//224
f 649//649 642//642 646//646
f 650//650 649//649 646//646
f 647//647 224//224 651//651
f 652//652 647//647 651//651
f 652//652 651//651 653//653
f 641//641 642//642 649//649
f 641//641 649//649 654//654
f 645//645 641//641 654//654
f 645//645 654//654 655//655
f 224//224 648//648 656//656
f 657//657 645//645 655//655
f 658//658 659//659 660//660
f 661//661 662//662 663//663
f 226//226 224//224 656//656
f 226//226 656//656 664//664
f 226//226 664//664 665//665
f 226//226 665//665 666//666
f 653//653 226//226 666//666
f 653//653 666//666 667//667
f 653//653 667//667 668//668
f 653//653 668//668 652//652
f 669//669 231//231 670//670
f 671//671 670//670 231//231
f 672//672 673//673 674//674
f 675//675 674//674 673//673
f 676//676 677//677 423//423
f 424//424 423//423 677//677
f 480//480 479//479 240//240
f 242//242 240//240 479//479
f 675//675 673//673 678//678
f 679//679 678//678 673//673
f 680//680 681//681 682//682
f 682//682 683//683 680//680
f 492//492 490//490 684//684
f 685//685 684//684 490//490
f 686//686 687//687 688//688
f 19//19 18//18 689//689
f 22//22 21//21 262//262
f 690//690 262//262 21//21
f 691//691 260//260 692//692
f 693//693 692//692 260//260
f 694//694 695//695 696//696
f 697//697 696//696 695//695
f 698//698 699//699 700//700
f 701//701 700//700 699//699
f 702//702 703//703 704//704
f 705//705 704//704 703//703
f 706//706 707//707 708//708
f 709//709 708//708 707//707
f 710//710 711//711 712//712
f 713//713 714//714 715//715
f 716//716 717//717 718//718
f 719//719 720//720 721//721
f 722//722 723//723 724//724
f 725//725 726//726 727//727
f 728//728 729//729 730//730
f 731//731 730//730 729//729
f 732//732 733//733 734//734
f 735//735 734//734 733//733
f 736//736 737//737 738//738
f 739//739 738//738 737//737
f 740//740 741//741 742//742
f 743//743 742//742 741//741
f 744//744 745//745 746//746
f 747//747 746//746 745//745
f 748//748 749//749 750//750
f 751//751 750//750 749//749
f 332//332 330//330 752//752
f 752//752 537//537 332//332
f 753//753 94//94 93//93
f 93//93 754//754 753//753
f 755//755 756//756 757//757
f 758//758 757//757 756//756
f 759//759 760//760 761//761
f 762//762 761//761 760//760
f 367//367 362//362 341//341
f 364//364 341//341 362//362
f 101//101 763//763 764//764
f 764//764 765//765 101//101
f 766//766 555//555 552//552
f 554//554 552//552 555//555
f 123//123 357//357 767//767
f 767//767 121//121 123//123
f 768//768 769//769 770//770
f 771//771 770//770 769//769
f 772//772 773//773 774//774
f 775//775 774//774 773//773
f 776//776 777//777 102//102
f 104//104 102//102 777//777
f 97//97 778//778 98//98
f 562//562 98//98 778//778
f 779//779 780//780 781//781
f 782//782 781//781 780//780
f 783//783 784//784 785//785
f 786//786 785//785 784//784
f 787//787 788//788 789//789
f 790//790 789//789 788//788
f 791//791 792//792 391//391
f 793//793 391//391 792//792
f 794//794 795//795 796//796
f 797//797 796//796 795//795
f 798//798 797//797 799//799
f 795//795 799//799 797//797
f 584//584 583//583 800//800
f 801//801 800//800 583//583
f 802//802 803//803 804//804
f 805//805 806//806 807//807
f 808//808 809//809 810//810
f 811//811 810//810 809//809
f 812//812 813//813 814//814
f 815//815 814//814 813//813
f 816//816 817//817 599//599
f 597//597 599//599 817//817
f 815//815 818//818 814//814
f 819//819 814//814 818//818
f 403//403 404//404 820//820
f 821//821 820//820 404//404
f 822//822 823//823 824//824
f 825//825 824//824 823//823
f 826//826 827//827 828//828
f 829//829 828//828 827//827
f 830//830 831//831 832//832
f 833//833 832//832 831//831
f 834//834 835//835 836//836
f 837//837 836//836 835//835
f 838//838 839//839 840//840
f 841//841 840//840 839//839
f 611//611 623//623 842//842
f 843//843 842//842 623//623
f 615//615 844//844 845//845
f 846//846 845//845 844//844
f 847//847 848//848 849//849
f 844//844 849//849 848//848
f 850//850 851//851 852//852
f 853//853 852//852 851//851
f 457//457 854//854 455//455
f 855//855 455//455 854//854
f 856//856 857//857 858//858
f 462//462 858//858 857//857
f 859//859 860//860 861//861
f 862//862 861//861 860//860
f 671//671 231//231 863//863
f 233//233 863//863 231//231
f 864//864 865//865 866//866
f 867//867 866//866 865//865
f 868//868 182//182 869//869
f 180//180 869//869 182//182
f 480//480 870//870 684//684
f 684//684 481//481 480//480
f 484//484 483//483 871//871
f 872//872 871//871 483//483
f 873//873 874//874 875//875
f 876//876 875//875 874//874
f 877//877 482//482 878//878
f 879//879 878//878 482//482
f 880//880 881//881 882//882
f 883//883 882//882 881//881
f 496//496 17//17 500//500
f 15//15 500//500 17//17
f 884//884 885//885 886//886
f 20//20 887//887 21//21
f 888//888 889//889 495//495
f 493//493 495//495 889//889
f 890//890 891//891 892//892
f 893//893 894//894 895//895
f 896//896 897//897 898//898
f 899//899 898//898 897//897
f 699//699 900//900 701//701
f 901//901 701//701 900//900
f 703//703 902//902 705//705
f 903//903 705//705 902//902
f 707//707 904//904 709//709
f 905//905 709//709 904//904
f 906//906 907//907 908//908
f 909//909 910//910 911//911
f 716//716 718//718 912//912
f 913//913 914//914 915//915
f 916//916 917//917 918//918
f 919//919 920//920 921//921
f 922//922 728//728 923//923
f 730//730 923//923 728//728
f 733//733 924//924 735//735
f 925//925 735//735 924//924
f 737//737 926//926 739//739
f 927//927 739//739 926//926
f 741//741 928//928 743//743
f 929//929 743//743 928//928
f 745//745 930//930 747//747
f 931//931 747//747 930//930
f 749//749 732//732 751//751
f 734//734 751//751 732//732
f 333//333 932//932 933//933
f 933//933 334//334 333//333
f 83//83 932//932 84//84
f 333//333 84//84 932//932
f 934//934 935//935 936//936
f 937//937 936//936 935//935
f 533//533 532//532 938//938
f 939//939 938//938 532//532
f 548//548 768//768 940//940
f 770//770 940//940 768//768
f 769//769 768//768 941//941
f 941//941 117//117 769//769
f 941//941 551//551 942//942
f 943//943 942//942 551//551
f 124//124 944//944 945//945
f 946//946 945//945 944//944
f 110//110 771//771 108//108
f 769//769 108//108 771//771
f 551//551 550//550 943//943
f 947//947 943//943 550//550
f 565//565 948//948 564//564
f 949//949 564//564 948//948
f 950//950 553//553 554//554
f 552//552 554//554 553//553
f 951//951 952//952 953//953
f 954//954 953//953 952//952
f 955//955 956//956 957//957
f 958//958 959//959 960//960
f 393//393 961//961 798//798
f 962//962 798//798 961//961
f 963//963 964//964 965//965
f 966//966 965//965 964//964
f 152//152 150//150 967//967
f 968//968 967//967 150//150
f 969//969 964//964 970//970
f 963//963 970//970 964//964
f 576//576 971//971 577//577
f 386//386 577//577 971//971
f 413//413 415//415 972//972
f 973//973 972//972 415//415
f 974//974 589//589 975//975
f 591//591 975//975 589//589
f 976//976 977//977 978//978
f 164//164 978//978 977//977
f 979//979 980//980 981//981
f 982//982 981//981 980//980
f 168//168 167//167 983//983
f 984//984 983//983 167//167
f 589//589 163//163 590//590
f 165//165 590//590 163//163
f 985//985 986//986 987//987
f 988//988 987//987 986//986
f 989//989 990//990 991//991
f 992//992 829//829 993//993
f 831//831 994//994 833//833
f 995//995 833//833 994//994
f 996//996 997//997 998//998
f 999//999 998//998 997//997
f 840//840 841//841 1000//1000
f 1001//1001 1000//1000 841//841
f 1002//1002 1003//1003 1004//1004
f 12//12 1005//1005 11//11
f 1006//1006 1007//1007 7//7
f 6//6 7//7 1007//1007
f 1008//1008 1009//1009 1010//1010
f 1011//1011 1010//1010 1009//1009
f 637//637 1012//1012 633//633
f 1013//1013 633//633 1012//1012
f 1014//1014 216//216 1015//1015
f 215//215 1015//1015 216//216
f 1016//1016 1017//1017 1018//1018
f 1019//1019 1018//1018 1017//1017
f 1020//1020 861//861 1021//1021
f 1022//1022 1021//1021 861//861
f 1023//1023 672//672 1024//1024
f 674//674 1024//1024 672//672
f 1025//1025 1026//1026 1027//1027
f 1028//1028 1029//1029 1030//1030
f 181//181 1031//1031 179//179
f 1032//1032 179//179 1031//1031
f 1033//1033 1034//1034 875//875
f 875//875 1035//1035 1033//1033
f 232//232 870//870 234//234
f 1036//1036 234//234 870//870
f 1035//1035 488//488 1037//1037
f 1038//1038 1037//1037 488//488
f 1039//1039 1040//1040 1041//1041
f 232//232 231//231 669//669
f 1042//1042 1043//1043 1044//1044
f 232//232 669//669 1045//1045
f 1046//1046 1047//1047 1048//1048
f 1049//1049 1050//1050 1051//1051
f 1052//1052 1053//1053 1054//1054
f 1055//1055 1056//1056 638//638
f 1057//1057 1055//1055 638//638
f 1057//1057 638//638 491//491
f 1058//1058 1057//1057 491//491
f 1059//1059 1058//1058 491//491
f 1060//1060 1061//1061 1062//1062
f 1060//1060 1062//1062 1063//1063
f 1059//1059 491//491 492//492
f 1064//1064 1059//1059 492//492
f 1063//1063 1064//1064 492//492
f 1060//1060 1063//1063 492//492
f 1065//1065 1060//1060 492//492
f 1065//1065 492//492 232//232
f 232//232 1045//1045 1066//1066
f 232//232 1066//1066 1067//1067
f 232//232 1067//1067 1068//1068
f 232//232 1068//1068 1065//1065
f 880//880 1034//1034 881//881
f 1069//1069 881//881 1034//1034
f 495//495 496//496 498//498
f 500//500 498//498 496//496
f 1070//1070 1071//1071 501//501
f 1072//1072 1073//1073 1074//1074
f 1075//1075 503//503 253//253
f 254//254 253//253 503//503
f 1076//1076 1077//1077 1078//1078
f 1079//1079 1080//1080 1081//1081
f 1082//1082 698//698 1083//1083
f 700//700 1083//1083 698//698
f 1084//1084 702//702 1085//1085
f 704//704 1085//1085 702//702
f 1086//1086 706//706 1087//1087
f 708//708 1087//1087 706//706
f 1088//1088 1089//1089 1090//1090
f 1091//1091 1092//1092 1093//1093
f 1094//1094 1095//1095 1096//1096
f 1097//1097 1098//1098 1099//1099
f 1100//1100 1101//1101 1102//1102
f 1103//1103 1102//1102 1101//1101
f 1104//1104 1105//1105 1106//1106
f 1107//1107 1108//1108 1109//1109
f 1110//1110 1111//1111 1112//1112
f 1113//1113 1114//1114 1115//1115
f 1116//1116 736//736 1117//1117
f 738//738 1117//1117 736//736
f 1118//1118 740//740 1119//1119
f 742//742 1119//1119 740//740
f 1120//1120 744//744 1121//1121
f 746//746 1121//1121 744//744
f 1122//1122 748//748 1123//1123
f 750//750 1123//1123 748//748
f 1124//1124 338//338 337//337
f 337//337 1125//1125 1124//1124
f 536//536 1126//1126 329//329
f 329//329 331//331 536//536
f 757//757 758//758 759//759
f 760//760 759//759 758//758
f 89//89 92//92 539//539
f 538//538 539//539 92//92
f 98//98 562//562 367//367
f 362//362 367//367 562//562
f 944//944 124//124 122//122
f 122//122 1127//1127 944//944
f 1128//1128 111//111 1129//1129
f 113//113 1129//1129 111//111
f 357//357 109//109 1130//1130
f 1130//1130 767//767 357//357
f 1131//1131 1132//1132 553//553
f 352//352 553//553 1132//1132
f 347//347 1133//1133 348//348
f 1134//1134 348//348 1133//1133
f 350//350 349//349 1135//1135
f 1136//1136 1135//1135 349//349
f 341//341 364//364 342//342
f 772//772 342//342 364//364
f 1137//1137 1138//1138 1139//1139
f 1140//1140 1139//1139 1138//1138
f 1141//1141 1142//1142 1143//1143
f 1144//1144 1143//1143 1142//1142
f 1145//1145 1146//1146 585//585
f 583//583 585//585 1146//1146
f 800//800 792//792 584//584
f 791//791 584//584 792//792
f 1147//1147 1148//1148 796//796
f 794//794 796//796 1148//1148
f 1148//1148 1147//1147 1149//1149
f 787//787 1149//1149 1147//1147
f 391//391 793//793 393//393
f 961//961 393//393 793//793
f 1150//1150 1151//1151 1152//1152
f 1153//1153 1154//1154 1155//1155
f 984//984 1156//1156 1157//1157
f 1158//1158 1157//1157 1156//1156
f 1159//1159 1160//1160 812//812
f 813//813 812//812 1160//1160
f 416//416 414//414 816//816
f 817//817 816//816 414//414
f 159//159 1160//1160 160//160
f 1159//1159 160//160 1160//1160
f 1161//1161 1162//1162 155//155
f 979//979 155//155 1162//1162
f 1163//1163 1164//1164 1165//1165
f 1166//1166 1165//1165 1164//1164
f 1167//1167 1168//1168 1169//1169
f 1170//1170 1171//1171 1172//1172
f 1173//1173 1174//1174 832//832
f 830//830 832//832 1174//1174
f 1175//1175 1176//1176 1177//1177
f 1178//1178 1177//1177 1176//1176
f 1179//1179 1180//1180 838//838
f 839//839 838//838 1180//1180
f 1181//1181 1182//1182 10//10
f 9//9 10//10 1182//1182
f 1183//1183 1184//1184 13//13
f 12//12 13//13 1184//1184
f 1185//1185 611//611 1186//1186
f 610//610 1186//1186 611//611
f 1187//1187 1188//1188 1189//1189
f 1190//1190 1189//1189 1188//1188
f 1191//1191 1192//1192 1193//1193
f 1194//1194 1193//1193 1192//1192
f 1195//1195 1196//1196 1197//1197
f 1198//1198 1197//1197 1196//1196
f 1199//1199 1200//1200 222//222
f 221//221 222//222 1200//1200
f 1201//1201 1023//1023 1202//1202
f 1024//1024 1202//1202 1023//1023
f 1203//1203 1204//1204 1205//1205
f 1206//1206 1205//1205 1204//1204
f 1207//1207 1208//1208 1209//1209
f 1210//1210 1209//1209 1208//1208
f 1211//1211 1212//1212 1213//1213
f 1214//1214 1213//1213 1212//1212
f 1215//1215 878//878 1216//1216
f 879//879 1216//1216 878//878
f 1217//1217 1034//1034 1218//1218
f 1033//1033 1218//1218 1034//1034
f 1219//1219 1037//1037 1220//1220
f 1038//1038 1220//1220 1037//1037
f 873//873 875//875 1034//1034
f 1034//1034 880//880 873//873
f 1221//1221 1222//1222 691//691
f 1223//1223 691//691 1222//1222
f 1224//1224 1225//1225 263//263
f 1226//1226 1227//1227 1228//1228
f 1229//1229 693//693 259//259
f 260//260 259//259 693//693
f 1230//1230 1231//1231 1232//1232
f 1233//1233 1234//1234 1235//1235
f 1236//1236 1237//1237 1238//1238
f 1239//1239 1238//1238 1237//1237
f 1240//1240 1241//1241 1242//1242
f 1243//1243 1242//1242 1241//1241
f 1244//1244 1245//1245 1246//1246
f 1247//1247 1246//1246 1245//1245
f 1248//1248 1249//1249 1250//1250
f 1251//1251 1250//1250 1249//1249
f 1252//1252 1253//1253 1254//1254
f 1255//1255 1254//1254 1253//1253
f 1256//1256 1257//1257 1258//1258
f 1259//1259 1258//1258 1257//1257
f 1260//1260 1261//1261 1262//1262
f 1263//1263 1262//1262 1261//1261
f 1264//1264 1265//1265 1266//1266
f 1267//1267 1268//1268 1269//1269
f 1270//1270 1271//1271 1272//1272
f 1273//1273 1272//1272 1271//1271
f 1274//1274 1275//1275 1276//1276
f 1277//1277 1276//1276 1275//1275
f 1278//1278 1279//1279 1280//1280
f 1281//1281 1280//1280 1279//1279
f 1282//1282 1283//1283 1284//1284
f 1285//1285 1286//1286 1287//1287
f 1288//1288 1289//1289 1290//1290
f 1291//1291 1292//1292 1293//1293
f 1294//1294 1295//1295 1296//1296
f 1297//1297 1296//1296 1295//1295
f 1298//1298 1299//1299 1300//1300
f 1298//1298 1300//1300 1301//1301
f 1302//1302 1303//1303 1298//1298
f 1302//1302 1298//1298 1301//1301
f 1301//1301 1304//1304 1305//1305
f 1302//1302 1301//1301 1305//1305
f 1306//1306 1307//1307 1308//1308
f 1309//1309 1310//1310 1302//1302
f 1302//1302 1305//1305 1311//1311
f 1311//1311 1309//1309 1302//1302
f 933//933 82//82 334//334
f 81//81 334//334 82//82
f 938//938 939//939 1312//1312
f 1313//1313 1312//1312 939//939
f 1314//1314 339//339 340//340
f 340//340 1315//1315 1314//1314
f 1316//1316 1317//1317 934//934
f 935//935 934//934 1317//1317
f 776//776 102//102 948//948
f 948//948 565//565 776//776
f 124//124 945//945 123//123
f 558//558 123//123 945//945
f 122//122 121//121 1318//1318
f 1319//1319 1318//1318 121//121
f 950//950 1320//1320 1321//1321
f 1322//1322 1321//1321 1320//1320
f 122//122 1318//1318 1127//1127
f 1323//1323 1127//1127 1318//1318
f 1324//1324 1325//1325 1326//1326
f 1327//1327 1326//1326 1325//1325
f 551//551 941//941 548//548
f 768//768 548//548 941//941
f 1328//1328 1329//1329 1330//1330
f 1331//1331 1332//1332 1333//1333
f 1334//1334 1335//1335 1336//1336
f 1337//1337 1336//1336 1335//1335
f 577//577 1338//1338 579//579
f 587//587 579//579 1338//1338
f 969//969 970//970 1339//1339
f 1340//1340 1339//1339 970//970
f 394//394 385//385 396//396
f 1341//1341 396//396 385//385
f 391//391 390//390 791//791
f 1342//1342 791//791 390//390
f 1147//1147 1343//1343 787//787
f 788//788 787//787 1343//1343
f 1344//1344 1345//1345 1346//1346
f 1347//1347 1346//1346 1345//1345
f 1348//1348 173//173 1349//1349
f 1350//1350 1349//1349 173//173
f 820//820 821//821 1351//1351
f 980//980 1351//1351 821//821
f 1352//1352 1353//1353 1354//1354
f 1355//1355 1354//1354 1353//1353
f 155//155 979//979 156//156
f 981//981 156//156 979//979
f 974//974 1356//1356 589//589
f 163//163 589//589 1356//1356
f 1208//1208 1357//1357 1210//1210
f 1358//1358 1210//1210 1357//1357
f 476//476 1359//1359 478//478
f 1360//1360 478//478 1359//1359
f 998//998 999//999 1361//1361
f 1362//1362 1361//1361 999//999
f 1363//1363 1364//1364 1365//1365
f 1366//1366 1365//1365 1364//1364
f 1367//1367 1368//1368 1369//1369
f 1370//1370 1369//1369 1368//1368
f 1371//1371 1372//1372 1373//1373
f 1374//1374 1373//1373 1372//1372
f 4//4 5//5 199//199
f 1375//1375 199//199 5//5
f 3//3 200//200 1//1
f 1376//1376 1//1 200//200
f 206//206 205//205 1008//1008
f 1009//1009 1008//1008 205//205
f 1377//1377 1378//1378 1379//1379
f 1380//1380 1379//1379 1378//1378
f 1018//1018 1198//1198 1016//1016
f 1196//1196 1016//1016 1198//1198
f 1381//1381 1382//1382 1383//1383
f 1384//1384 1383//1383 1382//1382
f 1385//1385 1386//1386 1387//1387
f 1388//1388 1387//1387 1386//1386
f 1389//1389 1390//1390 1391//1391
f 1392//1392 1391//1391 1390//1390
f 1393//1393 1394//1394 873//873
f 874//874 873//873 1394//1394
f 1026//1026 1395//1395 1396//1396
f 1397//1397 1396//1396 1395//1395
f 1398//1398 1399//1399 1216//1216
f 1215//1215 1216//1216 1399//1399
f 1400//1400 1218//1218 1401//1401
f 1402//1402 1401//1401 1218//1218
f 1403//1403 241//241 479//479
f 242//242 479//479 241//241
f 1404//1404 1405//1405 1406//1406
f 1407//1407 1406//1406 1405//1405
f 691//691 1223//1223 260//260
f 262//262 260//260 1223//1223
f 263//263 1408//1408 264//264
f 1409//1409 264//264 1408//1408
f 1410//1410 266//266 1411//1411
f 264//264 1411//1411 266//266
f 1412//1412 1413//1413 1414//1414
f 1415//1415 1414//1414 1413//1413
f 1416//1416 1417//1417 1418//1418
f 1419//1419 1418//1418 1417//1417
f 1420//1420 273//273 1421//1421
f 275//275 1421//1421 273//273
f 900//900 277//277 901//901
f 279//279 901//901 277//277
f 902//902 281//281 903//903
f 283//283 903//903 281//281
f 904//904 285//285 905//905
f 287//287 905//905 285//285
f 1422//1422 1423//1423 1424//1424
f 1425//1425 1426//1426 1427//1427
f 1428//1428 1429//1429 1430//1430
f 1431//1431 1432//1432 1433//1433
f 1434//1434 1435//1435 1436//1436
f 1437//1437 1438//1438 1439//1439
f 1440//1440 1441//1441 1442//1442
f 1443//1443 1444//1444 1445//1445
f 924//924 311//311 925//925
f 313//313 925//925 311//311
f 926//926 315//315 927//927
f 317//317 927//927 315//315
f 928//928 319//319 929//929
f 321//321 929//929 319//319
f 930//930 323//323 931//931
f 325//325 931//931 323//323
f 1446//1446 1447//1447 1448//1448
f 1449//1449 1448//1448 1447//1447
f 1450//1450 540//540 542//542
f 542//542 1451//1451 1450//1450
f 1452//1452 1453//1453 1454//1454
f 1455//1455 1454//1454 1453//1453
f 936//936 937//937 762//762
f 761//761 762//762 937//937
f 1456//1456 1457//1457 1458//1458
f 1459//1459 1458//1458 1457//1457
f 1321//1321 1131//1131 950//950
f 553//553 950//950 1131//1131
f 108//108 769//769 117//117
f 117//117 119//119 108//108
f 365//365 773//773 364//364
f 772//772 364//364 773//773
f 101//101 103//103 763//763
f 1460//1460 763//763 103//103
f 1461//1461 1462//1462 1463//1463
f 1464//1464 1463//1463 1462//1462
f 941//941 942//942 117//117
f 118//118 117//117 942//942
f 367//367 366//366 98//98
f 100//100 98//98 366//366
f 353//353 349//349 1465//1465
f 351//351 1465//1465 349//349
f 1466//1466 1467//1467 1468//1468
f 1469//1469 1468//1468 1467//1467
f 1144//1144 1142//1142 1470//1470
f 1471//1471 1470//1470 1142//1142
f 1146//1146 1472//1472 583//583
f 801//801 583//583 1472//1472
f 965//965 966//966 1473//1473
f 1474//1474 1473//1473 966//966
f 967//967 968//968 1475//1475
f 1476//1476 1475//1475 968//968
f 1474//1474 1477//1477 1473//1473
f 1478//1478 1473//1473 1477//1477
f 139//139 140//140 1479//1479
f 582//582 1479//1479 140//140
f 417//417 418//418 598//598
f 600//600 598//598 418//418
f 1161//1161 155//155 1480//1480
f 157//157 1480//1480 155//155
f 164//164 163//163 978//978
f 1356//1356 978//978 163//163
f 982//982 980//980 1481//1481
f 821//821 1481//1481 980//980
f 810//810 1482//1482 1483//1483
f 1484//1484 1483//1483 1482//1482
f 157//157 158//158 977//977
f 1485//1485 977//977 158//158
f 987//987 988//988 1486//1486
f 1487//1487 1486//1486 988//988
f 828//828 829//829 1488//1488
f 1489//1489 1488//1488 829//829
f 994//994 425//425 995//995
f 427//427 995//995 425//425
f 1490//1490 1491//1491 1492//1492
f 1493//1493 1494//1494 1495//1495
f 1496//1496 1490//1490 1492//1492
f 1497//1497 1496//1496 1492//1492
f 1498//1498 1499//1499 1500//1500
f 1501//1501 1502//1502 1503//1503
f 1504//1504 1505//1505 1506//1506
f 1507//1507 1508//1508 1509//1509
f 1510//1510 1511//1511 1512//1512
f 1513//1513 1514//1514 1515//1515
f 1516//1516 1517//1517 1518//1518
f 1519//1519 1520//1520 1521//1521
f 1522//1522 1523//1523 1524//1524
f 1525//1525 1526//1526 1527//1527
f 1528//1528 1529//1529 1530//1530
f 1531//1531 1532//1532 1533//1533
f 1534//1534 1535//1535 1536//1536
f 1537//1537 1538//1538 1539//1539
f 1540//1540 1541//1541 1542//1542
f 1543//1543 1544//1544 1545//1545
f 1546//1546 1547//1547 1548//1548
f 1549//1549 1550//1550 1551//1551
f 1552//1552 1553//1553 1554//1554
f 1555//1555 1556//1556 1557//1557
f 1558//1558 1559//1559 1560//1560
f 1561//1561 1562//1562 1563//1563
f 1564//1564 1565//1565 1566//1566
f 1000//1000 1001//1001 435//435
f 436//436 435//435 1001//1001
f 848//848 1567//1567 844//844
f 1568//1568 1569//1569 1570//1570
f 446//446 1571//1571 1572//1572
f 1573//1573 1572//1572 1571//1571
f 614//614 1574//1574 615//615
f 1575//1575 615//615 1574//1574
f 1576//1576 1194//1194 1577//1577
f 1192//1192 1577//1577 1194//1194
f 1578//1578 1579//1579 1580//1580
f 1581//1581 1580//1580 1579//1579
f 1579//1579 853//853 1581//1581
f 851//851 1581//1581 853//853
f 460//460 1582//1582 462//462
f 858//858 462//462 1582//1582
f 465//465 466//466 1020//1020
f 861//861 1020//1020 466//466
f 1393//1393 1583//1583 1394//1394
f 1584//1584 1394//1394 1583//1583
f 1585//1585 1586//1586 1587//1587
f 1588//1588 1589//1589 1590//1590
f 1591//1591 1592//1592 1593//1593
f 1594//1594 1593//1593 1592//1592
f 1595//1595 1033//1033 1035//1035
f 1035//1035 1037//1037 1595//1595
f 1033//1033 1595//1595 1218//1218
f 1402//1402 1218//1218 1595//1595
f 684//684 1596//1596 481//481
f 1216//1216 481//481 1596//1596
f 492//492 684//684 870//870
f 870//870 232//232 492//492
f 17//17 496//496 18//18
f 1597//1597 18//18 496//496
f 15//15 14//14 500//500
f 1598//1598 500//500 14//14
f 495//495 498//498 888//888
f 1599//1599 888//888 498//498
f 1600//1600 1601//1601 1602//1602
f 1603//1603 1602//1602 1601//1601
f 1604//1604 1082//1082 1605//1605
f 1083//1083 1605//1605 1082//1082
f 1606//1606 1084//1084 1607//1607
f 1085//1085 1607//1607 1084//1084
f 1608//1608 1086//1086 1609//1609
f 1087//1087 1609//1609 1086//1086
f 1110//1110 1112//1112 1610//1610
f 1611//1611 1610//1610 1112//1112
f 1612//1612 1613//1613 1614//1614
f 1615//1615 1614//1614 1613//1613
f 1616//1616 1617//1617 1618//1618
f 1619//1619 1620//1620 1621//1621
f 1622//1622 1623//1623 1624//1624
f 1625//1625 1626//1626 1627//1627
f 1628//1628 1629//1629 1630//1630
f 1631//1631 1632//1632 1633//1633
f 1634//1634 1116//1116 1635//1635
f 1117//1117 1635//1635 1116//1116
f 1636//1636 1118//1118 1637//1637
f 1119//1119 1637//1637 1118//1118
f 1638//1638 1120//1120 1639//1639
f 1121//1121 1639//1639 1120//1120
f 1640//1640 1122//1122 1641//1641
f 1123//1123 1641//1641 1122//1122
f 1642//1642 1643//1643 1644//1644
f 1642//1642 1644//1644 1645//1645
f 1646//1646 1647//1647 1648//1648
f 1649//1649 1650//1650 1651//1651
f 1652//1652 1653//1653 1654//1654
f 1652//1652 1654//1654 1655//1655
f 1656//1656 1657//1657 1652//1652
f 1658//1658 1659//1659 1660//1660
f 1652//1652 1655//1655 1661//1661
f 1661//1661 1656//1656 1652//1652
f 1317//1317 1316//1316 1662//1662
f 1663//1663 1662//1662 1316//1316
f 1459//1459 1457//1457 1664//1664
f 1665//1665 1664//1664 1457//1457
f 85//85 88//88 1666//1666
f 1667//1667 1666//1666 88//88
f 556//556 1320//1320 554//554
f 950//950 554//554 1320//1320
f 547//547 1668//1668 112//112
f 112//112 111//111 547//547
f 778//778 1669//1669 562//562
f 1670//1670 1671//1671 1672//1672
f 774//774 1673//1673 772//772
f 342//342 772//772 1673//1673
f 351//351 352//352 1674//1674
f 1132//1132 1674//1674 352//352
f 1675//1675 1676//1676 1677//1677
f 1678//1678 1677//1677 1676//1676
f 1135//1135 766//766 350//350
f 552//552 350//350 766//766
f 101//101 765//765 102//102
f 948//948 102//102 765//765
f 1679//1679 1680//1680 1681//1681
f 1682//1682 1681//1681 1680//1680
f 1683//1683 1684//1684 1685//1685
f 1686//1686 1685//1685 1684//1684
f 392//392 393//393 799//799
f 798//798 799//799 393//393
f 387//387 386//386 1687//1687
f 971//971 1687//1687 386//386
f 796//796 1688//1688 1147//1147
f 1343//1343 1147//1147 1688//1688
f 140//140 1689//1689 582//582
f 581//581 582//582 1689//1689
f 578//578 579//579 382//382
f 383//383 382//382 579//579
f 1690//1690 1691//1691 1692//1692
f 1693//1693 1692//1692 1691//1691
f 173//173 174//174 1350//1350
f 1694//1694 1350//1350 174//174
f 169//169 1695//1695 167//167
f 1696//1696 167//167 1695//1695
f 1697//1697 1698//1698 1355//1355
f 1354//1354 1355//1355 1698//1698
f 1157//1157 1354//1354 1699//1699
f 1698//1698 1699//1699 1354//1354
f 1482//1482 810//810 1700//1700
f 811//811 1700//1700 810//810
f 1701//1701 1163//1163 1702//1702
f 1165//1165 1702//1702 1163//1163
f 1488//1488 1489//1489 1703//1703
f 1171//1171 1703//1703 1489//1489
f 1704//1704 1705//1705 1173//1173
f 1174//1174 1173//1173 1705//1705
f 1706//1706 1707//1707 1175//1175
f 1176//1176 1175//1175 1707//1707
f 1708//1708 1709//1709 1179//1179
f 1710//1710 1179//1179 1709//1709
f 1711//1711 1712//1712 1571//1571
f 1573//1573 1571//1571 1713//1713
f 621//621 1714//1714 623//623
f 1715//1715 623//623 1714//1714
f 615//615 1575//1575 844//844
f 849//849 844//844 1575//1575
f 1716//1716 1717//1717 1718//1718
f 1719//1719 1720//1720 1721//1721
f 1722//1722 1723//1723 1724//1724
f 1725//1725 1724//1724 1723//1723
f 861//861 862//862 1022//1022
f 1726//1726 1022//1022 862//862
f 1727//1727 671//671 1728//1728
f 863//863 1728//1728 671//671
f 1729//1729 1730//1730 1731//1731
f 1732//1732 1731//1731 1730//1730
f 676//676 237//237 1733//1733
f 1734//1734 1733//1733 237//237
f 1735//1735 1736//1736 1732//1732
f 1731//1731 1732//1732 1736//1736
f 481//481 1216//1216 482//482
f 879//879 482//482 1216//1216
f 1737//1737 870//870 240//240
f 480//480 240//240 870//870
f 1403//1403 479//479 482//482
f 482//482 877//877 1403//1403
f 1738//1738 1739//1739 1740//1740
f 1741//1741 1393//1393 873//873
f 1742//1742 1743//1743 1744//1744
f 1745//1745 1741//1741 873//873
f 1746//1746 1747//1747 1748//1748
f 1749//1749 1750//1750 1751//1751
f 1739//1739 1738//1738 1752//1752
f 1753//1753 1739//1739 1752//1752
f 1754//1754 1755//1755 1756//1756
f 464//464 463//463 1757//1757
f 464//464 1757//1757 1758//1758
f 464//464 1758//1758 1759//1759
f 1760//1760 1761//1761 1762//1762
f 1763//1763 1764//1764 1765//1765
f 880//880 464//464 1759//1759
f 880//880 1759//1759 1766//1766
f 880//880 1766//1766 1767//1767
f 880//880 1767//1767 1768//1768
f 880//880 1768//1768 1769//1769
f 873//873 880//880 1769//1769
f 1770//1770 1745//1745 873//873
f 1771//1771 1770//1770 873//873
f 1772//1772 1771//1771 873//873
f 873//873 1769//1769 1772//1772
f 23//23 1223//1223 24//24
f 1773//1773 24//24 1223//1223
f 1774//1774 1775//1775 1776//1776
f 26//26 1777//1777 14//14
f 502//502 1778//1778 501//501
f 1070//1070 501//501 1778//1778
f 1779//1779 1780//1780 1781//1781
f 1782//1782 1783//1783 1784//1784
f 1417//1417 1416//1416 1785//1785
f 1786//1786 1785//1785 1416//1416
f 1787//1787 1604//1604 1788//1788
f 1605//1605 1788//1788 1604//1604
f 1789//1789 1606//1606 1790//1790
f 1607//1607 1790//1790 1606//1606
f 1791//1791 1608//1608 1792//1792
f 1609//1609 1792//1792 1608//1608
f 1793//1793 1420//1420 1794//1794
f 1421//1421 1794//1794 1420//1420
f 1795//1795 1612//1612 1796//1796
f 1614//1614 1796//1796 1612//1612
f 1797//1797 1798//1798 1799//1799
f 1800//1800 1801//1801 1802//1802
f 1803//1803 1804//1804 1805//1805
f 1806//1806 1807//1807 1808//1808
f 1809//1809 1810//1810 1811//1811
f 1812//1812 1813//1813 1814//1814
f 1815//1815 1634//1634 1816//1816
f 1635//1635 1816//1816 1634//1634
f 1817//1817 1636//1636 1818//1818
f 1637//1637 1818//1818 1636//1636
f 1819//1819 1820//1820 1821//1821
f 1822//1822 1823//1823 1824//1824
f 1825//1825 1826//1826 1827//1827
f 1828//1828 1829//1829 1830//1830
f 1831//1831 1832//1832 1833//1833
f 1834//1834 1835//1835 1836//1836
f 1837//1837 1838//1838 1839//1839
f 1840//1840 1839//1839 1838//1838
f 1838//1838 1841//1841 1840//1840
f 1842//1842 1840//1840 1841//1841
f 1841//1841 1843//1843 1842//1842
f 1844//1844 1845//1845 1846//1846
f 1847//1847 1848//1848 1849//1849
f 752//752 1126//1126 537//537
f 536//536 537//537 1126//1126
f 1664//1664 1665//1665 1850//1850
f 1851//1851 1850//1850 1665//1665
f 1850//1850 1851//1851 1852//1852
f 1853//1853 1852//1852 1851//1851
f 1854//1854 346//346 1855//1855
f 1856//1856 1855//1855 346//346
f 1676//1676 1675//1675 1854//1854
f 1854//1854 1857//1857 1676//1676
f 1858//1858 1859//1859 1860//1860
f 119//119 120//120 1130//1130
f 347//347 1675//1675 1133//1133
f 1677//1677 1133//1133 1675//1675
f 548//548 940//940 549//549
f 1861//1861 549//549 940//940
f 342//342 1673//1673 344//344
f 1862//1862 344//344 1673//1673
f 777//777 776//776 1129//1129
f 1128//1128 1129//1129 776//776
f 547//547 111//111 546//546
f 1128//1128 546//546 111//111
f 1863//1863 1864//1864 1865//1865
f 1866//1866 1867//1867 1868//1868
f 1869//1869 1870//1870 1871//1871
f 1872//1872 1871//1871 1870//1870
f 1149//1149 787//787 1873//1873
f 789//789 1873//1873 787//787
f 1479//1479 582//582 1687//1687
f 387//387 1687//1687 582//582
f 1874//1874 1688//1688 797//797
f 796//796 797//797 1688//1688
f 577//577 386//386 1338//1338
f 388//388 1338//1338 386//386
f 378//378 580//580 379//379
f 394//394 379//379 580//580
f 1875//1875 1876//1876 1877//1877
f 1878//1878 1877//1877 1876//1876
f 1879//1879 808//808 1483//1483
f 810//810 1483//1483 808//808
f 1700//1700 1695//1695 1482//1482
f 169//169 1482//1482 1695//1695
f 171//171 1880//1880 1355//1355
f 1697//1697 1355//1355 1880//1880
f 1880//1880 171//171 1348//1348
f 173//173 1348//1348 171//171
f 167//167 1696//1696 984//984
f 1156//1156 984//984 1696//1696
f 1881//1881 1882//1882 1883//1883
f 1884//1884 1883//1883 1882//1882
f 1885//1885 1886//1886 1887//1887
f 1888//1888 238//238 1889//1889
f 1890//1890 1891//1891 1704//1704
f 1705//1705 1704//1704 1891//1891
f 1892//1892 1893//1893 1706//1706
f 1707//1707 1706//1706 1893//1893
f 1894//1894 1895//1895 1708//1708
f 1709//1709 1708//1708 1895//1895
f 1896//1896 1897//1897 1898//1898
f 430//430 1898//1898 1897//1897
f 1899//1899 5//5 1007//1007
f 6//6 1007//1007 5//5
f 9//9 1900//1900 8//8
f 1901//1901 8//8 1900//1900
f 611//611 1185//1185 623//623
f 622//622 623//623 1185//1185
f 1902//1902 1903//1903 1904//1904
f 1905//1905 1904//1904 1903//1903
f 1017//1017 1906//1906 1019//1019
f 1907//1907 1019//1019 1906//1906
f 1200//1200 1199//1199 1383//1383
f 1381//1381 1383//1383 1199//1199
f 1908//1908 1584//1584 1909//1909
f 1583//1583 1909//1909 1584//1584
f 1910//1910 1909//1909 1583//1583
f 1911//1911 1912//1912 1913//1913
f 1022//1022 1911//1911 1913//1913
f 1583//1583 1914//1914 1915//1915
f 1916//1916 1910//1910 1583//1583
f 1917//1917 1021//1021 1022//1022
f 1022//1022 1913//1913 1918//1918
f 1022//1022 1918//1918 1919//1919
f 1022//1022 1919//1919 1920//1920
f 1022//1022 1920//1920 1921//1921
f 1922//1922 1916//1916 1583//1583
f 1923//1923 1922//1922 1583//1583
f 1924//1924 1923//1923 1583//1583
f 1022//1022 1921//1921 1925//1925
f 1926//1926 1924//1924 1583//1583
f 1927//1927 1926//1926 1583//1583
f 1928//1928 1929//1929 1930//1930
f 1022//1022 1925//1925 1931//1931
f 1932//1932 1927//1927 1583//1583
f 1932//1932 1583//1583 1915//1915
f 1933//1933 1934//1934 1935//1935
f 1936//1936 1937//1937 1938//1938
f 1939//1939 1940//1940 1941//1941
f 1942//1942 1943//1943 1944//1944
f 1942//1942 1944//1944 1945//1945
f 1946//1946 1947//1947 1948//1948
f 1949//1949 1950//1950 1951//1951
f 1952//1952 1953//1953 1954//1954
f 1955//1955 1956//1956 1957//1957
f 1917//1917 1022//1022 1931//1931
f 1164//1164 1958//1958 1166//1166
f 1959//1959 1166//1166 1958//1958
f 1204//1204 1960//1960 1206//1206
f 1961//1961 1206//1206 1960//1960
f 1962//1962 1963//1963 239//239
f 240//240 239//239 1963//1963
f 1964//1964 1965//1965 1966//1966
f 1967//1967 1966//1966 1965//1965
f 1968//1968 680//680 683//683
f 683//683 1969//1969 1968//1968
f 1970//1970 1971//1971 1972//1972
f 1973//1973 1972//1972 1971//1971
f 1411//1411 264//264 1974//1974
f 1975//1975 1976//1976 1977//1977
f 501//501 1978//1978 254//254
f 1979//1979 254//254 1978//1978
f 1224//1224 263//263 1980//1980
f 265//265 1980//1980 263//263
f 1981//1981 1982//1982 1983//1983
f 1984//1984 1983//1983 1982//1982
f 1985//1985 1986//1986 1987//1987
f 1415//1415 1988//1988 1989//1989
f 1989//1989 1990//1990 1415//1415
f 1414//1414 1415//1415 1990//1990
f 1991//1991 1787//1787 1992//1992
f 1788//1788 1992//1992 1787//1787
f 1993//1993 1789//1789 1994//1994
f 1790//1790 1994//1994 1789//1789
f 1253//1253 1791//1791 1255//1255
f 1792//1792 1255//1255 1791//1791
f 1257//1257 1793//1793 1259//1259
f 1794//1794 1259//1259 1793//1793
f 1995//1995 1996//1996 1997//1997
f 1796//1796 1998//1998 1795//1795
f 1999//1999 2000//2000 2001//2001
f 2002//2002 2003//2003 2004//2004
f 1273//1273 2005//2005 1272//1272
f 2006//2006 2007//2007 2008//2008
f 2009//2009 2010//2010 2011//2011
f 2012//2012 2013//2013 2014//2014
f 1279//1279 2015//2015 1281//1281
f 2016//2016 1281//1281 2015//2015
f 2017//2017 1817//1817 2018//2018
f 1818//1818 2018//2018 1817//1817
f 2019//2019 2020//2020 2021//2021
f 2022//2022 2021//2021 2020//2020
f 1295//1295 2023//2023 1297//1297
f 2024//2024 1297//1297 2023//2023
f 2025//2025 2026//2026 2027//2027
f 2028//2028 2029//2029 2030//2030
f 2030//2030 2031//2031 2028//2028
f 2032//2032 2033//2033 2034//2034
f 2035//2035 2036//2036 2037//2037
f 2038//2038 2039//2039 2040//2040
f 2041//2041 2042//2042 2043//2043
f 2044//2044 2045//2045 2046//2046
f 2047//2047 2048//2048 2049//2049
f 1456//1456 1458//1458 2050//2050
f 2051//2051 2050//2050 1458//1458
f 1312//1312 1313//1313 1853//1853
f 1852//1852 1853//1853 1313//1313
f 1667//1667 1314//1314 1315//1315
f 1315//1315 1666//1666 1667//1667
f 1452//1452 756//756 1453//1453
f 755//755 1453//1453 756//756
f 1128//1128 776//776 565//565
f 565//565 546//546 1128//1128
f 354//354 353//353 2052//2052
f 1465//1465 2052//2052 353//353
f 115//115 2053//2053 97//97
f 778//778 97//97 2053//2053
f 346//346 345//345 1856//1856
f 2054//2054 1856//1856 345//345
f 547//547 545//545 1668//1668
f 2055//2055 1668//1668 545//545
f 121//121 767//767 1319//1319
f 2056//2056 2057//2057 2058//2058
f 1675//1675 347//347 1854//1854
f 346//346 1854//1854 347//347
f 2059//2059 2060//2060 2061//2061
f 2062//2062 2061//2061 2060//2060
f 2063//2063 2064//2064 2065//2065
f 2066//2066 2065//2065 2064//2064
f 138//138 2067//2067 140//140
f 1689//1689 140//140 2067//2067
f 2068//2068 2069//2069 1477//1477
f 1478//1478 1477//1477 2069//2069
f 1341//1341 385//385 588//588
f 383//383 588//588 385//385
f 1342//1342 586//586 791//791
f 584//584 791//791 586//586
f 797//797 798//798 1874//1874
f 962//962 1874//1874 798//798
f 141//141 1339//1339 142//142
f 1340//1340 142//142 1339//1339
f 983//983 984//984 1699//1699
f 1157//1157 1699//1699 984//984
f 980//980 979//979 1351//1351
f 1162//1162 1351//1351 979//979
f 1355//1355 1353//1353 171//171
f 172//172 171//171 1353//1353
f 404//404 2070//2070 821//821
f 1481//1481 821//821 2070//2070
f 1480//1480 157//157 976//976
f 977//977 976//976 157//157
f 1357//1357 2071//2071 1358//1358
f 2072//2072 1358//1358 2071//2071
f 2073//2073 2074//2074 2075//2075
f 2076//2076 424//424 2077//2077
f 2078//2078 1362//1362 1890//1890
f 1891//1891 1890//1890 1362//1362
f 1364//1364 1893//1893 1366//1366
f 1892//1892 1366//1366 1893//1893
f 2079//2079 2080//2080 2081//2081
f 2082//2082 2081//2081 2080//2080
f 1373//1373 1374//1374 1896//1896
f 1897//1897 1896//1896 1374//1374
f 208//208 206//206 2083//2083
f 199//199 2083//2083 206//206
f 1010//1010 2084//2084 1008//1008
f 200//200 1008//1008 2084//2084
f 446//446 445//445 1571//1571
f 2085//2085 1571//1571 445//445
f 2086//2086 1187//1187 2087//2087
f 1189//1189 2087//2087 1187//1187
f 858//858 2088//2088 856//856
f 2089//2089 856//856 2088//2088
f 1726//1726 2090//2090 1022//1022
f 1911//1911 1022//1022 2090//2090
f 2091//2091 470//470 2092//2092
f 468//468 2092//2092 470//470
f 671//671 1727//1727 2093//2093
f 2094//2094 2095//2095 2088//2088
f 2094//2094 2088//2088 858//858
f 2096//2096 670//670 671//671
f 671//671 2093//2093 2097//2097
f 858//858 1582//1582 2098//2098
f 2099//2099 2094//2094 858//858
f 2100//2100 2099//2099 858//858
f 2101//2101 2100//2100 858//858
f 2102//2102 2101//2101 858//858
f 671//671 2097//2097 2103//2103
f 671//671 2103//2103 2104//2104
f 671//671 2104//2104 2105//2105
f 2106//2106 2102//2102 858//858
f 671//671 2105//2105 2107//2107
f 671//671 2107//2107 2108//2108
f 2109//2109 2110//2110 2111//2111
f 2112//2112 2106//2106 858//858
f 671//671 2108//2108 2113//2113
f 2096//2096 671//671 2113//2113
f 2114//2114 2115//2115 2116//2116
f 2117//2117 2118//2118 2119//2119
f 2120//2120 2121//2121 2122//2122
f 2123//2123 2124//2124 2125//2125
f 2126//2126 2123//2123 2125//2125
f 2127//2127 2128//2128 2129//2129
f 2130//2130 2131//2131 2132//2132
f 2133//2133 2134//2134 2135//2135
f 2136//2136 2137//2137 2138//2138
f 2112//2112 858//858 2098//2098
f 467//467 469//469 1966//1966
f 1964//1964 1966//1966 469//469
f 2139//2139 2140//2140 2141//2141
f 1587//1587 2141//2141 2140//2140
f 2142//2142 488//488 875//875
f 1035//1035 875//875 488//488
f 2143//2143 1218//1218 2144//2144
f 1400//1400 2144//2144 1218//1218
f 2145//2145 1401//1401 1595//1595
f 1402//1402 1595//1595 1401//1401
f 2146//2146 2147//2147 1970//1970
f 1971//1971 1970//1970 2147//2147
f 2148//2148 2149//2149 2150//2150
f 2151//2151 2152//2152 2153//2153
f 2154//2154 2155//2155 2156//2156
f 2157//2157 2158//2158 2159//2159
f 2160//2160 2161//2161 2162//2162
f 2163//2163 2164//2164 2165//2165
f 2166//2166 2167//2167 2168//2168
f 2150//2150 2149//2149 2169//2169
f 1407//1407 2150//2150 2169//2169
f 1407//1407 2169//2169 2170//2170
f 1407//1407 2170//2170 2171//2171
f 1406//1406 1407//1407 2171//2171
f 1406//1406 2171//2171 2172//2172
f 1406//1406 2172//2172 2173//2173
f 1406//1406 2173//2173 2174//2174
f 2175//2175 1406//1406 2174//2174
f 2175//2175 2174//2174 2176//2176
f 2175//2175 2176//2176 2177//2177
f 2178//2178 2148//2148 2150//2150
f 2175//2175 2177//2177 2179//2179
f 2150//2150 2175//2175 2179//2179
f 2179//2179 2178//2178 2150//2150
f 2180//2180 2181//2181 2182//2182
f 25//25 24//24 2183//2183
f 2184//2184 20//20 2185//2185
f 19//19 2185//2185 20//20
f 498//498 497//497 1599//1599
f 2186//2186 1599//1599 497//497
f 1243//1243 1241//1241 2187//2187
f 2188//2188 2187//2187 1241//1241
f 2189//2189 2190//2190 898//898
f 896//896 898//898 2190//2190
f 2191//2191 2192//2192 2193//2193
f 2194//2194 2195//2195 2196//2196
f 2191//2191 2193//2193 2197//2197
f 2191//2191 2197//2197 2198//2198
f 2199//2199 2200//2200 2201//2201
f 2202//2202 2203//2203 2204//2204
f 2205//2205 2206//2206 2207//2207
f 2208//2208 2209//2209 2210//2210
f 2211//2211 2212//2212 2213//2213
f 2214//2214 2215//2215 2216//2216
f 2217//2217 2218//2218 2219//2219
f 2220//2220 2221//2221 2222//2222
f 2223//2223 2224//2224 2225//2225
f 2226//2226 2227//2227 2228//2228
f 2229//2229 2230//2230 2231//2231
f 2232//2232 2233//2233 2234//2234
f 2235//2235 2236//2236 2237//2237
f 2238//2238 2239//2239 2240//2240
f 2241//2241 2242//2242 2243//2243
f 2244//2244 2245//2245 2246//2246
f 2247//2247 2248//2248 2249//2249
f 2250//2250 2247//2247 2249//2249
f 2251//2251 2252//2252 2253//2253
f 2254//2254 2255//2255 2256//2256
f 2257//2257 2258//2258 2259//2259
f 2260//2260 2261//2261 2262//2262
f 2263//2263 2264//2264 2265//2265
f 28//28 1244//1244 30//30
f 1246//1246 30//30 1244//1244
f 32//32 2266//2266 34//34
f 2267//2267 34//34 2266//2266
f 2268//2268 1252//1252 2269//2269
f 1254//1254 2269//2269 1252//1252
f 40//40 1256//1256 42//42
f 1258//1258 42//42 1256//1256
f 2270//2270 2271//2271 1262//1262
f 1260//1260 1262//1262 2271//2271
f 2272//2272 2273//2273 2274//2274
f 2275//2275 2276//2276 2277//2277
f 2278//2278 2279//2279 2280//2280
f 2281//2281 2280//2280 2279//2279
f 2282//2282 2283//2283 2284//2284
f 2285//2285 2286//2286 2287//2287
f 1278//1278 1280//1280 2288//2288
f 2289//2289 2288//2288 1280//1280
f 66//66 2290//2290 68//68
f 2291//2291 68//68 2290//2290
f 70//70 2292//2292 72//72
f 2293//2293 72//72 2292//2292
f 74//74 1294//1294 76//76
f 1296//1296 76//76 1294//1294
f 328//328 2294//2294 327//327
f 2295//2295 327//327 2294//2294
f 2296//2296 2297//2297 2298//2298
f 2298//2298 2299//2299 2296//2296
f 86//86 543//543 541//541
f 541//541 87//87 86//86
f 90//90 2300//2300 2301//2301
f 2301//2301 91//91 90//90
f 2297//2297 2301//2301 2298//2298
f 2300//2300 2298//2298 2301//2301
f 2302//2302 949//949 765//765
f 948//948 765//765 949//949
f 355//355 1136//1136 353//353
f 349//349 353//353 1136//1136
f 1465//1465 351//351 2303//2303
f 2304//2304 2305//2305 2306//2306
f 1854//1854 1855//1855 1857//1857
f 2307//2307 1857//1857 1855//1855
f 765//765 764//764 2302//2302
f 2308//2308 2302//2302 764//764
f 1130//1130 2309//2309 767//767
f 2310//2310 2311//2311 2312//2312
f 119//119 1130//1130 108//108
f 109//109 108//108 1130//1130
f 2313//2313 2314//2314 2315//2315
f 2316//2316 2315//2315 2314//2314
f 2317//2317 2318//2318 2319//2319
f 2320//2320 2319//2319 2318//2318
f 379//379 395//395 381//381
f 2321//2321 381//381 395//395
f 1344//1344 1346//1346 2322//2322
f 2323//2323 2322//2322 1346//1346
f 143//143 144//144 1345//1345
f 1347//1347 1345//1345 144//144
f 147//147 148//148 2324//2324
f 2325//2325 2324//2324 148//148
f 1476//1476 574//574 1475//1475
f 575//575 1475//1475 574//574
f 2325//2325 135//135 2324//2324
f 136//136 2324//2324 135//135
f 402//402 2326//2326 404//404
f 2070//2070 404//404 2326//2326
f 2327//2327 2328//2328 818//818
f 819//819 818//818 2328//2328
f 166//166 164//164 1485//1485
f 977//977 1485//1485 164//164
f 170//170 1484//1484 169//169
f 1482//1482 169//169 1484//1484
f 1354//1354 1157//1157 1352//1352
f 1158//1158 1352//1352 1157//1157
f 405//405 161//161 406//406
f 162//162 406//406 161//161
f 1592//1592 2329//2329 1594//1594
f 2330//2330 1594//1594 2329//2329
f 2331//2331 2332//2332 2333//2333
f 2334//2334 2333//2333 2332//2332
f 188//188 1363//1363 190//190
f 1365//1365 190//190 1363//1363
f 193//193 194//194 1369//1369
f 1367//1367 1369//1369 194//194
f 196//196 195//195 1371//1371
f 1372//1372 1371//1371 195//195
f 206//206 1008//1008 199//199
f 200//200 199//199 1008//1008
f 448//448 446//446 2335//2335
f 2336//2336 2337//2337 2338//2338
f 2339//2339 1711//1711 2085//2085
f 1571//1571 2085//2085 1711//1711
f 2340//2340 2341//2341 2342//2342
f 2343//2343 2344//2344 2345//2345
f 857//857 2346//2346 462//462
f 2347//2347 462//462 2346//2346
f 2348//2348 2349//2349 2350//2350
f 2351//2351 2350//2350 2349//2349
f 1386//1386 223//223 1388//1388
f 225//225 1388//1388 223//223
f 1741//1741 1914//1914 1393//1393
f 1583//1583 1393//1393 1914//1914
f 1392//1392 1390//1390 2352//2352
f 872//872 1392//1392 2352//2352
f 2353//2353 230//230 228//228
f 2353//2353 228//228 871//871
f 2353//2353 871//871 872//872
f 872//872 2352//2352 2353//2353
f 2354//2354 1389//1389 1391//1391
f 2354//2354 1391//1391 2355//2355
f 227//227 229//229 2356//2356
f 2357//2357 227//227 2356//2356
f 2355//2355 2357//2357 2356//2356
f 2356//2356 2354//2354 2355//2355
f 486//486 1220//1220 488//488
f 1038//1038 488//488 1220//1220
f 681//681 1405//1405 1404//1404
f 1404//1404 682//682 681//681
f 2145//2145 1595//1595 1037//1037
f 1037//1037 1219//1219 2145//2145
f 250//250 2358//2358 252//252
f 2359//2359 252//252 2358//2358
f 1223//1223 23//23 262//262
f 22//22 262//262 23//23
f 2360//2360 26//26 2361//2361
f 25//25 2361//2361 26//26
f 692//692 2362//2362 691//691
f 1221//1221 691//691 2362//2362
f 506//506 507//507 2363//2363
f 2364//2364 2363//2363 507//507
f 2365//2365 2366//2366 1984//1984
f 1983//1983 1984//1984 2366//2366
o part_2__glass
g part_2__glass
v -1.2021501 1.6386600 1.5226000 0.18000 0.32000 0.38000
v -1.2170001 1.6330000 1.5226000 0.18000 0.32000 0.38000
v -1.1960001 1.6523200 1.5226000 0.18000 0.32000 0.38000
v -1.1960001 1.8804801 1.5226000 0.18000 0.32000 0.38000
v -1.1960001 1.6523200 1.5226000 0.18000 0.32000 0.38000
v -1.2170001 1.6330000 1.5226000 0.18000 0.32000 0.38000
v -1.2170001 1.6330000 1.5226000 0.18000 0.32000 0.38000
v -1.3750001 1.6330000 1.5226000 0.18000 0.32000 0.38000
v -1.1960001 1.8804801 1.5226000 0.18000 0.32000 0.38000
v -1.2021501 1.8941400 1.5226000 0.18000 0.32000 0.38000
v -1.1960001 1.8804801 1.5226000 0.18000 0.32000 0.38000
v -1.3750001 1.6330000 1.5226000 0.18000 0.32000 0.38000
v -1.3750001 1.6330000 1.5226000 0.18000 0.32000 0.38000
v -1.3898501 1.6386600 1.5226000 0.18000 0.32000 0.38000
v -1.2021501 1.8941400 1.5226000 0.18000 0.32000 0.38000
v -1.2170001 1.8997999 1.5226000 0.18000 0.32000 0.38000
v -1.3898501 1.6386600 1.5226000 0.18000 0.32000 0.38000
v -1.3960001 1.6523200 1.5226000 0.18000 0.32000 0.38000
v -1.2170001 1.8997999 1.5226000 0.18000 0.32000 0.38000
v -1.3750001 1.8997999 1.5226000 0.18000 0.32000 0.38000
v -1.2170001 1.8997999 1.5226000 0.18000 0.32000 0.38000
v -1.3960001 1.6523200 1.5226000 0.18000 0.32000 0.38000
v -1.3960001 1.6523200 1.5226000 0.18000 0.32000 0.38000
v -1.3960001 1.8804801 1.5226000 0.18000 0.32000 0.38000
v -1.3750001 1.8997999 1.5226000 0.18000 0.32000 0.38000
v -1.3898501 1.8941400 1.5226000 0.18000 0.32000 0.38000
v 1.1000000 2.3539100 1.2366601 0.18000 0.32000 0.38000
v 1.0999999 2.3267901 1.2745101 0.18000 0.32000 0.38000
v 1.1000000 2.3539100 1.1036801 0.18000 0.32000 0.38000
v 1.1000000 2.3325200 1.0822901 0.18000 0.32000 0.38000
v 1.0999999 1.7033800 1.4860900 0.18000 0.32000 0.38000
v 1.1000000 1.6924800 1.0822901 0.18000 0.32000 0.38000
v 1.0999999 1.7033800 1.4860900 0.18000 0.32000 0.38000
v 1.0999999 1.6710900 1.4503600 0.18000 0.32000 0.38000
v 1.1000000 1.6924800 1.0822901 0.18000 0.32000 0.38000
v 1.1000000 1.6710900 1.1036801 0.18000 0.32000 0.38000
v 1.1000000 1.6924800 1.0822901 0.18000 0.32000 0.38000
v 1.0999999 1.6710900 1.4503600 0.18000 0.32000 0.38000
v -1.0070001 2.3033700 1.4038499 0.18000 0.32000 0.38000
v -1.0070001 1.6996500 1.5857599 0.18000 0.32000 0.38000
v -0.9489021 2.3545401 1.3884299 0.18000 0.32000 0.38000
v -0.0910981 2.3545401 1.3884300 0.18000 0.32000 0.38000
v -0.9489021 2.3545401 1.3884299 0.18000 0.32000 0.38000
v -1.0070001 1.6996500 1.5857599 0.18000 0.32000 0.38000
v -1.0070001 1.6996500 1.5857599 0.18000 0.32000 0.38000
v -0.9489021 1.6484700 1.6011799 0.18000 0.32000 0.38000
v -0.0910981 2.3545401 1.3884300 0.18000 0.32000 0.38000
v -0.0330001 2.3033700 1.4038500 0.18000 0.32000 0.38000
v -0.0910981 2.3545401 1.3884300 0.18000 0.32000 0.38000
v -0.9489021 1.6484700 1.6011799 0.18000 0.32000 0.38000
v -0.9489021 1.6484700 1.6011799 0.18000 0.32000 0.38000
v -0.0910981 1.6484700 1.6011800 0.18000 0.32000 0.38000
v -0.0330001 2.3033700 1.4038500 0.18000 0.32000 0.38000
v -0.0330001 1.6996500 1.5857600 0.18000 0.32000 0.38000
v -0.0330001 2.3033700 1.4038500 0.18000 0.32000 0.38000
v -0.0910981 1.6484700 1.6011800 0.18000 0.32000 0.38000
v -1.0900001 2.3539100 1.2366599 0.18000 0.32000 0.38000
v -1.0900001 2.3539100 1.1036799 0.18000 0.32000 0.38000
v -1.0900001 2.3267901 1.2745100 0.18000 0.32000 0.38000
v -1.0900001 1.7033800 1.4860899 0.18000 0.32000 0.38000
v -1.0900001 2.3267901 1.2745100 0.18000 0.32000 0.38000
v -1.0900001 2.3539100 1.1036799 0.18000 0.32000 0.38000
v -1.0900001 2.3325200 1.0822900 0.18000 0.32000 0.38000
v -1.0900001 1.7033800 1.4860899 0.18000 0.32000 0.38000
v -1.0900001 1.6710900 1.4503599 0.18000 0.32000 0.38000
v -1.0900001 2.3325200 1.0822900 0.18000 0.32000 0.38000
v -1.0900001 1.6924800 1.0822900 0.18000 0.32000 0.38000
v -1.0900001 1.6710900 1.4503599 0.18000 0.32000 0.38000
v -1.0900001 1.6710900 1.1036799 0.18000 0.32000 0.38000
v -1.0900001 1.6710900 1.4503599 0.18000 0.32000 0.38000
v -1.0900001 1.6924800 1.0822900 0.18000 0.32000 0.38000
v 1.0069999 2.3033700 1.4038500 0.18000 0.32000 0.38000
v 0.9489019 2.3545401 1.3884301 0.18000 0.32000 0.38000
v 1.0069999 1.6996500 1.5857601 0.18000 0.32000 0.38000
v 0.9489019 1.6484700 1.6011800 0.18000 0.32000 0.38000
v 1.0069999 1.6996500 1.5857601 0.18000 0.32000 0.38000
v 0.9489019 2.3545401 1.3884301 0.18000 0.32000 0.38000
v 0.9489019 2.3545401 1.3884301 0.18000 0.32000 0.38000
v 0.0910979 2.3545401 1.3884300 0.18000 0.32000 0.38000
v 0.9489019 1.6484700 1.6011800 0.18000 0.32000 0.38000
v 0.0910979 1.6484700 1.6011800 0.18000 0.32000 0.38000
v 0.9489019 1.6484700 1.6011800 0.18000 0.32000 0.38000
v 0.0910979 2.3545401 1.3884300 0.18000 0.32000 0.38000
v 0.0910979 2.3545401 1.3884300 0.18000 0.32000 0.38000
v 0.0329999 2.3033700 1.4038500 0.18000 0.32000 0.38000
v 0.0910979 1.6484700 1.6011800 0.18000 0.32000 0.38000
v 0.0329999 1.6996500 1.5857600 0.18000 0.32000 0.38000
v 0.0910979 1.6484700 1.6011800 0.18000 0.32000 0.38000
v 0.0329999 2.3033700 1.4038500 0.18000 0.32000 0.38000
v 1.0549999 1.6318500 0.7927181 0.18000 0.32000 0.38000
v 1.0549999 1.6318500 0.3066821 0.18000 0.32000 0.38000
v 1.0549999 1.7096800 0.8705500 0.18000 0.32000 0.38000
v 1.0549999 2.1957200 0.8705500 0.18000 0.32000 0.38000
v 1.0549999 1.7096800 0.8705500 0.18000 0.32000 0.38000
v 1.0549999 1.6318500 0.3066821 0.18000 0.32000 0.38000
v 1.0549999 1.6318500 0.3066821 0.18000 0.32000 0.38000
v 1.0549999 1.7096800 0.2288501 0.18000 0.32000 0.38000
v 1.0549999 2.1957200 0.8705500 0.18000 0.32000 0.38000
v 1.0549999 2.2735500 0.7927181 0.18000 0.32000 0.38000
v 1.0549999 2.1957200 0.8705500 0.18000 0.32000 0.38000
v 1.0549999 1.7096800 0.2288501 0.18000 0.32000 0.38000
v 1.0549999 1.7096800 0.2288501 0.18000 0.32000 0.38000
v 1.0549999 2.1957200 0.2288501 0.18000 0.32000 0.38000
v 1.0549999 2.2735500 0.7927181 0.18000 0.32000 0.38000
v 1.0549999 2.2735500 0.3066821 0.18000 0.32000 0.38000
v 1.0549999 2.2735500 0.7927181 0.18000 0.32000 0.38000
v 1.0549999 2.1957200 0.2288501 0.18000 0.32000 0.38000
v 1.3898499 1.6386600 1.5226001 0.18000 0.32000 0.38000
v 1.3749999 1.6330000 1.5226001 0.18000 0.32000 0.38000
v 1.3959999 1.6523200 1.5226001 0.18000 0.32000 0.38000
v 1.3959999 1.8804801 1.5226001 0.18000 0.32000 0.38000
v 1.3959999 1.6523200 1.5226001 0.18000 0.32000 0.38000
v 1.3749999 1.6330000 1.5226001 0.18000 0.32000 0.38000
v 1.3749999 1.6330000 1.5226001 0.18000 0.32000 0.38000
v 1.2169999 1.6330000 1.5226001 0.18000 0.32000 0.38000
v 1.3959999 1.8804801 1.5226001 0.18000 0.32000 0.38000
v 1.3898499 1.8941400 1.5226001 0.18000 0.32000 0.38000
v 1.3959999 1.8804801 1.5226001 0.18000 0.32000 0.38000
v 1.2169999 1.6330000 1.5226001 0.18000 0.32000 0.38000
v 1.2169999 1.6330000 1.5226001 0.18000 0.32000 0.38000
v 1.2021499 1.6386600 1.5226001 0.18000 0.32000 0.38000
v 1.3898499 1.8941400 1.5226001 0.18000 0.32000 0.38000
v 1.3749999 1.8997999 1.5226001 0.18000 0.32000 0.38000
v 1.2021499 1.6386600 1.5226001 0.18000 0.32000 0.38000
v 1.1959999 1.6523200 1.5226001 0.18000 0.32000 0.38000
v 1.3749999 1.8997999 1.5226001 0.18000 0.32000 0.38000
v 1.2169999 1.8997999 1.5226001 0.18000 0.32000 0.38000
v 1.3749999 1.8997999 1.5226001 0.18000 0.32000 0.38000
v 1.1959999 1.6523200 1.5226001 0.18000 0.32000 0.38000
v 1.1959999 1.6523200 1.5226001 0.18000 0.32000 0.38000
v 1.1959999 1.8804801 1.5226001 0.18000 0.32000 0.38000
v 1.2169999 1.8997999 1.5226001 0.18000 0.32000 0.38000
v 1.2021499 1.8941400 1.5226001 0.18000 0.32000 0.38000
v -1.0550000 1.6318500 0.3066819 0.18000 0.32000 0.38000
v -1.0550000 1.6318500 0.7927179 0.18000 0.32000 0.38000
v -1.0550000 1.7096800 0.2288499 0.18000 0.32000 0.38000
v -1.0550000 2.1957200 0.2288499 0.18000 0.32000 0.38000
v -1.0550000 1.7096800 0.2288499 0.18000 0.32000 0.38000
v -1.0550000 1.6318500 0.7927179 0.18000 0.32000 0.38000
v -1.0550000 1.6318500 0.7927179 0.18000 0.32000 0.38000
v -1.0550000 1.7096800 0.8705499 0.18000 0.32000 0.38000
v -1.0550000 2.1957200 0.2288499 0.18000 0.32000 0.38000
v -1.0550000 2.2735500 0.3066819 0.18000 0.32000 0.38000
v -1.0550000 2.1957200 0.2288499 0.18000 0.32000 0.38000
v -1.0550000 1.7096800 0.8705499 0.18000 0.32000 0.38000
v -1.0550000 1.7096800 0.8705499 0.18000 0.32000 0.38000
v -1.0550000 2.1957200 0.8705499 0.18000 0.32000 0.38000
v -1.0550000 2.2735500 0.3066819 0.18000 0.32000 0.38000
v -1.0550000 2.2735500 0.7927179 0.18000 0.32000 0.38000
v -1.0550000 2.2735500 0.3066819 0.18000 0.32000 0.38000
v -1.0550000 2.1957200 0.8705499 0.18000 0.32000 0.38000
vn 0.0000001 0.0000000 -1.0000000
vn 0.0000001 0.0000000 -1.0000000
vn 0.0000001 0.0000000 -1.0000000
vn 0.0000001 0.0000000 -1.0000000
vn 0.0000001 0.0000000 -1.0000000
vn 0.0000001 0.0000000 -1.0000000
vn 0.0000001 -0.0000000 -1.0000000
vn 0.0000001 -0.0000000 -1.0000000
vn 0.0000001 -0.0000000 -1.0000000
vn 0.0000001 0.0000000 -1.0000000
vn 0.0000001 0.0000000 -1.0000000
vn 0.0000001 0.0000000 -1.0000000
vn 0.0000001 0.0000000 -1.0000000
vn 0.0000001 0.0000000 -1.0000000
vn 0.0000001 0.0000000 -1.0000000
vn 0.0000001 0.0000000 -1.0000000
vn 0.0000001 0.0000000 -1.0000000
vn 0.0000001 0.0000000 -1.0000000
vn 0.0000001 0.0000000 -1.0000000
vn 0.0000001 -0.0000000 -1.0000000
vn 0.0000001 -0.0000000 -1.0000000
vn 0.0000001 -0.0000000 -1.0000000
vn 0.0000001 0.0000000 -1.0000000
vn 0.0000001 0.0000000 -1.0000000
vn 0.0000001 0.0000000 -1.0000000
vn 0.0000001 0.0000000 -1.0000000
vn 1.0000000 -0.0000000 0.0000001
vn 1.0000000 -0.0000000 0.0000001
vn 1.0000000 -0.0000000 0.0000001
vn 1.0000000 -0.0000000 0.0000001
vn 1.0000000 0.0000000 0.0000001
vn 1.0000000 0.0000000 0.0000001
vn 1.0000000 0.0000000 0.0000001
vn 1.0000000 0.0000000 0.0000001
vn 1.0000000 0.0000000 0.0000001
vn 1.0000000 0.0000000 0.0000001
vn 1.0000000 0.0000000 0.0000001
vn 1.0000000 0.0000000 0.0000001
vn 0.0000267 0.2885030 0.9574790
vn 0.0000267 0.2885030 0.9574790
vn 0.0000267 0.2885030 0.9574790
vn -0.0000001 0.2885052 0.9574783
vn -0.0000001 0.2885052 0.9574783
vn -0.0000001 0.2885052 0.9574783
vn 0.0000109 0.2884912 0.9574826
vn 0.0000109 0.2884912 0.9574826
vn 0.0000109 0.2884912 0.9574826
vn -0.0000128 0.2885176 0.9574746
vn -0.0000128 0.2885176 0.9574746
vn -0.0000128 0.2885176 0.9574746
vn -0.0000001 0.2885012 0.9574795
vn -0.0000001 0.2885012 0.9574795
vn -0.0000001 0.2885012 0.9574795
vn -0.0000224 0.2885030 0.9574790
vn -0.0000224 0.2885030 0.9574790
vn -0.0000224 0.2885030 0.9574790
vn -1.0000000 -0.0000000 -0.0000001
vn -1.0000000 0.0000000 -0.0000001
vn -1.0000000 -0.0000000 -0.0000001
vn -1.0000000 0.0000000 -0.0000001
vn -1.0000000 0.0000000 -0.0000001
vn -1.0000000 0.0000000 -0.0000001
vn -1.0000000 0.0000000 -0.0000001
vn -1.0000000 0.0000000 -0.0000001
vn -1.0000000 0.0000000 -0.0000001
vn -1.0000000 0.0000000 -0.0000001
vn -1.0000000 0.0000000 -0.0000001
vn -1.0000000 0.0000000 -0.0000001
vn -1.0000000 -0.0000000 -0.0000001
vn -1.0000000 -0.0000000 -0.0000001
vn -1.0000000 -0.0000000 -0.0000001
vn -0.0000268 0.2885030 0.9574790
vn -0.0000268 0.2885030 0.9574790
vn -0.0000268 0.2885030 0.9574790
vn -0.0000227 0.2885034 0.9574789
vn -0.0000227 0.2885034 0.9574789
vn -0.0000227 0.2885034 0.9574789
vn -0.0000001 0.2885034 0.9574789
vn -0.0000001 0.2885034 0.9574789
vn -0.0000001 0.2885034 0.9574789
vn -0.0000001 0.2885034 0.9574789
vn -0.0000001 0.2885034 0.9574789
vn -0.0000001 0.2885034 0.9574789
vn 0.0000264 0.2885034 0.9574789
vn 0.0000264 0.2885034 0.9574789
vn 0.0000264 0.2885034 0.9574789
vn 0.0000223 0.2885030 0.9574790
vn 0.0000223 0.2885030 0.9574790
vn 0.0000223 0.2885030 0.9574790
vn 1.0000000 0.0000000 0.0000001
vn 1.0000000 0.0000000 0.0000001
vn 1.0000000 0.0000000 0.0000001
vn 1.0000000 0.0000000 0.0000001
vn 1.0000000 0.0000000 0.0000001
vn 1.0000000 0.0000000 0.0000001
vn 1.0000000 -0.0000000 0.0000001
vn 1.0000000 -0.0000000 0.0000001
vn 1.0000000 -0.0000000 0.0000001
vn 1.0000000 -0.0000000 0.0000001
vn 1.0000000 -0.0000000 0.0000001
vn 1.0000000 -0.0000000 0.0000001
vn 1.0000000 -0.0000000 0.0000001
vn 1.0000000 -0.0000000 0.0000001
vn 1.0000000 -0.0000000 0.0000001
vn 1.0000000 0.0000000 0.0000001
vn 1.0000000 0.0000000 0.0000001
vn 1.0000000 0.0000000 0.0000001
vn 0.0000001 0.0000000 -1.0000000
vn 0.0000001 0.0000000 -1.0000000
vn 0.0000001 0.0000000 -1.0000000
vn 0.0000001 0.0000000 -1.0000000
vn 0.0000001 0.0000000 -1.0000000
vn 0.0000001 0.0000000 -1.0000000
vn 0.0000001 -0.0000000 -1.0000000
vn 0.0000001 -0.0000000 -1.0000000
vn 0.0000001 -0.0000000 -1.0000000
vn 0.0000001 0.0000000 -1.0000000
vn 0.0000001 0.0000000 -1.0000000
vn 0.0000001 0.0000000 -1.0000000
vn 0.0000001 0.0000000 -1.0000000
vn 0.0000001 0.0000000 -1.0000000
vn 0.0000001 0.0000000 -1.0000000
vn 0.0000001 0.0000000 -1.0000000
vn 0.0000001 0.0000000 -1.0000000
vn 0.0000001 0.0000000 -1.0000000
vn 0.0000001 0.0000000 -1.0000000
vn 0.0000001 -0.0000000 -1.0000000
vn 0.0000001 -0.0000000 -1.0000000
vn 0.0000001 -0.0000000 -1.0000000
vn 0.0000001 0.0000000 -1.0000000
vn 0.0000001 0.0000000 -1.0000000
vn 0.0000001 0.0000000 -1.0000000
vn 0.0000001 0.0000000 -1.0000000
vn -1.0000000 0.0000000 -0.0000001
vn -1.0000000 0.0000000 -0.0000001
vn -1.0000000 0.0000000 -0.0000001
vn -1.0000000 0.0000000 -0.0000001
vn -1.0000000 0.0000000 -0.0000001
vn -1.0000000 0.0000000 -0.0000001
vn -1.0000000 -0.0000000 -0.0000001
vn -1.0000000 -0.0000000 -0.0000001
vn -1.0000000 -0.0000000 -0.0000001
vn -1.0000000 -0.0000000 -0.0000001
vn -1.0000000 -0.0000000 -0.0000001
vn -1.0000000 -0.0000000 -0.0000001
vn -1.0000000 0.0000000 -0.0000001
vn -1.0000000 0.0000000 -0.0000001
vn -1.0000000 0.0000000 -0.0000001
vn -1.0000000 0.0000000 -0.0000001
vn -1.0000000 0.0000000 -0.0000001
vn -1.0000000 0.0000000 -0.0000001
f 2367//2367 2368//2368 2369//2369
f 2370//2370 2371//2371 2372//2372
f 2373//2373 2374//2374 2375//2375
f 2376//2376 2377//2377 2378//2378
f 2379//2379 2380//2380 2381//2381
f 2382//2382 2381//2381 2380//2380
f 2383//2383 2384//2384 2385//2385
f 2386//2386 2387//2387 2388//2388
f 2389//2389 2390//2390 2391//2391
f 2392//2392 2391//2391 2390//2390
f 2393//2393 2394//2394 2395//2395
f 2396//2396 2395//2395 2394//2394
f 2394//2394 2397//2397 2396//2396
f 2398//2398 2396//2396 2397//2397
f 2399//2399 2400//2400 2401//2401
f 2402//2402 2403//2403 2404//2404
f 2405//2405 2406//2406 2407//2407
f 2408//2408 2409//2409 2410//2410
f 2411//2411 2412//2412 2413//2413
f 2414//2414 2415//2415 2416//2416
f 2417//2417 2418//2418 2419//2419
f 2420//2420 2421//2421 2422//2422
f 2423//2423 2424//2424 2425//2425
f 2426//2426 2427//2427 2428//2428
f 2424//2424 2429//2429 2430//2430
f 2431//2431 2430//2430 2429//2429
f 2432//2432 2433//2433 2434//2434
f 2435//2435 2436//2436 2437//2437
f 2438//2438 2439//2439 2440//2440
f 2441//2441 2442//2442 2443//2443
f 2444//2444 2445//2445 2446//2446
f 2447//2447 2448//2448 2449//2449
f 2450//2450 2451//2451 2452//2452
f 2453//2453 2454//2454 2455//2455
f 2456//2456 2457//2457 2458//2458
f 2459//2459 2460//2460 2461//2461
f 2462//2462 2463//2463 2464//2464
f 2465//2465 2466//2466 2467//2467
f 2468//2468 2469//2469 2470//2470
f 2471//2471 2472//2472 2473//2473
f 2474//2474 2475//2475 2476//2476
f 2477//2477 2478//2478 2479//2479
f 2480//2480 2481//2481 2482//2482
f 2483//2483 2484//2484 2485//2485
f 2486//2486 2487//2487 2488//2488
f 2489//2489 2488//2488 2487//2487
f 2490//2490 2491//2491 2492//2492
f 2493//2493 2494//2494 2495//2495
f 2496//2496 2497//2497 2498//2498
f 2499//2499 2498//2498 2497//2497
f 2500//2500 2501//2501 2502//2502
f 2503//2503 2504//2504 2505//2505
f 2506//2506 2507//2507 2508//2508
f 2509//2509 2510//2510 2511//2511
f 2512//2512 2513//2513 2514//2514
f 2515//2515 2516//2516 2517//2517
o part_3__window_trim
g part_3__window_trim
v -1.0900001 2.3506200 1.3066400 0.18000 0.32000 0.38000
v -1.0900001 2.3920000 1.2489000 0.18000 0.32000 0.38000
v -1.1000001 2.3506200 1.3066400 0.18000 0.32000 0.38000
v -1.1000001 2.3920000 1.2489000 0.18000 0.32000 0.38000
v 1.0999999 1.6330000 1.4650200 0.18000 0.32000 0.38000
v 1.1000000 1.6330000 1.0879001 0.18000 0.32000 0.38000
v 1.1099999 1.6330000 1.4650200 0.18000 0.32000 0.38000
v 1.1099999 1.6330000 1.0879001 0.18000 0.32000 0.38000
v -1.0900001 1.6710900 1.1036799 0.18000 0.32000 0.38000
v -1.0900001 1.6924800 1.0822900 0.18000 0.32000 0.38000
v -1.1000001 1.6710900 1.1036799 0.18000 0.32000 0.38000
v -1.1000001 1.6924800 1.0822900 0.18000 0.32000 0.38000
v -1.1000001 1.6710900 1.1036799 0.18000 0.32000 0.38000
v -1.0900001 1.6924800 1.0822900 0.18000 0.32000 0.38000
v -1.1000001 1.6330000 1.0879000 0.18000 0.32000 0.38000
v -1.1000001 1.6710900 1.1036799 0.18000 0.32000 0.38000
v -1.1000001 1.6767000 1.0441999 0.18000 0.32000 0.38000
v -1.1000001 1.6924800 1.0822900 0.18000 0.32000 0.38000
v -1.1000001 1.6767000 1.0441999 0.18000 0.32000 0.38000
v -1.1000001 1.6710900 1.1036799 0.18000 0.32000 0.38000
v 1.0349999 2.3169701 1.4117901 0.18000 0.32000 0.38000
v 0.9604999 2.3825099 1.3917300 0.18000 0.32000 0.38000
v 1.0069999 2.3067701 1.4149100 0.18000 0.32000 0.38000
v 0.9489019 2.3578801 1.3992701 0.18000 0.32000 0.38000
v 1.0069999 2.3067701 1.4149100 0.18000 0.32000 0.38000
v 0.9604999 2.3825099 1.3917300 0.18000 0.32000 0.38000
v -0.0795001 1.6281101 1.6226700 0.18000 0.32000 0.38000
v -0.0050001 1.6936500 1.6026000 0.18000 0.32000 0.38000
v -0.0910981 1.6527400 1.6151299 0.18000 0.32000 0.38000
v -0.0330001 1.7038500 1.5994800 0.18000 0.32000 0.38000
v -0.0910981 1.6527400 1.6151299 0.18000 0.32000 0.38000
v -0.0050001 1.6936500 1.6026000 0.18000 0.32000 0.38000
v -0.0050001 1.6893400 1.5888700 0.18000 0.32000 0.38000
v -0.0050001 2.3126600 1.4010500 0.18000 0.32000 0.38000
v -0.0050001 1.6936500 1.6026000 0.18000 0.32000 0.38000
v -0.0050001 2.3169701 1.4117900 0.18000 0.32000 0.38000
v -0.0050001 1.6936500 1.6026000 0.18000 0.32000 0.38000
v -0.0050001 2.3126600 1.4010500 0.18000 0.32000 0.38000
v 0.0329999 1.6996500 1.5857600 0.18000 0.32000 0.38000
v 0.0329999 2.3033700 1.4038500 0.18000 0.32000 0.38000
v 0.0329999 1.7038500 1.5994800 0.18000 0.32000 0.38000
v 0.0329999 2.3067701 1.4149100 0.18000 0.32000 0.38000
v 0.0329999 1.7038500 1.5994800 0.18000 0.32000 0.38000
v 0.0329999 2.3033700 1.4038500 0.18000 0.32000 0.38000
v -1.0650001 2.2227199 0.1931999 0.18000 0.32000 0.38000
v -1.0650001 2.3092000 0.2796800 0.18000 0.32000 0.38000
v -1.0550000 2.2227199 0.1931999 0.18000 0.32000 0.38000
v -1.0550000 2.3092000 0.2796800 0.18000 0.32000 0.38000
v -1.0550000 1.5962000 0.2796800 0.18000 0.32000 0.38000
v -1.0550000 1.5962000 0.8197199 0.18000 0.32000 0.38000
v -1.0650001 1.5962000 0.2796800 0.18000 0.32000 0.38000
v -1.0650001 1.5962000 0.8197199 0.18000 0.32000 0.38000
v 1.0650000 2.3092000 0.2796801 0.18000 0.32000 0.38000
v 1.0650000 2.3092000 0.8197200 0.18000 0.32000 0.38000
v 1.0650000 2.2735500 0.3066821 0.18000 0.32000 0.38000
v 1.0650000 2.2735500 0.7927181 0.18000 0.32000 0.38000
v 1.0650000 2.2227199 0.9062001 0.18000 0.32000 0.38000
v 1.0650000 1.6826800 0.9062001 0.18000 0.32000 0.38000
v 1.0650000 2.1957200 0.8705500 0.18000 0.32000 0.38000
v 1.0650000 1.7096800 0.8705500 0.18000 0.32000 0.38000
v -1.0900001 1.6330000 1.4650199 0.18000 0.32000 0.38000
v -1.0900001 1.6919000 1.5302100 0.18000 0.32000 0.38000
v -1.1000001 1.6330000 1.4650199 0.18000 0.32000 0.38000
v -1.1000001 1.6919000 1.5302100 0.18000 0.32000 0.38000
v 1.0999999 2.3506200 1.3066401 0.18000 0.32000 0.38000
v 1.0999999 1.6919000 1.5302101 0.18000 0.32000 0.38000
v 1.1099999 2.3506200 1.3066401 0.18000 0.32000 0.38000
v 1.1099999 1.6919000 1.5302101 0.18000 0.32000 0.38000
v -1.0900001 1.7033800 1.4860899 0.18000 0.32000 0.38000
v -1.0900001 1.6710900 1.4503599 0.18000 0.32000 0.38000
v -1.1000001 1.7033800 1.4860899 0.18000 0.32000 0.38000
v -1.1000001 1.6710900 1.4503599 0.18000 0.32000 0.38000
v -1.1000001 1.7033800 1.4860899 0.18000 0.32000 0.38000
v -1.0900001 1.6710900 1.4503599 0.18000 0.32000 0.38000
v -1.1000001 2.3920000 1.0879000 0.18000 0.32000 0.38000
v -1.1000001 2.3483000 1.0441999 0.18000 0.32000 0.38000
v -1.1000001 2.3539100 1.1036799 0.18000 0.32000 0.38000
v -1.1000001 2.3325200 1.0822900 0.18000 0.32000 0.38000
v -1.1000001 2.3539100 1.1036799 0.18000 0.32000 0.38000
v -1.1000001 2.3483000 1.0441999 0.18000 0.32000 0.38000
v 0.9604999 1.6281101 1.6226701 0.18000 0.32000 0.38000
v 1.0349999 1.6936500 1.6026000 0.18000 0.32000 0.38000
v 0.9489019 1.6527400 1.6151300 0.18000 0.32000 0.38000
v 1.0069999 1.7038500 1.5994801 0.18000 0.32000 0.38000
v 0.9489019 1.6527400 1.6151300 0.18000 0.32000 0.38000
v 1.0349999 1.6936500 1.6026000 0.18000 0.32000 0.38000
v -0.0050001 2.3169701 1.4117900 0.18000 0.32000 0.38000
v -0.0795001 2.3825099 1.3917299 0.18000 0.32000 0.38000
v -0.0330001 2.3067701 1.4149100 0.18000 0.32000 0.38000
v -0.0910981 2.3578801 1.3992701 0.18000 0.32000 0.38000
v -0.9605001 1.6238000 1.6086100 0.18000 0.32000 0.38000
v -0.0795001 1.6238000 1.6086100 0.18000 0.32000 0.38000
v -0.9605001 1.6281101 1.6226700 0.18000 0.32000 0.38000
v -0.0795001 1.6281101 1.6226700 0.18000 0.32000 0.38000
v -0.9605001 1.6281101 1.6226700 0.18000 0.32000 0.38000
v -0.0795001 1.6238000 1.6086100 0.18000 0.32000 0.38000
v 0.9489019 1.6484700 1.6011800 0.18000 0.32000 0.38000
v 0.0910979 1.6484700 1.6011800 0.18000 0.32000 0.38000
v 0.9489019 1.6527400 1.6151300 0.18000 0.32000 0.38000
v 0.0910979 1.6527400 1.6151300 0.18000 0.32000 0.38000
v 0.9489019 1.6527400 1.6151300 0.18000 0.32000 0.38000
v 0.0910979 1.6484700 1.6011800 0.18000 0.32000 0.38000
v -0.0910981 2.3578801 1.3992701 0.18000 0.32000 0.38000
v -0.9489021 2.3578801 1.3992700 0.18000 0.32000 0.38000
v -0.0910981 2.3545401 1.3884300 0.18000 0.32000 0.38000
v -0.9489021 2.3545401 1.3884299 0.18000 0.32000 0.38000
v -0.0910981 2.3545401 1.3884300 0.18000 0.32000 0.38000
v -0.9489021 2.3578801 1.3992700 0.18000 0.32000 0.38000
v -1.0650001 2.2735500 0.7927179 0.18000 0.32000 0.38000
v -1.0650001 2.2735500 0.3066819 0.18000 0.32000 0.38000
v -1.0550000 2.2735500 0.7927179 0.18000 0.32000 0.38000
v -1.0550000 2.2735500 0.3066819 0.18000 0.32000 0.38000
v -1.0650001 1.5962000 0.2796800 0.18000 0.32000 0.38000
v -1.0650001 1.6318500 0.3066819 0.18000 0.32000 0.38000
v -1.0650001 1.6826800 0.1931999 0.18000 0.32000 0.38000
v -1.0650001 1.7096800 0.2288499 0.18000 0.32000 0.38000
v -1.0650001 1.6826800 0.1931999 0.18000 0.32000 0.38000
v -1.0650001 1.6318500 0.3066819 0.18000 0.32000 0.38000
v 1.0650000 2.1957200 0.2288501 0.18000 0.32000 0.38000
v 1.0650000 2.2735500 0.3066821 0.18000 0.32000 0.38000
v 1.0549999 2.1957200 0.2288501 0.18000 0.32000 0.38000
v 1.0549999 2.2735500 0.3066821 0.18000 0.32000 0.38000
v 1.0549999 2.1957200 0.2288501 0.18000 0.32000 0.38000
v 1.0650000 2.2735500 0.3066821 0.18000 0.32000 0.38000
v 1.0650000 1.6826800 0.9062001 0.18000 0.32000 0.38000
v 1.0650000 2.2227199 0.9062001 0.18000 0.32000 0.38000
v 1.0549999 1.6826800 0.9062001 0.18000 0.32000 0.38000
v 1.0549999 2.2227199 0.9062001 0.18000 0.32000 0.38000
v -1.0900001 1.6919000 1.5302100 0.18000 0.32000 0.38000
v -1.1000001 1.6919000 1.5302100 0.18000 0.32000 0.38000
v 1.0999999 1.6919000 1.5302101 0.18000 0.32000 0.38000
v 1.0999999 1.6330000 1.4650200 0.18000 0.32000 0.38000
v 1.1099999 1.6919000 1.5302101 0.18000 0.32000 0.38000
v 1.1099999 1.6330000 1.4650200 0.18000 0.32000 0.38000
v -1.0900001 1.6710900 1.4503599 0.18000 0.32000 0.38000
v -1.0900001 1.6710900 1.1036799 0.18000 0.32000 0.38000
v -1.1000001 1.6710900 1.4503599 0.18000 0.32000 0.38000
v -1.1000001 1.6710900 1.1036799 0.18000 0.32000 0.38000
v -1.1000001 2.3325200 1.0822900 0.18000 0.32000 0.38000
v -1.1000001 1.6924800 1.0822900 0.18000 0.32000 0.38000
v -1.1000001 2.3325200 1.0822900 0.18000 0.32000 0.38000
v -1.1000001 1.6767000 1.0441999 0.18000 0.32000 0.38000
v 1.0349999 1.6936500 1.6026000 0.18000 0.32000 0.38000
v 1.0349999 2.3169701 1.4117901 0.18000 0.32000 0.38000
v 1.0069999 1.7038500 1.5994801 0.18000 0.32000 0.38000
v 1.0069999 2.3067701 1.4149100 0.18000 0.32000 0.38000
v 1.0069999 1.7038500 1.5994801 0.18000 0.32000 0.38000
v 1.0349999 2.3169701 1.4117901 0.18000 0.32000 0.38000
v -0.0050001 1.6936500 1.6026000 0.18000 0.32000 0.38000
v -0.0330001 1.7038500 1.5994800 0.18000 0.32000 0.38000
v -0.0050001 1.6936500 1.6026000 0.18000 0.32000 0.38000
v -0.0330001 2.3067701 1.4149100 0.18000 0.32000 0.38000
v -0.0795001 1.6238000 1.6086100 0.18000 0.32000 0.38000
v -0.0050001 1.6893400 1.5888700 0.18000 0.32000 0.38000
v -0.0795001 1.6281101 1.6226700 0.18000 0.32000 0.38000
v -0.0050001 1.6936500 1.6026000 0.18000 0.32000 0.38000
v 0.0910979 1.6484700 1.6011800 0.18000 0.32000 0.38000
v 0.0329999 1.6996500 1.5857600 0.18000 0.32000 0.38000
v 0.0910979 1.6527400 1.6151300 0.18000 0.32000 0.38000
v 0.0329999 1.7038500 1.5994800 0.18000 0.32000 0.38000
v -1.0070001 2.3033700 1.4038499 0.18000 0.32000 0.38000
v -0.9489021 2.3545401 1.3884299 0.18000 0.32000 0.38000
v -1.0070001 2.3067701 1.4149099 0.18000 0.32000 0.38000
v -0.9489021 2.3578801 1.3992700 0.18000 0.32000 0.38000
v -1.0650001 2.1957200 0.8705499 0.18000 0.32000 0.38000
v -1.0650001 2.2735500 0.7927179 0.18000 0.32000 0.38000
v -1.0550000 2.1957200 0.8705499 0.18000 0.32000 0.38000
v -1.0550000 2.2735500 0.7927179 0.18000 0.32000 0.38000
v -1.0550000 2.1957200 0.8705499 0.18000 0.32000 0.38000
v -1.0650001 2.2735500 0.7927179 0.18000 0.32000 0.38000
v -1.0650001 1.6826800 0.9061999 0.18000 0.32000 0.38000
v -1.0650001 1.5962000 0.8197199 0.18000 0.32000 0.38000
v -1.0550000 1.6826800 0.9061999 0.18000 0.32000 0.38000
v -1.0550000 1.5962000 0.8197199 0.18000 0.32000 0.38000
v -1.0550000 1.6826800 0.9061999 0.18000 0.32000 0.38000
v -1.0650001 1.5962000 0.8197199 0.18000 0.32000 0.38000
v 1.0549999 2.3092000 0.2796801 0.18000 0.32000 0.38000
v 1.0549999 2.3092000 0.8197200 0.18000 0.32000 0.38000
v 1.0650000 2.3092000 0.2796801 0.18000 0.32000 0.38000
v 1.0650000 2.3092000 0.8197200 0.18000 0.32000 0.38000
v 1.0549999 2.1957200 0.2288501 0.18000 0.32000 0.38000
v 1.0549999 1.7096800 0.2288501 0.18000 0.32000 0.38000
v 1.0650000 2.1957200 0.2288501 0.18000 0.32000 0.38000
v 1.0650000 1.7096800 0.2288501 0.18000 0.32000 0.38000
v 1.1000000 2.3483000 1.0442000 0.18000 0.32000 0.38000
v 1.1000000 2.3920000 1.0879001 0.18000 0.32000 0.38000
v 1.1100000 2.3483000 1.0442000 0.18000 0.32000 0.38000
v 1.1099999 2.3920000 1.0879001 0.18000 0.32000 0.38000
v 1.1000000 2.3539100 1.2366601 0.18000 0.32000 0.38000
v 1.1000000 2.3539100 1.1036801 0.18000 0.32000 0.38000
v 1.1099999 2.3539100 1.2366601 0.18000 0.32000 0.38000
v 1.1099999 2.3539100 1.1036801 0.18000 0.32000 0.38000
v -1.1000001 2.3267901 1.2745100 0.18000 0.32000 0.38000
v -1.1000001 1.7033800 1.4860899 0.18000 0.32000 0.38000
v -1.1000001 2.3506200 1.3066400 0.18000 0.32000 0.38000
v -1.1000001 1.6919000 1.5302100 0.18000 0.32000 0.38000
v -1.1000001 2.3506200 1.3066400 0.18000 0.32000 0.38000
v -1.1000001 1.7033800 1.4860899 0.18000 0.32000 0.38000
v 1.1099999 1.6330000 1.4650200 0.18000 0.32000 0.38000
v 1.1099999 1.6710900 1.4503600 0.18000 0.32000 0.38000
v 1.1099999 1.6919000 1.5302101 0.18000 0.32000 0.38000
v 1.1099999 1.7033800 1.4860900 0.18000 0.32000 0.38000
v 1.1099999 1.6919000 1.5302101 0.18000 0.32000 0.38000
v 1.1099999 1.6710900 1.4503600 0.18000 0.32000 0.38000
v -1.0350001 1.6936500 1.6025999 0.18000 0.32000 0.38000
v -1.0070001 1.7038500 1.5994800 0.18000 0.32000 0.38000
v -1.0350001 2.3169701 1.4117900 0.18000 0.32000 0.38000
v -1.0070001 2.3067701 1.4149099 0.18000 0.32000 0.38000
v -1.0350001 2.3169701 1.4117900 0.18000 0.32000 0.38000
v -1.0070001 1.7038500 1.5994800 0.18000 0.32000 0.38000
v 0.0049999 1.6893400 1.5888700 0.18000 0.32000 0.38000
v 0.0049999 1.6936500 1.6026000 0.18000 0.32000 0.38000
v 0.0049999 2.3126600 1.4010500 0.18000 0.32000 0.38000
v 0.0049999 2.3169701 1.4117900 0.18000 0.32000 0.38000
v 0.0049999 2.3126600 1.4010500 0.18000 0.32000 0.38000
v 0.0049999 1.6936500 1.6026000 0.18000 0.32000 0.38000
v -0.0910981 1.6484700 1.6011800 0.18000 0.32000 0.38000
v -0.0910981 1.6527400 1.6151299 0.18000 0.32000 0.38000
v -0.0330001 1.6996500 1.5857600 0.18000 0.32000 0.38000
v -0.0330001 1.7038500 1.5994800 0.18000 0.32000 0.38000
v -1.0650001 1.7096800 0.2288499 0.18000 0.32000 0.38000
v -1.0650001 1.6318500 0.3066819 0.18000 0.32000 0.38000
v -1.0550000 1.7096800 0.2288499 0.18000 0.32000 0.38000
v -1.0550000 1.6318500 0.3066819 0.18000 0.32000 0.38000
v -1.0550000 1.7096800 0.2288499 0.18000 0.32000 0.38000
v -1.0650001 1.6318500 0.3066819 0.18000 0.32000 0.38000
v 1.0650000 2.2735500 0.7927181 0.18000 0.32000 0.38000
v 1.0650000 2.1957200 0.8705500 0.18000 0.32000 0.38000
v 1.0549999 2.2735500 0.7927181 0.18000 0.32000 0.38000
v 1.0549999 2.1957200 0.8705500 0.18000 0.32000 0.38000
v 1.0549999 2.2735500 0.7927181 0.18000 0.32000 0.38000
v 1.0650000 2.1957200 0.8705500 0.18000 0.32000 0.38000
v 1.0650000 1.5962000 0.8197200 0.18000 0.32000 0.38000
v 1.0650000 1.6826800 0.9062001 0.18000 0.32000 0.38000
v 1.0549999 1.5962000 0.8197200 0.18000 0.32000 0.38000
v 1.0549999 1.6826800 0.9062001 0.18000 0.32000 0.38000
v 1.0549999 1.5962000 0.8197200 0.18000 0.32000 0.38000
v 1.0650000 1.6826800 0.9062001 0.18000 0.32000 0.38000
v 1.1000000 2.3920000 1.0879001 0.18000 0.32000 0.38000
v 1.0999999 2.3920000 1.2489001 0.18000 0.32000 0.38000
v 1.1099999 2.3920000 1.0879001 0.18000 0.32000 0.38000
v 1.1099999 2.3920000 1.2489001 0.18000 0.32000 0.38000
v 1.1000000 2.3539100 1.1036801 0.18000 0.32000 0.38000
v 1.1000000 2.3325200 1.0822901 0.18000 0.32000 0.38000
v 1.1099999 2.3539100 1.1036801 0.18000 0.32000 0.38000
v 1.1099999 2.3325200 1.0822901 0.18000 0.32000 0.38000
v 1.1099999 2.3539100 1.1036801 0.18000 0.32000 0.38000
v 1.1000000 2.3325200 1.0822901 0.18000 0.32000 0.38000
v -1.1000001 2.3920000 1.2489000 0.18000 0.32000 0.38000
v -1.1000001 2.3539100 1.2366599 0.18000 0.32000 0.38000
v -1.1000001 2.3506200 1.3066400 0.18000 0.32000 0.38000
v -1.1000001 2.3267901 1.2745100 0.18000 0.32000 0.38000
v -1.1000001 2.3506200 1.3066400 0.18000 0.32000 0.38000
v -1.1000001 2.3539100 1.2366599 0.18000 0.32000 0.38000
v 1.1099999 1.6330000 1.0879001 0.18000 0.32000 0.38000
v 1.1099999 1.6710900 1.1036801 0.18000 0.32000 0.38000
v 1.1099999 1.6710900 1.4503600 0.18000 0.32000 0.38000
v 1.1099999 1.6330000 1.0879001 0.18000 0.32000 0.38000
v -1.0350001 2.3169701 1.4117900 0.18000 0.32000 0.38000
v -1.0070001 2.3067701 1.4149099 0.18000 0.32000 0.38000
v -0.9605001 2.3825099 1.3917299 0.18000 0.32000 0.38000
v -0.9489021 2.3578801 1.3992700 0.18000 0.32000 0.38000
v -0.9605001 2.3825099 1.3917299 0.18000 0.32000 0.38000
v -1.0070001 2.3067701 1.4149099 0.18000 0.32000 0.38000
v 0.0049999 2.3126600 1.4010500 0.18000 0.32000 0.38000
v 0.0049999 2.3169701 1.4117900 0.18000 0.32000 0.38000
v 0.0794999 2.3782001 1.3813000 0.18000 0.32000 0.38000
v 0.0794999 2.3825099 1.3917300 0.18000 0.32000 0.38000
v 1.0069999 1.6996500 1.5857601 0.18000 0.32000 0.38000
v 1.0069999 1.7038500 1.5994801 0.18000 0.32000 0.38000
v 1.0069999 2.3033700 1.4038500 0.18000 0.32000 0.38000
v 1.0069999 2.3067701 1.4149100 0.18000 0.32000 0.38000
v -0.0330001 1.6996500 1.5857600 0.18000 0.32000 0.38000
v -0.0330001 1.7038500 1.5994800 0.18000 0.32000 0.38000
v -0.0330001 2.3033700 1.4038500 0.18000 0.32000 0.38000
v -0.0330001 2.3067701 1.4149100 0.18000 0.32000 0.38000
v -0.0330001 2.3033700 1.4038500 0.18000 0.32000 0.38000
v -0.0330001 1.7038500 1.5994800 0.18000 0.32000 0.38000
v -1.0650001 1.6826800 0.1931999 0.18000 0.32000 0.38000
v -1.0650001 2.2227199 0.1931999 0.18000 0.32000 0.38000
v -1.0550000 1.6826800 0.1931999 0.18000 0.32000 0.38000
v -1.0550000 2.2227199 0.1931999 0.18000 0.32000 0.38000
v -1.0550000 1.7096800 0.2288499 0.18000 0.32000 0.38000
v -1.0550000 2.1957200 0.2288499 0.18000 0.32000 0.38000
v -1.0650001 1.7096800 0.2288499 0.18000 0.32000 0.38000
v -1.0650001 2.1957200 0.2288499 0.18000 0.32000 0.38000
v 1.0650000 2.2735500 0.3066821 0.18000 0.32000 0.38000
v 1.0650000 2.2735500 0.7927181 0.18000 0.32000 0.38000
v 1.0549999 2.2735500 0.3066821 0.18000 0.32000 0.38000
v 1.0549999 2.2735500 0.7927181 0.18000 0.32000 0.38000
v 1.0650000 1.5962000 0.2796801 0.18000 0.32000 0.38000
v 1.0650000 1.5962000 0.8197200 0.18000 0.32000 0.38000
v 1.0549999 1.5962000 0.2796801 0.18000 0.32000 0.38000
v 1.0549999 1.5962000 0.8197200 0.18000 0.32000 0.38000
v -1.0550000 2.2227199 0.9061999 0.18000 0.32000 0.38000
v -1.0550000 2.3092000 0.8197199 0.18000 0.32000 0.38000
v -1.0650001 2.2227199 0.9061999 0.18000 0.32000 0.38000
v -1.0650001 2.3092000 0.8197199 0.18000 0.32000 0.38000
v -1.0650001 2.2227199 0.9061999 0.18000 0.32000 0.38000
v -1.0550000 2.3092000 0.8197199 0.18000 0.32000 0.38000
v 1.1000000 1.6767000 1.0442000 0.18000 0.32000 0.38000
v 1.1000000 2.3483000 1.0442000 0.18000 0.32000 0.38000
v 1.1100000 1.6767000 1.0442000 0.18000 0.32000 0.38000
v 1.1100000 2.3483000 1.0442000 0.18000 0.32000 0.38000
v 1.0999999 2.3267901 1.2745101 0.18000 0.32000 0.38000
v 1.1099999 2.3267901 1.2745101 0.18000 0.32000 0.38000
v -1.1000001 1.6330000 1.4650199 0.18000 0.32000 0.38000
v -1.1000001 1.6919000 1.5302100 0.18000 0.32000 0.38000
v -1.1000001 1.6710900 1.4503599 0.18000 0.32000 0.38000
v -1.1000001 1.7033800 1.4860899 0.18000 0.32000 0.38000
v -1.1000001 1.6710900 1.4503599 0.18000 0.32000 0.38000
v -1.1000001 1.6919000 1.5302100 0.18000 0.32000 0.38000
v 1.1099999 2.3267901 1.2745101 0.18000 0.32000 0.38000
v 1.1099999 2.3506200 1.3066401 0.18000 0.32000 0.38000
v 1.1099999 1.7033800 1.4860900 0.18000 0.32000 0.38000
v 1.1099999 1.6919000 1.5302101 0.18000 0.32000 0.38000
v 1.1099999 1.7033800 1.4860900 0.18000 0.32000 0.38000
v 1.1099999 2.3506200 1.3066401 0.18000 0.32000 0.38000
v -0.9605001 1.6281101 1.6226700 0.18000 0.32000 0.38000
v -0.9489021 1.6527400 1.6151299 0.18000 0.32000 0.38000
v -1.0350001 1.6936500 1.6025999 0.18000 0.32000 0.38000
v -1.0070001 1.7038500 1.5994800 0.18000 0.32000 0.38000
v -1.0350001 1.6936500 1.6025999 0.18000 0.32000 0.38000
v -0.9489021 1.6527400 1.6151299 0.18000 0.32000 0.38000
v 0.0794999 1.6238000 1.6086100 0.18000 0.32000 0.38000
v 0.0794999 1.6281101 1.6226701 0.18000 0.32000 0.38000
v 0.0049999 1.6893400 1.5888700 0.18000 0.32000 0.38000
v 0.0049999 1.6936500 1.6026000 0.18000 0.32000 0.38000
v -0.9489021 1.6484700 1.6011799 0.18000 0.32000 0.38000
v -0.9489021 1.6527400 1.6151299 0.18000 0.32000 0.38000
v -0.0910981 1.6484700 1.6011800 0.18000 0.32000 0.38000
v -0.0910981 1.6527400 1.6151299 0.18000 0.32000 0.38000
v -0.0910981 1.6484700 1.6011800 0.18000 0.32000 0.38000
v -0.9489021 1.6527400 1.6151299 0.18000 0.32000 0.38000
v -1.0650001 1.6318500 0.3066819 0.18000 0.32000 0.38000
v -1.0650001 1.6318500 0.7927179 0.18000 0.32000 0.38000
v -1.0550000 1.6318500 0.3066819 0.18000 0.32000 0.38000
v -1.0550000 1.6318500 0.7927179 0.18000 0.32000 0.38000
v -1.0650001 1.6826800 0.9061999 0.18000 0.32000 0.38000
v -1.0650001 2.2227199 0.9061999 0.18000 0.32000 0.38000
v -1.0650001 1.7096800 0.8705499 0.18000 0.32000 0.38000
v -1.0650001 2.1957200 0.8705499 0.18000 0.32000 0.38000
v -1.0650001 1.7096800 0.8705499 0.18000 0.32000 0.38000
v -1.0650001 2.2227199 0.9061999 0.18000 0.32000 0.38000
v 1.0650000 1.6318500 0.7927181 0.18000 0.32000 0.38000
v 1.0650000 1.6318500 0.3066821 0.18000 0.32000 0.38000
v 1.0549999 1.6318500 0.7927181 0.18000 0.32000 0.38000
v 1.0549999 1.6318500 0.3066821 0.18000 0.32000 0.38000
v -1.0900001 2.3920000 1.0879000 0.18000 0.32000 0.38000
v -1.0900001 2.3483000 1.0441999 0.18000 0.32000 0.38000
v -1.1000001 2.3920000 1.0879000 0.18000 0.32000 0.38000
v -1.1000001 2.3483000 1.0441999 0.18000 0.32000 0.38000
v 1.1000000 1.6924800 1.0822901 0.18000 0.32000 0.38000
v 1.1000000 1.6710900 1.1036801 0.18000 0.32000 0.38000
v 1.1099999 1.6924800 1.0822901 0.18000 0.32000 0.38000
v 1.1099999 1.6710900 1.1036801 0.18000 0.32000 0.38000
v 1.1099999 1.6924800 1.0822901 0.18000 0.32000 0.38000
v 1.1000000 1.6710900 1.1036801 0.18000 0.32000 0.38000
v -1.0900001 2.3325200 1.0822900 0.18000 0.32000 0.38000
v -1.0900001 2.3539100 1.1036799 0.18000 0.32000 0.38000
v -1.1000001 2.3325200 1.0822900 0.18000 0.32000 0.38000
v -1.1000001 2.3539100 1.1036799 0.18000 0.32000 0.38000
v -1.1000001 2.3325200 1.0822900 0.18000 0.32000 0.38000
v -1.0900001 2.3539100 1.1036799 0.18000 0.32000 0.38000
v 1.1100000 1.6767000 1.0442000 0.18000 0.32000 0.38000
v 1.1100000 2.3483000 1.0442000 0.18000 0.32000 0.38000
v 1.1099999 1.6924800 1.0822901 0.18000 0.32000 0.38000
v 1.1099999 2.3325200 1.0822901 0.18000 0.32000 0.38000
v 1.1099999 1.6924800 1.0822901 0.18000 0.32000 0.38000
v 1.1100000 2.3483000 1.0442000 0.18000 0.32000 0.38000
v 0.0049999 2.3169701 1.4117900 0.18000 0.32000 0.38000
v 0.0329999 2.3067701 1.4149100 0.18000 0.32000 0.38000
v 0.0794999 2.3825099 1.3917300 0.18000 0.32000 0.38000
v 0.0910979 2.3578801 1.3992701 0.18000 0.32000 0.38000
v 1.0349999 2.3126600 1.4010500 0.18000 0.32000 0.38000
v 0.9604999 2.3782001 1.3813000 0.18000 0.32000 0.38000
v 1.0349999 2.3169701 1.4117901 0.18000 0.32000 0.38000
v 0.9604999 2.3825099 1.3917300 0.18000 0.32000 0.38000
v -0.0795001 2.3782001 1.3813000 0.18000 0.32000 0.38000
v -0.9605001 2.3782001 1.3812999 0.18000 0.32000 0.38000
v -0.0795001 2.3825099 1.3917299 0.18000 0.32000 0.38000
v -0.9605001 2.3825099 1.3917299 0.18000 0.32000 0.38000
v 0.9489019 2.3578801 1.3992701 0.18000 0.32000 0.38000
v 0.0910979 2.3578801 1.3992701 0.18000 0.32000 0.38000
v 0.9489019 2.3545401 1.3884301 0.18000 0.32000 0.38000
v 0.0910979 2.3545401 1.3884300 0.18000 0.32000 0.38000
v 0.9489019 2.3545401 1.3884301 0.18000 0.32000 0.38000
v 0.0910979 2.3578801 1.3992701 0.18000 0.32000 0.38000
v -1.0650001 2.3092000 0.8197199 0.18000 0.32000 0.38000
v -1.0650001 2.3092000 0.2796800 0.18000 0.32000 0.38000
v -1.0650001 2.2735500 0.7927179 0.18000 0.32000 0.38000
v -1.0650001 2.2735500 0.3066819 0.18000 0.32000 0.38000
v -1.0650001 2.2227199 0.9061999 0.18000 0.32000 0.38000
v -1.0650001 1.6826800 0.9061999 0.18000 0.32000 0.38000
v -1.0550000 2.2227199 0.9061999 0.18000 0.32000 0.38000
v -1.0550000 1.6826800 0.9061999 0.18000 0.32000 0.38000
v 1.0549999 2.2227199 0.1932001 0.18000 0.32000 0.38000
v 1.0549999 2.3092000 0.2796801 0.18000 0.32000 0.38000
v 1.0650000 2.2227199 0.1932001 0.18000 0.32000 0.38000
v 1.0650000 2.3092000 0.2796801 0.18000 0.32000 0.38000
v 1.0650000 1.5962000 0.8197200 0.18000 0.32000 0.38000
v 1.0650000 1.5962000 0.2796801 0.18000 0.32000 0.38000
v 1.0650000 1.6318500 0.7927181 0.18000 0.32000 0.38000
v 1.0650000 1.6318500 0.3066821 0.18000 0.32000 0.38000
v -1.0900001 1.6330000 1.0879000 0.18000 0.32000 0.38000
v -1.0900001 1.6330000 1.4650199 0.18000 0.32000 0.38000
v -1.1000001 1.6330000 1.0879000 0.18000 0.32000 0.38000
v -1.1000001 1.6330000 1.4650199 0.18000 0.32000 0.38000
v -1.0900001 2.3267901 1.2745100 0.18000 0.32000 0.38000
v -1.0900001 1.7033800 1.4860899 0.18000 0.32000 0.38000
v -1.1000001 2.3267901 1.2745100 0.18000 0.32000 0.38000
v -1.1000001 1.7033800 1.4860899 0.18000 0.32000 0.38000
v -1.1000001 2.3920000 1.2489000 0.18000 0.32000 0.38000
v -1.1000001 2.3920000 1.0879000 0.18000 0.32000 0.38000
v -1.1000001 2.3539100 1.2366599 0.18000 0.32000 0.38000
v 0.0794999 1.6281101 1.6226701 0.18000 0.32000 0.38000
v 0.9604999 1.6281101 1.6226701 0.18000 0.32000 0.38000
v 0.0910979 1.6527400 1.6151300 0.18000 0.32000 0.38000
v 0.9489019 1.6527400 1.6151300 0.18000 0.32000 0.38000
v 0.0910979 1.6527400 1.6151300 0.18000 0.32000 0.38000
v 0.9604999 1.6281101 1.6226701 0.18000 0.32000 0.38000
v -0.9605001 2.3825099 1.3917299 0.18000 0.32000 0.38000
v -0.9489021 2.3578801 1.3992700 0.18000 0.32000 0.38000
v -1.0350001 2.3126600 1.4010499 0.18000 0.32000 0.38000
v -1.0350001 2.3169701 1.4117900 0.18000 0.32000 0.38000
v -0.9605001 2.3782001 1.3812999 0.18000 0.32000 0.38000
v -0.9605001 2.3825099 1.3917299 0.18000 0.32000 0.38000
v 0.9489019 1.6484700 1.6011800 0.18000 0.32000 0.38000
v 0.9489019 1.6527400 1.6151300 0.18000 0.32000 0.38000
v 1.0069999 1.6996500 1.5857601 0.18000 0.32000 0.38000
v 1.0069999 1.7038500 1.5994801 0.18000 0.32000 0.38000
v -0.0330001 2.3033700 1.4038500 0.18000 0.32000 0.38000
v -0.0330001 2.3067701 1.4149100 0.18000 0.32000 0.38000
v -0.0910981 2.3545401 1.3884300 0.18000 0.32000 0.38000
v -0.0910981 2.3578801 1.3992701 0.18000 0.32000 0.38000
v -0.0910981 2.3545401 1.3884300 0.18000 0.32000 0.38000
v -0.0330001 2.3067701 1.4149100 0.18000 0.32000 0.38000
v -1.0650001 2.2735500 0.3066819 0.18000 0.32000 0.38000
v -1.0650001 2.1957200 0.2288499 0.18000 0.32000 0.38000
v -1.0550000 2.2735500 0.3066819 0.18000 0.32000 0.38000
v -1.0550000 2.1957200 0.2288499 0.18000 0.32000 0.38000
v -1.0550000 2.2735500 0.3066819 0.18000 0.32000 0.38000
v -1.0650001 2.1957200 0.2288499 0.18000 0.32000 0.38000
v -1.0650001 2.2227199 0.1931999 0.18000 0.32000 0.38000
v -1.0650001 2.1957200 0.2288499 0.18000 0.32000 0.38000
v 1.0650000 2.3092000 0.8197200 0.18000 0.32000 0.38000
v 1.0650000 2.2227199 0.9062001 0.18000 0.32000 0.38000
v 1.0650000 2.2735500 0.7927181 0.18000 0.32000 0.38000
v 1.0650000 1.6826800 0.1932001 0.18000 0.32000 0.38000
v 1.0650000 1.5962000 0.2796801 0.18000 0.32000 0.38000
v 1.0549999 1.6826800 0.1932001 0.18000 0.32000 0.38000
v 1.0549999 1.5962000 0.2796801 0.18000 0.32000 0.38000
v 1.0549999 1.6826800 0.1932001 0.18000 0.32000 0.38000
v 1.0650000 1.5962000 0.2796801 0.18000 0.32000 0.38000
v 1.0549999 2.3092000 0.8197200 0.18000 0.32000 0.38000
v 1.0549999 2.2227199 0.9062001 0.18000 0.32000 0.38000
v 1.0650000 2.3092000 0.8197200 0.18000 0.32000 0.38000
v 1.0650000 2.2227199 0.9062001 0.18000 0.32000 0.38000
v 1.0650000 2.3092000 0.8197200 0.18000 0.32000 0.38000
v 1.0549999 2.2227199 0.9062001 0.18000 0.32000 0.38000
v 1.1000000 1.6330000 1.0879001 0.18000 0.32000 0.38000
v 1.1000000 1.6767000 1.0442000 0.18000 0.32000 0.38000
v 1.1099999 1.6330000 1.0879001 0.18000 0.32000 0.38000
v 1.1100000 1.6767000 1.0442000 0.18000 0.32000 0.38000
v 1.0999999 1.7033800 1.4860900 0.18000 0.32000 0.38000
v 1.1099999 1.7033800 1.4860900 0.18000 0.32000 0.38000
v -1.1000001 1.6330000 1.0879000 0.18000 0.32000 0.38000
v -1.1000001 1.6330000 1.4650199 0.18000 0.32000 0.38000
v -1.1000001 1.6710900 1.4503599 0.18000 0.32000 0.38000
v -1.1000001 1.6330000 1.4650199 0.18000 0.32000 0.38000
v 1.1099999 2.3920000 1.2489001 0.18000 0.32000 0.38000
v 1.1099999 2.3539100 1.2366601 0.18000 0.32000 0.38000
v -0.0795001 1.6281101 1.6226700 0.18000 0.32000 0.38000
v -0.0910981 1.6527400 1.6151299 0.18000 0.32000 0.38000
v -0.9605001 1.6281101 1.6226700 0.18000 0.32000 0.38000
v -0.9489021 1.6527400 1.6151299 0.18000 0.32000 0.38000
v -0.9605001 1.6281101 1.6226700 0.18000 0.32000 0.38000
v -0.0910981 1.6527400 1.6151299 0.18000 0.32000 0.38000
v 0.9604999 1.6238000 1.6086101 0.18000 0.32000 0.38000
v 0.9604999 1.6281101 1.6226701 0.18000 0.32000 0.38000
v 0.0794999 1.6238000 1.6086100 0.18000 0.32000 0.38000
v 0.0794999 1.6281101 1.6226701 0.18000 0.32000 0.38000
v 0.0794999 1.6238000 1.6086100 0.18000 0.32000 0.38000
v 0.9604999 1.6281101 1.6226701 0.18000 0.32000 0.38000
v -0.9605001 1.6238000 1.6086100 0.18000 0.32000 0.38000
v -0.9605001 1.6281101 1.6226700 0.18000 0.32000 0.38000
v -1.0350001 1.6893400 1.5888700 0.18000 0.32000 0.38000
v -1.0350001 1.6936500 1.6025999 0.18000 0.32000 0.38000
v -0.9489021 1.6484700 1.6011799 0.18000 0.32000 0.38000
v -1.0070001 1.6996500 1.5857599 0.18000 0.32000 0.38000
v -0.9489021 1.6527400 1.6151299 0.18000 0.32000 0.38000
v -1.0070001 1.7038500 1.5994800 0.18000 0.32000 0.38000
v -1.0650001 1.5962000 0.2796800 0.18000 0.32000 0.38000
v -1.0650001 1.6826800 0.1931999 0.18000 0.32000 0.38000
v -1.0550000 1.5962000 0.2796800 0.18000 0.32000 0.38000
v -1.0550000 1.6826800 0.1931999 0.18000 0.32000 0.38000
v -1.0550000 1.5962000 0.2796800 0.18000 0.32000 0.38000
v -1.0650001 1.6826800 0.1931999 0.18000 0.32000 0.38000
v -1.0650001 1.5962000 0.8197199 0.18000 0.32000 0.38000
v -1.0650001 1.6826800 0.9061999 0.18000 0.32000 0.38000
v -1.0650001 1.6318500 0.7927179 0.18000 0.32000 0.38000
v -1.0650001 1.6318500 0.7927179 0.18000 0.32000 0.38000
v -1.0650001 1.6826800 0.9061999 0.18000 0.32000 0.38000
v 1.0650000 1.6318500 0.3066821 0.18000 0.32000 0.38000
v 1.0650000 1.7096800 0.2288501 0.18000 0.32000 0.38000
v 1.0549999 1.6318500 0.3066821 0.18000 0.32000 0.38000
v 1.0549999 1.7096800 0.2288501 0.18000 0.32000 0.38000
v 1.0549999 1.6318500 0.3066821 0.18000 0.32000 0.38000
v 1.0650000 1.7096800 0.2288501 0.18000 0.32000 0.38000
v 1.0549999 1.6318500 0.7927181 0.18000 0.32000 0.38000
v 1.0549999 1.7096800 0.8705500 0.18000 0.32000 0.38000
v 1.0650000 1.6318500 0.7927181 0.18000 0.32000 0.38000
v 1.0650000 1.7096800 0.8705500 0.18000 0.32000 0.38000
v 1.0650000 1.6318500 0.7927181 0.18000 0.32000 0.38000
v 1.0549999 1.7096800 0.8705500 0.18000 0.32000 0.38000
v -1.0900001 1.6767000 1.0441999 0.18000 0.32000 0.38000
v -1.0900001 1.6330000 1.0879000 0.18000 0.32000 0.38000
v -1.1000001 1.6767000 1.0441999 0.18000 0.32000 0.38000
v -1.1000001 1.6330000 1.0879000 0.18000 0.32000 0.38000
v 1.0999999 1.6710900 1.4503600 0.18000 0.32000 0.38000
v 1.0999999 1.7033800 1.4860900 0.18000 0.32000 0.38000
v 1.1099999 1.6710900 1.4503600 0.18000 0.32000 0.38000
v 1.1099999 1.7033800 1.4860900 0.18000 0.32000 0.38000
v 1.1099999 1.6710900 1.4503600 0.18000 0.32000 0.38000
v 1.0999999 1.7033800 1.4860900 0.18000 0.32000 0.38000
v -1.0900001 2.3539100 1.2366599 0.18000 0.32000 0.38000
v -1.1000001 2.3539100 1.2366599 0.18000 0.32000 0.38000
v 1.1099999 2.3920000 1.0879001 0.18000 0.32000 0.38000
v 1.1099999 2.3539100 1.1036801 0.18000 0.32000 0.38000
v 0.0794999 1.6281101 1.6226701 0.18000 0.32000 0.38000
v 0.0910979 1.6527400 1.6151300 0.18000 0.32000 0.38000
v 0.0049999 1.6936500 1.6026000 0.18000 0.32000 0.38000
v 0.0329999 1.7038500 1.5994800 0.18000 0.32000 0.38000
v 0.0049999 1.6936500 1.6026000 0.18000 0.32000 0.38000
v 0.0910979 1.6527400 1.6151300 0.18000 0.32000 0.38000
v 0.9604999 1.6238000 1.6086101 0.18000 0.32000 0.38000
v 1.0349999 1.6893400 1.5888701 0.18000 0.32000 0.38000
v 0.9604999 1.6281101 1.6226701 0.18000 0.32000 0.38000
v 1.0349999 1.6936500 1.6026000 0.18000 0.32000 0.38000
v -1.0350001 1.6893400 1.5888700 0.18000 0.32000 0.38000
v -1.0350001 1.6936500 1.6025999 0.18000 0.32000 0.38000
v -1.0350001 2.3126600 1.4010499 0.18000 0.32000 0.38000
v -1.0350001 2.3169701 1.4117900 0.18000 0.32000 0.38000
v -1.0070001 1.6996500 1.5857599 0.18000 0.32000 0.38000
v -1.0070001 2.3033700 1.4038499 0.18000 0.32000 0.38000
v -1.0070001 1.7038500 1.5994800 0.18000 0.32000 0.38000
v -1.0070001 2.3067701 1.4149099 0.18000 0.32000 0.38000
v -1.0650001 2.2227199 0.1931999 0.18000 0.32000 0.38000
v -1.0650001 2.1957200 0.2288499 0.18000 0.32000 0.38000
v -1.0650001 2.3092000 0.2796800 0.18000 0.32000 0.38000
v -1.0550000 1.7096800 0.8705499 0.18000 0.32000 0.38000
v -1.0550000 1.6318500 0.7927179 0.18000 0.32000 0.38000
v -1.0650001 1.7096800 0.8705499 0.18000 0.32000 0.38000
v -1.0650001 1.6318500 0.7927179 0.18000 0.32000 0.38000
v -1.0650001 1.7096800 0.8705499 0.18000 0.32000 0.38000
v -1.0550000 1.6318500 0.7927179 0.18000 0.32000 0.38000
v 1.0650000 2.1957200 0.8705500 0.18000 0.32000 0.38000
v 1.0650000 1.7096800 0.8705500 0.18000 0.32000 0.38000
v 1.0549999 2.1957200 0.8705500 0.18000 0.32000 0.38000
v 1.0549999 1.7096800 0.8705500 0.18000 0.32000 0.38000
v 1.0650000 1.6826800 0.1932001 0.18000 0.32000 0.38000
v 1.0650000 2.2227199 0.1932001 0.18000 0.32000 0.38000
v 1.0650000 1.7096800 0.2288501 0.18000 0.32000 0.38000
v 1.0650000 2.1957200 0.2288501 0.18000 0.32000 0.38000
v -1.0900001 2.3483000 1.0441999 0.18000 0.32000 0.38000
v -1.0900001 1.6767000 1.0441999 0.18000 0.32000 0.38000
v -1.1000001 2.3483000 1.0441999 0.18000 0.32000 0.38000
v -1.1000001 1.6767000 1.0441999 0.18000 0.32000 0.38000
v 1.1000000 1.6710900 1.1036801 0.18000 0.32000 0.38000
v 1.0999999 1.6710900 1.4503600 0.18000 0.32000 0.38000
v 1.1099999 1.6710900 1.1036801 0.18000 0.32000 0.38000
v 1.1099999 1.6710900 1.4503600 0.18000 0.32000 0.38000
v -1.0900001 2.3539100 1.1036799 0.18000 0.32000 0.38000
v -1.1000001 2.3539100 1.1036799 0.18000 0.32000 0.38000
v 1.1099999 2.3920000 1.0879001 0.18000 0.32000 0.38000
v 1.1099999 2.3539100 1.1036801 0.18000 0.32000 0.38000
v 1.1100000 2.3483000 1.0442000 0.18000 0.32000 0.38000
v 1.1099999 2.3325200 1.0822901 0.18000 0.32000 0.38000
v 1.1100000 2.3483000 1.0442000 0.18000 0.32000 0.38000
v 1.1099999 2.3539100 1.1036801 0.18000 0.32000 0.38000
v 0.0049999 1.6936500 1.6026000 0.18000 0.32000 0.38000
v 0.0329999 1.7038500 1.5994800 0.18000 0.32000 0.38000
v 0.0329999 2.3067701 1.4149100 0.18000 0.32000 0.38000
v 0.0049999 1.6936500 1.6026000 0.18000 0.32000 0.38000
v 1.0349999 1.6893400 1.5888701 0.18000 0.32000 0.38000
v 1.0349999 2.3126600 1.4010500 0.18000 0.32000 0.38000
v 1.0349999 1.6936500 1.6026000 0.18000 0.32000 0.38000
v 1.0349999 2.3169701 1.4117901 0.18000 0.32000 0.38000
v 1.0069999 2.3033700 1.4038500 0.18000 0.32000 0.38000
v 1.0069999 2.3067701 1.4149100 0.18000 0.32000 0.38000
v 0.9489019 2.3545401 1.3884301 0.18000 0.32000 0.38000
v 0.9489019 2.3578801 1.3992701 0.18000 0.32000 0.38000
v -1.0650001 2.3092000 0.8197199 0.18000 0.32000 0.38000
v -1.0650001 2.2735500 0.7927179 0.18000 0.32000 0.38000
v -1.0650001 2.2227199 0.9061999 0.18000 0.32000 0.38000
v -1.0650001 1.7096800 0.8705499 0.18000 0.32000 0.38000
v -1.0650001 2.1957200 0.8705499 0.18000 0.32000 0.38000
v -1.0550000 1.7096800 0.8705499 0.18000 0.32000 0.38000
v -1.0550000 2.1957200 0.8705499 0.18000 0.32000 0.38000
v 1.0650000 2.2227199 0.1932001 0.18000 0.32000 0.38000
v 1.0650000 2.3092000 0.2796801 0.18000 0.32000 0.38000
v 1.0650000 2.1957200 0.2288501 0.18000 0.32000 0.38000
v 1.0650000 1.5962000 0.2796801 0.18000 0.32000 0.38000
v 1.0650000 1.6826800 0.1932001 0.18000 0.32000 0.38000
v 1.0650000 1.6318500 0.3066821 0.18000 0.32000 0.38000
v -1.0900001 2.3920000 1.0879000 0.18000 0.32000 0.38000
v -1.1000001 2.3920000 1.0879000 0.18000 0.32000 0.38000
v 1.1000000 2.3325200 1.0822901 0.18000 0.32000 0.38000
v 1.1000000 1.6924800 1.0822901 0.18000 0.32000 0.38000
v 1.1099999 2.3325200 1.0822901 0.18000 0.32000 0.38000
v 1.1099999 1.6924800 1.0822901 0.18000 0.32000 0.38000
v -1.0900001 1.6924800 1.0822900 0.18000 0.32000 0.38000
v -1.0900001 2.3325200 1.0822900 0.18000 0.32000 0.38000
v -1.1000001 1.6924800 1.0822900 0.18000 0.32000 0.38000
v -1.1000001 2.3325200 1.0822900 0.18000 0.32000 0.38000
v 1.1099999 1.6330000 1.0879001 0.18000 0.32000 0.38000
v 1.1100000 1.6767000 1.0442000 0.18000 0.32000 0.38000
v 1.1099999 1.6710900 1.1036801 0.18000 0.32000 0.38000
v 1.1099999 1.6924800 1.0822901 0.18000 0.32000 0.38000
v 1.1099999 1.6710900 1.1036801 0.18000 0.32000 0.38000
v 1.1100000 1.6767000 1.0442000 0.18000 0.32000 0.38000
v 0.9604999 2.3825099 1.3917300 0.18000 0.32000 0.38000
v 0.9489019 2.3578801 1.3992701 0.18000 0.32000 0.38000
v 0.0794999 2.3782001 1.3813000 0.18000 0.32000 0.38000
v 0.0794999 2.3825099 1.3917300 0.18000 0.32000 0.38000
v 0.9604999 2.3782001 1.3813000 0.18000 0.32000 0.38000
v 0.9604999 2.3825099 1.3917300 0.18000 0.32000 0.38000
v -0.0050001 2.3126600 1.4010500 0.18000 0.32000 0.38000
v -0.0795001 2.3782001 1.3813000 0.18000 0.32000 0.38000
v -0.0050001 2.3169701 1.4117900 0.18000 0.32000 0.38000
v -0.0795001 2.3825099 1.3917299 0.18000 0.32000 0.38000
v 0.0329999 2.3033700 1.4038500 0.18000 0.32000 0.38000
v 0.0910979 2.3545401 1.3884300 0.18000 0.32000 0.38000
v 0.0329999 2.3067701 1.4149100 0.18000 0.32000 0.38000
v 0.0910979 2.3578801 1.3992701 0.18000 0.32000 0.38000
v 0.0329999 2.3067701 1.4149100 0.18000 0.32000 0.38000
v 0.0910979 2.3545401 1.3884300 0.18000 0.32000 0.38000
v -1.0650001 2.3092000 0.2796800 0.18000 0.32000 0.38000
v -1.0650001 2.3092000 0.8197199 0.18000 0.32000 0.38000
v -1.0550000 2.3092000 0.2796800 0.18000 0.32000 0.38000
v -1.0550000 2.3092000 0.8197199 0.18000 0.32000 0.38000
v -1.0650001 1.5962000 0.2796800 0.18000 0.32000 0.38000
v -1.0650001 1.5962000 0.8197199 0.18000 0.32000 0.38000
v 1.0650000 2.2227199 0.1932001 0.18000 0.32000 0.38000
v 1.0650000 1.6826800 0.1932001 0.18000 0.32000 0.38000
v 1.0549999 2.2227199 0.1932001 0.18000 0.32000 0.38000
v 1.0549999 1.6826800 0.1932001 0.18000 0.32000 0.38000
v 1.0650000 1.5962000 0.8197200 0.18000 0.32000 0.38000
v 1.0650000 1.6318500 0.7927181 0.18000 0.32000 0.38000
v 1.0650000 1.6826800 0.9062001 0.18000 0.32000 0.38000
vn -0.0000001 0.3482929 0.9373858
vn -0.0000000 0.9580017 0.2867625
vn -0.0000001 0.4158487 0.9094338
vn -0.0000000 0.9941152 0.1083278
vn 0.0000000 -1.0000000 0.0000000
vn 0.0000000 -1.0000000 0.0000000
vn 0.0000000 -1.0000000 0.0000000
vn 0.0000000 -1.0000000 0.0000000
vn -0.0000000 0.7071068 0.7071068
vn -0.0000000 0.7071068 0.7071068
vn -0.0000000 0.7071068 0.7071068
vn -0.0000000 0.7071068 0.7071068
vn -0.0000000 0.7071068 0.7071068
vn -0.0000000 0.7071068 0.7071068
vn -1.0000000 0.0000000 -0.0000001
vn -1.0000000 -0.0000000 -0.0000001
vn -1.0000000 0.0000000 -0.0000001
vn -1.0000000 0.0000000 -0.0000001
vn -1.0000000 0.0000000 -0.0000001
vn -1.0000000 0.0000000 -0.0000001
vn -0.0000488 0.2926215 0.9562283
vn -0.0000488 0.2926215 0.9562283
vn -0.0000488 0.2926215 0.9562283
vn 0.0000788 0.2926932 0.9562064
vn 0.0000788 0.2926932 0.9562064
vn 0.0000788 0.2926932 0.9562064
vn 0.0000540 0.2927491 0.9561893
vn 0.0000540 0.2927491 0.9561893
vn 0.0000540 0.2927491 0.9561893
vn 0.0000798 0.2926995 0.9562045
vn 0.0000798 0.2926995 0.9562045
vn 0.0000798 0.2926995 0.9562045
vn 1.0000000 -0.0000004 -0.0000013
vn 1.0000000 -0.0000004 -0.0000013
vn 1.0000000 -0.0000004 -0.0000013
vn 1.0000000 0.0000006 0.0000017
vn 1.0000000 0.0000006 0.0000017
vn 1.0000000 0.0000006 0.0000017
vn 1.0000000 0.0000000 0.0000001
vn 1.0000000 0.0000000 0.0000001
vn 1.0000000 0.0000000 0.0000001
vn 1.0000000 -0.0000000 0.0000001
vn 1.0000000 -0.0000000 0.0000001
vn 1.0000000 -0.0000000 0.0000001
vn 0.0000000 0.7071062 -0.7071073
vn 0.0000000 0.7071062 -0.7071073
vn 0.0000000 0.7071062 -0.7071073
vn 0.0000000 0.7071062 -0.7071073
vn 0.0000000 -1.0000000 0.0000000
vn 0.0000000 -1.0000000 0.0000000
vn 0.0000000 -1.0000000 0.0000000
vn 0.0000000 -1.0000000 0.0000000
vn 1.0000000 0.0000000 0.0000001
vn 1.0000000 -0.0000000 0.0000001
vn 1.0000000 0.0000000 0.0000001
vn 1.0000000 -0.0000000 0.0000001
vn 1.0000000 -0.0000000 0.0000001
vn 1.0000000 0.0000000 0.0000001
vn 1.0000000 -0.0000000 0.0000001
vn 1.0000000 0.0000000 0.0000001
vn -0.0000000 -0.7419971 0.6704031
vn -0.0000000 -0.7419971 0.6704031
vn -0.0000000 -0.7419971 0.6704031
vn -0.0000000 -0.7419971 0.6704031
vn -0.0000001 0.4158487 0.9094338
vn -0.0000001 0.3213939 0.9469456
vn -0.0000001 0.3482929 0.9373858
vn -0.0000001 0.3213939 0.9469456
vn 0.0000000 0.7419196 -0.6704889
vn 0.0000000 0.7419196 -0.6704889
vn 0.0000000 0.7419196 -0.6704889
vn 0.0000000 0.7419196 -0.6704889
vn 0.0000000 0.7419196 -0.6704889
vn 0.0000000 0.7419196 -0.6704889
vn -1.0000000 -0.0000000 -0.0000001
vn -1.0000000 -0.0000000 -0.0000001
vn -1.0000000 -0.0000000 -0.0000001
vn -1.0000000 -0.0000000 -0.0000001
vn -1.0000000 -0.0000000 -0.0000001
vn -1.0000000 -0.0000000 -0.0000001
vn 0.0000540 0.2927491 0.9561893
vn 0.0000540 0.2927491 0.9561893
vn 0.0000540 0.2927491 0.9561893
vn 0.0000798 0.2926995 0.9562045
vn 0.0000798 0.2926995 0.9562045
vn 0.0000798 0.2926995 0.9562045
vn -0.0000799 0.2926994 0.9562045
vn 0.0000006 0.2927199 0.9561982
vn -0.0000653 0.2926989 0.9562047
vn 0.0000068 0.2927242 0.9561969
vn -0.0000000 -0.9560871 0.2930826
vn -0.0000000 -0.9560871 0.2930826
vn -0.0000000 -0.9560871 0.2930826
vn -0.0000000 -0.9560871 0.2930826
vn -0.0000000 -0.9560871 0.2930826
vn -0.0000000 -0.9560871 0.2930826
vn 0.0000000 0.9562085 -0.2926862
vn 0.0000000 0.9562085 -0.2926862
vn 0.0000000 0.9562085 -0.2926862
vn 0.0000000 0.9562085 -0.2926862
vn 0.0000000 0.9562085 -0.2926862
vn 0.0000000 0.9562085 -0.2926862
vn -0.0000000 -0.9556649 0.2944566
vn -0.0000000 -0.9556649 0.2944566
vn -0.0000000 -0.9556649 0.2944566
vn -0.0000000 -0.9556649 0.2944566
vn -0.0000000 -0.9556649 0.2944566
vn -0.0000000 -0.9556649 0.2944566
vn 0.0000000 -1.0000000 0.0000000
vn 0.0000000 -1.0000000 0.0000000
vn 0.0000000 -1.0000000 0.0000000
vn 0.0000000 -1.0000000 0.0000000
vn -1.0000000 0.0000000 -0.0000001
vn -1.0000000 0.0000000 -0.0000001
vn -1.0000000 0.0000000 -0.0000001
vn -1.0000000 0.0000000 -0.0000001
vn -1.0000000 0.0000000 -0.0000001
vn -1.0000000 0.0000000 -0.0000001
vn -0.0000000 -0.7071154 0.7070981
vn -0.0000000 -0.7071154 0.7070981
vn -0.0000000 -0.7071154 0.7070981
vn -0.0000000 -0.7071154 0.7070981
vn -0.0000000 -0.7071154 0.7070981
vn -0.0000000 -0.7071154 0.7070981
vn -0.0000001 0.0000000 1.0000000
vn -0.0000001 0.0000000 1.0000000
vn -0.0000001 0.0000000 1.0000000
vn -0.0000001 0.0000000 1.0000000
vn -0.0000001 0.3213939 0.9469456
vn -0.0000001 0.3213939 0.9469456
vn -0.0000000 -0.7419971 0.6704031
vn -0.0000000 -0.7419971 0.6704031
vn -0.0000000 -0.7419971 0.6704031
vn -0.0000000 -0.7419971 0.6704031
vn 0.0000000 1.0000000 0.0000000
vn 0.0000000 1.0000000 0.0000000
vn 0.0000000 1.0000000 0.0000000
vn 0.0000000 1.0000000 0.0000000
vn -1.0000000 0.0000000 -0.0000001
vn -1.0000000 0.0000000 -0.0000001
vn -1.0000000 0.0000000 -0.0000001
vn -1.0000000 0.0000000 -0.0000001
vn 0.0000844 0.2927110 0.9562009
vn 0.0000844 0.2927110 0.9562009
vn 0.0000844 0.2927110 0.9562009
vn -0.0000874 0.2927182 0.9561987
vn -0.0000874 0.2927182 0.9561987
vn -0.0000874 0.2927182 0.9561987
vn -0.0000845 0.2927110 0.9562009
vn 0.0000872 0.2927182 0.9561987
vn 0.0000872 0.2927182 0.9561987
vn 0.0000872 0.2927182 0.9561987
vn 0.6765604 -0.7040502 0.2158223
vn 0.6768143 -0.7031060 0.2180924
vn 0.6768143 -0.7031060 0.2180924
vn 0.6770694 -0.7021373 0.2204095
vn 0.6770689 0.7036926 -0.2153935
vn 0.6770703 0.7036885 -0.2154027
vn 0.6770703 0.7036885 -0.2154027
vn 0.6770716 0.7036844 -0.2154120
vn 0.6770021 -0.7034887 0.2162680
vn 0.6770264 -0.7033994 0.2164825
vn 0.6770264 -0.7033994 0.2164825
vn 0.6770511 -0.7033082 0.2167012
vn 0.0000000 -0.7071154 -0.7070981
vn 0.0000000 -0.7071154 -0.7070981
vn 0.0000000 -0.7071154 -0.7070981
vn 0.0000000 -0.7071154 -0.7070981
vn 0.0000000 -0.7071154 -0.7070981
vn 0.0000000 -0.7071154 -0.7070981
vn -0.0000000 -0.7071068 0.7071068
vn -0.0000000 -0.7071068 0.7071068
vn -0.0000000 -0.7071068 0.7071068
vn -0.0000000 -0.7071068 0.7071068
vn -0.0000000 -0.7071068 0.7071068
vn -0.0000000 -0.7071068 0.7071068
vn 0.0000000 1.0000000 0.0000000
vn 0.0000000 1.0000000 0.0000000
vn 0.0000000 1.0000000 0.0000000
vn 0.0000000 1.0000000 0.0000000
vn -0.0000001 -0.0000000 1.0000000
vn -0.0000001 -0.0000000 1.0000000
vn -0.0000001 -0.0000000 1.0000000
vn -0.0000001 -0.0000000 1.0000000
vn 0.0000000 0.7071077 -0.7071058
vn 0.0000000 0.7071077 -0.7071058
vn 0.0000000 0.7071077 -0.7071058
vn 0.0000000 0.7071077 -0.7071058
vn 0.0000000 -0.9678418 -0.2515597
vn 0.0000000 -1.0000000 0.0000000
vn 0.0000000 -0.9960395 -0.0889124
vn 0.0000000 -1.0000000 0.0000000
vn -1.0000000 -0.0000000 -0.0000001
vn -1.0000000 -0.0000000 -0.0000001
vn -1.0000000 -0.0000000 -0.0000001
vn -1.0000000 -0.0000000 -0.0000001
vn -1.0000000 -0.0000000 -0.0000001
vn -1.0000000 -0.0000000 -0.0000001
vn 1.0000000 -0.0000000 0.0000001
vn 1.0000000 -0.0000000 0.0000001
vn 1.0000000 -0.0000000 0.0000001
vn 1.0000000 0.0000000 0.0000001
vn 1.0000000 0.0000000 0.0000001
vn 1.0000000 0.0000000 0.0000001
vn -0.0000845 0.2927110 0.9562009
vn -0.0000845 0.2927110 0.9562009
vn -0.0000845 0.2927110 0.9562009
vn 0.0000872 0.2927182 0.9561987
vn 0.0000872 0.2927182 0.9561987
vn 0.0000872 0.2927182 0.9561987
vn -1.0000000 -0.0000004 -0.0000014
vn -1.0000000 -0.0000004 -0.0000014
vn -1.0000000 -0.0000004 -0.0000014
vn -1.0000000 0.0000006 0.0000016
vn -1.0000000 0.0000006 0.0000016
vn -1.0000000 0.0000006 0.0000016
vn -0.6770689 0.7036926 -0.2153936
vn -0.6770702 0.7036885 -0.2154028
vn -0.6770702 0.7036885 -0.2154028
vn -0.6770716 0.7036844 -0.2154121
vn -0.0000000 0.7071160 0.7070976
vn -0.0000000 0.7071160 0.7070976
vn -0.0000000 0.7071160 0.7070976
vn -0.0000000 0.7071160 0.7070976
vn -0.0000000 0.7071160 0.7070976
vn -0.0000000 0.7071160 0.7070976
vn 0.0000000 -0.7071154 -0.7070981
vn 0.0000000 -0.7071154 -0.7070981
vn 0.0000000 -0.7071154 -0.7070981
vn 0.0000000 -0.7071154 -0.7070981
vn 0.0000000 -0.7071154 -0.7070981
vn 0.0000000 -0.7071154 -0.7070981
vn -0.0000000 -0.7071068 0.7071068
vn -0.0000000 -0.7071068 0.7071068
vn -0.0000000 -0.7071068 0.7071068
vn -0.0000000 -0.7071068 0.7071068
vn -0.0000000 -0.7071068 0.7071068
vn -0.0000000 -0.7071068 0.7071068
vn 0.0000000 1.0000000 0.0000000
vn -0.0000000 0.9941152 0.1083278
vn 0.0000000 1.0000000 0.0000000
vn -0.0000000 0.9580017 0.2867625
vn -0.0000000 -0.7071068 0.7071068
vn -0.0000000 -0.7071068 0.7071068
vn -0.0000000 -0.7071068 0.7071068
vn -0.0000000 -0.7071068 0.7071068
vn -0.0000000 -0.7071068 0.7071068
vn -0.0000000 -0.7071068 0.7071068
vn -1.0000000 0.0000000 -0.0000001
vn -1.0000000 0.0000000 -0.0000001
vn -1.0000000 0.0000000 -0.0000001
vn -1.0000000 -0.0000000 -0.0000001
vn -1.0000000 -0.0000000 -0.0000001
vn -1.0000000 -0.0000000 -0.0000001
vn 1.0000000 -0.0000000 0.0000001
vn 1.0000000 -0.0000000 0.0000001
vn 1.0000000 -0.0000000 0.0000001
vn 1.0000000 -0.0000000 0.0000001
vn 0.0000487 0.2926215 0.9562283
vn 0.0000487 0.2926215 0.9562283
vn 0.0000487 0.2926215 0.9562283
vn -0.0000789 0.2926932 0.9562064
vn -0.0000789 0.2926932 0.9562064
vn -0.0000789 0.2926932 0.9562064
vn -0.6751266 0.6846287 -0.2747500
vn -0.6752711 0.6831119 -0.2781494
vn -0.6752711 0.6831119 -0.2781494
vn -0.6754096 0.6815471 -0.2816300
vn -1.0000000 0.0000000 -0.0000001
vn -1.0000000 0.0000000 -0.0000001
vn -1.0000000 0.0000000 -0.0000001
vn -1.0000000 0.0000000 -0.0000001
vn -1.0000000 -0.0000000 -0.0000001
vn -1.0000000 -0.0000000 -0.0000001
vn -1.0000000 -0.0000000 -0.0000001
vn -1.0000000 -0.0000000 -0.0000001
vn -1.0000000 -0.0000000 -0.0000001
vn -1.0000000 -0.0000000 -0.0000001
vn 0.0000001 0.0000000 -1.0000000
vn 0.0000001 0.0000000 -1.0000000
vn 0.0000001 0.0000000 -1.0000000
vn 0.0000001 0.0000000 -1.0000000
vn -0.0000001 -0.0000000 1.0000000
vn -0.0000001 -0.0000000 1.0000000
vn -0.0000001 -0.0000000 1.0000000
vn -0.0000001 -0.0000000 1.0000000
vn 0.0000000 -1.0000000 0.0000000
vn 0.0000000 -1.0000000 0.0000000
vn 0.0000000 -1.0000000 0.0000000
vn 0.0000000 -1.0000000 0.0000000
vn 0.0000000 -1.0000000 0.0000000
vn 0.0000000 -1.0000000 0.0000000
vn 0.0000000 -1.0000000 0.0000000
vn 0.0000000 -1.0000000 0.0000000
vn -0.0000000 0.7071063 0.7071073
vn -0.0000000 0.7071063 0.7071073
vn -0.0000000 0.7071063 0.7071073
vn -0.0000000 0.7071063 0.7071073
vn -0.0000000 0.7071063 0.7071073
vn -0.0000000 0.7071063 0.7071073
vn 0.0000001 0.0000000 -1.0000000
vn 0.0000001 0.0000000 -1.0000000
vn 0.0000001 0.0000000 -1.0000000
vn 0.0000001 0.0000000 -1.0000000
vn 0.0000001 -0.3402816 -0.9403236
vn 0.0000001 -0.3903105 -0.9206833
vn -1.0000000 -0.0000000 -0.0000001
vn -1.0000000 -0.0000000 -0.0000001
vn -1.0000000 -0.0000000 -0.0000001
vn -1.0000000 0.0000000 -0.0000001
vn -1.0000000 0.0000000 -0.0000001
vn -1.0000000 0.0000000 -0.0000001
vn 1.0000000 -0.0000000 0.0000001
vn 1.0000000 -0.0000000 0.0000001
vn 1.0000000 -0.0000000 0.0000001
vn 1.0000000 -0.0000000 0.0000001
vn 1.0000000 -0.0000000 0.0000001
vn 1.0000000 -0.0000000 0.0000001
vn -0.0000541 0.2927491 0.9561893
vn -0.0000541 0.2927491 0.9561893
vn -0.0000541 0.2927491 0.9561893
vn -0.0000799 0.2926995 0.9562045
vn -0.0000799 0.2926995 0.9562045
vn -0.0000799 0.2926995 0.9562045
vn -0.6765604 -0.7040502 0.2158222
vn -0.6768143 -0.7031060 0.2180924
vn -0.6768143 -0.7031060 0.2180924
vn -0.6770694 -0.7021373 0.2204094
vn 0.0000000 0.9562085 -0.2926862
vn 0.0000000 0.9562085 -0.2926862
vn 0.0000000 0.9562085 -0.2926862
vn 0.0000000 0.9562085 -0.2926862
vn 0.0000000 0.9562085 -0.2926862
vn 0.0000000 0.9562085 -0.2926862
vn 0.0000000 1.0000000 0.0000000
vn 0.0000000 1.0000000 0.0000000
vn 0.0000000 1.0000000 0.0000000
vn 0.0000000 1.0000000 0.0000000
vn -1.0000000 0.0000000 -0.0000001
vn -1.0000000 0.0000000 -0.0000001
vn -1.0000000 0.0000000 -0.0000001
vn -1.0000000 0.0000000 -0.0000001
vn -1.0000000 -0.0000000 -0.0000001
vn -1.0000000 0.0000000 -0.0000001
vn 0.0000000 1.0000000 0.0000000
vn 0.0000000 1.0000000 0.0000000
vn 0.0000000 1.0000000 0.0000000
vn 0.0000000 1.0000000 0.0000000
vn 0.0000000 0.7071077 -0.7071058
vn 0.0000000 0.7071077 -0.7071058
vn 0.0000000 0.7071077 -0.7071058
vn 0.0000000 0.7071077 -0.7071058
vn -0.0000000 0.7071068 0.7071068
vn -0.0000000 0.7071068 0.7071068
vn -0.0000000 0.7071068 0.7071068
vn -0.0000000 0.7071068 0.7071068
vn -0.0000000 0.7071068 0.7071068
vn -0.0000000 0.7071068 0.7071068
vn -0.0000000 -0.7071068 0.7071068
vn -0.0000000 -0.7071068 0.7071068
vn -0.0000000 -0.7071068 0.7071068
vn -0.0000000 -0.7071068 0.7071068
vn -0.0000000 -0.7071068 0.7071068
vn -0.0000000 -0.7071068 0.7071068
vn 1.0000000 0.0000000 0.0000001
vn 1.0000000 0.0000000 0.0000001
vn 1.0000000 0.0000000 0.0000001
vn 1.0000000 0.0000000 0.0000001
vn 1.0000000 0.0000000 0.0000001
vn 1.0000000 0.0000000 0.0000001
vn 0.0000798 0.2926994 0.9562045
vn 0.0000652 0.2926989 0.9562047
vn -0.0000008 0.2927199 0.9561982
vn -0.0000070 0.2927242 0.9561969
vn 0.6751267 0.6846282 -0.2747510
vn 0.6752713 0.6831116 -0.2781498
vn 0.6752713 0.6831116 -0.2781498
vn 0.6754097 0.6815470 -0.2816299
vn 0.0000000 0.9242033 -0.3819008
vn 0.0000000 0.9242033 -0.3819008
vn 0.0000000 0.9242033 -0.3819008
vn 0.0000000 0.9242033 -0.3819008
vn -0.0000000 -0.9556649 0.2944566
vn -0.0000000 -0.9556649 0.2944566
vn -0.0000000 -0.9556649 0.2944566
vn -0.0000000 -0.9556649 0.2944566
vn -0.0000000 -0.9556649 0.2944566
vn -0.0000000 -0.9556649 0.2944566
vn -1.0000000 0.0000000 -0.0000001
vn -1.0000000 -0.0000000 -0.0000001
vn -1.0000000 0.0000000 -0.0000001
vn -1.0000000 -0.0000000 -0.0000001
vn -0.0000001 0.0000000 1.0000000
vn -0.0000001 0.0000000 1.0000000
vn -0.0000001 0.0000000 1.0000000
vn -0.0000001 0.0000000 1.0000000
vn 0.0000000 0.7071062 -0.7071073
vn 0.0000000 0.7071062 -0.7071073
vn 0.0000000 0.7071062 -0.7071073
vn 0.0000000 0.7071062 -0.7071073
vn 1.0000000 0.0000000 0.0000001
vn 1.0000000 0.0000000 0.0000001
vn 1.0000000 0.0000000 0.0000001
vn 1.0000000 -0.0000000 0.0000001
vn 0.0000000 -1.0000000 0.0000000
vn 0.0000000 -1.0000000 0.0000000
vn 0.0000000 -1.0000000 0.0000000
vn 0.0000000 -1.0000000 0.0000000
vn 0.0000001 -0.3903105 -0.9206833
vn 0.0000001 -0.3213859 -0.9469483
vn 0.0000001 -0.3402816 -0.9403236
vn 0.0000001 -0.3213859 -0.9469483
vn -1.0000000 0.0000000 -0.0000001
vn -1.0000000 -0.0000000 -0.0000001
vn -1.0000000 -0.0000000 -0.0000001
vn -0.0000001 0.2927258 0.9561964
vn -0.0000001 0.2927258 0.9561964
vn -0.0000001 0.2927258 0.9561964
vn -0.0000001 0.2927258 0.9561964
vn -0.0000001 0.2927258 0.9561964
vn -0.0000001 0.2927258 0.9561964
vn -0.0000001 0.2927271 0.9561960
vn -0.0000001 0.2927271 0.9561960
vn -0.6751267 0.6846282 -0.2747511
vn -0.6752712 0.6831116 -0.2781499
vn -0.6752712 0.6831116 -0.2781499
vn -0.6754096 0.6815470 -0.2816300
vn -0.6770692 0.7036924 -0.2153935
vn -0.6770705 0.7036883 -0.2154027
vn -0.6770705 0.7036883 -0.2154027
vn -0.6770719 0.7036841 -0.2154120
vn -0.6770018 -0.7034890 0.2162680
vn -0.6770018 -0.7034890 0.2162680
vn -0.6770018 -0.7034890 0.2162680
vn -0.6770508 -0.7033084 0.2167012
vn -0.6770508 -0.7033084 0.2167012
vn -0.6770508 -0.7033084 0.2167012
vn -0.0000000 -0.7071154 0.7070981
vn -0.0000000 -0.7071154 0.7070981
vn -0.0000000 -0.7071154 0.7070981
vn -0.0000000 -0.7071154 0.7070981
vn -0.0000000 -0.7071154 0.7070981
vn -0.0000000 -0.7071154 0.7070981
vn -1.0000000 0.0000000 -0.0000001
vn -1.0000000 -0.0000000 -0.0000001
vn 1.0000000 -0.0000000 0.0000001
vn 1.0000000 -0.0000000 0.0000001
vn 1.0000000 -0.0000000 0.0000001
vn 0.0000000 -0.7071067 -0.7071068
vn 0.0000000 -0.7071067 -0.7071068
vn 0.0000000 -0.7071067 -0.7071068
vn 0.0000000 -0.7071067 -0.7071068
vn 0.0000000 -0.7071067 -0.7071068
vn 0.0000000 -0.7071067 -0.7071068
vn -0.0000000 0.7071063 0.7071073
vn -0.0000000 0.7071063 0.7071073
vn -0.0000000 0.7071063 0.7071073
vn -0.0000000 0.7071063 0.7071073
vn -0.0000000 0.7071063 0.7071073
vn -0.0000000 0.7071063 0.7071073
vn 0.0000000 -0.7071077 -0.7071058
vn 0.0000000 -0.7071077 -0.7071058
vn 0.0000000 -0.7071077 -0.7071058
vn 0.0000000 -0.7071077 -0.7071058
vn 0.0000001 -0.3213859 -0.9469483
vn 0.0000001 -0.3213859 -0.9469483
vn -1.0000000 0.0000000 -0.0000001
vn -1.0000000 0.0000000 -0.0000001
vn -1.0000000 -0.0000000 -0.0000001
vn -1.0000000 -0.0000000 -0.0000001
vn 1.0000000 0.0000000 0.0000001
vn 1.0000000 0.0000000 0.0000001
vn -0.0000001 0.2927258 0.9561964
vn -0.0000001 0.2927258 0.9561964
vn -0.0000001 0.2927258 0.9561964
vn -0.0000001 0.2927258 0.9561964
vn -0.0000001 0.2927258 0.9561964
vn -0.0000001 0.2927258 0.9561964
vn -0.0000000 -0.9560871 0.2930826
vn -0.0000000 -0.9560871 0.2930826
vn -0.0000000 -0.9560871 0.2930826
vn -0.0000000 -0.9560871 0.2930826
vn -0.0000000 -0.9560871 0.2930826
vn -0.0000000 -0.9560871 0.2930826
vn -0.6765606 -0.7040501 0.2158221
vn -0.6768146 -0.7031057 0.2180927
vn -0.6768146 -0.7031057 0.2180927
vn -0.6770696 -0.7021368 0.2204102
vn 0.6770692 0.7036924 -0.2153934
vn 0.6770705 0.7036883 -0.2154026
vn 0.6770705 0.7036883 -0.2154026
vn 0.6770719 0.7036841 -0.2154120
vn 0.0000000 -0.7071067 -0.7071068
vn 0.0000000 -0.7071067 -0.7071068
vn 0.0000000 -0.7071067 -0.7071068
vn 0.0000000 -0.7071067 -0.7071068
vn 0.0000000 -0.7071067 -0.7071068
vn 0.0000000 -0.7071067 -0.7071068
vn -1.0000000 -0.0000000 -0.0000001
vn -1.0000000 -0.0000000 -0.0000001
vn -1.0000000 -0.0000000 -0.0000001
vn -1.0000000 -0.0000000 -0.0000001
vn -1.0000000 -0.0000000 -0.0000001
vn -0.0000000 0.7071160 0.7070976
vn -0.0000000 0.7071160 0.7070976
vn -0.0000000 0.7071160 0.7070976
vn -0.0000000 0.7071160 0.7070976
vn -0.0000000 0.7071160 0.7070976
vn -0.0000000 0.7071160 0.7070976
vn 0.0000000 0.7071160 -0.7070976
vn 0.0000000 0.7071160 -0.7070976
vn 0.0000000 0.7071160 -0.7070976
vn 0.0000000 0.7071160 -0.7070976
vn 0.0000000 0.7071160 -0.7070976
vn 0.0000000 0.7071160 -0.7070976
vn 0.0000000 -0.7071077 -0.7071058
vn 0.0000000 -0.7071077 -0.7071058
vn 0.0000000 -0.7071077 -0.7071058
vn 0.0000000 -0.7071077 -0.7071058
vn 0.0000000 0.7419196 -0.6704889
vn 0.0000000 0.7419196 -0.6704889
vn 0.0000000 0.7419196 -0.6704889
vn 0.0000000 0.7419196 -0.6704889
vn 0.0000000 0.7419196 -0.6704889
vn 0.0000000 0.7419196 -0.6704889
vn 0.0000000 -0.9960395 -0.0889124
vn 0.0000000 -0.9678418 -0.2515597
vn 1.0000000 0.0000000 0.0000001
vn 1.0000000 0.0000000 0.0000001
vn -0.0000541 0.2927491 0.9561893
vn -0.0000541 0.2927491 0.9561893
vn -0.0000541 0.2927491 0.9561893
vn -0.0000799 0.2926995 0.9562045
vn -0.0000799 0.2926995 0.9562045
vn -0.0000799 0.2926995 0.9562045
vn 0.6765606 -0.7040501 0.2158222
vn 0.6768145 -0.7031057 0.2180928
vn 0.6768145 -0.7031057 0.2180928
vn 0.6770696 -0.7021368 0.2204103
vn -1.0000000 0.0000000 -0.0000001
vn -1.0000000 0.0000000 -0.0000001
vn -1.0000000 0.0000000 -0.0000001
vn -1.0000000 0.0000000 -0.0000001
vn 1.0000000 -0.0000000 0.0000001
vn 1.0000000 -0.0000000 0.0000001
vn 1.0000000 -0.0000000 0.0000001
vn 1.0000000 -0.0000000 0.0000001
vn -1.0000000 -0.0000000 -0.0000001
vn -1.0000000 -0.0000000 -0.0000001
vn -1.0000000 -0.0000000 -0.0000001
vn 0.0000000 0.7071160 -0.7070976
vn 0.0000000 0.7071160 -0.7070976
vn 0.0000000 0.7071160 -0.7070976
vn 0.0000000 0.7071160 -0.7070976
vn 0.0000000 0.7071160 -0.7070976
vn 0.0000000 0.7071160 -0.7070976
vn 0.0000001 0.0000000 -1.0000000
vn 0.0000001 0.0000000 -1.0000000
vn 0.0000001 0.0000000 -1.0000000
vn 0.0000001 0.0000000 -1.0000000
vn 1.0000000 -0.0000000 0.0000001
vn 1.0000000 -0.0000000 0.0000001
vn 1.0000000 -0.0000000 0.0000001
vn 1.0000000 0.0000000 0.0000001
vn 0.0000001 0.0000000 -1.0000000
vn 0.0000001 0.0000000 -1.0000000
vn 0.0000001 0.0000000 -1.0000000
vn 0.0000001 0.0000000 -1.0000000
vn 0.0000000 1.0000000 0.0000000
vn 0.0000000 1.0000000 0.0000000
vn 0.0000000 1.0000000 0.0000000
vn 0.0000000 1.0000000 0.0000000
vn 0.0000000 -1.0000000 0.0000000
vn 0.0000000 -1.0000000 0.0000000
vn 1.0000000 0.0000000 0.0000001
vn 1.0000000 0.0000000 0.0000001
vn 1.0000000 0.0000000 0.0000001
vn 1.0000000 0.0000000 0.0000001
vn 1.0000000 0.0000000 0.0000001
vn 1.0000000 0.0000000 0.0000001
vn 0.0000844 0.2927110 0.9562009
vn -0.0000874 0.2927182 0.9561987
vn -0.0000874 0.2927182 0.9561987
vn -0.0000874 0.2927182 0.9561987
vn 1.0000000 -0.0000000 0.0000001
vn 1.0000000 -0.0000000 0.0000001
vn 1.0000000 -0.0000000 0.0000001
vn 1.0000000 -0.0000000 0.0000001
vn -0.6770021 -0.7034887 0.2162679
vn -0.6770264 -0.7033994 0.2164824
vn -0.6770264 -0.7033994 0.2164824
vn -0.6770511 -0.7033082 0.2167011
vn -1.0000000 0.0000000 -0.0000001
vn -1.0000000 0.0000000 -0.0000001
vn -1.0000000 0.0000000 -0.0000001
vn 0.0000001 0.0000000 -1.0000000
vn 0.0000001 0.0000000 -1.0000000
vn 0.0000001 0.0000000 -1.0000000
vn 0.0000001 0.0000000 -1.0000000
vn 1.0000000 0.0000000 0.0000001
vn 1.0000000 0.0000000 0.0000001
vn 1.0000000 0.0000000 0.0000001
vn 1.0000000 -0.0000000 0.0000001
vn 1.0000000 -0.0000000 0.0000001
vn 1.0000000 -0.0000000 0.0000001
vn 0.0000000 1.0000000 0.0000000
vn 0.0000000 1.0000000 0.0000000
vn -0.0000001 0.0000000 1.0000000
vn -0.0000001 0.0000000 1.0000000
vn -0.0000001 0.0000000 1.0000000
vn -0.0000001 0.0000000 1.0000000
vn -0.0000001 0.0000000 1.0000000
vn -0.0000001 0.0000000 1.0000000
vn -0.0000001 0.0000000 1.0000000
vn -0.0000001 0.0000000 1.0000000
vn 1.0000000 0.0000000 0.0000001
vn 1.0000000 0.0000000 0.0000001
vn 1.0000000 0.0000000 0.0000001
vn 1.0000000 0.0000000 0.0000001
vn 1.0000000 0.0000000 0.0000001
vn 1.0000000 0.0000000 0.0000001
vn -0.0000001 0.2927271 0.9561960
vn -0.0000001 0.2927271 0.9561960
vn 0.0000000 0.9242033 -0.3819008
vn 0.0000000 0.9242033 -0.3819008
vn 0.0000000 0.9242033 -0.3819008
vn 0.0000000 0.9242033 -0.3819008
vn 0.6751266 0.6846287 -0.2747499
vn 0.6752712 0.6831119 -0.2781493
vn 0.6752712 0.6831119 -0.2781493
vn 0.6754096 0.6815471 -0.2816300
vn 0.6770018 -0.7034890 0.2162680
vn 0.6770018 -0.7034890 0.2162680
vn 0.6770018 -0.7034890 0.2162680
vn 0.6770508 -0.7033084 0.2167013
vn 0.6770508 -0.7033084 0.2167013
vn 0.6770508 -0.7033084 0.2167013
vn 0.0000000 1.0000000 0.0000000
vn 0.0000000 1.0000000 0.0000000
vn 0.0000000 1.0000000 0.0000000
vn 0.0000000 1.0000000 0.0000000
vn -1.0000000 0.0000000 -0.0000001
vn -1.0000000 -0.0000000 -0.0000001
vn 0.0000001 0.0000000 -1.0000000
vn 0.0000001 0.0000000 -1.0000000
vn 0.0000001 0.0000000 -1.0000000
vn 0.0000001 0.0000000 -1.0000000
vn 1.0000000 0.0000000 0.0000001
vn 1.0000000 0.0000000 0.0000001
vn 1.0000000 0.0000000 0.0000001
f 2518//2518 2519//2519 2520//2520
f 2521//2521 2520//2520 2519//2519
f 2522//2522 2523//2523 2524//2524
f 2525//2525 2524//2524 2523//2523
f 2526//2526 2527//2527 2528//2528
f 2529//2529 2530//2530 2531//2531
f 2532//2532 2533//2533 2534//2534
f 2535//2535 2536//2536 2537//2537
f 2538//2538 2539//2539 2540//2540
f 2541//2541 2542//2542 2543//2543
f 2544//2544 2545//2545 2546//2546
f 2547//2547 2548//2548 2549//2549
f 2550//2550 2551//2551 2552//2552
f 2553//2553 2554//2554 2555//2555
f 2556//2556 2557//2557 2558//2558
f 2559//2559 2560//2560 2561//2561
f 2562//2562 2563//2563 2564//2564
f 2565//2565 2564//2564 2563//2563
f 2566//2566 2567//2567 2568//2568
f 2569//2569 2568//2568 2567//2567
f 2570//2570 2571//2571 2572//2572
f 2573//2573 2572//2572 2571//2571
f 2574//2574 2575//2575 2576//2576
f 2577//2577 2576//2576 2575//2575
f 2578//2578 2579//2579 2580//2580
f 2581//2581 2580//2580 2579//2579
f 2582//2582 2583//2583 2584//2584
f 2585//2585 2584//2584 2583//2583
f 2586//2586 2587//2587 2588//2588
f 2589//2589 2590//2590 2591//2591
f 2592//2592 2593//2593 2594//2594
f 2595//2595 2596//2596 2597//2597
f 2598//2598 2599//2599 2600//2600
f 2601//2601 2602//2602 2603//2603
f 2604//2604 2605//2605 2606//2606
f 2607//2607 2606//2606 2605//2605
f 2608//2608 2609//2609 2610//2610
f 2611//2611 2612//2612 2613//2613
f 2614//2614 2615//2615 2616//2616
f 2617//2617 2618//2618 2619//2619
f 2620//2620 2621//2621 2622//2622
f 2623//2623 2624//2624 2625//2625
f 2626//2626 2627//2627 2628//2628
f 2629//2629 2628//2628 2627//2627
f 2630//2630 2631//2631 2632//2632
f 2633//2633 2634//2634 2635//2635
f 2636//2636 2637//2637 2638//2638
f 2639//2639 2640//2640 2641//2641
f 2642//2642 2643//2643 2644//2644
f 2645//2645 2644//2644 2643//2643
f 2646//2646 2518//2518 2647//2647
f 2520//2520 2647//2647 2518//2518
f 2648//2648 2649//2649 2650//2650
f 2651//2651 2650//2650 2649//2649
f 2652//2652 2653//2653 2654//2654
f 2655//2655 2654//2654 2653//2653
f 2593//2593 2534//2534 2656//2656
f 2657//2657 2658//2658 2659//2659
f 2660//2660 2661//2661 2662//2662
f 2663//2663 2664//2664 2665//2665
f 2604//2604 2606//2606 2666//2666
f 2667//2667 2668//2668 2669//2669
f 2670//2670 2671//2671 2672//2672
f 2673//2673 2672//2672 2671//2671
f 2674//2674 2675//2675 2676//2676
f 2677//2677 2676//2676 2675//2675
f 2678//2678 2679//2679 2680//2680
f 2681//2681 2680//2680 2679//2679
f 2682//2682 2683//2683 2684//2684
f 2685//2685 2686//2686 2687//2687
f 2688//2688 2689//2689 2690//2690
f 2691//2691 2692//2692 2693//2693
f 2694//2694 2695//2695 2696//2696
f 2697//2697 2696//2696 2695//2695
f 2698//2698 2699//2699 2700//2700
f 2701//2701 2700//2700 2699//2699
f 2702//2702 2703//2703 2704//2704
f 2705//2705 2704//2704 2703//2703
f 2706//2706 2707//2707 2708//2708
f 2709//2709 2708//2708 2707//2707
f 2710//2710 2711//2711 2712//2712
f 2713//2713 2714//2714 2715//2715
f 2716//2716 2717//2717 2718//2718
f 2719//2719 2720//2720 2721//2721
f 2722//2722 2723//2723 2724//2724
f 2725//2725 2726//2726 2727//2727
f 2728//2728 2729//2729 2730//2730
f 2731//2731 2732//2732 2733//2733
f 2734//2734 2735//2735 2736//2736
f 2737//2737 2736//2736 2735//2735
f 2738//2738 2739//2739 2740//2740
f 2741//2741 2742//2742 2743//2743
f 2744//2744 2745//2745 2746//2746
f 2747//2747 2748//2748 2749//2749
f 2750//2750 2751//2751 2752//2752
f 2753//2753 2754//2754 2755//2755
f 2756//2756 2757//2757 2758//2758
f 2759//2759 2758//2758 2757//2757
f 2760//2760 2761//2761 2762//2762
f 2763//2763 2764//2764 2765//2765
f 2766//2766 2767//2767 2768//2768
f 2769//2769 2770//2770 2771//2771
f 2716//2716 2772//2772 2717//2717
f 2773//2773 2774//2774 2775//2775
f 2776//2776 2777//2777 2778//2778
f 2779//2779 2780//2780 2781//2781
f 2782//2782 2783//2783 2784//2784
f 2785//2785 2784//2784 2783//2783
f 2786//2786 2787//2787 2788//2788
f 2789//2789 2788//2788 2787//2787
f 2790//2790 2791//2791 2792//2792
f 2793//2793 2794//2794 2795//2795
f 2796//2796 2797//2797 2798//2798
f 2799//2799 2798//2798 2797//2797
f 2800//2800 2801//2801 2802//2802
f 2803//2803 2802//2802 2801//2801
f 2804//2804 2805//2805 2806//2806
f 2807//2807 2806//2806 2805//2805
f 2808//2808 2809//2809 2810//2810
f 2811//2811 2810//2810 2809//2809
f 2812//2812 2813//2813 2814//2814
f 2815//2815 2816//2816 2817//2817
f 2818//2818 2819//2819 2820//2820
f 2821//2821 2820//2820 2819//2819
f 2822//2822 2706//2706 2823//2823
f 2708//2708 2823//2823 2706//2706
f 2824//2824 2825//2825 2826//2826
f 2827//2827 2828//2828 2829//2829
f 2830//2830 2831//2831 2832//2832
f 2833//2833 2834//2834 2835//2835
f 2836//2836 2837//2837 2838//2838
f 2839//2839 2840//2840 2841//2841
f 2842//2842 2843//2843 2844//2844
f 2845//2845 2844//2844 2843//2843
f 2846//2846 2847//2847 2848//2848
f 2849//2849 2850//2850 2851//2851
f 2852//2852 2853//2853 2854//2854
f 2855//2855 2854//2854 2853//2853
f 2856//2856 2857//2857 2858//2858
f 2859//2859 2860//2860 2861//2861
f 2862//2862 2863//2863 2864//2864
f 2865//2865 2864//2864 2863//2863
f 2866//2866 2867//2867 2868//2868
f 2869//2869 2868//2868 2867//2867
f 2870//2870 2871//2871 2872//2872
f 2873//2873 2874//2874 2875//2875
f 2876//2876 2877//2877 2878//2878
f 2879//2879 2880//2880 2881//2881
f 2882//2882 2883//2883 2884//2884
f 2885//2885 2886//2886 2887//2887
f 2888//2888 2889//2889 2890//2890
f 2891//2891 2890//2890 2889//2889
f 2892//2892 2893//2893 2894//2894
f 2895//2895 2894//2894 2893//2893
f 2896//2896 2897//2897 2898//2898
f 2899//2899 2898//2898 2897//2897
f 2900//2900 2901//2901 2902//2902
f 2903//2903 2904//2904 2905//2905
f 2906//2906 2907//2907 2908//2908
f 2909//2909 2908//2908 2907//2907
f 2910//2910 2911//2911 2912//2912
f 2913//2913 2912//2912 2911//2911
f 2914//2914 2915//2915 2916//2916
f 2917//2917 2916//2916 2915//2915
f 2918//2918 2919//2919 2920//2920
f 2921//2921 2920//2920 2919//2919
f 2922//2922 2923//2923 2924//2924
f 2925//2925 2924//2924 2923//2923
f 2757//2757 2582//2582 2759//2759
f 2584//2584 2759//2759 2582//2582
f 2926//2926 2927//2927 2928//2928
f 2929//2929 2928//2928 2927//2927
f 2930//2930 2931//2931 2932//2932
f 2596//2596 2932//2932 2931//2931
f 2933//2933 2934//2934 2935//2935
f 2936//2936 2937//2937 2938//2938
f 2939//2939 2940//2940 2605//2605
f 2607//2607 2605//2605 2940//2940
f 2941//2941 2942//2942 2943//2943
f 2944//2944 2943//2943 2942//2942
f 2945//2945 2946//2946 2947//2947
f 2948//2948 2947//2947 2946//2946
f 2949//2949 2950//2950 2951//2951
f 2952//2952 2953//2953 2954//2954
f 2955//2955 2956//2956 2957//2957
f 2958//2958 2959//2959 2960//2960
f 2961//2961 2634//2634 2962//2962
f 2633//2633 2962//2962 2634//2634
f 2963//2963 2964//2964 2965//2965
f 2576//2576 2573//2573 2574//2574
f 2966//2966 2967//2967 2968//2968
f 2969//2969 2970//2970 2971//2971
f 2972//2972 2973//2973 2974//2974
f 2975//2975 2976//2976 2977//2977
f 2978//2978 2979//2979 2980//2980
f 2981//2981 2980//2980 2979//2979
f 2982//2982 2822//2822 2983//2983
f 2823//2823 2983//2983 2822//2822
f 2984//2984 2985//2985 2537//2537
f 2986//2986 2533//2533 2987//2987
f 2988//2988 2831//2831 2989//2989
f 2830//2830 2989//2989 2831//2831
f 2990//2990 2991//2991 2992//2992
f 2993//2993 2994//2994 2995//2995
f 2996//2996 2997//2997 2998//2998
f 2999//2999 3000//3000 3001//3001
f 3002//3002 3003//3003 3004//3004
f 3005//3005 3004//3004 3003//3003
f 3006//3006 3007//3007 3008//3008
f 3009//3009 3008//3008 3007//3007
f 3010//3010 3011//3011 3012//3012
f 3013//3013 3014//3014 3015//3015
f 3016//3016 3017//3017 3018//3018
f 2860//2860 3019//3019 3020//3020
f 3021//3021 3022//3022 3023//3023
f 3024//3024 3025//3025 3026//3026
f 3027//3027 3028//3028 3029//3029
f 3030//3030 3031//3031 3032//3032
f 3033//3033 3034//3034 3035//3035
f 3036//3036 3035//3035 3034//3034
f 3037//3037 3038//3038 3039//3039
f 3040//3040 3041//3041 3042//3042
f 3043//3043 2926//2926 3044//3044
f 2928//2928 3044//3044 2926//2926
f 3045//3045 2988//2988 3046//3046
f 2989//2989 3046//3046 2988//2988
f 3047//3047 3048//3048 3049//3049
f 3050//3050 3051//3051 3052//3052
f 3053//3053 3054//3054 3055//3055
f 3056//3056 3055//3055 3054//3054
f 3057//3057 3058//3058 3059//3059
f 3060//3060 3059//3059 3058//3058
f 3061//3061 3062//3062 3063//3063
f 3064//3064 3063//3063 3062//3062
f 3065//3065 3066//3066 3067//3067
f 2909//2909 2907//2907 2962//2962
f 3068//3068 3069//3069 3070//3070
f 3071//3071 3072//3072 3073//3073
f 3074//3074 3075//3075 3076//3076
f 3077//3077 3076//3076 3075//3075
f 3078//3078 3079//3079 3080//3080
f 3081//3081 3080//3080 3079//3079
f 3082//3082 3083//3083 3084//3084
f 3085//3085 3084//3084 3083//3083
f 3086//3086 3087//3087 3088//3088
f 3089//3089 3088//3088 3087//3087
f 3090//3090 3043//3043 3091//3091
f 3044//3044 3091//3091 3043//3043
f 3092//3092 3093//3093 3094//3094
f 3095//3095 3096//3096 3097//3097
f 2888//2888 3098//3098 2889//2889
f 3099//3099 3100//3100 3101//3101
f 3102//3102 3103//3103 3104//3104
f 3105//3105 3104//3104 3103//3103
f 3106//3106 3107//3107 3108//3108
f 3109//3109 3108//3108 3107//3107
f 3110//3110 3111//3111 3112//3112
f 2859//2859 2861//2861 2908//2908
f 3113//3113 3114//3114 3115//3115
f 3116//3116 3115//3115 3114//3114
f 3117//3117 3118//3118 3119//3119
f 2572//2572 3081//3081 2570//2570
f 3120//3120 3121//3121 3122//3122
f 3080//3080 2921//2921 3078//3078
f 2519//2519 3123//3123 2521//2521
f 3124//3124 2521//2521 3123//3123
f 3125//3125 3126//3126 3127//3127
f 3128//3128 3127//3127 3126//3126
f 3129//3129 3130//3130 3131//3131
f 3132//3132 3131//3131 3130//3130
f 3133//3133 3134//3134 3135//3135
f 3136//3136 3137//3137 3138//3138
f 3139//3139 2890//2890 3140//3140
f 2891//2891 3140//3140 2890//2890
f 3141//3141 3142//3142 3143//3143
f 3144//3144 3143//3143 3142//3142
f 3145//3145 3146//3146 3147//3147
f 3148//3148 3147//3147 3146//3146
f 3149//3149 3150//3150 3151//3151
f 3152//3152 3153//3153 3154//3154
f 3155//3155 3156//3156 3157//3157
f 3158//3158 3157//3157 3156//3156
f 3159//3159 3160//3160 2635//2635
f 3019//3019 2635//2635 3160//3160
f 3161//3161 3162//3162 3163//3163
f 3164//3164 3163//3163 3162//3162
f 3165//3165 3166//3166 3167//3167
f 2577//2577 2575//2575 2920//2920
o part_4__wheels
g part_4__wheels
v -1.0179999 0.2719392 -1.4254796 0.03500 0.04000 0.04500
v -1.0179999 0.4277220 -1.3523300 0.03500 0.04000 0.04500
v -1.0179999 0.2961798 -1.4633067 0.03500 0.04000 0.04500
v -1.0179999 0.2961798 -1.4633067 0.03500 0.04000 0.04500
v -1.0179999 0.4277220 -1.3523300 0.03500 0.04000 0.04500
v -1.0179999 0.3293856 -1.4935703 0.03500 0.04000 0.04500
v -1.0179999 0.3293856 -1.4935703 0.03500 0.04000 0.04500
v -1.0179999 0.4277220 -1.3523300 0.03500 0.04000 0.04500
v -1.0179999 0.3692919 -1.5142099 0.03500 0.04000 0.04500
v -1.0179999 0.4131805 -1.5238168 0.03500 0.04000 0.04500
v -1.0179999 0.4580597 -1.5217370 0.03500 0.04000 0.04500
v -1.0179999 0.5008718 -1.5081128 0.03500 0.04000 0.04500
v -1.0179999 0.5386986 -1.4838722 0.03500 0.04000 0.04500
v -1.0179999 0.5386986 -1.4838722 0.03500 0.04000 0.04500
v -1.0179999 0.4277220 -1.3523300 0.03500 0.04000 0.04500
v -1.0179999 0.5689623 -1.4506664 0.03500 0.04000 0.04500
v -1.0179999 0.5689623 -1.4506664 0.03500 0.04000 0.04500
v -1.0179999 0.4277220 -1.3523300 0.03500 0.04000 0.04500
v -1.0179999 0.5896019 -1.4107601 0.03500 0.04000 0.04500
v -1.0179999 0.5992087 -1.3668715 0.03500 0.04000 0.04500
v -1.0179999 0.5971290 -1.3219923 0.03500 0.04000 0.04500
v -1.0179999 0.5971290 -1.3219923 0.03500 0.04000 0.04500
v -1.0179999 0.4277220 -1.3523300 0.03500 0.04000 0.04500
v -1.0179999 0.5835048 -1.2791804 0.03500 0.04000 0.04500
v -1.0179999 0.5835048 -1.2791804 0.03500 0.04000 0.04500
v -1.0179999 0.4277220 -1.3523300 0.03500 0.04000 0.04500
v -1.0179999 0.5592642 -1.2413534 0.03500 0.04000 0.04500
v -1.0179999 0.5592642 -1.2413534 0.03500 0.04000 0.04500
v -1.0179999 0.4277220 -1.3523300 0.03500 0.04000 0.04500
v -1.0179999 0.5260584 -1.2110898 0.03500 0.04000 0.04500
v -1.0179999 0.5260584 -1.2110898 0.03500 0.04000 0.04500
v -1.0179999 0.4277220 -1.3523300 0.03500 0.04000 0.04500
v -1.0179999 0.4861519 -1.1904502 0.03500 0.04000 0.04500
v -1.0179999 0.4861519 -1.1904502 0.03500 0.04000 0.04500
v -1.0179999 0.4277220 -1.3523300 0.03500 0.04000 0.04500
v -1.0179999 0.4422637 -1.1808433 0.03500 0.04000 0.04500
v -1.0179999 0.4422637 -1.1808433 0.03500 0.04000 0.04500
v -1.0179999 0.4277220 -1.3523300 0.03500 0.04000 0.04500
v -1.0179999 0.3973843 -1.1829231 0.03500 0.04000 0.04500
v -1.0179999 0.3545724 -1.1965472 0.03500 0.04000 0.04500
v -1.0179999 0.3545724 -1.1965472 0.03500 0.04000 0.04500
v -1.0179999 0.4277220 -1.3523300 0.03500 0.04000 0.04500
v -1.0179999 0.3167455 -1.2207878 0.03500 0.04000 0.04500
v -1.0179999 0.3167455 -1.2207878 0.03500 0.04000 0.04500
v -1.0179999 0.4277220 -1.3523300 0.03500 0.04000 0.04500
v -1.0179999 0.2864818 -1.2539936 0.03500 0.04000 0.04500
v -1.0179999 0.2864818 -1.2539936 0.03500 0.04000 0.04500
v -1.0179999 0.4277220 -1.3523300 0.03500 0.04000 0.04500
v -1.0179999 0.2658421 -1.2938999 0.03500 0.04000 0.04500
v -1.0179999 0.2562353 -1.3377885 0.03500 0.04000 0.04500
v -1.0179999 0.2562353 -1.3377885 0.03500 0.04000 0.04500
v -1.0179999 0.4277220 -1.3523300 0.03500 0.04000 0.04500
v -1.0179999 0.2583150 -1.3826678 0.03500 0.04000 0.04500
v -1.0179999 0.2719392 -1.4254796 0.03500 0.04000 0.04500
v -0.8000000 0.4638692 -0.9260599 0.03500 0.04000 0.04500
v -0.7999999 0.4277220 -1.3523300 0.03500 0.04000 0.04500
v -0.8000000 0.5729641 -0.9499399 0.03500 0.04000 0.04500
v -0.8000000 0.5729641 -0.9499399 0.03500 0.04000 0.04500
v -0.7999999 0.4277220 -1.3523300 0.03500 0.04000 0.04500
v -0.8000000 0.6721610 -1.0012430 0.03500 0.04000 0.04500
v -0.7999999 0.7547006 -1.0764712 0.03500 0.04000 0.04500
v -0.7999999 0.7547006 -1.0764712 0.03500 0.04000 0.04500
v -0.7999999 0.4277220 -1.3523300 0.03500 0.04000 0.04500
v -0.7999999 0.8149562 -1.1704989 0.03500 0.04000 0.04500
v -0.7999999 0.8149562 -1.1704989 0.03500 0.04000 0.04500
v -0.7999999 0.4277220 -1.3523300 0.03500 0.04000 0.04500
v -0.7999999 0.8488229 -1.2769185 0.03500 0.04000 0.04500
v -0.7999999 0.8539921 -1.3884772 0.03500 0.04000 0.04500
v -0.7999999 0.8539921 -1.3884772 0.03500 0.04000 0.04500
v -0.7999999 0.4277220 -1.3523300 0.03500 0.04000 0.04500
v -0.7999999 0.8301121 -1.4975721 0.03500 0.04000 0.04500
v -0.7999999 0.8301121 -1.4975721 0.03500 0.04000 0.04500
v -0.7999999 0.4277220 -1.3523300 0.03500 0.04000 0.04500
v -0.7999999 0.7788090 -1.5967691 0.03500 0.04000 0.04500
v -0.7999999 0.7035808 -1.6793086 0.03500 0.04000 0.04500
v -0.7999999 0.6095531 -1.7395642 0.03500 0.04000 0.04500
v -0.7999999 0.5031336 -1.7734309 0.03500 0.04000 0.04500
v -0.7999999 0.3915748 -1.7786001 0.03500 0.04000 0.04500
v -0.7999999 0.3915748 -1.7786001 0.03500 0.04000 0.04500
v -0.7999999 0.4277220 -1.3523300 0.03500 0.04000 0.04500
v -0.7999999 0.2824800 -1.7547202 0.03500 0.04000 0.04500
v -0.7999999 0.2824800 -1.7547202 0.03500 0.04000 0.04500
v -0.7999999 0.4277220 -1.3523300 0.03500 0.04000 0.04500
v -0.7999999 0.1832830 -1.7034170 0.03500 0.04000 0.04500
v -0.7999999 0.1007434 -1.6281888 0.03500 0.04000 0.04500
v -0.7999999 0.1007434 -1.6281888 0.03500 0.04000 0.04500
v -0.7999999 0.0404879 -1.5341611 0.03500 0.04000 0.04500
v -0.7999999 0.0404879 -1.5341611 0.03500 0.04000 0.04500
v -0.7999999 0.0066211 -1.4277416 0.03500 0.04000 0.04500
v -0.7999999 0.0014519 -1.3161828 0.03500 0.04000 0.04500
v -0.7999999 0.0014519 -1.3161828 0.03500 0.04000 0.04500
v -0.7999999 0.0253319 -1.2070880 0.03500 0.04000 0.04500
v -0.7999999 0.0253319 -1.2070880 0.03500 0.04000 0.04500
v -0.7999999 0.4277220 -1.3523300 0.03500 0.04000 0.04500
v -0.7999999 0.0766350 -1.1078910 0.03500 0.04000 0.04500
v -0.8000000 0.1518632 -1.0253514 0.03500 0.04000 0.04500
v -0.8000000 0.2458909 -0.9650959 0.03500 0.04000 0.04500
v -0.8000000 0.3523105 -0.9312292 0.03500 0.04000 0.04500
v -0.8000000 0.4638692 -0.9260599 0.03500 0.04000 0.04500
v 1.0180001 0.2719392 -1.4254795 0.03500 0.04000 0.04500
v 1.0180001 0.2961798 -1.4633066 0.03500 0.04000 0.04500
v 1.0180001 0.4277220 -1.3523299 0.03500 0.04000 0.04500
v 1.0180001 0.2961798 -1.4633066 0.03500 0.04000 0.04500
v 1.0180001 0.3293856 -1.4935702 0.03500 0.04000 0.04500
v 1.0180001 0.4277220 -1.3523299 0.03500 0.04000 0.04500
v 1.0180001 0.3293856 -1.4935702 0.03500 0.04000 0.04500
v 1.0180001 0.3692919 -1.5142098 0.03500 0.04000 0.04500
v 1.0180001 0.4277220 -1.3523299 0.03500 0.04000 0.04500
v 1.0180001 0.4131805 -1.5238166 0.03500 0.04000 0.04500
v 1.0180001 0.4580597 -1.5217369 0.03500 0.04000 0.04500
v 1.0180001 0.5008718 -1.5081127 0.03500 0.04000 0.04500
v 1.0180001 0.5386986 -1.4838721 0.03500 0.04000 0.04500
v 1.0180001 0.5386986 -1.4838721 0.03500 0.04000 0.04500
v 1.0180001 0.5689623 -1.4506663 0.03500 0.04000 0.04500
v 1.0180001 0.4277220 -1.3523299 0.03500 0.04000 0.04500
v 1.0180001 0.5689623 -1.4506663 0.03500 0.04000 0.04500
v 1.0180001 0.5896019 -1.4107600 0.03500 0.04000 0.04500
v 1.0180001 0.4277220 -1.3523299 0.03500 0.04000 0.04500
v 1.0180001 0.5992087 -1.3668714 0.03500 0.04000 0.04500
v 1.0180001 0.5971290 -1.3219922 0.03500 0.04000 0.04500
v 1.0180001 0.5971290 -1.3219922 0.03500 0.04000 0.04500
v 1.0180001 0.5835048 -1.2791803 0.03500 0.04000 0.04500
v 1.0180001 0.4277220 -1.3523299 0.03500 0.04000 0.04500
v 1.0180001 0.5835048 -1.2791803 0.03500 0.04000 0.04500
v 1.0180001 0.5592642 -1.2413532 0.03500 0.04000 0.04500
v 1.0180001 0.4277220 -1.3523299 0.03500 0.04000 0.04500
v 1.0180001 0.5592642 -1.2413532 0.03500 0.04000 0.04500
v 1.0180001 0.5260584 -1.2110897 0.03500 0.04000 0.04500
v 1.0180001 0.4277220 -1.3523299 0.03500 0.04000 0.04500
v 1.0180001 0.5260584 -1.2110897 0.03500 0.04000 0.04500
v 1.0180001 0.4861519 -1.1904501 0.03500 0.04000 0.04500
v 1.0180001 0.4277220 -1.3523299 0.03500 0.04000 0.04500
v 1.0180001 0.4861519 -1.1904501 0.03500 0.04000 0.04500
v 1.0180001 0.4422637 -1.1808431 0.03500 0.04000 0.04500
v 1.0180001 0.4277220 -1.3523299 0.03500 0.04000 0.04500
v 1.0180001 0.4422637 -1.1808431 0.03500 0.04000 0.04500
v 1.0180001 0.3973843 -1.1829229 0.03500 0.04000 0.04500
v 1.0180001 0.4277220 -1.3523299 0.03500 0.04000 0.04500
v 1.0180001 0.3545724 -1.1965471 0.03500 0.04000 0.04500
v 1.0180001 0.3545724 -1.1965471 0.03500 0.04000 0.04500
v 1.0180001 0.3167455 -1.2207877 0.03500 0.04000 0.04500
v 1.0180001 0.4277220 -1.3523299 0.03500 0.04000 0.04500
v 1.0180001 0.3167455 -1.2207877 0.03500 0.04000 0.04500
v 1.0180001 0.2864818 -1.2539935 0.03500 0.04000 0.04500
v 1.0180001 0.4277220 -1.3523299 0.03500 0.04000 0.04500
v 1.0180001 0.2864818 -1.2539935 0.03500 0.04000 0.04500
v 1.0180001 0.2658421 -1.2938998 0.03500 0.04000 0.04500
v 1.0180001 0.4277220 -1.3523299 0.03500 0.04000 0.04500
v 1.0180001 0.2562353 -1.3377884 0.03500 0.04000 0.04500
v 1.0180001 0.2562353 -1.3377884 0.03500 0.04000 0.04500
v 1.0180001 0.2583150 -1.3826676 0.03500 0.04000 0.04500
v 1.0180001 0.4277220 -1.3523299 0.03500 0.04000 0.04500
v 1.0180001 0.2719392 -1.4254795 0.03500 0.04000 0.04500
v 0.8000001 0.4638692 -0.9260598 0.03500 0.04000 0.04500
v 0.8000001 0.5729641 -0.9499398 0.03500 0.04000 0.04500
v 0.8000001 0.4277220 -1.3523299 0.03500 0.04000 0.04500
v 0.8000001 0.5729641 -0.9499398 0.03500 0.04000 0.04500
v 0.8000001 0.6721610 -1.0012429 0.03500 0.04000 0.04500
v 0.8000001 0.4277220 -1.3523299 0.03500 0.04000 0.04500
v 0.8000001 0.7547006 -1.0764711 0.03500 0.04000 0.04500
v 0.8000001 0.7547006 -1.0764711 0.03500 0.04000 0.04500
v 0.8000001 0.8149562 -1.1704988 0.03500 0.04000 0.04500
v 0.8000001 0.4277220 -1.3523299 0.03500 0.04000 0.04500
v 0.8000001 0.8149562 -1.1704988 0.03500 0.04000 0.04500
v 0.8000001 0.8488229 -1.2769184 0.03500 0.04000 0.04500
v 0.8000001 0.4277220 -1.3523299 0.03500 0.04000 0.04500
v 0.8000001 0.8539921 -1.3884771 0.03500 0.04000 0.04500
v 0.8000001 0.8539921 -1.3884771 0.03500 0.04000 0.04500
v 0.8000001 0.8301121 -1.4975720 0.03500 0.04000 0.04500
v 0.8000001 0.4277220 -1.3523299 0.03500 0.04000 0.04500
v 0.8000001 0.8301121 -1.4975720 0.03500 0.04000 0.04500
v 0.8000001 0.7788090 -1.5967690 0.03500 0.04000 0.04500
v 0.8000001 0.4277220 -1.3523299 0.03500 0.04000 0.04500
v 0.8000001 0.7035808 -1.6793085 0.03500 0.04000 0.04500
v 0.8000001 0.6095531 -1.7395641 0.03500 0.04000 0.04500
v 0.8000001 0.5031336 -1.7734308 0.03500 0.04000 0.04500
v 0.8000001 0.3915748 -1.7786000 0.03500 0.04000 0.04500
v 0.8000001 0.3915748 -1.7786000 0.03500 0.04000 0.04500
v 0.8000001 0.2824800 -1.7547201 0.03500 0.04000 0.04500
v 0.8000001 0.4277220 -1.3523299 0.03500 0.04000 0.04500
v 0.8000001 0.2824800 -1.7547201 0.03500 0.04000 0.04500
v 0.8000001 0.1832830 -1.7034169 0.03500 0.04000 0.04500
v 0.8000001 0.4277220 -1.3523299 0.03500 0.04000 0.04500
v 0.8000001 0.1007434 -1.6281887 0.03500 0.04000 0.04500
v 0.8000001 0.1007434 -1.6281887 0.03500 0.04000 0.04500
v 0.8000001 0.0404879 -1.5341610 0.03500 0.04000 0.04500
v 0.8000001 0.0404879 -1.5341610 0.03500 0.04000 0.04500
v 0.8000001 0.0066211 -1.4277415 0.03500 0.04000 0.04500
v 0.8000001 0.0014519 -1.3161827 0.03500 0.04000 0.04500
v 0.8000001 0.0014519 -1.3161827 0.03500 0.04000 0.04500
v 0.8000001 0.0253319 -1.2070879 0.03500 0.04000 0.04500
v 0.8000001 0.0253319 -1.2070879 0.03500 0.04000 0.04500
v 0.8000001 0.0766350 -1.1078909 0.03500 0.04000 0.04500
v 0.8000001 0.4277220 -1.3523299 0.03500 0.04000 0.04500
v 0.8000001 0.1518632 -1.0253513 0.03500 0.04000 0.04500
v 0.8000001 0.2458909 -0.9650958 0.03500 0.04000 0.04500
v 0.8000001 0.3523105 -0.9312291 0.03500 0.04000 0.04500
v 0.8000001 0.4638692 -0.9260598 0.03500 0.04000 0.04500
v -0.9879999 0.1832830 -1.7034170 0.03500 0.04000 0.04500
v -0.9879999 0.1007434 -1.6281888 0.03500 0.04000 0.04500
v -1.0247699 0.1912893 -1.6919176 0.03500 0.04000 0.04500
v -1.0247699 0.1114534 -1.6191534 0.03500 0.04000 0.04500
v -0.9879999 0.8301121 -1.4975721 0.03500 0.04000 0.04500
v -1.0247699 0.8169322 -1.4928149 0.03500 0.04000 0.04500
v -0.9879999 0.8539921 -1.3884772 0.03500 0.04000 0.04500
v -1.0247699 0.8400307 -1.3872927 0.03500 0.04000 0.04500
v -0.9879999 0.2458909 -0.9650959 0.03500 0.04000 0.04500
v -0.9879999 0.3523105 -0.9312292 0.03500 0.04000 0.04500
v -1.0247700 0.2518469 -0.9777786 0.03500 0.04000 0.04500
v -1.0247700 0.3547805 -0.9450218 0.03500 0.04000 0.04500
v -0.9879999 0.6095531 -1.7395642 0.03500 0.04000 0.04500
v -1.0247699 0.6035970 -1.7268805 0.03500 0.04000 0.04500
v -0.9879999 0.7035808 -1.6793086 0.03500 0.04000 0.04500
v -1.0247699 0.6945454 -1.6685986 0.03500 0.04000 0.04500
v -0.9879999 0.8488229 -1.2769185 0.03500 0.04000 0.04500
v -0.9879999 0.8149562 -1.1704989 0.03500 0.04000 0.04500
v -0.7999999 0.8488229 -1.2769185 0.03500 0.04000 0.04500
v -0.7999999 0.8149562 -1.1704989 0.03500 0.04000 0.04500
v -0.9879999 0.0066211 -1.4277416 0.03500 0.04000 0.04500
v -0.9879999 0.0404879 -1.5341611 0.03500 0.04000 0.04500
v -0.7999999 0.0066211 -1.4277416 0.03500 0.04000 0.04500
v -0.7999999 0.0404879 -1.5341611 0.03500 0.04000 0.04500
v -1.0399999 0.0837915 -1.5138271 0.03500 0.04000 0.04500
v -1.0579999 0.1476272 -1.4838520 0.03500 0.04000 0.04500
v -1.0399999 0.1373091 -1.5973401 0.03500 0.04000 0.04500
v -1.0579999 0.1912117 -1.5518641 0.03500 0.04000 0.04500
v -1.0399999 0.7181350 -1.1073200 0.03500 0.04000 0.04500
v -1.0399999 0.7716525 -1.1908329 0.03500 0.04000 0.04500
v -1.0579999 0.6642323 -1.1527960 0.03500 0.04000 0.04500
v -1.0579999 0.7078168 -1.2208080 0.03500 0.04000 0.04500
v -1.0579999 0.2397248 -1.5109364 0.03500 0.04000 0.04500
v -1.0579999 0.2050794 -1.4568746 0.03500 0.04000 0.04500
v -1.0579999 0.6157202 -1.1937235 0.03500 0.04000 0.04500
v -1.0579999 0.6503646 -1.2477855 0.03500 0.04000 0.04500
v -1.0579999 0.4710803 -1.5944443 0.03500 0.04000 0.04500
v -1.0179999 0.4673508 -1.5736186 0.03500 0.04000 0.04500
v -1.0579999 0.5322667 -1.5749726 0.03500 0.04000 0.04500
v -1.0179999 0.5232743 -1.5558219 0.03500 0.04000 0.04500
v -1.0579999 0.3843637 -1.1102157 0.03500 0.04000 0.04500
v -1.0179999 0.3880932 -1.1310414 0.03500 0.04000 0.04500
v -1.0579999 0.3231775 -1.1296874 0.03500 0.04000 0.04500
v -1.0179999 0.3321699 -1.1488381 0.03500 0.04000 0.04500
v -1.0179999 0.5040463 -1.1408745 0.03500 0.04000 0.04500
v -1.0179999 0.4861519 -1.1904502 0.03500 0.04000 0.04500
v -1.0179999 0.4467173 -1.1283248 0.03500 0.04000 0.04500
v -1.0179999 0.4467173 -1.1283248 0.03500 0.04000 0.04500
v -1.0179999 0.4861519 -1.1904502 0.03500 0.04000 0.04500
v -1.0179999 0.4087270 -1.5763352 0.03500 0.04000 0.04500
v -1.0179999 0.3513977 -1.5637856 0.03500 0.04000 0.04500
v -1.0179999 0.4131805 -1.5238168 0.03500 0.04000 0.04500
v -1.0179999 0.3692919 -1.5142099 0.03500 0.04000 0.04500
v -1.0179999 0.4131805 -1.5238168 0.03500 0.04000 0.04500
v -1.0179999 0.3513977 -1.5637856 0.03500 0.04000 0.04500
v 0.9880001 0.1832830 -1.7034169 0.03500 0.04000 0.04500
v 1.0247701 0.1912893 -1.6919175 0.03500 0.04000 0.04500
v 0.9880001 0.1007434 -1.6281887 0.03500 0.04000 0.04500
v 1.0247701 0.1114534 -1.6191533 0.03500 0.04000 0.04500
v 0.9880001 0.8301121 -1.4975720 0.03500 0.04000 0.04500
v 0.9880001 0.8539921 -1.3884771 0.03500 0.04000 0.04500
v 1.0247701 0.8169322 -1.4928148 0.03500 0.04000 0.04500
v 1.0247701 0.8400307 -1.3872926 0.03500 0.04000 0.04500
v 0.9880000 0.2458909 -0.9650958 0.03500 0.04000 0.04500
v 1.0247701 0.2518469 -0.9777785 0.03500 0.04000 0.04500
v 0.9880000 0.3523105 -0.9312290 0.03500 0.04000 0.04500
v 1.0247701 0.3547805 -0.9450216 0.03500 0.04000 0.04500
v 0.9880001 0.6095531 -1.7395641 0.03500 0.04000 0.04500
v 0.9880001 0.7035808 -1.6793085 0.03500 0.04000 0.04500
v 1.0247701 0.6035970 -1.7268804 0.03500 0.04000 0.04500
v 1.0247701 0.6945454 -1.6685985 0.03500 0.04000 0.04500
v 0.9880001 0.8488229 -1.2769184 0.03500 0.04000 0.04500
v 0.8000001 0.8488229 -1.2769184 0.03500 0.04000 0.04500
v 0.9880000 0.8149562 -1.1704988 0.03500 0.04000 0.04500
v 0.8000001 0.8149562 -1.1704988 0.03500 0.04000 0.04500
v 0.9880001 0.0066211 -1.4277415 0.03500 0.04000 0.04500
v 0.8000001 0.0066211 -1.4277415 0.03500 0.04000 0.04500
v 0.9880001 0.0404879 -1.5341610 0.03500 0.04000 0.04500
v 0.8000001 0.0404879 -1.5341610 0.03500 0.04000 0.04500
v 1.0400001 0.0837915 -1.5138270 0.03500 0.04000 0.04500
v 1.0400001 0.1373091 -1.5973399 0.03500 0.04000 0.04500
v 1.0580001 0.1476272 -1.4838519 0.03500 0.04000 0.04500
v 1.0580001 0.1912117 -1.5518640 0.03500 0.04000 0.04500
v 1.0400000 0.7181350 -1.1073199 0.03500 0.04000 0.04500
v 1.0580000 0.6642323 -1.1527958 0.03500 0.04000 0.04500
v 1.0400000 0.7716525 -1.1908328 0.03500 0.04000 0.04500
v 1.0580000 0.7078168 -1.2208079 0.03500 0.04000 0.04500
v 1.0580001 0.2397248 -1.5109363 0.03500 0.04000 0.04500
v 1.0580001 0.2050794 -1.4568744 0.03500 0.04000 0.04500
v 1.0580000 0.6157202 -1.1937233 0.03500 0.04000 0.04500
v 1.0580000 0.6503646 -1.2477854 0.03500 0.04000 0.04500
v 1.0580001 0.4710803 -1.5944442 0.03500 0.04000 0.04500
v 1.0580001 0.5322667 -1.5749725 0.03500 0.04000 0.04500
v 1.0180001 0.4673508 -1.5736185 0.03500 0.04000 0.04500
v 1.0180001 0.5232743 -1.5558218 0.03500 0.04000 0.04500
v 1.0580000 0.3843637 -1.1102156 0.03500 0.04000 0.04500
v 1.0580000 0.3231775 -1.1296873 0.03500 0.04000 0.04500
v 1.0180001 0.3880932 -1.1310413 0.03500 0.04000 0.04500
v 1.0180001 0.3321699 -1.1488380 0.03500 0.04000 0.04500
v 1.0180001 0.5040463 -1.1408743 0.03500 0.04000 0.04500
v 1.0180001 0.4467173 -1.1283247 0.03500 0.04000 0.04500
v 1.0180001 0.4861519 -1.1904501 0.03500 0.04000 0.04500
v 1.0180001 0.4861519 -1.1904501 0.03500 0.04000 0.04500
v 1.0180001 0.4467173 -1.1283247 0.03500 0.04000 0.04500
v 1.0180001 0.4087270 -1.5763351 0.03500 0.04000 0.04500
v 1.0180001 0.4131805 -1.5238166 0.03500 0.04000 0.04500
v 1.0180001 0.3513977 -1.5637855 0.03500 0.04000 0.04500
v 1.0180001 0.3692919 -1.5142098 0.03500 0.04000 0.04500
v 1.0180001 0.3513977 -1.5637855 0.03500 0.04000 0.04500
v 1.0180001 0.4131805 -1.5238166 0.03500 0.04000 0.04500
v -1.0247699 0.1114534 -1.6191534 0.03500 0.04000 0.04500
v -1.0247699 0.1912893 -1.6919176 0.03500 0.04000 0.04500
v -1.0399999 0.2106181 -1.6641556 0.03500 0.04000 0.04500
v -1.0247699 0.8169322 -1.4928149 0.03500 0.04000 0.04500
v -1.0399999 0.7851134 -1.4813300 0.03500 0.04000 0.04500
v -1.0247699 0.8400307 -1.3872927 0.03500 0.04000 0.04500
v -1.0399999 0.8063231 -1.3844348 0.03500 0.04000 0.04500
v -1.0247700 0.2518469 -0.9777786 0.03500 0.04000 0.04500
v -1.0247700 0.3547805 -0.9450218 0.03500 0.04000 0.04500
v -1.0399999 0.2662249 -1.0083996 0.03500 0.04000 0.04500
v -1.0399999 0.3607436 -0.9783200 0.03500 0.04000 0.04500
v -1.0247699 0.6945454 -1.6685986 0.03500 0.04000 0.04500
v -1.0247699 0.6035970 -1.7268805 0.03500 0.04000 0.04500
v -1.0399999 0.6727320 -1.6427430 0.03500 0.04000 0.04500
v -1.0399999 0.5892191 -1.6962605 0.03500 0.04000 0.04500
v -0.9879999 0.7547006 -1.0764712 0.03500 0.04000 0.04500
v -0.7999999 0.7547006 -1.0764712 0.03500 0.04000 0.04500
v -0.7999999 0.1007434 -1.6281888 0.03500 0.04000 0.04500
v -1.0399999 0.0537120 -1.4193085 0.03500 0.04000 0.04500
v -1.0579999 0.1231306 -1.4068768 0.03500 0.04000 0.04500
v -1.0399999 0.8017320 -1.2853516 0.03500 0.04000 0.04500
v -1.0579999 0.7323134 -1.2977832 0.03500 0.04000 0.04500
v -1.0579999 0.1856077 -1.3956883 0.03500 0.04000 0.04500
v -1.0579999 0.6698363 -1.3089717 0.03500 0.04000 0.04500
v -1.0579999 0.4069393 -1.5974165 0.03500 0.04000 0.04500
v -1.0179999 0.4087270 -1.5763352 0.03500 0.04000 0.04500
v -1.0579999 0.4485049 -1.1072435 0.03500 0.04000 0.04500
v -1.0179999 0.4467173 -1.1283248 0.03500 0.04000 0.04500
v -1.0179999 0.5040463 -1.1408745 0.03500 0.04000 0.04500
v -1.0179999 0.5561749 -1.1678335 0.03500 0.04000 0.04500
v -1.0179999 0.4861519 -1.1904502 0.03500 0.04000 0.04500
v -1.0179999 0.5260584 -1.2110898 0.03500 0.04000 0.04500
v -1.0179999 0.2992691 -1.5368265 0.03500 0.04000 0.04500
v -1.0179999 0.3293856 -1.4935703 0.03500 0.04000 0.04500
v -1.0179999 0.3513977 -1.5637856 0.03500 0.04000 0.04500
v -1.0179999 0.3692919 -1.5142099 0.03500 0.04000 0.04500
v -1.0179999 0.3513977 -1.5637856 0.03500 0.04000 0.04500
v -1.0179999 0.3293856 -1.4935703 0.03500 0.04000 0.04500
v 1.0247701 0.1114534 -1.6191533 0.03500 0.04000 0.04500
v 1.0247701 0.1912893 -1.6919175 0.03500 0.04000 0.04500
v 1.0400001 0.2106181 -1.6641555 0.03500 0.04000 0.04500
v 1.0247701 0.8169322 -1.4928148 0.03500 0.04000 0.04500
v 1.0247701 0.8400307 -1.3872926 0.03500 0.04000 0.04500
v 1.0400001 0.7851134 -1.4813299 0.03500 0.04000 0.04500
v 1.0400000 0.8063231 -1.3844347 0.03500 0.04000 0.04500
v 1.0247701 0.2518469 -0.9777785 0.03500 0.04000 0.04500
v 1.0400000 0.2662249 -1.0083994 0.03500 0.04000 0.04500
v 1.0247701 0.3547805 -0.9450216 0.03500 0.04000 0.04500
v 1.0400000 0.3607436 -0.9783199 0.03500 0.04000 0.04500
v 1.0247701 0.6945454 -1.6685985 0.03500 0.04000 0.04500
v 1.0400001 0.6727320 -1.6427429 0.03500 0.04000 0.04500
v 1.0247701 0.6035970 -1.7268804 0.03500 0.04000 0.04500
v 1.0400001 0.5892191 -1.6962604 0.03500 0.04000 0.04500
v 0.9880000 0.7547006 -1.0764711 0.03500 0.04000 0.04500
v 0.8000001 0.7547006 -1.0764711 0.03500 0.04000 0.04500
v 0.8000001 0.1007434 -1.6281887 0.03500 0.04000 0.04500
v 1.0400000 0.0537120 -1.4193083 0.03500 0.04000 0.04500
v 1.0580001 0.1231306 -1.4068767 0.03500 0.04000 0.04500
v 1.0400000 0.8017320 -1.2853515 0.03500 0.04000 0.04500
v 1.0580000 0.7323134 -1.2977831 0.03500 0.04000 0.04500
v 1.0580001 0.1856077 -1.3956882 0.03500 0.04000 0.04500
v 1.0580000 0.6698363 -1.3089716 0.03500 0.04000 0.04500
v 1.0580001 0.4069393 -1.5974164 0.03500 0.04000 0.04500
v 1.0180001 0.4087270 -1.5763351 0.03500 0.04000 0.04500
v 1.0580000 0.4485049 -1.1072434 0.03500 0.04000 0.04500
v 1.0180001 0.4467173 -1.1283247 0.03500 0.04000 0.04500
v 1.0180001 0.5040463 -1.1408743 0.03500 0.04000 0.04500
v 1.0180001 0.4861519 -1.1904501 0.03500 0.04000 0.04500
v 1.0180001 0.5561749 -1.1678334 0.03500 0.04000 0.04500
v 1.0180001 0.5260584 -1.2110897 0.03500 0.04000 0.04500
v 1.0180001 0.2992691 -1.5368264 0.03500 0.04000 0.04500
v 1.0180001 0.3513977 -1.5637855 0.03500 0.04000 0.04500
v 1.0180001 0.3293856 -1.4935702 0.03500 0.04000 0.04500
v 1.0180001 0.3692919 -1.5142098 0.03500 0.04000 0.04500
v 1.0180001 0.3293856 -1.4935702 0.03500 0.04000 0.04500
v 1.0180001 0.3513977 -1.5637855 0.03500 0.04000 0.04500
v -0.9879999 0.7788090 -1.5967691 0.03500 0.04000 0.04500
v -1.0247699 0.7673096 -1.5887628 0.03500 0.04000 0.04500
v -0.9879999 0.2824800 -1.7547202 0.03500 0.04000 0.04500
v -1.0247699 0.2872371 -1.7415402 0.03500 0.04000 0.04500
v -1.0247699 0.8350303 -1.2793885 0.03500 0.04000 0.04500
v -0.9879999 0.1518632 -1.0253514 0.03500 0.04000 0.04500
v -1.0247700 0.1608986 -1.0360614 0.03500 0.04000 0.04500
v -0.9879999 0.5729641 -0.9499399 0.03500 0.04000 0.04500
v -0.9879999 0.4638692 -0.9260599 0.03500 0.04000 0.04500
v -0.8000000 0.5729641 -0.9499399 0.03500 0.04000 0.04500
v -0.8000000 0.4638692 -0.9260599 0.03500 0.04000 0.04500
v -0.9879999 0.3915748 -1.7786001 0.03500 0.04000 0.04500
v -0.7999999 0.2824800 -1.7547202 0.03500 0.04000 0.04500
v -0.7999999 0.3915748 -1.7786001 0.03500 0.04000 0.04500
v -1.0399999 0.1158964 -1.1352262 0.03500 0.04000 0.04500
v -1.0579999 0.1737730 -1.1755218 0.03500 0.04000 0.04500
v -1.0399999 0.0703306 -1.2233301 0.03500 0.04000 0.04500
v -1.0579999 0.1366651 -1.2472737 0.03500 0.04000 0.04500
v -1.0399999 0.7395476 -1.5694339 0.03500 0.04000 0.04500
v -1.0579999 0.6816710 -1.5291382 0.03500 0.04000 0.04500
v -1.0579999 0.7187789 -1.4573863 0.03500 0.04000 0.04500
v -1.0579999 0.1963665 -1.2688221 0.03500 0.04000 0.04500
v -1.0579999 0.2258627 -1.2117885 0.03500 0.04000 0.04500
v -1.0579999 0.6295813 -1.4928716 0.03500 0.04000 0.04500
v -1.0579999 0.6590785 -1.4358378 0.03500 0.04000 0.04500
v -1.0579999 0.2871805 -1.5541894 0.03500 0.04000 0.04500
v -1.0579999 0.2397248 -1.5109364 0.03500 0.04000 0.04500
v -1.0179999 0.2992691 -1.5368265 0.03500 0.04000 0.04500
v -1.0179999 0.2558951 -1.4972933 0.03500 0.04000 0.04500
v -1.0579999 0.6157202 -1.1937235 0.03500 0.04000 0.04500
v -1.0179999 0.5995490 -1.2073667 0.03500 0.04000 0.04500
v -1.0579999 0.5682635 -1.1504707 0.03500 0.04000 0.04500
v -1.0179999 0.5561749 -1.1678335 0.03500 0.04000 0.04500
v -1.0179999 0.6312139 -1.2567780 0.03500 0.04000 0.04500
v -1.0179999 0.6490106 -1.3127012 0.03500 0.04000 0.04500
v -1.0179999 0.5835048 -1.2791804 0.03500 0.04000 0.04500
v -1.0179999 0.5971290 -1.3219923 0.03500 0.04000 0.04500
v -1.0179999 0.2242301 -1.4478820 0.03500 0.04000 0.04500
v -1.0179999 0.2064334 -1.3919588 0.03500 0.04000 0.04500
v -1.0179999 0.2719392 -1.4254796 0.03500 0.04000 0.04500
v -1.0179999 0.2583150 -1.3826678 0.03500 0.04000 0.04500
v 0.9880001 0.7788090 -1.5967689 0.03500 0.04000 0.04500
v 1.0247701 0.7673096 -1.5887626 0.03500 0.04000 0.04500
v 0.9880001 0.2824800 -1.7547201 0.03500 0.04000 0.04500
v 1.0247701 0.2872371 -1.7415401 0.03500 0.04000 0.04500
v 1.0247701 0.8350303 -1.2793884 0.03500 0.04000 0.04500
v 0.9880000 0.1518632 -1.0253513 0.03500 0.04000 0.04500
v 1.0247701 0.1608986 -1.0360613 0.03500 0.04000 0.04500
v 0.9880000 0.5729641 -0.9499398 0.03500 0.04000 0.04500
v 0.8000001 0.5729641 -0.9499398 0.03500 0.04000 0.04500
v 0.9880000 0.4638692 -0.9260598 0.03500 0.04000 0.04500
v 0.8000001 0.4638692 -0.9260598 0.03500 0.04000 0.04500
v 0.8000001 0.2824800 -1.7547201 0.03500 0.04000 0.04500
v 0.9880001 0.3915748 -1.7786000 0.03500 0.04000 0.04500
v 0.8000001 0.3915748 -1.7786000 0.03500 0.04000 0.04500
v 1.0400000 0.1158964 -1.1352260 0.03500 0.04000 0.04500
v 1.0400000 0.0703306 -1.2233299 0.03500 0.04000 0.04500
v 1.0580000 0.1737730 -1.1755217 0.03500 0.04000 0.04500
v 1.0580000 0.1366651 -1.2472736 0.03500 0.04000 0.04500
v 1.0400001 0.7395476 -1.5694338 0.03500 0.04000 0.04500
v 1.0580001 0.6816710 -1.5291381 0.03500 0.04000 0.04500
v 1.0580001 0.7187789 -1.4573862 0.03500 0.04000 0.04500
v 1.0580000 0.1963665 -1.2688220 0.03500 0.04000 0.04500
v 1.0580000 0.2258627 -1.2117884 0.03500 0.04000 0.04500
v 1.0580001 0.6295813 -1.4928714 0.03500 0.04000 0.04500
v 1.0580001 0.6590785 -1.4358376 0.03500 0.04000 0.04500
v 1.0580001 0.2871805 -1.5541892 0.03500 0.04000 0.04500
v 1.0180001 0.2992691 -1.5368264 0.03500 0.04000 0.04500
v 1.0580001 0.2397248 -1.5109363 0.03500 0.04000 0.04500
v 1.0180001 0.2558951 -1.4972932 0.03500 0.04000 0.04500
v 1.0580000 0.6157202 -1.1937233 0.03500 0.04000 0.04500
v 1.0580000 0.5682635 -1.1504706 0.03500 0.04000 0.04500
v 1.0180001 0.5995490 -1.2073666 0.03500 0.04000 0.04500
v 1.0180001 0.5561749 -1.1678334 0.03500 0.04000 0.04500
v 1.0180001 0.6312139 -1.2567778 0.03500 0.04000 0.04500
v 1.0180001 0.5835048 -1.2791803 0.03500 0.04000 0.04500
v 1.0180001 0.6490106 -1.3127011 0.03500 0.04000 0.04500
v 1.0180001 0.5971290 -1.3219922 0.03500 0.04000 0.04500
v 1.0180001 0.2242301 -1.4478819 0.03500 0.04000 0.04500
v 1.0180001 0.2719392 -1.4254795 0.03500 0.04000 0.04500
v 1.0180001 0.2064334 -1.3919587 0.03500 0.04000 0.04500
v 1.0180001 0.2583150 -1.3826676 0.03500 0.04000 0.04500
v -0.9879999 0.0766350 -1.1078910 0.03500 0.04000 0.04500
v -1.0247700 0.0881345 -1.1158973 0.03500 0.04000 0.04500
v -0.9879999 0.0253319 -1.2070880 0.03500 0.04000 0.04500
v -1.0247699 0.0385118 -1.2118451 0.03500 0.04000 0.04500
v -1.0247700 0.5682069 -0.9631199 0.03500 0.04000 0.04500
v -1.0247700 0.4626847 -0.9400213 0.03500 0.04000 0.04500
v -1.0247699 0.3927591 -1.7646377 0.03500 0.04000 0.04500
v -0.9879999 0.5031336 -1.7734309 0.03500 0.04000 0.04500
v -1.0247699 0.5006636 -1.7596383 0.03500 0.04000 0.04500
v -1.0247700 0.8022734 -1.1764549 0.03500 0.04000 0.04500
v -1.0247700 0.7439906 -1.0855066 0.03500 0.04000 0.04500
v -0.9879999 0.6721610 -1.0012430 0.03500 0.04000 0.04500
v -0.8000000 0.6721610 -1.0012430 0.03500 0.04000 0.04500
v -0.7999999 0.1832830 -1.7034170 0.03500 0.04000 0.04500
v -1.0399999 0.0491209 -1.3202253 0.03500 0.04000 0.04500
v -1.0579999 0.1193918 -1.3261843 0.03500 0.04000 0.04500
v -1.0579999 0.7360522 -1.3784758 0.03500 0.04000 0.04500
v -1.0579999 0.1826356 -1.3315473 0.03500 0.04000 0.04500
v -1.0579999 0.6728085 -1.3731127 0.03500 0.04000 0.04500
v -1.0579999 0.3442141 -1.5836855 0.03500 0.04000 0.04500
v -1.0179999 0.3513977 -1.5637856 0.03500 0.04000 0.04500
v -1.0579999 0.5112297 -1.1209736 0.03500 0.04000 0.04500
v -1.0179999 0.5040463 -1.1408745 0.03500 0.04000 0.04500
v -1.0179999 0.5561749 -1.1678335 0.03500 0.04000 0.04500
v -1.0179999 0.5995490 -1.2073667 0.03500 0.04000 0.04500
v -1.0179999 0.5260584 -1.2110898 0.03500 0.04000 0.04500
v -1.0179999 0.5592642 -1.2413534 0.03500 0.04000 0.04500
v -1.0179999 0.5260584 -1.2110898 0.03500 0.04000 0.04500
v -1.0179999 0.5995490 -1.2073667 0.03500 0.04000 0.04500
v -1.0179999 0.2992691 -1.5368265 0.03500 0.04000 0.04500
v -1.0179999 0.2558951 -1.4972933 0.03500 0.04000 0.04500
v -1.0179999 0.3293856 -1.4935703 0.03500 0.04000 0.04500
v -1.0179999 0.2961798 -1.4633067 0.03500 0.04000 0.04500
v -1.0179999 0.3293856 -1.4935703 0.03500 0.04000 0.04500
v -1.0179999 0.2558951 -1.4972933 0.03500 0.04000 0.04500
v 0.9880000 0.0766350 -1.1078909 0.03500 0.04000 0.04500
v 0.9880000 0.0253319 -1.2070879 0.03500 0.04000 0.04500
v 1.0247701 0.0881345 -1.1158972 0.03500 0.04000 0.04500
v 1.0247701 0.0385118 -1.2118450 0.03500 0.04000 0.04500
v 1.0247701 0.5682069 -0.9631197 0.03500 0.04000 0.04500
v 1.0247701 0.4626847 -0.9400212 0.03500 0.04000 0.04500
v 0.9880001 0.5031336 -1.7734308 0.03500 0.04000 0.04500
v 1.0247701 0.3927591 -1.7646376 0.03500 0.04000 0.04500
v 1.0247701 0.5006636 -1.7596382 0.03500 0.04000 0.04500
v 1.0247701 0.8022734 -1.1764548 0.03500 0.04000 0.04500
v 1.0247701 0.7439906 -1.0855065 0.03500 0.04000 0.04500
v 0.9880000 0.6721610 -1.0012429 0.03500 0.04000 0.04500
v 0.8000001 0.6721610 -1.0012429 0.03500 0.04000 0.04500
v 0.8000001 0.1832830 -1.7034169 0.03500 0.04000 0.04500
v 1.0400000 0.0491209 -1.3202251 0.03500 0.04000 0.04500
v 1.0580000 0.1193918 -1.3261842 0.03500 0.04000 0.04500
v 1.0580001 0.7360522 -1.3784756 0.03500 0.04000 0.04500
v 1.0580000 0.1826356 -1.3315472 0.03500 0.04000 0.04500
v 1.0580001 0.6728085 -1.3731126 0.03500 0.04000 0.04500
v 1.0580001 0.3442141 -1.5836854 0.03500 0.04000 0.04500
v 1.0180001 0.3513977 -1.5637855 0.03500 0.04000 0.04500
v 1.0580000 0.5112297 -1.1209734 0.03500 0.04000 0.04500
v 1.0180001 0.5040463 -1.1408743 0.03500 0.04000 0.04500
v 1.0180001 0.5561749 -1.1678334 0.03500 0.04000 0.04500
v 1.0180001 0.5260584 -1.2110897 0.03500 0.04000 0.04500
v 1.0180001 0.5995490 -1.2073666 0.03500 0.04000 0.04500
v 1.0180001 0.5592642 -1.2413532 0.03500 0.04000 0.04500
v 1.0180001 0.5995490 -1.2073666 0.03500 0.04000 0.04500
v 1.0180001 0.5260584 -1.2110897 0.03500 0.04000 0.04500
v 1.0180001 0.2992691 -1.5368264 0.03500 0.04000 0.04500
v 1.0180001 0.3293856 -1.4935702 0.03500 0.04000 0.04500
v 1.0180001 0.2558951 -1.4972932 0.03500 0.04000 0.04500
v 1.0180001 0.2961798 -1.4633066 0.03500 0.04000 0.04500
v 1.0180001 0.2558951 -1.4972932 0.03500 0.04000 0.04500
v 1.0180001 0.3293856 -1.4935702 0.03500 0.04000 0.04500
v -1.0247699 0.0385118 -1.2118451 0.03500 0.04000 0.04500
v -1.0247700 0.0881345 -1.1158973 0.03500 0.04000 0.04500
v -1.0247700 0.4626847 -0.9400213 0.03500 0.04000 0.04500
v -1.0247700 0.5682069 -0.9631199 0.03500 0.04000 0.04500
v -1.0399999 0.4598268 -0.9737290 0.03500 0.04000 0.04500
v -1.0399999 0.5567220 -0.9949386 0.03500 0.04000 0.04500
v -1.0247699 0.5006636 -1.7596383 0.03500 0.04000 0.04500
v -1.0247699 0.3927591 -1.7646377 0.03500 0.04000 0.04500
v -1.0399999 0.4947004 -1.7263400 0.03500 0.04000 0.04500
v -1.0399999 0.3956172 -1.7309311 0.03500 0.04000 0.04500
v -1.0247700 0.7439906 -1.0855066 0.03500 0.04000 0.04500
v -1.0247700 0.8022734 -1.1764549 0.03500 0.04000 0.04500
v -1.0179999 0.5995490 -1.2073667 0.03500 0.04000 0.04500
v -1.0179999 0.5592642 -1.2413534 0.03500 0.04000 0.04500
v -1.0179999 0.5995490 -1.2073667 0.03500 0.04000 0.04500
v -1.0179999 0.5835048 -1.2791804 0.03500 0.04000 0.04500
v -1.0179999 0.2558951 -1.4972933 0.03500 0.04000 0.04500
v -1.0179999 0.2961798 -1.4633067 0.03500 0.04000 0.04500
v -1.0179999 0.2558951 -1.4972933 0.03500 0.04000 0.04500
v -1.0179999 0.2719392 -1.4254796 0.03500 0.04000 0.04500
v 1.0247701 0.0385118 -1.2118450 0.03500 0.04000 0.04500
v 1.0247701 0.0881345 -1.1158972 0.03500 0.04000 0.04500
v 1.0247701 0.4626847 -0.9400212 0.03500 0.04000 0.04500
v 1.0400000 0.4598268 -0.9737288 0.03500 0.04000 0.04500
v 1.0247701 0.5682069 -0.9631197 0.03500 0.04000 0.04500
v 1.0400000 0.5567220 -0.9949385 0.03500 0.04000 0.04500
v 1.0247701 0.5006636 -1.7596382 0.03500 0.04000 0.04500
v 1.0400001 0.4947004 -1.7263399 0.03500 0.04000 0.04500
v 1.0247701 0.3927591 -1.7646376 0.03500 0.04000 0.04500
v 1.0400001 0.3956172 -1.7309310 0.03500 0.04000 0.04500
v 1.0247701 0.7439906 -1.0855065 0.03500 0.04000 0.04500
v 1.0247701 0.8022734 -1.1764548 0.03500 0.04000 0.04500
v 1.0180001 0.5995490 -1.2073666 0.03500 0.04000 0.04500
v 1.0180001 0.5592642 -1.2413532 0.03500 0.04000 0.04500
v 1.0180001 0.5835048 -1.2791803 0.03500 0.04000 0.04500
v 1.0180001 0.5995490 -1.2073666 0.03500 0.04000 0.04500
v 1.0180001 0.2558951 -1.4972932 0.03500 0.04000 0.04500
v 1.0180001 0.2961798 -1.4633066 0.03500 0.04000 0.04500
v 1.0180001 0.2719392 -1.4254795 0.03500 0.04000 0.04500
v 1.0180001 0.2558951 -1.4972932 0.03500 0.04000 0.04500
v -1.0247699 0.7673096 -1.5887628 0.03500 0.04000 0.04500
v -1.0247699 0.2872371 -1.7415402 0.03500 0.04000 0.04500
v -1.0399999 0.2987220 -1.7097214 0.03500 0.04000 0.04500
v -1.0247699 0.8350303 -1.2793885 0.03500 0.04000 0.04500
v -1.0247700 0.1608986 -1.0360614 0.03500 0.04000 0.04500
v -1.0399999 0.1827120 -1.0619171 0.03500 0.04000 0.04500
v -0.8000000 0.3523105 -0.9312292 0.03500 0.04000 0.04500
v -0.7999999 0.5031336 -1.7734309 0.03500 0.04000 0.04500
v -1.0579999 0.2281879 -1.1158198 0.03500 0.04000 0.04500
v -1.0579999 0.6272561 -1.5888403 0.03500 0.04000 0.04500
v -1.0579999 0.2691154 -1.1643319 0.03500 0.04000 0.04500
v -1.0579999 0.5863286 -1.5403282 0.03500 0.04000 0.04500
v -1.0579999 0.2050794 -1.4568746 0.03500 0.04000 0.04500
v -1.0179999 0.2242301 -1.4478820 0.03500 0.04000 0.04500
v -1.0579999 0.6503646 -1.2477855 0.03500 0.04000 0.04500
v -1.0179999 0.6312139 -1.2567780 0.03500 0.04000 0.04500
v -1.0179999 0.6517272 -1.3713250 0.03500 0.04000 0.04500
v -1.0179999 0.5992087 -1.3668715 0.03500 0.04000 0.04500
v -1.0179999 0.6490106 -1.3127012 0.03500 0.04000 0.04500
v -1.0179999 0.5971290 -1.3219923 0.03500 0.04000 0.04500
v -1.0179999 0.6490106 -1.3127012 0.03500 0.04000 0.04500
v -1.0179999 0.5992087 -1.3668715 0.03500 0.04000 0.04500
v -1.0179999 0.2037168 -1.3333350 0.03500 0.04000 0.04500
v -1.0179999 0.2562353 -1.3377885 0.03500 0.04000 0.04500
v 1.0247701 0.7673096 -1.5887626 0.03500 0.04000 0.04500
v 1.0247701 0.2872371 -1.7415401 0.03500 0.04000 0.04500
v 1.0400001 0.2987220 -1.7097213 0.03500 0.04000 0.04500
v 1.0247701 0.8350303 -1.2793884 0.03500 0.04000 0.04500
v 1.0247701 0.1608986 -1.0360613 0.03500 0.04000 0.04500
v 1.0400000 0.1827120 -1.0619170 0.03500 0.04000 0.04500
v 0.8000001 0.3523105 -0.9312291 0.03500 0.04000 0.04500
v 0.8000001 0.5031336 -1.7734308 0.03500 0.04000 0.04500
v 1.0580000 0.2281879 -1.1158196 0.03500 0.04000 0.04500
v 1.0580001 0.6272561 -1.5888402 0.03500 0.04000 0.04500
v 1.0580000 0.2691154 -1.1643317 0.03500 0.04000 0.04500
v 1.0580001 0.5863286 -1.5403281 0.03500 0.04000 0.04500
v 1.0580001 0.2050794 -1.4568744 0.03500 0.04000 0.04500
v 1.0180001 0.2242301 -1.4478819 0.03500 0.04000 0.04500
v 1.0580000 0.6503646 -1.2477854 0.03500 0.04000 0.04500
v 1.0180001 0.6312139 -1.2567778 0.03500 0.04000 0.04500
v 1.0180001 0.6517272 -1.3713249 0.03500 0.04000 0.04500
v 1.0180001 0.6490106 -1.3127011 0.03500 0.04000 0.04500
v 1.0180001 0.5992087 -1.3668714 0.03500 0.04000 0.04500
v 1.0180001 0.5971290 -1.3219922 0.03500 0.04000 0.04500
v 1.0180001 0.5992087 -1.3668714 0.03500 0.04000 0.04500
v 1.0180001 0.6490106 -1.3127011 0.03500 0.04000 0.04500
v 1.0180001 0.2037168 -1.3333349 0.03500 0.04000 0.04500
v 1.0180001 0.2562353 -1.3377884 0.03500 0.04000 0.04500
v -1.0247700 0.6641547 -1.0127425 0.03500 0.04000 0.04500
v -0.9879999 0.0014519 -1.3161829 0.03500 0.04000 0.04500
v -1.0247699 0.0154133 -1.3173673 0.03500 0.04000 0.04500
v -0.8000000 0.2458909 -0.9650959 0.03500 0.04000 0.04500
v -0.7999999 0.6095531 -1.7395642 0.03500 0.04000 0.04500
v -1.0579999 0.2962000 -1.0722353 0.03500 0.04000 0.04500
v -1.0579999 0.5592441 -1.6324248 0.03500 0.04000 0.04500
v -1.0579999 0.3231775 -1.1296874 0.03500 0.04000 0.04500
v -1.0579999 0.5322667 -1.5749726 0.03500 0.04000 0.04500
v -1.0579999 0.1856077 -1.3956883 0.03500 0.04000 0.04500
v -1.0179999 0.2064334 -1.3919588 0.03500 0.04000 0.04500
v -1.0579999 0.6698363 -1.3089717 0.03500 0.04000 0.04500
v -1.0179999 0.6490106 -1.3127012 0.03500 0.04000 0.04500
v -1.0179999 0.6391776 -1.4286543 0.03500 0.04000 0.04500
v -1.0179999 0.5896019 -1.4107601 0.03500 0.04000 0.04500
v -1.0179999 0.5992087 -1.3668715 0.03500 0.04000 0.04500
v -1.0179999 0.6391776 -1.4286543 0.03500 0.04000 0.04500
v -1.0179999 0.2162664 -1.2760057 0.03500 0.04000 0.04500
v -1.0179999 0.2658421 -1.2938999 0.03500 0.04000 0.04500
v -1.0179999 0.2562353 -1.3377885 0.03500 0.04000 0.04500
v -1.0179999 0.2162664 -1.2760057 0.03500 0.04000 0.04500
v 1.0247701 0.6641547 -1.0127424 0.03500 0.04000 0.04500
v 0.9880001 0.0014519 -1.3161827 0.03500 0.04000 0.04500
v 1.0247701 0.0154133 -1.3173672 0.03500 0.04000 0.04500
v 0.8000001 0.2458909 -0.9650958 0.03500 0.04000 0.04500
v 0.8000001 0.6095531 -1.7395641 0.03500 0.04000 0.04500
v 1.0580000 0.2962000 -1.0722351 0.03500 0.04000 0.04500
v 1.0580001 0.5592441 -1.6324247 0.03500 0.04000 0.04500
v 1.0580000 0.3231775 -1.1296873 0.03500 0.04000 0.04500
v 1.0580001 0.5322667 -1.5749725 0.03500 0.04000 0.04500
v 1.0580001 0.1856077 -1.3956882 0.03500 0.04000 0.04500
v 1.0180001 0.2064334 -1.3919587 0.03500 0.04000 0.04500
v 1.0580000 0.6698363 -1.3089716 0.03500 0.04000 0.04500
v 1.0180001 0.6490106 -1.3127011 0.03500 0.04000 0.04500
v 1.0180001 0.6391776 -1.4286542 0.03500 0.04000 0.04500
v 1.0180001 0.5896019 -1.4107600 0.03500 0.04000 0.04500
v 1.0180001 0.6391776 -1.4286542 0.03500 0.04000 0.04500
v 1.0180001 0.5992087 -1.3668714 0.03500 0.04000 0.04500
v 1.0180001 0.2162664 -1.2760056 0.03500 0.04000 0.04500
v 1.0180001 0.2658421 -1.2938998 0.03500 0.04000 0.04500
v 1.0180001 0.2162664 -1.2760056 0.03500 0.04000 0.04500
v 1.0180001 0.2562353 -1.3377884 0.03500 0.04000 0.04500
v -1.0247700 0.6641547 -1.0127425 0.03500 0.04000 0.04500
v -1.0399999 0.6448259 -1.0405045 0.03500 0.04000 0.04500
v -1.0247699 0.0154133 -1.3173673 0.03500 0.04000 0.04500
v -0.8000000 0.1518632 -1.0253514 0.03500 0.04000 0.04500
v -0.7999999 0.7035808 -1.6793086 0.03500 0.04000 0.04500
v -1.0579999 0.3731752 -1.0477387 0.03500 0.04000 0.04500
v -1.0579999 0.4822688 -1.6569214 0.03500 0.04000 0.04500
v -1.0579999 0.3843637 -1.1102157 0.03500 0.04000 0.04500
v -1.0579999 0.4710803 -1.5944443 0.03500 0.04000 0.04500
v -1.0579999 0.1826356 -1.3315473 0.03500 0.04000 0.04500
v -1.0179999 0.2037168 -1.3333350 0.03500 0.04000 0.04500
v -1.0579999 0.6728085 -1.3731127 0.03500 0.04000 0.04500
v -1.0179999 0.6517272 -1.3713250 0.03500 0.04000 0.04500
v -1.0179999 0.6122185 -1.4807829 0.03500 0.04000 0.04500
v -1.0179999 0.5689623 -1.4506664 0.03500 0.04000 0.04500
v -1.0179999 0.6391776 -1.4286543 0.03500 0.04000 0.04500
v -1.0179999 0.5896019 -1.4107601 0.03500 0.04000 0.04500
v -1.0179999 0.6391776 -1.4286543 0.03500 0.04000 0.04500
v -1.0179999 0.5689623 -1.4506664 0.03500 0.04000 0.04500
v -1.0179999 0.2432255 -1.2238771 0.03500 0.04000 0.04500
v -1.0179999 0.2864818 -1.2539936 0.03500 0.04000 0.04500
v -1.0179999 0.2162664 -1.2760057 0.03500 0.04000 0.04500
v -1.0179999 0.2658421 -1.2938999 0.03500 0.04000 0.04500
v -1.0179999 0.2162664 -1.2760057 0.03500 0.04000 0.04500
v -1.0179999 0.2864818 -1.2539936 0.03500 0.04000 0.04500
v 1.0247701 0.6641547 -1.0127424 0.03500 0.04000 0.04500
v 1.0400000 0.6448259 -1.0405043 0.03500 0.04000 0.04500
v 1.0247701 0.0154133 -1.3173672 0.03500 0.04000 0.04500
v 0.8000001 0.1518632 -1.0253513 0.03500 0.04000 0.04500
v 0.8000001 0.7035808 -1.6793085 0.03500 0.04000 0.04500
v 1.0580000 0.3731752 -1.0477385 0.03500 0.04000 0.04500
v 1.0580001 0.4822688 -1.6569213 0.03500 0.04000 0.04500
v 1.0580000 0.3843637 -1.1102156 0.03500 0.04000 0.04500
v 1.0580001 0.4710803 -1.5944442 0.03500 0.04000 0.04500
v 1.0580000 0.1826356 -1.3315472 0.03500 0.04000 0.04500
v 1.0180001 0.2037168 -1.3333349 0.03500 0.04000 0.04500
v 1.0580001 0.6728085 -1.3731126 0.03500 0.04000 0.04500
v 1.0180001 0.6517272 -1.3713249 0.03500 0.04000 0.04500
v 1.0180001 0.6122185 -1.4807828 0.03500 0.04000 0.04500
v 1.0180001 0.6391776 -1.4286542 0.03500 0.04000 0.04500
v 1.0180001 0.5689623 -1.4506663 0.03500 0.04000 0.04500
v 1.0180001 0.5896019 -1.4107600 0.03500 0.04000 0.04500
v 1.0180001 0.5689623 -1.4506663 0.03500 0.04000 0.04500
v 1.0180001 0.6391776 -1.4286542 0.03500 0.04000 0.04500
v 1.0180001 0.2432255 -1.2238770 0.03500 0.04000 0.04500
v 1.0180001 0.2162664 -1.2760056 0.03500 0.04000 0.04500
v 1.0180001 0.2864818 -1.2539935 0.03500 0.04000 0.04500
v 1.0180001 0.2658421 -1.2938998 0.03500 0.04000 0.04500
v 1.0180001 0.2864818 -1.2539935 0.03500 0.04000 0.04500
v 1.0180001 0.2162664 -1.2760056 0.03500 0.04000 0.04500
v -1.0247699 0.0531706 -1.5282052 0.03500 0.04000 0.04500
v -1.0247699 0.0204137 -1.4252716 0.03500 0.04000 0.04500
v -0.7999999 0.0766350 -1.1078910 0.03500 0.04000 0.04500
v -0.7999999 0.7788090 -1.5967691 0.03500 0.04000 0.04500
v -1.0579999 0.4538678 -1.0439998 0.03500 0.04000 0.04500
v -1.0579999 0.4015763 -1.6606602 0.03500 0.04000 0.04500
v -1.0579999 0.4485049 -1.1072435 0.03500 0.04000 0.04500
v -1.0579999 0.4069393 -1.5974165 0.03500 0.04000 0.04500
v -1.0579999 0.1963665 -1.2688221 0.03500 0.04000 0.04500
v -1.0179999 0.2162664 -1.2760057 0.03500 0.04000 0.04500
v -1.0579999 0.6590785 -1.4358378 0.03500 0.04000 0.04500
v -1.0179999 0.6391776 -1.4286543 0.03500 0.04000 0.04500
v -1.0179999 0.5726853 -1.5241570 0.03500 0.04000 0.04500
v -1.0179999 0.5386986 -1.4838722 0.03500 0.04000 0.04500
v -1.0179999 0.6122185 -1.4807829 0.03500 0.04000 0.04500
v -1.0179999 0.5689623 -1.4506664 0.03500 0.04000 0.04500
v -1.0179999 0.6122185 -1.4807829 0.03500 0.04000 0.04500
v -1.0179999 0.5386986 -1.4838722 0.03500 0.04000 0.04500
v -1.0179999 0.2827587 -1.1805031 0.03500 0.04000 0.04500
v -1.0179999 0.3167455 -1.2207878 0.03500 0.04000 0.04500
v -1.0179999 0.2432255 -1.2238771 0.03500 0.04000 0.04500
v -1.0179999 0.2864818 -1.2539936 0.03500 0.04000 0.04500
v 1.0247701 0.0531706 -1.5282051 0.03500 0.04000 0.04500
v 1.0247701 0.0204137 -1.4252715 0.03500 0.04000 0.04500
v 0.8000001 0.0766350 -1.1078909 0.03500 0.04000 0.04500
v 0.8000001 0.7788090 -1.5967690 0.03500 0.04000 0.04500
v 1.0580000 0.4538678 -1.0439997 0.03500 0.04000 0.04500
v 1.0580001 0.4015763 -1.6606601 0.03500 0.04000 0.04500
v 1.0580000 0.4485049 -1.1072434 0.03500 0.04000 0.04500
v 1.0580001 0.4069393 -1.5974164 0.03500 0.04000 0.04500
v 1.0580000 0.1963665 -1.2688220 0.03500 0.04000 0.04500
v 1.0180001 0.2162664 -1.2760056 0.03500 0.04000 0.04500
v 1.0580001 0.6590785 -1.4358376 0.03500 0.04000 0.04500
v 1.0180001 0.6391776 -1.4286542 0.03500 0.04000 0.04500
v 1.0180001 0.5726853 -1.5241569 0.03500 0.04000 0.04500
v 1.0180001 0.6122185 -1.4807828 0.03500 0.04000 0.04500
v 1.0180001 0.5386986 -1.4838721 0.03500 0.04000 0.04500
v 1.0180001 0.5689623 -1.4506663 0.03500 0.04000 0.04500
v 1.0180001 0.5386986 -1.4838721 0.03500 0.04000 0.04500
v 1.0180001 0.6122185 -1.4807828 0.03500 0.04000 0.04500
v 1.0180001 0.2827587 -1.1805030 0.03500 0.04000 0.04500
v 1.0180001 0.2432255 -1.2238770 0.03500 0.04000 0.04500
v 1.0180001 0.3167455 -1.2207877 0.03500 0.04000 0.04500
v 1.0180001 0.2864818 -1.2539935 0.03500 0.04000 0.04500
v -1.0247699 0.0531706 -1.5282052 0.03500 0.04000 0.04500
v -1.0247699 0.0204137 -1.4252716 0.03500 0.04000 0.04500
v -0.7999999 0.0253319 -1.2070880 0.03500 0.04000 0.04500
v -0.7999999 0.8301121 -1.4975721 0.03500 0.04000 0.04500
v -1.0579999 0.5327783 -1.0612731 0.03500 0.04000 0.04500
v -1.0579999 0.3226657 -1.6433869 0.03500 0.04000 0.04500
v -1.0579999 0.5112297 -1.1209736 0.03500 0.04000 0.04500
v -1.0579999 0.3442141 -1.5836855 0.03500 0.04000 0.04500
v -1.0579999 0.2258627 -1.2117885 0.03500 0.04000 0.04500
v -1.0179999 0.2432255 -1.2238771 0.03500 0.04000 0.04500
v -1.0579999 0.6295813 -1.4928716 0.03500 0.04000 0.04500
v -1.0179999 0.6122185 -1.4807829 0.03500 0.04000 0.04500
v -1.0179999 0.5232743 -1.5558219 0.03500 0.04000 0.04500
v -1.0179999 0.5726853 -1.5241570 0.03500 0.04000 0.04500
v -1.0179999 0.5386986 -1.4838722 0.03500 0.04000 0.04500
v -1.0179999 0.5726853 -1.5241570 0.03500 0.04000 0.04500
v -1.0179999 0.5008718 -1.5081128 0.03500 0.04000 0.04500
v -1.0179999 0.3321699 -1.1488381 0.03500 0.04000 0.04500
v 1.0247701 0.0531706 -1.5282051 0.03500 0.04000 0.04500
v 1.0247701 0.0204137 -1.4252715 0.03500 0.04000 0.04500
v 0.8000001 0.0253319 -1.2070879 0.03500 0.04000 0.04500
v 0.8000001 0.8301121 -1.4975720 0.03500 0.04000 0.04500
v 1.0580000 0.5327783 -1.0612730 0.03500 0.04000 0.04500
v 1.0580001 0.3226657 -1.6433868 0.03500 0.04000 0.04500
v 1.0580000 0.5112297 -1.1209734 0.03500 0.04000 0.04500
v 1.0580001 0.3442141 -1.5836854 0.03500 0.04000 0.04500
v 1.0580000 0.2258627 -1.2117884 0.03500 0.04000 0.04500
v 1.0180001 0.2432255 -1.2238770 0.03500 0.04000 0.04500
v 1.0580001 0.6295813 -1.4928714 0.03500 0.04000 0.04500
v 1.0180001 0.6122185 -1.4807828 0.03500 0.04000 0.04500
v 1.0180001 0.5232743 -1.5558218 0.03500 0.04000 0.04500
v 1.0180001 0.5726853 -1.5241569 0.03500 0.04000 0.04500
v 1.0180001 0.5386986 -1.4838721 0.03500 0.04000 0.04500
v 1.0180001 0.5008718 -1.5081127 0.03500 0.04000 0.04500
v 1.0180001 0.5726853 -1.5241569 0.03500 0.04000 0.04500
v 1.0180001 0.3321699 -1.1488380 0.03500 0.04000 0.04500
v -0.9879999 0.0066211 -1.4277416 0.03500 0.04000 0.04500
v -1.0247699 0.0204137 -1.4252716 0.03500 0.04000 0.04500
v -0.7999999 0.0014519 -1.3161828 0.03500 0.04000 0.04500
v -0.7999999 0.8539921 -1.3884772 0.03500 0.04000 0.04500
v -1.0579999 0.6045302 -1.0983810 0.03500 0.04000 0.04500
v -1.0579999 0.2509138 -1.6062791 0.03500 0.04000 0.04500
v -1.0579999 0.5682635 -1.1504707 0.03500 0.04000 0.04500
v -1.0579999 0.2871805 -1.5541894 0.03500 0.04000 0.04500
v -1.0579999 0.2691154 -1.1643319 0.03500 0.04000 0.04500
v -1.0179999 0.2827587 -1.1805031 0.03500 0.04000 0.04500
v -1.0579999 0.5863286 -1.5403282 0.03500 0.04000 0.04500
v -1.0179999 0.5726853 -1.5241570 0.03500 0.04000 0.04500
v -1.0179999 0.4673508 -1.5736186 0.03500 0.04000 0.04500
v -1.0179999 0.3880932 -1.1310414 0.03500 0.04000 0.04500
v 0.9880001 0.0066211 -1.4277415 0.03500 0.04000 0.04500
v 1.0247701 0.0204137 -1.4252715 0.03500 0.04000 0.04500
v 0.8000001 0.0014519 -1.3161827 0.03500 0.04000 0.04500
v 0.8000001 0.8539921 -1.3884771 0.03500 0.04000 0.04500
v 1.0580000 0.6045302 -1.0983809 0.03500 0.04000 0.04500
v 1.0580001 0.2509138 -1.6062789 0.03500 0.04000 0.04500
v 1.0580000 0.5682635 -1.1504706 0.03500 0.04000 0.04500
v 1.0580001 0.2871805 -1.5541892 0.03500 0.04000 0.04500
v 1.0580000 0.2691154 -1.1643317 0.03500 0.04000 0.04500
v 1.0180001 0.2827587 -1.1805030 0.03500 0.04000 0.04500
v 1.0580001 0.5863286 -1.5403281 0.03500 0.04000 0.04500
v 1.0180001 0.5726853 -1.5241569 0.03500 0.04000 0.04500
v 1.0180001 0.4673508 -1.5736185 0.03500 0.04000 0.04500
v 1.0180001 0.3880932 -1.1310413 0.03500 0.04000 0.04500
v -0.7999999 0.0066211 -1.4277416 0.03500 0.04000 0.04500
v -1.0179999 0.4087270 -1.5763352 0.03500 0.04000 0.04500
v 0.8000001 0.0066211 -1.4277415 0.03500 0.04000 0.04500
v 1.0180001 0.4087270 -1.5763351 0.03500 0.04000 0.04500
v -1.0180001 0.2719392 1.3595203 0.03500 0.04000 0.04500
v -1.0180001 0.4277220 1.4326699 0.03500 0.04000 0.04500
v -1.0180001 0.2961798 1.3216933 0.03500 0.04000 0.04500
v -1.0180001 0.2961798 1.3216933 0.03500 0.04000 0.04500
v -1.0180001 0.4277220 1.4326699 0.03500 0.04000 0.04500
v -1.0180001 0.3293856 1.2914297 0.03500 0.04000 0.04500
v -1.0180001 0.3293856 1.2914297 0.03500 0.04000 0.04500
v -1.0180001 0.4277220 1.4326699 0.03500 0.04000 0.04500
v -1.0180001 0.3692919 1.2707901 0.03500 0.04000 0.04500
v -1.0180001 0.4131805 1.2611832 0.03500 0.04000 0.04500
v -1.0180001 0.4580597 1.2632630 0.03500 0.04000 0.04500
v -1.0180001 0.5008718 1.2768871 0.03500 0.04000 0.04500
v -1.0180001 0.5386986 1.3011277 0.03500 0.04000 0.04500
v -1.0180001 0.5386986 1.3011277 0.03500 0.04000 0.04500
v -1.0180001 0.4277220 1.4326699 0.03500 0.04000 0.04500
v -1.0180001 0.5689623 1.3343335 0.03500 0.04000 0.04500
v -1.0180001 0.5689623 1.3343335 0.03500 0.04000 0.04500
v -1.0180001 0.4277220 1.4326699 0.03500 0.04000 0.04500
v -1.0180001 0.5896019 1.3742398 0.03500 0.04000 0.04500
v -1.0180001 0.5992087 1.4181285 0.03500 0.04000 0.04500
v -1.0180001 0.5971290 1.4630077 0.03500 0.04000 0.04500
v -1.0180001 0.5971290 1.4630077 0.03500 0.04000 0.04500
v -1.0180001 0.4277220 1.4326699 0.03500 0.04000 0.04500
v -1.0180001 0.5835048 1.5058195 0.03500 0.04000 0.04500
v -1.0180001 0.5835048 1.5058195 0.03500 0.04000 0.04500
v -1.0180001 0.4277220 1.4326699 0.03500 0.04000 0.04500
v -1.0180001 0.5592642 1.5436466 0.03500 0.04000 0.04500
v -1.0180001 0.5592642 1.5436466 0.03500 0.04000 0.04500
v -1.0180001 0.4277220 1.4326699 0.03500 0.04000 0.04500
v -1.0180001 0.5260584 1.5739102 0.03500 0.04000 0.04500
v -1.0180001 0.5260584 1.5739102 0.03500 0.04000 0.04500
v -1.0180001 0.4277220 1.4326699 0.03500 0.04000 0.04500
v -1.0180001 0.4861519 1.5945498 0.03500 0.04000 0.04500
v -1.0180001 0.4861519 1.5945498 0.03500 0.04000 0.04500
v -1.0180001 0.4277220 1.4326699 0.03500 0.04000 0.04500
v -1.0180001 0.4422637 1.6041567 0.03500 0.04000 0.04500
v -1.0180001 0.4422637 1.6041567 0.03500 0.04000 0.04500
v -1.0180001 0.4277220 1.4326699 0.03500 0.04000 0.04500
v -1.0180001 0.3973843 1.6020769 0.03500 0.04000 0.04500
v -1.0180001 0.3545724 1.5884528 0.03500 0.04000 0.04500
v -1.0180001 0.3545724 1.5884528 0.03500 0.04000 0.04500
v -1.0180001 0.4277220 1.4326699 0.03500 0.04000 0.04500
v -1.0180001 0.3167455 1.5642122 0.03500 0.04000 0.04500
v -1.0180001 0.3167455 1.5642122 0.03500 0.04000 0.04500
v -1.0180001 0.4277220 1.4326699 0.03500 0.04000 0.04500
v -1.0180001 0.2864818 1.5310063 0.03500 0.04000 0.04500
v -1.0180001 0.2864818 1.5310063 0.03500 0.04000 0.04500
v -1.0180001 0.4277220 1.4326699 0.03500 0.04000 0.04500
v -1.0180001 0.2658421 1.4911000 0.03500 0.04000 0.04500
v -1.0180001 0.2562353 1.4472115 0.03500 0.04000 0.04500
v -1.0180001 0.2562353 1.4472115 0.03500 0.04000 0.04500
v -1.0180001 0.4277220 1.4326699 0.03500 0.04000 0.04500
v -1.0180001 0.2583150 1.4023322 0.03500 0.04000 0.04500
v -1.0180001 0.2719392 1.3595203 0.03500 0.04000 0.04500
v -0.8000001 0.4638692 1.8589401 0.03500 0.04000 0.04500
v -0.8000001 0.4277220 1.4326699 0.03500 0.04000 0.04500
v -0.8000001 0.5729641 1.8350601 0.03500 0.04000 0.04500
v -0.8000001 0.5729641 1.8350601 0.03500 0.04000 0.04500
v -0.8000001 0.4277220 1.4326699 0.03500 0.04000 0.04500
v -0.8000001 0.6721610 1.7837569 0.03500 0.04000 0.04500
v -0.8000001 0.7547006 1.7085288 0.03500 0.04000 0.04500
v -0.8000001 0.7547006 1.7085288 0.03500 0.04000 0.04500
v -0.8000001 0.4277220 1.4326699 0.03500 0.04000 0.04500
v -0.8000001 0.8149562 1.6145010 0.03500 0.04000 0.04500
v -0.8000001 0.8149562 1.6145010 0.03500 0.04000 0.04500
v -0.8000001 0.4277220 1.4326699 0.03500 0.04000 0.04500
v -0.8000001 0.8488229 1.5080815 0.03500 0.04000 0.04500
v -0.8000001 0.8539921 1.3965228 0.03500 0.04000 0.04500
v -0.8000001 0.8539921 1.3965228 0.03500 0.04000 0.04500
v -0.8000001 0.4277220 1.4326699 0.03500 0.04000 0.04500
v -0.8000001 0.8301121 1.2874279 0.03500 0.04000 0.04500
v -0.8000001 0.8301121 1.2874279 0.03500 0.04000 0.04500
v -0.8000001 0.4277220 1.4326699 0.03500 0.04000 0.04500
v -0.8000001 0.7788090 1.1882309 0.03500 0.04000 0.04500
v -0.8000001 0.7035808 1.1056914 0.03500 0.04000 0.04500
v -0.8000001 0.6095531 1.0454358 0.03500 0.04000 0.04500
v -0.8000001 0.5031336 1.0115691 0.03500 0.04000 0.04500
v -0.8000001 0.3915748 1.0063998 0.03500 0.04000 0.04500
v -0.8000001 0.3915748 1.0063998 0.03500 0.04000 0.04500
v -0.8000001 0.4277220 1.4326699 0.03500 0.04000 0.04500
v -0.8000001 0.2824800 1.0302798 0.03500 0.04000 0.04500
v -0.8000001 0.2824800 1.0302798 0.03500 0.04000 0.04500
v -0.8000001 0.4277220 1.4326699 0.03500 0.04000 0.04500
v -0.8000001 0.1832830 1.0815830 0.03500 0.04000 0.04500
v -0.8000001 0.1007434 1.1568111 0.03500 0.04000 0.04500
v -0.8000001 0.1007434 1.1568111 0.03500 0.04000 0.04500
v -0.8000001 0.0404879 1.2508389 0.03500 0.04000 0.04500
v -0.8000001 0.0404879 1.2508389 0.03500 0.04000 0.04500
v -0.8000001 0.0066211 1.3572584 0.03500 0.04000 0.04500
v -0.8000001 0.0014519 1.4688171 0.03500 0.04000 0.04500
v -0.8000001 0.0014519 1.4688171 0.03500 0.04000 0.04500
v -0.8000001 0.0253319 1.5779120 0.03500 0.04000 0.04500
v -0.8000001 0.0253319 1.5779120 0.03500 0.04000 0.04500
v -0.8000001 0.4277220 1.4326699 0.03500 0.04000 0.04500
v -0.8000001 0.0766350 1.6771090 0.03500 0.04000 0.04500
v -0.8000001 0.1518632 1.7596485 0.03500 0.04000 0.04500
v -0.8000001 0.2458909 1.8199041 0.03500 0.04000 0.04500
v -0.8000001 0.3523105 1.8537708 0.03500 0.04000 0.04500
v -0.8000001 0.4638692 1.8589401 0.03500 0.04000 0.04500
v 1.0179999 0.2719392 1.3595204 0.03500 0.04000 0.04500
v 1.0179999 0.2961798 1.3216934 0.03500 0.04000 0.04500
v 1.0179999 0.4277220 1.4326701 0.03500 0.04000 0.04500
v 1.0179999 0.2961798 1.3216934 0.03500 0.04000 0.04500
v 1.0179999 0.3293856 1.2914298 0.03500 0.04000 0.04500
v 1.0179999 0.4277220 1.4326701 0.03500 0.04000 0.04500
v 1.0179999 0.3293856 1.2914298 0.03500 0.04000 0.04500
v 1.0179999 0.3692919 1.2707902 0.03500 0.04000 0.04500
v 1.0179999 0.4277220 1.4326701 0.03500 0.04000 0.04500
v 1.0179999 0.4131805 1.2611833 0.03500 0.04000 0.04500
v 1.0179999 0.4580597 1.2632631 0.03500 0.04000 0.04500
v 1.0179999 0.5008718 1.2768873 0.03500 0.04000 0.04500
v 1.0179999 0.5386986 1.3011279 0.03500 0.04000 0.04500
v 1.0179999 0.5386986 1.3011279 0.03500 0.04000 0.04500
v 1.0179999 0.5689623 1.3343337 0.03500 0.04000 0.04500
v 1.0179999 0.4277220 1.4326701 0.03500 0.04000 0.04500
v 1.0179999 0.5689623 1.3343337 0.03500 0.04000 0.04500
v 1.0179999 0.5896019 1.3742400 0.03500 0.04000 0.04500
v 1.0179999 0.4277220 1.4326701 0.03500 0.04000 0.04500
v 1.0179999 0.5992087 1.4181286 0.03500 0.04000 0.04500
v 1.0179999 0.5971290 1.4630078 0.03500 0.04000 0.04500
v 1.0179999 0.5971290 1.4630078 0.03500 0.04000 0.04500
v 1.0179999 0.5835048 1.5058197 0.03500 0.04000 0.04500
v 1.0179999 0.4277220 1.4326701 0.03500 0.04000 0.04500
v 1.0179999 0.5835048 1.5058197 0.03500 0.04000 0.04500
v 1.0179999 0.5592642 1.5436467 0.03500 0.04000 0.04500
v 1.0179999 0.4277220 1.4326701 0.03500 0.04000 0.04500
v 1.0179999 0.5592642 1.5436467 0.03500 0.04000 0.04500
v 1.0179999 0.5260584 1.5739103 0.03500 0.04000 0.04500
v 1.0179999 0.4277220 1.4326701 0.03500 0.04000 0.04500
v 1.0179999 0.5260584 1.5739103 0.03500 0.04000 0.04500
v 1.0179999 0.4861519 1.5945499 0.03500 0.04000 0.04500
v 1.0179999 0.4277220 1.4326701 0.03500 0.04000 0.04500
v 1.0179999 0.4861519 1.5945499 0.03500 0.04000 0.04500
v 1.0179999 0.4422637 1.6041568 0.03500 0.04000 0.04500
v 1.0179999 0.4277220 1.4326701 0.03500 0.04000 0.04500
v 1.0179999 0.4422637 1.6041568 0.03500 0.04000 0.04500
v 1.0179999 0.3973843 1.6020770 0.03500 0.04000 0.04500
v 1.0179999 0.4277220 1.4326701 0.03500 0.04000 0.04500
v 1.0179999 0.3545724 1.5884529 0.03500 0.04000 0.04500
v 1.0179999 0.3545724 1.5884529 0.03500 0.04000 0.04500
v 1.0179999 0.3167455 1.5642123 0.03500 0.04000 0.04500
v 1.0179999 0.4277220 1.4326701 0.03500 0.04000 0.04500
v 1.0179999 0.3167455 1.5642123 0.03500 0.04000 0.04500
v 1.0179999 0.2864818 1.5310065 0.03500 0.04000 0.04500
v 1.0179999 0.4277220 1.4326701 0.03500 0.04000 0.04500
v 1.0179999 0.2864818 1.5310065 0.03500 0.04000 0.04500
v 1.0179999 0.2658421 1.4911001 0.03500 0.04000 0.04500
v 1.0179999 0.4277220 1.4326701 0.03500 0.04000 0.04500
v 1.0179999 0.2562353 1.4472116 0.03500 0.04000 0.04500
v 1.0179999 0.2562353 1.4472116 0.03500 0.04000 0.04500
v 1.0179999 0.2583150 1.4023323 0.03500 0.04000 0.04500
v 1.0179999 0.4277220 1.4326701 0.03500 0.04000 0.04500
v 1.0179999 0.2719392 1.3595204 0.03500 0.04000 0.04500
v 0.7999999 0.4638692 1.8589402 0.03500 0.04000 0.04500
v 0.7999999 0.5729641 1.8350602 0.03500 0.04000 0.04500
v 0.7999999 0.4277220 1.4326700 0.03500 0.04000 0.04500
v 0.7999999 0.5729641 1.8350602 0.03500 0.04000 0.04500
v 0.7999999 0.6721610 1.7837570 0.03500 0.04000 0.04500
v 0.7999999 0.4277220 1.4326700 0.03500 0.04000 0.04500
v 0.7999999 0.7547006 1.7085289 0.03500 0.04000 0.04500
v 0.7999999 0.7547006 1.7085289 0.03500 0.04000 0.04500
v 0.7999999 0.8149562 1.6145011 0.03500 0.04000 0.04500
v 0.7999999 0.4277220 1.4326700 0.03500 0.04000 0.04500
v 0.7999999 0.8149562 1.6145011 0.03500 0.04000 0.04500
v 0.7999999 0.8488229 1.5080816 0.03500 0.04000 0.04500
v 0.7999999 0.4277220 1.4326700 0.03500 0.04000 0.04500
v 0.7999999 0.8539921 1.3965229 0.03500 0.04000 0.04500
v 0.7999999 0.8539921 1.3965229 0.03500 0.04000 0.04500
v 0.7999999 0.8301121 1.2874280 0.03500 0.04000 0.04500
v 0.7999999 0.4277220 1.4326700 0.03500 0.04000 0.04500
v 0.7999999 0.8301121 1.2874280 0.03500 0.04000 0.04500
v 0.7999999 0.7788090 1.1882310 0.03500 0.04000 0.04500
v 0.7999999 0.4277220 1.4326700 0.03500 0.04000 0.04500
v 0.7999999 0.7035808 1.1056915 0.03500 0.04000 0.04500
v 0.7999999 0.6095531 1.0454359 0.03500 0.04000 0.04500
v 0.8000000 0.5031336 1.0115692 0.03500 0.04000 0.04500
v 0.8000000 0.3915748 1.0063999 0.03500 0.04000 0.04500
v 0.8000000 0.3915748 1.0063999 0.03500 0.04000 0.04500
v 0.8000000 0.2824800 1.0302799 0.03500 0.04000 0.04500
v 0.7999999 0.4277220 1.4326700 0.03500 0.04000 0.04500
v 0.8000000 0.2824800 1.0302799 0.03500 0.04000 0.04500
v 0.7999999 0.1832830 1.0815831 0.03500 0.04000 0.04500
v 0.7999999 0.4277220 1.4326700 0.03500 0.04000 0.04500
v 0.7999999 0.1007434 1.1568112 0.03500 0.04000 0.04500
v 0.7999999 0.1007434 1.1568112 0.03500 0.04000 0.04500
v 0.7999999 0.0404879 1.2508390 0.03500 0.04000 0.04500
v 0.7999999 0.0404879 1.2508390 0.03500 0.04000 0.04500
v 0.7999999 0.0066211 1.3572585 0.03500 0.04000 0.04500
v 0.7999999 0.0014519 1.4688172 0.03500 0.04000 0.04500
v 0.7999999 0.0014519 1.4688172 0.03500 0.04000 0.04500
v 0.7999999 0.0253319 1.5779121 0.03500 0.04000 0.04500
v 0.7999999 0.0253319 1.5779121 0.03500 0.04000 0.04500
v 0.7999999 0.0766350 1.6771091 0.03500 0.04000 0.04500
v 0.7999999 0.4277220 1.4326700 0.03500 0.04000 0.04500
v 0.7999999 0.1518632 1.7596486 0.03500 0.04000 0.04500
v 0.7999999 0.2458909 1.8199042 0.03500 0.04000 0.04500
v 0.7999999 0.3523105 1.8537709 0.03500 0.04000 0.04500
v 0.7999999 0.4638692 1.8589402 0.03500 0.04000 0.04500
v -0.9880000 0.1832830 1.0815830 0.03500 0.04000 0.04500
v -0.9880000 0.1007434 1.1568111 0.03500 0.04000 0.04500
v -1.0247701 0.1912893 1.0930824 0.03500 0.04000 0.04500
v -1.0247701 0.1114534 1.1658465 0.03500 0.04000 0.04500
v -0.9880001 0.8301121 1.2874279 0.03500 0.04000 0.04500
v -1.0247701 0.8169322 1.2921850 0.03500 0.04000 0.04500
v -0.9880001 0.8539921 1.3965228 0.03500 0.04000 0.04500
v -1.0247701 0.8400307 1.3977072 0.03500 0.04000 0.04500
v -0.9880001 0.2458909 1.8199041 0.03500 0.04000 0.04500
v -0.9880001 0.3523105 1.8537708 0.03500 0.04000 0.04500
v -1.0247701 0.2518469 1.8072214 0.03500 0.04000 0.04500
v -1.0247701 0.3547805 1.8399782 0.03500 0.04000 0.04500
v -0.9880000 0.6095531 1.0454358 0.03500 0.04000 0.04500
v -1.0247701 0.6035970 1.0581195 0.03500 0.04000 0.04500
v -0.9880000 0.7035808 1.1056914 0.03500 0.04000 0.04500
v -1.0247701 0.6945454 1.1164013 0.03500 0.04000 0.04500
v -0.9880001 0.8488229 1.5080815 0.03500 0.04000 0.04500
v -0.9880001 0.8149562 1.6145010 0.03500 0.04000 0.04500
v -0.8000001 0.8488229 1.5080815 0.03500 0.04000 0.04500
v -0.8000001 0.8149562 1.6145010 0.03500 0.04000 0.04500
v -0.9880001 0.0066211 1.3572584 0.03500 0.04000 0.04500
v -0.9880001 0.0404879 1.2508389 0.03500 0.04000 0.04500
v -0.8000001 0.0066211 1.3572584 0.03500 0.04000 0.04500
v -0.8000001 0.0404879 1.2508389 0.03500 0.04000 0.04500
v -1.0400000 0.0837915 1.2711728 0.03500 0.04000 0.04500
v -1.0580000 0.1476272 1.3011479 0.03500 0.04000 0.04500
v -1.0400000 0.1373091 1.1876599 0.03500 0.04000 0.04500
v -1.0580000 0.1912117 1.2331359 0.03500 0.04000 0.04500
v -1.0400001 0.7181350 1.6776800 0.03500 0.04000 0.04500
v -1.0400001 0.7716525 1.5941670 0.03500 0.04000 0.04500
v -1.0580001 0.6642323 1.6322040 0.03500 0.04000 0.04500
v -1.0580001 0.7078168 1.5641919 0.03500 0.04000 0.04500
v -1.0580000 0.2397248 1.2740635 0.03500 0.04000 0.04500
v -1.0580000 0.2050794 1.3281254 0.03500 0.04000 0.04500
v -1.0580001 0.6157202 1.5912765 0.03500 0.04000 0.04500
v -1.0580001 0.6503646 1.5372145 0.03500 0.04000 0.04500
v -1.0580000 0.4710803 1.1905556 0.03500 0.04000 0.04500
v -1.0180001 0.4673508 1.2113813 0.03500 0.04000 0.04500
v -1.0580000 0.5322667 1.2100274 0.03500 0.04000 0.04500
v -1.0180001 0.5232743 1.2291781 0.03500 0.04000 0.04500
v -1.0580001 0.3843637 1.6747842 0.03500 0.04000 0.04500
v -1.0180001 0.3880932 1.6539585 0.03500 0.04000 0.04500
v -1.0580001 0.3231775 1.6553125 0.03500 0.04000 0.04500
v -1.0180001 0.3321699 1.6361618 0.03500 0.04000 0.04500
v -1.0180001 0.5040463 1.6441255 0.03500 0.04000 0.04500
v -1.0180001 0.4861519 1.5945498 0.03500 0.04000 0.04500
v -1.0180001 0.4467173 1.6566752 0.03500 0.04000 0.04500
v -1.0180001 0.4467173 1.6566752 0.03500 0.04000 0.04500
v -1.0180001 0.4861519 1.5945498 0.03500 0.04000 0.04500
v -1.0180001 0.4087270 1.2086647 0.03500 0.04000 0.04500
v -1.0180001 0.3513977 1.2212144 0.03500 0.04000 0.04500
v -1.0180001 0.4131805 1.2611832 0.03500 0.04000 0.04500
v -1.0180001 0.3692919 1.2707901 0.03500 0.04000 0.04500
v -1.0180001 0.4131805 1.2611832 0.03500 0.04000 0.04500
v -1.0180001 0.3513977 1.2212144 0.03500 0.04000 0.04500
v 0.9879999 0.1832830 1.0815831 0.03500 0.04000 0.04500
v 1.0247700 0.1912893 1.0930825 0.03500 0.04000 0.04500
v 0.9879999 0.1007434 1.1568112 0.03500 0.04000 0.04500
v 1.0247700 0.1114534 1.1658467 0.03500 0.04000 0.04500
v 0.9879999 0.8301121 1.2874280 0.03500 0.04000 0.04500
v 0.9879999 0.8539921 1.3965229 0.03500 0.04000 0.04500
v 1.0247699 0.8169322 1.2921852 0.03500 0.04000 0.04500
v 1.0247699 0.8400307 1.3977073 0.03500 0.04000 0.04500
v 0.9879999 0.2458909 1.8199042 0.03500 0.04000 0.04500
v 1.0247699 0.2518469 1.8072215 0.03500 0.04000 0.04500
v 0.9879999 0.3523105 1.8537709 0.03500 0.04000 0.04500
v 1.0247699 0.3547805 1.8399783 0.03500 0.04000 0.04500
v 0.9879999 0.6095531 1.0454359 0.03500 0.04000 0.04500
v 0.9879999 0.7035808 1.1056915 0.03500 0.04000 0.04500
v 1.0247700 0.6035970 1.0581196 0.03500 0.04000 0.04500
v 1.0247700 0.6945454 1.1164014 0.03500 0.04000 0.04500
v 0.9879999 0.8488229 1.5080816 0.03500 0.04000 0.04500
v 0.7999999 0.8488229 1.5080816 0.03500 0.04000 0.04500
v 0.9879999 0.8149562 1.6145011 0.03500 0.04000 0.04500
v 0.7999999 0.8149562 1.6145011 0.03500 0.04000 0.04500
v 0.9879999 0.0066211 1.3572585 0.03500 0.04000 0.04500
v 0.7999999 0.0066211 1.3572585 0.03500 0.04000 0.04500
v 0.9879999 0.0404879 1.2508390 0.03500 0.04000 0.04500
v 0.7999999 0.0404879 1.2508390 0.03500 0.04000 0.04500
v 1.0399999 0.0837915 1.2711730 0.03500 0.04000 0.04500
v 1.0399999 0.1373091 1.1876600 0.03500 0.04000 0.04500
v 1.0579999 0.1476272 1.3011481 0.03500 0.04000 0.04500
v 1.0579999 0.1912117 1.2331360 0.03500 0.04000 0.04500
v 1.0399999 0.7181350 1.6776801 0.03500 0.04000 0.04500
v 1.0579999 0.6642323 1.6322041 0.03500 0.04000 0.04500
v 1.0399999 0.7716525 1.5941672 0.03500 0.04000 0.04500
v 1.0579999 0.7078168 1.5641921 0.03500 0.04000 0.04500
v 1.0579999 0.2397248 1.2740637 0.03500 0.04000 0.04500
v 1.0579999 0.2050794 1.3281255 0.03500 0.04000 0.04500
v 1.0579999 0.6157202 1.5912766 0.03500 0.04000 0.04500
v 1.0579999 0.6503646 1.5372146 0.03500 0.04000 0.04500
v 1.0579999 0.4710803 1.1905558 0.03500 0.04000 0.04500
v 1.0579999 0.5322667 1.2100275 0.03500 0.04000 0.04500
v 1.0179999 0.4673508 1.2113814 0.03500 0.04000 0.04500
v 1.0179999 0.5232743 1.2291782 0.03500 0.04000 0.04500
v 1.0579999 0.3843637 1.6747844 0.03500 0.04000 0.04500
v 1.0579999 0.3231775 1.6553127 0.03500 0.04000 0.04500
v 1.0179999 0.3880932 1.6539587 0.03500 0.04000 0.04500
v 1.0179999 0.3321699 1.6361620 0.03500 0.04000 0.04500
v 1.0179999 0.5040463 1.6441256 0.03500 0.04000 0.04500
v 1.0179999 0.4467173 1.6566753 0.03500 0.04000 0.04500
v 1.0179999 0.4861519 1.5945499 0.03500 0.04000 0.04500
v 1.0179999 0.4861519 1.5945499 0.03500 0.04000 0.04500
v 1.0179999 0.4467173 1.6566753 0.03500 0.04000 0.04500
v 1.0179999 0.4087270 1.2086648 0.03500 0.04000 0.04500
v 1.0179999 0.4131805 1.2611833 0.03500 0.04000 0.04500
v 1.0179999 0.3513977 1.2212145 0.03500 0.04000 0.04500
v 1.0179999 0.3692919 1.2707902 0.03500 0.04000 0.04500
v 1.0179999 0.3513977 1.2212145 0.03500 0.04000 0.04500
v 1.0179999 0.4131805 1.2611833 0.03500 0.04000 0.04500
v -1.0247701 0.1114534 1.1658465 0.03500 0.04000 0.04500
v -1.0247701 0.1912893 1.0930824 0.03500 0.04000 0.04500
v -1.0400000 0.2106181 1.1208444 0.03500 0.04000 0.04500
v -1.0247701 0.8169322 1.2921850 0.03500 0.04000 0.04500
v -1.0400000 0.7851134 1.3036700 0.03500 0.04000 0.04500
v -1.0247701 0.8400307 1.3977072 0.03500 0.04000 0.04500
v -1.0400000 0.8063231 1.4005652 0.03500 0.04000 0.04500
v -1.0247701 0.2518469 1.8072214 0.03500 0.04000 0.04500
v -1.0247701 0.3547805 1.8399782 0.03500 0.04000 0.04500
v -1.0400001 0.2662249 1.7766004 0.03500 0.04000 0.04500
v -1.0400001 0.3607436 1.8066800 0.03500 0.04000 0.04500
v -1.0247701 0.6945454 1.1164013 0.03500 0.04000 0.04500
v -1.0247701 0.6035970 1.0581195 0.03500 0.04000 0.04500
v -1.0400000 0.6727320 1.1422570 0.03500 0.04000 0.04500
v -1.0400000 0.5892191 1.0887395 0.03500 0.04000 0.04500
v -0.9880001 0.7547006 1.7085287 0.03500 0.04000 0.04500
v -0.8000001 0.7547006 1.7085288 0.03500 0.04000 0.04500
v -0.8000001 0.1007434 1.1568111 0.03500 0.04000 0.04500
v -1.0400000 0.0537120 1.3656915 0.03500 0.04000 0.04500
v -1.0580001 0.1231306 1.3781231 0.03500 0.04000 0.04500
v -1.0400001 0.8017320 1.4996484 0.03500 0.04000 0.04500
v -1.0580001 0.7323134 1.4872167 0.03500 0.04000 0.04500
v -1.0580001 0.1856077 1.3893116 0.03500 0.04000 0.04500
v -1.0580001 0.6698363 1.4760282 0.03500 0.04000 0.04500
v -1.0580000 0.4069393 1.1875835 0.03500 0.04000 0.04500
v -1.0180001 0.4087270 1.2086647 0.03500 0.04000 0.04500
v -1.0580001 0.4485049 1.6777564 0.03500 0.04000 0.04500
v -1.0180001 0.4467173 1.6566752 0.03500 0.04000 0.04500
v -1.0180001 0.5040463 1.6441255 0.03500 0.04000 0.04500
v -1.0180001 0.5561749 1.6171664 0.03500 0.04000 0.04500
v -1.0180001 0.4861519 1.5945498 0.03500 0.04000 0.04500
v -1.0180001 0.5260584 1.5739102 0.03500 0.04000 0.04500
v -1.0180001 0.2992691 1.2481735 0.03500 0.04000 0.04500
v -1.0180001 0.3293856 1.2914297 0.03500 0.04000 0.04500
v -1.0180001 0.3513977 1.2212144 0.03500 0.04000 0.04500
v -1.0180001 0.3692919 1.2707901 0.03500 0.04000 0.04500
v -1.0180001 0.3513977 1.2212144 0.03500 0.04000 0.04500
v -1.0180001 0.3293856 1.2914297 0.03500 0.04000 0.04500
v 1.0247700 0.1114534 1.1658467 0.03500 0.04000 0.04500
v 1.0247700 0.1912893 1.0930825 0.03500 0.04000 0.04500
v 1.0399999 0.2106181 1.1208445 0.03500 0.04000 0.04500
v 1.0247699 0.8169322 1.2921852 0.03500 0.04000 0.04500
v 1.0247699 0.8400307 1.3977073 0.03500 0.04000 0.04500
v 1.0399999 0.7851134 1.3036701 0.03500 0.04000 0.04500
v 1.0399999 0.8063231 1.4005653 0.03500 0.04000 0.04500
v 1.0247699 0.2518469 1.8072215 0.03500 0.04000 0.04500
v 1.0399999 0.2662249 1.7766005 0.03500 0.04000 0.04500
v 1.0247699 0.3547805 1.8399783 0.03500 0.04000 0.04500
v 1.0399999 0.3607436 1.8066801 0.03500 0.04000 0.04500
v 1.0247700 0.6945454 1.1164014 0.03500 0.04000 0.04500
v 1.0399999 0.6727320 1.1422571 0.03500 0.04000 0.04500
v 1.0247700 0.6035970 1.0581196 0.03500 0.04000 0.04500
v 1.0399999 0.5892191 1.0887396 0.03500 0.04000 0.04500
v 0.9879999 0.7547006 1.7085289 0.03500 0.04000 0.04500
v 0.7999999 0.7547006 1.7085289 0.03500 0.04000 0.04500
v 0.7999999 0.1007434 1.1568112 0.03500 0.04000 0.04500
v 1.0399999 0.0537120 1.3656916 0.03500 0.04000 0.04500
v 1.0579999 0.1231306 1.3781232 0.03500 0.04000 0.04500
v 1.0399999 0.8017320 1.4996485 0.03500 0.04000 0.04500
v 1.0579999 0.7323134 1.4872169 0.03500 0.04000 0.04500
v 1.0579999 0.1856077 1.3893118 0.03500 0.04000 0.04500
v 1.0579999 0.6698363 1.4760284 0.03500 0.04000 0.04500
v 1.0579999 0.4069393 1.1875836 0.03500 0.04000 0.04500
v 1.0179999 0.4087270 1.2086648 0.03500 0.04000 0.04500
v 1.0579999 0.4485049 1.6777565 0.03500 0.04000 0.04500
v 1.0179999 0.4467173 1.6566753 0.03500 0.04000 0.04500
v 1.0179999 0.5040463 1.6441256 0.03500 0.04000 0.04500
v 1.0179999 0.4861519 1.5945499 0.03500 0.04000 0.04500
v 1.0179999 0.5561749 1.6171665 0.03500 0.04000 0.04500
v 1.0179999 0.5260584 1.5739103 0.03500 0.04000 0.04500
v 1.0179999 0.2992691 1.2481736 0.03500 0.04000 0.04500
v 1.0179999 0.3513977 1.2212145 0.03500 0.04000 0.04500
v 1.0179999 0.3293856 1.2914298 0.03500 0.04000 0.04500
v 1.0179999 0.3692919 1.2707902 0.03500 0.04000 0.04500
v 1.0179999 0.3293856 1.2914298 0.03500 0.04000 0.04500
v 1.0179999 0.3513977 1.2212145 0.03500 0.04000 0.04500
v -0.9880000 0.7788090 1.1882309 0.03500 0.04000 0.04500
v -1.0247701 0.7673096 1.1962372 0.03500 0.04000 0.04500
v -0.9880000 0.2824800 1.0302798 0.03500 0.04000 0.04500
v -1.0247701 0.2872371 1.0434598 0.03500 0.04000 0.04500
v -1.0247701 0.8350303 1.5056115 0.03500 0.04000 0.04500
v -0.9880001 0.1518632 1.7596485 0.03500 0.04000 0.04500
v -1.0247701 0.1608986 1.7489386 0.03500 0.04000 0.04500
v -0.9880001 0.5729641 1.8350601 0.03500 0.04000 0.04500
v -0.9880001 0.4638692 1.8589401 0.03500 0.04000 0.04500
v -0.8000001 0.5729641 1.8350601 0.03500 0.04000 0.04500
v -0.8000001 0.4638692 1.8589401 0.03500 0.04000 0.04500
v -0.9880000 0.3915748 1.0063998 0.03500 0.04000 0.04500
v -0.8000001 0.2824800 1.0302798 0.03500 0.04000 0.04500
v -0.8000001 0.3915748 1.0063998 0.03500 0.04000 0.04500
v -1.0400001 0.1158964 1.6497738 0.03500 0.04000 0.04500
v -1.0580001 0.1737730 1.6094781 0.03500 0.04000 0.04500
v -1.0400001 0.0703306 1.5616699 0.03500 0.04000 0.04500
v -1.0580001 0.1366651 1.5377263 0.03500 0.04000 0.04500
v -1.0400000 0.7395476 1.2155661 0.03500 0.04000 0.04500
v -1.0580000 0.6816710 1.2558617 0.03500 0.04000 0.04500
v -1.0580000 0.7187789 1.3276136 0.03500 0.04000 0.04500
v -1.0580001 0.1963665 1.5161778 0.03500 0.04000 0.04500
v -1.0580001 0.2258627 1.5732115 0.03500 0.04000 0.04500
v -1.0580000 0.6295813 1.2921284 0.03500 0.04000 0.04500
v -1.0580000 0.6590785 1.3491622 0.03500 0.04000 0.04500
v -1.0580000 0.2871805 1.2308106 0.03500 0.04000 0.04500
v -1.0580000 0.2397248 1.2740635 0.03500 0.04000 0.04500
v -1.0180001 0.2992691 1.2481735 0.03500 0.04000 0.04500
v -1.0180001 0.2558951 1.2877066 0.03500 0.04000 0.04500
v -1.0580001 0.6157202 1.5912765 0.03500 0.04000 0.04500
v -1.0180001 0.5995490 1.5776332 0.03500 0.04000 0.04500
v -1.0580001 0.5682635 1.6345293 0.03500 0.04000 0.04500
v -1.0180001 0.5561749 1.6171664 0.03500 0.04000 0.04500
v -1.0180001 0.6312139 1.5282220 0.03500 0.04000 0.04500
v -1.0180001 0.6490106 1.4722987 0.03500 0.04000 0.04500
v -1.0180001 0.5835048 1.5058195 0.03500 0.04000 0.04500
v -1.0180001 0.5971290 1.4630077 0.03500 0.04000 0.04500
v -1.0180001 0.2242301 1.3371180 0.03500 0.04000 0.04500
v -1.0180001 0.2064334 1.3930411 0.03500 0.04000 0.04500
v -1.0180001 0.2719392 1.3595203 0.03500 0.04000 0.04500
v -1.0180001 0.2583150 1.4023322 0.03500 0.04000 0.04500
v 0.9879999 0.7788090 1.1882310 0.03500 0.04000 0.04500
v 1.0247700 0.7673096 1.1962373 0.03500 0.04000 0.04500
v 0.9879999 0.2824800 1.0302799 0.03500 0.04000 0.04500
v 1.0247700 0.2872371 1.0434599 0.03500 0.04000 0.04500
v 1.0247699 0.8350303 1.5056116 0.03500 0.04000 0.04500
v 0.9879999 0.1518632 1.7596486 0.03500 0.04000 0.04500
v 1.0247699 0.1608986 1.7489387 0.03500 0.04000 0.04500
v 0.9879999 0.5729641 1.8350602 0.03500 0.04000 0.04500
v 0.7999999 0.5729641 1.8350602 0.03500 0.04000 0.04500
v 0.9879999 0.4638692 1.8589402 0.03500 0.04000 0.04500
v 0.7999999 0.4638692 1.8589402 0.03500 0.04000 0.04500
v 0.8000000 0.2824800 1.0302799 0.03500 0.04000 0.04500
v 0.9879999 0.3915748 1.0063999 0.03500 0.04000 0.04500
v 0.8000000 0.3915748 1.0063999 0.03500 0.04000 0.04500
v 1.0399999 0.1158964 1.6497739 0.03500 0.04000 0.04500
v 1.0399999 0.0703306 1.5616700 0.03500 0.04000 0.04500
v 1.0579999 0.1737730 1.6094783 0.03500 0.04000 0.04500
v 1.0579999 0.1366651 1.5377264 0.03500 0.04000 0.04500
v 1.0399999 0.7395476 1.2155662 0.03500 0.04000 0.04500
v 1.0579999 0.6816710 1.2558619 0.03500 0.04000 0.04500
v 1.0579999 0.7187789 1.3276137 0.03500 0.04000 0.04500
v 1.0579999 0.1963665 1.5161780 0.03500 0.04000 0.04500
v 1.0579999 0.2258627 1.5732116 0.03500 0.04000 0.04500
v 1.0579999 0.6295813 1.2921285 0.03500 0.04000 0.04500
v 1.0579999 0.6590785 1.3491623 0.03500 0.04000 0.04500
v 1.0579999 0.2871805 1.2308107 0.03500 0.04000 0.04500
v 1.0179999 0.2992691 1.2481736 0.03500 0.04000 0.04500
v 1.0579999 0.2397248 1.2740637 0.03500 0.04000 0.04500
v 1.0179999 0.2558951 1.2877068 0.03500 0.04000 0.04500
v 1.0579999 0.6157202 1.5912766 0.03500 0.04000 0.04500
v 1.0579999 0.5682635 1.6345294 0.03500 0.04000 0.04500
v 1.0179999 0.5995490 1.5776333 0.03500 0.04000 0.04500
v 1.0179999 0.5561749 1.6171665 0.03500 0.04000 0.04500
v 1.0179999 0.6312139 1.5282221 0.03500 0.04000 0.04500
v 1.0179999 0.5835048 1.5058197 0.03500 0.04000 0.04500
v 1.0179999 0.6490106 1.4722988 0.03500 0.04000 0.04500
v 1.0179999 0.5971290 1.4630078 0.03500 0.04000 0.04500
v 1.0179999 0.2242301 1.3371181 0.03500 0.04000 0.04500
v 1.0179999 0.2719392 1.3595204 0.03500 0.04000 0.04500
v 1.0179999 0.2064334 1.3930413 0.03500 0.04000 0.04500
v 1.0179999 0.2583150 1.4023323 0.03500 0.04000 0.04500
v -0.9880001 0.0766350 1.6771090 0.03500 0.04000 0.04500
v -1.0247701 0.0881345 1.6691027 0.03500 0.04000 0.04500
v -0.9880001 0.0253319 1.5779120 0.03500 0.04000 0.04500
v -1.0247701 0.0385118 1.5731548 0.03500 0.04000 0.04500
v -1.0247701 0.5682069 1.8218801 0.03500 0.04000 0.04500
v -1.0247701 0.4626847 1.8449786 0.03500 0.04000 0.04500
v -1.0247701 0.3927591 1.0203622 0.03500 0.04000 0.04500
v -0.9880000 0.5031336 1.0115691 0.03500 0.04000 0.04500
v -1.0247701 0.5006636 1.0253617 0.03500 0.04000 0.04500
v -1.0247701 0.8022734 1.6085451 0.03500 0.04000 0.04500
v -1.0247701 0.7439906 1.6994933 0.03500 0.04000 0.04500
v -0.9880001 0.6721610 1.7837569 0.03500 0.04000 0.04500
v -0.8000001 0.6721610 1.7837569 0.03500 0.04000 0.04500
v -0.8000001 0.1832830 1.0815830 0.03500 0.04000 0.04500
v -1.0400000 0.0491209 1.4647747 0.03500 0.04000 0.04500
v -1.0580001 0.1193918 1.4588157 0.03500 0.04000 0.04500
v -1.0580001 0.7360522 1.4065242 0.03500 0.04000 0.04500
v -1.0580001 0.1826356 1.4534526 0.03500 0.04000 0.04500
v -1.0580001 0.6728085 1.4118872 0.03500 0.04000 0.04500
v -1.0580000 0.3442141 1.2013145 0.03500 0.04000 0.04500
v -1.0180001 0.3513977 1.2212144 0.03500 0.04000 0.04500
v -1.0580001 0.5112297 1.6640264 0.03500 0.04000 0.04500
v -1.0180001 0.5040463 1.6441255 0.03500 0.04000 0.04500
v -1.0180001 0.5561749 1.6171664 0.03500 0.04000 0.04500
v -1.0180001 0.5995490 1.5776332 0.03500 0.04000 0.04500
v -1.0180001 0.5260584 1.5739102 0.03500 0.04000 0.04500
v -1.0180001 0.5592642 1.5436466 0.03500 0.04000 0.04500
v -1.0180001 0.5260584 1.5739102 0.03500 0.04000 0.04500
v -1.0180001 0.5995490 1.5776332 0.03500 0.04000 0.04500
v -1.0180001 0.2992691 1.2481735 0.03500 0.04000 0.04500
v -1.0180001 0.2558951 1.2877066 0.03500 0.04000 0.04500
v -1.0180001 0.3293856 1.2914297 0.03500 0.04000 0.04500
v -1.0180001 0.2961798 1.3216933 0.03500 0.04000 0.04500
v -1.0180001 0.3293856 1.2914297 0.03500 0.04000 0.04500
v -1.0180001 0.2558951 1.2877066 0.03500 0.04000 0.04500
v 0.9879999 0.0766350 1.6771091 0.03500 0.04000 0.04500
v 0.9879999 0.0253319 1.5779121 0.03500 0.04000 0.04500
v 1.0247699 0.0881345 1.6691028 0.03500 0.04000 0.04500
v 1.0247699 0.0385118 1.5731549 0.03500 0.04000 0.04500
v 1.0247699 0.5682069 1.8218802 0.03500 0.04000 0.04500
v 1.0247699 0.4626847 1.8449787 0.03500 0.04000 0.04500
v 0.9879999 0.5031336 1.0115692 0.03500 0.04000 0.04500
v 1.0247700 0.3927591 1.0203623 0.03500 0.04000 0.04500
v 1.0247700 0.5006636 1.0253618 0.03500 0.04000 0.04500
v 1.0247699 0.8022734 1.6085452 0.03500 0.04000 0.04500
v 1.0247699 0.7439906 1.6994934 0.03500 0.04000 0.04500
v 0.9879999 0.6721610 1.7837570 0.03500 0.04000 0.04500
v 0.7999999 0.6721610 1.7837570 0.03500 0.04000 0.04500
v 0.7999999 0.1832830 1.0815831 0.03500 0.04000 0.04500
v 1.0399999 0.0491209 1.4647748 0.03500 0.04000 0.04500
v 1.0579999 0.1193918 1.4588158 0.03500 0.04000 0.04500
v 1.0579999 0.7360522 1.4065243 0.03500 0.04000 0.04500
v 1.0579999 0.1826356 1.4534528 0.03500 0.04000 0.04500
v 1.0579999 0.6728085 1.4118874 0.03500 0.04000 0.04500
v 1.0579999 0.3442141 1.2013146 0.03500 0.04000 0.04500
v 1.0179999 0.3513977 1.2212145 0.03500 0.04000 0.04500
v 1.0579999 0.5112297 1.6640265 0.03500 0.04000 0.04500
v 1.0179999 0.5040463 1.6441256 0.03500 0.04000 0.04500
v 1.0179999 0.5561749 1.6171665 0.03500 0.04000 0.04500
v 1.0179999 0.5260584 1.5739103 0.03500 0.04000 0.04500
v 1.0179999 0.5995490 1.5776333 0.03500 0.04000 0.04500
v 1.0179999 0.5592642 1.5436467 0.03500 0.04000 0.04500
v 1.0179999 0.5995490 1.5776333 0.03500 0.04000 0.04500
v 1.0179999 0.5260584 1.5739103 0.03500 0.04000 0.04500
v 1.0179999 0.2992691 1.2481736 0.03500 0.04000 0.04500
v 1.0179999 0.3293856 1.2914298 0.03500 0.04000 0.04500
v 1.0179999 0.2558951 1.2877068 0.03500 0.04000 0.04500
v 1.0179999 0.2961798 1.3216934 0.03500 0.04000 0.04500
v 1.0179999 0.2558951 1.2877068 0.03500 0.04000 0.04500
v 1.0179999 0.3293856 1.2914298 0.03500 0.04000 0.04500
v -1.0247701 0.0385118 1.5731548 0.03500 0.04000 0.04500
v -1.0247701 0.0881345 1.6691027 0.03500 0.04000 0.04500
v -1.0247701 0.4626847 1.8449786 0.03500 0.04000 0.04500
v -1.0247701 0.5682069 1.8218801 0.03500 0.04000 0.04500
v -1.0400001 0.4598268 1.8112710 0.03500 0.04000 0.04500
v -1.0400001 0.5567220 1.7900613 0.03500 0.04000 0.04500
v -1.0247701 0.5006636 1.0253617 0.03500 0.04000 0.04500
v -1.0247701 0.3927591 1.0203622 0.03500 0.04000 0.04500
v -1.0400000 0.4947004 1.0586599 0.03500 0.04000 0.04500
v -1.0400000 0.3956172 1.0540689 0.03500 0.04000 0.04500
v -1.0247701 0.7439906 1.6994933 0.03500 0.04000 0.04500
v -1.0247701 0.8022734 1.6085451 0.03500 0.04000 0.04500
v -1.0180001 0.5995490 1.5776332 0.03500 0.04000 0.04500
v -1.0180001 0.5592642 1.5436466 0.03500 0.04000 0.04500
v -1.0180001 0.5995490 1.5776332 0.03500 0.04000 0.04500
v -1.0180001 0.5835048 1.5058195 0.03500 0.04000 0.04500
v -1.0180001 0.2558951 1.2877066 0.03500 0.04000 0.04500
v -1.0180001 0.2961798 1.3216933 0.03500 0.04000 0.04500
v -1.0180001 0.2558951 1.2877066 0.03500 0.04000 0.04500
v -1.0180001 0.2719392 1.3595203 0.03500 0.04000 0.04500
v 1.0247699 0.0385118 1.5731549 0.03500 0.04000 0.04500
v 1.0247699 0.0881345 1.6691028 0.03500 0.04000 0.04500
v 1.0247699 0.4626847 1.8449787 0.03500 0.04000 0.04500
v 1.0399999 0.4598268 1.8112711 0.03500 0.04000 0.04500
v 1.0247699 0.5682069 1.8218802 0.03500 0.04000 0.04500
v 1.0399999 0.5567220 1.7900614 0.03500 0.04000 0.04500
v 1.0247700 0.5006636 1.0253618 0.03500 0.04000 0.04500
v 1.0399999 0.4947004 1.0586600 0.03500 0.04000 0.04500
v 1.0247700 0.3927591 1.0203623 0.03500 0.04000 0.04500
v 1.0399999 0.3956172 1.0540690 0.03500 0.04000 0.04500
v 1.0247699 0.7439906 1.6994934 0.03500 0.04000 0.04500
v 1.0247699 0.8022734 1.6085452 0.03500 0.04000 0.04500
v 1.0179999 0.5995490 1.5776333 0.03500 0.04000 0.04500
v 1.0179999 0.5592642 1.5436467 0.03500 0.04000 0.04500
v 1.0179999 0.5835048 1.5058197 0.03500 0.04000 0.04500
v 1.0179999 0.5995490 1.5776333 0.03500 0.04000 0.04500
v 1.0179999 0.2558951 1.2877068 0.03500 0.04000 0.04500
v 1.0179999 0.2961798 1.3216934 0.03500 0.04000 0.04500
v 1.0179999 0.2719392 1.3595204 0.03500 0.04000 0.04500
v 1.0179999 0.2558951 1.2877068 0.03500 0.04000 0.04500
v -1.0247701 0.7673096 1.1962372 0.03500 0.04000 0.04500
v -1.0247701 0.2872371 1.0434598 0.03500 0.04000 0.04500
v -1.0400000 0.2987220 1.0752785 0.03500 0.04000 0.04500
v -1.0247701 0.8350303 1.5056115 0.03500 0.04000 0.04500
v -1.0247701 0.1608986 1.7489386 0.03500 0.04000 0.04500
v -1.0400001 0.1827120 1.7230829 0.03500 0.04000 0.04500
v -0.8000001 0.3523105 1.8537708 0.03500 0.04000 0.04500
v -0.8000001 0.5031336 1.0115691 0.03500 0.04000 0.04500
v -1.0580001 0.2281879 1.6691802 0.03500 0.04000 0.04500
v -1.0580000 0.6272561 1.1961597 0.03500 0.04000 0.04500
v -1.0580001 0.2691154 1.6206681 0.03500 0.04000 0.04500
v -1.0580000 0.5863286 1.2446718 0.03500 0.04000 0.04500
v -1.0580000 0.2050794 1.3281254 0.03500 0.04000 0.04500
v -1.0180001 0.2242301 1.3371180 0.03500 0.04000 0.04500
v -1.0580001 0.6503646 1.5372145 0.03500 0.04000 0.04500
v -1.0180001 0.6312139 1.5282220 0.03500 0.04000 0.04500
v -1.0180001 0.6517272 1.4136750 0.03500 0.04000 0.04500
v -1.0180001 0.5992087 1.4181285 0.03500 0.04000 0.04500
v -1.0180001 0.6490106 1.4722987 0.03500 0.04000 0.04500
v -1.0180001 0.5971290 1.4630077 0.03500 0.04000 0.04500
v -1.0180001 0.6490106 1.4722987 0.03500 0.04000 0.04500
v -1.0180001 0.5992087 1.4181285 0.03500 0.04000 0.04500
v -1.0180001 0.2037168 1.4516650 0.03500 0.04000 0.04500
v -1.0180001 0.2562353 1.4472115 0.03500 0.04000 0.04500
v 1.0247700 0.7673096 1.1962373 0.03500 0.04000 0.04500
v 1.0247700 0.2872371 1.0434599 0.03500 0.04000 0.04500
v 1.0399999 0.2987220 1.0752787 0.03500 0.04000 0.04500
v 1.0247699 0.8350303 1.5056116 0.03500 0.04000 0.04500
v 1.0247699 0.1608986 1.7489387 0.03500 0.04000 0.04500
v 1.0399999 0.1827120 1.7230830 0.03500 0.04000 0.04500
v 0.7999999 0.3523105 1.8537709 0.03500 0.04000 0.04500
v 0.8000000 0.5031336 1.0115692 0.03500 0.04000 0.04500
v 1.0579999 0.2281879 1.6691803 0.03500 0.04000 0.04500
v 1.0579999 0.6272561 1.1961598 0.03500 0.04000 0.04500
v 1.0579999 0.2691154 1.6206682 0.03500 0.04000 0.04500
v 1.0579999 0.5863286 1.2446719 0.03500 0.04000 0.04500
v 1.0579999 0.2050794 1.3281255 0.03500 0.04000 0.04500
v 1.0179999 0.2242301 1.3371181 0.03500 0.04000 0.04500
v 1.0579999 0.6503646 1.5372146 0.03500 0.04000 0.04500
v 1.0179999 0.6312139 1.5282221 0.03500 0.04000 0.04500
v 1.0179999 0.6517272 1.4136751 0.03500 0.04000 0.04500
v 1.0179999 0.6490106 1.4722988 0.03500 0.04000 0.04500
v 1.0179999 0.5992087 1.4181286 0.03500 0.04000 0.04500
v 1.0179999 0.5971290 1.4630078 0.03500 0.04000 0.04500
v 1.0179999 0.5992087 1.4181286 0.03500 0.04000 0.04500
v 1.0179999 0.6490106 1.4722988 0.03500 0.04000 0.04500
v 1.0179999 0.2037168 1.4516651 0.03500 0.04000 0.04500
v 1.0179999 0.2562353 1.4472116 0.03500 0.04000 0.04500
v -1.0247701 0.6641547 1.7722575 0.03500 0.04000 0.04500
v -0.9880001 0.0014519 1.4688171 0.03500 0.04000 0.04500
v -1.0247701 0.0154133 1.4676327 0.03500 0.04000 0.04500
v -0.8000001 0.2458909 1.8199041 0.03500 0.04000 0.04500
v -0.8000001 0.6095531 1.0454358 0.03500 0.04000 0.04500
v -1.0580001 0.2962000 1.7127647 0.03500 0.04000 0.04500
v -1.0580000 0.5592441 1.1525752 0.03500 0.04000 0.04500
v -1.0580001 0.3231775 1.6553125 0.03500 0.04000 0.04500
v -1.0580000 0.5322667 1.2100274 0.03500 0.04000 0.04500
v -1.0580001 0.1856077 1.3893116 0.03500 0.04000 0.04500
v -1.0180001 0.2064334 1.3930411 0.03500 0.04000 0.04500
v -1.0580001 0.6698363 1.4760282 0.03500 0.04000 0.04500
v -1.0180001 0.6490106 1.4722987 0.03500 0.04000 0.04500
v -1.0180001 0.6391776 1.3563456 0.03500 0.04000 0.04500
v -1.0180001 0.5896019 1.3742398 0.03500 0.04000 0.04500
v -1.0180001 0.5992087 1.4181285 0.03500 0.04000 0.04500
v -1.0180001 0.6391776 1.3563456 0.03500 0.04000 0.04500
v -1.0180001 0.2162664 1.5089943 0.03500 0.04000 0.04500
v -1.0180001 0.2658421 1.4911000 0.03500 0.04000 0.04500
v -1.0180001 0.2562353 1.4472115 0.03500 0.04000 0.04500
v -1.0180001 0.2162664 1.5089943 0.03500 0.04000 0.04500
v 1.0247699 0.6641547 1.7722576 0.03500 0.04000 0.04500
v 0.9879999 0.0014519 1.4688172 0.03500 0.04000 0.04500
v 1.0247699 0.0154133 1.4676328 0.03500 0.04000 0.04500
v 0.7999999 0.2458909 1.8199042 0.03500 0.04000 0.04500
v 0.7999999 0.6095531 1.0454359 0.03500 0.04000 0.04500
v 1.0579999 0.2962000 1.7127648 0.03500 0.04000 0.04500
v 1.0579999 0.5592441 1.1525753 0.03500 0.04000 0.04500
v 1.0579999 0.3231775 1.6553127 0.03500 0.04000 0.04500
v 1.0579999 0.5322667 1.2100275 0.03500 0.04000 0.04500
v 1.0579999 0.1856077 1.3893118 0.03500 0.04000 0.04500
v 1.0179999 0.2064334 1.3930413 0.03500 0.04000 0.04500
v 1.0579999 0.6698363 1.4760284 0.03500 0.04000 0.04500
v 1.0179999 0.6490106 1.4722988 0.03500 0.04000 0.04500
v 1.0179999 0.6391776 1.3563457 0.03500 0.04000 0.04500
v 1.0179999 0.5896019 1.3742400 0.03500 0.04000 0.04500
v 1.0179999 0.6391776 1.3563457 0.03500 0.04000 0.04500
v 1.0179999 0.5992087 1.4181286 0.03500 0.04000 0.04500
v 1.0179999 0.2162664 1.5089944 0.03500 0.04000 0.04500
v 1.0179999 0.2658421 1.4911001 0.03500 0.04000 0.04500
v 1.0179999 0.2162664 1.5089944 0.03500 0.04000 0.04500
v 1.0179999 0.2562353 1.4472116 0.03500 0.04000 0.04500
v -1.0247701 0.6641547 1.7722575 0.03500 0.04000 0.04500
v -1.0400001 0.6448259 1.7444955 0.03500 0.04000 0.04500
v -1.0247701 0.0154133 1.4676327 0.03500 0.04000 0.04500
v -0.8000001 0.1518632 1.7596485 0.03500 0.04000 0.04500
v -0.8000001 0.7035808 1.1056914 0.03500 0.04000 0.04500
v -1.0580001 0.3731752 1.7372613 0.03500 0.04000 0.04500
v -1.0580000 0.4822688 1.1280786 0.03500 0.04000 0.04500
v -1.0580001 0.3843637 1.6747842 0.03500 0.04000 0.04500
v -1.0580000 0.4710803 1.1905556 0.03500 0.04000 0.04500
v -1.0580001 0.1826356 1.4534526 0.03500 0.04000 0.04500
v -1.0180001 0.2037168 1.4516650 0.03500 0.04000 0.04500
v -1.0580001 0.6728085 1.4118872 0.03500 0.04000 0.04500
v -1.0180001 0.6517272 1.4136750 0.03500 0.04000 0.04500
v -1.0180001 0.6122185 1.3042170 0.03500 0.04000 0.04500
v -1.0180001 0.5689623 1.3343335 0.03500 0.04000 0.04500
v -1.0180001 0.6391776 1.3563456 0.03500 0.04000 0.04500
v -1.0180001 0.5896019 1.3742398 0.03500 0.04000 0.04500
v -1.0180001 0.6391776 1.3563456 0.03500 0.04000 0.04500
v -1.0180001 0.5689623 1.3343335 0.03500 0.04000 0.04500
v -1.0180001 0.2432255 1.5611228 0.03500 0.04000 0.04500
v -1.0180001 0.2864818 1.5310063 0.03500 0.04000 0.04500
v -1.0180001 0.2162664 1.5089943 0.03500 0.04000 0.04500
v -1.0180001 0.2658421 1.4911000 0.03500 0.04000 0.04500
v -1.0180001 0.2162664 1.5089943 0.03500 0.04000 0.04500
v -1.0180001 0.2864818 1.5310063 0.03500 0.04000 0.04500
v 1.0247699 0.6641547 1.7722576 0.03500 0.04000 0.04500
v 1.0399999 0.6448259 1.7444956 0.03500 0.04000 0.04500
v 1.0247699 0.0154133 1.4676328 0.03500 0.04000 0.04500
v 0.7999999 0.1518632 1.7596486 0.03500 0.04000 0.04500
v 0.7999999 0.7035808 1.1056915 0.03500 0.04000 0.04500
v 1.0579999 0.3731752 1.7372614 0.03500 0.04000 0.04500
v 1.0579999 0.4822688 1.1280787 0.03500 0.04000 0.04500
v 1.0579999 0.3843637 1.6747844 0.03500 0.04000 0.04500
v 1.0579999 0.4710803 1.1905558 0.03500 0.04000 0.04500
v 1.0579999 0.1826356 1.4534528 0.03500 0.04000 0.04500
v 1.0179999 0.2037168 1.4516651 0.03500 0.04000 0.04500
v 1.0579999 0.6728085 1.4118874 0.03500 0.04000 0.04500
v 1.0179999 0.6517272 1.4136751 0.03500 0.04000 0.04500
v 1.0179999 0.6122185 1.3042172 0.03500 0.04000 0.04500
v 1.0179999 0.6391776 1.3563457 0.03500 0.04000 0.04500
v 1.0179999 0.5689623 1.3343337 0.03500 0.04000 0.04500
v 1.0179999 0.5896019 1.3742400 0.03500 0.04000 0.04500
v 1.0179999 0.5689623 1.3343337 0.03500 0.04000 0.04500
v 1.0179999 0.6391776 1.3563457 0.03500 0.04000 0.04500
v 1.0179999 0.2432255 1.5611230 0.03500 0.04000 0.04500
v 1.0179999 0.2162664 1.5089944 0.03500 0.04000 0.04500
v 1.0179999 0.2864818 1.5310065 0.03500 0.04000 0.04500
v 1.0179999 0.2658421 1.4911001 0.03500 0.04000 0.04500
v 1.0179999 0.2864818 1.5310065 0.03500 0.04000 0.04500
v 1.0179999 0.2162664 1.5089944 0.03500 0.04000 0.04500
v -1.0247701 0.0531706 1.2567948 0.03500 0.04000 0.04500
v -1.0247701 0.0204137 1.3597284 0.03500 0.04000 0.04500
v -0.8000001 0.0766350 1.6771090 0.03500 0.04000 0.04500
v -0.8000001 0.7788090 1.1882309 0.03500 0.04000 0.04500
v -1.0580001 0.4538678 1.7410002 0.03500 0.04000 0.04500
v -1.0580000 0.4015763 1.1243397 0.03500 0.04000 0.04500
v -1.0580001 0.4485049 1.6777564 0.03500 0.04000 0.04500
v -1.0580000 0.4069393 1.1875835 0.03500 0.04000 0.04500
v -1.0580001 0.1963665 1.5161778 0.03500 0.04000 0.04500
v -1.0180001 0.2162664 1.5089943 0.03500 0.04000 0.04500
v -1.0580000 0.6590785 1.3491622 0.03500 0.04000 0.04500
v -1.0180001 0.6391776 1.3563456 0.03500 0.04000 0.04500
v -1.0180001 0.5726853 1.2608430 0.03500 0.04000 0.04500
v -1.0180001 0.5386986 1.3011277 0.03500 0.04000 0.04500
v -1.0180001 0.6122185 1.3042170 0.03500 0.04000 0.04500
v -1.0180001 0.5689623 1.3343335 0.03500 0.04000 0.04500
v -1.0180001 0.6122185 1.3042170 0.03500 0.04000 0.04500
v -1.0180001 0.5386986 1.3011277 0.03500 0.04000 0.04500
v -1.0180001 0.2827587 1.6044969 0.03500 0.04000 0.04500
v -1.0180001 0.3167455 1.5642122 0.03500 0.04000 0.04500
v -1.0180001 0.2432255 1.5611228 0.03500 0.04000 0.04500
v -1.0180001 0.2864818 1.5310063 0.03500 0.04000 0.04500
v 1.0247699 0.0531706 1.2567949 0.03500 0.04000 0.04500
v 1.0247699 0.0204137 1.3597285 0.03500 0.04000 0.04500
v 0.7999999 0.0766350 1.6771091 0.03500 0.04000 0.04500
v 0.7999999 0.7788090 1.1882310 0.03500 0.04000 0.04500
v 1.0579999 0.4538678 1.7410003 0.03500 0.04000 0.04500
v 1.0579999 0.4015763 1.1243399 0.03500 0.04000 0.04500
v 1.0579999 0.4485049 1.6777565 0.03500 0.04000 0.04500
v 1.0579999 0.4069393 1.1875836 0.03500 0.04000 0.04500
v 1.0579999 0.1963665 1.5161780 0.03500 0.04000 0.04500
v 1.0179999 0.2162664 1.5089944 0.03500 0.04000 0.04500
v 1.0579999 0.6590785 1.3491623 0.03500 0.04000 0.04500
v 1.0179999 0.6391776 1.3563457 0.03500 0.04000 0.04500
v 1.0179999 0.5726853 1.2608431 0.03500 0.04000 0.04500
v 1.0179999 0.6122185 1.3042172 0.03500 0.04000 0.04500
v 1.0179999 0.5386986 1.3011279 0.03500 0.04000 0.04500
v 1.0179999 0.5689623 1.3343337 0.03500 0.04000 0.04500
v 1.0179999 0.5386986 1.3011279 0.03500 0.04000 0.04500
v 1.0179999 0.6122185 1.3042172 0.03500 0.04000 0.04500
v 1.0179999 0.2827587 1.6044970 0.03500 0.04000 0.04500
v 1.0179999 0.2432255 1.5611230 0.03500 0.04000 0.04500
v 1.0179999 0.3167455 1.5642123 0.03500 0.04000 0.04500
v 1.0179999 0.2864818 1.5310065 0.03500 0.04000 0.04500
v -1.0247701 0.0531706 1.2567948 0.03500 0.04000 0.04500
v -1.0247701 0.0204137 1.3597284 0.03500 0.04000 0.04500
v -0.8000001 0.0253319 1.5779120 0.03500 0.04000 0.04500
v -0.8000001 0.8301121 1.2874279 0.03500 0.04000 0.04500
v -1.0580001 0.5327783 1.7237268 0.03500 0.04000 0.04500
v -1.0580000 0.3226657 1.1416130 0.03500 0.04000 0.04500
v -1.0580001 0.5112297 1.6640264 0.03500 0.04000 0.04500
v -1.0580000 0.3442141 1.2013145 0.03500 0.04000 0.04500
v -1.0580001 0.2258627 1.5732115 0.03500 0.04000 0.04500
v -1.0180001 0.2432255 1.5611228 0.03500 0.04000 0.04500
v -1.0580000 0.6295813 1.2921284 0.03500 0.04000 0.04500
v -1.0180001 0.6122185 1.3042170 0.03500 0.04000 0.04500
v -1.0180001 0.5232743 1.2291781 0.03500 0.04000 0.04500
v -1.0180001 0.5726853 1.2608430 0.03500 0.04000 0.04500
v -1.0180001 0.5386986 1.3011277 0.03500 0.04000 0.04500
v -1.0180001 0.5726853 1.2608430 0.03500 0.04000 0.04500
v -1.0180001 0.5008718 1.2768871 0.03500 0.04000 0.04500
v -1.0180001 0.3321699 1.6361618 0.03500 0.04000 0.04500
v 1.0247699 0.0531706 1.2567949 0.03500 0.04000 0.04500
v 1.0247699 0.0204137 1.3597285 0.03500 0.04000 0.04500
v 0.7999999 0.0253319 1.5779121 0.03500 0.04000 0.04500
v 0.7999999 0.8301121 1.2874280 0.03500 0.04000 0.04500
v 1.0579999 0.5327783 1.7237270 0.03500 0.04000 0.04500
v 1.0579999 0.3226657 1.1416132 0.03500 0.04000 0.04500
v 1.0579999 0.5112297 1.6640265 0.03500 0.04000 0.04500
v 1.0579999 0.3442141 1.2013146 0.03500 0.04000 0.04500
v 1.0579999 0.2258627 1.5732116 0.03500 0.04000 0.04500
v 1.0179999 0.2432255 1.5611230 0.03500 0.04000 0.04500
v 1.0579999 0.6295813 1.2921285 0.03500 0.04000 0.04500
v 1.0179999 0.6122185 1.3042172 0.03500 0.04000 0.04500
v 1.0179999 0.5232743 1.2291782 0.03500 0.04000 0.04500
v 1.0179999 0.5726853 1.2608431 0.03500 0.04000 0.04500
v 1.0179999 0.5386986 1.3011279 0.03500 0.04000 0.04500
v 1.0179999 0.5008718 1.2768873 0.03500 0.04000 0.04500
v 1.0179999 0.5726853 1.2608431 0.03500 0.04000 0.04500
v 1.0179999 0.3321699 1.6361620 0.03500 0.04000 0.04500
v -0.9880001 0.0066211 1.3572584 0.03500 0.04000 0.04500
v -1.0247701 0.0204137 1.3597284 0.03500 0.04000 0.04500
v -0.8000001 0.0014519 1.4688171 0.03500 0.04000 0.04500
v -0.8000001 0.8539921 1.3965228 0.03500 0.04000 0.04500
v -1.0580001 0.6045302 1.6866190 0.03500 0.04000 0.04500
v -1.0580000 0.2509138 1.1787209 0.03500 0.04000 0.04500
v -1.0580001 0.5682635 1.6345293 0.03500 0.04000 0.04500
v -1.0580000 0.2871805 1.2308106 0.03500 0.04000 0.04500
v -1.0580001 0.2691154 1.6206681 0.03500 0.04000 0.04500
v -1.0180001 0.2827587 1.6044969 0.03500 0.04000 0.04500
v -1.0580000 0.5863286 1.2446718 0.03500 0.04000 0.04500
v -1.0180001 0.5726853 1.2608430 0.03500 0.04000 0.04500
v -1.0180001 0.4673508 1.2113813 0.03500 0.04000 0.04500
v -1.0180001 0.3880932 1.6539585 0.03500 0.04000 0.04500
v 0.9879999 0.0066211 1.3572585 0.03500 0.04000 0.04500
v 1.0247699 0.0204137 1.3597285 0.03500 0.04000 0.04500
v 0.7999999 0.0014519 1.4688172 0.03500 0.04000 0.04500
v 0.7999999 0.8539921 1.3965229 0.03500 0.04000 0.04500
v 1.0579999 0.6045302 1.6866191 0.03500 0.04000 0.04500
v 1.0579999 0.2509138 1.1787210 0.03500 0.04000 0.04500
v 1.0579999 0.5682635 1.6345294 0.03500 0.04000 0.04500
v 1.0579999 0.2871805 1.2308107 0.03500 0.04000 0.04500
v 1.0579999 0.2691154 1.6206682 0.03500 0.04000 0.04500
v 1.0179999 0.2827587 1.6044970 0.03500 0.04000 0.04500
v 1.0579999 0.5863286 1.2446719 0.03500 0.04000 0.04500
v 1.0179999 0.5726853 1.2608431 0.03500 0.04000 0.04500
v 1.0179999 0.4673508 1.2113814 0.03500 0.04000 0.04500
v 1.0179999 0.3880932 1.6539587 0.03500 0.04000 0.04500
v -0.8000001 0.0066211 1.3572584 0.03500 0.04000 0.04500
v -1.0180001 0.4087270 1.2086647 0.03500 0.04000 0.04500
v 0.7999999 0.0066211 1.3572585 0.03500 0.04000 0.04500
v 1.0179999 0.4087270 1.2086648 0.03500 0.04000 0.04500
vn -1.0000000 0.0000000 -0.0000001
vn -1.0000000 0.0000000 -0.0000001
vn -1.0000000 0.0000000 -0.0000001
vn -1.0000000 0.0000000 -0.0000001
vn -1.0000000 0.0000000 -0.0000001
vn -1.0000000 0.0000000 -0.0000001
vn -1.0000000 -0.0000000 -0.0000001
vn -1.0000000 -0.0000000 -0.0000001
vn -1.0000000 0.0000000 -0.0000001
vn -1.0000000 0.0000000 -0.0000001
vn -1.0000000 0.0000000 -0.0000001
vn -1.0000000 0.0000000 -0.0000001
vn -1.0000000 -0.0000000 -0.0000001
vn -1.0000000 -0.0000000 -0.0000001
vn -1.0000000 -0.0000000 -0.0000001
vn -1.0000000 -0.0000000 -0.0000001
vn -1.0000000 0.0000000 -0.0000001
vn -1.0000000 0.0000000 -0.0000001
vn -1.0000000 0.0000000 -0.0000001
vn -1.0000000 0.0000000 -0.0000001
vn -1.0000000 0.0000000 -0.0000001
vn -1.0000000 0.0000000 -0.0000001
vn -1.0000000 0.0000000 -0.0000001
vn -1.0000000 0.0000000 -0.0000001
vn -1.0000000 -0.0000000 -0.0000001
vn -1.0000000 -0.0000000 -0.0000001
vn -1.0000000 -0.0000000 -0.0000001
vn -1.0000000 0.0000000 -0.0000001
vn -1.0000000 0.0000000 -0.0000001
vn -1.0000000 0.0000000 -0.0000001
vn -1.0000000 -0.0000000 -0.0000001
vn -1.0000000 -0.0000000 -0.0000001
vn -1.0000000 -0.0000000 -0.0000001
vn -1.0000000 -0.0000000 -0.0000001
vn -1.0000000 -0.0000000 -0.0000001
vn -1.0000000 -0.0000000 -0.0000001
vn -1.0000000 0.0000000 -0.0000001
vn -1.0000000 0.0000000 -0.0000001
vn -1.0000000 0.0000000 -0.0000001
vn -1.0000000 -0.0000000 -0.0000001
vn -1.0000000 -0.0000000 -0.0000001
vn -1.0000000 -0.0000000 -0.0000001
vn -1.0000000 -0.0000000 -0.0000001
vn -1.0000000 0.0000000 -0.0000001
vn -1.0000000 0.0000000 -0.0000001
vn -1.0000000 0.0000000 -0.0000001
vn -1.0000000 -0.0000000 -0.0000001
vn -1.0000000 0.0000000 -0.0000001
vn -1.0000000 0.0000000 -0.0000001
vn -1.0000000 0.0000000 -0.0000001
vn -1.0000000 0.0000000 -0.0000001
vn -1.0000000 0.0000000 -0.0000001
vn -1.0000000 0.0000000 -0.0000001
vn -1.0000000 -0.0000000 -0.0000001
vn 1.0000000 0.0000000 0.0000001
vn 1.0000000 0.0000000 0.0000001
vn 1.0000000 0.0000000 0.0000001
vn 1.0000000 0.0000000 0.0000001
vn 1.0000000 0.0000000 0.0000001
vn 1.0000000 0.0000000 0.0000001
vn 1.0000000 -0.0000000 0.0000001
vn 1.0000000 -0.0000000 0.0000001
vn 1.0000000 -0.0000000 0.0000001
vn 1.0000000 -0.0000000 0.0000001
vn 1.0000000 0.0000000 0.0000001
vn 1.0000000 -0.0000000 0.0000001
vn 1.0000000 -0.0000000 0.0000001
vn 1.0000000 -0.0000000 0.0000001
vn 1.0000000 -0.0000000 0.0000001
vn 1.0000000 -0.0000000 0.0000001
vn 1.0000000 -0.0000000 0.0000001
vn 1.0000000 0.0000000 0.0000001
vn 1.0000000 0.0000000 0.0000001
vn 1.0000000 0.0000000 0.0000001
vn 1.0000000 -0.0000000 0.0000001
vn 1.0000000 -0.0000000 0.0000001
vn 1.0000000 -0.0000000 0.0000001
vn 1.0000000 0.0000000 0.0000001
vn 1.0000000 0.0000000 0.0000001
vn 1.0000000 0.0000000 0.0000001
vn 1.0000000 0.0000000 0.0000001
vn 1.0000000 0.0000000 0.0000001
vn 1.0000000 0.0000000 0.0000001
vn 1.0000000 0.0000000 0.0000001
vn 1.0000000 -0.0000000 0.0000001
vn 1.0000000 -0.0000000 0.0000001
vn 1.0000000 -0.0000000 0.0000001
vn 1.0000000 0.0000000 0.0000001
vn 1.0000000 -0.0000000 0.0000001
vn 1.0000000 -0.0000000 0.0000001
vn 1.0000000 -0.0000000 0.0000001
vn 1.0000000 -0.0000000 0.0000001
vn 1.0000000 0.0000000 0.0000001
vn 1.0000000 0.0000000 0.0000001
vn 1.0000000 0.0000000 0.0000001
vn 1.0000000 -0.0000000 0.0000001
vn 1.0000000 -0.0000000 0.0000001
vn 1.0000000 -0.0000000 0.0000001
vn 1.0000000 0.0000000 0.0000001
vn 1.0000000 0.0000000 0.0000001
vn 1.0000000 0.0000000 0.0000001
vn 1.0000000 0.0000000 0.0000001
vn 1.0000000 -0.0000000 0.0000001
vn 1.0000000 -0.0000000 0.0000001
vn 1.0000000 -0.0000000 0.0000001
vn 1.0000000 0.0000000 0.0000001
vn 1.0000000 0.0000000 0.0000001
vn 1.0000000 0.0000000 0.0000001
vn 1.0000000 -0.0000000 0.0000001
vn 1.0000000 -0.0000000 0.0000001
vn 1.0000000 -0.0000000 0.0000001
vn 1.0000000 -0.0000000 0.0000001
vn 1.0000000 0.0000000 0.0000001
vn 1.0000000 0.0000000 0.0000001
vn 1.0000000 0.0000000 0.0000001
vn 1.0000000 0.0000000 0.0000001
vn 1.0000000 0.0000000 0.0000001
vn 1.0000000 -0.0000000 0.0000001
vn 1.0000000 -0.0000000 0.0000001
vn 1.0000000 -0.0000000 0.0000001
vn 1.0000000 0.0000000 0.0000001
vn 1.0000000 0.0000000 0.0000001
vn 1.0000000 0.0000000 0.0000001
vn 1.0000000 -0.0000000 0.0000001
vn 1.0000000 -0.0000000 0.0000001
vn 1.0000000 -0.0000000 0.0000001
vn 1.0000000 -0.0000000 0.0000001
vn 1.0000000 -0.0000000 0.0000001
vn 1.0000000 -0.0000000 0.0000001
vn 1.0000000 0.0000000 0.0000001
vn 1.0000000 0.0000000 0.0000001
vn 1.0000000 0.0000000 0.0000001
vn 1.0000000 0.0000000 0.0000001
vn 1.0000000 0.0000000 0.0000001
vn 1.0000000 0.0000000 0.0000001
vn 1.0000000 -0.0000000 0.0000001
vn 1.0000000 -0.0000000 0.0000001
vn 1.0000000 -0.0000000 0.0000001
vn 1.0000000 0.0000000 0.0000001
vn 1.0000000 0.0000000 0.0000001
vn 1.0000000 0.0000000 0.0000001
vn 1.0000000 0.0000000 0.0000001
vn 1.0000000 -0.0000000 0.0000001
vn 1.0000000 -0.0000000 0.0000001
vn 1.0000000 -0.0000000 0.0000001
vn 1.0000000 -0.0000000 0.0000001
vn 1.0000000 -0.0000000 0.0000001
vn 1.0000000 -0.0000000 0.0000001
vn 1.0000000 0.0000000 0.0000001
vn 1.0000000 0.0000000 0.0000001
vn 1.0000000 -0.0000000 0.0000001
vn 1.0000000 -0.0000000 0.0000001
vn 1.0000000 -0.0000000 0.0000001
vn -1.0000000 -0.0000000 -0.0000001
vn -1.0000000 -0.0000000 -0.0000001
vn -1.0000000 -0.0000000 -0.0000001
vn -1.0000000 -0.0000000 -0.0000001
vn -1.0000000 -0.0000000 -0.0000001
vn -1.0000000 -0.0000000 -0.0000001
vn -1.0000000 0.0000000 -0.0000001
vn -1.0000000 0.0000000 -0.0000001
vn -1.0000000 0.0000000 -0.0000001
vn -1.0000000 0.0000000 -0.0000001
vn -1.0000000 -0.0000000 -0.0000001
vn -1.0000000 0.0000000 -0.0000001
vn -1.0000000 0.0000000 -0.0000001
vn -1.0000000 0.0000000 -0.0000001
vn -1.0000000 0.0000000 -0.0000001
vn -1.0000000 0.0000000 -0.0000001
vn -1.0000000 0.0000000 -0.0000001
vn -1.0000000 -0.0000000 -0.0000001
vn -1.0000000 -0.0000000 -0.0000001
vn -1.0000000 -0.0000000 -0.0000001
vn -1.0000000 0.0000000 -0.0000001
vn -1.0000000 0.0000000 -0.0000001
vn -1.0000000 0.0000000 -0.0000001
vn -1.0000000 -0.0000000 -0.0000001
vn -1.0000000 -0.0000000 -0.0000001
vn -1.0000000 -0.0000000 -0.0000001
vn -1.0000000 -0.0000000 -0.0000001
vn -1.0000000 -0.0000000 -0.0000001
vn -1.0000000 -0.0000000 -0.0000001
vn -1.0000000 -0.0000000 -0.0000001
vn -1.0000000 0.0000000 -0.0000001
vn -1.0000000 0.0000000 -0.0000001
vn -1.0000000 0.0000000 -0.0000001
vn -1.0000000 -0.0000000 -0.0000001
vn -1.0000000 0.0000000 -0.0000001
vn -1.0000000 0.0000000 -0.0000001
vn -1.0000000 0.0000000 -0.0000001
vn -1.0000000 0.0000000 -0.0000001
vn -1.0000000 -0.0000000 -0.0000001
vn -1.0000000 -0.0000000 -0.0000001
vn -1.0000000 -0.0000000 -0.0000001
vn -1.0000000 0.0000000 -0.0000001
vn -1.0000000 0.0000000 -0.0000001
vn -1.0000000 0.0000000 -0.0000001
vn -1.0000000 -0.0000000 -0.0000001
vn -0.0438812 -0.6022113 -0.7971299
vn -0.0616250 -0.7817133 -0.6205857
vn -0.3560948 -0.5339322 -0.7668852
vn -0.3557803 -0.7406059 -0.5700204
vn -0.0615936 0.9231159 -0.3795567
vn -0.3557803 0.8923957 -0.2775794
vn -0.0615921 0.9898987 -0.1276990
vn -0.3557736 0.9338335 -0.0371506
vn -0.0616234 -0.3971161 0.9156972
vn -0.0775109 -0.1413858 0.9869154
vn -0.3557737 -0.3589141 0.8629054
vn -0.3560924 -0.1647227 0.9198177
vn -0.0438826 0.3892266 -0.9200962
vn -0.3560993 0.3971744 -0.8458403
vn -0.0775138 0.6159018 -0.7840004
vn -0.3560970 0.6025614 -0.7142232
vn -0.0615921 0.9892198 0.1328554
vn -0.0615916 0.9211280 0.3843563
vn -0.0000000 0.9756656 0.2192637
vn -0.0000000 0.8856720 0.4643115
vn -0.0616883 -0.9510955 -0.3026745
vn -0.0775114 -0.9166940 -0.3920000
vn 0.0000000 -0.9529104 -0.3032521
vn 0.0000000 -0.8856720 -0.4643115
vn -0.9528541 -0.2746565 -0.1289686
vn -0.9892310 -0.1324841 -0.0622099
vn -0.9511440 -0.2359832 -0.1990904
vn -0.9910975 -0.1017607 -0.0858513
vn -0.9478137 0.2401797 0.2096732
vn -0.9588745 0.2569163 0.1206386
vn -0.9898422 0.1131142 0.0861259
vn -0.9952719 0.0879181 0.0412833
vn -1.0000000 -0.0000000 -0.0000001
vn -1.0000000 0.0000000 -0.0000001
vn -1.0000000 0.0000000 -0.0000001
vn -1.0000000 -0.0000000 -0.0000001
vn -0.4675519 -0.1558233 0.8701231
vn -0.4675509 -0.1558234 0.8701237
vn -0.4675540 -0.3757186 0.8001430
vn -0.4675501 -0.3757216 0.8001438
vn -0.4672400 0.1198141 -0.8759745
vn -0.4671558 0.1961646 -0.8621397
vn -0.4675539 0.3757186 -0.8001431
vn -0.4675500 0.3757216 -0.8001439
vn -1.0000000 -0.0000000 -0.0000001
vn -1.0000000 -0.0000000 -0.0000001
vn -1.0000000 -0.0000000 -0.0000001
vn -1.0000000 -0.0000000 -0.0000001
vn -1.0000000 -0.0000000 -0.0000001
vn -1.0000000 -0.0000000 -0.0000001
vn -1.0000000 -0.0000000 -0.0000001
vn -1.0000000 -0.0000000 -0.0000001
vn -1.0000000 0.0000000 -0.0000001
vn -1.0000000 0.0000000 -0.0000001
vn -1.0000000 0.0000000 -0.0000001
vn 0.0438813 -0.6022113 -0.7971299
vn 0.3560949 -0.5339322 -0.7668851
vn 0.0616250 -0.7817133 -0.6205857
vn 0.3557804 -0.7406059 -0.5700204
vn 0.0615936 0.9231159 -0.3795567
vn 0.0615921 0.9898987 -0.1276990
vn 0.3557804 0.8923957 -0.2775793
vn 0.3557736 0.9338335 -0.0371506
vn 0.0616233 -0.3971161 0.9156972
vn 0.3557736 -0.3589141 0.8629055
vn 0.0775108 -0.1413858 0.9869155
vn 0.3560923 -0.1647227 0.9198177
vn 0.0438828 0.3892266 -0.9200962
vn 0.0775139 0.6159018 -0.7840004
vn 0.3560994 0.3971744 -0.8458403
vn 0.3560971 0.6025614 -0.7142231
vn 0.0615921 0.9892198 0.1328554
vn -0.0000000 0.9756656 0.2192637
vn 0.0615916 0.9211280 0.3843563
vn -0.0000000 0.8856720 0.4643115
vn 0.0616883 -0.9510955 -0.3026745
vn 0.0000000 -0.9529104 -0.3032521
vn 0.0775115 -0.9166940 -0.3920000
vn 0.0000000 -0.8856720 -0.4643115
vn 0.9528541 -0.2746565 -0.1289685
vn 0.9511440 -0.2359832 -0.1990902
vn 0.9892310 -0.1324841 -0.0622098
vn 0.9910975 -0.1017607 -0.0858512
vn 0.9478137 0.2401797 0.2096733
vn 0.9898422 0.1131142 0.0861260
vn 0.9588745 0.2569163 0.1206387
vn 0.9952719 0.0879181 0.0412834
vn 1.0000000 0.0000000 0.0000001
vn 1.0000000 0.0000000 0.0000001
vn 1.0000000 -0.0000000 0.0000001
vn 1.0000000 -0.0000000 0.0000001
vn 0.4675518 -0.1558233 0.8701232
vn 0.4675539 -0.3757186 0.8001430
vn 0.4675508 -0.1558234 0.8701237
vn 0.4675500 -0.3757216 0.8001439
vn 0.4672401 0.1198141 -0.8759745
vn 0.4675540 0.3757186 -0.8001430
vn 0.4671559 0.1961646 -0.8621397
vn 0.4675501 0.3757216 -0.8001438
vn 1.0000000 0.0000000 0.0000001
vn 1.0000000 0.0000000 0.0000001
vn 1.0000000 0.0000000 0.0000001
vn 1.0000000 0.0000000 0.0000001
vn 1.0000000 -0.0000000 0.0000001
vn 1.0000000 0.0000000 0.0000001
vn 1.0000000 0.0000000 0.0000001
vn 1.0000000 0.0000000 0.0000001
vn 1.0000000 0.0000000 0.0000001
vn 1.0000000 0.0000000 0.0000001
vn 1.0000000 0.0000000 0.0000001
vn -0.9118477 -0.3137764 -0.2647227
vn -0.9118474 -0.2345709 -0.3369135
vn -0.9528532 -0.1733768 -0.2490206
vn -0.9117158 0.3803151 -0.1553535
vn -0.9517354 0.2889592 -0.1034525
vn -0.9118488 0.4090581 -0.0346874
vn -0.9588745 0.2828154 -0.0239825
vn -0.9118500 -0.1744876 0.3715960
vn -0.9118488 -0.0723666 0.4040975
vn -0.9430248 -0.1414194 0.3011723
vn -0.9588742 -0.0500332 0.2793869
vn -0.9118477 0.2647214 -0.3137775
vn -0.9118465 0.1744909 -0.3716030
vn -0.9511438 0.1990905 -0.2359840
vn -0.9528533 0.1289696 -0.2746588
vn -0.0615932 0.7902614 0.6096665
vn -0.0000000 0.7353173 0.6777230
vn 0.0000000 -0.7353173 -0.6777230
vn -0.9511441 -0.3039126 -0.0544253
vn -0.9910974 -0.1310536 -0.0234694
vn -0.9430248 0.3275123 0.0586515
vn -0.9838737 0.1760635 0.0315297
vn -1.0000000 0.0000000 -0.0000001
vn -1.0000000 -0.0000000 -0.0000001
vn -0.4675502 0.0746951 0.8808050
vn -0.4675501 0.0746940 0.8808051
vn -0.4672433 -0.1109901 -0.8771345
vn -0.4671553 -0.0336591 -0.8835344
vn -1.0000000 0.0000000 -0.0000001
vn -1.0000000 0.0000000 -0.0000001
vn -1.0000000 0.0000000 -0.0000001
vn -1.0000000 0.0000000 -0.0000001
vn -1.0000000 0.0000000 -0.0000001
vn -1.0000000 0.0000000 -0.0000001
vn -1.0000000 0.0000000 -0.0000001
vn -1.0000000 -0.0000000 -0.0000001
vn -1.0000000 -0.0000000 -0.0000001
vn -1.0000000 -0.0000000 -0.0000001
vn 0.9118477 -0.3137764 -0.2647226
vn 0.9118475 -0.2345709 -0.3369134
vn 0.9528532 -0.1733768 -0.2490205
vn 0.9117158 0.3803151 -0.1553534
vn 0.9118488 0.4090581 -0.0346873
vn 0.9517354 0.2889592 -0.1034524
vn 0.9588745 0.2828154 -0.0239824
vn 0.9118500 -0.1744876 0.3715961
vn 0.9430248 -0.1414194 0.3011724
vn 0.9118488 -0.0723666 0.4040977
vn 0.9588741 -0.0500332 0.2793870
vn 0.9118477 0.2647214 -0.3137774
vn 0.9511438 0.1990905 -0.2359838
vn 0.9118466 0.1744909 -0.3716029
vn 0.9528533 0.1289696 -0.2746587
vn 0.0615931 0.7902614 0.6096665
vn -0.0000000 0.7353173 0.6777230
vn 0.0000000 -0.7353173 -0.6777230
vn 0.9511441 -0.3039126 -0.0544252
vn 0.9910974 -0.1310536 -0.0234693
vn 0.9430248 0.3275123 0.0586516
vn 0.9838737 0.1760635 0.0315298
vn 1.0000000 0.0000000 0.0000001
vn 1.0000000 -0.0000000 0.0000001
vn 0.4675500 0.0746951 0.8808051
vn 0.4675500 0.0746940 0.8808052
vn 0.4672434 -0.1109901 -0.8771344
vn 0.4671555 -0.0336591 -0.8835343
vn 1.0000000 -0.0000000 0.0000001
vn 1.0000000 -0.0000000 0.0000001
vn 1.0000000 -0.0000000 0.0000001
vn 1.0000000 -0.0000000 0.0000001
vn 1.0000000 -0.0000000 0.0000001
vn 1.0000000 -0.0000000 0.0000001
vn 1.0000000 -0.0000000 0.0000001
vn 1.0000000 0.0000000 0.0000001
vn 1.0000000 0.0000000 0.0000001
vn 1.0000000 0.0000000 0.0000001
vn -0.0438812 0.7971299 -0.6022113
vn -0.3560948 0.7668851 -0.5339323
vn -0.0775137 -0.3710163 -0.9253856
vn -0.3560970 -0.3172537 -0.8789454
vn -0.3557761 0.9116282 0.2058090
vn -0.0438818 -0.6141037 0.7880045
vn -0.3560932 -0.6025646 0.7142223
vn -0.0438818 0.3753834 0.9258303
vn -0.0615921 0.1276990 0.9898987
vn -0.0000001 0.2979455 0.9545829
vn -0.0000001 0.0407277 0.9991703
vn -0.0438827 -0.1229652 -0.9914403
vn 0.0000001 -0.2979455 -0.9545829
vn 0.0000001 -0.0407277 -0.9991703
vn -0.9528532 -0.2490206 0.1733768
vn -0.9892310 -0.1201173 0.0836298
vn -0.9511440 -0.2904086 0.1048230
vn -0.9910975 -0.1252299 0.0452013
vn -0.9472531 0.2677394 -0.1761455
vn -0.9838738 0.1467903 -0.1022006
vn -0.9898422 0.1359731 -0.0415190
vn -1.0000000 -0.0000000 -0.0000001
vn -1.0000000 0.0000000 -0.0000001
vn -1.0000000 0.0000000 -0.0000001
vn -1.0000000 0.0000000 -0.0000001
vn -0.4675458 0.5050881 0.7254563
vn -0.4672364 0.6516681 0.5975105
vn -0.4675484 0.5050873 0.7254552
vn -0.4671537 0.7015783 0.5381034
vn -0.4672479 -0.6987037 -0.5417494
vn -0.4671621 -0.6485482 -0.6009532
vn -0.4672406 -0.5346889 -0.7041265
vn -0.4671566 -0.4709170 -0.7483327
vn -1.0000000 -0.0000000 -0.0000001
vn -1.0000000 0.0000000 -0.0000001
vn -1.0000000 0.0000000 -0.0000001
vn -1.0000000 0.0000000 -0.0000001
vn -1.0000000 0.0000000 -0.0000001
vn -1.0000000 0.0000000 -0.0000001
vn -1.0000000 0.0000000 -0.0000001
vn -1.0000000 -0.0000000 -0.0000001
vn 0.0438813 0.7971299 -0.6022113
vn 0.3560949 0.7668851 -0.5339322
vn 0.0775139 -0.3710163 -0.9253856
vn 0.3560971 -0.3172537 -0.8789454
vn 0.3557761 0.9116282 0.2058090
vn 0.0438817 -0.6141037 0.7880045
vn 0.3560931 -0.6025646 0.7142224
vn 0.0438817 0.3753834 0.9258303
vn -0.0000001 0.2979455 0.9545829
vn 0.0615920 0.1276990 0.9898987
vn -0.0000001 0.0407277 0.9991703
vn 0.0000001 -0.2979455 -0.9545829
vn 0.0438828 -0.1229652 -0.9914403
vn 0.0000001 -0.0407277 -0.9991703
vn 0.9528532 -0.2490206 0.1733769
vn 0.9511440 -0.2904086 0.1048231
vn 0.9892309 -0.1201173 0.0836299
vn 0.9910975 -0.1252299 0.0452014
vn 0.9472531 0.2677394 -0.1761454
vn 0.9838738 0.1467903 -0.1022005
vn 0.9898422 0.1359731 -0.0415188
vn 1.0000000 0.0000000 0.0000001
vn 1.0000000 -0.0000000 0.0000001
vn 1.0000000 0.0000000 0.0000001
vn 1.0000000 -0.0000000 0.0000001
vn 0.4675457 0.5050881 0.7254564
vn 0.4675483 0.5050873 0.7254553
vn 0.4672363 0.6516681 0.5975106
vn 0.4671537 0.7015783 0.5381034
vn 0.4672480 -0.6987037 -0.5417494
vn 0.4672406 -0.5346889 -0.7041264
vn 0.4671622 -0.6485482 -0.6009531
vn 0.4671567 -0.4709170 -0.7483327
vn 1.0000000 0.0000000 0.0000001
vn 1.0000000 0.0000000 0.0000001
vn 1.0000000 0.0000000 0.0000001
vn 1.0000000 0.0000000 0.0000001
vn 1.0000000 -0.0000000 0.0000001
vn 1.0000000 -0.0000000 0.0000001
vn 1.0000000 -0.0000000 0.0000001
vn 1.0000000 0.0000000 0.0000001
vn -0.0615933 -0.7934280 0.6055396
vn -0.3557819 -0.7901445 0.4990901
vn -0.0775126 -0.9253855 0.3710167
vn -0.3560971 -0.8789441 0.3172572
vn -0.3560932 0.3172570 0.8789458
vn -0.3557737 0.0371506 0.9338335
vn -0.3560993 -0.0789553 -0.9311065
vn -0.0775135 0.1413858 -0.9869152
vn -0.3560923 0.1647227 -0.9198177
vn -0.3557753 0.8272988 0.4347419
vn -0.3557834 0.6865842 0.6340507
vn -0.0775130 0.5978783 0.7978303
vn -0.0000001 0.5348587 0.8449415
vn 0.0000001 -0.5348587 -0.8449415
vn -0.9528541 -0.3023437 0.0256382
vn -0.9892310 -0.1458395 0.0123670
vn -0.9952719 0.0967810 -0.0082072
vn -1.0000000 0.0000000 -0.0000001
vn -1.0000000 0.0000000 -0.0000001
vn -0.4672364 0.3342255 0.8185252
vn -0.4671535 0.2611900 0.8447173
vn -0.4672465 -0.3342239 -0.8185200
vn -0.4671634 -0.2611852 -0.8447133
vn -1.0000000 0.0000000 -0.0000001
vn -1.0000000 0.0000000 -0.0000001
vn -1.0000000 0.0000000 -0.0000001
vn -1.0000000 0.0000000 -0.0000001
vn -1.0000000 0.0000000 -0.0000001
vn -1.0000000 0.0000000 -0.0000001
vn -1.0000000 0.0000000 -0.0000001
vn -1.0000000 0.0000000 -0.0000001
vn -1.0000000 0.0000000 -0.0000001
vn -1.0000000 0.0000000 -0.0000001
vn -1.0000000 0.0000000 -0.0000001
vn -1.0000000 0.0000000 -0.0000001
vn 0.0615932 -0.7934280 0.6055396
vn 0.0775126 -0.9253855 0.3710167
vn 0.3557819 -0.7901445 0.4990901
vn 0.3560970 -0.8789441 0.3172572
vn 0.3560931 0.3172570 0.8789458
vn 0.3557736 0.0371506 0.9338335
vn 0.0775137 0.1413858 -0.9869152
vn 0.3560994 -0.0789553 -0.9311065
vn 0.3560924 0.1647227 -0.9198177
vn 0.3557753 0.8272988 0.4347420
vn 0.3557834 0.6865842 0.6340508
vn 0.0775129 0.5978783 0.7978304
vn -0.0000001 0.5348587 0.8449415
vn 0.0000001 -0.5348587 -0.8449415
vn 0.9528541 -0.3023437 0.0256383
vn 0.9892310 -0.1458395 0.0123672
vn 0.9952719 0.0967810 -0.0082071
vn 1.0000000 -0.0000000 0.0000001
vn 1.0000000 -0.0000000 0.0000001
vn 0.4672363 0.3342255 0.8185252
vn 0.4671534 0.2611900 0.8447174
vn 0.4672466 -0.3342239 -0.8185200
vn 0.4671636 -0.2611852 -0.8447133
vn 1.0000000 -0.0000000 0.0000001
vn 1.0000000 -0.0000000 0.0000001
vn 1.0000000 -0.0000000 0.0000001
vn 1.0000000 -0.0000000 0.0000001
vn 1.0000000 -0.0000000 0.0000001
vn 1.0000000 -0.0000000 0.0000001
vn 1.0000000 -0.0000000 0.0000001
vn 1.0000000 -0.0000000 0.0000001
vn 1.0000000 -0.0000000 0.0000001
vn 1.0000000 -0.0000000 0.0000001
vn 1.0000000 -0.0000000 0.0000001
vn 1.0000000 -0.0000000 0.0000001
vn -0.9118477 -0.3861438 0.1393796
vn -0.9118475 -0.3369135 0.2345709
vn -0.9118500 0.0346870 0.4090554
vn -0.9117166 0.1233646 0.3918597
vn -0.9478139 0.0322989 0.3171839
vn -0.9516561 0.1163466 0.2842783
vn -0.9118474 0.0723671 -0.4041007
vn -0.9118465 -0.0346878 -0.4090631
vn -0.9511436 0.0544255 -0.3039140
vn -0.9528533 -0.0256384 -0.3023463
vn -0.9118477 0.3137764 0.2647226
vn -0.9118488 0.3715984 0.1744888
vn -1.0000000 -0.0000000 -0.0000001
vn -1.0000000 -0.0000000 -0.0000001
vn -1.0000000 -0.0000000 -0.0000001
vn -1.0000000 -0.0000000 -0.0000001
vn -1.0000000 0.0000000 -0.0000001
vn -1.0000000 0.0000000 -0.0000001
vn -1.0000000 0.0000000 -0.0000001
vn -1.0000000 0.0000000 -0.0000001
vn 0.9118477 -0.3861438 0.1393797
vn 0.9118474 -0.3369135 0.2345710
vn 0.9118500 0.0346870 0.4090555
vn 0.9478138 0.0322989 0.3171840
vn 0.9117165 0.1233646 0.3918598
vn 0.9516561 0.1163466 0.2842784
vn 0.9118474 0.0723671 -0.4041006
vn 0.9511436 0.0544255 -0.3039139
vn 0.9118466 -0.0346878 -0.4090630
vn 0.9528533 -0.0256384 -0.3023462
vn 0.9118477 0.3137764 0.2647227
vn 0.9118488 0.3715984 0.1744889
vn 1.0000000 0.0000000 0.0000001
vn 1.0000000 -0.0000000 0.0000001
vn 1.0000000 -0.0000000 0.0000001
vn 1.0000000 -0.0000000 0.0000001
vn 1.0000000 -0.0000000 0.0000001
vn 1.0000000 0.0000000 0.0000001
vn 1.0000000 0.0000000 0.0000001
vn 1.0000000 0.0000000 0.0000001
vn -0.9117156 0.3271493 -0.2484914
vn -0.9118477 -0.1393781 -0.3861444
vn -0.9511438 -0.1048229 -0.2904093
vn -0.9118474 0.4041006 0.0723671
vn -0.9117166 -0.2516866 0.3246948
vn -0.9546629 -0.1963439 0.2237583
vn -0.0000001 -0.2192637 0.9756656
vn 0.0000001 0.2192637 -0.9756656
vn -0.9936703 -0.0724375 0.0858611
vn -0.9952719 0.0626312 -0.0742377
vn -1.0000000 0.0000000 -0.0000001
vn -1.0000000 0.0000000 -0.0000001
vn -0.4672385 0.7841057 0.4084929
vn -0.4671557 0.8169437 0.3381841
vn -0.4672395 -0.8151174 -0.3424483
vn -0.4671592 -0.7819895 -0.4126193
vn -1.0000000 -0.0000000 -0.0000001
vn -1.0000000 -0.0000000 -0.0000001
vn -1.0000000 -0.0000000 -0.0000001
vn -1.0000000 -0.0000000 -0.0000001
vn -1.0000000 -0.0000000 -0.0000001
vn -1.0000000 -0.0000000 -0.0000001
vn -1.0000000 0.0000000 -0.0000001
vn -1.0000000 0.0000000 -0.0000001
vn 0.9117156 0.3271493 -0.2484913
vn 0.9118477 -0.1393781 -0.3861443
vn 0.9511439 -0.1048229 -0.2904092
vn 0.9118474 0.4041006 0.0723672
vn 0.9117165 -0.2516866 0.3246949
vn 0.9546629 -0.1963439 0.2237584
vn -0.0000001 -0.2192637 0.9756656
vn 0.0000001 0.2192637 -0.9756656
vn 0.9936703 -0.0724375 0.0858612
vn 0.9952719 0.0626312 -0.0742376
vn 1.0000000 -0.0000000 0.0000001
vn 1.0000000 -0.0000000 0.0000001
vn 0.4672384 0.7841057 0.4084930
vn 0.4671557 0.8169437 0.3381842
vn 0.4672396 -0.8151174 -0.3424483
vn 0.4671592 -0.7819895 -0.4126193
vn 1.0000000 -0.0000000 0.0000001
vn 1.0000000 -0.0000000 0.0000001
vn 1.0000000 -0.0000000 0.0000001
vn 1.0000000 0.0000000 0.0000001
vn 1.0000000 0.0000000 0.0000001
vn 1.0000000 0.0000000 0.0000001
vn 1.0000000 -0.0000000 0.0000001
vn 1.0000000 -0.0000000 0.0000001
vn -0.3560935 0.5339326 0.7668856
vn -0.0616230 -0.9915754 0.1139333
vn -0.3557753 -0.9267546 0.1206226
vn -0.0000001 -0.4643115 0.8856720
vn 0.0000001 0.4643115 -0.8856720
vn -0.9869526 -0.0684360 0.1457435
vn -0.9869525 0.0684360 -0.1457436
vn -1.0000000 0.0000000 -0.0000001
vn -1.0000000 0.0000000 -0.0000001
vn -0.4672402 0.8631143 0.1916254
vn -0.4671558 0.8766357 0.1152186
vn -0.4672402 -0.8759745 -0.1198140
vn -0.4671558 -0.8621397 -0.1961647
vn -1.0000000 -0.0000000 -0.0000001
vn -1.0000000 -0.0000000 -0.0000001
vn -1.0000000 -0.0000000 -0.0000001
vn -1.0000000 -0.0000000 -0.0000001
vn -1.0000000 0.0000000 -0.0000001
vn -1.0000000 0.0000000 -0.0000001
vn -1.0000000 0.0000000 -0.0000001
vn -1.0000000 0.0000000 -0.0000001
vn 0.3560934 0.5339326 0.7668856
vn 0.0616230 -0.9915754 0.1139333
vn 0.3557753 -0.9267546 0.1206227
vn -0.0000001 -0.4643115 0.8856720
vn 0.0000001 0.4643115 -0.8856720
vn 0.9869525 -0.0684360 0.1457436
vn 0.9869526 0.0684360 -0.1457435
vn 1.0000000 -0.0000000 0.0000001
vn 1.0000000 -0.0000000 0.0000001
vn 0.4672401 0.8631143 0.1916254
vn 0.4671558 0.8766357 0.1152187
vn 0.4672402 -0.8759745 -0.1198139
vn 0.4671558 -0.8621397 -0.1961646
vn 1.0000000 -0.0000000 0.0000001
vn 1.0000000 -0.0000000 0.0000001
vn 1.0000000 -0.0000000 0.0000001
vn 1.0000000 -0.0000000 0.0000001
vn 1.0000000 -0.0000000 0.0000001
vn 1.0000000 0.0000000 0.0000001
vn 1.0000000 0.0000000 0.0000001
vn 1.0000000 0.0000000 0.0000001
vn -0.9118475 0.2345709 0.3369134
vn -0.9528532 0.1733768 0.2490205
vn -0.9118488 -0.4090581 0.0346873
vn -0.0000000 -0.6777230 0.7353173
vn 0.0000000 0.6777230 -0.7353173
vn -0.9910974 -0.0234693 0.1310536
vn -0.9910974 0.0234693 -0.1310537
vn -1.0000000 -0.0000000 -0.0000001
vn -1.0000000 -0.0000000 -0.0000001
vn -0.4672396 0.8833009 -0.0382969
vn -0.4671539 0.8765860 -0.1156038
vn -0.4672436 -0.8771344 0.1109896
vn -0.4671557 -0.8835342 0.0336592
vn -1.0000000 0.0000000 -0.0000001
vn -1.0000000 0.0000000 -0.0000001
vn -1.0000000 0.0000000 -0.0000001
vn -1.0000000 0.0000000 -0.0000001
vn -1.0000000 0.0000000 -0.0000001
vn -1.0000000 0.0000000 -0.0000001
vn -1.0000000 0.0000000 -0.0000001
vn -1.0000000 0.0000000 -0.0000001
vn -1.0000000 0.0000000 -0.0000001
vn -1.0000000 0.0000000 -0.0000001
vn -1.0000000 0.0000000 -0.0000001
vn -1.0000000 0.0000000 -0.0000001
vn 0.9118474 0.2345709 0.3369135
vn 0.9528532 0.1733768 0.2490206
vn 0.9118488 -0.4090581 0.0346874
vn -0.0000000 -0.6777230 0.7353173
vn 0.0000000 0.6777230 -0.7353173
vn 0.9910974 -0.0234693 0.1310537
vn 0.9910974 0.0234693 -0.1310536
vn 1.0000000 0.0000000 0.0000001
vn 1.0000000 0.0000000 0.0000001
vn 0.4672396 0.8833009 -0.0382968
vn 0.4671539 0.8765860 -0.1156037
vn 0.4672436 -0.8771344 0.1109897
vn 0.4671557 -0.8835342 0.0336593
vn 1.0000000 -0.0000000 0.0000001
vn 1.0000000 -0.0000000 0.0000001
vn 1.0000000 -0.0000000 0.0000001
vn 1.0000000 -0.0000000 0.0000001
vn 1.0000000 -0.0000000 0.0000001
vn 1.0000000 -0.0000000 0.0000001
vn 1.0000000 -0.0000000 0.0000001
vn 1.0000000 -0.0000000 0.0000001
vn 1.0000000 -0.0000000 0.0000001
vn 1.0000000 -0.0000000 0.0000001
vn 1.0000000 -0.0000000 0.0000001
vn 1.0000000 -0.0000000 0.0000001
vn -0.3560829 -0.8458457 -0.3971775
vn -0.3534224 -0.8914138 -0.2836794
vn -0.0000000 -0.8449415 0.5348587
vn 0.0000000 0.8449415 -0.5348587
vn -0.9919421 0.0043774 0.1266161
vn -0.9892310 -0.0123671 -0.1458395
vn -1.0000000 -0.0000000 -0.0000001
vn -1.0000000 0.0000000 -0.0000001
vn -0.4672377 0.8432918 -0.2656084
vn -0.4671521 0.8168004 -0.3385351
vn -0.4675637 -0.8314539 0.3001144
vn -0.4675559 -0.8314581 0.3001149
vn -1.0000000 -0.0000000 -0.0000001
vn -1.0000000 -0.0000000 -0.0000001
vn -1.0000000 -0.0000000 -0.0000001
vn -1.0000000 -0.0000000 -0.0000001
vn -1.0000000 -0.0000000 -0.0000001
vn -1.0000000 -0.0000000 -0.0000001
vn -1.0000000 0.0000000 -0.0000001
vn -1.0000000 0.0000000 -0.0000001
vn -1.0000000 0.0000000 -0.0000001
vn -1.0000000 0.0000000 -0.0000001
vn 0.3560830 -0.8458457 -0.3971775
vn 0.3534224 -0.8914138 -0.2836794
vn -0.0000000 -0.8449415 0.5348587
vn 0.0000000 0.8449415 -0.5348587
vn 0.9919421 0.0043774 0.1266162
vn 0.9892310 -0.0123671 -0.1458394
vn 1.0000000 0.0000000 0.0000001
vn 1.0000000 -0.0000000 0.0000001
vn 0.4672378 0.8432918 -0.2656084
vn 0.4671522 0.8168004 -0.3385350
vn 0.4675636 -0.8314539 0.3001144
vn 0.4675558 -0.8314581 0.3001149
vn 1.0000000 0.0000000 0.0000001
vn 1.0000000 0.0000000 0.0000001
vn 1.0000000 0.0000000 0.0000001
vn 1.0000000 0.0000000 0.0000001
vn 1.0000000 0.0000000 0.0000001
vn 1.0000000 0.0000000 0.0000001
vn 1.0000000 -0.0000000 0.0000001
vn 1.0000000 -0.0000000 0.0000001
vn 1.0000000 -0.0000000 0.0000001
vn 1.0000000 -0.0000000 0.0000001
vn -0.9118488 -0.3715984 -0.1744889
vn -0.9118474 -0.4041006 -0.0723672
vn -0.0000000 -0.9545829 0.2979455
vn 0.0000000 0.9545829 -0.2979455
vn -0.9898422 0.0415189 0.1359731
vn -0.9910975 -0.0452013 -0.1252299
vn -1.0000000 0.0000000 -0.0000001
vn -1.0000000 0.0000000 -0.0000001
vn -0.4672362 0.7458191 -0.4748096
vn -0.4671566 0.7013478 -0.5384013
vn -0.4672406 -0.7458153 0.4748112
vn -0.4671567 -0.7013478 0.5384012
vn -1.0000000 -0.0000000 -0.0000001
vn -1.0000000 -0.0000000 -0.0000001
vn -1.0000000 -0.0000000 -0.0000001
vn -1.0000000 -0.0000000 -0.0000001
vn -1.0000000 -0.0000000 -0.0000001
vn -1.0000000 0.0000000 -0.0000001
vn 0.9118488 -0.3715984 -0.1744888
vn 0.9118474 -0.4041006 -0.0723671
vn -0.0000000 -0.9545829 0.2979455
vn 0.0000000 0.9545829 -0.2979455
vn 0.9898421 0.0415189 0.1359732
vn 0.9910975 -0.0452013 -0.1252298
vn 1.0000000 -0.0000000 0.0000001
vn 1.0000000 -0.0000000 0.0000001
vn 0.4672362 0.7458191 -0.4748095
vn 0.4671567 0.7013478 -0.5384012
vn 0.4672406 -0.7458153 0.4748113
vn 0.4671566 -0.7013478 0.5384013
vn 1.0000000 0.0000000 0.0000001
vn 1.0000000 0.0000000 0.0000001
vn 1.0000000 0.0000000 0.0000001
vn 1.0000000 0.0000000 0.0000001
vn 1.0000000 0.0000000 0.0000001
vn 1.0000000 0.0000000 0.0000001
vn -0.0336368 -0.9983629 -0.0462607
vn -0.3534224 -0.9344611 -0.0433019
vn -0.0000000 -0.9991703 0.0407277
vn 0.0000000 0.9991703 -0.0407277
vn -0.9838738 0.1022005 0.1467902
vn -0.9892310 -0.0836298 -0.1201173
vn -1.0000000 0.0000000 -0.0000001
vn -1.0000000 -0.0000000 -0.0000001
vn -0.4672465 0.5975069 -0.6516641
vn -0.4671635 0.5380970 -0.7015768
vn -0.4672466 -0.5975073 0.6516637
vn -0.4671635 -0.5380977 0.7015762
vn -1.0000000 0.0000000 -0.0000001
vn -1.0000000 0.0000000 -0.0000001
vn 0.0336368 -0.9983629 -0.0462607
vn 0.3534224 -0.9344611 -0.0433018
vn -0.0000000 -0.9991703 0.0407277
vn 0.0000000 0.9991703 -0.0407277
vn 0.9838738 0.1022005 0.1467903
vn 0.9892310 -0.0836298 -0.1201172
vn 1.0000000 0.0000000 0.0000001
vn 1.0000000 -0.0000000 0.0000001
vn 0.4672466 0.5975069 -0.6516641
vn 0.4671636 0.5380970 -0.7015767
vn 0.4672465 -0.5975073 0.6516638
vn 0.4671635 -0.5380977 0.7015762
vn 1.0000000 -0.0000000 0.0000001
vn 1.0000000 -0.0000000 0.0000001
vn 0.0000000 -0.9989282 -0.0462869
vn -1.0000000 0.0000000 -0.0000001
vn 0.0000000 -0.9989282 -0.0462869
vn 1.0000000 -0.0000000 0.0000001
vn -1.0000000 0.0000000 -0.0000001
vn -1.0000000 0.0000000 -0.0000001
vn -1.0000000 0.0000000 -0.0000001
vn -1.0000000 0.0000000 -0.0000001
vn -1.0000000 0.0000000 -0.0000001
vn -1.0000000 0.0000000 -0.0000001
vn -1.0000000 -0.0000000 -0.0000001
vn -1.0000000 -0.0000000 -0.0000001
vn -1.0000000 0.0000000 -0.0000001
vn -1.0000000 0.0000000 -0.0000001
vn -1.0000000 0.0000000 -0.0000001
vn -1.0000000 0.0000000 -0.0000001
vn -1.0000000 -0.0000000 -0.0000001
vn -1.0000000 -0.0000000 -0.0000001
vn -1.0000000 -0.0000000 -0.0000001
vn -1.0000000 -0.0000000 -0.0000001
vn -1.0000000 0.0000000 -0.0000001
vn -1.0000000 0.0000000 -0.0000001
vn -1.0000000 0.0000000 -0.0000001
vn -1.0000000 0.0000000 -0.0000001
vn -1.0000000 0.0000000 -0.0000001
vn -1.0000000 0.0000000 -0.0000001
vn -1.0000000 0.0000000 -0.0000001
vn -1.0000000 0.0000000 -0.0000001
vn -1.0000000 -0.0000000 -0.0000001
vn -1.0000000 -0.0000000 -0.0000001
vn -1.0000000 -0.0000000 -0.0000001
vn -1.0000000 0.0000000 -0.0000001
vn -1.0000000 0.0000000 -0.0000001
vn -1.0000000 0.0000000 -0.0000001
vn -1.0000000 -0.0000000 -0.0000001
vn -1.0000000 -0.0000000 -0.0000001
vn -1.0000000 -0.0000000 -0.0000001
vn -1.0000000 -0.0000000 -0.0000001
vn -1.0000000 -0.0000000 -0.0000001
vn -1.0000000 -0.0000000 -0.0000001
vn -1.0000000 0.0000000 -0.0000001
vn -1.0000000 0.0000000 -0.0000001
vn -1.0000000 0.0000000 -0.0000001
vn -1.0000000 -0.0000000 -0.0000001
vn -1.0000000 -0.0000000 -0.0000001
vn -1.0000000 -0.0000000 -0.0000001
vn -1.0000000 -0.0000000 -0.0000001
vn -1.0000000 0.0000000 -0.0000001
vn -1.0000000 0.0000000 -0.0000001
vn -1.0000000 0.0000000 -0.0000001
vn -1.0000000 -0.0000000 -0.0000001
vn -1.0000000 0.0000000 -0.0000001
vn -1.0000000 0.0000000 -0.0000001
vn -1.0000000 0.0000000 -0.0000001
vn -1.0000000 0.0000000 -0.0000001
vn -1.0000000 0.0000000 -0.0000001
vn -1.0000000 0.0000000 -0.0000001
vn -1.0000000 -0.0000000 -0.0000001
vn 1.0000000 0.0000000 0.0000001
vn 1.0000000 0.0000000 0.0000001
vn 1.0000000 0.0000000 0.0000001
vn 1.0000000 0.0000000 0.0000001
vn 1.0000000 0.0000000 0.0000001
vn 1.0000000 0.0000000 0.0000001
vn 1.0000000 -0.0000000 0.0000001
vn 1.0000000 -0.0000000 0.0000001
vn 1.0000000 -0.0000000 0.0000001
vn 1.0000000 -0.0000000 0.0000001
vn 1.0000000 0.0000000 0.0000001
vn 1.0000000 -0.0000000 0.0000001
vn 1.0000000 -0.0000000 0.0000001
vn 1.0000000 -0.0000000 0.0000001
vn 1.0000000 -0.0000000 0.0000001
vn 1.0000000 -0.0000000 0.0000001
vn 1.0000000 -0.0000000 0.0000001
vn 1.0000000 0.0000000 0.0000001
vn 1.0000000 0.0000000 0.0000001
vn 1.0000000 0.0000000 0.0000001
vn 1.0000000 -0.0000000 0.0000001
vn 1.0000000 -0.0000000 0.0000001
vn 1.0000000 -0.0000000 0.0000001
vn 1.0000000 0.0000000 0.0000001
vn 1.0000000 0.0000000 0.0000001
vn 1.0000000 0.0000000 0.0000001
vn 1.0000000 0.0000000 0.0000001
vn 1.0000000 0.0000000 0.0000001
vn 1.0000000 0.0000000 0.0000001
vn 1.0000000 0.0000000 0.0000001
vn 1.0000000 -0.0000000 0.0000001
vn 1.0000000 -0.0000000 0.0000001
vn 1.0000000 -0.0000000 0.0000001
vn 1.0000000 0.0000000 0.0000001
vn 1.0000000 -0.0000000 0.0000001
vn 1.0000000 -0.0000000 0.0000001
vn 1.0000000 -0.0000000 0.0000001
vn 1.0000000 -0.0000000 0.0000001
vn 1.0000000 0.0000000 0.0000001
vn 1.0000000 0.0000000 0.0000001
vn 1.0000000 0.0000000 0.0000001
vn 1.0000000 -0.0000000 0.0000001
vn 1.0000000 -0.0000000 0.0000001
vn 1.0000000 -0.0000000 0.0000001
vn 1.0000000 0.0000000 0.0000001
vn 1.0000000 0.0000000 0.0000001
vn 1.0000000 0.0000000 0.0000001
vn 1.0000000 0.0000000 0.0000001
vn 1.0000000 -0.0000000 0.0000001
vn 1.0000000 -0.0000000 0.0000001
vn 1.0000000 -0.0000000 0.0000001
vn 1.0000000 0.0000000 0.0000001
vn 1.0000000 0.0000000 0.0000001
vn 1.0000000 0.0000000 0.0000001
vn 1.0000000 -0.0000000 0.0000001
vn 1.0000000 -0.0000000 0.0000001
vn 1.0000000 -0.0000000 0.0000001
vn 1.0000000 -0.0000000 0.0000001
vn 1.0000000 0.0000000 0.0000001
vn 1.0000000 0.0000000 0.0000001
vn 1.0000000 0.0000000 0.0000001
vn 1.0000000 0.0000000 0.0000001
vn 1.0000000 0.0000000 0.0000001
vn 1.0000000 -0.0000000 0.0000001
vn 1.0000000 -0.0000000 0.0000001
vn 1.0000000 -0.0000000 0.0000001
vn 1.0000000 0.0000000 0.0000001
vn 1.0000000 0.0000000 0.0000001
vn 1.0000000 0.0000000 0.0000001
vn 1.0000000 -0.0000000 0.0000001
vn 1.0000000 -0.0000000 0.0000001
vn 1.0000000 -0.0000000 0.0000001
vn 1.0000000 -0.0000000 0.0000001
vn 1.0000000 -0.0000000 0.0000001
vn 1.0000000 -0.0000000 0.0000001
vn 1.0000000 0.0000000 0.0000001
vn 1.0000000 0.0000000 0.0000001
vn 1.0000000 0.0000000 0.0000001
vn 1.0000000 0.0000000 0.0000001
vn 1.0000000 0.0000000 0.0000001
vn 1.0000000 0.0000000 0.0000001
vn 1.0000000 -0.0000000 0.0000001
vn 1.0000000 -0.0000000 0.0000001
vn 1.0000000 -0.0000000 0.0000001
vn 1.0000000 0.0000000 0.0000001
vn 1.0000000 0.0000000 0.0000001
vn 1.0000000 0.0000000 0.0000001
vn 1.0000000 0.0000000 0.0000001
vn 1.0000000 -0.0000000 0.0000001
vn 1.0000000 -0.0000000 0.0000001
vn 1.0000000 -0.0000000 0.0000001
vn 1.0000000 -0.0000000 0.0000001
vn 1.0000000 -0.0000000 0.0000001
vn 1.0000000 -0.0000000 0.0000001
vn 1.0000000 0.0000000 0.0000001
vn 1.0000000 0.0000000 0.0000001
vn 1.0000000 -0.0000000 0.0000001
vn 1.0000000 -0.0000000 0.0000001
vn 1.0000000 -0.0000000 0.0000001
vn -1.0000000 -0.0000000 -0.0000001
vn -1.0000000 -0.0000000 -0.0000001
vn -1.0000000 -0.0000000 -0.0000001
vn -1.0000000 -0.0000000 -0.0000001
vn -1.0000000 -0.0000000 -0.0000001
vn -1.0000000 -0.0000000 -0.0000001
vn -1.0000000 0.0000000 -0.0000001
vn -1.0000000 0.0000000 -0.0000001
vn -1.0000000 0.0000000 -0.0000001
vn -1.0000000 0.0000000 -0.0000001
vn -1.0000000 -0.0000000 -0.0000001
vn -1.0000000 0.0000000 -0.0000001
vn -1.0000000 0.0000000 -0.0000001
vn -1.0000000 0.0000000 -0.0000001
vn -1.0000000 0.0000000 -0.0000001
vn -1.0000000 0.0000000 -0.0000001
vn -1.0000000 0.0000000 -0.0000001
vn -1.0000000 -0.0000000 -0.0000001
vn -1.0000000 -0.0000000 -0.0000001
vn -1.0000000 -0.0000000 -0.0000001
vn -1.0000000 0.0000000 -0.0000001
vn -1.0000000 0.0000000 -0.0000001
vn -1.0000000 0.0000000 -0.0000001
vn -1.0000000 -0.0000000 -0.0000001
vn -1.0000000 -0.0000000 -0.0000001
vn -1.0000000 -0.0000000 -0.0000001
vn -1.0000000 -0.0000000 -0.0000001
vn -1.0000000 -0.0000000 -0.0000001
vn -1.0000000 -0.0000000 -0.0000001
vn -1.0000000 -0.0000000 -0.0000001
vn -1.0000000 0.0000000 -0.0000001
vn -1.0000000 0.0000000 -0.0000001
vn -1.0000000 0.0000000 -0.0000001
vn -1.0000000 -0.0000000 -0.0000001
vn -1.0000000 0.0000000 -0.0000001
vn -1.0000000 0.0000000 -0.0000001
vn -1.0000000 0.0000000 -0.0000001
vn -1.0000000 0.0000000 -0.0000001
vn -1.0000000 -0.0000000 -0.0000001
vn -1.0000000 -0.0000000 -0.0000001
vn -1.0000000 -0.0000000 -0.0000001
vn -1.0000000 0.0000000 -0.0000001
vn -1.0000000 0.0000000 -0.0000001
vn -1.0000000 0.0000000 -0.0000001
vn -1.0000000 -0.0000000 -0.0000001
vn -0.0438812 -0.6022113 -0.7971299
vn -0.0616250 -0.7817133 -0.6205857
vn -0.3560948 -0.5339322 -0.7668852
vn -0.3557803 -0.7406059 -0.5700204
vn -0.0615936 0.9231159 -0.3795567
vn -0.3557803 0.8923957 -0.2775794
vn -0.0615921 0.9898987 -0.1276990
vn -0.3557736 0.9338335 -0.0371506
vn -0.0616234 -0.3971161 0.9156972
vn -0.0775109 -0.1413858 0.9869154
vn -0.3557737 -0.3589141 0.8629054
vn -0.3560924 -0.1647227 0.9198177
vn -0.0438826 0.3892266 -0.9200962
vn -0.3560993 0.3971744 -0.8458403
vn -0.0775138 0.6159018 -0.7840004
vn -0.3560970 0.6025614 -0.7142232
vn -0.0615921 0.9892198 0.1328554
vn -0.0615916 0.9211280 0.3843563
vn -0.0000000 0.9756656 0.2192637
vn -0.0000000 0.8856720 0.4643115
vn -0.0616883 -0.9510955 -0.3026745
vn -0.0775114 -0.9166940 -0.3920000
vn 0.0000000 -0.9529104 -0.3032521
vn 0.0000000 -0.8856720 -0.4643115
vn -0.9528541 -0.2746565 -0.1289686
vn -0.9892310 -0.1324841 -0.0622099
vn -0.9511440 -0.2359832 -0.1990904
vn -0.9910975 -0.1017607 -0.0858513
vn -0.9478137 0.2401797 0.2096732
vn -0.9588745 0.2569163 0.1206386
vn -0.9898422 0.1131142 0.0861259
vn -0.9952719 0.0879181 0.0412833
vn -1.0000000 -0.0000000 -0.0000001
vn -1.0000000 0.0000000 -0.0000001
vn -1.0000000 0.0000000 -0.0000001
vn -1.0000000 -0.0000000 -0.0000001
vn -0.4675519 -0.1558233 0.8701231
vn -0.4675509 -0.1558234 0.8701237
vn -0.4675540 -0.3757186 0.8001430
vn -0.4675501 -0.3757216 0.8001438
vn -0.4672400 0.1198141 -0.8759745
vn -0.4671558 0.1961646 -0.8621397
vn -0.4675539 0.3757186 -0.8001431
vn -0.4675500 0.3757216 -0.8001439
vn -1.0000000 -0.0000000 -0.0000001
vn -1.0000000 -0.0000000 -0.0000001
vn -1.0000000 -0.0000000 -0.0000001
vn -1.0000000 -0.0000000 -0.0000001
vn -1.0000000 -0.0000000 -0.0000001
vn -1.0000000 -0.0000000 -0.0000001
vn -1.0000000 -0.0000000 -0.0000001
vn -1.0000000 -0.0000000 -0.0000001
vn -1.0000000 0.0000000 -0.0000001
vn -1.0000000 0.0000000 -0.0000001
vn -1.0000000 0.0000000 -0.0000001
vn 0.0438813 -0.6022113 -0.7971299
vn 0.3560949 -0.5339322 -0.7668851
vn 0.0616250 -0.7817133 -0.6205857
vn 0.3557804 -0.7406059 -0.5700204
vn 0.0615936 0.9231159 -0.3795567
vn 0.0615921 0.9898987 -0.1276990
vn 0.3557804 0.8923957 -0.2775793
vn 0.3557736 0.9338335 -0.0371506
vn 0.0616233 -0.3971161 0.9156972
vn 0.3557736 -0.3589141 0.8629055
vn 0.0775108 -0.1413858 0.9869155
vn 0.3560923 -0.1647227 0.9198177
vn 0.0438828 0.3892266 -0.9200962
vn 0.0775139 0.6159018 -0.7840004
vn 0.3560994 0.3971744 -0.8458403
vn 0.3560971 0.6025614 -0.7142231
vn 0.0615921 0.9892198 0.1328554
vn -0.0000000 0.9756656 0.2192637
vn 0.0615916 0.9211280 0.3843563
vn -0.0000000 0.8856720 0.4643115
vn 0.0616883 -0.9510955 -0.3026745
vn 0.0000000 -0.9529104 -0.3032521
vn 0.0775115 -0.9166940 -0.3920000
vn 0.0000000 -0.8856720 -0.4643115
vn 0.9528541 -0.2746565 -0.1289685
vn 0.9511440 -0.2359832 -0.1990902
vn 0.9892310 -0.1324841 -0.0622098
vn 0.9910975 -0.1017607 -0.0858512
vn 0.9478137 0.2401797 0.2096733
vn 0.9898422 0.1131142 0.0861260
vn 0.9588745 0.2569163 0.1206387
vn 0.9952719 0.0879181 0.0412834
vn 1.0000000 0.0000000 0.0000001
vn 1.0000000 0.0000000 0.0000001
vn 1.0000000 -0.0000000 0.0000001
vn 1.0000000 -0.0000000 0.0000001
vn 0.4675518 -0.1558233 0.8701232
vn 0.4675539 -0.3757186 0.8001430
vn 0.4675508 -0.1558234 0.8701237
vn 0.4675500 -0.3757216 0.8001439
vn 0.4672401 0.1198141 -0.8759745
vn 0.4675540 0.3757186 -0.8001430
vn 0.4671559 0.1961646 -0.8621397
vn 0.4675501 0.3757216 -0.8001438
vn 1.0000000 0.0000000 0.0000001
vn 1.0000000 0.0000000 0.0000001
vn 1.0000000 0.0000000 0.0000001
vn 1.0000000 0.0000000 0.0000001
vn 1.0000000 -0.0000000 0.0000001
vn 1.0000000 0.0000000 0.0000001
vn 1.0000000 0.0000000 0.0000001
vn 1.0000000 0.0000000 0.0000001
vn 1.0000000 0.0000000 0.0000001
vn 1.0000000 0.0000000 0.0000001
vn 1.0000000 0.0000000 0.0000001
vn -0.9118477 -0.3137764 -0.2647227
vn -0.9118474 -0.2345709 -0.3369135
vn -0.9528532 -0.1733768 -0.2490206
vn -0.9117158 0.3803151 -0.1553535
vn -0.9517354 0.2889592 -0.1034525
vn -0.9118488 0.4090581 -0.0346874
vn -0.9588745 0.2828154 -0.0239825
vn -0.9118500 -0.1744876 0.3715960
vn -0.9118488 -0.0723666 0.4040975
vn -0.9430248 -0.1414194 0.3011723
vn -0.9588742 -0.0500332 0.2793869
vn -0.9118477 0.2647214 -0.3137775
vn -0.9118465 0.1744909 -0.3716030
vn -0.9511438 0.1990905 -0.2359840
vn -0.9528533 0.1289696 -0.2746588
vn -0.0615932 0.7902614 0.6096665
vn -0.0000000 0.7353173 0.6777230
vn 0.0000000 -0.7353173 -0.6777230
vn -0.9511441 -0.3039126 -0.0544253
vn -0.9910974 -0.1310536 -0.0234694
vn -0.9430248 0.3275123 0.0586515
vn -0.9838737 0.1760635 0.0315297
vn -1.0000000 0.0000000 -0.0000001
vn -1.0000000 -0.0000000 -0.0000001
vn -0.4675502 0.0746951 0.8808050
vn -0.4675501 0.0746940 0.8808051
vn -0.4672433 -0.1109901 -0.8771345
vn -0.4671553 -0.0336591 -0.8835344
vn -1.0000000 0.0000000 -0.0000001
vn -1.0000000 0.0000000 -0.0000001
vn -1.0000000 0.0000000 -0.0000001
vn -1.0000000 0.0000000 -0.0000001
vn -1.0000000 0.0000000 -0.0000001
vn -1.0000000 0.0000000 -0.0000001
vn -1.0000000 0.0000000 -0.0000001
vn -1.0000000 -0.0000000 -0.0000001
vn -1.0000000 -0.0000000 -0.0000001
vn -1.0000000 -0.0000000 -0.0000001
vn 0.9118477 -0.3137764 -0.2647226
vn 0.9118475 -0.2345709 -0.3369134
vn 0.9528532 -0.1733768 -0.2490205
vn 0.9117158 0.3803151 -0.1553534
vn 0.9118488 0.4090581 -0.0346873
vn 0.9517354 0.2889592 -0.1034524
vn 0.9588745 0.2828154 -0.0239824
vn 0.9118500 -0.1744876 0.3715961
vn 0.9430248 -0.1414194 0.3011724
vn 0.9118488 -0.0723666 0.4040977
vn 0.9588741 -0.0500332 0.2793870
vn 0.9118477 0.2647214 -0.3137774
vn 0.9511438 0.1990905 -0.2359838
vn 0.9118466 0.1744909 -0.3716029
vn 0.9528533 0.1289696 -0.2746587
vn 0.0615931 0.7902614 0.6096665
vn -0.0000000 0.7353173 0.6777230
vn 0.0000000 -0.7353173 -0.6777230
vn 0.9511441 -0.3039126 -0.0544252
vn 0.9910974 -0.1310536 -0.0234693
vn 0.9430248 0.3275123 0.0586516
vn 0.9838737 0.1760635 0.0315298
vn 1.0000000 0.0000000 0.0000001
vn 1.0000000 -0.0000000 0.0000001
vn 0.4675500 0.0746951 0.8808051
vn 0.4675500 0.0746940 0.8808052
vn 0.4672434 -0.1109901 -0.8771344
vn 0.4671555 -0.0336591 -0.8835343
vn 1.0000000 -0.0000000 0.0000001
vn 1.0000000 -0.0000000 0.0000001
vn 1.0000000 -0.0000000 0.0000001
vn 1.0000000 -0.0000000 0.0000001
vn 1.0000000 -0.0000000 0.0000001
vn 1.0000000 -0.0000000 0.0000001
vn 1.0000000 -0.0000000 0.0000001
vn 1.0000000 0.0000000 0.0000001
vn 1.0000000 0.0000000 0.0000001
vn 1.0000000 0.0000000 0.0000001
vn -0.0438812 0.7971299 -0.6022113
vn -0.3560948 0.7668851 -0.5339323
vn -0.0775137 -0.3710163 -0.9253856
vn -0.3560970 -0.3172537 -0.8789454
vn -0.3557761 0.9116282 0.2058090
vn -0.0438818 -0.6141037 0.7880045
vn -0.3560932 -0.6025646 0.7142223
vn -0.0438818 0.3753834 0.9258303
vn -0.0615921 0.1276990 0.9898987
vn -0.0000001 0.2979455 0.9545829
vn -0.0000001 0.0407277 0.9991703
vn -0.0438827 -0.1229652 -0.9914403
vn 0.0000001 -0.2979455 -0.9545829
vn 0.0000001 -0.0407277 -0.9991703
vn -0.9528532 -0.2490206 0.1733768
vn -0.9892310 -0.1201173 0.0836298
vn -0.9511440 -0.2904086 0.1048230
vn -0.9910975 -0.1252299 0.0452013
vn -0.9472531 0.2677394 -0.1761455
vn -0.9838738 0.1467903 -0.1022006
vn -0.9898422 0.1359731 -0.0415190
vn -1.0000000 -0.0000000 -0.0000001
vn -1.0000000 0.0000000 -0.0000001
vn -1.0000000 0.0000000 -0.0000001
vn -1.0000000 0.0000000 -0.0000001
vn -0.4675458 0.5050881 0.7254563
vn -0.4672364 0.6516681 0.5975105
vn -0.4675484 0.5050873 0.7254552
vn -0.4671537 0.7015783 0.5381034
vn -0.4672479 -0.6987037 -0.5417494
vn -0.4671621 -0.6485482 -0.6009532
vn -0.4672406 -0.5346889 -0.7041265
vn -0.4671566 -0.4709170 -0.7483327
vn -1.0000000 -0.0000000 -0.0000001
vn -1.0000000 0.0000000 -0.0000001
vn -1.0000000 0.0000000 -0.0000001
vn -1.0000000 0.0000000 -0.0000001
vn -1.0000000 0.0000000 -0.0000001
vn -1.0000000 0.0000000 -0.0000001
vn -1.0000000 0.0000000 -0.0000001
vn -1.0000000 -0.0000000 -0.0000001
vn 0.0438813 0.7971299 -0.6022113
vn 0.3560949 0.7668851 -0.5339322
vn 0.0775139 -0.3710163 -0.9253856
vn 0.3560971 -0.3172537 -0.8789454
vn 0.3557761 0.9116282 0.2058090
vn 0.0438817 -0.6141037 0.7880045
vn 0.3560931 -0.6025646 0.7142224
vn 0.0438817 0.3753834 0.9258303
vn -0.0000001 0.2979455 0.9545829
vn 0.0615920 0.1276990 0.9898987
vn -0.0000001 0.0407277 0.9991703
vn 0.0000001 -0.2979455 -0.9545829
vn 0.0438828 -0.1229652 -0.9914403
vn 0.0000001 -0.0407277 -0.9991703
vn 0.9528532 -0.2490206 0.1733769
vn 0.9511440 -0.2904086 0.1048231
vn 0.9892309 -0.1201173 0.0836299
vn 0.9910975 -0.1252299 0.0452014
vn 0.9472531 0.2677394 -0.1761454
vn 0.9838738 0.1467903 -0.1022005
vn 0.9898422 0.1359731 -0.0415188
vn 1.0000000 0.0000000 0.0000001
vn 1.0000000 -0.0000000 0.0000001
vn 1.0000000 0.0000000 0.0000001
vn 1.0000000 -0.0000000 0.0000001
vn 0.4675457 0.5050881 0.7254564
vn 0.4675483 0.5050873 0.7254553
vn 0.4672363 0.6516681 0.5975106
vn 0.4671537 0.7015783 0.5381034
vn 0.4672480 -0.6987037 -0.5417494
vn 0.4672406 -0.5346889 -0.7041264
vn 0.4671622 -0.6485482 -0.6009531
vn 0.4671567 -0.4709170 -0.7483327
vn 1.0000000 0.0000000 0.0000001
vn 1.0000000 0.0000000 0.0000001
vn 1.0000000 0.0000000 0.0000001
vn 1.0000000 0.0000000 0.0000001
vn 1.0000000 -0.0000000 0.0000001
vn 1.0000000 -0.0000000 0.0000001
vn 1.0000000 -0.0000000 0.0000001
vn 1.0000000 0.0000000 0.0000001
vn -0.0615933 -0.7934280 0.6055396
vn -0.3557819 -0.7901445 0.4990901
vn -0.0775126 -0.9253855 0.3710167
vn -0.3560971 -0.8789441 0.3172572
vn -0.3560932 0.3172570 0.8789458
vn -0.3557737 0.0371506 0.9338335
vn -0.3560993 -0.0789553 -0.9311065
vn -0.0775135 0.1413858 -0.9869152
vn -0.3560923 0.1647227 -0.9198177
vn -0.3557753 0.8272988 0.4347419
vn -0.3557834 0.6865842 0.6340507
vn -0.0775130 0.5978783 0.7978303
vn -0.0000001 0.5348587 0.8449415
vn 0.0000001 -0.5348587 -0.8449415
vn -0.9528541 -0.3023437 0.0256382
vn -0.9892310 -0.1458395 0.0123670
vn -0.9952719 0.0967810 -0.0082072
vn -1.0000000 0.0000000 -0.0000001
vn -1.0000000 0.0000000 -0.0000001
vn -0.4672364 0.3342255 0.8185252
vn -0.4671535 0.2611900 0.8447173
vn -0.4672465 -0.3342239 -0.8185200
vn -0.4671634 -0.2611852 -0.8447133
vn -1.0000000 0.0000000 -0.0000001
vn -1.0000000 0.0000000 -0.0000001
vn -1.0000000 0.0000000 -0.0000001
vn -1.0000000 0.0000000 -0.0000001
vn -1.0000000 0.0000000 -0.0000001
vn -1.0000000 0.0000000 -0.0000001
vn -1.0000000 0.0000000 -0.0000001
vn -1.0000000 0.0000000 -0.0000001
vn -1.0000000 0.0000000 -0.0000001
vn -1.0000000 0.0000000 -0.0000001
vn -1.0000000 0.0000000 -0.0000001
vn -1.0000000 0.0000000 -0.0000001
vn 0.0615932 -0.7934280 0.6055396
vn 0.0775126 -0.9253855 0.3710167
vn 0.3557819 -0.7901445 0.4990901
vn 0.3560970 -0.8789441 0.3172572
vn 0.3560931 0.3172570 0.8789458
vn 0.3557736 0.0371506 0.9338335
vn 0.0775137 0.1413858 -0.9869152
vn 0.3560994 -0.0789553 -0.9311065
vn 0.3560924 0.1647227 -0.9198177
vn 0.3557753 0.8272988 0.4347420
vn 0.3557834 0.6865842 0.6340508
vn 0.0775129 0.5978783 0.7978304
vn -0.0000001 0.5348587 0.8449415
vn 0.0000001 -0.5348587 -0.8449415
vn 0.9528541 -0.3023437 0.0256383
vn 0.9892310 -0.1458395 0.0123672
vn 0.9952719 0.0967810 -0.0082071
vn 1.0000000 -0.0000000 0.0000001
vn 1.0000000 -0.0000000 0.0000001
vn 0.4672363 0.3342255 0.8185252
vn 0.4671534 0.2611900 0.8447174
vn 0.4672466 -0.3342239 -0.8185200
vn 0.4671636 -0.2611852 -0.8447133
vn 1.0000000 -0.0000000 0.0000001
vn 1.0000000 -0.0000000 0.0000001
vn 1.0000000 -0.0000000 0.0000001
vn 1.0000000 -0.0000000 0.0000001
vn 1.0000000 -0.0000000 0.0000001
vn 1.0000000 -0.0000000 0.0000001
vn 1.0000000 -0.0000000 0.0000001
vn 1.0000000 -0.0000000 0.0000001
vn 1.0000000 -0.0000000 0.0000001
vn 1.0000000 -0.0000000 0.0000001
vn 1.0000000 -0.0000000 0.0000001
vn 1.0000000 -0.0000000 0.0000001
vn -0.9118477 -0.3861438 0.1393796
vn -0.9118475 -0.3369135 0.2345709
vn -0.9118500 0.0346870 0.4090554
vn -0.9117166 0.1233646 0.3918597
vn -0.9478139 0.0322989 0.3171839
vn -0.9516561 0.1163466 0.2842783
vn -0.9118474 0.0723671 -0.4041007
vn -0.9118465 -0.0346878 -0.4090631
vn -0.9511436 0.0544255 -0.3039140
vn -0.9528533 -0.0256384 -0.3023463
vn -0.9118477 0.3137764 0.2647226
vn -0.9118488 0.3715984 0.1744888
vn -1.0000000 -0.0000000 -0.0000001
vn -1.0000000 -0.0000000 -0.0000001
vn -1.0000000 -0.0000000 -0.0000001
vn -1.0000000 -0.0000000 -0.0000001
vn -1.0000000 0.0000000 -0.0000001
vn -1.0000000 0.0000000 -0.0000001
vn -1.0000000 0.0000000 -0.0000001
vn -1.0000000 0.0000000 -0.0000001
vn 0.9118477 -0.3861438 0.1393797
vn 0.9118474 -0.3369135 0.2345710
vn 0.9118500 0.0346870 0.4090555
vn 0.9478138 0.0322989 0.3171840
vn 0.9117165 0.1233646 0.3918598
vn 0.9516561 0.1163466 0.2842784
vn 0.9118474 0.0723671 -0.4041006
vn 0.9511436 0.0544255 -0.3039139
vn 0.9118466 -0.0346878 -0.4090630
vn 0.9528533 -0.0256384 -0.3023462
vn 0.9118477 0.3137764 0.2647227
vn 0.9118488 0.3715984 0.1744889
vn 1.0000000 0.0000000 0.0000001
vn 1.0000000 -0.0000000 0.0000001
vn 1.0000000 -0.0000000 0.0000001
vn 1.0000000 -0.0000000 0.0000001
vn 1.0000000 -0.0000000 0.0000001
vn 1.0000000 0.0000000 0.0000001
vn 1.0000000 0.0000000 0.0000001
vn 1.0000000 0.0000000 0.0000001
vn -0.9117156 0.3271493 -0.2484914
vn -0.9118477 -0.1393781 -0.3861444
vn -0.9511438 -0.1048229 -0.2904093
vn -0.9118474 0.4041006 0.0723671
vn -0.9117166 -0.2516866 0.3246948
vn -0.9546629 -0.1963439 0.2237583
vn -0.0000001 -0.2192637 0.9756656
vn 0.0000001 0.2192637 -0.9756656
vn -0.9936703 -0.0724375 0.0858611
vn -0.9952719 0.0626312 -0.0742377
vn -1.0000000 0.0000000 -0.0000001
vn -1.0000000 0.0000000 -0.0000001
vn -0.4672385 0.7841057 0.4084929
vn -0.4671557 0.8169437 0.3381841
vn -0.4672395 -0.8151174 -0.3424483
vn -0.4671592 -0.7819895 -0.4126193
vn -1.0000000 -0.0000000 -0.0000001
vn -1.0000000 -0.0000000 -0.0000001
vn -1.0000000 -0.0000000 -0.0000001
vn -1.0000000 -0.0000000 -0.0000001
vn -1.0000000 -0.0000000 -0.0000001
vn -1.0000000 -0.0000000 -0.0000001
vn -1.0000000 0.0000000 -0.0000001
vn -1.0000000 0.0000000 -0.0000001
vn 0.9117156 0.3271493 -0.2484913
vn 0.9118477 -0.1393781 -0.3861443
vn 0.9511439 -0.1048229 -0.2904092
vn 0.9118474 0.4041006 0.0723672
vn 0.9117165 -0.2516866 0.3246949
vn 0.9546629 -0.1963439 0.2237584
vn -0.0000001 -0.2192637 0.9756656
vn 0.0000001 0.2192637 -0.9756656
vn 0.9936703 -0.0724375 0.0858612
vn 0.9952719 0.0626312 -0.0742376
vn 1.0000000 -0.0000000 0.0000001
vn 1.0000000 -0.0000000 0.0000001
vn 0.4672384 0.7841057 0.4084930
vn 0.4671557 0.8169437 0.3381842
vn 0.4672396 -0.8151174 -0.3424483
vn 0.4671592 -0.7819895 -0.4126193
vn 1.0000000 -0.0000000 0.0000001
vn 1.0000000 -0.0000000 0.0000001
vn 1.0000000 -0.0000000 0.0000001
vn 1.0000000 0.0000000 0.0000001
vn 1.0000000 0.0000000 0.0000001
vn 1.0000000 0.0000000 0.0000001
vn 1.0000000 -0.0000000 0.0000001
vn 1.0000000 -0.0000000 0.0000001
vn -0.3560935 0.5339326 0.7668856
vn -0.0616230 -0.9915754 0.1139333
vn -0.3557753 -0.9267546 0.1206226
vn -0.0000001 -0.4643115 0.8856720
vn 0.0000001 0.4643115 -0.8856720
vn -0.9869526 -0.0684360 0.1457435
vn -0.9869525 0.0684360 -0.1457436
vn -1.0000000 0.0000000 -0.0000001
vn -1.0000000 0.0000000 -0.0000001
vn -0.4672402 0.8631143 0.1916254
vn -0.4671558 0.8766357 0.1152186
vn -0.4672402 -0.8759745 -0.1198140
vn -0.4671558 -0.8621397 -0.1961647
vn -1.0000000 -0.0000000 -0.0000001
vn -1.0000000 -0.0000000 -0.0000001
vn -1.0000000 -0.0000000 -0.0000001
vn -1.0000000 -0.0000000 -0.0000001
vn -1.0000000 0.0000000 -0.0000001
vn -1.0000000 0.0000000 -0.0000001
vn -1.0000000 0.0000000 -0.0000001
vn -1.0000000 0.0000000 -0.0000001
vn 0.3560934 0.5339326 0.7668856
vn 0.0616230 -0.9915754 0.1139333
vn 0.3557753 -0.9267546 0.1206227
vn -0.0000001 -0.4643115 0.8856720
vn 0.0000001 0.4643115 -0.8856720
vn 0.9869525 -0.0684360 0.1457436
vn 0.9869526 0.0684360 -0.1457435
vn 1.0000000 -0.0000000 0.0000001
vn 1.0000000 -0.0000000 0.0000001
vn 0.4672401 0.8631143 0.1916254
vn 0.4671558 0.8766357 0.1152187
vn 0.4672402 -0.8759745 -0.1198139
vn 0.4671558 -0.8621397 -0.1961646
vn 1.0000000 -0.0000000 0.0000001
vn 1.0000000 -0.0000000 0.0000001
vn 1.0000000 -0.0000000 0.0000001
vn 1.0000000 -0.0000000 0.0000001
vn 1.0000000 -0.0000000 0.0000001
vn 1.0000000 0.0000000 0.0000001
vn 1.0000000 0.0000000 0.0000001
vn 1.0000000 0.0000000 0.0000001
vn -0.9118475 0.2345709 0.3369134
vn -0.9528532 0.1733768 0.2490205
vn -0.9118488 -0.4090581 0.0346873
vn -0.0000000 -0.6777230 0.7353173
vn 0.0000000 0.6777230 -0.7353173
vn -0.9910974 -0.0234693 0.1310536
vn -0.9910974 0.0234693 -0.1310537
vn -1.0000000 -0.0000000 -0.0000001
vn -1.0000000 -0.0000000 -0.0000001
vn -0.4672396 0.8833009 -0.0382969
vn -0.4671539 0.8765860 -0.1156038
vn -0.4672436 -0.8771344 0.1109896
vn -0.4671557 -0.8835342 0.0336592
vn -1.0000000 0.0000000 -0.0000001
vn -1.0000000 0.0000000 -0.0000001
vn -1.0000000 0.0000000 -0.0000001
vn -1.0000000 0.0000000 -0.0000001
vn -1.0000000 0.0000000 -0.0000001
vn -1.0000000 0.0000000 -0.0000001
vn -1.0000000 0.0000000 -0.0000001
vn -1.0000000 0.0000000 -0.0000001
vn -1.0000000 0.0000000 -0.0000001
vn -1.0000000 0.0000000 -0.0000001
vn -1.0000000 0.0000000 -0.0000001
vn -1.0000000 0.0000000 -0.0000001
vn 0.9118474 0.2345709 0.3369135
vn 0.9528532 0.1733768 0.2490206
vn 0.9118488 -0.4090581 0.0346874
vn -0.0000000 -0.6777230 0.7353173
vn 0.0000000 0.6777230 -0.7353173
vn 0.9910974 -0.0234693 0.1310537
vn 0.9910974 0.0234693 -0.1310536
vn 1.0000000 0.0000000 0.0000001
vn 1.0000000 0.0000000 0.0000001
vn 0.4672396 0.8833009 -0.0382968
vn 0.4671539 0.8765860 -0.1156037
vn 0.4672436 -0.8771344 0.1109897
vn 0.4671557 -0.8835342 0.0336593
vn 1.0000000 -0.0000000 0.0000001
vn 1.0000000 -0.0000000 0.0000001
vn 1.0000000 -0.0000000 0.0000001
vn 1.0000000 -0.0000000 0.0000001
vn 1.0000000 -0.0000000 0.0000001
vn 1.0000000 -0.0000000 0.0000001
vn 1.0000000 -0.0000000 0.0000001
vn 1.0000000 -0.0000000 0.0000001
vn 1.0000000 -0.0000000 0.0000001
vn 1.0000000 -0.0000000 0.0000001
vn 1.0000000 -0.0000000 0.0000001
vn 1.0000000 -0.0000000 0.0000001
vn -0.3560829 -0.8458457 -0.3971775
vn -0.3534224 -0.8914138 -0.2836794
vn -0.0000000 -0.8449415 0.5348587
vn 0.0000000 0.8449415 -0.5348587
vn -0.9919421 0.0043774 0.1266161
vn -0.9892310 -0.0123671 -0.1458395
vn -1.0000000 -0.0000000 -0.0000001
vn -1.0000000 0.0000000 -0.0000001
vn -0.4672377 0.8432918 -0.2656084
vn -0.4671521 0.8168004 -0.3385351
vn -0.4675637 -0.8314539 0.3001144
vn -0.4675559 -0.8314581 0.3001149
vn -1.0000000 -0.0000000 -0.0000001
vn -1.0000000 -0.0000000 -0.0000001
vn -1.0000000 -0.0000000 -0.0000001
vn -1.0000000 -0.0000000 -0.0000001
vn -1.0000000 -0.0000000 -0.0000001
vn -1.0000000 -0.0000000 -0.0000001
vn -1.0000000 0.0000000 -0.0000001
vn -1.0000000 0.0000000 -0.0000001
vn -1.0000000 0.0000000 -0.0000001
vn -1.0000000 0.0000000 -0.0000001
vn 0.3560830 -0.8458457 -0.3971775
vn 0.3534224 -0.8914138 -0.2836794
vn -0.0000000 -0.8449415 0.5348587
vn 0.0000000 0.8449415 -0.5348587
vn 0.9919421 0.0043774 0.1266162
vn 0.9892310 -0.0123671 -0.1458394
vn 1.0000000 0.0000000 0.0000001
vn 1.0000000 -0.0000000 0.0000001
vn 0.4672378 0.8432918 -0.2656084
vn 0.4671522 0.8168004 -0.3385350
vn 0.4675636 -0.8314539 0.3001144
vn 0.4675558 -0.8314581 0.3001149
vn 1.0000000 0.0000000 0.0000001
vn 1.0000000 0.0000000 0.0000001
vn 1.0000000 0.0000000 0.0000001
vn 1.0000000 0.0000000 0.0000001
vn 1.0000000 0.0000000 0.0000001
vn 1.0000000 0.0000000 0.0000001
vn 1.0000000 -0.0000000 0.0000001
vn 1.0000000 -0.0000000 0.0000001
vn 1.0000000 -0.0000000 0.0000001
vn 1.0000000 -0.0000000 0.0000001
vn -0.9118488 -0.3715984 -0.1744889
vn -0.9118474 -0.4041006 -0.0723672
vn -0.0000000 -0.9545829 0.2979455
vn 0.0000000 0.9545829 -0.2979455
vn -0.9898422 0.0415189 0.1359731
vn -0.9910975 -0.0452013 -0.1252299
vn -1.0000000 0.0000000 -0.0000001
vn -1.0000000 0.0000000 -0.0000001
vn -0.4672362 0.7458191 -0.4748096
vn -0.4671566 0.7013478 -0.5384013
vn -0.4672406 -0.7458153 0.4748112
vn -0.4671567 -0.7013478 0.5384012
vn -1.0000000 -0.0000000 -0.0000001
vn -1.0000000 -0.0000000 -0.0000001
vn -1.0000000 -0.0000000 -0.0000001
vn -1.0000000 -0.0000000 -0.0000001
vn -1.0000000 -0.0000000 -0.0000001
vn -1.0000000 0.0000000 -0.0000001
vn 0.9118488 -0.3715984 -0.1744888
vn 0.9118474 -0.4041006 -0.0723671
vn -0.0000000 -0.9545829 0.2979455
vn 0.0000000 0.9545829 -0.2979455
vn 0.9898421 0.0415189 0.1359732
vn 0.9910975 -0.0452013 -0.1252298
vn 1.0000000 -0.0000000 0.0000001
vn 1.0000000 -0.0000000 0.0000001
vn 0.4672362 0.7458191 -0.4748095
vn 0.4671567 0.7013478 -0.5384012
vn 0.4672406 -0.7458153 0.4748113
vn 0.4671566 -0.7013478 0.5384013
vn 1.0000000 0.0000000 0.0000001
vn 1.0000000 0.0000000 0.0000001
vn 1.0000000 0.0000000 0.0000001
vn 1.0000000 0.0000000 0.0000001
vn 1.0000000 0.0000000 0.0000001
vn 1.0000000 0.0000000 0.0000001
vn -0.0336368 -0.9983629 -0.0462607
vn -0.3534224 -0.9344611 -0.0433019
vn -0.0000000 -0.9991703 0.0407277
vn 0.0000000 0.9991703 -0.0407277
vn -0.9838738 0.1022005 0.1467902
vn -0.9892310 -0.0836298 -0.1201173
vn -1.0000000 0.0000000 -0.0000001
vn -1.0000000 -0.0000000 -0.0000001
vn -0.4672465 0.5975069 -0.6516641
vn -0.4671635 0.5380970 -0.7015768
vn -0.4672466 -0.5975073 0.6516637
vn -0.4671635 -0.5380977 0.7015762
vn -1.0000000 0.0000000 -0.0000001
vn -1.0000000 0.0000000 -0.0000001
vn 0.0336368 -0.9983629 -0.0462607
vn 0.3534224 -0.9344611 -0.0433018
vn -0.0000000 -0.9991703 0.0407277
vn 0.0000000 0.9991703 -0.0407277
vn 0.9838738 0.1022005 0.1467903
vn 0.9892310 -0.0836298 -0.1201172
vn 1.0000000 0.0000000 0.0000001
vn 1.0000000 -0.0000000 0.0000001
vn 0.4672466 0.5975069 -0.6516641
vn 0.4671636 0.5380970 -0.7015767
vn 0.4672465 -0.5975073 0.6516638
vn 0.4671635 -0.5380977 0.7015762
vn 1.0000000 -0.0000000 0.0000001
vn 1.0000000 -0.0000000 0.0000001
vn 0.0000000 -0.9989282 -0.0462869
vn -1.0000000 0.0000000 -0.0000001
vn 0.0000000 -0.9989282 -0.0462869
vn 1.0000000 -0.0000000 0.0000001
f 3168//3168 3169//3169 3170//3170
f 3171//3171 3172//3172 3173//3173
f 3174//3174 3175//3175 3176//3176
f 3176//3176 3175//3175 3177//3177
f 3177//3177 3175//3175 3178//3178
f 3178//3178 3175//3175 3179//3179
f 3179//3179 3175//3175 3180//3180
f 3181//3181 3182//3182 3183//3183
f 3184//3184 3185//3185 3186//3186
f 3186//3186 3185//3185 3187//3187
f 3187//3187 3185//3185 3188//3188
f 3189//3189 3190//3190 3191//3191
f 3192//3192 3193//3193 3194//3194
f 3195//3195 3196//3196 3197//3197
f 3198//3198 3199//3199 3200//3200
f 3201//3201 3202//3202 3203//3203
f 3204//3204 3205//3205 3206//3206
f 3206//3206 3205//3205 3207//3207
f 3208//3208 3209//3209 3210//3210
f 3211//3211 3212//3212 3213//3213
f 3214//3214 3215//3215 3216//3216
f 3216//3216 3215//3215 3217//3217
f 3218//3218 3219//3219 3220//3220
f 3220//3220 3219//3219 3221//3221
f 3222//3222 3223//3223 3224//3224
f 3225//3225 3226//3226 3227//3227
f 3227//3227 3226//3226 3228//3228
f 3229//3229 3230//3230 3231//3231
f 3232//3232 3233//3233 3234//3234
f 3234//3234 3233//3233 3235//3235
f 3236//3236 3237//3237 3238//3238
f 3239//3239 3240//3240 3241//3241
f 3241//3241 3240//3240 3242//3242
f 3242//3242 3240//3240 3243//3243
f 3243//3243 3240//3240 3244//3244
f 3244//3244 3240//3240 3245//3245
f 3246//3246 3247//3247 3248//3248
f 3249//3249 3250//3250 3251//3251
f 3251//3251 3250//3250 3252//3252
f 3253//3253 3230//3230 3254//3254
f 3255//3255 3233//3233 3256//3256
f 3256//3256 3233//3233 3257//3257
f 3258//3258 3237//3237 3259//3259
f 3260//3260 3261//3261 3262//3262
f 3262//3262 3261//3261 3263//3263
f 3263//3263 3261//3261 3264//3264
f 3264//3264 3261//3261 3265//3265
f 3265//3265 3261//3261 3266//3266
f 3267//3267 3268//3268 3269//3269
f 3270//3270 3271//3271 3272//3272
f 3273//3273 3274//3274 3275//3275
f 3274//3274 3276//3276 3275//3275
f 3276//3276 3277//3277 3275//3275
f 3277//3277 3278//3278 3275//3275
f 3278//3278 3279//3279 3275//3275
f 3280//3280 3281//3281 3282//3282
f 3283//3283 3284//3284 3285//3285
f 3284//3284 3286//3286 3285//3285
f 3286//3286 3287//3287 3285//3285
f 3288//3288 3289//3289 3290//3290
f 3291//3291 3292//3292 3293//3293
f 3294//3294 3295//3295 3296//3296
f 3297//3297 3298//3298 3299//3299
f 3300//3300 3301//3301 3302//3302
f 3303//3303 3304//3304 3305//3305
f 3304//3304 3306//3306 3305//3305
f 3307//3307 3308//3308 3309//3309
f 3310//3310 3311//3311 3312//3312
f 3313//3313 3314//3314 3315//3315
f 3314//3314 3316//3316 3315//3315
f 3317//3317 3318//3318 3319//3319
f 3318//3318 3320//3320 3319//3319
f 3321//3321 3322//3322 3323//3323
f 3324//3324 3325//3325 3326//3326
f 3325//3325 3327//3327 3326//3326
f 3328//3328 3329//3329 3330//3330
f 3331//3331 3332//3332 3333//3333
f 3332//3332 3334//3334 3333//3333
f 3335//3335 3336//3336 3337//3337
f 3338//3338 3339//3339 3340//3340
f 3339//3339 3341//3341 3340//3340
f 3341//3341 3342//3342 3340//3340
f 3342//3342 3343//3343 3340//3340
f 3343//3343 3344//3344 3340//3340
f 3345//3345 3346//3346 3347//3347
f 3348//3348 3349//3349 3350//3350
f 3349//3349 3351//3351 3350//3350
f 3352//3352 3353//3353 3330//3330
f 3354//3354 3355//3355 3333//3333
f 3355//3355 3356//3356 3333//3333
f 3357//3357 3358//3358 3337//3337
f 3359//3359 3360//3360 3361//3361
f 3360//3360 3362//3362 3361//3361
f 3362//3362 3363//3363 3361//3361
f 3363//3363 3364//3364 3361//3361
f 3364//3364 3365//3365 3361//3361
f 3366//3366 3367//3367 3368//3368
f 3369//3369 3368//3368 3367//3367
f 3370//3370 3371//3371 3372//3372
f 3373//3373 3372//3372 3371//3371
f 3374//3374 3375//3375 3376//3376
f 3377//3377 3376//3376 3375//3375
f 3378//3378 3379//3379 3380//3380
f 3381//3381 3380//3380 3379//3379
f 3382//3382 3383//3383 3384//3384
f 3385//3385 3384//3384 3383//3383
f 3386//3386 3387//3387 3388//3388
f 3389//3389 3388//3388 3387//3387
f 3390//3390 3391//3391 3392//3392
f 3393//3393 3392//3392 3391//3391
f 3394//3394 3395//3395 3396//3396
f 3397//3397 3396//3396 3395//3395
f 3393//3393 3391//3391 3398//3398
f 3399//3399 3398//3398 3391//3391
f 3396//3396 3397//3397 3400//3400
f 3401//3401 3400//3400 3397//3397
f 3402//3402 3403//3403 3404//3404
f 3405//3405 3404//3404 3403//3403
f 3406//3406 3407//3407 3408//3408
f 3409//3409 3408//3408 3407//3407
f 3410//3410 3411//3411 3412//3412
f 3204//3204 3413//3413 3414//3414
f 3415//3415 3416//3416 3417//3417
f 3418//3418 3419//3419 3420//3420
f 3421//3421 3422//3422 3423//3423
f 3424//3424 3423//3423 3422//3422
f 3425//3425 3426//3426 3427//3427
f 3428//3428 3427//3427 3426//3426
f 3429//3429 3430//3430 3431//3431
f 3432//3432 3431//3431 3430//3430
f 3433//3433 3434//3434 3435//3435
f 3436//3436 3435//3435 3434//3434
f 3437//3437 3438//3438 3439//3439
f 3440//3440 3439//3439 3438//3438
f 3441//3441 3442//3442 3443//3443
f 3444//3444 3443//3443 3442//3442
f 3445//3445 3446//3446 3447//3447
f 3448//3448 3447//3447 3446//3446
f 3449//3449 3450//3450 3451//3451
f 3452//3452 3451//3451 3450//3450
f 3448//3448 3453//3453 3447//3447
f 3454//3454 3447//3447 3453//3453
f 3450//3450 3455//3455 3452//3452
f 3456//3456 3452//3452 3455//3455
f 3457//3457 3458//3458 3459//3459
f 3460//3460 3459//3459 3458//3458
f 3461//3461 3462//3462 3463//3463
f 3464//3464 3463//3463 3462//3462
f 3465//3465 3466//3466 3467//3467
f 3303//3303 3468//3468 3469//3469
f 3470//3470 3471//3471 3472//3472
f 3473//3473 3474//3474 3475//3475
f 3476//3476 3392//3392 3477//3477
f 3478//3478 3477//3477 3392//3392
f 3479//3479 3480//3480 3481//3481
f 3482//3482 3481//3481 3480//3480
f 3483//3483 3484//3484 3485//3485
f 3486//3486 3485//3485 3484//3484
f 3487//3487 3488//3488 3489//3489
f 3490//3490 3489//3489 3488//3488
f 3383//3383 3491//3491 3385//3385
f 3492//3492 3385//3385 3491//3491
f 3387//3387 3367//3367 3389//3389
f 3493//3493 3389//3389 3367//3367
f 3390//3390 3494//3494 3391//3391
f 3495//3495 3391//3391 3494//3494
f 3496//3496 3497//3497 3395//3395
f 3397//3397 3395//3395 3497//3497
f 3495//3495 3498//3498 3391//3391
f 3399//3399 3391//3391 3498//3498
f 3497//3497 3499//3499 3397//3397
f 3401//3401 3397//3397 3499//3499
f 3402//3402 3500//3500 3403//3403
f 3501//3501 3403//3403 3500//3500
f 3502//3502 3503//3503 3406//3406
f 3407//3407 3406//3406 3503//3503
f 3504//3504 3505//3505 3506//3506
f 3507//3507 3506//3506 3505//3505
f 3508//3508 3509//3509 3510//3510
f 3511//3511 3512//3512 3513//3513
f 3514//3514 3515//3515 3446//3446
f 3516//3516 3446//3446 3515//3515
f 3517//3517 3518//3518 3519//3519
f 3520//3520 3519//3519 3518//3518
f 3521//3521 3522//3522 3523//3523
f 3524//3524 3523//3523 3522//3522
f 3525//3525 3526//3526 3527//3527
f 3528//3528 3527//3527 3526//3526
f 3439//3439 3440//3440 3529//3529
f 3530//3530 3529//3529 3440//3440
f 3443//3443 3444//3444 3423//3423
f 3531//3531 3423//3423 3444//3444
f 3445//3445 3447//3447 3532//3532
f 3533//3533 3532//3532 3447//3447
f 3534//3534 3451//3451 3535//3535
f 3452//3452 3535//3535 3451//3451
f 3533//3533 3447//3447 3536//3536
f 3454//3454 3536//3536 3447//3447
f 3535//3535 3452//3452 3537//3537
f 3456//3456 3537//3537 3452//3452
f 3457//3457 3459//3459 3538//3538
f 3539//3539 3538//3538 3459//3459
f 3540//3540 3461//3461 3541//3541
f 3463//3463 3541//3541 3461//3461
f 3542//3542 3543//3543 3544//3544
f 3545//3545 3544//3544 3543//3543
f 3546//3546 3547//3547 3548//3548
f 3549//3549 3550//3550 3551//3551
f 3552//3552 3380//3380 3553//3553
f 3381//3381 3553//3553 3380//3380
f 3366//3366 3368//3368 3554//3554
f 3555//3555 3554//3554 3368//3368
f 3372//3372 3373//3373 3382//3382
f 3556//3556 3382//3382 3373//3373
f 3557//3557 3374//3374 3558//3558
f 3376//3376 3558//3558 3374//3374
f 3559//3559 3560//3560 3561//3561
f 3562//3562 3561//3561 3560//3560
f 3554//3554 3563//3563 3564//3564
f 3565//3565 3564//3564 3563//3563
f 3566//3566 3567//3567 3568//3568
f 3569//3569 3568//3568 3567//3567
f 3570//3570 3571//3571 3480//3480
f 3572//3572 3480//3480 3571//3571
f 3569//3569 3567//3567 3573//3573
f 3574//3574 3573//3573 3567//3567
f 3571//3571 3575//3575 3572//3572
f 3576//3576 3572//3572 3575//3575
f 3577//3577 3578//3578 3579//3579
f 3580//3580 3579//3579 3578//3578
f 3581//3581 3582//3582 3583//3583
f 3584//3584 3583//3583 3582//3582
f 3585//3585 3586//3586 3587//3587
f 3588//3588 3587//3587 3586//3586
f 3589//3589 3590//3590 3591//3591
f 3592//3592 3591//3591 3590//3590
f 3593//3593 3594//3594 3434//3434
f 3436//3436 3434//3434 3594//3594
f 3421//3421 3595//3595 3422//3422
f 3596//3596 3422//3422 3595//3595
f 3426//3426 3437//3437 3428//3428
f 3597//3597 3428//3428 3437//3437
f 3598//3598 3599//3599 3429//3429
f 3430//3430 3429//3429 3599//3599
f 3600//3600 3601//3601 3602//3602
f 3603//3603 3602//3602 3601//3601
f 3595//3595 3604//3604 3605//3605
f 3606//3606 3605//3605 3604//3604
f 3607//3607 3608//3608 3609//3609
f 3610//3610 3609//3609 3608//3608
f 3611//3611 3519//3519 3612//3612
f 3613//3613 3612//3612 3519//3519
f 3610//3610 3614//3614 3609//3609
f 3615//3615 3609//3609 3614//3614
f 3612//3612 3613//3613 3616//3616
f 3617//3617 3616//3616 3613//3613
f 3618//3618 3619//3619 3620//3620
f 3621//3621 3620//3620 3619//3619
f 3622//3622 3623//3623 3624//3624
f 3625//3625 3624//3624 3623//3623
f 3626//3626 3627//3627 3628//3628
f 3629//3629 3628//3628 3627//3627
f 3630//3630 3631//3631 3632//3632
f 3633//3633 3632//3632 3631//3631
f 3634//3634 3635//3635 3636//3636
f 3637//3637 3636//3636 3635//3635
f 3559//3559 3638//3638 3560//3560
f 3639//3639 3560//3560 3638//3638
f 3563//3563 3640//3640 3641//3641
f 3642//3642 3641//3641 3640//3640
f 3383//3383 3643//3643 3491//3491
f 3644//3644 3491//3491 3643//3643
f 3491//3491 3645//3645 3492//3492
f 3646//3646 3492//3492 3645//3645
f 3367//3367 3366//3366 3493//3493
f 3647//3647 3493//3493 3366//3366
f 3648//3648 3649//3649 3494//3494
f 3495//3495 3494//3494 3649//3649
f 3496//3496 3482//3482 3497//3497
f 3650//3650 3497//3497 3482//3482
f 3495//3495 3649//3649 3498//3498
f 3651//3651 3498//3498 3649//3649
f 3497//3497 3650//3650 3499//3499
f 3652//3652 3499//3499 3650//3650
f 3653//3653 3654//3654 3500//3500
f 3501//3501 3500//3500 3654//3654
f 3655//3655 3656//3656 3502//3502
f 3503//3503 3502//3502 3656//3656
f 3657//3657 3658//3658 3659//3659
f 3660//3660 3661//3661 3662//3662
f 3663//3663 3664//3664 3665//3665
f 3666//3666 3667//3667 3668//3668
f 3669//3669 3670//3670 3671//3671
f 3672//3672 3671//3671 3670//3670
f 3600//3600 3602//3602 3673//3673
f 3674//3674 3673//3673 3602//3602
f 3605//3605 3675//3675 3676//3676
f 3677//3677 3676//3676 3675//3675
f 3439//3439 3529//3529 3678//3678
f 3679//3679 3678//3678 3529//3529
f 3529//3529 3530//3530 3680//3680
f 3681//3681 3680//3680 3530//3530
f 3423//3423 3531//3531 3421//3421
f 3682//3682 3421//3421 3531//3531
f 3683//3683 3532//3532 3684//3684
f 3533//3533 3684//3684 3532//3532
f 3534//3534 3535//3535 3520//3520
f 3685//3685 3520//3520 3535//3535
f 3533//3533 3536//3536 3684//3684
f 3686//3686 3684//3684 3536//3536
f 3535//3535 3537//3537 3685//3685
f 3687//3687 3685//3685 3537//3537
f 3688//3688 3538//3538 3689//3689
f 3539//3539 3689//3689 3538//3538
f 3690//3690 3540//3540 3691//3691
f 3541//3541 3691//3691 3540//3540
f 3692//3692 3693//3693 3694//3694
f 3695//3695 3696//3696 3697//3697
f 3698//3698 3699//3699 3700//3700
f 3701//3701 3702//3702 3703//3703
f 3704//3704 3705//3705 3568//3568
f 3566//3566 3568//3568 3705//3705
f 3706//3706 3707//3707 3708//3708
f 3709//3709 3708//3708 3707//3707
f 3710//3710 3711//3711 3712//3712
f 3713//3713 3712//3712 3711//3711
f 3714//3714 3715//3715 3394//3394
f 3395//3395 3394//3394 3715//3715
f 3645//3645 3559//3559 3646//3646
f 3561//3561 3646//3646 3559//3559
f 3366//3366 3554//3554 3647//3647
f 3564//3564 3647//3647 3554//3554
f 3648//3648 3568//3568 3649//3649
f 3569//3569 3649//3649 3568//3568
f 3480//3480 3572//3572 3482//3482
f 3650//3650 3482//3482 3572//3572
f 3569//3569 3573//3573 3649//3649
f 3651//3651 3649//3649 3573//3573
f 3572//3572 3576//3576 3650//3650
f 3652//3652 3650//3650 3576//3576
f 3577//3577 3579//3579 3653//3653
f 3654//3654 3653//3653 3579//3579
f 3583//3583 3584//3584 3655//3655
f 3656//3656 3655//3655 3584//3584
f 3585//3585 3587//3587 3716//3716
f 3717//3717 3718//3718 3719//3719
f 3589//3589 3591//3591 3720//3720
f 3721//3721 3722//3722 3723//3723
f 3724//3724 3608//3608 3725//3725
f 3607//3607 3725//3725 3608//3608
f 3726//3726 3727//3727 3728//3728
f 3729//3729 3728//3728 3727//3727
f 3730//3730 3731//3731 3732//3732
f 3733//3733 3732//3732 3731//3731
f 3734//3734 3449//3449 3735//3735
f 3451//3451 3735//3735 3449//3449
f 3680//3680 3681//3681 3600//3600
f 3601//3601 3600//3600 3681//3681
f 3421//3421 3682//3682 3595//3595
f 3604//3604 3595//3595 3682//3682
f 3683//3683 3684//3684 3608//3608
f 3610//3610 3608//3608 3684//3684
f 3519//3519 3520//3520 3613//3613
f 3685//3685 3613//3613 3520//3520
f 3610//3610 3684//3684 3614//3614
f 3686//3686 3614//3614 3684//3684
f 3613//3613 3685//3685 3617//3617
f 3687//3687 3617//3617 3685//3685
f 3618//3618 3688//3688 3619//3619
f 3689//3689 3619//3619 3688//3688
f 3623//3623 3690//3690 3625//3625
f 3691//3691 3625//3625 3690//3690
f 3626//3626 3736//3736 3627//3627
f 3737//3737 3738//3738 3739//3739
f 3630//3630 3740//3740 3631//3631
f 3741//3741 3742//3742 3743//3743
f 3487//3487 3489//3489 3744//3744
f 3570//3570 3744//3744 3489//3489
f 3745//3745 3477//3477 3746//3746
f 3478//3478 3746//3746 3477//3477
f 3747//3747 3481//3481 3496//3496
f 3482//3482 3496//3496 3481//3481
f 3483//3483 3485//3485 3748//3748
f 3749//3749 3748//3748 3485//3485
f 3560//3560 3375//3375 3562//3562
f 3750//3750 3562//3562 3375//3375
f 3563//3563 3641//3641 3565//3565
f 3751//3751 3565//3565 3641//3641
f 3566//3566 3749//3749 3567//3567
f 3752//3752 3567//3567 3749//3749
f 3570//3570 3489//3489 3571//3571
f 3753//3753 3571//3571 3489//3489
f 3752//3752 3754//3754 3567//3567
f 3574//3574 3567//3567 3754//3754
f 3571//3571 3753//3753 3575//3575
f 3755//3755 3575//3575 3753//3753
f 3578//3578 3756//3756 3580//3580
f 3757//3757 3580//3580 3756//3756
f 3758//3758 3759//3759 3581//3581
f 3582//3582 3581//3581 3759//3759
f 3760//3760 3761//3761 3762//3762
f 3763//3763 3764//3764 3765//3765
f 3766//3766 3767//3767 3590//3590
f 3592//3592 3590//3590 3767//3767
f 3525//3525 3768//3768 3526//3526
f 3611//3611 3526//3526 3768//3768
f 3769//3769 3770//3770 3515//3515
f 3516//3516 3515//3515 3770//3770
f 3771//3771 3534//3534 3518//3518
f 3520//3520 3518//3518 3534//3534
f 3521//3521 3772//3772 3522//3522
f 3773//3773 3522//3522 3772//3772
f 3602//3602 3603//3603 3431//3431
f 3774//3774 3431//3431 3603//3603
f 3605//3605 3606//3606 3675//3675
f 3775//3775 3675//3675 3606//3606
f 3607//3607 3609//3609 3773//3773
f 3776//3776 3773//3773 3609//3609
f 3611//3611 3612//3612 3526//3526
f 3777//3777 3526//3526 3612//3612
f 3776//3776 3609//3609 3778//3778
f 3615//3615 3778//3778 3609//3609
f 3612//3612 3616//3616 3777//3777
f 3779//3779 3777//3777 3616//3616
f 3620//3620 3621//3621 3780//3780
f 3781//3781 3780//3780 3621//3621
f 3782//3782 3622//3622 3783//3783
f 3624//3624 3783//3783 3622//3622
f 3784//3784 3785//3785 3786//3786
f 3787//3787 3788//3788 3789//3789
f 3790//3790 3632//3632 3791//3791
f 3633//3633 3791//3791 3632//3632
f 3491//3491 3644//3644 3645//3645
f 3792//3792 3645//3645 3644//3644
f 3793//3793 3636//3636 3794//3794
f 3637//3637 3794//3794 3636//3636
f 3560//3560 3639//3639 3375//3375
f 3377//3377 3375//3375 3639//3639
f 3378//3378 3641//3641 3379//3379
f 3642//3642 3379//3379 3641//3641
f 3375//3375 3374//3374 3750//3750
f 3795//3795 3750//3750 3374//3374
f 3641//3641 3378//3378 3751//3751
f 3796//3796 3751//3751 3378//3378
f 3485//3485 3797//3797 3749//3749
f 3752//3752 3749//3749 3797//3797
f 3490//3490 3798//3798 3489//3489
f 3753//3753 3489//3489 3798//3798
f 3797//3797 3799//3799 3752//3752
f 3754//3754 3752//3752 3799//3799
f 3798//3798 3800//3800 3753//3753
f 3755//3755 3753//3753 3800//3800
f 3756//3756 3801//3801 3757//3757
f 3802//3802 3757//3757 3801//3801
f 3803//3803 3804//3804 3758//3758
f 3759//3759 3758//3758 3804//3804
f 3760//3760 3805//3805 3761//3761
f 3806//3806 3807//3807 3808//3808
f 3766//3766 3809//3809 3767//3767
f 3810//3810 3811//3811 3812//3812
f 3529//3529 3680//3680 3679//3679
f 3813//3813 3679//3679 3680//3680
f 3814//3814 3815//3815 3670//3670
f 3672//3672 3670//3670 3815//3815
f 3602//3602 3431//3431 3674//3674
f 3432//3432 3674//3674 3431//3431
f 3433//3433 3435//3435 3675//3675
f 3677//3677 3675//3675 3435//3435
f 3431//3431 3774//3774 3429//3429
f 3816//3816 3429//3429 3774//3774
f 3675//3675 3775//3775 3433//3433
f 3817//3817 3433//3433 3775//3775
f 3522//3522 3773//3773 3818//3818
f 3776//3776 3818//3818 3773//3773
f 3528//3528 3526//3526 3819//3819
f 3777//3777 3819//3819 3526//3526
f 3818//3818 3776//3776 3820//3820
f 3778//3778 3820//3820 3776//3776
f 3819//3819 3777//3777 3821//3821
f 3779//3779 3821//3821 3777//3777
f 3780//3780 3781//3781 3822//3822
f 3823//3823 3822//3822 3781//3781
f 3824//3824 3782//3782 3825//3825
f 3783//3783 3825//3825 3782//3782
f 3784//3784 3786//3786 3826//3826
f 3827//3827 3828//3828 3829//3829
f 3790//3790 3791//3791 3830//3830
f 3831//3831 3832//3832 3833//3833
f 3714//3714 3394//3394 3834//3834
f 3835//3835 3834//3834 3394//3394
f 3704//3704 3568//3568 3836//3836
f 3648//3648 3836//3836 3568//3568
f 3706//3706 3708//3708 3484//3484
f 3486//3486 3484//3484 3708//3708
f 3710//3710 3712//3712 3488//3488
f 3490//3490 3488//3488 3712//3712
f 3374//3374 3557//3557 3795//3795
f 3837//3837 3795//3795 3557//3557
f 3378//3378 3380//3380 3796//3796
f 3838//3838 3796//3796 3380//3380
f 3485//3485 3486//3486 3797//3797
f 3839//3839 3797//3797 3486//3486
f 3490//3490 3712//3712 3798//3798
f 3840//3840 3798//3798 3712//3712
f 3839//3839 3841//3841 3797//3797
f 3799//3799 3797//3797 3841//3841
f 3840//3840 3842//3842 3798//3798
f 3800//3800 3798//3798 3842//3842
f 3801//3801 3843//3843 3802//3802
f 3844//3844 3802//3802 3843//3843
f 3845//3845 3846//3846 3803//3803
f 3804//3804 3803//3803 3846//3846
f 3847//3847 3848//3848 3849//3849
f 3850//3850 3851//3851 3852//3852
f 3853//3853 3854//3854 3855//3855
f 3856//3856 3857//3857 3858//3858
f 3734//3734 3859//3859 3449//3449
f 3860//3860 3449//3449 3859//3859
f 3724//3724 3861//3861 3608//3608
f 3683//3683 3608//3608 3861//3861
f 3726//3726 3523//3523 3727//3727
f 3524//3524 3727//3727 3523//3523
f 3730//3730 3527//3527 3731//3731
f 3528//3528 3731//3731 3527//3527
f 3429//3429 3816//3816 3598//3598
f 3862//3862 3598//3598 3816//3816
f 3433//3433 3817//3817 3434//3434
f 3863//3863 3434//3434 3817//3817
f 3522//3522 3818//3818 3524//3524
f 3864//3864 3524//3524 3818//3818
f 3528//3528 3819//3819 3731//3731
f 3865//3865 3731//3731 3819//3819
f 3864//3864 3818//3818 3866//3866
f 3820//3820 3866//3866 3818//3818
f 3865//3865 3819//3819 3867//3867
f 3821//3821 3867//3867 3819//3819
f 3822//3822 3823//3823 3868//3868
f 3869//3869 3868//3868 3823//3823
f 3870//3870 3824//3824 3871//3871
f 3825//3825 3871//3871 3824//3824
f 3872//3872 3873//3873 3874//3874
f 3875//3875 3876//3876 3877//3877
f 3878//3878 3879//3879 3880//3880
f 3881//3881 3882//3882 3883//3883
f 3367//3367 3387//3387 3369//3369
f 3884//3884 3369//3369 3387//3387
f 3552//3552 3553//3553 3370//3370
f 3371//3371 3370//3370 3553//3553
f 3563//3563 3554//3554 3640//3640
f 3555//3555 3640//3640 3554//3554
f 3386//3386 3885//3885 3387//3387
f 3884//3884 3387//3387 3885//3885
f 3557//3557 3634//3634 3837//3837
f 3886//3886 3837//3837 3634//3634
f 3380//3380 3552//3552 3838//3838
f 3887//3887 3838//3838 3552//3552
f 3708//3708 3888//3888 3486//3486
f 3839//3839 3486//3486 3888//3888
f 3713//3713 3889//3889 3712//3712
f 3840//3840 3712//3712 3889//3889
f 3839//3839 3888//3888 3841//3841
f 3890//3890 3841//3841 3888//3888
f 3840//3840 3889//3889 3842//3842
f 3891//3891 3842//3842 3889//3889
f 3843//3843 3892//3892 3844//3844
f 3893//3893 3844//3844 3892//3892
f 3894//3894 3895//3895 3845//3845
f 3846//3846 3845//3845 3895//3895
f 3896//3896 3897//3897 3898//3898
f 3899//3899 3900//3900 3901//3901
f 3902//3902 3903//3903 3904//3904
f 3905//3905 3904//3904 3903//3903
f 3423//3423 3424//3424 3443//3443
f 3906//3906 3443//3443 3424//3424
f 3593//3593 3425//3425 3594//3594
f 3427//3427 3594//3594 3425//3425
f 3605//3605 3676//3676 3595//3595
f 3596//3596 3595//3595 3676//3676
f 3441//3441 3443//3443 3907//3907
f 3906//3906 3907//3907 3443//3443
f 3598//3598 3862//3862 3669//3669
f 3908//3908 3669//3669 3862//3862
f 3434//3434 3863//3863 3593//3593
f 3909//3909 3593//3593 3863//3863
f 3727//3727 3524//3524 3910//3910
f 3864//3864 3910//3910 3524//3524
f 3733//3733 3731//3731 3911//3911
f 3865//3865 3911//3911 3731//3731
f 3864//3864 3866//3866 3910//3910
f 3912//3912 3910//3910 3866//3866
f 3865//3865 3867//3867 3911//3911
f 3913//3913 3911//3911 3867//3867
f 3868//3868 3869//3869 3914//3914
f 3915//3915 3914//3914 3869//3869
f 3916//3916 3870//3870 3917//3917
f 3871//3871 3917//3917 3870//3870
f 3918//3918 3919//3919 3920//3920
f 3921//3921 3922//3922 3923//3923
f 3924//3924 3925//3925 3926//3926
f 3927//3927 3926//3926 3925//3925
f 3476//3476 3928//3928 3392//3392
f 3390//3390 3392//3392 3928//3928
f 3744//3744 3570//3570 3479//3479
f 3480//3480 3479//3479 3570//3570
f 3745//3745 3746//3746 3711//3711
f 3713//3713 3711//3711 3746//3746
f 3929//3929 3494//3494 3928//3928
f 3390//3390 3928//3928 3494//3494
f 3634//3634 3636//3636 3886//3886
f 3930//3930 3886//3886 3636//3636
f 3552//3552 3370//3370 3887//3887
f 3931//3931 3887//3887 3370//3370
f 3709//3709 3932//3932 3708//3708
f 3888//3888 3708//3708 3932//3932
f 3713//3713 3746//3746 3889//3889
f 3933//3933 3889//3889 3746//3746
f 3932//3932 3934//3934 3888//3888
f 3890//3890 3888//3888 3934//3934
f 3933//3933 3935//3935 3889//3889
f 3891//3891 3889//3889 3935//3935
f 3892//3892 3936//3936 3893//3893
f 3937//3937 3893//3893 3936//3936
f 3894//3894 3938//3938 3895//3895
f 3939//3939 3895//3895 3938//3938
f 3940//3940 3179//3179 3941//3941
f 3942//3942 3943//3943 3944//3944
f 3902//3902 3945//3945 3903//3903
f 3207//3207 3903//3903 3945//3945
f 3514//3514 3446//3446 3946//3946
f 3445//3445 3946//3946 3446//3446
f 3768//3768 3517//3517 3611//3611
f 3519//3519 3611//3611 3517//3517
f 3769//3769 3732//3732 3770//3770
f 3733//3733 3770//3770 3732//3732
f 3947//3947 3946//3946 3532//3532
f 3445//3445 3532//3532 3946//3946
f 3669//3669 3908//3908 3670//3670
f 3948//3948 3670//3670 3908//3908
f 3593//3593 3909//3909 3425//3425
f 3949//3949 3425//3425 3909//3909
f 3729//3729 3727//3727 3950//3950
f 3910//3910 3950//3950 3727//3727
f 3733//3733 3911//3911 3770//3770
f 3951//3951 3770//3770 3911//3911
f 3950//3950 3910//3910 3952//3952
f 3912//3912 3952//3952 3910//3910
f 3951//3951 3911//3911 3953//3953
f 3913//3913 3953//3953 3911//3911
f 3914//3914 3915//3915 3954//3954
f 3955//3955 3954//3954 3915//3915
f 3916//3916 3917//3917 3956//3956
f 3957//3957 3956//3956 3917//3917
f 3958//3958 3959//3959 3278//3278
f 3960//3960 3961//3961 3962//3962
f 3924//3924 3926//3926 3963//3963
f 3306//3306 3963//3963 3926//3926
f 3557//3557 3558//3558 3634//3634
f 3635//3635 3634//3634 3558//3558
f 3559//3559 3645//3645 3638//3638
f 3792//3792 3638//3638 3645//3645
f 3964//3964 3793//3793 3965//3965
f 3794//3794 3965//3965 3793//3793
f 3382//3382 3556//3556 3383//3383
f 3643//3643 3383//3383 3556//3556
f 3636//3636 3793//3793 3930//3930
f 3966//3966 3930//3930 3793//3793
f 3370//3370 3372//3372 3931//3931
f 3967//3967 3931//3931 3372//3372
f 3835//3835 3968//3968 3709//3709
f 3932//3932 3709//3709 3968//3968
f 3478//3478 3969//3969 3746//3746
f 3933//3933 3746//3746 3969//3969
f 3968//3968 3970//3970 3932//3932
f 3934//3934 3932//3932 3970//3970
f 3933//3933 3969//3969 3935//3935
f 3971//3971 3935//3935 3969//3969
f 3936//3936 3972//3972 3937//3937
f 3973//3973 3937//3937 3972//3972
f 3938//3938 3974//3974 3939//3939
f 3975//3975 3939//3939 3974//3974
f 3940//3940 3976//3976 3179//3179
f 3178//3178 3179//3179 3976//3976
f 3945//3945 3977//3977 3207//3207
f 3206//3206 3207//3207 3977//3977
f 3598//3598 3669//3669 3599//3599
f 3671//3671 3599//3599 3669//3669
f 3600//3600 3673//3673 3680//3680
f 3813//3813 3680//3680 3673//3673
f 3978//3978 3979//3979 3814//3814
f 3815//3815 3814//3814 3979//3979
f 3437//3437 3439//3439 3597//3597
f 3678//3678 3597//3597 3439//3439
f 3670//3670 3948//3948 3814//3814
f 3980//3980 3814//3814 3948//3948
f 3425//3425 3949//3949 3426//3426
f 3981//3981 3426//3426 3949//3949
f 3860//3860 3729//3729 3982//3982
f 3950//3950 3982//3982 3729//3729
f 3516//3516 3770//3770 3983//3983
f 3951//3951 3983//3983 3770//3770
f 3982//3982 3950//3950 3984//3984
f 3952//3952 3984//3984 3950//3950
f 3951//3951 3953//3953 3983//3983
f 3985//3985 3983//3983 3953//3953
f 3954//3954 3955//3955 3986//3986
f 3987//3987 3986//3986 3955//3955
f 3956//3956 3957//3957 3988//3988
f 3989//3989 3988//3988 3957//3957
f 3958//3958 3278//3278 3990//3990
f 3277//3277 3990//3990 3278//3278
f 3963//3963 3306//3306 3991//3991
f 3304//3304 3991//3991 3306//3306
f 3748//3748 3749//3749 3705//3705
f 3566//3566 3705//3705 3749//3749
f 3707//3707 3834//3834 3709//3709
f 3835//3835 3709//3709 3834//3834
f 3929//3929 3836//3836 3494//3494
f 3648//3648 3494//3494 3836//3836
f 3747//3747 3496//3496 3715//3715
f 3395//3395 3715//3715 3496//3496
f 3793//3793 3964//3964 3966//3966
f 3992//3992 3966//3966 3964//3964
f 3372//3372 3382//3382 3967//3967
f 3384//3384 3967//3967 3382//3382
f 3835//3835 3394//3394 3968//3968
f 3396//3396 3968//3968 3394//3394
f 3478//3478 3392//3392 3969//3969
f 3393//3393 3969//3969 3392//3392
f 3968//3968 3396//3396 3970//3970
f 3400//3400 3970//3970 3396//3396
f 3393//3393 3398//3398 3969//3969
f 3971//3971 3969//3969 3398//3398
f 3972//3972 3408//3408 3973//3973
f 3409//3409 3973//3973 3408//3408
f 3974//3974 3404//3404 3975//3975
f 3405//3405 3975//3975 3404//3404
f 3993//3993 3177//3177 3976//3976
f 3178//3178 3976//3976 3177//3177
f 3413//3413 3204//3204 3977//3977
f 3206//3206 3977//3977 3204//3204
f 3772//3772 3725//3725 3773//3773
f 3607//3607 3773//3773 3725//3725
f 3728//3728 3729//3729 3859//3859
f 3860//3860 3859//3859 3729//3729
f 3947//3947 3532//3532 3861//3861
f 3683//3683 3861//3861 3532//3532
f 3771//3771 3735//3735 3534//3534
f 3451//3451 3534//3534 3735//3735
f 3814//3814 3980//3980 3978//3978
f 3994//3994 3978//3978 3980//3980
f 3426//3426 3981//3981 3437//3437
f 3438//3438 3437//3437 3981//3981
f 3860//3860 3982//3982 3449//3449
f 3450//3450 3449//3449 3982//3982
f 3516//3516 3983//3983 3446//3446
f 3448//3448 3446//3446 3983//3983
f 3982//3982 3984//3984 3450//3450
f 3455//3455 3450//3450 3984//3984
f 3448//3448 3983//3983 3453//3453
f 3985//3985 3453//3453 3983//3983
f 3986//3986 3987//3987 3462//3462
f 3464//3464 3462//3462 3987//3987
f 3988//3988 3989//3989 3458//3458
f 3460//3460 3458//3458 3989//3989
f 3995//3995 3990//3990 3276//3276
f 3277//3277 3276//3276 3990//3990
f 3469//3469 3991//3991 3303//3303
f 3304//3304 3303//3303 3991//3991
f 3996//3996 3997//3997 3998//3998
f 3999//3999 4000//4000 4001//4001
f 4002//4002 4003//4003 4004//4004
f 4004//4004 4003//4003 4005//4005
f 4005//4005 4003//4003 4006//4006
f 4006//4006 4003//4003 4007//4007
f 4007//4007 4003//4003 4008//4008
f 4009//4009 4010//4010 4011//4011
f 4012//4012 4013//4013 4014//4014
f 4014//4014 4013//4013 4015//4015
f 4015//4015 4013//4013 4016//4016
f 4017//4017 4018//4018 4019//4019
f 4020//4020 4021//4021 4022//4022
f 4023//4023 4024//4024 4025//4025
f 4026//4026 4027//4027 4028//4028
f 4029//4029 4030//4030 4031//4031
f 4032//4032 4033//4033 4034//4034
f 4034//4034 4033//4033 4035//4035
f 4036//4036 4037//4037 4038//4038
f 4039//4039 4040//4040 4041//4041
f 4042//4042 4043//4043 4044//4044
f 4044//4044 4043//4043 4045//4045
f 4046//4046 4047//4047 4048//4048
f 4048//4048 4047//4047 4049//4049
f 4050//4050 4051//4051 4052//4052
f 4053//4053 4054//4054 4055//4055
f 4055//4055 4054//4054 4056//4056
f 4057//4057 4058//4058 4059//4059
f 4060//4060 4061//4061 4062//4062
f 4062//4062 4061//4061 4063//4063
f 4064//4064 4065//4065 4066//4066
f 4067//4067 4068//4068 4069//4069
f 4069//4069 4068//4068 4070//4070
f 4070//4070 4068//4068 4071//4071
f 4071//4071 4068//4068 4072//4072
f 4072//4072 4068//4068 4073//4073
f 4074//4074 4075//4075 4076//4076
f 4077//4077 4078//4078 4079//4079
f 4079//4079 4078//4078 4080//4080
f 4081//4081 4058//4058 4082//4082
f 4083//4083 4061//4061 4084//4084
f 4084//4084 4061//4061 4085//4085
f 4086//4086 4065//4065 4087//4087
f 4088//4088 4089//4089 4090//4090
f 4090//4090 4089//4089 4091//4091
f 4091//4091 4089//4089 4092//4092
f 4092//4092 4089//4089 4093//4093
f 4093//4093 4089//4089 4094//4094
f 4095//4095 4096//4096 4097//4097
f 4098//4098 4099//4099 4100//4100
f 4101//4101 4102//4102 4103//4103
f 4102//4102 4104//4104 4103//4103
f 4104//4104 4105//4105 4103//4103
f 4105//4105 4106//4106 4103//4103
f 4106//4106 4107//4107 4103//4103
f 4108//4108 4109//4109 4110//4110
f 4111//4111 4112//4112 4113//4113
f 4112//4112 4114//4114 4113//4113
f 4114//4114 4115//4115 4113//4113
f 4116//4116 4117//4117 4118//4118
f 4119//4119 4120//4120 4121//4121
f 4122//4122 4123//4123 4124//4124
f 4125//4125 4126//4126 4127//4127
f 4128//4128 4129//4129 4130//4130
f 4131//4131 4132//4132 4133//4133
f 4132//4132 4134//4134 4133//4133
f 4135//4135 4136//4136 4137//4137
f 4138//4138 4139//4139 4140//4140
f 4141//4141 4142//4142 4143//4143
f 4142//4142 4144//4144 4143//4143
f 4145//4145 4146//4146 4147//4147
f 4146//4146 4148//4148 4147//4147
f 4149//4149 4150//4150 4151//4151
f 4152//4152 4153//4153 4154//4154
f 4153//4153 4155//4155 4154//4154
f 4156//4156 4157//4157 4158//4158
f 4159//4159 4160//4160 4161//4161
f 4160//4160 4162//4162 4161//4161
f 4163//4163 4164//4164 4165//4165
f 4166//4166 4167//4167 4168//4168
f 4167//4167 4169//4169 4168//4168
f 4169//4169 4170//4170 4168//4168
f 4170//4170 4171//4171 4168//4168
f 4171//4171 4172//4172 4168//4168
f 4173//4173 4174//4174 4175//4175
f 4176//4176 4177//4177 4178//4178
f 4177//4177 4179//4179 4178//4178
f 4180//4180 4181//4181 4158//4158
f 4182//4182 4183//4183 4161//4161
f 4183//4183 4184//4184 4161//4161
f 4185//4185 4186//4186 4165//4165
f 4187//4187 4188//4188 4189//4189
f 4188//4188 4190//4190 4189//4189
f 4190//4190 4191//4191 4189//4189
f 4191//4191 4192//4192 4189//4189
f 4192//4192 4193//4193 4189//4189
f 4194//4194 4195//4195 4196//4196
f 4197//4197 4196//4196 4195//4195
f 4198//4198 4199//4199 4200//4200
f 4201//4201 4200//4200 4199//4199
f 4202//4202 4203//4203 4204//4204
f 4205//4205 4204//4204 4203//4203
f 4206//4206 4207//4207 4208//4208
f 4209//4209 4208//4208 4207//4207
f 4210//4210 4211//4211 4212//4212
f 4213//4213 4212//4212 4211//4211
f 4214//4214 4215//4215 4216//4216
f 4217//4217 4216//4216 4215//4215
f 4218//4218 4219//4219 4220//4220
f 4221//4221 4220//4220 4219//4219
f 4222//4222 4223//4223 4224//4224
f 4225//4225 4224//4224 4223//4223
f 4221//4221 4219//4219 4226//4226
f 4227//4227 4226//4226 4219//4219
f 4224//4224 4225//4225 4228//4228
f 4229//4229 4228//4228 4225//4225
f 4230//4230 4231//4231 4232//4232
f 4233//4233 4232//4232 4231//4231
f 4234//4234 4235//4235 4236//4236
f 4237//4237 4236//4236 4235//4235
f 4238//4238 4239//4239 4240//4240
f 4032//4032 4241//4241 4242//4242
f 4243//4243 4244//4244 4245//4245
f 4246//4246 4247//4247 4248//4248
f 4249//4249 4250//4250 4251//4251
f 4252//4252 4251//4251 4250//4250
f 4253//4253 4254//4254 4255//4255
f 4256//4256 4255//4255 4254//4254
f 4257//4257 4258//4258 4259//4259
f 4260//4260 4259//4259 4258//4258
f 4261//4261 4262//4262 4263//4263
f 4264//4264 4263//4263 4262//4262
f 4265//4265 4266//4266 4267//4267
f 4268//4268 4267//4267 4266//4266
f 4269//4269 4270//4270 4271//4271
f 4272//4272 4271//4271 4270//4270
f 4273//4273 4274//4274 4275//4275
f 4276//4276 4275//4275 4274//4274
f 4277//4277 4278//4278 4279//4279
f 4280//4280 4279//4279 4278//4278
f 4276//4276 4281//4281 4275//4275
f 4282//4282 4275//4275 4281//4281
f 4278//4278 4283//4283 4280//4280
f 4284//4284 4280//4280 4283//4283
f 4285//4285 4286//4286 4287//4287
f 4288//4288 4287//4287 4286//4286
f 4289//4289 4290//4290 4291//4291
f 4292//4292 4291//4291 4290//4290
f 4293//4293 4294//4294 4295//4295
f 4131//4131 4296//4296 4297//4297
f 4298//4298 4299//4299 4300//4300
f 4301//4301 4302//4302 4303//4303
f 4304//4304 4220//4220 4305//4305
f 4306//4306 4305//4305 4220//4220
f 4307//4307 4308//4308 4309//4309
f 4310//4310 4309//4309 4308//4308
f 4311//4311 4312//4312 4313//4313
f 4314//4314 4313//4313 4312//4312
f 4315//4315 4316//4316 4317//4317
f 4318//4318 4317//4317 4316//4316
f 4211//4211 4319//4319 4213//4213
f 4320//4320 4213//4213 4319//4319
f 4215//4215 4195//4195 4217//4217
f 4321//4321 4217//4217 4195//4195
f 4218//4218 4322//4322 4219//4219
f 4323//4323 4219//4219 4322//4322
f 4324//4324 4325//4325 4223//4223
f 4225//4225 4223//4223 4325//4325
f 4323//4323 4326//4326 4219//4219
f 4227//4227 4219//4219 4326//4326
f 4325//4325 4327//4327 4225//4225
f 4229//4229 4225//4225 4327//4327
f 4230//4230 4328//4328 4231//4231
f 4329//4329 4231//4231 4328//4328
f 4330//4330 4331//4331 4234//4234
f 4235//4235 4234//4234 4331//4331
f 4332//4332 4333//4333 4334//4334
f 4335//4335 4334//4334 4333//4333
f 4336//4336 4337//4337 4338//4338
f 4339//4339 4340//4340 4341//4341
f 4342//4342 4343//4343 4274//4274
f 4344//4344 4274//4274 4343//4343
f 4345//4345 4346//4346 4347//4347
f 4348//4348 4347//4347 4346//4346
f 4349//4349 4350//4350 4351//4351
f 4352//4352 4351//4351 4350//4350
f 4353//4353 4354//4354 4355//4355
f 4356//4356 4355//4355 4354//4354
f 4267//4267 4268//4268 4357//4357
f 4358//4358 4357//4357 4268//4268
f 4271//4271 4272//4272 4251//4251
f 4359//4359 4251//4251 4272//4272
f 4273//4273 4275//4275 4360//4360
f 4361//4361 4360//4360 4275//4275
f 4362//4362 4279//4279 4363//4363
f 4280//4280 4363//4363 4279//4279
f 4361//4361 4275//4275 4364//4364
f 4282//4282 4364//4364 4275//4275
f 4363//4363 4280//4280 4365//4365
f 4284//4284 4365//4365 4280//4280
f 4285//4285 4287//4287 4366//4366
f 4367//4367 4366//4366 4287//4287
f 4368//4368 4289//4289 4369//4369
f 4291//4291 4369//4369 4289//4289
f 4370//4370 4371//4371 4372//4372
f 4373//4373 4372//4372 4371//4371
f 4374//4374 4375//4375 4376//4376
f 4377//4377 4378//4378 4379//4379
f 4380//4380 4208//4208 4381//4381
f 4209//4209 4381//4381 4208//4208
f 4194//4194 4196//4196 4382//4382
f 4383//4383 4382//4382 4196//4196
f 4200//4200 4201//4201 4210//4210
f 4384//4384 4210//4210 4201//4201
f 4385//4385 4202//4202 4386//4386
f 4204//4204 4386//4386 4202//4202
f 4387//4387 4388//4388 4389//4389
f 4390//4390 4389//4389 4388//4388
f 4382//4382 4391//4391 4392//4392
f 4393//4393 4392//4392 4391//4391
f 4394//4394 4395//4395 4396//4396
f 4397//4397 4396//4396 4395//4395
f 4398//4398 4399//4399 4308//4308
f 4400//4400 4308//4308 4399//4399
f 4397//4397 4395//4395 4401//4401
f 4402//4402 4401//4401 4395//4395
f 4399//4399 4403//4403 4400//4400
f 4404//4404 4400//4400 4403//4403
f 4405//4405 4406//4406 4407//4407
f 4408//4408 4407//4407 4406//4406
f 4409//4409 4410//4410 4411//4411
f 4412//4412 4411//4411 4410//4410
f 4413//4413 4414//4414 4415//4415
f 4416//4416 4415//4415 4414//4414
f 4417//4417 4418//4418 4419//4419
f 4420//4420 4419//4419 4418//4418
f 4421//4421 4422//4422 4262//4262
f 4264//4264 4262//4262 4422//4422
f 4249//4249 4423//4423 4250//4250
f 4424//4424 4250//4250 4423//4423
f 4254//4254 4265//4265 4256//4256
f 4425//4425 4256//4256 4265//4265
f 4426//4426 4427//4427 4257//4257
f 4258//4258 4257//4257 4427//4427
f 4428//4428 4429//4429 4430//4430
f 4431//4431 4430//4430 4429//4429
f 4423//4423 4432//4432 4433//4433
f 4434//4434 4433//4433 4432//4432
f 4435//4435 4436//4436 4437//4437
f 4438//4438 4437//4437 4436//4436
f 4439//4439 4347//4347 4440//4440
f 4441//4441 4440//4440 4347//4347
f 4438//4438 4442//4442 4437//4437
f 4443//4443 4437//4437 4442//4442
f 4440//4440 4441//4441 4444//4444
f 4445//4445 4444//4444 4441//4441
f 4446//4446 4447//4447 4448//4448
f 4449//4449 4448//4448 4447//4447
f 4450//4450 4451//4451 4452//4452
f 4453//4453 4452//4452 4451//4451
f 4454//4454 4455//4455 4456//4456
f 4457//4457 4456//4456 4455//4455
f 4458//4458 4459//4459 4460//4460
f 4461//4461 4460//4460 4459//4459
f 4462//4462 4463//4463 4464//4464
f 4465//4465 4464//4464 4463//4463
f 4387//4387 4466//4466 4388//4388
f 4467//4467 4388//4388 4466//4466
f 4391//4391 4468//4468 4469//4469
f 4470//4470 4469//4469 4468//4468
f 4211//4211 4471//4471 4319//4319
f 4472//4472 4319//4319 4471//4471
f 4319//4319 4473//4473 4320//4320
f 4474//4474 4320//4320 4473//4473
f 4195//4195 4194//4194 4321//4321
f 4475//4475 4321//4321 4194//4194
f 4476//4476 4477//4477 4322//4322
f 4323//4323 4322//4322 4477//4477
f 4324//4324 4310//4310 4325//4325
f 4478//4478 4325//4325 4310//4310
f 4323//4323 4477//4477 4326//4326
f 4479//4479 4326//4326 4477//4477
f 4325//4325 4478//4478 4327//4327
f 4480//4480 4327//4327 4478//4478
f 4481//4481 4482//4482 4328//4328
f 4329//4329 4328//4328 4482//4482
f 4483//4483 4484//4484 4330//4330
f 4331//4331 4330//4330 4484//4484
f 4485//4485 4486//4486 4487//4487
f 4488//4488 4489//4489 4490//4490
f 4491//4491 4492//4492 4493//4493
f 4494//4494 4495//4495 4496//4496
f 4497//4497 4498//4498 4499//4499
f 4500//4500 4499//4499 4498//4498
f 4428//4428 4430//4430 4501//4501
f 4502//4502 4501//4501 4430//4430
f 4433//4433 4503//4503 4504//4504
f 4505//4505 4504//4504 4503//4503
f 4267//4267 4357//4357 4506//4506
f 4507//4507 4506//4506 4357//4357
f 4357//4357 4358//4358 4508//4508
f 4509//4509 4508//4508 4358//4358
f 4251//4251 4359//4359 4249//4249
f 4510//4510 4249//4249 4359//4359
f 4511//4511 4360//4360 4512//4512
f 4361//4361 4512//4512 4360//4360
f 4362//4362 4363//4363 4348//4348
f 4513//4513 4348//4348 4363//4363
f 4361//4361 4364//4364 4512//4512
f 4514//4514 4512//4512 4364//4364
f 4363//4363 4365//4365 4513//4513
f 4515//4515 4513//4513 4365//4365
f 4516//4516 4366//4366 4517//4517
f 4367//4367 4517//4517 4366//4366
f 4518//4518 4368//4368 4519//4519
f 4369//4369 4519//4519 4368//4368
f 4520//4520 4521//4521 4522//4522
f 4523//4523 4524//4524 4525//4525
f 4526//4526 4527//4527 4528//4528
f 4529//4529 4530//4530 4531//4531
f 4532//4532 4533//4533 4396//4396
f 4394//4394 4396//4396 4533//4533
f 4534//4534 4535//4535 4536//4536
f 4537//4537 4536//4536 4535//4535
f 4538//4538 4539//4539 4540//4540
f 4541//4541 4540//4540 4539//4539
f 4542//4542 4543//4543 4222//4222
f 4223//4223 4222//4222 4543//4543
f 4473//4473 4387//4387 4474//4474
f 4389//4389 4474//4474 4387//4387
f 4194//4194 4382//4382 4475//4475
f 4392//4392 4475//4475 4382//4382
f 4476//4476 4396//4396 4477//4477
f 4397//4397 4477//4477 4396//4396
f 4308//4308 4400//4400 4310//4310
f 4478//4478 4310//4310 4400//4400
f 4397//4397 4401//4401 4477//4477
f 4479//4479 4477//4477 4401//4401
f 4400//4400 4404//4404 4478//4478
f 4480//4480 4478//4478 4404//4404
f 4405//4405 4407//4407 4481//4481
f 4482//4482 4481//4481 4407//4407
f 4411//4411 4412//4412 4483//4483
f 4484//4484 4483//4483 4412//4412
f 4413//4413 4415//4415 4544//4544
f 4545//4545 4546//4546 4547//4547
f 4417//4417 4419//4419 4548//4548
f 4549//4549 4550//4550 4551//4551
f 4552//4552 4436//4436 4553//4553
f 4435//4435 4553//4553 4436//4436
f 4554//4554 4555//4555 4556//4556
f 4557//4557 4556//4556 4555//4555
f 4558//4558 4559//4559 4560//4560
f 4561//4561 4560//4560 4559//4559
f 4562//4562 4277//4277 4563//4563
f 4279//4279 4563//4563 4277//4277
f 4508//4508 4509//4509 4428//4428
f 4429//4429 4428//4428 4509//4509
f 4249//4249 4510//4510 4423//4423
f 4432//4432 4423//4423 4510//4510
f 4511//4511 4512//4512 4436//4436
f 4438//4438 4436//4436 4512//4512
f 4347//4347 4348//4348 4441//4441
f 4513//4513 4441//4441 4348//4348
f 4438//4438 4512//4512 4442//4442
f 4514//4514 4442//4442 4512//4512
f 4441//4441 4513//4513 4445//4445
f 4515//4515 4445//4445 4513//4513
f 4446//4446 4516//4516 4447//4447
f 4517//4517 4447//4447 4516//4516
f 4451//4451 4518//4518 4453//4453
f 4519//4519 4453//4453 4518//4518
f 4454//4454 4564//4564 4455//4455
f 4565//4565 4566//4566 4567//4567
f 4458//4458 4568//4568 4459//4459
f 4569//4569 4570//4570 4571//4571
f 4315//4315 4317//4317 4572//4572
f 4398//4398 4572//4572 4317//4317
f 4573//4573 4305//4305 4574//4574
f 4306//4306 4574//4574 4305//4305
f 4575//4575 4309//4309 4324//4324
f 4310//4310 4324//4324 4309//4309
f 4311//4311 4313//4313 4576//4576
f 4577//4577 4576//4576 4313//4313
f 4388//4388 4203//4203 4390//4390
f 4578//4578 4390//4390 4203//4203
f 4391//4391 4469//4469 4393//4393
f 4579//4579 4393//4393 4469//4469
f 4394//4394 4577//4577 4395//4395
f 4580//4580 4395//4395 4577//4577
f 4398//4398 4317//4317 4399//4399
f 4581//4581 4399//4399 4317//4317
f 4580//4580 4582//4582 4395//4395
f 4402//4402 4395//4395 4582//4582
f 4399//4399 4581//4581 4403//4403
f 4583//4583 4403//4403 4581//4581
f 4406//4406 4584//4584 4408//4408
f 4585//4585 4408//4408 4584//4584
f 4586//4586 4587//4587 4409//4409
f 4410//4410 4409//4409 4587//4587
f 4588//4588 4589//4589 4590//4590
f 4591//4591 4592//4592 4593//4593
f 4594//4594 4595//4595 4418//4418
f 4420//4420 4418//4418 4595//4595
f 4353//4353 4596//4596 4354//4354
f 4439//4439 4354//4354 4596//4596
f 4597//4597 4598//4598 4343//4343
f 4344//4344 4343//4343 4598//4598
f 4599//4599 4362//4362 4346//4346
f 4348//4348 4346//4346 4362//4362
f 4349//4349 4600//4600 4350//4350
f 4601//4601 4350//4350 4600//4600
f 4430//4430 4431//4431 4259//4259
f 4602//4602 4259//4259 4431//4431
f 4433//4433 4434//4434 4503//4503
f 4603//4603 4503//4503 4434//4434
f 4435//4435 4437//4437 4601//4601
f 4604//4604 4601//4601 4437//4437
f 4439//4439 4440//4440 4354//4354
f 4605//4605 4354//4354 4440//4440
f 4604//4604 4437//4437 4606//4606
f 4443//4443 4606//4606 4437//4437
f 4440//4440 4444//4444 4605//4605
f 4607//4607 4605//4605 4444//4444
f 4448//4448 4449//4449 4608//4608
f 4609//4609 4608//4608 4449//4449
f 4610//4610 4450//4450 4611//4611
f 4452//4452 4611//4611 4450//4450
f 4612//4612 4613//4613 4614//4614
f 4615//4615 4616//4616 4617//4617
f 4618//4618 4460//4460 4619//4619
f 4461//4461 4619//4619 4460//4460
f 4319//4319 4472//4472 4473//4473
f 4620//4620 4473//4473 4472//4472
f 4621//4621 4464//4464 4622//4622
f 4465//4465 4622//4622 4464//4464
f 4388//4388 4467//4467 4203//4203
f 4205//4205 4203//4203 4467//4467
f 4206//4206 4469//4469 4207//4207
f 4470//4470 4207//4207 4469//4469
f 4203//4203 4202//4202 4578//4578
f 4623//4623 4578//4578 4202//4202
f 4469//4469 4206//4206 4579//4579
f 4624//4624 4579//4579 4206//4206
f 4313//4313 4625//4625 4577//4577
f 4580//4580 4577//4577 4625//4625
f 4318//4318 4626//4626 4317//4317
f 4581//4581 4317//4317 4626//4626
f 4625//4625 4627//4627 4580//4580
f 4582//4582 4580//4580 4627//4627
f 4626//4626 4628//4628 4581//4581
f 4583//4583 4581//4581 4628//4628
f 4584//4584 4629//4629 4585//4585
f 4630//4630 4585//4585 4629//4629
f 4631//4631 4632//4632 4586//4586
f 4587//4587 4586//4586 4632//4632
f 4588//4588 4633//4633 4589//4589
f 4634//4634 4635//4635 4636//4636
f 4594//4594 4637//4637 4595//4595
f 4638//4638 4639//4639 4640//4640
f 4357//4357 4508//4508 4507//4507
f 4641//4641 4507//4507 4508//4508
f 4642//4642 4643//4643 4498//4498
f 4500//4500 4498//4498 4643//4643
f 4430//4430 4259//4259 4502//4502
f 4260//4260 4502//4502 4259//4259
f 4261//4261 4263//4263 4503//4503
f 4505//4505 4503//4503 4263//4263
f 4259//4259 4602//4602 4257//4257
f 4644//4644 4257//4257 4602//4602
f 4503//4503 4603//4603 4261//4261
f 4645//4645 4261//4261 4603//4603
f 4350//4350 4601//4601 4646//4646
f 4604//4604 4646//4646 4601//4601
f 4356//4356 4354//4354 4647//4647
f 4605//4605 4647//4647 4354//4354
f 4646//4646 4604//4604 4648//4648
f 4606//4606 4648//4648 4604//4604
f 4647//4647 4605//4605 4649//4649
f 4607//4607 4649//4649 4605//4605
f 4608//4608 4609//4609 4650//4650
f 4651//4651 4650//4650 4609//4609
f 4652//4652 4610//4610 4653//4653
f 4611//4611 4653//4653 4610//4610
f 4612//4612 4614//4614 4654//4654
f 4655//4655 4656//4656 4657//4657
f 4618//4618 4619//4619 4658//4658
f 4659//4659 4660//4660 4661//4661
f 4542//4542 4222//4222 4662//4662
f 4663//4663 4662//4662 4222//4222
f 4532//4532 4396//4396 4664//4664
f 4476//4476 4664//4664 4396//4396
f 4534//4534 4536//4536 4312//4312
f 4314//4314 4312//4312 4536//4536
f 4538//4538 4540//4540 4316//4316
f 4318//4318 4316//4316 4540//4540
f 4202//4202 4385//4385 4623//4623
f 4665//4665 4623//4623 4385//4385
f 4206//4206 4208//4208 4624//4624
f 4666//4666 4624//4624 4208//4208
f 4313//4313 4314//4314 4625//4625
f 4667//4667 4625//4625 4314//4314
f 4318//4318 4540//4540 4626//4626
f 4668//4668 4626//4626 4540//4540
f 4667//4667 4669//4669 4625//4625
f 4627//4627 4625//4625 4669//4669
f 4668//4668 4670//4670 4626//4626
f 4628//4628 4626//4626 4670//4670
f 4629//4629 4671//4671 4630//4630
f 4672//4672 4630//4630 4671//4671
f 4673//4673 4674//4674 4631//4631
f 4632//4632 4631//4631 4674//4674
f 4675//4675 4676//4676 4677//4677
f 4678//4678 4679//4679 4680//4680
f 4681//4681 4682//4682 4683//4683
f 4684//4684 4685//4685 4686//4686
f 4562//4562 4687//4687 4277//4277
f 4688//4688 4277//4277 4687//4687
f 4552//4552 4689//4689 4436//4436
f 4511//4511 4436//4436 4689//4689
f 4554//4554 4351//4351 4555//4555
f 4352//4352 4555//4555 4351//4351
f 4558//4558 4355//4355 4559//4559
f 4356//4356 4559//4559 4355//4355
f 4257//4257 4644//4644 4426//4426
f 4690//4690 4426//4426 4644//4644
f 4261//4261 4645//4645 4262//4262
f 4691//4691 4262//4262 4645//4645
f 4350//4350 4646//4646 4352//4352
f 4692//4692 4352//4352 4646//4646
f 4356//4356 4647//4647 4559//4559
f 4693//4693 4559//4559 4647//4647
f 4692//4692 4646//4646 4694//4694
f 4648//4648 4694//4694 4646//4646
f 4693//4693 4647//4647 4695//4695
f 4649//4649 4695//4695 4647//4647
f 4650//4650 4651//4651 4696//4696
f 4697//4697 4696//4696 4651//4651
f 4698//4698 4652//4652 4699//4699
f 4653//4653 4699//4699 4652//4652
f 4700//4700 4701//4701 4702//4702
f 4703//4703 4704//4704 4705//4705
f 4706//4706 4707//4707 4708//4708
f 4709//4709 4710//4710 4711//4711
f 4195//4195 4215//4215 4197//4197
f 4712//4712 4197//4197 4215//4215
f 4380//4380 4381//4381 4198//4198
f 4199//4199 4198//4198 4381//4381
f 4391//4391 4382//4382 4468//4468
f 4383//4383 4468//4468 4382//4382
f 4214//4214 4713//4713 4215//4215
f 4712//4712 4215//4215 4713//4713
f 4385//4385 4462//4462 4665//4665
f 4714//4714 4665//4665 4462//4462
f 4208//4208 4380//4380 4666//4666
f 4715//4715 4666//4666 4380//4380
f 4536//4536 4716//4716 4314//4314
f 4667//4667 4314//4314 4716//4716
f 4541//4541 4717//4717 4540//4540
f 4668//4668 4540//4540 4717//4717
f 4667//4667 4716//4716 4669//4669
f 4718//4718 4669//4669 4716//4716
f 4668//4668 4717//4717 4670//4670
f 4719//4719 4670//4670 4717//4717
f 4671//4671 4720//4720 4672//4672
f 4721//4721 4672//4672 4720//4720
f 4722//4722 4723//4723 4673//4673
f 4674//4674 4673//4673 4723//4723
f 4724//4724 4725//4725 4726//4726
f 4727//4727 4728//4728 4729//4729
f 4730//4730 4731//4731 4732//4732
f 4733//4733 4732//4732 4731//4731
f 4251//4251 4252//4252 4271//4271
f 4734//4734 4271//4271 4252//4252
f 4421//4421 4253//4253 4422//4422
f 4255//4255 4422//4422 4253//4253
f 4433//4433 4504//4504 4423//4423
f 4424//4424 4423//4423 4504//4504
f 4269//4269 4271//4271 4735//4735
f 4734//4734 4735//4735 4271//4271
f 4426//4426 4690//4690 4497//4497
f 4736//4736 4497//4497 4690//4690
f 4262//4262 4691//4691 4421//4421
f 4737//4737 4421//4421 4691//4691
f 4555//4555 4352//4352 4738//4738
f 4692//4692 4738//4738 4352//4352
f 4561//4561 4559//4559 4739//4739
f 4693//4693 4739//4739 4559//4559
f 4692//4692 4694//4694 4738//4738
f 4740//4740 4738//4738 4694//4694
f 4693//4693 4695//4695 4739//4739
f 4741//4741 4739//4739 4695//4695
f 4696//4696 4697//4697 4742//4742
f 4743//4743 4742//4742 4697//4697
f 4744//4744 4698//4698 4745//4745
f 4699//4699 4745//4745 4698//4698
f 4746//4746 4747//4747 4748//4748
f 4749//4749 4750//4750 4751//4751
f 4752//4752 4753//4753 4754//4754
f 4755//4755 4754//4754 4753//4753
f 4304//4304 4756//4756 4220//4220
f 4218//4218 4220//4220 4756//4756
f 4572//4572 4398//4398 4307//4307
f 4308//4308 4307//4307 4398//4398
f 4573//4573 4574//4574 4539//4539
f 4541//4541 4539//4539 4574//4574
f 4757//4757 4322//4322 4756//4756
f 4218//4218 4756//4756 4322//4322
f 4462//4462 4464//4464 4714//4714
f 4758//4758 4714//4714 4464//4464
f 4380//4380 4198//4198 4715//4715
f 4759//4759 4715//4715 4198//4198
f 4537//4537 4760//4760 4536//4536
f 4716//4716 4536//4536 4760//4760
f 4541//4541 4574//4574 4717//4717
f 4761//4761 4717//4717 4574//4574
f 4760//4760 4762//4762 4716//4716
f 4718//4718 4716//4716 4762//4762
f 4761//4761 4763//4763 4717//4717
f 4719//4719 4717//4717 4763//4763
f 4720//4720 4764//4764 4721//4721
f 4765//4765 4721//4721 4764//4764
f 4722//4722 4766//4766 4723//4723
f 4767//4767 4723//4723 4766//4766
f 4768//4768 4007//4007 4769//4769
f 4770//4770 4771//4771 4772//4772
f 4730//4730 4773//4773 4731//4731
f 4035//4035 4731//4731 4773//4773
f 4342//4342 4274//4274 4774//4774
f 4273//4273 4774//4774 4274//4274
f 4596//4596 4345//4345 4439//4439
f 4347//4347 4439//4439 4345//4345
f 4597//4597 4560//4560 4598//4598
f 4561//4561 4598//4598 4560//4560
f 4775//4775 4774//4774 4360//4360
f 4273//4273 4360//4360 4774//4774
f 4497//4497 4736//4736 4498//4498
f 4776//4776 4498//4498 4736//4736
f 4421//4421 4737//4737 4253//4253
f 4777//4777 4253//4253 4737//4737
f 4557//4557 4555//4555 4778//4778
f 4738//4738 4778//4778 4555//4555
f 4561//4561 4739//4739 4598//4598
f 4779//4779 4598//4598 4739//4739
f 4778//4778 4738//4738 4780//4780
f 4740//4740 4780//4780 4738//4738
f 4779//4779 4739//4739 4781//4781
f 4741//4741 4781//4781 4739//4739
f 4742//4742 4743//4743 4782//4782
f 4783//4783 4782//4782 4743//4743
f 4744//4744 4745//4745 4784//4784
f 4785//4785 4784//4784 4745//4745
f 4786//4786 4787//4787 4106//4106
f 4788//4788 4789//4789 4790//4790
f 4752//4752 4754//4754 4791//4791
f 4134//4134 4791//4791 4754//4754
f 4385//4385 4386//4386 4462//4462
f 4463//4463 4462//4462 4386//4386
f 4387//4387 4473//4473 4466//4466
f 4620//4620 4466//4466 4473//4473
f 4792//4792 4621//4621 4793//4793
f 4622//4622 4793//4793 4621//4621
f 4210//4210 4384//4384 4211//4211
f 4471//4471 4211//4211 4384//4384
f 4464//4464 4621//4621 4758//4758
f 4794//4794 4758//4758 4621//4621
f 4198//4198 4200//4200 4759//4759
f 4795//4795 4759//4759 4200//4200
f 4663//4663 4796//4796 4537//4537
f 4760//4760 4537//4537 4796//4796
f 4306//4306 4797//4797 4574//4574
f 4761//4761 4574//4574 4797//4797
f 4796//4796 4798//4798 4760//4760
f 4762//4762 4760//4760 4798//4798
f 4761//4761 4797//4797 4763//4763
f 4799//4799 4763//4763 4797//4797
f 4764//4764 4800//4800 4765//4765
f 4801//4801 4765//4765 4800//4800
f 4766//4766 4802//4802 4767//4767
f 4803//4803 4767//4767 4802//4802
f 4768//4768 4804//4804 4007//4007
f 4006//4006 4007//4007 4804//4804
f 4773//4773 4805//4805 4035//4035
f 4034//4034 4035//4035 4805//4805
f 4426//4426 4497//4497 4427//4427
f 4499//4499 4427//4427 4497//4497
f 4428//4428 4501//4501 4508//4508
f 4641//4641 4508//4508 4501//4501
f 4806//4806 4807//4807 4642//4642
f 4643//4643 4642//4642 4807//4807
f 4265//4265 4267//4267 4425//4425
f 4506//4506 4425//4425 4267//4267
f 4498//4498 4776//4776 4642//4642
f 4808//4808 4642//4642 4776//4776
f 4253//4253 4777//4777 4254//4254
f 4809//4809 4254//4254 4777//4777
f 4688//4688 4557//4557 4810//4810
f 4778//4778 4810//4810 4557//4557
f 4344//4344 4598//4598 4811//4811
f 4779//4779 4811//4811 4598//4598
f 4810//4810 4778//4778 4812//4812
f 4780//4780 4812//4812 4778//4778
f 4779//4779 4781//4781 4811//4811
f 4813//4813 4811//4811 4781//4781
f 4782//4782 4783//4783 4814//4814
f 4815//4815 4814//4814 4783//4783
f 4784//4784 4785//4785 4816//4816
f 4817//4817 4816//4816 4785//4785
f 4786//4786 4106//4106 4818//4818
f 4105//4105 4818//4818 4106//4106
f 4791//4791 4134//4134 4819//4819
f 4132//4132 4819//4819 4134//4134
f 4576//4576 4577//4577 4533//4533
f 4394//4394 4533//4533 4577//4577
f 4535//4535 4662//4662 4537//4537
f 4663//4663 4537//4537 4662//4662
f 4757//4757 4664//4664 4322//4322
f 4476//4476 4322//4322 4664//4664
f 4575//4575 4324//4324 4543//4543
f 4223//4223 4543//4543 4324//4324
f 4621//4621 4792//4792 4794//4794
f 4820//4820 4794//4794 4792//4792
f 4200//4200 4210//4210 4795//4795
f 4212//4212 4795//4795 4210//4210
f 4663//4663 4222//4222 4796//4796
f 4224//4224 4796//4796 4222//4222
f 4306//4306 4220//4220 4797//4797
f 4221//4221 4797//4797 4220//4220
f 4796//4796 4224//4224 4798//4798
f 4228//4228 4798//4798 4224//4224
f 4221//4221 4226//4226 4797//4797
f 4799//4799 4797//4797 4226//4226
f 4800//4800 4236//4236 4801//4801
f 4237//4237 4801//4801 4236//4236
f 4802//4802 4232//4232 4803//4803
f 4233//4233 4803//4803 4232//4232
f 4821//4821 4005//4005 4804//4804
f 4006//4006 4804//4804 4005//4005
f 4241//4241 4032//4032 4805//4805
f 4034//4034 4805//4805 4032//4032
f 4600//4600 4553//4553 4601//4601
f 4435//4435 4601//4601 4553//4553
f 4556//4556 4557//4557 4687//4687
f 4688//4688 4687//4687 4557//4557
f 4775//4775 4360//4360 4689//4689
f 4511//4511 4689//4689 4360//4360
f 4599//4599 4563//4563 4362//4362
f 4279//4279 4362//4362 4563//4563
f 4642//4642 4808//4808 4806//4806
f 4822//4822 4806//4806 4808//4808
f 4254//4254 4809//4809 4265//4265
f 4266//4266 4265//4265 4809//4809
f 4688//4688 4810//4810 4277//4277
f 4278//4278 4277//4277 4810//4810
f 4344//4344 4811//4811 4274//4274
f 4276//4276 4274//4274 4811//4811
f 4810//4810 4812//4812 4278//4278
f 4283//4283 4278//4278 4812//4812
f 4276//4276 4811//4811 4281//4281
f 4813//4813 4281//4281 4811//4811
f 4814//4814 4815//4815 4290//4290
f 4292//4292 4290//4290 4815//4815
f 4816//4816 4817//4817 4286//4286
f 4288//4288 4286//4286 4817//4817
f 4823//4823 4818//4818 4104//4104
f 4105//4105 4104//4104 4818//4818
f 4297//4297 4819//4819 4131//4131
f 4132//4132 4131//4131 4819//4819
