# Modern production sedan
# Source: https://quaternius.com/packs/cars.html
# Coordinates: Y-up; units: metres; vertex RGB embedded after XYZ
g Blue
v 0.550098 0.499631 -2.167279 0.278294 0.431701 0.640000
vn 0.670389 0.163423 -0.723789
v 0.550098 0.733873 -2.114390 0.278294 0.431701 0.640000
vn 0.670389 0.163423 -0.723789
v 0.715273 0.686148 -1.972178 0.278294 0.431701 0.640000
vn 0.670389 0.163423 -0.723789
f 1//1 2//2 3//3
v 0.550098 0.499631 -2.167279 0.278294 0.431701 0.640000
vn 0.773619 -0.022709 -0.633243
v 0.715273 0.686148 -1.972178 0.278294 0.431701 0.640000
vn 0.773619 -0.022709 -0.633243
v 0.715273 0.499631 -1.965489 0.278294 0.431701 0.640000
vn 0.773619 -0.022709 -0.633243
f 4//4 5//5 6//6
v 0.838768 0.499631 -0.711168 0.278294 0.431701 0.640000
vn 1.000000 0.000000 0.000000
v 0.838768 0.715349 -0.749318 0.278294 0.431701 0.640000
vn 1.000000 0.000000 0.000000
v 0.838768 0.788289 -0.167115 0.278294 0.431701 0.640000
vn 1.000000 0.000000 0.000000
f 7//7 8//8 9//9
v 0.838768 0.499631 -0.711168 0.278294 0.431701 0.640000
vn 1.000000 0.000000 0.000000
v 0.838768 0.788289 -0.167115 0.278294 0.431701 0.640000
vn 1.000000 0.000000 0.000000
v 0.838768 0.499631 -0.164458 0.278294 0.431701 0.640000
vn 1.000000 0.000000 0.000000
f 10//10 11//11 12//12
v 0.825172 0.703438 1.475112 0.278294 0.431701 0.640000
vn 0.853780 0.508743 0.110634
v 0.712225 0.873741 1.563611 0.278294 0.431701 0.640000
vn 0.853780 0.508743 0.110634
v 0.696936 0.798320 2.028419 0.278294 0.431701 0.640000
vn 0.853780 0.508743 0.110634
f 13//13 14//14 15//15
v 0.825172 0.703438 1.475112 0.278294 0.431701 0.640000
vn 0.862851 0.492063 0.115597
v 0.696936 0.798320 2.028419 0.278294 0.431701 0.640000
vn 0.862851 0.492063 0.115597
v 0.769904 0.699541 1.904241 0.278294 0.431701 0.640000
vn 0.862851 0.492063 0.115597
f 16//16 17//17 18//18
v 0.375888 1.009464 -1.639938 0.278294 0.431701 0.640000
vn -0.002706 0.998655 0.051776
v 0.375888 1.032186 -2.078196 0.278294 0.431701 0.640000
vn -0.002706 0.998655 0.051776
v 0.000000 1.032186 -2.097842 0.278294 0.431701 0.640000
vn -0.002706 0.998655 0.051776
f 19//19 20//20 21//21
v 0.375888 1.009464 -1.639938 0.278294 0.431701 0.640000
vn -0.002058 0.998684 0.051246
v 0.000000 1.032186 -2.097842 0.278294 0.431701 0.640000
vn -0.002058 0.998684 0.051246
v 0.000000 1.009464 -1.655033 0.278294 0.431701 0.640000
vn -0.002058 0.998684 0.051246
f 22//22 23//23 24//24
v 0.775403 0.657104 -1.549595 0.278294 0.431701 0.640000
vn 0.987762 -0.058521 -0.144574
v 0.752924 0.541309 -1.656306 0.278294 0.431701 0.640000
vn 0.987762 -0.058521 -0.144574
v 0.715273 0.686148 -1.972178 0.278294 0.431701 0.640000
vn 0.987762 -0.058521 -0.144574
f 25//25 26//26 27//27
v 0.775403 0.657104 -1.549595 0.278294 0.431701 0.640000
vn 0.976811 0.172255 -0.127154
v 0.715273 0.686148 -1.972178 0.278294 0.431701 0.640000
vn 0.976811 0.172255 -0.127154
v 0.656288 1.032186 -1.956528 0.278294 0.431701 0.640000
vn 0.976811 0.172255 -0.127154
f 28//28 29//29 30//30
v 0.775403 0.657104 -1.549595 0.278294 0.431701 0.640000
vn 0.975926 0.185536 -0.114653
v 0.656288 1.032186 -1.956528 0.278294 0.431701 0.640000
vn 0.975926 0.185536 -0.114653
v 0.702108 1.009464 -1.603277 0.278294 0.431701 0.640000
vn 0.975926 0.185536 -0.114653
f 31//31 32//32 33//33
v 0.000000 0.739148 -2.217903 0.278294 0.431701 0.640000
vn 0.077326 0.259210 -0.962721
v 0.375888 0.739148 -2.187712 0.278294 0.431701 0.640000
vn 0.077326 0.259210 -0.962721
v 0.348996 0.711318 -2.197365 0.278294 0.431701 0.640000
vn 0.077326 0.259210 -0.962721
f 34//34 35//35 36//36
v 0.000000 0.739148 -2.217903 0.278294 0.431701 0.640000
vn 0.065965 0.094119 -0.993373
v 0.348996 0.711318 -2.197365 0.278294 0.431701 0.640000
vn 0.065965 0.094119 -0.993373
v 0.000000 0.711318 -2.220540 0.278294 0.431701 0.640000
vn 0.065965 0.094119 -0.993373
f 37//37 38//38 39//39
v 0.375888 0.499631 -2.240601 0.278294 0.431701 0.640000
vn 0.385277 0.198975 -0.901094
v 0.375888 0.739148 -2.187712 0.278294 0.431701 0.640000
vn 0.385277 0.198975 -0.901094
v 0.550098 0.733873 -2.114390 0.278294 0.431701 0.640000
vn 0.385277 0.198975 -0.901094
f 40//40 41//41 42//42
v 0.375888 0.499631 -2.240601 0.278294 0.431701 0.640000
vn 0.379785 0.203742 -0.902360
v 0.550098 0.733873 -2.114390 0.278294 0.431701 0.640000
vn 0.379785 0.203742 -0.902360
v 0.550098 0.499631 -2.167279 0.278294 0.431701 0.640000
vn 0.379785 0.203742 -0.902360
f 43//43 44//44 45//45
v 0.000000 0.270267 2.290000 0.278294 0.431701 0.640000
vn 0.029292 0.041525 0.998708
v 0.375888 0.270267 2.278975 0.278294 0.431701 0.640000
vn 0.029292 0.041525 0.998708
v 0.270006 0.304923 2.280640 0.278294 0.431701 0.640000
vn 0.029292 0.041525 0.998708
f 46//46 47//47 48//48
v 0.000000 0.270267 2.290000 0.278294 0.431701 0.640000
vn 0.028454 0.047989 0.998443
v 0.270006 0.304923 2.280640 0.278294 0.431701 0.640000
vn 0.028454 0.047989 0.998443
v 0.000000 0.304923 2.288334 0.278294 0.431701 0.640000
vn 0.028454 0.047989 0.998443
f 49//49 50//50 51//51
v 0.712225 0.873741 1.563611 0.278294 0.431701 0.640000
vn -0.009516 0.985944 0.166806
v 0.375888 0.853312 1.665171 0.278294 0.431701 0.640000
vn -0.009516 0.985944 0.166806
v 0.358246 0.774813 2.128153 0.278294 0.431701 0.640000
vn -0.009516 0.985944 0.166806
f 52//52 53//53 54//54
v 0.712225 0.873741 1.563611 0.278294 0.431701 0.640000
vn -0.021552 0.986972 0.159440
v 0.358246 0.774813 2.128153 0.278294 0.431701 0.640000
vn -0.021552 0.986972 0.159440
v 0.696936 0.798320 2.028419 0.278294 0.431701 0.640000
vn -0.021552 0.986972 0.159440
f 55//55 56//56 57//57
v 0.838768 0.499631 -0.164458 0.278294 0.431701 0.640000
vn 0.002995 -0.009206 -0.999953
v 0.838768 0.788289 -0.167115 0.278294 0.431701 0.640000
vn 0.002995 -0.009206 -0.999953
v 0.852528 0.792176 -0.167110 0.278294 0.431701 0.640000
vn 0.002995 -0.009206 -0.999953
f 58//58 59//59 60//60
v 0.838768 0.499631 -0.164458 0.278294 0.431701 0.640000
vn 0.002995 -0.009206 -0.999953
v 0.852528 0.792176 -0.167110 0.278294 0.431701 0.640000
vn 0.002995 -0.009206 -0.999953
v 0.852528 0.503519 -0.164452 0.278294 0.431701 0.640000
vn 0.002995 -0.009206 -0.999953
f 61//61 62//62 63//63
v 0.838768 0.499631 0.271215 0.278294 0.431701 0.640000
vn 0.999949 -0.000450 0.010098
v 0.838768 0.786540 0.284012 0.278294 0.431701 0.640000
vn 0.999949 -0.000450 0.010098
v 0.832493 0.779208 0.905113 0.278294 0.431701 0.640000
vn 0.999949 -0.000450 0.010098
f 64//64 65//65 66//66
v 0.838768 0.499631 0.271215 0.278294 0.431701 0.640000
vn 0.999950 -0.000280 0.010023
v 0.832493 0.779208 0.905113 0.278294 0.431701 0.640000
vn 0.999950 -0.000280 0.010023
v 0.832493 0.493992 0.897141 0.278294 0.431701 0.640000
vn 0.999950 -0.000280 0.010023
f 67//67 68//68 69//69
v 0.375888 1.009464 -1.639938 0.278294 0.431701 0.640000
vn 0.005968 0.988876 -0.148622
v 0.000000 1.009464 -1.655033 0.278294 0.431701 0.640000
vn 0.005968 0.988876 -0.148622
v 0.000000 1.037320 -1.469694 0.278294 0.431701 0.640000
vn 0.005968 0.988876 -0.148622
f 70//70 71//71 72//72
v 0.375888 1.009464 -1.639938 0.278294 0.431701 0.640000
vn 0.005613 0.988763 -0.149389
v 0.000000 1.037320 -1.469694 0.278294 0.431701 0.640000
vn 0.005613 0.988763 -0.149389
v 0.374197 1.037320 -1.455635 0.278294 0.431701 0.640000
vn 0.005613 0.988763 -0.149389
f 73//73 74//74 75//75
v 0.665671 1.169166 0.565211 0.278294 0.431701 0.640000
vn 0.928530 0.370228 0.027624
v 0.746205 0.943434 0.883555 0.278294 0.431701 0.640000
vn 0.928530 0.370228 0.027624
v 0.739274 0.968450 0.781253 0.278294 0.431701 0.640000
vn 0.928530 0.370228 0.027624
f 76//76 77//77 78//78
v 0.665671 1.169166 0.565211 0.278294 0.431701 0.640000
vn 0.928532 0.370223 0.027618
v 0.739274 0.968450 0.781253 0.278294 0.431701 0.640000
vn 0.928532 0.370223 0.027618
v 0.668810 1.165956 0.502717 0.278294 0.431701 0.640000
vn 0.928532 0.370223 0.027618
f 79//79 80//80 81//81
v 0.734402 0.925579 1.144025 0.278294 0.431701 0.640000
vn 0.106586 0.955315 0.275702
v 0.433660 0.928778 1.249207 0.278294 0.431701 0.640000
vn 0.106586 0.955315 0.275702
v 0.390147 0.892784 1.390750 0.278294 0.431701 0.640000
vn 0.106586 0.955315 0.275702
f 82//82 83//83 84//84
v 0.734402 0.925579 1.144025 0.278294 0.431701 0.640000
vn -0.041957 0.996383 0.073899
v 0.390147 0.892784 1.390750 0.278294 0.431701 0.640000
vn -0.041957 0.996383 0.073899
v 0.718796 0.906339 1.394578 0.278294 0.431701 0.640000
vn -0.041957 0.996383 0.073899
f 85//85 86//86 87//87
v 0.838768 0.270267 0.219433 0.278294 0.431701 0.640000
vn -0.006671 -0.999978 0.000000
v 0.838768 0.270267 -0.208512 0.278294 0.431701 0.640000
vn -0.006671 -0.999978 0.000000
v 0.850301 0.270190 -0.209147 0.278294 0.431701 0.640000
vn -0.006671 -0.999978 0.000000
f 88//88 89//89 90//90
v 0.838768 0.786540 0.284012 0.278294 0.431701 0.640000
vn 0.912252 0.408216 0.034016
v 0.767223 0.943434 0.319890 0.278294 0.431701 0.640000
vn 0.912252 0.408216 0.034016
v 0.746205 0.943434 0.883555 0.278294 0.431701 0.640000
vn 0.912252 0.408216 0.034016
f 91//91 92//92 93//93
v 0.838768 0.786540 0.284012 0.278294 0.431701 0.640000
vn 0.884372 0.466560 0.014444
v 0.746205 0.943434 0.883555 0.278294 0.431701 0.640000
vn 0.884372 0.466560 0.014444
v 0.832493 0.779208 0.905113 0.278294 0.431701 0.640000
vn 0.884372 0.466560 0.014444
f 94//94 95//95 96//96
v 0.838768 0.744047 1.114987 0.278294 0.431701 0.640000
vn 0.869555 0.485298 0.091429
v 0.734402 0.925579 1.144025 0.278294 0.431701 0.640000
vn 0.869555 0.485298 0.091429
v 0.718796 0.906339 1.394578 0.278294 0.431701 0.640000
vn 0.869555 0.485298 0.091429
f 97//97 98//98 99//99
v 0.838768 0.744047 1.114987 0.278294 0.431701 0.640000
vn 0.842563 0.536247 0.050272
v 0.718796 0.906339 1.394578 0.278294 0.431701 0.640000
vn 0.842563 0.536247 0.050272
v 0.833361 0.735449 1.297332 0.278294 0.431701 0.640000
vn 0.842563 0.536247 0.050272
f 100//100 101//101 102//102
v 0.000000 0.937309 0.990233 0.278294 0.431701 0.640000
vn 0.007052 0.870355 0.492374
v 0.451713 0.937309 0.983764 0.278294 0.431701 0.640000
vn 0.007052 0.870355 0.492374
v 0.459979 0.964488 0.935602 0.278294 0.431701 0.640000
vn 0.007052 0.870355 0.492374
f 103//103 104//104 105//105
v 0.000000 0.937309 0.990233 0.278294 0.431701 0.640000
vn 0.006016 0.874184 0.485557
v 0.459979 0.964488 0.935602 0.278294 0.431701 0.640000
vn 0.006016 0.874184 0.485557
v 0.000000 0.964488 0.941301 0.278294 0.431701 0.640000
vn 0.006016 0.874184 0.485557
f 106//106 107//107 108//108
v 0.752924 0.379608 -1.725069 0.278294 0.431701 0.640000
vn 0.266890 0.945030 0.188914
v 0.756548 0.369580 -1.680027 0.278294 0.431701 0.640000
vn 0.266890 0.945030 0.188914
v 0.769098 0.369876 -1.699235 0.278294 0.431701 0.640000
vn 0.266890 0.945030 0.188914
f 109//109 110//110 111//111
v 0.752924 0.379608 -1.725069 0.278294 0.431701 0.640000
vn 0.266852 0.945035 0.188939
v 0.769098 0.369876 -1.699235 0.278294 0.431701 0.640000
vn 0.266852 0.945035 0.188939
v 0.765474 0.379905 -1.744278 0.278294 0.431701 0.640000
vn 0.266852 0.945035 0.188939
f 112//112 113//113 114//114
v 0.832493 0.779208 0.905113 0.278294 0.431701 0.640000
vn 0.879009 0.471316 0.072140
v 0.746205 0.943434 0.883555 0.278294 0.431701 0.640000
vn 0.879009 0.471316 0.072140
v 0.734402 0.925579 1.144025 0.278294 0.431701 0.640000
vn 0.879009 0.471316 0.072140
f 115//115 116//116 117//117
v 0.832493 0.779208 0.905113 0.278294 0.431701 0.640000
vn 0.869426 0.490853 0.056236
v 0.734402 0.925579 1.144025 0.278294 0.431701 0.640000
vn 0.869426 0.490853 0.056236
v 0.838768 0.744047 1.114987 0.278294 0.431701 0.640000
vn 0.869426 0.490853 0.056236
f 118//118 119//119 120//120
v 0.746205 0.943434 0.883555 0.278294 0.431701 0.640000
vn -0.010091 0.999455 0.031435
v 0.451713 0.937309 0.983764 0.278294 0.431701 0.640000
vn -0.010091 0.999455 0.031435
v 0.433660 0.928778 1.249207 0.278294 0.431701 0.640000
vn -0.010091 0.999455 0.031435
f 121//121 122//122 123//123
v 0.746205 0.943434 0.883555 0.278294 0.431701 0.640000
vn 0.035061 0.996936 0.069928
v 0.433660 0.928778 1.249207 0.278294 0.431701 0.640000
vn 0.035061 0.996936 0.069928
v 0.734402 0.925579 1.144025 0.278294 0.431701 0.640000
vn 0.035061 0.996936 0.069928
f 124//124 125//125 126//126
v 0.832493 0.493992 0.897141 0.278294 0.431701 0.640000
vn 0.999557 0.000832 -0.029749
v 0.832493 0.779208 0.905113 0.278294 0.431701 0.640000
vn 0.999557 0.000832 -0.029749
v 0.838768 0.744047 1.114987 0.278294 0.431701 0.640000
vn 0.999557 0.000832 -0.029749
f 127//127 128//128 129//129
v 0.832493 0.493992 0.897141 0.278294 0.431701 0.640000
vn 0.992725 0.063960 -0.102015
v 0.838768 0.744047 1.114987 0.278294 0.431701 0.640000
vn 0.992725 0.063960 -0.102015
v 0.838768 0.499631 0.961746 0.278294 0.431701 0.640000
vn 0.992725 0.063960 -0.102015
f 130//130 131//131 132//132
v 0.838768 0.788289 -0.167115 0.278294 0.431701 0.640000
vn 0.956956 0.287983 -0.036079
v 0.838768 0.715349 -0.749318 0.278294 0.431701 0.640000
vn 0.956956 0.287983 -0.036079
v 0.767223 0.943434 -0.826395 0.278294 0.431701 0.640000
vn 0.956956 0.287983 -0.036079
f 133//133 134//134 135//135
v 0.838768 0.788289 -0.167115 0.278294 0.431701 0.640000
vn 0.908095 0.418765 0.000000
v 0.767223 0.943434 -0.826395 0.278294 0.431701 0.640000
vn 0.908095 0.418765 0.000000
v 0.767223 0.943434 -0.188220 0.278294 0.431701 0.640000
vn 0.908095 0.418765 0.000000
f 136//136 137//137 138//138
v 0.752924 0.339089 -1.731083 0.278294 0.431701 0.640000
vn -0.143799 -0.983570 -0.109143
v 0.727823 0.370902 -1.984698 0.278294 0.431701 0.640000
vn -0.143799 -0.983570 -0.109143
v 0.765474 0.339386 -1.750291 0.278294 0.431701 0.640000
vn -0.143799 -0.983570 -0.109143
f 139//139 140//140 141//141
v 0.817684 0.471297 -0.985961 0.278294 0.431701 0.640000
vn 0.998003 -0.035651 -0.052153
v 0.817684 0.636855 -1.099132 0.278294 0.431701 0.640000
vn 0.998003 -0.035651 -0.052153
v 0.838768 0.715349 -0.749318 0.278294 0.431701 0.640000
vn 0.998003 -0.035651 -0.052153
f 142//142 143//143 144//144
v 0.817684 0.471297 -0.985961 0.278294 0.431701 0.640000
vn 0.997085 -0.013288 -0.075135
v 0.838768 0.715349 -0.749318 0.278294 0.431701 0.640000
vn 0.997085 -0.013288 -0.075135
v 0.838768 0.499631 -0.711168 0.278294 0.431701 0.640000
vn 0.997085 -0.013288 -0.075135
f 145//145 146//146 147//147
v 0.689022 1.177574 -0.224330 0.278294 0.431701 0.640000
vn 0.940356 0.327995 0.090280
v 0.756662 0.975056 -0.193097 0.278294 0.431701 0.640000
vn 0.940356 0.327995 0.090280
v 0.757691 0.980260 -0.222724 0.278294 0.431701 0.640000
vn 0.940356 0.327995 0.090280
f 148//148 149//149 150//150
v 0.689022 1.177574 -0.224330 0.278294 0.431701 0.640000
vn 0.944128 0.328762 0.023181
v 0.757691 0.980260 -0.222724 0.278294 0.431701 0.640000
vn 0.944128 0.328762 0.023181
v 0.687234 1.184987 -0.256626 0.278294 0.431701 0.640000
vn 0.944128 0.328762 0.023181
f 151//151 152//152 153//153
v 0.838768 0.715349 -0.749318 0.278294 0.431701 0.640000
vn 0.964294 0.239999 -0.111974
v 0.817684 0.636855 -1.099132 0.278294 0.431701 0.640000
vn 0.964294 0.239999 -0.111974
v 0.730723 0.943434 -1.190913 0.278294 0.431701 0.640000
vn 0.964294 0.239999 -0.111974
f 154//154 155//155 156//156
v 0.838768 0.715349 -0.749318 0.278294 0.431701 0.640000
vn 0.958558 0.268241 -0.095984
v 0.730723 0.943434 -1.190913 0.278294 0.431701 0.640000
vn 0.958558 0.268241 -0.095984
v 0.767223 0.943434 -0.826395 0.278294 0.431701 0.640000
vn 0.958558 0.268241 -0.095984
f 157//157 158//158 159//159
v 0.746205 0.943434 0.883555 0.278294 0.431701 0.640000
vn 0.023224 0.818279 0.574352
v 0.665671 1.169166 0.565211 0.278294 0.431701 0.640000
vn 0.023224 0.818279 0.574352
v 0.639443 1.168747 0.566869 0.278294 0.431701 0.640000
vn 0.023224 0.818279 0.574352
f 160//160 161//161 162//162
v 0.746205 0.943434 0.883555 0.278294 0.431701 0.640000
vn -0.156044 0.779228 0.607004
v 0.639443 1.168747 0.566869 0.278294 0.431701 0.640000
vn -0.156044 0.779228 0.607004
v 0.710392 0.964488 0.847320 0.278294 0.431701 0.640000
vn -0.156044 0.779228 0.607004
f 163//163 164//164 165//165
v 0.838768 0.270267 -0.208512 0.278294 0.431701 0.640000
vn 1.000000 0.000000 0.000000
v 0.838768 0.270267 0.219433 0.278294 0.431701 0.640000
vn 1.000000 0.000000 0.000000
v 0.838768 0.204286 0.207374 0.278294 0.431701 0.640000
vn 1.000000 0.000000 0.000000
f 166//166 167//167 168//168
v 0.838768 0.270267 -0.208512 0.278294 0.431701 0.640000
vn 1.000000 0.000000 0.000000
v 0.838768 0.204286 0.207374 0.278294 0.431701 0.640000
vn 1.000000 0.000000 0.000000
v 0.838768 0.204286 -0.218771 0.278294 0.431701 0.640000
vn 1.000000 0.000000 0.000000
f 169//169 170//170 171//171
v 0.838768 0.270267 -0.208512 0.278294 0.431701 0.640000
vn 1.000000 0.000000 0.000000
v 0.838768 0.204286 -0.218771 0.278294 0.431701 0.640000
vn 1.000000 0.000000 0.000000
v 0.838768 0.204286 -0.711168 0.278294 0.431701 0.640000
vn 1.000000 0.000000 0.000000
f 172//172 173//173 174//174
v 0.838768 0.270267 -0.208512 0.278294 0.431701 0.640000
vn 1.000000 0.000000 0.000000
v 0.838768 0.204286 -0.711168 0.278294 0.431701 0.640000
vn 1.000000 0.000000 0.000000
v 0.838768 0.270267 -0.711168 0.278294 0.431701 0.640000
vn 1.000000 0.000000 0.000000
f 175//175 176//176 177//177
v 0.731751 0.207264 2.030569 0.278294 0.431701 0.640000
vn 0.938986 0.003972 0.343933
v 0.732736 0.272682 2.027124 0.278294 0.431701 0.640000
vn 0.938986 0.003972 0.343933
v 0.687006 0.271029 2.151992 0.278294 0.431701 0.640000
vn 0.938986 0.003972 0.343933
f 178//178 179//179 180//180
v 0.731751 0.207264 2.030569 0.278294 0.431701 0.640000
vn 0.938535 0.001279 0.345181
v 0.687006 0.271029 2.151992 0.278294 0.431701 0.640000
vn 0.938535 0.001279 0.345181
v 0.687081 0.205242 2.152033 0.278294 0.431701 0.640000
vn 0.938535 0.001279 0.345181
f 181//181 182//182 183//183
v 0.775403 0.657104 -1.549595 0.278294 0.431701 0.640000
vn 0.991742 -0.036361 -0.122990
v 0.804130 0.710963 -1.333879 0.278294 0.431701 0.640000
vn 0.991742 -0.036361 -0.122990
v 0.802022 0.676956 -1.340821 0.278294 0.431701 0.640000
vn 0.991742 -0.036361 -0.122990
f 184//184 185//185 186//186
v 0.775403 0.657104 -1.549595 0.278294 0.431701 0.640000
vn 0.989469 -0.083524 -0.118215
v 0.802022 0.676956 -1.340821 0.278294 0.431701 0.640000
vn 0.989469 -0.083524 -0.118215
v 0.774813 0.625174 -1.531975 0.278294 0.431701 0.640000
vn 0.989469 -0.083524 -0.118215
f 187//187 188//188 189//189
v 0.752924 0.458798 -1.699249 0.278294 0.431701 0.640000
vn 0.996221 0.040098 -0.077045
v 0.752924 0.541309 -1.656306 0.278294 0.431701 0.640000
vn 0.996221 0.040098 -0.077045
v 0.756548 0.518225 -1.621459 0.278294 0.431701 0.640000
vn 0.996221 0.040098 -0.077045
f 190//190 191//191 192//192
v 0.752924 0.458798 -1.699249 0.278294 0.431701 0.640000
vn 0.996517 0.037035 -0.074719
v 0.756548 0.518225 -1.621459 0.278294 0.431701 0.640000
vn 0.996517 0.037035 -0.074719
v 0.756548 0.453381 -1.653599 0.278294 0.431701 0.640000
vn 0.996517 0.037035 -0.074719
f 193//193 194//194 195//195
v 0.581720 1.414334 -0.279974 0.278294 0.431701 0.640000
vn 0.879552 0.440749 0.179247
v 0.596833 1.380988 -0.272138 0.278294 0.431701 0.640000
vn 0.879552 0.440749 0.179247
v 0.601134 1.387251 -0.308641 0.278294 0.431701 0.640000
vn 0.879552 0.440749 0.179247
f 196//196 197//197 198//198
v 0.804130 0.710963 -1.333879 0.278294 0.431701 0.640000
vn 0.969229 0.175280 -0.172834
v 0.775403 0.657104 -1.549595 0.278294 0.431701 0.640000
vn 0.969229 0.175280 -0.172834
v 0.702108 1.009464 -1.603277 0.278294 0.431701 0.640000
vn 0.969229 0.175280 -0.172834
f 199//199 200//200 201//201
v 0.804130 0.710963 -1.333879 0.278294 0.431701 0.640000
vn 0.950541 0.310170 -0.016294
v 0.702108 1.009464 -1.603277 0.278294 0.431701 0.640000
vn 0.950541 0.310170 -0.016294
v 0.730723 0.943434 -1.190913 0.278294 0.431701 0.640000
vn 0.950541 0.310170 -0.016294
f 202//202 203//203 204//204
v 0.358246 0.774813 2.128153 0.278294 0.431701 0.640000
vn 0.014447 0.716486 0.697451
v 0.000000 0.773054 2.137380 0.278294 0.431701 0.640000
vn 0.014447 0.716486 0.697451
v 0.000000 0.686148 2.226658 0.278294 0.431701 0.640000
vn 0.014447 0.716486 0.697451
f 205//205 206//206 207//207
v 0.358246 0.774813 2.128153 0.278294 0.431701 0.640000
vn 0.020813 0.704279 0.709618
v 0.000000 0.686148 2.226658 0.278294 0.431701 0.640000
vn 0.020813 0.704279 0.709618
v 0.375888 0.686148 2.215633 0.278294 0.431701 0.640000
vn 0.020813 0.704279 0.709618
f 208//208 209//209 210//210
v 0.769904 0.699541 1.904241 0.278294 0.431701 0.640000
vn 0.908425 0.272464 0.317059
v 0.696936 0.798320 2.028419 0.278294 0.431701 0.640000
vn 0.908425 0.272464 0.317059
v 0.723277 0.698650 2.038600 0.278294 0.431701 0.640000
vn 0.908425 0.272464 0.317059
f 211//211 212//212 213//213
v 0.696936 0.798320 2.028419 0.278294 0.431701 0.640000
vn 0.153363 0.709322 0.687999
v 0.358246 0.774813 2.128153 0.278294 0.431701 0.640000
vn 0.153363 0.709322 0.687999
v 0.375888 0.686148 2.215633 0.278294 0.431701 0.640000
vn 0.153363 0.709322 0.687999
f 214//214 215//215 216//216
v 0.696936 0.798320 2.028419 0.278294 0.431701 0.640000
vn 0.201856 0.647992 0.734412
v 0.375888 0.686148 2.215633 0.278294 0.431701 0.640000
vn 0.201856 0.647992 0.734412
v 0.678548 0.696862 2.122993 0.278294 0.431701 0.640000
vn 0.201856 0.647992 0.734412
f 217//217 218//218 219//219
v 0.375888 0.270267 2.278975 0.278294 0.431701 0.640000
vn 0.015719 0.000000 0.999876
v 0.375888 0.499631 2.278975 0.278294 0.431701 0.640000
vn 0.015719 0.000000 0.999876
v 0.270006 0.464977 2.280640 0.278294 0.431701 0.640000
vn 0.015719 0.000000 0.999876
f 220//220 221//221 222//222
v 0.375888 0.270267 2.278975 0.278294 0.431701 0.640000
vn 0.015719 0.000000 0.999876
v 0.270006 0.464977 2.280640 0.278294 0.431701 0.640000
vn 0.015719 0.000000 0.999876
v 0.270006 0.304923 2.280640 0.278294 0.431701 0.640000
vn 0.015719 0.000000 0.999876
f 223//223 224//224 225//225
v 0.756548 0.327988 -1.686182 0.278294 0.431701 0.640000
vn -0.294579 -0.932965 -0.206880
v 0.752924 0.339089 -1.731083 0.278294 0.431701 0.640000
vn -0.294579 -0.932965 -0.206880
v 0.765474 0.339386 -1.750291 0.278294 0.431701 0.640000
vn -0.294579 -0.932965 -0.206880
f 226//226 227//227 228//228
v 0.756548 0.327988 -1.686182 0.278294 0.431701 0.640000
vn -0.294686 -0.932930 -0.206889
v 0.765474 0.339386 -1.750291 0.278294 0.431701 0.640000
vn -0.294686 -0.932930 -0.206889
v 0.769098 0.328284 -1.705390 0.278294 0.431701 0.640000
vn -0.294686 -0.932930 -0.206889
f 229//229 230//230 231//231
v 0.375888 0.204286 -0.711168 0.278294 0.431701 0.640000
vn 0.000000 -1.000000 0.000000
v 0.375888 0.204286 -0.218771 0.278294 0.431701 0.640000
vn 0.000000 -1.000000 0.000000
v 0.000000 0.204286 -0.218771 0.278294 0.431701 0.640000
vn 0.000000 -1.000000 0.000000
f 232//232 233//233 234//234
v 0.375888 0.204286 -0.711168 0.278294 0.431701 0.640000
vn 0.000000 -1.000000 0.000000
v 0.000000 0.204286 -0.218771 0.278294 0.431701 0.640000
vn 0.000000 -1.000000 0.000000
v 0.000000 0.204286 -0.711168 0.278294 0.431701 0.640000
vn 0.000000 -1.000000 0.000000
f 235//235 236//236 237//237
v 0.838768 0.204286 -0.711168 0.278294 0.431701 0.640000
vn 0.000000 -1.000000 0.000000
v 0.838768 0.204286 -0.218771 0.278294 0.431701 0.640000
vn 0.000000 -1.000000 0.000000
v 0.607328 0.204286 -0.218771 0.278294 0.431701 0.640000
vn 0.000000 -1.000000 0.000000
f 238//238 239//239 240//240
v 0.838768 0.204286 -0.711168 0.278294 0.431701 0.640000
vn 0.000000 -1.000000 0.000000
v 0.607328 0.204286 -0.218771 0.278294 0.431701 0.640000
vn 0.000000 -1.000000 0.000000
v 0.607328 0.204286 -0.711168 0.278294 0.431701 0.640000
vn 0.000000 -1.000000 0.000000
f 241//241 242//242 243//243
v 0.607328 0.204286 -0.711168 0.278294 0.431701 0.640000
vn 0.000000 -1.000000 0.000000
v 0.607328 0.204286 -0.218771 0.278294 0.431701 0.640000
vn 0.000000 -1.000000 0.000000
v 0.375888 0.204286 -0.218771 0.278294 0.431701 0.640000
vn 0.000000 -1.000000 0.000000
f 244//244 245//245 246//246
v 0.607328 0.204286 -0.711168 0.278294 0.431701 0.640000
vn 0.000000 -1.000000 0.000000
v 0.375888 0.204286 -0.218771 0.278294 0.431701 0.640000
vn 0.000000 -1.000000 0.000000
v 0.375888 0.204286 -0.711168 0.278294 0.431701 0.640000
vn 0.000000 -1.000000 0.000000
f 247//247 248//248 249//249
v 0.375888 0.204286 -0.218771 0.278294 0.431701 0.640000
vn 0.000000 -1.000000 0.000000
v 0.607328 0.204286 -0.218771 0.278294 0.431701 0.640000
vn 0.000000 -1.000000 0.000000
v 0.607328 0.204286 0.319890 0.278294 0.431701 0.640000
vn 0.000000 -1.000000 0.000000
f 250//250 251//251 252//252
v 0.375888 0.204286 -0.218771 0.278294 0.431701 0.640000
vn 0.000000 -1.000000 0.000000
v 0.607328 0.204286 0.319890 0.278294 0.431701 0.640000
vn 0.000000 -1.000000 0.000000
v 0.375888 0.204286 0.340377 0.278294 0.431701 0.640000
vn 0.000000 -1.000000 0.000000
f 253//253 254//254 255//255
v 0.375888 0.204286 0.340377 0.278294 0.431701 0.640000
vn 0.000000 -1.000000 0.000000
v 0.607328 0.204286 0.319890 0.278294 0.431701 0.640000
vn 0.000000 -1.000000 0.000000
v 0.607328 0.204286 0.772087 0.278294 0.431701 0.640000
vn 0.000000 -1.000000 0.000000
f 256//256 257//257 258//258
v 0.375888 0.204286 0.340377 0.278294 0.431701 0.640000
vn 0.000000 -1.000000 0.000000
v 0.607328 0.204286 0.772087 0.278294 0.431701 0.640000
vn 0.000000 -1.000000 0.000000
v 0.375888 0.204286 0.813061 0.278294 0.431701 0.640000
vn 0.000000 -1.000000 0.000000
f 259//259 260//260 261//261
v 0.000000 0.204286 -0.218771 0.278294 0.431701 0.640000
vn 0.000000 -1.000000 0.000000
v 0.375888 0.204286 -0.218771 0.278294 0.431701 0.640000
vn 0.000000 -1.000000 0.000000
v 0.375888 0.204286 0.340377 0.278294 0.431701 0.640000
vn 0.000000 -1.000000 0.000000
f 262//262 263//263 264//264
v 0.000000 0.204286 -0.218771 0.278294 0.431701 0.640000
vn 0.000000 -1.000000 0.000000
v 0.375888 0.204286 0.340377 0.278294 0.431701 0.640000
vn 0.000000 -1.000000 0.000000
v 0.000000 0.204286 0.343611 0.278294 0.431701 0.640000
vn 0.000000 -1.000000 0.000000
f 265//265 266//266 267//267
v 0.000000 0.204286 0.343611 0.278294 0.431701 0.640000
vn 0.000000 -1.000000 0.000000
v 0.375888 0.204286 0.340377 0.278294 0.431701 0.640000
vn 0.000000 -1.000000 0.000000
v 0.375888 0.204286 0.813061 0.278294 0.431701 0.640000
vn 0.000000 -1.000000 0.000000
f 268//268 269//269 270//270
v 0.000000 0.204286 0.343611 0.278294 0.431701 0.640000
vn 0.000000 -1.000000 0.000000
v 0.375888 0.204286 0.813061 0.278294 0.431701 0.640000
vn 0.000000 -1.000000 0.000000
v 0.000000 0.204286 0.819530 0.278294 0.431701 0.640000
vn 0.000000 -1.000000 0.000000
f 271//271 272//272 273//273
v 0.607328 0.204286 -0.218771 0.278294 0.431701 0.640000
vn 0.000000 -1.000000 0.000000
v 0.838768 0.204286 -0.218771 0.278294 0.431701 0.640000
vn 0.000000 -1.000000 0.000000
v 0.838768 0.204286 0.207374 0.278294 0.431701 0.640000
vn 0.000000 -1.000000 0.000000
f 274//274 275//275 276//276
v 0.607328 0.204286 -0.218771 0.278294 0.431701 0.640000
vn 0.000000 -1.000000 0.000000
v 0.838768 0.204286 0.207374 0.278294 0.431701 0.640000
vn 0.000000 -1.000000 0.000000
v 0.607328 0.204286 0.319890 0.278294 0.431701 0.640000
vn 0.000000 -1.000000 0.000000
f 277//277 278//278 279//279
v 0.607328 0.204286 0.319890 0.278294 0.431701 0.640000
vn 0.000000 -1.000000 0.000000
v 0.838768 0.204286 0.207374 0.278294 0.431701 0.640000
vn 0.000000 -1.000000 0.000000
v 0.832493 0.204286 0.796147 0.278294 0.431701 0.640000
vn 0.000000 -1.000000 0.000000
f 280//280 281//281 282//282
v 0.607328 0.204286 0.319890 0.278294 0.431701 0.640000
vn 0.000000 -1.000000 0.000000
v 0.832493 0.204286 0.796147 0.278294 0.431701 0.640000
vn 0.000000 -1.000000 0.000000
v 0.607328 0.204286 0.772087 0.278294 0.431701 0.640000
vn 0.000000 -1.000000 0.000000
f 283//283 284//284 285//285
v 0.607328 0.204286 0.772087 0.278294 0.431701 0.640000
vn -0.004982 -0.998900 0.046623
v 0.832493 0.204286 0.796147 0.278294 0.431701 0.640000
vn -0.004982 -0.998900 0.046623
v 0.838768 0.210241 0.924403 0.278294 0.431701 0.640000
vn -0.004982 -0.998900 0.046623
f 286//286 287//287 288//288
v 0.607328 0.204286 0.772087 0.278294 0.431701 0.640000
vn 0.000000 -0.999237 0.039066
v 0.838768 0.210241 0.924403 0.278294 0.431701 0.640000
vn 0.000000 -0.999237 0.039066
v 0.607328 0.210241 0.924403 0.278294 0.431701 0.640000
vn 0.000000 -0.999237 0.039066
f 289//289 290//290 291//291
v 0.000000 0.204286 0.819530 0.278294 0.431701 0.640000
vn 0.000919 -0.998572 0.053407
v 0.375888 0.204286 0.813061 0.278294 0.431701 0.640000
vn 0.000919 -0.998572 0.053407
v 0.375888 0.210241 0.924403 0.278294 0.431701 0.640000
vn 0.000919 -0.998572 0.053407
f 292//292 293//293 294//294
v 0.000000 0.204286 0.819530 0.278294 0.431701 0.640000
vn 0.000000 -0.998392 0.056692
v 0.375888 0.210241 0.924403 0.278294 0.431701 0.640000
vn 0.000000 -0.998392 0.056692
v 0.000000 0.210241 0.924403 0.278294 0.431701 0.640000
vn 0.000000 -0.998392 0.056692
f 295//295 296//296 297//297
v 0.375888 0.204286 0.813061 0.278294 0.431701 0.640000
vn 0.006916 -0.999213 0.039065
v 0.607328 0.204286 0.772087 0.278294 0.431701 0.640000
vn 0.006916 -0.999213 0.039065
v 0.607328 0.210241 0.924403 0.278294 0.431701 0.640000
vn 0.006916 -0.999213 0.039065
f 298//298 299//299 300//300
v 0.375888 0.204286 0.813061 0.278294 0.431701 0.640000
vn 0.000000 -0.998573 0.053407
v 0.607328 0.210241 0.924403 0.278294 0.431701 0.640000
vn 0.000000 -0.998573 0.053407
v 0.375888 0.210241 0.924403 0.278294 0.431701 0.640000
vn 0.000000 -0.998573 0.053407
f 301//301 302//302 303//303
v 0.607328 0.212441 -0.940575 0.278294 0.431701 0.640000
vn 0.000000 -0.999369 -0.035526
v 0.607328 0.204286 -0.711168 0.278294 0.431701 0.640000
vn 0.000000 -0.999369 -0.035526
v 0.375888 0.204286 -0.711168 0.278294 0.431701 0.640000
vn 0.000000 -0.999369 -0.035526
f 304//304 305//305 306//306
v 0.607328 0.212441 -0.940575 0.278294 0.431701 0.640000
vn 0.000000 -0.999369 -0.035526
v 0.375888 0.204286 -0.711168 0.278294 0.431701 0.640000
vn 0.000000 -0.999369 -0.035526
v 0.375888 0.212441 -0.940575 0.278294 0.431701 0.640000
vn 0.000000 -0.999369 -0.035526
f 307//307 308//308 309//309
v 0.817684 0.212441 -0.940575 0.278294 0.431701 0.640000
vn 0.000000 -0.999369 -0.035526
v 0.838768 0.204286 -0.711168 0.278294 0.431701 0.640000
vn 0.000000 -0.999369 -0.035526
v 0.607328 0.204286 -0.711168 0.278294 0.431701 0.640000
vn 0.000000 -0.999369 -0.035526
f 310//310 311//311 312//312
v 0.817684 0.212441 -0.940575 0.278294 0.431701 0.640000
vn 0.000000 -0.999369 -0.035526
v 0.607328 0.204286 -0.711168 0.278294 0.431701 0.640000
vn 0.000000 -0.999369 -0.035526
v 0.607328 0.212441 -0.940575 0.278294 0.431701 0.640000
vn 0.000000 -0.999369 -0.035526
f 313//313 314//314 315//315
v 0.375888 0.212441 -0.940575 0.278294 0.431701 0.640000
vn 0.000000 -0.999369 -0.035526
v 0.375888 0.204286 -0.711168 0.278294 0.431701 0.640000
vn 0.000000 -0.999369 -0.035526
v 0.000000 0.204286 -0.711168 0.278294 0.431701 0.640000
vn 0.000000 -0.999369 -0.035526
f 316//316 317//317 318//318
v 0.375888 0.212441 -0.940575 0.278294 0.431701 0.640000
vn 0.000000 -0.999369 -0.035526
v 0.000000 0.204286 -0.711168 0.278294 0.431701 0.640000
vn 0.000000 -0.999369 -0.035526
v 0.000000 0.212441 -0.940575 0.278294 0.431701 0.640000
vn 0.000000 -0.999369 -0.035526
f 319//319 320//320 321//321
v 0.375888 0.255930 -1.200352 0.278294 0.431701 0.640000
vn 0.000000 -0.986275 -0.165112
v 0.375888 0.212441 -0.940575 0.278294 0.431701 0.640000
vn 0.000000 -0.986275 -0.165112
v 0.000000 0.212441 -0.940575 0.278294 0.431701 0.640000
vn 0.000000 -0.986275 -0.165112
f 322//322 323//323 324//324
v 0.375888 0.255930 -1.200352 0.278294 0.431701 0.640000
vn -0.003683 -0.985387 -0.170292
v 0.000000 0.212441 -0.940575 0.278294 0.431701 0.640000
vn -0.003683 -0.985387 -0.170292
v 0.000000 0.255930 -1.192224 0.278294 0.431701 0.640000
vn -0.003683 -0.985387 -0.170292
f 325//325 326//326 327//327
v 0.804130 0.710963 -1.333879 0.278294 0.431701 0.640000
vn 0.996439 -0.044540 -0.071595
v 0.817684 0.636855 -1.099132 0.278294 0.431701 0.640000
vn 0.996439 -0.044540 -0.071595
v 0.814060 0.610563 -1.133216 0.278294 0.431701 0.640000
vn 0.996439 -0.044540 -0.071595
f 328//328 329//329 330//330
v 0.804130 0.710963 -1.333879 0.278294 0.431701 0.640000
vn 0.996246 -0.046892 -0.072762
v 0.814060 0.610563 -1.133216 0.278294 0.431701 0.640000
vn 0.996246 -0.046892 -0.072762
v 0.802022 0.676956 -1.340821 0.278294 0.431701 0.640000
vn 0.996246 -0.046892 -0.072762
f 331//331 332//332 333//333
v 0.589821 0.255930 -1.176236 0.278294 0.431701 0.640000
vn 0.016089 -0.985773 -0.167311
v 0.604818 0.226031 -0.998632 0.278294 0.431701 0.640000
vn 0.016089 -0.985773 -0.167311
v 0.375888 0.212441 -0.940575 0.278294 0.431701 0.640000
vn 0.016089 -0.985773 -0.167311
f 334//334 335//335 336//336
v 0.589821 0.255930 -1.176236 0.278294 0.431701 0.640000
vn 0.018610 -0.986104 -0.165084
v 0.375888 0.212441 -0.940575 0.278294 0.431701 0.640000
vn 0.018610 -0.986104 -0.165084
v 0.375888 0.255930 -1.200352 0.278294 0.431701 0.640000
vn 0.018610 -0.986104 -0.165084
f 337//337 338//338 339//339
v 0.564406 0.348624 -1.748456 0.278294 0.431701 0.640000
vn 0.011058 -0.979759 -0.199873
v 0.568906 0.335713 -1.684917 0.278294 0.431701 0.640000
vn 0.011058 -0.979759 -0.199873
v 0.375888 0.348624 -1.758886 0.278294 0.431701 0.640000
vn 0.011058 -0.979759 -0.199873
f 340//340 341//341 342//342
v 0.838768 0.270267 -0.711168 0.278294 0.431701 0.640000
vn 0.995803 0.000000 -0.091523
v 0.838768 0.204286 -0.711168 0.278294 0.431701 0.640000
vn 0.995803 0.000000 -0.091523
v 0.817684 0.212441 -0.940575 0.278294 0.431701 0.640000
vn 0.995803 0.000000 -0.091523
f 343//343 344//344 345//345
v 0.838768 0.270267 -0.711168 0.278294 0.431701 0.640000
vn 0.995930 -0.006493 -0.089898
v 0.817684 0.212441 -0.940575 0.278294 0.431701 0.640000
vn 0.995930 -0.006493 -0.089898
v 0.817684 0.272008 -0.944877 0.278294 0.431701 0.640000
vn 0.995930 -0.006493 -0.089898
f 346//346 347//347 348//348
v 0.375888 0.348624 -1.758886 0.278294 0.431701 0.640000
vn 0.011409 -0.958730 -0.284089
v 0.375888 0.307573 -1.620350 0.278294 0.431701 0.640000
vn 0.011409 -0.958730 -0.284089
v 0.000000 0.307573 -1.635446 0.278294 0.431701 0.640000
vn 0.011409 -0.958730 -0.284089
f 349//349 350//350 351//351
v 0.375888 0.348624 -1.758886 0.278294 0.431701 0.640000
vn 0.016295 -0.962583 -0.270496
v 0.000000 0.307573 -1.635446 0.278294 0.431701 0.640000
vn 0.016295 -0.962583 -0.270496
v 0.000000 0.348624 -1.781529 0.278294 0.431701 0.640000
vn 0.016295 -0.962583 -0.270496
f 352//352 353//353 354//354
v 0.602914 0.210241 1.677510 0.278294 0.431701 0.640000
vn 0.000000 -0.999964 -0.008431
v 0.784418 0.210241 1.677510 0.278294 0.431701 0.640000
vn 0.000000 -0.999964 -0.008431
v 0.731751 0.207264 2.030569 0.278294 0.431701 0.640000
vn 0.000000 -0.999964 -0.008431
f 355//355 356//356 357//357
v 0.602914 0.210241 1.677510 0.278294 0.431701 0.640000
vn 0.011204 -0.999859 -0.012519
v 0.731751 0.207264 2.030569 0.278294 0.431701 0.640000
vn 0.011204 -0.999859 -0.012519
v 0.687081 0.205242 2.152033 0.278294 0.431701 0.640000
vn 0.011204 -0.999859 -0.012519
f 358//358 359//359 360//360
v 0.000000 0.210241 1.677510 0.278294 0.431701 0.640000
vn 0.000000 -0.999951 -0.009900
v 0.378892 0.210241 1.677510 0.278294 0.431701 0.640000
vn 0.000000 -0.999951 -0.009900
v 0.375888 0.204286 2.278975 0.278294 0.431701 0.640000
vn 0.000000 -0.999951 -0.009900
f 361//361 362//362 363//363
v 0.000000 0.210241 1.677510 0.278294 0.431701 0.640000
vn -0.000285 -0.999953 -0.009722
v 0.375888 0.204286 2.278975 0.278294 0.431701 0.640000
vn -0.000285 -0.999953 -0.009722
v 0.000000 0.204286 2.290000 0.278294 0.431701 0.640000
vn -0.000285 -0.999953 -0.009722
f 364//364 365//365 366//366
v 0.794842 0.499631 1.641036 0.278294 0.431701 0.640000
vn 0.988513 -0.025878 0.148906
v 0.824227 0.667357 1.475112 0.278294 0.431701 0.640000
vn 0.988513 -0.025878 0.148906
v 0.825172 0.703438 1.475112 0.278294 0.431701 0.640000
vn 0.988513 -0.025878 0.148906
f 367//367 368//368 369//369
v 0.794842 0.499631 1.641036 0.278294 0.431701 0.640000
vn 0.990903 -0.043888 0.127221
v 0.825172 0.703438 1.475112 0.278294 0.431701 0.640000
vn 0.990903 -0.043888 0.127221
v 0.769904 0.699541 1.904241 0.278294 0.431701 0.640000
vn 0.990903 -0.043888 0.127221
f 370//370 371//371 372//372
v 0.718796 0.906339 1.394578 0.278294 0.431701 0.640000
vn -0.042433 0.989230 0.140081
v 0.390147 0.892784 1.390750 0.278294 0.431701 0.640000
vn -0.042433 0.989230 0.140081
v 0.375888 0.853312 1.665171 0.278294 0.431701 0.640000
vn -0.042433 0.989230 0.140081
f 373//373 374//374 375//375
v 0.718796 0.906339 1.394578 0.278294 0.431701 0.640000
vn -0.002490 0.981922 0.189267
v 0.375888 0.853312 1.665171 0.278294 0.431701 0.640000
vn -0.002490 0.981922 0.189267
v 0.712225 0.873741 1.563611 0.278294 0.431701 0.640000
vn -0.002490 0.981922 0.189267
f 376//376 377//377 378//378
v 0.833361 0.735449 1.297332 0.278294 0.431701 0.640000
vn 0.856166 0.500148 0.129735
v 0.718796 0.906339 1.394578 0.278294 0.431701 0.640000
vn 0.856166 0.500148 0.129735
v 0.712225 0.873741 1.563611 0.278294 0.431701 0.640000
vn 0.856166 0.500148 0.129735
f 379//379 380//380 381//381
v 0.833361 0.735449 1.297332 0.278294 0.431701 0.640000
vn 0.856038 0.500419 0.129536
v 0.712225 0.873741 1.563611 0.278294 0.431701 0.640000
vn 0.856038 0.500419 0.129536
v 0.825172 0.703438 1.475112 0.278294 0.431701 0.640000
vn 0.856038 0.500419 0.129536
f 382//382 383//383 384//384
v 0.375888 0.853312 1.665171 0.278294 0.431701 0.640000
vn 0.000000 0.989813 0.142370
v 0.390147 0.892784 1.390750 0.278294 0.431701 0.640000
vn 0.000000 0.989813 0.142370
v 0.000000 0.892784 1.390750 0.278294 0.431701 0.640000
vn 0.000000 0.989813 0.142370
f 385//385 386//386 387//387
v 0.375888 0.853312 1.665171 0.278294 0.431701 0.640000
vn 0.000000 0.989813 0.142370
v 0.000000 0.892784 1.390750 0.278294 0.431701 0.640000
vn 0.000000 0.989813 0.142370
v 0.000000 0.853312 1.665171 0.278294 0.431701 0.640000
vn 0.000000 0.989813 0.142370
f 388//388 389//389 390//390
v 0.825172 0.703438 1.475112 0.278294 0.431701 0.640000
vn 0.998805 -0.026147 0.041299
v 0.824227 0.667357 1.475112 0.278294 0.431701 0.640000
vn 0.998805 -0.026147 0.041299
v 0.833361 0.735449 1.297332 0.278294 0.431701 0.640000
vn 0.998805 -0.026147 0.041299
f 391//391 392//392 393//393
v 0.824227 0.667357 1.475112 0.278294 0.431701 0.640000
vn 0.991834 -0.065532 0.109410
v 0.794842 0.499631 1.641036 0.278294 0.431701 0.640000
vn 0.991834 -0.065532 0.109410
v 0.798862 0.467547 1.585377 0.278294 0.431701 0.640000
vn 0.991834 -0.065532 0.109410
f 394//394 395//395 396//396
v 0.824227 0.667357 1.475112 0.278294 0.431701 0.640000
vn 0.991834 -0.065529 0.109416
v 0.798862 0.467547 1.585377 0.278294 0.431701 0.640000
vn 0.991834 -0.065529 0.109416
v 0.823545 0.608429 1.446009 0.278294 0.431701 0.640000
vn 0.991834 -0.065529 0.109416
f 397//397 398//398 399//399
v 0.838768 0.744047 1.114987 0.278294 0.431701 0.640000
vn 0.998532 -0.046719 0.027409
v 0.833361 0.735449 1.297332 0.278294 0.431701 0.640000
vn 0.998532 -0.046719 0.027409
v 0.829911 0.661221 1.296493 0.278294 0.431701 0.640000
vn 0.998532 -0.046719 0.027409
f 400//400 401//401 402//402
v 0.838768 0.744047 1.114987 0.278294 0.431701 0.640000
vn 0.999014 -0.016432 0.041253
v 0.829911 0.661221 1.296493 0.278294 0.431701 0.640000
vn 0.999014 -0.016432 0.041253
v 0.835758 0.614885 1.136428 0.278294 0.431701 0.640000
vn 0.999014 -0.016432 0.041253
f 403//403 404//404 405//405
v 0.838768 0.499631 0.961746 0.278294 0.431701 0.640000
vn 0.999399 -0.018414 0.029370
v 0.838768 0.744047 1.114987 0.278294 0.431701 0.640000
vn 0.999399 -0.018414 0.029370
v 0.835758 0.614885 1.136428 0.278294 0.431701 0.640000
vn 0.999399 -0.018414 0.029370
f 406//406 407//407 408//408
v 0.838768 0.499631 0.961746 0.278294 0.431701 0.640000
vn 0.998798 -0.031197 0.037794
v 0.835758 0.614885 1.136428 0.278294 0.431701 0.640000
vn 0.998798 -0.031197 0.037794
v 0.835758 0.467547 1.014806 0.278294 0.431701 0.640000
vn 0.998798 -0.031197 0.037794
f 409//409 410//410 411//411
v 0.833361 0.735449 1.297332 0.278294 0.431701 0.640000
vn 0.998740 -0.031040 0.039421
v 0.824227 0.667357 1.475112 0.278294 0.431701 0.640000
vn 0.998740 -0.031040 0.039421
v 0.823545 0.608429 1.446009 0.278294 0.431701 0.640000
vn 0.998740 -0.031040 0.039421
f 412//412 413//413 414//414
v 0.833361 0.735449 1.297332 0.278294 0.431701 0.640000
vn 0.998570 -0.046705 0.026027
v 0.823545 0.608429 1.446009 0.278294 0.431701 0.640000
vn 0.998570 -0.046705 0.026027
v 0.829911 0.661221 1.296493 0.278294 0.431701 0.640000
vn 0.998570 -0.046705 0.026027
f 415//415 416//416 417//417
v 0.838768 0.275098 0.934360 0.278294 0.431701 0.640000
vn 0.998587 -0.006434 0.052755
v 0.838768 0.499631 0.961746 0.278294 0.431701 0.640000
vn 0.998587 -0.006434 0.052755
v 0.835758 0.467547 1.014806 0.278294 0.431701 0.640000
vn 0.998587 -0.006434 0.052755
f 418//418 419//419 420//420
v 0.838768 0.275098 0.934360 0.278294 0.431701 0.640000
vn 0.998753 -0.005140 0.049664
v 0.835758 0.467547 1.014806 0.278294 0.431701 0.640000
vn 0.998753 -0.005140 0.049664
v 0.835758 0.269038 0.994262 0.278294 0.431701 0.640000
vn 0.998753 -0.005140 0.049664
f 421//421 422//422 423//423
v 0.791760 0.269038 1.610226 0.278294 0.431701 0.640000
vn 0.000000 -0.097950 -0.995191
v 0.790106 0.210241 1.616013 0.278294 0.431701 0.640000
vn 0.000000 -0.097950 -0.995191
v 0.601768 0.210241 1.616013 0.278294 0.431701 0.640000
vn 0.000000 -0.097950 -0.995191
f 424//424 425//425 426//426
v 0.791760 0.269038 1.610226 0.278294 0.431701 0.640000
vn 0.000000 -0.097950 -0.995191
v 0.601768 0.210241 1.616013 0.278294 0.431701 0.640000
vn 0.000000 -0.097950 -0.995191
v 0.603422 0.269038 1.610226 0.278294 0.431701 0.640000
vn 0.000000 -0.097950 -0.995191
f 427//427 428//428 429//429
v 0.823545 0.608429 1.446009 0.278294 0.431701 0.640000
vn 0.000000 -0.703277 -0.710915
v 0.798862 0.467547 1.585377 0.278294 0.431701 0.640000
vn 0.000000 -0.703277 -0.710915
v 0.610524 0.467547 1.585377 0.278294 0.431701 0.640000
vn 0.000000 -0.703277 -0.710915
f 430//430 431//431 432//432
v 0.823545 0.608429 1.446009 0.278294 0.431701 0.640000
vn 0.000000 -0.703277 -0.710915
v 0.610524 0.467547 1.585377 0.278294 0.431701 0.640000
vn 0.000000 -0.703277 -0.710915
v 0.635206 0.608429 1.446009 0.278294 0.431701 0.640000
vn 0.000000 -0.703277 -0.710915
f 433//433 434//434 435//435
v 0.835758 0.269038 0.994262 0.278294 0.431701 0.640000
vn 0.000000 -0.102939 0.994688
v 0.835758 0.467547 1.014806 0.278294 0.431701 0.640000
vn 0.000000 -0.102939 0.994688
v 0.647420 0.467547 1.014806 0.278294 0.431701 0.640000
vn 0.000000 -0.102939 0.994688
f 436//436 437//437 438//438
v 0.835758 0.269038 0.994262 0.278294 0.431701 0.640000
vn 0.000000 -0.102939 0.994688
v 0.647420 0.467547 1.014806 0.278294 0.431701 0.640000
vn 0.000000 -0.102939 0.994688
v 0.647420 0.269038 0.994262 0.278294 0.431701 0.640000
vn 0.000000 -0.102939 0.994688
f 439//439 440//440 441//441
v 0.835758 0.614885 1.136428 0.278294 0.431701 0.640000
vn -0.038526 -0.960224 0.276559
v 0.829911 0.661221 1.296493 0.278294 0.431701 0.640000
vn -0.038526 -0.960224 0.276559
v 0.661476 0.667979 1.296493 0.278294 0.431701 0.640000
vn -0.038526 -0.960224 0.276559
f 442//442 443//443 444//444
v 0.835758 0.614885 1.136428 0.278294 0.431701 0.640000
vn 0.000000 -0.949147 0.314832
v 0.661476 0.667979 1.296493 0.278294 0.431701 0.640000
vn 0.000000 -0.949147 0.314832
v 0.647420 0.614885 1.136428 0.278294 0.431701 0.640000
vn 0.000000 -0.949147 0.314832
f 445//445 446//446 447//447
v 0.829911 0.661221 1.296493 0.278294 0.431701 0.640000
vn 0.000000 -0.942947 -0.332943
v 0.823545 0.608429 1.446009 0.278294 0.431701 0.640000
vn 0.000000 -0.942947 -0.332943
v 0.635206 0.608429 1.446009 0.278294 0.431701 0.640000
vn 0.000000 -0.942947 -0.332943
f 448//448 449//449 450//450
v 0.829911 0.661221 1.296493 0.278294 0.431701 0.640000
vn -0.037157 -0.926122 -0.375390
v 0.635206 0.608429 1.446009 0.278294 0.431701 0.640000
vn -0.037157 -0.926122 -0.375390
v 0.661476 0.667979 1.296493 0.278294 0.431701 0.640000
vn -0.037157 -0.926122 -0.375390
f 451//451 452//452 453//453
v 0.835758 0.467547 1.014806 0.278294 0.431701 0.640000
vn 0.000000 -0.636595 0.771198
v 0.835758 0.614885 1.136428 0.278294 0.431701 0.640000
vn 0.000000 -0.636595 0.771198
v 0.647420 0.614885 1.136428 0.278294 0.431701 0.640000
vn 0.000000 -0.636595 0.771198
f 454//454 455//455 456//456
v 0.835758 0.467547 1.014806 0.278294 0.431701 0.640000
vn 0.000000 -0.636595 0.771198
v 0.647420 0.614885 1.136428 0.278294 0.431701 0.640000
vn 0.000000 -0.636595 0.771198
v 0.647420 0.467547 1.014806 0.278294 0.431701 0.640000
vn 0.000000 -0.636595 0.771198
f 457//457 458//458 459//459
v 0.603422 0.269038 1.610226 0.278294 0.431701 0.640000
vn 0.997431 -0.007373 0.071247
v 0.647420 0.269038 0.994262 0.278294 0.431701 0.640000
vn 0.997431 -0.007373 0.071247
v 0.647420 0.467547 1.014806 0.278294 0.431701 0.640000
vn 0.997431 -0.007373 0.071247
f 460//460 461//461 462//462
v 0.603422 0.269038 1.610226 0.278294 0.431701 0.640000
vn 0.997535 -0.027615 0.064506
v 0.647420 0.467547 1.014806 0.278294 0.431701 0.640000
vn 0.997535 -0.027615 0.064506
v 0.610524 0.467547 1.585377 0.278294 0.431701 0.640000
vn 0.997535 -0.027615 0.064506
f 463//463 464//464 465//465
v 0.635206 0.608429 1.446009 0.278294 0.431701 0.640000
vn 0.940168 -0.339388 0.030017
v 0.647420 0.614885 1.136428 0.278294 0.431701 0.640000
vn 0.940168 -0.339388 0.030017
v 0.661476 0.667979 1.296493 0.278294 0.431701 0.640000
vn 0.940168 -0.339388 0.030017
f 466//466 467//467 468//468
v 0.602914 0.210241 1.677510 0.278294 0.431701 0.640000
vn 0.000000 -1.000000 0.000000
v 0.601768 0.210241 1.616013 0.278294 0.431701 0.640000
vn 0.000000 -1.000000 0.000000
v 0.790106 0.210241 1.616013 0.278294 0.431701 0.640000
vn 0.000000 -1.000000 0.000000
f 469//469 470//470 471//471
v 0.602914 0.210241 1.677510 0.278294 0.431701 0.640000
vn 0.000000 -1.000000 0.000000
v 0.790106 0.210241 1.616013 0.278294 0.431701 0.640000
vn 0.000000 -1.000000 0.000000
v 0.784418 0.210241 1.677510 0.278294 0.431701 0.640000
vn 0.000000 -1.000000 0.000000
f 472//472 473//473 474//474
v 0.610524 0.467547 1.585377 0.278294 0.431701 0.640000
vn 0.996503 -0.053192 0.064439
v 0.647420 0.467547 1.014806 0.278294 0.431701 0.640000
vn 0.996503 -0.053192 0.064439
v 0.647420 0.614885 1.136428 0.278294 0.431701 0.640000
vn 0.996503 -0.053192 0.064439
f 475//475 476//476 477//477
v 0.610524 0.467547 1.585377 0.278294 0.431701 0.640000
vn 0.989825 -0.137614 0.036185
v 0.647420 0.614885 1.136428 0.278294 0.431701 0.640000
vn 0.989825 -0.137614 0.036185
v 0.635206 0.608429 1.446009 0.278294 0.431701 0.640000
vn 0.989825 -0.137614 0.036185
f 478//478 479//479 480//480
v 0.838768 0.210241 0.924403 0.278294 0.431701 0.640000
vn 0.000000 -1.000000 0.000000
v 0.835758 0.210241 0.985899 0.278294 0.431701 0.640000
vn 0.000000 -1.000000 0.000000
v 0.647420 0.210241 0.985899 0.278294 0.431701 0.640000
vn 0.000000 -1.000000 0.000000
f 481//481 482//482 483//483
v 0.838768 0.210241 0.924403 0.278294 0.431701 0.640000
vn 0.000000 -1.000000 0.000000
v 0.647420 0.210241 0.985899 0.278294 0.431701 0.640000
vn 0.000000 -1.000000 0.000000
v 0.607328 0.210241 0.924403 0.278294 0.431701 0.640000
vn 0.000000 -1.000000 0.000000
f 484//484 485//485 486//486
v 0.607328 0.210241 0.924403 0.278294 0.431701 0.640000
vn 0.000000 -1.000000 0.000000
v 0.647420 0.210241 0.985899 0.278294 0.431701 0.640000
vn 0.000000 -1.000000 0.000000
v 0.375888 0.210241 0.924403 0.278294 0.431701 0.640000
vn 0.000000 -1.000000 0.000000
f 487//487 488//488 489//489
v 0.000000 0.210241 0.924403 0.278294 0.431701 0.640000
vn 0.000000 -1.000000 0.000000
v 0.375888 0.210241 0.924403 0.278294 0.431701 0.640000
vn 0.000000 -1.000000 0.000000
v 0.378892 0.210241 1.677510 0.278294 0.431701 0.640000
vn 0.000000 -1.000000 0.000000
f 490//490 491//491 492//492
v 0.000000 0.210241 0.924403 0.278294 0.431701 0.640000
vn 0.000000 -1.000000 0.000000
v 0.378892 0.210241 1.677510 0.278294 0.431701 0.640000
vn 0.000000 -1.000000 0.000000
v 0.000000 0.210241 1.677510 0.278294 0.431701 0.640000
vn 0.000000 -1.000000 0.000000
f 493//493 494//494 495//495
v 0.378892 0.210241 1.677510 0.278294 0.431701 0.640000
vn 0.000000 -1.000000 0.000000
v 0.601768 0.210241 1.616013 0.278294 0.431701 0.640000
vn 0.000000 -1.000000 0.000000
v 0.602914 0.210241 1.677510 0.278294 0.431701 0.640000
vn 0.000000 -1.000000 0.000000
f 496//496 497//497 498//498
v 0.375888 0.210241 0.924403 0.278294 0.431701 0.640000
vn 0.000000 -1.000000 0.000000
v 0.647420 0.210241 0.985899 0.278294 0.431701 0.640000
vn 0.000000 -1.000000 0.000000
v 0.601768 0.210241 1.616013 0.278294 0.431701 0.640000
vn 0.000000 -1.000000 0.000000
f 499//499 500//500 501//501
v 0.375888 0.210241 0.924403 0.278294 0.431701 0.640000
vn 0.000000 -1.000000 0.000000
v 0.601768 0.210241 1.616013 0.278294 0.431701 0.640000
vn 0.000000 -1.000000 0.000000
v 0.378892 0.210241 1.677510 0.278294 0.431701 0.640000
vn 0.000000 -1.000000 0.000000
f 502//502 503//503 504//504
v 0.581720 1.414334 -0.279974 0.278294 0.431701 0.640000
vn 0.216499 0.973578 0.072622
v 0.376000 1.460000 -0.278887 0.278294 0.431701 0.640000
vn 0.216499 0.973578 0.072622
v 0.376000 1.425134 0.188534 0.278294 0.431701 0.640000
vn 0.216499 0.973578 0.072622
f 505//505 506//506 507//507
v 0.581720 1.414334 -0.279974 0.278294 0.431701 0.640000
vn 0.218221 0.973136 0.073388
v 0.376000 1.425134 0.188534 0.278294 0.431701 0.640000
vn 0.218221 0.973136 0.073388
v 0.579156 1.381122 0.168047 0.278294 0.431701 0.640000
vn 0.218221 0.973136 0.073388
f 508//508 509//509 510//510
v 0.451713 0.937309 0.983764 0.278294 0.431701 0.640000
vn 0.119853 0.905282 0.407554
v 0.746205 0.943434 0.883555 0.278294 0.431701 0.640000
vn 0.119853 0.905282 0.407554
v 0.710392 0.964488 0.847320 0.278294 0.431701 0.640000
vn 0.119853 0.905282 0.407554
f 511//511 512//512 513//513
v 0.451713 0.937309 0.983764 0.278294 0.431701 0.640000
vn 0.178611 0.843456 0.506636
v 0.710392 0.964488 0.847320 0.278294 0.431701 0.640000
vn 0.178611 0.843456 0.506636
v 0.459979 0.964488 0.935602 0.278294 0.431701 0.640000
vn 0.178611 0.843456 0.506636
f 514//514 515//515 516//516
v 0.665671 1.169166 0.565211 0.278294 0.431701 0.640000
vn -0.030388 0.879056 0.475748
v 0.579156 1.381122 0.168047 0.278294 0.431701 0.640000
vn -0.030388 0.879056 0.475748
v 0.559040 1.353944 0.216980 0.278294 0.431701 0.640000
vn -0.030388 0.879056 0.475748
f 517//517 518//518 519//519
v 0.665671 1.169166 0.565211 0.278294 0.431701 0.640000
vn 0.015242 0.885169 0.465019
v 0.559040 1.353944 0.216980 0.278294 0.431701 0.640000
vn 0.015242 0.885169 0.465019
v 0.639443 1.168747 0.566869 0.278294 0.431701 0.640000
vn 0.015242 0.885169 0.465019
f 520//520 521//521 522//522
v 0.581720 1.414334 -0.279974 0.278294 0.431701 0.640000
vn 0.186643 0.976205 -0.110397
v 0.586234 1.366862 -0.692127 0.278294 0.431701 0.640000
vn 0.186643 0.976205 -0.110397
v 0.376000 1.407171 -0.691121 0.278294 0.431701 0.640000
vn 0.186643 0.976205 -0.110397
f 523//523 524//524 525//525
v 0.581720 1.414334 -0.279974 0.278294 0.431701 0.640000
vn 0.214404 0.968822 -0.124158
v 0.376000 1.407171 -0.691121 0.278294 0.431701 0.640000
vn 0.214404 0.968822 -0.124158
v 0.376000 1.460000 -0.278887 0.278294 0.431701 0.640000
vn 0.214404 0.968822 -0.124158
f 526//526 527//527 528//528
v 0.376000 1.460000 -0.278887 0.278294 0.431701 0.640000
vn 0.018057 0.991726 -0.127094
v 0.376000 1.407171 -0.691121 0.278294 0.431701 0.640000
vn 0.018057 0.991726 -0.127094
v 0.000000 1.414017 -0.691121 0.278294 0.431701 0.640000
vn 0.018057 0.991726 -0.127094
f 529//529 530//530 531//531
v 0.376000 1.460000 -0.278887 0.278294 0.431701 0.640000
vn 0.000000 0.993836 -0.110859
v 0.000000 1.414017 -0.691121 0.278294 0.431701 0.640000
vn 0.000000 0.993836 -0.110859
v 0.000000 1.460000 -0.278887 0.278294 0.431701 0.640000
vn 0.000000 0.993836 -0.110859
f 532//532 533//533 534//534
v 0.586234 1.366862 -0.692127 0.278294 0.431701 0.640000
vn 0.005150 0.967308 -0.253552
v 0.602671 1.308423 -0.914737 0.278294 0.431701 0.640000
vn 0.005150 0.967308 -0.253552
v 0.376000 1.309565 -0.914986 0.278294 0.431701 0.640000
vn 0.005150 0.967308 -0.253552
f 535//535 536//536 537//537
v 0.586234 1.366862 -0.692127 0.278294 0.431701 0.640000
vn 0.171273 0.903115 -0.393761
v 0.376000 1.309565 -0.914986 0.278294 0.431701 0.640000
vn 0.171273 0.903115 -0.393761
v 0.376000 1.407171 -0.691121 0.278294 0.431701 0.640000
vn 0.171273 0.903115 -0.393761
f 538//538 539//539 540//540
v 0.376000 1.407171 -0.691121 0.278294 0.431701 0.640000
vn 0.000000 0.916660 -0.399667
v 0.376000 1.309565 -0.914986 0.278294 0.431701 0.640000
vn 0.000000 0.916660 -0.399667
v 0.000000 1.309565 -0.914986 0.278294 0.431701 0.640000
vn 0.000000 0.916660 -0.399667
f 541//541 542//542 543//543
v 0.376000 1.407171 -0.691121 0.278294 0.431701 0.640000
vn 0.016497 0.906088 -0.422767
v 0.000000 1.309565 -0.914986 0.278294 0.431701 0.640000
vn 0.016497 0.906088 -0.422767
v 0.000000 1.414017 -0.691121 0.278294 0.431701 0.640000
vn 0.016497 0.906088 -0.422767
f 544//544 545//545 546//546
v 0.602671 1.308423 -0.914737 0.278294 0.431701 0.640000
vn 0.030467 0.881145 -0.471864
v 0.657096 1.123959 -1.255685 0.278294 0.431701 0.640000
vn 0.030467 0.881145 -0.471864
v 0.617699 1.120598 -1.264506 0.278294 0.431701 0.640000
vn 0.030467 0.881145 -0.471864
f 547//547 548//548 549//549
v 0.602671 1.308423 -0.914737 0.278294 0.431701 0.640000
vn -0.014536 0.880655 -0.473535
v 0.617699 1.120598 -1.264506 0.278294 0.431701 0.640000
vn -0.014536 0.880655 -0.473535
v 0.526821 1.293530 -0.940106 0.278294 0.431701 0.640000
vn -0.014536 0.880655 -0.473535
f 550//550 551//551 552//552
v 0.730723 0.943434 -1.190913 0.278294 0.431701 0.640000
vn 0.949493 0.312427 -0.029196
v 0.673515 1.121989 -1.140685 0.278294 0.431701 0.640000
vn 0.949493 0.312427 -0.029196
v 0.675754 1.122472 -1.062687 0.278294 0.431701 0.640000
vn 0.949493 0.312427 -0.029196
f 553//553 554//554 555//555
v 0.730723 0.943434 -1.190913 0.278294 0.431701 0.640000
vn 0.868313 0.435991 -0.236525
v 0.675754 1.122472 -1.062687 0.278294 0.431701 0.640000
vn 0.868313 0.435991 -0.236525
v 0.725776 0.980260 -1.141194 0.278294 0.431701 0.640000
vn 0.868313 0.435991 -0.236525
f 556//556 557//557 558//558
v 0.579156 1.381122 0.168047 0.278294 0.431701 0.640000
vn 0.908848 0.416421 0.024257
v 0.665671 1.169166 0.565211 0.278294 0.431701 0.640000
vn 0.908848 0.416421 0.024257
v 0.668810 1.165956 0.502717 0.278294 0.431701 0.640000
vn 0.908848 0.416421 0.024257
f 559//559 560//560 561//561
v 0.579156 1.381122 0.168047 0.278294 0.431701 0.640000
vn 0.948694 0.311581 -0.053821
v 0.668810 1.165956 0.502717 0.278294 0.431701 0.640000
vn 0.948694 0.311581 -0.053821
v 0.588716 1.349799 0.155217 0.278294 0.431701 0.640000
vn 0.948694 0.311581 -0.053821
f 562//562 563//563 564//564
v 0.000000 1.032186 -2.097842 0.278294 0.431701 0.640000
vn 0.048900 0.349659 -0.935600
v 0.375888 1.032186 -2.078196 0.278294 0.431701 0.640000
vn 0.048900 0.349659 -0.935600
v 0.375888 0.739148 -2.187712 0.278294 0.431701 0.640000
vn 0.048900 0.349659 -0.935600
f 565//565 566//566 567//567
v 0.000000 1.032186 -2.097842 0.278294 0.431701 0.640000
vn 0.074120 0.378083 -0.922800
v 0.375888 0.739148 -2.187712 0.278294 0.431701 0.640000
vn 0.074120 0.378083 -0.922800
v 0.000000 0.739148 -2.217903 0.278294 0.431701 0.640000
vn 0.074120 0.378083 -0.922800
f 568//568 569//569 570//570
v 0.375888 1.032186 -2.078196 0.278294 0.431701 0.640000
vn 0.379019 0.305504 -0.873505
v 0.656288 1.032186 -1.956528 0.278294 0.431701 0.640000
vn 0.379019 0.305504 -0.873505
v 0.637233 0.940121 -1.996996 0.278294 0.431701 0.640000
vn 0.379019 0.305504 -0.873505
f 571//571 572//572 573//573
v 0.375888 1.032186 -2.078196 0.278294 0.431701 0.640000
vn 0.381216 0.315835 -0.868863
v 0.637233 0.940121 -1.996996 0.278294 0.431701 0.640000
vn 0.381216 0.315835 -0.868863
v 0.388390 0.943352 -2.105002 0.278294 0.431701 0.640000
vn 0.381216 0.315835 -0.868863
f 574//574 575//575 576//576
v 0.715273 0.686148 -1.972178 0.278294 0.431701 0.640000
vn 0.671320 0.286373 -0.683608
v 0.550098 0.733873 -2.114390 0.278294 0.431701 0.640000
vn 0.671320 0.286373 -0.683608
v 0.548361 0.776749 -2.098135 0.278294 0.431701 0.640000
vn 0.671320 0.286373 -0.683608
f 577//577 578//578 579//579
v 0.715273 0.686148 -1.972178 0.278294 0.431701 0.640000
vn 0.611728 0.027876 -0.790577
v 0.548361 0.776749 -2.098135 0.278294 0.431701 0.640000
vn 0.611728 0.027876 -0.790577
v 0.658293 0.806407 -2.012027 0.278294 0.431701 0.640000
vn 0.611728 0.027876 -0.790577
f 580//580 581//581 582//582
v 0.000000 0.964488 0.941301 0.278294 0.431701 0.640000
vn -0.011311 0.408054 -0.912888
v 0.459979 0.964488 0.935602 0.278294 0.431701 0.640000
vn -0.011311 0.408054 -0.912888
v 0.459471 0.948270 0.928359 0.278294 0.431701 0.640000
vn -0.011311 0.408054 -0.912888
f 583//583 584//584 585//585
v 0.000000 0.964488 0.941301 0.278294 0.431701 0.640000
vn -0.011327 0.407708 -0.913042
v 0.459471 0.948270 0.928359 0.278294 0.431701 0.640000
vn -0.011327 0.407708 -0.913042
v 0.000000 0.948270 0.934059 0.278294 0.431701 0.640000
vn -0.011327 0.407708 -0.913042
f 586//586 587//587 588//588
v 0.710392 0.964488 0.847320 0.278294 0.431701 0.640000
vn -0.977251 -0.060237 0.203353
v 0.639443 1.168747 0.566869 0.278294 0.431701 0.640000
vn -0.977251 -0.060237 0.203353
v 0.638935 1.152528 0.559626 0.278294 0.431701 0.640000
vn -0.977251 -0.060237 0.203353
f 589//589 590//590 591//591
v 0.710392 0.964488 0.847320 0.278294 0.431701 0.640000
vn -0.977254 -0.060284 0.203323
v 0.638935 1.152528 0.559626 0.278294 0.431701 0.640000
vn -0.977254 -0.060284 0.203323
v 0.709885 0.948270 0.840077 0.278294 0.431701 0.640000
vn -0.977254 -0.060284 0.203323
f 592//592 593//593 594//594
v 0.559040 1.353944 0.216980 0.278294 0.431701 0.640000
vn -0.008330 -0.407553 0.913143
v 0.384253 1.397956 0.235029 0.278294 0.431701 0.640000
vn -0.008330 -0.407553 0.913143
v 0.383745 1.381737 0.227785 0.278294 0.431701 0.640000
vn -0.008330 -0.407553 0.913143
f 595//595 596//596 597//597
v 0.559040 1.353944 0.216980 0.278294 0.431701 0.640000
vn -0.008330 -0.407554 0.913143
v 0.383745 1.381737 0.227785 0.278294 0.431701 0.640000
vn -0.008330 -0.407554 0.913143
v 0.558533 1.337726 0.209737 0.278294 0.431701 0.640000
vn -0.008330 -0.407554 0.913143
f 598//598 599//599 600//600
v 0.384253 1.397956 0.235029 0.278294 0.431701 0.640000
vn -0.015274 -0.407737 0.912972
v 0.000000 1.418731 0.237878 0.278294 0.431701 0.640000
vn -0.015274 -0.407737 0.912972
v 0.000000 1.402512 0.230635 0.278294 0.431701 0.640000
vn -0.015274 -0.407737 0.912972
f 601//601 602//602 603//603
v 0.384253 1.397956 0.235029 0.278294 0.431701 0.640000
vn -0.015272 -0.407339 0.913149
v 0.000000 1.402512 0.230635 0.278294 0.431701 0.640000
vn -0.015272 -0.407339 0.913149
v 0.383745 1.381737 0.227785 0.278294 0.431701 0.640000
vn -0.015272 -0.407339 0.913149
f 604//604 605//605 606//606
v 0.376000 1.425134 0.188534 0.278294 0.431701 0.640000
vn 0.051898 0.860325 0.507098
v 0.000000 1.445909 0.191769 0.278294 0.431701 0.640000
vn 0.051898 0.860325 0.507098
v 0.000000 1.418731 0.237878 0.278294 0.431701 0.640000
vn 0.051898 0.860325 0.507098
f 607//607 608//608 609//609
v 0.376000 1.425134 0.188534 0.278294 0.431701 0.640000
vn 0.050514 0.866102 0.497308
v 0.000000 1.418731 0.237878 0.278294 0.431701 0.640000
vn 0.050514 0.866102 0.497308
v 0.384253 1.397956 0.235029 0.278294 0.431701 0.640000
vn 0.050514 0.866102 0.497308
f 610//610 611//611 612//612
v 0.579156 1.381122 0.168047 0.278294 0.431701 0.640000
vn 0.232064 0.857140 0.459845
v 0.376000 1.425134 0.188534 0.278294 0.431701 0.640000
vn 0.232064 0.857140 0.459845
v 0.384253 1.397956 0.235029 0.278294 0.431701 0.640000
vn 0.232064 0.857140 0.459845
f 613//613 614//614 615//615
v 0.579156 1.381122 0.168047 0.278294 0.431701 0.640000
vn 0.257035 0.796115 0.547844
v 0.384253 1.397956 0.235029 0.278294 0.431701 0.640000
vn 0.257035 0.796115 0.547844
v 0.559040 1.353944 0.216980 0.278294 0.431701 0.640000
vn 0.257035 0.796115 0.547844
f 616//616 617//617 618//618
v 0.757663 0.968450 -0.142145 0.278294 0.431701 0.640000
vn -0.178676 0.089630 0.979817
v 0.687171 1.173312 -0.173740 0.278294 0.431701 0.640000
vn -0.178676 0.089630 0.979817
v 0.679526 1.166209 -0.174484 0.278294 0.431701 0.640000
vn -0.178676 0.089630 0.979817
f 619//619 620//620 621//621
v 0.757663 0.968450 -0.142145 0.278294 0.431701 0.640000
vn -0.178676 0.089630 0.979817
v 0.679526 1.166209 -0.174484 0.278294 0.431701 0.640000
vn -0.178676 0.089630 0.979817
v 0.750018 0.961348 -0.142890 0.278294 0.431701 0.640000
vn -0.178676 0.089630 0.979817
f 622//622 623//623 624//624
v 0.588716 1.349799 0.155217 0.278294 0.431701 0.640000
vn 0.624014 -0.622054 -0.472922
v 0.668810 1.165956 0.502717 0.278294 0.431701 0.640000
vn 0.624014 -0.622054 -0.472922
v 0.661165 1.158852 0.501973 0.278294 0.431701 0.640000
vn 0.624014 -0.622054 -0.472922
f 625//625 626//626 627//627
v 0.588716 1.349799 0.155217 0.278294 0.431701 0.640000
vn 0.623957 -0.622101 -0.472936
v 0.661165 1.158852 0.501973 0.278294 0.431701 0.640000
vn 0.623957 -0.622101 -0.472936
v 0.581071 1.342697 0.154473 0.278294 0.431701 0.640000
vn 0.623957 -0.622101 -0.472936
f 628//628 629//629 630//630
v 0.581720 1.414334 -0.279974 0.278294 0.431701 0.640000
vn 0.959082 0.281897 0.026386
v 0.579156 1.381122 0.168047 0.278294 0.431701 0.640000
vn 0.959082 0.281897 0.026386
v 0.588716 1.349799 0.155217 0.278294 0.431701 0.640000
vn 0.959082 0.281897 0.026386
f 631//631 632//632 633//633
v 0.581720 1.414334 -0.279974 0.278294 0.431701 0.640000
vn 0.923904 0.380362 0.041553
v 0.588716 1.349799 0.155217 0.278294 0.431701 0.640000
vn 0.923904 0.380362 0.041553
v 0.595583 1.374359 -0.222296 0.278294 0.431701 0.640000
vn 0.923904 0.380362 0.041553
f 634//634 635//635 636//636
v 0.689022 1.177574 -0.224330 0.278294 0.431701 0.640000
vn 0.900806 0.426908 0.079363
v 0.596833 1.380988 -0.272138 0.278294 0.431701 0.640000
vn 0.900806 0.426908 0.079363
v 0.595583 1.374359 -0.222296 0.278294 0.431701 0.640000
vn 0.900806 0.426908 0.079363
f 637//637 638//638 639//639
v 0.689022 1.177574 -0.224330 0.278294 0.431701 0.640000
vn 0.901462 0.427326 0.068984
v 0.595583 1.374359 -0.222296 0.278294 0.431701 0.640000
vn 0.901462 0.427326 0.068984
v 0.687171 1.173312 -0.173740 0.278294 0.431701 0.640000
vn 0.901462 0.427326 0.068984
f 640//640 641//641 642//642
v 0.601134 1.387251 -0.308641 0.278294 0.431701 0.640000
vn 0.069803 -0.220481 -0.972890
v 0.687234 1.184987 -0.256626 0.278294 0.431701 0.640000
vn 0.069803 -0.220481 -0.972890
v 0.679792 1.178882 -0.255776 0.278294 0.431701 0.640000
vn 0.069803 -0.220481 -0.972890
f 643//643 644//644 645//645
v 0.601134 1.387251 -0.308641 0.278294 0.431701 0.640000
vn 0.127480 -0.198429 -0.971789
v 0.679792 1.178882 -0.255776 0.278294 0.431701 0.640000
vn 0.127480 -0.198429 -0.971789
v 0.594474 1.379066 -0.307844 0.278294 0.431701 0.640000
vn 0.127480 -0.198429 -0.971789
f 646//646 647//647 648//648
v 0.675754 1.122472 -1.062687 0.278294 0.431701 0.640000
vn 0.618385 -0.536491 0.574262
v 0.630539 1.287761 -0.859580 0.278294 0.431701 0.640000
vn 0.618385 -0.536491 0.574262
v 0.623604 1.280149 -0.859224 0.278294 0.431701 0.640000
vn 0.618385 -0.536491 0.574262
f 649//649 650//650 651//651
v 0.675754 1.122472 -1.062687 0.278294 0.431701 0.640000
vn 0.549118 -0.586570 0.595319
v 0.623604 1.280149 -0.859224 0.278294 0.431701 0.640000
vn 0.549118 -0.586570 0.595319
v 0.668311 1.116366 -1.061837 0.278294 0.431701 0.640000
vn 0.549118 -0.586570 0.595319
f 652//652 653//653 654//654
v 0.673515 1.121989 -1.140685 0.278294 0.431701 0.640000
vn 0.808957 0.552105 -0.201913
v 0.602671 1.308423 -0.914737 0.278294 0.431701 0.640000
vn 0.808957 0.552105 -0.201913
v 0.630539 1.287761 -0.859580 0.278294 0.431701 0.640000
vn 0.808957 0.552105 -0.201913
f 655//655 656//656 657//657
v 0.673515 1.121989 -1.140685 0.278294 0.431701 0.640000
vn 0.954425 0.297016 -0.029243
v 0.630539 1.287761 -0.859580 0.278294 0.431701 0.640000
vn 0.954425 0.297016 -0.029243
v 0.675754 1.122472 -1.062687 0.278294 0.431701 0.640000
vn 0.954425 0.297016 -0.029243
f 658//658 659//659 660//660
v 0.602671 1.308423 -0.914737 0.278294 0.431701 0.640000
vn 0.737320 0.664787 -0.120077
v 0.586234 1.366862 -0.692127 0.278294 0.431701 0.640000
vn 0.737320 0.664787 -0.120077
v 0.627234 1.311848 -0.744946 0.278294 0.431701 0.640000
vn 0.737320 0.664787 -0.120077
f 661//661 662//662 663//663
v 0.602671 1.308423 -0.914737 0.278294 0.431701 0.640000
vn 0.733055 0.669579 -0.119557
v 0.627234 1.311848 -0.744946 0.278294 0.431701 0.640000
vn 0.733055 0.669579 -0.119557
v 0.630539 1.287761 -0.859580 0.278294 0.431701 0.640000
vn 0.733055 0.669579 -0.119557
f 664//664 665//665 666//666
v 0.586234 1.366862 -0.692127 0.278294 0.431701 0.640000
vn 0.778105 0.624921 -0.063457
v 0.581720 1.414334 -0.279974 0.278294 0.431701 0.640000
vn 0.778105 0.624921 -0.063457
v 0.601134 1.387251 -0.308641 0.278294 0.431701 0.640000
vn 0.778105 0.624921 -0.063457
f 667//667 668//668 669//669
v 0.586234 1.366862 -0.692127 0.278294 0.431701 0.640000
vn 0.723903 0.686867 -0.064645
v 0.601134 1.387251 -0.308641 0.278294 0.431701 0.640000
vn 0.723903 0.686867 -0.064645
v 0.624934 1.328614 -0.665153 0.278294 0.431701 0.640000
vn 0.723903 0.686867 -0.064645
f 670//670 671//671 672//672
v 0.575514 0.307573 -1.583689 0.278294 0.431701 0.640000
vn 0.014229 -0.991900 -0.126219
v 0.589821 0.255930 -1.176236 0.278294 0.431701 0.640000
vn 0.014229 -0.991900 -0.126219
v 0.375888 0.255930 -1.200352 0.278294 0.431701 0.640000
vn 0.014229 -0.991900 -0.126219
f 673//673 674//674 675//675
v 0.575514 0.307573 -1.583689 0.278294 0.431701 0.640000
vn 0.022407 -0.992276 -0.122011
v 0.375888 0.255930 -1.200352 0.278294 0.431701 0.640000
vn 0.022407 -0.992276 -0.122011
v 0.375888 0.307573 -1.620350 0.278294 0.431701 0.640000
vn 0.022407 -0.992276 -0.122011
f 676//676 677//677 678//678
v 0.817684 0.636855 -1.099132 0.278294 0.431701 0.640000
vn 0.996005 -0.050394 -0.073721
v 0.817684 0.471297 -0.985961 0.278294 0.431701 0.640000
vn 0.996005 -0.050394 -0.073721
v 0.814060 0.465881 -1.031223 0.278294 0.431701 0.640000
vn 0.996005 -0.050394 -0.073721
f 679//679 680//680 681//681
v 0.817684 0.636855 -1.099132 0.278294 0.431701 0.640000
vn 0.996468 -0.048383 -0.068634
v 0.814060 0.465881 -1.031223 0.278294 0.431701 0.640000
vn 0.996468 -0.048383 -0.068634
v 0.814060 0.610563 -1.133216 0.278294 0.431701 0.640000
vn 0.996468 -0.048383 -0.068634
f 682//682 683//683 684//684
v 0.375888 0.307573 -1.620350 0.278294 0.431701 0.640000
vn -0.002639 -0.992522 -0.122041
v 0.375888 0.255930 -1.200352 0.278294 0.431701 0.640000
vn -0.002639 -0.992522 -0.122041
v 0.000000 0.255930 -1.192224 0.278294 0.431701 0.640000
vn -0.002639 -0.992522 -0.122041
f 685//685 686//686 687//687
v 0.375888 0.307573 -1.620350 0.278294 0.431701 0.640000
vn 0.004648 -0.993269 -0.115733
v 0.000000 0.255930 -1.192224 0.278294 0.431701 0.640000
vn 0.004648 -0.993269 -0.115733
v 0.000000 0.307573 -1.635446 0.278294 0.431701 0.640000
vn 0.004648 -0.993269 -0.115733
f 688//688 689//689 690//690
v 0.817684 0.636855 -1.099132 0.278294 0.431701 0.640000
vn 0.958809 0.282048 0.033680
v 0.804130 0.710963 -1.333879 0.278294 0.431701 0.640000
vn 0.958809 0.282048 0.033680
v 0.730723 0.943434 -1.190913 0.278294 0.431701 0.640000
vn 0.958809 0.282048 0.033680
f 691//691 692//692 693//693
v 0.752924 0.541309 -1.656306 0.278294 0.431701 0.640000
vn 0.989511 -0.083385 -0.117962
v 0.775403 0.657104 -1.549595 0.278294 0.431701 0.640000
vn 0.989511 -0.083385 -0.117962
v 0.774813 0.625174 -1.531975 0.278294 0.431701 0.640000
vn 0.989511 -0.083385 -0.117962
f 694//694 695//695 696//696
v 0.752924 0.541309 -1.656306 0.278294 0.431701 0.640000
vn 0.988975 -0.053299 -0.138161
v 0.774813 0.625174 -1.531975 0.278294 0.431701 0.640000
vn 0.988975 -0.053299 -0.138161
v 0.756548 0.518225 -1.621459 0.278294 0.431701 0.640000
vn 0.988975 -0.053299 -0.138161
f 697//697 698//698 699//699
v 0.752924 0.379608 -1.725069 0.278294 0.431701 0.640000
vn 0.996784 0.024842 -0.076187
v 0.752924 0.458798 -1.699249 0.278294 0.431701 0.640000
vn 0.996784 0.024842 -0.076187
v 0.756548 0.453381 -1.653599 0.278294 0.431701 0.640000
vn 0.996784 0.024842 -0.076187
f 700//700 701//701 702//702
v 0.752924 0.379608 -1.725069 0.278294 0.431701 0.640000
vn 0.996907 0.023637 -0.074950
v 0.756548 0.453381 -1.653599 0.278294 0.431701 0.640000
vn 0.996907 0.023637 -0.074950
v 0.756548 0.369580 -1.680027 0.278294 0.431701 0.640000
vn 0.996907 0.023637 -0.074950
f 703//703 704//704 705//705
v 0.376000 1.309565 -0.914986 0.278294 0.431701 0.640000
vn 0.004878 0.855932 -0.517065
v 0.602671 1.308423 -0.914737 0.278294 0.431701 0.640000
vn 0.004878 0.855932 -0.517065
v 0.526821 1.293530 -0.940106 0.278294 0.431701 0.640000
vn 0.004878 0.855932 -0.517065
f 706//706 707//707 708//708
v 0.376000 1.309565 -0.914986 0.278294 0.431701 0.640000
vn 0.022446 0.898367 -0.438672
v 0.526821 1.293530 -0.940106 0.278294 0.431701 0.640000
vn 0.022446 0.898367 -0.438672
v 0.379249 1.297068 -0.940412 0.278294 0.431701 0.640000
vn 0.022446 0.898367 -0.438672
f 709//709 710//710 711//711
v 0.702108 1.009464 -1.603277 0.278294 0.431701 0.640000
vn 0.016775 0.988654 -0.149271
v 0.375888 1.009464 -1.639938 0.278294 0.431701 0.640000
vn 0.016775 0.988654 -0.149271
v 0.374197 1.037320 -1.455635 0.278294 0.431701 0.640000
vn 0.016775 0.988654 -0.149271
f 712//712 713//713 714//714
v 0.702108 1.009464 -1.603277 0.278294 0.431701 0.640000
vn 0.018748 0.989254 -0.145002
v 0.374197 1.037320 -1.455635 0.278294 0.431701 0.640000
vn 0.018748 0.989254 -0.145002
v 0.638256 1.037320 -1.421494 0.278294 0.431701 0.640000
vn 0.018748 0.989254 -0.145002
f 715//715 716//716 717//717
v 0.375888 0.389674 -2.240601 0.278294 0.431701 0.640000
vn 0.005115 -0.996376 -0.084907
v 0.375888 0.348624 -1.758886 0.278294 0.431701 0.640000
vn 0.005115 -0.996376 -0.084907
v 0.000000 0.348624 -1.781529 0.278294 0.431701 0.640000
vn 0.005115 -0.996376 -0.084907
f 718//718 719//719 720//720
v 0.375888 0.389674 -2.240601 0.278294 0.431701 0.640000
vn 0.006715 -0.996476 -0.083606
v 0.000000 0.348624 -1.781529 0.278294 0.431701 0.640000
vn 0.006715 -0.996476 -0.083606
v 0.000000 0.389674 -2.270792 0.278294 0.431701 0.640000
vn 0.006715 -0.996476 -0.083606
f 721//721 722//722 723//723
v 0.673515 1.121989 -1.140685 0.278294 0.431701 0.640000
vn 0.873257 0.473111 -0.116571
v 0.657096 1.123959 -1.255685 0.278294 0.431701 0.640000
vn 0.873257 0.473111 -0.116571
v 0.602671 1.308423 -0.914737 0.278294 0.431701 0.640000
vn 0.873257 0.473111 -0.116571
f 724//724 725//725 726//726
v 0.673515 1.121989 -1.140685 0.278294 0.431701 0.640000
vn 0.942540 0.324428 -0.079776
v 0.730723 0.943434 -1.190913 0.278294 0.431701 0.640000
vn 0.942540 0.324428 -0.079776
v 0.676758 1.047541 -1.405125 0.278294 0.431701 0.640000
vn 0.942540 0.324428 -0.079776
f 727//727 728//728 729//729
v 0.727823 0.370902 -1.984698 0.278294 0.431701 0.640000
vn -0.005090 -0.995235 -0.097371
v 0.564406 0.348624 -1.748456 0.278294 0.431701 0.640000
vn -0.005090 -0.995235 -0.097371
v 0.550098 0.389674 -2.167279 0.278294 0.431701 0.640000
vn -0.005090 -0.995235 -0.097371
f 730//730 731//731 732//732
v 0.550098 0.389674 -2.167279 0.278294 0.431701 0.640000
vn 0.005407 -0.995199 -0.097726
v 0.564406 0.348624 -1.748456 0.278294 0.431701 0.640000
vn 0.005407 -0.995199 -0.097726
v 0.375888 0.348624 -1.758886 0.278294 0.431701 0.640000
vn 0.005407 -0.995199 -0.097726
f 733//733 734//734 735//735
v 0.550098 0.389674 -2.167279 0.278294 0.431701 0.640000
vn 0.035713 -0.995753 -0.084854
v 0.375888 0.348624 -1.758886 0.278294 0.431701 0.640000
vn 0.035713 -0.995753 -0.084854
v 0.375888 0.389674 -2.240601 0.278294 0.431701 0.640000
vn 0.035713 -0.995753 -0.084854
f 736//736 737//737 738//738
v 0.715273 0.499631 -1.965489 0.278294 0.431701 0.640000
vn 0.992727 -0.004314 -0.120310
v 0.715273 0.686148 -1.972178 0.278294 0.431701 0.640000
vn 0.992727 -0.004314 -0.120310
v 0.752924 0.541309 -1.656306 0.278294 0.431701 0.640000
vn 0.992727 -0.004314 -0.120310
f 739//739 740//740 741//741
v 0.715273 0.499631 -1.965489 0.278294 0.431701 0.640000
vn 0.989276 0.067429 -0.129561
v 0.752924 0.541309 -1.656306 0.278294 0.431701 0.640000
vn 0.989276 0.067429 -0.129561
v 0.752924 0.458798 -1.699249 0.278294 0.431701 0.640000
vn 0.989276 0.067429 -0.129561
f 742//742 743//743 744//744
v 0.727823 0.370902 -1.984698 0.278294 0.431701 0.640000
vn -0.053565 -0.997292 -0.050397
v 0.550098 0.389674 -2.167279 0.278294 0.431701 0.640000
vn -0.053565 -0.997292 -0.050397
v 0.562649 0.389971 -2.186487 0.278294 0.431701 0.640000
vn -0.053565 -0.997292 -0.050397
f 745//745 746//746 747//747
v 0.564406 0.348624 -1.748456 0.278294 0.431701 0.640000
vn -0.039061 -0.991937 -0.120559
v 0.727823 0.370902 -1.984698 0.278294 0.431701 0.640000
vn -0.039061 -0.991937 -0.120559
v 0.752924 0.339089 -1.731083 0.278294 0.431701 0.640000
vn -0.039061 -0.991937 -0.120559
f 748//748 749//749 750//750
v 0.756548 0.453381 -1.653599 0.278294 0.431701 0.640000
vn 0.002856 -0.444096 0.895974
v 0.756548 0.518225 -1.621459 0.278294 0.431701 0.640000
vn 0.002856 -0.444096 0.895974
v 0.580198 0.518225 -1.620896 0.278294 0.431701 0.640000
vn 0.002856 -0.444096 0.895974
f 751//751 752//752 753//753
v 0.756548 0.453381 -1.653599 0.278294 0.431701 0.640000
vn 0.017083 -0.412809 0.910657
v 0.580198 0.518225 -1.620896 0.278294 0.431701 0.640000
vn 0.017083 -0.412809 0.910657
v 0.576350 0.442671 -1.655074 0.278294 0.431701 0.640000
vn 0.017083 -0.412809 0.910657
f 754//754 755//755 756//756
v 0.814060 0.610563 -1.133216 0.278294 0.431701 0.640000
vn 0.114723 -0.572367 -0.811933
v 0.814060 0.465881 -1.031223 0.278294 0.431701 0.640000
vn 0.114723 -0.572367 -0.811933
v 0.608734 0.425793 -1.031975 0.278294 0.431701 0.640000
vn 0.114723 -0.572367 -0.811933
f 757//757 758//758 759//759
v 0.814060 0.610563 -1.133216 0.278294 0.431701 0.640000
vn 0.002379 -0.482554 -0.875863
v 0.608734 0.425793 -1.031975 0.278294 0.431701 0.640000
vn 0.002379 -0.482554 -0.875863
v 0.604752 0.610563 -1.133784 0.278294 0.431701 0.640000
vn 0.002379 -0.482554 -0.875863
f 760//760 761//761 762//762
v 0.802022 0.676956 -1.340821 0.278294 0.431701 0.640000
vn 0.000828 -0.952463 -0.304653
v 0.814060 0.610563 -1.133216 0.278294 0.431701 0.640000
vn 0.000828 -0.952463 -0.304653
v 0.604752 0.610563 -1.133784 0.278294 0.431701 0.640000
vn 0.000828 -0.952463 -0.304653
f 763//763 764//764 765//765
v 0.802022 0.676956 -1.340821 0.278294 0.431701 0.640000
vn 0.000242 -0.952301 -0.305159
v 0.604752 0.610563 -1.133784 0.278294 0.431701 0.640000
vn 0.000242 -0.952301 -0.305159
v 0.595543 0.676950 -1.340965 0.278294 0.431701 0.640000
vn 0.000242 -0.952301 -0.305159
f 766//766 767//767 768//768
v 0.774813 0.625174 -1.531975 0.278294 0.431701 0.640000
vn -0.000154 -0.965207 0.261489
v 0.802022 0.676956 -1.340821 0.278294 0.431701 0.640000
vn -0.000154 -0.965207 0.261489
v 0.595543 0.676950 -1.340965 0.278294 0.431701 0.640000
vn -0.000154 -0.965207 0.261489
f 769//769 770//770 771//771
v 0.774813 0.625174 -1.531975 0.278294 0.431701 0.640000
vn 0.000388 -0.965078 0.261962
v 0.595543 0.676950 -1.340965 0.278294 0.431701 0.640000
vn 0.000388 -0.965078 0.261962
v 0.586334 0.625174 -1.531696 0.278294 0.431701 0.640000
vn 0.000388 -0.965078 0.261962
f 772//772 773//773 774//774
v 0.814060 0.282856 -0.996805 0.278294 0.431701 0.640000
vn 0.022175 -0.049543 -0.998526
v 0.814060 0.226256 -0.993997 0.278294 0.431701 0.640000
vn 0.022175 -0.049543 -0.998526
v 0.604818 0.226031 -0.998632 0.278294 0.431701 0.640000
vn 0.022175 -0.049543 -0.998526
f 775//775 776//776 777//777
v 0.814060 0.282856 -0.996805 0.278294 0.431701 0.640000
vn 0.023145 -0.053123 -0.998320
v 0.604818 0.226031 -0.998632 0.278294 0.431701 0.640000
vn 0.023145 -0.053123 -0.998320
v 0.605558 0.275132 -1.001228 0.278294 0.431701 0.640000
vn 0.023145 -0.053123 -0.998320
f 778//778 779//779 780//780
v 0.756548 0.369580 -1.680027 0.278294 0.431701 0.640000
vn 0.010071 -0.300752 0.953649
v 0.756548 0.453381 -1.653599 0.278294 0.431701 0.640000
vn 0.010071 -0.300752 0.953649
v 0.576350 0.442671 -1.655074 0.278294 0.431701 0.640000
vn 0.010071 -0.300752 0.953649
f 781//781 782//782 783//783
v 0.756548 0.369580 -1.680027 0.278294 0.431701 0.640000
vn 0.008100 -0.305141 0.952273
v 0.576350 0.442671 -1.655074 0.278294 0.431701 0.640000
vn 0.008100 -0.305141 0.952273
v 0.570312 0.368274 -1.678862 0.278294 0.431701 0.640000
vn 0.008100 -0.305141 0.952273
f 784//784 785//785 786//786
v 0.756548 0.518225 -1.621459 0.278294 0.431701 0.640000
vn 0.001135 -0.641816 0.766857
v 0.774813 0.625174 -1.531975 0.278294 0.431701 0.640000
vn 0.001135 -0.641816 0.766857
v 0.586334 0.625174 -1.531696 0.278294 0.431701 0.640000
vn 0.001135 -0.641816 0.766857
f 787//787 788//788 789//789
v 0.756548 0.518225 -1.621459 0.278294 0.431701 0.640000
vn 0.002448 -0.640587 0.767882
v 0.586334 0.625174 -1.531696 0.278294 0.431701 0.640000
vn 0.002448 -0.640587 0.767882
v 0.580198 0.518225 -1.620896 0.278294 0.431701 0.640000
vn 0.002448 -0.640587 0.767882
f 790//790 791//791 792//792
v 0.570312 0.368274 -1.678862 0.278294 0.431701 0.640000
vn 0.996078 -0.060066 -0.064969
v 0.576350 0.442671 -1.655074 0.278294 0.431701 0.640000
vn 0.996078 -0.060066 -0.064969
v 0.584668 0.454127 -1.538141 0.278294 0.431701 0.640000
vn 0.996078 -0.060066 -0.064969
f 793//793 794//794 795//795
v 0.570312 0.368274 -1.678862 0.278294 0.431701 0.640000
vn 0.996224 -0.042280 -0.075835
v 0.584668 0.454127 -1.538141 0.278294 0.431701 0.640000
vn 0.996224 -0.042280 -0.075835
v 0.577243 0.345450 -1.575085 0.278294 0.431701 0.640000
vn 0.996224 -0.042280 -0.075835
f 796//796 797//797 798//798
v 0.604752 0.610563 -1.133784 0.278294 0.431701 0.640000
vn 0.998899 -0.006469 -0.046473
v 0.586334 0.625174 -1.531696 0.278294 0.431701 0.640000
vn 0.998899 -0.006469 -0.046473
v 0.595543 0.676950 -1.340965 0.278294 0.431701 0.640000
vn 0.998899 -0.006469 -0.046473
f 799//799 800//800 801//801
v 0.608734 0.425793 -1.031975 0.278294 0.431701 0.640000
vn 0.998460 0.003458 -0.055363
v 0.602291 0.454127 -1.146398 0.278294 0.431701 0.640000
vn 0.998460 0.003458 -0.055363
v 0.602729 0.483624 -1.136656 0.278294 0.431701 0.640000
vn 0.998460 0.003458 -0.055363
f 802//802 803//803 804//804
v 0.580198 0.518225 -1.620896 0.278294 0.431701 0.640000
vn 0.998891 -0.023096 -0.041028
v 0.586334 0.625174 -1.531696 0.278294 0.431701 0.640000
vn 0.998891 -0.023096 -0.041028
v 0.585569 0.567924 -1.518101 0.278294 0.431701 0.640000
vn 0.998891 -0.023096 -0.041028
f 805//805 806//806 807//807
v 0.607328 0.212441 -0.940575 0.278294 0.431701 0.640000
vn 0.006100 -0.973603 -0.228166
v 0.604818 0.226031 -0.998632 0.278294 0.431701 0.640000
vn 0.006100 -0.973603 -0.228166
v 0.814060 0.226256 -0.993997 0.278294 0.431701 0.640000
vn 0.006100 -0.973603 -0.228166
f 808//808 809//809 810//810
v 0.607328 0.212441 -0.940575 0.278294 0.431701 0.640000
vn 0.000000 -0.968152 -0.250363
v 0.814060 0.226256 -0.993997 0.278294 0.431701 0.640000
vn 0.000000 -0.968152 -0.250363
v 0.817684 0.212441 -0.940575 0.278294 0.431701 0.640000
vn 0.000000 -0.968152 -0.250363
f 811//811 812//812 813//813
v 0.756548 0.327988 -1.686182 0.278294 0.431701 0.640000
vn -0.041653 -0.979693 -0.196127
v 0.568906 0.335713 -1.684917 0.278294 0.431701 0.640000
vn -0.041653 -0.979693 -0.196127
v 0.564406 0.348624 -1.748456 0.278294 0.431701 0.640000
vn -0.041653 -0.979693 -0.196127
f 814//814 815//815 816//816
v 0.756548 0.327988 -1.686182 0.278294 0.431701 0.640000
vn -0.027189 -0.970922 -0.237847
v 0.564406 0.348624 -1.748456 0.278294 0.431701 0.640000
vn -0.027189 -0.970922 -0.237847
v 0.752924 0.339089 -1.731083 0.278294 0.431701 0.640000
vn -0.027189 -0.970922 -0.237847
f 817//817 818//818 819//819
v 0.375888 0.212441 -0.940575 0.278294 0.431701 0.640000
vn 0.000000 -0.973680 -0.227921
v 0.604818 0.226031 -0.998632 0.278294 0.431701 0.640000
vn 0.000000 -0.973680 -0.227921
v 0.607328 0.212441 -0.940575 0.278294 0.431701 0.640000
vn 0.000000 -0.973680 -0.227921
f 820//820 821//821 822//822
v 0.375888 0.348624 -1.758886 0.278294 0.431701 0.640000
vn 0.039113 -0.962068 -0.269991
v 0.568906 0.335713 -1.684917 0.278294 0.431701 0.640000
vn 0.039113 -0.962068 -0.269991
v 0.575514 0.307573 -1.583689 0.278294 0.431701 0.640000
vn 0.039113 -0.962068 -0.269991
f 823//823 824//824 825//825
v 0.375888 0.348624 -1.758886 0.278294 0.431701 0.640000
vn 0.052105 -0.957490 -0.283722
v 0.575514 0.307573 -1.583689 0.278294 0.431701 0.640000
vn 0.052105 -0.957490 -0.283722
v 0.375888 0.307573 -1.620350 0.278294 0.431701 0.640000
vn 0.052105 -0.957490 -0.283722
f 826//826 827//827 828//828
v 0.602729 0.483624 -1.136656 0.278294 0.431701 0.640000
vn 0.998990 0.000008 -0.044942
v 0.602291 0.454127 -1.146398 0.278294 0.431701 0.640000
vn 0.998990 0.000008 -0.044942
v 0.584668 0.454127 -1.538141 0.278294 0.431701 0.640000
vn 0.998990 0.000008 -0.044942
f 829//829 830//830 831//831
v 0.602729 0.483624 -1.136656 0.278294 0.431701 0.640000
vn 0.998990 0.000002 -0.044941
v 0.584668 0.454127 -1.538141 0.278294 0.431701 0.640000
vn 0.998990 0.000002 -0.044941
v 0.585569 0.567924 -1.518101 0.278294 0.431701 0.640000
vn 0.998990 0.000002 -0.044941
f 832//832 833//833 834//834
v 0.602729 0.483624 -1.136656 0.278294 0.431701 0.640000
vn 0.997768 -0.014427 -0.065204
v 0.604752 0.610563 -1.133784 0.278294 0.431701 0.640000
vn 0.997768 -0.014427 -0.065204
v 0.608734 0.425793 -1.031975 0.278294 0.431701 0.640000
vn 0.997768 -0.014427 -0.065204
f 835//835 836//836 837//837
v 0.592177 0.303562 -1.170599 0.278294 0.431701 0.640000
vn 0.996001 -0.055676 -0.069868
v 0.602291 0.454127 -1.146398 0.278294 0.431701 0.640000
vn 0.996001 -0.055676 -0.069868
v 0.608734 0.425793 -1.031975 0.278294 0.431701 0.640000
vn 0.996001 -0.055676 -0.069868
f 838//838 839//839 840//840
v 0.592177 0.303562 -1.170599 0.278294 0.431701 0.640000
vn 0.995634 -0.038355 -0.085097
v 0.608734 0.425793 -1.031975 0.278294 0.431701 0.640000
vn 0.995634 -0.038355 -0.085097
v 0.605558 0.275132 -1.001228 0.278294 0.431701 0.640000
vn 0.995634 -0.038355 -0.085097
f 841//841 842//842 843//843
v 0.585569 0.567924 -1.518101 0.278294 0.431701 0.640000
vn 0.997436 0.004676 -0.071409
v 0.584668 0.454127 -1.538141 0.278294 0.431701 0.640000
vn 0.997436 0.004676 -0.071409
v 0.576350 0.442671 -1.655074 0.278294 0.431701 0.640000
vn 0.997436 0.004676 -0.071409
f 844//844 845//845 846//846
v 0.585569 0.567924 -1.518101 0.278294 0.431701 0.640000
vn 0.998767 -0.034886 -0.035321
v 0.576350 0.442671 -1.655074 0.278294 0.431701 0.640000
vn 0.998767 -0.034886 -0.035321
v 0.580198 0.518225 -1.620896 0.278294 0.431701 0.640000
vn 0.998767 -0.034886 -0.035321
f 847//847 848//848 849//849
v 0.585569 0.567924 -1.518101 0.278294 0.431701 0.640000
vn 0.998588 -0.024539 -0.047122
v 0.586334 0.625174 -1.531696 0.278294 0.431701 0.640000
vn 0.998588 -0.024539 -0.047122
v 0.604752 0.610563 -1.133784 0.278294 0.431701 0.640000
vn 0.998588 -0.024539 -0.047122
f 850//850 851//851 852//852
v 0.585569 0.567924 -1.518101 0.278294 0.431701 0.640000
vn 0.998727 -0.014827 -0.048207
v 0.604752 0.610563 -1.133784 0.278294 0.431701 0.640000
vn 0.998727 -0.014827 -0.048207
v 0.602729 0.483624 -1.136656 0.278294 0.431701 0.640000
vn 0.998727 -0.014827 -0.048207
f 853//853 854//854 855//855
v 0.577243 0.345450 -1.575085 0.278294 0.431701 0.640000
vn 0.997591 -0.052897 -0.044879
v 0.584668 0.454127 -1.538141 0.278294 0.431701 0.640000
vn 0.997591 -0.052897 -0.044879
v 0.602291 0.454127 -1.146398 0.278294 0.431701 0.640000
vn 0.997591 -0.052897 -0.044879
f 856//856 857//857 858//858
v 0.577243 0.345450 -1.575085 0.278294 0.431701 0.640000
vn 0.997266 -0.060073 -0.043041
v 0.602291 0.454127 -1.146398 0.278294 0.431701 0.640000
vn 0.997266 -0.060073 -0.043041
v 0.592177 0.303562 -1.170599 0.278294 0.431701 0.640000
vn 0.997266 -0.060073 -0.043041
f 859//859 860//860 861//861
v 0.639443 1.168747 0.566869 0.278294 0.431701 0.640000
vn -0.979156 -0.056543 0.195079
v 0.559040 1.353944 0.216980 0.278294 0.431701 0.640000
vn -0.979156 -0.056543 0.195079
v 0.558533 1.337726 0.209737 0.278294 0.431701 0.640000
vn -0.979156 -0.056543 0.195079
f 862//862 863//863 864//864
v 0.639443 1.168747 0.566869 0.278294 0.431701 0.640000
vn -0.979155 -0.056493 0.195102
v 0.558533 1.337726 0.209737 0.278294 0.431701 0.640000
vn -0.979155 -0.056493 0.195102
v 0.638935 1.152528 0.559626 0.278294 0.431701 0.640000
vn -0.979155 -0.056493 0.195102
f 865//865 866//866 867//867
v 0.459979 0.964488 0.935602 0.278294 0.431701 0.640000
vn -0.305269 0.396252 -0.865907
v 0.710392 0.964488 0.847320 0.278294 0.431701 0.640000
vn -0.305269 0.396252 -0.865907
v 0.709885 0.948270 0.840077 0.278294 0.431701 0.640000
vn -0.305269 0.396252 -0.865907
f 868//868 869//869 870//870
v 0.459979 0.964488 0.935602 0.278294 0.431701 0.640000
vn -0.305266 0.396268 -0.865901
v 0.709885 0.948270 0.840077 0.278294 0.431701 0.640000
vn -0.305266 0.396268 -0.865901
v 0.459471 0.948270 0.928359 0.278294 0.431701 0.640000
vn -0.305266 0.396268 -0.865901
f 871//871 872//872 873//873
v 0.687171 1.173312 -0.173740 0.278294 0.431701 0.640000
vn -0.264694 0.110777 0.957949
v 0.595583 1.374359 -0.222296 0.278294 0.431701 0.640000
vn -0.264694 0.110777 0.957949
v 0.588842 1.365128 -0.223091 0.278294 0.431701 0.640000
vn -0.264694 0.110777 0.957949
f 874//874 875//875 876//876
v 0.687171 1.173312 -0.173740 0.278294 0.431701 0.640000
vn -0.220125 0.135692 0.965988
v 0.588842 1.365128 -0.223091 0.278294 0.431701 0.640000
vn -0.220125 0.135692 0.965988
v 0.679526 1.166209 -0.174484 0.278294 0.431701 0.640000
vn -0.220125 0.135692 0.965988
f 877//877 878//878 879//879
v 0.595583 1.374359 -0.222296 0.278294 0.431701 0.640000
vn 0.682058 -0.730455 -0.035113
v 0.588716 1.349799 0.155217 0.278294 0.431701 0.640000
vn 0.682058 -0.730455 -0.035113
v 0.581071 1.342697 0.154473 0.278294 0.431701 0.640000
vn 0.682058 -0.730455 -0.035113
f 880//880 881//881 882//882
v 0.595583 1.374359 -0.222296 0.278294 0.431701 0.640000
vn 0.808169 -0.588666 -0.018340
v 0.581071 1.342697 0.154473 0.278294 0.431701 0.640000
vn 0.808169 -0.588666 -0.018340
v 0.588842 1.365128 -0.223091 0.278294 0.431701 0.640000
vn 0.808169 -0.588666 -0.018340
f 883//883 884//884 885//885
v 0.668810 1.165956 0.502717 0.278294 0.431701 0.640000
vn 0.592382 -0.578883 -0.560338
v 0.739274 0.968450 0.781253 0.278294 0.431701 0.640000
vn 0.592382 -0.578883 -0.560338
v 0.731629 0.961348 0.780508 0.278294 0.431701 0.640000
vn 0.592382 -0.578883 -0.560338
f 886//886 887//887 888//888
v 0.668810 1.165956 0.502717 0.278294 0.431701 0.640000
vn 0.592390 -0.578876 -0.560335
v 0.731629 0.961348 0.780508 0.278294 0.431701 0.640000
vn 0.592390 -0.578876 -0.560335
v 0.661165 1.158852 0.501973 0.278294 0.431701 0.640000
vn 0.592390 -0.578876 -0.560335
f 889//889 890//890 891//891
v 0.674164 1.135373 -0.805333 0.278294 0.431701 0.640000
vn -0.262700 0.249113 -0.932165
v 0.620458 1.303785 -0.745191 0.278294 0.431701 0.640000
vn -0.262700 0.249113 -0.932165
v 0.627234 1.311848 -0.744946 0.278294 0.431701 0.640000
vn -0.262700 0.249113 -0.932165
f 892//892 893//893 894//894
v 0.674164 1.135373 -0.805333 0.278294 0.431701 0.640000
vn -0.261137 0.249632 -0.932465
v 0.627234 1.311848 -0.744946 0.278294 0.431701 0.640000
vn -0.261137 0.249632 -0.932465
v 0.680989 1.140092 -0.805981 0.278294 0.431701 0.640000
vn -0.261137 0.249632 -0.932465
f 895//895 896//896 897//897
v 0.757691 0.980260 -0.805347 0.278294 0.431701 0.640000
vn 0.898400 0.430799 -0.085378
v 0.750985 0.980260 -0.875918 0.278294 0.431701 0.640000
vn 0.898400 0.430799 -0.085378
v 0.680989 1.140092 -0.805981 0.278294 0.431701 0.640000
vn 0.898400 0.430799 -0.085378
f 898//898 899//899 900//900
v 0.757691 0.980260 -0.805347 0.278294 0.431701 0.640000
vn 0.899880 0.431599 -0.062753
v 0.680989 1.140092 -0.805981 0.278294 0.431701 0.640000
vn 0.899880 0.431599 -0.062753
v 0.682993 1.146602 -0.732458 0.278294 0.431701 0.640000
vn 0.899880 0.431599 -0.062753
f 901//901 902//902 903//903
v 0.624934 1.328614 -0.665153 0.278294 0.431701 0.640000
vn 0.773779 -0.614758 0.152768
v 0.601134 1.387251 -0.308641 0.278294 0.431701 0.640000
vn 0.773779 -0.614758 0.152768
v 0.594474 1.379066 -0.307844 0.278294 0.431701 0.640000
vn 0.773779 -0.614758 0.152768
f 904//904 905//905 906//906
v 0.624934 1.328614 -0.665153 0.278294 0.431701 0.640000
vn 0.767469 -0.622483 0.153321
v 0.594474 1.379066 -0.307844 0.278294 0.431701 0.640000
vn 0.767469 -0.622483 0.153321
v 0.618246 1.320418 -0.664949 0.278294 0.431701 0.640000
vn 0.767469 -0.622483 0.153321
f 907//907 908//908 909//909
v 0.687234 1.184987 -0.256626 0.278294 0.431701 0.640000
vn 0.016689 -0.157753 -0.987338
v 0.757691 0.980260 -0.222724 0.278294 0.431701 0.640000
vn 0.016689 -0.157753 -0.987338
v 0.750249 0.974155 -0.221875 0.278294 0.431701 0.640000
vn 0.016689 -0.157753 -0.987338
f 910//910 911//911 912//912
v 0.687234 1.184987 -0.256626 0.278294 0.431701 0.640000
vn 0.016691 -0.157752 -0.987338
v 0.750249 0.974155 -0.221875 0.278294 0.431701 0.640000
vn 0.016691 -0.157752 -0.987338
v 0.679792 1.178882 -0.255776 0.278294 0.431701 0.640000
vn 0.016691 -0.157752 -0.987338
f 913//913 914//914 915//915
v 0.725776 0.980260 -1.141194 0.278294 0.431701 0.640000
vn 0.378515 -0.341727 0.860203
v 0.675754 1.122472 -1.062687 0.278294 0.431701 0.640000
vn 0.378515 -0.341727 0.860203
v 0.668311 1.116366 -1.061837 0.278294 0.431701 0.640000
vn 0.378515 -0.341727 0.860203
f 916//916 917//917 918//918
v 0.725776 0.980260 -1.141194 0.278294 0.431701 0.640000
vn 0.378515 -0.341727 0.860203
v 0.668311 1.116366 -1.061837 0.278294 0.431701 0.640000
vn 0.378515 -0.341727 0.860203
v 0.718333 0.974155 -1.140344 0.278294 0.431701 0.640000
vn 0.378515 -0.341727 0.860203
f 919//919 920//920 921//921
v 0.630539 1.287761 -0.859580 0.278294 0.431701 0.640000
vn 0.753875 -0.638267 0.155846
v 0.627234 1.311848 -0.744946 0.278294 0.431701 0.640000
vn 0.753875 -0.638267 0.155846
v 0.620458 1.303785 -0.745191 0.278294 0.431701 0.640000
vn 0.753875 -0.638267 0.155846
f 922//922 923//923 924//924
v 0.630539 1.287761 -0.859580 0.278294 0.431701 0.640000
vn 0.733695 -0.661031 0.157256
v 0.620458 1.303785 -0.745191 0.278294 0.431701 0.640000
vn 0.733695 -0.661031 0.157256
v 0.623604 1.280149 -0.859224 0.278294 0.431701 0.640000
vn 0.733695 -0.661031 0.157256
f 925//925 926//926 927//927
v 0.526821 1.293530 -0.940106 0.278294 0.431701 0.640000
vn -0.970027 -0.078147 -0.230087
v 0.617699 1.120598 -1.264506 0.278294 0.431701 0.640000
vn -0.970027 -0.078147 -0.230087
v 0.617599 1.111283 -1.260922 0.278294 0.431701 0.640000
vn -0.970027 -0.078147 -0.230087
f 928//928 929//929 930//930
v 0.526821 1.293530 -0.940106 0.278294 0.431701 0.640000
vn -0.970028 -0.078156 -0.230082
v 0.617599 1.111283 -1.260922 0.278294 0.431701 0.640000
vn -0.970028 -0.078156 -0.230082
v 0.526721 1.284216 -0.936522 0.278294 0.431701 0.640000
vn -0.970028 -0.078156 -0.230082
f 931//931 932//932 933//933
v 0.374197 1.037320 -1.455635 0.278294 0.431701 0.640000
vn -0.035043 0.358918 0.932711
v 0.000000 1.037320 -1.469694 0.278294 0.431701 0.640000
vn -0.035043 0.358918 0.932711
v 0.000000 1.028006 -1.466110 0.278294 0.431701 0.640000
vn -0.035043 0.358918 0.932711
f 934//934 935//935 936//936
v 0.374197 1.037320 -1.455635 0.278294 0.431701 0.640000
vn -0.036115 0.444175 0.895212
v 0.000000 1.028006 -1.466110 0.278294 0.431701 0.640000
vn -0.036115 0.444175 0.895212
v 0.348487 1.028006 -1.452051 0.278294 0.431701 0.640000
vn -0.036115 0.444175 0.895212
f 937//937 938//938 939//939
v 0.000000 1.297068 -0.940412 0.278294 0.431701 0.640000
vn 0.000000 -0.359138 -0.933284
v 0.379249 1.297068 -0.940412 0.278294 0.431701 0.640000
vn 0.000000 -0.359138 -0.933284
v 0.353539 1.287754 -0.936828 0.278294 0.431701 0.640000
vn 0.000000 -0.359138 -0.933284
f 940//940 941//941 942//942
v 0.000000 1.297068 -0.940412 0.278294 0.431701 0.640000
vn 0.000000 -0.359138 -0.933284
v 0.353539 1.287754 -0.936828 0.278294 0.431701 0.640000
vn 0.000000 -0.359138 -0.933284
v 0.000000 1.287754 -0.936828 0.278294 0.431701 0.640000
vn 0.000000 -0.359138 -0.933284
f 943//943 944//944 945//945
v 0.638256 1.037320 -1.421494 0.278294 0.431701 0.640000
vn -0.103292 0.592538 0.798892
v 0.374197 1.037320 -1.455635 0.278294 0.431701 0.640000
vn -0.103292 0.592538 0.798892
v 0.348487 1.028006 -1.452051 0.278294 0.431701 0.640000
vn -0.103292 0.592538 0.798892
f 946//946 947//947 948//948
v 0.638256 1.037320 -1.421494 0.278294 0.431701 0.640000
vn -0.109295 0.358005 0.927301
v 0.348487 1.028006 -1.452051 0.278294 0.431701 0.640000
vn -0.109295 0.358005 0.927301
v 0.638156 1.028006 -1.417910 0.278294 0.431701 0.640000
vn -0.109295 0.358005 0.927301
f 949//949 950//950 951//951
v 0.000000 1.309565 -0.914986 0.278294 0.431701 0.640000
vn 0.000000 0.897461 -0.441094
v 0.376000 1.309565 -0.914986 0.278294 0.431701 0.640000
vn 0.000000 0.897461 -0.441094
v 0.379249 1.297068 -0.940412 0.278294 0.431701 0.640000
vn 0.000000 0.897461 -0.441094
f 952//952 953//953 954//954
v 0.000000 1.309565 -0.914986 0.278294 0.431701 0.640000
vn 0.000000 0.897461 -0.441094
v 0.379249 1.297068 -0.940412 0.278294 0.431701 0.640000
vn 0.000000 0.897461 -0.441094
v 0.000000 1.297068 -0.940412 0.278294 0.431701 0.640000
vn 0.000000 0.897461 -0.441094
f 955//955 956//956 957//957
v 0.657096 1.123959 -1.255685 0.278294 0.431701 0.640000
vn -0.040394 0.887451 -0.459128
v 0.676758 1.047541 -1.405125 0.278294 0.431701 0.640000
vn -0.040394 0.887451 -0.459128
v 0.638256 1.037320 -1.421494 0.278294 0.431701 0.640000
vn -0.040394 0.887451 -0.459128
f 958//958 959//959 960//960
v 0.657096 1.123959 -1.255685 0.278294 0.431701 0.640000
vn 0.028745 0.884587 -0.465488
v 0.638256 1.037320 -1.421494 0.278294 0.431701 0.640000
vn 0.028745 0.884587 -0.465488
v 0.617699 1.120598 -1.264506 0.278294 0.431701 0.640000
vn 0.028745 0.884587 -0.465488
f 961//961 962//962 963//963
v 0.638256 1.037320 -1.421494 0.278294 0.431701 0.640000
vn -0.167997 0.963872 -0.206708
v 0.676758 1.047541 -1.405125 0.278294 0.431701 0.640000
vn -0.167997 0.963872 -0.206708
v 0.702108 1.009464 -1.603277 0.278294 0.431701 0.640000
vn -0.167997 0.963872 -0.206708
f 964//964 965//965 966//966
v 0.676758 1.047541 -1.405125 0.278294 0.431701 0.640000
vn 0.881341 0.457510 -0.117993
v 0.657096 1.123959 -1.255685 0.278294 0.431701 0.640000
vn 0.881341 0.457510 -0.117993
v 0.673515 1.121989 -1.140685 0.278294 0.431701 0.640000
vn 0.881341 0.457510 -0.117993
f 967//967 968//968 969//969
v 0.676758 1.047541 -1.405125 0.278294 0.431701 0.640000
vn 0.872321 0.488612 0.017707
v 0.730723 0.943434 -1.190913 0.278294 0.431701 0.640000
vn 0.872321 0.488612 0.017707
v 0.702108 1.009464 -1.603277 0.278294 0.431701 0.640000
vn 0.872321 0.488612 0.017707
f 970//970 971//971 972//972
v 0.000000 0.270267 2.290000 0.278294 0.431701 0.640000
vn 0.029318 0.000000 0.999570
v 0.000000 0.204286 2.290000 0.278294 0.431701 0.640000
vn 0.029318 0.000000 0.999570
v 0.375888 0.204286 2.278975 0.278294 0.431701 0.640000
vn 0.029318 0.000000 0.999570
f 973//973 974//974 975//975
v 0.000000 0.270267 2.290000 0.278294 0.431701 0.640000
vn 0.029318 0.000000 0.999570
v 0.375888 0.204286 2.278975 0.278294 0.431701 0.640000
vn 0.029318 0.000000 0.999570
v 0.375888 0.270267 2.278975 0.278294 0.431701 0.640000
vn 0.029318 0.000000 0.999570
f 976//976 977//977 978//978
v 0.375888 0.270267 2.278975 0.278294 0.431701 0.640000
vn 0.232825 0.040340 0.971682
v 0.611792 0.270267 2.222450 0.278294 0.431701 0.640000
vn 0.232825 0.040340 0.971682
v 0.616715 0.497479 2.211837 0.278294 0.431701 0.640000
vn 0.232825 0.040340 0.971682
f 979//979 980//980 981//981
v 0.375888 0.270267 2.278975 0.278294 0.431701 0.640000
vn 0.268539 0.000000 0.963269
v 0.616715 0.497479 2.211837 0.278294 0.431701 0.640000
vn 0.268539 0.000000 0.963269
v 0.375888 0.499631 2.278975 0.278294 0.431701 0.640000
vn 0.268539 0.000000 0.963269
f 982//982 983//983 984//984
v 0.794842 0.499631 1.641036 0.278294 0.431701 0.640000
vn 0.990216 -0.048663 0.130782
v 0.769904 0.699541 1.904241 0.278294 0.431701 0.640000
vn 0.990216 -0.048663 0.130782
v 0.745804 0.499631 2.012333 0.278294 0.431701 0.640000
vn 0.990216 -0.048663 0.130782
f 985//985 986//986 987//987
v 0.794842 0.499631 1.641036 0.278294 0.431701 0.640000
vn 0.990224 -0.048493 0.130783
v 0.745804 0.499631 2.012333 0.278294 0.431701 0.640000
vn 0.990224 -0.048493 0.130783
v 0.732736 0.272682 2.027124 0.278294 0.431701 0.640000
vn 0.990224 -0.048493 0.130783
f 988//988 989//989 990//990
v 0.794842 0.499631 1.641036 0.278294 0.431701 0.640000
vn 0.988728 -0.017641 0.148678
v 0.732736 0.272682 2.027124 0.278294 0.431701 0.640000
vn 0.988728 -0.017641 0.148678
v 0.786388 0.275098 1.670620 0.278294 0.431701 0.640000
vn 0.988728 -0.017641 0.148678
f 991//991 992//992 993//993
v 0.575514 0.307573 -1.583689 0.278294 0.431701 0.640000
vn 0.998513 -0.036351 -0.040630
v 0.577243 0.345450 -1.575085 0.278294 0.431701 0.640000
vn 0.998513 -0.036351 -0.040630
v 0.592177 0.303562 -1.170599 0.278294 0.431701 0.640000
vn 0.998513 -0.036351 -0.040630
f 994//994 995//995 996//996
v 0.575514 0.307573 -1.583689 0.278294 0.431701 0.640000
vn 0.998178 -0.044544 -0.040696
v 0.592177 0.303562 -1.170599 0.278294 0.431701 0.640000
vn 0.998178 -0.044544 -0.040696
v 0.589821 0.255930 -1.176236 0.278294 0.431701 0.640000
vn 0.998178 -0.044544 -0.040696
f 997//997 998//998 999//999
v 0.589821 0.255930 -1.176236 0.278294 0.431701 0.640000
vn 0.995592 -0.039147 -0.085226
v 0.592177 0.303562 -1.170599 0.278294 0.431701 0.640000
vn 0.995592 -0.039147 -0.085226
v 0.605558 0.275132 -1.001228 0.278294 0.431701 0.640000
vn 0.995592 -0.039147 -0.085226
f 1000//1000 1001//1001 1002//1002
v 0.589821 0.255930 -1.176236 0.278294 0.431701 0.640000
vn 0.995980 -0.019613 -0.087404
v 0.605558 0.275132 -1.001228 0.278294 0.431701 0.640000
vn 0.995980 -0.019613 -0.087404
v 0.604818 0.226031 -0.998632 0.278294 0.431701 0.640000
vn 0.995980 -0.019613 -0.087404
f 1003//1003 1004//1004 1005//1005
v 0.568906 0.335713 -1.684917 0.278294 0.431701 0.640000
vn 0.996893 -0.029453 -0.073059
v 0.570312 0.368274 -1.678862 0.278294 0.431701 0.640000
vn 0.996893 -0.029453 -0.073059
v 0.577243 0.345450 -1.575085 0.278294 0.431701 0.640000
vn 0.996893 -0.029453 -0.073059
f 1006//1006 1007//1007 1008//1008
v 0.568906 0.335713 -1.684917 0.278294 0.431701 0.640000
vn 0.996905 -0.028900 -0.073109
v 0.577243 0.345450 -1.575085 0.278294 0.431701 0.640000
vn 0.996905 -0.028900 -0.073109
v 0.575514 0.307573 -1.583689 0.278294 0.431701 0.640000
vn 0.996905 -0.028900 -0.073109
f 1009//1009 1010//1010 1011//1011
v 0.756548 0.327988 -1.686182 0.278294 0.431701 0.640000
vn 0.007217 -0.146383 0.989202
v 0.756548 0.369580 -1.680027 0.278294 0.431701 0.640000
vn 0.007217 -0.146383 0.989202
v 0.570312 0.368274 -1.678862 0.278294 0.431701 0.640000
vn 0.007217 -0.146383 0.989202
f 1012//1012 1013//1013 1014//1014
v 0.756548 0.327988 -1.686182 0.278294 0.431701 0.640000
vn -0.000895 -0.182788 0.983152
v 0.570312 0.368274 -1.678862 0.278294 0.431701 0.640000
vn -0.000895 -0.182788 0.983152
v 0.568906 0.335713 -1.684917 0.278294 0.431701 0.640000
vn -0.000895 -0.182788 0.983152
f 1015//1015 1016//1016 1017//1017
v 0.814060 0.465881 -1.031223 0.278294 0.431701 0.640000
vn 0.027684 -0.184741 -0.982397
v 0.814060 0.282856 -0.996805 0.278294 0.431701 0.640000
vn 0.027684 -0.184741 -0.982397
v 0.605558 0.275132 -1.001228 0.278294 0.431701 0.640000
vn 0.027684 -0.184741 -0.982397
f 1018//1018 1019//1019 1020//1020
v 0.814060 0.465881 -1.031223 0.278294 0.431701 0.640000
vn 0.042758 -0.200642 -0.978731
v 0.605558 0.275132 -1.001228 0.278294 0.431701 0.640000
vn 0.042758 -0.200642 -0.978731
v 0.608734 0.425793 -1.031975 0.278294 0.431701 0.640000
vn 0.042758 -0.200642 -0.978731
f 1021//1021 1022//1022 1023//1023
v 0.715273 0.499631 -1.965489 0.278294 0.431701 0.640000
vn 0.990114 0.043481 -0.133352
v 0.752924 0.458798 -1.699249 0.278294 0.431701 0.640000
vn 0.990114 0.043481 -0.133352
v 0.752924 0.379608 -1.725069 0.278294 0.431701 0.640000
vn 0.990114 0.043481 -0.133352
f 1024//1024 1025//1025 1026//1026
v 0.715273 0.499631 -1.965489 0.278294 0.431701 0.640000
vn 0.987958 0.000000 -0.154721
v 0.752924 0.379608 -1.725069 0.278294 0.431701 0.640000
vn 0.987958 0.000000 -0.154721
v 0.715273 0.405172 -1.965489 0.278294 0.431701 0.640000
vn 0.987958 0.000000 -0.154721
f 1027//1027 1028//1028 1029//1029
v 0.715273 0.405172 -1.965489 0.278294 0.431701 0.640000
vn 0.111083 0.989920 0.087860
v 0.752924 0.379608 -1.725069 0.278294 0.431701 0.640000
vn 0.111083 0.989920 0.087860
v 0.765474 0.379905 -1.744278 0.278294 0.431701 0.640000
vn 0.111083 0.989920 0.087860
f 1030//1030 1031//1031 1032//1032
v 0.715273 0.405172 -1.965489 0.278294 0.431701 0.640000
vn 0.111155 0.989913 0.087843
v 0.765474 0.379905 -1.744278 0.278294 0.431701 0.640000
vn 0.111155 0.989913 0.087843
v 0.727823 0.405467 -1.984698 0.278294 0.431701 0.640000
vn 0.111155 0.989913 0.087843
f 1033//1033 1034//1034 1035//1035
v 0.601768 0.210241 1.616013 0.278294 0.431701 0.640000
vn 0.997333 -0.010278 0.072257
v 0.647420 0.210241 0.985899 0.278294 0.431701 0.640000
vn 0.997333 -0.010278 0.072257
v 0.647420 0.269038 0.994262 0.278294 0.431701 0.640000
vn 0.997333 -0.010278 0.072257
f 1036//1036 1037//1037 1038//1038
v 0.601768 0.210241 1.616013 0.278294 0.431701 0.640000
vn 0.997238 -0.021033 0.071233
v 0.647420 0.269038 0.994262 0.278294 0.431701 0.640000
vn 0.997238 -0.021033 0.071233
v 0.603422 0.269038 1.610226 0.278294 0.431701 0.640000
vn 0.997238 -0.021033 0.071233
f 1039//1039 1040//1040 1041//1041
v 0.835758 0.210241 0.985899 0.278294 0.431701 0.640000
vn 0.000000 -0.140819 0.990035
v 0.835758 0.269038 0.994262 0.278294 0.431701 0.640000
vn 0.000000 -0.140819 0.990035
v 0.647420 0.269038 0.994262 0.278294 0.431701 0.640000
vn 0.000000 -0.140819 0.990035
f 1042//1042 1043//1043 1044//1044
v 0.835758 0.210241 0.985899 0.278294 0.431701 0.640000
vn 0.000000 -0.140819 0.990035
v 0.647420 0.269038 0.994262 0.278294 0.431701 0.640000
vn 0.000000 -0.140819 0.990035
v 0.647420 0.210241 0.985899 0.278294 0.431701 0.640000
vn 0.000000 -0.140819 0.990035
f 1045//1045 1046//1046 1047//1047
v 0.798862 0.467547 1.585377 0.278294 0.431701 0.640000
vn 0.000000 -0.124210 -0.992256
v 0.791760 0.269038 1.610226 0.278294 0.431701 0.640000
vn 0.000000 -0.124210 -0.992256
v 0.603422 0.269038 1.610226 0.278294 0.431701 0.640000
vn 0.000000 -0.124210 -0.992256
f 1048//1048 1049//1049 1050//1050
v 0.798862 0.467547 1.585377 0.278294 0.431701 0.640000
vn 0.000000 -0.124210 -0.992256
v 0.603422 0.269038 1.610226 0.278294 0.431701 0.640000
vn 0.000000 -0.124210 -0.992256
v 0.610524 0.467547 1.585377 0.278294 0.431701 0.640000
vn 0.000000 -0.124210 -0.992256
f 1051//1051 1052//1052 1053//1053
v 0.794842 0.499631 1.641036 0.278294 0.431701 0.640000
vn 0.995515 -0.025481 0.091113
v 0.786388 0.275098 1.670620 0.278294 0.431701 0.640000
vn 0.995515 -0.025481 0.091113
v 0.791760 0.269038 1.610226 0.278294 0.431701 0.640000
vn 0.995515 -0.025481 0.091113
f 1054//1054 1055//1055 1056//1056
v 0.794842 0.499631 1.641036 0.278294 0.431701 0.640000
vn 0.995964 -0.024837 0.086249
v 0.791760 0.269038 1.610226 0.278294 0.431701 0.640000
vn 0.995964 -0.024837 0.086249
v 0.798862 0.467547 1.585377 0.278294 0.431701 0.640000
vn 0.995964 -0.024837 0.086249
f 1057//1057 1058//1058 1059//1059
v 0.817684 0.471297 -0.985961 0.278294 0.431701 0.640000
vn 0.997239 -0.014994 -0.072732
v 0.817684 0.272008 -0.944877 0.278294 0.431701 0.640000
vn 0.997239 -0.014994 -0.072732
v 0.814060 0.282856 -0.996805 0.278294 0.431701 0.640000
vn 0.997239 -0.014994 -0.072732
f 1060//1060 1061//1061 1062//1062
v 0.817684 0.471297 -0.985961 0.278294 0.431701 0.640000
vn 0.996840 -0.014680 -0.078062
v 0.814060 0.282856 -0.996805 0.278294 0.431701 0.640000
vn 0.996840 -0.014680 -0.078062
v 0.814060 0.465881 -1.031223 0.278294 0.431701 0.640000
vn 0.996840 -0.014680 -0.078062
f 1063//1063 1064//1064 1065//1065
v 0.375888 0.499631 -2.240601 0.278294 0.431701 0.640000
vn 0.387921 0.000000 -0.921692
v 0.550098 0.499631 -2.167279 0.278294 0.431701 0.640000
vn 0.387921 0.000000 -0.921692
v 0.550098 0.420638 -2.167279 0.278294 0.431701 0.640000
vn 0.387921 0.000000 -0.921692
f 1066//1066 1067//1067 1068//1068
v 0.375888 0.499631 -2.240601 0.278294 0.431701 0.640000
vn 0.387921 0.000000 -0.921692
v 0.550098 0.420638 -2.167279 0.278294 0.431701 0.640000
vn 0.387921 0.000000 -0.921692
v 0.375888 0.420638 -2.240601 0.278294 0.431701 0.640000
vn 0.387921 0.000000 -0.921692
f 1069//1069 1070//1070 1071//1071
v 0.832493 0.493992 0.897141 0.278294 0.431701 0.640000
vn 0.995144 0.011917 -0.097706
v 0.838768 0.499631 0.961746 0.278294 0.431701 0.640000
vn 0.995144 0.011917 -0.097706
v 0.838768 0.275098 0.934360 0.278294 0.431701 0.640000
vn 0.995144 0.011917 -0.097706
f 1072//1072 1073//1073 1074//1074
v 0.832493 0.493992 0.897141 0.278294 0.431701 0.640000
vn 0.998374 0.019517 -0.053556
v 0.838768 0.275098 0.934360 0.278294 0.431701 0.640000
vn 0.998374 0.019517 -0.053556
v 0.832493 0.269201 0.815224 0.278294 0.431701 0.640000
vn 0.998374 0.019517 -0.053556
f 1075//1075 1076//1076 1077//1077
v 0.838768 0.270267 -0.208512 0.278294 0.431701 0.640000
vn -0.052834 0.188363 -0.980677
v 0.838768 0.499631 -0.164458 0.278294 0.431701 0.640000
vn -0.052834 0.188363 -0.980677
v 0.852528 0.503519 -0.164452 0.278294 0.431701 0.640000
vn -0.052834 0.188363 -0.980677
f 1078//1078 1079//1079 1080//1080
v 0.838768 0.270267 -0.208512 0.278294 0.431701 0.640000
vn -0.052722 0.188358 -0.980684
v 0.852528 0.503519 -0.164452 0.278294 0.431701 0.640000
vn -0.052722 0.188358 -0.980684
v 0.850301 0.270190 -0.209147 0.278294 0.431701 0.640000
vn -0.052722 0.188358 -0.980684
f 1081//1081 1082//1082 1083//1083
v 0.838768 0.499631 0.271215 0.278294 0.431701 0.640000
vn 0.999943 -0.003642 0.009993
v 0.832493 0.493992 0.897141 0.278294 0.431701 0.640000
vn 0.999943 -0.003642 0.009993
v 0.832493 0.269201 0.815224 0.278294 0.431701 0.640000
vn 0.999943 -0.003642 0.009993
f 1084//1084 1085//1085 1086//1086
v 0.838768 0.499631 0.271215 0.278294 0.431701 0.640000
vn 0.999942 -0.002377 0.010528
v 0.832493 0.269201 0.815224 0.278294 0.431701 0.640000
vn 0.999942 -0.002377 0.010528
v 0.838768 0.270267 0.219433 0.278294 0.431701 0.640000
vn 0.999942 -0.002377 0.010528
f 1087//1087 1088//1088 1089//1089
v 0.723277 0.698650 2.038600 0.278294 0.431701 0.640000
vn 0.848527 -0.288449 0.443620
v 0.678548 0.696862 2.122993 0.278294 0.431701 0.640000
vn 0.848527 -0.288449 0.443620
v 0.651625 0.656767 2.148420 0.278294 0.431701 0.640000
vn 0.848527 -0.288449 0.443620
f 1090//1090 1091//1091 1092//1092
v 0.723277 0.698650 2.038600 0.278294 0.431701 0.640000
vn 0.798878 0.156284 0.580835
v 0.651625 0.656767 2.148420 0.278294 0.431701 0.640000
vn 0.798878 0.156284 0.580835
v 0.712480 0.632438 2.071265 0.278294 0.431701 0.640000
vn 0.798878 0.156284 0.580835
f 1093//1093 1094//1094 1095//1095
v 0.000000 0.499631 -2.270792 0.278294 0.431701 0.640000
vn 0.080062 0.000000 -0.996790
v 0.375888 0.499631 -2.240601 0.278294 0.431701 0.640000
vn 0.080062 0.000000 -0.996790
v 0.375888 0.420638 -2.240601 0.278294 0.431701 0.640000
vn 0.080062 0.000000 -0.996790
f 1096//1096 1097//1097 1098//1098
v 0.000000 0.499631 -2.270792 0.278294 0.431701 0.640000
vn 0.080062 0.000000 -0.996790
v 0.375888 0.420638 -2.240601 0.278294 0.431701 0.640000
vn 0.080062 0.000000 -0.996790
v 0.000000 0.420638 -2.270792 0.278294 0.431701 0.640000
vn 0.080062 0.000000 -0.996790
f 1099//1099 1100//1100 1101//1101
v 0.838768 0.499631 -0.711168 0.278294 0.431701 0.640000
vn 1.000000 0.000000 0.000000
v 0.838768 0.499631 -0.164458 0.278294 0.431701 0.640000
vn 1.000000 0.000000 0.000000
v 0.838768 0.270267 -0.208512 0.278294 0.431701 0.640000
vn 1.000000 0.000000 0.000000
f 1102//1102 1103//1103 1104//1104
v 0.838768 0.499631 -0.711168 0.278294 0.431701 0.640000
vn 1.000000 0.000000 0.000000
v 0.838768 0.270267 -0.208512 0.278294 0.431701 0.640000
vn 1.000000 0.000000 0.000000
v 0.838768 0.270267 -0.711168 0.278294 0.431701 0.640000
vn 1.000000 0.000000 0.000000
f 1105//1105 1106//1106 1107//1107
v 0.817684 0.471297 -0.985961 0.278294 0.431701 0.640000
vn 0.997069 0.000000 -0.076503
v 0.838768 0.499631 -0.711168 0.278294 0.431701 0.640000
vn 0.997069 0.000000 -0.076503
v 0.838768 0.270267 -0.711168 0.278294 0.431701 0.640000
vn 0.997069 0.000000 -0.076503
f 1108//1108 1109//1109 1110//1110
v 0.817684 0.471297 -0.985961 0.278294 0.431701 0.640000
vn 0.995771 -0.018548 -0.089973
v 0.838768 0.270267 -0.711168 0.278294 0.431701 0.640000
vn 0.995771 -0.018548 -0.089973
v 0.817684 0.272008 -0.944877 0.278294 0.431701 0.640000
vn 0.995771 -0.018548 -0.089973
f 1111//1111 1112//1112 1113//1113
v 0.550098 0.499631 -2.167279 0.278294 0.431701 0.640000
vn 0.773819 0.000000 -0.633407
v 0.715273 0.499631 -1.965489 0.278294 0.431701 0.640000
vn 0.773819 0.000000 -0.633407
v 0.715273 0.405172 -1.965489 0.278294 0.431701 0.640000
vn 0.773819 0.000000 -0.633407
f 1114//1114 1115//1115 1116//1116
v 0.550098 0.499631 -2.167279 0.278294 0.431701 0.640000
vn 0.773819 0.000000 -0.633407
v 0.715273 0.405172 -1.965489 0.278294 0.431701 0.640000
vn 0.773819 0.000000 -0.633407
v 0.550098 0.420638 -2.167279 0.278294 0.431701 0.640000
vn 0.773819 0.000000 -0.633407
f 1117//1117 1118//1118 1119//1119
v 0.838768 0.270267 0.219433 0.278294 0.431701 0.640000
vn 0.999940 -0.003094 0.010527
v 0.832493 0.269201 0.815224 0.278294 0.431701 0.640000
vn 0.999940 -0.003094 0.010527
v 0.832493 0.204286 0.796147 0.278294 0.431701 0.640000
vn 0.999940 -0.003094 0.010527
f 1120//1120 1121//1121 1122//1122
v 0.838768 0.270267 0.219433 0.278294 0.431701 0.640000
vn 0.999941 -0.001948 0.010658
v 0.832493 0.204286 0.796147 0.278294 0.431701 0.640000
vn 0.999941 -0.001948 0.010658
v 0.838768 0.204286 0.207374 0.278294 0.431701 0.640000
vn 0.999941 -0.001948 0.010658
f 1123//1123 1124//1124 1125//1125
v 0.838768 0.210241 0.924403 0.278294 0.431701 0.640000
vn 0.998666 0.014558 -0.049541
v 0.832493 0.204286 0.796147 0.278294 0.431701 0.640000
vn 0.998666 0.014558 -0.049541
v 0.832493 0.269201 0.815224 0.278294 0.431701 0.640000
vn 0.998666 0.014558 -0.049541
f 1126//1126 1127//1127 1128//1128
v 0.838768 0.210241 0.924403 0.278294 0.431701 0.640000
vn 0.998561 0.008137 -0.053002
v 0.832493 0.269201 0.815224 0.278294 0.431701 0.640000
vn 0.998561 0.008137 -0.053002
v 0.838768 0.275098 0.934360 0.278294 0.431701 0.640000
vn 0.998561 0.008137 -0.053002
f 1129//1129 1130//1130 1131//1131
v 0.817684 0.212441 -0.940575 0.278294 0.431701 0.640000
vn 0.997641 -0.003402 -0.068560
v 0.814060 0.226256 -0.993997 0.278294 0.431701 0.640000
vn 0.997641 -0.003402 -0.068560
v 0.814060 0.282856 -0.996805 0.278294 0.431701 0.640000
vn 0.997641 -0.003402 -0.068560
f 1132//1132 1133//1133 1134//1134
v 0.817684 0.212441 -0.940575 0.278294 0.431701 0.640000
vn 0.997486 -0.005105 -0.070684
v 0.814060 0.282856 -0.996805 0.278294 0.431701 0.640000
vn 0.997486 -0.005105 -0.070684
v 0.817684 0.272008 -0.944877 0.278294 0.431701 0.640000
vn 0.997486 -0.005105 -0.070684
f 1135//1135 1136//1136 1137//1137
v 0.791760 0.269038 1.610226 0.278294 0.431701 0.640000
vn 0.995671 -0.020610 0.090638
v 0.786388 0.275098 1.670620 0.278294 0.431701 0.640000
vn 0.995671 -0.020610 0.090638
v 0.784418 0.210241 1.677510 0.278294 0.431701 0.640000
vn 0.995671 -0.020610 0.090638
f 1138//1138 1139//1139 1140//1140
v 0.791760 0.269038 1.610226 0.278294 0.431701 0.640000
vn 0.995570 -0.018933 0.092092
v 0.784418 0.210241 1.677510 0.278294 0.431701 0.640000
vn 0.995570 -0.018933 0.092092
v 0.790106 0.210241 1.616013 0.278294 0.431701 0.640000
vn 0.995570 -0.018933 0.092092
f 1141//1141 1142//1142 1143//1143
v 0.611792 0.270267 2.222450 0.278294 0.431701 0.640000
vn 0.683082 0.000000 0.730342
v 0.611792 0.204286 2.222450 0.278294 0.431701 0.640000
vn 0.683082 0.000000 0.730342
v 0.687081 0.205242 2.152033 0.278294 0.431701 0.640000
vn 0.683082 0.000000 0.730342
f 1144//1144 1145//1145 1146//1146
v 0.611792 0.270267 2.222450 0.278294 0.431701 0.640000
vn 0.683648 0.001232 0.729811
v 0.687081 0.205242 2.152033 0.278294 0.431701 0.640000
vn 0.683648 0.001232 0.729811
v 0.687006 0.271029 2.151992 0.278294 0.431701 0.640000
vn 0.683648 0.001232 0.729811
f 1147//1147 1148//1148 1149//1149
v 0.784418 0.210241 1.677510 0.278294 0.431701 0.640000
vn 0.988779 -0.014232 0.148708
v 0.786388 0.275098 1.670620 0.278294 0.431701 0.640000
vn 0.988779 -0.014232 0.148708
v 0.732736 0.272682 2.027124 0.278294 0.431701 0.640000
vn 0.988779 -0.014232 0.148708
f 1150//1150 1151//1151 1152//1152
v 0.784418 0.210241 1.677510 0.278294 0.431701 0.640000
vn 0.989040 -0.007125 0.147478
v 0.732736 0.272682 2.027124 0.278294 0.431701 0.640000
vn 0.989040 -0.007125 0.147478
v 0.731751 0.207264 2.030569 0.278294 0.431701 0.640000
vn 0.989040 -0.007125 0.147478
f 1153//1153 1154//1154 1155//1155
v 0.378892 0.210241 1.677510 0.278294 0.431701 0.640000
vn 0.000000 -0.999940 -0.010927
v 0.602914 0.210241 1.677510 0.278294 0.431701 0.640000
vn 0.000000 -0.999940 -0.010927
v 0.611792 0.204286 2.222450 0.278294 0.431701 0.640000
vn 0.000000 -0.999940 -0.010927
f 1156//1156 1157//1157 1158//1158
v 0.378892 0.210241 1.677510 0.278294 0.431701 0.640000
vn -0.002375 -0.999948 -0.009912
v 0.611792 0.204286 2.222450 0.278294 0.431701 0.640000
vn -0.002375 -0.999948 -0.009912
v 0.375888 0.204286 2.278975 0.278294 0.431701 0.640000
vn -0.002375 -0.999948 -0.009912
f 1159//1159 1160//1160 1161//1161
v 0.562649 0.420934 -2.186487 0.278294 0.431701 0.640000
vn 0.773817 0.000000 -0.633409
v 0.727823 0.405467 -1.984698 0.278294 0.431701 0.640000
vn 0.773817 0.000000 -0.633409
v 0.727823 0.370902 -1.984698 0.278294 0.431701 0.640000
vn 0.773817 0.000000 -0.633409
f 1162//1162 1163//1163 1164//1164
v 0.562649 0.420934 -2.186487 0.278294 0.431701 0.640000
vn 0.773817 0.000000 -0.633409
v 0.727823 0.370902 -1.984698 0.278294 0.431701 0.640000
vn 0.773817 0.000000 -0.633409
v 0.562649 0.389971 -2.186487 0.278294 0.431701 0.640000
vn 0.773817 0.000000 -0.633409
f 1165//1165 1166//1166 1167//1167
v 0.000000 0.420934 -2.290000 0.278294 0.431701 0.640000
vn 0.077489 0.000000 -0.996993
v 0.388438 0.420934 -2.259810 0.278294 0.431701 0.640000
vn 0.077489 0.000000 -0.996993
v 0.388438 0.389971 -2.259810 0.278294 0.431701 0.640000
vn 0.077489 0.000000 -0.996993
f 1168//1168 1169//1169 1170//1170
v 0.000000 0.420934 -2.290000 0.278294 0.431701 0.640000
vn 0.077489 0.000000 -0.996993
v 0.388438 0.389971 -2.259810 0.278294 0.431701 0.640000
vn 0.077489 0.000000 -0.996993
v 0.000000 0.389971 -2.290000 0.278294 0.431701 0.640000
vn 0.077489 0.000000 -0.996993
f 1171//1171 1172//1172 1173//1173
v 0.388438 0.420934 -2.259810 0.278294 0.431701 0.640000
vn 0.387926 0.000000 -0.921690
v 0.562649 0.420934 -2.186487 0.278294 0.431701 0.640000
vn 0.387926 0.000000 -0.921690
v 0.562649 0.389971 -2.186487 0.278294 0.431701 0.640000
vn 0.387926 0.000000 -0.921690
f 1174//1174 1175//1175 1176//1176
v 0.388438 0.420934 -2.259810 0.278294 0.431701 0.640000
vn 0.387926 0.000000 -0.921690
v 0.562649 0.389971 -2.186487 0.278294 0.431701 0.640000
vn 0.387926 0.000000 -0.921690
v 0.388438 0.389971 -2.259810 0.278294 0.431701 0.640000
vn 0.387926 0.000000 -0.921690
f 1177//1177 1178//1178 1179//1179
v 0.727823 0.405467 -1.984698 0.278294 0.431701 0.640000
vn 0.988070 0.022605 -0.152335
v 0.765474 0.379905 -1.744278 0.278294 0.431701 0.640000
vn 0.988070 0.022605 -0.152335
v 0.765474 0.339386 -1.750291 0.278294 0.431701 0.640000
vn 0.988070 0.022605 -0.152335
f 1180//1180 1181//1181 1182//1182
v 0.727823 0.405467 -1.984698 0.278294 0.431701 0.640000
vn 0.987344 0.000000 -0.158591
v 0.765474 0.339386 -1.750291 0.278294 0.431701 0.640000
vn 0.987344 0.000000 -0.158591
v 0.727823 0.370902 -1.984698 0.278294 0.431701 0.640000
vn 0.987344 0.000000 -0.158591
f 1183//1183 1184//1184 1185//1185
v 0.765474 0.339386 -1.750291 0.278294 0.431701 0.640000
vn 0.996914 0.011522 -0.077646
v 0.765474 0.379905 -1.744278 0.278294 0.431701 0.640000
vn 0.996914 0.011522 -0.077646
v 0.769098 0.369876 -1.699235 0.278294 0.431701 0.640000
vn 0.996914 0.011522 -0.077646
f 1186//1186 1187//1187 1188//1188
v 0.765474 0.339386 -1.750291 0.278294 0.431701 0.640000
vn 0.996916 0.011487 -0.077625
v 0.769098 0.369876 -1.699235 0.278294 0.431701 0.640000
vn 0.996916 0.011487 -0.077625
v 0.769098 0.328284 -1.705390 0.278294 0.431701 0.640000
vn 0.996916 0.011487 -0.077625
f 1189//1189 1190//1190 1191//1191
v 0.550098 0.389674 -2.167279 0.278294 0.431701 0.640000
vn 0.005096 -0.999914 -0.012108
v 0.375888 0.389674 -2.240601 0.278294 0.431701 0.640000
vn 0.005096 -0.999914 -0.012108
v 0.388438 0.389971 -2.259810 0.278294 0.431701 0.640000
vn 0.005096 -0.999914 -0.012108
f 1192//1192 1193//1193 1194//1194
v 0.550098 0.389674 -2.167279 0.278294 0.431701 0.640000
vn 0.005096 -0.999914 -0.012109
v 0.388438 0.389971 -2.259810 0.278294 0.431701 0.640000
vn 0.005096 -0.999914 -0.012109
v 0.562649 0.389971 -2.186487 0.278294 0.431701 0.640000
vn 0.005096 -0.999914 -0.012109
f 1195//1195 1196//1196 1197//1197
v 0.375888 0.420638 -2.240601 0.278294 0.431701 0.640000
vn -0.005096 0.999914 0.012109
v 0.550098 0.420638 -2.167279 0.278294 0.431701 0.640000
vn -0.005096 0.999914 0.012109
v 0.562649 0.420934 -2.186487 0.278294 0.431701 0.640000
vn -0.005096 0.999914 0.012109
f 1198//1198 1199//1199 1200//1200
v 0.375888 0.420638 -2.240601 0.278294 0.431701 0.640000
vn -0.005096 0.999914 0.012108
v 0.562649 0.420934 -2.186487 0.278294 0.431701 0.640000
vn -0.005096 0.999914 0.012108
v 0.388438 0.420934 -2.259810 0.278294 0.431701 0.640000
vn -0.005096 0.999914 0.012108
f 1201//1201 1202//1202 1203//1203
v 0.756548 0.369580 -1.680027 0.278294 0.431701 0.640000
vn 0.834991 -0.080551 0.544336
v 0.756548 0.327988 -1.686182 0.278294 0.431701 0.640000
vn 0.834991 -0.080551 0.544336
v 0.769098 0.328284 -1.705390 0.278294 0.431701 0.640000
vn 0.834991 -0.080551 0.544336
f 1204//1204 1205//1205 1206//1206
v 0.756548 0.369580 -1.680027 0.278294 0.431701 0.640000
vn 0.834991 -0.080551 0.544336
v 0.769098 0.328284 -1.705390 0.278294 0.431701 0.640000
vn 0.834991 -0.080551 0.544336
v 0.769098 0.369876 -1.699235 0.278294 0.431701 0.640000
vn 0.834991 -0.080551 0.544336
f 1207//1207 1208//1208 1209//1209
v 0.550098 0.420638 -2.167279 0.278294 0.431701 0.640000
vn 0.041554 0.998232 0.042497
v 0.715273 0.405172 -1.965489 0.278294 0.431701 0.640000
vn 0.041554 0.998232 0.042497
v 0.727823 0.405467 -1.984698 0.278294 0.431701 0.640000
vn 0.041554 0.998232 0.042497
f 1210//1210 1211//1211 1212//1212
v 0.550098 0.420638 -2.167279 0.278294 0.431701 0.640000
vn 0.041513 0.998232 0.042537
v 0.727823 0.405467 -1.984698 0.278294 0.431701 0.640000
vn 0.041513 0.998232 0.042537
v 0.562649 0.420934 -2.186487 0.278294 0.431701 0.640000
vn 0.041513 0.998232 0.042537
f 1213//1213 1214//1214 1215//1215
v 0.000000 0.420638 -2.270792 0.278294 0.431701 0.640000
vn -0.001178 0.999892 0.014668
v 0.375888 0.420638 -2.240601 0.278294 0.431701 0.640000
vn -0.001178 0.999892 0.014668
v 0.388438 0.420934 -2.259810 0.278294 0.431701 0.640000
vn -0.001178 0.999892 0.014668
f 1216//1216 1217//1217 1218//1218
v 0.000000 0.420638 -2.270792 0.278294 0.431701 0.640000
vn -0.001200 0.999880 0.015438
v 0.388438 0.420934 -2.259810 0.278294 0.431701 0.640000
vn -0.001200 0.999880 0.015438
v 0.000000 0.420934 -2.290000 0.278294 0.431701 0.640000
vn -0.001200 0.999880 0.015438
f 1219//1219 1220//1220 1221//1221
v 0.375888 0.389674 -2.240601 0.278294 0.431701 0.640000
vn 0.001240 -0.999880 -0.015438
v 0.000000 0.389674 -2.270792 0.278294 0.431701 0.640000
vn 0.001240 -0.999880 -0.015438
v 0.000000 0.389971 -2.290000 0.278294 0.431701 0.640000
vn 0.001240 -0.999880 -0.015438
f 1222//1222 1223//1223 1224//1224
v 0.375888 0.389674 -2.240601 0.278294 0.431701 0.640000
vn 0.001142 -0.999891 -0.014692
v 0.000000 0.389971 -2.290000 0.278294 0.431701 0.640000
vn 0.001142 -0.999891 -0.014692
v 0.388438 0.389971 -2.259810 0.278294 0.431701 0.640000
vn 0.001142 -0.999891 -0.014692
f 1225//1225 1226//1226 1227//1227
v 0.687081 0.205242 2.152033 0.278294 0.431701 0.640000
vn 0.002449 -0.999937 -0.010967
v 0.611792 0.204286 2.222450 0.278294 0.431701 0.640000
vn 0.002449 -0.999937 -0.010967
v 0.602914 0.210241 1.677510 0.278294 0.431701 0.640000
vn 0.002449 -0.999937 -0.010967
f 1228//1228 1229//1229 1230//1230
v 0.687006 0.271029 2.151992 0.278294 0.431701 0.640000
vn 0.938674 -0.031671 0.343347
v 0.732736 0.272682 2.027124 0.278294 0.431701 0.640000
vn 0.938674 -0.031671 0.343347
v 0.745804 0.499631 2.012333 0.278294 0.431701 0.640000
vn 0.938674 -0.031671 0.343347
f 1231//1231 1232//1232 1233//1233
v 0.687006 0.271029 2.151992 0.278294 0.431701 0.640000
vn 0.919314 0.003950 0.393505
v 0.745804 0.499631 2.012333 0.278294 0.431701 0.640000
vn 0.919314 0.003950 0.393505
v 0.691294 0.497650 2.139700 0.278294 0.431701 0.640000
vn 0.919314 0.003950 0.393505
f 1234//1234 1235//1235 1236//1236
v 0.375888 0.270267 2.278975 0.278294 0.431701 0.640000
vn 0.233015 0.000000 0.972473
v 0.375888 0.204286 2.278975 0.278294 0.431701 0.640000
vn 0.233015 0.000000 0.972473
v 0.611792 0.204286 2.222450 0.278294 0.431701 0.640000
vn 0.233015 0.000000 0.972473
f 1237//1237 1238//1238 1239//1239
v 0.375888 0.270267 2.278975 0.278294 0.431701 0.640000
vn 0.233015 0.000000 0.972473
v 0.611792 0.204286 2.222450 0.278294 0.431701 0.640000
vn 0.233015 0.000000 0.972473
v 0.611792 0.270267 2.222450 0.278294 0.431701 0.640000
vn 0.233015 0.000000 0.972473
f 1240//1240 1241//1241 1242//1242
v 0.678548 0.696862 2.122993 0.278294 0.431701 0.640000
vn 0.250160 0.430759 0.867102
v 0.375888 0.686148 2.215633 0.278294 0.431701 0.640000
vn 0.250160 0.430759 0.867102
v 0.566284 0.624529 2.191315 0.278294 0.431701 0.640000
vn 0.250160 0.430759 0.867102
f 1243//1243 1244//1244 1245//1245
v 0.678548 0.696862 2.122993 0.278294 0.431701 0.640000
vn 0.311278 0.351024 0.883113
v 0.566284 0.624529 2.191315 0.278294 0.431701 0.640000
vn 0.311278 0.351024 0.883113
v 0.651625 0.656767 2.148420 0.278294 0.431701 0.640000
vn 0.311278 0.351024 0.883113
f 1246//1246 1247//1247 1248//1248
v 0.375888 0.686148 2.215633 0.278294 0.431701 0.640000
vn 0.290129 0.307736 0.906159
v 0.375888 0.499631 2.278975 0.278294 0.431701 0.640000
vn 0.290129 0.307736 0.906159
v 0.440020 0.522152 2.250793 0.278294 0.431701 0.640000
vn 0.290129 0.307736 0.906159
f 1249//1249 1250//1250 1251//1251
v 0.375888 0.686148 2.215633 0.278294 0.431701 0.640000
vn 0.072167 0.235988 0.969072
v 0.440020 0.522152 2.250793 0.278294 0.431701 0.640000
vn 0.072167 0.235988 0.969072
v 0.440020 0.613349 2.228585 0.278294 0.431701 0.640000
vn 0.072167 0.235988 0.969072
f 1252//1252 1253//1253 1254//1254
v 0.753024 0.860967 0.864777 0.278294 0.431701 0.640000
vn -0.921658 0.000000 0.388003
v 0.753024 0.898014 0.864777 0.278294 0.431701 0.640000
vn -0.921658 0.000000 0.388003
v 0.743277 0.898014 0.841625 0.278294 0.431701 0.640000
vn -0.921658 0.000000 0.388003
f 1255//1255 1256//1256 1257//1257
v 0.753024 0.860967 0.864777 0.278294 0.431701 0.640000
vn -0.921658 0.000000 0.388003
v 0.743277 0.898014 0.841625 0.278294 0.431701 0.640000
vn -0.921658 0.000000 0.388003
v 0.743277 0.860967 0.841625 0.278294 0.431701 0.640000
vn -0.921658 0.000000 0.388003
f 1258//1258 1259//1259 1260//1260
v 0.774390 0.860967 0.814771 0.278294 0.431701 0.640000
vn -0.998030 0.000000 -0.062735
v 0.774390 0.898014 0.814771 0.278294 0.431701 0.640000
vn -0.998030 0.000000 -0.062735
v 0.776832 0.907865 0.775923 0.278294 0.431701 0.640000
vn -0.998030 0.000000 -0.062735
f 1261//1261 1262//1262 1263//1263
v 0.774390 0.860967 0.814771 0.278294 0.431701 0.640000
vn -0.998030 0.000000 -0.062735
v 0.776832 0.907865 0.775923 0.278294 0.431701 0.640000
vn -0.998030 0.000000 -0.062735
v 0.776832 0.851115 0.775923 0.278294 0.431701 0.640000
vn -0.998030 0.000000 -0.062735
f 1264//1264 1265//1265 1266//1266
v 0.853632 0.907865 0.783260 0.278294 0.431701 0.640000
vn 0.848918 0.035994 0.527297
v 0.910000 0.907865 0.692510 0.278294 0.431701 0.640000
vn 0.848918 0.035994 0.527297
v 0.893348 0.964222 0.715471 0.278294 0.431701 0.640000
vn 0.848918 0.035994 0.527297
f 1267//1267 1268//1268 1269//1269
v 0.853632 0.907865 0.783260 0.278294 0.431701 0.640000
vn 0.862817 0.000000 0.505517
v 0.893348 0.964222 0.715471 0.278294 0.431701 0.640000
vn 0.862817 0.000000 0.505517
v 0.853632 0.973367 0.783260 0.278294 0.431701 0.640000
vn 0.862817 0.000000 0.505517
f 1270//1270 1271//1271 1272//1272
v 0.784136 0.860967 0.837923 0.278294 0.431701 0.640000
vn 0.653397 0.000000 0.757015
v 0.784136 0.898014 0.837923 0.278294 0.431701 0.640000
vn 0.653397 0.000000 0.757015
v 0.753024 0.898014 0.864777 0.278294 0.431701 0.640000
vn 0.653397 0.000000 0.757015
f 1273//1273 1274//1274 1275//1275
v 0.784136 0.860967 0.837923 0.278294 0.431701 0.640000
vn 0.653397 0.000000 0.757015
v 0.753024 0.898014 0.864777 0.278294 0.431701 0.640000
vn 0.653397 0.000000 0.757015
v 0.753024 0.860967 0.864777 0.278294 0.431701 0.640000
vn 0.653397 0.000000 0.757015
f 1276//1276 1277//1277 1278//1278
v 0.774390 0.860967 0.814771 0.278294 0.431701 0.640000
vn -0.424356 -0.883706 0.197448
v 0.776832 0.851115 0.775923 0.278294 0.431701 0.640000
vn -0.424356 -0.883706 0.197448
v 0.802807 0.851115 0.831747 0.278294 0.431701 0.640000
vn -0.424356 -0.883706 0.197448
f 1279//1279 1280//1280 1281//1281
v 0.774390 0.860967 0.814771 0.278294 0.431701 0.640000
vn -0.413876 -0.893507 0.174217
v 0.802807 0.851115 0.831747 0.278294 0.431701 0.640000
vn -0.413876 -0.893507 0.174217
v 0.784136 0.860967 0.837923 0.278294 0.431701 0.640000
vn -0.413876 -0.893507 0.174217
f 1282//1282 1283//1283 1284//1284
v 0.774390 0.898014 0.814771 0.278294 0.431701 0.640000
vn 0.000000 1.000000 0.000000
v 0.743277 0.898014 0.841625 0.278294 0.431701 0.640000
vn 0.000000 1.000000 0.000000
v 0.753024 0.898014 0.864777 0.278294 0.431701 0.640000
vn 0.000000 1.000000 0.000000
f 1285//1285 1286//1286 1287//1287
v 0.774390 0.898014 0.814771 0.278294 0.431701 0.640000
vn 0.000000 1.000000 0.000000
v 0.753024 0.898014 0.864777 0.278294 0.431701 0.640000
vn 0.000000 1.000000 0.000000
v 0.784136 0.898014 0.837923 0.278294 0.431701 0.640000
vn 0.000000 1.000000 0.000000
f 1288//1288 1289//1289 1290//1290
v 0.857254 0.851115 0.672116 0.278294 0.431701 0.640000
vn 0.720698 -0.495678 -0.484663
v 0.877506 0.907865 0.644192 0.278294 0.431701 0.640000
vn 0.720698 -0.495678 -0.484663
v 0.910000 0.907865 0.692510 0.278294 0.431701 0.640000
vn 0.720698 -0.495678 -0.484663
f 1291//1291 1292//1292 1293//1293
v 0.857254 0.851115 0.672116 0.278294 0.431701 0.640000
vn 0.720697 -0.495676 -0.484666
v 0.910000 0.907865 0.692510 0.278294 0.431701 0.640000
vn 0.720697 -0.495676 -0.484666
v 0.889748 0.851115 0.720436 0.278294 0.431701 0.640000
vn 0.720697 -0.495676 -0.484666
f 1294//1294 1295//1295 1296//1296
v 0.827657 0.851115 0.727436 0.278294 0.431701 0.640000
vn -0.857935 0.000000 -0.513758
v 0.827657 0.907865 0.727436 0.278294 0.431701 0.640000
vn -0.857935 0.000000 -0.513758
v 0.877506 0.907865 0.644192 0.278294 0.431701 0.640000
vn -0.857935 0.000000 -0.513758
f 1297//1297 1298//1298 1299//1299
v 0.827657 0.851115 0.727436 0.278294 0.431701 0.640000
vn -0.878750 0.082264 -0.470140
v 0.877506 0.907865 0.644192 0.278294 0.431701 0.640000
vn -0.878750 0.082264 -0.470140
v 0.857254 0.851115 0.672116 0.278294 0.431701 0.640000
vn -0.878750 0.082264 -0.470140
f 1300//1300 1301//1301 1302//1302
v 0.853632 0.907865 0.783260 0.278294 0.431701 0.640000
vn 0.866949 0.000000 0.498397
v 0.853632 0.851115 0.783260 0.278294 0.431701 0.640000
vn 0.866949 0.000000 0.498397
v 0.889748 0.851115 0.720436 0.278294 0.431701 0.640000
vn 0.866949 0.000000 0.498397
f 1303//1303 1304//1304 1305//1305
v 0.853632 0.907865 0.783260 0.278294 0.431701 0.640000
vn 0.848666 -0.043456 0.527141
v 0.889748 0.851115 0.720436 0.278294 0.431701 0.640000
vn 0.848666 -0.043456 0.527141
v 0.910000 0.907865 0.692510 0.278294 0.431701 0.640000
vn 0.848666 -0.043456 0.527141
f 1306//1306 1307//1307 1308//1308
v 0.853632 0.851115 0.783260 0.278294 0.431701 0.640000
vn 0.000000 -1.000000 0.000000
v 0.827657 0.851115 0.727436 0.278294 0.431701 0.640000
vn 0.000000 -1.000000 0.000000
v 0.857254 0.851115 0.672116 0.278294 0.431701 0.640000
vn 0.000000 -1.000000 0.000000
f 1309//1309 1310//1310 1311//1311
v 0.853632 0.851115 0.783260 0.278294 0.431701 0.640000
vn 0.000000 -1.000000 0.000000
v 0.857254 0.851115 0.672116 0.278294 0.431701 0.640000
vn 0.000000 -1.000000 0.000000
v 0.889748 0.851115 0.720436 0.278294 0.431701 0.640000
vn 0.000000 -1.000000 0.000000
f 1312//1312 1313//1313 1314//1314
v 0.827657 0.973367 0.727436 0.278294 0.431701 0.640000
vn 0.127074 0.990129 -0.059126
v 0.853632 0.973367 0.783260 0.278294 0.431701 0.640000
vn 0.127074 0.990129 -0.059126
v 0.893348 0.964222 0.715471 0.278294 0.431701 0.640000
vn 0.127074 0.990129 -0.059126
f 1315//1315 1316//1316 1317//1317
v 0.827657 0.973367 0.727436 0.278294 0.431701 0.640000
vn 0.122664 0.989014 -0.082488
v 0.893348 0.964222 0.715471 0.278294 0.431701 0.640000
vn 0.122664 0.989014 -0.082488
v 0.860855 0.964222 0.667152 0.278294 0.431701 0.640000
vn 0.122664 0.989014 -0.082488
f 1318//1318 1319//1319 1320//1320
v 0.910000 0.907865 0.692510 0.278294 0.431701 0.640000
vn 0.750265 0.427241 -0.504547
v 0.877506 0.907865 0.644192 0.278294 0.431701 0.640000
vn 0.750265 0.427241 -0.504547
v 0.860855 0.964222 0.667152 0.278294 0.431701 0.640000
vn 0.750265 0.427241 -0.504547
f 1321//1321 1322//1322 1323//1323
v 0.910000 0.907865 0.692510 0.278294 0.431701 0.640000
vn 0.750268 0.427247 -0.504537
v 0.860855 0.964222 0.667152 0.278294 0.431701 0.640000
vn 0.750268 0.427247 -0.504537
v 0.893348 0.964222 0.715471 0.278294 0.431701 0.640000
vn 0.750268 0.427247 -0.504537
f 1324//1324 1325//1325 1326//1326
v 0.802807 0.907865 0.831747 0.278294 0.431701 0.640000
vn 0.690266 0.000000 0.723556
v 0.853632 0.907865 0.783260 0.278294 0.431701 0.640000
vn 0.690266 0.000000 0.723556
v 0.853632 0.973367 0.783260 0.278294 0.431701 0.640000
vn 0.690266 0.000000 0.723556
f 1327//1327 1328//1328 1329//1329
v 0.802807 0.907865 0.831747 0.278294 0.431701 0.640000
vn 0.690271 -0.000008 0.723551
v 0.853632 0.973367 0.783260 0.278294 0.431701 0.640000
vn 0.690271 -0.000008 0.723551
v 0.813881 0.980518 0.821182 0.278294 0.431701 0.640000
vn 0.690271 -0.000008 0.723551
f 1330//1330 1331//1331 1332//1332
v 0.802807 0.907865 0.831747 0.278294 0.431701 0.640000
vn 0.690245 0.000000 0.723576
v 0.813881 0.980518 0.821182 0.278294 0.431701 0.640000
vn 0.690245 0.000000 0.723576
v 0.802807 0.960777 0.831747 0.278294 0.431701 0.640000
vn 0.690245 0.000000 0.723576
f 1333//1333 1334//1334 1335//1335
v 0.776832 0.907865 0.775923 0.278294 0.431701 0.640000
vn -0.906661 0.000000 0.421860
v 0.802807 0.907865 0.831747 0.278294 0.431701 0.640000
vn -0.906661 0.000000 0.421860
v 0.802807 0.960777 0.831747 0.278294 0.431701 0.640000
vn -0.906661 0.000000 0.421860
f 1336//1336 1337//1337 1338//1338
v 0.776832 0.907865 0.775923 0.278294 0.431701 0.640000
vn -0.906661 0.000000 0.421860
v 0.802807 0.960777 0.831747 0.278294 0.431701 0.640000
vn -0.906661 0.000000 0.421860
v 0.776832 0.960777 0.775923 0.278294 0.431701 0.640000
vn -0.906661 0.000000 0.421860
f 1339//1339 1340//1340 1341//1341
v 0.877506 0.907865 0.644192 0.278294 0.431701 0.640000
vn -0.857935 0.000000 -0.513758
v 0.827657 0.907865 0.727436 0.278294 0.431701 0.640000
vn -0.857935 0.000000 -0.513758
v 0.827657 0.973367 0.727436 0.278294 0.431701 0.640000
vn -0.857935 0.000000 -0.513758
f 1342//1342 1343//1343 1344//1344
v 0.877506 0.907865 0.644192 0.278294 0.431701 0.640000
vn -0.878252 -0.066573 -0.473541
v 0.827657 0.973367 0.727436 0.278294 0.431701 0.640000
vn -0.878252 -0.066573 -0.473541
v 0.860855 0.964222 0.667152 0.278294 0.431701 0.640000
vn -0.878252 -0.066573 -0.473541
f 1345//1345 1346//1346 1347//1347
v 0.827657 0.907865 0.727436 0.278294 0.431701 0.640000
vn -0.690266 0.000000 -0.723556
v 0.776832 0.907865 0.775923 0.278294 0.431701 0.640000
vn -0.690266 0.000000 -0.723556
v 0.776832 0.960777 0.775923 0.278294 0.431701 0.640000
vn -0.690266 0.000000 -0.723556
f 1348//1348 1349//1349 1350//1350
v 0.827657 0.907865 0.727436 0.278294 0.431701 0.640000
vn -0.690272 -0.000011 -0.723550
v 0.776832 0.960777 0.775923 0.278294 0.431701 0.640000
vn -0.690272 -0.000011 -0.723550
v 0.787907 0.980518 0.765357 0.278294 0.431701 0.640000
vn -0.690272 -0.000011 -0.723550
f 1351//1351 1352//1352 1353//1353
v 0.827657 0.907865 0.727436 0.278294 0.431701 0.640000
vn -0.690261 0.000000 -0.723560
v 0.787907 0.980518 0.765357 0.278294 0.431701 0.640000
vn -0.690261 0.000000 -0.723560
v 0.827657 0.973367 0.727436 0.278294 0.431701 0.640000
vn -0.690261 0.000000 -0.723560
f 1354//1354 1355//1355 1356//1356
v 0.802807 0.851115 0.831747 0.278294 0.431701 0.640000
vn 0.000000 -1.000000 0.000000
v 0.776832 0.851115 0.775923 0.278294 0.431701 0.640000
vn 0.000000 -1.000000 0.000000
v 0.827657 0.851115 0.727436 0.278294 0.431701 0.640000
vn 0.000000 -1.000000 0.000000
f 1357//1357 1358//1358 1359//1359
v 0.802807 0.851115 0.831747 0.278294 0.431701 0.640000
vn 0.000000 -1.000000 0.000000
v 0.827657 0.851115 0.727436 0.278294 0.431701 0.640000
vn 0.000000 -1.000000 0.000000
v 0.853632 0.851115 0.783260 0.278294 0.431701 0.640000
vn 0.000000 -1.000000 0.000000
f 1360//1360 1361//1361 1362//1362
v 0.802807 0.907865 0.831747 0.278294 0.431701 0.640000
vn 0.690266 0.000000 0.723556
v 0.802807 0.851115 0.831747 0.278294 0.431701 0.640000
vn 0.690266 0.000000 0.723556
v 0.853632 0.851115 0.783260 0.278294 0.431701 0.640000
vn 0.690266 0.000000 0.723556
f 1363//1363 1364//1364 1365//1365
v 0.802807 0.907865 0.831747 0.278294 0.431701 0.640000
vn 0.690266 0.000000 0.723556
v 0.853632 0.851115 0.783260 0.278294 0.431701 0.640000
vn 0.690266 0.000000 0.723556
v 0.853632 0.907865 0.783260 0.278294 0.431701 0.640000
vn 0.690266 0.000000 0.723556
f 1366//1366 1367//1367 1368//1368
v 0.776832 0.851115 0.775923 0.278294 0.431701 0.640000
vn -0.690266 0.000000 -0.723556
v 0.776832 0.907865 0.775923 0.278294 0.431701 0.640000
vn -0.690266 0.000000 -0.723556
v 0.827657 0.907865 0.727436 0.278294 0.431701 0.640000
vn -0.690266 0.000000 -0.723556
f 1369//1369 1370//1370 1371//1371
v 0.776832 0.851115 0.775923 0.278294 0.431701 0.640000
vn -0.690266 0.000000 -0.723556
v 0.827657 0.907865 0.727436 0.278294 0.431701 0.640000
vn -0.690266 0.000000 -0.723556
v 0.827657 0.851115 0.727436 0.278294 0.431701 0.640000
vn -0.690266 0.000000 -0.723556
f 1372//1372 1373//1373 1374//1374
v 0.776832 0.907865 0.775923 0.278294 0.431701 0.640000
vn -0.455628 0.869264 0.191792
v 0.774390 0.898014 0.814771 0.278294 0.431701 0.640000
vn -0.455628 0.869264 0.191792
v 0.784136 0.898014 0.837923 0.278294 0.431701 0.640000
vn -0.455628 0.869264 0.191792
f 1375//1375 1376//1376 1377//1377
v 0.776832 0.907865 0.775923 0.278294 0.431701 0.640000
vn -0.408273 0.892875 0.189965
v 0.784136 0.898014 0.837923 0.278294 0.431701 0.640000
vn -0.408273 0.892875 0.189965
v 0.802807 0.907865 0.831747 0.278294 0.431701 0.640000
vn -0.408273 0.892875 0.189965
f 1378//1378 1379//1379 1380//1380
v 0.743277 0.860967 0.841625 0.278294 0.431701 0.640000
vn 0.000000 -1.000000 0.000000
v 0.774390 0.860967 0.814771 0.278294 0.431701 0.640000
vn 0.000000 -1.000000 0.000000
v 0.784136 0.860967 0.837923 0.278294 0.431701 0.640000
vn 0.000000 -1.000000 0.000000
f 1381//1381 1382//1382 1383//1383
v 0.743277 0.860967 0.841625 0.278294 0.431701 0.640000
vn 0.000000 -1.000000 0.000000
v 0.784136 0.860967 0.837923 0.278294 0.431701 0.640000
vn 0.000000 -1.000000 0.000000
v 0.753024 0.860967 0.864777 0.278294 0.431701 0.640000
vn 0.000000 -1.000000 0.000000
f 1384//1384 1385//1385 1386//1386
v 0.802807 0.851115 0.831747 0.278294 0.431701 0.640000
vn 0.314075 0.000000 0.949398
v 0.802807 0.907865 0.831747 0.278294 0.431701 0.640000
vn 0.314075 0.000000 0.949398
v 0.784136 0.898014 0.837923 0.278294 0.431701 0.640000
vn 0.314075 0.000000 0.949398
f 1387//1387 1388//1388 1389//1389
v 0.802807 0.851115 0.831747 0.278294 0.431701 0.640000
vn 0.314075 0.000000 0.949398
v 0.784136 0.898014 0.837923 0.278294 0.431701 0.640000
vn 0.314075 0.000000 0.949398
v 0.784136 0.860967 0.837923 0.278294 0.431701 0.640000
vn 0.314075 0.000000 0.949398
f 1390//1390 1391//1391 1392//1392
v 0.743277 0.860967 0.841625 0.278294 0.431701 0.640000
vn -0.653385 0.000000 -0.757026
v 0.743277 0.898014 0.841625 0.278294 0.431701 0.640000
vn -0.653385 0.000000 -0.757026
v 0.774390 0.898014 0.814771 0.278294 0.431701 0.640000
vn -0.653385 0.000000 -0.757026
f 1393//1393 1394//1394 1395//1395
v 0.743277 0.860967 0.841625 0.278294 0.431701 0.640000
vn -0.653385 0.000000 -0.757026
v 0.774390 0.898014 0.814771 0.278294 0.431701 0.640000
vn -0.653385 0.000000 -0.757026
v 0.774390 0.860967 0.814771 0.278294 0.431701 0.640000
vn -0.653385 0.000000 -0.757026
f 1396//1396 1397//1397 1398//1398
v 0.776832 0.960777 0.775923 0.278294 0.431701 0.640000
vn -0.730763 0.591924 0.340016
v 0.802807 0.960777 0.831747 0.278294 0.431701 0.640000
vn -0.730763 0.591924 0.340016
v 0.813881 0.980518 0.821182 0.278294 0.431701 0.640000
vn -0.730763 0.591924 0.340016
f 1399//1399 1400//1400 1401//1401
v 0.776832 0.960777 0.775923 0.278294 0.431701 0.640000
vn -0.730758 0.591936 0.340007
v 0.813881 0.980518 0.821182 0.278294 0.431701 0.640000
vn -0.730758 0.591936 0.340007
v 0.787907 0.980518 0.765357 0.278294 0.431701 0.640000
vn -0.730758 0.591936 0.340007
f 1402//1402 1403//1403 1404//1404
v 0.787907 0.980518 0.765357 0.278294 0.431701 0.640000
vn 0.123438 0.990689 -0.057433
v 0.813881 0.980518 0.821182 0.278294 0.431701 0.640000
vn 0.123438 0.990689 -0.057433
v 0.853632 0.973367 0.783260 0.278294 0.431701 0.640000
vn 0.123438 0.990689 -0.057433
f 1405//1405 1406//1406 1407//1407
v 0.787907 0.980518 0.765357 0.278294 0.431701 0.640000
vn 0.123438 0.990689 -0.057434
v 0.853632 0.973367 0.783260 0.278294 0.431701 0.640000
vn 0.123438 0.990689 -0.057434
v 0.827657 0.973367 0.727436 0.278294 0.431701 0.640000
vn 0.123438 0.990689 -0.057434
f 1408//1408 1409//1409 1410//1410
v 0.617699 1.120598 -1.264506 0.278294 0.431701 0.640000
vn -0.993092 -0.032730 -0.112678
v 0.638256 1.037320 -1.421494 0.278294 0.431701 0.640000
vn -0.993092 -0.032730 -0.112678
v 0.638156 1.028006 -1.417910 0.278294 0.431701 0.640000
vn -0.993092 -0.032730 -0.112678
f 1411//1411 1412//1412 1413//1413
v 0.617699 1.120598 -1.264506 0.278294 0.431701 0.640000
vn -0.993092 -0.032727 -0.112680
v 0.638156 1.028006 -1.417910 0.278294 0.431701 0.640000
vn -0.993092 -0.032727 -0.112680
v 0.617599 1.111283 -1.260922 0.278294 0.431701 0.640000
vn -0.993092 -0.032727 -0.112680
f 1414//1414 1415//1415 1416//1416
v 0.379249 1.297068 -0.940412 0.278294 0.431701 0.640000
vn -0.006673 -0.359068 -0.933288
v 0.526821 1.293530 -0.940106 0.278294 0.431701 0.640000
vn -0.006673 -0.359068 -0.933288
v 0.526721 1.284216 -0.936522 0.278294 0.431701 0.640000
vn -0.006673 -0.359068 -0.933288
f 1417//1417 1418//1418 1419//1419
v 0.379249 1.297068 -0.940412 0.278294 0.431701 0.640000
vn -0.005412 -0.346086 -0.938187
v 0.526721 1.284216 -0.936522 0.278294 0.431701 0.640000
vn -0.005412 -0.346086 -0.938187
v 0.353539 1.287754 -0.936828 0.278294 0.431701 0.640000
vn -0.005412 -0.346086 -0.938187
f 1420//1420 1421//1421 1422//1422
v 0.614116 0.514501 2.198582 0.278294 0.431701 0.640000
vn -0.212531 0.952652 -0.217451
v 0.676072 0.514644 2.138652 0.278294 0.431701 0.640000
vn -0.212531 0.952652 -0.217451
v 0.668755 0.510337 2.126935 0.278294 0.431701 0.640000
vn -0.212531 0.952652 -0.217451
f 1423//1423 1424//1424 1425//1425
v 0.614116 0.514501 2.198582 0.278294 0.431701 0.640000
vn -0.212452 0.952683 -0.217393
v 0.668755 0.510337 2.126935 0.278294 0.431701 0.640000
vn -0.212452 0.952683 -0.217393
v 0.606797 0.510195 2.186864 0.278294 0.431701 0.640000
vn -0.212452 0.952683 -0.217393
f 1426//1426 1427//1427 1428//1428
v 0.723277 0.698650 2.038600 0.278294 0.431701 0.640000
vn 0.848202 0.270668 0.455294
v 0.696936 0.798320 2.028419 0.278294 0.431701 0.640000
vn 0.848202 0.270668 0.455294
v 0.678548 0.696862 2.122993 0.278294 0.431701 0.640000
vn 0.848202 0.270668 0.455294
f 1429//1429 1430//1430 1431//1431
v 0.651625 0.656767 2.148420 0.278294 0.431701 0.640000
vn 0.387382 -0.918401 0.080472
v 0.566284 0.624529 2.191315 0.278294 0.431701 0.640000
vn 0.387382 -0.918401 0.080472
v 0.563344 0.622116 2.177920 0.278294 0.431701 0.640000
vn 0.387382 -0.918401 0.080472
f 1432//1432 1433//1433 1434//1434
v 0.651625 0.656767 2.148420 0.278294 0.431701 0.640000
vn 0.390511 -0.915913 0.092758
v 0.563344 0.622116 2.177920 0.278294 0.431701 0.640000
vn 0.390511 -0.915913 0.092758
v 0.644306 0.652460 2.136702 0.278294 0.431701 0.640000
vn 0.390511 -0.915913 0.092758
f 1435//1435 1436//1436 1437//1437
v 0.716423 0.560025 2.077614 0.278294 0.431701 0.640000
vn -0.848217 0.000259 0.529649
v 0.712480 0.632438 2.071265 0.278294 0.431701 0.640000
vn -0.848217 0.000259 0.529649
v 0.705162 0.628131 2.059548 0.278294 0.431701 0.640000
vn -0.848217 0.000259 0.529649
f 1438//1438 1439//1439 1440//1440
v 0.716423 0.560025 2.077614 0.278294 0.431701 0.640000
vn -0.848187 0.000277 0.529697
v 0.705162 0.628131 2.059548 0.278294 0.431701 0.640000
vn -0.848187 0.000277 0.529697
v 0.709104 0.555718 2.065897 0.278294 0.431701 0.640000
vn -0.848187 0.000277 0.529697
f 1441//1441 1442//1442 1443//1443
v 0.691294 0.497650 2.139700 0.278294 0.431701 0.640000
vn 0.919008 0.021586 0.393648
v 0.745804 0.499631 2.012333 0.278294 0.431701 0.640000
vn 0.919008 0.021586 0.393648
v 0.716423 0.560025 2.077614 0.278294 0.431701 0.640000
vn 0.919008 0.021586 0.393648
f 1444//1444 1445//1445 1446//1446
v 0.691294 0.497650 2.139700 0.278294 0.431701 0.640000
vn 0.506543 0.497127 0.704470
v 0.716423 0.560025 2.077614 0.278294 0.431701 0.640000
vn 0.506543 0.497127 0.704470
v 0.676072 0.514644 2.138652 0.278294 0.431701 0.640000
vn 0.506543 0.497127 0.704470
f 1447//1447 1448//1448 1449//1449
v 0.745804 0.499631 2.012333 0.278294 0.431701 0.640000
vn 0.913565 0.050138 0.403590
v 0.723277 0.698650 2.038600 0.278294 0.431701 0.640000
vn 0.913565 0.050138 0.403590
v 0.712480 0.632438 2.071265 0.278294 0.431701 0.640000
vn 0.913565 0.050138 0.403590
f 1450//1450 1451//1451 1452//1452
v 0.745804 0.499631 2.012333 0.278294 0.431701 0.640000
vn 0.934852 0.081200 0.345628
v 0.712480 0.632438 2.071265 0.278294 0.431701 0.640000
vn 0.934852 0.081200 0.345628
v 0.716423 0.560025 2.077614 0.278294 0.431701 0.640000
vn 0.934852 0.081200 0.345628
f 1453//1453 1454//1454 1455//1455
v 0.375888 0.499631 2.278975 0.278294 0.431701 0.640000
vn 0.215788 0.620229 0.754156
v 0.616715 0.497479 2.211837 0.278294 0.431701 0.640000
vn 0.215788 0.620229 0.754156
v 0.614116 0.514501 2.198582 0.278294 0.431701 0.640000
vn 0.215788 0.620229 0.754156
f 1456//1456 1457//1457 1458//1458
v 0.375888 0.499631 2.278975 0.278294 0.431701 0.640000
vn 0.285080 0.319168 0.903804
v 0.614116 0.514501 2.198582 0.278294 0.431701 0.640000
vn 0.285080 0.319168 0.903804
v 0.440020 0.522152 2.250793 0.278294 0.431701 0.640000
vn 0.285080 0.319168 0.903804
f 1459//1459 1460//1460 1461//1461
v 0.616715 0.497479 2.211837 0.278294 0.431701 0.640000
vn 0.577901 0.554530 0.598772
v 0.691294 0.497650 2.139700 0.278294 0.431701 0.640000
vn 0.577901 0.554530 0.598772
v 0.676072 0.514644 2.138652 0.278294 0.431701 0.640000
vn 0.577901 0.554530 0.598772
f 1462//1462 1463//1463 1464//1464
v 0.616715 0.497479 2.211837 0.278294 0.431701 0.640000
vn 0.577907 0.554520 0.598775
v 0.676072 0.514644 2.138652 0.278294 0.431701 0.640000
vn 0.577907 0.554520 0.598775
v 0.614116 0.514501 2.198582 0.278294 0.431701 0.640000
vn 0.577907 0.554520 0.598775
f 1465//1465 1466//1466 1467//1467
v 0.440020 0.613349 2.228585 0.278294 0.431701 0.640000
vn 1.000000 0.000000 0.000000
v 0.440020 0.522152 2.250793 0.278294 0.431701 0.640000
vn 1.000000 0.000000 0.000000
v 0.440020 0.517846 2.237106 0.278294 0.431701 0.640000
vn 1.000000 0.000000 0.000000
f 1468//1468 1469//1469 1470//1470
v 0.440020 0.613349 2.228585 0.278294 0.431701 0.640000
vn 1.000000 0.000000 0.000000
v 0.440020 0.517846 2.237106 0.278294 0.431701 0.640000
vn 1.000000 0.000000 0.000000
v 0.440020 0.609042 2.219663 0.278294 0.431701 0.640000
vn 1.000000 0.000000 0.000000
f 1471//1471 1472//1472 1473//1473
v 0.712480 0.632438 2.071265 0.278294 0.431701 0.640000
vn 0.034941 -0.944893 0.325509
v 0.651625 0.656767 2.148420 0.278294 0.431701 0.640000
vn 0.034941 -0.944893 0.325509
v 0.644306 0.652460 2.136702 0.278294 0.431701 0.640000
vn 0.034941 -0.944893 0.325509
f 1474//1474 1475//1475 1476//1476
v 0.712480 0.632438 2.071265 0.278294 0.431701 0.640000
vn 0.034942 -0.944893 0.325510
v 0.644306 0.652460 2.136702 0.278294 0.431701 0.640000
vn 0.034942 -0.944893 0.325510
v 0.705162 0.628131 2.059548 0.278294 0.431701 0.640000
vn 0.034942 -0.944893 0.325510
f 1477//1477 1478//1478 1479//1479
v 0.676072 0.514644 2.138652 0.278294 0.431701 0.640000
vn -0.648381 0.750272 0.129202
v 0.716423 0.560025 2.077614 0.278294 0.431701 0.640000
vn -0.648381 0.750272 0.129202
v 0.709104 0.555718 2.065897 0.278294 0.431701 0.640000
vn -0.648381 0.750272 0.129202
f 1480//1480 1481//1481 1482//1482
v 0.676072 0.514644 2.138652 0.278294 0.431701 0.640000
vn -0.648413 0.750249 0.129175
v 0.709104 0.555718 2.065897 0.278294 0.431701 0.640000
vn -0.648413 0.750249 0.129175
v 0.668755 0.510337 2.126935 0.278294 0.431701 0.640000
vn -0.648413 0.750249 0.129175
f 1483//1483 1484//1484 1485//1485
v 0.440020 0.522152 2.250793 0.278294 0.431701 0.640000
vn -0.052880 0.947557 -0.315182
v 0.614116 0.514501 2.198582 0.278294 0.431701 0.640000
vn -0.052880 0.947557 -0.315182
v 0.606797 0.510195 2.186864 0.278294 0.431701 0.640000
vn -0.052880 0.947557 -0.315182
f 1486//1486 1487//1487 1488//1488
v 0.440020 0.522152 2.250793 0.278294 0.431701 0.640000
vn -0.046585 0.952878 -0.299755
v 0.606797 0.510195 2.186864 0.278294 0.431701 0.640000
vn -0.046585 0.952878 -0.299755
v 0.440020 0.517846 2.237106 0.278294 0.431701 0.640000
vn -0.046585 0.952878 -0.299755
f 1489//1489 1490//1490 1491//1491
v 0.767223 0.943434 0.319890 0.278294 0.431701 0.640000
vn 0.912192 0.408438 0.032925
v 0.838768 0.786540 0.284012 0.278294 0.431701 0.640000
vn 0.912192 0.408438 0.032925
v 0.852528 0.792176 -0.167110 0.278294 0.431701 0.640000
vn 0.912192 0.408438 0.032925
f 1492//1492 1493//1493 1494//1494
v 0.767223 0.943434 0.319890 0.278294 0.431701 0.640000
vn 0.906594 0.421072 0.028021
v 0.852528 0.792176 -0.167110 0.278294 0.431701 0.640000
vn 0.906594 0.421072 0.028021
v 0.780982 0.947623 -0.188214 0.278294 0.431701 0.640000
vn 0.906594 0.421072 0.028021
f 1495//1495 1496//1496 1497//1497
v 0.838768 0.499631 0.271215 0.278294 0.431701 0.640000
vn 0.999620 -0.006073 0.026901
v 0.838768 0.270267 0.219433 0.278294 0.431701 0.640000
vn 0.999620 -0.006073 0.026901
v 0.850301 0.270190 -0.209147 0.278294 0.431701 0.640000
vn 0.999620 -0.006073 0.026901
f 1498//1498 1499//1499 1500//1500
v 0.838768 0.499631 0.271215 0.278294 0.431701 0.640000
vn 0.999385 -0.015556 0.031424
v 0.850301 0.270190 -0.209147 0.278294 0.431701 0.640000
vn 0.999385 -0.015556 0.031424
v 0.852528 0.503519 -0.164452 0.278294 0.431701 0.640000
vn 0.999385 -0.015556 0.031424
f 1501//1501 1502//1502 1503//1503
v 0.838768 0.788289 -0.167115 0.278294 0.431701 0.640000
vn 0.036384 -0.118208 -0.992322
v 0.767223 0.943434 -0.188220 0.278294 0.431701 0.640000
vn 0.036384 -0.118208 -0.992322
v 0.780982 0.947623 -0.188214 0.278294 0.431701 0.640000
vn 0.036384 -0.118208 -0.992322
f 1504//1504 1505//1505 1506//1506
v 0.838768 0.788289 -0.167115 0.278294 0.431701 0.640000
vn 0.034031 -0.119059 -0.992304
v 0.780982 0.947623 -0.188214 0.278294 0.431701 0.640000
vn 0.034031 -0.119059 -0.992304
v 0.852528 0.792176 -0.167110 0.278294 0.431701 0.640000
vn 0.034031 -0.119059 -0.992304
f 1507//1507 1508//1508 1509//1509
v 0.767223 0.943434 -0.188220 0.278294 0.431701 0.640000
vn -0.291279 0.956638 0.000000
v 0.767223 0.943434 0.319890 0.278294 0.431701 0.640000
vn -0.291279 0.956638 0.000000
v 0.780982 0.947623 -0.188214 0.278294 0.431701 0.640000
vn -0.291279 0.956638 0.000000
f 1510//1510 1511//1511 1512//1512
v 0.838768 0.786540 0.284012 0.278294 0.431701 0.640000
vn 0.999501 -0.001407 0.031554
v 0.838768 0.499631 0.271215 0.278294 0.431701 0.640000
vn 0.999501 -0.001407 0.031554
v 0.852528 0.503519 -0.164452 0.278294 0.431701 0.640000
vn 0.999501 -0.001407 0.031554
f 1513//1513 1514//1514 1515//1515
v 0.838768 0.786540 0.284012 0.278294 0.431701 0.640000
vn 0.999535 0.000281 0.030490
v 0.852528 0.503519 -0.164452 0.278294 0.431701 0.640000
vn 0.999535 0.000281 0.030490
v 0.852528 0.792176 -0.167110 0.278294 0.431701 0.640000
vn 0.999535 0.000281 0.030490
f 1516//1516 1517//1517 1518//1518
v 0.000000 0.686148 2.226658 0.278294 0.431701 0.640000
vn 0.027762 0.321444 0.946522
v 0.000000 0.499631 2.290000 0.278294 0.431701 0.640000
vn 0.027762 0.321444 0.946522
v 0.375888 0.499631 2.278975 0.278294 0.431701 0.640000
vn 0.027762 0.321444 0.946522
f 1519//1519 1520//1520 1521//1521
v 0.000000 0.686148 2.226658 0.278294 0.431701 0.640000
vn 0.027762 0.321444 0.946522
v 0.375888 0.499631 2.278975 0.278294 0.431701 0.640000
vn 0.027762 0.321444 0.946522
v 0.375888 0.686148 2.215633 0.278294 0.431701 0.640000
vn 0.027762 0.321444 0.946522
f 1522//1522 1523//1523 1524//1524
v 0.702108 1.009464 -1.603277 0.278294 0.431701 0.640000
vn -0.029493 0.997251 0.067971
v 0.656288 1.032186 -1.956528 0.278294 0.431701 0.640000
vn -0.029493 0.997251 0.067971
v 0.375888 1.032186 -2.078196 0.278294 0.431701 0.640000
vn -0.029493 0.997251 0.067971
f 1525//1525 1526//1526 1527//1527
v 0.702108 1.009464 -1.603277 0.278294 0.431701 0.640000
vn -0.005819 0.998642 0.051775
v 0.375888 1.032186 -2.078196 0.278294 0.431701 0.640000
vn -0.005819 0.998642 0.051775
v 0.375888 1.009464 -1.639938 0.278294 0.431701 0.640000
vn -0.005819 0.998642 0.051775
f 1528//1528 1529//1529 1530//1530
v 0.433660 0.928778 1.249207 0.278294 0.431701 0.640000
vn 0.000461 0.999483 0.032154
v 0.451713 0.937309 0.983764 0.278294 0.431701 0.640000
vn 0.000461 0.999483 0.032154
v 0.000000 0.937309 0.990233 0.278294 0.431701 0.640000
vn 0.000461 0.999483 0.032154
f 1531//1531 1532//1532 1533//1533
v 0.433660 0.928778 1.249207 0.278294 0.431701 0.640000
vn 0.000000 0.999458 0.032924
v 0.000000 0.937309 0.990233 0.278294 0.431701 0.640000
vn 0.000000 0.999458 0.032924
v 0.000000 0.928778 1.249207 0.278294 0.431701 0.640000
vn 0.000000 0.999458 0.032924
f 1534//1534 1535//1535 1536//1536
v 0.358246 0.774813 2.128153 0.278294 0.431701 0.640000
vn 0.000000 0.985929 0.167166
v 0.375888 0.853312 1.665171 0.278294 0.431701 0.640000
vn 0.000000 0.985929 0.167166
v 0.000000 0.853312 1.665171 0.278294 0.431701 0.640000
vn 0.000000 0.985929 0.167166
f 1537//1537 1538//1538 1539//1539
v 0.358246 0.774813 2.128153 0.278294 0.431701 0.640000
vn -0.000523 0.985862 0.167560
v 0.000000 0.853312 1.665171 0.278294 0.431701 0.640000
vn -0.000523 0.985862 0.167560
v 0.000000 0.773054 2.137380 0.278294 0.431701 0.640000
vn -0.000523 0.985862 0.167560
f 1540//1540 1541//1541 1542//1542
v 0.390147 0.892784 1.390750 0.278294 0.431701 0.640000
vn 0.000000 0.969154 0.246455
v 0.433660 0.928778 1.249207 0.278294 0.431701 0.640000
vn 0.000000 0.969154 0.246455
v 0.000000 0.928778 1.249207 0.278294 0.431701 0.640000
vn 0.000000 0.969154 0.246455
f 1543//1543 1544//1544 1545//1545
v 0.390147 0.892784 1.390750 0.278294 0.431701 0.640000
vn 0.000000 0.969154 0.246455
v 0.000000 0.928778 1.249207 0.278294 0.431701 0.640000
vn 0.000000 0.969154 0.246455
v 0.000000 0.892784 1.390750 0.278294 0.431701 0.640000
vn 0.000000 0.969154 0.246455
f 1546//1546 1547//1547 1548//1548
v 0.000000 0.711318 -2.220540 0.278294 0.431701 0.640000
vn 0.015964 -0.970541 -0.240408
v 0.348996 0.711318 -2.197365 0.278294 0.431701 0.640000
vn 0.015964 -0.970541 -0.240408
v 0.346571 0.700410 -2.153493 0.278294 0.431701 0.640000
vn 0.015964 -0.970541 -0.240408
f 1549//1549 1550//1550 1551//1551
v 0.000000 0.711318 -2.220540 0.278294 0.431701 0.640000
vn 0.016131 -0.970332 -0.241239
v 0.346571 0.700410 -2.153493 0.278294 0.431701 0.640000
vn 0.016131 -0.970332 -0.241239
v 0.000000 0.700410 -2.176668 0.278294 0.431701 0.640000
vn 0.016131 -0.970332 -0.241239
f 1552//1552 1553//1553 1554//1554
v 0.375888 0.499631 -2.240601 0.278294 0.431701 0.640000
vn 0.075667 0.326798 -0.942060
v 0.000000 0.499631 -2.270792 0.278294 0.431701 0.640000
vn 0.075667 0.326798 -0.942060
v 0.000000 0.527462 -2.261138 0.278294 0.431701 0.640000
vn 0.075667 0.326798 -0.942060
f 1555//1555 1556//1556 1557//1557
v 0.375888 0.499631 -2.240601 0.278294 0.431701 0.640000
vn 0.065441 0.156643 -0.985485
v 0.000000 0.527462 -2.261138 0.278294 0.431701 0.640000
vn 0.065441 0.156643 -0.985485
v 0.348996 0.527462 -2.237963 0.278294 0.431701 0.640000
vn 0.065441 0.156643 -0.985485
f 1558//1558 1559//1559 1560//1560
v 0.375888 0.739148 -2.187712 0.278294 0.431701 0.640000
vn 0.126341 0.213893 -0.968653
v 0.375888 0.499631 -2.240601 0.278294 0.431701 0.640000
vn 0.126341 0.213893 -0.968653
v 0.348996 0.527462 -2.237963 0.278294 0.431701 0.640000
vn 0.126341 0.213893 -0.968653
f 1561//1561 1562//1562 1563//1563
v 0.375888 0.739148 -2.187712 0.278294 0.431701 0.640000
vn 0.126356 0.213891 -0.968651
v 0.348996 0.527462 -2.237963 0.278294 0.431701 0.640000
vn 0.126356 0.213891 -0.968651
v 0.348996 0.711318 -2.197365 0.278294 0.431701 0.640000
vn 0.126356 0.213891 -0.968651
f 1564//1564 1565//1565 1566//1566
v 0.348996 0.527462 -2.237963 0.278294 0.431701 0.640000
vn -0.016019 0.970333 0.241239
v 0.000000 0.527462 -2.261138 0.278294 0.431701 0.640000
vn -0.016019 0.970333 0.241239
v 0.000000 0.516555 -2.217265 0.278294 0.431701 0.640000
vn -0.016019 0.970333 0.241239
f 1567//1567 1568//1568 1569//1569
v 0.348996 0.527462 -2.237963 0.278294 0.431701 0.640000
vn -0.016076 0.970540 0.240402
v 0.000000 0.516555 -2.217265 0.278294 0.431701 0.640000
vn -0.016076 0.970540 0.240402
v 0.346571 0.516555 -2.194090 0.278294 0.431701 0.640000
vn -0.016076 0.970540 0.240402
f 1570//1570 1571//1571 1572//1572
v 0.348996 0.711318 -2.197365 0.278294 0.431701 0.640000
vn -0.998564 0.011553 -0.052318
v 0.348996 0.527462 -2.237963 0.278294 0.431701 0.640000
vn -0.998564 0.011553 -0.052318
v 0.346571 0.516555 -2.194090 0.278294 0.431701 0.640000
vn -0.998564 0.011553 -0.052318
f 1573//1573 1574//1574 1575//1575
v 0.348996 0.711318 -2.197365 0.278294 0.431701 0.640000
vn -0.998564 0.011553 -0.052318
v 0.346571 0.516555 -2.194090 0.278294 0.431701 0.640000
vn -0.998564 0.011553 -0.052318
v 0.346571 0.700410 -2.153493 0.278294 0.431701 0.640000
vn -0.998564 0.011553 -0.052318
f 1576//1576 1577//1577 1578//1578
v 0.548361 0.776749 -2.098135 0.278294 0.431701 0.640000
vn -0.140142 0.916217 0.375375
v 0.388390 0.779996 -2.165785 0.278294 0.431701 0.640000
vn -0.140142 0.916217 0.375375
v 0.379241 0.769728 -2.144138 0.278294 0.431701 0.640000
vn -0.140142 0.916217 0.375375
f 1579//1579 1580//1580 1581//1581
v 0.548361 0.776749 -2.098135 0.278294 0.431701 0.640000
vn -0.121862 0.944913 0.303791
v 0.379241 0.769728 -2.144138 0.278294 0.431701 0.640000
vn -0.121862 0.944913 0.303791
v 0.539211 0.766481 -2.069871 0.278294 0.431701 0.640000
vn -0.121862 0.944913 0.303791
f 1582//1582 1583//1583 1584//1584
v 0.388390 0.779996 -2.165785 0.278294 0.431701 0.640000
vn 0.956691 -0.101517 0.272829
v 0.388390 0.943352 -2.105002 0.278294 0.431701 0.640000
vn 0.956691 -0.101517 0.272829
v 0.379241 0.933085 -2.076738 0.278294 0.431701 0.640000
vn 0.956691 -0.101517 0.272829
f 1585//1585 1586//1586 1587//1587
v 0.388390 0.779996 -2.165785 0.278294 0.431701 0.640000
vn 0.934040 -0.136224 0.330171
v 0.379241 0.933085 -2.076738 0.278294 0.431701 0.640000
vn 0.934040 -0.136224 0.330171
v 0.379241 0.769728 -2.144138 0.278294 0.431701 0.640000
vn 0.934040 -0.136224 0.330171
f 1588//1588 1589//1589 1590//1590
v 0.375888 0.739148 -2.187712 0.278294 0.431701 0.640000
vn 0.432017 0.315723 -0.844796
v 0.375888 1.032186 -2.078196 0.278294 0.431701 0.640000
vn 0.432017 0.315723 -0.844796
v 0.388390 0.943352 -2.105002 0.278294 0.431701 0.640000
vn 0.432017 0.315723 -0.844796
f 1591//1591 1592//1592 1593//1593
v 0.375888 0.739148 -2.187712 0.278294 0.431701 0.640000
vn 0.450318 0.311371 -0.836817
v 0.388390 0.943352 -2.105002 0.278294 0.431701 0.640000
vn 0.450318 0.311371 -0.836817
v 0.388390 0.779996 -2.165785 0.278294 0.431701 0.640000
vn 0.450318 0.311371 -0.836817
f 1594//1594 1595//1595 1596//1596
v 0.550098 0.733873 -2.114390 0.278294 0.431701 0.640000
vn 0.372632 0.347780 -0.860346
v 0.375888 0.739148 -2.187712 0.278294 0.431701 0.640000
vn 0.372632 0.347780 -0.860346
v 0.388390 0.779996 -2.165785 0.278294 0.431701 0.640000
vn 0.372632 0.347780 -0.860346
f 1597//1597 1598//1598 1599//1599
v 0.550098 0.733873 -2.114390 0.278294 0.431701 0.640000
vn 0.371860 0.342218 -0.862906
v 0.388390 0.779996 -2.165785 0.278294 0.431701 0.640000
vn 0.371860 0.342218 -0.862906
v 0.548361 0.776749 -2.098135 0.278294 0.431701 0.640000
vn 0.371860 0.342218 -0.862906
f 1600//1600 1601//1601 1602//1602
v 0.656288 1.032186 -1.956528 0.278294 0.431701 0.640000
vn 0.768848 0.159065 -0.619331
v 0.715273 0.686148 -1.972178 0.278294 0.431701 0.640000
vn 0.768848 0.159065 -0.619331
v 0.658293 0.806407 -2.012027 0.278294 0.431701 0.640000
vn 0.768848 0.159065 -0.619331
f 1603//1603 1604//1604 1605//1605
v 0.656288 1.032186 -1.956528 0.278294 0.431701 0.640000
vn 0.656357 0.185581 -0.731270
v 0.658293 0.806407 -2.012027 0.278294 0.431701 0.640000
vn 0.656357 0.185581 -0.731270
v 0.637233 0.940121 -1.996996 0.278294 0.431701 0.640000
vn 0.656357 0.185581 -0.731270
f 1606//1606 1607//1607 1608//1608
v 0.388390 0.943352 -2.105002 0.278294 0.431701 0.640000
vn 0.096875 -0.962865 -0.252005
v 0.637233 0.940121 -1.996996 0.278294 0.431701 0.640000
vn 0.096875 -0.962865 -0.252005
v 0.630459 0.933085 -1.972717 0.278294 0.431701 0.640000
vn 0.096875 -0.962865 -0.252005
f 1609//1609 1610//1610 1611//1611
v 0.388390 0.943352 -2.105002 0.278294 0.431701 0.640000
vn 0.125320 -0.944825 -0.302655
v 0.630459 0.933085 -1.972717 0.278294 0.431701 0.640000
vn 0.125320 -0.944825 -0.302655
v 0.379241 0.933085 -2.076738 0.278294 0.431701 0.640000
vn 0.125320 -0.944825 -0.302655
f 1612//1612 1613//1613 1614//1614
v 0.658293 0.806407 -2.012027 0.278294 0.431701 0.640000
vn -0.396462 0.896592 0.197336
v 0.548361 0.776749 -2.098135 0.278294 0.431701 0.640000
vn -0.396462 0.896592 0.197336
v 0.539211 0.766481 -2.069871 0.278294 0.431701 0.640000
vn -0.396462 0.896592 0.197336
f 1615//1615 1616//1616 1617//1617
v 0.658293 0.806407 -2.012027 0.278294 0.431701 0.640000
vn -0.403042 0.889356 0.215876
v 0.539211 0.766481 -2.069871 0.278294 0.431701 0.640000
vn -0.403042 0.889356 0.215876
v 0.650424 0.798496 -1.994128 0.278294 0.431701 0.640000
vn -0.403042 0.889356 0.215876
f 1618//1618 1619//1619 1620//1620
v 0.637233 0.940121 -1.996996 0.278294 0.431701 0.640000
vn -0.895882 -0.092248 -0.434609
v 0.658293 0.806407 -2.012027 0.278294 0.431701 0.640000
vn -0.895882 -0.092248 -0.434609
v 0.650424 0.798496 -1.994128 0.278294 0.431701 0.640000
vn -0.895882 -0.092248 -0.434609
f 1621//1621 1622//1622 1623//1623
v 0.637233 0.940121 -1.996996 0.278294 0.431701 0.640000
vn -0.951465 -0.094555 -0.292873
v 0.650424 0.798496 -1.994128 0.278294 0.431701 0.640000
vn -0.951465 -0.094555 -0.292873
v 0.630459 0.933085 -1.972717 0.278294 0.431701 0.640000
vn -0.951465 -0.094555 -0.292873
f 1624//1624 1625//1625 1626//1626
v 0.838768 0.275098 0.934360 0.278294 0.431701 0.640000
vn 0.998751 -0.007037 0.049472
v 0.835758 0.269038 0.994262 0.278294 0.431701 0.640000
vn 0.998751 -0.007037 0.049472
v 0.835758 0.210241 0.985899 0.278294 0.431701 0.640000
vn 0.998751 -0.007037 0.049472
f 1627//1627 1628//1628 1629//1629
v 0.838768 0.275098 0.934360 0.278294 0.431701 0.640000
vn 0.998776 -0.007505 0.048885
v 0.835758 0.210241 0.985899 0.278294 0.431701 0.640000
vn 0.998776 -0.007505 0.048885
v 0.838768 0.210241 0.924403 0.278294 0.431701 0.640000
vn 0.998776 -0.007505 0.048885
f 1630//1630 1631//1631 1632//1632
v 0.563344 0.622116 2.177920 0.278294 0.431701 0.640000
vn 0.130495 -0.980340 0.148005
v 0.566284 0.624529 2.191315 0.278294 0.431701 0.640000
vn 0.130495 -0.980340 0.148005
v 0.440020 0.613349 2.228585 0.278294 0.431701 0.640000
vn 0.130495 -0.980340 0.148005
f 1633//1633 1634//1634 1635//1635
v 0.563344 0.622116 2.177920 0.278294 0.431701 0.640000
vn 0.235786 -0.875161 0.422491
v 0.440020 0.613349 2.228585 0.278294 0.431701 0.640000
vn 0.235786 -0.875161 0.422491
v 0.440020 0.609042 2.219663 0.278294 0.431701 0.640000
vn 0.235786 -0.875161 0.422491
f 1636//1636 1637//1637 1638//1638
v 0.566284 0.624529 2.191315 0.278294 0.431701 0.640000
vn 0.233507 0.365983 0.900850
v 0.375888 0.686148 2.215633 0.278294 0.431701 0.640000
vn 0.233507 0.365983 0.900850
v 0.440020 0.613349 2.228585 0.278294 0.431701 0.640000
vn 0.233507 0.365983 0.900850
f 1639//1639 1640//1640 1641//1641
v 0.676169 1.141883 -0.731810 0.278294 0.431701 0.640000
vn 0.314987 -0.256838 0.913684
v 0.750249 0.974155 -0.804497 0.278294 0.431701 0.640000
vn 0.314987 -0.256838 0.913684
v 0.757691 0.980260 -0.805347 0.278294 0.431701 0.640000
vn 0.314987 -0.256838 0.913684
f 1642//1642 1643//1643 1644//1644
v 0.676169 1.141883 -0.731810 0.278294 0.431701 0.640000
vn 0.279137 -0.277471 0.919289
v 0.757691 0.980260 -0.805347 0.278294 0.431701 0.640000
vn 0.279137 -0.277471 0.919289
v 0.682993 1.146602 -0.732458 0.278294 0.431701 0.640000
vn 0.279137 -0.277471 0.919289
f 1645//1645 1646//1646 1647//1647
v 0.627234 1.311848 -0.744946 0.278294 0.431701 0.640000
vn 0.738474 0.663842 -0.118197
v 0.586234 1.366862 -0.692127 0.278294 0.431701 0.640000
vn 0.738474 0.663842 -0.118197
v 0.624934 1.328614 -0.665153 0.278294 0.431701 0.640000
vn 0.738474 0.663842 -0.118197
f 1648//1648 1649//1649 1650//1650
v 0.680989 1.140092 -0.805981 0.278294 0.431701 0.640000
vn 0.949747 0.310713 -0.037910
v 0.627234 1.311848 -0.744946 0.278294 0.431701 0.640000
vn 0.949747 0.310713 -0.037910
v 0.624934 1.328614 -0.665153 0.278294 0.431701 0.640000
vn 0.949747 0.310713 -0.037910
f 1651//1651 1652//1652 1653//1653
v 0.680989 1.140092 -0.805981 0.278294 0.431701 0.640000
vn 0.945318 0.321605 -0.054253
v 0.624934 1.328614 -0.665153 0.278294 0.431701 0.640000
vn 0.945318 0.321605 -0.054253
v 0.682993 1.146602 -0.732458 0.278294 0.431701 0.640000
vn 0.945318 0.321605 -0.054253
f 1654//1654 1655//1655 1656//1656
v 0.743397 0.974155 -0.876600 0.278294 0.431701 0.640000
vn -0.283018 0.283500 -0.916258
v 0.674164 1.135373 -0.805333 0.278294 0.431701 0.640000
vn -0.283018 0.283500 -0.916258
v 0.680989 1.140092 -0.805981 0.278294 0.431701 0.640000
vn -0.283018 0.283500 -0.916258
f 1657//1657 1658//1658 1659//1659
v 0.743397 0.974155 -0.876600 0.278294 0.431701 0.640000
vn -0.179807 0.327185 -0.927696
v 0.680989 1.140092 -0.805981 0.278294 0.431701 0.640000
vn -0.179807 0.327185 -0.927696
v 0.750985 0.980260 -0.875918 0.278294 0.431701 0.640000
vn -0.179807 0.327185 -0.927696
f 1660//1660 1661//1661 1662//1662
v 0.618246 1.320418 -0.664949 0.278294 0.431701 0.640000
vn 0.268101 -0.260379 0.927537
v 0.676169 1.141883 -0.731810 0.278294 0.431701 0.640000
vn 0.268101 -0.260379 0.927537
v 0.682993 1.146602 -0.732458 0.278294 0.431701 0.640000
vn 0.268101 -0.260379 0.927537
f 1663//1663 1664//1664 1665//1665
v 0.618246 1.320418 -0.664949 0.278294 0.431701 0.640000
vn 0.319030 -0.237510 0.917501
v 0.682993 1.146602 -0.732458 0.278294 0.431701 0.640000
vn 0.319030 -0.237510 0.917501
v 0.624934 1.328614 -0.665153 0.278294 0.431701 0.640000
vn 0.319030 -0.237510 0.917501
f 1666//1666 1667//1667 1668//1668
v 0.595583 1.374359 -0.222296 0.278294 0.431701 0.640000
vn 0.900806 0.426908 0.079363
v 0.596833 1.380988 -0.272138 0.278294 0.431701 0.640000
vn 0.900806 0.426908 0.079363
v 0.581720 1.414334 -0.279974 0.278294 0.431701 0.640000
vn 0.900806 0.426908 0.079363
f 1669//1669 1670//1670 1671//1671
v 0.601134 1.387251 -0.308641 0.278294 0.431701 0.640000
vn 0.879551 0.440750 0.179247
v 0.596833 1.380988 -0.272138 0.278294 0.431701 0.640000
vn 0.879551 0.440750 0.179247
v 0.689022 1.177574 -0.224330 0.278294 0.431701 0.640000
vn 0.879551 0.440750 0.179247
f 1672//1672 1673//1673 1674//1674
v 0.601134 1.387251 -0.308641 0.278294 0.431701 0.640000
vn 0.915463 0.400289 0.041186
v 0.689022 1.177574 -0.224330 0.278294 0.431701 0.640000
vn 0.915463 0.400289 0.041186
v 0.687234 1.184987 -0.256626 0.278294 0.431701 0.640000
vn 0.915463 0.400289 0.041186
f 1675//1675 1676//1676 1677//1677
v 0.757663 0.968450 -0.142145 0.278294 0.431701 0.640000
vn 0.947183 0.319878 0.022860
v 0.756662 0.975056 -0.193097 0.278294 0.431701 0.640000
vn 0.947183 0.319878 0.022860
v 0.689022 1.177574 -0.224330 0.278294 0.431701 0.640000
vn 0.947183 0.319878 0.022860
f 1678//1678 1679//1679 1680//1680
v 0.757663 0.968450 -0.142145 0.278294 0.431701 0.640000
vn 0.940733 0.333339 0.062502
v 0.689022 1.177574 -0.224330 0.278294 0.431701 0.640000
vn 0.940733 0.333339 0.062502
v 0.687171 1.173312 -0.173740 0.278294 0.431701 0.640000
vn 0.940733 0.333339 0.062502
f 1681//1681 1682//1682 1683//1683
v 0.270006 0.464977 2.280640 0.278294 0.431701 0.640000
vn 0.000000 -1.000000 0.000000
v 0.000000 0.464977 2.288334 0.278294 0.431701 0.640000
vn 0.000000 -1.000000 0.000000
v 0.000000 0.464977 2.268892 0.278294 0.431701 0.640000
vn 0.000000 -1.000000 0.000000
f 1684//1684 1685//1685 1686//1686
v 0.270006 0.464977 2.280640 0.278294 0.431701 0.640000
vn 0.000000 -1.000000 0.000000
v 0.000000 0.464977 2.268892 0.278294 0.431701 0.640000
vn 0.000000 -1.000000 0.000000
v 0.269221 0.464977 2.261199 0.278294 0.431701 0.640000
vn 0.000000 -1.000000 0.000000
f 1687//1687 1688//1688 1689//1689
v 0.375888 0.499631 2.278975 0.278294 0.431701 0.640000
vn 0.029284 -0.047989 0.998418
v 0.000000 0.499631 2.290000 0.278294 0.431701 0.640000
vn 0.029284 -0.047989 0.998418
v 0.000000 0.464977 2.288334 0.278294 0.431701 0.640000
vn 0.029284 -0.047989 0.998418
f 1690//1690 1691//1691 1692//1692
v 0.375888 0.499631 2.278975 0.278294 0.431701 0.640000
vn 0.028465 -0.038992 0.998834
v 0.000000 0.464977 2.288334 0.278294 0.431701 0.640000
vn 0.028465 -0.038992 0.998834
v 0.270006 0.464977 2.280640 0.278294 0.431701 0.640000
vn 0.028465 -0.038992 0.998834
f 1693//1693 1694//1694 1695//1695
v 0.611792 0.270267 2.222450 0.278294 0.431701 0.640000
vn 0.683269 0.026651 0.729680
v 0.687006 0.271029 2.151992 0.278294 0.431701 0.640000
vn 0.683269 0.026651 0.729680
v 0.691294 0.497650 2.139700 0.278294 0.431701 0.640000
vn 0.683269 0.026651 0.729680
f 1696//1696 1697//1697 1698//1698
v 0.611792 0.270267 2.222450 0.278294 0.431701 0.640000
vn 0.695105 0.018506 0.718670
v 0.691294 0.497650 2.139700 0.278294 0.431701 0.640000
vn 0.695105 0.018506 0.718670
v 0.616715 0.497479 2.211837 0.278294 0.431701 0.640000
vn 0.695105 0.018506 0.718670
f 1699//1699 1700//1700 1701//1701
v 0.000000 0.304923 2.288334 0.278294 0.431701 0.640000
vn 0.000000 1.000000 0.000000
v 0.270006 0.304923 2.280640 0.278294 0.431701 0.640000
vn 0.000000 1.000000 0.000000
v 0.269221 0.304923 2.261199 0.278294 0.431701 0.640000
vn 0.000000 1.000000 0.000000
f 1702//1702 1703//1703 1704//1704
v 0.000000 0.304923 2.288334 0.278294 0.431701 0.640000
vn 0.000000 1.000000 0.000000
v 0.269221 0.304923 2.261199 0.278294 0.431701 0.640000
vn 0.000000 1.000000 0.000000
v 0.000000 0.304923 2.268892 0.278294 0.431701 0.640000
vn 0.000000 1.000000 0.000000
f 1705//1705 1706//1706 1707//1707
v 0.270006 0.304923 2.280640 0.278294 0.431701 0.640000
vn -0.999185 0.000000 0.040369
v 0.270006 0.464977 2.280640 0.278294 0.431701 0.640000
vn -0.999185 0.000000 0.040369
v 0.269221 0.464977 2.261199 0.278294 0.431701 0.640000
vn -0.999185 0.000000 0.040369
f 1708//1708 1709//1709 1710//1710
v 0.270006 0.304923 2.280640 0.278294 0.431701 0.640000
vn -0.999185 0.000000 0.040369
v 0.269221 0.464977 2.261199 0.278294 0.431701 0.640000
vn -0.999185 0.000000 0.040369
v 0.269221 0.304923 2.261199 0.278294 0.431701 0.640000
vn -0.999185 0.000000 0.040369
f 1711//1711 1712//1712 1713//1713
v -0.550098 0.499631 -2.167279 0.278294 0.431701 0.640000
vn -0.773619 -0.022709 -0.633243
v -0.715273 0.499631 -1.965489 0.278294 0.431701 0.640000
vn -0.773619 -0.022709 -0.633243
v -0.715273 0.686148 -1.972178 0.278294 0.431701 0.640000
vn -0.773619 -0.022709 -0.633243
f 1714//1714 1715//1715 1716//1716
v -0.550098 0.499631 -2.167279 0.278294 0.431701 0.640000
vn -0.670389 0.163423 -0.723789
v -0.715273 0.686148 -1.972178 0.278294 0.431701 0.640000
vn -0.670389 0.163423 -0.723789
v -0.550098 0.733873 -2.114390 0.278294 0.431701 0.640000
vn -0.670389 0.163423 -0.723789
f 1717//1717 1718//1718 1719//1719
v -0.838768 0.499631 -0.711168 0.278294 0.431701 0.640000
vn -1.000000 0.000000 0.000000
v -0.838768 0.499631 -0.164458 0.278294 0.431701 0.640000
vn -1.000000 0.000000 0.000000
v -0.838768 0.788289 -0.167115 0.278294 0.431701 0.640000
vn -1.000000 0.000000 0.000000
f 1720//1720 1721//1721 1722//1722
v -0.838768 0.499631 -0.711168 0.278294 0.431701 0.640000
vn -1.000000 0.000000 0.000000
v -0.838768 0.788289 -0.167115 0.278294 0.431701 0.640000
vn -1.000000 0.000000 0.000000
v -0.838768 0.715349 -0.749318 0.278294 0.431701 0.640000
vn -1.000000 0.000000 0.000000
f 1723//1723 1724//1724 1725//1725
v -0.825172 0.703438 1.475112 0.278294 0.431701 0.640000
vn -0.862851 0.492063 0.115597
v -0.769904 0.699541 1.904241 0.278294 0.431701 0.640000
vn -0.862851 0.492063 0.115597
v -0.696936 0.798320 2.028419 0.278294 0.431701 0.640000
vn -0.862851 0.492063 0.115597
f 1726//1726 1727//1727 1728//1728
v -0.825172 0.703438 1.475112 0.278294 0.431701 0.640000
vn -0.853780 0.508743 0.110634
v -0.696936 0.798320 2.028419 0.278294 0.431701 0.640000
vn -0.853780 0.508743 0.110634
v -0.712225 0.873741 1.563611 0.278294 0.431701 0.640000
vn -0.853780 0.508743 0.110634
f 1729//1729 1730//1730 1731//1731
v -0.375888 1.009464 -1.639938 0.278294 0.431701 0.640000
vn 0.002058 0.998684 0.051246
v 0.000000 1.009464 -1.655033 0.278294 0.431701 0.640000
vn 0.002058 0.998684 0.051246
v 0.000000 1.032186 -2.097842 0.278294 0.431701 0.640000
vn 0.002058 0.998684 0.051246
f 1732//1732 1733//1733 1734//1734
v -0.375888 1.009464 -1.639938 0.278294 0.431701 0.640000
vn 0.002706 0.998655 0.051776
v 0.000000 1.032186 -2.097842 0.278294 0.431701 0.640000
vn 0.002706 0.998655 0.051776
v -0.375888 1.032186 -2.078196 0.278294 0.431701 0.640000
vn 0.002706 0.998655 0.051776
f 1735//1735 1736//1736 1737//1737
v -0.775403 0.657104 -1.549595 0.278294 0.431701 0.640000
vn -0.975926 0.185536 -0.114653
v -0.702108 1.009464 -1.603277 0.278294 0.431701 0.640000
vn -0.975926 0.185536 -0.114653
v -0.656288 1.032186 -1.956528 0.278294 0.431701 0.640000
vn -0.975926 0.185536 -0.114653
f 1738//1738 1739//1739 1740//1740
v -0.775403 0.657104 -1.549595 0.278294 0.431701 0.640000
vn -0.976811 0.172255 -0.127154
v -0.656288 1.032186 -1.956528 0.278294 0.431701 0.640000
vn -0.976811 0.172255 -0.127154
v -0.715273 0.686148 -1.972178 0.278294 0.431701 0.640000
vn -0.976811 0.172255 -0.127154
f 1741//1741 1742//1742 1743//1743
v -0.775403 0.657104 -1.549595 0.278294 0.431701 0.640000
vn -0.987762 -0.058521 -0.144574
v -0.715273 0.686148 -1.972178 0.278294 0.431701 0.640000
vn -0.987762 -0.058521 -0.144574
v -0.752924 0.541309 -1.656306 0.278294 0.431701 0.640000
vn -0.987762 -0.058521 -0.144574
f 1744//1744 1745//1745 1746//1746
v 0.000000 0.739148 -2.217903 0.278294 0.431701 0.640000
vn -0.065965 0.094119 -0.993373
v 0.000000 0.711318 -2.220540 0.278294 0.431701 0.640000
vn -0.065965 0.094119 -0.993373
v -0.348996 0.711318 -2.197365 0.278294 0.431701 0.640000
vn -0.065965 0.094119 -0.993373
f 1747//1747 1748//1748 1749//1749
v 0.000000 0.739148 -2.217903 0.278294 0.431701 0.640000
vn -0.077326 0.259210 -0.962721
v -0.348996 0.711318 -2.197365 0.278294 0.431701 0.640000
vn -0.077326 0.259210 -0.962721
v -0.375888 0.739148 -2.187712 0.278294 0.431701 0.640000
vn -0.077326 0.259210 -0.962721
f 1750//1750 1751//1751 1752//1752
v -0.375888 0.499631 -2.240601 0.278294 0.431701 0.640000
vn -0.379785 0.203742 -0.902360
v -0.550098 0.499631 -2.167279 0.278294 0.431701 0.640000
vn -0.379785 0.203742 -0.902360
v -0.550098 0.733873 -2.114390 0.278294 0.431701 0.640000
vn -0.379785 0.203742 -0.902360
f 1753//1753 1754//1754 1755//1755
v -0.375888 0.499631 -2.240601 0.278294 0.431701 0.640000
vn -0.385277 0.198975 -0.901094
v -0.550098 0.733873 -2.114390 0.278294 0.431701 0.640000
vn -0.385277 0.198975 -0.901094
v -0.375888 0.739148 -2.187712 0.278294 0.431701 0.640000
vn -0.385277 0.198975 -0.901094
f 1756//1756 1757//1757 1758//1758
v 0.000000 0.270267 2.290000 0.278294 0.431701 0.640000
vn -0.028454 0.047989 0.998443
v 0.000000 0.304923 2.288334 0.278294 0.431701 0.640000
vn -0.028454 0.047989 0.998443
v -0.270006 0.304923 2.280640 0.278294 0.431701 0.640000
vn -0.028454 0.047989 0.998443
f 1759//1759 1760//1760 1761//1761
v 0.000000 0.270267 2.290000 0.278294 0.431701 0.640000
vn -0.029292 0.041525 0.998708
v -0.270006 0.304923 2.280640 0.278294 0.431701 0.640000
vn -0.029292 0.041525 0.998708
v -0.375888 0.270267 2.278975 0.278294 0.431701 0.640000
vn -0.029292 0.041525 0.998708
f 1762//1762 1763//1763 1764//1764
v -0.712225 0.873741 1.563611 0.278294 0.431701 0.640000
vn 0.021552 0.986972 0.159440
v -0.696936 0.798320 2.028419 0.278294 0.431701 0.640000
vn 0.021552 0.986972 0.159440
v -0.358246 0.774813 2.128153 0.278294 0.431701 0.640000
vn 0.021552 0.986972 0.159440
f 1765//1765 1766//1766 1767//1767
v -0.712225 0.873741 1.563611 0.278294 0.431701 0.640000
vn 0.009516 0.985944 0.166806
v -0.358246 0.774813 2.128153 0.278294 0.431701 0.640000
vn 0.009516 0.985944 0.166806
v -0.375888 0.853312 1.665171 0.278294 0.431701 0.640000
vn 0.009516 0.985944 0.166806
f 1768//1768 1769//1769 1770//1770
v -0.838768 0.499631 -0.164458 0.278294 0.431701 0.640000
vn -0.002995 -0.009206 -0.999953
v -0.852528 0.503519 -0.164452 0.278294 0.431701 0.640000
vn -0.002995 -0.009206 -0.999953
v -0.852528 0.792176 -0.167110 0.278294 0.431701 0.640000
vn -0.002995 -0.009206 -0.999953
f 1771//1771 1772//1772 1773//1773
v -0.838768 0.499631 -0.164458 0.278294 0.431701 0.640000
vn -0.002995 -0.009206 -0.999953
v -0.852528 0.792176 -0.167110 0.278294 0.431701 0.640000
vn -0.002995 -0.009206 -0.999953
v -0.838768 0.788289 -0.167115 0.278294 0.431701 0.640000
vn -0.002995 -0.009206 -0.999953
f 1774//1774 1775//1775 1776//1776
v -0.838768 0.499631 0.271215 0.278294 0.431701 0.640000
vn -0.999950 -0.000280 0.010021
v -0.832494 0.493992 0.897141 0.278294 0.431701 0.640000
vn -0.999950 -0.000280 0.010021
v -0.832494 0.779208 0.905113 0.278294 0.431701 0.640000
vn -0.999950 -0.000280 0.010021
f 1777//1777 1778//1778 1779//1779
v -0.838768 0.499631 0.271215 0.278294 0.431701 0.640000
vn -0.999949 -0.000450 0.010097
v -0.832494 0.779208 0.905113 0.278294 0.431701 0.640000
vn -0.999949 -0.000450 0.010097
v -0.838768 0.786540 0.284012 0.278294 0.431701 0.640000
vn -0.999949 -0.000450 0.010097
f 1780//1780 1781//1781 1782//1782
v -0.375888 1.009464 -1.639938 0.278294 0.431701 0.640000
vn -0.005613 0.988763 -0.149389
v -0.374197 1.037320 -1.455635 0.278294 0.431701 0.640000
vn -0.005613 0.988763 -0.149389
v 0.000000 1.037320 -1.469694 0.278294 0.431701 0.640000
vn -0.005613 0.988763 -0.149389
f 1783//1783 1784//1784 1785//1785
v -0.375888 1.009464 -1.639938 0.278294 0.431701 0.640000
vn -0.005968 0.988876 -0.148622
v 0.000000 1.037320 -1.469694 0.278294 0.431701 0.640000
vn -0.005968 0.988876 -0.148622
v 0.000000 1.009464 -1.655033 0.278294 0.431701 0.640000
vn -0.005968 0.988876 -0.148622
f 1786//1786 1787//1787 1788//1788
v -0.665671 1.169166 0.565211 0.278294 0.431701 0.640000
vn -0.928532 0.370223 0.027618
v -0.668810 1.165956 0.502717 0.278294 0.431701 0.640000
vn -0.928532 0.370223 0.027618
v -0.739274 0.968450 0.781253 0.278294 0.431701 0.640000
vn -0.928532 0.370223 0.027618
f 1789//1789 1790//1790 1791//1791
v -0.665671 1.169166 0.565211 0.278294 0.431701 0.640000
vn -0.928535 0.370217 0.027611
v -0.739274 0.968450 0.781253 0.278294 0.431701 0.640000
vn -0.928535 0.370217 0.027611
v -0.746206 0.943434 0.883555 0.278294 0.431701 0.640000
vn -0.928535 0.370217 0.027611
f 1792//1792 1793//1793 1794//1794
v -0.734403 0.925579 1.144025 0.278294 0.431701 0.640000
vn 0.041957 0.996383 0.073899
v -0.718796 0.906339 1.394578 0.278294 0.431701 0.640000
vn 0.041957 0.996383 0.073899
v -0.390147 0.892784 1.390750 0.278294 0.431701 0.640000
vn 0.041957 0.996383 0.073899
f 1795//1795 1796//1796 1797//1797
v -0.734403 0.925579 1.144025 0.278294 0.431701 0.640000
vn -0.106586 0.955316 0.275702
v -0.390147 0.892784 1.390750 0.278294 0.431701 0.640000
vn -0.106586 0.955316 0.275702
v -0.433660 0.928778 1.249207 0.278294 0.431701 0.640000
vn -0.106586 0.955316 0.275702
f 1798//1798 1799//1799 1800//1800
v -0.838768 0.270267 0.219433 0.278294 0.431701 0.640000
vn 0.006671 -0.999978 0.000000
v -0.850301 0.270190 -0.209147 0.278294 0.431701 0.640000
vn 0.006671 -0.999978 0.000000
v -0.838768 0.270267 -0.208512 0.278294 0.431701 0.640000
vn 0.006671 -0.999978 0.000000
f 1801//1801 1802//1802 1803//1803
v -0.838768 0.786540 0.284012 0.278294 0.431701 0.640000
vn -0.884372 0.466560 0.014442
v -0.832494 0.779208 0.905113 0.278294 0.431701 0.640000
vn -0.884372 0.466560 0.014442
v -0.746206 0.943434 0.883555 0.278294 0.431701 0.640000
vn -0.884372 0.466560 0.014442
f 1804//1804 1805//1805 1806//1806
v -0.838768 0.786540 0.284012 0.278294 0.431701 0.640000
vn -0.912251 0.408216 0.034014
v -0.746206 0.943434 0.883555 0.278294 0.431701 0.640000
vn -0.912251 0.408216 0.034014
v -0.767223 0.943434 0.319890 0.278294 0.431701 0.640000
vn -0.912251 0.408216 0.034014
f 1807//1807 1808//1808 1809//1809
v -0.838768 0.744047 1.114987 0.278294 0.431701 0.640000
vn -0.842563 0.536247 0.050272
v -0.833361 0.735449 1.297332 0.278294 0.431701 0.640000
vn -0.842563 0.536247 0.050272
v -0.718796 0.906339 1.394578 0.278294 0.431701 0.640000
vn -0.842563 0.536247 0.050272
f 1810//1810 1811//1811 1812//1812
v -0.838768 0.744047 1.114987 0.278294 0.431701 0.640000
vn -0.869557 0.485294 0.091432
v -0.718796 0.906339 1.394578 0.278294 0.431701 0.640000
vn -0.869557 0.485294 0.091432
v -0.734403 0.925579 1.144025 0.278294 0.431701 0.640000
vn -0.869557 0.485294 0.091432
f 1813//1813 1814//1814 1815//1815
v 0.000000 0.937309 0.990233 0.278294 0.431701 0.640000
vn -0.006016 0.874184 0.485557
v 0.000000 0.964488 0.941301 0.278294 0.431701 0.640000
vn -0.006016 0.874184 0.485557
v -0.459979 0.964488 0.935602 0.278294 0.431701 0.640000
vn -0.006016 0.874184 0.485557
f 1816//1816 1817//1817 1818//1818
v 0.000000 0.937309 0.990233 0.278294 0.431701 0.640000
vn -0.007052 0.870355 0.492374
v -0.459979 0.964488 0.935602 0.278294 0.431701 0.640000
vn -0.007052 0.870355 0.492374
v -0.451713 0.937309 0.983764 0.278294 0.431701 0.640000
vn -0.007052 0.870355 0.492374
f 1819//1819 1820//1820 1821//1821
v -0.752924 0.379608 -1.725069 0.278294 0.431701 0.640000
vn -0.266858 0.945033 0.188943
v -0.765474 0.379905 -1.744278 0.278294 0.431701 0.640000
vn -0.266858 0.945033 0.188943
v -0.769098 0.369876 -1.699236 0.278294 0.431701 0.640000
vn -0.266858 0.945033 0.188943
f 1822//1822 1823//1823 1824//1824
v -0.752924 0.379608 -1.725069 0.278294 0.431701 0.640000
vn -0.266904 0.945026 0.188912
v -0.769098 0.369876 -1.699236 0.278294 0.431701 0.640000
vn -0.266904 0.945026 0.188912
v -0.756548 0.369580 -1.680027 0.278294 0.431701 0.640000
vn -0.266904 0.945026 0.188912
f 1825//1825 1826//1826 1827//1827
v -0.832494 0.779208 0.905113 0.278294 0.431701 0.640000
vn -0.869428 0.490849 0.056239
v -0.838768 0.744047 1.114987 0.278294 0.431701 0.640000
vn -0.869428 0.490849 0.056239
v -0.734403 0.925579 1.144025 0.278294 0.431701 0.640000
vn -0.869428 0.490849 0.056239
f 1828//1828 1829//1829 1830//1830
v -0.832494 0.779208 0.905113 0.278294 0.431701 0.640000
vn -0.879009 0.471316 0.072140
v -0.734403 0.925579 1.144025 0.278294 0.431701 0.640000
vn -0.879009 0.471316 0.072140
v -0.746206 0.943434 0.883555 0.278294 0.431701 0.640000
vn -0.879009 0.471316 0.072140
f 1831//1831 1832//1832 1833//1833
v -0.746206 0.943434 0.883555 0.278294 0.431701 0.640000
vn -0.035061 0.996936 0.069928
v -0.734403 0.925579 1.144025 0.278294 0.431701 0.640000
vn -0.035061 0.996936 0.069928
v -0.433660 0.928778 1.249207 0.278294 0.431701 0.640000
vn -0.035061 0.996936 0.069928
f 1834//1834 1835//1835 1836//1836
v -0.746206 0.943434 0.883555 0.278294 0.431701 0.640000
vn 0.010090 0.999455 0.031435
v -0.433660 0.928778 1.249207 0.278294 0.431701 0.640000
vn 0.010090 0.999455 0.031435
v -0.451713 0.937309 0.983764 0.278294 0.431701 0.640000
vn 0.010090 0.999455 0.031435
f 1837//1837 1838//1838 1839//1839
v -0.832494 0.493992 0.897141 0.278294 0.431701 0.640000
vn -0.992727 0.063950 -0.101998
v -0.838768 0.499631 0.961746 0.278294 0.431701 0.640000
vn -0.992727 0.063950 -0.101998
v -0.838768 0.744047 1.114987 0.278294 0.431701 0.640000
vn -0.992727 0.063950 -0.101998
f 1840//1840 1841//1841 1842//1842
v -0.832494 0.493992 0.897141 0.278294 0.431701 0.640000
vn -0.999557 0.000831 -0.029744
v -0.838768 0.744047 1.114987 0.278294 0.431701 0.640000
vn -0.999557 0.000831 -0.029744
v -0.832494 0.779208 0.905113 0.278294 0.431701 0.640000
vn -0.999557 0.000831 -0.029744
f 1843//1843 1844//1844 1845//1845
v -0.838768 0.788289 -0.167115 0.278294 0.431701 0.640000
vn -0.908095 0.418765 0.000000
v -0.767223 0.943434 -0.188220 0.278294 0.431701 0.640000
vn -0.908095 0.418765 0.000000
v -0.767223 0.943434 -0.826395 0.278294 0.431701 0.640000
vn -0.908095 0.418765 0.000000
f 1846//1846 1847//1847 1848//1848
v -0.838768 0.788289 -0.167115 0.278294 0.431701 0.640000
vn -0.956956 0.287983 -0.036079
v -0.767223 0.943434 -0.826395 0.278294 0.431701 0.640000
vn -0.956956 0.287983 -0.036079
v -0.838768 0.715349 -0.749318 0.278294 0.431701 0.640000
vn -0.956956 0.287983 -0.036079
f 1849//1849 1850//1850 1851//1851
v -0.752924 0.339089 -1.731083 0.278294 0.431701 0.640000
vn 0.143799 -0.983570 -0.109143
v -0.765474 0.339386 -1.750291 0.278294 0.431701 0.640000
vn 0.143799 -0.983570 -0.109143
v -0.727823 0.370902 -1.984698 0.278294 0.431701 0.640000
vn 0.143799 -0.983570 -0.109143
f 1852//1852 1853//1853 1854//1854
v -0.817684 0.471297 -0.985961 0.278294 0.431701 0.640000
vn -0.997085 -0.013288 -0.075135
v -0.838768 0.499631 -0.711168 0.278294 0.431701 0.640000
vn -0.997085 -0.013288 -0.075135
v -0.838768 0.715349 -0.749318 0.278294 0.431701 0.640000
vn -0.997085 -0.013288 -0.075135
f 1855//1855 1856//1856 1857//1857
v -0.817684 0.471297 -0.985961 0.278294 0.431701 0.640000
vn -0.998003 -0.035651 -0.052153
v -0.838768 0.715349 -0.749318 0.278294 0.431701 0.640000
vn -0.998003 -0.035651 -0.052153
v -0.817684 0.636855 -1.099132 0.278294 0.431701 0.640000
vn -0.998003 -0.035651 -0.052153
f 1858//1858 1859//1859 1860//1860
v -0.689022 1.177574 -0.224330 0.278294 0.431701 0.640000
vn -0.944128 0.328762 0.023210
v -0.687235 1.184987 -0.256626 0.278294 0.431701 0.640000
vn -0.944128 0.328762 0.023210
v -0.757691 0.980260 -0.222724 0.278294 0.431701 0.640000
vn -0.944128 0.328762 0.023210
f 1861//1861 1862//1862 1863//1863
v -0.689022 1.177574 -0.224330 0.278294 0.431701 0.640000
vn -0.940356 0.327995 0.090280
v -0.757691 0.980260 -0.222724 0.278294 0.431701 0.640000
vn -0.940356 0.327995 0.090280
v -0.756662 0.975056 -0.193097 0.278294 0.431701 0.640000
vn -0.940356 0.327995 0.090280
f 1864//1864 1865//1865 1866//1866
v -0.838768 0.715349 -0.749318 0.278294 0.431701 0.640000
vn -0.958558 0.268241 -0.095984
v -0.767223 0.943434 -0.826395 0.278294 0.431701 0.640000
vn -0.958558 0.268241 -0.095984
v -0.730723 0.943434 -1.190913 0.278294 0.431701 0.640000
vn -0.958558 0.268241 -0.095984
f 1867//1867 1868//1868 1869//1869
v -0.838768 0.715349 -0.749318 0.278294 0.431701 0.640000
vn -0.964294 0.239999 -0.111974
v -0.730723 0.943434 -1.190913 0.278294 0.431701 0.640000
vn -0.964294 0.239999 -0.111974
v -0.817684 0.636855 -1.099132 0.278294 0.431701 0.640000
vn -0.964294 0.239999 -0.111974
f 1870//1870 1871//1871 1872//1872
v -0.746206 0.943434 0.883555 0.278294 0.431701 0.640000
vn 0.156038 0.779230 0.607004
v -0.710392 0.964488 0.847320 0.278294 0.431701 0.640000
vn 0.156038 0.779230 0.607004
v -0.639443 1.168747 0.566869 0.278294 0.431701 0.640000
vn 0.156038 0.779230 0.607004
f 1873//1873 1874//1874 1875//1875
v -0.746206 0.943434 0.883555 0.278294 0.431701 0.640000
vn -0.023224 0.818279 0.574352
v -0.639443 1.168747 0.566869 0.278294 0.431701 0.640000
vn -0.023224 0.818279 0.574352
v -0.665671 1.169166 0.565211 0.278294 0.431701 0.640000
vn -0.023224 0.818279 0.574352
f 1876//1876 1877//1877 1878//1878
v -0.838768 0.270267 -0.208512 0.278294 0.431701 0.640000
vn -1.000000 0.000000 0.000000
v -0.838768 0.270267 -0.711168 0.278294 0.431701 0.640000
vn -1.000000 0.000000 0.000000
v -0.838768 0.204286 -0.711168 0.278294 0.431701 0.640000
vn -1.000000 0.000000 0.000000
f 1879//1879 1880//1880 1881//1881
v -0.838768 0.270267 -0.208512 0.278294 0.431701 0.640000
vn -1.000000 0.000000 0.000000
v -0.838768 0.204286 -0.711168 0.278294 0.431701 0.640000
vn -1.000000 0.000000 0.000000
v -0.838768 0.204286 -0.218771 0.278294 0.431701 0.640000
vn -1.000000 0.000000 0.000000
f 1882//1882 1883//1883 1884//1884
v -0.838768 0.270267 -0.208512 0.278294 0.431701 0.640000
vn -1.000000 0.000000 0.000000
v -0.838768 0.204286 -0.218771 0.278294 0.431701 0.640000
vn -1.000000 0.000000 0.000000
v -0.838768 0.204286 0.207374 0.278294 0.431701 0.640000
vn -1.000000 0.000000 0.000000
f 1885//1885 1886//1886 1887//1887
v -0.838768 0.270267 -0.208512 0.278294 0.431701 0.640000
vn -1.000000 0.000000 0.000000
v -0.838768 0.204286 0.207374 0.278294 0.431701 0.640000
vn -1.000000 0.000000 0.000000
v -0.838768 0.270267 0.219433 0.278294 0.431701 0.640000
vn -1.000000 0.000000 0.000000
f 1888//1888 1889//1889 1890//1890
v -0.731752 0.207264 2.030569 0.278294 0.431701 0.640000
vn -0.938533 0.001265 0.345187
v -0.687081 0.205242 2.152033 0.278294 0.431701 0.640000
vn -0.938533 0.001265 0.345187
v -0.687007 0.271029 2.151992 0.278294 0.431701 0.640000
vn -0.938533 0.001265 0.345187
f 1891//1891 1892//1892 1893//1893
v -0.731752 0.207264 2.030569 0.278294 0.431701 0.640000
vn -0.938988 0.003986 0.343926
v -0.687007 0.271029 2.151992 0.278294 0.431701 0.640000
vn -0.938988 0.003986 0.343926
v -0.732736 0.272682 2.027124 0.278294 0.431701 0.640000
vn -0.938988 0.003986 0.343926
f 1894//1894 1895//1895 1896//1896
v -0.775403 0.657104 -1.549595 0.278294 0.431701 0.640000
vn -0.989469 -0.083524 -0.118215
v -0.774813 0.625174 -1.531975 0.278294 0.431701 0.640000
vn -0.989469 -0.083524 -0.118215
v -0.802022 0.676956 -1.340821 0.278294 0.431701 0.640000
vn -0.989469 -0.083524 -0.118215
f 1897//1897 1898//1898 1899//1899
v -0.775403 0.657104 -1.549595 0.278294 0.431701 0.640000
vn -0.991742 -0.036361 -0.122990
v -0.802022 0.676956 -1.340821 0.278294 0.431701 0.640000
vn -0.991742 -0.036361 -0.122990
v -0.804130 0.710963 -1.333879 0.278294 0.431701 0.640000
vn -0.991742 -0.036361 -0.122990
f 1900//1900 1901//1901 1902//1902
v -0.752924 0.458798 -1.699249 0.278294 0.431701 0.640000
vn -0.996517 0.037035 -0.074719
v -0.756548 0.453381 -1.653599 0.278294 0.431701 0.640000
vn -0.996517 0.037035 -0.074719
v -0.756548 0.518225 -1.621459 0.278294 0.431701 0.640000
vn -0.996517 0.037035 -0.074719
f 1903//1903 1904//1904 1905//1905
v -0.752924 0.458798 -1.699249 0.278294 0.431701 0.640000
vn -0.996221 0.040098 -0.077045
v -0.756548 0.518225 -1.621459 0.278294 0.431701 0.640000
vn -0.996221 0.040098 -0.077045
v -0.752924 0.541309 -1.656306 0.278294 0.431701 0.640000
vn -0.996221 0.040098 -0.077045
f 1906//1906 1907//1907 1908//1908
v -0.581720 1.414334 -0.279974 0.278294 0.431701 0.640000
vn -0.879552 0.440749 0.179247
v -0.601134 1.387251 -0.308641 0.278294 0.431701 0.640000
vn -0.879552 0.440749 0.179247
v -0.596833 1.380988 -0.272138 0.278294 0.431701 0.640000
vn -0.879552 0.440749 0.179247
f 1909//1909 1910//1910 1911//1911
v -0.804130 0.710963 -1.333879 0.278294 0.431701 0.640000
vn -0.950541 0.310170 -0.016294
v -0.730723 0.943434 -1.190913 0.278294 0.431701 0.640000
vn -0.950541 0.310170 -0.016294
v -0.702108 1.009464 -1.603277 0.278294 0.431701 0.640000
vn -0.950541 0.310170 -0.016294
f 1912//1912 1913//1913 1914//1914
v -0.804130 0.710963 -1.333879 0.278294 0.431701 0.640000
vn -0.969229 0.175280 -0.172834
v -0.702108 1.009464 -1.603277 0.278294 0.431701 0.640000
vn -0.969229 0.175280 -0.172834
v -0.775403 0.657104 -1.549595 0.278294 0.431701 0.640000
vn -0.969229 0.175280 -0.172834
f 1915//1915 1916//1916 1917//1917
v -0.358246 0.774813 2.128153 0.278294 0.431701 0.640000
vn -0.020813 0.704279 0.709618
v -0.375888 0.686148 2.215633 0.278294 0.431701 0.640000
vn -0.020813 0.704279 0.709618
v 0.000000 0.686148 2.226658 0.278294 0.431701 0.640000
vn -0.020813 0.704279 0.709618
f 1918//1918 1919//1919 1920//1920
v -0.358246 0.774813 2.128153 0.278294 0.431701 0.640000
vn -0.014447 0.716486 0.697451
v 0.000000 0.686148 2.226658 0.278294 0.431701 0.640000
vn -0.014447 0.716486 0.697451
v 0.000000 0.773054 2.137380 0.278294 0.431701 0.640000
vn -0.014447 0.716486 0.697451
f 1921//1921 1922//1922 1923//1923
v -0.769904 0.699541 1.904241 0.278294 0.431701 0.640000
vn -0.908425 0.272464 0.317059
v -0.723277 0.698650 2.038600 0.278294 0.431701 0.640000
vn -0.908425 0.272464 0.317059
v -0.696936 0.798320 2.028419 0.278294 0.431701 0.640000
vn -0.908425 0.272464 0.317059
f 1924//1924 1925//1925 1926//1926
v -0.696936 0.798320 2.028419 0.278294 0.431701 0.640000
vn -0.201856 0.647992 0.734412
v -0.678548 0.696862 2.122993 0.278294 0.431701 0.640000
vn -0.201856 0.647992 0.734412
v -0.375888 0.686148 2.215633 0.278294 0.431701 0.640000
vn -0.201856 0.647992 0.734412
f 1927//1927 1928//1928 1929//1929
v -0.696936 0.798320 2.028419 0.278294 0.431701 0.640000
vn -0.153363 0.709322 0.687999
v -0.375888 0.686148 2.215633 0.278294 0.431701 0.640000
vn -0.153363 0.709322 0.687999
v -0.358246 0.774813 2.128153 0.278294 0.431701 0.640000
vn -0.153363 0.709322 0.687999
f 1930//1930 1931//1931 1932//1932
v -0.375888 0.270267 2.278975 0.278294 0.431701 0.640000
vn -0.015719 0.000000 0.999876
v -0.270006 0.304923 2.280640 0.278294 0.431701 0.640000
vn -0.015719 0.000000 0.999876
v -0.270006 0.464977 2.280640 0.278294 0.431701 0.640000
vn -0.015719 0.000000 0.999876
f 1933//1933 1934//1934 1935//1935
v -0.375888 0.270267 2.278975 0.278294 0.431701 0.640000
vn -0.015719 0.000000 0.999876
v -0.270006 0.464977 2.280640 0.278294 0.431701 0.640000
vn -0.015719 0.000000 0.999876
v -0.375888 0.499631 2.278975 0.278294 0.431701 0.640000
vn -0.015719 0.000000 0.999876
f 1936//1936 1937//1937 1938//1938
v -0.756548 0.327988 -1.686182 0.278294 0.431701 0.640000
vn 0.294686 -0.932930 -0.206889
v -0.769098 0.328284 -1.705390 0.278294 0.431701 0.640000
vn 0.294686 -0.932930 -0.206889
v -0.765474 0.339386 -1.750291 0.278294 0.431701 0.640000
vn 0.294686 -0.932930 -0.206889
f 1939//1939 1940//1940 1941//1941
v -0.756548 0.327988 -1.686182 0.278294 0.431701 0.640000
vn 0.294579 -0.932965 -0.206880
v -0.765474 0.339386 -1.750291 0.278294 0.431701 0.640000
vn 0.294579 -0.932965 -0.206880
v -0.752924 0.339089 -1.731083 0.278294 0.431701 0.640000
vn 0.294579 -0.932965 -0.206880
f 1942//1942 1943//1943 1944//1944
v -0.375888 0.204286 -0.711168 0.278294 0.431701 0.640000
vn 0.000000 -1.000000 0.000000
v 0.000000 0.204286 -0.711168 0.278294 0.431701 0.640000
vn 0.000000 -1.000000 0.000000
v 0.000000 0.204286 -0.218771 0.278294 0.431701 0.640000
vn 0.000000 -1.000000 0.000000
f 1945//1945 1946//1946 1947//1947
v -0.375888 0.204286 -0.711168 0.278294 0.431701 0.640000
vn 0.000000 -1.000000 0.000000
v 0.000000 0.204286 -0.218771 0.278294 0.431701 0.640000
vn 0.000000 -1.000000 0.000000
v -0.375888 0.204286 -0.218771 0.278294 0.431701 0.640000
vn 0.000000 -1.000000 0.000000
f 1948//1948 1949//1949 1950//1950
v -0.838768 0.204286 -0.711168 0.278294 0.431701 0.640000
vn 0.000000 -1.000000 0.000000
v -0.607328 0.204286 -0.711168 0.278294 0.431701 0.640000
vn 0.000000 -1.000000 0.000000
v -0.607328 0.204286 -0.218771 0.278294 0.431701 0.640000
vn 0.000000 -1.000000 0.000000
f 1951//1951 1952//1952 1953//1953
v -0.838768 0.204286 -0.711168 0.278294 0.431701 0.640000
vn 0.000000 -1.000000 0.000000
v -0.607328 0.204286 -0.218771 0.278294 0.431701 0.640000
vn 0.000000 -1.000000 0.000000
v -0.838768 0.204286 -0.218771 0.278294 0.431701 0.640000
vn 0.000000 -1.000000 0.000000
f 1954//1954 1955//1955 1956//1956
v -0.607328 0.204286 -0.711168 0.278294 0.431701 0.640000
vn 0.000000 -1.000000 0.000000
v -0.375888 0.204286 -0.711168 0.278294 0.431701 0.640000
vn 0.000000 -1.000000 0.000000
v -0.375888 0.204286 -0.218771 0.278294 0.431701 0.640000
vn 0.000000 -1.000000 0.000000
f 1957//1957 1958//1958 1959//1959
v -0.607328 0.204286 -0.711168 0.278294 0.431701 0.640000
vn 0.000000 -1.000000 0.000000
v -0.375888 0.204286 -0.218771 0.278294 0.431701 0.640000
vn 0.000000 -1.000000 0.000000
v -0.607328 0.204286 -0.218771 0.278294 0.431701 0.640000
vn 0.000000 -1.000000 0.000000
f 1960//1960 1961//1961 1962//1962
v -0.375888 0.204286 -0.218771 0.278294 0.431701 0.640000
vn 0.000000 -1.000000 0.000000
v -0.375888 0.204286 0.340377 0.278294 0.431701 0.640000
vn 0.000000 -1.000000 0.000000
v -0.607328 0.204286 0.319890 0.278294 0.431701 0.640000
vn 0.000000 -1.000000 0.000000
f 1963//1963 1964//1964 1965//1965
v -0.375888 0.204286 -0.218771 0.278294 0.431701 0.640000
vn 0.000000 -1.000000 0.000000
v -0.607328 0.204286 0.319890 0.278294 0.431701 0.640000
vn 0.000000 -1.000000 0.000000
v -0.607328 0.204286 -0.218771 0.278294 0.431701 0.640000
vn 0.000000 -1.000000 0.000000
f 1966//1966 1967//1967 1968//1968
v -0.375888 0.204286 0.340377 0.278294 0.431701 0.640000
vn 0.000000 -1.000000 0.000000
v -0.375888 0.204286 0.813061 0.278294 0.431701 0.640000
vn 0.000000 -1.000000 0.000000
v -0.607328 0.204286 0.772087 0.278294 0.431701 0.640000
vn 0.000000 -1.000000 0.000000
f 1969//1969 1970//1970 1971//1971
v -0.375888 0.204286 0.340377 0.278294 0.431701 0.640000
vn 0.000000 -1.000000 0.000000
v -0.607328 0.204286 0.772087 0.278294 0.431701 0.640000
vn 0.000000 -1.000000 0.000000
v -0.607328 0.204286 0.319890 0.278294 0.431701 0.640000
vn 0.000000 -1.000000 0.000000
f 1972//1972 1973//1973 1974//1974
v 0.000000 0.204286 -0.218771 0.278294 0.431701 0.640000
vn 0.000000 -1.000000 0.000000
v 0.000000 0.204286 0.343611 0.278294 0.431701 0.640000
vn 0.000000 -1.000000 0.000000
v -0.375888 0.204286 0.340377 0.278294 0.431701 0.640000
vn 0.000000 -1.000000 0.000000
f 1975//1975 1976//1976 1977//1977
v 0.000000 0.204286 -0.218771 0.278294 0.431701 0.640000
vn 0.000000 -1.000000 0.000000
v -0.375888 0.204286 0.340377 0.278294 0.431701 0.640000
vn 0.000000 -1.000000 0.000000
v -0.375888 0.204286 -0.218771 0.278294 0.431701 0.640000
vn 0.000000 -1.000000 0.000000
f 1978//1978 1979//1979 1980//1980
v 0.000000 0.204286 0.343611 0.278294 0.431701 0.640000
vn 0.000000 -1.000000 0.000000
v 0.000000 0.204286 0.819530 0.278294 0.431701 0.640000
vn 0.000000 -1.000000 0.000000
v -0.375888 0.204286 0.813061 0.278294 0.431701 0.640000
vn 0.000000 -1.000000 0.000000
f 1981//1981 1982//1982 1983//1983
v 0.000000 0.204286 0.343611 0.278294 0.431701 0.640000
vn 0.000000 -1.000000 0.000000
v -0.375888 0.204286 0.813061 0.278294 0.431701 0.640000
vn 0.000000 -1.000000 0.000000
v -0.375888 0.204286 0.340377 0.278294 0.431701 0.640000
vn 0.000000 -1.000000 0.000000
f 1984//1984 1985//1985 1986//1986
v -0.607328 0.204286 -0.218771 0.278294 0.431701 0.640000
vn 0.000000 -1.000000 0.000000
v -0.607328 0.204286 0.319890 0.278294 0.431701 0.640000
vn 0.000000 -1.000000 0.000000
v -0.838768 0.204286 0.207374 0.278294 0.431701 0.640000
vn 0.000000 -1.000000 0.000000
f 1987//1987 1988//1988 1989//1989
v -0.607328 0.204286 -0.218771 0.278294 0.431701 0.640000
vn 0.000000 -1.000000 0.000000
v -0.838768 0.204286 0.207374 0.278294 0.431701 0.640000
vn 0.000000 -1.000000 0.000000
v -0.838768 0.204286 -0.218771 0.278294 0.431701 0.640000
vn 0.000000 -1.000000 0.000000
f 1990//1990 1991//1991 1992//1992
v -0.607328 0.204286 0.319890 0.278294 0.431701 0.640000
vn 0.000000 -1.000000 0.000000
v -0.607328 0.204286 0.772087 0.278294 0.431701 0.640000
vn 0.000000 -1.000000 0.000000
v -0.832494 0.204286 0.796147 0.278294 0.431701 0.640000
vn 0.000000 -1.000000 0.000000
f 1993//1993 1994//1994 1995//1995
v -0.607328 0.204286 0.319890 0.278294 0.431701 0.640000
vn 0.000000 -1.000000 0.000000
v -0.832494 0.204286 0.796147 0.278294 0.431701 0.640000
vn 0.000000 -1.000000 0.000000
v -0.838768 0.204286 0.207374 0.278294 0.431701 0.640000
vn 0.000000 -1.000000 0.000000
f 1996//1996 1997//1997 1998//1998
v -0.607328 0.204286 0.772087 0.278294 0.431701 0.640000
vn 0.000000 -0.999237 0.039066
v -0.607328 0.210241 0.924403 0.278294 0.431701 0.640000
vn 0.000000 -0.999237 0.039066
v -0.838768 0.210241 0.924403 0.278294 0.431701 0.640000
vn 0.000000 -0.999237 0.039066
f 1999//1999 2000//2000 2001//2001
v -0.607328 0.204286 0.772087 0.278294 0.431701 0.640000
vn 0.004982 -0.998900 0.046623
v -0.838768 0.210241 0.924403 0.278294 0.431701 0.640000
vn 0.004982 -0.998900 0.046623
v -0.832494 0.204286 0.796147 0.278294 0.431701 0.640000
vn 0.004982 -0.998900 0.046623
f 2002//2002 2003//2003 2004//2004
v 0.000000 0.204286 0.819530 0.278294 0.431701 0.640000
vn 0.000000 -0.998392 0.056692
v 0.000000 0.210241 0.924403 0.278294 0.431701 0.640000
vn 0.000000 -0.998392 0.056692
v -0.375888 0.210241 0.924403 0.278294 0.431701 0.640000
vn 0.000000 -0.998392 0.056692
f 2005//2005 2006//2006 2007//2007
v 0.000000 0.204286 0.819530 0.278294 0.431701 0.640000
vn -0.000919 -0.998572 0.053407
v -0.375888 0.210241 0.924403 0.278294 0.431701 0.640000
vn -0.000919 -0.998572 0.053407
v -0.375888 0.204286 0.813061 0.278294 0.431701 0.640000
vn -0.000919 -0.998572 0.053407
f 2008//2008 2009//2009 2010//2010
v -0.375888 0.204286 0.813061 0.278294 0.431701 0.640000
vn 0.000000 -0.998573 0.053407
v -0.375888 0.210241 0.924403 0.278294 0.431701 0.640000
vn 0.000000 -0.998573 0.053407
v -0.607328 0.210241 0.924403 0.278294 0.431701 0.640000
vn 0.000000 -0.998573 0.053407
f 2011//2011 2012//2012 2013//2013
v -0.375888 0.204286 0.813061 0.278294 0.431701 0.640000
vn -0.006916 -0.999213 0.039065
v -0.607328 0.210241 0.924403 0.278294 0.431701 0.640000
vn -0.006916 -0.999213 0.039065
v -0.607328 0.204286 0.772087 0.278294 0.431701 0.640000
vn -0.006916 -0.999213 0.039065
f 2014//2014 2015//2015 2016//2016
v -0.607328 0.212441 -0.940575 0.278294 0.431701 0.640000
vn 0.000000 -0.999369 -0.035526
v -0.375888 0.212441 -0.940575 0.278294 0.431701 0.640000
vn 0.000000 -0.999369 -0.035526
v -0.375888 0.204286 -0.711168 0.278294 0.431701 0.640000
vn 0.000000 -0.999369 -0.035526
f 2017//2017 2018//2018 2019//2019
v -0.607328 0.212441 -0.940575 0.278294 0.431701 0.640000
vn 0.000000 -0.999369 -0.035526
v -0.375888 0.204286 -0.711168 0.278294 0.431701 0.640000
vn 0.000000 -0.999369 -0.035526
v -0.607328 0.204286 -0.711168 0.278294 0.431701 0.640000
vn 0.000000 -0.999369 -0.035526
f 2020//2020 2021//2021 2022//2022
v -0.817684 0.212441 -0.940575 0.278294 0.431701 0.640000
vn 0.000000 -0.999369 -0.035526
v -0.607328 0.212441 -0.940575 0.278294 0.431701 0.640000
vn 0.000000 -0.999369 -0.035526
v -0.607328 0.204286 -0.711168 0.278294 0.431701 0.640000
vn 0.000000 -0.999369 -0.035526
f 2023//2023 2024//2024 2025//2025
v -0.817684 0.212441 -0.940575 0.278294 0.431701 0.640000
vn 0.000000 -0.999369 -0.035526
v -0.607328 0.204286 -0.711168 0.278294 0.431701 0.640000
vn 0.000000 -0.999369 -0.035526
v -0.838768 0.204286 -0.711168 0.278294 0.431701 0.640000
vn 0.000000 -0.999369 -0.035526
f 2026//2026 2027//2027 2028//2028
v -0.375888 0.212441 -0.940575 0.278294 0.431701 0.640000
vn 0.000000 -0.999369 -0.035526
v 0.000000 0.212441 -0.940575 0.278294 0.431701 0.640000
vn 0.000000 -0.999369 -0.035526
v 0.000000 0.204286 -0.711168 0.278294 0.431701 0.640000
vn 0.000000 -0.999369 -0.035526
f 2029//2029 2030//2030 2031//2031
v -0.375888 0.212441 -0.940575 0.278294 0.431701 0.640000
vn 0.000000 -0.999369 -0.035526
v 0.000000 0.204286 -0.711168 0.278294 0.431701 0.640000
vn 0.000000 -0.999369 -0.035526
v -0.375888 0.204286 -0.711168 0.278294 0.431701 0.640000
vn 0.000000 -0.999369 -0.035526
f 2032//2032 2033//2033 2034//2034
v -0.375888 0.255930 -1.200352 0.278294 0.431701 0.640000
vn 0.003683 -0.985387 -0.170292
v 0.000000 0.255930 -1.192224 0.278294 0.431701 0.640000
vn 0.003683 -0.985387 -0.170292
v 0.000000 0.212441 -0.940575 0.278294 0.431701 0.640000
vn 0.003683 -0.985387 -0.170292
f 2035//2035 2036//2036 2037//2037
v -0.375888 0.255930 -1.200352 0.278294 0.431701 0.640000
vn 0.000000 -0.986275 -0.165112
v 0.000000 0.212441 -0.940575 0.278294 0.431701 0.640000
vn 0.000000 -0.986275 -0.165112
v -0.375888 0.212441 -0.940575 0.278294 0.431701 0.640000
vn 0.000000 -0.986275 -0.165112
f 2038//2038 2039//2039 2040//2040
v -0.804130 0.710963 -1.333879 0.278294 0.431701 0.640000
vn -0.996246 -0.046892 -0.072762
v -0.802022 0.676956 -1.340821 0.278294 0.431701 0.640000
vn -0.996246 -0.046892 -0.072762
v -0.814060 0.610563 -1.133216 0.278294 0.431701 0.640000
vn -0.996246 -0.046892 -0.072762
f 2041//2041 2042//2042 2043//2043
v -0.804130 0.710963 -1.333879 0.278294 0.431701 0.640000
vn -0.996439 -0.044540 -0.071595
v -0.814060 0.610563 -1.133216 0.278294 0.431701 0.640000
vn -0.996439 -0.044540 -0.071595
v -0.817684 0.636855 -1.099132 0.278294 0.431701 0.640000
vn -0.996439 -0.044540 -0.071595
f 2044//2044 2045//2045 2046//2046
v -0.589821 0.255930 -1.176236 0.278294 0.431701 0.640000
vn -0.018610 -0.986104 -0.165084
v -0.375888 0.255930 -1.200352 0.278294 0.431701 0.640000
vn -0.018610 -0.986104 -0.165084
v -0.375888 0.212441 -0.940575 0.278294 0.431701 0.640000
vn -0.018610 -0.986104 -0.165084
f 2047//2047 2048//2048 2049//2049
v -0.589821 0.255930 -1.176236 0.278294 0.431701 0.640000
vn -0.016089 -0.985773 -0.167311
v -0.375888 0.212441 -0.940575 0.278294 0.431701 0.640000
vn -0.016089 -0.985773 -0.167311
v -0.604818 0.226031 -0.998632 0.278294 0.431701 0.640000
vn -0.016089 -0.985773 -0.167311
f 2050//2050 2051//2051 2052//2052
v -0.564406 0.348624 -1.748456 0.278294 0.431701 0.640000
vn -0.011058 -0.979759 -0.199873
v -0.375888 0.348624 -1.758886 0.278294 0.431701 0.640000
vn -0.011058 -0.979759 -0.199873
v -0.568906 0.335713 -1.684917 0.278294 0.431701 0.640000
vn -0.011058 -0.979759 -0.199873
f 2053//2053 2054//2054 2055//2055
v -0.838768 0.270267 -0.711168 0.278294 0.431701 0.640000
vn -0.995930 -0.006493 -0.089898
v -0.817684 0.272008 -0.944877 0.278294 0.431701 0.640000
vn -0.995930 -0.006493 -0.089898
v -0.817684 0.212441 -0.940575 0.278294 0.431701 0.640000
vn -0.995930 -0.006493 -0.089898
f 2056//2056 2057//2057 2058//2058
v -0.838768 0.270267 -0.711168 0.278294 0.431701 0.640000
vn -0.995803 0.000000 -0.091523
v -0.817684 0.212441 -0.940575 0.278294 0.431701 0.640000
vn -0.995803 0.000000 -0.091523
v -0.838768 0.204286 -0.711168 0.278294 0.431701 0.640000
vn -0.995803 0.000000 -0.091523
f 2059//2059 2060//2060 2061//2061
v -0.375888 0.348624 -1.758886 0.278294 0.431701 0.640000
vn -0.016295 -0.962583 -0.270496
v 0.000000 0.348624 -1.781529 0.278294 0.431701 0.640000
vn -0.016295 -0.962583 -0.270496
v 0.000000 0.307573 -1.635446 0.278294 0.431701 0.640000
vn -0.016295 -0.962583 -0.270496
f 2062//2062 2063//2063 2064//2064
v -0.375888 0.348624 -1.758886 0.278294 0.431701 0.640000
vn -0.011409 -0.958730 -0.284089
v 0.000000 0.307573 -1.635446 0.278294 0.431701 0.640000
vn -0.011409 -0.958730 -0.284089
v -0.375888 0.307573 -1.620350 0.278294 0.431701 0.640000
vn -0.011409 -0.958730 -0.284089
f 2065//2065 2066//2066 2067//2067
v -0.602915 0.210241 1.677510 0.278294 0.431701 0.640000
vn -0.011204 -0.999859 -0.012519
v -0.687081 0.205242 2.152033 0.278294 0.431701 0.640000
vn -0.011204 -0.999859 -0.012519
v -0.731752 0.207264 2.030569 0.278294 0.431701 0.640000
vn -0.011204 -0.999859 -0.012519
f 2068//2068 2069//2069 2070//2070
v -0.602915 0.210241 1.677510 0.278294 0.431701 0.640000
vn 0.000000 -0.999964 -0.008431
v -0.731752 0.207264 2.030569 0.278294 0.431701 0.640000
vn 0.000000 -0.999964 -0.008431
v -0.784418 0.210241 1.677510 0.278294 0.431701 0.640000
vn 0.000000 -0.999964 -0.008431
f 2071//2071 2072//2072 2073//2073
v 0.000000 0.210241 1.677510 0.278294 0.431701 0.640000
vn 0.000285 -0.999953 -0.009722
v 0.000000 0.204286 2.290000 0.278294 0.431701 0.640000
vn 0.000285 -0.999953 -0.009722
v -0.375888 0.204286 2.278975 0.278294 0.431701 0.640000
vn 0.000285 -0.999953 -0.009722
f 2074//2074 2075//2075 2076//2076
v 0.000000 0.210241 1.677510 0.278294 0.431701 0.640000
vn 0.000000 -0.999951 -0.009900
v -0.375888 0.204286 2.278975 0.278294 0.431701 0.640000
vn 0.000000 -0.999951 -0.009900
v -0.378893 0.210241 1.677510 0.278294 0.431701 0.640000
vn 0.000000 -0.999951 -0.009900
f 2077//2077 2078//2078 2079//2079
v -0.794842 0.499631 1.641036 0.278294 0.431701 0.640000
vn -0.990903 -0.043888 0.127221
v -0.769904 0.699541 1.904241 0.278294 0.431701 0.640000
vn -0.990903 -0.043888 0.127221
v -0.825172 0.703438 1.475112 0.278294 0.431701 0.640000
vn -0.990903 -0.043888 0.127221
f 2080//2080 2081//2081 2082//2082
v -0.794842 0.499631 1.641036 0.278294 0.431701 0.640000
vn -0.988513 -0.025878 0.148906
v -0.825172 0.703438 1.475112 0.278294 0.431701 0.640000
vn -0.988513 -0.025878 0.148906
v -0.824227 0.667357 1.475112 0.278294 0.431701 0.640000
vn -0.988513 -0.025878 0.148906
f 2083//2083 2084//2084 2085//2085
v -0.718796 0.906339 1.394578 0.278294 0.431701 0.640000
vn 0.002490 0.981922 0.189267
v -0.712225 0.873741 1.563611 0.278294 0.431701 0.640000
vn 0.002490 0.981922 0.189267
v -0.375888 0.853312 1.665171 0.278294 0.431701 0.640000
vn 0.002490 0.981922 0.189267
f 2086//2086 2087//2087 2088//2088
v -0.718796 0.906339 1.394578 0.278294 0.431701 0.640000
vn 0.042433 0.989230 0.140081
v -0.375888 0.853312 1.665171 0.278294 0.431701 0.640000
vn 0.042433 0.989230 0.140081
v -0.390147 0.892784 1.390750 0.278294 0.431701 0.640000
vn 0.042433 0.989230 0.140081
f 2089//2089 2090//2090 2091//2091
v -0.833361 0.735449 1.297332 0.278294 0.431701 0.640000
vn -0.856038 0.500419 0.129536
v -0.825172 0.703438 1.475112 0.278294 0.431701 0.640000
vn -0.856038 0.500419 0.129536
v -0.712225 0.873741 1.563611 0.278294 0.431701 0.640000
vn -0.856038 0.500419 0.129536
f 2092//2092 2093//2093 2094//2094
v -0.833361 0.735449 1.297332 0.278294 0.431701 0.640000
vn -0.856166 0.500148 0.129735
v -0.712225 0.873741 1.563611 0.278294 0.431701 0.640000
vn -0.856166 0.500148 0.129735
v -0.718796 0.906339 1.394578 0.278294 0.431701 0.640000
vn -0.856166 0.500148 0.129735
f 2095//2095 2096//2096 2097//2097
v -0.375888 0.853312 1.665171 0.278294 0.431701 0.640000
vn 0.000000 0.989813 0.142370
v 0.000000 0.853312 1.665171 0.278294 0.431701 0.640000
vn 0.000000 0.989813 0.142370
v 0.000000 0.892784 1.390750 0.278294 0.431701 0.640000
vn 0.000000 0.989813 0.142370
f 2098//2098 2099//2099 2100//2100
v -0.375888 0.853312 1.665171 0.278294 0.431701 0.640000
vn 0.000000 0.989813 0.142370
v 0.000000 0.892784 1.390750 0.278294 0.431701 0.640000
vn 0.000000 0.989813 0.142370
v -0.390147 0.892784 1.390750 0.278294 0.431701 0.640000
vn 0.000000 0.989813 0.142370
f 2101//2101 2102//2102 2103//2103
v -0.825172 0.703438 1.475112 0.278294 0.431701 0.640000
vn -0.998805 -0.026147 0.041299
v -0.833361 0.735449 1.297332 0.278294 0.431701 0.640000
vn -0.998805 -0.026147 0.041299
v -0.824227 0.667357 1.475112 0.278294 0.431701 0.640000
vn -0.998805 -0.026147 0.041299
f 2104//2104 2105//2105 2106//2106
v -0.824227 0.667357 1.475112 0.278294 0.431701 0.640000
vn -0.991834 -0.065529 0.109416
v -0.823545 0.608429 1.446009 0.278294 0.431701 0.640000
vn -0.991834 -0.065529 0.109416
v -0.798862 0.467547 1.585377 0.278294 0.431701 0.640000
vn -0.991834 -0.065529 0.109416
f 2107//2107 2108//2108 2109//2109
v -0.824227 0.667357 1.475112 0.278294 0.431701 0.640000
vn -0.991834 -0.065532 0.109410
v -0.798862 0.467547 1.585377 0.278294 0.431701 0.640000
vn -0.991834 -0.065532 0.109410
v -0.794842 0.499631 1.641036 0.278294 0.431701 0.640000
vn -0.991834 -0.065532 0.109410
f 2110//2110 2111//2111 2112//2112
v -0.838768 0.744047 1.114987 0.278294 0.431701 0.640000
vn -0.999014 -0.016432 0.041253
v -0.835758 0.614885 1.136428 0.278294 0.431701 0.640000
vn -0.999014 -0.016432 0.041253
v -0.829911 0.661221 1.296493 0.278294 0.431701 0.640000
vn -0.999014 -0.016432 0.041253
f 2113//2113 2114//2114 2115//2115
v -0.838768 0.744047 1.114987 0.278294 0.431701 0.640000
vn -0.998532 -0.046719 0.027409
v -0.829911 0.661221 1.296493 0.278294 0.431701 0.640000
vn -0.998532 -0.046719 0.027409
v -0.833361 0.735449 1.297332 0.278294 0.431701 0.640000
vn -0.998532 -0.046719 0.027409
f 2116//2116 2117//2117 2118//2118
v -0.838768 0.499631 0.961746 0.278294 0.431701 0.640000
vn -0.998798 -0.031197 0.037794
v -0.835758 0.467547 1.014806 0.278294 0.431701 0.640000
vn -0.998798 -0.031197 0.037794
v -0.835758 0.614885 1.136428 0.278294 0.431701 0.640000
vn -0.998798 -0.031197 0.037794
f 2119//2119 2120//2120 2121//2121
v -0.838768 0.499631 0.961746 0.278294 0.431701 0.640000
vn -0.999399 -0.018414 0.029370
v -0.835758 0.614885 1.136428 0.278294 0.431701 0.640000
vn -0.999399 -0.018414 0.029370
v -0.838768 0.744047 1.114987 0.278294 0.431701 0.640000
vn -0.999399 -0.018414 0.029370
f 2122//2122 2123//2123 2124//2124
v -0.833361 0.735449 1.297332 0.278294 0.431701 0.640000
vn -0.998570 -0.046705 0.026027
v -0.829911 0.661221 1.296493 0.278294 0.431701 0.640000
vn -0.998570 -0.046705 0.026027
v -0.823545 0.608429 1.446009 0.278294 0.431701 0.640000
vn -0.998570 -0.046705 0.026027
f 2125//2125 2126//2126 2127//2127
v -0.833361 0.735449 1.297332 0.278294 0.431701 0.640000
vn -0.998740 -0.031040 0.039421
v -0.823545 0.608429 1.446009 0.278294 0.431701 0.640000
vn -0.998740 -0.031040 0.039421
v -0.824227 0.667357 1.475112 0.278294 0.431701 0.640000
vn -0.998740 -0.031040 0.039421
f 2128//2128 2129//2129 2130//2130
v -0.838768 0.275098 0.934360 0.278294 0.431701 0.640000
vn -0.998753 -0.005140 0.049664
v -0.835758 0.269038 0.994262 0.278294 0.431701 0.640000
vn -0.998753 -0.005140 0.049664
v -0.835758 0.467547 1.014806 0.278294 0.431701 0.640000
vn -0.998753 -0.005140 0.049664
f 2131//2131 2132//2132 2133//2133
v -0.838768 0.275098 0.934360 0.278294 0.431701 0.640000
vn -0.998587 -0.006434 0.052755
v -0.835758 0.467547 1.014806 0.278294 0.431701 0.640000
vn -0.998587 -0.006434 0.052755
v -0.838768 0.499631 0.961746 0.278294 0.431701 0.640000
vn -0.998587 -0.006434 0.052755
f 2134//2134 2135//2135 2136//2136
v -0.791761 0.269038 1.610226 0.278294 0.431701 0.640000
vn 0.000000 -0.097950 -0.995191
v -0.603423 0.269038 1.610226 0.278294 0.431701 0.640000
vn 0.000000 -0.097950 -0.995191
v -0.601768 0.210241 1.616013 0.278294 0.431701 0.640000
vn 0.000000 -0.097950 -0.995191
f 2137//2137 2138//2138 2139//2139
v -0.791761 0.269038 1.610226 0.278294 0.431701 0.640000
vn 0.000000 -0.097950 -0.995191
v -0.601768 0.210241 1.616013 0.278294 0.431701 0.640000
vn 0.000000 -0.097950 -0.995191
v -0.790106 0.210241 1.616013 0.278294 0.431701 0.640000
vn 0.000000 -0.097950 -0.995191
f 2140//2140 2141//2141 2142//2142
v -0.823545 0.608429 1.446009 0.278294 0.431701 0.640000
vn 0.000000 -0.703277 -0.710915
v -0.635207 0.608429 1.446009 0.278294 0.431701 0.640000
vn 0.000000 -0.703277 -0.710915
v -0.610524 0.467547 1.585377 0.278294 0.431701 0.640000
vn 0.000000 -0.703277 -0.710915
f 2143//2143 2144//2144 2145//2145
v -0.823545 0.608429 1.446009 0.278294 0.431701 0.640000
vn 0.000000 -0.703277 -0.710915
v -0.610524 0.467547 1.585377 0.278294 0.431701 0.640000
vn 0.000000 -0.703277 -0.710915
v -0.798862 0.467547 1.585377 0.278294 0.431701 0.640000
vn 0.000000 -0.703277 -0.710915
f 2146//2146 2147//2147 2148//2148
v -0.835758 0.269038 0.994262 0.278294 0.431701 0.640000
vn 0.000000 -0.102939 0.994688
v -0.647420 0.269038 0.994262 0.278294 0.431701 0.640000
vn 0.000000 -0.102939 0.994688
v -0.647420 0.467547 1.014806 0.278294 0.431701 0.640000
vn 0.000000 -0.102939 0.994688
f 2149//2149 2150//2150 2151//2151
v -0.835758 0.269038 0.994262 0.278294 0.431701 0.640000
vn 0.000000 -0.102939 0.994688
v -0.647420 0.467547 1.014806 0.278294 0.431701 0.640000
vn 0.000000 -0.102939 0.994688
v -0.835758 0.467547 1.014806 0.278294 0.431701 0.640000
vn 0.000000 -0.102939 0.994688
f 2152//2152 2153//2153 2154//2154
v -0.835758 0.614885 1.136428 0.278294 0.431701 0.640000
vn 0.000000 -0.949147 0.314832
v -0.647420 0.614885 1.136428 0.278294 0.431701 0.640000
vn 0.000000 -0.949147 0.314832
v -0.661476 0.667979 1.296493 0.278294 0.431701 0.640000
vn 0.000000 -0.949147 0.314832
f 2155//2155 2156//2156 2157//2157
v -0.835758 0.614885 1.136428 0.278294 0.431701 0.640000
vn 0.038526 -0.960224 0.276559
v -0.661476 0.667979 1.296493 0.278294 0.431701 0.640000
vn 0.038526 -0.960224 0.276559
v -0.829911 0.661221 1.296493 0.278294 0.431701 0.640000
vn 0.038526 -0.960224 0.276559
f 2158//2158 2159//2159 2160//2160
v -0.829911 0.661221 1.296493 0.278294 0.431701 0.640000
vn 0.037157 -0.926122 -0.375390
v -0.661476 0.667979 1.296493 0.278294 0.431701 0.640000
vn 0.037157 -0.926122 -0.375390
v -0.635207 0.608429 1.446009 0.278294 0.431701 0.640000
vn 0.037157 -0.926122 -0.375390
f 2161//2161 2162//2162 2163//2163
v -0.829911 0.661221 1.296493 0.278294 0.431701 0.640000
vn 0.000000 -0.942947 -0.332943
v -0.635207 0.608429 1.446009 0.278294 0.431701 0.640000
vn 0.000000 -0.942947 -0.332943
v -0.823545 0.608429 1.446009 0.278294 0.431701 0.640000
vn 0.000000 -0.942947 -0.332943
f 2164//2164 2165//2165 2166//2166
v -0.835758 0.467547 1.014806 0.278294 0.431701 0.640000
vn 0.000000 -0.636595 0.771198
v -0.647420 0.467547 1.014806 0.278294 0.431701 0.640000
vn 0.000000 -0.636595 0.771198
v -0.647420 0.614885 1.136428 0.278294 0.431701 0.640000
vn 0.000000 -0.636595 0.771198
f 2167//2167 2168//2168 2169//2169
v -0.835758 0.467547 1.014806 0.278294 0.431701 0.640000
vn 0.000000 -0.636595 0.771198
v -0.647420 0.614885 1.136428 0.278294 0.431701 0.640000
vn 0.000000 -0.636595 0.771198
v -0.835758 0.614885 1.136428 0.278294 0.431701 0.640000
vn 0.000000 -0.636595 0.771198
f 2170//2170 2171//2171 2172//2172
v -0.603423 0.269038 1.610226 0.278294 0.431701 0.640000
vn -0.997535 -0.027610 0.064506
v -0.610524 0.467547 1.585377 0.278294 0.431701 0.640000
vn -0.997535 -0.027610 0.064506
v -0.647420 0.467547 1.014806 0.278294 0.431701 0.640000
vn -0.997535 -0.027610 0.064506
f 2173//2173 2174//2174 2175//2175
v -0.603423 0.269038 1.610226 0.278294 0.431701 0.640000
vn -0.997432 -0.007373 0.071245
v -0.647420 0.467547 1.014806 0.278294 0.431701 0.640000
vn -0.997432 -0.007373 0.071245
v -0.647420 0.269038 0.994262 0.278294 0.431701 0.640000
vn -0.997432 -0.007373 0.071245
f 2176//2176 2177//2177 2178//2178
v -0.635207 0.608429 1.446009 0.278294 0.431701 0.640000
vn -0.940170 -0.339380 0.030014
v -0.661476 0.667979 1.296493 0.278294 0.431701 0.640000
vn -0.940170 -0.339380 0.030014
v -0.647420 0.614885 1.136428 0.278294 0.431701 0.640000
vn -0.940170 -0.339380 0.030014
f 2179//2179 2180//2180 2181//2181
v -0.602915 0.210241 1.677510 0.278294 0.431701 0.640000
vn 0.000000 -1.000000 0.000000
v -0.784418 0.210241 1.677510 0.278294 0.431701 0.640000
vn 0.000000 -1.000000 0.000000
v -0.790106 0.210241 1.616013 0.278294 0.431701 0.640000
vn 0.000000 -1.000000 0.000000
f 2182//2182 2183//2183 2184//2184
v -0.602915 0.210241 1.677510 0.278294 0.431701 0.640000
vn 0.000000 -1.000000 0.000000
v -0.790106 0.210241 1.616013 0.278294 0.431701 0.640000
vn 0.000000 -1.000000 0.000000
v -0.601768 0.210241 1.616013 0.278294 0.431701 0.640000
vn 0.000000 -1.000000 0.000000
f 2185//2185 2186//2186 2187//2187
v -0.610524 0.467547 1.585377 0.278294 0.431701 0.640000
vn -0.989823 -0.137625 0.036181
v -0.635207 0.608429 1.446009 0.278294 0.431701 0.640000
vn -0.989823 -0.137625 0.036181
v -0.647420 0.614885 1.136428 0.278294 0.431701 0.640000
vn -0.989823 -0.137625 0.036181
f 2188//2188 2189//2189 2190//2190
v -0.610524 0.467547 1.585377 0.278294 0.431701 0.640000
vn -0.996503 -0.053192 0.064439
v -0.647420 0.614885 1.136428 0.278294 0.431701 0.640000
vn -0.996503 -0.053192 0.064439
v -0.647420 0.467547 1.014806 0.278294 0.431701 0.640000
vn -0.996503 -0.053192 0.064439
f 2191//2191 2192//2192 2193//2193
v -0.838768 0.210241 0.924403 0.278294 0.431701 0.640000
vn 0.000000 -1.000000 0.000000
v -0.607328 0.210241 0.924403 0.278294 0.431701 0.640000
vn 0.000000 -1.000000 0.000000
v -0.647420 0.210241 0.985899 0.278294 0.431701 0.640000
vn 0.000000 -1.000000 0.000000
f 2194//2194 2195//2195 2196//2196
v -0.838768 0.210241 0.924403 0.278294 0.431701 0.640000
vn 0.000000 -1.000000 0.000000
v -0.647420 0.210241 0.985899 0.278294 0.431701 0.640000
vn 0.000000 -1.000000 0.000000
v -0.835758 0.210241 0.985899 0.278294 0.431701 0.640000
vn 0.000000 -1.000000 0.000000
f 2197//2197 2198//2198 2199//2199
v -0.607328 0.210241 0.924403 0.278294 0.431701 0.640000
vn 0.000000 -1.000000 0.000000
v -0.375888 0.210241 0.924403 0.278294 0.431701 0.640000
vn 0.000000 -1.000000 0.000000
v -0.647420 0.210241 0.985899 0.278294 0.431701 0.640000
vn 0.000000 -1.000000 0.000000
f 2200//2200 2201//2201 2202//2202
v 0.000000 0.210241 0.924403 0.278294 0.431701 0.640000
vn 0.000000 -1.000000 0.000000
v 0.000000 0.210241 1.677510 0.278294 0.431701 0.640000
vn 0.000000 -1.000000 0.000000
v -0.378893 0.210241 1.677510 0.278294 0.431701 0.640000
vn 0.000000 -1.000000 0.000000
f 2203//2203 2204//2204 2205//2205
v 0.000000 0.210241 0.924403 0.278294 0.431701 0.640000
vn 0.000000 -1.000000 0.000000
v -0.378893 0.210241 1.677510 0.278294 0.431701 0.640000
vn 0.000000 -1.000000 0.000000
v -0.375888 0.210241 0.924403 0.278294 0.431701 0.640000
vn 0.000000 -1.000000 0.000000
f 2206//2206 2207//2207 2208//2208
v -0.378893 0.210241 1.677510 0.278294 0.431701 0.640000
vn 0.000000 -1.000000 0.000000
v -0.602915 0.210241 1.677510 0.278294 0.431701 0.640000
vn 0.000000 -1.000000 0.000000
v -0.601768 0.210241 1.616013 0.278294 0.431701 0.640000
vn 0.000000 -1.000000 0.000000
f 2209//2209 2210//2210 2211//2211
v -0.375888 0.210241 0.924403 0.278294 0.431701 0.640000
vn 0.000000 -1.000000 0.000000
v -0.378893 0.210241 1.677510 0.278294 0.431701 0.640000
vn 0.000000 -1.000000 0.000000
v -0.601768 0.210241 1.616013 0.278294 0.431701 0.640000
vn 0.000000 -1.000000 0.000000
f 2212//2212 2213//2213 2214//2214
v -0.375888 0.210241 0.924403 0.278294 0.431701 0.640000
vn 0.000000 -1.000000 0.000000
v -0.601768 0.210241 1.616013 0.278294 0.431701 0.640000
vn 0.000000 -1.000000 0.000000
v -0.647420 0.210241 0.985899 0.278294 0.431701 0.640000
vn 0.000000 -1.000000 0.000000
f 2215//2215 2216//2216 2217//2217
v -0.581720 1.414334 -0.279974 0.278294 0.431701 0.640000
vn -0.218221 0.973136 0.073388
v -0.579156 1.381122 0.168047 0.278294 0.431701 0.640000
vn -0.218221 0.973136 0.073388
v -0.376000 1.425134 0.188534 0.278294 0.431701 0.640000
vn -0.218221 0.973136 0.073388
f 2218//2218 2219//2219 2220//2220
v -0.581720 1.414334 -0.279974 0.278294 0.431701 0.640000
vn -0.216499 0.973578 0.072622
v -0.376000 1.425134 0.188534 0.278294 0.431701 0.640000
vn -0.216499 0.973578 0.072622
v -0.376000 1.460000 -0.278887 0.278294 0.431701 0.640000
vn -0.216499 0.973578 0.072622
f 2221//2221 2222//2222 2223//2223
v -0.451713 0.937309 0.983764 0.278294 0.431701 0.640000
vn -0.178611 0.843456 0.506636
v -0.459979 0.964488 0.935602 0.278294 0.431701 0.640000
vn -0.178611 0.843456 0.506636
v -0.710392 0.964488 0.847320 0.278294 0.431701 0.640000
vn -0.178611 0.843456 0.506636
f 2224//2224 2225//2225 2226//2226
v -0.451713 0.937309 0.983764 0.278294 0.431701 0.640000
vn -0.119852 0.905282 0.407553
v -0.710392 0.964488 0.847320 0.278294 0.431701 0.640000
vn -0.119852 0.905282 0.407553
v -0.746206 0.943434 0.883555 0.278294 0.431701 0.640000
vn -0.119852 0.905282 0.407553
f 2227//2227 2228//2228 2229//2229
v -0.665671 1.169166 0.565211 0.278294 0.431701 0.640000
vn -0.015242 0.885169 0.465019
v -0.639443 1.168747 0.566869 0.278294 0.431701 0.640000
vn -0.015242 0.885169 0.465019
v -0.559041 1.353944 0.216980 0.278294 0.431701 0.640000
vn -0.015242 0.885169 0.465019
f 2230//2230 2231//2231 2232//2232
v -0.665671 1.169166 0.565211 0.278294 0.431701 0.640000
vn 0.030389 0.879056 0.475748
v -0.559041 1.353944 0.216980 0.278294 0.431701 0.640000
vn 0.030389 0.879056 0.475748
v -0.579156 1.381122 0.168047 0.278294 0.431701 0.640000
vn 0.030389 0.879056 0.475748
f 2233//2233 2234//2234 2235//2235
v -0.581720 1.414334 -0.279974 0.278294 0.431701 0.640000
vn -0.214404 0.968822 -0.124158
v -0.376000 1.460000 -0.278887 0.278294 0.431701 0.640000
vn -0.214404 0.968822 -0.124158
v -0.376000 1.407171 -0.691121 0.278294 0.431701 0.640000
vn -0.214404 0.968822 -0.124158
f 2236//2236 2237//2237 2238//2238
v -0.581720 1.414334 -0.279974 0.278294 0.431701 0.640000
vn -0.186643 0.976205 -0.110397
v -0.376000 1.407171 -0.691121 0.278294 0.431701 0.640000
vn -0.186643 0.976205 -0.110397
v -0.586234 1.366862 -0.692127 0.278294 0.431701 0.640000
vn -0.186643 0.976205 -0.110397
f 2239//2239 2240//2240 2241//2241
v -0.376000 1.460000 -0.278887 0.278294 0.431701 0.640000
vn 0.000000 0.993836 -0.110859
v 0.000000 1.460000 -0.278887 0.278294 0.431701 0.640000
vn 0.000000 0.993836 -0.110859
v 0.000000 1.414017 -0.691121 0.278294 0.431701 0.640000
vn 0.000000 0.993836 -0.110859
f 2242//2242 2243//2243 2244//2244
v -0.376000 1.460000 -0.278887 0.278294 0.431701 0.640000
vn -0.018057 0.991726 -0.127094
v 0.000000 1.414017 -0.691121 0.278294 0.431701 0.640000
vn -0.018057 0.991726 -0.127094
v -0.376000 1.407171 -0.691121 0.278294 0.431701 0.640000
vn -0.018057 0.991726 -0.127094
f 2245//2245 2246//2246 2247//2247
v -0.586234 1.366862 -0.692127 0.278294 0.431701 0.640000
vn -0.171273 0.903115 -0.393761
v -0.376000 1.407171 -0.691121 0.278294 0.431701 0.640000
vn -0.171273 0.903115 -0.393761
v -0.376000 1.309565 -0.914986 0.278294 0.431701 0.640000
vn -0.171273 0.903115 -0.393761
f 2248//2248 2249//2249 2250//2250
v -0.586234 1.366862 -0.692127 0.278294 0.431701 0.640000
vn -0.005150 0.967308 -0.253552
v -0.376000 1.309565 -0.914986 0.278294 0.431701 0.640000
vn -0.005150 0.967308 -0.253552
v -0.602671 1.308423 -0.914737 0.278294 0.431701 0.640000
vn -0.005150 0.967308 -0.253552
f 2251//2251 2252//2252 2253//2253
v -0.376000 1.407171 -0.691121 0.278294 0.431701 0.640000
vn -0.016497 0.906088 -0.422767
v 0.000000 1.414017 -0.691121 0.278294 0.431701 0.640000
vn -0.016497 0.906088 -0.422767
v 0.000000 1.309565 -0.914986 0.278294 0.431701 0.640000
vn -0.016497 0.906088 -0.422767
f 2254//2254 2255//2255 2256//2256
v -0.376000 1.407171 -0.691121 0.278294 0.431701 0.640000
vn 0.000000 0.916660 -0.399667
v 0.000000 1.309565 -0.914986 0.278294 0.431701 0.640000
vn 0.000000 0.916660 -0.399667
v -0.376000 1.309565 -0.914986 0.278294 0.431701 0.640000
vn 0.000000 0.916660 -0.399667
f 2257//2257 2258//2258 2259//2259
v -0.602671 1.308423 -0.914737 0.278294 0.431701 0.640000
vn 0.014536 0.880655 -0.473535
v -0.526821 1.293530 -0.940106 0.278294 0.431701 0.640000
vn 0.014536 0.880655 -0.473535
v -0.617699 1.120598 -1.264506 0.278294 0.431701 0.640000
vn 0.014536 0.880655 -0.473535
f 2260//2260 2261//2261 2262//2262
v -0.602671 1.308423 -0.914737 0.278294 0.431701 0.640000
vn -0.030467 0.881145 -0.471864
v -0.617699 1.120598 -1.264506 0.278294 0.431701 0.640000
vn -0.030467 0.881145 -0.471864
v -0.657096 1.123959 -1.255685 0.278294 0.431701 0.640000
vn -0.030467 0.881145 -0.471864
f 2263//2263 2264//2264 2265//2265
v -0.730723 0.943434 -1.190913 0.278294 0.431701 0.640000
vn -0.868308 0.435996 -0.236534
v -0.725776 0.980260 -1.141195 0.278294 0.431701 0.640000
vn -0.868308 0.435996 -0.236534
v -0.675754 1.122472 -1.062687 0.278294 0.431701 0.640000
vn -0.868308 0.435996 -0.236534
f 2266//2266 2267//2267 2268//2268
v -0.730723 0.943434 -1.190913 0.278294 0.431701 0.640000
vn -0.949493 0.312427 -0.029196
v -0.675754 1.122472 -1.062687 0.278294 0.431701 0.640000
vn -0.949493 0.312427 -0.029196
v -0.673515 1.121989 -1.140686 0.278294 0.431701 0.640000
vn -0.949493 0.312427 -0.029196
f 2269//2269 2270//2270 2271//2271
v -0.579156 1.381122 0.168047 0.278294 0.431701 0.640000
vn -0.948694 0.311581 -0.053821
v -0.588716 1.349799 0.155217 0.278294 0.431701 0.640000
vn -0.948694 0.311581 -0.053821
v -0.668810 1.165956 0.502717 0.278294 0.431701 0.640000
vn -0.948694 0.311581 -0.053821
f 2272//2272 2273//2273 2274//2274
v -0.579156 1.381122 0.168047 0.278294 0.431701 0.640000
vn -0.908848 0.416421 0.024257
v -0.668810 1.165956 0.502717 0.278294 0.431701 0.640000
vn -0.908848 0.416421 0.024257
v -0.665671 1.169166 0.565211 0.278294 0.431701 0.640000
vn -0.908848 0.416421 0.024257
f 2275//2275 2276//2276 2277//2277
v 0.000000 1.032186 -2.097842 0.278294 0.431701 0.640000
vn -0.074120 0.378083 -0.922800
v 0.000000 0.739148 -2.217903 0.278294 0.431701 0.640000
vn -0.074120 0.378083 -0.922800
v -0.375888 0.739148 -2.187712 0.278294 0.431701 0.640000
vn -0.074120 0.378083 -0.922800
f 2278//2278 2279//2279 2280//2280
v 0.000000 1.032186 -2.097842 0.278294 0.431701 0.640000
vn -0.048900 0.349659 -0.935600
v -0.375888 0.739148 -2.187712 0.278294 0.431701 0.640000
vn -0.048900 0.349659 -0.935600
v -0.375888 1.032186 -2.078196 0.278294 0.431701 0.640000
vn -0.048900 0.349659 -0.935600
f 2281//2281 2282//2282 2283//2283
v -0.375888 1.032186 -2.078196 0.278294 0.431701 0.640000
vn -0.381216 0.315835 -0.868863
v -0.388390 0.943352 -2.105002 0.278294 0.431701 0.640000
vn -0.381216 0.315835 -0.868863
v -0.637233 0.940121 -1.996996 0.278294 0.431701 0.640000
vn -0.381216 0.315835 -0.868863
f 2284//2284 2285//2285 2286//2286
v -0.375888 1.032186 -2.078196 0.278294 0.431701 0.640000
vn -0.379019 0.305504 -0.873505
v -0.637233 0.940121 -1.996996 0.278294 0.431701 0.640000
vn -0.379019 0.305504 -0.873505
v -0.656288 1.032186 -1.956528 0.278294 0.431701 0.640000
vn -0.379019 0.305504 -0.873505
f 2287//2287 2288//2288 2289//2289
v -0.715273 0.686148 -1.972178 0.278294 0.431701 0.640000
vn -0.611728 0.027876 -0.790577
v -0.658293 0.806407 -2.012027 0.278294 0.431701 0.640000
vn -0.611728 0.027876 -0.790577
v -0.548361 0.776749 -2.098135 0.278294 0.431701 0.640000
vn -0.611728 0.027876 -0.790577
f 2290//2290 2291//2291 2292//2292
v -0.715273 0.686148 -1.972178 0.278294 0.431701 0.640000
vn -0.671320 0.286373 -0.683608
v -0.548361 0.776749 -2.098135 0.278294 0.431701 0.640000
vn -0.671320 0.286373 -0.683608
v -0.550098 0.733873 -2.114390 0.278294 0.431701 0.640000
vn -0.671320 0.286373 -0.683608
f 2293//2293 2294//2294 2295//2295
v 0.000000 0.964488 0.941301 0.278294 0.431701 0.640000
vn 0.011327 0.407708 -0.913042
v 0.000000 0.948270 0.934059 0.278294 0.431701 0.640000
vn 0.011327 0.407708 -0.913042
v -0.459472 0.948270 0.928359 0.278294 0.431701 0.640000
vn 0.011327 0.407708 -0.913042
f 2296//2296 2297//2297 2298//2298
v 0.000000 0.964488 0.941301 0.278294 0.431701 0.640000
vn 0.011311 0.408053 -0.912888
v -0.459472 0.948270 0.928359 0.278294 0.431701 0.640000
vn 0.011311 0.408053 -0.912888
v -0.459979 0.964488 0.935602 0.278294 0.431701 0.640000
vn 0.011311 0.408053 -0.912888
f 2299//2299 2300//2300 2301//2301
v -0.710392 0.964488 0.847320 0.278294 0.431701 0.640000
vn 0.977254 -0.060284 0.203323
v -0.709885 0.948270 0.840077 0.278294 0.431701 0.640000
vn 0.977254 -0.060284 0.203323
v -0.638935 1.152528 0.559626 0.278294 0.431701 0.640000
vn 0.977254 -0.060284 0.203323
f 2302//2302 2303//2303 2304//2304
v -0.710392 0.964488 0.847320 0.278294 0.431701 0.640000
vn 0.977251 -0.060237 0.203353
v -0.638935 1.152528 0.559626 0.278294 0.431701 0.640000
vn 0.977251 -0.060237 0.203353
v -0.639443 1.168747 0.566869 0.278294 0.431701 0.640000
vn 0.977251 -0.060237 0.203353
f 2305//2305 2306//2306 2307//2307
v -0.559041 1.353944 0.216980 0.278294 0.431701 0.640000
vn 0.008330 -0.407553 0.913143
v -0.558533 1.337726 0.209737 0.278294 0.431701 0.640000
vn 0.008330 -0.407553 0.913143
v -0.383745 1.381737 0.227785 0.278294 0.431701 0.640000
vn 0.008330 -0.407553 0.913143
f 2308//2308 2309//2309 2310//2310
v -0.559041 1.353944 0.216980 0.278294 0.431701 0.640000
vn 0.008330 -0.407553 0.913143
v -0.383745 1.381737 0.227785 0.278294 0.431701 0.640000
vn 0.008330 -0.407553 0.913143
v -0.384253 1.397956 0.235029 0.278294 0.431701 0.640000
vn 0.008330 -0.407553 0.913143
f 2311//2311 2312//2312 2313//2313
v -0.384253 1.397956 0.235029 0.278294 0.431701 0.640000
vn 0.015272 -0.407339 0.913149
v -0.383745 1.381737 0.227785 0.278294 0.431701 0.640000
vn 0.015272 -0.407339 0.913149
v 0.000000 1.402512 0.230635 0.278294 0.431701 0.640000
vn 0.015272 -0.407339 0.913149
f 2314//2314 2315//2315 2316//2316
v -0.384253 1.397956 0.235029 0.278294 0.431701 0.640000
vn 0.015274 -0.407737 0.912972
v 0.000000 1.402512 0.230635 0.278294 0.431701 0.640000
vn 0.015274 -0.407737 0.912972
v 0.000000 1.418731 0.237878 0.278294 0.431701 0.640000
vn 0.015274 -0.407737 0.912972
f 2317//2317 2318//2318 2319//2319
v -0.376000 1.425134 0.188534 0.278294 0.431701 0.640000
vn -0.050514 0.866102 0.497308
v -0.384253 1.397956 0.235029 0.278294 0.431701 0.640000
vn -0.050514 0.866102 0.497308
v 0.000000 1.418731 0.237878 0.278294 0.431701 0.640000
vn -0.050514 0.866102 0.497308
f 2320//2320 2321//2321 2322//2322
v -0.376000 1.425134 0.188534 0.278294 0.431701 0.640000
vn -0.051898 0.860325 0.507098
v 0.000000 1.418731 0.237878 0.278294 0.431701 0.640000
vn -0.051898 0.860325 0.507098
v 0.000000 1.445909 0.191769 0.278294 0.431701 0.640000
vn -0.051898 0.860325 0.507098
f 2323//2323 2324//2324 2325//2325
v -0.579156 1.381122 0.168047 0.278294 0.431701 0.640000
vn -0.257034 0.796118 0.547840
v -0.559041 1.353944 0.216980 0.278294 0.431701 0.640000
vn -0.257034 0.796118 0.547840
v -0.384253 1.397956 0.235029 0.278294 0.431701 0.640000
vn -0.257034 0.796118 0.547840
f 2326//2326 2327//2327 2328//2328
v -0.579156 1.381122 0.168047 0.278294 0.431701 0.640000
vn -0.232064 0.857140 0.459845
v -0.384253 1.397956 0.235029 0.278294 0.431701 0.640000
vn -0.232064 0.857140 0.459845
v -0.376000 1.425134 0.188534 0.278294 0.431701 0.640000
vn -0.232064 0.857140 0.459845
f 2329//2329 2330//2330 2331//2331
v -0.757663 0.968450 -0.142145 0.278294 0.431701 0.640000
vn 0.178676 0.089630 0.979817
v -0.750018 0.961348 -0.142890 0.278294 0.431701 0.640000
vn 0.178676 0.089630 0.979817
v -0.679526 1.166209 -0.174484 0.278294 0.431701 0.640000
vn 0.178676 0.089630 0.979817
f 2332//2332 2333//2333 2334//2334
v -0.757663 0.968450 -0.142145 0.278294 0.431701 0.640000
vn 0.178676 0.089630 0.979817
v -0.679526 1.166209 -0.174484 0.278294 0.431701 0.640000
vn 0.178676 0.089630 0.979817
v -0.687171 1.173312 -0.173740 0.278294 0.431701 0.640000
vn 0.178676 0.089630 0.979817
f 2335//2335 2336//2336 2337//2337
v -0.588716 1.349799 0.155217 0.278294 0.431701 0.640000
vn -0.623957 -0.622101 -0.472936
v -0.581071 1.342697 0.154473 0.278294 0.431701 0.640000
vn -0.623957 -0.622101 -0.472936
v -0.661165 1.158852 0.501973 0.278294 0.431701 0.640000
vn -0.623957 -0.622101 -0.472936
f 2338//2338 2339//2339 2340//2340
v -0.588716 1.349799 0.155217 0.278294 0.431701 0.640000
vn -0.624014 -0.622054 -0.472922
v -0.661165 1.158852 0.501973 0.278294 0.431701 0.640000
vn -0.624014 -0.622054 -0.472922
v -0.668810 1.165956 0.502717 0.278294 0.431701 0.640000
vn -0.624014 -0.622054 -0.472922
f 2341//2341 2342//2342 2343//2343
v -0.581720 1.414334 -0.279974 0.278294 0.431701 0.640000
vn -0.923904 0.380362 0.041553
v -0.595583 1.374359 -0.222296 0.278294 0.431701 0.640000
vn -0.923904 0.380362 0.041553
v -0.588716 1.349799 0.155217 0.278294 0.431701 0.640000
vn -0.923904 0.380362 0.041553
f 2344//2344 2345//2345 2346//2346
v -0.581720 1.414334 -0.279974 0.278294 0.431701 0.640000
vn -0.959082 0.281897 0.026386
v -0.588716 1.349799 0.155217 0.278294 0.431701 0.640000
vn -0.959082 0.281897 0.026386
v -0.579156 1.381122 0.168047 0.278294 0.431701 0.640000
vn -0.959082 0.281897 0.026386
f 2347//2347 2348//2348 2349//2349
v -0.689022 1.177574 -0.224330 0.278294 0.431701 0.640000
vn -0.901462 0.427326 0.068984
v -0.687171 1.173312 -0.173740 0.278294 0.431701 0.640000
vn -0.901462 0.427326 0.068984
v -0.595583 1.374359 -0.222296 0.278294 0.431701 0.640000
vn -0.901462 0.427326 0.068984
f 2350//2350 2351//2351 2352//2352
v -0.689022 1.177574 -0.224330 0.278294 0.431701 0.640000
vn -0.900806 0.426908 0.079363
v -0.595583 1.374359 -0.222296 0.278294 0.431701 0.640000
vn -0.900806 0.426908 0.079363
v -0.596833 1.380988 -0.272138 0.278294 0.431701 0.640000
vn -0.900806 0.426908 0.079363
f 2353//2353 2354//2354 2355//2355
v -0.601134 1.387251 -0.308641 0.278294 0.431701 0.640000
vn -0.127480 -0.198429 -0.971789
v -0.594474 1.379066 -0.307844 0.278294 0.431701 0.640000
vn -0.127480 -0.198429 -0.971789
v -0.679792 1.178882 -0.255776 0.278294 0.431701 0.640000
vn -0.127480 -0.198429 -0.971789
f 2356//2356 2357//2357 2358//2358
v -0.601134 1.387251 -0.308641 0.278294 0.431701 0.640000
vn -0.069796 -0.220484 -0.972890
v -0.679792 1.178882 -0.255776 0.278294 0.431701 0.640000
vn -0.069796 -0.220484 -0.972890
v -0.687235 1.184987 -0.256626 0.278294 0.431701 0.640000
vn -0.069796 -0.220484 -0.972890
f 2359//2359 2360//2360 2361//2361
v -0.675754 1.122472 -1.062687 0.278294 0.431701 0.640000
vn -0.549118 -0.586570 0.595319
v -0.668311 1.116366 -1.061837 0.278294 0.431701 0.640000
vn -0.549118 -0.586570 0.595319
v -0.623604 1.280149 -0.859224 0.278294 0.431701 0.640000
vn -0.549118 -0.586570 0.595319
f 2362//2362 2363//2363 2364//2364
v -0.675754 1.122472 -1.062687 0.278294 0.431701 0.640000
vn -0.618385 -0.536491 0.574262
v -0.623604 1.280149 -0.859224 0.278294 0.431701 0.640000
vn -0.618385 -0.536491 0.574262
v -0.630539 1.287761 -0.859580 0.278294 0.431701 0.640000
vn -0.618385 -0.536491 0.574262
f 2365//2365 2366//2366 2367//2367
v -0.673515 1.121989 -1.140686 0.278294 0.431701 0.640000
vn -0.954425 0.297016 -0.029242
v -0.675754 1.122472 -1.062687 0.278294 0.431701 0.640000
vn -0.954425 0.297016 -0.029242
v -0.630539 1.287761 -0.859580 0.278294 0.431701 0.640000
vn -0.954425 0.297016 -0.029242
f 2368//2368 2369//2369 2370//2370
v -0.673515 1.121989 -1.140686 0.278294 0.431701 0.640000
vn -0.808956 0.552106 -0.201912
v -0.630539 1.287761 -0.859580 0.278294 0.431701 0.640000
vn -0.808956 0.552106 -0.201912
v -0.602671 1.308423 -0.914737 0.278294 0.431701 0.640000
vn -0.808956 0.552106 -0.201912
f 2371//2371 2372//2372 2373//2373
v -0.602671 1.308423 -0.914737 0.278294 0.431701 0.640000
vn -0.733055 0.669579 -0.119557
v -0.630539 1.287761 -0.859580 0.278294 0.431701 0.640000
vn -0.733055 0.669579 -0.119557
v -0.627234 1.311848 -0.744946 0.278294 0.431701 0.640000
vn -0.733055 0.669579 -0.119557
f 2374//2374 2375//2375 2376//2376
v -0.602671 1.308423 -0.914737 0.278294 0.431701 0.640000
vn -0.737320 0.664787 -0.120077
v -0.627234 1.311848 -0.744946 0.278294 0.431701 0.640000
vn -0.737320 0.664787 -0.120077
v -0.586234 1.366862 -0.692127 0.278294 0.431701 0.640000
vn -0.737320 0.664787 -0.120077
f 2377//2377 2378//2378 2379//2379
v -0.586234 1.366862 -0.692127 0.278294 0.431701 0.640000
vn -0.723903 0.686867 -0.064645
v -0.624934 1.328614 -0.665153 0.278294 0.431701 0.640000
vn -0.723903 0.686867 -0.064645
v -0.601134 1.387251 -0.308641 0.278294 0.431701 0.640000
vn -0.723903 0.686867 -0.064645
f 2380//2380 2381//2381 2382//2382
v -0.586234 1.366862 -0.692127 0.278294 0.431701 0.640000
vn -0.778105 0.624921 -0.063457
v -0.601134 1.387251 -0.308641 0.278294 0.431701 0.640000
vn -0.778105 0.624921 -0.063457
v -0.581720 1.414334 -0.279974 0.278294 0.431701 0.640000
vn -0.778105 0.624921 -0.063457
f 2383//2383 2384//2384 2385//2385
v -0.575514 0.307573 -1.583689 0.278294 0.431701 0.640000
vn -0.022407 -0.992276 -0.122011
v -0.375888 0.307573 -1.620350 0.278294 0.431701 0.640000
vn -0.022407 -0.992276 -0.122011
v -0.375888 0.255930 -1.200352 0.278294 0.431701 0.640000
vn -0.022407 -0.992276 -0.122011
f 2386//2386 2387//2387 2388//2388
v -0.575514 0.307573 -1.583689 0.278294 0.431701 0.640000
vn -0.014229 -0.991900 -0.126219
v -0.375888 0.255930 -1.200352 0.278294 0.431701 0.640000
vn -0.014229 -0.991900 -0.126219
v -0.589821 0.255930 -1.176236 0.278294 0.431701 0.640000
vn -0.014229 -0.991900 -0.126219
f 2389//2389 2390//2390 2391//2391
v -0.817684 0.636855 -1.099132 0.278294 0.431701 0.640000
vn -0.996468 -0.048383 -0.068634
v -0.814060 0.610563 -1.133216 0.278294 0.431701 0.640000
vn -0.996468 -0.048383 -0.068634
v -0.814060 0.465881 -1.031223 0.278294 0.431701 0.640000
vn -0.996468 -0.048383 -0.068634
f 2392//2392 2393//2393 2394//2394
v -0.817684 0.636855 -1.099132 0.278294 0.431701 0.640000
vn -0.996005 -0.050394 -0.073721
v -0.814060 0.465881 -1.031223 0.278294 0.431701 0.640000
vn -0.996005 -0.050394 -0.073721
v -0.817684 0.471297 -0.985961 0.278294 0.431701 0.640000
vn -0.996005 -0.050394 -0.073721
f 2395//2395 2396//2396 2397//2397
v -0.375888 0.307573 -1.620350 0.278294 0.431701 0.640000
vn -0.004648 -0.993269 -0.115733
v 0.000000 0.307573 -1.635446 0.278294 0.431701 0.640000
vn -0.004648 -0.993269 -0.115733
v 0.000000 0.255930 -1.192224 0.278294 0.431701 0.640000
vn -0.004648 -0.993269 -0.115733
f 2398//2398 2399//2399 2400//2400
v -0.375888 0.307573 -1.620350 0.278294 0.431701 0.640000
vn 0.002639 -0.992522 -0.122041
v 0.000000 0.255930 -1.192224 0.278294 0.431701 0.640000
vn 0.002639 -0.992522 -0.122041
v -0.375888 0.255930 -1.200352 0.278294 0.431701 0.640000
vn 0.002639 -0.992522 -0.122041
f 2401//2401 2402//2402 2403//2403
v -0.817684 0.636855 -1.099132 0.278294 0.431701 0.640000
vn -0.958809 0.282048 0.033680
v -0.730723 0.943434 -1.190913 0.278294 0.431701 0.640000
vn -0.958809 0.282048 0.033680
v -0.804130 0.710963 -1.333879 0.278294 0.431701 0.640000
vn -0.958809 0.282048 0.033680
f 2404//2404 2405//2405 2406//2406
v -0.752924 0.541309 -1.656306 0.278294 0.431701 0.640000
vn -0.988975 -0.053299 -0.138161
v -0.756548 0.518225 -1.621459 0.278294 0.431701 0.640000
vn -0.988975 -0.053299 -0.138161
v -0.774813 0.625174 -1.531975 0.278294 0.431701 0.640000
vn -0.988975 -0.053299 -0.138161
f 2407//2407 2408//2408 2409//2409
v -0.752924 0.541309 -1.656306 0.278294 0.431701 0.640000
vn -0.989511 -0.083385 -0.117962
v -0.774813 0.625174 -1.531975 0.278294 0.431701 0.640000
vn -0.989511 -0.083385 -0.117962
v -0.775403 0.657104 -1.549595 0.278294 0.431701 0.640000
vn -0.989511 -0.083385 -0.117962
f 2410//2410 2411//2411 2412//2412
v -0.752924 0.379608 -1.725069 0.278294 0.431701 0.640000
vn -0.996907 0.023637 -0.074950
v -0.756548 0.369580 -1.680027 0.278294 0.431701 0.640000
vn -0.996907 0.023637 -0.074950
v -0.756548 0.453381 -1.653599 0.278294 0.431701 0.640000
vn -0.996907 0.023637 -0.074950
f 2413//2413 2414//2414 2415//2415
v -0.752924 0.379608 -1.725069 0.278294 0.431701 0.640000
vn -0.996784 0.024842 -0.076187
v -0.756548 0.453381 -1.653599 0.278294 0.431701 0.640000
vn -0.996784 0.024842 -0.076187
v -0.752924 0.458798 -1.699249 0.278294 0.431701 0.640000
vn -0.996784 0.024842 -0.076187
f 2416//2416 2417//2417 2418//2418
v -0.376000 1.309565 -0.914986 0.278294 0.431701 0.640000
vn -0.022446 0.898367 -0.438672
v -0.379249 1.297068 -0.940412 0.278294 0.431701 0.640000
vn -0.022446 0.898367 -0.438672
v -0.526821 1.293530 -0.940106 0.278294 0.431701 0.640000
vn -0.022446 0.898367 -0.438672
f 2419//2419 2420//2420 2421//2421
v -0.376000 1.309565 -0.914986 0.278294 0.431701 0.640000
vn -0.004878 0.855932 -0.517065
v -0.526821 1.293530 -0.940106 0.278294 0.431701 0.640000
vn -0.004878 0.855932 -0.517065
v -0.602671 1.308423 -0.914737 0.278294 0.431701 0.640000
vn -0.004878 0.855932 -0.517065
f 2422//2422 2423//2423 2424//2424
v -0.702108 1.009464 -1.603277 0.278294 0.431701 0.640000
vn -0.018748 0.989254 -0.145002
v -0.638256 1.037320 -1.421494 0.278294 0.431701 0.640000
vn -0.018748 0.989254 -0.145002
v -0.374197 1.037320 -1.455635 0.278294 0.431701 0.640000
vn -0.018748 0.989254 -0.145002
f 2425//2425 2426//2426 2427//2427
v -0.702108 1.009464 -1.603277 0.278294 0.431701 0.640000
vn -0.016775 0.988654 -0.149271
v -0.374197 1.037320 -1.455635 0.278294 0.431701 0.640000
vn -0.016775 0.988654 -0.149271
v -0.375888 1.009464 -1.639938 0.278294 0.431701 0.640000
vn -0.016775 0.988654 -0.149271
f 2428//2428 2429//2429 2430//2430
v -0.375888 0.389674 -2.240601 0.278294 0.431701 0.640000
vn -0.006715 -0.996476 -0.083606
v 0.000000 0.389674 -2.270792 0.278294 0.431701 0.640000
vn -0.006715 -0.996476 -0.083606
v 0.000000 0.348624 -1.781529 0.278294 0.431701 0.640000
vn -0.006715 -0.996476 -0.083606
f 2431//2431 2432//2432 2433//2433
v -0.375888 0.389674 -2.240601 0.278294 0.431701 0.640000
vn -0.005115 -0.996376 -0.084907
v 0.000000 0.348624 -1.781529 0.278294 0.431701 0.640000
vn -0.005115 -0.996376 -0.084907
v -0.375888 0.348624 -1.758886 0.278294 0.431701 0.640000
vn -0.005115 -0.996376 -0.084907
f 2434//2434 2435//2435 2436//2436
v -0.673515 1.121989 -1.140686 0.278294 0.431701 0.640000
vn -0.873256 0.473112 -0.116572
v -0.602671 1.308423 -0.914737 0.278294 0.431701 0.640000
vn -0.873256 0.473112 -0.116572
v -0.657096 1.123959 -1.255685 0.278294 0.431701 0.640000
vn -0.873256 0.473112 -0.116572
f 2437//2437 2438//2438 2439//2439
v -0.673515 1.121989 -1.140686 0.278294 0.431701 0.640000
vn -0.942541 0.324427 -0.079776
v -0.676758 1.047541 -1.405125 0.278294 0.431701 0.640000
vn -0.942541 0.324427 -0.079776
v -0.730723 0.943434 -1.190913 0.278294 0.431701 0.640000
vn -0.942541 0.324427 -0.079776
f 2440//2440 2441//2441 2442//2442
v -0.727823 0.370902 -1.984698 0.278294 0.431701 0.640000
vn 0.005090 -0.995235 -0.097371
v -0.550098 0.389674 -2.167279 0.278294 0.431701 0.640000
vn 0.005090 -0.995235 -0.097371
v -0.564406 0.348624 -1.748456 0.278294 0.431701 0.640000
vn 0.005090 -0.995235 -0.097371
f 2443//2443 2444//2444 2445//2445
v -0.550098 0.389674 -2.167279 0.278294 0.431701 0.640000
vn -0.035713 -0.995753 -0.084854
v -0.375888 0.389674 -2.240601 0.278294 0.431701 0.640000
vn -0.035713 -0.995753 -0.084854
v -0.375888 0.348624 -1.758886 0.278294 0.431701 0.640000
vn -0.035713 -0.995753 -0.084854
f 2446//2446 2447//2447 2448//2448
v -0.550098 0.389674 -2.167279 0.278294 0.431701 0.640000
vn -0.005407 -0.995199 -0.097726
v -0.375888 0.348624 -1.758886 0.278294 0.431701 0.640000
vn -0.005407 -0.995199 -0.097726
v -0.564406 0.348624 -1.748456 0.278294 0.431701 0.640000
vn -0.005407 -0.995199 -0.097726
f 2449//2449 2450//2450 2451//2451
v -0.715273 0.499631 -1.965489 0.278294 0.431701 0.640000
vn -0.989276 0.067429 -0.129561
v -0.752924 0.458798 -1.699249 0.278294 0.431701 0.640000
vn -0.989276 0.067429 -0.129561
v -0.752924 0.541309 -1.656306 0.278294 0.431701 0.640000
vn -0.989276 0.067429 -0.129561
f 2452//2452 2453//2453 2454//2454
v -0.715273 0.499631 -1.965489 0.278294 0.431701 0.640000
vn -0.992727 -0.004314 -0.120310
v -0.752924 0.541309 -1.656306 0.278294 0.431701 0.640000
vn -0.992727 -0.004314 -0.120310
v -0.715273 0.686148 -1.972178 0.278294 0.431701 0.640000
vn -0.992727 -0.004314 -0.120310
f 2455//2455 2456//2456 2457//2457
v -0.727823 0.370902 -1.984698 0.278294 0.431701 0.640000
vn 0.053565 -0.997292 -0.050397
v -0.562649 0.389971 -2.186487 0.278294 0.431701 0.640000
vn 0.053565 -0.997292 -0.050397
v -0.550098 0.389674 -2.167279 0.278294 0.431701 0.640000
vn 0.053565 -0.997292 -0.050397
f 2458//2458 2459//2459 2460//2460
v -0.564406 0.348624 -1.748456 0.278294 0.431701 0.640000
vn 0.039061 -0.991937 -0.120559
v -0.752924 0.339089 -1.731083 0.278294 0.431701 0.640000
vn 0.039061 -0.991937 -0.120559
v -0.727823 0.370902 -1.984698 0.278294 0.431701 0.640000
vn 0.039061 -0.991937 -0.120559
f 2461//2461 2462//2462 2463//2463
v -0.756548 0.453381 -1.653599 0.278294 0.431701 0.640000
vn -0.017083 -0.412809 0.910657
v -0.576350 0.442671 -1.655074 0.278294 0.431701 0.640000
vn -0.017083 -0.412809 0.910657
v -0.580198 0.518225 -1.620896 0.278294 0.431701 0.640000
vn -0.017083 -0.412809 0.910657
f 2464//2464 2465//2465 2466//2466
v -0.756548 0.453381 -1.653599 0.278294 0.431701 0.640000
vn -0.002856 -0.444096 0.895974
v -0.580198 0.518225 -1.620896 0.278294 0.431701 0.640000
vn -0.002856 -0.444096 0.895974
v -0.756548 0.518225 -1.621459 0.278294 0.431701 0.640000
vn -0.002856 -0.444096 0.895974
f 2467//2467 2468//2468 2469//2469
v -0.814060 0.610563 -1.133216 0.278294 0.431701 0.640000
vn -0.002379 -0.482554 -0.875863
v -0.604752 0.610563 -1.133784 0.278294 0.431701 0.640000
vn -0.002379 -0.482554 -0.875863
v -0.608734 0.425793 -1.031975 0.278294 0.431701 0.640000
vn -0.002379 -0.482554 -0.875863
f 2470//2470 2471//2471 2472//2472
v -0.814060 0.610563 -1.133216 0.278294 0.431701 0.640000
vn -0.114723 -0.572367 -0.811933
v -0.608734 0.425793 -1.031975 0.278294 0.431701 0.640000
vn -0.114723 -0.572367 -0.811933
v -0.814060 0.465881 -1.031223 0.278294 0.431701 0.640000
vn -0.114723 -0.572367 -0.811933
f 2473//2473 2474//2474 2475//2475
v -0.802022 0.676956 -1.340821 0.278294 0.431701 0.640000
vn -0.000242 -0.952301 -0.305159
v -0.595543 0.676950 -1.340965 0.278294 0.431701 0.640000
vn -0.000242 -0.952301 -0.305159
v -0.604752 0.610563 -1.133784 0.278294 0.431701 0.640000
vn -0.000242 -0.952301 -0.305159
f 2476//2476 2477//2477 2478//2478
v -0.802022 0.676956 -1.340821 0.278294 0.431701 0.640000
vn -0.000828 -0.952463 -0.304653
v -0.604752 0.610563 -1.133784 0.278294 0.431701 0.640000
vn -0.000828 -0.952463 -0.304653
v -0.814060 0.610563 -1.133216 0.278294 0.431701 0.640000
vn -0.000828 -0.952463 -0.304653
f 2479//2479 2480//2480 2481//2481
v -0.774813 0.625174 -1.531975 0.278294 0.431701 0.640000
vn -0.000388 -0.965078 0.261962
v -0.586334 0.625174 -1.531696 0.278294 0.431701 0.640000
vn -0.000388 -0.965078 0.261962
v -0.595543 0.676950 -1.340965 0.278294 0.431701 0.640000
vn -0.000388 -0.965078 0.261962
f 2482//2482 2483//2483 2484//2484
v -0.774813 0.625174 -1.531975 0.278294 0.431701 0.640000
vn 0.000154 -0.965207 0.261489
v -0.595543 0.676950 -1.340965 0.278294 0.431701 0.640000
vn 0.000154 -0.965207 0.261489
v -0.802022 0.676956 -1.340821 0.278294 0.431701 0.640000
vn 0.000154 -0.965207 0.261489
f 2485//2485 2486//2486 2487//2487
v -0.814060 0.282856 -0.996806 0.278294 0.431701 0.640000
vn -0.023146 -0.053145 -0.998319
v -0.605558 0.275132 -1.001229 0.278294 0.431701 0.640000
vn -0.023146 -0.053145 -0.998319
v -0.604818 0.226031 -0.998632 0.278294 0.431701 0.640000
vn -0.023146 -0.053145 -0.998319
f 2488//2488 2489//2489 2490//2490
v -0.814060 0.282856 -0.996806 0.278294 0.431701 0.640000
vn -0.022175 -0.049562 -0.998525
v -0.604818 0.226031 -0.998632 0.278294 0.431701 0.640000
vn -0.022175 -0.049562 -0.998525
v -0.814060 0.226256 -0.993997 0.278294 0.431701 0.640000
vn -0.022175 -0.049562 -0.998525
f 2491//2491 2492//2492 2493//2493
v -0.756548 0.369580 -1.680027 0.278294 0.431701 0.640000
vn -0.008100 -0.305141 0.952273
v -0.570312 0.368274 -1.678862 0.278294 0.431701 0.640000
vn -0.008100 -0.305141 0.952273
v -0.576350 0.442671 -1.655074 0.278294 0.431701 0.640000
vn -0.008100 -0.305141 0.952273
f 2494//2494 2495//2495 2496//2496
v -0.756548 0.369580 -1.680027 0.278294 0.431701 0.640000
vn -0.010071 -0.300752 0.953649
v -0.576350 0.442671 -1.655074 0.278294 0.431701 0.640000
vn -0.010071 -0.300752 0.953649
v -0.756548 0.453381 -1.653599 0.278294 0.431701 0.640000
vn -0.010071 -0.300752 0.953649
f 2497//2497 2498//2498 2499//2499
v -0.756548 0.518225 -1.621459 0.278294 0.431701 0.640000
vn -0.002448 -0.640587 0.767882
v -0.580198 0.518225 -1.620896 0.278294 0.431701 0.640000
vn -0.002448 -0.640587 0.767882
v -0.586334 0.625174 -1.531696 0.278294 0.431701 0.640000
vn -0.002448 -0.640587 0.767882
f 2500//2500 2501//2501 2502//2502
v -0.756548 0.518225 -1.621459 0.278294 0.431701 0.640000
vn -0.001135 -0.641816 0.766857
v -0.586334 0.625174 -1.531696 0.278294 0.431701 0.640000
vn -0.001135 -0.641816 0.766857
v -0.774813 0.625174 -1.531975 0.278294 0.431701 0.640000
vn -0.001135 -0.641816 0.766857
f 2503//2503 2504//2504 2505//2505
v -0.570312 0.368274 -1.678862 0.278294 0.431701 0.640000
vn -0.996224 -0.042280 -0.075835
v -0.577243 0.345450 -1.575085 0.278294 0.431701 0.640000
vn -0.996224 -0.042280 -0.075835
v -0.584668 0.454127 -1.538141 0.278294 0.431701 0.640000
vn -0.996224 -0.042280 -0.075835
f 2506//2506 2507//2507 2508//2508
v -0.570312 0.368274 -1.678862 0.278294 0.431701 0.640000
vn -0.996078 -0.060066 -0.064969
v -0.584668 0.454127 -1.538141 0.278294 0.431701 0.640000
vn -0.996078 -0.060066 -0.064969
v -0.576350 0.442671 -1.655074 0.278294 0.431701 0.640000
vn -0.996078 -0.060066 -0.064969
f 2509//2509 2510//2510 2511//2511
v -0.604752 0.610563 -1.133784 0.278294 0.431701 0.640000
vn -0.998899 -0.006469 -0.046473
v -0.595543 0.676950 -1.340965 0.278294 0.431701 0.640000
vn -0.998899 -0.006469 -0.046473
v -0.586334 0.625174 -1.531696 0.278294 0.431701 0.640000
vn -0.998899 -0.006469 -0.046473
f 2512//2512 2513//2513 2514//2514
v -0.608734 0.425793 -1.031975 0.278294 0.431701 0.640000
vn -0.998460 0.003458 -0.055363
v -0.602729 0.483624 -1.136656 0.278294 0.431701 0.640000
vn -0.998460 0.003458 -0.055363
v -0.602291 0.454127 -1.146398 0.278294 0.431701 0.640000
vn -0.998460 0.003458 -0.055363
f 2515//2515 2516//2516 2517//2517
v -0.580198 0.518225 -1.620896 0.278294 0.431701 0.640000
vn -0.998891 -0.023096 -0.041028
v -0.585569 0.567924 -1.518101 0.278294 0.431701 0.640000
vn -0.998891 -0.023096 -0.041028
v -0.586334 0.625174 -1.531696 0.278294 0.431701 0.640000
vn -0.998891 -0.023096 -0.041028
f 2518//2518 2519//2519 2520//2520
v -0.607328 0.212441 -0.940575 0.278294 0.431701 0.640000
vn 0.000000 -0.968152 -0.250363
v -0.817684 0.212441 -0.940575 0.278294 0.431701 0.640000
vn 0.000000 -0.968152 -0.250363
v -0.814060 0.226256 -0.993997 0.278294 0.431701 0.640000
vn 0.000000 -0.968152 -0.250363
f 2521//2521 2522//2522 2523//2523
v -0.607328 0.212441 -0.940575 0.278294 0.431701 0.640000
vn -0.006100 -0.973603 -0.228166
v -0.814060 0.226256 -0.993997 0.278294 0.431701 0.640000
vn -0.006100 -0.973603 -0.228166
v -0.604818 0.226031 -0.998632 0.278294 0.431701 0.640000
vn -0.006100 -0.973603 -0.228166
f 2524//2524 2525//2525 2526//2526
v -0.756548 0.327988 -1.686182 0.278294 0.431701 0.640000
vn 0.027189 -0.970922 -0.237847
v -0.752924 0.339089 -1.731083 0.278294 0.431701 0.640000
vn 0.027189 -0.970922 -0.237847
v -0.564406 0.348624 -1.748456 0.278294 0.431701 0.640000
vn 0.027189 -0.970922 -0.237847
f 2527//2527 2528//2528 2529//2529
v -0.756548 0.327988 -1.686182 0.278294 0.431701 0.640000
vn 0.041653 -0.979693 -0.196127
v -0.564406 0.348624 -1.748456 0.278294 0.431701 0.640000
vn 0.041653 -0.979693 -0.196127
v -0.568906 0.335713 -1.684917 0.278294 0.431701 0.640000
vn 0.041653 -0.979693 -0.196127
f 2530//2530 2531//2531 2532//2532
v -0.375888 0.212441 -0.940575 0.278294 0.431701 0.640000
vn 0.000000 -0.973680 -0.227921
v -0.607328 0.212441 -0.940575 0.278294 0.431701 0.640000
vn 0.000000 -0.973680 -0.227921
v -0.604818 0.226031 -0.998632 0.278294 0.431701 0.640000
vn 0.000000 -0.973680 -0.227921
f 2533//2533 2534//2534 2535//2535
v -0.375888 0.348624 -1.758886 0.278294 0.431701 0.640000
vn -0.052105 -0.957490 -0.283722
v -0.375888 0.307573 -1.620350 0.278294 0.431701 0.640000
vn -0.052105 -0.957490 -0.283722
v -0.575514 0.307573 -1.583689 0.278294 0.431701 0.640000
vn -0.052105 -0.957490 -0.283722
f 2536//2536 2537//2537 2538//2538
v -0.375888 0.348624 -1.758886 0.278294 0.431701 0.640000
vn -0.039113 -0.962068 -0.269991
v -0.575514 0.307573 -1.583689 0.278294 0.431701 0.640000
vn -0.039113 -0.962068 -0.269991
v -0.568906 0.335713 -1.684917 0.278294 0.431701 0.640000
vn -0.039113 -0.962068 -0.269991
f 2539//2539 2540//2540 2541//2541
v -0.602729 0.483624 -1.136656 0.278294 0.431701 0.640000
vn -0.998990 0.000002 -0.044941
v -0.585569 0.567924 -1.518101 0.278294 0.431701 0.640000
vn -0.998990 0.000002 -0.044941
v -0.584668 0.454127 -1.538141 0.278294 0.431701 0.640000
vn -0.998990 0.000002 -0.044941
f 2542//2542 2543//2543 2544//2544
v -0.602729 0.483624 -1.136656 0.278294 0.431701 0.640000
vn -0.998990 0.000008 -0.044942
v -0.584668 0.454127 -1.538141 0.278294 0.431701 0.640000
vn -0.998990 0.000008 -0.044942
v -0.602291 0.454127 -1.146398 0.278294 0.431701 0.640000
vn -0.998990 0.000008 -0.044942
f 2545//2545 2546//2546 2547//2547
v -0.602729 0.483624 -1.136656 0.278294 0.431701 0.640000
vn -0.997768 -0.014427 -0.065204
v -0.608734 0.425793 -1.031975 0.278294 0.431701 0.640000
vn -0.997768 -0.014427 -0.065204
v -0.604752 0.610563 -1.133784 0.278294 0.431701 0.640000
vn -0.997768 -0.014427 -0.065204
f 2548//2548 2549//2549 2550//2550
v -0.592177 0.303562 -1.170599 0.278294 0.431701 0.640000
vn -0.995634 -0.038355 -0.085097
v -0.605558 0.275132 -1.001229 0.278294 0.431701 0.640000
vn -0.995634 -0.038355 -0.085097
v -0.608734 0.425793 -1.031975 0.278294 0.431701 0.640000
vn -0.995634 -0.038355 -0.085097
f 2551//2551 2552//2552 2553//2553
v -0.592177 0.303562 -1.170599 0.278294 0.431701 0.640000
vn -0.996001 -0.055676 -0.069868
v -0.608734 0.425793 -1.031975 0.278294 0.431701 0.640000
vn -0.996001 -0.055676 -0.069868
v -0.602291 0.454127 -1.146398 0.278294 0.431701 0.640000
vn -0.996001 -0.055676 -0.069868
f 2554//2554 2555//2555 2556//2556
v -0.585569 0.567924 -1.518101 0.278294 0.431701 0.640000
vn -0.998767 -0.034886 -0.035321
v -0.580198 0.518225 -1.620896 0.278294 0.431701 0.640000
vn -0.998767 -0.034886 -0.035321
v -0.576350 0.442671 -1.655074 0.278294 0.431701 0.640000
vn -0.998767 -0.034886 -0.035321
f 2557//2557 2558//2558 2559//2559
v -0.585569 0.567924 -1.518101 0.278294 0.431701 0.640000
vn -0.997436 0.004676 -0.071409
v -0.576350 0.442671 -1.655074 0.278294 0.431701 0.640000
vn -0.997436 0.004676 -0.071409
v -0.584668 0.454127 -1.538141 0.278294 0.431701 0.640000
vn -0.997436 0.004676 -0.071409
f 2560//2560 2561//2561 2562//2562
v -0.585569 0.567924 -1.518101 0.278294 0.431701 0.640000
vn -0.998727 -0.014827 -0.048207
v -0.602729 0.483624 -1.136656 0.278294 0.431701 0.640000
vn -0.998727 -0.014827 -0.048207
v -0.604752 0.610563 -1.133784 0.278294 0.431701 0.640000
vn -0.998727 -0.014827 -0.048207
f 2563//2563 2564//2564 2565//2565
v -0.585569 0.567924 -1.518101 0.278294 0.431701 0.640000
vn -0.998588 -0.024539 -0.047122
v -0.604752 0.610563 -1.133784 0.278294 0.431701 0.640000
vn -0.998588 -0.024539 -0.047122
v -0.586334 0.625174 -1.531696 0.278294 0.431701 0.640000
vn -0.998588 -0.024539 -0.047122
f 2566//2566 2567//2567 2568//2568
v -0.577243 0.345450 -1.575085 0.278294 0.431701 0.640000
vn -0.997266 -0.060073 -0.043041
v -0.592177 0.303562 -1.170599 0.278294 0.431701 0.640000
vn -0.997266 -0.060073 -0.043041
v -0.602291 0.454127 -1.146398 0.278294 0.431701 0.640000
vn -0.997266 -0.060073 -0.043041
f 2569//2569 2570//2570 2571//2571
v -0.577243 0.345450 -1.575085 0.278294 0.431701 0.640000
vn -0.997591 -0.052897 -0.044879
v -0.602291 0.454127 -1.146398 0.278294 0.431701 0.640000
vn -0.997591 -0.052897 -0.044879
v -0.584668 0.454127 -1.538141 0.278294 0.431701 0.640000
vn -0.997591 -0.052897 -0.044879
f 2572//2572 2573//2573 2574//2574
v -0.639443 1.168747 0.566869 0.278294 0.431701 0.640000
vn 0.979155 -0.056493 0.195102
v -0.638935 1.152528 0.559626 0.278294 0.431701 0.640000
vn 0.979155 -0.056493 0.195102
v -0.558533 1.337726 0.209737 0.278294 0.431701 0.640000
vn 0.979155 -0.056493 0.195102
f 2575//2575 2576//2576 2577//2577
v -0.639443 1.168747 0.566869 0.278294 0.431701 0.640000
vn 0.979155 -0.056493 0.195102
v -0.558533 1.337726 0.209737 0.278294 0.431701 0.640000
vn 0.979155 -0.056493 0.195102
v -0.559041 1.353944 0.216980 0.278294 0.431701 0.640000
vn 0.979155 -0.056493 0.195102
f 2578//2578 2579//2579 2580//2580
v -0.459979 0.964488 0.935602 0.278294 0.431701 0.640000
vn 0.305269 0.396252 -0.865907
v -0.459472 0.948270 0.928359 0.278294 0.431701 0.640000
vn 0.305269 0.396252 -0.865907
v -0.709885 0.948270 0.840077 0.278294 0.431701 0.640000
vn 0.305269 0.396252 -0.865907
f 2581//2581 2582//2582 2583//2583
v -0.459979 0.964488 0.935602 0.278294 0.431701 0.640000
vn 0.305269 0.396252 -0.865907
v -0.709885 0.948270 0.840077 0.278294 0.431701 0.640000
vn 0.305269 0.396252 -0.865907
v -0.710392 0.964488 0.847320 0.278294 0.431701 0.640000
vn 0.305269 0.396252 -0.865907
f 2584//2584 2585//2585 2586//2586
v -0.687171 1.173312 -0.173740 0.278294 0.431701 0.640000
vn 0.220125 0.135692 0.965988
v -0.679526 1.166209 -0.174484 0.278294 0.431701 0.640000
vn 0.220125 0.135692 0.965988
v -0.588842 1.365128 -0.223091 0.278294 0.431701 0.640000
vn 0.220125 0.135692 0.965988
f 2587//2587 2588//2588 2589//2589
v -0.687171 1.173312 -0.173740 0.278294 0.431701 0.640000
vn 0.264694 0.110777 0.957949
v -0.588842 1.365128 -0.223091 0.278294 0.431701 0.640000
vn 0.264694 0.110777 0.957949
v -0.595583 1.374359 -0.222296 0.278294 0.431701 0.640000
vn 0.264694 0.110777 0.957949
f 2590//2590 2591//2591 2592//2592
v -0.595583 1.374359 -0.222296 0.278294 0.431701 0.640000
vn -0.808169 -0.588666 -0.018340
v -0.588842 1.365128 -0.223091 0.278294 0.431701 0.640000
vn -0.808169 -0.588666 -0.018340
v -0.581071 1.342697 0.154473 0.278294 0.431701 0.640000
vn -0.808169 -0.588666 -0.018340
f 2593//2593 2594//2594 2595//2595
v -0.595583 1.374359 -0.222296 0.278294 0.431701 0.640000
vn -0.682058 -0.730455 -0.035113
v -0.581071 1.342697 0.154473 0.278294 0.431701 0.640000
vn -0.682058 -0.730455 -0.035113
v -0.588716 1.349799 0.155217 0.278294 0.431701 0.640000
vn -0.682058 -0.730455 -0.035113
f 2596//2596 2597//2597 2598//2598
v -0.668810 1.165956 0.502717 0.278294 0.431701 0.640000
vn -0.592390 -0.578876 -0.560335
v -0.661165 1.158852 0.501973 0.278294 0.431701 0.640000
vn -0.592390 -0.578876 -0.560335
v -0.731629 0.961348 0.780508 0.278294 0.431701 0.640000
vn -0.592390 -0.578876 -0.560335
f 2599//2599 2600//2600 2601//2601
v -0.668810 1.165956 0.502717 0.278294 0.431701 0.640000
vn -0.592382 -0.578883 -0.560338
v -0.731629 0.961348 0.780508 0.278294 0.431701 0.640000
vn -0.592382 -0.578883 -0.560338
v -0.739274 0.968450 0.781253 0.278294 0.431701 0.640000
vn -0.592382 -0.578883 -0.560338
f 2602//2602 2603//2603 2604//2604
v -0.674164 1.135373 -0.805333 0.278294 0.431701 0.640000
vn 0.261137 0.249632 -0.932465
v -0.680989 1.140092 -0.805981 0.278294 0.431701 0.640000
vn 0.261137 0.249632 -0.932465
v -0.627234 1.311848 -0.744946 0.278294 0.431701 0.640000
vn 0.261137 0.249632 -0.932465
f 2605//2605 2606//2606 2607//2607
v -0.674164 1.135373 -0.805333 0.278294 0.431701 0.640000
vn 0.262700 0.249113 -0.932165
v -0.627234 1.311848 -0.744946 0.278294 0.431701 0.640000
vn 0.262700 0.249113 -0.932165
v -0.620458 1.303785 -0.745191 0.278294 0.431701 0.640000
vn 0.262700 0.249113 -0.932165
f 2608//2608 2609//2609 2610//2610
v -0.757691 0.980260 -0.805347 0.278294 0.431701 0.640000
vn -0.899880 0.431599 -0.062753
v -0.682993 1.146602 -0.732458 0.278294 0.431701 0.640000
vn -0.899880 0.431599 -0.062753
v -0.680989 1.140092 -0.805981 0.278294 0.431701 0.640000
vn -0.899880 0.431599 -0.062753
f 2611//2611 2612//2612 2613//2613
v -0.757691 0.980260 -0.805347 0.278294 0.431701 0.640000
vn -0.898400 0.430799 -0.085376
v -0.680989 1.140092 -0.805981 0.278294 0.431701 0.640000
vn -0.898400 0.430799 -0.085376
v -0.750985 0.980260 -0.875919 0.278294 0.431701 0.640000
vn -0.898400 0.430799 -0.085376
f 2614//2614 2615//2615 2616//2616
v -0.624934 1.328614 -0.665153 0.278294 0.431701 0.640000
vn -0.767469 -0.622483 0.153321
v -0.618246 1.320418 -0.664949 0.278294 0.431701 0.640000
vn -0.767469 -0.622483 0.153321
v -0.594474 1.379066 -0.307844 0.278294 0.431701 0.640000
vn -0.767469 -0.622483 0.153321
f 2617//2617 2618//2618 2619//2619
v -0.624934 1.328614 -0.665153 0.278294 0.431701 0.640000
vn -0.773779 -0.614758 0.152768
v -0.594474 1.379066 -0.307844 0.278294 0.431701 0.640000
vn -0.773779 -0.614758 0.152768
v -0.601134 1.387251 -0.308641 0.278294 0.431701 0.640000
vn -0.773779 -0.614758 0.152768
f 2620//2620 2621//2621 2622//2622
v -0.687235 1.184987 -0.256626 0.278294 0.431701 0.640000
vn -0.016689 -0.157753 -0.987338
v -0.679792 1.178882 -0.255776 0.278294 0.431701 0.640000
vn -0.016689 -0.157753 -0.987338
v -0.750249 0.974155 -0.221875 0.278294 0.431701 0.640000
vn -0.016689 -0.157753 -0.987338
f 2623//2623 2624//2624 2625//2625
v -0.687235 1.184987 -0.256626 0.278294 0.431701 0.640000
vn -0.016689 -0.157753 -0.987338
v -0.750249 0.974155 -0.221875 0.278294 0.431701 0.640000
vn -0.016689 -0.157753 -0.987338
v -0.757691 0.980260 -0.222724 0.278294 0.431701 0.640000
vn -0.016689 -0.157753 -0.987338
f 2626//2626 2627//2627 2628//2628
v -0.725776 0.980260 -1.141195 0.278294 0.431701 0.640000
vn -0.378603 -0.341685 0.860181
v -0.718333 0.974155 -1.140344 0.278294 0.431701 0.640000
vn -0.378603 -0.341685 0.860181
v -0.668311 1.116366 -1.061837 0.278294 0.431701 0.640000
vn -0.378603 -0.341685 0.860181
f 2629//2629 2630//2630 2631//2631
v -0.725776 0.980260 -1.141195 0.278294 0.431701 0.640000
vn -0.378518 -0.341731 0.860200
v -0.668311 1.116366 -1.061837 0.278294 0.431701 0.640000
vn -0.378518 -0.341731 0.860200
v -0.675754 1.122472 -1.062687 0.278294 0.431701 0.640000
vn -0.378518 -0.341731 0.860200
f 2632//2632 2633//2633 2634//2634
v -0.630539 1.287761 -0.859580 0.278294 0.431701 0.640000
vn -0.733695 -0.661031 0.157256
v -0.623604 1.280149 -0.859224 0.278294 0.431701 0.640000
vn -0.733695 -0.661031 0.157256
v -0.620458 1.303785 -0.745191 0.278294 0.431701 0.640000
vn -0.733695 -0.661031 0.157256
f 2635//2635 2636//2636 2637//2637
v -0.630539 1.287761 -0.859580 0.278294 0.431701 0.640000
vn -0.753875 -0.638267 0.155846
v -0.620458 1.303785 -0.745191 0.278294 0.431701 0.640000
vn -0.753875 -0.638267 0.155846
v -0.627234 1.311848 -0.744946 0.278294 0.431701 0.640000
vn -0.753875 -0.638267 0.155846
f 2638//2638 2639//2639 2640//2640
v -0.526821 1.293530 -0.940106 0.278294 0.431701 0.640000
vn 0.970028 -0.078156 -0.230082
v -0.526721 1.284216 -0.936522 0.278294 0.431701 0.640000
vn 0.970028 -0.078156 -0.230082
v -0.617599 1.111283 -1.260922 0.278294 0.431701 0.640000
vn 0.970028 -0.078156 -0.230082
f 2641//2641 2642//2642 2643//2643
v -0.526821 1.293530 -0.940106 0.278294 0.431701 0.640000
vn 0.970027 -0.078147 -0.230087
v -0.617599 1.111283 -1.260922 0.278294 0.431701 0.640000
vn 0.970027 -0.078147 -0.230087
v -0.617699 1.120598 -1.264506 0.278294 0.431701 0.640000
vn 0.970027 -0.078147 -0.230087
f 2644//2644 2645//2645 2646//2646
v -0.374197 1.037320 -1.455635 0.278294 0.431701 0.640000
vn 0.036115 0.444175 0.895212
v -0.348487 1.028006 -1.452051 0.278294 0.431701 0.640000
vn 0.036115 0.444175 0.895212
v 0.000000 1.028006 -1.466110 0.278294 0.431701 0.640000
vn 0.036115 0.444175 0.895212
f 2647//2647 2648//2648 2649//2649
v -0.374197 1.037320 -1.455635 0.278294 0.431701 0.640000
vn 0.035043 0.358918 0.932711
v 0.000000 1.028006 -1.466110 0.278294 0.431701 0.640000
vn 0.035043 0.358918 0.932711
v 0.000000 1.037320 -1.469694 0.278294 0.431701 0.640000
vn 0.035043 0.358918 0.932711
f 2650//2650 2651//2651 2652//2652
v 0.000000 1.297068 -0.940412 0.278294 0.431701 0.640000
vn 0.000000 -0.359138 -0.933284
v 0.000000 1.287754 -0.936828 0.278294 0.431701 0.640000
vn 0.000000 -0.359138 -0.933284
v -0.353539 1.287754 -0.936828 0.278294 0.431701 0.640000
vn 0.000000 -0.359138 -0.933284
f 2653//2653 2654//2654 2655//2655
v 0.000000 1.297068 -0.940412 0.278294 0.431701 0.640000
vn 0.000000 -0.359138 -0.933284
v -0.353539 1.287754 -0.936828 0.278294 0.431701 0.640000
vn 0.000000 -0.359138 -0.933284
v -0.379249 1.297068 -0.940412 0.278294 0.431701 0.640000
vn 0.000000 -0.359138 -0.933284
f 2656//2656 2657//2657 2658//2658
v -0.638256 1.037320 -1.421494 0.278294 0.431701 0.640000
vn 0.109295 0.358005 0.927301
v -0.638156 1.028006 -1.417910 0.278294 0.431701 0.640000
vn 0.109295 0.358005 0.927301
v -0.348487 1.028006 -1.452051 0.278294 0.431701 0.640000
vn 0.109295 0.358005 0.927301
f 2659//2659 2660//2660 2661//2661
v -0.638256 1.037320 -1.421494 0.278294 0.431701 0.640000
vn 0.103292 0.592538 0.798892
v -0.348487 1.028006 -1.452051 0.278294 0.431701 0.640000
vn 0.103292 0.592538 0.798892
v -0.374197 1.037320 -1.455635 0.278294 0.431701 0.640000
vn 0.103292 0.592538 0.798892
f 2662//2662 2663//2663 2664//2664
v 0.000000 1.309565 -0.914986 0.278294 0.431701 0.640000
vn 0.000000 0.897461 -0.441094
v 0.000000 1.297068 -0.940412 0.278294 0.431701 0.640000
vn 0.000000 0.897461 -0.441094
v -0.379249 1.297068 -0.940412 0.278294 0.431701 0.640000
vn 0.000000 0.897461 -0.441094
f 2665//2665 2666//2666 2667//2667
v 0.000000 1.309565 -0.914986 0.278294 0.431701 0.640000
vn 0.000000 0.897461 -0.441094
v -0.379249 1.297068 -0.940412 0.278294 0.431701 0.640000
vn 0.000000 0.897461 -0.441094
v -0.376000 1.309565 -0.914986 0.278294 0.431701 0.640000
vn 0.000000 0.897461 -0.441094
f 2668//2668 2669//2669 2670//2670
v -0.657096 1.123959 -1.255685 0.278294 0.431701 0.640000
vn -0.028745 0.884587 -0.465488
v -0.617699 1.120598 -1.264506 0.278294 0.431701 0.640000
vn -0.028745 0.884587 -0.465488
v -0.638256 1.037320 -1.421494 0.278294 0.431701 0.640000
vn -0.028745 0.884587 -0.465488
f 2671//2671 2672//2672 2673//2673
v -0.657096 1.123959 -1.255685 0.278294 0.431701 0.640000
vn 0.040394 0.887451 -0.459128
v -0.638256 1.037320 -1.421494 0.278294 0.431701 0.640000
vn 0.040394 0.887451 -0.459128
v -0.676758 1.047541 -1.405125 0.278294 0.431701 0.640000
vn 0.040394 0.887451 -0.459128
f 2674//2674 2675//2675 2676//2676
v -0.638256 1.037320 -1.421494 0.278294 0.431701 0.640000
vn 0.167997 0.963872 -0.206708
v -0.702108 1.009464 -1.603277 0.278294 0.431701 0.640000
vn 0.167997 0.963872 -0.206708
v -0.676758 1.047541 -1.405125 0.278294 0.431701 0.640000
vn 0.167997 0.963872 -0.206708
f 2677//2677 2678//2678 2679//2679
v -0.676758 1.047541 -1.405125 0.278294 0.431701 0.640000
vn -0.881340 0.457511 -0.117994
v -0.673515 1.121989 -1.140686 0.278294 0.431701 0.640000
vn -0.881340 0.457511 -0.117994
v -0.657096 1.123959 -1.255685 0.278294 0.431701 0.640000
vn -0.881340 0.457511 -0.117994
f 2680//2680 2681//2681 2682//2682
v -0.676758 1.047541 -1.405125 0.278294 0.431701 0.640000
vn -0.872321 0.488612 0.017707
v -0.702108 1.009464 -1.603277 0.278294 0.431701 0.640000
vn -0.872321 0.488612 0.017707
v -0.730723 0.943434 -1.190913 0.278294 0.431701 0.640000
vn -0.872321 0.488612 0.017707
f 2683//2683 2684//2684 2685//2685
v 0.000000 0.270267 2.290000 0.278294 0.431701 0.640000
vn -0.029318 0.000000 0.999570
v -0.375888 0.270267 2.278975 0.278294 0.431701 0.640000
vn -0.029318 0.000000 0.999570
v -0.375888 0.204286 2.278975 0.278294 0.431701 0.640000
vn -0.029318 0.000000 0.999570
f 2686//2686 2687//2687 2688//2688
v 0.000000 0.270267 2.290000 0.278294 0.431701 0.640000
vn -0.029318 0.000000 0.999570
v -0.375888 0.204286 2.278975 0.278294 0.431701 0.640000
vn -0.029318 0.000000 0.999570
v 0.000000 0.204286 2.290000 0.278294 0.431701 0.640000
vn -0.029318 0.000000 0.999570
f 2689//2689 2690//2690 2691//2691
v -0.375888 0.270267 2.278975 0.278294 0.431701 0.640000
vn -0.268538 0.000000 0.963269
v -0.375888 0.499631 2.278975 0.278294 0.431701 0.640000
vn -0.268538 0.000000 0.963269
v -0.616716 0.497479 2.211837 0.278294 0.431701 0.640000
vn -0.268538 0.000000 0.963269
f 2692//2692 2693//2693 2694//2694
v -0.375888 0.270267 2.278975 0.278294 0.431701 0.640000
vn -0.232825 0.040339 0.971682
v -0.616716 0.497479 2.211837 0.278294 0.431701 0.640000
vn -0.232825 0.040339 0.971682
v -0.611792 0.270267 2.222450 0.278294 0.431701 0.640000
vn -0.232825 0.040339 0.971682
f 2695//2695 2696//2696 2697//2697
v -0.794842 0.499631 1.641036 0.278294 0.431701 0.640000
vn -0.990216 -0.048663 0.130782
v -0.745804 0.499631 2.012333 0.278294 0.431701 0.640000
vn -0.990216 -0.048663 0.130782
v -0.769904 0.699541 1.904241 0.278294 0.431701 0.640000
vn -0.990216 -0.048663 0.130782
f 2698//2698 2699//2699 2700//2700
v -0.794842 0.499631 1.641036 0.278294 0.431701 0.640000
vn -0.988728 -0.017641 0.148678
v -0.786388 0.275098 1.670620 0.278294 0.431701 0.640000
vn -0.988728 -0.017641 0.148678
v -0.732736 0.272682 2.027124 0.278294 0.431701 0.640000
vn -0.988728 -0.017641 0.148678
f 2701//2701 2702//2702 2703//2703
v -0.794842 0.499631 1.641036 0.278294 0.431701 0.640000
vn -0.990224 -0.048493 0.130783
v -0.732736 0.272682 2.027124 0.278294 0.431701 0.640000
vn -0.990224 -0.048493 0.130783
v -0.745804 0.499631 2.012333 0.278294 0.431701 0.640000
vn -0.990224 -0.048493 0.130783
f 2704//2704 2705//2705 2706//2706
v -0.575514 0.307573 -1.583689 0.278294 0.431701 0.640000
vn -0.998178 -0.044544 -0.040696
v -0.589821 0.255930 -1.176236 0.278294 0.431701 0.640000
vn -0.998178 -0.044544 -0.040696
v -0.592177 0.303562 -1.170599 0.278294 0.431701 0.640000
vn -0.998178 -0.044544 -0.040696
f 2707//2707 2708//2708 2709//2709
v -0.575514 0.307573 -1.583689 0.278294 0.431701 0.640000
vn -0.998513 -0.036351 -0.040630
v -0.592177 0.303562 -1.170599 0.278294 0.431701 0.640000
vn -0.998513 -0.036351 -0.040630
v -0.577243 0.345450 -1.575085 0.278294 0.431701 0.640000
vn -0.998513 -0.036351 -0.040630
f 2710//2710 2711//2711 2712//2712
v -0.589821 0.255930 -1.176236 0.278294 0.431701 0.640000
vn -0.995980 -0.019615 -0.087405
v -0.604818 0.226031 -0.998632 0.278294 0.431701 0.640000
vn -0.995980 -0.019615 -0.087405
v -0.605558 0.275132 -1.001229 0.278294 0.431701 0.640000
vn -0.995980 -0.019615 -0.087405
f 2713//2713 2714//2714 2715//2715
v -0.589821 0.255930 -1.176236 0.278294 0.431701 0.640000
vn -0.995592 -0.039147 -0.085227
v -0.605558 0.275132 -1.001229 0.278294 0.431701 0.640000
vn -0.995592 -0.039147 -0.085227
v -0.592177 0.303562 -1.170599 0.278294 0.431701 0.640000
vn -0.995592 -0.039147 -0.085227
f 2716//2716 2717//2717 2718//2718
v -0.568906 0.335713 -1.684917 0.278294 0.431701 0.640000
vn -0.996905 -0.028900 -0.073109
v -0.575514 0.307573 -1.583689 0.278294 0.431701 0.640000
vn -0.996905 -0.028900 -0.073109
v -0.577243 0.345450 -1.575085 0.278294 0.431701 0.640000
vn -0.996905 -0.028900 -0.073109
f 2719//2719 2720//2720 2721//2721
v -0.568906 0.335713 -1.684917 0.278294 0.431701 0.640000
vn -0.996893 -0.029453 -0.073059
v -0.577243 0.345450 -1.575085 0.278294 0.431701 0.640000
vn -0.996893 -0.029453 -0.073059
v -0.570312 0.368274 -1.678862 0.278294 0.431701 0.640000
vn -0.996893 -0.029453 -0.073059
f 2722//2722 2723//2723 2724//2724
v -0.756548 0.327988 -1.686182 0.278294 0.431701 0.640000
vn 0.000895 -0.182788 0.983152
v -0.568906 0.335713 -1.684917 0.278294 0.431701 0.640000
vn 0.000895 -0.182788 0.983152
v -0.570312 0.368274 -1.678862 0.278294 0.431701 0.640000
vn 0.000895 -0.182788 0.983152
f 2725//2725 2726//2726 2727//2727
v -0.756548 0.327988 -1.686182 0.278294 0.431701 0.640000
vn -0.007217 -0.146383 0.989202
v -0.570312 0.368274 -1.678862 0.278294 0.431701 0.640000
vn -0.007217 -0.146383 0.989202
v -0.756548 0.369580 -1.680027 0.278294 0.431701 0.640000
vn -0.007217 -0.146383 0.989202
f 2728//2728 2729//2729 2730//2730
v -0.814060 0.465881 -1.031223 0.278294 0.431701 0.640000
vn -0.042757 -0.200635 -0.978733
v -0.608734 0.425793 -1.031975 0.278294 0.431701 0.640000
vn -0.042757 -0.200635 -0.978733
v -0.605558 0.275132 -1.001229 0.278294 0.431701 0.640000
vn -0.042757 -0.200635 -0.978733
f 2731//2731 2732//2732 2733//2733
v -0.814060 0.465881 -1.031223 0.278294 0.431701 0.640000
vn -0.027684 -0.184735 -0.982398
v -0.605558 0.275132 -1.001229 0.278294 0.431701 0.640000
vn -0.027684 -0.184735 -0.982398
v -0.814060 0.282856 -0.996806 0.278294 0.431701 0.640000
vn -0.027684 -0.184735 -0.982398
f 2734//2734 2735//2735 2736//2736
v -0.715273 0.499631 -1.965489 0.278294 0.431701 0.640000
vn -0.987958 0.000000 -0.154721
v -0.715273 0.405172 -1.965489 0.278294 0.431701 0.640000
vn -0.987958 0.000000 -0.154721
v -0.752924 0.379608 -1.725069 0.278294 0.431701 0.640000
vn -0.987958 0.000000 -0.154721
f 2737//2737 2738//2738 2739//2739
v -0.715273 0.499631 -1.965489 0.278294 0.431701 0.640000
vn -0.990114 0.043481 -0.133352
v -0.752924 0.379608 -1.725069 0.278294 0.431701 0.640000
vn -0.990114 0.043481 -0.133352
v -0.752924 0.458798 -1.699249 0.278294 0.431701 0.640000
vn -0.990114 0.043481 -0.133352
f 2740//2740 2741//2741 2742//2742
v -0.715273 0.405172 -1.965489 0.278294 0.431701 0.640000
vn -0.111155 0.989913 0.087843
v -0.727823 0.405467 -1.984698 0.278294 0.431701 0.640000
vn -0.111155 0.989913 0.087843
v -0.765474 0.379905 -1.744278 0.278294 0.431701 0.640000
vn -0.111155 0.989913 0.087843
f 2743//2743 2744//2744 2745//2745
v -0.715273 0.405172 -1.965489 0.278294 0.431701 0.640000
vn -0.111083 0.989920 0.087860
v -0.765474 0.379905 -1.744278 0.278294 0.431701 0.640000
vn -0.111083 0.989920 0.087860
v -0.752924 0.379608 -1.725069 0.278294 0.431701 0.640000
vn -0.111083 0.989920 0.087860
f 2746//2746 2747//2747 2748//2748
v -0.601768 0.210241 1.616013 0.278294 0.431701 0.640000
vn -0.997238 -0.021051 0.071231
v -0.603423 0.269038 1.610226 0.278294 0.431701 0.640000
vn -0.997238 -0.021051 0.071231
v -0.647420 0.269038 0.994262 0.278294 0.431701 0.640000
vn -0.997238 -0.021051 0.071231
f 2749//2749 2750//2750 2751//2751
v -0.601768 0.210241 1.616013 0.278294 0.431701 0.640000
vn -0.997333 -0.010278 0.072257
v -0.647420 0.269038 0.994262 0.278294 0.431701 0.640000
vn -0.997333 -0.010278 0.072257
v -0.647420 0.210241 0.985899 0.278294 0.431701 0.640000
vn -0.997333 -0.010278 0.072257
f 2752//2752 2753//2753 2754//2754
v -0.835758 0.210241 0.985899 0.278294 0.431701 0.640000
vn 0.000000 -0.140819 0.990035
v -0.647420 0.210241 0.985899 0.278294 0.431701 0.640000
vn 0.000000 -0.140819 0.990035
v -0.647420 0.269038 0.994262 0.278294 0.431701 0.640000
vn 0.000000 -0.140819 0.990035
f 2755//2755 2756//2756 2757//2757
v -0.835758 0.210241 0.985899 0.278294 0.431701 0.640000
vn 0.000000 -0.140819 0.990035
v -0.647420 0.269038 0.994262 0.278294 0.431701 0.640000
vn 0.000000 -0.140819 0.990035
v -0.835758 0.269038 0.994262 0.278294 0.431701 0.640000
vn 0.000000 -0.140819 0.990035
f 2758//2758 2759//2759 2760//2760
v -0.798862 0.467547 1.585377 0.278294 0.431701 0.640000
vn 0.000000 -0.124210 -0.992256
v -0.610524 0.467547 1.585377 0.278294 0.431701 0.640000
vn 0.000000 -0.124210 -0.992256
v -0.603423 0.269038 1.610226 0.278294 0.431701 0.640000
vn 0.000000 -0.124210 -0.992256
f 2761//2761 2762//2762 2763//2763
v -0.798862 0.467547 1.585377 0.278294 0.431701 0.640000
vn 0.000000 -0.124210 -0.992256
v -0.603423 0.269038 1.610226 0.278294 0.431701 0.640000
vn 0.000000 -0.124210 -0.992256
v -0.791761 0.269038 1.610226 0.278294 0.431701 0.640000
vn 0.000000 -0.124210 -0.992256
f 2764//2764 2765//2765 2766//2766
v -0.794842 0.499631 1.641036 0.278294 0.431701 0.640000
vn -0.995964 -0.024833 0.086247
v -0.798862 0.467547 1.585377 0.278294 0.431701 0.640000
vn -0.995964 -0.024833 0.086247
v -0.791761 0.269038 1.610226 0.278294 0.431701 0.640000
vn -0.995964 -0.024833 0.086247
f 2767//2767 2768//2768 2769//2769
v -0.794842 0.499631 1.641036 0.278294 0.431701 0.640000
vn -0.995513 -0.025479 0.091129
v -0.791761 0.269038 1.610226 0.278294 0.431701 0.640000
vn -0.995513 -0.025479 0.091129
v -0.786388 0.275098 1.670620 0.278294 0.431701 0.640000
vn -0.995513 -0.025479 0.091129
f 2770//2770 2771//2771 2772//2772
v -0.817684 0.471297 -0.985961 0.278294 0.431701 0.640000
vn -0.996840 -0.014679 -0.078062
v -0.814060 0.465881 -1.031223 0.278294 0.431701 0.640000
vn -0.996840 -0.014679 -0.078062
v -0.814060 0.282856 -0.996806 0.278294 0.431701 0.640000
vn -0.996840 -0.014679 -0.078062
f 2773//2773 2774//2774 2775//2775
v -0.817684 0.471297 -0.985961 0.278294 0.431701 0.640000
vn -0.997239 -0.014994 -0.072731
v -0.814060 0.282856 -0.996806 0.278294 0.431701 0.640000
vn -0.997239 -0.014994 -0.072731
v -0.817684 0.272008 -0.944877 0.278294 0.431701 0.640000
vn -0.997239 -0.014994 -0.072731
f 2776//2776 2777//2777 2778//2778
v -0.375888 0.499631 -2.240601 0.278294 0.431701 0.640000
vn -0.387921 0.000000 -0.921692
v -0.375888 0.420638 -2.240601 0.278294 0.431701 0.640000
vn -0.387921 0.000000 -0.921692
v -0.550098 0.420638 -2.167279 0.278294 0.431701 0.640000
vn -0.387921 0.000000 -0.921692
f 2779//2779 2780//2780 2781//2781
v -0.375888 0.499631 -2.240601 0.278294 0.431701 0.640000
vn -0.387921 0.000000 -0.921692
v -0.550098 0.420638 -2.167279 0.278294 0.431701 0.640000
vn -0.387921 0.000000 -0.921692
v -0.550098 0.499631 -2.167279 0.278294 0.431701 0.640000
vn -0.387921 0.000000 -0.921692
f 2782//2782 2783//2783 2784//2784
v -0.832494 0.493992 0.897141 0.278294 0.431701 0.640000
vn -0.998375 0.019513 -0.053547
v -0.832494 0.269201 0.815224 0.278294 0.431701 0.640000
vn -0.998375 0.019513 -0.053547
v -0.838768 0.275098 0.934360 0.278294 0.431701 0.640000
vn -0.998375 0.019513 -0.053547
f 2785//2785 2786//2786 2787//2787
v -0.832494 0.493992 0.897141 0.278294 0.431701 0.640000
vn -0.995145 0.011915 -0.097691
v -0.838768 0.275098 0.934360 0.278294 0.431701 0.640000
vn -0.995145 0.011915 -0.097691
v -0.838768 0.499631 0.961746 0.278294 0.431701 0.640000
vn -0.995145 0.011915 -0.097691
f 2788//2788 2789//2789 2790//2790
v -0.838768 0.270267 -0.208512 0.278294 0.431701 0.640000
vn 0.052722 0.188358 -0.980684
v -0.850301 0.270190 -0.209147 0.278294 0.431701 0.640000
vn 0.052722 0.188358 -0.980684
v -0.852528 0.503519 -0.164452 0.278294 0.431701 0.640000
vn 0.052722 0.188358 -0.980684
f 2791//2791 2792//2792 2793//2793
v -0.838768 0.270267 -0.208512 0.278294 0.431701 0.640000
vn 0.052834 0.188363 -0.980677
v -0.852528 0.503519 -0.164452 0.278294 0.431701 0.640000
vn 0.052834 0.188363 -0.980677
v -0.838768 0.499631 -0.164458 0.278294 0.431701 0.640000
vn 0.052834 0.188363 -0.980677
f 2794//2794 2795//2795 2796//2796
v -0.838768 0.499631 0.271215 0.278294 0.431701 0.640000
vn -0.999942 -0.002377 0.010527
v -0.838768 0.270267 0.219433 0.278294 0.431701 0.640000
vn -0.999942 -0.002377 0.010527
v -0.832494 0.269201 0.815224 0.278294 0.431701 0.640000
vn -0.999942 -0.002377 0.010527
f 2797//2797 2798//2798 2799//2799
v -0.838768 0.499631 0.271215 0.278294 0.431701 0.640000
vn -0.999943 -0.003641 0.009991
v -0.832494 0.269201 0.815224 0.278294 0.431701 0.640000
vn -0.999943 -0.003641 0.009991
v -0.832494 0.493992 0.897141 0.278294 0.431701 0.640000
vn -0.999943 -0.003641 0.009991
f 2800//2800 2801//2801 2802//2802
v -0.723277 0.698650 2.038600 0.278294 0.431701 0.640000
vn -0.798878 0.156284 0.580835
v -0.712480 0.632438 2.071265 0.278294 0.431701 0.640000
vn -0.798878 0.156284 0.580835
v -0.651625 0.656767 2.148420 0.278294 0.431701 0.640000
vn -0.798878 0.156284 0.580835
f 2803//2803 2804//2804 2805//2805
v -0.723277 0.698650 2.038600 0.278294 0.431701 0.640000
vn -0.848527 -0.288449 0.443620
v -0.651625 0.656767 2.148420 0.278294 0.431701 0.640000
vn -0.848527 -0.288449 0.443620
v -0.678548 0.696862 2.122993 0.278294 0.431701 0.640000
vn -0.848527 -0.288449 0.443620
f 2806//2806 2807//2807 2808//2808
v 0.000000 0.499631 -2.270792 0.278294 0.431701 0.640000
vn -0.080062 0.000000 -0.996790
v 0.000000 0.420638 -2.270792 0.278294 0.431701 0.640000
vn -0.080062 0.000000 -0.996790
v -0.375888 0.420638 -2.240601 0.278294 0.431701 0.640000
vn -0.080062 0.000000 -0.996790
f 2809//2809 2810//2810 2811//2811
v 0.000000 0.499631 -2.270792 0.278294 0.431701 0.640000
vn -0.080062 0.000000 -0.996790
v -0.375888 0.420638 -2.240601 0.278294 0.431701 0.640000
vn -0.080062 0.000000 -0.996790
v -0.375888 0.499631 -2.240601 0.278294 0.431701 0.640000
vn -0.080062 0.000000 -0.996790
f 2812//2812 2813//2813 2814//2814
v -0.838768 0.499631 -0.711168 0.278294 0.431701 0.640000
vn -1.000000 0.000000 0.000000
v -0.838768 0.270267 -0.711168 0.278294 0.431701 0.640000
vn -1.000000 0.000000 0.000000
v -0.838768 0.270267 -0.208512 0.278294 0.431701 0.640000
vn -1.000000 0.000000 0.000000
f 2815//2815 2816//2816 2817//2817
v -0.838768 0.499631 -0.711168 0.278294 0.431701 0.640000
vn -1.000000 0.000000 0.000000
v -0.838768 0.270267 -0.208512 0.278294 0.431701 0.640000
vn -1.000000 0.000000 0.000000
v -0.838768 0.499631 -0.164458 0.278294 0.431701 0.640000
vn -1.000000 0.000000 0.000000
f 2818//2818 2819//2819 2820//2820
v -0.817684 0.471297 -0.985961 0.278294 0.431701 0.640000
vn -0.995771 -0.018548 -0.089973
v -0.817684 0.272008 -0.944877 0.278294 0.431701 0.640000
vn -0.995771 -0.018548 -0.089973
v -0.838768 0.270267 -0.711168 0.278294 0.431701 0.640000
vn -0.995771 -0.018548 -0.089973
f 2821//2821 2822//2822 2823//2823
v -0.817684 0.471297 -0.985961 0.278294 0.431701 0.640000
vn -0.997069 0.000000 -0.076503
v -0.838768 0.270267 -0.711168 0.278294 0.431701 0.640000
vn -0.997069 0.000000 -0.076503
v -0.838768 0.499631 -0.711168 0.278294 0.431701 0.640000
vn -0.997069 0.000000 -0.076503
f 2824//2824 2825//2825 2826//2826
v -0.550098 0.499631 -2.167279 0.278294 0.431701 0.640000
vn -0.773819 0.000000 -0.633407
v -0.550098 0.420638 -2.167279 0.278294 0.431701 0.640000
vn -0.773819 0.000000 -0.633407
v -0.715273 0.405172 -1.965489 0.278294 0.431701 0.640000
vn -0.773819 0.000000 -0.633407
f 2827//2827 2828//2828 2829//2829
v -0.550098 0.499631 -2.167279 0.278294 0.431701 0.640000
vn -0.773819 0.000000 -0.633407
v -0.715273 0.405172 -1.965489 0.278294 0.431701 0.640000
vn -0.773819 0.000000 -0.633407
v -0.715273 0.499631 -1.965489 0.278294 0.431701 0.640000
vn -0.773819 0.000000 -0.633407
f 2830//2830 2831//2831 2832//2832
v -0.838768 0.270267 0.219433 0.278294 0.431701 0.640000
vn -0.999941 -0.001948 0.010656
v -0.838768 0.204286 0.207374 0.278294 0.431701 0.640000
vn -0.999941 -0.001948 0.010656
v -0.832494 0.204286 0.796147 0.278294 0.431701 0.640000
vn -0.999941 -0.001948 0.010656
f 2833//2833 2834//2834 2835//2835
v -0.838768 0.270267 0.219433 0.278294 0.431701 0.640000
vn -0.999940 -0.003093 0.010525
v -0.832494 0.204286 0.796147 0.278294 0.431701 0.640000
vn -0.999940 -0.003093 0.010525
v -0.832494 0.269201 0.815224 0.278294 0.431701 0.640000
vn -0.999940 -0.003093 0.010525
f 2836//2836 2837//2837 2838//2838
v -0.838768 0.210241 0.924403 0.278294 0.431701 0.640000
vn -0.998562 0.008136 -0.052994
v -0.838768 0.275098 0.934360 0.278294 0.431701 0.640000
vn -0.998562 0.008136 -0.052994
v -0.832494 0.269201 0.815224 0.278294 0.431701 0.640000
vn -0.998562 0.008136 -0.052994
f 2839//2839 2840//2840 2841//2841
v -0.838768 0.210241 0.924403 0.278294 0.431701 0.640000
vn -0.998666 0.014556 -0.049533
v -0.832494 0.269201 0.815224 0.278294 0.431701 0.640000
vn -0.998666 0.014556 -0.049533
v -0.832494 0.204286 0.796147 0.278294 0.431701 0.640000
vn -0.998666 0.014556 -0.049533
f 2842//2842 2843//2843 2844//2844
v -0.817684 0.212441 -0.940575 0.278294 0.431701 0.640000
vn -0.997486 -0.005105 -0.070682
v -0.817684 0.272008 -0.944877 0.278294 0.431701 0.640000
vn -0.997486 -0.005105 -0.070682
v -0.814060 0.282856 -0.996806 0.278294 0.431701 0.640000
vn -0.997486 -0.005105 -0.070682
f 2845//2845 2846//2846 2847//2847
v -0.817684 0.212441 -0.940575 0.278294 0.431701 0.640000
vn -0.997641 -0.003403 -0.068561
v -0.814060 0.282856 -0.996806 0.278294 0.431701 0.640000
vn -0.997641 -0.003403 -0.068561
v -0.814060 0.226256 -0.993997 0.278294 0.431701 0.640000
vn -0.997641 -0.003403 -0.068561
f 2848//2848 2849//2849 2850//2850
v -0.791761 0.269038 1.610226 0.278294 0.431701 0.640000
vn -0.995570 -0.018950 0.092092
v -0.790106 0.210241 1.616013 0.278294 0.431701 0.640000
vn -0.995570 -0.018950 0.092092
v -0.784418 0.210241 1.677510 0.278294 0.431701 0.640000
vn -0.995570 -0.018950 0.092092
f 2851//2851 2852//2852 2853//2853
v -0.791761 0.269038 1.610226 0.278294 0.431701 0.640000
vn -0.995669 -0.020608 0.090654
v -0.784418 0.210241 1.677510 0.278294 0.431701 0.640000
vn -0.995669 -0.020608 0.090654
v -0.786388 0.275098 1.670620 0.278294 0.431701 0.640000
vn -0.995669 -0.020608 0.090654
f 2854//2854 2855//2855 2856//2856
v -0.611792 0.270267 2.222450 0.278294 0.431701 0.640000
vn -0.683644 0.001221 0.729815
v -0.687007 0.271029 2.151992 0.278294 0.431701 0.640000
vn -0.683644 0.001221 0.729815
v -0.687081 0.205242 2.152033 0.278294 0.431701 0.640000
vn -0.683644 0.001221 0.729815
f 2857//2857 2858//2858 2859//2859
v -0.611792 0.270267 2.222450 0.278294 0.431701 0.640000
vn -0.683082 0.000000 0.730342
v -0.687081 0.205242 2.152033 0.278294 0.431701 0.640000
vn -0.683082 0.000000 0.730342
v -0.611792 0.204286 2.222450 0.278294 0.431701 0.640000
vn -0.683082 0.000000 0.730342
f 2860//2860 2861//2861 2862//2862
v -0.784418 0.210241 1.677510 0.278294 0.431701 0.640000
vn -0.989040 -0.007110 0.147475
v -0.731752 0.207264 2.030569 0.278294 0.431701 0.640000
vn -0.989040 -0.007110 0.147475
v -0.732736 0.272682 2.027124 0.278294 0.431701 0.640000
vn -0.989040 -0.007110 0.147475
f 2863//2863 2864//2864 2865//2865
v -0.784418 0.210241 1.677510 0.278294 0.431701 0.640000
vn -0.988779 -0.014232 0.148708
v -0.732736 0.272682 2.027124 0.278294 0.431701 0.640000
vn -0.988779 -0.014232 0.148708
v -0.786388 0.275098 1.670620 0.278294 0.431701 0.640000
vn -0.988779 -0.014232 0.148708
f 2866//2866 2867//2867 2868//2868
v -0.378893 0.210241 1.677510 0.278294 0.431701 0.640000
vn 0.002375 -0.999948 -0.009912
v -0.375888 0.204286 2.278975 0.278294 0.431701 0.640000
vn 0.002375 -0.999948 -0.009912
v -0.611792 0.204286 2.222450 0.278294 0.431701 0.640000
vn 0.002375 -0.999948 -0.009912
f 2869//2869 2870//2870 2871//2871
v -0.378893 0.210241 1.677510 0.278294 0.431701 0.640000
vn 0.000000 -0.999940 -0.010927
v -0.611792 0.204286 2.222450 0.278294 0.431701 0.640000
vn 0.000000 -0.999940 -0.010927
v -0.602915 0.210241 1.677510 0.278294 0.431701 0.640000
vn 0.000000 -0.999940 -0.010927
f 2872//2872 2873//2873 2874//2874
v -0.562649 0.420934 -2.186487 0.278294 0.431701 0.640000
vn -0.773817 0.000000 -0.633409
v -0.562649 0.389971 -2.186487 0.278294 0.431701 0.640000
vn -0.773817 0.000000 -0.633409
v -0.727823 0.370902 -1.984698 0.278294 0.431701 0.640000
vn -0.773817 0.000000 -0.633409
f 2875//2875 2876//2876 2877//2877
v -0.562649 0.420934 -2.186487 0.278294 0.431701 0.640000
vn -0.773817 0.000000 -0.633409
v -0.727823 0.370902 -1.984698 0.278294 0.431701 0.640000
vn -0.773817 0.000000 -0.633409
v -0.727823 0.405467 -1.984698 0.278294 0.431701 0.640000
vn -0.773817 0.000000 -0.633409
f 2878//2878 2879//2879 2880//2880
v 0.000000 0.420934 -2.290000 0.278294 0.431701 0.640000
vn -0.077489 0.000000 -0.996993
v 0.000000 0.389971 -2.290000 0.278294 0.431701 0.640000
vn -0.077489 0.000000 -0.996993
v -0.388438 0.389971 -2.259810 0.278294 0.431701 0.640000
vn -0.077489 0.000000 -0.996993
f 2881//2881 2882//2882 2883//2883
v 0.000000 0.420934 -2.290000 0.278294 0.431701 0.640000
vn -0.077489 0.000000 -0.996993
v -0.388438 0.389971 -2.259810 0.278294 0.431701 0.640000
vn -0.077489 0.000000 -0.996993
v -0.388438 0.420934 -2.259810 0.278294 0.431701 0.640000
vn -0.077489 0.000000 -0.996993
f 2884//2884 2885//2885 2886//2886
v -0.388438 0.420934 -2.259810 0.278294 0.431701 0.640000
vn -0.387926 0.000000 -0.921690
v -0.388438 0.389971 -2.259810 0.278294 0.431701 0.640000
vn -0.387926 0.000000 -0.921690
v -0.562649 0.389971 -2.186487 0.278294 0.431701 0.640000
vn -0.387926 0.000000 -0.921690
f 2887//2887 2888//2888 2889//2889
v -0.388438 0.420934 -2.259810 0.278294 0.431701 0.640000
vn -0.387926 0.000000 -0.921690
v -0.562649 0.389971 -2.186487 0.278294 0.431701 0.640000
vn -0.387926 0.000000 -0.921690
v -0.562649 0.420934 -2.186487 0.278294 0.431701 0.640000
vn -0.387926 0.000000 -0.921690
f 2890//2890 2891//2891 2892//2892
v -0.727823 0.405467 -1.984698 0.278294 0.431701 0.640000
vn -0.987344 0.000000 -0.158591
v -0.727823 0.370902 -1.984698 0.278294 0.431701 0.640000
vn -0.987344 0.000000 -0.158591
v -0.765474 0.339386 -1.750291 0.278294 0.431701 0.640000
vn -0.987344 0.000000 -0.158591
f 2893//2893 2894//2894 2895//2895
v -0.727823 0.405467 -1.984698 0.278294 0.431701 0.640000
vn -0.988070 0.022605 -0.152335
v -0.765474 0.339386 -1.750291 0.278294 0.431701 0.640000
vn -0.988070 0.022605 -0.152335
v -0.765474 0.379905 -1.744278 0.278294 0.431701 0.640000
vn -0.988070 0.022605 -0.152335
f 2896//2896 2897//2897 2898//2898
v -0.765474 0.339386 -1.750291 0.278294 0.431701 0.640000
vn -0.996916 0.011485 -0.077625
v -0.769098 0.328284 -1.705390 0.278294 0.431701 0.640000
vn -0.996916 0.011485 -0.077625
v -0.769098 0.369876 -1.699236 0.278294 0.431701 0.640000
vn -0.996916 0.011485 -0.077625
f 2899//2899 2900//2900 2901//2901
v -0.765474 0.339386 -1.750291 0.278294 0.431701 0.640000
vn -0.996914 0.011522 -0.077648
v -0.769098 0.369876 -1.699236 0.278294 0.431701 0.640000
vn -0.996914 0.011522 -0.077648
v -0.765474 0.379905 -1.744278 0.278294 0.431701 0.640000
vn -0.996914 0.011522 -0.077648
f 2902//2902 2903//2903 2904//2904
v -0.550098 0.389674 -2.167279 0.278294 0.431701 0.640000
vn -0.005096 -0.999914 -0.012109
v -0.562649 0.389971 -2.186487 0.278294 0.431701 0.640000
vn -0.005096 -0.999914 -0.012109
v -0.388438 0.389971 -2.259810 0.278294 0.431701 0.640000
vn -0.005096 -0.999914 -0.012109
f 2905//2905 2906//2906 2907//2907
v -0.550098 0.389674 -2.167279 0.278294 0.431701 0.640000
vn -0.005096 -0.999914 -0.012108
v -0.388438 0.389971 -2.259810 0.278294 0.431701 0.640000
vn -0.005096 -0.999914 -0.012108
v -0.375888 0.389674 -2.240601 0.278294 0.431701 0.640000
vn -0.005096 -0.999914 -0.012108
f 2908//2908 2909//2909 2910//2910
v -0.375888 0.420638 -2.240601 0.278294 0.431701 0.640000
vn 0.005096 0.999914 0.012108
v -0.388438 0.420934 -2.259810 0.278294 0.431701 0.640000
vn 0.005096 0.999914 0.012108
v -0.562649 0.420934 -2.186487 0.278294 0.431701 0.640000
vn 0.005096 0.999914 0.012108
f 2911//2911 2912//2912 2913//2913
v -0.375888 0.420638 -2.240601 0.278294 0.431701 0.640000
vn 0.005096 0.999914 0.012109
v -0.562649 0.420934 -2.186487 0.278294 0.431701 0.640000
vn 0.005096 0.999914 0.012109
v -0.550098 0.420638 -2.167279 0.278294 0.431701 0.640000
vn 0.005096 0.999914 0.012109
f 2914//2914 2915//2915 2916//2916
v -0.756548 0.369580 -1.680027 0.278294 0.431701 0.640000
vn -0.835006 -0.080534 0.544315
v -0.769098 0.369876 -1.699236 0.278294 0.431701 0.640000
vn -0.835006 -0.080534 0.544315
v -0.769098 0.328284 -1.705390 0.278294 0.431701 0.640000
vn -0.835006 -0.080534 0.544315
f 2917//2917 2918//2918 2919//2919
v -0.756548 0.369580 -1.680027 0.278294 0.431701 0.640000
vn -0.834991 -0.080551 0.544336
v -0.769098 0.328284 -1.705390 0.278294 0.431701 0.640000
vn -0.834991 -0.080551 0.544336
v -0.756548 0.327988 -1.686182 0.278294 0.431701 0.640000
vn -0.834991 -0.080551 0.544336
f 2920//2920 2921//2921 2922//2922
v -0.550098 0.420638 -2.167279 0.278294 0.431701 0.640000
vn -0.041513 0.998232 0.042537
v -0.562649 0.420934 -2.186487 0.278294 0.431701 0.640000
vn -0.041513 0.998232 0.042537
v -0.727823 0.405467 -1.984698 0.278294 0.431701 0.640000
vn -0.041513 0.998232 0.042537
f 2923//2923 2924//2924 2925//2925
v -0.550098 0.420638 -2.167279 0.278294 0.431701 0.640000
vn -0.041554 0.998232 0.042497
v -0.727823 0.405467 -1.984698 0.278294 0.431701 0.640000
vn -0.041554 0.998232 0.042497
v -0.715273 0.405172 -1.965489 0.278294 0.431701 0.640000
vn -0.041554 0.998232 0.042497
f 2926//2926 2927//2927 2928//2928
v 0.000000 0.420638 -2.270792 0.278294 0.431701 0.640000
vn 0.001200 0.999880 0.015438
v 0.000000 0.420934 -2.290000 0.278294 0.431701 0.640000
vn 0.001200 0.999880 0.015438
v -0.388438 0.420934 -2.259810 0.278294 0.431701 0.640000
vn 0.001200 0.999880 0.015438
f 2929//2929 2930//2930 2931//2931
v 0.000000 0.420638 -2.270792 0.278294 0.431701 0.640000
vn 0.001178 0.999892 0.014668
v -0.388438 0.420934 -2.259810 0.278294 0.431701 0.640000
vn 0.001178 0.999892 0.014668
v -0.375888 0.420638 -2.240601 0.278294 0.431701 0.640000
vn 0.001178 0.999892 0.014668
f 2932//2932 2933//2933 2934//2934
v -0.375888 0.389674 -2.240601 0.278294 0.431701 0.640000
vn -0.001142 -0.999891 -0.014692
v -0.388438 0.389971 -2.259810 0.278294 0.431701 0.640000
vn -0.001142 -0.999891 -0.014692
v 0.000000 0.389971 -2.290000 0.278294 0.431701 0.640000
vn -0.001142 -0.999891 -0.014692
f 2935//2935 2936//2936 2937//2937
v -0.375888 0.389674 -2.240601 0.278294 0.431701 0.640000
vn -0.001240 -0.999880 -0.015438
v 0.000000 0.389971 -2.290000 0.278294 0.431701 0.640000
vn -0.001240 -0.999880 -0.015438
v 0.000000 0.389674 -2.270792 0.278294 0.431701 0.640000
vn -0.001240 -0.999880 -0.015438
f 2938//2938 2939//2939 2940//2940
v -0.687081 0.205242 2.152033 0.278294 0.431701 0.640000
vn -0.002449 -0.999937 -0.010967
v -0.602915 0.210241 1.677510 0.278294 0.431701 0.640000
vn -0.002449 -0.999937 -0.010967
v -0.611792 0.204286 2.222450 0.278294 0.431701 0.640000
vn -0.002449 -0.999937 -0.010967
f 2941//2941 2942//2942 2943//2943
v -0.687007 0.271029 2.151992 0.278294 0.431701 0.640000
vn -0.919317 0.003950 0.393498
v -0.691295 0.497650 2.139700 0.278294 0.431701 0.640000
vn -0.919317 0.003950 0.393498
v -0.745804 0.499631 2.012333 0.278294 0.431701 0.640000
vn -0.919317 0.003950 0.393498
f 2944//2944 2945//2945 2946//2946
v -0.687007 0.271029 2.151992 0.278294 0.431701 0.640000
vn -0.938677 -0.031672 0.343340
v -0.745804 0.499631 2.012333 0.278294 0.431701 0.640000
vn -0.938677 -0.031672 0.343340
v -0.732736 0.272682 2.027124 0.278294 0.431701 0.640000
vn -0.938677 -0.031672 0.343340
f 2947//2947 2948//2948 2949//2949
v -0.375888 0.270267 2.278975 0.278294 0.431701 0.640000
vn -0.233015 0.000000 0.972473
v -0.611792 0.270267 2.222450 0.278294 0.431701 0.640000
vn -0.233015 0.000000 0.972473
v -0.611792 0.204286 2.222450 0.278294 0.431701 0.640000
vn -0.233015 0.000000 0.972473
f 2950//2950 2951//2951 2952//2952
v -0.375888 0.270267 2.278975 0.278294 0.431701 0.640000
vn -0.233015 0.000000 0.972473
v -0.611792 0.204286 2.222450 0.278294 0.431701 0.640000
vn -0.233015 0.000000 0.972473
v -0.375888 0.204286 2.278975 0.278294 0.431701 0.640000
vn -0.233015 0.000000 0.972473
f 2953//2953 2954//2954 2955//2955
v -0.678548 0.696862 2.122993 0.278294 0.431701 0.640000
vn -0.311278 0.351024 0.883113
v -0.651625 0.656767 2.148420 0.278294 0.431701 0.640000
vn -0.311278 0.351024 0.883113
v -0.566284 0.624529 2.191315 0.278294 0.431701 0.640000
vn -0.311278 0.351024 0.883113
f 2956//2956 2957//2957 2958//2958
v -0.678548 0.696862 2.122993 0.278294 0.431701 0.640000
vn -0.250160 0.430759 0.867102
v -0.566284 0.624529 2.191315 0.278294 0.431701 0.640000
vn -0.250160 0.430759 0.867102
v -0.375888 0.686148 2.215633 0.278294 0.431701 0.640000
vn -0.250160 0.430759 0.867102
f 2959//2959 2960//2960 2961//2961
v -0.375888 0.686148 2.215633 0.278294 0.431701 0.640000
vn -0.072166 0.235988 0.969072
v -0.440021 0.613349 2.228585 0.278294 0.431701 0.640000
vn -0.072166 0.235988 0.969072
v -0.440021 0.522152 2.250793 0.278294 0.431701 0.640000
vn -0.072166 0.235988 0.969072
f 2962//2962 2963//2963 2964//2964
v -0.375888 0.686148 2.215633 0.278294 0.431701 0.640000
vn -0.290125 0.307737 0.906160
v -0.440021 0.522152 2.250793 0.278294 0.431701 0.640000
vn -0.290125 0.307737 0.906160
v -0.375888 0.499631 2.278975 0.278294 0.431701 0.640000
vn -0.290125 0.307737 0.906160
f 2965//2965 2966//2966 2967//2967
v -0.753024 0.860967 0.864777 0.278294 0.431701 0.640000
vn 0.921673 0.000000 0.387969
v -0.743278 0.860967 0.841625 0.278294 0.431701 0.640000
vn 0.921673 0.000000 0.387969
v -0.743278 0.898014 0.841625 0.278294 0.431701 0.640000
vn 0.921673 0.000000 0.387969
f 2968//2968 2969//2969 2970//2970
v -0.753024 0.860967 0.864777 0.278294 0.431701 0.640000
vn 0.921673 0.000000 0.387969
v -0.743278 0.898014 0.841625 0.278294 0.431701 0.640000
vn 0.921673 0.000000 0.387969
v -0.753024 0.898014 0.864777 0.278294 0.431701 0.640000
vn 0.921673 0.000000 0.387969
f 2971//2971 2972//2972 2973//2973
v -0.774390 0.860967 0.814771 0.278294 0.431701 0.640000
vn 0.998029 0.000000 -0.062760
v -0.776833 0.851115 0.775923 0.278294 0.431701 0.640000
vn 0.998029 0.000000 -0.062760
v -0.776833 0.907865 0.775923 0.278294 0.431701 0.640000
vn 0.998029 0.000000 -0.062760
f 2974//2974 2975//2975 2976//2976
v -0.774390 0.860967 0.814771 0.278294 0.431701 0.640000
vn 0.998029 0.000000 -0.062760
v -0.776833 0.907865 0.775923 0.278294 0.431701 0.640000
vn 0.998029 0.000000 -0.062760
v -0.774390 0.898014 0.814771 0.278294 0.431701 0.640000
vn 0.998029 0.000000 -0.062760
f 2977//2977 2978//2978 2979//2979
v -0.853632 0.907865 0.783260 0.278294 0.431701 0.640000
vn -0.862811 0.000000 0.505526
v -0.853632 0.973367 0.783260 0.278294 0.431701 0.640000
vn -0.862811 0.000000 0.505526
v -0.893349 0.964222 0.715471 0.278294 0.431701 0.640000
vn -0.862811 0.000000 0.505526
f 2980//2980 2981//2981 2982//2982
v -0.853632 0.907865 0.783260 0.278294 0.431701 0.640000
vn -0.848919 0.035979 0.527298
v -0.893349 0.964222 0.715471 0.278294 0.431701 0.640000
vn -0.848919 0.035979 0.527298
v -0.910000 0.907865 0.692510 0.278294 0.431701 0.640000
vn -0.848919 0.035979 0.527298
f 2983//2983 2984//2984 2985//2985
v -0.784136 0.860967 0.837923 0.278294 0.431701 0.640000
vn -0.653397 0.000000 0.757015
v -0.753024 0.860967 0.864777 0.278294 0.431701 0.640000
vn -0.653397 0.000000 0.757015
v -0.753024 0.898014 0.864777 0.278294 0.431701 0.640000
vn -0.653397 0.000000 0.757015
f 2986//2986 2987//2987 2988//2988
v -0.784136 0.860967 0.837923 0.278294 0.431701 0.640000
vn -0.653397 0.000000 0.757015
v -0.753024 0.898014 0.864777 0.278294 0.431701 0.640000
vn -0.653397 0.000000 0.757015
v -0.784136 0.898014 0.837923 0.278294 0.431701 0.640000
vn -0.653397 0.000000 0.757015
f 2989//2989 2990//2990 2991//2991
v -0.774390 0.860967 0.814771 0.278294 0.431701 0.640000
vn 0.413876 -0.893507 0.174217
v -0.784136 0.860967 0.837923 0.278294 0.431701 0.640000
vn 0.413876 -0.893507 0.174217
v -0.802807 0.851115 0.831747 0.278294 0.431701 0.640000
vn 0.413876 -0.893507 0.174217
f 2992//2992 2993//2993 2994//2994
v -0.774390 0.860967 0.814771 0.278294 0.431701 0.640000
vn 0.424352 -0.883710 0.197439
v -0.802807 0.851115 0.831747 0.278294 0.431701 0.640000
vn 0.424352 -0.883710 0.197439
v -0.776833 0.851115 0.775923 0.278294 0.431701 0.640000
vn 0.424352 -0.883710 0.197439
f 2995//2995 2996//2996 2997//2997
v -0.774390 0.898014 0.814771 0.278294 0.431701 0.640000
vn 0.000000 1.000000 0.000000
v -0.784136 0.898014 0.837923 0.278294 0.431701 0.640000
vn 0.000000 1.000000 0.000000
v -0.753024 0.898014 0.864777 0.278294 0.431701 0.640000
vn 0.000000 1.000000 0.000000
f 2998//2998 2999//2999 3000//3000
v -0.774390 0.898014 0.814771 0.278294 0.431701 0.640000
vn 0.000000 1.000000 0.000000
v -0.753024 0.898014 0.864777 0.278294 0.431701 0.640000
vn 0.000000 1.000000 0.000000
v -0.743278 0.898014 0.841625 0.278294 0.431701 0.640000
vn 0.000000 1.000000 0.000000
f 3001//3001 3002//3002 3003//3003
v -0.857255 0.851115 0.672116 0.278294 0.431701 0.640000
vn -0.720705 -0.495674 -0.484657
v -0.889748 0.851115 0.720436 0.278294 0.431701 0.640000
vn -0.720705 -0.495674 -0.484657
v -0.910000 0.907865 0.692510 0.278294 0.431701 0.640000
vn -0.720705 -0.495674 -0.484657
f 3004//3004 3005//3005 3006//3006
v -0.857255 0.851115 0.672116 0.278294 0.431701 0.640000
vn -0.720703 -0.495668 -0.484666
v -0.910000 0.907865 0.692510 0.278294 0.431701 0.640000
vn -0.720703 -0.495668 -0.484666
v -0.877506 0.907865 0.644192 0.278294 0.431701 0.640000
vn -0.720703 -0.495668 -0.484666
f 3007//3007 3008//3008 3009//3009
v -0.827658 0.851115 0.727436 0.278294 0.431701 0.640000
vn 0.878751 0.082249 -0.470141
v -0.857255 0.851115 0.672116 0.278294 0.431701 0.640000
vn 0.878751 0.082249 -0.470141
v -0.877506 0.907865 0.644192 0.278294 0.431701 0.640000
vn 0.878751 0.082249 -0.470141
f 3010//3010 3011//3011 3012//3012
v -0.827658 0.851115 0.727436 0.278294 0.431701 0.640000
vn 0.857940 0.000000 -0.513751
v -0.877506 0.907865 0.644192 0.278294 0.431701 0.640000
vn 0.857940 0.000000 -0.513751
v -0.827658 0.907865 0.727436 0.278294 0.431701 0.640000
vn 0.857940 0.000000 -0.513751
f 3013//3013 3014//3014 3015//3015
v -0.853632 0.907865 0.783260 0.278294 0.431701 0.640000
vn -0.848666 -0.043456 0.527141
v -0.910000 0.907865 0.692510 0.278294 0.431701 0.640000
vn -0.848666 -0.043456 0.527141
v -0.889748 0.851115 0.720436 0.278294 0.431701 0.640000
vn -0.848666 -0.043456 0.527141
f 3016//3016 3017//3017 3018//3018
v -0.853632 0.907865 0.783260 0.278294 0.431701 0.640000
vn -0.866949 0.000000 0.498397
v -0.889748 0.851115 0.720436 0.278294 0.431701 0.640000
vn -0.866949 0.000000 0.498397
v -0.853632 0.851115 0.783260 0.278294 0.431701 0.640000
vn -0.866949 0.000000 0.498397
f 3019//3019 3020//3020 3021//3021
v -0.853632 0.851115 0.783260 0.278294 0.431701 0.640000
vn 0.000000 -1.000000 0.000000
v -0.889748 0.851115 0.720436 0.278294 0.431701 0.640000
vn 0.000000 -1.000000 0.000000
v -0.857255 0.851115 0.672116 0.278294 0.431701 0.640000
vn 0.000000 -1.000000 0.000000
f 3022//3022 3023//3023 3024//3024
v -0.853632 0.851115 0.783260 0.278294 0.431701 0.640000
vn 0.000000 -1.000000 0.000000
v -0.857255 0.851115 0.672116 0.278294 0.431701 0.640000
vn 0.000000 -1.000000 0.000000
v -0.827658 0.851115 0.727436 0.278294 0.431701 0.640000
vn 0.000000 -1.000000 0.000000
f 3025//3025 3026//3026 3027//3027
v -0.827658 0.973367 0.727436 0.278294 0.431701 0.640000
vn -0.122663 0.989014 -0.082491
v -0.860855 0.964222 0.667152 0.278294 0.431701 0.640000
vn -0.122663 0.989014 -0.082491
v -0.893349 0.964222 0.715471 0.278294 0.431701 0.640000
vn -0.122663 0.989014 -0.082491
f 3028//3028 3029//3029 3030//3030
v -0.827658 0.973367 0.727436 0.278294 0.431701 0.640000
vn -0.127074 0.990130 -0.059124
v -0.893349 0.964222 0.715471 0.278294 0.431701 0.640000
vn -0.127074 0.990130 -0.059124
v -0.853632 0.973367 0.783260 0.278294 0.431701 0.640000
vn -0.127074 0.990130 -0.059124
f 3031//3031 3032//3032 3033//3033
v -0.910000 0.907865 0.692510 0.278294 0.431701 0.640000
vn -0.750264 0.427238 -0.504550
v -0.893349 0.964222 0.715471 0.278294 0.431701 0.640000
vn -0.750264 0.427238 -0.504550
v -0.860855 0.964222 0.667152 0.278294 0.431701 0.640000
vn -0.750264 0.427238 -0.504550
f 3034//3034 3035//3035 3036//3036
v -0.910000 0.907865 0.692510 0.278294 0.431701 0.640000
vn -0.750265 0.427241 -0.504547
v -0.860855 0.964222 0.667152 0.278294 0.431701 0.640000
vn -0.750265 0.427241 -0.504547
v -0.877506 0.907865 0.644192 0.278294 0.431701 0.640000
vn -0.750265 0.427241 -0.504547
f 3037//3037 3038//3038 3039//3039
v -0.802807 0.907865 0.831747 0.278294 0.431701 0.640000
vn -0.690245 0.000000 0.723576
v -0.802807 0.960777 0.831747 0.278294 0.431701 0.640000
vn -0.690245 0.000000 0.723576
v -0.813881 0.980518 0.821182 0.278294 0.431701 0.640000
vn -0.690245 0.000000 0.723576
f 3040//3040 3041//3041 3042//3042
v -0.802807 0.907865 0.831747 0.278294 0.431701 0.640000
vn -0.690271 -0.000008 0.723551
v -0.813881 0.980518 0.821182 0.278294 0.431701 0.640000
vn -0.690271 -0.000008 0.723551
v -0.853632 0.973367 0.783260 0.278294 0.431701 0.640000
vn -0.690271 -0.000008 0.723551
f 3043//3043 3044//3044 3045//3045
v -0.802807 0.907865 0.831747 0.278294 0.431701 0.640000
vn -0.690266 0.000000 0.723556
v -0.853632 0.973367 0.783260 0.278294 0.431701 0.640000
vn -0.690266 0.000000 0.723556
v -0.853632 0.907865 0.783260 0.278294 0.431701 0.640000
vn -0.690266 0.000000 0.723556
f 3046//3046 3047//3047 3048//3048
v -0.776833 0.907865 0.775923 0.278294 0.431701 0.640000
vn 0.906667 0.000000 0.421846
v -0.776833 0.960777 0.775923 0.278294 0.431701 0.640000
vn 0.906667 0.000000 0.421846
v -0.802807 0.960777 0.831747 0.278294 0.431701 0.640000
vn 0.906667 0.000000 0.421846
f 3049//3049 3050//3050 3051//3051
v -0.776833 0.907865 0.775923 0.278294 0.431701 0.640000
vn 0.906667 0.000000 0.421846
v -0.802807 0.960777 0.831747 0.278294 0.431701 0.640000
vn 0.906667 0.000000 0.421846
v -0.802807 0.907865 0.831747 0.278294 0.431701 0.640000
vn 0.906667 0.000000 0.421846
f 3052//3052 3053//3053 3054//3054
v -0.877506 0.907865 0.644192 0.278294 0.431701 0.640000
vn 0.878258 -0.066579 -0.473529
v -0.860855 0.964222 0.667152 0.278294 0.431701 0.640000
vn 0.878258 -0.066579 -0.473529
v -0.827658 0.973367 0.727436 0.278294 0.431701 0.640000
vn 0.878258 -0.066579 -0.473529
f 3055//3055 3056//3056 3057//3057
v -0.877506 0.907865 0.644192 0.278294 0.431701 0.640000
vn 0.857940 0.000000 -0.513751
v -0.827658 0.973367 0.727436 0.278294 0.431701 0.640000
vn 0.857940 0.000000 -0.513751
v -0.827658 0.907865 0.727436 0.278294 0.431701 0.640000
vn 0.857940 0.000000 -0.513751
f 3058//3058 3059//3059 3060//3060
v -0.827658 0.907865 0.727436 0.278294 0.431701 0.640000
vn 0.690261 0.000000 -0.723560
v -0.827658 0.973367 0.727436 0.278294 0.431701 0.640000
vn 0.690261 0.000000 -0.723560
v -0.787908 0.980518 0.765357 0.278294 0.431701 0.640000
vn 0.690261 0.000000 -0.723560
f 3061//3061 3062//3062 3063//3063
v -0.827658 0.907865 0.727436 0.278294 0.431701 0.640000
vn 0.690272 -0.000011 -0.723550
v -0.787908 0.980518 0.765357 0.278294 0.431701 0.640000
vn 0.690272 -0.000011 -0.723550
v -0.776833 0.960777 0.775923 0.278294 0.431701 0.640000
vn 0.690272 -0.000011 -0.723550
f 3064//3064 3065//3065 3066//3066
v -0.827658 0.907865 0.727436 0.278294 0.431701 0.640000
vn 0.690266 0.000000 -0.723556
v -0.776833 0.960777 0.775923 0.278294 0.431701 0.640000
vn 0.690266 0.000000 -0.723556
v -0.776833 0.907865 0.775923 0.278294 0.431701 0.640000
vn 0.690266 0.000000 -0.723556
f 3067//3067 3068//3068 3069//3069
v -0.802807 0.851115 0.831747 0.278294 0.431701 0.640000
vn 0.000000 -1.000000 0.000000
v -0.853632 0.851115 0.783260 0.278294 0.431701 0.640000
vn 0.000000 -1.000000 0.000000
v -0.827658 0.851115 0.727436 0.278294 0.431701 0.640000
vn 0.000000 -1.000000 0.000000
f 3070//3070 3071//3071 3072//3072
v -0.802807 0.851115 0.831747 0.278294 0.431701 0.640000
vn 0.000000 -1.000000 0.000000
v -0.827658 0.851115 0.727436 0.278294 0.431701 0.640000
vn 0.000000 -1.000000 0.000000
v -0.776833 0.851115 0.775923 0.278294 0.431701 0.640000
vn 0.000000 -1.000000 0.000000
f 3073//3073 3074//3074 3075//3075
v -0.802807 0.907865 0.831747 0.278294 0.431701 0.640000
vn -0.690266 0.000000 0.723556
v -0.853632 0.907865 0.783260 0.278294 0.431701 0.640000
vn -0.690266 0.000000 0.723556
v -0.853632 0.851115 0.783260 0.278294 0.431701 0.640000
vn -0.690266 0.000000 0.723556
f 3076//3076 3077//3077 3078//3078
v -0.802807 0.907865 0.831747 0.278294 0.431701 0.640000
vn -0.690266 0.000000 0.723556
v -0.853632 0.851115 0.783260 0.278294 0.431701 0.640000
vn -0.690266 0.000000 0.723556
v -0.802807 0.851115 0.831747 0.278294 0.431701 0.640000
vn -0.690266 0.000000 0.723556
f 3079//3079 3080//3080 3081//3081
v -0.776833 0.851115 0.775923 0.278294 0.431701 0.640000
vn 0.690266 0.000000 -0.723556
v -0.827658 0.851115 0.727436 0.278294 0.431701 0.640000
vn 0.690266 0.000000 -0.723556
v -0.827658 0.907865 0.727436 0.278294 0.431701 0.640000
vn 0.690266 0.000000 -0.723556
f 3082//3082 3083//3083 3084//3084
v -0.776833 0.851115 0.775923 0.278294 0.431701 0.640000
vn 0.690266 0.000000 -0.723556
v -0.827658 0.907865 0.727436 0.278294 0.431701 0.640000
vn 0.690266 0.000000 -0.723556
v -0.776833 0.907865 0.775923 0.278294 0.431701 0.640000
vn 0.690266 0.000000 -0.723556
f 3085//3085 3086//3086 3087//3087
v -0.776833 0.907865 0.775923 0.278294 0.431701 0.640000
vn 0.408276 0.892875 0.189959
v -0.802807 0.907865 0.831747 0.278294 0.431701 0.640000
vn 0.408276 0.892875 0.189959
v -0.784136 0.898014 0.837923 0.278294 0.431701 0.640000
vn 0.408276 0.892875 0.189959
f 3088//3088 3089//3089 3090//3090
v -0.776833 0.907865 0.775923 0.278294 0.431701 0.640000
vn 0.455609 0.869275 0.191784
v -0.784136 0.898014 0.837923 0.278294 0.431701 0.640000
vn 0.455609 0.869275 0.191784
v -0.774390 0.898014 0.814771 0.278294 0.431701 0.640000
vn 0.455609 0.869275 0.191784
f 3091//3091 3092//3092 3093//3093
v -0.743278 0.860967 0.841625 0.278294 0.431701 0.640000
vn 0.000000 -1.000000 0.000000
v -0.753024 0.860967 0.864777 0.278294 0.431701 0.640000
vn 0.000000 -1.000000 0.000000
v -0.784136 0.860967 0.837923 0.278294 0.431701 0.640000
vn 0.000000 -1.000000 0.000000
f 3094//3094 3095//3095 3096//3096
v -0.743278 0.860967 0.841625 0.278294 0.431701 0.640000
vn 0.000000 -1.000000 0.000000
v -0.784136 0.860967 0.837923 0.278294 0.431701 0.640000
vn 0.000000 -1.000000 0.000000
v -0.774390 0.860967 0.814771 0.278294 0.431701 0.640000
vn 0.000000 -1.000000 0.000000
f 3097//3097 3098//3098 3099//3099
v -0.802807 0.851115 0.831747 0.278294 0.431701 0.640000
vn -0.314075 0.000000 0.949398
v -0.784136 0.860967 0.837923 0.278294 0.431701 0.640000
vn -0.314075 0.000000 0.949398
v -0.784136 0.898014 0.837923 0.278294 0.431701 0.640000
vn -0.314075 0.000000 0.949398
f 3100//3100 3101//3101 3102//3102
v -0.802807 0.851115 0.831747 0.278294 0.431701 0.640000
vn -0.314075 0.000000 0.949398
v -0.784136 0.898014 0.837923 0.278294 0.431701 0.640000
vn -0.314075 0.000000 0.949398
v -0.802807 0.907865 0.831747 0.278294 0.431701 0.640000
vn -0.314075 0.000000 0.949398
f 3103//3103 3104//3104 3105//3105
v -0.743278 0.860967 0.841625 0.278294 0.431701 0.640000
vn 0.653397 0.000000 -0.757015
v -0.774390 0.860967 0.814771 0.278294 0.431701 0.640000
vn 0.653397 0.000000 -0.757015
v -0.774390 0.898014 0.814771 0.278294 0.431701 0.640000
vn 0.653397 0.000000 -0.757015
f 3106//3106 3107//3107 3108//3108
v -0.743278 0.860967 0.841625 0.278294 0.431701 0.640000
vn 0.653397 0.000000 -0.757015
v -0.774390 0.898014 0.814771 0.278294 0.431701 0.640000
vn 0.653397 0.000000 -0.757015
v -0.743278 0.898014 0.841625 0.278294 0.431701 0.640000
vn 0.653397 0.000000 -0.757015
f 3109//3109 3110//3110 3111//3111
v -0.776833 0.960777 0.775923 0.278294 0.431701 0.640000
vn 0.730764 0.591934 0.339997
v -0.787908 0.980518 0.765357 0.278294 0.431701 0.640000
vn 0.730764 0.591934 0.339997
v -0.813881 0.980518 0.821182 0.278294 0.431701 0.640000
vn 0.730764 0.591934 0.339997
f 3112//3112 3113//3113 3114//3114
v -0.776833 0.960777 0.775923 0.278294 0.431701 0.640000
vn 0.730769 0.591923 0.340006
v -0.813881 0.980518 0.821182 0.278294 0.431701 0.640000
vn 0.730769 0.591923 0.340006
v -0.802807 0.960777 0.831747 0.278294 0.431701 0.640000
vn 0.730769 0.591923 0.340006
f 3115//3115 3116//3116 3117//3117
v -0.787908 0.980518 0.765357 0.278294 0.431701 0.640000
vn -0.123440 0.990689 -0.057433
v -0.827658 0.973367 0.727436 0.278294 0.431701 0.640000
vn -0.123440 0.990689 -0.057433
v -0.853632 0.973367 0.783260 0.278294 0.431701 0.640000
vn -0.123440 0.990689 -0.057433
f 3118//3118 3119//3119 3120//3120
v -0.787908 0.980518 0.765357 0.278294 0.431701 0.640000
vn -0.123439 0.990689 -0.057432
v -0.853632 0.973367 0.783260 0.278294 0.431701 0.640000
vn -0.123439 0.990689 -0.057432
v -0.813881 0.980518 0.821182 0.278294 0.431701 0.640000
vn -0.123439 0.990689 -0.057432
f 3121//3121 3122//3122 3123//3123
v -0.617699 1.120598 -1.264506 0.278294 0.431701 0.640000
vn 0.993092 -0.032727 -0.112680
v -0.617599 1.111283 -1.260922 0.278294 0.431701 0.640000
vn 0.993092 -0.032727 -0.112680
v -0.638156 1.028006 -1.417910 0.278294 0.431701 0.640000
vn 0.993092 -0.032727 -0.112680
f 3124//3124 3125//3125 3126//3126
v -0.617699 1.120598 -1.264506 0.278294 0.431701 0.640000
vn 0.993092 -0.032730 -0.112678
v -0.638156 1.028006 -1.417910 0.278294 0.431701 0.640000
vn 0.993092 -0.032730 -0.112678
v -0.638256 1.037320 -1.421494 0.278294 0.431701 0.640000
vn 0.993092 -0.032730 -0.112678
f 3127//3127 3128//3128 3129//3129
v -0.379249 1.297068 -0.940412 0.278294 0.431701 0.640000
vn 0.005412 -0.346086 -0.938187
v -0.353539 1.287754 -0.936828 0.278294 0.431701 0.640000
vn 0.005412 -0.346086 -0.938187
v -0.526721 1.284216 -0.936522 0.278294 0.431701 0.640000
vn 0.005412 -0.346086 -0.938187
f 3130//3130 3131//3131 3132//3132
v -0.379249 1.297068 -0.940412 0.278294 0.431701 0.640000
vn 0.006673 -0.359068 -0.933288
v -0.526721 1.284216 -0.936522 0.278294 0.431701 0.640000
vn 0.006673 -0.359068 -0.933288
v -0.526821 1.293530 -0.940106 0.278294 0.431701 0.640000
vn 0.006673 -0.359068 -0.933288
f 3133//3133 3134//3134 3135//3135
v -0.614116 0.514501 2.198582 0.278294 0.431701 0.640000
vn 0.212464 0.952678 -0.217402
v -0.606798 0.510195 2.186864 0.278294 0.431701 0.640000
vn 0.212464 0.952678 -0.217402
v -0.668755 0.510337 2.126935 0.278294 0.431701 0.640000
vn 0.212464 0.952678 -0.217402
f 3136//3136 3137//3137 3138//3138
v -0.614116 0.514501 2.198582 0.278294 0.431701 0.640000
vn 0.212519 0.952657 -0.217443
v -0.668755 0.510337 2.126935 0.278294 0.431701 0.640000
vn 0.212519 0.952657 -0.217443
v -0.676073 0.514644 2.138652 0.278294 0.431701 0.640000
vn 0.212519 0.952657 -0.217443
f 3139//3139 3140//3140 3141//3141
v -0.723277 0.698650 2.038600 0.278294 0.431701 0.640000
vn -0.848202 0.270668 0.455294
v -0.678548 0.696862 2.122993 0.278294 0.431701 0.640000
vn -0.848202 0.270668 0.455294
v -0.696936 0.798320 2.028419 0.278294 0.431701 0.640000
vn -0.848202 0.270668 0.455294
f 3142//3142 3143//3143 3144//3144
v -0.651625 0.656767 2.148420 0.278294 0.431701 0.640000
vn -0.390521 -0.915906 0.092783
v -0.644307 0.652460 2.136702 0.278294 0.431701 0.640000
vn -0.390521 -0.915906 0.092783
v -0.563345 0.622116 2.177920 0.278294 0.431701 0.640000
vn -0.390521 -0.915906 0.092783
f 3145//3145 3146//3146 3147//3147
v -0.651625 0.656767 2.148420 0.278294 0.431701 0.640000
vn -0.387392 -0.918394 0.080498
v -0.563345 0.622116 2.177920 0.278294 0.431701 0.640000
vn -0.387392 -0.918394 0.080498
v -0.566284 0.624529 2.191315 0.278294 0.431701 0.640000
vn -0.387392 -0.918394 0.080498
f 3148//3148 3149//3149 3150//3150
v -0.716423 0.560025 2.077614 0.278294 0.431701 0.640000
vn 0.848217 0.000259 0.529649
v -0.709105 0.555718 2.065897 0.278294 0.431701 0.640000
vn 0.848217 0.000259 0.529649
v -0.705162 0.628131 2.059548 0.278294 0.431701 0.640000
vn 0.848217 0.000259 0.529649
f 3151//3151 3152//3152 3153//3153
v -0.716423 0.560025 2.077614 0.278294 0.431701 0.640000
vn 0.848217 0.000259 0.529649
v -0.705162 0.628131 2.059548 0.278294 0.431701 0.640000
vn 0.848217 0.000259 0.529649
v -0.712480 0.632438 2.071265 0.278294 0.431701 0.640000
vn 0.848217 0.000259 0.529649
f 3154//3154 3155//3155 3156//3156
v -0.691295 0.497650 2.139700 0.278294 0.431701 0.640000
vn -0.506547 0.497130 0.704466
v -0.676073 0.514644 2.138652 0.278294 0.431701 0.640000
vn -0.506547 0.497130 0.704466
v -0.716423 0.560025 2.077614 0.278294 0.431701 0.640000
vn -0.506547 0.497130 0.704466
f 3157//3157 3158//3158 3159//3159
v -0.691295 0.497650 2.139700 0.278294 0.431701 0.640000
vn -0.919010 0.021594 0.393642
v -0.716423 0.560025 2.077614 0.278294 0.431701 0.640000
vn -0.919010 0.021594 0.393642
v -0.745804 0.499631 2.012333 0.278294 0.431701 0.640000
vn -0.919010 0.021594 0.393642
f 3160//3160 3161//3161 3162//3162
v -0.745804 0.499631 2.012333 0.278294 0.431701 0.640000
vn -0.934852 0.081200 0.345628
v -0.716423 0.560025 2.077614 0.278294 0.431701 0.640000
vn -0.934852 0.081200 0.345628
v -0.712480 0.632438 2.071265 0.278294 0.431701 0.640000
vn -0.934852 0.081200 0.345628
f 3163//3163 3164//3164 3165//3165
v -0.745804 0.499631 2.012333 0.278294 0.431701 0.640000
vn -0.913565 0.050138 0.403590
v -0.712480 0.632438 2.071265 0.278294 0.431701 0.640000
vn -0.913565 0.050138 0.403590
v -0.723277 0.698650 2.038600 0.278294 0.431701 0.640000
vn -0.913565 0.050138 0.403590
f 3166//3166 3167//3167 3168//3168
v -0.375888 0.499631 2.278975 0.278294 0.431701 0.640000
vn -0.285082 0.319154 0.903808
v -0.440021 0.522152 2.250793 0.278294 0.431701 0.640000
vn -0.285082 0.319154 0.903808
v -0.614116 0.514501 2.198582 0.278294 0.431701 0.640000
vn -0.285082 0.319154 0.903808
f 3169//3169 3170//3170 3171//3171
v -0.375888 0.499631 2.278975 0.278294 0.431701 0.640000
vn -0.215785 0.620237 0.754150
v -0.614116 0.514501 2.198582 0.278294 0.431701 0.640000
vn -0.215785 0.620237 0.754150
v -0.616716 0.497479 2.211837 0.278294 0.431701 0.640000
vn -0.215785 0.620237 0.754150
f 3172//3172 3173//3173 3174//3174
v -0.616716 0.497479 2.211837 0.278294 0.431701 0.640000
vn -0.577890 0.554545 0.598767
v -0.614116 0.514501 2.198582 0.278294 0.431701 0.640000
vn -0.577890 0.554545 0.598767
v -0.676073 0.514644 2.138652 0.278294 0.431701 0.640000
vn -0.577890 0.554545 0.598767
f 3175//3175 3176//3176 3177//3177
v -0.616716 0.497479 2.211837 0.278294 0.431701 0.640000
vn -0.577901 0.554530 0.598772
v -0.676073 0.514644 2.138652 0.278294 0.431701 0.640000
vn -0.577901 0.554530 0.598772
v -0.691295 0.497650 2.139700 0.278294 0.431701 0.640000
vn -0.577901 0.554530 0.598772
f 3178//3178 3179//3179 3180//3180
v -0.440021 0.613349 2.228585 0.278294 0.431701 0.640000
vn -1.000000 0.000000 0.000000
v -0.440021 0.609042 2.219663 0.278294 0.431701 0.640000
vn -1.000000 0.000000 0.000000
v -0.440021 0.517846 2.237106 0.278294 0.431701 0.640000
vn -1.000000 0.000000 0.000000
f 3181//3181 3182//3182 3183//3183
v -0.440021 0.613349 2.228585 0.278294 0.431701 0.640000
vn -1.000000 0.000000 0.000000
v -0.440021 0.517846 2.237106 0.278294 0.431701 0.640000
vn -1.000000 0.000000 0.000000
v -0.440021 0.522152 2.250793 0.278294 0.431701 0.640000
vn -1.000000 0.000000 0.000000
f 3184//3184 3185//3185 3186//3186
v -0.712480 0.632438 2.071265 0.278294 0.431701 0.640000
vn -0.034943 -0.944893 0.325510
v -0.705162 0.628131 2.059548 0.278294 0.431701 0.640000
vn -0.034943 -0.944893 0.325510
v -0.644307 0.652460 2.136702 0.278294 0.431701 0.640000
vn -0.034943 -0.944893 0.325510
f 3187//3187 3188//3188 3189//3189
v -0.712480 0.632438 2.071265 0.278294 0.431701 0.640000
vn -0.034943 -0.944893 0.325510
v -0.644307 0.652460 2.136702 0.278294 0.431701 0.640000
vn -0.034943 -0.944893 0.325510
v -0.651625 0.656767 2.148420 0.278294 0.431701 0.640000
vn -0.034943 -0.944893 0.325510
f 3190//3190 3191//3191 3192//3192
v -0.676073 0.514644 2.138652 0.278294 0.431701 0.640000
vn 0.648381 0.750272 0.129202
v -0.668755 0.510337 2.126935 0.278294 0.431701 0.640000
vn 0.648381 0.750272 0.129202
v -0.709105 0.555718 2.065897 0.278294 0.431701 0.640000
vn 0.648381 0.750272 0.129202
f 3193//3193 3194//3194 3195//3195
v -0.676073 0.514644 2.138652 0.278294 0.431701 0.640000
vn 0.648413 0.750249 0.129175
v -0.709105 0.555718 2.065897 0.278294 0.431701 0.640000
vn 0.648413 0.750249 0.129175
v -0.716423 0.560025 2.077614 0.278294 0.431701 0.640000
vn 0.648413 0.750249 0.129175
f 3196//3196 3197//3197 3198//3198
v -0.440021 0.522152 2.250793 0.278294 0.431701 0.640000
vn 0.046585 0.952878 -0.299755
v -0.440021 0.517846 2.237106 0.278294 0.431701 0.640000
vn 0.046585 0.952878 -0.299755
v -0.606798 0.510195 2.186864 0.278294 0.431701 0.640000
vn 0.046585 0.952878 -0.299755
f 3199//3199 3200//3200 3201//3201
v -0.440021 0.522152 2.250793 0.278294 0.431701 0.640000
vn 0.052881 0.947556 -0.315185
v -0.606798 0.510195 2.186864 0.278294 0.431701 0.640000
vn 0.052881 0.947556 -0.315185
v -0.614116 0.514501 2.198582 0.278294 0.431701 0.640000
vn 0.052881 0.947556 -0.315185
f 3202//3202 3203//3203 3204//3204
v -0.767223 0.943434 0.319890 0.278294 0.431701 0.640000
vn -0.906594 0.421072 0.028021
v -0.780982 0.947623 -0.188214 0.278294 0.431701 0.640000
vn -0.906594 0.421072 0.028021
v -0.852528 0.792176 -0.167110 0.278294 0.431701 0.640000
vn -0.906594 0.421072 0.028021
f 3205//3205 3206//3206 3207//3207
v -0.767223 0.943434 0.319890 0.278294 0.431701 0.640000
vn -0.912192 0.408438 0.032925
v -0.852528 0.792176 -0.167110 0.278294 0.431701 0.640000
vn -0.912192 0.408438 0.032925
v -0.838768 0.786540 0.284012 0.278294 0.431701 0.640000
vn -0.912192 0.408438 0.032925
f 3208//3208 3209//3209 3210//3210
v -0.838768 0.499631 0.271215 0.278294 0.431701 0.640000
vn -0.999385 -0.015556 0.031424
v -0.852528 0.503519 -0.164452 0.278294 0.431701 0.640000
vn -0.999385 -0.015556 0.031424
v -0.850301 0.270190 -0.209147 0.278294 0.431701 0.640000
vn -0.999385 -0.015556 0.031424
f 3211//3211 3212//3212 3213//3213
v -0.838768 0.499631 0.271215 0.278294 0.431701 0.640000
vn -0.999620 -0.006073 0.026901
v -0.850301 0.270190 -0.209147 0.278294 0.431701 0.640000
vn -0.999620 -0.006073 0.026901
v -0.838768 0.270267 0.219433 0.278294 0.431701 0.640000
vn -0.999620 -0.006073 0.026901
f 3214//3214 3215//3215 3216//3216
v -0.838768 0.788289 -0.167115 0.278294 0.431701 0.640000
vn -0.034031 -0.119059 -0.992304
v -0.852528 0.792176 -0.167110 0.278294 0.431701 0.640000
vn -0.034031 -0.119059 -0.992304
v -0.780982 0.947623 -0.188214 0.278294 0.431701 0.640000
vn -0.034031 -0.119059 -0.992304
f 3217//3217 3218//3218 3219//3219
v -0.838768 0.788289 -0.167115 0.278294 0.431701 0.640000
vn -0.036384 -0.118208 -0.992322
v -0.780982 0.947623 -0.188214 0.278294 0.431701 0.640000
vn -0.036384 -0.118208 -0.992322
v -0.767223 0.943434 -0.188220 0.278294 0.431701 0.640000
vn -0.036384 -0.118208 -0.992322
f 3220//3220 3221//3221 3222//3222
v -0.767223 0.943434 -0.188220 0.278294 0.431701 0.640000
vn 0.291279 0.956638 0.000000
v -0.780982 0.947623 -0.188214 0.278294 0.431701 0.640000
vn 0.291279 0.956638 0.000000
v -0.767223 0.943434 0.319890 0.278294 0.431701 0.640000
vn 0.291279 0.956638 0.000000
f 3223//3223 3224//3224 3225//3225
v -0.838768 0.786540 0.284012 0.278294 0.431701 0.640000
vn -0.999535 0.000281 0.030490
v -0.852528 0.792176 -0.167110 0.278294 0.431701 0.640000
vn -0.999535 0.000281 0.030490
v -0.852528 0.503519 -0.164452 0.278294 0.431701 0.640000
vn -0.999535 0.000281 0.030490
f 3226//3226 3227//3227 3228//3228
v -0.838768 0.786540 0.284012 0.278294 0.431701 0.640000
vn -0.999501 -0.001407 0.031554
v -0.852528 0.503519 -0.164452 0.278294 0.431701 0.640000
vn -0.999501 -0.001407 0.031554
v -0.838768 0.499631 0.271215 0.278294 0.431701 0.640000
vn -0.999501 -0.001407 0.031554
f 3229//3229 3230//3230 3231//3231
v 0.000000 0.686148 2.226658 0.278294 0.431701 0.640000
vn -0.027762 0.321444 0.946522
v -0.375888 0.686148 2.215633 0.278294 0.431701 0.640000
vn -0.027762 0.321444 0.946522
v -0.375888 0.499631 2.278975 0.278294 0.431701 0.640000
vn -0.027762 0.321444 0.946522
f 3232//3232 3233//3233 3234//3234
v 0.000000 0.686148 2.226658 0.278294 0.431701 0.640000
vn -0.027762 0.321444 0.946522
v -0.375888 0.499631 2.278975 0.278294 0.431701 0.640000
vn -0.027762 0.321444 0.946522
v 0.000000 0.499631 2.290000 0.278294 0.431701 0.640000
vn -0.027762 0.321444 0.946522
f 3235//3235 3236//3236 3237//3237
v -0.702108 1.009464 -1.603277 0.278294 0.431701 0.640000
vn 0.005819 0.998642 0.051775
v -0.375888 1.009464 -1.639938 0.278294 0.431701 0.640000
vn 0.005819 0.998642 0.051775
v -0.375888 1.032186 -2.078196 0.278294 0.431701 0.640000
vn 0.005819 0.998642 0.051775
f 3238//3238 3239//3239 3240//3240
v -0.702108 1.009464 -1.603277 0.278294 0.431701 0.640000
vn 0.029493 0.997251 0.067971
v -0.375888 1.032186 -2.078196 0.278294 0.431701 0.640000
vn 0.029493 0.997251 0.067971
v -0.656288 1.032186 -1.956528 0.278294 0.431701 0.640000
vn 0.029493 0.997251 0.067971
f 3241//3241 3242//3242 3243//3243
v -0.433660 0.928778 1.249207 0.278294 0.431701 0.640000
vn 0.000000 0.999458 0.032924
v 0.000000 0.928778 1.249207 0.278294 0.431701 0.640000
vn 0.000000 0.999458 0.032924
v 0.000000 0.937309 0.990233 0.278294 0.431701 0.640000
vn 0.000000 0.999458 0.032924
f 3244//3244 3245//3245 3246//3246
v -0.433660 0.928778 1.249207 0.278294 0.431701 0.640000
vn -0.000461 0.999483 0.032154
v 0.000000 0.937309 0.990233 0.278294 0.431701 0.640000
vn -0.000461 0.999483 0.032154
v -0.451713 0.937309 0.983764 0.278294 0.431701 0.640000
vn -0.000461 0.999483 0.032154
f 3247//3247 3248//3248 3249//3249
v -0.358246 0.774813 2.128153 0.278294 0.431701 0.640000
vn 0.000523 0.985862 0.167560
v 0.000000 0.773054 2.137380 0.278294 0.431701 0.640000
vn 0.000523 0.985862 0.167560
v 0.000000 0.853312 1.665171 0.278294 0.431701 0.640000
vn 0.000523 0.985862 0.167560
f 3250//3250 3251//3251 3252//3252
v -0.358246 0.774813 2.128153 0.278294 0.431701 0.640000
vn 0.000000 0.985929 0.167166
v 0.000000 0.853312 1.665171 0.278294 0.431701 0.640000
vn 0.000000 0.985929 0.167166
v -0.375888 0.853312 1.665171 0.278294 0.431701 0.640000
vn 0.000000 0.985929 0.167166
f 3253//3253 3254//3254 3255//3255
v -0.390147 0.892784 1.390750 0.278294 0.431701 0.640000
vn 0.000000 0.969154 0.246455
v 0.000000 0.892784 1.390750 0.278294 0.431701 0.640000
vn 0.000000 0.969154 0.246455
v 0.000000 0.928778 1.249207 0.278294 0.431701 0.640000
vn 0.000000 0.969154 0.246455
f 3256//3256 3257//3257 3258//3258
v -0.390147 0.892784 1.390750 0.278294 0.431701 0.640000
vn 0.000000 0.969154 0.246455
v 0.000000 0.928778 1.249207 0.278294 0.431701 0.640000
vn 0.000000 0.969154 0.246455
v -0.433660 0.928778 1.249207 0.278294 0.431701 0.640000
vn 0.000000 0.969154 0.246455
f 3259//3259 3260//3260 3261//3261
v 0.000000 0.711318 -2.220540 0.278294 0.431701 0.640000
vn -0.016131 -0.970332 -0.241239
v 0.000000 0.700410 -2.176668 0.278294 0.431701 0.640000
vn -0.016131 -0.970332 -0.241239
v -0.346571 0.700410 -2.153493 0.278294 0.431701 0.640000
vn -0.016131 -0.970332 -0.241239
f 3262//3262 3263//3263 3264//3264
v 0.000000 0.711318 -2.220540 0.278294 0.431701 0.640000
vn -0.015964 -0.970541 -0.240408
v -0.346571 0.700410 -2.153493 0.278294 0.431701 0.640000
vn -0.015964 -0.970541 -0.240408
v -0.348996 0.711318 -2.197365 0.278294 0.431701 0.640000
vn -0.015964 -0.970541 -0.240408
f 3265//3265 3266//3266 3267//3267
v -0.375888 0.499631 -2.240601 0.278294 0.431701 0.640000
vn -0.065441 0.156643 -0.985485
v -0.348996 0.527462 -2.237963 0.278294 0.431701 0.640000
vn -0.065441 0.156643 -0.985485
v 0.000000 0.527462 -2.261138 0.278294 0.431701 0.640000
vn -0.065441 0.156643 -0.985485
f 3268//3268 3269//3269 3270//3270
v -0.375888 0.499631 -2.240601 0.278294 0.431701 0.640000
vn -0.075667 0.326798 -0.942060
v 0.000000 0.527462 -2.261138 0.278294 0.431701 0.640000
vn -0.075667 0.326798 -0.942060
v 0.000000 0.499631 -2.270792 0.278294 0.431701 0.640000
vn -0.075667 0.326798 -0.942060
f 3271//3271 3272//3272 3273//3273
v -0.375888 0.739148 -2.187712 0.278294 0.431701 0.640000
vn -0.126356 0.213891 -0.968651
v -0.348996 0.711318 -2.197365 0.278294 0.431701 0.640000
vn -0.126356 0.213891 -0.968651
v -0.348996 0.527462 -2.237963 0.278294 0.431701 0.640000
vn -0.126356 0.213891 -0.968651
f 3274//3274 3275//3275 3276//3276
v -0.375888 0.739148 -2.187712 0.278294 0.431701 0.640000
vn -0.126341 0.213893 -0.968653
v -0.348996 0.527462 -2.237963 0.278294 0.431701 0.640000
vn -0.126341 0.213893 -0.968653
v -0.375888 0.499631 -2.240601 0.278294 0.431701 0.640000
vn -0.126341 0.213893 -0.968653
f 3277//3277 3278//3278 3279//3279
v -0.348996 0.527462 -2.237963 0.278294 0.431701 0.640000
vn 0.016076 0.970540 0.240402
v -0.346571 0.516555 -2.194090 0.278294 0.431701 0.640000
vn 0.016076 0.970540 0.240402
v 0.000000 0.516555 -2.217265 0.278294 0.431701 0.640000
vn 0.016076 0.970540 0.240402
f 3280//3280 3281//3281 3282//3282
v -0.348996 0.527462 -2.237963 0.278294 0.431701 0.640000
vn 0.016019 0.970333 0.241239
v 0.000000 0.516555 -2.217265 0.278294 0.431701 0.640000
vn 0.016019 0.970333 0.241239
v 0.000000 0.527462 -2.261138 0.278294 0.431701 0.640000
vn 0.016019 0.970333 0.241239
f 3283//3283 3284//3284 3285//3285
v -0.348996 0.711318 -2.197365 0.278294 0.431701 0.640000
vn 0.998564 0.011553 -0.052318
v -0.346571 0.700410 -2.153493 0.278294 0.431701 0.640000
vn 0.998564 0.011553 -0.052318
v -0.346571 0.516555 -2.194090 0.278294 0.431701 0.640000
vn 0.998564 0.011553 -0.052318
f 3286//3286 3287//3287 3288//3288
v -0.348996 0.711318 -2.197365 0.278294 0.431701 0.640000
vn 0.998564 0.011553 -0.052318
v -0.346571 0.516555 -2.194090 0.278294 0.431701 0.640000
vn 0.998564 0.011553 -0.052318
v -0.348996 0.527462 -2.237963 0.278294 0.431701 0.640000
vn 0.998564 0.011553 -0.052318
f 3289//3289 3290//3290 3291//3291
v -0.548361 0.776749 -2.098135 0.278294 0.431701 0.640000
vn 0.121862 0.944913 0.303791
v -0.539211 0.766481 -2.069871 0.278294 0.431701 0.640000
vn 0.121862 0.944913 0.303791
v -0.379241 0.769728 -2.144138 0.278294 0.431701 0.640000
vn 0.121862 0.944913 0.303791
f 3292//3292 3293//3293 3294//3294
v -0.548361 0.776749 -2.098135 0.278294 0.431701 0.640000
vn 0.140142 0.916217 0.375375
v -0.379241 0.769728 -2.144138 0.278294 0.431701 0.640000
vn 0.140142 0.916217 0.375375
v -0.388390 0.779996 -2.165785 0.278294 0.431701 0.640000
vn 0.140142 0.916217 0.375375
f 3295//3295 3296//3296 3297//3297
v -0.388390 0.779996 -2.165785 0.278294 0.431701 0.640000
vn -0.934040 -0.136224 0.330171
v -0.379241 0.769728 -2.144138 0.278294 0.431701 0.640000
vn -0.934040 -0.136224 0.330171
v -0.379241 0.933085 -2.076738 0.278294 0.431701 0.640000
vn -0.934040 -0.136224 0.330171
f 3298//3298 3299//3299 3300//3300
v -0.388390 0.779996 -2.165785 0.278294 0.431701 0.640000
vn -0.956691 -0.101517 0.272829
v -0.379241 0.933085 -2.076738 0.278294 0.431701 0.640000
vn -0.956691 -0.101517 0.272829
v -0.388390 0.943352 -2.105002 0.278294 0.431701 0.640000
vn -0.956691 -0.101517 0.272829
f 3301//3301 3302//3302 3303//3303
v -0.375888 0.739148 -2.187712 0.278294 0.431701 0.640000
vn -0.450318 0.311371 -0.836817
v -0.388390 0.779996 -2.165785 0.278294 0.431701 0.640000
vn -0.450318 0.311371 -0.836817
v -0.388390 0.943352 -2.105002 0.278294 0.431701 0.640000
vn -0.450318 0.311371 -0.836817
f 3304//3304 3305//3305 3306//3306
v -0.375888 0.739148 -2.187712 0.278294 0.431701 0.640000
vn -0.432017 0.315723 -0.844796
v -0.388390 0.943352 -2.105002 0.278294 0.431701 0.640000
vn -0.432017 0.315723 -0.844796
v -0.375888 1.032186 -2.078196 0.278294 0.431701 0.640000
vn -0.432017 0.315723 -0.844796
f 3307//3307 3308//3308 3309//3309
v -0.550098 0.733873 -2.114390 0.278294 0.431701 0.640000
vn -0.371860 0.342218 -0.862906
v -0.548361 0.776749 -2.098135 0.278294 0.431701 0.640000
vn -0.371860 0.342218 -0.862906
v -0.388390 0.779996 -2.165785 0.278294 0.431701 0.640000
vn -0.371860 0.342218 -0.862906
f 3310//3310 3311//3311 3312//3312
v -0.550098 0.733873 -2.114390 0.278294 0.431701 0.640000
vn -0.372632 0.347780 -0.860346
v -0.388390 0.779996 -2.165785 0.278294 0.431701 0.640000
vn -0.372632 0.347780 -0.860346
v -0.375888 0.739148 -2.187712 0.278294 0.431701 0.640000
vn -0.372632 0.347780 -0.860346
f 3313//3313 3314//3314 3315//3315
v -0.656288 1.032186 -1.956528 0.278294 0.431701 0.640000
vn -0.656357 0.185581 -0.731270
v -0.637233 0.940121 -1.996996 0.278294 0.431701 0.640000
vn -0.656357 0.185581 -0.731270
v -0.658293 0.806407 -2.012027 0.278294 0.431701 0.640000
vn -0.656357 0.185581 -0.731270
f 3316//3316 3317//3317 3318//3318
v -0.656288 1.032186 -1.956528 0.278294 0.431701 0.640000
vn -0.768848 0.159065 -0.619331
v -0.658293 0.806407 -2.012027 0.278294 0.431701 0.640000
vn -0.768848 0.159065 -0.619331
v -0.715273 0.686148 -1.972178 0.278294 0.431701 0.640000
vn -0.768848 0.159065 -0.619331
f 3319//3319 3320//3320 3321//3321
v -0.388390 0.943352 -2.105002 0.278294 0.431701 0.640000
vn -0.125320 -0.944825 -0.302655
v -0.379241 0.933085 -2.076738 0.278294 0.431701 0.640000
vn -0.125320 -0.944825 -0.302655
v -0.630459 0.933085 -1.972717 0.278294 0.431701 0.640000
vn -0.125320 -0.944825 -0.302655
f 3322//3322 3323//3323 3324//3324
v -0.388390 0.943352 -2.105002 0.278294 0.431701 0.640000
vn -0.096875 -0.962865 -0.252005
v -0.630459 0.933085 -1.972717 0.278294 0.431701 0.640000
vn -0.096875 -0.962865 -0.252005
v -0.637233 0.940121 -1.996996 0.278294 0.431701 0.640000
vn -0.096875 -0.962865 -0.252005
f 3325//3325 3326//3326 3327//3327
v -0.658293 0.806407 -2.012027 0.278294 0.431701 0.640000
vn 0.403042 0.889356 0.215876
v -0.650424 0.798496 -1.994128 0.278294 0.431701 0.640000
vn 0.403042 0.889356 0.215876
v -0.539211 0.766481 -2.069871 0.278294 0.431701 0.640000
vn 0.403042 0.889356 0.215876
f 3328//3328 3329//3329 3330//3330
v -0.658293 0.806407 -2.012027 0.278294 0.431701 0.640000
vn 0.396462 0.896592 0.197336
v -0.539211 0.766481 -2.069871 0.278294 0.431701 0.640000
vn 0.396462 0.896592 0.197336
v -0.548361 0.776749 -2.098135 0.278294 0.431701 0.640000
vn 0.396462 0.896592 0.197336
f 3331//3331 3332//3332 3333//3333
v -0.637233 0.940121 -1.996996 0.278294 0.431701 0.640000
vn 0.951465 -0.094555 -0.292873
v -0.630459 0.933085 -1.972717 0.278294 0.431701 0.640000
vn 0.951465 -0.094555 -0.292873
v -0.650424 0.798496 -1.994128 0.278294 0.431701 0.640000
vn 0.951465 -0.094555 -0.292873
f 3334//3334 3335//3335 3336//3336
v -0.637233 0.940121 -1.996996 0.278294 0.431701 0.640000
vn 0.895882 -0.092248 -0.434609
v -0.650424 0.798496 -1.994128 0.278294 0.431701 0.640000
vn 0.895882 -0.092248 -0.434609
v -0.658293 0.806407 -2.012027 0.278294 0.431701 0.640000
vn 0.895882 -0.092248 -0.434609
f 3337//3337 3338//3338 3339//3339
v -0.838768 0.275098 0.934360 0.278294 0.431701 0.640000
vn -0.998776 -0.007505 0.048885
v -0.838768 0.210241 0.924403 0.278294 0.431701 0.640000
vn -0.998776 -0.007505 0.048885
v -0.835758 0.210241 0.985899 0.278294 0.431701 0.640000
vn -0.998776 -0.007505 0.048885
f 3340//3340 3341//3341 3342//3342
v -0.838768 0.275098 0.934360 0.278294 0.431701 0.640000
vn -0.998751 -0.007037 0.049472
v -0.835758 0.210241 0.985899 0.278294 0.431701 0.640000
vn -0.998751 -0.007037 0.049472
v -0.835758 0.269038 0.994262 0.278294 0.431701 0.640000
vn -0.998751 -0.007037 0.049472
f 3343//3343 3344//3344 3345//3345
v -0.563345 0.622116 2.177920 0.278294 0.431701 0.640000
vn -0.235786 -0.875161 0.422491
v -0.440021 0.609042 2.219663 0.278294 0.431701 0.640000
vn -0.235786 -0.875161 0.422491
v -0.440021 0.613349 2.228585 0.278294 0.431701 0.640000
vn -0.235786 -0.875161 0.422491
f 3346//3346 3347//3347 3348//3348
v -0.563345 0.622116 2.177920 0.278294 0.431701 0.640000
vn -0.130499 -0.980338 0.148014
v -0.440021 0.613349 2.228585 0.278294 0.431701 0.640000
vn -0.130499 -0.980338 0.148014
v -0.566284 0.624529 2.191315 0.278294 0.431701 0.640000
vn -0.130499 -0.980338 0.148014
f 3349//3349 3350//3350 3351//3351
v -0.566284 0.624529 2.191315 0.278294 0.431701 0.640000
vn -0.233508 0.365987 0.900848
v -0.440021 0.613349 2.228585 0.278294 0.431701 0.640000
vn -0.233508 0.365987 0.900848
v -0.375888 0.686148 2.215633 0.278294 0.431701 0.640000
vn -0.233508 0.365987 0.900848
f 3352//3352 3353//3353 3354//3354
v -0.676169 1.141883 -0.731810 0.278294 0.431701 0.640000
vn -0.279137 -0.277471 0.919289
v -0.682993 1.146602 -0.732458 0.278294 0.431701 0.640000
vn -0.279137 -0.277471 0.919289
v -0.757691 0.980260 -0.805347 0.278294 0.431701 0.640000
vn -0.279137 -0.277471 0.919289
f 3355//3355 3356//3356 3357//3357
v -0.676169 1.141883 -0.731810 0.278294 0.431701 0.640000
vn -0.314987 -0.256838 0.913684
v -0.757691 0.980260 -0.805347 0.278294 0.431701 0.640000
vn -0.314987 -0.256838 0.913684
v -0.750249 0.974155 -0.804497 0.278294 0.431701 0.640000
vn -0.314987 -0.256838 0.913684
f 3358//3358 3359//3359 3360//3360
v -0.627234 1.311848 -0.744946 0.278294 0.431701 0.640000
vn -0.738474 0.663842 -0.118197
v -0.624934 1.328614 -0.665153 0.278294 0.431701 0.640000
vn -0.738474 0.663842 -0.118197
v -0.586234 1.366862 -0.692127 0.278294 0.431701 0.640000
vn -0.738474 0.663842 -0.118197
f 3361//3361 3362//3362 3363//3363
v -0.680989 1.140092 -0.805981 0.278294 0.431701 0.640000
vn -0.945318 0.321605 -0.054253
v -0.682993 1.146602 -0.732458 0.278294 0.431701 0.640000
vn -0.945318 0.321605 -0.054253
v -0.624934 1.328614 -0.665153 0.278294 0.431701 0.640000
vn -0.945318 0.321605 -0.054253
f 3364//3364 3365//3365 3366//3366
v -0.680989 1.140092 -0.805981 0.278294 0.431701 0.640000
vn -0.949747 0.310713 -0.037910
v -0.624934 1.328614 -0.665153 0.278294 0.431701 0.640000
vn -0.949747 0.310713 -0.037910
v -0.627234 1.311848 -0.744946 0.278294 0.431701 0.640000
vn -0.949747 0.310713 -0.037910
f 3367//3367 3368//3368 3369//3369
v -0.743397 0.974155 -0.876600 0.278294 0.431701 0.640000
vn 0.179908 0.327145 -0.927690
v -0.750985 0.980260 -0.875919 0.278294 0.431701 0.640000
vn 0.179908 0.327145 -0.927690
v -0.680989 1.140092 -0.805981 0.278294 0.431701 0.640000
vn 0.179908 0.327145 -0.927690
f 3370//3370 3371//3371 3372//3372
v -0.743397 0.974155 -0.876600 0.278294 0.431701 0.640000
vn 0.283018 0.283500 -0.916258
v -0.680989 1.140092 -0.805981 0.278294 0.431701 0.640000
vn 0.283018 0.283500 -0.916258
v -0.674164 1.135373 -0.805333 0.278294 0.431701 0.640000
vn 0.283018 0.283500 -0.916258
f 3373//3373 3374//3374 3375//3375
v -0.618246 1.320418 -0.664949 0.278294 0.431701 0.640000
vn -0.319030 -0.237510 0.917501
v -0.624934 1.328614 -0.665153 0.278294 0.431701 0.640000
vn -0.319030 -0.237510 0.917501
v -0.682993 1.146602 -0.732458 0.278294 0.431701 0.640000
vn -0.319030 -0.237510 0.917501
f 3376//3376 3377//3377 3378//3378
v -0.618246 1.320418 -0.664949 0.278294 0.431701 0.640000
vn -0.268101 -0.260379 0.927537
v -0.682993 1.146602 -0.732458 0.278294 0.431701 0.640000
vn -0.268101 -0.260379 0.927537
v -0.676169 1.141883 -0.731810 0.278294 0.431701 0.640000
vn -0.268101 -0.260379 0.927537
f 3379//3379 3380//3380 3381//3381
v 0.000000 1.460000 -0.278887 0.278294 0.431701 0.640000
vn 0.055400 0.998017 0.029881
v 0.000000 1.445909 0.191769 0.278294 0.431701 0.640000
vn 0.055400 0.998017 0.029881
v 0.376000 1.425134 0.188534 0.278294 0.431701 0.640000
vn 0.055400 0.998017 0.029881
f 3382//3382 3383//3383 3384//3384
v 0.000000 1.460000 -0.278887 0.278294 0.431701 0.640000
vn 0.000000 0.997229 0.074386
v 0.376000 1.425134 0.188534 0.278294 0.431701 0.640000
vn 0.000000 0.997229 0.074386
v 0.376000 1.460000 -0.278887 0.278294 0.431701 0.640000
vn 0.000000 0.997229 0.074386
f 3385//3385 3386//3386 3387//3387
v 0.000000 1.445909 0.191769 0.278294 0.431701 0.640000
vn 0.000000 0.999552 0.029927
v 0.000000 1.460000 -0.278887 0.278294 0.431701 0.640000
vn 0.000000 0.999552 0.029927
v -0.376000 1.460000 -0.278887 0.278294 0.431701 0.640000
vn 0.000000 0.999552 0.029927
f 3388//3388 3389//3389 3390//3390
v 0.000000 1.445909 0.191769 0.278294 0.431701 0.640000
vn -0.055653 0.995684 0.074271
v -0.376000 1.460000 -0.278887 0.278294 0.431701 0.640000
vn -0.055653 0.995684 0.074271
v -0.376000 1.425134 0.188534 0.278294 0.431701 0.640000
vn -0.055653 0.995684 0.074271
f 3391//3391 3392//3392 3393//3393
v -0.595583 1.374359 -0.222296 0.278294 0.431701 0.640000
vn -0.900806 0.426908 0.079363
v -0.581720 1.414334 -0.279974 0.278294 0.431701 0.640000
vn -0.900806 0.426908 0.079363
v -0.596833 1.380988 -0.272138 0.278294 0.431701 0.640000
vn -0.900806 0.426908 0.079363
f 3394//3394 3395//3395 3396//3396
v -0.601134 1.387251 -0.308641 0.278294 0.431701 0.640000
vn -0.915457 0.400299 0.041217
v -0.687235 1.184987 -0.256626 0.278294 0.431701 0.640000
vn -0.915457 0.400299 0.041217
v -0.689022 1.177574 -0.224330 0.278294 0.431701 0.640000
vn -0.915457 0.400299 0.041217
f 3397//3397 3398//3398 3399//3399
v -0.601134 1.387251 -0.308641 0.278294 0.431701 0.640000
vn -0.879551 0.440750 0.179247
v -0.689022 1.177574 -0.224330 0.278294 0.431701 0.640000
vn -0.879551 0.440750 0.179247
v -0.596833 1.380988 -0.272138 0.278294 0.431701 0.640000
vn -0.879551 0.440750 0.179247
f 3400//3400 3401//3401 3402//3402
v -0.757663 0.968450 -0.142145 0.278294 0.431701 0.640000
vn -0.940733 0.333339 0.062502
v -0.687171 1.173312 -0.173740 0.278294 0.431701 0.640000
vn -0.940733 0.333339 0.062502
v -0.689022 1.177574 -0.224330 0.278294 0.431701 0.640000
vn -0.940733 0.333339 0.062502
f 3403//3403 3404//3404 3405//3405
v -0.757663 0.968450 -0.142145 0.278294 0.431701 0.640000
vn -0.947183 0.319878 0.022860
v -0.689022 1.177574 -0.224330 0.278294 0.431701 0.640000
vn -0.947183 0.319878 0.022860
v -0.756662 0.975056 -0.193097 0.278294 0.431701 0.640000
vn -0.947183 0.319878 0.022860
f 3406//3406 3407//3407 3408//3408
v -0.270006 0.464977 2.280640 0.278294 0.431701 0.640000
vn 0.000000 -1.000000 0.000000
v -0.269222 0.464977 2.261199 0.278294 0.431701 0.640000
vn 0.000000 -1.000000 0.000000
v 0.000000 0.464977 2.268892 0.278294 0.431701 0.640000
vn 0.000000 -1.000000 0.000000
f 3409//3409 3410//3410 3411//3411
v -0.270006 0.464977 2.280640 0.278294 0.431701 0.640000
vn 0.000000 -1.000000 0.000000
v 0.000000 0.464977 2.268892 0.278294 0.431701 0.640000
vn 0.000000 -1.000000 0.000000
v 0.000000 0.464977 2.288334 0.278294 0.431701 0.640000
vn 0.000000 -1.000000 0.000000
f 3412//3412 3413//3413 3414//3414
v -0.375888 0.499631 2.278975 0.278294 0.431701 0.640000
vn -0.028465 -0.038992 0.998834
v -0.270006 0.464977 2.280640 0.278294 0.431701 0.640000
vn -0.028465 -0.038992 0.998834
v 0.000000 0.464977 2.288334 0.278294 0.431701 0.640000
vn -0.028465 -0.038992 0.998834
f 3415//3415 3416//3416 3417//3417
v -0.375888 0.499631 2.278975 0.278294 0.431701 0.640000
vn -0.029284 -0.047989 0.998418
v 0.000000 0.464977 2.288334 0.278294 0.431701 0.640000
vn -0.029284 -0.047989 0.998418
v 0.000000 0.499631 2.290000 0.278294 0.431701 0.640000
vn -0.029284 -0.047989 0.998418
f 3418//3418 3419//3419 3420//3420
v -0.611792 0.270267 2.222450 0.278294 0.431701 0.640000
vn -0.695105 0.018503 0.718670
v -0.616716 0.497479 2.211837 0.278294 0.431701 0.640000
vn -0.695105 0.018503 0.718670
v -0.691295 0.497650 2.139700 0.278294 0.431701 0.640000
vn -0.695105 0.018503 0.718670
f 3421//3421 3422//3422 3423//3423
v -0.611792 0.270267 2.222450 0.278294 0.431701 0.640000
vn -0.683264 0.026652 0.729685
v -0.691295 0.497650 2.139700 0.278294 0.431701 0.640000
vn -0.683264 0.026652 0.729685
v -0.687007 0.271029 2.151992 0.278294 0.431701 0.640000
vn -0.683264 0.026652 0.729685
f 3424//3424 3425//3425 3426//3426
v 0.000000 0.304923 2.288334 0.278294 0.431701 0.640000
vn 0.000000 1.000000 0.000000
v 0.000000 0.304923 2.268892 0.278294 0.431701 0.640000
vn 0.000000 1.000000 0.000000
v -0.269222 0.304923 2.261199 0.278294 0.431701 0.640000
vn 0.000000 1.000000 0.000000
f 3427//3427 3428//3428 3429//3429
v 0.000000 0.304923 2.288334 0.278294 0.431701 0.640000
vn 0.000000 1.000000 0.000000
v -0.269222 0.304923 2.261199 0.278294 0.431701 0.640000
vn 0.000000 1.000000 0.000000
v -0.270006 0.304923 2.280640 0.278294 0.431701 0.640000
vn 0.000000 1.000000 0.000000
f 3430//3430 3431//3431 3432//3432
v -0.270006 0.304923 2.280640 0.278294 0.431701 0.640000
vn 0.999187 0.000000 0.040317
v -0.269222 0.304923 2.261199 0.278294 0.431701 0.640000
vn 0.999187 0.000000 0.040317
v -0.269222 0.464977 2.261199 0.278294 0.431701 0.640000
vn 0.999187 0.000000 0.040317
f 3433//3433 3434//3434 3435//3435
v -0.270006 0.304923 2.280640 0.278294 0.431701 0.640000
vn 0.999187 0.000000 0.040317
v -0.269222 0.464977 2.261199 0.278294 0.431701 0.640000
vn 0.999187 0.000000 0.040317
v -0.270006 0.464977 2.280640 0.278294 0.431701 0.640000
vn 0.999187 0.000000 0.040317
f 3436//3436 3437//3437 3438//3438
v 0.745804 0.499631 2.012333 0.278294 0.431701 0.640000
vn 0.942694 0.063469 0.327566
v 0.769904 0.699541 1.904241 0.278294 0.431701 0.640000
vn 0.942694 0.063469 0.327566
v 0.723277 0.698650 2.038600 0.278294 0.431701 0.640000
vn 0.942694 0.063469 0.327566
f 3439//3439 3440//3440 3441//3441
v -0.769904 0.699541 1.904241 0.278294 0.431701 0.640000
vn -0.942694 0.063469 0.327566
v -0.745804 0.499631 2.012333 0.278294 0.431701 0.640000
vn -0.942694 0.063469 0.327566
v -0.723277 0.698650 2.038600 0.278294 0.431701 0.640000
vn -0.942694 0.063469 0.327566
f 3442//3442 3443//3443 3444//3444
g Windows
v 0.000000 0.948270 0.934059 0.028481 0.028481 0.028481
vn 0.007299 0.808601 0.588312
v 0.459471 0.948270 0.928359 0.028481 0.028481 0.028481
vn 0.007299 0.808601 0.588312
v 0.436102 1.152528 0.647907 0.028481 0.028481 0.028481
vn 0.007299 0.808601 0.588312
f 3445//3445 3446//3446 3447//3447
v 0.000000 0.948270 0.934059 0.028481 0.028481 0.028481
vn 0.007695 0.808309 0.588708
v 0.436102 1.152528 0.647907 0.028481 0.028481 0.028481
vn 0.007695 0.808309 0.588708
v 0.000000 1.152528 0.653607 0.028481 0.028481 0.028481
vn 0.007695 0.808309 0.588708
f 3448//3448 3449//3449 3450//3450
v 0.459471 0.948270 0.928359 0.028481 0.028481 0.028481
vn 0.192306 0.815760 0.545485
v 0.709885 0.948270 0.840077 0.028481 0.028481 0.028481
vn 0.192306 0.815760 0.545485
v 0.638935 1.152528 0.559626 0.028481 0.028481 0.028481
vn 0.192306 0.815760 0.545485
f 3451//3451 3452//3452 3453//3453
v 0.459471 0.948270 0.928359 0.028481 0.028481 0.028481
vn 0.242782 0.793664 0.557812
v 0.638935 1.152528 0.559626 0.028481 0.028481 0.028481
vn 0.242782 0.793664 0.557812
v 0.436102 1.152528 0.647907 0.028481 0.028481 0.028481
vn 0.242782 0.793664 0.557812
f 3454//3454 3455//3455 3456//3456
v 0.558533 1.337726 0.209737 0.028481 0.028481 0.028481
vn 0.261807 0.860575 0.436883
v 0.383745 1.381737 0.227785 0.028481 0.028481 0.028481
vn 0.261807 0.860575 0.436883
v 0.436102 1.152528 0.647907 0.028481 0.028481 0.028481
vn 0.261807 0.860575 0.436883
f 3457//3457 3458//3458 3459//3459
v 0.558533 1.337726 0.209737 0.028481 0.028481 0.028481
vn 0.185444 0.885479 0.426072
v 0.436102 1.152528 0.647907 0.028481 0.028481 0.028481
vn 0.185444 0.885479 0.426072
v 0.638935 1.152528 0.559626 0.028481 0.028481 0.028481
vn 0.185444 0.885479 0.426072
f 3460//3460 3461//3461 3462//3462
v 0.383745 1.381737 0.227785 0.028481 0.028481 0.028481
vn 0.050320 0.859795 0.508153
v 0.000000 1.402512 0.230635 0.028481 0.028481 0.028481
vn 0.050320 0.859795 0.508153
v 0.000000 1.152528 0.653607 0.028481 0.028481 0.028481
vn 0.050320 0.859795 0.508153
f 3463//3463 3464//3464 3465//3465
v 0.383745 1.381737 0.227785 0.028481 0.028481 0.028481
vn 0.006252 0.878161 0.478325
v 0.000000 1.152528 0.653607 0.028481 0.028481 0.028481
vn 0.006252 0.878161 0.478325
v 0.436102 1.152528 0.647907 0.028481 0.028481 0.028481
vn 0.006252 0.878161 0.478325
f 3466//3466 3467//3467 3468//3468
v 0.750018 0.961348 0.287327 0.028481 0.028481 0.028481
vn 0.945587 0.325370 0.000000
v 0.750018 0.961348 -0.142890 0.028481 0.028481 0.028481
vn 0.945587 0.325370 0.000000
v 0.679526 1.166209 -0.174484 0.028481 0.028481 0.028481
vn 0.945587 0.325370 0.000000
f 3469//3469 3470//3470 3471//3471
v 0.750018 0.961348 0.287327 0.028481 0.028481 0.028481
vn 0.942578 0.333960 0.004270
v 0.679526 1.166209 -0.174484 0.028481 0.028481 0.028481
vn 0.942578 0.333960 0.004270
v 0.676696 1.169141 0.221062 0.028481 0.028481 0.028481
vn 0.942578 0.333960 0.004270
f 3472//3472 3473//3473 3474//3474
v 0.731629 0.961348 0.780508 0.028481 0.028481 0.028481
vn 0.938881 0.342458 0.035007
v 0.750018 0.961348 0.287327 0.028481 0.028481 0.028481
vn 0.938881 0.342458 0.035007
v 0.676696 1.169141 0.221062 0.028481 0.028481 0.028481
vn 0.938881 0.342458 0.035007
f 3475//3475 3476//3476 3477//3477
v 0.731629 0.961348 0.780508 0.028481 0.028481 0.028481
vn 0.907088 0.415832 0.065382
v 0.676696 1.169141 0.221062 0.028481 0.028481 0.028481
vn 0.907088 0.415832 0.065382
v 0.661165 1.158852 0.501973 0.028481 0.028481 0.028481
vn 0.907088 0.415832 0.065382
f 3478//3478 3479//3479 3480//3480
v 0.676696 1.169141 0.221062 0.028481 0.028481 0.028481
vn 0.909584 0.415506 0.003429
v 0.679526 1.166209 -0.174484 0.028481 0.028481 0.028481
vn 0.909584 0.415506 0.003429
v 0.588842 1.365128 -0.223091 0.028481 0.028481 0.028481
vn 0.909584 0.415506 0.003429
f 3481//3481 3482//3482 3483//3483
v 0.676696 1.169141 0.221062 0.028481 0.028481 0.028481
vn 0.867091 0.495899 0.047308
v 0.588842 1.365128 -0.223091 0.028481 0.028481 0.028481
vn 0.867091 0.495899 0.047308
v 0.581071 1.342697 0.154473 0.028481 0.028481 0.028481
vn 0.867091 0.495899 0.047308
f 3484//3484 3485//3485 3486//3486
v 0.661165 1.158852 0.501973 0.028481 0.028481 0.028481
vn 0.863012 0.500846 0.066059
v 0.676696 1.169141 0.221062 0.028481 0.028481 0.028481
vn 0.863012 0.500846 0.066059
v 0.581071 1.342697 0.154473 0.028481 0.028481 0.028481
vn 0.863012 0.500846 0.066059
f 3487//3487 3488//3488 3489//3489
v 0.750249 0.974155 -0.221875 0.028481 0.028481 0.028481
vn 0.914753 0.404014 0.000000
v 0.750249 0.974155 -0.804497 0.028481 0.028481 0.028481
vn 0.914753 0.404014 0.000000
v 0.676169 1.141883 -0.731810 0.028481 0.028481 0.028481
vn 0.914753 0.404014 0.000000
f 3490//3490 3491//3491 3492//3492
v 0.750249 0.974155 -0.221875 0.028481 0.028481 0.028481
vn 0.946708 0.320488 -0.032115
v 0.676169 1.141883 -0.731810 0.028481 0.028481 0.028481
vn 0.946708 0.320488 -0.032115
v 0.679792 1.178882 -0.255776 0.028481 0.028481 0.028481
vn 0.946708 0.320488 -0.032115
f 3493//3493 3494//3494 3495//3495
v 0.679792 1.178882 -0.255776 0.028481 0.028481 0.028481
vn 0.947121 0.319274 -0.032024
v 0.676169 1.141883 -0.731810 0.028481 0.028481 0.028481
vn 0.947121 0.319274 -0.032024
v 0.618246 1.320418 -0.664949 0.028481 0.028481 0.028481
vn 0.947121 0.319274 -0.032024
f 3496//3496 3497//3497 3498//3498
v 0.679792 1.178882 -0.255776 0.028481 0.028481 0.028481
vn 0.920212 0.391409 -0.003024
v 0.618246 1.320418 -0.664949 0.028481 0.028481 0.028481
vn 0.920212 0.391409 -0.003024
v 0.594474 1.379066 -0.307844 0.028481 0.028481 0.028481
vn 0.920212 0.391409 -0.003024
f 3499//3499 3500//3500 3501//3501
v 0.623604 1.280149 -0.859224 0.028481 0.028481 0.028481
vn 0.947827 0.316337 -0.039421
v 0.620458 1.303785 -0.745191 0.028481 0.028481 0.028481
vn 0.947827 0.316337 -0.039421
v 0.674164 1.135373 -0.805333 0.028481 0.028481 0.028481
vn 0.947827 0.316337 -0.039421
f 3502//3502 3503//3503 3504//3504
v 0.617599 1.111283 -1.260922 0.028481 0.028481 0.028481
vn 0.036424 0.889828 -0.454840
v 0.353474 1.111283 -1.282073 0.028481 0.028481 0.028481
vn 0.036424 0.889828 -0.454840
v 0.353539 1.287754 -0.936828 0.028481 0.028481 0.028481
vn 0.036424 0.889828 -0.454840
f 3505//3505 3506//3506 3507//3507
v 0.617599 1.111283 -1.260922 0.028481 0.028481 0.028481
vn 0.018892 0.884473 -0.466209
v 0.353539 1.287754 -0.936828 0.028481 0.028481 0.028481
vn 0.018892 0.884473 -0.466209
v 0.526721 1.284216 -0.936522 0.028481 0.028481 0.028481
vn 0.018892 0.884473 -0.466209
f 3508//3508 3509//3509 3510//3510
v 0.353474 1.111283 -1.282073 0.028481 0.028481 0.028481
vn 0.010993 0.894884 -0.446163
v 0.000000 1.111283 -1.290782 0.028481 0.028481 0.028481
vn 0.010993 0.894884 -0.446163
v 0.000000 1.287754 -0.936828 0.028481 0.028481 0.028481
vn 0.010993 0.894884 -0.446163
f 3511//3511 3512//3512 3513//3513
v 0.353474 1.111283 -1.282073 0.028481 0.028481 0.028481
vn 0.000000 0.890421 -0.455137
v 0.000000 1.287754 -0.936828 0.028481 0.028481 0.028481
vn 0.000000 0.890421 -0.455137
v 0.353539 1.287754 -0.936828 0.028481 0.028481 0.028481
vn 0.000000 0.890421 -0.455137
f 3514//3514 3515//3515 3516//3516
v 0.348487 1.028006 -1.452051 0.028481 0.028481 0.028481
vn 0.017306 0.903149 -0.428977
v 0.000000 1.028006 -1.466110 0.028481 0.028481 0.028481
vn 0.017306 0.903149 -0.428977
v 0.000000 1.111283 -1.290782 0.028481 0.028481 0.028481
vn 0.017306 0.903149 -0.428977
f 3517//3517 3518//3518 3519//3519
v 0.348487 1.028006 -1.452051 0.028481 0.028481 0.028481
vn 0.010846 0.897837 -0.440194
v 0.000000 1.111283 -1.290782 0.028481 0.028481 0.028481
vn 0.010846 0.897837 -0.440194
v 0.353474 1.111283 -1.282073 0.028481 0.028481 0.028481
vn 0.010846 0.897837 -0.440194
f 3520//3520 3521//3521 3522//3522
v 0.638156 1.028006 -1.417910 0.028481 0.028481 0.028481
vn 0.051930 0.896201 -0.440598
v 0.348487 1.028006 -1.452051 0.028481 0.028481 0.028481
vn 0.051930 0.896201 -0.440598
v 0.353474 1.111283 -1.282073 0.028481 0.028481 0.028481
vn 0.051930 0.896201 -0.440598
f 3523//3523 3524//3524 3525//3525
v 0.638156 1.028006 -1.417910 0.028481 0.028481 0.028481
vn 0.037196 0.884799 -0.464486
v 0.353474 1.111283 -1.282073 0.028481 0.028481 0.028481
vn 0.037196 0.884799 -0.464486
v 0.617599 1.111283 -1.260922 0.028481 0.028481 0.028481
vn 0.037196 0.884799 -0.464486
f 3526//3526 3527//3527 3528//3528
v 0.674164 1.135373 -0.805333 0.028481 0.028481 0.028481
vn 0.948219 0.314422 -0.044934
v 0.668311 1.116366 -1.061837 0.028481 0.028481 0.028481
vn 0.948219 0.314422 -0.044934
v 0.623604 1.280149 -0.859224 0.028481 0.028481 0.028481
vn 0.948219 0.314422 -0.044934
f 3529//3529 3530//3530 3531//3531
v 0.674164 1.135373 -0.805333 0.028481 0.028481 0.028481
vn 0.901197 0.424864 -0.085642
v 0.743397 0.974155 -0.876600 0.028481 0.028481 0.028481
vn 0.901197 0.424864 -0.085642
v 0.718333 0.974155 -1.140344 0.028481 0.028481 0.028481
vn 0.901197 0.424864 -0.085642
f 3532//3532 3533//3533 3534//3534
v 0.674164 1.135373 -0.805333 0.028481 0.028481 0.028481
vn 0.933764 0.354712 -0.047589
v 0.718333 0.974155 -1.140344 0.028481 0.028481 0.028481
vn 0.933764 0.354712 -0.047589
v 0.668311 1.116366 -1.061837 0.028481 0.028481 0.028481
vn 0.933764 0.354712 -0.047589
f 3535//3535 3536//3536 3537//3537
v 0.000000 0.948270 0.934059 0.028481 0.028481 0.028481
vn -0.007695 0.808309 0.588708
v 0.000000 1.152528 0.653607 0.028481 0.028481 0.028481
vn -0.007695 0.808309 0.588708
v -0.436102 1.152528 0.647907 0.028481 0.028481 0.028481
vn -0.007695 0.808309 0.588708
f 3538//3538 3539//3539 3540//3540
v 0.000000 0.948270 0.934059 0.028481 0.028481 0.028481
vn -0.007299 0.808601 0.588312
v -0.436102 1.152528 0.647907 0.028481 0.028481 0.028481
vn -0.007299 0.808601 0.588312
v -0.459472 0.948270 0.928359 0.028481 0.028481 0.028481
vn -0.007299 0.808601 0.588312
f 3541//3541 3542//3542 3543//3543
v -0.459472 0.948270 0.928359 0.028481 0.028481 0.028481
vn -0.242782 0.793665 0.557811
v -0.436102 1.152528 0.647907 0.028481 0.028481 0.028481
vn -0.242782 0.793665 0.557811
v -0.638935 1.152528 0.559626 0.028481 0.028481 0.028481
vn -0.242782 0.793665 0.557811
f 3544//3544 3545//3545 3546//3546
v -0.459472 0.948270 0.928359 0.028481 0.028481 0.028481
vn -0.192307 0.815760 0.545485
v -0.638935 1.152528 0.559626 0.028481 0.028481 0.028481
vn -0.192307 0.815760 0.545485
v -0.709885 0.948270 0.840077 0.028481 0.028481 0.028481
vn -0.192307 0.815760 0.545485
f 3547//3547 3548//3548 3549//3549
v -0.558533 1.337726 0.209737 0.028481 0.028481 0.028481
vn -0.185444 0.885479 0.426072
v -0.638935 1.152528 0.559626 0.028481 0.028481 0.028481
vn -0.185444 0.885479 0.426072
v -0.436102 1.152528 0.647907 0.028481 0.028481 0.028481
vn -0.185444 0.885479 0.426072
f 3550//3550 3551//3551 3552//3552
v -0.558533 1.337726 0.209737 0.028481 0.028481 0.028481
vn -0.261807 0.860575 0.436883
v -0.436102 1.152528 0.647907 0.028481 0.028481 0.028481
vn -0.261807 0.860575 0.436883
v -0.383745 1.381737 0.227785 0.028481 0.028481 0.028481
vn -0.261807 0.860575 0.436883
f 3553//3553 3554//3554 3555//3555
v -0.383745 1.381737 0.227785 0.028481 0.028481 0.028481
vn -0.006252 0.878161 0.478325
v -0.436102 1.152528 0.647907 0.028481 0.028481 0.028481
vn -0.006252 0.878161 0.478325
v 0.000000 1.152528 0.653607 0.028481 0.028481 0.028481
vn -0.006252 0.878161 0.478325
f 3556//3556 3557//3557 3558//3558
v -0.383745 1.381737 0.227785 0.028481 0.028481 0.028481
vn -0.050320 0.859795 0.508153
v 0.000000 1.152528 0.653607 0.028481 0.028481 0.028481
vn -0.050320 0.859795 0.508153
v 0.000000 1.402512 0.230635 0.028481 0.028481 0.028481
vn -0.050320 0.859795 0.508153
f 3559//3559 3560//3560 3561//3561
v -0.750018 0.961348 0.287327 0.028481 0.028481 0.028481
vn -0.942579 0.333955 0.004267
v -0.676697 1.169141 0.221062 0.028481 0.028481 0.028481
vn -0.942579 0.333955 0.004267
v -0.679526 1.166209 -0.174484 0.028481 0.028481 0.028481
vn -0.942579 0.333955 0.004267
f 3562//3562 3563//3563 3564//3564
v -0.750018 0.961348 0.287327 0.028481 0.028481 0.028481
vn -0.945587 0.325370 0.000000
v -0.679526 1.166209 -0.174484 0.028481 0.028481 0.028481
vn -0.945587 0.325370 0.000000
v -0.750018 0.961348 -0.142890 0.028481 0.028481 0.028481
vn -0.945587 0.325370 0.000000
f 3565//3565 3566//3566 3567//3567
v -0.731629 0.961348 0.780508 0.028481 0.028481 0.028481
vn -0.907086 0.415836 0.065385
v -0.661165 1.158852 0.501973 0.028481 0.028481 0.028481
vn -0.907086 0.415836 0.065385
v -0.676697 1.169141 0.221062 0.028481 0.028481 0.028481
vn -0.907086 0.415836 0.065385
f 3568//3568 3569//3569 3570//3570
v -0.731629 0.961348 0.780508 0.028481 0.028481 0.028481
vn -0.938882 0.342454 0.035007
v -0.676697 1.169141 0.221062 0.028481 0.028481 0.028481
vn -0.938882 0.342454 0.035007
v -0.750018 0.961348 0.287327 0.028481 0.028481 0.028481
vn -0.938882 0.342454 0.035007
f 3571//3571 3572//3572 3573//3573
v -0.676697 1.169141 0.221062 0.028481 0.028481 0.028481
vn -0.867088 0.495903 0.047308
v -0.581071 1.342697 0.154473 0.028481 0.028481 0.028481
vn -0.867088 0.495903 0.047308
v -0.588842 1.365128 -0.223091 0.028481 0.028481 0.028481
vn -0.867088 0.495903 0.047308
f 3574//3574 3575//3575 3576//3576
v -0.676697 1.169141 0.221062 0.028481 0.028481 0.028481
vn -0.909584 0.415506 0.003427
v -0.588842 1.365128 -0.223091 0.028481 0.028481 0.028481
vn -0.909584 0.415506 0.003427
v -0.679526 1.166209 -0.174484 0.028481 0.028481 0.028481
vn -0.909584 0.415506 0.003427
f 3577//3577 3578//3578 3579//3579
v -0.661165 1.158852 0.501973 0.028481 0.028481 0.028481
vn -0.863009 0.500850 0.066062
v -0.581071 1.342697 0.154473 0.028481 0.028481 0.028481
vn -0.863009 0.500850 0.066062
v -0.676697 1.169141 0.221062 0.028481 0.028481 0.028481
vn -0.863009 0.500850 0.066062
f 3580//3580 3581//3581 3582//3582
v -0.750249 0.974155 -0.221875 0.028481 0.028481 0.028481
vn -0.946708 0.320488 -0.032115
v -0.679792 1.178882 -0.255776 0.028481 0.028481 0.028481
vn -0.946708 0.320488 -0.032115
v -0.676169 1.141883 -0.731810 0.028481 0.028481 0.028481
vn -0.946708 0.320488 -0.032115
f 3583//3583 3584//3584 3585//3585
v -0.750249 0.974155 -0.221875 0.028481 0.028481 0.028481
vn -0.914753 0.404014 0.000000
v -0.676169 1.141883 -0.731810 0.028481 0.028481 0.028481
vn -0.914753 0.404014 0.000000
v -0.750249 0.974155 -0.804497 0.028481 0.028481 0.028481
vn -0.914753 0.404014 0.000000
f 3586//3586 3587//3587 3588//3588
v -0.679792 1.178882 -0.255776 0.028481 0.028481 0.028481
vn -0.920212 0.391409 -0.003024
v -0.594474 1.379066 -0.307844 0.028481 0.028481 0.028481
vn -0.920212 0.391409 -0.003024
v -0.618246 1.320418 -0.664949 0.028481 0.028481 0.028481
vn -0.920212 0.391409 -0.003024
f 3589//3589 3590//3590 3591//3591
v -0.679792 1.178882 -0.255776 0.028481 0.028481 0.028481
vn -0.947121 0.319274 -0.032024
v -0.618246 1.320418 -0.664949 0.028481 0.028481 0.028481
vn -0.947121 0.319274 -0.032024
v -0.676169 1.141883 -0.731810 0.028481 0.028481 0.028481
vn -0.947121 0.319274 -0.032024
f 3592//3592 3593//3593 3594//3594
v -0.623604 1.280149 -0.859224 0.028481 0.028481 0.028481
vn -0.947827 0.316337 -0.039421
v -0.674164 1.135373 -0.805333 0.028481 0.028481 0.028481
vn -0.947827 0.316337 -0.039421
v -0.620458 1.303785 -0.745191 0.028481 0.028481 0.028481
vn -0.947827 0.316337 -0.039421
f 3595//3595 3596//3596 3597//3597
v -0.617599 1.111283 -1.260922 0.028481 0.028481 0.028481
vn -0.018892 0.884473 -0.466209
v -0.526721 1.284216 -0.936522 0.028481 0.028481 0.028481
vn -0.018892 0.884473 -0.466209
v -0.353539 1.287754 -0.936828 0.028481 0.028481 0.028481
vn -0.018892 0.884473 -0.466209
f 3598//3598 3599//3599 3600//3600
v -0.617599 1.111283 -1.260922 0.028481 0.028481 0.028481
vn -0.036424 0.889828 -0.454840
v -0.353539 1.287754 -0.936828 0.028481 0.028481 0.028481
vn -0.036424 0.889828 -0.454840
v -0.353474 1.111283 -1.282073 0.028481 0.028481 0.028481
vn -0.036424 0.889828 -0.454840
f 3601//3601 3602//3602 3603//3603
v -0.353474 1.111283 -1.282073 0.028481 0.028481 0.028481
vn 0.000000 0.890421 -0.455137
v -0.353539 1.287754 -0.936828 0.028481 0.028481 0.028481
vn 0.000000 0.890421 -0.455137
v 0.000000 1.287754 -0.936828 0.028481 0.028481 0.028481
vn 0.000000 0.890421 -0.455137
f 3604//3604 3605//3605 3606//3606
v -0.353474 1.111283 -1.282073 0.028481 0.028481 0.028481
vn -0.010993 0.894884 -0.446163
v 0.000000 1.287754 -0.936828 0.028481 0.028481 0.028481
vn -0.010993 0.894884 -0.446163
v 0.000000 1.111283 -1.290782 0.028481 0.028481 0.028481
vn -0.010993 0.894884 -0.446163
f 3607//3607 3608//3608 3609//3609
v -0.348487 1.028006 -1.452051 0.028481 0.028481 0.028481
vn -0.010846 0.897837 -0.440194
v -0.353474 1.111283 -1.282073 0.028481 0.028481 0.028481
vn -0.010846 0.897837 -0.440194
v 0.000000 1.111283 -1.290782 0.028481 0.028481 0.028481
vn -0.010846 0.897837 -0.440194
f 3610//3610 3611//3611 3612//3612
v -0.348487 1.028006 -1.452051 0.028481 0.028481 0.028481
vn -0.017306 0.903149 -0.428977
v 0.000000 1.111283 -1.290782 0.028481 0.028481 0.028481
vn -0.017306 0.903149 -0.428977
v 0.000000 1.028006 -1.466110 0.028481 0.028481 0.028481
vn -0.017306 0.903149 -0.428977
f 3613//3613 3614//3614 3615//3615
v -0.638156 1.028006 -1.417910 0.028481 0.028481 0.028481
vn -0.037196 0.884799 -0.464486
v -0.617599 1.111283 -1.260922 0.028481 0.028481 0.028481
vn -0.037196 0.884799 -0.464486
v -0.353474 1.111283 -1.282073 0.028481 0.028481 0.028481
vn -0.037196 0.884799 -0.464486
f 3616//3616 3617//3617 3618//3618
v -0.638156 1.028006 -1.417910 0.028481 0.028481 0.028481
vn -0.051930 0.896201 -0.440598
v -0.353474 1.111283 -1.282073 0.028481 0.028481 0.028481
vn -0.051930 0.896201 -0.440598
v -0.348487 1.028006 -1.452051 0.028481 0.028481 0.028481
vn -0.051930 0.896201 -0.440598
f 3619//3619 3620//3620 3621//3621
v -0.674164 1.135373 -0.805333 0.028481 0.028481 0.028481
vn -0.948219 0.314422 -0.044934
v -0.623604 1.280149 -0.859224 0.028481 0.028481 0.028481
vn -0.948219 0.314422 -0.044934
v -0.668311 1.116366 -1.061837 0.028481 0.028481 0.028481
vn -0.948219 0.314422 -0.044934
f 3622//3622 3623//3623 3624//3624
v -0.674164 1.135373 -0.805333 0.028481 0.028481 0.028481
vn -0.933764 0.354712 -0.047589
v -0.668311 1.116366 -1.061837 0.028481 0.028481 0.028481
vn -0.933764 0.354712 -0.047589
v -0.718333 0.974155 -1.140344 0.028481 0.028481 0.028481
vn -0.933764 0.354712 -0.047589
f 3625//3625 3626//3626 3627//3627
v -0.674164 1.135373 -0.805333 0.028481 0.028481 0.028481
vn -0.901197 0.424864 -0.085642
v -0.718333 0.974155 -1.140344 0.028481 0.028481 0.028481
vn -0.901197 0.424864 -0.085642
v -0.743397 0.974155 -0.876600 0.028481 0.028481 0.028481
vn -0.901197 0.424864 -0.085642
f 3628//3628 3629//3629 3630//3630
g Black
v 0.767223 0.943434 -0.188220 0.010962 0.010962 0.010962
vn 0.947183 0.319878 0.022861
v 0.756662 0.975056 -0.193097 0.010962 0.010962 0.010962
vn 0.947183 0.319878 0.022861
v 0.757663 0.968450 -0.142145 0.010962 0.010962 0.010962
vn 0.947183 0.319878 0.022861
f 3631//3631 3632//3632 3633//3633
v 0.767223 0.943434 -0.188220 0.010962 0.010962 0.010962
vn 0.968094 0.250587 0.000000
v 0.767223 0.943434 -0.826395 0.010962 0.010962 0.010962
vn 0.968094 0.250587 0.000000
v 0.757691 0.980260 -0.805347 0.010962 0.010962 0.010962
vn 0.968094 0.250587 0.000000
f 3634//3634 3635//3635 3636//3636
v 0.767223 0.943434 -0.188220 0.010962 0.010962 0.010962
vn 0.968094 0.250587 0.000000
v 0.757691 0.980260 -0.805347 0.010962 0.010962 0.010962
vn 0.968094 0.250587 0.000000
v 0.757691 0.980260 -0.222724 0.010962 0.010962 0.010962
vn 0.968094 0.250587 0.000000
f 3637//3637 3638//3638 3639//3639
v 0.767223 0.943434 0.319890 0.010962 0.010962 0.010962
vn 0.934110 0.356986 0.000000
v 0.767223 0.943434 -0.188220 0.010962 0.010962 0.010962
vn 0.934110 0.356986 0.000000
v 0.757663 0.968450 -0.142145 0.010962 0.010962 0.010962
vn 0.934110 0.356986 0.000000
f 3640//3640 3641//3641 3642//3642
v 0.767223 0.943434 0.319890 0.010962 0.010962 0.010962
vn 0.934110 0.356986 0.000000
v 0.757663 0.968450 -0.142145 0.010962 0.010962 0.010962
vn 0.934110 0.356986 0.000000
v 0.757663 0.968450 0.288072 0.010962 0.010962 0.010962
vn 0.934110 0.356986 0.000000
f 3643//3643 3644//3644 3645//3645
v 0.739274 0.968450 0.781253 0.010962 0.010962 0.010962
vn -0.679105 0.733605 -0.025321
v 0.757663 0.968450 0.288072 0.010962 0.010962 0.010962
vn -0.679105 0.733605 -0.025321
v 0.750018 0.961348 0.287327 0.010962 0.010962 0.010962
vn -0.679105 0.733605 -0.025321
f 3646//3646 3647//3647 3648//3648
v 0.739274 0.968450 0.781253 0.010962 0.010962 0.010962
vn -0.679105 0.733605 -0.025321
v 0.750018 0.961348 0.287327 0.010962 0.010962 0.010962
vn -0.679105 0.733605 -0.025321
v 0.731629 0.961348 0.780508 0.010962 0.010962 0.010962
vn -0.679105 0.733605 -0.025321
f 3649//3649 3650//3650 3651//3651
v 0.757663 0.968450 0.288072 0.010962 0.010962 0.010962
vn -0.680647 0.732611 0.000000
v 0.757663 0.968450 -0.142145 0.010962 0.010962 0.010962
vn -0.680647 0.732611 0.000000
v 0.750018 0.961348 -0.142890 0.010962 0.010962 0.010962
vn -0.680647 0.732611 0.000000
f 3652//3652 3653//3653 3654//3654
v 0.757663 0.968450 0.288072 0.010962 0.010962 0.010962
vn -0.680647 0.732611 0.000000
v 0.750018 0.961348 -0.142890 0.010962 0.010962 0.010962
vn -0.680647 0.732611 0.000000
v 0.750018 0.961348 0.287327 0.010962 0.010962 0.010962
vn -0.680647 0.732611 0.000000
f 3655//3655 3656//3656 3657//3657
v 0.746205 0.943434 0.883555 0.010962 0.010962 0.010962
vn 0.918266 0.394481 0.034240
v 0.767223 0.943434 0.319890 0.010962 0.010962 0.010962
vn 0.918266 0.394481 0.034240
v 0.757663 0.968450 0.288072 0.010962 0.010962 0.010962
vn 0.918266 0.394481 0.034240
f 3658//3658 3659//3659 3660//3660
v 0.746205 0.943434 0.883555 0.010962 0.010962 0.010962
vn 0.918283 0.394442 0.034239
v 0.757663 0.968450 0.288072 0.010962 0.010962 0.010962
vn 0.918283 0.394442 0.034239
v 0.739274 0.968450 0.781253 0.010962 0.010962 0.010962
vn 0.918283 0.394442 0.034239
f 3661//3661 3662//3662 3663//3663
v 0.757691 0.980260 -0.222724 0.010962 0.010962 0.010962
vn -0.634213 0.773158 0.000000
v 0.757691 0.980260 -0.805347 0.010962 0.010962 0.010962
vn -0.634213 0.773158 0.000000
v 0.750249 0.974155 -0.804497 0.010962 0.010962 0.010962
vn -0.634213 0.773158 0.000000
f 3664//3664 3665//3665 3666//3666
v 0.757691 0.980260 -0.222724 0.010962 0.010962 0.010962
vn -0.634213 0.773158 0.000000
v 0.750249 0.974155 -0.804497 0.010962 0.010962 0.010962
vn -0.634213 0.773158 0.000000
v 0.750249 0.974155 -0.221875 0.010962 0.010962 0.010962
vn -0.634213 0.773158 0.000000
f 3667//3667 3668//3668 3669//3669
v 0.767223 0.943434 -0.826395 0.010962 0.010962 0.010962
vn 0.950399 0.297630 -0.090319
v 0.750985 0.980260 -0.875918 0.010962 0.010962 0.010962
vn 0.950399 0.297630 -0.090319
v 0.757691 0.980260 -0.805347 0.010962 0.010962 0.010962
vn 0.950399 0.297630 -0.090319
f 3670//3670 3671//3671 3672//3672
v 0.750985 0.980260 -0.875918 0.010962 0.010962 0.010962
vn 0.951799 0.291540 -0.095307
v 0.767223 0.943434 -0.826395 0.010962 0.010962 0.010962
vn 0.951799 0.291540 -0.095307
v 0.730723 0.943434 -1.190913 0.010962 0.010962 0.010962
vn 0.951799 0.291540 -0.095307
f 3673//3673 3674//3674 3675//3675
v 0.750985 0.980260 -0.875918 0.010962 0.010962 0.010962
vn 0.963136 0.252965 -0.091527
v 0.730723 0.943434 -1.190913 0.010962 0.010962 0.010962
vn 0.963136 0.252965 -0.091527
v 0.725776 0.980260 -1.141194 0.010962 0.010962 0.010962
vn 0.963136 0.252965 -0.091527
f 3676//3676 3677//3677 3678//3678
v 0.743397 0.974155 -0.876600 0.010962 0.010962 0.010962
vn -0.629021 0.775086 0.059776
v 0.750985 0.980260 -0.875918 0.010962 0.010962 0.010962
vn -0.629021 0.775086 0.059776
v 0.725776 0.980260 -1.141194 0.010962 0.010962 0.010962
vn -0.629021 0.775086 0.059776
f 3679//3679 3680//3680 3681//3681
v 0.743397 0.974155 -0.876600 0.010962 0.010962 0.010962
vn -0.628991 0.775111 0.059774
v 0.725776 0.980260 -1.141194 0.010962 0.010962 0.010962
vn -0.628991 0.775111 0.059774
v 0.718333 0.974155 -1.140344 0.010962 0.010962 0.010962
vn -0.628991 0.775111 0.059774
f 3682//3682 3683//3683 3684//3684
v 0.757691 0.980260 -0.222724 0.010962 0.010962 0.010962
vn 0.940355 0.327998 0.090281
v 0.756662 0.975056 -0.193097 0.010962 0.010962 0.010962
vn 0.940355 0.327998 0.090281
v 0.767223 0.943434 -0.188220 0.010962 0.010962 0.010962
vn 0.940355 0.327998 0.090281
f 3685//3685 3686//3686 3687//3687
v -0.767223 0.943434 -0.188220 0.010962 0.010962 0.010962
vn -0.947183 0.319878 0.022861
v -0.757663 0.968450 -0.142145 0.010962 0.010962 0.010962
vn -0.947183 0.319878 0.022861
v -0.756662 0.975056 -0.193097 0.010962 0.010962 0.010962
vn -0.947183 0.319878 0.022861
f 3688//3688 3689//3689 3690//3690
v -0.767223 0.943434 -0.188220 0.010962 0.010962 0.010962
vn -0.968094 0.250587 0.000000
v -0.757691 0.980260 -0.222724 0.010962 0.010962 0.010962
vn -0.968094 0.250587 0.000000
v -0.757691 0.980260 -0.805347 0.010962 0.010962 0.010962
vn -0.968094 0.250587 0.000000
f 3691//3691 3692//3692 3693//3693
v -0.767223 0.943434 -0.188220 0.010962 0.010962 0.010962
vn -0.968094 0.250587 0.000000
v -0.757691 0.980260 -0.805347 0.010962 0.010962 0.010962
vn -0.968094 0.250587 0.000000
v -0.767223 0.943434 -0.826395 0.010962 0.010962 0.010962
vn -0.968094 0.250587 0.000000
f 3694//3694 3695//3695 3696//3696
v -0.767223 0.943434 0.319890 0.010962 0.010962 0.010962
vn -0.934110 0.356986 0.000000
v -0.757663 0.968450 0.288072 0.010962 0.010962 0.010962
vn -0.934110 0.356986 0.000000
v -0.757663 0.968450 -0.142145 0.010962 0.010962 0.010962
vn -0.934110 0.356986 0.000000
f 3697//3697 3698//3698 3699//3699
v -0.767223 0.943434 0.319890 0.010962 0.010962 0.010962
vn -0.934110 0.356986 0.000000
v -0.757663 0.968450 -0.142145 0.010962 0.010962 0.010962
vn -0.934110 0.356986 0.000000
v -0.767223 0.943434 -0.188220 0.010962 0.010962 0.010962
vn -0.934110 0.356986 0.000000
f 3700//3700 3701//3701 3702//3702
v -0.739274 0.968450 0.781253 0.010962 0.010962 0.010962
vn 0.679105 0.733605 -0.025321
v -0.731629 0.961348 0.780508 0.010962 0.010962 0.010962
vn 0.679105 0.733605 -0.025321
v -0.750018 0.961348 0.287327 0.010962 0.010962 0.010962
vn 0.679105 0.733605 -0.025321
f 3703//3703 3704//3704 3705//3705
v -0.739274 0.968450 0.781253 0.010962 0.010962 0.010962
vn 0.679105 0.733605 -0.025321
v -0.750018 0.961348 0.287327 0.010962 0.010962 0.010962
vn 0.679105 0.733605 -0.025321
v -0.757663 0.968450 0.288072 0.010962 0.010962 0.010962
vn 0.679105 0.733605 -0.025321
f 3706//3706 3707//3707 3708//3708
v -0.757663 0.968450 0.288072 0.010962 0.010962 0.010962
vn 0.680647 0.732611 0.000000
v -0.750018 0.961348 0.287327 0.010962 0.010962 0.010962
vn 0.680647 0.732611 0.000000
v -0.750018 0.961348 -0.142890 0.010962 0.010962 0.010962
vn 0.680647 0.732611 0.000000
f 3709//3709 3710//3710 3711//3711
v -0.757663 0.968450 0.288072 0.010962 0.010962 0.010962
vn 0.680647 0.732611 0.000000
v -0.750018 0.961348 -0.142890 0.010962 0.010962 0.010962
vn 0.680647 0.732611 0.000000
v -0.757663 0.968450 -0.142145 0.010962 0.010962 0.010962
vn 0.680647 0.732611 0.000000
f 3712//3712 3713//3713 3714//3714
v -0.746206 0.943434 0.883555 0.010962 0.010962 0.010962
vn -0.918269 0.394474 0.034239
v -0.739274 0.968450 0.781253 0.010962 0.010962 0.010962
vn -0.918269 0.394474 0.034239
v -0.757663 0.968450 0.288072 0.010962 0.010962 0.010962
vn -0.918269 0.394474 0.034239
f 3715//3715 3716//3716 3717//3717
v -0.746206 0.943434 0.883555 0.010962 0.010962 0.010962
vn -0.918267 0.394480 0.034239
v -0.757663 0.968450 0.288072 0.010962 0.010962 0.010962
vn -0.918267 0.394480 0.034239
v -0.767223 0.943434 0.319890 0.010962 0.010962 0.010962
vn -0.918267 0.394480 0.034239
f 3718//3718 3719//3719 3720//3720
v -0.757691 0.980260 -0.222724 0.010962 0.010962 0.010962
vn 0.634213 0.773158 0.000000
v -0.750249 0.974155 -0.221875 0.010962 0.010962 0.010962
vn 0.634213 0.773158 0.000000
v -0.750249 0.974155 -0.804497 0.010962 0.010962 0.010962
vn 0.634213 0.773158 0.000000
f 3721//3721 3722//3722 3723//3723
v -0.757691 0.980260 -0.222724 0.010962 0.010962 0.010962
vn 0.634213 0.773158 0.000000
v -0.750249 0.974155 -0.804497 0.010962 0.010962 0.010962
vn 0.634213 0.773158 0.000000
v -0.757691 0.980260 -0.805347 0.010962 0.010962 0.010962
vn 0.634213 0.773158 0.000000
f 3724//3724 3725//3725 3726//3726
v -0.767223 0.943434 -0.826395 0.010962 0.010962 0.010962
vn -0.950400 0.297629 -0.090318
v -0.757691 0.980260 -0.805347 0.010962 0.010962 0.010962
vn -0.950400 0.297629 -0.090318
v -0.750985 0.980260 -0.875919 0.010962 0.010962 0.010962
vn -0.950400 0.297629 -0.090318
f 3727//3727 3728//3728 3729//3729
v -0.750985 0.980260 -0.875919 0.010962 0.010962 0.010962
vn -0.963137 0.252962 -0.091527
v -0.725776 0.980260 -1.141195 0.010962 0.010962 0.010962
vn -0.963137 0.252962 -0.091527
v -0.730723 0.943434 -1.190913 0.010962 0.010962 0.010962
vn -0.963137 0.252962 -0.091527
f 3730//3730 3731//3731 3732//3732
v -0.750985 0.980260 -0.875919 0.010962 0.010962 0.010962
vn -0.951800 0.291537 -0.095307
v -0.730723 0.943434 -1.190913 0.010962 0.010962 0.010962
vn -0.951800 0.291537 -0.095307
v -0.767223 0.943434 -0.826395 0.010962 0.010962 0.010962
vn -0.951800 0.291537 -0.095307
f 3733//3733 3734//3734 3735//3735
v -0.743397 0.974155 -0.876600 0.010962 0.010962 0.010962
vn 0.628986 0.775115 0.059774
v -0.718333 0.974155 -1.140344 0.010962 0.010962 0.010962
vn 0.628986 0.775115 0.059774
v -0.725776 0.980260 -1.141195 0.010962 0.010962 0.010962
vn 0.628986 0.775115 0.059774
f 3736//3736 3737//3737 3738//3738
v -0.743397 0.974155 -0.876600 0.010962 0.010962 0.010962
vn 0.629016 0.775091 0.059775
v -0.725776 0.980260 -1.141195 0.010962 0.010962 0.010962
vn 0.629016 0.775091 0.059775
v -0.750985 0.980260 -0.875919 0.010962 0.010962 0.010962
vn 0.629016 0.775091 0.059775
f 3739//3739 3740//3740 3741//3741
v -0.757691 0.980260 -0.222724 0.010962 0.010962 0.010962
vn -0.940355 0.327998 0.090281
v -0.767223 0.943434 -0.188220 0.010962 0.010962 0.010962
vn -0.940355 0.327998 0.090281
v -0.756662 0.975056 -0.193097 0.010962 0.010962 0.010962
vn -0.940355 0.327998 0.090281
f 3742//3742 3743//3743 3744//3744
g Grey
v 0.000000 0.516555 -2.217265 0.161245 0.161245 0.161245
vn 0.065158 0.215161 -0.974403
v 0.000000 0.700410 -2.176668 0.161245 0.161245 0.161245
vn 0.065158 0.215161 -0.974403
v 0.346571 0.700410 -2.153493 0.161245 0.161245 0.161245
vn 0.065158 0.215161 -0.974403
f 3745//3745 3746//3746 3747//3747
v 0.000000 0.516555 -2.217265 0.161245 0.161245 0.161245
vn 0.065158 0.215161 -0.974403
v 0.346571 0.700410 -2.153493 0.161245 0.161245 0.161245
vn 0.065158 0.215161 -0.974403
v 0.346571 0.516555 -2.194090 0.161245 0.161245 0.161245
vn 0.065158 0.215161 -0.974403
f 3748//3748 3749//3749 3750//3750
v 0.000000 0.304923 2.268892 0.161245 0.161245 0.161245
vn 0.028565 0.000000 0.999592
v 0.269221 0.304923 2.261199 0.161245 0.161245 0.161245
vn 0.028565 0.000000 0.999592
v 0.269221 0.464977 2.261199 0.161245 0.161245 0.161245
vn 0.028565 0.000000 0.999592
f 3751//3751 3752//3752 3753//3753
v 0.000000 0.304923 2.268892 0.161245 0.161245 0.161245
vn 0.028565 0.000000 0.999592
v 0.269221 0.464977 2.261199 0.161245 0.161245 0.161245
vn 0.028565 0.000000 0.999592
v 0.000000 0.464977 2.268892 0.161245 0.161245 0.161245
vn 0.028565 0.000000 0.999592
f 3754//3754 3755//3755 3756//3756
v 0.000000 0.516555 -2.217265 0.161245 0.161245 0.161245
vn -0.065158 0.215161 -0.974403
v -0.346571 0.516555 -2.194090 0.161245 0.161245 0.161245
vn -0.065158 0.215161 -0.974403
v -0.346571 0.700410 -2.153493 0.161245 0.161245 0.161245
vn -0.065158 0.215161 -0.974403
f 3757//3757 3758//3758 3759//3759
v 0.000000 0.516555 -2.217265 0.161245 0.161245 0.161245
vn -0.065158 0.215161 -0.974403
v -0.346571 0.700410 -2.153493 0.161245 0.161245 0.161245
vn -0.065158 0.215161 -0.974403
v 0.000000 0.700410 -2.176668 0.161245 0.161245 0.161245
vn -0.065158 0.215161 -0.974403
f 3760//3760 3761//3761 3762//3762
v 0.000000 0.304923 2.268892 0.161245 0.161245 0.161245
vn -0.028565 0.000000 0.999592
v 0.000000 0.464977 2.268892 0.161245 0.161245 0.161245
vn -0.028565 0.000000 0.999592
v -0.269222 0.464977 2.261199 0.161245 0.161245 0.161245
vn -0.028565 0.000000 0.999592
f 3763//3763 3764//3764 3765//3765
v 0.000000 0.304923 2.268892 0.161245 0.161245 0.161245
vn -0.028565 0.000000 0.999592
v -0.269222 0.464977 2.261199 0.161245 0.161245 0.161245
vn -0.028565 0.000000 0.999592
v -0.269222 0.304923 2.261199 0.161245 0.161245 0.161245
vn -0.028565 0.000000 0.999592
f 3766//3766 3767//3767 3768//3768
g Headlights
v 0.709104 0.555718 2.065897 0.639282 0.301010 0.101950
vn 0.796004 0.095729 0.597673
v 0.705162 0.628131 2.059548 0.639282 0.301010 0.101950
vn 0.796004 0.095729 0.597673
v 0.644306 0.652460 2.136702 0.639282 0.301010 0.101950
vn 0.796004 0.095729 0.597673
f 3769//3769 3770//3770 3771//3771
v 0.709104 0.555718 2.065897 0.639282 0.301010 0.101950
vn 0.796086 0.095882 0.597539
v 0.644306 0.652460 2.136702 0.639282 0.301010 0.101950
vn 0.796086 0.095882 0.597539
v 0.668755 0.510337 2.126935 0.639282 0.301010 0.101950
vn 0.796086 0.095882 0.597539
f 3772//3772 3773//3773 3774//3774
v 0.440020 0.609042 2.219663 0.639282 0.301010 0.101950
vn 0.291297 0.179711 0.939601
v 0.440020 0.517846 2.237106 0.639282 0.301010 0.101950
vn 0.291297 0.179711 0.939601
v 0.606797 0.510195 2.186864 0.639282 0.301010 0.101950
vn 0.291297 0.179711 0.939601
f 3775//3775 3776//3776 3777//3777
v 0.440020 0.609042 2.219663 0.639282 0.301010 0.101950
vn 0.296650 0.189971 0.935901
v 0.606797 0.510195 2.186864 0.639282 0.301010 0.101950
vn 0.296650 0.189971 0.935901
v 0.563344 0.622116 2.177920 0.639282 0.301010 0.101950
vn 0.296650 0.189971 0.935901
f 3778//3778 3779//3779 3780//3780
v 0.668755 0.510337 2.126935 0.639282 0.301010 0.101950
vn 0.693456 0.070011 0.717089
v 0.644306 0.652460 2.136702 0.639282 0.301010 0.101950
vn 0.693456 0.070011 0.717089
v 0.606797 0.510195 2.186864 0.639282 0.301010 0.101950
vn 0.693456 0.070011 0.717089
f 3781//3781 3782//3782 3783//3783
v 0.563344 0.622116 2.177920 0.639282 0.301010 0.101950
vn 0.376587 0.218163 0.900326
v 0.606797 0.510195 2.186864 0.639282 0.301010 0.101950
vn 0.376587 0.218163 0.900326
v 0.644306 0.652460 2.136702 0.639282 0.301010 0.101950
vn 0.376587 0.218163 0.900326
f 3784//3784 3785//3785 3786//3786
v -0.709105 0.555718 2.065897 0.639282 0.301010 0.101950
vn -0.796083 0.095875 0.597545
v -0.668755 0.510337 2.126935 0.639282 0.301010 0.101950
vn -0.796083 0.095875 0.597545
v -0.644307 0.652460 2.136702 0.639282 0.301010 0.101950
vn -0.796083 0.095875 0.597545
f 3787//3787 3788//3788 3789//3789
v -0.709105 0.555718 2.065897 0.639282 0.301010 0.101950
vn -0.796010 0.095739 0.597664
v -0.644307 0.652460 2.136702 0.639282 0.301010 0.101950
vn -0.796010 0.095739 0.597664
v -0.705162 0.628131 2.059548 0.639282 0.301010 0.101950
vn -0.796010 0.095739 0.597664
f 3790//3790 3791//3791 3792//3792
v -0.440021 0.609042 2.219663 0.639282 0.301010 0.101950
vn -0.296650 0.189971 0.935901
v -0.563345 0.622116 2.177920 0.639282 0.301010 0.101950
vn -0.296650 0.189971 0.935901
v -0.606798 0.510195 2.186864 0.639282 0.301010 0.101950
vn -0.296650 0.189971 0.935901
f 3793//3793 3794//3794 3795//3795
v -0.440021 0.609042 2.219663 0.639282 0.301010 0.101950
vn -0.291297 0.179711 0.939601
v -0.606798 0.510195 2.186864 0.639282 0.301010 0.101950
vn -0.291297 0.179711 0.939601
v -0.440021 0.517846 2.237106 0.639282 0.301010 0.101950
vn -0.291297 0.179711 0.939601
f 3796//3796 3797//3797 3798//3798
v -0.668755 0.510337 2.126935 0.639282 0.301010 0.101950
vn -0.693462 0.070008 0.717084
v -0.606798 0.510195 2.186864 0.639282 0.301010 0.101950
vn -0.693462 0.070008 0.717084
v -0.644307 0.652460 2.136702 0.639282 0.301010 0.101950
vn -0.693462 0.070008 0.717084
f 3799//3799 3800//3800 3801//3801
v -0.563345 0.622116 2.177920 0.639282 0.301010 0.101950
vn -0.376587 0.218163 0.900326
v -0.644307 0.652460 2.136702 0.639282 0.301010 0.101950
vn -0.376587 0.218163 0.900326
v -0.606798 0.510195 2.186864 0.639282 0.301010 0.101950
vn -0.376587 0.218163 0.900326
f 3802//3802 3803//3803 3804//3804
g TailLights
v 0.379241 0.933085 -2.076738 0.639282 0.074447 0.059371
vn 0.363379 0.312734 -0.877584
v 0.630459 0.933085 -1.972717 0.639282 0.074447 0.059371
vn 0.363379 0.312734 -0.877584
v 0.539211 0.766481 -2.069871 0.639282 0.074447 0.059371
vn 0.363379 0.312734 -0.877584
f 3805//3805 3806//3806 3807//3807
v 0.379241 0.933085 -2.076738 0.639282 0.074447 0.059371
vn 0.400359 0.349499 -0.847091
v 0.539211 0.766481 -2.069871 0.639282 0.074447 0.059371
vn 0.400359 0.349499 -0.847091
v 0.379241 0.769728 -2.144138 0.639282 0.074447 0.059371
vn 0.400359 0.349499 -0.847091
f 3808//3808 3809//3809 3810//3810
v 0.630459 0.933085 -1.972717 0.639282 0.074447 0.059371
vn 0.508870 0.208361 -0.835246
v 0.650424 0.798496 -1.994128 0.639282 0.074447 0.059371
vn 0.508870 0.208361 -0.835246
v 0.539211 0.766481 -2.069871 0.639282 0.074447 0.059371
vn 0.508870 0.208361 -0.835246
f 3811//3811 3812//3812 3813//3813
v -0.379241 0.933085 -2.076738 0.639282 0.074447 0.059371
vn -0.400359 0.349499 -0.847091
v -0.379241 0.769728 -2.144138 0.639282 0.074447 0.059371
vn -0.400359 0.349499 -0.847091
v -0.539211 0.766481 -2.069871 0.639282 0.074447 0.059371
vn -0.400359 0.349499 -0.847091
f 3814//3814 3815//3815 3816//3816
v -0.379241 0.933085 -2.076738 0.639282 0.074447 0.059371
vn -0.363379 0.312734 -0.877584
v -0.539211 0.766481 -2.069871 0.639282 0.074447 0.059371
vn -0.363379 0.312734 -0.877584
v -0.630459 0.933085 -1.972717 0.639282 0.074447 0.059371
vn -0.363379 0.312734 -0.877584
f 3817//3817 3818//3818 3819//3819
v -0.630459 0.933085 -1.972717 0.639282 0.074447 0.059371
vn -0.508870 0.208361 -0.835246
v -0.539211 0.766481 -2.069871 0.639282 0.074447 0.059371
vn -0.508870 0.208361 -0.835246
v -0.650424 0.798496 -1.994128 0.639282 0.074447 0.059371
vn -0.508870 0.208361 -0.835246
f 3820//3820 3821//3821 3822//3822
g Black
v 0.597606 0.324978 -1.636629 0.010962 0.010962 0.010962
vn 0.000000 -0.228130 -0.973631
v 0.760537 0.324978 -1.636629 0.010962 0.010962 0.010962
vn 0.000000 -0.228130 -0.973631
v 0.760537 0.162489 -1.598556 0.010962 0.010962 0.010962
vn 0.000000 -0.228130 -0.973631
f 3823//3823 3824//3824 3825//3825
v 0.597606 0.324978 -1.636629 0.010962 0.010962 0.010962
vn 0.000000 -0.228130 -0.973631
v 0.760537 0.162489 -1.598556 0.010962 0.010962 0.010962
vn 0.000000 -0.228130 -0.973631
v 0.597606 0.162489 -1.598556 0.010962 0.010962 0.010962
vn 0.000000 -0.228130 -0.973631
f 3826//3826 3827//3827 3828//3828
v 0.597606 0.162489 -1.598556 0.010962 0.010962 0.010962
vn 0.000000 -0.658281 -0.752772
v 0.760537 0.162489 -1.598556 0.010962 0.010962 0.010962
vn 0.000000 -0.658281 -0.752772
v 0.760537 0.043539 -1.494537 0.010962 0.010962 0.010962
vn 0.000000 -0.658281 -0.752772
f 3829//3829 3830//3830 3831//3831
v 0.597606 0.162489 -1.598556 0.010962 0.010962 0.010962
vn 0.000000 -0.658281 -0.752772
v 0.760537 0.043539 -1.494537 0.010962 0.010962 0.010962
vn 0.000000 -0.658281 -0.752772
v 0.597606 0.043539 -1.494537 0.010962 0.010962 0.010962
vn 0.000000 -0.658281 -0.752772
f 3832//3832 3833//3833 3834//3834
v 0.597606 0.043539 -1.494537 0.010962 0.010962 0.010962
vn 0.000000 -0.956123 -0.292966
v 0.760537 0.043539 -1.494537 0.010962 0.010962 0.010962
vn 0.000000 -0.956123 -0.292966
v 0.760537 0.000000 -1.352443 0.010962 0.010962 0.010962
vn 0.000000 -0.956123 -0.292966
f 3835//3835 3836//3836 3837//3837
v 0.597606 0.043539 -1.494537 0.010962 0.010962 0.010962
vn 0.000000 -0.956123 -0.292966
v 0.760537 0.000000 -1.352443 0.010962 0.010962 0.010962
vn 0.000000 -0.956123 -0.292966
v 0.597606 0.000000 -1.352443 0.010962 0.010962 0.010962
vn 0.000000 -0.956123 -0.292966
f 3838//3838 3839//3839 3840//3840
v 0.597606 0.000000 -1.352443 0.010962 0.010962 0.010962
vn 0.000000 -0.956122 0.292968
v 0.760537 0.000000 -1.352443 0.010962 0.010962 0.010962
vn 0.000000 -0.956122 0.292968
v 0.760537 0.043539 -1.210351 0.010962 0.010962 0.010962
vn 0.000000 -0.956122 0.292968
f 3841//3841 3842//3842 3843//3843
v 0.597606 0.000000 -1.352443 0.010962 0.010962 0.010962
vn 0.000000 -0.956122 0.292968
v 0.760537 0.043539 -1.210351 0.010962 0.010962 0.010962
vn 0.000000 -0.956122 0.292968
v 0.597606 0.043539 -1.210351 0.010962 0.010962 0.010962
vn 0.000000 -0.956122 0.292968
f 3844//3844 3845//3845 3846//3846
v 0.597606 0.043539 -1.210351 0.010962 0.010962 0.010962
vn 0.000000 -0.658281 0.752772
v 0.760537 0.043539 -1.210351 0.010962 0.010962 0.010962
vn 0.000000 -0.658281 0.752772
v 0.760537 0.162489 -1.106332 0.010962 0.010962 0.010962
vn 0.000000 -0.658281 0.752772
f 3847//3847 3848//3848 3849//3849
v 0.597606 0.043539 -1.210351 0.010962 0.010962 0.010962
vn 0.000000 -0.658281 0.752772
v 0.760537 0.162489 -1.106332 0.010962 0.010962 0.010962
vn 0.000000 -0.658281 0.752772
v 0.597606 0.162489 -1.106332 0.010962 0.010962 0.010962
vn 0.000000 -0.658281 0.752772
f 3850//3850 3851//3851 3852//3852
v 0.597606 0.162489 -1.106332 0.010962 0.010962 0.010962
vn 0.000000 -0.228137 0.973629
v 0.760537 0.162489 -1.106332 0.010962 0.010962 0.010962
vn 0.000000 -0.228137 0.973629
v 0.760537 0.324978 -1.068258 0.010962 0.010962 0.010962
vn 0.000000 -0.228137 0.973629
f 3853//3853 3854//3854 3855//3855
v 0.597606 0.162489 -1.106332 0.010962 0.010962 0.010962
vn 0.000000 -0.228137 0.973629
v 0.760537 0.324978 -1.068258 0.010962 0.010962 0.010962
vn 0.000000 -0.228137 0.973629
v 0.597606 0.324978 -1.068258 0.010962 0.010962 0.010962
vn 0.000000 -0.228137 0.973629
f 3856//3856 3857//3857 3858//3858
v 0.597606 0.324978 -1.068258 0.010962 0.010962 0.010962
vn 0.000000 0.228137 0.973629
v 0.760537 0.324978 -1.068258 0.010962 0.010962 0.010962
vn 0.000000 0.228137 0.973629
v 0.760537 0.487467 -1.106332 0.010962 0.010962 0.010962
vn 0.000000 0.228137 0.973629
f 3859//3859 3860//3860 3861//3861
v 0.597606 0.324978 -1.068258 0.010962 0.010962 0.010962
vn 0.000000 0.228137 0.973629
v 0.760537 0.487467 -1.106332 0.010962 0.010962 0.010962
vn 0.000000 0.228137 0.973629
v 0.597606 0.487467 -1.106332 0.010962 0.010962 0.010962
vn 0.000000 0.228137 0.973629
f 3862//3862 3863//3863 3864//3864
v 0.597606 0.487467 -1.106332 0.010962 0.010962 0.010962
vn 0.000000 0.658281 0.752772
v 0.760537 0.487467 -1.106332 0.010962 0.010962 0.010962
vn 0.000000 0.658281 0.752772
v 0.760537 0.606417 -1.210351 0.010962 0.010962 0.010962
vn 0.000000 0.658281 0.752772
f 3865//3865 3866//3866 3867//3867
v 0.597606 0.487467 -1.106332 0.010962 0.010962 0.010962
vn 0.000000 0.658281 0.752772
v 0.760537 0.606417 -1.210351 0.010962 0.010962 0.010962
vn 0.000000 0.658281 0.752772
v 0.597606 0.606417 -1.210351 0.010962 0.010962 0.010962
vn 0.000000 0.658281 0.752772
f 3868//3868 3869//3869 3870//3870
v 0.597606 0.606417 -1.210351 0.010962 0.010962 0.010962
vn 0.000000 0.956122 0.292968
v 0.760537 0.606417 -1.210351 0.010962 0.010962 0.010962
vn 0.000000 0.956122 0.292968
v 0.760537 0.649956 -1.352443 0.010962 0.010962 0.010962
vn 0.000000 0.956122 0.292968
f 3871//3871 3872//3872 3873//3873
v 0.597606 0.606417 -1.210351 0.010962 0.010962 0.010962
vn 0.000000 0.956122 0.292968
v 0.760537 0.649956 -1.352443 0.010962 0.010962 0.010962
vn 0.000000 0.956122 0.292968
v 0.597606 0.649956 -1.352443 0.010962 0.010962 0.010962
vn 0.000000 0.956122 0.292968
f 3874//3874 3875//3875 3876//3876
v 0.597606 0.649956 -1.352443 0.010962 0.010962 0.010962
vn 0.000000 0.956122 -0.292968
v 0.760537 0.649956 -1.352443 0.010962 0.010962 0.010962
vn 0.000000 0.956122 -0.292968
v 0.760537 0.606417 -1.494536 0.010962 0.010962 0.010962
vn 0.000000 0.956122 -0.292968
f 3877//3877 3878//3878 3879//3879
v 0.597606 0.649956 -1.352443 0.010962 0.010962 0.010962
vn 0.000000 0.956122 -0.292968
v 0.760537 0.606417 -1.494536 0.010962 0.010962 0.010962
vn 0.000000 0.956122 -0.292968
v 0.597606 0.606417 -1.494536 0.010962 0.010962 0.010962
vn 0.000000 0.956122 -0.292968
f 3880//3880 3881//3881 3882//3882
v 0.760537 0.324978 -1.068258 0.010962 0.010962 0.010962
vn 0.916804 -0.091103 0.388806
v 0.760537 0.162489 -1.106332 0.010962 0.010962 0.010962
vn 0.916804 -0.091103 0.388806
v 0.789804 0.201948 -1.166098 0.010962 0.010962 0.010962
vn 0.916804 -0.091103 0.388806
f 3883//3883 3884//3884 3885//3885
v 0.760537 0.324978 -1.068258 0.010962 0.010962 0.010962
vn 0.916806 -0.091101 0.388803
v 0.789804 0.201948 -1.166098 0.010962 0.010962 0.010962
vn 0.916806 -0.091101 0.388803
v 0.789804 0.324978 -1.137271 0.010962 0.010962 0.010962
vn 0.916806 -0.091101 0.388803
f 3886//3886 3887//3887 3888//3888
v 0.597606 0.606417 -1.494536 0.010962 0.010962 0.010962
vn 0.000000 0.658285 -0.752769
v 0.760537 0.606417 -1.494536 0.010962 0.010962 0.010962
vn 0.000000 0.658285 -0.752769
v 0.760537 0.487467 -1.598556 0.010962 0.010962 0.010962
vn 0.000000 0.658285 -0.752769
f 3889//3889 3890//3890 3891//3891
v 0.597606 0.606417 -1.494536 0.010962 0.010962 0.010962
vn 0.000000 0.658285 -0.752769
v 0.760537 0.487467 -1.598556 0.010962 0.010962 0.010962
vn 0.000000 0.658285 -0.752769
v 0.597606 0.487467 -1.598556 0.010962 0.010962 0.010962
vn 0.000000 0.658285 -0.752769
f 3892//3892 3893//3893 3894//3894
v 0.597606 0.487467 -1.598556 0.010962 0.010962 0.010962
vn 0.000000 0.228130 -0.973631
v 0.760537 0.487467 -1.598556 0.010962 0.010962 0.010962
vn 0.000000 0.228130 -0.973631
v 0.760537 0.324978 -1.636629 0.010962 0.010962 0.010962
vn 0.000000 0.228130 -0.973631
f 3895//3895 3896//3896 3897//3897
v 0.597606 0.487467 -1.598556 0.010962 0.010962 0.010962
vn 0.000000 0.228130 -0.973631
v 0.760537 0.324978 -1.636629 0.010962 0.010962 0.010962
vn 0.000000 0.228130 -0.973631
v 0.597606 0.324978 -1.636629 0.010962 0.010962 0.010962
vn 0.000000 0.228130 -0.973631
f 3898//3898 3899//3899 3900//3900
v 0.597606 0.324978 -1.636629 0.010962 0.010962 0.010962
vn -1.000000 0.000000 0.000000
v 0.597606 0.162489 -1.598556 0.010962 0.010962 0.010962
vn -1.000000 0.000000 0.000000
v 0.597606 0.043539 -1.494537 0.010962 0.010962 0.010962
vn -1.000000 0.000000 0.000000
f 3901//3901 3902//3902 3903//3903
v 0.597606 0.324978 -1.636629 0.010962 0.010962 0.010962
vn -1.000000 0.000000 0.000000
v 0.597606 0.043539 -1.494537 0.010962 0.010962 0.010962
vn -1.000000 0.000000 0.000000
v 0.597606 0.000000 -1.352443 0.010962 0.010962 0.010962
vn -1.000000 0.000000 0.000000
f 3904//3904 3905//3905 3906//3906
v 0.597606 0.324978 -1.636629 0.010962 0.010962 0.010962
vn -1.000000 0.000000 0.000000
v 0.597606 0.000000 -1.352443 0.010962 0.010962 0.010962
vn -1.000000 0.000000 0.000000
v 0.597606 0.043539 -1.210351 0.010962 0.010962 0.010962
vn -1.000000 0.000000 0.000000
f 3907//3907 3908//3908 3909//3909
v 0.597606 0.324978 -1.636629 0.010962 0.010962 0.010962
vn -1.000000 0.000000 0.000000
v 0.597606 0.043539 -1.210351 0.010962 0.010962 0.010962
vn -1.000000 0.000000 0.000000
v 0.597606 0.162489 -1.106332 0.010962 0.010962 0.010962
vn -1.000000 0.000000 0.000000
f 3910//3910 3911//3911 3912//3912
v 0.597606 0.324978 -1.636629 0.010962 0.010962 0.010962
vn -1.000000 0.000000 0.000000
v 0.597606 0.162489 -1.106332 0.010962 0.010962 0.010962
vn -1.000000 0.000000 0.000000
v 0.597606 0.324978 -1.068258 0.010962 0.010962 0.010962
vn -1.000000 0.000000 0.000000
f 3913//3913 3914//3914 3915//3915
v 0.597606 0.324978 -1.636629 0.010962 0.010962 0.010962
vn -1.000000 0.000000 0.000000
v 0.597606 0.324978 -1.068258 0.010962 0.010962 0.010962
vn -1.000000 0.000000 0.000000
v 0.597606 0.487467 -1.106332 0.010962 0.010962 0.010962
vn -1.000000 0.000000 0.000000
f 3916//3916 3917//3917 3918//3918
v 0.597606 0.324978 -1.636629 0.010962 0.010962 0.010962
vn -1.000000 0.000000 0.000000
v 0.597606 0.487467 -1.106332 0.010962 0.010962 0.010962
vn -1.000000 0.000000 0.000000
v 0.597606 0.606417 -1.210351 0.010962 0.010962 0.010962
vn -1.000000 0.000000 0.000000
f 3919//3919 3920//3920 3921//3921
v 0.597606 0.324978 -1.636629 0.010962 0.010962 0.010962
vn -1.000000 0.000000 0.000000
v 0.597606 0.606417 -1.210351 0.010962 0.010962 0.010962
vn -1.000000 0.000000 0.000000
v 0.597606 0.649956 -1.352443 0.010962 0.010962 0.010962
vn -1.000000 0.000000 0.000000
f 3922//3922 3923//3923 3924//3924
v 0.597606 0.324978 -1.636629 0.010962 0.010962 0.010962
vn -1.000000 0.000000 0.000000
v 0.597606 0.649956 -1.352443 0.010962 0.010962 0.010962
vn -1.000000 0.000000 0.000000
v 0.597606 0.606417 -1.494536 0.010962 0.010962 0.010962
vn -1.000000 0.000000 0.000000
f 3925//3925 3926//3926 3927//3927
v 0.597606 0.324978 -1.636629 0.010962 0.010962 0.010962
vn -1.000000 0.000000 0.000000
v 0.597606 0.606417 -1.494536 0.010962 0.010962 0.010962
vn -1.000000 0.000000 0.000000
v 0.597606 0.487467 -1.598556 0.010962 0.010962 0.010962
vn -1.000000 0.000000 0.000000
f 3928//3928 3929//3929 3930//3930
v 0.789804 0.324978 -1.137271 0.010962 0.010962 0.010962
vn 1.000000 0.000000 0.000000
v 0.789804 0.201948 -1.166098 0.010962 0.010962 0.010962
vn 1.000000 0.000000 0.000000
v 0.789804 0.217568 -1.189758 0.010962 0.010962 0.010962
vn 1.000000 0.000000 0.000000
f 3931//3931 3932//3932 3933//3933
v 0.789804 0.324978 -1.137271 0.010962 0.010962 0.010962
vn 1.000000 0.000000 0.000000
v 0.789804 0.217568 -1.189758 0.010962 0.010962 0.010962
vn 1.000000 0.000000 0.000000
v 0.789804 0.324978 -1.164590 0.010962 0.010962 0.010962
vn 1.000000 0.000000 0.000000
f 3934//3934 3935//3935 3936//3936
v 0.760537 0.162489 -1.106332 0.010962 0.010962 0.010962
vn 0.924468 -0.250976 0.287002
v 0.760537 0.043539 -1.210351 0.010962 0.010962 0.010962
vn 0.924468 -0.250976 0.287002
v 0.789804 0.111884 -1.244858 0.010962 0.010962 0.010962
vn 0.924468 -0.250976 0.287002
f 3937//3937 3938//3938 3939//3939
v 0.760537 0.162489 -1.106332 0.010962 0.010962 0.010962
vn 0.924466 -0.250981 0.287003
v 0.789804 0.111884 -1.244858 0.010962 0.010962 0.010962
vn 0.924466 -0.250981 0.287003
v 0.789804 0.201948 -1.166098 0.010962 0.010962 0.010962
vn 0.924466 -0.250981 0.287003
f 3940//3940 3941//3941 3942//3942
v 0.760537 0.043539 -1.210351 0.010962 0.010962 0.010962
vn 0.932323 -0.345759 0.105945
v 0.760537 0.000000 -1.352443 0.010962 0.010962 0.010962
vn 0.932323 -0.345759 0.105945
v 0.789804 0.078918 -1.352443 0.010962 0.010962 0.010962
vn 0.932323 -0.345759 0.105945
f 3943//3943 3944//3944 3945//3945
v 0.760537 0.043539 -1.210351 0.010962 0.010962 0.010962
vn 0.932325 -0.345754 0.105947
v 0.789804 0.078918 -1.352443 0.010962 0.010962 0.010962
vn 0.932325 -0.345754 0.105947
v 0.789804 0.111884 -1.244858 0.010962 0.010962 0.010962
vn 0.932325 -0.345754 0.105947
f 3946//3946 3947//3947 3948//3948
v 0.760537 0.324978 -1.636629 0.010962 0.010962 0.010962
vn 0.916804 0.091101 -0.388807
v 0.760537 0.487467 -1.598556 0.010962 0.010962 0.010962
vn 0.916804 0.091101 -0.388807
v 0.789804 0.448008 -1.538789 0.010962 0.010962 0.010962
vn 0.916804 0.091101 -0.388807
f 3949//3949 3950//3950 3951//3951
v 0.760537 0.324978 -1.636629 0.010962 0.010962 0.010962
vn 0.916803 0.091102 -0.388808
v 0.789804 0.448008 -1.538789 0.010962 0.010962 0.010962
vn 0.916803 0.091102 -0.388808
v 0.789804 0.324978 -1.567617 0.010962 0.010962 0.010962
vn 0.916803 0.091102 -0.388808
f 3952//3952 3953//3953 3954//3954
v 0.760537 0.162489 -1.598556 0.010962 0.010962 0.010962
vn 0.916803 -0.091101 -0.388808
v 0.760537 0.324978 -1.636629 0.010962 0.010962 0.010962
vn 0.916803 -0.091101 -0.388808
v 0.789804 0.324978 -1.567617 0.010962 0.010962 0.010962
vn 0.916803 -0.091101 -0.388808
f 3955//3955 3956//3956 3957//3957
v 0.760537 0.162489 -1.598556 0.010962 0.010962 0.010962
vn 0.916804 -0.091102 -0.388806
v 0.789804 0.324978 -1.567617 0.010962 0.010962 0.010962
vn 0.916804 -0.091102 -0.388806
v 0.789804 0.201948 -1.538789 0.010962 0.010962 0.010962
vn 0.916804 -0.091102 -0.388806
f 3958//3958 3959//3959 3960//3960
v 0.760537 0.000000 -1.352443 0.010962 0.010962 0.010962
vn 0.932325 -0.345755 -0.105943
v 0.760537 0.043539 -1.494537 0.010962 0.010962 0.010962
vn 0.932325 -0.345755 -0.105943
v 0.789804 0.111884 -1.460030 0.010962 0.010962 0.010962
vn 0.932325 -0.345755 -0.105943
f 3961//3961 3962//3962 3963//3963
v 0.760537 0.000000 -1.352443 0.010962 0.010962 0.010962
vn 0.932323 -0.345759 -0.105947
v 0.789804 0.111884 -1.460030 0.010962 0.010962 0.010962
vn 0.932323 -0.345759 -0.105947
v 0.789804 0.078918 -1.352443 0.010962 0.010962 0.010962
vn 0.932323 -0.345759 -0.105947
f 3964//3964 3965//3965 3966//3966
v 0.760537 0.487467 -1.598556 0.010962 0.010962 0.010962
vn 0.924467 0.250980 -0.287003
v 0.760537 0.606417 -1.494536 0.010962 0.010962 0.010962
vn 0.924467 0.250980 -0.287003
v 0.789804 0.538072 -1.460030 0.010962 0.010962 0.010962
vn 0.924467 0.250980 -0.287003
f 3967//3967 3968//3968 3969//3969
v 0.760537 0.487467 -1.598556 0.010962 0.010962 0.010962
vn 0.924466 0.250981 -0.287003
v 0.789804 0.538072 -1.460030 0.010962 0.010962 0.010962
vn 0.924466 0.250981 -0.287003
v 0.789804 0.448008 -1.538789 0.010962 0.010962 0.010962
vn 0.924466 0.250981 -0.287003
f 3970//3970 3971//3971 3972//3972
v 0.760537 0.043539 -1.494537 0.010962 0.010962 0.010962
vn 0.924466 -0.250979 -0.287005
v 0.760537 0.162489 -1.598556 0.010962 0.010962 0.010962
vn 0.924466 -0.250979 -0.287005
v 0.789804 0.201948 -1.538789 0.010962 0.010962 0.010962
vn 0.924466 -0.250979 -0.287005
f 3973//3973 3974//3974 3975//3975
v 0.760537 0.043539 -1.494537 0.010962 0.010962 0.010962
vn 0.924468 -0.250977 -0.287000
v 0.789804 0.201948 -1.538789 0.010962 0.010962 0.010962
vn 0.924468 -0.250977 -0.287000
v 0.789804 0.111884 -1.460030 0.010962 0.010962 0.010962
vn 0.924468 -0.250977 -0.287000
f 3976//3976 3977//3977 3978//3978
v 0.760537 0.606417 -1.494536 0.010962 0.010962 0.010962
vn 0.932323 0.345759 -0.105945
v 0.760537 0.649956 -1.352443 0.010962 0.010962 0.010962
vn 0.932323 0.345759 -0.105945
v 0.789804 0.571038 -1.352443 0.010962 0.010962 0.010962
vn 0.932323 0.345759 -0.105945
f 3979//3979 3980//3980 3981//3981
v 0.760537 0.606417 -1.494536 0.010962 0.010962 0.010962
vn 0.932324 0.345755 -0.105946
v 0.789804 0.571038 -1.352443 0.010962 0.010962 0.010962
vn 0.932324 0.345755 -0.105946
v 0.789804 0.538072 -1.460030 0.010962 0.010962 0.010962
vn 0.932324 0.345755 -0.105946
f 3982//3982 3983//3983 3984//3984
v 0.760537 0.649956 -1.352443 0.010962 0.010962 0.010962
vn 0.932325 0.345755 0.105944
v 0.760537 0.606417 -1.210351 0.010962 0.010962 0.010962
vn 0.932325 0.345755 0.105944
v 0.789804 0.538072 -1.244858 0.010962 0.010962 0.010962
vn 0.932325 0.345755 0.105944
f 3985//3985 3986//3986 3987//3987
v 0.760537 0.649956 -1.352443 0.010962 0.010962 0.010962
vn 0.932323 0.345759 0.105948
v 0.789804 0.538072 -1.244858 0.010962 0.010962 0.010962
vn 0.932323 0.345759 0.105948
v 0.789804 0.571038 -1.352443 0.010962 0.010962 0.010962
vn 0.932323 0.345759 0.105948
f 3988//3988 3989//3989 3990//3990
v 0.760537 0.606417 -1.210351 0.010962 0.010962 0.010962
vn 0.924466 0.250979 0.287005
v 0.760537 0.487467 -1.106332 0.010962 0.010962 0.010962
vn 0.924466 0.250979 0.287005
v 0.789804 0.448008 -1.166098 0.010962 0.010962 0.010962
vn 0.924466 0.250979 0.287005
f 3991//3991 3992//3992 3993//3993
v 0.760537 0.606417 -1.210351 0.010962 0.010962 0.010962
vn 0.924468 0.250977 0.287000
v 0.789804 0.448008 -1.166098 0.010962 0.010962 0.010962
vn 0.924468 0.250977 0.287000
v 0.789804 0.538072 -1.244858 0.010962 0.010962 0.010962
vn 0.924468 0.250977 0.287000
f 3994//3994 3995//3995 3996//3996
v 0.760537 0.487467 -1.106332 0.010962 0.010962 0.010962
vn 0.916806 0.091103 0.388803
v 0.760537 0.324978 -1.068258 0.010962 0.010962 0.010962
vn 0.916806 0.091103 0.388803
v 0.789804 0.324978 -1.137271 0.010962 0.010962 0.010962
vn 0.916806 0.091103 0.388803
f 3997//3997 3998//3998 3999//3999
v 0.760537 0.487467 -1.106332 0.010962 0.010962 0.010962
vn 0.916804 0.091102 0.388806
v 0.789804 0.324978 -1.137271 0.010962 0.010962 0.010962
vn 0.916804 0.091102 0.388806
v 0.789804 0.448008 -1.166098 0.010962 0.010962 0.010962
vn 0.916804 0.091102 0.388806
f 4000//4000 4001//4001 4002//4002
v 0.789804 0.539796 -1.352443 0.010962 0.010962 0.010962
vn 0.000000 -0.956123 -0.292965
v 0.789804 0.511017 -1.258517 0.010962 0.010962 0.010962
vn 0.000000 -0.956123 -0.292965
v 0.765992 0.511017 -1.258517 0.010962 0.010962 0.010962
vn 0.000000 -0.956123 -0.292965
f 4003//4003 4004//4004 4005//4005
v 0.789804 0.539796 -1.352443 0.010962 0.010962 0.010962
vn 0.000000 -0.956123 -0.292965
v 0.765992 0.511017 -1.258517 0.010962 0.010962 0.010962
vn 0.000000 -0.956123 -0.292965
v 0.765992 0.539796 -1.352443 0.010962 0.010962 0.010962
vn 0.000000 -0.956123 -0.292965
f 4006//4006 4007//4007 4008//4008
v 0.789804 0.078918 -1.352443 0.010962 0.010962 0.010962
vn 1.000000 0.000000 0.000000
v 0.789804 0.111884 -1.460030 0.010962 0.010962 0.010962
vn 1.000000 0.000000 0.000000
v 0.789804 0.138939 -1.446371 0.010962 0.010962 0.010962
vn 1.000000 0.000000 0.000000
f 4009//4009 4010//4010 4011//4011
v 0.789804 0.078918 -1.352443 0.010962 0.010962 0.010962
vn 1.000000 0.000000 0.000000
v 0.789804 0.138939 -1.446371 0.010962 0.010962 0.010962
vn 1.000000 0.000000 0.000000
v 0.789804 0.110160 -1.352443 0.010962 0.010962 0.010962
vn 1.000000 0.000000 0.000000
f 4012//4012 4013//4013 4014//4014
v 0.789804 0.538072 -1.460030 0.010962 0.010962 0.010962
vn 1.000000 0.000000 0.000000
v 0.789804 0.571038 -1.352443 0.010962 0.010962 0.010962
vn 1.000000 0.000000 0.000000
v 0.789804 0.539796 -1.352443 0.010962 0.010962 0.010962
vn 1.000000 0.000000 0.000000
f 4015//4015 4016//4016 4017//4017
v 0.789804 0.538072 -1.460030 0.010962 0.010962 0.010962
vn 1.000000 0.000000 0.000000
v 0.789804 0.539796 -1.352443 0.010962 0.010962 0.010962
vn 1.000000 0.000000 0.000000
v 0.789804 0.511017 -1.446371 0.010962 0.010962 0.010962
vn 1.000000 0.000000 0.000000
f 4018//4018 4019//4019 4020//4020
v 0.789804 0.448008 -1.166098 0.010962 0.010962 0.010962
vn 1.000000 0.000000 0.000000
v 0.789804 0.324978 -1.137271 0.010962 0.010962 0.010962
vn 1.000000 0.000000 0.000000
v 0.789804 0.324978 -1.164590 0.010962 0.010962 0.010962
vn 1.000000 0.000000 0.000000
f 4021//4021 4022//4022 4023//4023
v 0.789804 0.448008 -1.166098 0.010962 0.010962 0.010962
vn 1.000000 0.000000 0.000000
v 0.789804 0.324978 -1.164590 0.010962 0.010962 0.010962
vn 1.000000 0.000000 0.000000
v 0.789804 0.432388 -1.189758 0.010962 0.010962 0.010962
vn 1.000000 0.000000 0.000000
f 4024//4024 4025//4025 4026//4026
v 0.789804 0.111884 -1.244858 0.010962 0.010962 0.010962
vn 1.000000 0.000000 0.000000
v 0.789804 0.078918 -1.352443 0.010962 0.010962 0.010962
vn 1.000000 0.000000 0.000000
v 0.789804 0.110160 -1.352443 0.010962 0.010962 0.010962
vn 1.000000 0.000000 0.000000
f 4027//4027 4028//4028 4029//4029
v 0.789804 0.111884 -1.244858 0.010962 0.010962 0.010962
vn 1.000000 0.000000 0.000000
v 0.789804 0.110160 -1.352443 0.010962 0.010962 0.010962
vn 1.000000 0.000000 0.000000
v 0.789804 0.138939 -1.258517 0.010962 0.010962 0.010962
vn 1.000000 0.000000 0.000000
f 4030//4030 4031//4031 4032//4032
v 0.789804 0.448008 -1.538789 0.010962 0.010962 0.010962
vn 1.000000 0.000000 0.000000
v 0.789804 0.538072 -1.460030 0.010962 0.010962 0.010962
vn 1.000000 0.000000 0.000000
v 0.789804 0.511017 -1.446371 0.010962 0.010962 0.010962
vn 1.000000 0.000000 0.000000
f 4033//4033 4034//4034 4035//4035
v 0.789804 0.448008 -1.538789 0.010962 0.010962 0.010962
vn 1.000000 0.000000 0.000000
v 0.789804 0.511017 -1.446371 0.010962 0.010962 0.010962
vn 1.000000 0.000000 0.000000
v 0.789804 0.432388 -1.515129 0.010962 0.010962 0.010962
vn 1.000000 0.000000 0.000000
f 4036//4036 4037//4037 4038//4038
v 0.789804 0.201948 -1.538789 0.010962 0.010962 0.010962
vn 1.000000 0.000000 0.000000
v 0.789804 0.324978 -1.567617 0.010962 0.010962 0.010962
vn 1.000000 0.000000 0.000000
v 0.789804 0.324978 -1.540298 0.010962 0.010962 0.010962
vn 1.000000 0.000000 0.000000
f 4039//4039 4040//4040 4041//4041
v 0.789804 0.201948 -1.538789 0.010962 0.010962 0.010962
vn 1.000000 0.000000 0.000000
v 0.789804 0.324978 -1.540298 0.010962 0.010962 0.010962
vn 1.000000 0.000000 0.000000
v 0.789804 0.217568 -1.515129 0.010962 0.010962 0.010962
vn 1.000000 0.000000 0.000000
f 4042//4042 4043//4043 4044//4044
v 0.789804 0.538072 -1.244858 0.010962 0.010962 0.010962
vn 1.000000 0.000000 0.000000
v 0.789804 0.448008 -1.166098 0.010962 0.010962 0.010962
vn 1.000000 0.000000 0.000000
v 0.789804 0.432388 -1.189758 0.010962 0.010962 0.010962
vn 1.000000 0.000000 0.000000
f 4045//4045 4046//4046 4047//4047
v 0.789804 0.538072 -1.244858 0.010962 0.010962 0.010962
vn 1.000000 0.000000 0.000000
v 0.789804 0.432388 -1.189758 0.010962 0.010962 0.010962
vn 1.000000 0.000000 0.000000
v 0.789804 0.511017 -1.258517 0.010962 0.010962 0.010962
vn 1.000000 0.000000 0.000000
f 4048//4048 4049//4049 4050//4050
v 0.789804 0.201948 -1.166098 0.010962 0.010962 0.010962
vn 1.000000 0.000000 0.000000
v 0.789804 0.111884 -1.244858 0.010962 0.010962 0.010962
vn 1.000000 0.000000 0.000000
v 0.789804 0.138939 -1.258517 0.010962 0.010962 0.010962
vn 1.000000 0.000000 0.000000
f 4051//4051 4052//4052 4053//4053
v 0.789804 0.201948 -1.166098 0.010962 0.010962 0.010962
vn 1.000000 0.000000 0.000000
v 0.789804 0.138939 -1.258517 0.010962 0.010962 0.010962
vn 1.000000 0.000000 0.000000
v 0.789804 0.217568 -1.189758 0.010962 0.010962 0.010962
vn 1.000000 0.000000 0.000000
f 4054//4054 4055//4055 4056//4056
v 0.789804 0.324978 -1.567617 0.010962 0.010962 0.010962
vn 1.000000 0.000000 0.000000
v 0.789804 0.448008 -1.538789 0.010962 0.010962 0.010962
vn 1.000000 0.000000 0.000000
v 0.789804 0.432388 -1.515129 0.010962 0.010962 0.010962
vn 1.000000 0.000000 0.000000
f 4057//4057 4058//4058 4059//4059
v 0.789804 0.324978 -1.567617 0.010962 0.010962 0.010962
vn 1.000000 0.000000 0.000000
v 0.789804 0.432388 -1.515129 0.010962 0.010962 0.010962
vn 1.000000 0.000000 0.000000
v 0.789804 0.324978 -1.540298 0.010962 0.010962 0.010962
vn 1.000000 0.000000 0.000000
f 4060//4060 4061//4061 4062//4062
v 0.789804 0.111884 -1.460030 0.010962 0.010962 0.010962
vn 1.000000 0.000000 0.000000
v 0.789804 0.201948 -1.538789 0.010962 0.010962 0.010962
vn 1.000000 0.000000 0.000000
v 0.789804 0.217568 -1.515129 0.010962 0.010962 0.010962
vn 1.000000 0.000000 0.000000
f 4063//4063 4064//4064 4065//4065
v 0.789804 0.111884 -1.460030 0.010962 0.010962 0.010962
vn 1.000000 0.000000 0.000000
v 0.789804 0.217568 -1.515129 0.010962 0.010962 0.010962
vn 1.000000 0.000000 0.000000
v 0.789804 0.138939 -1.446371 0.010962 0.010962 0.010962
vn 1.000000 0.000000 0.000000
f 4066//4066 4067//4067 4068//4068
v 0.789804 0.571038 -1.352443 0.010962 0.010962 0.010962
vn 1.000000 0.000000 0.000000
v 0.789804 0.538072 -1.244858 0.010962 0.010962 0.010962
vn 1.000000 0.000000 0.000000
v 0.789804 0.511017 -1.258517 0.010962 0.010962 0.010962
vn 1.000000 0.000000 0.000000
f 4069//4069 4070//4070 4071//4071
v 0.789804 0.571038 -1.352443 0.010962 0.010962 0.010962
vn 1.000000 0.000000 0.000000
v 0.789804 0.511017 -1.258517 0.010962 0.010962 0.010962
vn 1.000000 0.000000 0.000000
v 0.789804 0.539796 -1.352443 0.010962 0.010962 0.010962
vn 1.000000 0.000000 0.000000
f 4072//4072 4073//4073 4074//4074
v 0.789804 0.324978 -1.164590 0.010962 0.010962 0.010962
vn 0.000000 0.228141 -0.973628
v 0.789804 0.217568 -1.189758 0.010962 0.010962 0.010962
vn 0.000000 0.228141 -0.973628
v 0.765992 0.217568 -1.189758 0.010962 0.010962 0.010962
vn 0.000000 0.228141 -0.973628
f 4075//4075 4076//4076 4077//4077
v 0.789804 0.324978 -1.164590 0.010962 0.010962 0.010962
vn 0.000000 0.228141 -0.973628
v 0.765992 0.217568 -1.189758 0.010962 0.010962 0.010962
vn 0.000000 0.228141 -0.973628
v 0.765992 0.324978 -1.164590 0.010962 0.010962 0.010962
vn 0.000000 0.228141 -0.973628
f 4078//4078 4079//4079 4080//4080
v 0.789804 0.110160 -1.352443 0.010962 0.010962 0.010962
vn 0.000000 0.956124 0.292962
v 0.789804 0.138939 -1.446371 0.010962 0.010962 0.010962
vn 0.000000 0.956124 0.292962
v 0.765992 0.138939 -1.446371 0.010962 0.010962 0.010962
vn 0.000000 0.956124 0.292962
f 4081//4081 4082//4082 4083//4083
v 0.789804 0.110160 -1.352443 0.010962 0.010962 0.010962
vn 0.000000 0.956124 0.292962
v 0.765992 0.138939 -1.446371 0.010962 0.010962 0.010962
vn 0.000000 0.956124 0.292962
v 0.765992 0.110160 -1.352443 0.010962 0.010962 0.010962
vn 0.000000 0.956124 0.292962
f 4084//4084 4085//4085 4086//4086
v 0.789804 0.511017 -1.446371 0.010962 0.010962 0.010962
vn 0.000000 -0.956124 0.292962
v 0.789804 0.539796 -1.352443 0.010962 0.010962 0.010962
vn 0.000000 -0.956124 0.292962
v 0.765992 0.539796 -1.352443 0.010962 0.010962 0.010962
vn 0.000000 -0.956124 0.292962
f 4087//4087 4088//4088 4089//4089
v 0.789804 0.511017 -1.446371 0.010962 0.010962 0.010962
vn 0.000000 -0.956124 0.292962
v 0.765992 0.539796 -1.352443 0.010962 0.010962 0.010962
vn 0.000000 -0.956124 0.292962
v 0.765992 0.511017 -1.446371 0.010962 0.010962 0.010962
vn 0.000000 -0.956124 0.292962
f 4090//4090 4091//4091 4092//4092
v 0.789804 0.432388 -1.189758 0.010962 0.010962 0.010962
vn 0.000000 -0.228141 -0.973628
v 0.789804 0.324978 -1.164590 0.010962 0.010962 0.010962
vn 0.000000 -0.228141 -0.973628
v 0.765992 0.324978 -1.164590 0.010962 0.010962 0.010962
vn 0.000000 -0.228141 -0.973628
f 4093//4093 4094//4094 4095//4095
v 0.789804 0.432388 -1.189758 0.010962 0.010962 0.010962
vn 0.000000 -0.228141 -0.973628
v 0.765992 0.324978 -1.164590 0.010962 0.010962 0.010962
vn 0.000000 -0.228141 -0.973628
v 0.765992 0.432388 -1.189758 0.010962 0.010962 0.010962
vn 0.000000 -0.228141 -0.973628
f 4096//4096 4097//4097 4098//4098
v 0.789804 0.138939 -1.258517 0.010962 0.010962 0.010962
vn 0.000000 0.956123 -0.292965
v 0.789804 0.110160 -1.352443 0.010962 0.010962 0.010962
vn 0.000000 0.956123 -0.292965
v 0.765992 0.110160 -1.352443 0.010962 0.010962 0.010962
vn 0.000000 0.956123 -0.292965
f 4099//4099 4100//4100 4101//4101
v 0.789804 0.138939 -1.258517 0.010962 0.010962 0.010962
vn 0.000000 0.956123 -0.292965
v 0.765992 0.110160 -1.352443 0.010962 0.010962 0.010962
vn 0.000000 0.956123 -0.292965
v 0.765992 0.138939 -1.258517 0.010962 0.010962 0.010962
vn 0.000000 0.956123 -0.292965
f 4102//4102 4103//4103 4104//4104
v 0.789804 0.432388 -1.515129 0.010962 0.010962 0.010962
vn 0.000000 -0.658281 0.752772
v 0.789804 0.511017 -1.446371 0.010962 0.010962 0.010962
vn 0.000000 -0.658281 0.752772
v 0.765992 0.511017 -1.446371 0.010962 0.010962 0.010962
vn 0.000000 -0.658281 0.752772
f 4105//4105 4106//4106 4107//4107
v 0.789804 0.432388 -1.515129 0.010962 0.010962 0.010962
vn 0.000000 -0.658281 0.752772
v 0.765992 0.511017 -1.446371 0.010962 0.010962 0.010962
vn 0.000000 -0.658281 0.752772
v 0.765992 0.432388 -1.515129 0.010962 0.010962 0.010962
vn 0.000000 -0.658281 0.752772
f 4108//4108 4109//4109 4110//4110
v 0.789804 0.217568 -1.515129 0.010962 0.010962 0.010962
vn 0.000000 0.228141 0.973628
v 0.789804 0.324978 -1.540298 0.010962 0.010962 0.010962
vn 0.000000 0.228141 0.973628
v 0.765992 0.324978 -1.540298 0.010962 0.010962 0.010962
vn 0.000000 0.228141 0.973628
f 4111//4111 4112//4112 4113//4113
v 0.789804 0.217568 -1.515129 0.010962 0.010962 0.010962
vn 0.000000 0.228141 0.973628
v 0.765992 0.324978 -1.540298 0.010962 0.010962 0.010962
vn 0.000000 0.228141 0.973628
v 0.765992 0.217568 -1.515129 0.010962 0.010962 0.010962
vn 0.000000 0.228141 0.973628
f 4114//4114 4115//4115 4116//4116
v 0.789804 0.511017 -1.258517 0.010962 0.010962 0.010962
vn 0.000000 -0.658281 -0.752772
v 0.789804 0.432388 -1.189758 0.010962 0.010962 0.010962
vn 0.000000 -0.658281 -0.752772
v 0.765992 0.432388 -1.189758 0.010962 0.010962 0.010962
vn 0.000000 -0.658281 -0.752772
f 4117//4117 4118//4118 4119//4119
v 0.789804 0.511017 -1.258517 0.010962 0.010962 0.010962
vn 0.000000 -0.658281 -0.752772
v 0.765992 0.432388 -1.189758 0.010962 0.010962 0.010962
vn 0.000000 -0.658281 -0.752772
v 0.765992 0.511017 -1.258517 0.010962 0.010962 0.010962
vn 0.000000 -0.658281 -0.752772
f 4120//4120 4121//4121 4122//4122
v 0.789804 0.217568 -1.189758 0.010962 0.010962 0.010962
vn 0.000000 0.658281 -0.752772
v 0.789804 0.138939 -1.258517 0.010962 0.010962 0.010962
vn 0.000000 0.658281 -0.752772
v 0.765992 0.138939 -1.258517 0.010962 0.010962 0.010962
vn 0.000000 0.658281 -0.752772
f 4123//4123 4124//4124 4125//4125
v 0.789804 0.217568 -1.189758 0.010962 0.010962 0.010962
vn 0.000000 0.658281 -0.752772
v 0.765992 0.138939 -1.258517 0.010962 0.010962 0.010962
vn 0.000000 0.658281 -0.752772
v 0.765992 0.217568 -1.189758 0.010962 0.010962 0.010962
vn 0.000000 0.658281 -0.752772
f 4126//4126 4127//4127 4128//4128
v 0.789804 0.324978 -1.540298 0.010962 0.010962 0.010962
vn 0.000000 -0.228141 0.973628
v 0.789804 0.432388 -1.515129 0.010962 0.010962 0.010962
vn 0.000000 -0.228141 0.973628
v 0.765992 0.432388 -1.515129 0.010962 0.010962 0.010962
vn 0.000000 -0.228141 0.973628
f 4129//4129 4130//4130 4131//4131
v 0.789804 0.324978 -1.540298 0.010962 0.010962 0.010962
vn 0.000000 -0.228141 0.973628
v 0.765992 0.432388 -1.515129 0.010962 0.010962 0.010962
vn 0.000000 -0.228141 0.973628
v 0.765992 0.324978 -1.540298 0.010962 0.010962 0.010962
vn 0.000000 -0.228141 0.973628
f 4132//4132 4133//4133 4134//4134
v 0.789804 0.138939 -1.446371 0.010962 0.010962 0.010962
vn 0.000000 0.658281 0.752772
v 0.789804 0.217568 -1.515129 0.010962 0.010962 0.010962
vn 0.000000 0.658281 0.752772
v 0.765992 0.217568 -1.515129 0.010962 0.010962 0.010962
vn 0.000000 0.658281 0.752772
f 4135//4135 4136//4136 4137//4137
v 0.789804 0.138939 -1.446371 0.010962 0.010962 0.010962
vn 0.000000 0.658281 0.752772
v 0.765992 0.217568 -1.515129 0.010962 0.010962 0.010962
vn 0.000000 0.658281 0.752772
v 0.765992 0.138939 -1.446371 0.010962 0.010962 0.010962
vn 0.000000 0.658281 0.752772
f 4138//4138 4139//4139 4140//4140
v 0.724694 0.314237 -1.176994 0.010962 0.010962 0.010962
vn 0.996617 -0.018749 0.080015
v 0.724694 0.228309 -1.197129 0.010962 0.010962 0.010962
vn 0.996617 -0.018749 0.080015
v 0.733639 0.290834 -1.293892 0.010962 0.010962 0.010962
vn 0.996617 -0.018749 0.080015
f 4141//4141 4142//4142 4143//4143
v 0.724694 0.314237 -1.176994 0.010962 0.010962 0.010962
vn 0.996617 -0.018748 0.080015
v 0.733639 0.290834 -1.293892 0.010962 0.010962 0.010962
vn 0.996617 -0.018748 0.080015
v 0.733639 0.316727 -1.287825 0.010962 0.010962 0.010962
vn 0.996617 -0.018748 0.080015
f 4144//4144 4145//4145 4146//4146
v 0.724694 0.421647 -1.197129 0.010962 0.010962 0.010962
vn 0.996617 0.018749 0.080015
v 0.724694 0.335719 -1.176994 0.010962 0.010962 0.010962
vn 0.996617 0.018749 0.080015
v 0.733639 0.333229 -1.287825 0.010962 0.010962 0.010962
vn 0.996617 0.018749 0.080015
f 4147//4147 4148//4148 4149//4149
v 0.724694 0.421647 -1.197129 0.010962 0.010962 0.010962
vn 0.996617 0.018748 0.080016
v 0.733639 0.333229 -1.287825 0.010962 0.010962 0.010962
vn 0.996617 0.018748 0.080016
v 0.733639 0.359122 -1.293892 0.010962 0.010962 0.010962
vn 0.996617 0.018748 0.080016
f 4150//4150 4151//4151 4152//4152
v 0.724694 0.496626 -1.257350 0.010962 0.010962 0.010962
vn 0.996985 0.051079 0.058410
v 0.724694 0.433723 -1.202341 0.010962 0.010962 0.010962
vn 0.996985 0.051079 0.058410
v 0.733639 0.368399 -1.297897 0.010962 0.010962 0.010962
vn 0.996985 0.051079 0.058410
f 4153//4153 4154//4154 4155//4155
v 0.724694 0.496626 -1.257350 0.010962 0.010962 0.010962
vn 0.996985 0.051079 0.058411
v 0.733639 0.368399 -1.297897 0.010962 0.010962 0.010962
vn 0.996985 0.051079 0.058411
v 0.733639 0.387354 -1.314473 0.010962 0.010962 0.010962
vn 0.996985 0.051079 0.058411
f 4156//4156 4157//4157 4158//4158
v 0.724694 0.525613 -1.343051 0.010962 0.010962 0.010962
vn 0.997315 0.070020 0.021455
v 0.724694 0.502588 -1.267910 0.010962 0.010962 0.010962
vn 0.997315 0.070020 0.021455
v 0.733639 0.391934 -1.322586 0.010962 0.010962 0.010962
vn 0.997315 0.070020 0.021455
f 4159//4159 4160//4160 4161//4161
v 0.724694 0.525613 -1.343051 0.010962 0.010962 0.010962
vn 0.997315 0.070019 0.021455
v 0.733639 0.391934 -1.322586 0.010962 0.010962 0.010962
vn 0.997315 0.070019 0.021455
v 0.733639 0.398872 -1.345228 0.010962 0.010962 0.010962
vn 0.997315 0.070019 0.021455
f 4162//4162 4163//4163 4164//4164
v 0.724694 0.433723 -1.502545 0.010962 0.010962 0.010962
vn 0.996985 0.051079 -0.058411
v 0.724694 0.496626 -1.447538 0.010962 0.010962 0.010962
vn 0.996985 0.051079 -0.058411
v 0.733639 0.387354 -1.390414 0.010962 0.010962 0.010962
vn 0.996985 0.051079 -0.058411
f 4165//4165 4166//4166 4167//4167
v 0.724694 0.433723 -1.502545 0.010962 0.010962 0.010962
vn 0.996985 0.051081 -0.058410
v 0.733639 0.387354 -1.390414 0.010962 0.010962 0.010962
vn 0.996985 0.051081 -0.058410
v 0.733639 0.368399 -1.406990 0.010962 0.010962 0.010962
vn 0.996985 0.051081 -0.058410
f 4168//4168 4169//4169 4170//4170
v 0.724694 0.502588 -1.436978 0.010962 0.010962 0.010962
vn 0.997315 0.070020 -0.021455
v 0.724694 0.525613 -1.361836 0.010962 0.010962 0.010962
vn 0.997315 0.070020 -0.021455
v 0.733639 0.398872 -1.359659 0.010962 0.010962 0.010962
vn 0.997315 0.070020 -0.021455
f 4171//4171 4172//4172 4173//4173
v 0.724694 0.502588 -1.436978 0.010962 0.010962 0.010962
vn 0.997315 0.070020 -0.021455
v 0.733639 0.398872 -1.359659 0.010962 0.010962 0.010962
vn 0.997315 0.070020 -0.021455
v 0.733639 0.391934 -1.382302 0.010962 0.010962 0.010962
vn 0.997315 0.070020 -0.021455
f 4174//4174 4175//4175 4176//4176
v 0.724694 0.335719 -1.527894 0.010962 0.010962 0.010962
vn 0.996617 0.018749 -0.080015
v 0.724694 0.421647 -1.507759 0.010962 0.010962 0.010962
vn 0.996617 0.018749 -0.080015
v 0.733639 0.359122 -1.410996 0.010962 0.010962 0.010962
vn 0.996617 0.018749 -0.080015
f 4177//4177 4178//4178 4179//4179
v 0.724694 0.335719 -1.527894 0.010962 0.010962 0.010962
vn 0.996617 0.018748 -0.080015
v 0.733639 0.359122 -1.410996 0.010962 0.010962 0.010962
vn 0.996617 0.018748 -0.080015
v 0.733639 0.333229 -1.417062 0.010962 0.010962 0.010962
vn 0.996617 0.018748 -0.080015
f 4180//4180 4181//4181 4182//4182
v 0.724694 0.228309 -1.507759 0.010962 0.010962 0.010962
vn 0.996617 -0.018749 -0.080015
v 0.724694 0.314237 -1.527894 0.010962 0.010962 0.010962
vn 0.996617 -0.018749 -0.080015
v 0.733639 0.316727 -1.417062 0.010962 0.010962 0.010962
vn 0.996617 -0.018749 -0.080015
f 4183//4183 4184//4184 4185//4185
v 0.724694 0.228309 -1.507759 0.010962 0.010962 0.010962
vn 0.996617 -0.018748 -0.080016
v 0.733639 0.316727 -1.417062 0.010962 0.010962 0.010962
vn 0.996617 -0.018748 -0.080016
v 0.733639 0.290834 -1.410996 0.010962 0.010962 0.010962
vn 0.996617 -0.018748 -0.080016
f 4186//4186 4187//4187 4188//4188
v 0.724694 0.153330 -1.447538 0.010962 0.010962 0.010962
vn 0.996985 -0.051079 -0.058411
v 0.724694 0.216233 -1.502545 0.010962 0.010962 0.010962
vn 0.996985 -0.051079 -0.058411
v 0.733639 0.281557 -1.406990 0.010962 0.010962 0.010962
vn 0.996985 -0.051079 -0.058411
f 4189//4189 4190//4190 4191//4191
v 0.724694 0.153330 -1.447538 0.010962 0.010962 0.010962
vn 0.996985 -0.051080 -0.058408
v 0.733639 0.281557 -1.406990 0.010962 0.010962 0.010962
vn 0.996985 -0.051080 -0.058408
v 0.733639 0.262602 -1.390414 0.010962 0.010962 0.010962
vn 0.996985 -0.051080 -0.058408
f 4192//4192 4193//4193 4194//4194
v 0.724694 0.124344 -1.361836 0.010962 0.010962 0.010962
vn 0.997315 -0.070020 -0.021454
v 0.724694 0.147368 -1.436978 0.010962 0.010962 0.010962
vn 0.997315 -0.070020 -0.021454
v 0.733639 0.258022 -1.382302 0.010962 0.010962 0.010962
vn 0.997315 -0.070020 -0.021454
f 4195//4195 4196//4196 4197//4197
v 0.724694 0.124344 -1.361836 0.010962 0.010962 0.010962
vn 0.997315 -0.070020 -0.021455
v 0.733639 0.258022 -1.382302 0.010962 0.010962 0.010962
vn 0.997315 -0.070020 -0.021455
v 0.733639 0.251085 -1.359659 0.010962 0.010962 0.010962
vn 0.997315 -0.070020 -0.021455
f 4198//4198 4199//4199 4200//4200
v 0.724694 0.147368 -1.267910 0.010962 0.010962 0.010962
vn 0.997315 -0.070020 0.021455
v 0.724694 0.124344 -1.343051 0.010962 0.010962 0.010962
vn 0.997315 -0.070020 0.021455
v 0.733639 0.251085 -1.345228 0.010962 0.010962 0.010962
vn 0.997315 -0.070020 0.021455
f 4201//4201 4202//4202 4203//4203
v 0.724694 0.147368 -1.267910 0.010962 0.010962 0.010962
vn 0.997315 -0.070020 0.021455
v 0.733639 0.251085 -1.345228 0.010962 0.010962 0.010962
vn 0.997315 -0.070020 0.021455
v 0.733639 0.258022 -1.322586 0.010962 0.010962 0.010962
vn 0.997315 -0.070020 0.021455
f 4204//4204 4205//4205 4206//4206
v 0.724694 0.216233 -1.202341 0.010962 0.010962 0.010962
vn 0.996985 -0.051079 0.058410
v 0.724694 0.153330 -1.257350 0.010962 0.010962 0.010962
vn 0.996985 -0.051079 0.058410
v 0.733639 0.262602 -1.314473 0.010962 0.010962 0.010962
vn 0.996985 -0.051079 0.058410
f 4207//4207 4208//4208 4209//4209
v 0.724694 0.216233 -1.202341 0.010962 0.010962 0.010962
vn 0.996985 -0.051079 0.058411
v 0.733639 0.262602 -1.314473 0.010962 0.010962 0.010962
vn 0.996985 -0.051079 0.058411
v 0.733639 0.281557 -1.297897 0.010962 0.010962 0.010962
vn 0.996985 -0.051079 0.058411
f 4210//4210 4211//4211 4212//4212
v 0.753148 0.292744 -1.312696 0.010962 0.010962 0.010962
vn 0.924743 -0.250522 0.286510
v 0.753148 0.279524 -1.324255 0.010962 0.010962 0.010962
vn 0.924743 -0.250522 0.286510
v 0.758181 0.291302 -1.330202 0.010962 0.010962 0.010962
vn 0.924743 -0.250522 0.286510
f 4213//4213 4214//4214 4215//4215
v 0.753148 0.292744 -1.312696 0.010962 0.010962 0.010962
vn 0.924727 -0.250584 0.286510
v 0.758181 0.291302 -1.330202 0.010962 0.010962 0.010962
vn 0.924727 -0.250584 0.286510
v 0.758181 0.299542 -1.322994 0.010962 0.010962 0.010962
vn 0.924727 -0.250584 0.286510
f 4216//4216 4217//4217 4218//4218
v 0.753148 0.279524 -1.380633 0.010962 0.010962 0.010962
vn 0.924729 -0.250546 -0.286537
v 0.753148 0.292744 -1.392191 0.010962 0.010962 0.010962
vn 0.924729 -0.250546 -0.286537
v 0.758181 0.299542 -1.381894 0.010962 0.010962 0.010962
vn 0.924729 -0.250546 -0.286537
f 4219//4219 4220//4220 4221//4221
v 0.753148 0.279524 -1.380633 0.010962 0.010962 0.010962
vn 0.924737 -0.250546 -0.286510
v 0.758181 0.299542 -1.381894 0.010962 0.010962 0.010962
vn 0.924737 -0.250546 -0.286510
v 0.758181 0.291302 -1.374687 0.010962 0.010962 0.010962
vn 0.924737 -0.250546 -0.286510
f 4222//4222 4223//4223 4224//4224
v 0.753148 0.357213 -1.392191 0.010962 0.010962 0.010962
vn 0.924719 0.250575 -0.286543
v 0.753148 0.370432 -1.380632 0.010962 0.010962 0.010962
vn 0.924719 0.250575 -0.286543
v 0.758181 0.358656 -1.374687 0.010962 0.010962 0.010962
vn 0.924719 0.250575 -0.286543
f 4225//4225 4226//4226 4227//4227
v 0.753148 0.357213 -1.392191 0.010962 0.010962 0.010962
vn 0.924729 0.250537 -0.286543
v 0.758181 0.358656 -1.374687 0.010962 0.010962 0.010962
vn 0.924729 0.250537 -0.286543
v 0.758181 0.350414 -1.381894 0.010962 0.010962 0.010962
vn 0.924729 0.250537 -0.286543
f 4228//4228 4229//4229 4230//4230
v 0.753148 0.370432 -1.324255 0.010962 0.010962 0.010962
vn 0.924729 0.250546 0.286537
v 0.753148 0.357213 -1.312696 0.010962 0.010962 0.010962
vn 0.924729 0.250546 0.286537
v 0.758181 0.350414 -1.322994 0.010962 0.010962 0.010962
vn 0.924729 0.250546 0.286537
f 4231//4231 4232//4232 4233//4233
v 0.753148 0.370432 -1.324255 0.010962 0.010962 0.010962
vn 0.924750 0.250547 0.286468
v 0.758181 0.350414 -1.322994 0.010962 0.010962 0.010962
vn 0.924750 0.250547 0.286468
v 0.758181 0.358654 -1.330202 0.010962 0.010962 0.010962
vn 0.924750 0.250547 0.286468
f 4234//4234 4235//4235 4236//4236
v -0.595854 0.324978 -1.636629 0.010962 0.010962 0.010962
vn 0.000000 -0.228130 -0.973631
v -0.595854 0.162489 -1.598556 0.010962 0.010962 0.010962
vn 0.000000 -0.228130 -0.973631
v -0.758786 0.162489 -1.598556 0.010962 0.010962 0.010962
vn 0.000000 -0.228130 -0.973631
f 4237//4237 4238//4238 4239//4239
v -0.595854 0.324978 -1.636629 0.010962 0.010962 0.010962
vn 0.000000 -0.228130 -0.973631
v -0.758786 0.162489 -1.598556 0.010962 0.010962 0.010962
vn 0.000000 -0.228130 -0.973631
v -0.758786 0.324978 -1.636629 0.010962 0.010962 0.010962
vn 0.000000 -0.228130 -0.973631
f 4240//4240 4241//4241 4242//4242
v -0.595854 0.162489 -1.598556 0.010962 0.010962 0.010962
vn 0.000000 -0.658281 -0.752772
v -0.595854 0.043539 -1.494537 0.010962 0.010962 0.010962
vn 0.000000 -0.658281 -0.752772
v -0.758786 0.043539 -1.494537 0.010962 0.010962 0.010962
vn 0.000000 -0.658281 -0.752772
f 4243//4243 4244//4244 4245//4245
v -0.595854 0.162489 -1.598556 0.010962 0.010962 0.010962
vn 0.000000 -0.658281 -0.752772
v -0.758786 0.043539 -1.494537 0.010962 0.010962 0.010962
vn 0.000000 -0.658281 -0.752772
v -0.758786 0.162489 -1.598556 0.010962 0.010962 0.010962
vn 0.000000 -0.658281 -0.752772
f 4246//4246 4247//4247 4248//4248
v -0.595854 0.043539 -1.494537 0.010962 0.010962 0.010962
vn 0.000000 -0.956123 -0.292966
v -0.595854 0.000000 -1.352443 0.010962 0.010962 0.010962
vn 0.000000 -0.956123 -0.292966
v -0.758786 0.000000 -1.352443 0.010962 0.010962 0.010962
vn 0.000000 -0.956123 -0.292966
f 4249//4249 4250//4250 4251//4251
v -0.595854 0.043539 -1.494537 0.010962 0.010962 0.010962
vn 0.000000 -0.956123 -0.292966
v -0.758786 0.000000 -1.352443 0.010962 0.010962 0.010962
vn 0.000000 -0.956123 -0.292966
v -0.758786 0.043539 -1.494537 0.010962 0.010962 0.010962
vn 0.000000 -0.956123 -0.292966
f 4252//4252 4253//4253 4254//4254
v -0.595854 0.000000 -1.352443 0.010962 0.010962 0.010962
vn 0.000000 -0.956122 0.292968
v -0.595854 0.043539 -1.210351 0.010962 0.010962 0.010962
vn 0.000000 -0.956122 0.292968
v -0.758786 0.043539 -1.210351 0.010962 0.010962 0.010962
vn 0.000000 -0.956122 0.292968
f 4255//4255 4256//4256 4257//4257
v -0.595854 0.000000 -1.352443 0.010962 0.010962 0.010962
vn 0.000000 -0.956122 0.292968
v -0.758786 0.043539 -1.210351 0.010962 0.010962 0.010962
vn 0.000000 -0.956122 0.292968
v -0.758786 0.000000 -1.352443 0.010962 0.010962 0.010962
vn 0.000000 -0.956122 0.292968
f 4258//4258 4259//4259 4260//4260
v -0.595854 0.043539 -1.210351 0.010962 0.010962 0.010962
vn 0.000000 -0.658277 0.752776
v -0.595854 0.162489 -1.106333 0.010962 0.010962 0.010962
vn 0.000000 -0.658277 0.752776
v -0.758786 0.162489 -1.106333 0.010962 0.010962 0.010962
vn 0.000000 -0.658277 0.752776
f 4261//4261 4262//4262 4263//4263
v -0.595854 0.043539 -1.210351 0.010962 0.010962 0.010962
vn 0.000000 -0.658277 0.752776
v -0.758786 0.162489 -1.106333 0.010962 0.010962 0.010962
vn 0.000000 -0.658277 0.752776
v -0.758786 0.043539 -1.210351 0.010962 0.010962 0.010962
vn 0.000000 -0.658277 0.752776
f 4264//4264 4265//4265 4266//4266
v -0.595854 0.162489 -1.106333 0.010962 0.010962 0.010962
vn 0.000000 -0.228143 0.973628
v -0.595854 0.324978 -1.068258 0.010962 0.010962 0.010962
vn 0.000000 -0.228143 0.973628
v -0.758786 0.324978 -1.068258 0.010962 0.010962 0.010962
vn 0.000000 -0.228143 0.973628
f 4267//4267 4268//4268 4269//4269
v -0.595854 0.162489 -1.106333 0.010962 0.010962 0.010962
vn 0.000000 -0.228143 0.973628
v -0.758786 0.324978 -1.068258 0.010962 0.010962 0.010962
vn 0.000000 -0.228143 0.973628
v -0.758786 0.162489 -1.106333 0.010962 0.010962 0.010962
vn 0.000000 -0.228143 0.973628
f 4270//4270 4271//4271 4272//4272
v -0.595854 0.324978 -1.068258 0.010962 0.010962 0.010962
vn 0.000000 0.228143 0.973628
v -0.595854 0.487467 -1.106333 0.010962 0.010962 0.010962
vn 0.000000 0.228143 0.973628
v -0.758786 0.487467 -1.106333 0.010962 0.010962 0.010962
vn 0.000000 0.228143 0.973628
f 4273//4273 4274//4274 4275//4275
v -0.595854 0.324978 -1.068258 0.010962 0.010962 0.010962
vn 0.000000 0.228143 0.973628
v -0.758786 0.487467 -1.106333 0.010962 0.010962 0.010962
vn 0.000000 0.228143 0.973628
v -0.758786 0.324978 -1.068258 0.010962 0.010962 0.010962
vn 0.000000 0.228143 0.973628
f 4276//4276 4277//4277 4278//4278
v -0.595854 0.487467 -1.106333 0.010962 0.010962 0.010962
vn 0.000000 0.658277 0.752776
v -0.595854 0.606417 -1.210351 0.010962 0.010962 0.010962
vn 0.000000 0.658277 0.752776
v -0.758786 0.606417 -1.210351 0.010962 0.010962 0.010962
vn 0.000000 0.658277 0.752776
f 4279//4279 4280//4280 4281//4281
v -0.595854 0.487467 -1.106333 0.010962 0.010962 0.010962
vn 0.000000 0.658277 0.752776
v -0.758786 0.606417 -1.210351 0.010962 0.010962 0.010962
vn 0.000000 0.658277 0.752776
v -0.758786 0.487467 -1.106333 0.010962 0.010962 0.010962
vn 0.000000 0.658277 0.752776
f 4282//4282 4283//4283 4284//4284
v -0.595854 0.606417 -1.210351 0.010962 0.010962 0.010962
vn 0.000000 0.956122 0.292968
v -0.595854 0.649956 -1.352443 0.010962 0.010962 0.010962
vn 0.000000 0.956122 0.292968
v -0.758786 0.649956 -1.352443 0.010962 0.010962 0.010962
vn 0.000000 0.956122 0.292968
f 4285//4285 4286//4286 4287//4287
v -0.595854 0.606417 -1.210351 0.010962 0.010962 0.010962
vn 0.000000 0.956122 0.292968
v -0.758786 0.649956 -1.352443 0.010962 0.010962 0.010962
vn 0.000000 0.956122 0.292968
v -0.758786 0.606417 -1.210351 0.010962 0.010962 0.010962
vn 0.000000 0.956122 0.292968
f 4288//4288 4289//4289 4290//4290
v -0.595854 0.649956 -1.352443 0.010962 0.010962 0.010962
vn 0.000000 0.956122 -0.292968
v -0.595854 0.606417 -1.494536 0.010962 0.010962 0.010962
vn 0.000000 0.956122 -0.292968
v -0.758786 0.606417 -1.494536 0.010962 0.010962 0.010962
vn 0.000000 0.956122 -0.292968
f 4291//4291 4292//4292 4293//4293
v -0.595854 0.649956 -1.352443 0.010962 0.010962 0.010962
vn 0.000000 0.956122 -0.292968
v -0.758786 0.606417 -1.494536 0.010962 0.010962 0.010962
vn 0.000000 0.956122 -0.292968
v -0.758786 0.649956 -1.352443 0.010962 0.010962 0.010962
vn 0.000000 0.956122 -0.292968
f 4294//4294 4295//4295 4296//4296
v -0.758786 0.324978 -1.068258 0.010962 0.010962 0.010962
vn -0.916811 -0.091099 0.388792
v -0.788052 0.324978 -1.137271 0.010962 0.010962 0.010962
vn -0.916811 -0.091099 0.388792
v -0.788052 0.201948 -1.166098 0.010962 0.010962 0.010962
vn -0.916811 -0.091099 0.388792
f 4297//4297 4298//4298 4299//4299
v -0.758786 0.324978 -1.068258 0.010962 0.010962 0.010962
vn -0.916808 -0.091104 0.388798
v -0.788052 0.201948 -1.166098 0.010962 0.010962 0.010962
vn -0.916808 -0.091104 0.388798
v -0.758786 0.162489 -1.106333 0.010962 0.010962 0.010962
vn -0.916808 -0.091104 0.388798
f 4300//4300 4301//4301 4302//4302
v -0.595854 0.606417 -1.494536 0.010962 0.010962 0.010962
vn 0.000000 0.658285 -0.752769
v -0.595854 0.487467 -1.598556 0.010962 0.010962 0.010962
vn 0.000000 0.658285 -0.752769
v -0.758786 0.487467 -1.598556 0.010962 0.010962 0.010962
vn 0.000000 0.658285 -0.752769
f 4303//4303 4304//4304 4305//4305
v -0.595854 0.606417 -1.494536 0.010962 0.010962 0.010962
vn 0.000000 0.658285 -0.752769
v -0.758786 0.487467 -1.598556 0.010962 0.010962 0.010962
vn 0.000000 0.658285 -0.752769
v -0.758786 0.606417 -1.494536 0.010962 0.010962 0.010962
vn 0.000000 0.658285 -0.752769
f 4306//4306 4307//4307 4308//4308
v -0.595854 0.487467 -1.598556 0.010962 0.010962 0.010962
vn 0.000000 0.228130 -0.973631
v -0.595854 0.324978 -1.636629 0.010962 0.010962 0.010962
vn 0.000000 0.228130 -0.973631
v -0.758786 0.324978 -1.636629 0.010962 0.010962 0.010962
vn 0.000000 0.228130 -0.973631
f 4309//4309 4310//4310 4311//4311
v -0.595854 0.487467 -1.598556 0.010962 0.010962 0.010962
vn 0.000000 0.228130 -0.973631
v -0.758786 0.324978 -1.636629 0.010962 0.010962 0.010962
vn 0.000000 0.228130 -0.973631
v -0.758786 0.487467 -1.598556 0.010962 0.010962 0.010962
vn 0.000000 0.228130 -0.973631
f 4312//4312 4313//4313 4314//4314
v -0.595854 0.324978 -1.636629 0.010962 0.010962 0.010962
vn 1.000000 0.000000 0.000000
v -0.595854 0.487467 -1.598556 0.010962 0.010962 0.010962
vn 1.000000 0.000000 0.000000
v -0.595854 0.606417 -1.494536 0.010962 0.010962 0.010962
vn 1.000000 0.000000 0.000000
f 4315//4315 4316//4316 4317//4317
v -0.595854 0.324978 -1.636629 0.010962 0.010962 0.010962
vn 1.000000 0.000000 0.000000
v -0.595854 0.606417 -1.494536 0.010962 0.010962 0.010962
vn 1.000000 0.000000 0.000000
v -0.595854 0.649956 -1.352443 0.010962 0.010962 0.010962
vn 1.000000 0.000000 0.000000
f 4318//4318 4319//4319 4320//4320
v -0.595854 0.324978 -1.636629 0.010962 0.010962 0.010962
vn 1.000000 0.000000 0.000000
v -0.595854 0.649956 -1.352443 0.010962 0.010962 0.010962
vn 1.000000 0.000000 0.000000
v -0.595854 0.606417 -1.210351 0.010962 0.010962 0.010962
vn 1.000000 0.000000 0.000000
f 4321//4321 4322//4322 4323//4323
v -0.595854 0.324978 -1.636629 0.010962 0.010962 0.010962
vn 1.000000 0.000000 0.000000
v -0.595854 0.606417 -1.210351 0.010962 0.010962 0.010962
vn 1.000000 0.000000 0.000000
v -0.595854 0.487467 -1.106333 0.010962 0.010962 0.010962
vn 1.000000 0.000000 0.000000
f 4324//4324 4325//4325 4326//4326
v -0.595854 0.324978 -1.636629 0.010962 0.010962 0.010962
vn 1.000000 0.000000 0.000000
v -0.595854 0.487467 -1.106333 0.010962 0.010962 0.010962
vn 1.000000 0.000000 0.000000
v -0.595854 0.324978 -1.068258 0.010962 0.010962 0.010962
vn 1.000000 0.000000 0.000000
f 4327//4327 4328//4328 4329//4329
v -0.595854 0.324978 -1.636629 0.010962 0.010962 0.010962
vn 1.000000 0.000000 0.000000
v -0.595854 0.324978 -1.068258 0.010962 0.010962 0.010962
vn 1.000000 0.000000 0.000000
v -0.595854 0.162489 -1.106333 0.010962 0.010962 0.010962
vn 1.000000 0.000000 0.000000
f 4330//4330 4331//4331 4332//4332
v -0.595854 0.324978 -1.636629 0.010962 0.010962 0.010962
vn 1.000000 0.000000 0.000000
v -0.595854 0.162489 -1.106333 0.010962 0.010962 0.010962
vn 1.000000 0.000000 0.000000
v -0.595854 0.043539 -1.210351 0.010962 0.010962 0.010962
vn 1.000000 0.000000 0.000000
f 4333//4333 4334//4334 4335//4335
v -0.595854 0.324978 -1.636629 0.010962 0.010962 0.010962
vn 1.000000 0.000000 0.000000
v -0.595854 0.043539 -1.210351 0.010962 0.010962 0.010962
vn 1.000000 0.000000 0.000000
v -0.595854 0.000000 -1.352443 0.010962 0.010962 0.010962
vn 1.000000 0.000000 0.000000
f 4336//4336 4337//4337 4338//4338
v -0.595854 0.324978 -1.636629 0.010962 0.010962 0.010962
vn 1.000000 0.000000 0.000000
v -0.595854 0.000000 -1.352443 0.010962 0.010962 0.010962
vn 1.000000 0.000000 0.000000
v -0.595854 0.043539 -1.494537 0.010962 0.010962 0.010962
vn 1.000000 0.000000 0.000000
f 4339//4339 4340//4340 4341//4341
v -0.595854 0.324978 -1.636629 0.010962 0.010962 0.010962
vn 1.000000 0.000000 0.000000
v -0.595854 0.043539 -1.494537 0.010962 0.010962 0.010962
vn 1.000000 0.000000 0.000000
v -0.595854 0.162489 -1.598556 0.010962 0.010962 0.010962
vn 1.000000 0.000000 0.000000
f 4342//4342 4343//4343 4344//4344
v -0.788052 0.324978 -1.137271 0.010962 0.010962 0.010962
vn -1.000000 0.000000 0.000000
v -0.788052 0.324978 -1.164590 0.010962 0.010962 0.010962
vn -1.000000 0.000000 0.000000
v -0.788052 0.217568 -1.189758 0.010962 0.010962 0.010962
vn -1.000000 0.000000 0.000000
f 4345//4345 4346//4346 4347//4347
v -0.788052 0.324978 -1.137271 0.010962 0.010962 0.010962
vn -1.000000 0.000000 0.000000
v -0.788052 0.217568 -1.189758 0.010962 0.010962 0.010962
vn -1.000000 0.000000 0.000000
v -0.788052 0.201948 -1.166098 0.010962 0.010962 0.010962
vn -1.000000 0.000000 0.000000
f 4348//4348 4349//4349 4350//4350
v -0.758786 0.162489 -1.106333 0.010962 0.010962 0.010962
vn -0.924469 -0.250976 0.286998
v -0.788052 0.201948 -1.166098 0.010962 0.010962 0.010962
vn -0.924469 -0.250976 0.286998
v -0.788052 0.111884 -1.244858 0.010962 0.010962 0.010962
vn -0.924469 -0.250976 0.286998
f 4351//4351 4352//4352 4353//4353
v -0.758786 0.162489 -1.106333 0.010962 0.010962 0.010962
vn -0.924472 -0.250968 0.286995
v -0.788052 0.111884 -1.244858 0.010962 0.010962 0.010962
vn -0.924472 -0.250968 0.286995
v -0.758786 0.043539 -1.210351 0.010962 0.010962 0.010962
vn -0.924472 -0.250968 0.286995
f 4354//4354 4355//4355 4356//4356
v -0.758786 0.043539 -1.210351 0.010962 0.010962 0.010962
vn -0.932329 -0.345743 0.105943
v -0.788052 0.111884 -1.244858 0.010962 0.010962 0.010962
vn -0.932329 -0.345743 0.105943
v -0.788052 0.078918 -1.352443 0.010962 0.010962 0.010962
vn -0.932329 -0.345743 0.105943
f 4357//4357 4358//4358 4359//4359
v -0.758786 0.043539 -1.210351 0.010962 0.010962 0.010962
vn -0.932327 -0.345749 0.105942
v -0.788052 0.078918 -1.352443 0.010962 0.010962 0.010962
vn -0.932327 -0.345749 0.105942
v -0.758786 0.000000 -1.352443 0.010962 0.010962 0.010962
vn -0.932327 -0.345749 0.105942
f 4360//4360 4361//4361 4362//4362
v -0.758786 0.324978 -1.636629 0.010962 0.010962 0.010962
vn -0.916808 0.091100 -0.388797
v -0.788052 0.324978 -1.567617 0.010962 0.010962 0.010962
vn -0.916808 0.091100 -0.388797
v -0.788052 0.448008 -1.538789 0.010962 0.010962 0.010962
vn -0.916808 0.091100 -0.388797
f 4363//4363 4364//4364 4365//4365
v -0.758786 0.324978 -1.636629 0.010962 0.010962 0.010962
vn -0.916809 0.091098 -0.388796
v -0.788052 0.448008 -1.538789 0.010962 0.010962 0.010962
vn -0.916809 0.091098 -0.388796
v -0.758786 0.487467 -1.598556 0.010962 0.010962 0.010962
vn -0.916809 0.091098 -0.388796
f 4366//4366 4367//4367 4368//4368
v -0.758786 0.162489 -1.598556 0.010962 0.010962 0.010962
vn -0.916809 -0.091099 -0.388795
v -0.788052 0.201948 -1.538789 0.010962 0.010962 0.010962
vn -0.916809 -0.091099 -0.388795
v -0.788052 0.324978 -1.567617 0.010962 0.010962 0.010962
vn -0.916809 -0.091099 -0.388795
f 4369//4369 4370//4370 4371//4371
v -0.758786 0.162489 -1.598556 0.010962 0.010962 0.010962
vn -0.916808 -0.091099 -0.388797
v -0.788052 0.324978 -1.567617 0.010962 0.010962 0.010962
vn -0.916808 -0.091099 -0.388797
v -0.758786 0.324978 -1.636629 0.010962 0.010962 0.010962
vn -0.916808 -0.091099 -0.388797
f 4372//4372 4373//4373 4374//4374
v -0.758786 0.000000 -1.352443 0.010962 0.010962 0.010962
vn -0.932327 -0.345748 -0.105944
v -0.788052 0.078918 -1.352443 0.010962 0.010962 0.010962
vn -0.932327 -0.345748 -0.105944
v -0.788052 0.111884 -1.460030 0.010962 0.010962 0.010962
vn -0.932327 -0.345748 -0.105944
f 4375//4375 4376//4376 4377//4377
v -0.758786 0.000000 -1.352443 0.010962 0.010962 0.010962
vn -0.932329 -0.345745 -0.105940
v -0.788052 0.111884 -1.460030 0.010962 0.010962 0.010962
vn -0.932329 -0.345745 -0.105940
v -0.758786 0.043539 -1.494537 0.010962 0.010962 0.010962
vn -0.932329 -0.345745 -0.105940
f 4378//4378 4379//4379 4380//4380
v -0.758786 0.487467 -1.598556 0.010962 0.010962 0.010962
vn -0.924471 0.250973 -0.286995
v -0.788052 0.448008 -1.538789 0.010962 0.010962 0.010962
vn -0.924471 0.250973 -0.286995
v -0.788052 0.538072 -1.460030 0.010962 0.010962 0.010962
vn -0.924471 0.250973 -0.286995
f 4381//4381 4382//4382 4383//4383
v -0.758786 0.487467 -1.598556 0.010962 0.010962 0.010962
vn -0.924471 0.250972 -0.286995
v -0.788052 0.538072 -1.460030 0.010962 0.010962 0.010962
vn -0.924471 0.250972 -0.286995
v -0.758786 0.606417 -1.494536 0.010962 0.010962 0.010962
vn -0.924471 0.250972 -0.286995
f 4384//4384 4385//4385 4386//4386
v -0.758786 0.043539 -1.494537 0.010962 0.010962 0.010962
vn -0.924473 -0.250970 -0.286991
v -0.788052 0.111884 -1.460030 0.010962 0.010962 0.010962
vn -0.924473 -0.250970 -0.286991
v -0.788052 0.201948 -1.538789 0.010962 0.010962 0.010962
vn -0.924473 -0.250970 -0.286991
f 4387//4387 4388//4388 4389//4389
v -0.758786 0.043539 -1.494537 0.010962 0.010962 0.010962
vn -0.924471 -0.250971 -0.286996
v -0.788052 0.201948 -1.538789 0.010962 0.010962 0.010962
vn -0.924471 -0.250971 -0.286996
v -0.758786 0.162489 -1.598556 0.010962 0.010962 0.010962
vn -0.924471 -0.250971 -0.286996
f 4390//4390 4391//4391 4392//4392
v -0.758786 0.606417 -1.494536 0.010962 0.010962 0.010962
vn -0.932329 0.345745 -0.105943
v -0.788052 0.538072 -1.460030 0.010962 0.010962 0.010962
vn -0.932329 0.345745 -0.105943
v -0.788052 0.571038 -1.352443 0.010962 0.010962 0.010962
vn -0.932329 0.345745 -0.105943
f 4393//4393 4394//4394 4395//4395
v -0.758786 0.606417 -1.494536 0.010962 0.010962 0.010962
vn -0.932327 0.345749 -0.105942
v -0.788052 0.571038 -1.352443 0.010962 0.010962 0.010962
vn -0.932327 0.345749 -0.105942
v -0.758786 0.649956 -1.352443 0.010962 0.010962 0.010962
vn -0.932327 0.345749 -0.105942
f 4396//4396 4397//4397 4398//4398
v -0.758786 0.649956 -1.352443 0.010962 0.010962 0.010962
vn -0.932327 0.345748 0.105945
v -0.788052 0.571038 -1.352443 0.010962 0.010962 0.010962
vn -0.932327 0.345748 0.105945
v -0.788052 0.538072 -1.244858 0.010962 0.010962 0.010962
vn -0.932327 0.345748 0.105945
f 4399//4399 4400//4400 4401//4401
v -0.758786 0.649956 -1.352443 0.010962 0.010962 0.010962
vn -0.932329 0.345745 0.105941
v -0.788052 0.538072 -1.244858 0.010962 0.010962 0.010962
vn -0.932329 0.345745 0.105941
v -0.758786 0.606417 -1.210351 0.010962 0.010962 0.010962
vn -0.932329 0.345745 0.105941
f 4402//4402 4403//4403 4404//4404
v -0.758786 0.606417 -1.210351 0.010962 0.010962 0.010962
vn -0.924473 0.250970 0.286991
v -0.788052 0.538072 -1.244858 0.010962 0.010962 0.010962
vn -0.924473 0.250970 0.286991
v -0.788052 0.448008 -1.166098 0.010962 0.010962 0.010962
vn -0.924473 0.250970 0.286991
f 4405//4405 4406//4406 4407//4407
v -0.758786 0.606417 -1.210351 0.010962 0.010962 0.010962
vn -0.924470 0.250972 0.287000
v -0.788052 0.448008 -1.166098 0.010962 0.010962 0.010962
vn -0.924470 0.250972 0.287000
v -0.758786 0.487467 -1.106333 0.010962 0.010962 0.010962
vn -0.924470 0.250972 0.287000
f 4408//4408 4409//4409 4410//4410
v -0.758786 0.487467 -1.106333 0.010962 0.010962 0.010962
vn -0.916807 0.091100 0.388800
v -0.788052 0.448008 -1.166098 0.010962 0.010962 0.010962
vn -0.916807 0.091100 0.388800
v -0.788052 0.324978 -1.137271 0.010962 0.010962 0.010962
vn -0.916807 0.091100 0.388800
f 4411//4411 4412//4412 4413//4413
v -0.758786 0.487467 -1.106333 0.010962 0.010962 0.010962
vn -0.916810 0.091103 0.388792
v -0.788052 0.324978 -1.137271 0.010962 0.010962 0.010962
vn -0.916810 0.091103 0.388792
v -0.758786 0.324978 -1.068258 0.010962 0.010962 0.010962
vn -0.916810 0.091103 0.388792
f 4414//4414 4415//4415 4416//4416
v -0.788052 0.539796 -1.352443 0.010962 0.010962 0.010962
vn 0.000000 -0.956123 -0.292965
v -0.764240 0.539796 -1.352443 0.010962 0.010962 0.010962
vn 0.000000 -0.956123 -0.292965
v -0.764240 0.511017 -1.258517 0.010962 0.010962 0.010962
vn 0.000000 -0.956123 -0.292965
f 4417//4417 4418//4418 4419//4419
v -0.788052 0.539796 -1.352443 0.010962 0.010962 0.010962
vn 0.000000 -0.956123 -0.292965
v -0.764240 0.511017 -1.258517 0.010962 0.010962 0.010962
vn 0.000000 -0.956123 -0.292965
v -0.788052 0.511017 -1.258517 0.010962 0.010962 0.010962
vn 0.000000 -0.956123 -0.292965
f 4420//4420 4421//4421 4422//4422
v -0.788052 0.078918 -1.352443 0.010962 0.010962 0.010962
vn -1.000000 0.000000 0.000000
v -0.788052 0.110160 -1.352443 0.010962 0.010962 0.010962
vn -1.000000 0.000000 0.000000
v -0.788052 0.138939 -1.446371 0.010962 0.010962 0.010962
vn -1.000000 0.000000 0.000000
f 4423//4423 4424//4424 4425//4425
v -0.788052 0.078918 -1.352443 0.010962 0.010962 0.010962
vn -1.000000 0.000000 0.000000
v -0.788052 0.138939 -1.446371 0.010962 0.010962 0.010962
vn -1.000000 0.000000 0.000000
v -0.788052 0.111884 -1.460030 0.010962 0.010962 0.010962
vn -1.000000 0.000000 0.000000
f 4426//4426 4427//4427 4428//4428
v -0.788052 0.538072 -1.460030 0.010962 0.010962 0.010962
vn -1.000000 0.000000 0.000000
v -0.788052 0.511017 -1.446371 0.010962 0.010962 0.010962
vn -1.000000 0.000000 0.000000
v -0.788052 0.539796 -1.352443 0.010962 0.010962 0.010962
vn -1.000000 0.000000 0.000000
f 4429//4429 4430//4430 4431//4431
v -0.788052 0.538072 -1.460030 0.010962 0.010962 0.010962
vn -1.000000 0.000000 0.000000
v -0.788052 0.539796 -1.352443 0.010962 0.010962 0.010962
vn -1.000000 0.000000 0.000000
v -0.788052 0.571038 -1.352443 0.010962 0.010962 0.010962
vn -1.000000 0.000000 0.000000
f 4432//4432 4433//4433 4434//4434
v -0.788052 0.448008 -1.166098 0.010962 0.010962 0.010962
vn -1.000000 0.000000 0.000000
v -0.788052 0.432388 -1.189758 0.010962 0.010962 0.010962
vn -1.000000 0.000000 0.000000
v -0.788052 0.324978 -1.164590 0.010962 0.010962 0.010962
vn -1.000000 0.000000 0.000000
f 4435//4435 4436//4436 4437//4437
v -0.788052 0.448008 -1.166098 0.010962 0.010962 0.010962
vn -1.000000 0.000000 0.000000
v -0.788052 0.324978 -1.164590 0.010962 0.010962 0.010962
vn -1.000000 0.000000 0.000000
v -0.788052 0.324978 -1.137271 0.010962 0.010962 0.010962
vn -1.000000 0.000000 0.000000
f 4438//4438 4439//4439 4440//4440
v -0.788052 0.111884 -1.244858 0.010962 0.010962 0.010962
vn -1.000000 0.000000 0.000000
v -0.788052 0.138939 -1.258517 0.010962 0.010962 0.010962
vn -1.000000 0.000000 0.000000
v -0.788052 0.110160 -1.352443 0.010962 0.010962 0.010962
vn -1.000000 0.000000 0.000000
f 4441//4441 4442//4442 4443//4443
v -0.788052 0.111884 -1.244858 0.010962 0.010962 0.010962
vn -1.000000 0.000000 0.000000
v -0.788052 0.110160 -1.352443 0.010962 0.010962 0.010962
vn -1.000000 0.000000 0.000000
v -0.788052 0.078918 -1.352443 0.010962 0.010962 0.010962
vn -1.000000 0.000000 0.000000
f 4444//4444 4445//4445 4446//4446
v -0.788052 0.448008 -1.538789 0.010962 0.010962 0.010962
vn -1.000000 0.000000 0.000000
v -0.788052 0.432388 -1.515129 0.010962 0.010962 0.010962
vn -1.000000 0.000000 0.000000
v -0.788052 0.511017 -1.446371 0.010962 0.010962 0.010962
vn -1.000000 0.000000 0.000000
f 4447//4447 4448//4448 4449//4449
v -0.788052 0.448008 -1.538789 0.010962 0.010962 0.010962
vn -1.000000 0.000000 0.000000
v -0.788052 0.511017 -1.446371 0.010962 0.010962 0.010962
vn -1.000000 0.000000 0.000000
v -0.788052 0.538072 -1.460030 0.010962 0.010962 0.010962
vn -1.000000 0.000000 0.000000
f 4450//4450 4451//4451 4452//4452
v -0.788052 0.201948 -1.538789 0.010962 0.010962 0.010962
vn -1.000000 0.000000 0.000000
v -0.788052 0.217568 -1.515129 0.010962 0.010962 0.010962
vn -1.000000 0.000000 0.000000
v -0.788052 0.324978 -1.540298 0.010962 0.010962 0.010962
vn -1.000000 0.000000 0.000000
f 4453//4453 4454//4454 4455//4455
v -0.788052 0.201948 -1.538789 0.010962 0.010962 0.010962
vn -1.000000 0.000000 0.000000
v -0.788052 0.324978 -1.540298 0.010962 0.010962 0.010962
vn -1.000000 0.000000 0.000000
v -0.788052 0.324978 -1.567617 0.010962 0.010962 0.010962
vn -1.000000 0.000000 0.000000
f 4456//4456 4457//4457 4458//4458
v -0.788052 0.538072 -1.244858 0.010962 0.010962 0.010962
vn -1.000000 0.000000 0.000000
v -0.788052 0.511017 -1.258517 0.010962 0.010962 0.010962
vn -1.000000 0.000000 0.000000
v -0.788052 0.432388 -1.189758 0.010962 0.010962 0.010962
vn -1.000000 0.000000 0.000000
f 4459//4459 4460//4460 4461//4461
v -0.788052 0.538072 -1.244858 0.010962 0.010962 0.010962
vn -1.000000 0.000000 0.000000
v -0.788052 0.432388 -1.189758 0.010962 0.010962 0.010962
vn -1.000000 0.000000 0.000000
v -0.788052 0.448008 -1.166098 0.010962 0.010962 0.010962
vn -1.000000 0.000000 0.000000
f 4462//4462 4463//4463 4464//4464
v -0.788052 0.201948 -1.166098 0.010962 0.010962 0.010962
vn -1.000000 0.000000 0.000000
v -0.788052 0.217568 -1.189758 0.010962 0.010962 0.010962
vn -1.000000 0.000000 0.000000
v -0.788052 0.138939 -1.258517 0.010962 0.010962 0.010962
vn -1.000000 0.000000 0.000000
f 4465//4465 4466//4466 4467//4467
v -0.788052 0.201948 -1.166098 0.010962 0.010962 0.010962
vn -1.000000 0.000000 0.000000
v -0.788052 0.138939 -1.258517 0.010962 0.010962 0.010962
vn -1.000000 0.000000 0.000000
v -0.788052 0.111884 -1.244858 0.010962 0.010962 0.010962
vn -1.000000 0.000000 0.000000
f 4468//4468 4469//4469 4470//4470
v -0.788052 0.324978 -1.567617 0.010962 0.010962 0.010962
vn -1.000000 0.000000 0.000000
v -0.788052 0.324978 -1.540298 0.010962 0.010962 0.010962
vn -1.000000 0.000000 0.000000
v -0.788052 0.432388 -1.515129 0.010962 0.010962 0.010962
vn -1.000000 0.000000 0.000000
f 4471//4471 4472//4472 4473//4473
v -0.788052 0.324978 -1.567617 0.010962 0.010962 0.010962
vn -1.000000 0.000000 0.000000
v -0.788052 0.432388 -1.515129 0.010962 0.010962 0.010962
vn -1.000000 0.000000 0.000000
v -0.788052 0.448008 -1.538789 0.010962 0.010962 0.010962
vn -1.000000 0.000000 0.000000
f 4474//4474 4475//4475 4476//4476
v -0.788052 0.111884 -1.460030 0.010962 0.010962 0.010962
vn -1.000000 0.000000 0.000000
v -0.788052 0.138939 -1.446371 0.010962 0.010962 0.010962
vn -1.000000 0.000000 0.000000
v -0.788052 0.217568 -1.515129 0.010962 0.010962 0.010962
vn -1.000000 0.000000 0.000000
f 4477//4477 4478//4478 4479//4479
v -0.788052 0.111884 -1.460030 0.010962 0.010962 0.010962
vn -1.000000 0.000000 0.000000
v -0.788052 0.217568 -1.515129 0.010962 0.010962 0.010962
vn -1.000000 0.000000 0.000000
v -0.788052 0.201948 -1.538789 0.010962 0.010962 0.010962
vn -1.000000 0.000000 0.000000
f 4480//4480 4481//4481 4482//4482
v -0.788052 0.571038 -1.352443 0.010962 0.010962 0.010962
vn -1.000000 0.000000 0.000000
v -0.788052 0.539796 -1.352443 0.010962 0.010962 0.010962
vn -1.000000 0.000000 0.000000
v -0.788052 0.511017 -1.258517 0.010962 0.010962 0.010962
vn -1.000000 0.000000 0.000000
f 4483//4483 4484//4484 4485//4485
v -0.788052 0.571038 -1.352443 0.010962 0.010962 0.010962
vn -1.000000 0.000000 0.000000
v -0.788052 0.511017 -1.258517 0.010962 0.010962 0.010962
vn -1.000000 0.000000 0.000000
v -0.788052 0.538072 -1.244858 0.010962 0.010962 0.010962
vn -1.000000 0.000000 0.000000
f 4486//4486 4487//4487 4488//4488
v -0.788052 0.324978 -1.164590 0.010962 0.010962 0.010962
vn 0.000000 0.228141 -0.973628
v -0.764240 0.324978 -1.164590 0.010962 0.010962 0.010962
vn 0.000000 0.228141 -0.973628
v -0.764240 0.217568 -1.189758 0.010962 0.010962 0.010962
vn 0.000000 0.228141 -0.973628
f 4489//4489 4490//4490 4491//4491
v -0.788052 0.324978 -1.164590 0.010962 0.010962 0.010962
vn 0.000000 0.228141 -0.973628
v -0.764240 0.217568 -1.189758 0.010962 0.010962 0.010962
vn 0.000000 0.228141 -0.973628
v -0.788052 0.217568 -1.189758 0.010962 0.010962 0.010962
vn 0.000000 0.228141 -0.973628
f 4492//4492 4493//4493 4494//4494
v -0.788052 0.110160 -1.352443 0.010962 0.010962 0.010962
vn 0.000000 0.956124 0.292962
v -0.764240 0.110160 -1.352443 0.010962 0.010962 0.010962
vn 0.000000 0.956124 0.292962
v -0.764240 0.138939 -1.446371 0.010962 0.010962 0.010962
vn 0.000000 0.956124 0.292962
f 4495//4495 4496//4496 4497//4497
v -0.788052 0.110160 -1.352443 0.010962 0.010962 0.010962
vn 0.000000 0.956124 0.292962
v -0.764240 0.138939 -1.446371 0.010962 0.010962 0.010962
vn 0.000000 0.956124 0.292962
v -0.788052 0.138939 -1.446371 0.010962 0.010962 0.010962
vn 0.000000 0.956124 0.292962
f 4498//4498 4499//4499 4500//4500
v -0.788052 0.511017 -1.446371 0.010962 0.010962 0.010962
vn 0.000000 -0.956124 0.292962
v -0.764240 0.511017 -1.446371 0.010962 0.010962 0.010962
vn 0.000000 -0.956124 0.292962
v -0.764240 0.539796 -1.352443 0.010962 0.010962 0.010962
vn 0.000000 -0.956124 0.292962
f 4501//4501 4502//4502 4503//4503
v -0.788052 0.511017 -1.446371 0.010962 0.010962 0.010962
vn 0.000000 -0.956124 0.292962
v -0.764240 0.539796 -1.352443 0.010962 0.010962 0.010962
vn 0.000000 -0.956124 0.292962
v -0.788052 0.539796 -1.352443 0.010962 0.010962 0.010962
vn 0.000000 -0.956124 0.292962
f 4504//4504 4505//4505 4506//4506
v -0.788052 0.432388 -1.189758 0.010962 0.010962 0.010962
vn 0.000000 -0.228141 -0.973628
v -0.764240 0.432388 -1.189758 0.010962 0.010962 0.010962
vn 0.000000 -0.228141 -0.973628
v -0.764240 0.324978 -1.164590 0.010962 0.010962 0.010962
vn 0.000000 -0.228141 -0.973628
f 4507//4507 4508//4508 4509//4509
v -0.788052 0.432388 -1.189758 0.010962 0.010962 0.010962
vn 0.000000 -0.228141 -0.973628
v -0.764240 0.324978 -1.164590 0.010962 0.010962 0.010962
vn 0.000000 -0.228141 -0.973628
v -0.788052 0.324978 -1.164590 0.010962 0.010962 0.010962
vn 0.000000 -0.228141 -0.973628
f 4510//4510 4511//4511 4512//4512
v -0.788052 0.138939 -1.258517 0.010962 0.010962 0.010962
vn 0.000000 0.956123 -0.292965
v -0.764240 0.138939 -1.258517 0.010962 0.010962 0.010962
vn 0.000000 0.956123 -0.292965
v -0.764240 0.110160 -1.352443 0.010962 0.010962 0.010962
vn 0.000000 0.956123 -0.292965
f 4513//4513 4514//4514 4515//4515
v -0.788052 0.138939 -1.258517 0.010962 0.010962 0.010962
vn 0.000000 0.956123 -0.292965
v -0.764240 0.110160 -1.352443 0.010962 0.010962 0.010962
vn 0.000000 0.956123 -0.292965
v -0.788052 0.110160 -1.352443 0.010962 0.010962 0.010962
vn 0.000000 0.956123 -0.292965
f 4516//4516 4517//4517 4518//4518
v -0.788052 0.432388 -1.515129 0.010962 0.010962 0.010962
vn 0.000000 -0.658281 0.752772
v -0.764240 0.432388 -1.515129 0.010962 0.010962 0.010962
vn 0.000000 -0.658281 0.752772
v -0.764240 0.511017 -1.446371 0.010962 0.010962 0.010962
vn 0.000000 -0.658281 0.752772
f 4519//4519 4520//4520 4521//4521
v -0.788052 0.432388 -1.515129 0.010962 0.010962 0.010962
vn 0.000000 -0.658281 0.752772
v -0.764240 0.511017 -1.446371 0.010962 0.010962 0.010962
vn 0.000000 -0.658281 0.752772
v -0.788052 0.511017 -1.446371 0.010962 0.010962 0.010962
vn 0.000000 -0.658281 0.752772
f 4522//4522 4523//4523 4524//4524
v -0.788052 0.217568 -1.515129 0.010962 0.010962 0.010962
vn 0.000000 0.228141 0.973628
v -0.764240 0.217568 -1.515129 0.010962 0.010962 0.010962
vn 0.000000 0.228141 0.973628
v -0.764240 0.324978 -1.540298 0.010962 0.010962 0.010962
vn 0.000000 0.228141 0.973628
f 4525//4525 4526//4526 4527//4527
v -0.788052 0.217568 -1.515129 0.010962 0.010962 0.010962
vn 0.000000 0.228141 0.973628
v -0.764240 0.324978 -1.540298 0.010962 0.010962 0.010962
vn 0.000000 0.228141 0.973628
v -0.788052 0.324978 -1.540298 0.010962 0.010962 0.010962
vn 0.000000 0.228141 0.973628
f 4528//4528 4529//4529 4530//4530
v -0.788052 0.511017 -1.258517 0.010962 0.010962 0.010962
vn 0.000000 -0.658281 -0.752772
v -0.764240 0.511017 -1.258517 0.010962 0.010962 0.010962
vn 0.000000 -0.658281 -0.752772
v -0.764240 0.432388 -1.189758 0.010962 0.010962 0.010962
vn 0.000000 -0.658281 -0.752772
f 4531//4531 4532//4532 4533//4533
v -0.788052 0.511017 -1.258517 0.010962 0.010962 0.010962
vn 0.000000 -0.658281 -0.752772
v -0.764240 0.432388 -1.189758 0.010962 0.010962 0.010962
vn 0.000000 -0.658281 -0.752772
v -0.788052 0.432388 -1.189758 0.010962 0.010962 0.010962
vn 0.000000 -0.658281 -0.752772
f 4534//4534 4535//4535 4536//4536
v -0.788052 0.217568 -1.189758 0.010962 0.010962 0.010962
vn 0.000000 0.658281 -0.752772
v -0.764240 0.217568 -1.189758 0.010962 0.010962 0.010962
vn 0.000000 0.658281 -0.752772
v -0.764240 0.138939 -1.258517 0.010962 0.010962 0.010962
vn 0.000000 0.658281 -0.752772
f 4537//4537 4538//4538 4539//4539
v -0.788052 0.217568 -1.189758 0.010962 0.010962 0.010962
vn 0.000000 0.658281 -0.752772
v -0.764240 0.138939 -1.258517 0.010962 0.010962 0.010962
vn 0.000000 0.658281 -0.752772
v -0.788052 0.138939 -1.258517 0.010962 0.010962 0.010962
vn 0.000000 0.658281 -0.752772
f 4540//4540 4541//4541 4542//4542
v -0.788052 0.324978 -1.540298 0.010962 0.010962 0.010962
vn 0.000000 -0.228141 0.973628
v -0.764240 0.324978 -1.540298 0.010962 0.010962 0.010962
vn 0.000000 -0.228141 0.973628
v -0.764240 0.432388 -1.515129 0.010962 0.010962 0.010962
vn 0.000000 -0.228141 0.973628
f 4543//4543 4544//4544 4545//4545
v -0.788052 0.324978 -1.540298 0.010962 0.010962 0.010962
vn 0.000000 -0.228141 0.973628
v -0.764240 0.432388 -1.515129 0.010962 0.010962 0.010962
vn 0.000000 -0.228141 0.973628
v -0.788052 0.432388 -1.515129 0.010962 0.010962 0.010962
vn 0.000000 -0.228141 0.973628
f 4546//4546 4547//4547 4548//4548
v -0.788052 0.138939 -1.446371 0.010962 0.010962 0.010962
vn 0.000000 0.658281 0.752772
v -0.764240 0.138939 -1.446371 0.010962 0.010962 0.010962
vn 0.000000 0.658281 0.752772
v -0.764240 0.217568 -1.515129 0.010962 0.010962 0.010962
vn 0.000000 0.658281 0.752772
f 4549//4549 4550//4550 4551//4551
v -0.788052 0.138939 -1.446371 0.010962 0.010962 0.010962
vn 0.000000 0.658281 0.752772
v -0.764240 0.217568 -1.515129 0.010962 0.010962 0.010962
vn 0.000000 0.658281 0.752772
v -0.788052 0.217568 -1.515129 0.010962 0.010962 0.010962
vn 0.000000 0.658281 0.752772
f 4552//4552 4553//4553 4554//4554
v -0.722942 0.314237 -1.176994 0.010962 0.010962 0.010962
vn -0.996617 -0.018748 0.080015
v -0.731887 0.316727 -1.287825 0.010962 0.010962 0.010962
vn -0.996617 -0.018748 0.080015
v -0.731887 0.290834 -1.293892 0.010962 0.010962 0.010962
vn -0.996617 -0.018748 0.080015
f 4555//4555 4556//4556 4557//4557
v -0.722942 0.314237 -1.176994 0.010962 0.010962 0.010962
vn -0.996617 -0.018749 0.080015
v -0.731887 0.290834 -1.293892 0.010962 0.010962 0.010962
vn -0.996617 -0.018749 0.080015
v -0.722942 0.228309 -1.197129 0.010962 0.010962 0.010962
vn -0.996617 -0.018749 0.080015
f 4558//4558 4559//4559 4560//4560
v -0.722942 0.421647 -1.197129 0.010962 0.010962 0.010962
vn -0.996617 0.018748 0.080016
v -0.731887 0.359122 -1.293892 0.010962 0.010962 0.010962
vn -0.996617 0.018748 0.080016
v -0.731887 0.333229 -1.287825 0.010962 0.010962 0.010962
vn -0.996617 0.018748 0.080016
f 4561//4561 4562//4562 4563//4563
v -0.722942 0.421647 -1.197129 0.010962 0.010962 0.010962
vn -0.996617 0.018749 0.080015
v -0.731887 0.333229 -1.287825 0.010962 0.010962 0.010962
vn -0.996617 0.018749 0.080015
v -0.722942 0.335719 -1.176994 0.010962 0.010962 0.010962
vn -0.996617 0.018749 0.080015
f 4564//4564 4565//4565 4566//4566
v -0.722942 0.496626 -1.257350 0.010962 0.010962 0.010962
vn -0.996985 0.051079 0.058411
v -0.731887 0.387354 -1.314473 0.010962 0.010962 0.010962
vn -0.996985 0.051079 0.058411
v -0.731887 0.368399 -1.297897 0.010962 0.010962 0.010962
vn -0.996985 0.051079 0.058411
f 4567//4567 4568//4568 4569//4569
v -0.722942 0.496626 -1.257350 0.010962 0.010962 0.010962
vn -0.996985 0.051079 0.058411
v -0.731887 0.368399 -1.297897 0.010962 0.010962 0.010962
vn -0.996985 0.051079 0.058411
v -0.722942 0.433723 -1.202343 0.010962 0.010962 0.010962
vn -0.996985 0.051079 0.058411
f 4570//4570 4571//4571 4572//4572
v -0.722942 0.525613 -1.343052 0.010962 0.010962 0.010962
vn -0.997315 0.070020 0.021455
v -0.731887 0.398872 -1.345228 0.010962 0.010962 0.010962
vn -0.997315 0.070020 0.021455
v -0.731887 0.391934 -1.322586 0.010962 0.010962 0.010962
vn -0.997315 0.070020 0.021455
f 4573//4573 4574//4574 4575//4575
v -0.722942 0.525613 -1.343052 0.010962 0.010962 0.010962
vn -0.997315 0.070020 0.021455
v -0.731887 0.391934 -1.322586 0.010962 0.010962 0.010962
vn -0.997315 0.070020 0.021455
v -0.722942 0.502588 -1.267910 0.010962 0.010962 0.010962
vn -0.997315 0.070020 0.021455
f 4576//4576 4577//4577 4578//4578
v -0.722942 0.433723 -1.502545 0.010962 0.010962 0.010962
vn -0.996985 0.051079 -0.058411
v -0.731887 0.368399 -1.406990 0.010962 0.010962 0.010962
vn -0.996985 0.051079 -0.058411
v -0.731887 0.387354 -1.390415 0.010962 0.010962 0.010962
vn -0.996985 0.051079 -0.058411
f 4579//4579 4580//4580 4581//4581
v -0.722942 0.433723 -1.502545 0.010962 0.010962 0.010962
vn -0.996985 0.051079 -0.058411
v -0.731887 0.387354 -1.390415 0.010962 0.010962 0.010962
vn -0.996985 0.051079 -0.058411
v -0.722942 0.496626 -1.447538 0.010962 0.010962 0.010962
vn -0.996985 0.051079 -0.058411
f 4582//4582 4583//4583 4584//4584
v -0.722942 0.502588 -1.436978 0.010962 0.010962 0.010962
vn -0.997315 0.070020 -0.021455
v -0.731887 0.391934 -1.382302 0.010962 0.010962 0.010962
vn -0.997315 0.070020 -0.021455
v -0.731887 0.398872 -1.359659 0.010962 0.010962 0.010962
vn -0.997315 0.070020 -0.021455
f 4585//4585 4586//4586 4587//4587
v -0.722942 0.502588 -1.436978 0.010962 0.010962 0.010962
vn -0.997315 0.070020 -0.021455
v -0.731887 0.398872 -1.359659 0.010962 0.010962 0.010962
vn -0.997315 0.070020 -0.021455
v -0.722942 0.525613 -1.361836 0.010962 0.010962 0.010962
vn -0.997315 0.070020 -0.021455
f 4588//4588 4589//4589 4590//4590
v -0.722942 0.335719 -1.527894 0.010962 0.010962 0.010962
vn -0.996617 0.018748 -0.080015
v -0.731887 0.333229 -1.417062 0.010962 0.010962 0.010962
vn -0.996617 0.018748 -0.080015
v -0.731887 0.359122 -1.410996 0.010962 0.010962 0.010962
vn -0.996617 0.018748 -0.080015
f 4591//4591 4592//4592 4593//4593
v -0.722942 0.335719 -1.527894 0.010962 0.010962 0.010962
vn -0.996617 0.018749 -0.080015
v -0.731887 0.359122 -1.410996 0.010962 0.010962 0.010962
vn -0.996617 0.018749 -0.080015
v -0.722942 0.421647 -1.507759 0.010962 0.010962 0.010962
vn -0.996617 0.018749 -0.080015
f 4594//4594 4595//4595 4596//4596
v -0.722942 0.228309 -1.507759 0.010962 0.010962 0.010962
vn -0.996617 -0.018748 -0.080016
v -0.731887 0.290834 -1.410996 0.010962 0.010962 0.010962
vn -0.996617 -0.018748 -0.080016
v -0.731887 0.316727 -1.417062 0.010962 0.010962 0.010962
vn -0.996617 -0.018748 -0.080016
f 4597//4597 4598//4598 4599//4599
v -0.722942 0.228309 -1.507759 0.010962 0.010962 0.010962
vn -0.996617 -0.018749 -0.080015
v -0.731887 0.316727 -1.417062 0.010962 0.010962 0.010962
vn -0.996617 -0.018749 -0.080015
v -0.722942 0.314237 -1.527894 0.010962 0.010962 0.010962
vn -0.996617 -0.018749 -0.080015
f 4600//4600 4601//4601 4602//4602
v -0.722942 0.153330 -1.447538 0.010962 0.010962 0.010962
vn -0.996985 -0.051079 -0.058411
v -0.731887 0.262602 -1.390415 0.010962 0.010962 0.010962
vn -0.996985 -0.051079 -0.058411
v -0.731887 0.281557 -1.406990 0.010962 0.010962 0.010962
vn -0.996985 -0.051079 -0.058411
f 4603//4603 4604//4604 4605//4605
v -0.722942 0.153330 -1.447538 0.010962 0.010962 0.010962
vn -0.996985 -0.051079 -0.058411
v -0.731887 0.281557 -1.406990 0.010962 0.010962 0.010962
vn -0.996985 -0.051079 -0.058411
v -0.722942 0.216233 -1.502545 0.010962 0.010962 0.010962
vn -0.996985 -0.051079 -0.058411
f 4606//4606 4607//4607 4608//4608
v -0.722942 0.124344 -1.361836 0.010962 0.010962 0.010962
vn -0.997315 -0.070020 -0.021455
v -0.731887 0.251085 -1.359659 0.010962 0.010962 0.010962
vn -0.997315 -0.070020 -0.021455
v -0.731887 0.258022 -1.382302 0.010962 0.010962 0.010962
vn -0.997315 -0.070020 -0.021455
f 4609//4609 4610//4610 4611//4611
v -0.722942 0.124344 -1.361836 0.010962 0.010962 0.010962
vn -0.997315 -0.070020 -0.021454
v -0.731887 0.258022 -1.382302 0.010962 0.010962 0.010962
vn -0.997315 -0.070020 -0.021454
v -0.722942 0.147368 -1.436978 0.010962 0.010962 0.010962
vn -0.997315 -0.070020 -0.021454
f 4612//4612 4613//4613 4614//4614
v -0.722942 0.147368 -1.267910 0.010962 0.010962 0.010962
vn -0.997315 -0.070020 0.021455
v -0.731887 0.258022 -1.322586 0.010962 0.010962 0.010962
vn -0.997315 -0.070020 0.021455
v -0.731887 0.251085 -1.345228 0.010962 0.010962 0.010962
vn -0.997315 -0.070020 0.021455
f 4615//4615 4616//4616 4617//4617
v -0.722942 0.147368 -1.267910 0.010962 0.010962 0.010962
vn -0.997315 -0.070020 0.021454
v -0.731887 0.251085 -1.345228 0.010962 0.010962 0.010962
vn -0.997315 -0.070020 0.021454
v -0.722942 0.124344 -1.343052 0.010962 0.010962 0.010962
vn -0.997315 -0.070020 0.021454
f 4618//4618 4619//4619 4620//4620
v -0.722942 0.216233 -1.202343 0.010962 0.010962 0.010962
vn -0.996985 -0.051079 0.058411
v -0.731887 0.281557 -1.297897 0.010962 0.010962 0.010962
vn -0.996985 -0.051079 0.058411
v -0.731887 0.262602 -1.314473 0.010962 0.010962 0.010962
vn -0.996985 -0.051079 0.058411
f 4621//4621 4622//4622 4623//4623
v -0.722942 0.216233 -1.202343 0.010962 0.010962 0.010962
vn -0.996985 -0.051079 0.058411
v -0.731887 0.262602 -1.314473 0.010962 0.010962 0.010962
vn -0.996985 -0.051079 0.058411
v -0.722942 0.153330 -1.257350 0.010962 0.010962 0.010962
vn -0.996985 -0.051079 0.058411
f 4624//4624 4625//4625 4626//4626
v -0.751396 0.292744 -1.312696 0.010962 0.010962 0.010962
vn -0.924754 -0.250541 0.286461
v -0.756428 0.299542 -1.322994 0.010962 0.010962 0.010962
vn -0.924754 -0.250541 0.286461
v -0.756428 0.291302 -1.330202 0.010962 0.010962 0.010962
vn -0.924754 -0.250541 0.286461
f 4627//4627 4628//4628 4629//4629
v -0.751396 0.292744 -1.312696 0.010962 0.010962 0.010962
vn -0.924770 -0.250480 0.286461
v -0.756428 0.291302 -1.330202 0.010962 0.010962 0.010962
vn -0.924770 -0.250480 0.286461
v -0.751396 0.279524 -1.324255 0.010962 0.010962 0.010962
vn -0.924770 -0.250480 0.286461
f 4630//4630 4631//4631 4632//4632
v -0.751396 0.279524 -1.380633 0.010962 0.010962 0.010962
vn -0.924764 -0.250503 -0.286461
v -0.756428 0.291302 -1.374687 0.010962 0.010962 0.010962
vn -0.924764 -0.250503 -0.286461
v -0.756428 0.299542 -1.381894 0.010962 0.010962 0.010962
vn -0.924764 -0.250503 -0.286461
f 4633//4633 4634//4634 4635//4635
v -0.751396 0.279524 -1.380633 0.010962 0.010962 0.010962
vn -0.924756 -0.250503 -0.286488
v -0.756428 0.299542 -1.381894 0.010962 0.010962 0.010962
vn -0.924756 -0.250503 -0.286488
v -0.751396 0.292744 -1.392191 0.010962 0.010962 0.010962
vn -0.924756 -0.250503 -0.286488
f 4636//4636 4637//4637 4638//4638
v -0.751396 0.357213 -1.392191 0.010962 0.010962 0.010962
vn -0.924756 0.250494 -0.286494
v -0.756428 0.350414 -1.381894 0.010962 0.010962 0.010962
vn -0.924756 0.250494 -0.286494
v -0.756428 0.358656 -1.374687 0.010962 0.010962 0.010962
vn -0.924756 0.250494 -0.286494
f 4639//4639 4640//4640 4641//4641
v -0.751396 0.357213 -1.392191 0.010962 0.010962 0.010962
vn -0.924746 0.250532 -0.286494
v -0.756428 0.358656 -1.374687 0.010962 0.010962 0.010962
vn -0.924746 0.250532 -0.286494
v -0.751396 0.370432 -1.380632 0.010962 0.010962 0.010962
vn -0.924746 0.250532 -0.286494
f 4642//4642 4643//4643 4644//4644
v -0.751396 0.370432 -1.324255 0.010962 0.010962 0.010962
vn -0.924777 0.250504 0.286419
v -0.756428 0.358654 -1.330202 0.010962 0.010962 0.010962
vn -0.924777 0.250504 0.286419
v -0.756428 0.350414 -1.322994 0.010962 0.010962 0.010962
vn -0.924777 0.250504 0.286419
f 4645//4645 4646//4646 4647//4647
v -0.751396 0.370432 -1.324255 0.010962 0.010962 0.010962
vn -0.924756 0.250503 0.286488
v -0.756428 0.350414 -1.322994 0.010962 0.010962 0.010962
vn -0.924756 0.250503 0.286488
v -0.751396 0.357213 -1.312696 0.010962 0.010962 0.010962
vn -0.924756 0.250503 0.286488
f 4648//4648 4649//4649 4650//4650
g Grey
v 0.768716 0.272852 -1.378761 0.161245 0.161245 0.161245
vn 0.999394 -0.002815 -0.034690
v 0.765992 0.138939 -1.446371 0.161245 0.161245 0.161245
vn 0.999394 -0.002815 -0.034690
v 0.765992 0.153330 -1.447538 0.161245 0.161245 0.161245
vn 0.999394 -0.002815 -0.034690
f 4651//4651 4652//4652 4653//4653
v 0.768716 0.272852 -1.378761 0.161245 0.161245 0.161245
vn 0.852121 0.246297 -0.461766
v 0.765992 0.153330 -1.447538 0.161245 0.161245 0.161245
vn 0.852121 0.246297 -0.461766
v 0.765363 0.262602 -1.390414 0.161245 0.161245 0.161245
vn 0.852121 0.246297 -0.461766
f 4654//4654 4655//4655 4656//4656
v 0.768716 0.324978 -1.405078 0.161245 0.161245 0.161245
vn 0.917085 0.090961 -0.388176
v 0.768716 0.355073 -1.398026 0.161245 0.161245 0.161245
vn 0.917085 0.090961 -0.388176
v 0.777104 0.343741 -1.380864 0.161245 0.161245 0.161245
vn 0.917085 0.090961 -0.388176
f 4657//4657 4658//4658 4659//4659
v 0.768716 0.324978 -1.405078 0.161245 0.161245 0.161245
vn 0.917095 0.090937 -0.388160
v 0.777104 0.343741 -1.380864 0.161245 0.161245 0.161245
vn 0.917095 0.090937 -0.388160
v 0.777104 0.324978 -1.385260 0.161245 0.161245 0.161245
vn 0.917095 0.090937 -0.388160
f 4660//4660 4661//4661 4662//4662
v 0.765992 0.511017 -1.258517 0.161245 0.161245 0.161245
vn 0.752471 0.308972 -0.581656
v 0.768716 0.377104 -1.326127 0.161245 0.161245 0.161245
vn 0.752471 0.308972 -0.581656
v 0.765363 0.391934 -1.322586 0.161245 0.161245 0.161245
vn 0.752471 0.308972 -0.581656
f 4663//4663 4664//4664 4665//4665
v 0.765992 0.511017 -1.258517 0.161245 0.161245 0.161245
vn 0.999906 -0.010201 0.009153
v 0.765363 0.391934 -1.322586 0.161245 0.161245 0.161245
vn 0.999906 -0.010201 0.009153
v 0.765992 0.502588 -1.267910 0.161245 0.161245 0.161245
vn 0.999906 -0.010201 0.009153
f 4666//4666 4667//4667 4668//4668
v 0.765992 0.324978 -1.164590 0.161245 0.161245 0.161245
vn 1.000000 0.000000 0.000000
v 0.765992 0.217568 -1.189758 0.161245 0.161245 0.161245
vn 1.000000 0.000000 0.000000
v 0.765992 0.228309 -1.197129 0.161245 0.161245 0.161245
vn 1.000000 0.000000 0.000000
f 4669//4669 4670//4670 4671//4671
v 0.765992 0.324978 -1.164590 0.161245 0.161245 0.161245
vn 1.000000 0.000000 0.000000
v 0.765992 0.228309 -1.197129 0.161245 0.161245 0.161245
vn 1.000000 0.000000 0.000000
v 0.765992 0.314237 -1.176994 0.161245 0.161245 0.161245
vn 1.000000 0.000000 0.000000
f 4672//4672 4673//4673 4674//4674
v 0.768716 0.272852 -1.378761 0.161245 0.161245 0.161245
vn 0.976583 -0.205701 -0.063024
v 0.768716 0.264789 -1.352443 0.161245 0.161245 0.161245
vn 0.976583 -0.205701 -0.063024
v 0.765363 0.251085 -1.359659 0.161245 0.161245 0.161245
vn 0.976583 -0.205701 -0.063024
f 4675//4675 4676//4676 4677//4677
v 0.768716 0.272852 -1.378761 0.161245 0.161245 0.161245
vn 0.976582 -0.205707 -0.063031
v 0.765363 0.251085 -1.359659 0.161245 0.161245 0.161245
vn 0.976582 -0.205707 -0.063031
v 0.765363 0.258022 -1.382302 0.161245 0.161245 0.161245
vn 0.976582 -0.205707 -0.063031
f 4678//4678 4679//4679 4680//4680
v 0.768716 0.377104 -1.378761 0.161245 0.161245 0.161245
vn 0.998754 0.037142 0.033327
v 0.765992 0.511017 -1.446371 0.161245 0.161245 0.161245
vn 0.998754 0.037142 0.033327
v 0.765992 0.502588 -1.436978 0.161245 0.161245 0.161245
vn 0.998754 0.037142 0.033327
f 4681//4681 4682//4682 4683//4683
v 0.768716 0.377104 -1.378761 0.161245 0.161245 0.161245
vn 0.703683 0.311533 0.638575
v 0.765992 0.502588 -1.436978 0.161245 0.161245 0.161245
vn 0.703683 0.311533 0.638575
v 0.765363 0.391934 -1.382302 0.161245 0.161245 0.161245
vn 0.703683 0.311533 0.638575
f 4684//4684 4685//4685 4686//4686
v 0.768716 0.324978 -1.299809 0.161245 0.161245 0.161245
vn 0.970738 0.054788 0.233808
v 0.768716 0.355073 -1.306862 0.161245 0.161245 0.161245
vn 0.970738 0.054788 0.233808
v 0.765363 0.359122 -1.293892 0.161245 0.161245 0.161245
vn 0.970738 0.054788 0.233808
f 4687//4687 4688//4688 4689//4689
v 0.768716 0.324978 -1.299809 0.161245 0.161245 0.161245
vn 0.970734 0.054785 0.233823
v 0.765363 0.359122 -1.293892 0.161245 0.161245 0.161245
vn 0.970734 0.054785 0.233823
v 0.765363 0.333229 -1.287825 0.161245 0.161245 0.161245
vn 0.970734 0.054785 0.233823
f 4690//4690 4691//4691 4692//4692
v 0.765992 0.110160 -1.352443 0.161245 0.161245 0.161245
vn 0.918160 -0.016174 0.395881
v 0.768716 0.264789 -1.352443 0.161245 0.161245 0.161245
vn 0.918160 -0.016174 0.395881
v 0.765363 0.251085 -1.345228 0.161245 0.161245 0.161245
vn 0.918160 -0.016174 0.395881
f 4693//4693 4694//4694 4695//4695
v 0.765992 0.110160 -1.352443 0.161245 0.161245 0.161245
vn 0.999962 0.004832 -0.007297
v 0.765363 0.251085 -1.345228 0.161245 0.161245 0.161245
vn 0.999962 0.004832 -0.007297
v 0.765992 0.124344 -1.343051 0.161245 0.161245 0.161245
vn 0.999962 0.004832 -0.007297
f 4696//4696 4697//4697 4698//4698
v 0.768716 0.377104 -1.378761 0.161245 0.161245 0.161245
vn 0.977459 0.138980 -0.158930
v 0.768716 0.355073 -1.398026 0.161245 0.161245 0.161245
vn 0.977459 0.138980 -0.158930
v 0.765363 0.368399 -1.406990 0.161245 0.161245 0.161245
vn 0.977459 0.138980 -0.158930
f 4699//4699 4700//4700 4701//4701
v 0.768716 0.377104 -1.378761 0.161245 0.161245 0.161245
vn 0.977456 0.138993 -0.158934
v 0.765363 0.368399 -1.406990 0.161245 0.161245 0.161245
vn 0.977456 0.138993 -0.158934
v 0.765363 0.387354 -1.390414 0.161245 0.161245 0.161245
vn 0.977456 0.138993 -0.158934
f 4702//4702 4703//4703 4704//4704
v 0.768716 0.324978 -1.405078 0.161245 0.161245 0.161245
vn 0.970738 -0.054788 -0.233808
v 0.768716 0.294883 -1.398026 0.161245 0.161245 0.161245
vn 0.970738 -0.054788 -0.233808
v 0.765363 0.290834 -1.410996 0.161245 0.161245 0.161245
vn 0.970738 -0.054788 -0.233808
f 4705//4705 4706//4706 4707//4707
v 0.768716 0.324978 -1.405078 0.161245 0.161245 0.161245
vn 0.970734 -0.054785 -0.233823
v 0.765363 0.290834 -1.410996 0.161245 0.161245 0.161245
vn 0.970734 -0.054785 -0.233823
v 0.765363 0.316727 -1.417062 0.161245 0.161245 0.161245
vn 0.970734 -0.054785 -0.233823
f 4708//4708 4709//4709 4710//4710
v 0.768716 0.377104 -1.326127 0.161245 0.161245 0.161245
vn 0.999394 0.002815 0.034690
v 0.765992 0.511017 -1.258517 0.161245 0.161245 0.161245
vn 0.999394 0.002815 0.034690
v 0.765992 0.496626 -1.257350 0.161245 0.161245 0.161245
vn 0.999394 0.002815 0.034690
f 4711//4711 4712//4712 4713//4713
v 0.768716 0.377104 -1.326127 0.161245 0.161245 0.161245
vn 0.852166 -0.246259 0.461703
v 0.765992 0.496626 -1.257350 0.161245 0.161245 0.161245
vn 0.852166 -0.246259 0.461703
v 0.765363 0.387354 -1.314473 0.161245 0.161245 0.161245
vn 0.852166 -0.246259 0.461703
f 4714//4714 4715//4715 4716//4716
v 0.768716 0.272852 -1.326127 0.161245 0.161245 0.161245
vn 0.977459 -0.138980 0.158930
v 0.768716 0.294883 -1.306862 0.161245 0.161245 0.161245
vn 0.977459 -0.138980 0.158930
v 0.765363 0.281557 -1.297897 0.161245 0.161245 0.161245
vn 0.977459 -0.138980 0.158930
f 4717//4717 4718//4718 4719//4719
v 0.768716 0.272852 -1.326127 0.161245 0.161245 0.161245
vn 0.977459 -0.138980 0.158930
v 0.765363 0.281557 -1.297897 0.161245 0.161245 0.161245
vn 0.977459 -0.138980 0.158930
v 0.765363 0.262602 -1.314473 0.161245 0.161245 0.161245
vn 0.977459 -0.138980 0.158930
f 4720//4720 4721//4721 4722//4722
v 0.768716 0.355073 -1.398026 0.161245 0.161245 0.161245
vn 0.970735 0.054791 -0.233819
v 0.768716 0.324978 -1.405078 0.161245 0.161245 0.161245
vn 0.970735 0.054791 -0.233819
v 0.765363 0.333229 -1.417062 0.161245 0.161245 0.161245
vn 0.970735 0.054791 -0.233819
f 4723//4723 4724//4724 4725//4725
v 0.768716 0.355073 -1.398026 0.161245 0.161245 0.161245
vn 0.970738 0.054782 -0.233810
v 0.765363 0.333229 -1.417062 0.161245 0.161245 0.161245
vn 0.970738 0.054782 -0.233810
v 0.765363 0.359122 -1.410996 0.161245 0.161245 0.161245
vn 0.970738 0.054782 -0.233810
f 4726//4726 4727//4727 4728//4728
v 0.777104 0.306215 -1.380864 0.161245 0.161245 0.161245
vn 1.000000 0.000000 0.000000
v 0.777104 0.324978 -1.385260 0.161245 0.161245 0.161245
vn 1.000000 0.000000 0.000000
v 0.777104 0.343741 -1.380864 0.161245 0.161245 0.161245
vn 1.000000 0.000000 0.000000
f 4729//4729 4730//4730 4731//4731
v 0.777104 0.306215 -1.380864 0.161245 0.161245 0.161245
vn 1.000000 0.000000 0.000000
v 0.777104 0.343741 -1.380864 0.161245 0.161245 0.161245
vn 1.000000 0.000000 0.000000
v 0.777104 0.357477 -1.368852 0.161245 0.161245 0.161245
vn 1.000000 0.000000 0.000000
f 4732//4732 4733//4733 4734//4734
v 0.777104 0.306215 -1.380864 0.161245 0.161245 0.161245
vn 1.000000 0.000000 0.000000
v 0.777104 0.357477 -1.368852 0.161245 0.161245 0.161245
vn 1.000000 0.000000 0.000000
v 0.777104 0.362505 -1.352443 0.161245 0.161245 0.161245
vn 1.000000 0.000000 0.000000
f 4735//4735 4736//4736 4737//4737
v 0.777104 0.306215 -1.380864 0.161245 0.161245 0.161245
vn 1.000000 0.000000 0.000000
v 0.777104 0.362505 -1.352443 0.161245 0.161245 0.161245
vn 1.000000 0.000000 0.000000
v 0.777104 0.357477 -1.336036 0.161245 0.161245 0.161245
vn 1.000000 0.000000 0.000000
f 4738//4738 4739//4739 4740//4740
v 0.777104 0.306215 -1.380864 0.161245 0.161245 0.161245
vn 1.000000 0.000000 0.000000
v 0.777104 0.357477 -1.336036 0.161245 0.161245 0.161245
vn 1.000000 0.000000 0.000000
v 0.777104 0.343741 -1.324024 0.161245 0.161245 0.161245
vn 1.000000 0.000000 0.000000
f 4741//4741 4742//4742 4743//4743
v 0.777104 0.306215 -1.380864 0.161245 0.161245 0.161245
vn 1.000000 0.000000 0.000000
v 0.777104 0.343741 -1.324024 0.161245 0.161245 0.161245
vn 1.000000 0.000000 0.000000
v 0.777104 0.324978 -1.319628 0.161245 0.161245 0.161245
vn 1.000000 0.000000 0.000000
f 4744//4744 4745//4745 4746//4746
v 0.777104 0.306215 -1.380864 0.161245 0.161245 0.161245
vn 1.000000 0.000000 0.000000
v 0.777104 0.324978 -1.319628 0.161245 0.161245 0.161245
vn 1.000000 0.000000 0.000000
v 0.777104 0.306215 -1.324024 0.161245 0.161245 0.161245
vn 1.000000 0.000000 0.000000
f 4747//4747 4748//4748 4749//4749
v 0.777104 0.306215 -1.380864 0.161245 0.161245 0.161245
vn 1.000000 0.000000 0.000000
v 0.777104 0.306215 -1.324024 0.161245 0.161245 0.161245
vn 1.000000 0.000000 0.000000
v 0.777104 0.292479 -1.336036 0.161245 0.161245 0.161245
vn 1.000000 0.000000 0.000000
f 4750//4750 4751//4751 4752//4752
v 0.777104 0.306215 -1.380864 0.161245 0.161245 0.161245
vn 1.000000 0.000000 0.000000
v 0.777104 0.292479 -1.336036 0.161245 0.161245 0.161245
vn 1.000000 0.000000 0.000000
v 0.777104 0.287451 -1.352443 0.161245 0.161245 0.161245
vn 1.000000 0.000000 0.000000
f 4753//4753 4754//4754 4755//4755
v 0.777104 0.306215 -1.380864 0.161245 0.161245 0.161245
vn 1.000000 0.000000 0.000000
v 0.777104 0.287451 -1.352443 0.161245 0.161245 0.161245
vn 1.000000 0.000000 0.000000
v 0.777104 0.292479 -1.368852 0.161245 0.161245 0.161245
vn 1.000000 0.000000 0.000000
f 4756//4756 4757//4757 4758//4758
v 0.768716 0.294883 -1.398026 0.161245 0.161245 0.161245
vn 0.925470 -0.181368 -0.332581
v 0.777104 0.306215 -1.380864 0.161245 0.161245 0.161245
vn 0.925470 -0.181368 -0.332581
v 0.775426 0.299542 -1.381894 0.161245 0.161245 0.161245
vn 0.925470 -0.181368 -0.332581
f 4759//4759 4760//4760 4761//4761
v 0.768716 0.294883 -1.398026 0.161245 0.161245 0.161245
vn 0.925472 -0.181342 -0.332589
v 0.775426 0.299542 -1.381894 0.161245 0.161245 0.161245
vn 0.925472 -0.181342 -0.332589
v 0.770393 0.292744 -1.392191 0.161245 0.161245 0.161245
vn 0.925472 -0.181342 -0.332589
f 4762//4762 4763//4763 4764//4764
v 0.768716 0.385167 -1.352443 0.161245 0.161245 0.161245
vn 0.932564 0.345166 0.105758
v 0.768716 0.377104 -1.326127 0.161245 0.161245 0.161245
vn 0.932564 0.345166 0.105758
v 0.777104 0.357477 -1.336036 0.161245 0.161245 0.161245
vn 0.932564 0.345166 0.105758
f 4765//4765 4766//4766 4767//4767
v 0.768716 0.385167 -1.352443 0.161245 0.161245 0.161245
vn 0.932557 0.345178 0.105782
v 0.777104 0.357477 -1.336036 0.161245 0.161245 0.161245
vn 0.932557 0.345178 0.105782
v 0.777104 0.362505 -1.352443 0.161245 0.161245 0.161245
vn 0.932557 0.345178 0.105782
f 4768//4768 4769//4769 4770//4770
v 0.768716 0.324978 -1.299809 0.161245 0.161245 0.161245
vn 0.917085 -0.090961 0.388176
v 0.768716 0.294883 -1.306862 0.161245 0.161245 0.161245
vn 0.917085 -0.090961 0.388176
v 0.777104 0.306215 -1.324024 0.161245 0.161245 0.161245
vn 0.917085 -0.090961 0.388176
f 4771//4771 4772//4772 4773//4773
v 0.768716 0.324978 -1.299809 0.161245 0.161245 0.161245
vn 0.917095 -0.090937 0.388160
v 0.777104 0.306215 -1.324024 0.161245 0.161245 0.161245
vn 0.917095 -0.090937 0.388160
v 0.777104 0.324978 -1.319628 0.161245 0.161245 0.161245
vn 0.917095 -0.090937 0.388160
f 4774//4774 4775//4775 4776//4776
v 0.768716 0.264789 -1.352443 0.161245 0.161245 0.161245
vn 0.932564 -0.345167 -0.105754
v 0.768716 0.272852 -1.378761 0.161245 0.161245 0.161245
vn 0.932564 -0.345167 -0.105754
v 0.777104 0.292479 -1.368852 0.161245 0.161245 0.161245
vn 0.932564 -0.345167 -0.105754
f 4777//4777 4778//4778 4779//4779
v 0.768716 0.264789 -1.352443 0.161245 0.161245 0.161245
vn 0.932558 -0.345178 -0.105775
v 0.777104 0.292479 -1.368852 0.161245 0.161245 0.161245
vn 0.932558 -0.345178 -0.105775
v 0.777104 0.287451 -1.352443 0.161245 0.161245 0.161245
vn 0.932558 -0.345178 -0.105775
f 4780//4780 4781//4781 4782//4782
v 0.768716 0.377104 -1.378761 0.161245 0.161245 0.161245
vn 0.932559 0.345179 -0.105757
v 0.768716 0.385167 -1.352443 0.161245 0.161245 0.161245
vn 0.932559 0.345179 -0.105757
v 0.777104 0.362505 -1.352443 0.161245 0.161245 0.161245
vn 0.932559 0.345179 -0.105757
f 4783//4783 4784//4784 4785//4785
v 0.768716 0.377104 -1.378761 0.161245 0.161245 0.161245
vn 0.932565 0.345160 -0.105770
v 0.777104 0.362505 -1.352443 0.161245 0.161245 0.161245
vn 0.932565 0.345160 -0.105770
v 0.777104 0.357477 -1.368852 0.161245 0.161245 0.161245
vn 0.932565 0.345160 -0.105770
f 4786//4786 4787//4787 4788//4788
v 0.768716 0.355073 -1.306862 0.161245 0.161245 0.161245
vn 0.917093 0.090957 0.388159
v 0.768716 0.324978 -1.299809 0.161245 0.161245 0.161245
vn 0.917093 0.090957 0.388159
v 0.777104 0.324978 -1.319628 0.161245 0.161245 0.161245
vn 0.917093 0.090957 0.388159
f 4789//4789 4790//4790 4791//4791
v 0.768716 0.355073 -1.306862 0.161245 0.161245 0.161245
vn 0.917083 0.090943 0.388186
v 0.777104 0.324978 -1.319628 0.161245 0.161245 0.161245
vn 0.917083 0.090943 0.388186
v 0.777104 0.343741 -1.324024 0.161245 0.161245 0.161245
vn 0.917083 0.090943 0.388186
f 4792//4792 4793//4793 4794//4794
v 0.768716 0.272852 -1.326127 0.161245 0.161245 0.161245
vn 0.932559 -0.345179 0.105762
v 0.768716 0.264789 -1.352443 0.161245 0.161245 0.161245
vn 0.932559 -0.345179 0.105762
v 0.777104 0.287451 -1.352443 0.161245 0.161245 0.161245
vn 0.932559 -0.345179 0.105762
f 4795//4795 4796//4796 4797//4797
v 0.768716 0.272852 -1.326127 0.161245 0.161245 0.161245
vn 0.932565 -0.345157 0.105776
v 0.777104 0.287451 -1.352443 0.161245 0.161245 0.161245
vn 0.932565 -0.345157 0.105776
v 0.777104 0.292479 -1.336036 0.161245 0.161245 0.161245
vn 0.932565 -0.345157 0.105776
f 4798//4798 4799//4799 4800//4800
v 0.777104 0.343741 -1.380864 0.161245 0.161245 0.161245
vn 0.925470 0.181351 -0.332592
v 0.768716 0.355073 -1.398026 0.161245 0.161245 0.161245
vn 0.925470 0.181351 -0.332592
v 0.770393 0.357213 -1.392191 0.161245 0.161245 0.161245
vn 0.925470 0.181351 -0.332592
f 4801//4801 4802//4802 4803//4803
v 0.777104 0.343741 -1.380864 0.161245 0.161245 0.161245
vn 0.925473 0.181370 -0.332572
v 0.770393 0.357213 -1.392191 0.161245 0.161245 0.161245
vn 0.925473 0.181370 -0.332572
v 0.775426 0.350414 -1.381894 0.161245 0.161245 0.161245
vn 0.925473 0.181370 -0.332572
f 4804//4804 4805//4805 4806//4806
v 0.768716 0.294883 -1.398026 0.161245 0.161245 0.161245
vn 0.917093 -0.090957 -0.388159
v 0.768716 0.324978 -1.405078 0.161245 0.161245 0.161245
vn 0.917093 -0.090957 -0.388159
v 0.777104 0.324978 -1.385260 0.161245 0.161245 0.161245
vn 0.917093 -0.090957 -0.388159
f 4807//4807 4808//4808 4809//4809
v 0.768716 0.294883 -1.398026 0.161245 0.161245 0.161245
vn 0.917083 -0.090943 -0.388186
v 0.777104 0.324978 -1.385260 0.161245 0.161245 0.161245
vn 0.917083 -0.090943 -0.388186
v 0.777104 0.306215 -1.380864 0.161245 0.161245 0.161245
vn 0.917083 -0.090943 -0.388186
f 4810//4810 4811//4811 4812//4812
v 0.768716 0.355073 -1.306862 0.161245 0.161245 0.161245
vn 0.925470 0.181368 0.332581
v 0.777104 0.343741 -1.324024 0.161245 0.161245 0.161245
vn 0.925470 0.181368 0.332581
v 0.775426 0.350414 -1.322994 0.161245 0.161245 0.161245
vn 0.925470 0.181368 0.332581
f 4813//4813 4814//4814 4815//4815
v 0.768716 0.355073 -1.306862 0.161245 0.161245 0.161245
vn 0.925472 0.181342 0.332589
v 0.775426 0.350414 -1.322994 0.161245 0.161245 0.161245
vn 0.925472 0.181342 0.332589
v 0.770393 0.357213 -1.312696 0.161245 0.161245 0.161245
vn 0.925472 0.181342 0.332589
f 4816//4816 4817//4817 4818//4818
v 0.768716 0.294883 -1.306862 0.161245 0.161245 0.161245
vn 0.871621 -0.322676 0.368994
v 0.768716 0.272852 -1.326127 0.161245 0.161245 0.161245
vn 0.871621 -0.322676 0.368994
v 0.770393 0.279524 -1.324255 0.161245 0.161245 0.161245
vn 0.871621 -0.322676 0.368994
f 4819//4819 4820//4820 4821//4821
v 0.768716 0.294883 -1.306862 0.161245 0.161245 0.161245
vn 0.871696 -0.322571 0.368909
v 0.770393 0.279524 -1.324255 0.161245 0.161245 0.161245
vn 0.871696 -0.322571 0.368909
v 0.770393 0.292744 -1.312696 0.161245 0.161245 0.161245
vn 0.871696 -0.322571 0.368909
f 4822//4822 4823//4823 4824//4824
v 0.765363 0.290834 -1.293892 0.161245 0.161245 0.161245
vn 0.000000 -0.228124 0.973632
v 0.765363 0.316727 -1.287825 0.161245 0.161245 0.161245
vn 0.000000 -0.228124 0.973632
v 0.733639 0.316727 -1.287825 0.161245 0.161245 0.161245
vn 0.000000 -0.228124 0.973632
f 4825//4825 4826//4826 4827//4827
v 0.765363 0.290834 -1.293892 0.161245 0.161245 0.161245
vn 0.000000 -0.228124 0.973632
v 0.733639 0.316727 -1.287825 0.161245 0.161245 0.161245
vn 0.000000 -0.228124 0.973632
v 0.733639 0.290834 -1.293892 0.161245 0.161245 0.161245
vn 0.000000 -0.228124 0.973632
f 4828//4828 4829//4829 4830//4830
v 0.768716 0.324978 -1.299809 0.161245 0.161245 0.161245
vn 0.999527 -0.023252 0.020135
v 0.765992 0.324978 -1.164590 0.161245 0.161245 0.161245
vn 0.999527 -0.023252 0.020135
v 0.765992 0.314237 -1.176994 0.161245 0.161245 0.161245
vn 0.999527 -0.023252 0.020135
f 4831//4831 4832//4832 4833//4833
v 0.768716 0.324978 -1.299809 0.161245 0.161245 0.161245
vn 0.919069 -0.393846 -0.014061
v 0.765992 0.314237 -1.176994 0.161245 0.161245 0.161245
vn 0.919069 -0.393846 -0.014061
v 0.765363 0.316727 -1.287825 0.161245 0.161245 0.161245
vn 0.919069 -0.393846 -0.014061
f 4834//4834 4835//4835 4836//4836
v 0.768716 0.294883 -1.306862 0.161245 0.161245 0.161245
vn 0.970735 -0.054791 0.233819
v 0.768716 0.324978 -1.299809 0.161245 0.161245 0.161245
vn 0.970735 -0.054791 0.233819
v 0.765363 0.316727 -1.287825 0.161245 0.161245 0.161245
vn 0.970735 -0.054791 0.233819
f 4837//4837 4838//4838 4839//4839
v 0.768716 0.294883 -1.306862 0.161245 0.161245 0.161245
vn 0.970738 -0.054782 0.233810
v 0.765363 0.316727 -1.287825 0.161245 0.161245 0.161245
vn 0.970738 -0.054782 0.233810
v 0.765363 0.290834 -1.293892 0.161245 0.161245 0.161245
vn 0.970738 -0.054782 0.233810
f 4840//4840 4841//4841 4842//4842
v 0.765992 0.217568 -1.189758 0.161245 0.161245 0.161245
vn 0.772165 0.521868 0.362512
v 0.768716 0.294883 -1.306862 0.161245 0.161245 0.161245
vn 0.772165 0.521868 0.362512
v 0.765363 0.290834 -1.293892 0.161245 0.161245 0.161245
vn 0.772165 0.521868 0.362512
f 4843//4843 4844//4844 4845//4845
v 0.765992 0.217568 -1.189758 0.161245 0.161245 0.161245
vn 0.999900 -0.008004 -0.011665
v 0.765363 0.290834 -1.293892 0.161245 0.161245 0.161245
vn 0.999900 -0.008004 -0.011665
v 0.765992 0.228309 -1.197129 0.161245 0.161245 0.161245
vn 0.999900 -0.008004 -0.011665
f 4846//4846 4847//4847 4848//4848
v 0.765363 0.398872 -1.359659 0.161245 0.161245 0.161245
vn 0.000000 0.956123 -0.292966
v 0.765363 0.391934 -1.382302 0.161245 0.161245 0.161245
vn 0.000000 0.956123 -0.292966
v 0.733639 0.391934 -1.382302 0.161245 0.161245 0.161245
vn 0.000000 0.956123 -0.292966
f 4849//4849 4850//4850 4851//4851
v 0.765363 0.398872 -1.359659 0.161245 0.161245 0.161245
vn 0.000000 0.956123 -0.292966
v 0.733639 0.391934 -1.382302 0.161245 0.161245 0.161245
vn 0.000000 0.956123 -0.292966
v 0.733639 0.398872 -1.359659 0.161245 0.161245 0.161245
vn 0.000000 0.956123 -0.292966
f 4852//4852 4853//4853 4854//4854
v 0.765992 0.324978 -1.164590 0.161245 0.161245 0.161245
vn 0.935532 0.352738 0.018846
v 0.768716 0.324978 -1.299809 0.161245 0.161245 0.161245
vn 0.935532 0.352738 0.018846
v 0.765363 0.333229 -1.287825 0.161245 0.161245 0.161245
vn 0.935532 0.352738 0.018846
f 4855//4855 4856//4856 4857//4857
v 0.765992 0.324978 -1.164590 0.161245 0.161245 0.161245
vn 0.999964 -0.006381 -0.005526
v 0.765363 0.333229 -1.287825 0.161245 0.161245 0.161245
vn 0.999964 -0.006381 -0.005526
v 0.765992 0.335719 -1.176994 0.161245 0.161245 0.161245
vn 0.999964 -0.006381 -0.005526
f 4858//4858 4859//4859 4860//4860
v 0.765992 0.432388 -1.189758 0.161245 0.161245 0.161245
vn 1.000000 0.000000 0.000000
v 0.765992 0.324978 -1.164590 0.161245 0.161245 0.161245
vn 1.000000 0.000000 0.000000
v 0.765992 0.335719 -1.176994 0.161245 0.161245 0.161245
vn 1.000000 0.000000 0.000000
f 4861//4861 4862//4862 4863//4863
v 0.765992 0.432388 -1.189758 0.161245 0.161245 0.161245
vn 1.000000 0.000000 0.000000
v 0.765992 0.335719 -1.176994 0.161245 0.161245 0.161245
vn 1.000000 0.000000 0.000000
v 0.765992 0.421647 -1.197129 0.161245 0.161245 0.161245
vn 1.000000 0.000000 0.000000
f 4864//4864 4865//4865 4866//4866
v 0.768716 0.355073 -1.306862 0.161245 0.161245 0.161245
vn 0.998673 -0.029141 0.042470
v 0.765992 0.432388 -1.189758 0.161245 0.161245 0.161245
vn 0.998673 -0.029141 0.042470
v 0.765992 0.421647 -1.197129 0.161245 0.161245 0.161245
vn 0.998673 -0.029141 0.042470
f 4867//4867 4868//4868 4869//4869
v 0.768716 0.355073 -1.306862 0.161245 0.161245 0.161245
vn 0.728215 -0.577781 0.368608
v 0.765992 0.421647 -1.197129 0.161245 0.161245 0.161245
vn 0.728215 -0.577781 0.368608
v 0.765363 0.359122 -1.293892 0.161245 0.161245 0.161245
vn 0.728215 -0.577781 0.368608
f 4870//4870 4871//4871 4872//4872
v 0.765363 0.251085 -1.345228 0.161245 0.161245 0.161245
vn 0.000000 -0.956123 0.292966
v 0.765363 0.258022 -1.322586 0.161245 0.161245 0.161245
vn 0.000000 -0.956123 0.292966
v 0.733639 0.258022 -1.322586 0.161245 0.161245 0.161245
vn 0.000000 -0.956123 0.292966
f 4873//4873 4874//4874 4875//4875
v 0.765363 0.251085 -1.345228 0.161245 0.161245 0.161245
vn 0.000000 -0.956123 0.292966
v 0.733639 0.258022 -1.322586 0.161245 0.161245 0.161245
vn 0.000000 -0.956123 0.292966
v 0.733639 0.251085 -1.345228 0.161245 0.161245 0.161245
vn 0.000000 -0.956123 0.292966
f 4876//4876 4877//4877 4878//4878
v 0.765992 0.432388 -1.189758 0.161245 0.161245 0.161245
vn 0.895812 0.380187 -0.230172
v 0.768716 0.355073 -1.306862 0.161245 0.161245 0.161245
vn 0.895812 0.380187 -0.230172
v 0.765363 0.368399 -1.297897 0.161245 0.161245 0.161245
vn 0.895812 0.380187 -0.230172
f 4879//4879 4880//4880 4881//4881
v 0.765992 0.432388 -1.189758 0.161245 0.161245 0.161245
vn 0.999965 -0.008326 -0.000884
v 0.765363 0.368399 -1.297897 0.161245 0.161245 0.161245
vn 0.999965 -0.008326 -0.000884
v 0.765992 0.433723 -1.202341 0.161245 0.161245 0.161245
vn 0.999965 -0.008326 -0.000884
f 4882//4882 4883//4883 4884//4884
v 0.768716 0.355073 -1.306862 0.161245 0.161245 0.161245
vn 0.977459 0.138980 0.158930
v 0.768716 0.377104 -1.326127 0.161245 0.161245 0.161245
vn 0.977459 0.138980 0.158930
v 0.765363 0.387354 -1.314473 0.161245 0.161245 0.161245
vn 0.977459 0.138980 0.158930
f 4885//4885 4886//4886 4887//4887
v 0.768716 0.355073 -1.306862 0.161245 0.161245 0.161245
vn 0.977459 0.138980 0.158930
v 0.765363 0.387354 -1.314473 0.161245 0.161245 0.161245
vn 0.977459 0.138980 0.158930
v 0.765363 0.368399 -1.297897 0.161245 0.161245 0.161245
vn 0.977459 0.138980 0.158930
f 4888//4888 4889//4889 4890//4890
v 0.765992 0.511017 -1.258517 0.161245 0.161245 0.161245
vn 1.000000 0.000000 0.000000
v 0.765992 0.432388 -1.189758 0.161245 0.161245 0.161245
vn 1.000000 0.000000 0.000000
v 0.765992 0.433723 -1.202341 0.161245 0.161245 0.161245
vn 1.000000 0.000000 0.000000
f 4891//4891 4892//4892 4893//4893
v 0.765992 0.511017 -1.258517 0.161245 0.161245 0.161245
vn 1.000000 0.000000 0.000000
v 0.765992 0.433723 -1.202341 0.161245 0.161245 0.161245
vn 1.000000 0.000000 0.000000
v 0.765992 0.496626 -1.257350 0.161245 0.161245 0.161245
vn 1.000000 0.000000 0.000000
f 4894//4894 4895//4895 4896//4896
v 0.765363 0.398872 -1.345228 0.161245 0.161245 0.161245
vn 0.000000 -0.017181 0.999852
v 0.765992 0.525613 -1.343051 0.161245 0.161245 0.161245
vn 0.000000 -0.017181 0.999852
v 0.724694 0.525613 -1.343051 0.161245 0.161245 0.161245
vn 0.000000 -0.017181 0.999852
f 4897//4897 4898//4898 4899//4899
v 0.765363 0.398872 -1.345228 0.161245 0.161245 0.161245
vn 0.000000 -0.017181 0.999852
v 0.724694 0.525613 -1.343051 0.161245 0.161245 0.161245
vn 0.000000 -0.017181 0.999852
v 0.733639 0.398872 -1.345228 0.161245 0.161245 0.161245
vn 0.000000 -0.017181 0.999852
f 4900//4900 4901//4901 4902//4902
v 0.768716 0.377104 -1.326127 0.161245 0.161245 0.161245
vn 0.976583 0.205704 0.063027
v 0.768716 0.385167 -1.352443 0.161245 0.161245 0.161245
vn 0.976583 0.205704 0.063027
v 0.765363 0.398872 -1.345228 0.161245 0.161245 0.161245
vn 0.976583 0.205704 0.063027
f 4903//4903 4904//4904 4905//4905
v 0.768716 0.377104 -1.326127 0.161245 0.161245 0.161245
vn 0.976582 0.205707 0.063031
v 0.765363 0.398872 -1.345228 0.161245 0.161245 0.161245
vn 0.976582 0.205707 0.063031
v 0.765363 0.391934 -1.322586 0.161245 0.161245 0.161245
vn 0.976582 0.205707 0.063031
f 4906//4906 4907//4907 4908//4908
v 0.765992 0.539796 -1.352443 0.161245 0.161245 0.161245
vn 1.000000 0.000000 0.000000
v 0.765992 0.511017 -1.258517 0.161245 0.161245 0.161245
vn 1.000000 0.000000 0.000000
v 0.765992 0.502588 -1.267910 0.161245 0.161245 0.161245
vn 1.000000 0.000000 0.000000
f 4909//4909 4910//4910 4911//4911
v 0.765992 0.539796 -1.352443 0.161245 0.161245 0.161245
vn 1.000000 0.000000 0.000000
v 0.765992 0.502588 -1.267910 0.161245 0.161245 0.161245
vn 1.000000 0.000000 0.000000
v 0.765992 0.525613 -1.343051 0.161245 0.161245 0.161245
vn 1.000000 0.000000 0.000000
f 4912//4912 4913//4913 4914//4914
v 0.768716 0.385167 -1.352443 0.161245 0.161245 0.161245
vn 0.999491 0.017607 0.026587
v 0.765992 0.539796 -1.352443 0.161245 0.161245 0.161245
vn 0.999491 0.017607 0.026587
v 0.765992 0.525613 -1.343051 0.161245 0.161245 0.161245
vn 0.999491 0.017607 0.026587
f 4915//4915 4916//4916 4917//4917
v 0.768716 0.385167 -1.352443 0.161245 0.161245 0.161245
vn 0.897912 -0.012013 0.440012
v 0.765992 0.525613 -1.343051 0.161245 0.161245 0.161245
vn 0.897912 -0.012013 0.440012
v 0.765363 0.398872 -1.345228 0.161245 0.161245 0.161245
vn 0.897912 -0.012013 0.440012
f 4918//4918 4919//4919 4920//4920
v 0.765992 0.314237 -1.176994 0.161245 0.161245 0.161245
vn 0.000000 0.228140 -0.973628
v 0.765992 0.228309 -1.197129 0.161245 0.161245 0.161245
vn 0.000000 0.228140 -0.973628
v 0.724694 0.228309 -1.197129 0.161245 0.161245 0.161245
vn 0.000000 0.228140 -0.973628
f 4921//4921 4922//4922 4923//4923
v 0.765992 0.314237 -1.176994 0.161245 0.161245 0.161245
vn 0.000000 0.228140 -0.973628
v 0.724694 0.228309 -1.197129 0.161245 0.161245 0.161245
vn 0.000000 0.228140 -0.973628
v 0.724694 0.314237 -1.176994 0.161245 0.161245 0.161245
vn 0.000000 0.228140 -0.973628
f 4924//4924 4925//4925 4926//4926
v 0.765992 0.432388 -1.515129 0.161245 0.161245 0.161245
vn 1.000000 0.000000 0.000000
v 0.765992 0.511017 -1.446371 0.161245 0.161245 0.161245
vn 1.000000 0.000000 0.000000
v 0.765992 0.496626 -1.447538 0.161245 0.161245 0.161245
vn 1.000000 0.000000 0.000000
f 4927//4927 4928//4928 4929//4929
v 0.765992 0.432388 -1.515129 0.161245 0.161245 0.161245
vn 1.000000 0.000000 0.000000
v 0.765992 0.496626 -1.447538 0.161245 0.161245 0.161245
vn 1.000000 0.000000 0.000000
v 0.765992 0.433723 -1.502545 0.161245 0.161245 0.161245
vn 1.000000 0.000000 0.000000
f 4930//4930 4931//4931 4932//4932
v 0.765992 0.511017 -1.446371 0.161245 0.161245 0.161245
vn 0.881828 -0.198118 -0.427935
v 0.768716 0.377104 -1.378761 0.161245 0.161245 0.161245
vn 0.881828 -0.198118 -0.427935
v 0.765363 0.387354 -1.390414 0.161245 0.161245 0.161245
vn 0.881828 -0.198118 -0.427935
f 4933//4933 4934//4934 4935//4935
v 0.765992 0.511017 -1.446371 0.161245 0.161245 0.161245
vn 0.999954 -0.000773 0.009522
v 0.765363 0.387354 -1.390414 0.161245 0.161245 0.161245
vn 0.999954 -0.000773 0.009522
v 0.765992 0.496626 -1.447538 0.161245 0.161245 0.161245
vn 0.999954 -0.000773 0.009522
f 4936//4936 4937//4937 4938//4938
v 0.768716 0.355073 -1.398026 0.161245 0.161245 0.161245
vn 0.999534 0.030340 -0.003219
v 0.765992 0.432388 -1.515129 0.161245 0.161245 0.161245
vn 0.999534 0.030340 -0.003219
v 0.765992 0.433723 -1.502545 0.161245 0.161245 0.161245
vn 0.999534 0.030340 -0.003219
f 4939//4939 4940//4940 4941//4941
v 0.768716 0.355073 -1.398026 0.161245 0.161245 0.161245
vn 0.865845 0.410353 0.286222
v 0.765992 0.433723 -1.502545 0.161245 0.161245 0.161245
vn 0.865845 0.410353 0.286222
v 0.765363 0.368399 -1.406990 0.161245 0.161245 0.161245
vn 0.865845 0.410353 0.286222
f 4942//4942 4943//4943 4944//4944
v 0.765363 0.262602 -1.390414 0.161245 0.161245 0.161245
vn 0.000000 0.463283 -0.886210
v 0.765992 0.153330 -1.447538 0.161245 0.161245 0.161245
vn 0.000000 0.463283 -0.886210
v 0.724694 0.153330 -1.447538 0.161245 0.161245 0.161245
vn 0.000000 0.463283 -0.886210
f 4945//4945 4946//4946 4947//4947
v 0.765363 0.262602 -1.390414 0.161245 0.161245 0.161245
vn 0.000000 0.463283 -0.886210
v 0.724694 0.153330 -1.447538 0.161245 0.161245 0.161245
vn 0.000000 0.463283 -0.886210
v 0.733639 0.262602 -1.390414 0.161245 0.161245 0.161245
vn 0.000000 0.463283 -0.886210
f 4948//4948 4949//4949 4950//4950
v 0.765992 0.539796 -1.352443 0.161245 0.161245 0.161245
vn 0.918181 0.016174 -0.395830
v 0.768716 0.385167 -1.352443 0.161245 0.161245 0.161245
vn 0.918181 0.016174 -0.395830
v 0.765363 0.398872 -1.359659 0.161245 0.161245 0.161245
vn 0.918181 0.016174 -0.395830
f 4951//4951 4952//4952 4953//4953
v 0.765992 0.539796 -1.352443 0.161245 0.161245 0.161245
vn 0.999962 -0.004832 0.007297
v 0.765363 0.398872 -1.359659 0.161245 0.161245 0.161245
vn 0.999962 -0.004832 0.007297
v 0.765992 0.525613 -1.361836 0.161245 0.161245 0.161245
vn 0.999962 -0.004832 0.007297
f 4954//4954 4955//4955 4956//4956
v 0.768716 0.385167 -1.352443 0.161245 0.161245 0.161245
vn 0.976582 0.205708 -0.063026
v 0.768716 0.377104 -1.378761 0.161245 0.161245 0.161245
vn 0.976582 0.205708 -0.063026
v 0.765363 0.391934 -1.382302 0.161245 0.161245 0.161245
vn 0.976582 0.205708 -0.063026
f 4957//4957 4958//4958 4959//4959
v 0.768716 0.385167 -1.352443 0.161245 0.161245 0.161245
vn 0.976584 0.205699 -0.063028
v 0.765363 0.391934 -1.382302 0.161245 0.161245 0.161245
vn 0.976584 0.205699 -0.063028
v 0.765363 0.398872 -1.359659 0.161245 0.161245 0.161245
vn 0.976584 0.205699 -0.063028
f 4960//4960 4961//4961 4962//4962
v 0.765992 0.511017 -1.446371 0.161245 0.161245 0.161245
vn 1.000000 0.000000 0.000000
v 0.765992 0.539796 -1.352443 0.161245 0.161245 0.161245
vn 1.000000 0.000000 0.000000
v 0.765992 0.525613 -1.361836 0.161245 0.161245 0.161245
vn 1.000000 0.000000 0.000000
f 4963//4963 4964//4964 4965//4965
v 0.765992 0.511017 -1.446371 0.161245 0.161245 0.161245
vn 1.000000 0.000000 0.000000
v 0.765992 0.525613 -1.361836 0.161245 0.161245 0.161245
vn 1.000000 0.000000 0.000000
v 0.765992 0.502588 -1.436978 0.161245 0.161245 0.161245
vn 1.000000 0.000000 0.000000
f 4966//4966 4967//4967 4968//4968
v 0.765992 0.502588 -1.436978 0.161245 0.161245 0.161245
vn 0.000000 -0.956121 0.292972
v 0.765992 0.525613 -1.361836 0.161245 0.161245 0.161245
vn 0.000000 -0.956121 0.292972
v 0.724694 0.525613 -1.361836 0.161245 0.161245 0.161245
vn 0.000000 -0.956121 0.292972
f 4969//4969 4970//4970 4971//4971
v 0.765992 0.502588 -1.436978 0.161245 0.161245 0.161245
vn 0.000000 -0.956121 0.292972
v 0.724694 0.525613 -1.361836 0.161245 0.161245 0.161245
vn 0.000000 -0.956121 0.292972
v 0.724694 0.502588 -1.436978 0.161245 0.161245 0.161245
vn 0.000000 -0.956121 0.292972
f 4972//4972 4973//4973 4974//4974
v 0.765992 0.432388 -1.515129 0.161245 0.161245 0.161245
vn 0.772165 -0.521868 -0.362512
v 0.768716 0.355073 -1.398026 0.161245 0.161245 0.161245
vn 0.772165 -0.521868 -0.362512
v 0.765363 0.359122 -1.410996 0.161245 0.161245 0.161245
vn 0.772165 -0.521868 -0.362512
f 4975//4975 4976//4976 4977//4977
v 0.765992 0.432388 -1.515129 0.161245 0.161245 0.161245
vn 0.999900 0.008004 0.011665
v 0.765363 0.359122 -1.410996 0.161245 0.161245 0.161245
vn 0.999900 0.008004 0.011665
v 0.765992 0.421647 -1.507759 0.161245 0.161245 0.161245
vn 0.999900 0.008004 0.011665
f 4978//4978 4979//4979 4980//4980
v 0.765992 0.324978 -1.540298 0.161245 0.161245 0.161245
vn 1.000000 0.000000 0.000000
v 0.765992 0.432388 -1.515129 0.161245 0.161245 0.161245
vn 1.000000 0.000000 0.000000
v 0.765992 0.421647 -1.507759 0.161245 0.161245 0.161245
vn 1.000000 0.000000 0.000000
f 4981//4981 4982//4982 4983//4983
v 0.765992 0.324978 -1.540298 0.161245 0.161245 0.161245
vn 1.000000 0.000000 0.000000
v 0.765992 0.421647 -1.507759 0.161245 0.161245 0.161245
vn 1.000000 0.000000 0.000000
v 0.765992 0.335719 -1.527894 0.161245 0.161245 0.161245
vn 1.000000 0.000000 0.000000
f 4984//4984 4985//4985 4986//4986
v 0.768716 0.324978 -1.405078 0.161245 0.161245 0.161245
vn 0.999527 0.023252 -0.020135
v 0.765992 0.324978 -1.540298 0.161245 0.161245 0.161245
vn 0.999527 0.023252 -0.020135
v 0.765992 0.335719 -1.527894 0.161245 0.161245 0.161245
vn 0.999527 0.023252 -0.020135
f 4987//4987 4988//4988 4989//4989
v 0.768716 0.324978 -1.405078 0.161245 0.161245 0.161245
vn 0.919069 0.393846 0.014061
v 0.765992 0.335719 -1.527894 0.161245 0.161245 0.161245
vn 0.919069 0.393846 0.014061
v 0.765363 0.333229 -1.417062 0.161245 0.161245 0.161245
vn 0.919069 0.393846 0.014061
f 4990//4990 4991//4991 4992//4992
v 0.765992 0.147368 -1.267910 0.161245 0.161245 0.161245
vn 0.000000 0.956124 -0.292961
v 0.765992 0.124344 -1.343051 0.161245 0.161245 0.161245
vn 0.000000 0.956124 -0.292961
v 0.724694 0.124344 -1.343051 0.161245 0.161245 0.161245
vn 0.000000 0.956124 -0.292961
f 4993//4993 4994//4994 4995//4995
v 0.765992 0.147368 -1.267910 0.161245 0.161245 0.161245
vn 0.000000 0.956124 -0.292961
v 0.724694 0.124344 -1.343051 0.161245 0.161245 0.161245
vn 0.000000 0.956124 -0.292961
v 0.724694 0.147368 -1.267910 0.161245 0.161245 0.161245
vn 0.000000 0.956124 -0.292961
f 4996//4996 4997//4997 4998//4998
v 0.765992 0.217568 -1.515129 0.161245 0.161245 0.161245
vn 1.000000 0.000000 0.000000
v 0.765992 0.324978 -1.540298 0.161245 0.161245 0.161245
vn 1.000000 0.000000 0.000000
v 0.765992 0.314237 -1.527894 0.161245 0.161245 0.161245
vn 1.000000 0.000000 0.000000
f 4999//4999 5000//5000 5001//5001
v 0.765992 0.217568 -1.515129 0.161245 0.161245 0.161245
vn 1.000000 0.000000 0.000000
v 0.765992 0.314237 -1.527894 0.161245 0.161245 0.161245
vn 1.000000 0.000000 0.000000
v 0.765992 0.228309 -1.507759 0.161245 0.161245 0.161245
vn 1.000000 0.000000 0.000000
f 5002//5002 5003//5003 5004//5004
v 0.768716 0.294883 -1.398026 0.161245 0.161245 0.161245
vn 0.998673 0.029141 -0.042470
v 0.765992 0.217568 -1.515129 0.161245 0.161245 0.161245
vn 0.998673 0.029141 -0.042470
v 0.765992 0.228309 -1.507759 0.161245 0.161245 0.161245
vn 0.998673 0.029141 -0.042470
f 5005//5005 5006//5006 5007//5007
v 0.768716 0.294883 -1.398026 0.161245 0.161245 0.161245
vn 0.728215 0.577781 -0.368608
v 0.765992 0.228309 -1.507759 0.161245 0.161245 0.161245
vn 0.728215 0.577781 -0.368608
v 0.765363 0.290834 -1.410996 0.161245 0.161245 0.161245
vn 0.728215 0.577781 -0.368608
f 5008//5008 5009//5009 5010//5010
v 0.765992 0.324978 -1.540298 0.161245 0.161245 0.161245
vn 0.935532 -0.352738 -0.018846
v 0.768716 0.324978 -1.405078 0.161245 0.161245 0.161245
vn 0.935532 -0.352738 -0.018846
v 0.765363 0.316727 -1.417062 0.161245 0.161245 0.161245
vn 0.935532 -0.352738 -0.018846
f 5011//5011 5012//5012 5013//5013
v 0.765992 0.324978 -1.540298 0.161245 0.161245 0.161245
vn 0.999964 0.006381 0.005526
v 0.765363 0.316727 -1.417062 0.161245 0.161245 0.161245
vn 0.999964 0.006381 0.005526
v 0.765992 0.314237 -1.527894 0.161245 0.161245 0.161245
vn 0.999964 0.006381 0.005526
f 5014//5014 5015//5015 5016//5016
v 0.765992 0.502588 -1.267910 0.161245 0.161245 0.161245
vn 0.000000 0.442988 -0.896528
v 0.765363 0.391934 -1.322586 0.161245 0.161245 0.161245
vn 0.000000 0.442988 -0.896528
v 0.733639 0.391934 -1.322586 0.161245 0.161245 0.161245
vn 0.000000 0.442988 -0.896528
f 5017//5017 5018//5018 5019//5019
v 0.765992 0.502588 -1.267910 0.161245 0.161245 0.161245
vn 0.000000 0.442988 -0.896528
v 0.733639 0.391934 -1.322586 0.161245 0.161245 0.161245
vn 0.000000 0.442988 -0.896528
v 0.724694 0.502588 -1.267910 0.161245 0.161245 0.161245
vn 0.000000 0.442988 -0.896528
f 5020//5020 5021//5021 5022//5022
v 0.768716 0.294883 -1.398026 0.161245 0.161245 0.161245
vn 0.977456 -0.138987 -0.158938
v 0.768716 0.272852 -1.378761 0.161245 0.161245 0.161245
vn 0.977456 -0.138987 -0.158938
v 0.765363 0.262602 -1.390414 0.161245 0.161245 0.161245
vn 0.977456 -0.138987 -0.158938
f 5023//5023 5024//5024 5025//5025
v 0.768716 0.294883 -1.398026 0.161245 0.161245 0.161245
vn 0.977459 -0.138984 -0.158924
v 0.765363 0.262602 -1.390414 0.161245 0.161245 0.161245
vn 0.977459 -0.138984 -0.158924
v 0.765363 0.281557 -1.406990 0.161245 0.161245 0.161245
vn 0.977459 -0.138984 -0.158924
f 5026//5026 5027//5027 5028//5028
v 0.765992 0.217568 -1.515129 0.161245 0.161245 0.161245
vn 0.895812 -0.380187 0.230172
v 0.768716 0.294883 -1.398026 0.161245 0.161245 0.161245
vn 0.895812 -0.380187 0.230172
v 0.765363 0.281557 -1.406990 0.161245 0.161245 0.161245
vn 0.895812 -0.380187 0.230172
f 5029//5029 5030//5030 5031//5031
v 0.765992 0.217568 -1.515129 0.161245 0.161245 0.161245
vn 0.999965 0.008327 0.000883
v 0.765363 0.281557 -1.406990 0.161245 0.161245 0.161245
vn 0.999965 0.008327 0.000883
v 0.765992 0.216233 -1.502545 0.161245 0.161245 0.161245
vn 0.999965 0.008327 0.000883
f 5032//5032 5033//5033 5034//5034
v 0.765992 0.138939 -1.446371 0.161245 0.161245 0.161245
vn 1.000000 0.000000 0.000000
v 0.765992 0.217568 -1.515129 0.161245 0.161245 0.161245
vn 1.000000 0.000000 0.000000
v 0.765992 0.216233 -1.502545 0.161245 0.161245 0.161245
vn 1.000000 0.000000 0.000000
f 5035//5035 5036//5036 5037//5037
v 0.765992 0.138939 -1.446371 0.161245 0.161245 0.161245
vn 1.000000 0.000000 0.000000
v 0.765992 0.216233 -1.502545 0.161245 0.161245 0.161245
vn 1.000000 0.000000 0.000000
v 0.765992 0.153330 -1.447538 0.161245 0.161245 0.161245
vn 1.000000 0.000000 0.000000
f 5038//5038 5039//5039 5040//5040
v 0.765992 0.216233 -1.502545 0.161245 0.161245 0.161245
vn 0.000000 -0.825532 0.564356
v 0.765363 0.281557 -1.406990 0.161245 0.161245 0.161245
vn 0.000000 -0.825532 0.564356
v 0.733639 0.281557 -1.406990 0.161245 0.161245 0.161245
vn 0.000000 -0.825532 0.564356
f 5041//5041 5042//5042 5043//5043
v 0.765992 0.216233 -1.502545 0.161245 0.161245 0.161245
vn 0.000000 -0.825532 0.564356
v 0.733639 0.281557 -1.406990 0.161245 0.161245 0.161245
vn 0.000000 -0.825532 0.564356
v 0.724694 0.216233 -1.502545 0.161245 0.161245 0.161245
vn 0.000000 -0.825532 0.564356
f 5044//5044 5045//5045 5046//5046
v 0.765992 0.138939 -1.446371 0.161245 0.161245 0.161245
vn 0.752471 -0.308972 0.581656
v 0.768716 0.272852 -1.378761 0.161245 0.161245 0.161245
vn 0.752471 -0.308972 0.581656
v 0.765363 0.258022 -1.382302 0.161245 0.161245 0.161245
vn 0.752471 -0.308972 0.581656
f 5047//5047 5048//5048 5049//5049
v 0.765992 0.138939 -1.446371 0.161245 0.161245 0.161245
vn 0.999906 0.010201 -0.009153
v 0.765363 0.258022 -1.382302 0.161245 0.161245 0.161245
vn 0.999906 0.010201 -0.009153
v 0.765992 0.147368 -1.436978 0.161245 0.161245 0.161245
vn 0.999906 0.010201 -0.009153
f 5050//5050 5051//5051 5052//5052
v 0.765992 0.110160 -1.352443 0.161245 0.161245 0.161245
vn 1.000000 0.000000 0.000000
v 0.765992 0.138939 -1.446371 0.161245 0.161245 0.161245
vn 1.000000 0.000000 0.000000
v 0.765992 0.147368 -1.436978 0.161245 0.161245 0.161245
vn 1.000000 0.000000 0.000000
f 5053//5053 5054//5054 5055//5055
v 0.765992 0.110160 -1.352443 0.161245 0.161245 0.161245
vn 1.000000 0.000000 0.000000
v 0.765992 0.147368 -1.436978 0.161245 0.161245 0.161245
vn 1.000000 0.000000 0.000000
v 0.765992 0.124344 -1.361836 0.161245 0.161245 0.161245
vn 1.000000 0.000000 0.000000
f 5056//5056 5057//5057 5058//5058
v 0.768716 0.264789 -1.352443 0.161245 0.161245 0.161245
vn 0.999491 -0.017607 -0.026589
v 0.765992 0.110160 -1.352443 0.161245 0.161245 0.161245
vn 0.999491 -0.017607 -0.026589
v 0.765992 0.124344 -1.361836 0.161245 0.161245 0.161245
vn 0.999491 -0.017607 -0.026589
f 5059//5059 5060//5060 5061//5061
v 0.768716 0.264789 -1.352443 0.161245 0.161245 0.161245
vn 0.897942 0.012008 -0.439951
v 0.765992 0.124344 -1.361836 0.161245 0.161245 0.161245
vn 0.897942 0.012008 -0.439951
v 0.765363 0.251085 -1.359659 0.161245 0.161245 0.161245
vn 0.897942 0.012008 -0.439951
f 5062//5062 5063//5063 5064//5064
v 0.765363 0.391934 -1.322586 0.161245 0.161245 0.161245
vn 0.000000 0.956123 0.292966
v 0.765363 0.398872 -1.345228 0.161245 0.161245 0.161245
vn 0.000000 0.956123 0.292966
v 0.733639 0.398872 -1.345228 0.161245 0.161245 0.161245
vn 0.000000 0.956123 0.292966
f 5065//5065 5066//5066 5067//5067
v 0.765363 0.391934 -1.322586 0.161245 0.161245 0.161245
vn 0.000000 0.956123 0.292966
v 0.733639 0.398872 -1.345228 0.161245 0.161245 0.161245
vn 0.000000 0.956123 0.292966
v 0.733639 0.391934 -1.322586 0.161245 0.161245 0.161245
vn 0.000000 0.956123 0.292966
f 5068//5068 5069//5069 5070//5070
v 0.768716 0.264789 -1.352443 0.161245 0.161245 0.161245
vn 0.976582 -0.205708 0.063028
v 0.768716 0.272852 -1.326127 0.161245 0.161245 0.161245
vn 0.976582 -0.205708 0.063028
v 0.765363 0.258022 -1.322586 0.161245 0.161245 0.161245
vn 0.976582 -0.205708 0.063028
f 5071//5071 5072//5072 5073//5073
v 0.768716 0.264789 -1.352443 0.161245 0.161245 0.161245
vn 0.976583 -0.205703 0.063029
v 0.765363 0.258022 -1.322586 0.161245 0.161245 0.161245
vn 0.976583 -0.205703 0.063029
v 0.765363 0.251085 -1.345228 0.161245 0.161245 0.161245
vn 0.976583 -0.205703 0.063029
f 5074//5074 5075//5075 5076//5076
v 0.765992 0.138939 -1.258517 0.161245 0.161245 0.161245
vn 1.000000 0.000000 0.000000
v 0.765992 0.110160 -1.352443 0.161245 0.161245 0.161245
vn 1.000000 0.000000 0.000000
v 0.765992 0.124344 -1.343051 0.161245 0.161245 0.161245
vn 1.000000 0.000000 0.000000
f 5077//5077 5078//5078 5079//5079
v 0.765992 0.138939 -1.258517 0.161245 0.161245 0.161245
vn 1.000000 0.000000 0.000000
v 0.765992 0.124344 -1.343051 0.161245 0.161245 0.161245
vn 1.000000 0.000000 0.000000
v 0.765992 0.147368 -1.267910 0.161245 0.161245 0.161245
vn 1.000000 0.000000 0.000000
f 5080//5080 5081//5081 5082//5082
v 0.768716 0.272852 -1.326127 0.161245 0.161245 0.161245
vn 0.998754 -0.037142 -0.033327
v 0.765992 0.138939 -1.258517 0.161245 0.161245 0.161245
vn 0.998754 -0.037142 -0.033327
v 0.765992 0.147368 -1.267910 0.161245 0.161245 0.161245
vn 0.998754 -0.037142 -0.033327
f 5083//5083 5084//5084 5085//5085
v 0.768716 0.272852 -1.326127 0.161245 0.161245 0.161245
vn 0.703683 -0.311533 -0.638575
v 0.765992 0.147368 -1.267910 0.161245 0.161245 0.161245
vn 0.703683 -0.311533 -0.638575
v 0.765363 0.258022 -1.322586 0.161245 0.161245 0.161245
vn 0.703683 -0.311533 -0.638575
f 5086//5086 5087//5087 5088//5088
v 0.765363 0.281557 -1.406990 0.161245 0.161245 0.161245
vn 0.000000 -0.658305 -0.752751
v 0.765363 0.262602 -1.390414 0.161245 0.161245 0.161245
vn 0.000000 -0.658305 -0.752751
v 0.733639 0.262602 -1.390414 0.161245 0.161245 0.161245
vn 0.000000 -0.658305 -0.752751
f 5089//5089 5090//5090 5091//5091
v 0.765363 0.281557 -1.406990 0.161245 0.161245 0.161245
vn 0.000000 -0.658305 -0.752751
v 0.733639 0.262602 -1.390414 0.161245 0.161245 0.161245
vn 0.000000 -0.658305 -0.752751
v 0.733639 0.281557 -1.406990 0.161245 0.161245 0.161245
vn 0.000000 -0.658305 -0.752751
f 5092//5092 5093//5093 5094//5094
v 0.765992 0.217568 -1.189758 0.161245 0.161245 0.161245
vn 1.000000 0.000000 0.000000
v 0.765992 0.138939 -1.258517 0.161245 0.161245 0.161245
vn 1.000000 0.000000 0.000000
v 0.765992 0.153330 -1.257350 0.161245 0.161245 0.161245
vn 1.000000 0.000000 0.000000
f 5095//5095 5096//5096 5097//5097
v 0.765992 0.217568 -1.189758 0.161245 0.161245 0.161245
vn 1.000000 0.000000 0.000000
v 0.765992 0.153330 -1.257350 0.161245 0.161245 0.161245
vn 1.000000 0.000000 0.000000
v 0.765992 0.216233 -1.202341 0.161245 0.161245 0.161245
vn 1.000000 0.000000 0.000000
f 5098//5098 5099//5099 5100//5100
v 0.768716 0.294883 -1.306862 0.161245 0.161245 0.161245
vn 0.999534 -0.030339 0.003219
v 0.765992 0.217568 -1.189758 0.161245 0.161245 0.161245
vn 0.999534 -0.030339 0.003219
v 0.765992 0.216233 -1.202341 0.161245 0.161245 0.161245
vn 0.999534 -0.030339 0.003219
f 5101//5101 5102//5102 5103//5103
v 0.768716 0.294883 -1.306862 0.161245 0.161245 0.161245
vn 0.865848 -0.410350 -0.286217
v 0.765992 0.216233 -1.202341 0.161245 0.161245 0.161245
vn 0.865848 -0.410350 -0.286217
v 0.765363 0.281557 -1.297897 0.161245 0.161245 0.161245
vn 0.865848 -0.410350 -0.286217
f 5104//5104 5105//5105 5106//5106
v 0.765992 0.138939 -1.258517 0.161245 0.161245 0.161245
vn 0.881861 0.198090 0.427880
v 0.768716 0.272852 -1.326127 0.161245 0.161245 0.161245
vn 0.881861 0.198090 0.427880
v 0.765363 0.262602 -1.314473 0.161245 0.161245 0.161245
vn 0.881861 0.198090 0.427880
f 5107//5107 5108//5108 5109//5109
v 0.765992 0.138939 -1.258517 0.161245 0.161245 0.161245
vn 0.999954 0.000773 -0.009522
v 0.765363 0.262602 -1.314473 0.161245 0.161245 0.161245
vn 0.999954 0.000773 -0.009522
v 0.765992 0.153330 -1.257350 0.161245 0.161245 0.161245
vn 0.999954 0.000773 -0.009522
f 5110//5110 5111//5111 5112//5112
v 0.765992 0.124344 -1.343051 0.161245 0.161245 0.161245
vn 0.000000 0.017181 0.999852
v 0.765363 0.251085 -1.345228 0.161245 0.161245 0.161245
vn 0.000000 0.017181 0.999852
v 0.733639 0.251085 -1.345228 0.161245 0.161245 0.161245
vn 0.000000 0.017181 0.999852
f 5113//5113 5114//5114 5115//5115
v 0.765992 0.124344 -1.343051 0.161245 0.161245 0.161245
vn 0.000000 0.017181 0.999852
v 0.733639 0.251085 -1.345228 0.161245 0.161245 0.161245
vn 0.000000 0.017181 0.999852
v 0.724694 0.124344 -1.343051 0.161245 0.161245 0.161245
vn 0.000000 0.017181 0.999852
f 5116//5116 5117//5117 5118//5118
v 0.765992 0.525613 -1.361836 0.161245 0.161245 0.161245
vn 0.000000 -0.017172 -0.999853
v 0.765363 0.398872 -1.359659 0.161245 0.161245 0.161245
vn 0.000000 -0.017172 -0.999853
v 0.733639 0.398872 -1.359659 0.161245 0.161245 0.161245
vn 0.000000 -0.017172 -0.999853
f 5119//5119 5120//5120 5121//5121
v 0.765992 0.525613 -1.361836 0.161245 0.161245 0.161245
vn 0.000000 -0.017172 -0.999853
v 0.733639 0.398872 -1.359659 0.161245 0.161245 0.161245
vn 0.000000 -0.017172 -0.999853
v 0.724694 0.525613 -1.361836 0.161245 0.161245 0.161245
vn 0.000000 -0.017172 -0.999853
f 5122//5122 5123//5123 5124//5124
v 0.765992 0.228309 -1.197129 0.161245 0.161245 0.161245
vn 0.000000 0.839916 0.542717
v 0.765363 0.290834 -1.293892 0.161245 0.161245 0.161245
vn 0.000000 0.839916 0.542717
v 0.733639 0.290834 -1.293892 0.161245 0.161245 0.161245
vn 0.000000 0.839916 0.542717
f 5125//5125 5126//5126 5127//5127
v 0.765992 0.228309 -1.197129 0.161245 0.161245 0.161245
vn 0.000000 0.839916 0.542717
v 0.733639 0.290834 -1.293892 0.161245 0.161245 0.161245
vn 0.000000 0.839916 0.542717
v 0.724694 0.228309 -1.197129 0.161245 0.161245 0.161245
vn 0.000000 0.839916 0.542717
f 5128//5128 5129//5129 5130//5130
v 0.765992 0.228309 -1.507759 0.161245 0.161245 0.161245
vn 0.000000 0.228140 0.973628
v 0.765992 0.314237 -1.527894 0.161245 0.161245 0.161245
vn 0.000000 0.228140 0.973628
v 0.724694 0.314237 -1.527894 0.161245 0.161245 0.161245
vn 0.000000 0.228140 0.973628
f 5131//5131 5132//5132 5133//5133
v 0.765992 0.228309 -1.507759 0.161245 0.161245 0.161245
vn 0.000000 0.228140 0.973628
v 0.724694 0.314237 -1.527894 0.161245 0.161245 0.161245
vn 0.000000 0.228140 0.973628
v 0.724694 0.228309 -1.507759 0.161245 0.161245 0.161245
vn 0.000000 0.228140 0.973628
f 5134//5134 5135//5135 5136//5136
v 0.765363 0.258022 -1.322586 0.161245 0.161245 0.161245
vn 0.000000 -0.442988 -0.896528
v 0.765992 0.147368 -1.267910 0.161245 0.161245 0.161245
vn 0.000000 -0.442988 -0.896528
v 0.724694 0.147368 -1.267910 0.161245 0.161245 0.161245
vn 0.000000 -0.442988 -0.896528
f 5137//5137 5138//5138 5139//5139
v 0.765363 0.258022 -1.322586 0.161245 0.161245 0.161245
vn 0.000000 -0.442988 -0.896528
v 0.724694 0.147368 -1.267910 0.161245 0.161245 0.161245
vn 0.000000 -0.442988 -0.896528
v 0.733639 0.258022 -1.322586 0.161245 0.161245 0.161245
vn 0.000000 -0.442988 -0.896528
f 5140//5140 5141//5141 5142//5142
v 0.765992 0.496626 -1.257350 0.161245 0.161245 0.161245
vn 0.000000 -0.658288 -0.752766
v 0.765992 0.433723 -1.202341 0.161245 0.161245 0.161245
vn 0.000000 -0.658288 -0.752766
v 0.724694 0.433723 -1.202341 0.161245 0.161245 0.161245
vn 0.000000 -0.658288 -0.752766
f 5143//5143 5144//5144 5145//5145
v 0.765992 0.496626 -1.257350 0.161245 0.161245 0.161245
vn 0.000000 -0.658288 -0.752766
v 0.724694 0.433723 -1.202341 0.161245 0.161245 0.161245
vn 0.000000 -0.658288 -0.752766
v 0.724694 0.496626 -1.257350 0.161245 0.161245 0.161245
vn 0.000000 -0.658288 -0.752766
f 5146//5146 5147//5147 5148//5148
v 0.765363 0.391934 -1.382302 0.161245 0.161245 0.161245
vn 0.000000 0.442988 0.896528
v 0.765992 0.502588 -1.436978 0.161245 0.161245 0.161245
vn 0.000000 0.442988 0.896528
v 0.724694 0.502588 -1.436978 0.161245 0.161245 0.161245
vn 0.000000 0.442988 0.896528
f 5149//5149 5150//5150 5151//5151
v 0.765363 0.391934 -1.382302 0.161245 0.161245 0.161245
vn 0.000000 0.442988 0.896528
v 0.724694 0.502588 -1.436978 0.161245 0.161245 0.161245
vn 0.000000 0.442988 0.896528
v 0.733639 0.391934 -1.382302 0.161245 0.161245 0.161245
vn 0.000000 0.442988 0.896528
f 5152//5152 5153//5153 5154//5154
v 0.765363 0.316727 -1.287825 0.161245 0.161245 0.161245
vn 0.000000 -0.999748 -0.022465
v 0.765992 0.314237 -1.176994 0.161245 0.161245 0.161245
vn 0.000000 -0.999748 -0.022465
v 0.724694 0.314237 -1.176994 0.161245 0.161245 0.161245
vn 0.000000 -0.999748 -0.022465
f 5155//5155 5156//5156 5157//5157
v 0.765363 0.316727 -1.287825 0.161245 0.161245 0.161245
vn 0.000000 -0.999748 -0.022465
v 0.724694 0.314237 -1.176994 0.161245 0.161245 0.161245
vn 0.000000 -0.999748 -0.022465
v 0.733639 0.316727 -1.287825 0.161245 0.161245 0.161245
vn 0.000000 -0.999748 -0.022465
f 5158//5158 5159//5159 5160//5160
v 0.765363 0.316727 -1.417062 0.161245 0.161245 0.161245
vn 0.000000 -0.228124 -0.973632
v 0.765363 0.290834 -1.410996 0.161245 0.161245 0.161245
vn 0.000000 -0.228124 -0.973632
v 0.733639 0.290834 -1.410996 0.161245 0.161245 0.161245
vn 0.000000 -0.228124 -0.973632
f 5161//5161 5162//5162 5163//5163
v 0.765363 0.316727 -1.417062 0.161245 0.161245 0.161245
vn 0.000000 -0.228124 -0.973632
v 0.733639 0.290834 -1.410996 0.161245 0.161245 0.161245
vn 0.000000 -0.228124 -0.973632
v 0.733639 0.316727 -1.417062 0.161245 0.161245 0.161245
vn 0.000000 -0.228124 -0.973632
f 5164//5164 5165//5165 5166//5166
v 0.765363 0.368399 -1.297897 0.161245 0.161245 0.161245
vn 0.000000 0.658281 0.752772
v 0.765363 0.387354 -1.314473 0.161245 0.161245 0.161245
vn 0.000000 0.658281 0.752772
v 0.733639 0.387354 -1.314473 0.161245 0.161245 0.161245
vn 0.000000 0.658281 0.752772
f 5167//5167 5168//5168 5169//5169
v 0.765363 0.368399 -1.297897 0.161245 0.161245 0.161245
vn 0.000000 0.658281 0.752772
v 0.733639 0.387354 -1.314473 0.161245 0.161245 0.161245
vn 0.000000 0.658281 0.752772
v 0.733639 0.368399 -1.297897 0.161245 0.161245 0.161245
vn 0.000000 0.658281 0.752772
f 5170//5170 5171//5171 5172//5172
v 0.765363 0.290834 -1.410996 0.161245 0.161245 0.161245
vn 0.000000 0.839916 -0.542717
v 0.765992 0.228309 -1.507759 0.161245 0.161245 0.161245
vn 0.000000 0.839916 -0.542717
v 0.724694 0.228309 -1.507759 0.161245 0.161245 0.161245
vn 0.000000 0.839916 -0.542717
f 5173//5173 5174//5174 5175//5175
v 0.765363 0.290834 -1.410996 0.161245 0.161245 0.161245
vn 0.000000 0.839916 -0.542717
v 0.724694 0.228309 -1.507759 0.161245 0.161245 0.161245
vn 0.000000 0.839916 -0.542717
v 0.733639 0.290834 -1.410996 0.161245 0.161245 0.161245
vn 0.000000 0.839916 -0.542717
f 5176//5176 5177//5177 5178//5178
v 0.765363 0.387354 -1.314473 0.161245 0.161245 0.161245
vn 0.000000 -0.463276 0.886214
v 0.765992 0.496626 -1.257350 0.161245 0.161245 0.161245
vn 0.000000 -0.463276 0.886214
v 0.724694 0.496626 -1.257350 0.161245 0.161245 0.161245
vn 0.000000 -0.463276 0.886214
f 5179//5179 5180//5180 5181//5181
v 0.765363 0.387354 -1.314473 0.161245 0.161245 0.161245
vn 0.000000 -0.463276 0.886214
v 0.724694 0.496626 -1.257350 0.161245 0.161245 0.161245
vn 0.000000 -0.463276 0.886214
v 0.733639 0.387354 -1.314473 0.161245 0.161245 0.161245
vn 0.000000 -0.463276 0.886214
f 5182//5182 5183//5183 5184//5184
v 0.765992 0.124344 -1.361836 0.161245 0.161245 0.161245
vn 0.000000 0.956126 0.292957
v 0.765992 0.147368 -1.436978 0.161245 0.161245 0.161245
vn 0.000000 0.956126 0.292957
v 0.724694 0.147368 -1.436978 0.161245 0.161245 0.161245
vn 0.000000 0.956126 0.292957
f 5185//5185 5186//5186 5187//5187
v 0.765992 0.124344 -1.361836 0.161245 0.161245 0.161245
vn 0.000000 0.956126 0.292957
v 0.724694 0.147368 -1.436978 0.161245 0.161245 0.161245
vn 0.000000 0.956126 0.292957
v 0.724694 0.124344 -1.361836 0.161245 0.161245 0.161245
vn 0.000000 0.956126 0.292957
f 5188//5188 5189//5189 5190//5190
v 0.765992 0.433723 -1.502545 0.161245 0.161245 0.161245
vn 0.000000 -0.658281 0.752772
v 0.765992 0.496626 -1.447538 0.161245 0.161245 0.161245
vn 0.000000 -0.658281 0.752772
v 0.724694 0.496626 -1.447538 0.161245 0.161245 0.161245
vn 0.000000 -0.658281 0.752772
f 5191//5191 5192//5192 5193//5193
v 0.765992 0.433723 -1.502545 0.161245 0.161245 0.161245
vn 0.000000 -0.658281 0.752772
v 0.724694 0.496626 -1.447538 0.161245 0.161245 0.161245
vn 0.000000 -0.658281 0.752772
v 0.724694 0.433723 -1.502545 0.161245 0.161245 0.161245
vn 0.000000 -0.658281 0.752772
f 5194//5194 5195//5195 5196//5196
v 0.765992 0.314237 -1.527894 0.161245 0.161245 0.161245
vn 0.000000 -0.999748 0.022465
v 0.765363 0.316727 -1.417062 0.161245 0.161245 0.161245
vn 0.000000 -0.999748 0.022465
v 0.733639 0.316727 -1.417062 0.161245 0.161245 0.161245
vn 0.000000 -0.999748 0.022465
f 5197//5197 5198//5198 5199//5199
v 0.765992 0.314237 -1.527894 0.161245 0.161245 0.161245
vn 0.000000 -0.999748 0.022465
v 0.733639 0.316727 -1.417062 0.161245 0.161245 0.161245
vn 0.000000 -0.999748 0.022465
v 0.724694 0.314237 -1.527894 0.161245 0.161245 0.161245
vn 0.000000 -0.999748 0.022465
f 5200//5200 5201//5201 5202//5202
v 0.765992 0.433723 -1.202341 0.161245 0.161245 0.161245
vn 0.000000 0.825535 -0.564352
v 0.765363 0.368399 -1.297897 0.161245 0.161245 0.161245
vn 0.000000 0.825535 -0.564352
v 0.733639 0.368399 -1.297897 0.161245 0.161245 0.161245
vn 0.000000 0.825535 -0.564352
f 5203//5203 5204//5204 5205//5205
v 0.765992 0.433723 -1.202341 0.161245 0.161245 0.161245
vn 0.000000 0.825535 -0.564352
v 0.733639 0.368399 -1.297897 0.161245 0.161245 0.161245
vn 0.000000 0.825535 -0.564352
v 0.724694 0.433723 -1.202341 0.161245 0.161245 0.161245
vn 0.000000 0.825535 -0.564352
f 5206//5206 5207//5207 5208//5208
v 0.765363 0.258022 -1.382302 0.161245 0.161245 0.161245
vn 0.000000 -0.956123 -0.292966
v 0.765363 0.251085 -1.359659 0.161245 0.161245 0.161245
vn 0.000000 -0.956123 -0.292966
v 0.733639 0.251085 -1.359659 0.161245 0.161245 0.161245
vn 0.000000 -0.956123 -0.292966
f 5209//5209 5210//5210 5211//5211
v 0.765363 0.258022 -1.382302 0.161245 0.161245 0.161245
vn 0.000000 -0.956123 -0.292966
v 0.733639 0.251085 -1.359659 0.161245 0.161245 0.161245
vn 0.000000 -0.956123 -0.292966
v 0.733639 0.258022 -1.382302 0.161245 0.161245 0.161245
vn 0.000000 -0.956123 -0.292966
f 5212//5212 5213//5213 5214//5214
v 0.765363 0.387354 -1.390414 0.161245 0.161245 0.161245
vn 0.000000 0.658305 -0.752751
v 0.765363 0.368399 -1.406990 0.161245 0.161245 0.161245
vn 0.000000 0.658305 -0.752751
v 0.733639 0.368399 -1.406990 0.161245 0.161245 0.161245
vn 0.000000 0.658305 -0.752751
f 5215//5215 5216//5216 5217//5217
v 0.765363 0.387354 -1.390414 0.161245 0.161245 0.161245
vn 0.000000 0.658305 -0.752751
v 0.733639 0.368399 -1.406990 0.161245 0.161245 0.161245
vn 0.000000 0.658305 -0.752751
v 0.733639 0.387354 -1.390414 0.161245 0.161245 0.161245
vn 0.000000 0.658305 -0.752751
f 5218//5218 5219//5219 5220//5220
v 0.765992 0.147368 -1.436978 0.161245 0.161245 0.161245
vn 0.000000 -0.442988 0.896528
v 0.765363 0.258022 -1.382302 0.161245 0.161245 0.161245
vn 0.000000 -0.442988 0.896528
v 0.733639 0.258022 -1.382302 0.161245 0.161245 0.161245
vn 0.000000 -0.442988 0.896528
f 5221//5221 5222//5222 5223//5223
v 0.765992 0.147368 -1.436978 0.161245 0.161245 0.161245
vn 0.000000 -0.442988 0.896528
v 0.733639 0.258022 -1.382302 0.161245 0.161245 0.161245
vn 0.000000 -0.442988 0.896528
v 0.724694 0.147368 -1.436978 0.161245 0.161245 0.161245
vn 0.000000 -0.442988 0.896528
f 5224//5224 5225//5225 5226//5226
v 0.765992 0.496626 -1.447538 0.161245 0.161245 0.161245
vn 0.000000 -0.463283 -0.886210
v 0.765363 0.387354 -1.390414 0.161245 0.161245 0.161245
vn 0.000000 -0.463283 -0.886210
v 0.733639 0.387354 -1.390414 0.161245 0.161245 0.161245
vn 0.000000 -0.463283 -0.886210
f 5227//5227 5228//5228 5229//5229
v 0.765992 0.496626 -1.447538 0.161245 0.161245 0.161245
vn 0.000000 -0.463283 -0.886210
v 0.733639 0.387354 -1.390414 0.161245 0.161245 0.161245
vn 0.000000 -0.463283 -0.886210
v 0.724694 0.496626 -1.447538 0.161245 0.161245 0.161245
vn 0.000000 -0.463283 -0.886210
f 5230//5230 5231//5231 5232//5232
v 0.765992 0.216233 -1.202341 0.161245 0.161245 0.161245
vn 0.000000 0.658288 -0.752766
v 0.765992 0.153330 -1.257350 0.161245 0.161245 0.161245
vn 0.000000 0.658288 -0.752766
v 0.724694 0.153330 -1.257350 0.161245 0.161245 0.161245
vn 0.000000 0.658288 -0.752766
f 5233//5233 5234//5234 5235//5235
v 0.765992 0.216233 -1.202341 0.161245 0.161245 0.161245
vn 0.000000 0.658288 -0.752766
v 0.724694 0.153330 -1.257350 0.161245 0.161245 0.161245
vn 0.000000 0.658288 -0.752766
v 0.724694 0.216233 -1.202341 0.161245 0.161245 0.161245
vn 0.000000 0.658288 -0.752766
f 5236//5236 5237//5237 5238//5238
v 0.765992 0.335719 -1.527894 0.161245 0.161245 0.161245
vn 0.000000 -0.228140 0.973628
v 0.765992 0.421647 -1.507759 0.161245 0.161245 0.161245
vn 0.000000 -0.228140 0.973628
v 0.724694 0.421647 -1.507759 0.161245 0.161245 0.161245
vn 0.000000 -0.228140 0.973628
f 5239//5239 5240//5240 5241//5241
v 0.765992 0.335719 -1.527894 0.161245 0.161245 0.161245
vn 0.000000 -0.228140 0.973628
v 0.724694 0.421647 -1.507759 0.161245 0.161245 0.161245
vn 0.000000 -0.228140 0.973628
v 0.724694 0.335719 -1.527894 0.161245 0.161245 0.161245
vn 0.000000 -0.228140 0.973628
f 5242//5242 5243//5243 5244//5244
v 0.765363 0.251085 -1.359659 0.161245 0.161245 0.161245
vn 0.000000 0.017172 -0.999853
v 0.765992 0.124344 -1.361836 0.161245 0.161245 0.161245
vn 0.000000 0.017172 -0.999853
v 0.724694 0.124344 -1.361836 0.161245 0.161245 0.161245
vn 0.000000 0.017172 -0.999853
f 5245//5245 5246//5246 5247//5247
v 0.765363 0.251085 -1.359659 0.161245 0.161245 0.161245
vn 0.000000 0.017172 -0.999853
v 0.724694 0.124344 -1.361836 0.161245 0.161245 0.161245
vn 0.000000 0.017172 -0.999853
v 0.733639 0.251085 -1.359659 0.161245 0.161245 0.161245
vn 0.000000 0.017172 -0.999853
f 5248//5248 5249//5249 5250//5250
v 0.765992 0.421647 -1.197129 0.161245 0.161245 0.161245
vn 0.000000 -0.228140 -0.973628
v 0.765992 0.335719 -1.176994 0.161245 0.161245 0.161245
vn 0.000000 -0.228140 -0.973628
v 0.724694 0.335719 -1.176994 0.161245 0.161245 0.161245
vn 0.000000 -0.228140 -0.973628
f 5251//5251 5252//5252 5253//5253
v 0.765992 0.421647 -1.197129 0.161245 0.161245 0.161245
vn 0.000000 -0.228140 -0.973628
v 0.724694 0.335719 -1.176994 0.161245 0.161245 0.161245
vn 0.000000 -0.228140 -0.973628
v 0.724694 0.421647 -1.197129 0.161245 0.161245 0.161245
vn 0.000000 -0.228140 -0.973628
f 5254//5254 5255//5255 5256//5256
v 0.765363 0.368399 -1.406990 0.161245 0.161245 0.161245
vn 0.000000 0.825532 0.564356
v 0.765992 0.433723 -1.502545 0.161245 0.161245 0.161245
vn 0.000000 0.825532 0.564356
v 0.724694 0.433723 -1.502545 0.161245 0.161245 0.161245
vn 0.000000 0.825532 0.564356
f 5257//5257 5258//5258 5259//5259
v 0.765363 0.368399 -1.406990 0.161245 0.161245 0.161245
vn 0.000000 0.825532 0.564356
v 0.724694 0.433723 -1.502545 0.161245 0.161245 0.161245
vn 0.000000 0.825532 0.564356
v 0.733639 0.368399 -1.406990 0.161245 0.161245 0.161245
vn 0.000000 0.825532 0.564356
f 5260//5260 5261//5261 5262//5262
v 0.765363 0.262602 -1.314473 0.161245 0.161245 0.161245
vn 0.000000 -0.658281 0.752772
v 0.765363 0.281557 -1.297897 0.161245 0.161245 0.161245
vn 0.000000 -0.658281 0.752772
v 0.733639 0.281557 -1.297897 0.161245 0.161245 0.161245
vn 0.000000 -0.658281 0.752772
f 5263//5263 5264//5264 5265//5265
v 0.765363 0.262602 -1.314473 0.161245 0.161245 0.161245
vn 0.000000 -0.658281 0.752772
v 0.733639 0.281557 -1.297897 0.161245 0.161245 0.161245
vn 0.000000 -0.658281 0.752772
v 0.733639 0.262602 -1.314473 0.161245 0.161245 0.161245
vn 0.000000 -0.658281 0.752772
f 5266//5266 5267//5267 5268//5268
v 0.765363 0.359122 -1.410996 0.161245 0.161245 0.161245
vn 0.000000 0.228124 -0.973632
v 0.765363 0.333229 -1.417062 0.161245 0.161245 0.161245
vn 0.000000 0.228124 -0.973632
v 0.733639 0.333229 -1.417062 0.161245 0.161245 0.161245
vn 0.000000 0.228124 -0.973632
f 5269//5269 5270//5270 5271//5271
v 0.765363 0.359122 -1.410996 0.161245 0.161245 0.161245
vn 0.000000 0.228124 -0.973632
v 0.733639 0.333229 -1.417062 0.161245 0.161245 0.161245
vn 0.000000 0.228124 -0.973632
v 0.733639 0.359122 -1.410996 0.161245 0.161245 0.161245
vn 0.000000 0.228124 -0.973632
f 5272//5272 5273//5273 5274//5274
v 0.765363 0.333229 -1.287825 0.161245 0.161245 0.161245
vn 0.000000 0.228124 0.973632
v 0.765363 0.359122 -1.293892 0.161245 0.161245 0.161245
vn 0.000000 0.228124 0.973632
v 0.733639 0.359122 -1.293892 0.161245 0.161245 0.161245
vn 0.000000 0.228124 0.973632
f 5275//5275 5276//5276 5277//5277
v 0.765363 0.333229 -1.287825 0.161245 0.161245 0.161245
vn 0.000000 0.228124 0.973632
v 0.733639 0.359122 -1.293892 0.161245 0.161245 0.161245
vn 0.000000 0.228124 0.973632
v 0.733639 0.333229 -1.287825 0.161245 0.161245 0.161245
vn 0.000000 0.228124 0.973632
f 5278//5278 5279//5279 5280//5280
v 0.765363 0.281557 -1.297897 0.161245 0.161245 0.161245
vn 0.000000 -0.825535 -0.564352
v 0.765992 0.216233 -1.202341 0.161245 0.161245 0.161245
vn 0.000000 -0.825535 -0.564352
v 0.724694 0.216233 -1.202341 0.161245 0.161245 0.161245
vn 0.000000 -0.825535 -0.564352
f 5281//5281 5282//5282 5283//5283
v 0.765363 0.281557 -1.297897 0.161245 0.161245 0.161245
vn 0.000000 -0.825535 -0.564352
v 0.724694 0.216233 -1.202341 0.161245 0.161245 0.161245
vn 0.000000 -0.825535 -0.564352
v 0.733639 0.281557 -1.297897 0.161245 0.161245 0.161245
vn 0.000000 -0.825535 -0.564352
f 5284//5284 5285//5285 5286//5286
v 0.765992 0.421647 -1.507759 0.161245 0.161245 0.161245
vn 0.000000 -0.839916 -0.542717
v 0.765363 0.359122 -1.410996 0.161245 0.161245 0.161245
vn 0.000000 -0.839916 -0.542717
v 0.733639 0.359122 -1.410996 0.161245 0.161245 0.161245
vn 0.000000 -0.839916 -0.542717
f 5287//5287 5288//5288 5289//5289
v 0.765992 0.421647 -1.507759 0.161245 0.161245 0.161245
vn 0.000000 -0.839916 -0.542717
v 0.733639 0.359122 -1.410996 0.161245 0.161245 0.161245
vn 0.000000 -0.839916 -0.542717
v 0.724694 0.421647 -1.507759 0.161245 0.161245 0.161245
vn 0.000000 -0.839916 -0.542717
f 5290//5290 5291//5291 5292//5292
v 0.765992 0.335719 -1.176994 0.161245 0.161245 0.161245
vn 0.000000 0.999748 -0.022465
v 0.765363 0.333229 -1.287825 0.161245 0.161245 0.161245
vn 0.000000 0.999748 -0.022465
v 0.733639 0.333229 -1.287825 0.161245 0.161245 0.161245
vn 0.000000 0.999748 -0.022465
f 5293//5293 5294//5294 5295//5295
v 0.765992 0.335719 -1.176994 0.161245 0.161245 0.161245
vn 0.000000 0.999748 -0.022465
v 0.733639 0.333229 -1.287825 0.161245 0.161245 0.161245
vn 0.000000 0.999748 -0.022465
v 0.724694 0.335719 -1.176994 0.161245 0.161245 0.161245
vn 0.000000 0.999748 -0.022465
f 5296//5296 5297//5297 5298//5298
v 0.765992 0.153330 -1.447538 0.161245 0.161245 0.161245
vn 0.000000 0.658281 0.752772
v 0.765992 0.216233 -1.502545 0.161245 0.161245 0.161245
vn 0.000000 0.658281 0.752772
v 0.724694 0.216233 -1.502545 0.161245 0.161245 0.161245
vn 0.000000 0.658281 0.752772
f 5299//5299 5300//5300 5301//5301
v 0.765992 0.153330 -1.447538 0.161245 0.161245 0.161245
vn 0.000000 0.658281 0.752772
v 0.724694 0.216233 -1.502545 0.161245 0.161245 0.161245
vn 0.000000 0.658281 0.752772
v 0.724694 0.153330 -1.447538 0.161245 0.161245 0.161245
vn 0.000000 0.658281 0.752772
f 5302//5302 5303//5303 5304//5304
v 0.765992 0.153330 -1.257350 0.161245 0.161245 0.161245
vn 0.000000 0.463276 0.886214
v 0.765363 0.262602 -1.314473 0.161245 0.161245 0.161245
vn 0.000000 0.463276 0.886214
v 0.733639 0.262602 -1.314473 0.161245 0.161245 0.161245
vn 0.000000 0.463276 0.886214
f 5305//5305 5306//5306 5307//5307
v 0.765992 0.153330 -1.257350 0.161245 0.161245 0.161245
vn 0.000000 0.463276 0.886214
v 0.733639 0.262602 -1.314473 0.161245 0.161245 0.161245
vn 0.000000 0.463276 0.886214
v 0.724694 0.153330 -1.257350 0.161245 0.161245 0.161245
vn 0.000000 0.463276 0.886214
f 5308//5308 5309//5309 5310//5310
v 0.765992 0.525613 -1.343051 0.161245 0.161245 0.161245
vn 0.000000 -0.956120 -0.292975
v 0.765992 0.502588 -1.267910 0.161245 0.161245 0.161245
vn 0.000000 -0.956120 -0.292975
v 0.724694 0.502588 -1.267910 0.161245 0.161245 0.161245
vn 0.000000 -0.956120 -0.292975
f 5311//5311 5312//5312 5313//5313
v 0.765992 0.525613 -1.343051 0.161245 0.161245 0.161245
vn 0.000000 -0.956120 -0.292975
v 0.724694 0.502588 -1.267910 0.161245 0.161245 0.161245
vn 0.000000 -0.956120 -0.292975
v 0.724694 0.525613 -1.343051 0.161245 0.161245 0.161245
vn 0.000000 -0.956120 -0.292975
f 5314//5314 5315//5315 5316//5316
v 0.765363 0.333229 -1.417062 0.161245 0.161245 0.161245
vn 0.000000 0.999748 0.022465
v 0.765992 0.335719 -1.527894 0.161245 0.161245 0.161245
vn 0.000000 0.999748 0.022465
v 0.724694 0.335719 -1.527894 0.161245 0.161245 0.161245
vn 0.000000 0.999748 0.022465
f 5317//5317 5318//5318 5319//5319
v 0.765363 0.333229 -1.417062 0.161245 0.161245 0.161245
vn 0.000000 0.999748 0.022465
v 0.724694 0.335719 -1.527894 0.161245 0.161245 0.161245
vn 0.000000 0.999748 0.022465
v 0.733639 0.333229 -1.417062 0.161245 0.161245 0.161245
vn 0.000000 0.999748 0.022465
f 5320//5320 5321//5321 5322//5322
v 0.765363 0.359122 -1.293892 0.161245 0.161245 0.161245
vn 0.000000 -0.839916 0.542717
v 0.765992 0.421647 -1.197129 0.161245 0.161245 0.161245
vn 0.000000 -0.839916 0.542717
v 0.724694 0.421647 -1.197129 0.161245 0.161245 0.161245
vn 0.000000 -0.839916 0.542717
f 5323//5323 5324//5324 5325//5325
v 0.765363 0.359122 -1.293892 0.161245 0.161245 0.161245
vn 0.000000 -0.839916 0.542717
v 0.724694 0.421647 -1.197129 0.161245 0.161245 0.161245
vn 0.000000 -0.839916 0.542717
v 0.733639 0.359122 -1.293892 0.161245 0.161245 0.161245
vn 0.000000 -0.839916 0.542717
f 5326//5326 5327//5327 5328//5328
v 0.770393 0.292744 -1.312696 0.161245 0.161245 0.161245
vn 0.000000 0.658246 -0.752803
v 0.770393 0.279524 -1.324255 0.161245 0.161245 0.161245
vn 0.000000 0.658246 -0.752803
v 0.753148 0.279524 -1.324255 0.161245 0.161245 0.161245
vn 0.000000 0.658246 -0.752803
f 5329//5329 5330//5330 5331//5331
v 0.770393 0.292744 -1.312696 0.161245 0.161245 0.161245
vn 0.000000 0.658246 -0.752803
v 0.753148 0.279524 -1.324255 0.161245 0.161245 0.161245
vn 0.000000 0.658246 -0.752803
v 0.753148 0.292744 -1.312696 0.161245 0.161245 0.161245
vn 0.000000 0.658246 -0.752803
f 5332//5332 5333//5333 5334//5334
v 0.777104 0.306215 -1.324024 0.161245 0.161245 0.161245
vn 0.925470 -0.181351 0.332592
v 0.768716 0.294883 -1.306862 0.161245 0.161245 0.161245
vn 0.925470 -0.181351 0.332592
v 0.770393 0.292744 -1.312696 0.161245 0.161245 0.161245
vn 0.925470 -0.181351 0.332592
f 5335//5335 5336//5336 5337//5337
v 0.777104 0.306215 -1.324024 0.161245 0.161245 0.161245
vn 0.925473 -0.181370 0.332572
v 0.770393 0.292744 -1.312696 0.161245 0.161245 0.161245
vn 0.925473 -0.181370 0.332572
v 0.775426 0.299542 -1.322994 0.161245 0.161245 0.161245
vn 0.925473 -0.181370 0.332572
f 5338//5338 5339//5339 5340//5340
v 0.768716 0.272852 -1.326127 0.161245 0.161245 0.161245
vn 0.932924 -0.293156 0.209076
v 0.777104 0.292479 -1.336036 0.161245 0.161245 0.161245
vn 0.932924 -0.293156 0.209076
v 0.775426 0.291302 -1.330202 0.161245 0.161245 0.161245
vn 0.932924 -0.293156 0.209076
f 5341//5341 5342//5342 5343//5343
v 0.768716 0.272852 -1.326127 0.161245 0.161245 0.161245
vn 0.932943 -0.293193 0.208939
v 0.775426 0.291302 -1.330202 0.161245 0.161245 0.161245
vn 0.932943 -0.293193 0.208939
v 0.770393 0.279524 -1.324255 0.161245 0.161245 0.161245
vn 0.932943 -0.293193 0.208939
f 5344//5344 5345//5345 5346//5346
v 0.777104 0.292479 -1.336036 0.161245 0.161245 0.161245
vn 0.951132 -0.203277 0.232435
v 0.777104 0.306215 -1.324024 0.161245 0.161245 0.161245
vn 0.951132 -0.203277 0.232435
v 0.775426 0.299542 -1.322994 0.161245 0.161245 0.161245
vn 0.951132 -0.203277 0.232435
f 5347//5347 5348//5348 5349//5349
v 0.777104 0.292479 -1.336036 0.161245 0.161245 0.161245
vn 0.951125 -0.203298 0.232445
v 0.775426 0.299542 -1.322994 0.161245 0.161245 0.161245
vn 0.951125 -0.203298 0.232445
v 0.775426 0.291302 -1.330202 0.161245 0.161245 0.161245
vn 0.951125 -0.203298 0.232445
f 5350//5350 5351//5351 5352//5352
v 0.770393 0.357213 -1.312696 0.161245 0.161245 0.161245
vn 0.000000 0.834526 -0.550969
v 0.775426 0.350414 -1.322994 0.161245 0.161245 0.161245
vn 0.000000 0.834526 -0.550969
v 0.758181 0.350414 -1.322994 0.161245 0.161245 0.161245
vn 0.000000 0.834526 -0.550969
f 5353//5353 5354//5354 5355//5355
v 0.770393 0.357213 -1.312696 0.161245 0.161245 0.161245
vn 0.000000 0.834526 -0.550969
v 0.758181 0.350414 -1.322994 0.161245 0.161245 0.161245
vn 0.000000 0.834526 -0.550969
v 0.753148 0.357213 -1.312696 0.161245 0.161245 0.161245
vn 0.000000 0.834526 -0.550969
f 5356//5356 5357//5357 5358//5358
v 0.777104 0.306215 -1.380864 0.161245 0.161245 0.161245
vn 0.951141 -0.203259 -0.232415
v 0.777104 0.292479 -1.368852 0.161245 0.161245 0.161245
vn 0.951141 -0.203259 -0.232415
v 0.775426 0.291302 -1.374687 0.161245 0.161245 0.161245
vn 0.951141 -0.203259 -0.232415
f 5359//5359 5360//5360 5361//5361
v 0.777104 0.306215 -1.380864 0.161245 0.161245 0.161245
vn 0.951129 -0.203273 -0.232452
v 0.775426 0.291302 -1.374687 0.161245 0.161245 0.161245
vn 0.951129 -0.203273 -0.232452
v 0.775426 0.299542 -1.381894 0.161245 0.161245 0.161245
vn 0.951129 -0.203273 -0.232452
f 5362//5362 5363//5363 5364//5364
v 0.768716 0.272852 -1.378761 0.161245 0.161245 0.161245
vn 0.871678 -0.322609 -0.368917
v 0.768716 0.294883 -1.398026 0.161245 0.161245 0.161245
vn 0.871678 -0.322609 -0.368917
v 0.770393 0.292744 -1.392191 0.161245 0.161245 0.161245
vn 0.871678 -0.322609 -0.368917
f 5365//5365 5366//5366 5367//5367
v 0.768716 0.272852 -1.378761 0.161245 0.161245 0.161245
vn 0.871601 -0.322683 -0.369036
v 0.770393 0.292744 -1.392191 0.161245 0.161245 0.161245
vn 0.871601 -0.322683 -0.369036
v 0.770393 0.279524 -1.380633 0.161245 0.161245 0.161245
vn 0.871601 -0.322683 -0.369036
f 5368//5368 5369//5369 5370//5370
v 0.777104 0.292479 -1.368852 0.161245 0.161245 0.161245
vn 0.932929 -0.293203 -0.208987
v 0.768716 0.272852 -1.378761 0.161245 0.161245 0.161245
vn 0.932929 -0.293203 -0.208987
v 0.770393 0.279524 -1.380633 0.161245 0.161245 0.161245
vn 0.932929 -0.293203 -0.208987
f 5371//5371 5372//5372 5373//5373
v 0.777104 0.292479 -1.368852 0.161245 0.161245 0.161245
vn 0.932932 -0.293157 -0.209040
v 0.770393 0.279524 -1.380633 0.161245 0.161245 0.161245
vn 0.932932 -0.293157 -0.209040
v 0.775426 0.291302 -1.374687 0.161245 0.161245 0.161245
vn 0.932932 -0.293157 -0.209040
f 5374//5374 5375//5375 5376//5376
v 0.770393 0.370432 -1.380632 0.161245 0.161245 0.161245
vn 0.000000 -0.450625 -0.892713
v 0.775426 0.358656 -1.374687 0.161245 0.161245 0.161245
vn 0.000000 -0.450625 -0.892713
v 0.758181 0.358656 -1.374687 0.161245 0.161245 0.161245
vn 0.000000 -0.450625 -0.892713
f 5377//5377 5378//5378 5379//5379
v 0.770393 0.370432 -1.380632 0.161245 0.161245 0.161245
vn 0.000000 -0.450625 -0.892713
v 0.758181 0.358656 -1.374687 0.161245 0.161245 0.161245
vn 0.000000 -0.450625 -0.892713
v 0.753148 0.370432 -1.380632 0.161245 0.161245 0.161245
vn 0.000000 -0.450625 -0.892713
f 5380//5380 5381//5381 5382//5382
v 0.777104 0.357477 -1.368852 0.161245 0.161245 0.161245
vn 0.951132 0.203277 -0.232435
v 0.777104 0.343741 -1.380864 0.161245 0.161245 0.161245
vn 0.951132 0.203277 -0.232435
v 0.775426 0.350414 -1.381894 0.161245 0.161245 0.161245
vn 0.951132 0.203277 -0.232435
f 5383//5383 5384//5384 5385//5385
v 0.777104 0.357477 -1.368852 0.161245 0.161245 0.161245
vn 0.951161 0.203190 -0.232391
v 0.775426 0.350414 -1.381894 0.161245 0.161245 0.161245
vn 0.951161 0.203190 -0.232391
v 0.775426 0.358656 -1.374687 0.161245 0.161245 0.161245
vn 0.951161 0.203190 -0.232391
f 5386//5386 5387//5387 5388//5388
v 0.768716 0.377104 -1.378761 0.161245 0.161245 0.161245
vn 0.932930 0.293215 -0.208965
v 0.777104 0.357477 -1.368852 0.161245 0.161245 0.161245
vn 0.932930 0.293215 -0.208965
v 0.775426 0.358656 -1.374687 0.161245 0.161245 0.161245
vn 0.932930 0.293215 -0.208965
f 5389//5389 5390//5390 5391//5391
v 0.768716 0.377104 -1.378761 0.161245 0.161245 0.161245
vn 0.932916 0.293187 -0.209065
v 0.775426 0.358656 -1.374687 0.161245 0.161245 0.161245
vn 0.932916 0.293187 -0.209065
v 0.770393 0.370432 -1.380632 0.161245 0.161245 0.161245
vn 0.932916 0.293187 -0.209065
f 5392//5392 5393//5393 5394//5394
v 0.768716 0.355073 -1.398026 0.161245 0.161245 0.161245
vn 0.871678 0.322609 -0.368917
v 0.768716 0.377104 -1.378761 0.161245 0.161245 0.161245
vn 0.871678 0.322609 -0.368917
v 0.770393 0.370432 -1.380632 0.161245 0.161245 0.161245
vn 0.871678 0.322609 -0.368917
f 5395//5395 5396//5396 5397//5397
v 0.768716 0.355073 -1.398026 0.161245 0.161245 0.161245
vn 0.871678 0.322609 -0.368917
v 0.770393 0.370432 -1.380632 0.161245 0.161245 0.161245
vn 0.871678 0.322609 -0.368917
v 0.770393 0.357213 -1.392191 0.161245 0.161245 0.161245
vn 0.871678 0.322609 -0.368917
f 5398//5398 5399//5399 5400//5400
v 0.775426 0.358654 -1.330202 0.161245 0.161245 0.161245
vn 0.000000 -0.450718 0.892666
v 0.770393 0.370432 -1.324255 0.161245 0.161245 0.161245
vn 0.000000 -0.450718 0.892666
v 0.753148 0.370432 -1.324255 0.161245 0.161245 0.161245
vn 0.000000 -0.450718 0.892666
f 5401//5401 5402//5402 5403//5403
v 0.775426 0.358654 -1.330202 0.161245 0.161245 0.161245
vn 0.000000 -0.450718 0.892666
v 0.753148 0.370432 -1.324255 0.161245 0.161245 0.161245
vn 0.000000 -0.450718 0.892666
v 0.758181 0.358654 -1.330202 0.161245 0.161245 0.161245
vn 0.000000 -0.450718 0.892666
f 5404//5404 5405//5405 5406//5406
v 0.777104 0.343741 -1.324024 0.161245 0.161245 0.161245
vn 0.951127 0.203288 0.232448
v 0.777104 0.357477 -1.336036 0.161245 0.161245 0.161245
vn 0.951127 0.203288 0.232448
v 0.775426 0.358654 -1.330202 0.161245 0.161245 0.161245
vn 0.951127 0.203288 0.232448
f 5407//5407 5408//5408 5409//5409
v 0.777104 0.343741 -1.324024 0.161245 0.161245 0.161245
vn 0.951135 0.203279 0.232423
v 0.775426 0.358654 -1.330202 0.161245 0.161245 0.161245
vn 0.951135 0.203279 0.232423
v 0.775426 0.350414 -1.322994 0.161245 0.161245 0.161245
vn 0.951135 0.203279 0.232423
f 5410//5410 5411//5411 5412//5412
v 0.768716 0.377104 -1.326127 0.161245 0.161245 0.161245
vn 0.871678 0.322609 0.368917
v 0.768716 0.355073 -1.306862 0.161245 0.161245 0.161245
vn 0.871678 0.322609 0.368917
v 0.770393 0.357213 -1.312696 0.161245 0.161245 0.161245
vn 0.871678 0.322609 0.368917
f 5413//5413 5414//5414 5415//5415
v 0.768716 0.377104 -1.326127 0.161245 0.161245 0.161245
vn 0.871601 0.322683 0.369036
v 0.770393 0.357213 -1.312696 0.161245 0.161245 0.161245
vn 0.871601 0.322683 0.369036
v 0.770393 0.370432 -1.324255 0.161245 0.161245 0.161245
vn 0.871601 0.322683 0.369036
f 5416//5416 5417//5417 5418//5418
v 0.777104 0.357477 -1.336036 0.161245 0.161245 0.161245
vn 0.932929 0.293203 0.208987
v 0.768716 0.377104 -1.326127 0.161245 0.161245 0.161245
vn 0.932929 0.293203 0.208987
v 0.770393 0.370432 -1.324255 0.161245 0.161245 0.161245
vn 0.932929 0.293203 0.208987
f 5419//5419 5420//5420 5421//5421
v 0.777104 0.357477 -1.336036 0.161245 0.161245 0.161245
vn 0.932934 0.293114 0.209088
v 0.770393 0.370432 -1.324255 0.161245 0.161245 0.161245
vn 0.932934 0.293114 0.209088
v 0.775426 0.358654 -1.330202 0.161245 0.161245 0.161245
vn 0.932934 0.293114 0.209088
f 5422//5422 5423//5423 5424//5424
v 0.770393 0.279524 -1.380633 0.161245 0.161245 0.161245
vn 0.000000 0.658246 0.752803
v 0.770393 0.292744 -1.392191 0.161245 0.161245 0.161245
vn 0.000000 0.658246 0.752803
v 0.753148 0.292744 -1.392191 0.161245 0.161245 0.161245
vn 0.000000 0.658246 0.752803
f 5425//5425 5426//5426 5427//5427
v 0.770393 0.279524 -1.380633 0.161245 0.161245 0.161245
vn 0.000000 0.658246 0.752803
v 0.753148 0.292744 -1.392191 0.161245 0.161245 0.161245
vn 0.000000 0.658246 0.752803
v 0.753148 0.279524 -1.380633 0.161245 0.161245 0.161245
vn 0.000000 0.658246 0.752803
f 5428//5428 5429//5429 5430//5430
v 0.775426 0.291302 -1.330202 0.161245 0.161245 0.161245
vn 0.000000 -0.658337 0.752723
v 0.775426 0.299542 -1.322994 0.161245 0.161245 0.161245
vn 0.000000 -0.658337 0.752723
v 0.758181 0.299542 -1.322994 0.161245 0.161245 0.161245
vn 0.000000 -0.658337 0.752723
f 5431//5431 5432//5432 5433//5433
v 0.775426 0.291302 -1.330202 0.161245 0.161245 0.161245
vn 0.000000 -0.658337 0.752723
v 0.758181 0.299542 -1.322994 0.161245 0.161245 0.161245
vn 0.000000 -0.658337 0.752723
v 0.758181 0.291302 -1.330202 0.161245 0.161245 0.161245
vn 0.000000 -0.658337 0.752723
f 5434//5434 5435//5435 5436//5436
v 0.770393 0.357213 -1.392191 0.161245 0.161245 0.161245
vn 0.000000 -0.658281 0.752772
v 0.770393 0.370432 -1.380632 0.161245 0.161245 0.161245
vn 0.000000 -0.658281 0.752772
v 0.753148 0.370432 -1.380632 0.161245 0.161245 0.161245
vn 0.000000 -0.658281 0.752772
f 5437//5437 5438//5438 5439//5439
v 0.770393 0.357213 -1.392191 0.161245 0.161245 0.161245
vn 0.000000 -0.658281 0.752772
v 0.753148 0.370432 -1.380632 0.161245 0.161245 0.161245
vn 0.000000 -0.658281 0.752772
v 0.753148 0.357213 -1.392191 0.161245 0.161245 0.161245
vn 0.000000 -0.658281 0.752772
f 5440//5440 5441//5441 5442//5442
v 0.775426 0.299542 -1.381894 0.161245 0.161245 0.161245
vn 0.000000 -0.658281 -0.752772
v 0.775426 0.291302 -1.374687 0.161245 0.161245 0.161245
vn 0.000000 -0.658281 -0.752772
v 0.758181 0.291302 -1.374687 0.161245 0.161245 0.161245
vn 0.000000 -0.658281 -0.752772
f 5443//5443 5444//5444 5445//5445
v 0.775426 0.299542 -1.381894 0.161245 0.161245 0.161245
vn 0.000000 -0.658281 -0.752772
v 0.758181 0.291302 -1.374687 0.161245 0.161245 0.161245
vn 0.000000 -0.658281 -0.752772
v 0.758181 0.299542 -1.381894 0.161245 0.161245 0.161245
vn 0.000000 -0.658281 -0.752772
f 5446//5446 5447//5447 5448//5448
v 0.770393 0.370432 -1.324255 0.161245 0.161245 0.161245
vn 0.000000 -0.658246 -0.752803
v 0.770393 0.357213 -1.312696 0.161245 0.161245 0.161245
vn 0.000000 -0.658246 -0.752803
v 0.753148 0.357213 -1.312696 0.161245 0.161245 0.161245
vn 0.000000 -0.658246 -0.752803
f 5449//5449 5450//5450 5451//5451
v 0.770393 0.370432 -1.324255 0.161245 0.161245 0.161245
vn 0.000000 -0.658246 -0.752803
v 0.753148 0.357213 -1.312696 0.161245 0.161245 0.161245
vn 0.000000 -0.658246 -0.752803
v 0.753148 0.370432 -1.324255 0.161245 0.161245 0.161245
vn 0.000000 -0.658246 -0.752803
f 5452//5452 5453//5453 5454//5454
v 0.775426 0.299542 -1.322994 0.161245 0.161245 0.161245
vn 0.000000 -0.834526 -0.550969
v 0.770393 0.292744 -1.312696 0.161245 0.161245 0.161245
vn 0.000000 -0.834526 -0.550969
v 0.753148 0.292744 -1.312696 0.161245 0.161245 0.161245
vn 0.000000 -0.834526 -0.550969
f 5455//5455 5456//5456 5457//5457
v 0.775426 0.299542 -1.322994 0.161245 0.161245 0.161245
vn 0.000000 -0.834526 -0.550969
v 0.753148 0.292744 -1.312696 0.161245 0.161245 0.161245
vn 0.000000 -0.834526 -0.550969
v 0.758181 0.299542 -1.322994 0.161245 0.161245 0.161245
vn 0.000000 -0.834526 -0.550969
f 5458//5458 5459//5459 5460//5460
v 0.775426 0.358656 -1.374687 0.161245 0.161245 0.161245
vn 0.000000 0.658225 -0.752822
v 0.775426 0.350414 -1.381894 0.161245 0.161245 0.161245
vn 0.000000 0.658225 -0.752822
v 0.758181 0.350414 -1.381894 0.161245 0.161245 0.161245
vn 0.000000 0.658225 -0.752822
f 5461//5461 5462//5462 5463//5463
v 0.775426 0.358656 -1.374687 0.161245 0.161245 0.161245
vn 0.000000 0.658225 -0.752822
v 0.758181 0.350414 -1.381894 0.161245 0.161245 0.161245
vn 0.000000 0.658225 -0.752822
v 0.758181 0.358656 -1.374687 0.161245 0.161245 0.161245
vn 0.000000 0.658225 -0.752822
f 5464//5464 5465//5465 5466//5466
v 0.770393 0.292744 -1.392191 0.161245 0.161245 0.161245
vn 0.000000 -0.834526 0.550969
v 0.775426 0.299542 -1.381894 0.161245 0.161245 0.161245
vn 0.000000 -0.834526 0.550969
v 0.758181 0.299542 -1.381894 0.161245 0.161245 0.161245
vn 0.000000 -0.834526 0.550969
f 5467//5467 5468//5468 5469//5469
v 0.770393 0.292744 -1.392191 0.161245 0.161245 0.161245
vn 0.000000 -0.834526 0.550969
v 0.758181 0.299542 -1.381894 0.161245 0.161245 0.161245
vn 0.000000 -0.834526 0.550969
v 0.753148 0.292744 -1.392191 0.161245 0.161245 0.161245
vn 0.000000 -0.834526 0.550969
f 5470//5470 5471//5471 5472//5472
v 0.775426 0.350414 -1.322994 0.161245 0.161245 0.161245
vn 0.000000 0.658337 0.752723
v 0.775426 0.358654 -1.330202 0.161245 0.161245 0.161245
vn 0.000000 0.658337 0.752723
v 0.758181 0.358654 -1.330202 0.161245 0.161245 0.161245
vn 0.000000 0.658337 0.752723
f 5473//5473 5474//5474 5475//5475
v 0.775426 0.350414 -1.322994 0.161245 0.161245 0.161245
vn 0.000000 0.658337 0.752723
v 0.758181 0.358654 -1.330202 0.161245 0.161245 0.161245
vn 0.000000 0.658337 0.752723
v 0.758181 0.350414 -1.322994 0.161245 0.161245 0.161245
vn 0.000000 0.658337 0.752723
f 5476//5476 5477//5477 5478//5478
v 0.770393 0.279524 -1.324255 0.161245 0.161245 0.161245
vn 0.000000 0.450718 0.892666
v 0.775426 0.291302 -1.330202 0.161245 0.161245 0.161245
vn 0.000000 0.450718 0.892666
v 0.758181 0.291302 -1.330202 0.161245 0.161245 0.161245
vn 0.000000 0.450718 0.892666
f 5479//5479 5480//5480 5481//5481
v 0.770393 0.279524 -1.324255 0.161245 0.161245 0.161245
vn 0.000000 0.450718 0.892666
v 0.758181 0.291302 -1.330202 0.161245 0.161245 0.161245
vn 0.000000 0.450718 0.892666
v 0.753148 0.279524 -1.324255 0.161245 0.161245 0.161245
vn 0.000000 0.450718 0.892666
f 5482//5482 5483//5483 5484//5484
v 0.775426 0.350414 -1.381894 0.161245 0.161245 0.161245
vn 0.000000 0.834526 0.550969
v 0.770393 0.357213 -1.392191 0.161245 0.161245 0.161245
vn 0.000000 0.834526 0.550969
v 0.753148 0.357213 -1.392191 0.161245 0.161245 0.161245
vn 0.000000 0.834526 0.550969
f 5485//5485 5486//5486 5487//5487
v 0.775426 0.350414 -1.381894 0.161245 0.161245 0.161245
vn 0.000000 0.834526 0.550969
v 0.753148 0.357213 -1.392191 0.161245 0.161245 0.161245
vn 0.000000 0.834526 0.550969
v 0.758181 0.350414 -1.381894 0.161245 0.161245 0.161245
vn 0.000000 0.834526 0.550969
f 5488//5488 5489//5489 5490//5490
v 0.775426 0.291302 -1.374687 0.161245 0.161245 0.161245
vn 0.000000 0.450653 -0.892699
v 0.770393 0.279524 -1.380633 0.161245 0.161245 0.161245
vn 0.000000 0.450653 -0.892699
v 0.753148 0.279524 -1.380633 0.161245 0.161245 0.161245
vn 0.000000 0.450653 -0.892699
f 5491//5491 5492//5492 5493//5493
v 0.775426 0.291302 -1.374687 0.161245 0.161245 0.161245
vn 0.000000 0.450653 -0.892699
v 0.753148 0.279524 -1.380633 0.161245 0.161245 0.161245
vn 0.000000 0.450653 -0.892699
v 0.758181 0.291302 -1.374687 0.161245 0.161245 0.161245
vn 0.000000 0.450653 -0.892699
f 5494//5494 5495//5495 5496//5496
v -0.766965 0.272852 -1.378761 0.161245 0.161245 0.161245
vn -0.852174 0.246247 -0.461694
v -0.763612 0.262602 -1.390415 0.161245 0.161245 0.161245
vn -0.852174 0.246247 -0.461694
v -0.764240 0.153330 -1.447538 0.161245 0.161245 0.161245
vn -0.852174 0.246247 -0.461694
f 5497//5497 5498//5498 5499//5499
v -0.766965 0.272852 -1.378761 0.161245 0.161245 0.161245
vn -0.999394 -0.002816 -0.034702
v -0.764240 0.153330 -1.447538 0.161245 0.161245 0.161245
vn -0.999394 -0.002816 -0.034702
v -0.764240 0.138939 -1.446371 0.161245 0.161245 0.161245
vn -0.999394 -0.002816 -0.034702
f 5500//5500 5501//5501 5502//5502
v -0.766965 0.324978 -1.405078 0.161245 0.161245 0.161245
vn -0.917112 0.090928 -0.388121
v -0.775352 0.324978 -1.385260 0.161245 0.161245 0.161245
vn -0.917112 0.090928 -0.388121
v -0.775352 0.343741 -1.380864 0.161245 0.161245 0.161245
vn -0.917112 0.090928 -0.388121
f 5503//5503 5504//5504 5505//5505
v -0.766965 0.324978 -1.405078 0.161245 0.161245 0.161245
vn -0.917103 0.090952 -0.388137
v -0.775352 0.343741 -1.380864 0.161245 0.161245 0.161245
vn -0.917103 0.090952 -0.388137
v -0.766965 0.355073 -1.398026 0.161245 0.161245 0.161245
vn -0.917103 0.090952 -0.388137
f 5506//5506 5507//5507 5508//5508
v -0.764240 0.511017 -1.258517 0.161245 0.161245 0.161245
vn -0.999906 -0.010184 0.009138
v -0.764240 0.502588 -1.267910 0.161245 0.161245 0.161245
vn -0.999906 -0.010184 0.009138
v -0.763612 0.391934 -1.322586 0.161245 0.161245 0.161245
vn -0.999906 -0.010184 0.009138
f 5509//5509 5510//5510 5511//5511
v -0.764240 0.511017 -1.258517 0.161245 0.161245 0.161245
vn -0.752482 0.308971 -0.581642
v -0.763612 0.391934 -1.322586 0.161245 0.161245 0.161245
vn -0.752482 0.308971 -0.581642
v -0.766965 0.377104 -1.326127 0.161245 0.161245 0.161245
vn -0.752482 0.308971 -0.581642
f 5512//5512 5513//5513 5514//5514
v -0.764240 0.324978 -1.164590 0.161245 0.161245 0.161245
vn -1.000000 0.000000 0.000000
v -0.764240 0.314237 -1.176994 0.161245 0.161245 0.161245
vn -1.000000 0.000000 0.000000
v -0.764240 0.228309 -1.197129 0.161245 0.161245 0.161245
vn -1.000000 0.000000 0.000000
f 5515//5515 5516//5516 5517//5517
v -0.764240 0.324978 -1.164590 0.161245 0.161245 0.161245
vn -1.000000 0.000000 0.000000
v -0.764240 0.228309 -1.197129 0.161245 0.161245 0.161245
vn -1.000000 0.000000 0.000000
v -0.764240 0.217568 -1.189758 0.161245 0.161245 0.161245
vn -1.000000 0.000000 0.000000
f 5518//5518 5519//5519 5520//5520
v -0.766965 0.272852 -1.378761 0.161245 0.161245 0.161245
vn -0.976582 -0.205707 -0.063031
v -0.763612 0.258022 -1.382302 0.161245 0.161245 0.161245
vn -0.976582 -0.205707 -0.063031
v -0.763612 0.251085 -1.359659 0.161245 0.161245 0.161245
vn -0.976582 -0.205707 -0.063031
f 5521//5521 5522//5522 5523//5523
v -0.766965 0.272852 -1.378761 0.161245 0.161245 0.161245
vn -0.976583 -0.205701 -0.063024
v -0.763612 0.251085 -1.359659 0.161245 0.161245 0.161245
vn -0.976583 -0.205701 -0.063024
v -0.766965 0.264789 -1.352443 0.161245 0.161245 0.161245
vn -0.976583 -0.205701 -0.063024
f 5524//5524 5525//5525 5526//5526
v -0.766965 0.377104 -1.378761 0.161245 0.161245 0.161245
vn -0.703695 0.311533 0.638561
v -0.763612 0.391934 -1.382302 0.161245 0.161245 0.161245
vn -0.703695 0.311533 0.638561
v -0.764240 0.502588 -1.436978 0.161245 0.161245 0.161245
vn -0.703695 0.311533 0.638561
f 5527//5527 5528//5528 5529//5529
v -0.766965 0.377104 -1.378761 0.161245 0.161245 0.161245
vn -0.998753 0.037155 0.033339
v -0.764240 0.502588 -1.436978 0.161245 0.161245 0.161245
vn -0.998753 0.037155 0.033339
v -0.764240 0.511017 -1.446371 0.161245 0.161245 0.161245
vn -0.998753 0.037155 0.033339
f 5530//5530 5531//5531 5532//5532
v -0.766965 0.324978 -1.299809 0.161245 0.161245 0.161245
vn -0.970734 0.054785 0.233823
v -0.763612 0.333229 -1.287825 0.161245 0.161245 0.161245
vn -0.970734 0.054785 0.233823
v -0.763612 0.359122 -1.293892 0.161245 0.161245 0.161245
vn -0.970734 0.054785 0.233823
f 5533//5533 5534//5534 5535//5535
v -0.766965 0.324978 -1.299809 0.161245 0.161245 0.161245
vn -0.970738 0.054788 0.233808
v -0.763612 0.359122 -1.293892 0.161245 0.161245 0.161245
vn -0.970738 0.054788 0.233808
v -0.766965 0.355073 -1.306862 0.161245 0.161245 0.161245
vn -0.970738 0.054788 0.233808
f 5536//5536 5537//5537 5538//5538
v -0.764240 0.110160 -1.352443 0.161245 0.161245 0.161245
vn -0.999962 0.004825 -0.007287
v -0.764240 0.124344 -1.343052 0.161245 0.161245 0.161245
vn -0.999962 0.004825 -0.007287
v -0.763612 0.251085 -1.345228 0.161245 0.161245 0.161245
vn -0.999962 0.004825 -0.007287
f 5539//5539 5540//5540 5541//5541
v -0.764240 0.110160 -1.352443 0.161245 0.161245 0.161245
vn -0.918164 -0.016180 0.395871
v -0.763612 0.251085 -1.345228 0.161245 0.161245 0.161245
vn -0.918164 -0.016180 0.395871
v -0.766965 0.264789 -1.352443 0.161245 0.161245 0.161245
vn -0.918164 -0.016180 0.395871
f 5542//5542 5543//5543 5544//5544
v -0.766965 0.377104 -1.378761 0.161245 0.161245 0.161245
vn -0.977459 0.138980 -0.158930
v -0.763612 0.387354 -1.390415 0.161245 0.161245 0.161245
vn -0.977459 0.138980 -0.158930
v -0.763612 0.368399 -1.406990 0.161245 0.161245 0.161245
vn -0.977459 0.138980 -0.158930
f 5545//5545 5546//5546 5547//5547
v -0.766965 0.377104 -1.378761 0.161245 0.161245 0.161245
vn -0.977459 0.138980 -0.158930
v -0.763612 0.368399 -1.406990 0.161245 0.161245 0.161245
vn -0.977459 0.138980 -0.158930
v -0.766965 0.355073 -1.398026 0.161245 0.161245 0.161245
vn -0.977459 0.138980 -0.158930
f 5548//5548 5549//5549 5550//5550
v -0.766965 0.324978 -1.405078 0.161245 0.161245 0.161245
vn -0.970734 -0.054785 -0.233823
v -0.763612 0.316727 -1.417062 0.161245 0.161245 0.161245
vn -0.970734 -0.054785 -0.233823
v -0.763612 0.290834 -1.410996 0.161245 0.161245 0.161245
vn -0.970734 -0.054785 -0.233823
f 5551//5551 5552//5552 5553//5553
v -0.766965 0.324978 -1.405078 0.161245 0.161245 0.161245
vn -0.970738 -0.054788 -0.233808
v -0.763612 0.290834 -1.410996 0.161245 0.161245 0.161245
vn -0.970738 -0.054788 -0.233808
v -0.766965 0.294883 -1.398026 0.161245 0.161245 0.161245
vn -0.970738 -0.054788 -0.233808
f 5554//5554 5555//5555 5556//5556
v -0.766965 0.377104 -1.326127 0.161245 0.161245 0.161245
vn -0.852174 -0.246247 0.461694
v -0.763612 0.387354 -1.314473 0.161245 0.161245 0.161245
vn -0.852174 -0.246247 0.461694
v -0.764240 0.496626 -1.257350 0.161245 0.161245 0.161245
vn -0.852174 -0.246247 0.461694
f 5557//5557 5558//5558 5559//5559
v -0.766965 0.377104 -1.326127 0.161245 0.161245 0.161245
vn -0.999394 0.002816 0.034702
v -0.764240 0.496626 -1.257350 0.161245 0.161245 0.161245
vn -0.999394 0.002816 0.034702
v -0.764240 0.511017 -1.258517 0.161245 0.161245 0.161245
vn -0.999394 0.002816 0.034702
f 5560//5560 5561//5561 5562//5562
v -0.766965 0.272852 -1.326127 0.161245 0.161245 0.161245
vn -0.977459 -0.138980 0.158930
v -0.763612 0.262602 -1.314473 0.161245 0.161245 0.161245
vn -0.977459 -0.138980 0.158930
v -0.763612 0.281557 -1.297897 0.161245 0.161245 0.161245
vn -0.977459 -0.138980 0.158930
f 5563//5563 5564//5564 5565//5565
v -0.766965 0.272852 -1.326127 0.161245 0.161245 0.161245
vn -0.977459 -0.138980 0.158930
v -0.763612 0.281557 -1.297897 0.161245 0.161245 0.161245
vn -0.977459 -0.138980 0.158930
v -0.766965 0.294883 -1.306862 0.161245 0.161245 0.161245
vn -0.977459 -0.138980 0.158930
f 5566//5566 5567//5567 5568//5568
v -0.766965 0.355073 -1.398026 0.161245 0.161245 0.161245
vn -0.970738 0.054782 -0.233810
v -0.763612 0.359122 -1.410996 0.161245 0.161245 0.161245
vn -0.970738 0.054782 -0.233810
v -0.763612 0.333229 -1.417062 0.161245 0.161245 0.161245
vn -0.970738 0.054782 -0.233810
f 5569//5569 5570//5570 5571//5571
v -0.766965 0.355073 -1.398026 0.161245 0.161245 0.161245
vn -0.970735 0.054791 -0.233819
v -0.763612 0.333229 -1.417062 0.161245 0.161245 0.161245
vn -0.970735 0.054791 -0.233819
v -0.766965 0.324978 -1.405078 0.161245 0.161245 0.161245
vn -0.970735 0.054791 -0.233819
f 5572//5572 5573//5573 5574//5574
v -0.775352 0.306215 -1.380864 0.161245 0.161245 0.161245
vn -1.000000 0.000000 0.000000
v -0.775352 0.292479 -1.368852 0.161245 0.161245 0.161245
vn -1.000000 0.000000 0.000000
v -0.775352 0.287451 -1.352443 0.161245 0.161245 0.161245
vn -1.000000 0.000000 0.000000
f 5575//5575 5576//5576 5577//5577
v -0.775352 0.306215 -1.380864 0.161245 0.161245 0.161245
vn -1.000000 0.000000 0.000000
v -0.775352 0.287451 -1.352443 0.161245 0.161245 0.161245
vn -1.000000 0.000000 0.000000
v -0.775352 0.292479 -1.336036 0.161245 0.161245 0.161245
vn -1.000000 0.000000 0.000000
f 5578//5578 5579//5579 5580//5580
v -0.775352 0.306215 -1.380864 0.161245 0.161245 0.161245
vn -1.000000 0.000000 0.000000
v -0.775352 0.292479 -1.336036 0.161245 0.161245 0.161245
vn -1.000000 0.000000 0.000000
v -0.775352 0.306215 -1.324025 0.161245 0.161245 0.161245
vn -1.000000 0.000000 0.000000
f 5581//5581 5582//5582 5583//5583
v -0.775352 0.306215 -1.380864 0.161245 0.161245 0.161245
vn -1.000000 0.000000 0.000000
v -0.775352 0.306215 -1.324025 0.161245 0.161245 0.161245
vn -1.000000 0.000000 0.000000
v -0.775352 0.324978 -1.319628 0.161245 0.161245 0.161245
vn -1.000000 0.000000 0.000000
f 5584//5584 5585//5585 5586//5586
v -0.775352 0.306215 -1.380864 0.161245 0.161245 0.161245
vn -1.000000 0.000000 0.000000
v -0.775352 0.324978 -1.319628 0.161245 0.161245 0.161245
vn -1.000000 0.000000 0.000000
v -0.775352 0.343741 -1.324025 0.161245 0.161245 0.161245
vn -1.000000 0.000000 0.000000
f 5587//5587 5588//5588 5589//5589
v -0.775352 0.306215 -1.380864 0.161245 0.161245 0.161245
vn -1.000000 0.000000 0.000000
v -0.775352 0.343741 -1.324025 0.161245 0.161245 0.161245
vn -1.000000 0.000000 0.000000
v -0.775352 0.357477 -1.336036 0.161245 0.161245 0.161245
vn -1.000000 0.000000 0.000000
f 5590//5590 5591//5591 5592//5592
v -0.775352 0.306215 -1.380864 0.161245 0.161245 0.161245
vn -1.000000 0.000000 0.000000
v -0.775352 0.357477 -1.336036 0.161245 0.161245 0.161245
vn -1.000000 0.000000 0.000000
v -0.775352 0.362505 -1.352443 0.161245 0.161245 0.161245
vn -1.000000 0.000000 0.000000
f 5593//5593 5594//5594 5595//5595
v -0.775352 0.306215 -1.380864 0.161245 0.161245 0.161245
vn -1.000000 0.000000 0.000000
v -0.775352 0.362505 -1.352443 0.161245 0.161245 0.161245
vn -1.000000 0.000000 0.000000
v -0.775352 0.357477 -1.368852 0.161245 0.161245 0.161245
vn -1.000000 0.000000 0.000000
f 5596//5596 5597//5597 5598//5598
v -0.775352 0.306215 -1.380864 0.161245 0.161245 0.161245
vn -1.000000 0.000000 0.000000
v -0.775352 0.357477 -1.368852 0.161245 0.161245 0.161245
vn -1.000000 0.000000 0.000000
v -0.775352 0.343741 -1.380864 0.161245 0.161245 0.161245
vn -1.000000 0.000000 0.000000
f 5599//5599 5600//5600 5601//5601
v -0.775352 0.306215 -1.380864 0.161245 0.161245 0.161245
vn -1.000000 0.000000 0.000000
v -0.775352 0.343741 -1.380864 0.161245 0.161245 0.161245
vn -1.000000 0.000000 0.000000
v -0.775352 0.324978 -1.385260 0.161245 0.161245 0.161245
vn -1.000000 0.000000 0.000000
f 5602//5602 5603//5603 5604//5604
v -0.766965 0.294883 -1.398026 0.161245 0.161245 0.161245
vn -0.925478 -0.181499 -0.332489
v -0.768641 0.292744 -1.392191 0.161245 0.161245 0.161245
vn -0.925478 -0.181499 -0.332489
v -0.773674 0.299542 -1.381894 0.161245 0.161245 0.161245
vn -0.925478 -0.181499 -0.332489
f 5605//5605 5606//5606 5607//5607
v -0.766965 0.294883 -1.398026 0.161245 0.161245 0.161245
vn -0.925487 -0.181381 -0.332527
v -0.773674 0.299542 -1.381894 0.161245 0.161245 0.161245
vn -0.925487 -0.181381 -0.332527
v -0.775352 0.306215 -1.380864 0.161245 0.161245 0.161245
vn -0.925487 -0.181381 -0.332527
f 5608//5608 5609//5609 5610//5610
v -0.766965 0.385167 -1.352443 0.161245 0.161245 0.161245
vn -0.932571 0.345142 0.105771
v -0.775352 0.362505 -1.352443 0.161245 0.161245 0.161245
vn -0.932571 0.345142 0.105771
v -0.775352 0.357477 -1.336036 0.161245 0.161245 0.161245
vn -0.932571 0.345142 0.105771
f 5611//5611 5612//5612 5613//5613
v -0.766965 0.385167 -1.352443 0.161245 0.161245 0.161245
vn -0.932579 0.345130 0.105747
v -0.775352 0.357477 -1.336036 0.161245 0.161245 0.161245
vn -0.932579 0.345130 0.105747
v -0.766965 0.377104 -1.326127 0.161245 0.161245 0.161245
vn -0.932579 0.345130 0.105747
f 5614//5614 5615//5615 5616//5616
v -0.766965 0.324978 -1.299809 0.161245 0.161245 0.161245
vn -0.917110 -0.090950 0.388120
v -0.775352 0.324978 -1.319628 0.161245 0.161245 0.161245
vn -0.917110 -0.090950 0.388120
v -0.775352 0.306215 -1.324025 0.161245 0.161245 0.161245
vn -0.917110 -0.090950 0.388120
f 5617//5617 5618//5618 5619//5619
v -0.766965 0.324978 -1.299809 0.161245 0.161245 0.161245
vn -0.917111 -0.090948 0.388119
v -0.775352 0.306215 -1.324025 0.161245 0.161245 0.161245
vn -0.917111 -0.090948 0.388119
v -0.766965 0.294883 -1.306862 0.161245 0.161245 0.161245
vn -0.917111 -0.090948 0.388119
f 5620//5620 5621//5621 5622//5622
v -0.766965 0.264789 -1.352443 0.161245 0.161245 0.161245
vn -0.932572 -0.345142 -0.105764
v -0.775352 0.287451 -1.352443 0.161245 0.161245 0.161245
vn -0.932572 -0.345142 -0.105764
v -0.775352 0.292479 -1.368852 0.161245 0.161245 0.161245
vn -0.932572 -0.345142 -0.105764
f 5623//5623 5624//5624 5625//5625
v -0.766965 0.264789 -1.352443 0.161245 0.161245 0.161245
vn -0.932579 -0.345131 -0.105743
v -0.775352 0.292479 -1.368852 0.161245 0.161245 0.161245
vn -0.932579 -0.345131 -0.105743
v -0.766965 0.272852 -1.378761 0.161245 0.161245 0.161245
vn -0.932579 -0.345131 -0.105743
f 5626//5626 5627//5627 5628//5628
v -0.766965 0.377104 -1.378761 0.161245 0.161245 0.161245
vn -0.932580 0.345124 -0.105759
v -0.775352 0.357477 -1.368852 0.161245 0.161245 0.161245
vn -0.932580 0.345124 -0.105759
v -0.775352 0.362505 -1.352443 0.161245 0.161245 0.161245
vn -0.932580 0.345124 -0.105759
f 5629//5629 5630//5630 5631//5631
v -0.766965 0.377104 -1.378761 0.161245 0.161245 0.161245
vn -0.932574 0.345143 -0.105746
v -0.775352 0.362505 -1.352443 0.161245 0.161245 0.161245
vn -0.932574 0.345143 -0.105746
v -0.766965 0.385167 -1.352443 0.161245 0.161245 0.161245
vn -0.932574 0.345143 -0.105746
f 5632//5632 5633//5633 5634//5634
v -0.766965 0.355073 -1.306862 0.161245 0.161245 0.161245
vn -0.917111 0.090949 0.388118
v -0.775352 0.343741 -1.324025 0.161245 0.161245 0.161245
vn -0.917111 0.090949 0.388118
v -0.775352 0.324978 -1.319628 0.161245 0.161245 0.161245
vn -0.917111 0.090949 0.388118
f 5635//5635 5636//5636 5637//5637
v -0.766965 0.355073 -1.306862 0.161245 0.161245 0.161245
vn -0.917110 0.090948 0.388120
v -0.775352 0.324978 -1.319628 0.161245 0.161245 0.161245
vn -0.917110 0.090948 0.388120
v -0.766965 0.324978 -1.299809 0.161245 0.161245 0.161245
vn -0.917110 0.090948 0.388120
f 5638//5638 5639//5639 5640//5640
v -0.766965 0.272852 -1.326127 0.161245 0.161245 0.161245
vn -0.932580 -0.345121 0.105765
v -0.775352 0.292479 -1.336036 0.161245 0.161245 0.161245
vn -0.932580 -0.345121 0.105765
v -0.775352 0.287451 -1.352443 0.161245 0.161245 0.161245
vn -0.932580 -0.345121 0.105765
f 5641//5641 5642//5642 5643//5643
v -0.766965 0.272852 -1.326127 0.161245 0.161245 0.161245
vn -0.932573 -0.345143 0.105751
v -0.775352 0.287451 -1.352443 0.161245 0.161245 0.161245
vn -0.932573 -0.345143 0.105751
v -0.766965 0.264789 -1.352443 0.161245 0.161245 0.161245
vn -0.932573 -0.345143 0.105751
f 5644//5644 5645//5645 5646//5646
v -0.775352 0.343741 -1.380864 0.161245 0.161245 0.161245
vn -0.925473 0.181370 -0.332572
v -0.773674 0.350414 -1.381894 0.161245 0.161245 0.161245
vn -0.925473 0.181370 -0.332572
v -0.768641 0.357213 -1.392191 0.161245 0.161245 0.161245
vn -0.925473 0.181370 -0.332572
f 5647//5647 5648//5648 5649//5649
v -0.775352 0.343741 -1.380864 0.161245 0.161245 0.161245
vn -0.925490 0.181458 -0.332477
v -0.768641 0.357213 -1.392191 0.161245 0.161245 0.161245
vn -0.925490 0.181458 -0.332477
v -0.766965 0.355073 -1.398026 0.161245 0.161245 0.161245
vn -0.925490 0.181458 -0.332477
f 5650//5650 5651//5651 5652//5652
v -0.766965 0.294883 -1.398026 0.161245 0.161245 0.161245
vn -0.917100 -0.090934 -0.388147
v -0.775352 0.306215 -1.380864 0.161245 0.161245 0.161245
vn -0.917100 -0.090934 -0.388147
v -0.775352 0.324978 -1.385260 0.161245 0.161245 0.161245
vn -0.917100 -0.090934 -0.388147
f 5653//5653 5654//5654 5655//5655
v -0.766965 0.294883 -1.398026 0.161245 0.161245 0.161245
vn -0.917110 -0.090948 -0.388120
v -0.775352 0.324978 -1.385260 0.161245 0.161245 0.161245
vn -0.917110 -0.090948 -0.388120
v -0.766965 0.324978 -1.405078 0.161245 0.161245 0.161245
vn -0.917110 -0.090948 -0.388120
f 5656//5656 5657//5657 5658//5658
v -0.766965 0.355073 -1.306862 0.161245 0.161245 0.161245
vn -0.925478 0.181499 0.332489
v -0.768641 0.357213 -1.312696 0.161245 0.161245 0.161245
vn -0.925478 0.181499 0.332489
v -0.773674 0.350414 -1.322994 0.161245 0.161245 0.161245
vn -0.925478 0.181499 0.332489
f 5659//5659 5660//5660 5661//5661
v -0.766965 0.355073 -1.306862 0.161245 0.161245 0.161245
vn -0.925492 0.181325 0.332545
v -0.773674 0.350414 -1.322994 0.161245 0.161245 0.161245
vn -0.925492 0.181325 0.332545
v -0.775352 0.343741 -1.324025 0.161245 0.161245 0.161245
vn -0.925492 0.181325 0.332545
f 5662//5662 5663//5663 5664//5664
v -0.766965 0.294883 -1.306862 0.161245 0.161245 0.161245
vn -0.871822 -0.322424 0.368740
v -0.768641 0.292744 -1.312696 0.161245 0.161245 0.161245
vn -0.871822 -0.322424 0.368740
v -0.768641 0.279524 -1.324255 0.161245 0.161245 0.161245
vn -0.871822 -0.322424 0.368740
f 5665//5665 5666//5666 5667//5667
v -0.766965 0.294883 -1.306862 0.161245 0.161245 0.161245
vn -0.871747 -0.322529 0.368826
v -0.768641 0.279524 -1.324255 0.161245 0.161245 0.161245
vn -0.871747 -0.322529 0.368826
v -0.766965 0.272852 -1.326127 0.161245 0.161245 0.161245
vn -0.871747 -0.322529 0.368826
f 5668//5668 5669//5669 5670//5670
v -0.763612 0.290834 -1.293892 0.161245 0.161245 0.161245
vn 0.000000 -0.228124 0.973632
v -0.731887 0.290834 -1.293892 0.161245 0.161245 0.161245
vn 0.000000 -0.228124 0.973632
v -0.731887 0.316727 -1.287825 0.161245 0.161245 0.161245
vn 0.000000 -0.228124 0.973632
f 5671//5671 5672//5672 5673//5673
v -0.763612 0.290834 -1.293892 0.161245 0.161245 0.161245
vn 0.000000 -0.228124 0.973632
v -0.731887 0.316727 -1.287825 0.161245 0.161245 0.161245
vn 0.000000 -0.228124 0.973632
v -0.763612 0.316727 -1.287825 0.161245 0.161245 0.161245
vn 0.000000 -0.228124 0.973632
f 5674//5674 5675//5675 5676//5676
v -0.766965 0.324978 -1.299809 0.161245 0.161245 0.161245
vn -0.919074 -0.393835 -0.014052
v -0.763612 0.316727 -1.287825 0.161245 0.161245 0.161245
vn -0.919074 -0.393835 -0.014052
v -0.764240 0.314237 -1.176994 0.161245 0.161245 0.161245
vn -0.919074 -0.393835 -0.014052
f 5677//5677 5678//5678 5679//5679
v -0.766965 0.324978 -1.299809 0.161245 0.161245 0.161245
vn -0.999526 -0.023261 0.020142
v -0.764240 0.314237 -1.176994 0.161245 0.161245 0.161245
vn -0.999526 -0.023261 0.020142
v -0.764240 0.324978 -1.164590 0.161245 0.161245 0.161245
vn -0.999526 -0.023261 0.020142
f 5680//5680 5681//5681 5682//5682
v -0.766965 0.294883 -1.306862 0.161245 0.161245 0.161245
vn -0.970738 -0.054782 0.233810
v -0.763612 0.290834 -1.293892 0.161245 0.161245 0.161245
vn -0.970738 -0.054782 0.233810
v -0.763612 0.316727 -1.287825 0.161245 0.161245 0.161245
vn -0.970738 -0.054782 0.233810
f 5683//5683 5684//5684 5685//5685
v -0.766965 0.294883 -1.306862 0.161245 0.161245 0.161245
vn -0.970735 -0.054791 0.233819
v -0.763612 0.316727 -1.287825 0.161245 0.161245 0.161245
vn -0.970735 -0.054791 0.233819
v -0.766965 0.324978 -1.299809 0.161245 0.161245 0.161245
vn -0.970735 -0.054791 0.233819
f 5686//5686 5687//5687 5688//5688
v -0.764240 0.217568 -1.189758 0.161245 0.161245 0.161245
vn -0.999900 -0.007991 -0.011646
v -0.764240 0.228309 -1.197129 0.161245 0.161245 0.161245
vn -0.999900 -0.007991 -0.011646
v -0.763612 0.290834 -1.293892 0.161245 0.161245 0.161245
vn -0.999900 -0.007991 -0.011646
f 5689//5689 5690//5690 5691//5691
v -0.764240 0.217568 -1.189758 0.161245 0.161245 0.161245
vn -0.772174 0.521856 0.362511
v -0.763612 0.290834 -1.293892 0.161245 0.161245 0.161245
vn -0.772174 0.521856 0.362511
v -0.766965 0.294883 -1.306862 0.161245 0.161245 0.161245
vn -0.772174 0.521856 0.362511
f 5692//5692 5693//5693 5694//5694
v -0.763612 0.398872 -1.359659 0.161245 0.161245 0.161245
vn 0.000000 0.956123 -0.292966
v -0.731887 0.398872 -1.359659 0.161245 0.161245 0.161245
vn 0.000000 0.956123 -0.292966
v -0.731887 0.391934 -1.382302 0.161245 0.161245 0.161245
vn 0.000000 0.956123 -0.292966
f 5695//5695 5696//5696 5697//5697
v -0.763612 0.398872 -1.359659 0.161245 0.161245 0.161245
vn 0.000000 0.956123 -0.292966
v -0.731887 0.391934 -1.382302 0.161245 0.161245 0.161245
vn 0.000000 0.956123 -0.292966
v -0.763612 0.391934 -1.382302 0.161245 0.161245 0.161245
vn 0.000000 0.956123 -0.292966
f 5698//5698 5699//5699 5700//5700
v -0.764240 0.324978 -1.164590 0.161245 0.161245 0.161245
vn -0.999964 -0.006371 -0.005517
v -0.764240 0.335719 -1.176994 0.161245 0.161245 0.161245
vn -0.999964 -0.006371 -0.005517
v -0.763612 0.333229 -1.287825 0.161245 0.161245 0.161245
vn -0.999964 -0.006371 -0.005517
f 5701//5701 5702//5702 5703//5703
v -0.764240 0.324978 -1.164590 0.161245 0.161245 0.161245
vn -0.935536 0.352729 0.018853
v -0.763612 0.333229 -1.287825 0.161245 0.161245 0.161245
vn -0.935536 0.352729 0.018853
v -0.766965 0.324978 -1.299809 0.161245 0.161245 0.161245
vn -0.935536 0.352729 0.018853
f 5704//5704 5705//5705 5706//5706
v -0.764240 0.432388 -1.189758 0.161245 0.161245 0.161245
vn -1.000000 0.000000 0.000000
v -0.764240 0.421647 -1.197129 0.161245 0.161245 0.161245
vn -1.000000 0.000000 0.000000
v -0.764240 0.335719 -1.176994 0.161245 0.161245 0.161245
vn -1.000000 0.000000 0.000000
f 5707//5707 5708//5708 5709//5709
v -0.764240 0.432388 -1.189758 0.161245 0.161245 0.161245
vn -1.000000 0.000000 0.000000
v -0.764240 0.335719 -1.176994 0.161245 0.161245 0.161245
vn -1.000000 0.000000 0.000000
v -0.764240 0.324978 -1.164590 0.161245 0.161245 0.161245
vn -1.000000 0.000000 0.000000
f 5710//5710 5711//5711 5712//5712
v -0.766965 0.355073 -1.306862 0.161245 0.161245 0.161245
vn -0.728227 -0.577767 0.368607
v -0.763612 0.359122 -1.293892 0.161245 0.161245 0.161245
vn -0.728227 -0.577767 0.368607
v -0.764240 0.421647 -1.197129 0.161245 0.161245 0.161245
vn -0.728227 -0.577767 0.368607
f 5713//5713 5714//5714 5715//5715
v -0.766965 0.355073 -1.306862 0.161245 0.161245 0.161245
vn -0.998672 -0.029152 0.042485
v -0.764240 0.421647 -1.197129 0.161245 0.161245 0.161245
vn -0.998672 -0.029152 0.042485
v -0.764240 0.432388 -1.189758 0.161245 0.161245 0.161245
vn -0.998672 -0.029152 0.042485
f 5716//5716 5717//5717 5718//5718
v -0.763612 0.251085 -1.345228 0.161245 0.161245 0.161245
vn 0.000000 -0.956123 0.292966
v -0.731887 0.251085 -1.345228 0.161245 0.161245 0.161245
vn 0.000000 -0.956123 0.292966
v -0.731887 0.258022 -1.322586 0.161245 0.161245 0.161245
vn 0.000000 -0.956123 0.292966
f 5719//5719 5720//5720 5721//5721
v -0.763612 0.251085 -1.345228 0.161245 0.161245 0.161245
vn 0.000000 -0.956123 0.292966
v -0.731887 0.258022 -1.322586 0.161245 0.161245 0.161245
vn 0.000000 -0.956123 0.292966
v -0.763612 0.258022 -1.322586 0.161245 0.161245 0.161245
vn 0.000000 -0.956123 0.292966
f 5722//5722 5723//5723 5724//5724
v -0.764240 0.432388 -1.189758 0.161245 0.161245 0.161245
vn -0.999965 -0.008313 -0.000882
v -0.764240 0.433723 -1.202343 0.161245 0.161245 0.161245
vn -0.999965 -0.008313 -0.000882
v -0.763612 0.368399 -1.297897 0.161245 0.161245 0.161245
vn -0.999965 -0.008313 -0.000882
f 5725//5725 5726//5726 5727//5727
v -0.764240 0.432388 -1.189758 0.161245 0.161245 0.161245
vn -0.895818 0.380180 -0.230160
v -0.763612 0.368399 -1.297897 0.161245 0.161245 0.161245
vn -0.895818 0.380180 -0.230160
v -0.766965 0.355073 -1.306862 0.161245 0.161245 0.161245
vn -0.895818 0.380180 -0.230160
f 5728//5728 5729//5729 5730//5730
v -0.766965 0.355073 -1.306862 0.161245 0.161245 0.161245
vn -0.977459 0.138980 0.158930
v -0.763612 0.368399 -1.297897 0.161245 0.161245 0.161245
vn -0.977459 0.138980 0.158930
v -0.763612 0.387354 -1.314473 0.161245 0.161245 0.161245
vn -0.977459 0.138980 0.158930
f 5731//5731 5732//5732 5733//5733
v -0.766965 0.355073 -1.306862 0.161245 0.161245 0.161245
vn -0.977459 0.138980 0.158930
v -0.763612 0.387354 -1.314473 0.161245 0.161245 0.161245
vn -0.977459 0.138980 0.158930
v -0.766965 0.377104 -1.326127 0.161245 0.161245 0.161245
vn -0.977459 0.138980 0.158930
f 5734//5734 5735//5735 5736//5736
v -0.764240 0.511017 -1.258517 0.161245 0.161245 0.161245
vn -1.000000 0.000000 0.000000
v -0.764240 0.496626 -1.257350 0.161245 0.161245 0.161245
vn -1.000000 0.000000 0.000000
v -0.764240 0.433723 -1.202343 0.161245 0.161245 0.161245
vn -1.000000 0.000000 0.000000
f 5737//5737 5738//5738 5739//5739
v -0.764240 0.511017 -1.258517 0.161245 0.161245 0.161245
vn -1.000000 0.000000 0.000000
v -0.764240 0.433723 -1.202343 0.161245 0.161245 0.161245
vn -1.000000 0.000000 0.000000
v -0.764240 0.432388 -1.189758 0.161245 0.161245 0.161245
vn -1.000000 0.000000 0.000000
f 5740//5740 5741//5741 5742//5742
v -0.763612 0.398872 -1.345228 0.161245 0.161245 0.161245
vn 0.000000 -0.017172 0.999853
v -0.731887 0.398872 -1.345228 0.161245 0.161245 0.161245
vn 0.000000 -0.017172 0.999853
v -0.722942 0.525613 -1.343052 0.161245 0.161245 0.161245
vn 0.000000 -0.017172 0.999853
f 5743//5743 5744//5744 5745//5745
v -0.763612 0.398872 -1.345228 0.161245 0.161245 0.161245
vn 0.000000 -0.017172 0.999853
v -0.722942 0.525613 -1.343052 0.161245 0.161245 0.161245
vn 0.000000 -0.017172 0.999853
v -0.764240 0.525613 -1.343052 0.161245 0.161245 0.161245
vn 0.000000 -0.017172 0.999853
f 5746//5746 5747//5747 5748//5748
v -0.766965 0.377104 -1.326127 0.161245 0.161245 0.161245
vn -0.976582 0.205707 0.063031
v -0.763612 0.391934 -1.322586 0.161245 0.161245 0.161245
vn -0.976582 0.205707 0.063031
v -0.763612 0.398872 -1.345228 0.161245 0.161245 0.161245
vn -0.976582 0.205707 0.063031
f 5749//5749 5750//5750 5751//5751
v -0.766965 0.377104 -1.326127 0.161245 0.161245 0.161245
vn -0.976583 0.205704 0.063027
v -0.763612 0.398872 -1.345228 0.161245 0.161245 0.161245
vn -0.976583 0.205704 0.063027
v -0.766965 0.385167 -1.352443 0.161245 0.161245 0.161245
vn -0.976583 0.205704 0.063027
f 5752//5752 5753//5753 5754//5754
v -0.764240 0.539796 -1.352443 0.161245 0.161245 0.161245
vn -1.000000 0.000000 0.000000
v -0.764240 0.525613 -1.343052 0.161245 0.161245 0.161245
vn -1.000000 0.000000 0.000000
v -0.764240 0.502588 -1.267910 0.161245 0.161245 0.161245
vn -1.000000 0.000000 0.000000
f 5755//5755 5756//5756 5757//5757
v -0.764240 0.539796 -1.352443 0.161245 0.161245 0.161245
vn -1.000000 0.000000 0.000000
v -0.764240 0.502588 -1.267910 0.161245 0.161245 0.161245
vn -1.000000 0.000000 0.000000
v -0.764240 0.511017 -1.258517 0.161245 0.161245 0.161245
vn -1.000000 0.000000 0.000000
f 5758//5758 5759//5759 5760//5760
v -0.766965 0.385167 -1.352443 0.161245 0.161245 0.161245
vn -0.897920 -0.012001 0.439994
v -0.763612 0.398872 -1.345228 0.161245 0.161245 0.161245
vn -0.897920 -0.012001 0.439994
v -0.764240 0.525613 -1.343052 0.161245 0.161245 0.161245
vn -0.897920 -0.012001 0.439994
f 5761//5761 5762//5762 5763//5763
v -0.766965 0.385167 -1.352443 0.161245 0.161245 0.161245
vn -0.999491 0.017613 0.026599
v -0.764240 0.525613 -1.343052 0.161245 0.161245 0.161245
vn -0.999491 0.017613 0.026599
v -0.764240 0.539796 -1.352443 0.161245 0.161245 0.161245
vn -0.999491 0.017613 0.026599
f 5764//5764 5765//5765 5766//5766
v -0.764240 0.314237 -1.176994 0.161245 0.161245 0.161245
vn 0.000000 0.228140 -0.973628
v -0.722942 0.314237 -1.176994 0.161245 0.161245 0.161245
vn 0.000000 0.228140 -0.973628
v -0.722942 0.228309 -1.197129 0.161245 0.161245 0.161245
vn 0.000000 0.228140 -0.973628
f 5767//5767 5768//5768 5769//5769
v -0.764240 0.314237 -1.176994 0.161245 0.161245 0.161245
vn 0.000000 0.228140 -0.973628
v -0.722942 0.228309 -1.197129 0.161245 0.161245 0.161245
vn 0.000000 0.228140 -0.973628
v -0.764240 0.228309 -1.197129 0.161245 0.161245 0.161245
vn 0.000000 0.228140 -0.973628
f 5770//5770 5771//5771 5772//5772
v -0.764240 0.432388 -1.515129 0.161245 0.161245 0.161245
vn -1.000000 0.000000 0.000000
v -0.764240 0.433723 -1.502545 0.161245 0.161245 0.161245
vn -1.000000 0.000000 0.000000
v -0.764240 0.496626 -1.447538 0.161245 0.161245 0.161245
vn -1.000000 0.000000 0.000000
f 5773//5773 5774//5774 5775//5775
v -0.764240 0.432388 -1.515129 0.161245 0.161245 0.161245
vn -1.000000 0.000000 0.000000
v -0.764240 0.496626 -1.447538 0.161245 0.161245 0.161245
vn -1.000000 0.000000 0.000000
v -0.764240 0.511017 -1.446371 0.161245 0.161245 0.161245
vn -1.000000 0.000000 0.000000
f 5776//5776 5777//5777 5778//5778
v -0.764240 0.511017 -1.446371 0.161245 0.161245 0.161245
vn -0.999955 -0.000771 0.009507
v -0.764240 0.496626 -1.447538 0.161245 0.161245 0.161245
vn -0.999955 -0.000771 0.009507
v -0.763612 0.387354 -1.390415 0.161245 0.161245 0.161245
vn -0.999955 -0.000771 0.009507
f 5779//5779 5780//5780 5781//5781
v -0.764240 0.511017 -1.446371 0.161245 0.161245 0.161245
vn -0.881867 -0.198079 -0.427872
v -0.763612 0.387354 -1.390415 0.161245 0.161245 0.161245
vn -0.881867 -0.198079 -0.427872
v -0.766965 0.377104 -1.378761 0.161245 0.161245 0.161245
vn -0.881867 -0.198079 -0.427872
f 5782//5782 5783//5783 5784//5784
v -0.766965 0.355073 -1.398026 0.161245 0.161245 0.161245
vn -0.865853 0.410346 0.286208
v -0.763612 0.368399 -1.406990 0.161245 0.161245 0.161245
vn -0.865853 0.410346 0.286208
v -0.764240 0.433723 -1.502545 0.161245 0.161245 0.161245
vn -0.865853 0.410346 0.286208
f 5785//5785 5786//5786 5787//5787
v -0.766965 0.355073 -1.398026 0.161245 0.161245 0.161245
vn -0.999534 0.030351 -0.003220
v -0.764240 0.433723 -1.502545 0.161245 0.161245 0.161245
vn -0.999534 0.030351 -0.003220
v -0.764240 0.432388 -1.515129 0.161245 0.161245 0.161245
vn -0.999534 0.030351 -0.003220
f 5788//5788 5789//5789 5790//5790
v -0.763612 0.262602 -1.390415 0.161245 0.161245 0.161245
vn 0.000000 0.463276 -0.886214
v -0.731887 0.262602 -1.390415 0.161245 0.161245 0.161245
vn 0.000000 0.463276 -0.886214
v -0.722942 0.153330 -1.447538 0.161245 0.161245 0.161245
vn 0.000000 0.463276 -0.886214
f 5791//5791 5792//5792 5793//5793
v -0.763612 0.262602 -1.390415 0.161245 0.161245 0.161245
vn 0.000000 0.463276 -0.886214
v -0.722942 0.153330 -1.447538 0.161245 0.161245 0.161245
vn 0.000000 0.463276 -0.886214
v -0.764240 0.153330 -1.447538 0.161245 0.161245 0.161245
vn 0.000000 0.463276 -0.886214
f 5794//5794 5795//5795 5796//5796
v -0.764240 0.539796 -1.352443 0.161245 0.161245 0.161245
vn -0.999962 -0.004825 0.007285
v -0.764240 0.525613 -1.361836 0.161245 0.161245 0.161245
vn -0.999962 -0.004825 0.007285
v -0.763612 0.398872 -1.359659 0.161245 0.161245 0.161245
vn -0.999962 -0.004825 0.007285
f 5797//5797 5798//5798 5799//5799
v -0.764240 0.539796 -1.352443 0.161245 0.161245 0.161245
vn -0.918185 0.016181 -0.395821
v -0.763612 0.398872 -1.359659 0.161245 0.161245 0.161245
vn -0.918185 0.016181 -0.395821
v -0.766965 0.385167 -1.352443 0.161245 0.161245 0.161245
vn -0.918185 0.016181 -0.395821
f 5800//5800 5801//5801 5802//5802
v -0.766965 0.385167 -1.352443 0.161245 0.161245 0.161245
vn -0.976584 0.205699 -0.063028
v -0.763612 0.398872 -1.359659 0.161245 0.161245 0.161245
vn -0.976584 0.205699 -0.063028
v -0.763612 0.391934 -1.382302 0.161245 0.161245 0.161245
vn -0.976584 0.205699 -0.063028
f 5803//5803 5804//5804 5805//5805
v -0.766965 0.385167 -1.352443 0.161245 0.161245 0.161245
vn -0.976582 0.205708 -0.063026
v -0.763612 0.391934 -1.382302 0.161245 0.161245 0.161245
vn -0.976582 0.205708 -0.063026
v -0.766965 0.377104 -1.378761 0.161245 0.161245 0.161245
vn -0.976582 0.205708 -0.063026
f 5806//5806 5807//5807 5808//5808
v -0.764240 0.511017 -1.446371 0.161245 0.161245 0.161245
vn -1.000000 0.000000 0.000000
v -0.764240 0.502588 -1.436978 0.161245 0.161245 0.161245
vn -1.000000 0.000000 0.000000
v -0.764240 0.525613 -1.361836 0.161245 0.161245 0.161245
vn -1.000000 0.000000 0.000000
f 5809//5809 5810//5810 5811//5811
v -0.764240 0.511017 -1.446371 0.161245 0.161245 0.161245
vn -1.000000 0.000000 0.000000
v -0.764240 0.525613 -1.361836 0.161245 0.161245 0.161245
vn -1.000000 0.000000 0.000000
v -0.764240 0.539796 -1.352443 0.161245 0.161245 0.161245
vn -1.000000 0.000000 0.000000
f 5812//5812 5813//5813 5814//5814
v -0.764240 0.502588 -1.436978 0.161245 0.161245 0.161245
vn 0.000000 -0.956121 0.292972
v -0.722942 0.502588 -1.436978 0.161245 0.161245 0.161245
vn 0.000000 -0.956121 0.292972
v -0.722942 0.525613 -1.361836 0.161245 0.161245 0.161245
vn 0.000000 -0.956121 0.292972
f 5815//5815 5816//5816 5817//5817
v -0.764240 0.502588 -1.436978 0.161245 0.161245 0.161245
vn 0.000000 -0.956121 0.292972
v -0.722942 0.525613 -1.361836 0.161245 0.161245 0.161245
vn 0.000000 -0.956121 0.292972
v -0.764240 0.525613 -1.361836 0.161245 0.161245 0.161245
vn 0.000000 -0.956121 0.292972
f 5818//5818 5819//5819 5820//5820
v -0.764240 0.432388 -1.515129 0.161245 0.161245 0.161245
vn -0.999900 0.007991 0.011646
v -0.764240 0.421647 -1.507759 0.161245 0.161245 0.161245
vn -0.999900 0.007991 0.011646
v -0.763612 0.359122 -1.410996 0.161245 0.161245 0.161245
vn -0.999900 0.007991 0.011646
f 5821//5821 5822//5822 5823//5823
v -0.764240 0.432388 -1.515129 0.161245 0.161245 0.161245
vn -0.772174 -0.521856 -0.362511
v -0.763612 0.359122 -1.410996 0.161245 0.161245 0.161245
vn -0.772174 -0.521856 -0.362511
v -0.766965 0.355073 -1.398026 0.161245 0.161245 0.161245
vn -0.772174 -0.521856 -0.362511
f 5824//5824 5825//5825 5826//5826
v -0.764240 0.324978 -1.540298 0.161245 0.161245 0.161245
vn -1.000000 0.000000 0.000000
v -0.764240 0.335719 -1.527894 0.161245 0.161245 0.161245
vn -1.000000 0.000000 0.000000
v -0.764240 0.421647 -1.507759 0.161245 0.161245 0.161245
vn -1.000000 0.000000 0.000000
f 5827//5827 5828//5828 5829//5829
v -0.764240 0.324978 -1.540298 0.161245 0.161245 0.161245
vn -1.000000 0.000000 0.000000
v -0.764240 0.421647 -1.507759 0.161245 0.161245 0.161245
vn -1.000000 0.000000 0.000000
v -0.764240 0.432388 -1.515129 0.161245 0.161245 0.161245
vn -1.000000 0.000000 0.000000
f 5830//5830 5831//5831 5832//5832
v -0.766965 0.324978 -1.405078 0.161245 0.161245 0.161245
vn -0.919074 0.393835 0.014052
v -0.763612 0.333229 -1.417062 0.161245 0.161245 0.161245
vn -0.919074 0.393835 0.014052
v -0.764240 0.335719 -1.527894 0.161245 0.161245 0.161245
vn -0.919074 0.393835 0.014052
f 5833//5833 5834//5834 5835//5835
v -0.766965 0.324978 -1.405078 0.161245 0.161245 0.161245
vn -0.999526 0.023261 -0.020142
v -0.764240 0.335719 -1.527894 0.161245 0.161245 0.161245
vn -0.999526 0.023261 -0.020142
v -0.764240 0.324978 -1.540298 0.161245 0.161245 0.161245
vn -0.999526 0.023261 -0.020142
f 5836//5836 5837//5837 5838//5838
v -0.764240 0.147368 -1.267910 0.161245 0.161245 0.161245
vn 0.000000 0.956126 -0.292957
v -0.722942 0.147368 -1.267910 0.161245 0.161245 0.161245
vn 0.000000 0.956126 -0.292957
v -0.722942 0.124344 -1.343052 0.161245 0.161245 0.161245
vn 0.000000 0.956126 -0.292957
f 5839//5839 5840//5840 5841//5841
v -0.764240 0.147368 -1.267910 0.161245 0.161245 0.161245
vn 0.000000 0.956126 -0.292957
v -0.722942 0.124344 -1.343052 0.161245 0.161245 0.161245
vn 0.000000 0.956126 -0.292957
v -0.764240 0.124344 -1.343052 0.161245 0.161245 0.161245
vn 0.000000 0.956126 -0.292957
f 5842//5842 5843//5843 5844//5844
v -0.764240 0.217568 -1.515129 0.161245 0.161245 0.161245
vn -1.000000 0.000000 0.000000
v -0.764240 0.228309 -1.507759 0.161245 0.161245 0.161245
vn -1.000000 0.000000 0.000000
v -0.764240 0.314237 -1.527894 0.161245 0.161245 0.161245
vn -1.000000 0.000000 0.000000
f 5845//5845 5846//5846 5847//5847
v -0.764240 0.217568 -1.515129 0.161245 0.161245 0.161245
vn -1.000000 0.000000 0.000000
v -0.764240 0.314237 -1.527894 0.161245 0.161245 0.161245
vn -1.000000 0.000000 0.000000
v -0.764240 0.324978 -1.540298 0.161245 0.161245 0.161245
vn -1.000000 0.000000 0.000000
f 5848//5848 5849//5849 5850//5850
v -0.766965 0.294883 -1.398026 0.161245 0.161245 0.161245
vn -0.728227 0.577767 -0.368607
v -0.763612 0.290834 -1.410996 0.161245 0.161245 0.161245
vn -0.728227 0.577767 -0.368607
v -0.764240 0.228309 -1.507759 0.161245 0.161245 0.161245
vn -0.728227 0.577767 -0.368607
f 5851//5851 5852//5852 5853//5853
v -0.766965 0.294883 -1.398026 0.161245 0.161245 0.161245
vn -0.998672 0.029152 -0.042485
v -0.764240 0.228309 -1.507759 0.161245 0.161245 0.161245
vn -0.998672 0.029152 -0.042485
v -0.764240 0.217568 -1.515129 0.161245 0.161245 0.161245
vn -0.998672 0.029152 -0.042485
f 5854//5854 5855//5855 5856//5856
v -0.764240 0.324978 -1.540298 0.161245 0.161245 0.161245
vn -0.999964 0.006371 0.005517
v -0.764240 0.314237 -1.527894 0.161245 0.161245 0.161245
vn -0.999964 0.006371 0.005517
v -0.763612 0.316727 -1.417062 0.161245 0.161245 0.161245
vn -0.999964 0.006371 0.005517
f 5857//5857 5858//5858 5859//5859
v -0.764240 0.324978 -1.540298 0.161245 0.161245 0.161245
vn -0.935536 -0.352729 -0.018853
v -0.763612 0.316727 -1.417062 0.161245 0.161245 0.161245
vn -0.935536 -0.352729 -0.018853
v -0.766965 0.324978 -1.405078 0.161245 0.161245 0.161245
vn -0.935536 -0.352729 -0.018853
f 5860//5860 5861//5861 5862//5862
v -0.764240 0.502588 -1.267910 0.161245 0.161245 0.161245
vn 0.000000 0.442988 -0.896528
v -0.722942 0.502588 -1.267910 0.161245 0.161245 0.161245
vn 0.000000 0.442988 -0.896528
v -0.731887 0.391934 -1.322586 0.161245 0.161245 0.161245
vn 0.000000 0.442988 -0.896528
f 5863//5863 5864//5864 5865//5865
v -0.764240 0.502588 -1.267910 0.161245 0.161245 0.161245
vn 0.000000 0.442988 -0.896528
v -0.731887 0.391934 -1.322586 0.161245 0.161245 0.161245
vn 0.000000 0.442988 -0.896528
v -0.763612 0.391934 -1.322586 0.161245 0.161245 0.161245
vn 0.000000 0.442988 -0.896528
f 5866//5866 5867//5867 5868//5868
v -0.766965 0.294883 -1.398026 0.161245 0.161245 0.161245
vn -0.977459 -0.138980 -0.158930
v -0.763612 0.281557 -1.406990 0.161245 0.161245 0.161245
vn -0.977459 -0.138980 -0.158930
v -0.763612 0.262602 -1.390415 0.161245 0.161245 0.161245
vn -0.977459 -0.138980 -0.158930
f 5869//5869 5870//5870 5871//5871
v -0.766965 0.294883 -1.398026 0.161245 0.161245 0.161245
vn -0.977459 -0.138980 -0.158930
v -0.763612 0.262602 -1.390415 0.161245 0.161245 0.161245
vn -0.977459 -0.138980 -0.158930
v -0.766965 0.272852 -1.378761 0.161245 0.161245 0.161245
vn -0.977459 -0.138980 -0.158930
f 5872//5872 5873//5873 5874//5874
v -0.764240 0.217568 -1.515129 0.161245 0.161245 0.161245
vn -0.999965 0.008313 0.000882
v -0.764240 0.216233 -1.502545 0.161245 0.161245 0.161245
vn -0.999965 0.008313 0.000882
v -0.763612 0.281557 -1.406990 0.161245 0.161245 0.161245
vn -0.999965 0.008313 0.000882
f 5875//5875 5876//5876 5877//5877
v -0.764240 0.217568 -1.515129 0.161245 0.161245 0.161245
vn -0.895818 -0.380180 0.230160
v -0.763612 0.281557 -1.406990 0.161245 0.161245 0.161245
vn -0.895818 -0.380180 0.230160
v -0.766965 0.294883 -1.398026 0.161245 0.161245 0.161245
vn -0.895818 -0.380180 0.230160
f 5878//5878 5879//5879 5880//5880
v -0.764240 0.138939 -1.446371 0.161245 0.161245 0.161245
vn -1.000000 0.000000 0.000000
v -0.764240 0.153330 -1.447538 0.161245 0.161245 0.161245
vn -1.000000 0.000000 0.000000
v -0.764240 0.216233 -1.502545 0.161245 0.161245 0.161245
vn -1.000000 0.000000 0.000000
f 5881//5881 5882//5882 5883//5883
v -0.764240 0.138939 -1.446371 0.161245 0.161245 0.161245
vn -1.000000 0.000000 0.000000
v -0.764240 0.216233 -1.502545 0.161245 0.161245 0.161245
vn -1.000000 0.000000 0.000000
v -0.764240 0.217568 -1.515129 0.161245 0.161245 0.161245
vn -1.000000 0.000000 0.000000
f 5884//5884 5885//5885 5886//5886
v -0.764240 0.216233 -1.502545 0.161245 0.161245 0.161245
vn 0.000000 -0.825532 0.564356
v -0.722942 0.216233 -1.502545 0.161245 0.161245 0.161245
vn 0.000000 -0.825532 0.564356
v -0.731887 0.281557 -1.406990 0.161245 0.161245 0.161245
vn 0.000000 -0.825532 0.564356
f 5887//5887 5888//5888 5889//5889
v -0.764240 0.216233 -1.502545 0.161245 0.161245 0.161245
vn 0.000000 -0.825532 0.564356
v -0.731887 0.281557 -1.406990 0.161245 0.161245 0.161245
vn 0.000000 -0.825532 0.564356
v -0.763612 0.281557 -1.406990 0.161245 0.161245 0.161245
vn 0.000000 -0.825532 0.564356
f 5890//5890 5891//5891 5892//5892
v -0.764240 0.138939 -1.446371 0.161245 0.161245 0.161245
vn -0.999906 0.010184 -0.009138
v -0.764240 0.147368 -1.436978 0.161245 0.161245 0.161245
vn -0.999906 0.010184 -0.009138
v -0.763612 0.258022 -1.382302 0.161245 0.161245 0.161245
vn -0.999906 0.010184 -0.009138
f 5893//5893 5894//5894 5895//5895
v -0.764240 0.138939 -1.446371 0.161245 0.161245 0.161245
vn -0.752482 -0.308971 0.581642
v -0.763612 0.258022 -1.382302 0.161245 0.161245 0.161245
vn -0.752482 -0.308971 0.581642
v -0.766965 0.272852 -1.378761 0.161245 0.161245 0.161245
vn -0.752482 -0.308971 0.581642
f 5896//5896 5897//5897 5898//5898
v -0.764240 0.110160 -1.352443 0.161245 0.161245 0.161245
vn -1.000000 0.000000 0.000000
v -0.764240 0.124344 -1.361836 0.161245 0.161245 0.161245
vn -1.000000 0.000000 0.000000
v -0.764240 0.147368 -1.436978 0.161245 0.161245 0.161245
vn -1.000000 0.000000 0.000000
f 5899//5899 5900//5900 5901//5901
v -0.764240 0.110160 -1.352443 0.161245 0.161245 0.161245
vn -1.000000 0.000000 0.000000
v -0.764240 0.147368 -1.436978 0.161245 0.161245 0.161245
vn -1.000000 0.000000 0.000000
v -0.764240 0.138939 -1.446371 0.161245 0.161245 0.161245
vn -1.000000 0.000000 0.000000
f 5902//5902 5903//5903 5904//5904
v -0.766965 0.264789 -1.352443 0.161245 0.161245 0.161245
vn -0.897947 0.012001 -0.439939
v -0.763612 0.251085 -1.359659 0.161245 0.161245 0.161245
vn -0.897947 0.012001 -0.439939
v -0.764240 0.124344 -1.361836 0.161245 0.161245 0.161245
vn -0.897947 0.012001 -0.439939
f 5905//5905 5906//5906 5907//5907
v -0.766965 0.264789 -1.352443 0.161245 0.161245 0.161245
vn -0.999491 -0.017613 -0.026599
v -0.764240 0.124344 -1.361836 0.161245 0.161245 0.161245
vn -0.999491 -0.017613 -0.026599
v -0.764240 0.110160 -1.352443 0.161245 0.161245 0.161245
vn -0.999491 -0.017613 -0.026599
f 5908//5908 5909//5909 5910//5910
v -0.763612 0.391934 -1.322586 0.161245 0.161245 0.161245
vn 0.000000 0.956123 0.292966
v -0.731887 0.391934 -1.322586 0.161245 0.161245 0.161245
vn 0.000000 0.956123 0.292966
v -0.731887 0.398872 -1.345228 0.161245 0.161245 0.161245
vn 0.000000 0.956123 0.292966
f 5911//5911 5912//5912 5913//5913
v -0.763612 0.391934 -1.322586 0.161245 0.161245 0.161245
vn 0.000000 0.956123 0.292966
v -0.731887 0.398872 -1.345228 0.161245 0.161245 0.161245
vn 0.000000 0.956123 0.292966
v -0.763612 0.398872 -1.345228 0.161245 0.161245 0.161245
vn 0.000000 0.956123 0.292966
f 5914//5914 5915//5915 5916//5916
v -0.766965 0.264789 -1.352443 0.161245 0.161245 0.161245
vn -0.976583 -0.205703 0.063029
v -0.763612 0.251085 -1.345228 0.161245 0.161245 0.161245
vn -0.976583 -0.205703 0.063029
v -0.763612 0.258022 -1.322586 0.161245 0.161245 0.161245
vn -0.976583 -0.205703 0.063029
f 5917//5917 5918//5918 5919//5919
v -0.766965 0.264789 -1.352443 0.161245 0.161245 0.161245
vn -0.976582 -0.205708 0.063028
v -0.763612 0.258022 -1.322586 0.161245 0.161245 0.161245
vn -0.976582 -0.205708 0.063028
v -0.766965 0.272852 -1.326127 0.161245 0.161245 0.161245
vn -0.976582 -0.205708 0.063028
f 5920//5920 5921//5921 5922//5922
v -0.764240 0.138939 -1.258517 0.161245 0.161245 0.161245
vn -1.000000 0.000000 0.000000
v -0.764240 0.147368 -1.267910 0.161245 0.161245 0.161245
vn -1.000000 0.000000 0.000000
v -0.764240 0.124344 -1.343052 0.161245 0.161245 0.161245
vn -1.000000 0.000000 0.000000
f 5923//5923 5924//5924 5925//5925
v -0.764240 0.138939 -1.258517 0.161245 0.161245 0.161245
vn -1.000000 0.000000 0.000000
v -0.764240 0.124344 -1.343052 0.161245 0.161245 0.161245
vn -1.000000 0.000000 0.000000
v -0.764240 0.110160 -1.352443 0.161245 0.161245 0.161245
vn -1.000000 0.000000 0.000000
f 5926//5926 5927//5927 5928//5928
v -0.766965 0.272852 -1.326127 0.161245 0.161245 0.161245
vn -0.703695 -0.311533 -0.638561
v -0.763612 0.258022 -1.322586 0.161245 0.161245 0.161245
vn -0.703695 -0.311533 -0.638561
v -0.764240 0.147368 -1.267910 0.161245 0.161245 0.161245
vn -0.703695 -0.311533 -0.638561
f 5929//5929 5930//5930 5931//5931
v -0.766965 0.272852 -1.326127 0.161245 0.161245 0.161245
vn -0.998753 -0.037155 -0.033339
v -0.764240 0.147368 -1.267910 0.161245 0.161245 0.161245
vn -0.998753 -0.037155 -0.033339
v -0.764240 0.138939 -1.258517 0.161245 0.161245 0.161245
vn -0.998753 -0.037155 -0.033339
f 5932//5932 5933//5933 5934//5934
v -0.763612 0.281557 -1.406990 0.161245 0.161245 0.161245
vn 0.000000 -0.658281 -0.752772
v -0.731887 0.281557 -1.406990 0.161245 0.161245 0.161245
vn 0.000000 -0.658281 -0.752772
v -0.731887 0.262602 -1.390415 0.161245 0.161245 0.161245
vn 0.000000 -0.658281 -0.752772
f 5935//5935 5936//5936 5937//5937
v -0.763612 0.281557 -1.406990 0.161245 0.161245 0.161245
vn 0.000000 -0.658281 -0.752772
v -0.731887 0.262602 -1.390415 0.161245 0.161245 0.161245
vn 0.000000 -0.658281 -0.752772
v -0.763612 0.262602 -1.390415 0.161245 0.161245 0.161245
vn 0.000000 -0.658281 -0.752772
f 5938//5938 5939//5939 5940//5940
v -0.764240 0.217568 -1.189758 0.161245 0.161245 0.161245
vn -1.000000 0.000000 0.000000
v -0.764240 0.216233 -1.202343 0.161245 0.161245 0.161245
vn -1.000000 0.000000 0.000000
v -0.764240 0.153330 -1.257350 0.161245 0.161245 0.161245
vn -1.000000 0.000000 0.000000
f 5941//5941 5942//5942 5943//5943
v -0.764240 0.217568 -1.189758 0.161245 0.161245 0.161245
vn -1.000000 0.000000 0.000000
v -0.764240 0.153330 -1.257350 0.161245 0.161245 0.161245
vn -1.000000 0.000000 0.000000
v -0.764240 0.138939 -1.258517 0.161245 0.161245 0.161245
vn -1.000000 0.000000 0.000000
f 5944//5944 5945//5945 5946//5946
v -0.766965 0.294883 -1.306862 0.161245 0.161245 0.161245
vn -0.865853 -0.410346 -0.286208
v -0.763612 0.281557 -1.297897 0.161245 0.161245 0.161245
vn -0.865853 -0.410346 -0.286208
v -0.764240 0.216233 -1.202343 0.161245 0.161245 0.161245
vn -0.865853 -0.410346 -0.286208
f 5947//5947 5948//5948 5949//5949
v -0.766965 0.294883 -1.306862 0.161245 0.161245 0.161245
vn -0.999534 -0.030351 0.003220
v -0.764240 0.216233 -1.202343 0.161245 0.161245 0.161245
vn -0.999534 -0.030351 0.003220
v -0.764240 0.217568 -1.189758 0.161245 0.161245 0.161245
vn -0.999534 -0.030351 0.003220
f 5950//5950 5951//5951 5952//5952
v -0.764240 0.138939 -1.258517 0.161245 0.161245 0.161245
vn -0.999955 0.000771 -0.009507
v -0.764240 0.153330 -1.257350 0.161245 0.161245 0.161245
vn -0.999955 0.000771 -0.009507
v -0.763612 0.262602 -1.314473 0.161245 0.161245 0.161245
vn -0.999955 0.000771 -0.009507
f 5953//5953 5954//5954 5955//5955
v -0.764240 0.138939 -1.258517 0.161245 0.161245 0.161245
vn -0.881867 0.198079 0.427872
v -0.763612 0.262602 -1.314473 0.161245 0.161245 0.161245
vn -0.881867 0.198079 0.427872
v -0.766965 0.272852 -1.326127 0.161245 0.161245 0.161245
vn -0.881867 0.198079 0.427872
f 5956//5956 5957//5957 5958//5958
v -0.764240 0.124344 -1.343052 0.161245 0.161245 0.161245
vn 0.000000 0.017172 0.999853
v -0.722942 0.124344 -1.343052 0.161245 0.161245 0.161245
vn 0.000000 0.017172 0.999853
v -0.731887 0.251085 -1.345228 0.161245 0.161245 0.161245
vn 0.000000 0.017172 0.999853
f 5959//5959 5960//5960 5961//5961
v -0.764240 0.124344 -1.343052 0.161245 0.161245 0.161245
vn 0.000000 0.017172 0.999853
v -0.731887 0.251085 -1.345228 0.161245 0.161245 0.161245
vn 0.000000 0.017172 0.999853
v -0.763612 0.251085 -1.345228 0.161245 0.161245 0.161245
vn 0.000000 0.017172 0.999853
f 5962//5962 5963//5963 5964//5964
v -0.764240 0.525613 -1.361836 0.161245 0.161245 0.161245
vn 0.000000 -0.017172 -0.999853
v -0.722942 0.525613 -1.361836 0.161245 0.161245 0.161245
vn 0.000000 -0.017172 -0.999853
v -0.731887 0.398872 -1.359659 0.161245 0.161245 0.161245
vn 0.000000 -0.017172 -0.999853
f 5965//5965 5966//5966 5967//5967
v -0.764240 0.525613 -1.361836 0.161245 0.161245 0.161245
vn 0.000000 -0.017172 -0.999853
v -0.731887 0.398872 -1.359659 0.161245 0.161245 0.161245
vn 0.000000 -0.017172 -0.999853
v -0.763612 0.398872 -1.359659 0.161245 0.161245 0.161245
vn 0.000000 -0.017172 -0.999853
f 5968//5968 5969//5969 5970//5970
v -0.764240 0.228309 -1.197129 0.161245 0.161245 0.161245
vn 0.000000 0.839916 0.542717
v -0.722942 0.228309 -1.197129 0.161245 0.161245 0.161245
vn 0.000000 0.839916 0.542717
v -0.731887 0.290834 -1.293892 0.161245 0.161245 0.161245
vn 0.000000 0.839916 0.542717
f 5971//5971 5972//5972 5973//5973
v -0.764240 0.228309 -1.197129 0.161245 0.161245 0.161245
vn 0.000000 0.839916 0.542717
v -0.731887 0.290834 -1.293892 0.161245 0.161245 0.161245
vn 0.000000 0.839916 0.542717
v -0.763612 0.290834 -1.293892 0.161245 0.161245 0.161245
vn 0.000000 0.839916 0.542717
f 5974//5974 5975//5975 5976//5976
v -0.764240 0.228309 -1.507759 0.161245 0.161245 0.161245
vn 0.000000 0.228140 0.973628
v -0.722942 0.228309 -1.507759 0.161245 0.161245 0.161245
vn 0.000000 0.228140 0.973628
v -0.722942 0.314237 -1.527894 0.161245 0.161245 0.161245
vn 0.000000 0.228140 0.973628
f 5977//5977 5978//5978 5979//5979
v -0.764240 0.228309 -1.507759 0.161245 0.161245 0.161245
vn 0.000000 0.228140 0.973628
v -0.722942 0.314237 -1.527894 0.161245 0.161245 0.161245
vn 0.000000 0.228140 0.973628
v -0.764240 0.314237 -1.527894 0.161245 0.161245 0.161245
vn 0.000000 0.228140 0.973628
f 5980//5980 5981//5981 5982//5982
v -0.763612 0.258022 -1.322586 0.161245 0.161245 0.161245
vn 0.000000 -0.442988 -0.896528
v -0.731887 0.258022 -1.322586 0.161245 0.161245 0.161245
vn 0.000000 -0.442988 -0.896528
v -0.722942 0.147368 -1.267910 0.161245 0.161245 0.161245
vn 0.000000 -0.442988 -0.896528
f 5983//5983 5984//5984 5985//5985
v -0.763612 0.258022 -1.322586 0.161245 0.161245 0.161245
vn 0.000000 -0.442988 -0.896528
v -0.722942 0.147368 -1.267910 0.161245 0.161245 0.161245
vn 0.000000 -0.442988 -0.896528
v -0.764240 0.147368 -1.267910 0.161245 0.161245 0.161245
vn 0.000000 -0.442988 -0.896528
f 5986//5986 5987//5987 5988//5988
v -0.764240 0.496626 -1.257350 0.161245 0.161245 0.161245
vn 0.000000 -0.658281 -0.752772
v -0.722942 0.496626 -1.257350 0.161245 0.161245 0.161245
vn 0.000000 -0.658281 -0.752772
v -0.722942 0.433723 -1.202343 0.161245 0.161245 0.161245
vn 0.000000 -0.658281 -0.752772
f 5989//5989 5990//5990 5991//5991
v -0.764240 0.496626 -1.257350 0.161245 0.161245 0.161245
vn 0.000000 -0.658281 -0.752772
v -0.722942 0.433723 -1.202343 0.161245 0.161245 0.161245
vn 0.000000 -0.658281 -0.752772
v -0.764240 0.433723 -1.202343 0.161245 0.161245 0.161245
vn 0.000000 -0.658281 -0.752772
f 5992//5992 5993//5993 5994//5994
v -0.763612 0.391934 -1.382302 0.161245 0.161245 0.161245
vn 0.000000 0.442988 0.896528
v -0.731887 0.391934 -1.382302 0.161245 0.161245 0.161245
vn 0.000000 0.442988 0.896528
v -0.722942 0.502588 -1.436978 0.161245 0.161245 0.161245
vn 0.000000 0.442988 0.896528
f 5995//5995 5996//5996 5997//5997
v -0.763612 0.391934 -1.382302 0.161245 0.161245 0.161245
vn 0.000000 0.442988 0.896528
v -0.722942 0.502588 -1.436978 0.161245 0.161245 0.161245
vn 0.000000 0.442988 0.896528
v -0.764240 0.502588 -1.436978 0.161245 0.161245 0.161245
vn 0.000000 0.442988 0.896528
f 5998//5998 5999//5999 6000//6000
v -0.763612 0.316727 -1.287825 0.161245 0.161245 0.161245
vn 0.000000 -0.999748 -0.022465
v -0.731887 0.316727 -1.287825 0.161245 0.161245 0.161245
vn 0.000000 -0.999748 -0.022465
v -0.722942 0.314237 -1.176994 0.161245 0.161245 0.161245
vn 0.000000 -0.999748 -0.022465
f 6001//6001 6002//6002 6003//6003
v -0.763612 0.316727 -1.287825 0.161245 0.161245 0.161245
vn 0.000000 -0.999748 -0.022465
v -0.722942 0.314237 -1.176994 0.161245 0.161245 0.161245
vn 0.000000 -0.999748 -0.022465
v -0.764240 0.314237 -1.176994 0.161245 0.161245 0.161245
vn 0.000000 -0.999748 -0.022465
f 6004//6004 6005//6005 6006//6006
v -0.763612 0.316727 -1.417062 0.161245 0.161245 0.161245
vn 0.000000 -0.228124 -0.973632
v -0.731887 0.316727 -1.417062 0.161245 0.161245 0.161245
vn 0.000000 -0.228124 -0.973632
v -0.731887 0.290834 -1.410996 0.161245 0.161245 0.161245
vn 0.000000 -0.228124 -0.973632
f 6007//6007 6008//6008 6009//6009
v -0.763612 0.316727 -1.417062 0.161245 0.161245 0.161245
vn 0.000000 -0.228124 -0.973632
v -0.731887 0.290834 -1.410996 0.161245 0.161245 0.161245
vn 0.000000 -0.228124 -0.973632
v -0.763612 0.290834 -1.410996 0.161245 0.161245 0.161245
vn 0.000000 -0.228124 -0.973632
f 6010//6010 6011//6011 6012//6012
v -0.763612 0.368399 -1.297897 0.161245 0.161245 0.161245
vn 0.000000 0.658281 0.752772
v -0.731887 0.368399 -1.297897 0.161245 0.161245 0.161245
vn 0.000000 0.658281 0.752772
v -0.731887 0.387354 -1.314473 0.161245 0.161245 0.161245
vn 0.000000 0.658281 0.752772
f 6013//6013 6014//6014 6015//6015
v -0.763612 0.368399 -1.297897 0.161245 0.161245 0.161245
vn 0.000000 0.658281 0.752772
v -0.731887 0.387354 -1.314473 0.161245 0.161245 0.161245
vn 0.000000 0.658281 0.752772
v -0.763612 0.387354 -1.314473 0.161245 0.161245 0.161245
vn 0.000000 0.658281 0.752772
f 6016//6016 6017//6017 6018//6018
v -0.763612 0.290834 -1.410996 0.161245 0.161245 0.161245
vn 0.000000 0.839916 -0.542717
v -0.731887 0.290834 -1.410996 0.161245 0.161245 0.161245
vn 0.000000 0.839916 -0.542717
v -0.722942 0.228309 -1.507759 0.161245 0.161245 0.161245
vn 0.000000 0.839916 -0.542717
f 6019//6019 6020//6020 6021//6021
v -0.763612 0.290834 -1.410996 0.161245 0.161245 0.161245
vn 0.000000 0.839916 -0.542717
v -0.722942 0.228309 -1.507759 0.161245 0.161245 0.161245
vn 0.000000 0.839916 -0.542717
v -0.764240 0.228309 -1.507759 0.161245 0.161245 0.161245
vn 0.000000 0.839916 -0.542717
f 6022//6022 6023//6023 6024//6024
v -0.763612 0.387354 -1.314473 0.161245 0.161245 0.161245
vn 0.000000 -0.463276 0.886214
v -0.731887 0.387354 -1.314473 0.161245 0.161245 0.161245
vn 0.000000 -0.463276 0.886214
v -0.722942 0.496626 -1.257350 0.161245 0.161245 0.161245
vn 0.000000 -0.463276 0.886214
f 6025//6025 6026//6026 6027//6027
v -0.763612 0.387354 -1.314473 0.161245 0.161245 0.161245
vn 0.000000 -0.463276 0.886214
v -0.722942 0.496626 -1.257350 0.161245 0.161245 0.161245
vn 0.000000 -0.463276 0.886214
v -0.764240 0.496626 -1.257350 0.161245 0.161245 0.161245
vn 0.000000 -0.463276 0.886214
f 6028//6028 6029//6029 6030//6030
v -0.764240 0.124344 -1.361836 0.161245 0.161245 0.161245
vn 0.000000 0.956126 0.292957
v -0.722942 0.124344 -1.361836 0.161245 0.161245 0.161245
vn 0.000000 0.956126 0.292957
v -0.722942 0.147368 -1.436978 0.161245 0.161245 0.161245
vn 0.000000 0.956126 0.292957
f 6031//6031 6032//6032 6033//6033
v -0.764240 0.124344 -1.361836 0.161245 0.161245 0.161245
vn 0.000000 0.956126 0.292957
v -0.722942 0.147368 -1.436978 0.161245 0.161245 0.161245
vn 0.000000 0.956126 0.292957
v -0.764240 0.147368 -1.436978 0.161245 0.161245 0.161245
vn 0.000000 0.956126 0.292957
f 6034//6034 6035//6035 6036//6036
v -0.764240 0.433723 -1.502545 0.161245 0.161245 0.161245
vn 0.000000 -0.658281 0.752772
v -0.722942 0.433723 -1.502545 0.161245 0.161245 0.161245
vn 0.000000 -0.658281 0.752772
v -0.722942 0.496626 -1.447538 0.161245 0.161245 0.161245
vn 0.000000 -0.658281 0.752772
f 6037//6037 6038//6038 6039//6039
v -0.764240 0.433723 -1.502545 0.161245 0.161245 0.161245
vn 0.000000 -0.658281 0.752772
v -0.722942 0.496626 -1.447538 0.161245 0.161245 0.161245
vn 0.000000 -0.658281 0.752772
v -0.764240 0.496626 -1.447538 0.161245 0.161245 0.161245
vn 0.000000 -0.658281 0.752772
f 6040//6040 6041//6041 6042//6042
v -0.764240 0.314237 -1.527894 0.161245 0.161245 0.161245
vn 0.000000 -0.999748 0.022465
v -0.722942 0.314237 -1.527894 0.161245 0.161245 0.161245
vn 0.000000 -0.999748 0.022465
v -0.731887 0.316727 -1.417062 0.161245 0.161245 0.161245
vn 0.000000 -0.999748 0.022465
f 6043//6043 6044//6044 6045//6045
v -0.764240 0.314237 -1.527894 0.161245 0.161245 0.161245
vn 0.000000 -0.999748 0.022465
v -0.731887 0.316727 -1.417062 0.161245 0.161245 0.161245
vn 0.000000 -0.999748 0.022465
v -0.763612 0.316727 -1.417062 0.161245 0.161245 0.161245
vn 0.000000 -0.999748 0.022465
f 6046//6046 6047//6047 6048//6048
v -0.764240 0.433723 -1.202343 0.161245 0.161245 0.161245
vn 0.000000 0.825532 -0.564356
v -0.722942 0.433723 -1.202343 0.161245 0.161245 0.161245
vn 0.000000 0.825532 -0.564356
v -0.731887 0.368399 -1.297897 0.161245 0.161245 0.161245
vn 0.000000 0.825532 -0.564356
f 6049//6049 6050//6050 6051//6051
v -0.764240 0.433723 -1.202343 0.161245 0.161245 0.161245
vn 0.000000 0.825532 -0.564356
v -0.731887 0.368399 -1.297897 0.161245 0.161245 0.161245
vn 0.000000 0.825532 -0.564356
v -0.763612 0.368399 -1.297897 0.161245 0.161245 0.161245
vn 0.000000 0.825532 -0.564356
f 6052//6052 6053//6053 6054//6054
v -0.763612 0.258022 -1.382302 0.161245 0.161245 0.161245
vn 0.000000 -0.956123 -0.292966
v -0.731887 0.258022 -1.382302 0.161245 0.161245 0.161245
vn 0.000000 -0.956123 -0.292966
v -0.731887 0.251085 -1.359659 0.161245 0.161245 0.161245
vn 0.000000 -0.956123 -0.292966
f 6055//6055 6056//6056 6057//6057
v -0.763612 0.258022 -1.382302 0.161245 0.161245 0.161245
vn 0.000000 -0.956123 -0.292966
v -0.731887 0.251085 -1.359659 0.161245 0.161245 0.161245
vn 0.000000 -0.956123 -0.292966
v -0.763612 0.251085 -1.359659 0.161245 0.161245 0.161245
vn 0.000000 -0.956123 -0.292966
f 6058//6058 6059//6059 6060//6060
v -0.763612 0.387354 -1.390415 0.161245 0.161245 0.161245
vn 0.000000 0.658281 -0.752772
v -0.731887 0.387354 -1.390415 0.161245 0.161245 0.161245
vn 0.000000 0.658281 -0.752772
v -0.731887 0.368399 -1.406990 0.161245 0.161245 0.161245
vn 0.000000 0.658281 -0.752772
f 6061//6061 6062//6062 6063//6063
v -0.763612 0.387354 -1.390415 0.161245 0.161245 0.161245
vn 0.000000 0.658281 -0.752772
v -0.731887 0.368399 -1.406990 0.161245 0.161245 0.161245
vn 0.000000 0.658281 -0.752772
v -0.763612 0.368399 -1.406990 0.161245 0.161245 0.161245
vn 0.000000 0.658281 -0.752772
f 6064//6064 6065//6065 6066//6066
v -0.764240 0.147368 -1.436978 0.161245 0.161245 0.161245
vn 0.000000 -0.442988 0.896528
v -0.722942 0.147368 -1.436978 0.161245 0.161245 0.161245
vn 0.000000 -0.442988 0.896528
v -0.731887 0.258022 -1.382302 0.161245 0.161245 0.161245
vn 0.000000 -0.442988 0.896528
f 6067//6067 6068//6068 6069//6069
v -0.764240 0.147368 -1.436978 0.161245 0.161245 0.161245
vn 0.000000 -0.442988 0.896528
v -0.731887 0.258022 -1.382302 0.161245 0.161245 0.161245
vn 0.000000 -0.442988 0.896528
v -0.763612 0.258022 -1.382302 0.161245 0.161245 0.161245
vn 0.000000 -0.442988 0.896528
f 6070//6070 6071//6071 6072//6072
v -0.764240 0.496626 -1.447538 0.161245 0.161245 0.161245
vn 0.000000 -0.463276 -0.886214
v -0.722942 0.496626 -1.447538 0.161245 0.161245 0.161245
vn 0.000000 -0.463276 -0.886214
v -0.731887 0.387354 -1.390415 0.161245 0.161245 0.161245
vn 0.000000 -0.463276 -0.886214
f 6073//6073 6074//6074 6075//6075
v -0.764240 0.496626 -1.447538 0.161245 0.161245 0.161245
vn 0.000000 -0.463276 -0.886214
v -0.731887 0.387354 -1.390415 0.161245 0.161245 0.161245
vn 0.000000 -0.463276 -0.886214
v -0.763612 0.387354 -1.390415 0.161245 0.161245 0.161245
vn 0.000000 -0.463276 -0.886214
f 6076//6076 6077//6077 6078//6078
v -0.764240 0.216233 -1.202343 0.161245 0.161245 0.161245
vn 0.000000 0.658281 -0.752772
v -0.722942 0.216233 -1.202343 0.161245 0.161245 0.161245
vn 0.000000 0.658281 -0.752772
v -0.722942 0.153330 -1.257350 0.161245 0.161245 0.161245
vn 0.000000 0.658281 -0.752772
f 6079//6079 6080//6080 6081//6081
v -0.764240 0.216233 -1.202343 0.161245 0.161245 0.161245
vn 0.000000 0.658281 -0.752772
v -0.722942 0.153330 -1.257350 0.161245 0.161245 0.161245
vn 0.000000 0.658281 -0.752772
v -0.764240 0.153330 -1.257350 0.161245 0.161245 0.161245
vn 0.000000 0.658281 -0.752772
f 6082//6082 6083//6083 6084//6084
v -0.764240 0.335719 -1.527894 0.161245 0.161245 0.161245
vn 0.000000 -0.228140 0.973628
v -0.722942 0.335719 -1.527894 0.161245 0.161245 0.161245
vn 0.000000 -0.228140 0.973628
v -0.722942 0.421647 -1.507759 0.161245 0.161245 0.161245
vn 0.000000 -0.228140 0.973628
f 6085//6085 6086//6086 6087//6087
v -0.764240 0.335719 -1.527894 0.161245 0.161245 0.161245
vn 0.000000 -0.228140 0.973628
v -0.722942 0.421647 -1.507759 0.161245 0.161245 0.161245
vn 0.000000 -0.228140 0.973628
v -0.764240 0.421647 -1.507759 0.161245 0.161245 0.161245
vn 0.000000 -0.228140 0.973628
f 6088//6088 6089//6089 6090//6090
v -0.763612 0.251085 -1.359659 0.161245 0.161245 0.161245
vn 0.000000 0.017172 -0.999853
v -0.731887 0.251085 -1.359659 0.161245 0.161245 0.161245
vn 0.000000 0.017172 -0.999853
v -0.722942 0.124344 -1.361836 0.161245 0.161245 0.161245
vn 0.000000 0.017172 -0.999853
f 6091//6091 6092//6092 6093//6093
v -0.763612 0.251085 -1.359659 0.161245 0.161245 0.161245
vn 0.000000 0.017172 -0.999853
v -0.722942 0.124344 -1.361836 0.161245 0.161245 0.161245
vn 0.000000 0.017172 -0.999853
v -0.764240 0.124344 -1.361836 0.161245 0.161245 0.161245
vn 0.000000 0.017172 -0.999853
f 6094//6094 6095//6095 6096//6096
v -0.764240 0.421647 -1.197129 0.161245 0.161245 0.161245
vn 0.000000 -0.228140 -0.973628
v -0.722942 0.421647 -1.197129 0.161245 0.161245 0.161245
vn 0.000000 -0.228140 -0.973628
v -0.722942 0.335719 -1.176994 0.161245 0.161245 0.161245
vn 0.000000 -0.228140 -0.973628
f 6097//6097 6098//6098 6099//6099
v -0.764240 0.421647 -1.197129 0.161245 0.161245 0.161245
vn 0.000000 -0.228140 -0.973628
v -0.722942 0.335719 -1.176994 0.161245 0.161245 0.161245
vn 0.000000 -0.228140 -0.973628
v -0.764240 0.335719 -1.176994 0.161245 0.161245 0.161245
vn 0.000000 -0.228140 -0.973628
f 6100//6100 6101//6101 6102//6102
v -0.763612 0.368399 -1.406990 0.161245 0.161245 0.161245
vn 0.000000 0.825532 0.564356
v -0.731887 0.368399 -1.406990 0.161245 0.161245 0.161245
vn 0.000000 0.825532 0.564356
v -0.722942 0.433723 -1.502545 0.161245 0.161245 0.161245
vn 0.000000 0.825532 0.564356
f 6103//6103 6104//6104 6105//6105
v -0.763612 0.368399 -1.406990 0.161245 0.161245 0.161245
vn 0.000000 0.825532 0.564356
v -0.722942 0.433723 -1.502545 0.161245 0.161245 0.161245
vn 0.000000 0.825532 0.564356
v -0.764240 0.433723 -1.502545 0.161245 0.161245 0.161245
vn 0.000000 0.825532 0.564356
f 6106//6106 6107//6107 6108//6108
v -0.763612 0.262602 -1.314473 0.161245 0.161245 0.161245
vn 0.000000 -0.658281 0.752772
v -0.731887 0.262602 -1.314473 0.161245 0.161245 0.161245
vn 0.000000 -0.658281 0.752772
v -0.731887 0.281557 -1.297897 0.161245 0.161245 0.161245
vn 0.000000 -0.658281 0.752772
f 6109//6109 6110//6110 6111//6111
v -0.763612 0.262602 -1.314473 0.161245 0.161245 0.161245
vn 0.000000 -0.658281 0.752772
v -0.731887 0.281557 -1.297897 0.161245 0.161245 0.161245
vn 0.000000 -0.658281 0.752772
v -0.763612 0.281557 -1.297897 0.161245 0.161245 0.161245
vn 0.000000 -0.658281 0.752772
f 6112//6112 6113//6113 6114//6114
v -0.763612 0.359122 -1.410996 0.161245 0.161245 0.161245
vn 0.000000 0.228124 -0.973632
v -0.731887 0.359122 -1.410996 0.161245 0.161245 0.161245
vn 0.000000 0.228124 -0.973632
v -0.731887 0.333229 -1.417062 0.161245 0.161245 0.161245
vn 0.000000 0.228124 -0.973632
f 6115//6115 6116//6116 6117//6117
v -0.763612 0.359122 -1.410996 0.161245 0.161245 0.161245
vn 0.000000 0.228124 -0.973632
v -0.731887 0.333229 -1.417062 0.161245 0.161245 0.161245
vn 0.000000 0.228124 -0.973632
v -0.763612 0.333229 -1.417062 0.161245 0.161245 0.161245
vn 0.000000 0.228124 -0.973632
f 6118//6118 6119//6119 6120//6120
v -0.763612 0.333229 -1.287825 0.161245 0.161245 0.161245
vn 0.000000 0.228124 0.973632
v -0.731887 0.333229 -1.287825 0.161245 0.161245 0.161245
vn 0.000000 0.228124 0.973632
v -0.731887 0.359122 -1.293892 0.161245 0.161245 0.161245
vn 0.000000 0.228124 0.973632
f 6121//6121 6122//6122 6123//6123
v -0.763612 0.333229 -1.287825 0.161245 0.161245 0.161245
vn 0.000000 0.228124 0.973632
v -0.731887 0.359122 -1.293892 0.161245 0.161245 0.161245
vn 0.000000 0.228124 0.973632
v -0.763612 0.359122 -1.293892 0.161245 0.161245 0.161245
vn 0.000000 0.228124 0.973632
f 6124//6124 6125//6125 6126//6126
v -0.763612 0.281557 -1.297897 0.161245 0.161245 0.161245
vn 0.000000 -0.825532 -0.564356
v -0.731887 0.281557 -1.297897 0.161245 0.161245 0.161245
vn 0.000000 -0.825532 -0.564356
v -0.722942 0.216233 -1.202343 0.161245 0.161245 0.161245
vn 0.000000 -0.825532 -0.564356
f 6127//6127 6128//6128 6129//6129
v -0.763612 0.281557 -1.297897 0.161245 0.161245 0.161245
vn 0.000000 -0.825532 -0.564356
v -0.722942 0.216233 -1.202343 0.161245 0.161245 0.161245
vn 0.000000 -0.825532 -0.564356
v -0.764240 0.216233 -1.202343 0.161245 0.161245 0.161245
vn 0.000000 -0.825532 -0.564356
f 6130//6130 6131//6131 6132//6132
v -0.764240 0.421647 -1.507759 0.161245 0.161245 0.161245
vn 0.000000 -0.839916 -0.542717
v -0.722942 0.421647 -1.507759 0.161245 0.161245 0.161245
vn 0.000000 -0.839916 -0.542717
v -0.731887 0.359122 -1.410996 0.161245 0.161245 0.161245
vn 0.000000 -0.839916 -0.542717
f 6133//6133 6134//6134 6135//6135
v -0.764240 0.421647 -1.507759 0.161245 0.161245 0.161245
vn 0.000000 -0.839916 -0.542717
v -0.731887 0.359122 -1.410996 0.161245 0.161245 0.161245
vn 0.000000 -0.839916 -0.542717
v -0.763612 0.359122 -1.410996 0.161245 0.161245 0.161245
vn 0.000000 -0.839916 -0.542717
f 6136//6136 6137//6137 6138//6138
v -0.764240 0.335719 -1.176994 0.161245 0.161245 0.161245
vn 0.000000 0.999748 -0.022465
v -0.722942 0.335719 -1.176994 0.161245 0.161245 0.161245
vn 0.000000 0.999748 -0.022465
v -0.731887 0.333229 -1.287825 0.161245 0.161245 0.161245
vn 0.000000 0.999748 -0.022465
f 6139//6139 6140//6140 6141//6141
v -0.764240 0.335719 -1.176994 0.161245 0.161245 0.161245
vn 0.000000 0.999748 -0.022465
v -0.731887 0.333229 -1.287825 0.161245 0.161245 0.161245
vn 0.000000 0.999748 -0.022465
v -0.763612 0.333229 -1.287825 0.161245 0.161245 0.161245
vn 0.000000 0.999748 -0.022465
f 6142//6142 6143//6143 6144//6144
v -0.764240 0.153330 -1.447538 0.161245 0.161245 0.161245
vn 0.000000 0.658281 0.752772
v -0.722942 0.153330 -1.447538 0.161245 0.161245 0.161245
vn 0.000000 0.658281 0.752772
v -0.722942 0.216233 -1.502545 0.161245 0.161245 0.161245
vn 0.000000 0.658281 0.752772
f 6145//6145 6146//6146 6147//6147
v -0.764240 0.153330 -1.447538 0.161245 0.161245 0.161245
vn 0.000000 0.658281 0.752772
v -0.722942 0.216233 -1.502545 0.161245 0.161245 0.161245
vn 0.000000 0.658281 0.752772
v -0.764240 0.216233 -1.502545 0.161245 0.161245 0.161245
vn 0.000000 0.658281 0.752772
f 6148//6148 6149//6149 6150//6150
v -0.764240 0.153330 -1.257350 0.161245 0.161245 0.161245
vn 0.000000 0.463276 0.886214
v -0.722942 0.153330 -1.257350 0.161245 0.161245 0.161245
vn 0.000000 0.463276 0.886214
v -0.731887 0.262602 -1.314473 0.161245 0.161245 0.161245
vn 0.000000 0.463276 0.886214
f 6151//6151 6152//6152 6153//6153
v -0.764240 0.153330 -1.257350 0.161245 0.161245 0.161245
vn 0.000000 0.463276 0.886214
v -0.731887 0.262602 -1.314473 0.161245 0.161245 0.161245
vn 0.000000 0.463276 0.886214
v -0.763612 0.262602 -1.314473 0.161245 0.161245 0.161245
vn 0.000000 0.463276 0.886214
f 6154//6154 6155//6155 6156//6156
v -0.764240 0.525613 -1.343052 0.161245 0.161245 0.161245
vn 0.000000 -0.956121 -0.292972
v -0.722942 0.525613 -1.343052 0.161245 0.161245 0.161245
vn 0.000000 -0.956121 -0.292972
v -0.722942 0.502588 -1.267910 0.161245 0.161245 0.161245
vn 0.000000 -0.956121 -0.292972
f 6157//6157 6158//6158 6159//6159
v -0.764240 0.525613 -1.343052 0.161245 0.161245 0.161245
vn 0.000000 -0.956121 -0.292972
v -0.722942 0.502588 -1.267910 0.161245 0.161245 0.161245
vn 0.000000 -0.956121 -0.292972
v -0.764240 0.502588 -1.267910 0.161245 0.161245 0.161245
vn 0.000000 -0.956121 -0.292972
f 6160//6160 6161//6161 6162//6162
v -0.763612 0.333229 -1.417062 0.161245 0.161245 0.161245
vn 0.000000 0.999748 0.022465
v -0.731887 0.333229 -1.417062 0.161245 0.161245 0.161245
vn 0.000000 0.999748 0.022465
v -0.722942 0.335719 -1.527894 0.161245 0.161245 0.161245
vn 0.000000 0.999748 0.022465
f 6163//6163 6164//6164 6165//6165
v -0.763612 0.333229 -1.417062 0.161245 0.161245 0.161245
vn 0.000000 0.999748 0.022465
v -0.722942 0.335719 -1.527894 0.161245 0.161245 0.161245
vn 0.000000 0.999748 0.022465
v -0.764240 0.335719 -1.527894 0.161245 0.161245 0.161245
vn 0.000000 0.999748 0.022465
f 6166//6166 6167//6167 6168//6168
v -0.763612 0.359122 -1.293892 0.161245 0.161245 0.161245
vn 0.000000 -0.839916 0.542717
v -0.731887 0.359122 -1.293892 0.161245 0.161245 0.161245
vn 0.000000 -0.839916 0.542717
v -0.722942 0.421647 -1.197129 0.161245 0.161245 0.161245
vn 0.000000 -0.839916 0.542717
f 6169//6169 6170//6170 6171//6171
v -0.763612 0.359122 -1.293892 0.161245 0.161245 0.161245
vn 0.000000 -0.839916 0.542717
v -0.722942 0.421647 -1.197129 0.161245 0.161245 0.161245
vn 0.000000 -0.839916 0.542717
v -0.764240 0.421647 -1.197129 0.161245 0.161245 0.161245
vn 0.000000 -0.839916 0.542717
f 6172//6172 6173//6173 6174//6174
v -0.768641 0.292744 -1.312696 0.161245 0.161245 0.161245
vn 0.000000 0.658246 -0.752803
v -0.751396 0.292744 -1.312696 0.161245 0.161245 0.161245
vn 0.000000 0.658246 -0.752803
v -0.751396 0.279524 -1.324255 0.161245 0.161245 0.161245
vn 0.000000 0.658246 -0.752803
f 6175//6175 6176//6176 6177//6177
v -0.768641 0.292744 -1.312696 0.161245 0.161245 0.161245
vn 0.000000 0.658246 -0.752803
v -0.751396 0.279524 -1.324255 0.161245 0.161245 0.161245
vn 0.000000 0.658246 -0.752803
v -0.768641 0.279524 -1.324255 0.161245 0.161245 0.161245
vn 0.000000 0.658246 -0.752803
f 6178//6178 6179//6179 6180//6180
v -0.775352 0.306215 -1.324025 0.161245 0.161245 0.161245
vn -0.925471 -0.181309 0.332611
v -0.773674 0.299542 -1.322994 0.161245 0.161245 0.161245
vn -0.925471 -0.181309 0.332611
v -0.768641 0.292744 -1.312696 0.161245 0.161245 0.161245
vn -0.925471 -0.181309 0.332611
f 6181//6181 6182//6182 6183//6183
v -0.775352 0.306215 -1.324025 0.161245 0.161245 0.161245
vn -0.925496 -0.181438 0.332472
v -0.768641 0.292744 -1.312696 0.161245 0.161245 0.161245
vn -0.925496 -0.181438 0.332472
v -0.766965 0.294883 -1.306862 0.161245 0.161245 0.161245
vn -0.925496 -0.181438 0.332472
f 6184//6184 6185//6185 6186//6186
v -0.766965 0.272852 -1.326127 0.161245 0.161245 0.161245
vn -0.932933 -0.293099 0.209116
v -0.768641 0.279524 -1.324255 0.161245 0.161245 0.161245
vn -0.932933 -0.293099 0.209116
v -0.773674 0.291302 -1.330202 0.161245 0.161245 0.161245
vn -0.932933 -0.293099 0.209116
f 6187//6187 6188//6188 6189//6189
v -0.766965 0.272852 -1.326127 0.161245 0.161245 0.161245
vn -0.932936 -0.293106 0.209090
v -0.773674 0.291302 -1.330202 0.161245 0.161245 0.161245
vn -0.932936 -0.293106 0.209090
v -0.775352 0.292479 -1.336036 0.161245 0.161245 0.161245
vn -0.932936 -0.293106 0.209090
f 6190//6190 6191//6191 6192//6192
v -0.775352 0.292479 -1.336036 0.161245 0.161245 0.161245
vn -0.951125 -0.203298 0.232445
v -0.773674 0.291302 -1.330202 0.161245 0.161245 0.161245
vn -0.951125 -0.203298 0.232445
v -0.773674 0.299542 -1.322994 0.161245 0.161245 0.161245
vn -0.951125 -0.203298 0.232445
f 6193//6193 6194//6194 6195//6195
v -0.775352 0.292479 -1.336036 0.161245 0.161245 0.161245
vn -0.951143 -0.203244 0.232418
v -0.773674 0.299542 -1.322994 0.161245 0.161245 0.161245
vn -0.951143 -0.203244 0.232418
v -0.775352 0.306215 -1.324025 0.161245 0.161245 0.161245
vn -0.951143 -0.203244 0.232418
f 6196//6196 6197//6197 6198//6198
v -0.768641 0.357213 -1.312696 0.161245 0.161245 0.161245
vn 0.000000 0.834526 -0.550969
v -0.751396 0.357213 -1.312696 0.161245 0.161245 0.161245
vn 0.000000 0.834526 -0.550969
v -0.756428 0.350414 -1.322994 0.161245 0.161245 0.161245
vn 0.000000 0.834526 -0.550969
f 6199//6199 6200//6200 6201//6201
v -0.768641 0.357213 -1.312696 0.161245 0.161245 0.161245
vn 0.000000 0.834526 -0.550969
v -0.756428 0.350414 -1.322994 0.161245 0.161245 0.161245
vn 0.000000 0.834526 -0.550969
v -0.773674 0.350414 -1.322994 0.161245 0.161245 0.161245
vn 0.000000 0.834526 -0.550969
f 6202//6202 6203//6203 6204//6204
v -0.775352 0.306215 -1.380864 0.161245 0.161245 0.161245
vn -0.951129 -0.203273 -0.232452
v -0.773674 0.299542 -1.381894 0.161245 0.161245 0.161245
vn -0.951129 -0.203273 -0.232452
v -0.773674 0.291302 -1.374687 0.161245 0.161245 0.161245
vn -0.951129 -0.203273 -0.232452
f 6205//6205 6206//6206 6207//6207
v -0.775352 0.306215 -1.380864 0.161245 0.161245 0.161245
vn -0.951141 -0.203259 -0.232415
v -0.773674 0.291302 -1.374687 0.161245 0.161245 0.161245
vn -0.951141 -0.203259 -0.232415
v -0.775352 0.292479 -1.368852 0.161245 0.161245 0.161245
vn -0.951141 -0.203259 -0.232415
f 6208//6208 6209//6209 6210//6210
v -0.766965 0.272852 -1.378761 0.161245 0.161245 0.161245
vn -0.871726 -0.322536 -0.368868
v -0.768641 0.279524 -1.380633 0.161245 0.161245 0.161245
vn -0.871726 -0.322536 -0.368868
v -0.768641 0.292744 -1.392191 0.161245 0.161245 0.161245
vn -0.871726 -0.322536 -0.368868
f 6211//6211 6212//6212 6213//6213
v -0.766965 0.272852 -1.378761 0.161245 0.161245 0.161245
vn -0.871804 -0.322462 -0.368749
v -0.768641 0.292744 -1.392191 0.161245 0.161245 0.161245
vn -0.871804 -0.322462 -0.368749
v -0.766965 0.294883 -1.398026 0.161245 0.161245 0.161245
vn -0.871804 -0.322462 -0.368749
f 6214//6214 6215//6215 6216//6216
v -0.775352 0.292479 -1.368852 0.161245 0.161245 0.161245
vn -0.932932 -0.293157 -0.209040
v -0.773674 0.291302 -1.374687 0.161245 0.161245 0.161245
vn -0.932932 -0.293157 -0.209040
v -0.768641 0.279524 -1.380633 0.161245 0.161245 0.161245
vn -0.932932 -0.293157 -0.209040
f 6217//6217 6218//6218 6219//6219
v -0.775352 0.292479 -1.368852 0.161245 0.161245 0.161245
vn -0.932935 -0.293097 -0.209107
v -0.768641 0.279524 -1.380633 0.161245 0.161245 0.161245
vn -0.932935 -0.293097 -0.209107
v -0.766965 0.272852 -1.378761 0.161245 0.161245 0.161245
vn -0.932935 -0.293097 -0.209107
f 6220//6220 6221//6221 6222//6222
v -0.768641 0.370432 -1.380632 0.161245 0.161245 0.161245
vn 0.000000 -0.450625 -0.892713
v -0.751396 0.370432 -1.380632 0.161245 0.161245 0.161245
vn 0.000000 -0.450625 -0.892713
v -0.756428 0.358656 -1.374687 0.161245 0.161245 0.161245
vn 0.000000 -0.450625 -0.892713
f 6223//6223 6224//6224 6225//6225
v -0.768641 0.370432 -1.380632 0.161245 0.161245 0.161245
vn 0.000000 -0.450625 -0.892713
v -0.756428 0.358656 -1.374687 0.161245 0.161245 0.161245
vn 0.000000 -0.450625 -0.892713
v -0.773674 0.358656 -1.374687 0.161245 0.161245 0.161245
vn 0.000000 -0.450625 -0.892713
f 6226//6226 6227//6227 6228//6228
v -0.775352 0.357477 -1.368852 0.161245 0.161245 0.161245
vn -0.951161 0.203190 -0.232391
v -0.773674 0.358656 -1.374687 0.161245 0.161245 0.161245
vn -0.951161 0.203190 -0.232391
v -0.773674 0.350414 -1.381894 0.161245 0.161245 0.161245
vn -0.951161 0.203190 -0.232391
f 6229//6229 6230//6230 6231//6231
v -0.775352 0.357477 -1.368852 0.161245 0.161245 0.161245
vn -0.951132 0.203277 -0.232435
v -0.773674 0.350414 -1.381894 0.161245 0.161245 0.161245
vn -0.951132 0.203277 -0.232435
v -0.775352 0.343741 -1.380864 0.161245 0.161245 0.161245
vn -0.951132 0.203277 -0.232435
f 6232//6232 6233//6233 6234//6234
v -0.766965 0.377104 -1.378761 0.161245 0.161245 0.161245
vn -0.932906 0.293094 -0.209242
v -0.768641 0.370432 -1.380632 0.161245 0.161245 0.161245
vn -0.932906 0.293094 -0.209242
v -0.773674 0.358656 -1.374687 0.161245 0.161245 0.161245
vn -0.932906 0.293094 -0.209242
f 6235//6235 6236//6236 6237//6237
v -0.766965 0.377104 -1.378761 0.161245 0.161245 0.161245
vn -0.932943 0.293165 -0.208979
v -0.773674 0.358656 -1.374687 0.161245 0.161245 0.161245
vn -0.932943 0.293165 -0.208979
v -0.775352 0.357477 -1.368852 0.161245 0.161245 0.161245
vn -0.932943 0.293165 -0.208979
f 6238//6238 6239//6239 6240//6240
v -0.766965 0.355073 -1.398026 0.161245 0.161245 0.161245
vn -0.871804 0.322462 -0.368749
v -0.768641 0.357213 -1.392191 0.161245 0.161245 0.161245
vn -0.871804 0.322462 -0.368749
v -0.768641 0.370432 -1.380632 0.161245 0.161245 0.161245
vn -0.871804 0.322462 -0.368749
f 6241//6241 6242//6242 6243//6243
v -0.766965 0.355073 -1.398026 0.161245 0.161245 0.161245
vn -0.871804 0.322462 -0.368749
v -0.768641 0.370432 -1.380632 0.161245 0.161245 0.161245
vn -0.871804 0.322462 -0.368749
v -0.766965 0.377104 -1.378761 0.161245 0.161245 0.161245
vn -0.871804 0.322462 -0.368749
f 6244//6244 6245//6245 6246//6246
v -0.773674 0.358654 -1.330202 0.161245 0.161245 0.161245
vn 0.000000 -0.450718 0.892666
v -0.756428 0.358654 -1.330202 0.161245 0.161245 0.161245
vn 0.000000 -0.450718 0.892666
v -0.751396 0.370432 -1.324255 0.161245 0.161245 0.161245
vn 0.000000 -0.450718 0.892666
f 6247//6247 6248//6248 6249//6249
v -0.773674 0.358654 -1.330202 0.161245 0.161245 0.161245
vn 0.000000 -0.450718 0.892666
v -0.751396 0.370432 -1.324255 0.161245 0.161245 0.161245
vn 0.000000 -0.450718 0.892666
v -0.768641 0.370432 -1.324255 0.161245 0.161245 0.161245
vn 0.000000 -0.450718 0.892666
f 6250//6250 6251//6251 6252//6252
v -0.775352 0.343741 -1.324025 0.161245 0.161245 0.161245
vn -0.951149 0.203250 0.232390
v -0.773674 0.350414 -1.322994 0.161245 0.161245 0.161245
vn -0.951149 0.203250 0.232390
v -0.773674 0.358654 -1.330202 0.161245 0.161245 0.161245
vn -0.951149 0.203250 0.232390
f 6253//6253 6254//6254 6255//6255
v -0.775352 0.343741 -1.324025 0.161245 0.161245 0.161245
vn -0.951129 0.203273 0.232452
v -0.773674 0.358654 -1.330202 0.161245 0.161245 0.161245
vn -0.951129 0.203273 0.232452
v -0.775352 0.357477 -1.336036 0.161245 0.161245 0.161245
vn -0.951129 0.203273 0.232452
f 6256//6256 6257//6257 6258//6258
v -0.766965 0.377104 -1.326127 0.161245 0.161245 0.161245
vn -0.871726 0.322536 0.368868
v -0.768641 0.370432 -1.324255 0.161245 0.161245 0.161245
vn -0.871726 0.322536 0.368868
v -0.768641 0.357213 -1.312696 0.161245 0.161245 0.161245
vn -0.871726 0.322536 0.368868
f 6259//6259 6260//6260 6261//6261
v -0.766965 0.377104 -1.326127 0.161245 0.161245 0.161245
vn -0.871804 0.322462 0.368749
v -0.768641 0.357213 -1.312696 0.161245 0.161245 0.161245
vn -0.871804 0.322462 0.368749
v -0.766965 0.355073 -1.306862 0.161245 0.161245 0.161245
vn -0.871804 0.322462 0.368749
f 6262//6262 6263//6263 6264//6264
v -0.775352 0.357477 -1.336036 0.161245 0.161245 0.161245
vn -0.932934 0.293114 0.209088
v -0.773674 0.358654 -1.330202 0.161245 0.161245 0.161245
vn -0.932934 0.293114 0.209088
v -0.768641 0.370432 -1.324255 0.161245 0.161245 0.161245
vn -0.932934 0.293114 0.209088
f 6265//6265 6266//6266 6267//6267
v -0.775352 0.357477 -1.336036 0.161245 0.161245 0.161245
vn -0.932935 0.293097 0.209107
v -0.768641 0.370432 -1.324255 0.161245 0.161245 0.161245
vn -0.932935 0.293097 0.209107
v -0.766965 0.377104 -1.326127 0.161245 0.161245 0.161245
vn -0.932935 0.293097 0.209107
f 6268//6268 6269//6269 6270//6270
v -0.768641 0.279524 -1.380633 0.161245 0.161245 0.161245
vn 0.000000 0.658246 0.752803
v -0.751396 0.279524 -1.380633 0.161245 0.161245 0.161245
vn 0.000000 0.658246 0.752803
v -0.751396 0.292744 -1.392191 0.161245 0.161245 0.161245
vn 0.000000 0.658246 0.752803
f 6271//6271 6272//6272 6273//6273
v -0.768641 0.279524 -1.380633 0.161245 0.161245 0.161245
vn 0.000000 0.658246 0.752803
v -0.751396 0.292744 -1.392191 0.161245 0.161245 0.161245
vn 0.000000 0.658246 0.752803
v -0.768641 0.292744 -1.392191 0.161245 0.161245 0.161245
vn 0.000000 0.658246 0.752803
f 6274//6274 6275//6275 6276//6276
v -0.773674 0.291302 -1.330202 0.161245 0.161245 0.161245
vn 0.000000 -0.658337 0.752723
v -0.756428 0.291302 -1.330202 0.161245 0.161245 0.161245
vn 0.000000 -0.658337 0.752723
v -0.756428 0.299542 -1.322994 0.161245 0.161245 0.161245
vn 0.000000 -0.658337 0.752723
f 6277//6277 6278//6278 6279//6279
v -0.773674 0.291302 -1.330202 0.161245 0.161245 0.161245
vn 0.000000 -0.658337 0.752723
v -0.756428 0.299542 -1.322994 0.161245 0.161245 0.161245
vn 0.000000 -0.658337 0.752723
v -0.773674 0.299542 -1.322994 0.161245 0.161245 0.161245
vn 0.000000 -0.658337 0.752723
f 6280//6280 6281//6281 6282//6282
v -0.768641 0.357213 -1.392191 0.161245 0.161245 0.161245
vn 0.000000 -0.658281 0.752772
v -0.751396 0.357213 -1.392191 0.161245 0.161245 0.161245
vn 0.000000 -0.658281 0.752772
v -0.751396 0.370432 -1.380632 0.161245 0.161245 0.161245
vn 0.000000 -0.658281 0.752772
f 6283//6283 6284//6284 6285//6285
v -0.768641 0.357213 -1.392191 0.161245 0.161245 0.161245
vn 0.000000 -0.658281 0.752772
v -0.751396 0.370432 -1.380632 0.161245 0.161245 0.161245
vn 0.000000 -0.658281 0.752772
v -0.768641 0.370432 -1.380632 0.161245 0.161245 0.161245
vn 0.000000 -0.658281 0.752772
f 6286//6286 6287//6287 6288//6288
v -0.773674 0.299542 -1.381894 0.161245 0.161245 0.161245
vn 0.000000 -0.658281 -0.752772
v -0.756428 0.299542 -1.381894 0.161245 0.161245 0.161245
vn 0.000000 -0.658281 -0.752772
v -0.756428 0.291302 -1.374687 0.161245 0.161245 0.161245
vn 0.000000 -0.658281 -0.752772
f 6289//6289 6290//6290 6291//6291
v -0.773674 0.299542 -1.381894 0.161245 0.161245 0.161245
vn 0.000000 -0.658281 -0.752772
v -0.756428 0.291302 -1.374687 0.161245 0.161245 0.161245
vn 0.000000 -0.658281 -0.752772
v -0.773674 0.291302 -1.374687 0.161245 0.161245 0.161245
vn 0.000000 -0.658281 -0.752772
f 6292//6292 6293//6293 6294//6294
v -0.768641 0.370432 -1.324255 0.161245 0.161245 0.161245
vn 0.000000 -0.658246 -0.752803
v -0.751396 0.370432 -1.324255 0.161245 0.161245 0.161245
vn 0.000000 -0.658246 -0.752803
v -0.751396 0.357213 -1.312696 0.161245 0.161245 0.161245
vn 0.000000 -0.658246 -0.752803
f 6295//6295 6296//6296 6297//6297
v -0.768641 0.370432 -1.324255 0.161245 0.161245 0.161245
vn 0.000000 -0.658246 -0.752803
v -0.751396 0.357213 -1.312696 0.161245 0.161245 0.161245
vn 0.000000 -0.658246 -0.752803
v -0.768641 0.357213 -1.312696 0.161245 0.161245 0.161245
vn 0.000000 -0.658246 -0.752803
f 6298//6298 6299//6299 6300//6300
v -0.773674 0.299542 -1.322994 0.161245 0.161245 0.161245
vn 0.000000 -0.834526 -0.550969
v -0.756428 0.299542 -1.322994 0.161245 0.161245 0.161245
vn 0.000000 -0.834526 -0.550969
v -0.751396 0.292744 -1.312696 0.161245 0.161245 0.161245
vn 0.000000 -0.834526 -0.550969
f 6301//6301 6302//6302 6303//6303
v -0.773674 0.299542 -1.322994 0.161245 0.161245 0.161245
vn 0.000000 -0.834526 -0.550969
v -0.751396 0.292744 -1.312696 0.161245 0.161245 0.161245
vn 0.000000 -0.834526 -0.550969
v -0.768641 0.292744 -1.312696 0.161245 0.161245 0.161245
vn 0.000000 -0.834526 -0.550969
f 6304//6304 6305//6305 6306//6306
v -0.773674 0.358656 -1.374687 0.161245 0.161245 0.161245
vn 0.000000 0.658225 -0.752822
v -0.756428 0.358656 -1.374687 0.161245 0.161245 0.161245
vn 0.000000 0.658225 -0.752822
v -0.756428 0.350414 -1.381894 0.161245 0.161245 0.161245
vn 0.000000 0.658225 -0.752822
f 6307//6307 6308//6308 6309//6309
v -0.773674 0.358656 -1.374687 0.161245 0.161245 0.161245
vn 0.000000 0.658225 -0.752822
v -0.756428 0.350414 -1.381894 0.161245 0.161245 0.161245
vn 0.000000 0.658225 -0.752822
v -0.773674 0.350414 -1.381894 0.161245 0.161245 0.161245
vn 0.000000 0.658225 -0.752822
f 6310//6310 6311//6311 6312//6312
v -0.768641 0.292744 -1.392191 0.161245 0.161245 0.161245
vn 0.000000 -0.834526 0.550969
v -0.751396 0.292744 -1.392191 0.161245 0.161245 0.161245
vn 0.000000 -0.834526 0.550969
v -0.756428 0.299542 -1.381894 0.161245 0.161245 0.161245
vn 0.000000 -0.834526 0.550969
f 6313//6313 6314//6314 6315//6315
v -0.768641 0.292744 -1.392191 0.161245 0.161245 0.161245
vn 0.000000 -0.834526 0.550969
v -0.756428 0.299542 -1.381894 0.161245 0.161245 0.161245
vn 0.000000 -0.834526 0.550969
v -0.773674 0.299542 -1.381894 0.161245 0.161245 0.161245
vn 0.000000 -0.834526 0.550969
f 6316//6316 6317//6317 6318//6318
v -0.773674 0.350414 -1.322994 0.161245 0.161245 0.161245
vn 0.000000 0.658337 0.752723
v -0.756428 0.350414 -1.322994 0.161245 0.161245 0.161245
vn 0.000000 0.658337 0.752723
v -0.756428 0.358654 -1.330202 0.161245 0.161245 0.161245
vn 0.000000 0.658337 0.752723
f 6319//6319 6320//6320 6321//6321
v -0.773674 0.350414 -1.322994 0.161245 0.161245 0.161245
vn 0.000000 0.658337 0.752723
v -0.756428 0.358654 -1.330202 0.161245 0.161245 0.161245
vn 0.000000 0.658337 0.752723
v -0.773674 0.358654 -1.330202 0.161245 0.161245 0.161245
vn 0.000000 0.658337 0.752723
f 6322//6322 6323//6323 6324//6324
v -0.768641 0.279524 -1.324255 0.161245 0.161245 0.161245
vn 0.000000 0.450718 0.892666
v -0.751396 0.279524 -1.324255 0.161245 0.161245 0.161245
vn 0.000000 0.450718 0.892666
v -0.756428 0.291302 -1.330202 0.161245 0.161245 0.161245
vn 0.000000 0.450718 0.892666
f 6325//6325 6326//6326 6327//6327
v -0.768641 0.279524 -1.324255 0.161245 0.161245 0.161245
vn 0.000000 0.450718 0.892666
v -0.756428 0.291302 -1.330202 0.161245 0.161245 0.161245
vn 0.000000 0.450718 0.892666
v -0.773674 0.291302 -1.330202 0.161245 0.161245 0.161245
vn 0.000000 0.450718 0.892666
f 6328//6328 6329//6329 6330//6330
v -0.773674 0.350414 -1.381894 0.161245 0.161245 0.161245
vn 0.000000 0.834526 0.550969
v -0.756428 0.350414 -1.381894 0.161245 0.161245 0.161245
vn 0.000000 0.834526 0.550969
v -0.751396 0.357213 -1.392191 0.161245 0.161245 0.161245
vn 0.000000 0.834526 0.550969
f 6331//6331 6332//6332 6333//6333
v -0.773674 0.350414 -1.381894 0.161245 0.161245 0.161245
vn 0.000000 0.834526 0.550969
v -0.751396 0.357213 -1.392191 0.161245 0.161245 0.161245
vn 0.000000 0.834526 0.550969
v -0.768641 0.357213 -1.392191 0.161245 0.161245 0.161245
vn 0.000000 0.834526 0.550969
f 6334//6334 6335//6335 6336//6336
v -0.773674 0.291302 -1.374687 0.161245 0.161245 0.161245
vn 0.000000 0.450653 -0.892699
v -0.756428 0.291302 -1.374687 0.161245 0.161245 0.161245
vn 0.000000 0.450653 -0.892699
v -0.751396 0.279524 -1.380633 0.161245 0.161245 0.161245
vn 0.000000 0.450653 -0.892699
f 6337//6337 6338//6338 6339//6339
v -0.773674 0.291302 -1.374687 0.161245 0.161245 0.161245
vn 0.000000 0.450653 -0.892699
v -0.751396 0.279524 -1.380633 0.161245 0.161245 0.161245
vn 0.000000 0.450653 -0.892699
v -0.768641 0.279524 -1.380633 0.161245 0.161245 0.161245
vn 0.000000 0.450653 -0.892699
f 6340//6340 6341//6341 6342//6342
g Black
v 0.599370 0.324978 1.010124 0.010962 0.010962 0.010962
vn 0.000000 -0.228137 -0.973629
v 0.762301 0.324978 1.010124 0.010962 0.010962 0.010962
vn 0.000000 -0.228137 -0.973629
v 0.762301 0.162489 1.048197 0.010962 0.010962 0.010962
vn 0.000000 -0.228137 -0.973629
f 6343//6343 6344//6344 6345//6345
v 0.599370 0.324978 1.010124 0.010962 0.010962 0.010962
vn 0.000000 -0.228137 -0.973629
v 0.762301 0.162489 1.048197 0.010962 0.010962 0.010962
vn 0.000000 -0.228137 -0.973629
v 0.599370 0.162489 1.048197 0.010962 0.010962 0.010962
vn 0.000000 -0.228137 -0.973629
f 6346//6346 6347//6347 6348//6348
v 0.599370 0.162489 1.048197 0.010962 0.010962 0.010962
vn 0.000000 -0.658281 -0.752772
v 0.762301 0.162489 1.048197 0.010962 0.010962 0.010962
vn 0.000000 -0.658281 -0.752772
v 0.762301 0.043539 1.152216 0.010962 0.010962 0.010962
vn 0.000000 -0.658281 -0.752772
f 6349//6349 6350//6350 6351//6351
v 0.599370 0.162489 1.048197 0.010962 0.010962 0.010962
vn 0.000000 -0.658281 -0.752772
v 0.762301 0.043539 1.152216 0.010962 0.010962 0.010962
vn 0.000000 -0.658281 -0.752772
v 0.599370 0.043539 1.152216 0.010962 0.010962 0.010962
vn 0.000000 -0.658281 -0.752772
f 6352//6352 6353//6353 6354//6354
v 0.599370 0.043539 1.152216 0.010962 0.010962 0.010962
vn 0.000000 -0.956122 -0.292968
v 0.762301 0.043539 1.152216 0.010962 0.010962 0.010962
vn 0.000000 -0.956122 -0.292968
v 0.762301 0.000000 1.294309 0.010962 0.010962 0.010962
vn 0.000000 -0.956122 -0.292968
f 6355//6355 6356//6356 6357//6357
v 0.599370 0.043539 1.152216 0.010962 0.010962 0.010962
vn 0.000000 -0.956122 -0.292968
v 0.762301 0.000000 1.294309 0.010962 0.010962 0.010962
vn 0.000000 -0.956122 -0.292968
v 0.599370 0.000000 1.294309 0.010962 0.010962 0.010962
vn 0.000000 -0.956122 -0.292968
f 6358//6358 6359//6359 6360//6360
v 0.599370 0.000000 1.294309 0.010962 0.010962 0.010962
vn 0.000000 -0.956122 0.292968
v 0.762301 0.000000 1.294309 0.010962 0.010962 0.010962
vn 0.000000 -0.956122 0.292968
v 0.762301 0.043539 1.436402 0.010962 0.010962 0.010962
vn 0.000000 -0.956122 0.292968
f 6361//6361 6362//6362 6363//6363
v 0.599370 0.000000 1.294309 0.010962 0.010962 0.010962
vn 0.000000 -0.956122 0.292968
v 0.762301 0.043539 1.436402 0.010962 0.010962 0.010962
vn 0.000000 -0.956122 0.292968
v 0.599370 0.043539 1.436402 0.010962 0.010962 0.010962
vn 0.000000 -0.956122 0.292968
f 6364//6364 6365//6365 6366//6366
v 0.599370 0.043539 1.436402 0.010962 0.010962 0.010962
vn 0.000000 -0.658281 0.752772
v 0.762301 0.043539 1.436402 0.010962 0.010962 0.010962
vn 0.000000 -0.658281 0.752772
v 0.762301 0.162489 1.540420 0.010962 0.010962 0.010962
vn 0.000000 -0.658281 0.752772
f 6367//6367 6368//6368 6369//6369
v 0.599370 0.043539 1.436402 0.010962 0.010962 0.010962
vn 0.000000 -0.658281 0.752772
v 0.762301 0.162489 1.540420 0.010962 0.010962 0.010962
vn 0.000000 -0.658281 0.752772
v 0.599370 0.162489 1.540420 0.010962 0.010962 0.010962
vn 0.000000 -0.658281 0.752772
f 6370//6370 6371//6371 6372//6372
v 0.599370 0.162489 1.540420 0.010962 0.010962 0.010962
vn 0.000000 -0.228137 0.973629
v 0.762301 0.162489 1.540420 0.010962 0.010962 0.010962
vn 0.000000 -0.228137 0.973629
v 0.762301 0.324978 1.578494 0.010962 0.010962 0.010962
vn 0.000000 -0.228137 0.973629
f 6373//6373 6374//6374 6375//6375
v 0.599370 0.162489 1.540420 0.010962 0.010962 0.010962
vn 0.000000 -0.228137 0.973629
v 0.762301 0.324978 1.578494 0.010962 0.010962 0.010962
vn 0.000000 -0.228137 0.973629
v 0.599370 0.324978 1.578494 0.010962 0.010962 0.010962
vn 0.000000 -0.228137 0.973629
f 6376//6376 6377//6377 6378//6378
v 0.599370 0.324978 1.578494 0.010962 0.010962 0.010962
vn 0.000000 0.228137 0.973629
v 0.762301 0.324978 1.578494 0.010962 0.010962 0.010962
vn 0.000000 0.228137 0.973629
v 0.762301 0.487467 1.540420 0.010962 0.010962 0.010962
vn 0.000000 0.228137 0.973629
f 6379//6379 6380//6380 6381//6381
v 0.599370 0.324978 1.578494 0.010962 0.010962 0.010962
vn 0.000000 0.228137 0.973629
v 0.762301 0.487467 1.540420 0.010962 0.010962 0.010962
vn 0.000000 0.228137 0.973629
v 0.599370 0.487467 1.540420 0.010962 0.010962 0.010962
vn 0.000000 0.228137 0.973629
f 6382//6382 6383//6383 6384//6384
v 0.599370 0.487467 1.540420 0.010962 0.010962 0.010962
vn 0.000000 0.658281 0.752772
v 0.762301 0.487467 1.540420 0.010962 0.010962 0.010962
vn 0.000000 0.658281 0.752772
v 0.762301 0.606417 1.436402 0.010962 0.010962 0.010962
vn 0.000000 0.658281 0.752772
f 6385//6385 6386//6386 6387//6387
v 0.599370 0.487467 1.540420 0.010962 0.010962 0.010962
vn 0.000000 0.658281 0.752772
v 0.762301 0.606417 1.436402 0.010962 0.010962 0.010962
vn 0.000000 0.658281 0.752772
v 0.599370 0.606417 1.436402 0.010962 0.010962 0.010962
vn 0.000000 0.658281 0.752772
f 6388//6388 6389//6389 6390//6390
v 0.599370 0.606417 1.436402 0.010962 0.010962 0.010962
vn 0.000000 0.956122 0.292968
v 0.762301 0.606417 1.436402 0.010962 0.010962 0.010962
vn 0.000000 0.956122 0.292968
v 0.762301 0.649956 1.294309 0.010962 0.010962 0.010962
vn 0.000000 0.956122 0.292968
f 6391//6391 6392//6392 6393//6393
v 0.599370 0.606417 1.436402 0.010962 0.010962 0.010962
vn 0.000000 0.956122 0.292968
v 0.762301 0.649956 1.294309 0.010962 0.010962 0.010962
vn 0.000000 0.956122 0.292968
v 0.599370 0.649956 1.294309 0.010962 0.010962 0.010962
vn 0.000000 0.956122 0.292968
f 6394//6394 6395//6395 6396//6396
v 0.599370 0.649956 1.294309 0.010962 0.010962 0.010962
vn 0.000000 0.956122 -0.292968
v 0.762301 0.649956 1.294309 0.010962 0.010962 0.010962
vn 0.000000 0.956122 -0.292968
v 0.762301 0.606417 1.152216 0.010962 0.010962 0.010962
vn 0.000000 0.956122 -0.292968
f 6397//6397 6398//6398 6399//6399
v 0.599370 0.649956 1.294309 0.010962 0.010962 0.010962
vn 0.000000 0.956122 -0.292968
v 0.762301 0.606417 1.152216 0.010962 0.010962 0.010962
vn 0.000000 0.956122 -0.292968
v 0.599370 0.606417 1.152216 0.010962 0.010962 0.010962
vn 0.000000 0.956122 -0.292968
f 6400//6400 6401//6401 6402//6402
v 0.762301 0.324978 1.578494 0.010962 0.010962 0.010962
vn 0.916810 -0.091101 0.388794
v 0.762301 0.162489 1.540420 0.010962 0.010962 0.010962
vn 0.916810 -0.091101 0.388794
v 0.791567 0.201948 1.480654 0.010962 0.010962 0.010962
vn 0.916810 -0.091101 0.388794
f 6403//6403 6404//6404 6405//6405
v 0.762301 0.324978 1.578494 0.010962 0.010962 0.010962
vn 0.916808 -0.091103 0.388797
v 0.791567 0.201948 1.480654 0.010962 0.010962 0.010962
vn 0.916808 -0.091103 0.388797
v 0.791567 0.324978 1.509482 0.010962 0.010962 0.010962
vn 0.916808 -0.091103 0.388797
f 6406//6406 6407//6407 6408//6408
v 0.599370 0.606417 1.152216 0.010962 0.010962 0.010962
vn 0.000000 0.658281 -0.752772
v 0.762301 0.606417 1.152216 0.010962 0.010962 0.010962
vn 0.000000 0.658281 -0.752772
v 0.762301 0.487467 1.048197 0.010962 0.010962 0.010962
vn 0.000000 0.658281 -0.752772
f 6409//6409 6410//6410 6411//6411
v 0.599370 0.606417 1.152216 0.010962 0.010962 0.010962
vn 0.000000 0.658281 -0.752772
v 0.762301 0.487467 1.048197 0.010962 0.010962 0.010962
vn 0.000000 0.658281 -0.752772
v 0.599370 0.487467 1.048197 0.010962 0.010962 0.010962
vn 0.000000 0.658281 -0.752772
f 6412//6412 6413//6413 6414//6414
v 0.599370 0.487467 1.048197 0.010962 0.010962 0.010962
vn 0.000000 0.228137 -0.973629
v 0.762301 0.487467 1.048197 0.010962 0.010962 0.010962
vn 0.000000 0.228137 -0.973629
v 0.762301 0.324978 1.010124 0.010962 0.010962 0.010962
vn 0.000000 0.228137 -0.973629
f 6415//6415 6416//6416 6417//6417
v 0.599370 0.487467 1.048197 0.010962 0.010962 0.010962
vn 0.000000 0.228137 -0.973629
v 0.762301 0.324978 1.010124 0.010962 0.010962 0.010962
vn 0.000000 0.228137 -0.973629
v 0.599370 0.324978 1.010124 0.010962 0.010962 0.010962
vn 0.000000 0.228137 -0.973629
f 6418//6418 6419//6419 6420//6420
v 0.599370 0.324978 1.010124 0.010962 0.010962 0.010962
vn -1.000000 0.000000 0.000000
v 0.599370 0.162489 1.048197 0.010962 0.010962 0.010962
vn -1.000000 0.000000 0.000000
v 0.599370 0.043539 1.152216 0.010962 0.010962 0.010962
vn -1.000000 0.000000 0.000000
f 6421//6421 6422//6422 6423//6423
v 0.599370 0.324978 1.010124 0.010962 0.010962 0.010962
vn -1.000000 0.000000 0.000000
v 0.599370 0.043539 1.152216 0.010962 0.010962 0.010962
vn -1.000000 0.000000 0.000000
v 0.599370 0.000000 1.294309 0.010962 0.010962 0.010962
vn -1.000000 0.000000 0.000000
f 6424//6424 6425//6425 6426//6426
v 0.599370 0.324978 1.010124 0.010962 0.010962 0.010962
vn -1.000000 0.000000 0.000000
v 0.599370 0.000000 1.294309 0.010962 0.010962 0.010962
vn -1.000000 0.000000 0.000000
v 0.599370 0.043539 1.436402 0.010962 0.010962 0.010962
vn -1.000000 0.000000 0.000000
f 6427//6427 6428//6428 6429//6429
v 0.599370 0.324978 1.010124 0.010962 0.010962 0.010962
vn -1.000000 0.000000 0.000000
v 0.599370 0.043539 1.436402 0.010962 0.010962 0.010962
vn -1.000000 0.000000 0.000000
v 0.599370 0.162489 1.540420 0.010962 0.010962 0.010962
vn -1.000000 0.000000 0.000000
f 6430//6430 6431//6431 6432//6432
v 0.599370 0.324978 1.010124 0.010962 0.010962 0.010962
vn -1.000000 0.000000 0.000000
v 0.599370 0.162489 1.540420 0.010962 0.010962 0.010962
vn -1.000000 0.000000 0.000000
v 0.599370 0.324978 1.578494 0.010962 0.010962 0.010962
vn -1.000000 0.000000 0.000000
f 6433//6433 6434//6434 6435//6435
v 0.599370 0.324978 1.010124 0.010962 0.010962 0.010962
vn -1.000000 0.000000 0.000000
v 0.599370 0.324978 1.578494 0.010962 0.010962 0.010962
vn -1.000000 0.000000 0.000000
v 0.599370 0.487467 1.540420 0.010962 0.010962 0.010962
vn -1.000000 0.000000 0.000000
f 6436//6436 6437//6437 6438//6438
v 0.599370 0.324978 1.010124 0.010962 0.010962 0.010962
vn -1.000000 0.000000 0.000000
v 0.599370 0.487467 1.540420 0.010962 0.010962 0.010962
vn -1.000000 0.000000 0.000000
v 0.599370 0.606417 1.436402 0.010962 0.010962 0.010962
vn -1.000000 0.000000 0.000000
f 6439//6439 6440//6440 6441//6441
v 0.599370 0.324978 1.010124 0.010962 0.010962 0.010962
vn -1.000000 0.000000 0.000000
v 0.599370 0.606417 1.436402 0.010962 0.010962 0.010962
vn -1.000000 0.000000 0.000000
v 0.599370 0.649956 1.294309 0.010962 0.010962 0.010962
vn -1.000000 0.000000 0.000000
f 6442//6442 6443//6443 6444//6444
v 0.599370 0.324978 1.010124 0.010962 0.010962 0.010962
vn -1.000000 0.000000 0.000000
v 0.599370 0.649956 1.294309 0.010962 0.010962 0.010962
vn -1.000000 0.000000 0.000000
v 0.599370 0.606417 1.152216 0.010962 0.010962 0.010962
vn -1.000000 0.000000 0.000000
f 6445//6445 6446//6446 6447//6447
v 0.599370 0.324978 1.010124 0.010962 0.010962 0.010962
vn -1.000000 0.000000 0.000000
v 0.599370 0.606417 1.152216 0.010962 0.010962 0.010962
vn -1.000000 0.000000 0.000000
v 0.599370 0.487467 1.048197 0.010962 0.010962 0.010962
vn -1.000000 0.000000 0.000000
f 6448//6448 6449//6449 6450//6450
v 0.791567 0.324978 1.509482 0.010962 0.010962 0.010962
vn 1.000000 0.000000 0.000000
v 0.791567 0.201948 1.480654 0.010962 0.010962 0.010962
vn 1.000000 0.000000 0.000000
v 0.791567 0.217568 1.456995 0.010962 0.010962 0.010962
vn 1.000000 0.000000 0.000000
f 6451//6451 6452//6452 6453//6453
v 0.791567 0.324978 1.509482 0.010962 0.010962 0.010962
vn 1.000000 0.000000 0.000000
v 0.791567 0.217568 1.456995 0.010962 0.010962 0.010962
vn 1.000000 0.000000 0.000000
v 0.791567 0.324978 1.482162 0.010962 0.010962 0.010962
vn 1.000000 0.000000 0.000000
f 6454//6454 6455//6455 6456//6456
v 0.762301 0.162489 1.540420 0.010962 0.010962 0.010962
vn 0.924471 -0.250971 0.286996
v 0.762301 0.043539 1.436402 0.010962 0.010962 0.010962
vn 0.924471 -0.250971 0.286996
v 0.791567 0.111884 1.401896 0.010962 0.010962 0.010962
vn 0.924471 -0.250971 0.286996
f 6457//6457 6458//6458 6459//6459
v 0.762301 0.162489 1.540420 0.010962 0.010962 0.010962
vn 0.924471 -0.250971 0.286996
v 0.791567 0.111884 1.401896 0.010962 0.010962 0.010962
vn 0.924471 -0.250971 0.286996
v 0.791567 0.201948 1.480654 0.010962 0.010962 0.010962
vn 0.924471 -0.250971 0.286996
f 6460//6460 6461//6461 6462//6462
v 0.762301 0.043539 1.436402 0.010962 0.010962 0.010962
vn 0.932327 -0.345749 0.105942
v 0.762301 0.000000 1.294309 0.010962 0.010962 0.010962
vn 0.932327 -0.345749 0.105942
v 0.791567 0.078918 1.294309 0.010962 0.010962 0.010962
vn 0.932327 -0.345749 0.105942
f 6463//6463 6464//6464 6465//6465
v 0.762301 0.043539 1.436402 0.010962 0.010962 0.010962
vn 0.932329 -0.345745 0.105943
v 0.791567 0.078918 1.294309 0.010962 0.010962 0.010962
vn 0.932329 -0.345745 0.105943
v 0.791567 0.111884 1.401896 0.010962 0.010962 0.010962
vn 0.932329 -0.345745 0.105943
f 6466//6466 6467//6467 6468//6468
v 0.762301 0.324978 1.010124 0.010962 0.010962 0.010962
vn 0.916810 0.091101 -0.388794
v 0.762301 0.487467 1.048197 0.010962 0.010962 0.010962
vn 0.916810 0.091101 -0.388794
v 0.791567 0.448008 1.107964 0.010962 0.010962 0.010962
vn 0.916810 0.091101 -0.388794
f 6469//6469 6470//6470 6471//6471
v 0.762301 0.324978 1.010124 0.010962 0.010962 0.010962
vn 0.916808 0.091103 -0.388797
v 0.791567 0.448008 1.107964 0.010962 0.010962 0.010962
vn 0.916808 0.091103 -0.388797
v 0.791567 0.324978 1.079135 0.010962 0.010962 0.010962
vn 0.916808 0.091103 -0.388797
f 6472//6472 6473//6473 6474//6474
v 0.762301 0.162489 1.048197 0.010962 0.010962 0.010962
vn 0.916808 -0.091101 -0.388797
v 0.762301 0.324978 1.010124 0.010962 0.010962 0.010962
vn 0.916808 -0.091101 -0.388797
v 0.791567 0.324978 1.079135 0.010962 0.010962 0.010962
vn 0.916808 -0.091101 -0.388797
f 6475//6475 6476//6476 6477//6477
v 0.762301 0.162489 1.048197 0.010962 0.010962 0.010962
vn 0.916810 -0.091102 -0.388793
v 0.791567 0.324978 1.079135 0.010962 0.010962 0.010962
vn 0.916810 -0.091102 -0.388793
v 0.791567 0.201948 1.107964 0.010962 0.010962 0.010962
vn 0.916810 -0.091102 -0.388793
f 6478//6478 6479//6479 6480//6480
v 0.762301 0.000000 1.294309 0.010962 0.010962 0.010962
vn 0.932328 -0.345746 -0.105941
v 0.762301 0.043539 1.152216 0.010962 0.010962 0.010962
vn 0.932328 -0.345746 -0.105941
v 0.791567 0.111884 1.186722 0.010962 0.010962 0.010962
vn 0.932328 -0.345746 -0.105941
f 6481//6481 6482//6482 6483//6483
v 0.762301 0.000000 1.294309 0.010962 0.010962 0.010962
vn 0.932327 -0.345748 -0.105944
v 0.791567 0.111884 1.186722 0.010962 0.010962 0.010962
vn 0.932327 -0.345748 -0.105944
v 0.791567 0.078918 1.294309 0.010962 0.010962 0.010962
vn 0.932327 -0.345748 -0.105944
f 6484//6484 6485//6485 6486//6486
v 0.762301 0.487467 1.048197 0.010962 0.010962 0.010962
vn 0.924471 0.250971 -0.286996
v 0.762301 0.606417 1.152216 0.010962 0.010962 0.010962
vn 0.924471 0.250971 -0.286996
v 0.791567 0.538072 1.186722 0.010962 0.010962 0.010962
vn 0.924471 0.250971 -0.286996
f 6487//6487 6488//6488 6489//6489
v 0.762301 0.487467 1.048197 0.010962 0.010962 0.010962
vn 0.924471 0.250971 -0.286996
v 0.791567 0.538072 1.186722 0.010962 0.010962 0.010962
vn 0.924471 0.250971 -0.286996
v 0.791567 0.448008 1.107964 0.010962 0.010962 0.010962
vn 0.924471 0.250971 -0.286996
f 6490//6490 6491//6491 6492//6492
v 0.762301 0.043539 1.152216 0.010962 0.010962 0.010962
vn 0.924471 -0.250971 -0.286996
v 0.762301 0.162489 1.048197 0.010962 0.010962 0.010962
vn 0.924471 -0.250971 -0.286996
v 0.791567 0.201948 1.107964 0.010962 0.010962 0.010962
vn 0.924471 -0.250971 -0.286996
f 6493//6493 6494//6494 6495//6495
v 0.762301 0.043539 1.152216 0.010962 0.010962 0.010962
vn 0.924471 -0.250971 -0.286996
v 0.791567 0.201948 1.107964 0.010962 0.010962 0.010962
vn 0.924471 -0.250971 -0.286996
v 0.791567 0.111884 1.186722 0.010962 0.010962 0.010962
vn 0.924471 -0.250971 -0.286996
f 6496//6496 6497//6497 6498//6498
v 0.762301 0.606417 1.152216 0.010962 0.010962 0.010962
vn 0.932327 0.345749 -0.105942
v 0.762301 0.649956 1.294309 0.010962 0.010962 0.010962
vn 0.932327 0.345749 -0.105942
v 0.791567 0.571038 1.294309 0.010962 0.010962 0.010962
vn 0.932327 0.345749 -0.105942
f 6499//6499 6500//6500 6501//6501
v 0.762301 0.606417 1.152216 0.010962 0.010962 0.010962
vn 0.932329 0.345745 -0.105943
v 0.791567 0.571038 1.294309 0.010962 0.010962 0.010962
vn 0.932329 0.345745 -0.105943
v 0.791567 0.538072 1.186722 0.010962 0.010962 0.010962
vn 0.932329 0.345745 -0.105943
f 6502//6502 6503//6503 6504//6504
v 0.762301 0.649956 1.294309 0.010962 0.010962 0.010962
vn 0.932328 0.345746 0.105941
v 0.762301 0.606417 1.436402 0.010962 0.010962 0.010962
vn 0.932328 0.345746 0.105941
v 0.791567 0.538072 1.401896 0.010962 0.010962 0.010962
vn 0.932328 0.345746 0.105941
f 6505//6505 6506//6506 6507//6507
v 0.762301 0.649956 1.294309 0.010962 0.010962 0.010962
vn 0.932327 0.345748 0.105944
v 0.791567 0.538072 1.401896 0.010962 0.010962 0.010962
vn 0.932327 0.345748 0.105944
v 0.791567 0.571038 1.294309 0.010962 0.010962 0.010962
vn 0.932327 0.345748 0.105944
f 6508//6508 6509//6509 6510//6510
v 0.762301 0.606417 1.436402 0.010962 0.010962 0.010962
vn 0.924471 0.250971 0.286996
v 0.762301 0.487467 1.540420 0.010962 0.010962 0.010962
vn 0.924471 0.250971 0.286996
v 0.791567 0.448008 1.480654 0.010962 0.010962 0.010962
vn 0.924471 0.250971 0.286996
f 6511//6511 6512//6512 6513//6513
v 0.762301 0.606417 1.436402 0.010962 0.010962 0.010962
vn 0.924471 0.250971 0.286996
v 0.791567 0.448008 1.480654 0.010962 0.010962 0.010962
vn 0.924471 0.250971 0.286996
v 0.791567 0.538072 1.401896 0.010962 0.010962 0.010962
vn 0.924471 0.250971 0.286996
f 6514//6514 6515//6515 6516//6516
v 0.762301 0.487467 1.540420 0.010962 0.010962 0.010962
vn 0.916808 0.091101 0.388797
v 0.762301 0.324978 1.578494 0.010962 0.010962 0.010962
vn 0.916808 0.091101 0.388797
v 0.791567 0.324978 1.509482 0.010962 0.010962 0.010962
vn 0.916808 0.091101 0.388797
f 6517//6517 6518//6518 6519//6519
v 0.762301 0.487467 1.540420 0.010962 0.010962 0.010962
vn 0.916810 0.091102 0.388793
v 0.791567 0.324978 1.509482 0.010962 0.010962 0.010962
vn 0.916810 0.091102 0.388793
v 0.791567 0.448008 1.480654 0.010962 0.010962 0.010962
vn 0.916810 0.091102 0.388793
f 6520//6520 6521//6521 6522//6522
v 0.791567 0.539796 1.294309 0.010962 0.010962 0.010962
vn 0.000000 -0.956124 -0.292962
v 0.791567 0.511017 1.388236 0.010962 0.010962 0.010962
vn 0.000000 -0.956124 -0.292962
v 0.767755 0.511017 1.388236 0.010962 0.010962 0.010962
vn 0.000000 -0.956124 -0.292962
f 6523//6523 6524//6524 6525//6525
v 0.791567 0.539796 1.294309 0.010962 0.010962 0.010962
vn 0.000000 -0.956124 -0.292962
v 0.767755 0.511017 1.388236 0.010962 0.010962 0.010962
vn 0.000000 -0.956124 -0.292962
v 0.767755 0.539796 1.294309 0.010962 0.010962 0.010962
vn 0.000000 -0.956124 -0.292962
f 6526//6526 6527//6527 6528//6528
v 0.791567 0.078918 1.294309 0.010962 0.010962 0.010962
vn 1.000000 0.000000 0.000000
v 0.791567 0.111884 1.186722 0.010962 0.010962 0.010962
vn 1.000000 0.000000 0.000000
v 0.791567 0.138939 1.200382 0.010962 0.010962 0.010962
vn 1.000000 0.000000 0.000000
f 6529//6529 6530//6530 6531//6531
v 0.791567 0.078918 1.294309 0.010962 0.010962 0.010962
vn 1.000000 0.000000 0.000000
v 0.791567 0.138939 1.200382 0.010962 0.010962 0.010962
vn 1.000000 0.000000 0.000000
v 0.791567 0.110160 1.294309 0.010962 0.010962 0.010962
vn 1.000000 0.000000 0.000000
f 6532//6532 6533//6533 6534//6534
v 0.791567 0.538072 1.186722 0.010962 0.010962 0.010962
vn 1.000000 0.000000 0.000000
v 0.791567 0.571038 1.294309 0.010962 0.010962 0.010962
vn 1.000000 0.000000 0.000000
v 0.791567 0.539796 1.294309 0.010962 0.010962 0.010962
vn 1.000000 0.000000 0.000000
f 6535//6535 6536//6536 6537//6537
v 0.791567 0.538072 1.186722 0.010962 0.010962 0.010962
vn 1.000000 0.000000 0.000000
v 0.791567 0.539796 1.294309 0.010962 0.010962 0.010962
vn 1.000000 0.000000 0.000000
v 0.791567 0.511017 1.200382 0.010962 0.010962 0.010962
vn 1.000000 0.000000 0.000000
f 6538//6538 6539//6539 6540//6540
v 0.791567 0.448008 1.480654 0.010962 0.010962 0.010962
vn 1.000000 0.000000 0.000000
v 0.791567 0.324978 1.509482 0.010962 0.010962 0.010962
vn 1.000000 0.000000 0.000000
v 0.791567 0.324978 1.482162 0.010962 0.010962 0.010962
vn 1.000000 0.000000 0.000000
f 6541//6541 6542//6542 6543//6543
v 0.791567 0.448008 1.480654 0.010962 0.010962 0.010962
vn 1.000000 0.000000 0.000000
v 0.791567 0.324978 1.482162 0.010962 0.010962 0.010962
vn 1.000000 0.000000 0.000000
v 0.791567 0.432388 1.456995 0.010962 0.010962 0.010962
vn 1.000000 0.000000 0.000000
f 6544//6544 6545//6545 6546//6546
v 0.791567 0.111884 1.401896 0.010962 0.010962 0.010962
vn 1.000000 0.000000 0.000000
v 0.791567 0.078918 1.294309 0.010962 0.010962 0.010962
vn 1.000000 0.000000 0.000000
v 0.791567 0.110160 1.294309 0.010962 0.010962 0.010962
vn 1.000000 0.000000 0.000000
f 6547//6547 6548//6548 6549//6549
v 0.791567 0.111884 1.401896 0.010962 0.010962 0.010962
vn 1.000000 0.000000 0.000000
v 0.791567 0.110160 1.294309 0.010962 0.010962 0.010962
vn 1.000000 0.000000 0.000000
v 0.791567 0.138939 1.388236 0.010962 0.010962 0.010962
vn 1.000000 0.000000 0.000000
f 6550//6550 6551//6551 6552//6552
v 0.791567 0.448008 1.107964 0.010962 0.010962 0.010962
vn 1.000000 0.000000 0.000000
v 0.791567 0.538072 1.186722 0.010962 0.010962 0.010962
vn 1.000000 0.000000 0.000000
v 0.791567 0.511017 1.200382 0.010962 0.010962 0.010962
vn 1.000000 0.000000 0.000000
f 6553//6553 6554//6554 6555//6555
v 0.791567 0.448008 1.107964 0.010962 0.010962 0.010962
vn 1.000000 0.000000 0.000000
v 0.791567 0.511017 1.200382 0.010962 0.010962 0.010962
vn 1.000000 0.000000 0.000000
v 0.791567 0.432388 1.131623 0.010962 0.010962 0.010962
vn 1.000000 0.000000 0.000000
f 6556//6556 6557//6557 6558//6558
v 0.791567 0.201948 1.107964 0.010962 0.010962 0.010962
vn 1.000000 0.000000 0.000000
v 0.791567 0.324978 1.079135 0.010962 0.010962 0.010962
vn 1.000000 0.000000 0.000000
v 0.791567 0.324978 1.106456 0.010962 0.010962 0.010962
vn 1.000000 0.000000 0.000000
f 6559//6559 6560//6560 6561//6561
v 0.791567 0.201948 1.107964 0.010962 0.010962 0.010962
vn 1.000000 0.000000 0.000000
v 0.791567 0.324978 1.106456 0.010962 0.010962 0.010962
vn 1.000000 0.000000 0.000000
v 0.791567 0.217568 1.131623 0.010962 0.010962 0.010962
vn 1.000000 0.000000 0.000000
f 6562//6562 6563//6563 6564//6564
v 0.791567 0.538072 1.401896 0.010962 0.010962 0.010962
vn 1.000000 0.000000 0.000000
v 0.791567 0.448008 1.480654 0.010962 0.010962 0.010962
vn 1.000000 0.000000 0.000000
v 0.791567 0.432388 1.456995 0.010962 0.010962 0.010962
vn 1.000000 0.000000 0.000000
f 6565//6565 6566//6566 6567//6567
v 0.791567 0.538072 1.401896 0.010962 0.010962 0.010962
vn 1.000000 0.000000 0.000000
v 0.791567 0.432388 1.456995 0.010962 0.010962 0.010962
vn 1.000000 0.000000 0.000000
v 0.791567 0.511017 1.388236 0.010962 0.010962 0.010962
vn 1.000000 0.000000 0.000000
f 6568//6568 6569//6569 6570//6570
v 0.791567 0.201948 1.480654 0.010962 0.010962 0.010962
vn 1.000000 0.000000 0.000000
v 0.791567 0.111884 1.401896 0.010962 0.010962 0.010962
vn 1.000000 0.000000 0.000000
v 0.791567 0.138939 1.388236 0.010962 0.010962 0.010962
vn 1.000000 0.000000 0.000000
f 6571//6571 6572//6572 6573//6573
v 0.791567 0.201948 1.480654 0.010962 0.010962 0.010962
vn 1.000000 0.000000 0.000000
v 0.791567 0.138939 1.388236 0.010962 0.010962 0.010962
vn 1.000000 0.000000 0.000000
v 0.791567 0.217568 1.456995 0.010962 0.010962 0.010962
vn 1.000000 0.000000 0.000000
f 6574//6574 6575//6575 6576//6576
v 0.791567 0.324978 1.079135 0.010962 0.010962 0.010962
vn 1.000000 0.000000 0.000000
v 0.791567 0.448008 1.107964 0.010962 0.010962 0.010962
vn 1.000000 0.000000 0.000000
v 0.791567 0.432388 1.131623 0.010962 0.010962 0.010962
vn 1.000000 0.000000 0.000000
f 6577//6577 6578//6578 6579//6579
v 0.791567 0.324978 1.079135 0.010962 0.010962 0.010962
vn 1.000000 0.000000 0.000000
v 0.791567 0.432388 1.131623 0.010962 0.010962 0.010962
vn 1.000000 0.000000 0.000000
v 0.791567 0.324978 1.106456 0.010962 0.010962 0.010962
vn 1.000000 0.000000 0.000000
f 6580//6580 6581//6581 6582//6582
v 0.791567 0.111884 1.186722 0.010962 0.010962 0.010962
vn 1.000000 0.000000 0.000000
v 0.791567 0.201948 1.107964 0.010962 0.010962 0.010962
vn 1.000000 0.000000 0.000000
v 0.791567 0.217568 1.131623 0.010962 0.010962 0.010962
vn 1.000000 0.000000 0.000000
f 6583//6583 6584//6584 6585//6585
v 0.791567 0.111884 1.186722 0.010962 0.010962 0.010962
vn 1.000000 0.000000 0.000000
v 0.791567 0.217568 1.131623 0.010962 0.010962 0.010962
vn 1.000000 0.000000 0.000000
v 0.791567 0.138939 1.200382 0.010962 0.010962 0.010962
vn 1.000000 0.000000 0.000000
f 6586//6586 6587//6587 6588//6588
v 0.791567 0.571038 1.294309 0.010962 0.010962 0.010962
vn 1.000000 0.000000 0.000000
v 0.791567 0.538072 1.401896 0.010962 0.010962 0.010962
vn 1.000000 0.000000 0.000000
v 0.791567 0.511017 1.388236 0.010962 0.010962 0.010962
vn 1.000000 0.000000 0.000000
f 6589//6589 6590//6590 6591//6591
v 0.791567 0.571038 1.294309 0.010962 0.010962 0.010962
vn 1.000000 0.000000 0.000000
v 0.791567 0.511017 1.388236 0.010962 0.010962 0.010962
vn 1.000000 0.000000 0.000000
v 0.791567 0.539796 1.294309 0.010962 0.010962 0.010962
vn 1.000000 0.000000 0.000000
f 6592//6592 6593//6593 6594//6594
v 0.791567 0.324978 1.482162 0.010962 0.010962 0.010962
vn 0.000000 0.228132 -0.973630
v 0.791567 0.217568 1.456995 0.010962 0.010962 0.010962
vn 0.000000 0.228132 -0.973630
v 0.767755 0.217568 1.456995 0.010962 0.010962 0.010962
vn 0.000000 0.228132 -0.973630
f 6595//6595 6596//6596 6597//6597
v 0.791567 0.324978 1.482162 0.010962 0.010962 0.010962
vn 0.000000 0.228132 -0.973630
v 0.767755 0.217568 1.456995 0.010962 0.010962 0.010962
vn 0.000000 0.228132 -0.973630
v 0.767755 0.324978 1.482162 0.010962 0.010962 0.010962
vn 0.000000 0.228132 -0.973630
f 6598//6598 6599//6599 6600//6600
v 0.791567 0.110160 1.294309 0.010962 0.010962 0.010962
vn 0.000000 0.956124 0.292962
v 0.791567 0.138939 1.200382 0.010962 0.010962 0.010962
vn 0.000000 0.956124 0.292962
v 0.767755 0.138939 1.200382 0.010962 0.010962 0.010962
vn 0.000000 0.956124 0.292962
f 6601//6601 6602//6602 6603//6603
v 0.791567 0.110160 1.294309 0.010962 0.010962 0.010962
vn 0.000000 0.956124 0.292962
v 0.767755 0.138939 1.200382 0.010962 0.010962 0.010962
vn 0.000000 0.956124 0.292962
v 0.767755 0.110160 1.294309 0.010962 0.010962 0.010962
vn 0.000000 0.956124 0.292962
f 6604//6604 6605//6605 6606//6606
v 0.791567 0.511017 1.200382 0.010962 0.010962 0.010962
vn 0.000000 -0.956124 0.292962
v 0.791567 0.539796 1.294309 0.010962 0.010962 0.010962
vn 0.000000 -0.956124 0.292962
v 0.767755 0.539796 1.294309 0.010962 0.010962 0.010962
vn 0.000000 -0.956124 0.292962
f 6607//6607 6608//6608 6609//6609
v 0.791567 0.511017 1.200382 0.010962 0.010962 0.010962
vn 0.000000 -0.956124 0.292962
v 0.767755 0.539796 1.294309 0.010962 0.010962 0.010962
vn 0.000000 -0.956124 0.292962
v 0.767755 0.511017 1.200382 0.010962 0.010962 0.010962
vn 0.000000 -0.956124 0.292962
f 6610//6610 6611//6611 6612//6612
v 0.791567 0.432388 1.456995 0.010962 0.010962 0.010962
vn 0.000000 -0.228132 -0.973630
v 0.791567 0.324978 1.482162 0.010962 0.010962 0.010962
vn 0.000000 -0.228132 -0.973630
v 0.767755 0.324978 1.482162 0.010962 0.010962 0.010962
vn 0.000000 -0.228132 -0.973630
f 6613//6613 6614//6614 6615//6615
v 0.791567 0.432388 1.456995 0.010962 0.010962 0.010962
vn 0.000000 -0.228132 -0.973630
v 0.767755 0.324978 1.482162 0.010962 0.010962 0.010962
vn 0.000000 -0.228132 -0.973630
v 0.767755 0.432388 1.456995 0.010962 0.010962 0.010962
vn 0.000000 -0.228132 -0.973630
f 6616//6616 6617//6617 6618//6618
v 0.791567 0.138939 1.388236 0.010962 0.010962 0.010962
vn 0.000000 0.956124 -0.292962
v 0.791567 0.110160 1.294309 0.010962 0.010962 0.010962
vn 0.000000 0.956124 -0.292962
v 0.767755 0.110160 1.294309 0.010962 0.010962 0.010962
vn 0.000000 0.956124 -0.292962
f 6619//6619 6620//6620 6621//6621
v 0.791567 0.138939 1.388236 0.010962 0.010962 0.010962
vn 0.000000 0.956124 -0.292962
v 0.767755 0.110160 1.294309 0.010962 0.010962 0.010962
vn 0.000000 0.956124 -0.292962
v 0.767755 0.138939 1.388236 0.010962 0.010962 0.010962
vn 0.000000 0.956124 -0.292962
f 6622//6622 6623//6623 6624//6624
v 0.791567 0.432388 1.131623 0.010962 0.010962 0.010962
vn 0.000000 -0.658281 0.752772
v 0.791567 0.511017 1.200382 0.010962 0.010962 0.010962
vn 0.000000 -0.658281 0.752772
v 0.767755 0.511017 1.200382 0.010962 0.010962 0.010962
vn 0.000000 -0.658281 0.752772
f 6625//6625 6626//6626 6627//6627
v 0.791567 0.432388 1.131623 0.010962 0.010962 0.010962
vn 0.000000 -0.658281 0.752772
v 0.767755 0.511017 1.200382 0.010962 0.010962 0.010962
vn 0.000000 -0.658281 0.752772
v 0.767755 0.432388 1.131623 0.010962 0.010962 0.010962
vn 0.000000 -0.658281 0.752772
f 6628//6628 6629//6629 6630//6630
v 0.791567 0.217568 1.131623 0.010962 0.010962 0.010962
vn 0.000000 0.228132 0.973630
v 0.791567 0.324978 1.106456 0.010962 0.010962 0.010962
vn 0.000000 0.228132 0.973630
v 0.767755 0.324978 1.106456 0.010962 0.010962 0.010962
vn 0.000000 0.228132 0.973630
f 6631//6631 6632//6632 6633//6633
v 0.791567 0.217568 1.131623 0.010962 0.010962 0.010962
vn 0.000000 0.228132 0.973630
v 0.767755 0.324978 1.106456 0.010962 0.010962 0.010962
vn 0.000000 0.228132 0.973630
v 0.767755 0.217568 1.131623 0.010962 0.010962 0.010962
vn 0.000000 0.228132 0.973630
f 6634//6634 6635//6635 6636//6636
v 0.791567 0.511017 1.388236 0.010962 0.010962 0.010962
vn 0.000000 -0.658281 -0.752772
v 0.791567 0.432388 1.456995 0.010962 0.010962 0.010962
vn 0.000000 -0.658281 -0.752772
v 0.767755 0.432388 1.456995 0.010962 0.010962 0.010962
vn 0.000000 -0.658281 -0.752772
f 6637//6637 6638//6638 6639//6639
v 0.791567 0.511017 1.388236 0.010962 0.010962 0.010962
vn 0.000000 -0.658281 -0.752772
v 0.767755 0.432388 1.456995 0.010962 0.010962 0.010962
vn 0.000000 -0.658281 -0.752772
v 0.767755 0.511017 1.388236 0.010962 0.010962 0.010962
vn 0.000000 -0.658281 -0.752772
f 6640//6640 6641//6641 6642//6642
v 0.791567 0.217568 1.456995 0.010962 0.010962 0.010962
vn 0.000000 0.658281 -0.752772
v 0.791567 0.138939 1.388236 0.010962 0.010962 0.010962
vn 0.000000 0.658281 -0.752772
v 0.767755 0.138939 1.388236 0.010962 0.010962 0.010962
vn 0.000000 0.658281 -0.752772
f 6643//6643 6644//6644 6645//6645
v 0.791567 0.217568 1.456995 0.010962 0.010962 0.010962
vn 0.000000 0.658281 -0.752772
v 0.767755 0.138939 1.388236 0.010962 0.010962 0.010962
vn 0.000000 0.658281 -0.752772
v 0.767755 0.217568 1.456995 0.010962 0.010962 0.010962
vn 0.000000 0.658281 -0.752772
f 6646//6646 6647//6647 6648//6648
v 0.791567 0.324978 1.106456 0.010962 0.010962 0.010962
vn 0.000000 -0.228132 0.973630
v 0.791567 0.432388 1.131623 0.010962 0.010962 0.010962
vn 0.000000 -0.228132 0.973630
v 0.767755 0.432388 1.131623 0.010962 0.010962 0.010962
vn 0.000000 -0.228132 0.973630
f 6649//6649 6650//6650 6651//6651
v 0.791567 0.324978 1.106456 0.010962 0.010962 0.010962
vn 0.000000 -0.228132 0.973630
v 0.767755 0.432388 1.131623 0.010962 0.010962 0.010962
vn 0.000000 -0.228132 0.973630
v 0.767755 0.324978 1.106456 0.010962 0.010962 0.010962
vn 0.000000 -0.228132 0.973630
f 6652//6652 6653//6653 6654//6654
v 0.791567 0.138939 1.200382 0.010962 0.010962 0.010962
vn 0.000000 0.658281 0.752772
v 0.791567 0.217568 1.131623 0.010962 0.010962 0.010962
vn 0.000000 0.658281 0.752772
v 0.767755 0.217568 1.131623 0.010962 0.010962 0.010962
vn 0.000000 0.658281 0.752772
f 6655//6655 6656//6656 6657//6657
v 0.791567 0.138939 1.200382 0.010962 0.010962 0.010962
vn 0.000000 0.658281 0.752772
v 0.767755 0.217568 1.131623 0.010962 0.010962 0.010962
vn 0.000000 0.658281 0.752772
v 0.767755 0.138939 1.200382 0.010962 0.010962 0.010962
vn 0.000000 0.658281 0.752772
f 6658//6658 6659//6659 6660//6660
v 0.726457 0.314237 1.469759 0.010962 0.010962 0.010962
vn 0.996617 -0.018749 0.080015
v 0.726457 0.228309 1.449625 0.010962 0.010962 0.010962
vn 0.996617 -0.018749 0.080015
v 0.735402 0.290834 1.352860 0.010962 0.010962 0.010962
vn 0.996617 -0.018749 0.080015
f 6661//6661 6662//6662 6663//6663
v 0.726457 0.314237 1.469759 0.010962 0.010962 0.010962
vn 0.996617 -0.018751 0.080015
v 0.735402 0.290834 1.352860 0.010962 0.010962 0.010962
vn 0.996617 -0.018751 0.080015
v 0.735402 0.316727 1.358928 0.010962 0.010962 0.010962
vn 0.996617 -0.018751 0.080015
f 6664//6664 6665//6665 6666//6666
v 0.726457 0.421647 1.449625 0.010962 0.010962 0.010962
vn 0.996617 0.018749 0.080015
v 0.726457 0.335719 1.469759 0.010962 0.010962 0.010962
vn 0.996617 0.018749 0.080015
v 0.735402 0.333229 1.358928 0.010962 0.010962 0.010962
vn 0.996617 0.018749 0.080015
f 6667//6667 6668//6668 6669//6669
v 0.726457 0.421647 1.449625 0.010962 0.010962 0.010962
vn 0.996617 0.018751 0.080013
v 0.735402 0.333229 1.358928 0.010962 0.010962 0.010962
vn 0.996617 0.018751 0.080013
v 0.735402 0.359122 1.352860 0.010962 0.010962 0.010962
vn 0.996617 0.018751 0.080013
f 6670//6670 6671//6671 6672//6672
v 0.726457 0.496626 1.389404 0.010962 0.010962 0.010962
vn 0.996985 0.051079 0.058411
v 0.726457 0.433723 1.444411 0.010962 0.010962 0.010962
vn 0.996985 0.051079 0.058411
v 0.735402 0.368399 1.348855 0.010962 0.010962 0.010962
vn 0.996985 0.051079 0.058411
f 6673//6673 6674//6674 6675//6675
v 0.726457 0.496626 1.389404 0.010962 0.010962 0.010962
vn 0.996985 0.051079 0.058411
v 0.735402 0.368399 1.348855 0.010962 0.010962 0.010962
vn 0.996985 0.051079 0.058411
v 0.735402 0.387354 1.332280 0.010962 0.010962 0.010962
vn 0.996985 0.051079 0.058411
f 6676//6676 6677//6677 6678//6678
v 0.726457 0.525613 1.303702 0.010962 0.010962 0.010962
vn 0.997315 0.070020 0.021455
v 0.726457 0.502588 1.378843 0.010962 0.010962 0.010962
vn 0.997315 0.070020 0.021455
v 0.735402 0.391934 1.324167 0.010962 0.010962 0.010962
vn 0.997315 0.070020 0.021455
f 6679//6679 6680//6680 6681//6681
v 0.726457 0.525613 1.303702 0.010962 0.010962 0.010962
vn 0.997315 0.070020 0.021455
v 0.735402 0.391934 1.324167 0.010962 0.010962 0.010962
vn 0.997315 0.070020 0.021455
v 0.735402 0.398872 1.301525 0.010962 0.010962 0.010962
vn 0.997315 0.070020 0.021455
f 6682//6682 6683//6683 6684//6684
v 0.726457 0.433723 1.144207 0.010962 0.010962 0.010962
vn 0.996985 0.051079 -0.058410
v 0.726457 0.496626 1.199215 0.010962 0.010962 0.010962
vn 0.996985 0.051079 -0.058410
v 0.735402 0.387354 1.256338 0.010962 0.010962 0.010962
vn 0.996985 0.051079 -0.058410
f 6685//6685 6686//6686 6687//6687
v 0.726457 0.433723 1.144207 0.010962 0.010962 0.010962
vn 0.996985 0.051079 -0.058411
v 0.735402 0.387354 1.256338 0.010962 0.010962 0.010962
vn 0.996985 0.051079 -0.058411
v 0.735402 0.368399 1.239763 0.010962 0.010962 0.010962
vn 0.996985 0.051079 -0.058411
f 6688//6688 6689//6689 6690//6690
v 0.726457 0.502588 1.209775 0.010962 0.010962 0.010962
vn 0.997315 0.070020 -0.021455
v 0.726457 0.525613 1.284917 0.010962 0.010962 0.010962
vn 0.997315 0.070020 -0.021455
v 0.735402 0.398872 1.287094 0.010962 0.010962 0.010962
vn 0.997315 0.070020 -0.021455
f 6691//6691 6692//6692 6693//6693
v 0.726457 0.502588 1.209775 0.010962 0.010962 0.010962
vn 0.997315 0.070020 -0.021455
v 0.735402 0.398872 1.287094 0.010962 0.010962 0.010962
vn 0.997315 0.070020 -0.021455
v 0.735402 0.391934 1.264452 0.010962 0.010962 0.010962
vn 0.997315 0.070020 -0.021455
f 6694//6694 6695//6695 6696//6696
v 0.726457 0.335719 1.118860 0.010962 0.010962 0.010962
vn 0.996617 0.018748 -0.080015
v 0.726457 0.421647 1.138993 0.010962 0.010962 0.010962
vn 0.996617 0.018748 -0.080015
v 0.735402 0.359122 1.235758 0.010962 0.010962 0.010962
vn 0.996617 0.018748 -0.080015
f 6697//6697 6698//6698 6699//6699
v 0.726457 0.335719 1.118860 0.010962 0.010962 0.010962
vn 0.996617 0.018748 -0.080015
v 0.735402 0.359122 1.235758 0.010962 0.010962 0.010962
vn 0.996617 0.018748 -0.080015
v 0.735402 0.333229 1.229691 0.010962 0.010962 0.010962
vn 0.996617 0.018748 -0.080015
f 6700//6700 6701//6701 6702//6702
v 0.726457 0.228309 1.138993 0.010962 0.010962 0.010962
vn 0.996617 -0.018748 -0.080015
v 0.726457 0.314237 1.118860 0.010962 0.010962 0.010962
vn 0.996617 -0.018748 -0.080015
v 0.735402 0.316727 1.229691 0.010962 0.010962 0.010962
vn 0.996617 -0.018748 -0.080015
f 6703//6703 6704//6704 6705//6705
v 0.726457 0.228309 1.138993 0.010962 0.010962 0.010962
vn 0.996617 -0.018748 -0.080015
v 0.735402 0.316727 1.229691 0.010962 0.010962 0.010962
vn 0.996617 -0.018748 -0.080015
v 0.735402 0.290834 1.235758 0.010962 0.010962 0.010962
vn 0.996617 -0.018748 -0.080015
f 6706//6706 6707//6707 6708//6708
v 0.726457 0.153330 1.199215 0.010962 0.010962 0.010962
vn 0.996985 -0.051079 -0.058410
v 0.726457 0.216233 1.144207 0.010962 0.010962 0.010962
vn 0.996985 -0.051079 -0.058410
v 0.735402 0.281557 1.239763 0.010962 0.010962 0.010962
vn 0.996985 -0.051079 -0.058410
f 6709//6709 6710//6710 6711//6711
v 0.726457 0.153330 1.199215 0.010962 0.010962 0.010962
vn 0.996985 -0.051079 -0.058411
v 0.735402 0.281557 1.239763 0.010962 0.010962 0.010962
vn 0.996985 -0.051079 -0.058411
v 0.735402 0.262602 1.256338 0.010962 0.010962 0.010962
vn 0.996985 -0.051079 -0.058411
f 6712//6712 6713//6713 6714//6714
v 0.726457 0.124344 1.284916 0.010962 0.010962 0.010962
vn 0.997315 -0.070020 -0.021454
v 0.726457 0.147368 1.209775 0.010962 0.010962 0.010962
vn 0.997315 -0.070020 -0.021454
v 0.735402 0.258022 1.264451 0.010962 0.010962 0.010962
vn 0.997315 -0.070020 -0.021454
f 6715//6715 6716//6716 6717//6717
v 0.726457 0.124344 1.284916 0.010962 0.010962 0.010962
vn 0.997315 -0.070020 -0.021454
v 0.735402 0.258022 1.264451 0.010962 0.010962 0.010962
vn 0.997315 -0.070020 -0.021454
v 0.735402 0.251085 1.287094 0.010962 0.010962 0.010962
vn 0.997315 -0.070020 -0.021454
f 6718//6718 6719//6719 6720//6720
v 0.726457 0.147368 1.378843 0.010962 0.010962 0.010962
vn 0.997315 -0.070020 0.021454
v 0.726457 0.124344 1.303702 0.010962 0.010962 0.010962
vn 0.997315 -0.070020 0.021454
v 0.735402 0.251085 1.301525 0.010962 0.010962 0.010962
vn 0.997315 -0.070020 0.021454
f 6721//6721 6722//6722 6723//6723
v 0.726457 0.147368 1.378843 0.010962 0.010962 0.010962
vn 0.997315 -0.070020 0.021455
v 0.735402 0.251085 1.301525 0.010962 0.010962 0.010962
vn 0.997315 -0.070020 0.021455
v 0.735402 0.258022 1.324167 0.010962 0.010962 0.010962
vn 0.997315 -0.070020 0.021455
f 6724//6724 6725//6725 6726//6726
v 0.726457 0.216233 1.444411 0.010962 0.010962 0.010962
vn 0.996985 -0.051079 0.058411
v 0.726457 0.153330 1.389404 0.010962 0.010962 0.010962
vn 0.996985 -0.051079 0.058411
v 0.735402 0.262602 1.332280 0.010962 0.010962 0.010962
vn 0.996985 -0.051079 0.058411
f 6727//6727 6728//6728 6729//6729
v 0.726457 0.216233 1.444411 0.010962 0.010962 0.010962
vn 0.996985 -0.051079 0.058411
v 0.735402 0.262602 1.332280 0.010962 0.010962 0.010962
vn 0.996985 -0.051079 0.058411
v 0.735402 0.281557 1.348855 0.010962 0.010962 0.010962
vn 0.996985 -0.051079 0.058411
f 6730//6730 6731//6731 6732//6732
v 0.754912 0.292744 1.334057 0.010962 0.010962 0.010962
vn 0.924764 -0.250503 0.286461
v 0.754912 0.279524 1.322497 0.010962 0.010962 0.010962
vn 0.924764 -0.250503 0.286461
v 0.759944 0.291302 1.316552 0.010962 0.010962 0.010962
vn 0.924764 -0.250503 0.286461
f 6733//6733 6734//6734 6735//6735
v 0.754912 0.292744 1.334057 0.010962 0.010962 0.010962
vn 0.924754 -0.250541 0.286461
v 0.759944 0.291302 1.316552 0.010962 0.010962 0.010962
vn 0.924754 -0.250541 0.286461
v 0.759944 0.299542 1.323759 0.010962 0.010962 0.010962
vn 0.924754 -0.250541 0.286461
f 6736//6736 6737//6737 6738//6738
v 0.754912 0.279524 1.266121 0.010962 0.010962 0.010962
vn 0.924764 -0.250503 -0.286461
v 0.754912 0.292744 1.254561 0.010962 0.010962 0.010962
vn 0.924764 -0.250503 -0.286461
v 0.759944 0.299542 1.264860 0.010962 0.010962 0.010962
vn 0.924764 -0.250503 -0.286461
f 6739//6739 6740//6740 6741//6741
v 0.754912 0.279524 1.266121 0.010962 0.010962 0.010962
vn 0.924764 -0.250503 -0.286461
v 0.759944 0.299542 1.264860 0.010962 0.010962 0.010962
vn 0.924764 -0.250503 -0.286461
v 0.759944 0.291302 1.272066 0.010962 0.010962 0.010962
vn 0.924764 -0.250503 -0.286461
f 6742//6742 6743//6743 6744//6744
v 0.754912 0.357213 1.254561 0.010962 0.010962 0.010962
vn 0.924755 0.250518 -0.286478
v 0.754912 0.370432 1.266121 0.010962 0.010962 0.010962
vn 0.924755 0.250518 -0.286478
v 0.759944 0.358656 1.272066 0.010962 0.010962 0.010962
vn 0.924755 0.250518 -0.286478
f 6745//6745 6746//6746 6747//6747
v 0.754912 0.357213 1.254561 0.010962 0.010962 0.010962
vn 0.924765 0.250480 -0.286477
v 0.759944 0.358656 1.272066 0.010962 0.010962 0.010962
vn 0.924765 0.250480 -0.286477
v 0.759944 0.350414 1.264860 0.010962 0.010962 0.010962
vn 0.924765 0.250480 -0.286477
f 6748//6748 6749//6749 6750//6750
v 0.754912 0.370432 1.322497 0.010962 0.010962 0.010962
vn 0.924755 0.250518 0.286478
v 0.754912 0.357213 1.334057 0.010962 0.010962 0.010962
vn 0.924755 0.250518 0.286478
v 0.759944 0.350414 1.323759 0.010962 0.010962 0.010962
vn 0.924755 0.250518 0.286478
f 6751//6751 6752//6752 6753//6753
v 0.754912 0.370432 1.322497 0.010962 0.010962 0.010962
vn 0.924768 0.250518 0.286435
v 0.759944 0.350414 1.323759 0.010962 0.010962 0.010962
vn 0.924768 0.250518 0.286435
v 0.759944 0.358654 1.316552 0.010962 0.010962 0.010962
vn 0.924768 0.250518 0.286435
f 6754//6754 6755//6755 6756//6756
g Grey
v 0.770480 0.272852 1.267993 0.161245 0.161245 0.161245
vn 0.999394 -0.002813 -0.034706
v 0.767755 0.138939 1.200382 0.161245 0.161245 0.161245
vn 0.999394 -0.002813 -0.034706
v 0.767755 0.153330 1.199215 0.161245 0.161245 0.161245
vn 0.999394 -0.002813 -0.034706
f 6757//6757 6758//6758 6759//6759
v 0.770480 0.272852 1.267993 0.161245 0.161245 0.161245
vn 0.852129 0.246284 -0.461757
v 0.767755 0.153330 1.199215 0.161245 0.161245 0.161245
vn 0.852129 0.246284 -0.461757
v 0.767128 0.262602 1.256339 0.161245 0.161245 0.161245
vn 0.852129 0.246284 -0.461757
f 6760//6760 6761//6761 6762//6762
v 0.770480 0.324978 1.241675 0.161245 0.161245 0.161245
vn 0.917109 0.090936 -0.388126
v 0.770480 0.355073 1.248726 0.161245 0.161245 0.161245
vn 0.917109 0.090936 -0.388126
v 0.778867 0.343741 1.265890 0.161245 0.161245 0.161245
vn 0.917109 0.090936 -0.388126
f 6763//6763 6764//6764 6765//6765
v 0.770480 0.324978 1.241675 0.161245 0.161245 0.161245
vn 0.917112 0.090928 -0.388121
v 0.778867 0.343741 1.265890 0.161245 0.161245 0.161245
vn 0.917112 0.090928 -0.388121
v 0.778867 0.324978 1.261494 0.161245 0.161245 0.161245
vn 0.917112 0.090928 -0.388121
f 6766//6766 6767//6767 6768//6768
v 0.767755 0.511017 1.388236 0.161245 0.161245 0.161245
vn 0.752482 0.308971 -0.581642
v 0.770480 0.377104 1.320626 0.161245 0.161245 0.161245
vn 0.752482 0.308971 -0.581642
v 0.767128 0.391934 1.324167 0.161245 0.161245 0.161245
vn 0.752482 0.308971 -0.581642
f 6769//6769 6770//6770 6771//6771
v 0.767755 0.511017 1.388236 0.161245 0.161245 0.161245
vn 0.999906 -0.010184 0.009138
v 0.767128 0.391934 1.324167 0.161245 0.161245 0.161245
vn 0.999906 -0.010184 0.009138
v 0.767755 0.502588 1.378843 0.161245 0.161245 0.161245
vn 0.999906 -0.010184 0.009138
f 6772//6772 6773//6773 6774//6774
v 0.767755 0.324978 1.482162 0.161245 0.161245 0.161245
vn 1.000000 0.000000 0.000000
v 0.767755 0.217568 1.456995 0.161245 0.161245 0.161245
vn 1.000000 0.000000 0.000000
v 0.767755 0.228309 1.449625 0.161245 0.161245 0.161245
vn 1.000000 0.000000 0.000000
f 6775//6775 6776//6776 6777//6777
v 0.767755 0.324978 1.482162 0.161245 0.161245 0.161245
vn 1.000000 0.000000 0.000000
v 0.767755 0.228309 1.449625 0.161245 0.161245 0.161245
vn 1.000000 0.000000 0.000000
v 0.767755 0.314237 1.469759 0.161245 0.161245 0.161245
vn 1.000000 0.000000 0.000000
f 6778//6778 6779//6779 6780//6780
v 0.770480 0.272852 1.267993 0.161245 0.161245 0.161245
vn 0.976583 -0.205704 -0.063027
v 0.770480 0.264789 1.294309 0.161245 0.161245 0.161245
vn 0.976583 -0.205704 -0.063027
v 0.767128 0.251085 1.287094 0.161245 0.161245 0.161245
vn 0.976583 -0.205704 -0.063027
f 6781//6781 6782//6782 6783//6783
v 0.770480 0.272852 1.267993 0.161245 0.161245 0.161245
vn 0.976583 -0.205704 -0.063027
v 0.767128 0.251085 1.287094 0.161245 0.161245 0.161245
vn 0.976583 -0.205704 -0.063027
v 0.767128 0.258022 1.264451 0.161245 0.161245 0.161245
vn 0.976583 -0.205704 -0.063027
f 6784//6784 6785//6785 6786//6786
v 0.770480 0.377104 1.267993 0.161245 0.161245 0.161245
vn 0.998753 0.037156 0.033340
v 0.767755 0.511017 1.200382 0.161245 0.161245 0.161245
vn 0.998753 0.037156 0.033340
v 0.767755 0.502588 1.209775 0.161245 0.161245 0.161245
vn 0.998753 0.037156 0.033340
f 6787//6787 6788//6788 6789//6789
v 0.770480 0.377104 1.267993 0.161245 0.161245 0.161245
vn 0.703708 0.311532 0.638548
v 0.767755 0.502588 1.209775 0.161245 0.161245 0.161245
vn 0.703708 0.311532 0.638548
v 0.767128 0.391934 1.264452 0.161245 0.161245 0.161245
vn 0.703708 0.311532 0.638548
f 6790//6790 6791//6791 6792//6792
v 0.770480 0.324978 1.346944 0.161245 0.161245 0.161245
vn 0.970734 0.054792 0.233825
v 0.770480 0.355073 1.339892 0.161245 0.161245 0.161245
vn 0.970734 0.054792 0.233825
v 0.767128 0.359122 1.352860 0.161245 0.161245 0.161245
vn 0.970734 0.054792 0.233825
f 6793//6793 6794//6794 6795//6795
v 0.770480 0.324978 1.346944 0.161245 0.161245 0.161245
vn 0.970735 0.054794 0.233817
v 0.767128 0.359122 1.352860 0.161245 0.161245 0.161245
vn 0.970735 0.054794 0.233817
v 0.767128 0.333229 1.358928 0.161245 0.161245 0.161245
vn 0.970735 0.054794 0.233817
f 6796//6796 6797//6797 6798//6798
v 0.767755 0.110160 1.294309 0.161245 0.161245 0.161245
vn 0.918185 -0.016181 0.395821
v 0.770480 0.264789 1.294309 0.161245 0.161245 0.161245
vn 0.918185 -0.016181 0.395821
v 0.767128 0.251085 1.301525 0.161245 0.161245 0.161245
vn 0.918185 -0.016181 0.395821
f 6799//6799 6800//6800 6801//6801
v 0.767755 0.110160 1.294309 0.161245 0.161245 0.161245
vn 0.999962 0.004825 -0.007286
v 0.767128 0.251085 1.301525 0.161245 0.161245 0.161245
vn 0.999962 0.004825 -0.007286
v 0.767755 0.124344 1.303702 0.161245 0.161245 0.161245
vn 0.999962 0.004825 -0.007286
f 6802//6802 6803//6803 6804//6804
v 0.770480 0.377104 1.267993 0.161245 0.161245 0.161245
vn 0.977457 0.138991 -0.158933
v 0.770480 0.355073 1.248726 0.161245 0.161245 0.161245
vn 0.977457 0.138991 -0.158933
v 0.767128 0.368399 1.239763 0.161245 0.161245 0.161245
vn 0.977457 0.138991 -0.158933
f 6805//6805 6806//6806 6807//6807
v 0.770480 0.377104 1.267993 0.161245 0.161245 0.161245
vn 0.977456 0.138993 -0.158934
v 0.767128 0.368399 1.239763 0.161245 0.161245 0.161245
vn 0.977456 0.138993 -0.158934
v 0.767128 0.387354 1.256339 0.161245 0.161245 0.161245
vn 0.977456 0.138993 -0.158934
f 6808//6808 6809//6809 6810//6810
v 0.770480 0.324978 1.241675 0.161245 0.161245 0.161245
vn 0.970733 -0.054784 -0.233828
v 0.770480 0.294883 1.248726 0.161245 0.161245 0.161245
vn 0.970733 -0.054784 -0.233828
v 0.767128 0.290834 1.235758 0.161245 0.161245 0.161245
vn 0.970733 -0.054784 -0.233828
f 6811//6811 6812//6812 6813//6813
v 0.770480 0.324978 1.241675 0.161245 0.161245 0.161245
vn 0.970734 -0.054785 -0.233823
v 0.767128 0.290834 1.235758 0.161245 0.161245 0.161245
vn 0.970734 -0.054785 -0.233823
v 0.767128 0.316727 1.229691 0.161245 0.161245 0.161245
vn 0.970734 -0.054785 -0.233823
f 6814//6814 6815//6815 6816//6816
v 0.770480 0.377104 1.320626 0.161245 0.161245 0.161245
vn 0.999394 0.002816 0.034702
v 0.767755 0.511017 1.388236 0.161245 0.161245 0.161245
vn 0.999394 0.002816 0.034702
v 0.767755 0.496626 1.389404 0.161245 0.161245 0.161245
vn 0.999394 0.002816 0.034702
f 6817//6817 6818//6818 6819//6819
v 0.770480 0.377104 1.320626 0.161245 0.161245 0.161245
vn 0.852129 -0.246284 0.461757
v 0.767755 0.496626 1.389404 0.161245 0.161245 0.161245
vn 0.852129 -0.246284 0.461757
v 0.767128 0.387354 1.332280 0.161245 0.161245 0.161245
vn 0.852129 -0.246284 0.461757
f 6820//6820 6821//6821 6822//6822
v 0.770480 0.272852 1.320626 0.161245 0.161245 0.161245
vn 0.977456 -0.138987 0.158938
v 0.770480 0.294883 1.339892 0.161245 0.161245 0.161245
vn 0.977456 -0.138987 0.158938
v 0.767128 0.281557 1.348855 0.161245 0.161245 0.161245
vn 0.977456 -0.138987 0.158938
f 6823//6823 6824//6824 6825//6825
v 0.770480 0.272852 1.320626 0.161245 0.161245 0.161245
vn 0.977456 -0.138987 0.158938
v 0.767128 0.281557 1.348855 0.161245 0.161245 0.161245
vn 0.977456 -0.138987 0.158938
v 0.767128 0.262602 1.332280 0.161245 0.161245 0.161245
vn 0.977456 -0.138987 0.158938
f 6826//6826 6827//6827 6828//6828
v 0.770480 0.355073 1.248726 0.161245 0.161245 0.161245
vn 0.970734 0.054784 -0.233824
v 0.770480 0.324978 1.241675 0.161245 0.161245 0.161245
vn 0.970734 0.054784 -0.233824
v 0.767128 0.333229 1.229691 0.161245 0.161245 0.161245
vn 0.970734 0.054784 -0.233824
f 6829//6829 6830//6830 6831//6831
v 0.770480 0.355073 1.248726 0.161245 0.161245 0.161245
vn 0.970733 0.054786 -0.233827
v 0.767128 0.333229 1.229691 0.161245 0.161245 0.161245
vn 0.970733 0.054786 -0.233827
v 0.767128 0.359122 1.235758 0.161245 0.161245 0.161245
vn 0.970733 0.054786 -0.233827
f 6832//6832 6833//6833 6834//6834
v 0.778867 0.306215 1.265890 0.161245 0.161245 0.161245
vn 1.000000 0.000000 0.000000
v 0.778867 0.324978 1.261494 0.161245 0.161245 0.161245
vn 1.000000 0.000000 0.000000
v 0.778867 0.343741 1.265890 0.161245 0.161245 0.161245
vn 1.000000 0.000000 0.000000
f 6835//6835 6836//6836 6837//6837
v 0.778867 0.306215 1.265890 0.161245 0.161245 0.161245
vn 1.000000 0.000000 0.000000
v 0.778867 0.343741 1.265890 0.161245 0.161245 0.161245
vn 1.000000 0.000000 0.000000
v 0.778867 0.357477 1.277902 0.161245 0.161245 0.161245
vn 1.000000 0.000000 0.000000
f 6838//6838 6839//6839 6840//6840
v 0.778867 0.306215 1.265890 0.161245 0.161245 0.161245
vn 1.000000 0.000000 0.000000
v 0.778867 0.357477 1.277902 0.161245 0.161245 0.161245
vn 1.000000 0.000000 0.000000
v 0.778867 0.362505 1.294309 0.161245 0.161245 0.161245
vn 1.000000 0.000000 0.000000
f 6841//6841 6842//6842 6843//6843
v 0.778867 0.306215 1.265890 0.161245 0.161245 0.161245
vn 1.000000 0.000000 0.000000
v 0.778867 0.362505 1.294309 0.161245 0.161245 0.161245
vn 1.000000 0.000000 0.000000
v 0.778867 0.357477 1.310717 0.161245 0.161245 0.161245
vn 1.000000 0.000000 0.000000
f 6844//6844 6845//6845 6846//6846
v 0.778867 0.306215 1.265890 0.161245 0.161245 0.161245
vn 1.000000 0.000000 0.000000
v 0.778867 0.357477 1.310717 0.161245 0.161245 0.161245
vn 1.000000 0.000000 0.000000
v 0.778867 0.343741 1.322728 0.161245 0.161245 0.161245
vn 1.000000 0.000000 0.000000
f 6847//6847 6848//6848 6849//6849
v 0.778867 0.306215 1.265890 0.161245 0.161245 0.161245
vn 1.000000 0.000000 0.000000
v 0.778867 0.343741 1.322728 0.161245 0.161245 0.161245
vn 1.000000 0.000000 0.000000
v 0.778867 0.324978 1.327125 0.161245 0.161245 0.161245
vn 1.000000 0.000000 0.000000
f 6850//6850 6851//6851 6852//6852
v 0.778867 0.306215 1.265890 0.161245 0.161245 0.161245
vn 1.000000 0.000000 0.000000
v 0.778867 0.324978 1.327125 0.161245 0.161245 0.161245
vn 1.000000 0.000000 0.000000
v 0.778867 0.306215 1.322728 0.161245 0.161245 0.161245
vn 1.000000 0.000000 0.000000
f 6853//6853 6854//6854 6855//6855
v 0.778867 0.306215 1.265890 0.161245 0.161245 0.161245
vn 1.000000 0.000000 0.000000
v 0.778867 0.306215 1.322728 0.161245 0.161245 0.161245
vn 1.000000 0.000000 0.000000
v 0.778867 0.292479 1.310717 0.161245 0.161245 0.161245
vn 1.000000 0.000000 0.000000
f 6856//6856 6857//6857 6858//6858
v 0.778867 0.306215 1.265890 0.161245 0.161245 0.161245
vn 1.000000 0.000000 0.000000
v 0.778867 0.292479 1.310717 0.161245 0.161245 0.161245
vn 1.000000 0.000000 0.000000
v 0.778867 0.287451 1.294309 0.161245 0.161245 0.161245
vn 1.000000 0.000000 0.000000
f 6859//6859 6860//6860 6861//6861
v 0.778867 0.306215 1.265890 0.161245 0.161245 0.161245
vn 1.000000 0.000000 0.000000
v 0.778867 0.287451 1.294309 0.161245 0.161245 0.161245
vn 1.000000 0.000000 0.000000
v 0.778867 0.292479 1.277902 0.161245 0.161245 0.161245
vn 1.000000 0.000000 0.000000
f 6862//6862 6863//6863 6864//6864
v 0.770480 0.294883 1.248726 0.161245 0.161245 0.161245
vn 0.925494 -0.181385 -0.332506
v 0.778867 0.306215 1.265890 0.161245 0.161245 0.161245
vn 0.925494 -0.181385 -0.332506
v 0.777190 0.299542 1.264860 0.161245 0.161245 0.161245
vn 0.925494 -0.181385 -0.332506
f 6865//6865 6866//6866 6867//6867
v 0.770480 0.294883 1.248726 0.161245 0.161245 0.161245
vn 0.925507 -0.181227 -0.332557
v 0.777190 0.299542 1.264860 0.161245 0.161245 0.161245
vn 0.925507 -0.181227 -0.332557
v 0.772158 0.292744 1.254561 0.161245 0.161245 0.161245
vn 0.925507 -0.181227 -0.332557
f 6868//6868 6869//6869 6870//6870
v 0.770480 0.385167 1.294309 0.161245 0.161245 0.161245
vn 0.932579 0.345131 0.105743
v 0.770480 0.377104 1.320626 0.161245 0.161245 0.161245
vn 0.932579 0.345131 0.105743
v 0.778867 0.357477 1.310717 0.161245 0.161245 0.161245
vn 0.932579 0.345131 0.105743
f 6871//6871 6872//6872 6873//6873
v 0.770480 0.385167 1.294309 0.161245 0.161245 0.161245
vn 0.932572 0.345142 0.105764
v 0.778867 0.357477 1.310717 0.161245 0.161245 0.161245
vn 0.932572 0.345142 0.105764
v 0.778867 0.362505 1.294309 0.161245 0.161245 0.161245
vn 0.932572 0.345142 0.105764
f 6874//6874 6875//6875 6876//6876
v 0.770480 0.324978 1.346944 0.161245 0.161245 0.161245
vn 0.917111 -0.090948 0.388119
v 0.770480 0.294883 1.339892 0.161245 0.161245 0.161245
vn 0.917111 -0.090948 0.388119
v 0.778867 0.306215 1.322728 0.161245 0.161245 0.161245
vn 0.917111 -0.090948 0.388119
f 6877//6877 6878//6878 6879//6879
v 0.770480 0.324978 1.346944 0.161245 0.161245 0.161245
vn 0.917110 -0.090950 0.388120
v 0.778867 0.306215 1.322728 0.161245 0.161245 0.161245
vn 0.917110 -0.090950 0.388120
v 0.778867 0.324978 1.327125 0.161245 0.161245 0.161245
vn 0.917110 -0.090950 0.388120
f 6880//6880 6881//6881 6882//6882
v 0.770480 0.264789 1.294309 0.161245 0.161245 0.161245
vn 0.932579 -0.345130 -0.105747
v 0.770480 0.272852 1.267993 0.161245 0.161245 0.161245
vn 0.932579 -0.345130 -0.105747
v 0.778867 0.292479 1.277902 0.161245 0.161245 0.161245
vn 0.932579 -0.345130 -0.105747
f 6883//6883 6884//6884 6885//6885
v 0.770480 0.264789 1.294309 0.161245 0.161245 0.161245
vn 0.932571 -0.345142 -0.105771
v 0.778867 0.292479 1.277902 0.161245 0.161245 0.161245
vn 0.932571 -0.345142 -0.105771
v 0.778867 0.287451 1.294309 0.161245 0.161245 0.161245
vn 0.932571 -0.345142 -0.105771
f 6886//6886 6887//6887 6888//6888
v 0.770480 0.377104 1.267993 0.161245 0.161245 0.161245
vn 0.932573 0.345143 -0.105751
v 0.770480 0.385167 1.294309 0.161245 0.161245 0.161245
vn 0.932573 0.345143 -0.105751
v 0.778867 0.362505 1.294309 0.161245 0.161245 0.161245
vn 0.932573 0.345143 -0.105751
f 6889//6889 6890//6890 6891//6891
v 0.770480 0.377104 1.267993 0.161245 0.161245 0.161245
vn 0.932580 0.345121 -0.105765
v 0.778867 0.362505 1.294309 0.161245 0.161245 0.161245
vn 0.932580 0.345121 -0.105765
v 0.778867 0.357477 1.277902 0.161245 0.161245 0.161245
vn 0.932580 0.345121 -0.105765
f 6892//6892 6893//6893 6894//6894
v 0.770480 0.355073 1.339892 0.161245 0.161245 0.161245
vn 0.917110 0.090948 0.388120
v 0.770480 0.324978 1.346944 0.161245 0.161245 0.161245
vn 0.917110 0.090948 0.388120
v 0.778867 0.324978 1.327125 0.161245 0.161245 0.161245
vn 0.917110 0.090948 0.388120
f 6895//6895 6896//6896 6897//6897
v 0.770480 0.355073 1.339892 0.161245 0.161245 0.161245
vn 0.917111 0.090949 0.388118
v 0.778867 0.324978 1.327125 0.161245 0.161245 0.161245
vn 0.917111 0.090949 0.388118
v 0.778867 0.343741 1.322728 0.161245 0.161245 0.161245
vn 0.917111 0.090949 0.388118
f 6898//6898 6899//6899 6900//6900
v 0.770480 0.272852 1.320626 0.161245 0.161245 0.161245
vn 0.932574 -0.345143 0.105746
v 0.770480 0.264789 1.294309 0.161245 0.161245 0.161245
vn 0.932574 -0.345143 0.105746
v 0.778867 0.287451 1.294309 0.161245 0.161245 0.161245
vn 0.932574 -0.345143 0.105746
f 6901//6901 6902//6902 6903//6903
v 0.770480 0.272852 1.320626 0.161245 0.161245 0.161245
vn 0.932580 -0.345124 0.105759
v 0.778867 0.287451 1.294309 0.161245 0.161245 0.161245
vn 0.932580 -0.345124 0.105759
v 0.778867 0.292479 1.310717 0.161245 0.161245 0.161245
vn 0.932580 -0.345124 0.105759
f 6904//6904 6905//6905 6906//6906
v 0.778867 0.343741 1.265890 0.161245 0.161245 0.161245
vn 0.925490 0.181282 -0.332572
v 0.770480 0.355073 1.248726 0.161245 0.161245 0.161245
vn 0.925490 0.181282 -0.332572
v 0.772158 0.357213 1.254561 0.161245 0.161245 0.161245
vn 0.925490 0.181282 -0.332572
f 6907//6907 6908//6908 6909//6909
v 0.778867 0.343741 1.265890 0.161245 0.161245 0.161245
vn 0.925513 0.181399 -0.332446
v 0.772158 0.357213 1.254561 0.161245 0.161245 0.161245
vn 0.925513 0.181399 -0.332446
v 0.777190 0.350414 1.264860 0.161245 0.161245 0.161245
vn 0.925513 0.181399 -0.332446
f 6910//6910 6911//6911 6912//6912
v 0.770480 0.294883 1.248726 0.161245 0.161245 0.161245
vn 0.917111 -0.090934 -0.388120
v 0.770480 0.324978 1.241675 0.161245 0.161245 0.161245
vn 0.917111 -0.090934 -0.388120
v 0.778867 0.324978 1.261494 0.161245 0.161245 0.161245
vn 0.917111 -0.090934 -0.388120
f 6913//6913 6914//6914 6915//6915
v 0.770480 0.294883 1.248726 0.161245 0.161245 0.161245
vn 0.917108 -0.090930 -0.388129
v 0.778867 0.324978 1.261494 0.161245 0.161245 0.161245
vn 0.917108 -0.090930 -0.388129
v 0.778867 0.306215 1.265890 0.161245 0.161245 0.161245
vn 0.917108 -0.090930 -0.388129
f 6916//6916 6917//6917 6918//6918
v 0.770480 0.355073 1.339892 0.161245 0.161245 0.161245
vn 0.925492 0.181325 0.332545
v 0.778867 0.343741 1.322728 0.161245 0.161245 0.161245
vn 0.925492 0.181325 0.332545
v 0.777190 0.350414 1.323759 0.161245 0.161245 0.161245
vn 0.925492 0.181325 0.332545
f 6919//6919 6920//6920 6921//6921
v 0.770480 0.355073 1.339892 0.161245 0.161245 0.161245
vn 0.925497 0.181259 0.332566
v 0.777190 0.350414 1.323759 0.161245 0.161245 0.161245
vn 0.925497 0.181259 0.332566
v 0.772158 0.357213 1.334057 0.161245 0.161245 0.161245
vn 0.925497 0.181259 0.332566
f 6922//6922 6923//6923 6924//6924
v 0.770480 0.294883 1.339892 0.161245 0.161245 0.161245
vn 0.871678 -0.322609 0.368917
v 0.770480 0.272852 1.320626 0.161245 0.161245 0.161245
vn 0.871678 -0.322609 0.368917
v 0.772158 0.279524 1.322497 0.161245 0.161245 0.161245
vn 0.871678 -0.322609 0.368917
f 6925//6925 6926//6926 6927//6927
v 0.770480 0.294883 1.339892 0.161245 0.161245 0.161245
vn 0.871678 -0.322609 0.368917
v 0.772158 0.279524 1.322497 0.161245 0.161245 0.161245
vn 0.871678 -0.322609 0.368917
v 0.772158 0.292744 1.334057 0.161245 0.161245 0.161245
vn 0.871678 -0.322609 0.368917
f 6928//6928 6929//6929 6930//6930
v 0.767128 0.290834 1.352860 0.161245 0.161245 0.161245
vn 0.000000 -0.228163 0.973623
v 0.767128 0.316727 1.358928 0.161245 0.161245 0.161245
vn 0.000000 -0.228163 0.973623
v 0.735402 0.316727 1.358928 0.161245 0.161245 0.161245
vn 0.000000 -0.228163 0.973623
f 6931//6931 6932//6932 6933//6933
v 0.767128 0.290834 1.352860 0.161245 0.161245 0.161245
vn 0.000000 -0.228163 0.973623
v 0.735402 0.316727 1.358928 0.161245 0.161245 0.161245
vn 0.000000 -0.228163 0.973623
v 0.735402 0.290834 1.352860 0.161245 0.161245 0.161245
vn 0.000000 -0.228163 0.973623
f 6934//6934 6935//6935 6936//6936
v 0.770480 0.324978 1.346944 0.161245 0.161245 0.161245
vn 0.999527 -0.023259 0.020142
v 0.767755 0.324978 1.482162 0.161245 0.161245 0.161245
vn 0.999527 -0.023259 0.020142
v 0.767755 0.314237 1.469759 0.161245 0.161245 0.161245
vn 0.999527 -0.023259 0.020142
f 6937//6937 6938//6938 6939//6939
v 0.770480 0.324978 1.346944 0.161245 0.161245 0.161245
vn 0.919074 -0.393835 -0.014052
v 0.767755 0.314237 1.469759 0.161245 0.161245 0.161245
vn 0.919074 -0.393835 -0.014052
v 0.767128 0.316727 1.358928 0.161245 0.161245 0.161245
vn 0.919074 -0.393835 -0.014052
f 6940//6940 6941//6941 6942//6942
v 0.770480 0.294883 1.339892 0.161245 0.161245 0.161245
vn 0.970735 -0.054791 0.233819
v 0.770480 0.324978 1.346944 0.161245 0.161245 0.161245
vn 0.970735 -0.054791 0.233819
v 0.767128 0.316727 1.358928 0.161245 0.161245 0.161245
vn 0.970735 -0.054791 0.233819
f 6943//6943 6944//6944 6945//6945
v 0.770480 0.294883 1.339892 0.161245 0.161245 0.161245
vn 0.970734 -0.054795 0.233824
v 0.767128 0.316727 1.358928 0.161245 0.161245 0.161245
vn 0.970734 -0.054795 0.233824
v 0.767128 0.290834 1.352860 0.161245 0.161245 0.161245
vn 0.970734 -0.054795 0.233824
f 6946//6946 6947//6947 6948//6948
v 0.767755 0.217568 1.456995 0.161245 0.161245 0.161245
vn 0.772123 0.521908 0.362544
v 0.770480 0.294883 1.339892 0.161245 0.161245 0.161245
vn 0.772123 0.521908 0.362544
v 0.767128 0.290834 1.352860 0.161245 0.161245 0.161245
vn 0.772123 0.521908 0.362544
f 6949//6949 6950//6950 6951//6951
v 0.767755 0.217568 1.456995 0.161245 0.161245 0.161245
vn 0.999900 -0.007991 -0.011646
v 0.767128 0.290834 1.352860 0.161245 0.161245 0.161245
vn 0.999900 -0.007991 -0.011646
v 0.767755 0.228309 1.449625 0.161245 0.161245 0.161245
vn 0.999900 -0.007991 -0.011646
f 6952//6952 6953//6953 6954//6954
v 0.767128 0.398872 1.287094 0.161245 0.161245 0.161245
vn 0.000000 0.956123 -0.292966
v 0.767128 0.391934 1.264452 0.161245 0.161245 0.161245
vn 0.000000 0.956123 -0.292966
v 0.735402 0.391934 1.264452 0.161245 0.161245 0.161245
vn 0.000000 0.956123 -0.292966
f 6955//6955 6956//6956 6957//6957
v 0.767128 0.398872 1.287094 0.161245 0.161245 0.161245
vn 0.000000 0.956123 -0.292966
v 0.735402 0.391934 1.264452 0.161245 0.161245 0.161245
vn 0.000000 0.956123 -0.292966
v 0.735402 0.398872 1.287094 0.161245 0.161245 0.161245
vn 0.000000 0.956123 -0.292966
f 6958//6958 6959//6959 6960//6960
v 0.767755 0.324978 1.482162 0.161245 0.161245 0.161245
vn 0.935536 0.352729 0.018853
v 0.770480 0.324978 1.346944 0.161245 0.161245 0.161245
vn 0.935536 0.352729 0.018853
v 0.767128 0.333229 1.358928 0.161245 0.161245 0.161245
vn 0.935536 0.352729 0.018853
f 6961//6961 6962//6962 6963//6963
v 0.767755 0.324978 1.482162 0.161245 0.161245 0.161245
vn 0.999964 -0.006371 -0.005517
v 0.767128 0.333229 1.358928 0.161245 0.161245 0.161245
vn 0.999964 -0.006371 -0.005517
v 0.767755 0.335719 1.469759 0.161245 0.161245 0.161245
vn 0.999964 -0.006371 -0.005517
f 6964//6964 6965//6965 6966//6966
v 0.767755 0.432388 1.456995 0.161245 0.161245 0.161245
vn 1.000000 0.000000 0.000000
v 0.767755 0.324978 1.482162 0.161245 0.161245 0.161245
vn 1.000000 0.000000 0.000000
v 0.767755 0.335719 1.469759 0.161245 0.161245 0.161245
vn 1.000000 0.000000 0.000000
f 6967//6967 6968//6968 6969//6969
v 0.767755 0.432388 1.456995 0.161245 0.161245 0.161245
vn 1.000000 0.000000 0.000000
v 0.767755 0.335719 1.469759 0.161245 0.161245 0.161245
vn 1.000000 0.000000 0.000000
v 0.767755 0.421647 1.449625 0.161245 0.161245 0.161245
vn 1.000000 0.000000 0.000000
f 6970//6970 6971//6971 6972//6972
v 0.770480 0.355073 1.339892 0.161245 0.161245 0.161245
vn 0.998672 -0.029152 0.042485
v 0.767755 0.432388 1.456995 0.161245 0.161245 0.161245
vn 0.998672 -0.029152 0.042485
v 0.767755 0.421647 1.449625 0.161245 0.161245 0.161245
vn 0.998672 -0.029152 0.042485
f 6973//6973 6974//6974 6975//6975
v 0.770480 0.355073 1.339892 0.161245 0.161245 0.161245
vn 0.728166 -0.577824 0.368639
v 0.767755 0.421647 1.449625 0.161245 0.161245 0.161245
vn 0.728166 -0.577824 0.368639
v 0.767128 0.359122 1.352860 0.161245 0.161245 0.161245
vn 0.728166 -0.577824 0.368639
f 6976//6976 6977//6977 6978//6978
v 0.767128 0.251085 1.301525 0.161245 0.161245 0.161245
vn 0.000000 -0.956123 0.292966
v 0.767128 0.258022 1.324167 0.161245 0.161245 0.161245
vn 0.000000 -0.956123 0.292966
v 0.735402 0.258022 1.324167 0.161245 0.161245 0.161245
vn 0.000000 -0.956123 0.292966
f 6979//6979 6980//6980 6981//6981
v 0.767128 0.251085 1.301525 0.161245 0.161245 0.161245
vn 0.000000 -0.956123 0.292966
v 0.735402 0.258022 1.324167 0.161245 0.161245 0.161245
vn 0.000000 -0.956123 0.292966
v 0.735402 0.251085 1.301525 0.161245 0.161245 0.161245
vn 0.000000 -0.956123 0.292966
f 6982//6982 6983//6983 6984//6984
v 0.767755 0.432388 1.456995 0.161245 0.161245 0.161245
vn 0.895834 0.380153 -0.230142
v 0.770480 0.355073 1.339892 0.161245 0.161245 0.161245
vn 0.895834 0.380153 -0.230142
v 0.767128 0.368399 1.348855 0.161245 0.161245 0.161245
vn 0.895834 0.380153 -0.230142
f 6985//6985 6986//6986 6987//6987
v 0.767755 0.432388 1.456995 0.161245 0.161245 0.161245
vn 0.999965 -0.008313 -0.000882
v 0.767128 0.368399 1.348855 0.161245 0.161245 0.161245
vn 0.999965 -0.008313 -0.000882
v 0.767755 0.433723 1.444411 0.161245 0.161245 0.161245
vn 0.999965 -0.008313 -0.000882
f 6988//6988 6989//6989 6990//6990
v 0.770480 0.355073 1.339892 0.161245 0.161245 0.161245
vn 0.977456 0.138987 0.158938
v 0.770480 0.377104 1.320626 0.161245 0.161245 0.161245
vn 0.977456 0.138987 0.158938
v 0.767128 0.387354 1.332280 0.161245 0.161245 0.161245
vn 0.977456 0.138987 0.158938
f 6991//6991 6992//6992 6993//6993
v 0.770480 0.355073 1.339892 0.161245 0.161245 0.161245
vn 0.977456 0.138987 0.158938
v 0.767128 0.387354 1.332280 0.161245 0.161245 0.161245
vn 0.977456 0.138987 0.158938
v 0.767128 0.368399 1.348855 0.161245 0.161245 0.161245
vn 0.977456 0.138987 0.158938
f 6994//6994 6995//6995 6996//6996
v 0.767755 0.511017 1.388236 0.161245 0.161245 0.161245
vn 1.000000 0.000000 0.000000
v 0.767755 0.432388 1.456995 0.161245 0.161245 0.161245
vn 1.000000 0.000000 0.000000
v 0.767755 0.433723 1.444411 0.161245 0.161245 0.161245
vn 1.000000 0.000000 0.000000
f 6997//6997 6998//6998 6999//6999
v 0.767755 0.511017 1.388236 0.161245 0.161245 0.161245
vn 1.000000 0.000000 0.000000
v 0.767755 0.433723 1.444411 0.161245 0.161245 0.161245
vn 1.000000 0.000000 0.000000
v 0.767755 0.496626 1.389404 0.161245 0.161245 0.161245
vn 1.000000 0.000000 0.000000
f 7000//7000 7001//7001 7002//7002
v 0.767128 0.398872 1.301525 0.161245 0.161245 0.161245
vn 0.000000 -0.017172 0.999853
v 0.767755 0.525613 1.303702 0.161245 0.161245 0.161245
vn 0.000000 -0.017172 0.999853
v 0.726457 0.525613 1.303702 0.161245 0.161245 0.161245
vn 0.000000 -0.017172 0.999853
f 7003//7003 7004//7004 7005//7005
v 0.767128 0.398872 1.301525 0.161245 0.161245 0.161245
vn 0.000000 -0.017172 0.999853
v 0.726457 0.525613 1.303702 0.161245 0.161245 0.161245
vn 0.000000 -0.017172 0.999853
v 0.735402 0.398872 1.301525 0.161245 0.161245 0.161245
vn 0.000000 -0.017172 0.999853
f 7006//7006 7007//7007 7008//7008
v 0.770480 0.377104 1.320626 0.161245 0.161245 0.161245
vn 0.976583 0.205701 0.063024
v 0.770480 0.385167 1.294309 0.161245 0.161245 0.161245
vn 0.976583 0.205701 0.063024
v 0.767128 0.398872 1.301525 0.161245 0.161245 0.161245
vn 0.976583 0.205701 0.063024
f 7009//7009 7010//7010 7011//7011
v 0.770480 0.377104 1.320626 0.161245 0.161245 0.161245
vn 0.976582 0.205707 0.063031
v 0.767128 0.398872 1.301525 0.161245 0.161245 0.161245
vn 0.976582 0.205707 0.063031
v 0.767128 0.391934 1.324167 0.161245 0.161245 0.161245
vn 0.976582 0.205707 0.063031
f 7012//7012 7013//7013 7014//7014
v 0.767755 0.539796 1.294309 0.161245 0.161245 0.161245
vn 1.000000 0.000000 0.000000
v 0.767755 0.511017 1.388236 0.161245 0.161245 0.161245
vn 1.000000 0.000000 0.000000
v 0.767755 0.502588 1.378843 0.161245 0.161245 0.161245
vn 1.000000 0.000000 0.000000
f 7015//7015 7016//7016 7017//7017
v 0.767755 0.539796 1.294309 0.161245 0.161245 0.161245
vn 1.000000 0.000000 0.000000
v 0.767755 0.502588 1.378843 0.161245 0.161245 0.161245
vn 1.000000 0.000000 0.000000
v 0.767755 0.525613 1.303702 0.161245 0.161245 0.161245
vn 1.000000 0.000000 0.000000
f 7018//7018 7019//7019 7020//7020
v 0.770480 0.385167 1.294309 0.161245 0.161245 0.161245
vn 0.999491 0.017613 0.026596
v 0.767755 0.539796 1.294309 0.161245 0.161245 0.161245
vn 0.999491 0.017613 0.026596
v 0.767755 0.525613 1.303702 0.161245 0.161245 0.161245
vn 0.999491 0.017613 0.026596
f 7021//7021 7022//7022 7023//7023
v 0.770480 0.385167 1.294309 0.161245 0.161245 0.161245
vn 0.897947 -0.012001 0.439939
v 0.767755 0.525613 1.303702 0.161245 0.161245 0.161245
vn 0.897947 -0.012001 0.439939
v 0.767128 0.398872 1.301525 0.161245 0.161245 0.161245
vn 0.897947 -0.012001 0.439939
f 7024//7024 7025//7025 7026//7026
v 0.767755 0.314237 1.469759 0.161245 0.161245 0.161245
vn 0.000000 0.228140 -0.973628
v 0.767755 0.228309 1.449625 0.161245 0.161245 0.161245
vn 0.000000 0.228140 -0.973628
v 0.726457 0.228309 1.449625 0.161245 0.161245 0.161245
vn 0.000000 0.228140 -0.973628
f 7027//7027 7028//7028 7029//7029
v 0.767755 0.314237 1.469759 0.161245 0.161245 0.161245
vn 0.000000 0.228140 -0.973628
v 0.726457 0.228309 1.449625 0.161245 0.161245 0.161245
vn 0.000000 0.228140 -0.973628
v 0.726457 0.314237 1.469759 0.161245 0.161245 0.161245
vn 0.000000 0.228140 -0.973628
f 7030//7030 7031//7031 7032//7032
v 0.767755 0.432388 1.131623 0.161245 0.161245 0.161245
vn 1.000000 0.000000 0.000000
v 0.767755 0.511017 1.200382 0.161245 0.161245 0.161245
vn 1.000000 0.000000 0.000000
v 0.767755 0.496626 1.199215 0.161245 0.161245 0.161245
vn 1.000000 0.000000 0.000000
f 7033//7033 7034//7034 7035//7035
v 0.767755 0.432388 1.131623 0.161245 0.161245 0.161245
vn 1.000000 0.000000 0.000000
v 0.767755 0.496626 1.199215 0.161245 0.161245 0.161245
vn 1.000000 0.000000 0.000000
v 0.767755 0.433723 1.144207 0.161245 0.161245 0.161245
vn 1.000000 0.000000 0.000000
f 7036//7036 7037//7037 7038//7038
v 0.767755 0.511017 1.200382 0.161245 0.161245 0.161245
vn 0.881831 -0.198113 -0.427932
v 0.770480 0.377104 1.267993 0.161245 0.161245 0.161245
vn 0.881831 -0.198113 -0.427932
v 0.767128 0.387354 1.256339 0.161245 0.161245 0.161245
vn 0.881831 -0.198113 -0.427932
f 7039//7039 7040//7040 7041//7041
v 0.767755 0.511017 1.200382 0.161245 0.161245 0.161245
vn 0.999955 -0.000771 0.009508
v 0.767128 0.387354 1.256339 0.161245 0.161245 0.161245
vn 0.999955 -0.000771 0.009508
v 0.767755 0.496626 1.199215 0.161245 0.161245 0.161245
vn 0.999955 -0.000771 0.009508
f 7042//7042 7043//7043 7044//7044
v 0.770480 0.355073 1.248726 0.161245 0.161245 0.161245
vn 0.999534 0.030351 -0.003220
v 0.767755 0.432388 1.131623 0.161245 0.161245 0.161245
vn 0.999534 0.030351 -0.003220
v 0.767755 0.433723 1.144207 0.161245 0.161245 0.161245
vn 0.999534 0.030351 -0.003220
f 7045//7045 7046//7046 7047//7047
v 0.770480 0.355073 1.248726 0.161245 0.161245 0.161245
vn 0.865879 0.410310 0.286181
v 0.767755 0.433723 1.144207 0.161245 0.161245 0.161245
vn 0.865879 0.410310 0.286181
v 0.767128 0.368399 1.239763 0.161245 0.161245 0.161245
vn 0.865879 0.410310 0.286181
f 7048//7048 7049//7049 7050//7050
v 0.767128 0.262602 1.256339 0.161245 0.161245 0.161245
vn 0.000000 0.463283 -0.886210
v 0.767755 0.153330 1.199215 0.161245 0.161245 0.161245
vn 0.000000 0.463283 -0.886210
v 0.726457 0.153330 1.199215 0.161245 0.161245 0.161245
vn 0.000000 0.463283 -0.886210
f 7051//7051 7052//7052 7053//7053
v 0.767128 0.262602 1.256339 0.161245 0.161245 0.161245
vn 0.000030 0.463274 -0.886215
v 0.726457 0.153330 1.199215 0.161245 0.161245 0.161245
vn 0.000030 0.463274 -0.886215
v 0.735402 0.262602 1.256338 0.161245 0.161245 0.161245
vn 0.000030 0.463274 -0.886215
f 7054//7054 7055//7055 7056//7056
v 0.767755 0.539796 1.294309 0.161245 0.161245 0.161245
vn 0.918164 0.016180 -0.395871
v 0.770480 0.385167 1.294309 0.161245 0.161245 0.161245
vn 0.918164 0.016180 -0.395871
v 0.767128 0.398872 1.287094 0.161245 0.161245 0.161245
vn 0.918164 0.016180 -0.395871
f 7057//7057 7058//7058 7059//7059
v 0.767755 0.539796 1.294309 0.161245 0.161245 0.161245
vn 0.999962 -0.004825 0.007286
v 0.767128 0.398872 1.287094 0.161245 0.161245 0.161245
vn 0.999962 -0.004825 0.007286
v 0.767755 0.525613 1.284917 0.161245 0.161245 0.161245
vn 0.999962 -0.004825 0.007286
f 7060//7060 7061//7061 7062//7062
v 0.770480 0.385167 1.294309 0.161245 0.161245 0.161245
vn 0.976582 0.205708 -0.063028
v 0.770480 0.377104 1.267993 0.161245 0.161245 0.161245
vn 0.976582 0.205708 -0.063028
v 0.767128 0.391934 1.264452 0.161245 0.161245 0.161245
vn 0.976582 0.205708 -0.063028
f 7063//7063 7064//7064 7065//7065
v 0.770480 0.385167 1.294309 0.161245 0.161245 0.161245
vn 0.976583 0.205703 -0.063029
v 0.767128 0.391934 1.264452 0.161245 0.161245 0.161245
vn 0.976583 0.205703 -0.063029
v 0.767128 0.398872 1.287094 0.161245 0.161245 0.161245
vn 0.976583 0.205703 -0.063029
f 7066//7066 7067//7067 7068//7068
v 0.767755 0.511017 1.200382 0.161245 0.161245 0.161245
vn 1.000000 0.000000 0.000000
v 0.767755 0.539796 1.294309 0.161245 0.161245 0.161245
vn 1.000000 0.000000 0.000000
v 0.767755 0.525613 1.284917 0.161245 0.161245 0.161245
vn 1.000000 0.000000 0.000000
f 7069//7069 7070//7070 7071//7071
v 0.767755 0.511017 1.200382 0.161245 0.161245 0.161245
vn 1.000000 0.000000 0.000000
v 0.767755 0.525613 1.284917 0.161245 0.161245 0.161245
vn 1.000000 0.000000 0.000000
v 0.767755 0.502588 1.209775 0.161245 0.161245 0.161245
vn 1.000000 0.000000 0.000000
f 7072//7072 7073//7073 7074//7074
v 0.767755 0.502588 1.209775 0.161245 0.161245 0.161245
vn 0.000000 -0.956122 0.292968
v 0.767755 0.525613 1.284917 0.161245 0.161245 0.161245
vn 0.000000 -0.956122 0.292968
v 0.726457 0.525613 1.284917 0.161245 0.161245 0.161245
vn 0.000000 -0.956122 0.292968
f 7075//7075 7076//7076 7077//7077
v 0.767755 0.502588 1.209775 0.161245 0.161245 0.161245
vn 0.000000 -0.956122 0.292968
v 0.726457 0.525613 1.284917 0.161245 0.161245 0.161245
vn 0.000000 -0.956122 0.292968
v 0.726457 0.502588 1.209775 0.161245 0.161245 0.161245
vn 0.000000 -0.956122 0.292968
f 7078//7078 7079//7079 7080//7080
v 0.767755 0.432388 1.131623 0.161245 0.161245 0.161245
vn 0.772123 -0.521908 -0.362544
v 0.770480 0.355073 1.248726 0.161245 0.161245 0.161245
vn 0.772123 -0.521908 -0.362544
v 0.767128 0.359122 1.235758 0.161245 0.161245 0.161245
vn 0.772123 -0.521908 -0.362544
f 7081//7081 7082//7082 7083//7083
v 0.767755 0.432388 1.131623 0.161245 0.161245 0.161245
vn 0.999900 0.007991 0.011646
v 0.767128 0.359122 1.235758 0.161245 0.161245 0.161245
vn 0.999900 0.007991 0.011646
v 0.767755 0.421647 1.138993 0.161245 0.161245 0.161245
vn 0.999900 0.007991 0.011646
f 7084//7084 7085//7085 7086//7086
v 0.767755 0.324978 1.106456 0.161245 0.161245 0.161245
vn 1.000000 0.000000 0.000000
v 0.767755 0.432388 1.131623 0.161245 0.161245 0.161245
vn 1.000000 0.000000 0.000000
v 0.767755 0.421647 1.138993 0.161245 0.161245 0.161245
vn 1.000000 0.000000 0.000000
f 7087//7087 7088//7088 7089//7089
v 0.767755 0.324978 1.106456 0.161245 0.161245 0.161245
vn 1.000000 0.000000 0.000000
v 0.767755 0.421647 1.138993 0.161245 0.161245 0.161245
vn 1.000000 0.000000 0.000000
v 0.767755 0.335719 1.118860 0.161245 0.161245 0.161245
vn 1.000000 0.000000 0.000000
f 7090//7090 7091//7091 7092//7092
v 0.770480 0.324978 1.241675 0.161245 0.161245 0.161245
vn 0.999526 0.023261 -0.020142
v 0.767755 0.324978 1.106456 0.161245 0.161245 0.161245
vn 0.999526 0.023261 -0.020142
v 0.767755 0.335719 1.118860 0.161245 0.161245 0.161245
vn 0.999526 0.023261 -0.020142
f 7093//7093 7094//7094 7095//7095
v 0.770480 0.324978 1.241675 0.161245 0.161245 0.161245
vn 0.919074 0.393835 0.014052
v 0.767755 0.335719 1.118860 0.161245 0.161245 0.161245
vn 0.919074 0.393835 0.014052
v 0.767128 0.333229 1.229691 0.161245 0.161245 0.161245
vn 0.919074 0.393835 0.014052
f 7096//7096 7097//7097 7098//7098
v 0.767755 0.147368 1.378843 0.161245 0.161245 0.161245
vn 0.000000 0.956126 -0.292957
v 0.767755 0.124344 1.303702 0.161245 0.161245 0.161245
vn 0.000000 0.956126 -0.292957
v 0.726457 0.124344 1.303702 0.161245 0.161245 0.161245
vn 0.000000 0.956126 -0.292957
f 7099//7099 7100//7100 7101//7101
v 0.767755 0.147368 1.378843 0.161245 0.161245 0.161245
vn 0.000000 0.956126 -0.292957
v 0.726457 0.124344 1.303702 0.161245 0.161245 0.161245
vn 0.000000 0.956126 -0.292957
v 0.726457 0.147368 1.378843 0.161245 0.161245 0.161245
vn 0.000000 0.956126 -0.292957
f 7102//7102 7103//7103 7104//7104
v 0.767755 0.217568 1.131623 0.161245 0.161245 0.161245
vn 1.000000 0.000000 0.000000
v 0.767755 0.324978 1.106456 0.161245 0.161245 0.161245
vn 1.000000 0.000000 0.000000
v 0.767755 0.314237 1.118860 0.161245 0.161245 0.161245
vn 1.000000 0.000000 0.000000
f 7105//7105 7106//7106 7107//7107
v 0.767755 0.217568 1.131623 0.161245 0.161245 0.161245
vn 1.000000 0.000000 0.000000
v 0.767755 0.314237 1.118860 0.161245 0.161245 0.161245
vn 1.000000 0.000000 0.000000
v 0.767755 0.228309 1.138993 0.161245 0.161245 0.161245
vn 1.000000 0.000000 0.000000
f 7108//7108 7109//7109 7110//7110
v 0.770480 0.294883 1.248726 0.161245 0.161245 0.161245
vn 0.998672 0.029152 -0.042485
v 0.767755 0.217568 1.131623 0.161245 0.161245 0.161245
vn 0.998672 0.029152 -0.042485
v 0.767755 0.228309 1.138993 0.161245 0.161245 0.161245
vn 0.998672 0.029152 -0.042485
f 7111//7111 7112//7112 7113//7113
v 0.770480 0.294883 1.248726 0.161245 0.161245 0.161245
vn 0.728166 0.577824 -0.368639
v 0.767755 0.228309 1.138993 0.161245 0.161245 0.161245
vn 0.728166 0.577824 -0.368639
v 0.767128 0.290834 1.235758 0.161245 0.161245 0.161245
vn 0.728166 0.577824 -0.368639
f 7114//7114 7115//7115 7116//7116
v 0.767755 0.324978 1.106456 0.161245 0.161245 0.161245
vn 0.935536 -0.352729 -0.018853
v 0.770480 0.324978 1.241675 0.161245 0.161245 0.161245
vn 0.935536 -0.352729 -0.018853
v 0.767128 0.316727 1.229691 0.161245 0.161245 0.161245
vn 0.935536 -0.352729 -0.018853
f 7117//7117 7118//7118 7119//7119
v 0.767755 0.324978 1.106456 0.161245 0.161245 0.161245
vn 0.999964 0.006371 0.005517
v 0.767128 0.316727 1.229691 0.161245 0.161245 0.161245
vn 0.999964 0.006371 0.005517
v 0.767755 0.314237 1.118860 0.161245 0.161245 0.161245
vn 0.999964 0.006371 0.005517
f 7120//7120 7121//7121 7122//7122
v 0.767755 0.502588 1.378843 0.161245 0.161245 0.161245
vn 0.000000 0.442988 -0.896528
v 0.767128 0.391934 1.324167 0.161245 0.161245 0.161245
vn 0.000000 0.442988 -0.896528
v 0.735402 0.391934 1.324167 0.161245 0.161245 0.161245
vn 0.000000 0.442988 -0.896528
f 7123//7123 7124//7124 7125//7125
v 0.767755 0.502588 1.378843 0.161245 0.161245 0.161245
vn 0.000000 0.442988 -0.896528
v 0.735402 0.391934 1.324167 0.161245 0.161245 0.161245
vn 0.000000 0.442988 -0.896528
v 0.726457 0.502588 1.378843 0.161245 0.161245 0.161245
vn 0.000000 0.442988 -0.896528
f 7126//7126 7127//7127 7128//7128
v 0.770480 0.294883 1.248726 0.161245 0.161245 0.161245
vn 0.977456 -0.138992 -0.158934
v 0.770480 0.272852 1.267993 0.161245 0.161245 0.161245
vn 0.977456 -0.138992 -0.158934
v 0.767128 0.262602 1.256339 0.161245 0.161245 0.161245
vn 0.977456 -0.138992 -0.158934
f 7129//7129 7130//7130 7131//7131
v 0.770480 0.294883 1.248726 0.161245 0.161245 0.161245
vn 0.977457 -0.138991 -0.158932
v 0.767128 0.262602 1.256339 0.161245 0.161245 0.161245
vn 0.977457 -0.138991 -0.158932
v 0.767128 0.281557 1.239763 0.161245 0.161245 0.161245
vn 0.977457 -0.138991 -0.158932
f 7132//7132 7133//7133 7134//7134
v 0.767755 0.217568 1.131623 0.161245 0.161245 0.161245
vn 0.895834 -0.380153 0.230142
v 0.770480 0.294883 1.248726 0.161245 0.161245 0.161245
vn 0.895834 -0.380153 0.230142
v 0.767128 0.281557 1.239763 0.161245 0.161245 0.161245
vn 0.895834 -0.380153 0.230142
f 7135//7135 7136//7136 7137//7137
v 0.767755 0.217568 1.131623 0.161245 0.161245 0.161245
vn 0.999965 0.008313 0.000882
v 0.767128 0.281557 1.239763 0.161245 0.161245 0.161245
vn 0.999965 0.008313 0.000882
v 0.767755 0.216233 1.144207 0.161245 0.161245 0.161245
vn 0.999965 0.008313 0.000882
f 7138//7138 7139//7139 7140//7140
v 0.767755 0.138939 1.200382 0.161245 0.161245 0.161245
vn 1.000000 0.000000 0.000000
v 0.767755 0.217568 1.131623 0.161245 0.161245 0.161245
vn 1.000000 0.000000 0.000000
v 0.767755 0.216233 1.144207 0.161245 0.161245 0.161245
vn 1.000000 0.000000 0.000000
f 7141//7141 7142//7142 7143//7143
v 0.767755 0.138939 1.200382 0.161245 0.161245 0.161245
vn 1.000000 0.000000 0.000000
v 0.767755 0.216233 1.144207 0.161245 0.161245 0.161245
vn 1.000000 0.000000 0.000000
v 0.767755 0.153330 1.199215 0.161245 0.161245 0.161245
vn 1.000000 0.000000 0.000000
f 7144//7144 7145//7145 7146//7146
v 0.767755 0.216233 1.144207 0.161245 0.161245 0.161245
vn 0.000000 -0.825535 0.564352
v 0.767128 0.281557 1.239763 0.161245 0.161245 0.161245
vn 0.000000 -0.825535 0.564352
v 0.735402 0.281557 1.239763 0.161245 0.161245 0.161245
vn 0.000000 -0.825535 0.564352
f 7147//7147 7148//7148 7149//7149
v 0.767755 0.216233 1.144207 0.161245 0.161245 0.161245
vn 0.000000 -0.825535 0.564352
v 0.735402 0.281557 1.239763 0.161245 0.161245 0.161245
vn 0.000000 -0.825535 0.564352
v 0.726457 0.216233 1.144207 0.161245 0.161245 0.161245
vn 0.000000 -0.825535 0.564352
f 7150//7150 7151//7151 7152//7152
v 0.767755 0.138939 1.200382 0.161245 0.161245 0.161245
vn 0.752402 -0.309015 0.581723
v 0.770480 0.272852 1.267993 0.161245 0.161245 0.161245
vn 0.752402 -0.309015 0.581723
v 0.767128 0.258022 1.264451 0.161245 0.161245 0.161245
vn 0.752402 -0.309015 0.581723
f 7153//7153 7154//7154 7155//7155
v 0.767755 0.138939 1.200382 0.161245 0.161245 0.161245
vn 0.999906 0.010184 -0.009138
v 0.767128 0.258022 1.264451 0.161245 0.161245 0.161245
vn 0.999906 0.010184 -0.009138
v 0.767755 0.147368 1.209775 0.161245 0.161245 0.161245
vn 0.999906 0.010184 -0.009138
f 7156//7156 7157//7157 7158//7158
v 0.767755 0.110160 1.294309 0.161245 0.161245 0.161245
vn 1.000000 0.000000 0.000000
v 0.767755 0.138939 1.200382 0.161245 0.161245 0.161245
vn 1.000000 0.000000 0.000000
v 0.767755 0.147368 1.209775 0.161245 0.161245 0.161245
vn 1.000000 0.000000 0.000000
f 7159//7159 7160//7160 7161//7161
v 0.767755 0.110160 1.294309 0.161245 0.161245 0.161245
vn 1.000000 0.000000 0.000000
v 0.767755 0.147368 1.209775 0.161245 0.161245 0.161245
vn 1.000000 0.000000 0.000000
v 0.767755 0.124344 1.284916 0.161245 0.161245 0.161245
vn 1.000000 0.000000 0.000000
f 7162//7162 7163//7163 7164//7164
v 0.770480 0.264789 1.294309 0.161245 0.161245 0.161245
vn 0.999491 -0.017613 -0.026599
v 0.767755 0.110160 1.294309 0.161245 0.161245 0.161245
vn 0.999491 -0.017613 -0.026599
v 0.767755 0.124344 1.284916 0.161245 0.161245 0.161245
vn 0.999491 -0.017613 -0.026599
f 7165//7165 7166//7166 7167//7167
v 0.770480 0.264789 1.294309 0.161245 0.161245 0.161245
vn 0.897917 0.012005 -0.440000
v 0.767755 0.124344 1.284916 0.161245 0.161245 0.161245
vn 0.897917 0.012005 -0.440000
v 0.767128 0.251085 1.287094 0.161245 0.161245 0.161245
vn 0.897917 0.012005 -0.440000
f 7168//7168 7169//7169 7170//7170
v 0.767128 0.391934 1.324167 0.161245 0.161245 0.161245
vn 0.000000 0.956123 0.292966
v 0.767128 0.398872 1.301525 0.161245 0.161245 0.161245
vn 0.000000 0.956123 0.292966
v 0.735402 0.398872 1.301525 0.161245 0.161245 0.161245
vn 0.000000 0.956123 0.292966
f 7171//7171 7172//7172 7173//7173
v 0.767128 0.391934 1.324167 0.161245 0.161245 0.161245
vn 0.000000 0.956123 0.292966
v 0.735402 0.398872 1.301525 0.161245 0.161245 0.161245
vn 0.000000 0.956123 0.292966
v 0.735402 0.391934 1.324167 0.161245 0.161245 0.161245
vn 0.000000 0.956123 0.292966
f 7174//7174 7175//7175 7176//7176
v 0.770480 0.264789 1.294309 0.161245 0.161245 0.161245
vn 0.976582 -0.205708 0.063026
v 0.770480 0.272852 1.320626 0.161245 0.161245 0.161245
vn 0.976582 -0.205708 0.063026
v 0.767128 0.258022 1.324167 0.161245 0.161245 0.161245
vn 0.976582 -0.205708 0.063026
f 7177//7177 7178//7178 7179//7179
v 0.770480 0.264789 1.294309 0.161245 0.161245 0.161245
vn 0.976584 -0.205699 0.063028
v 0.767128 0.258022 1.324167 0.161245 0.161245 0.161245
vn 0.976584 -0.205699 0.063028
v 0.767128 0.251085 1.301525 0.161245 0.161245 0.161245
vn 0.976584 -0.205699 0.063028
f 7180//7180 7181//7181 7182//7182
v 0.767755 0.138939 1.388236 0.161245 0.161245 0.161245
vn 1.000000 0.000000 0.000000
v 0.767755 0.110160 1.294309 0.161245 0.161245 0.161245
vn 1.000000 0.000000 0.000000
v 0.767755 0.124344 1.303702 0.161245 0.161245 0.161245
vn 1.000000 0.000000 0.000000
f 7183//7183 7184//7184 7185//7185
v 0.767755 0.138939 1.388236 0.161245 0.161245 0.161245
vn 1.000000 0.000000 0.000000
v 0.767755 0.124344 1.303702 0.161245 0.161245 0.161245
vn 1.000000 0.000000 0.000000
v 0.767755 0.147368 1.378843 0.161245 0.161245 0.161245
vn 1.000000 0.000000 0.000000
f 7186//7186 7187//7187 7188//7188
v 0.770480 0.272852 1.320626 0.161245 0.161245 0.161245
vn 0.998753 -0.037155 -0.033339
v 0.767755 0.138939 1.388236 0.161245 0.161245 0.161245
vn 0.998753 -0.037155 -0.033339
v 0.767755 0.147368 1.378843 0.161245 0.161245 0.161245
vn 0.998753 -0.037155 -0.033339
f 7189//7189 7190//7190 7191//7191
v 0.770480 0.272852 1.320626 0.161245 0.161245 0.161245
vn 0.703695 -0.311533 -0.638561
v 0.767755 0.147368 1.378843 0.161245 0.161245 0.161245
vn 0.703695 -0.311533 -0.638561
v 0.767128 0.258022 1.324167 0.161245 0.161245 0.161245
vn 0.703695 -0.311533 -0.638561
f 7192//7192 7193//7193 7194//7194
v 0.767128 0.281557 1.239763 0.161245 0.161245 0.161245
vn 0.000026 -0.658305 -0.752751
v 0.767128 0.262602 1.256339 0.161245 0.161245 0.161245
vn 0.000026 -0.658305 -0.752751
v 0.735402 0.262602 1.256338 0.161245 0.161245 0.161245
vn 0.000026 -0.658305 -0.752751
f 7195//7195 7196//7196 7197//7197
v 0.767128 0.281557 1.239763 0.161245 0.161245 0.161245
vn 0.000000 -0.658281 -0.752772
v 0.735402 0.262602 1.256338 0.161245 0.161245 0.161245
vn 0.000000 -0.658281 -0.752772
v 0.735402 0.281557 1.239763 0.161245 0.161245 0.161245
vn 0.000000 -0.658281 -0.752772
f 7198//7198 7199//7199 7200//7200
v 0.767755 0.217568 1.456995 0.161245 0.161245 0.161245
vn 1.000000 0.000000 0.000000
v 0.767755 0.138939 1.388236 0.161245 0.161245 0.161245
vn 1.000000 0.000000 0.000000
v 0.767755 0.153330 1.389404 0.161245 0.161245 0.161245
vn 1.000000 0.000000 0.000000
f 7201//7201 7202//7202 7203//7203
v 0.767755 0.217568 1.456995 0.161245 0.161245 0.161245
vn 1.000000 0.000000 0.000000
v 0.767755 0.153330 1.389404 0.161245 0.161245 0.161245
vn 1.000000 0.000000 0.000000
v 0.767755 0.216233 1.444411 0.161245 0.161245 0.161245
vn 1.000000 0.000000 0.000000
f 7204//7204 7205//7205 7206//7206
v 0.770480 0.294883 1.339892 0.161245 0.161245 0.161245
vn 0.999534 -0.030351 0.003220
v 0.767755 0.217568 1.456995 0.161245 0.161245 0.161245
vn 0.999534 -0.030351 0.003220
v 0.767755 0.216233 1.444411 0.161245 0.161245 0.161245
vn 0.999534 -0.030351 0.003220
f 7207//7207 7208//7208 7209//7209
v 0.770480 0.294883 1.339892 0.161245 0.161245 0.161245
vn 0.865879 -0.410310 -0.286181
v 0.767755 0.216233 1.444411 0.161245 0.161245 0.161245
vn 0.865879 -0.410310 -0.286181
v 0.767128 0.281557 1.348855 0.161245 0.161245 0.161245
vn 0.865879 -0.410310 -0.286181
f 7210//7210 7211//7211 7212//7212
v 0.767755 0.138939 1.388236 0.161245 0.161245 0.161245
vn 0.881834 0.198108 0.427928
v 0.770480 0.272852 1.320626 0.161245 0.161245 0.161245
vn 0.881834 0.198108 0.427928
v 0.767128 0.262602 1.332280 0.161245 0.161245 0.161245
vn 0.881834 0.198108 0.427928
f 7213//7213 7214//7214 7215//7215
v 0.767755 0.138939 1.388236 0.161245 0.161245 0.161245
vn 0.999955 0.000771 -0.009506
v 0.767128 0.262602 1.332280 0.161245 0.161245 0.161245
vn 0.999955 0.000771 -0.009506
v 0.767755 0.153330 1.389404 0.161245 0.161245 0.161245
vn 0.999955 0.000771 -0.009506
f 7216//7216 7217//7217 7218//7218
v 0.767755 0.124344 1.303702 0.161245 0.161245 0.161245
vn 0.000000 0.017172 0.999853
v 0.767128 0.251085 1.301525 0.161245 0.161245 0.161245
vn 0.000000 0.017172 0.999853
v 0.735402 0.251085 1.301525 0.161245 0.161245 0.161245
vn 0.000000 0.017172 0.999853
f 7219//7219 7220//7220 7221//7221
v 0.767755 0.124344 1.303702 0.161245 0.161245 0.161245
vn 0.000000 0.017172 0.999853
v 0.735402 0.251085 1.301525 0.161245 0.161245 0.161245
vn 0.000000 0.017172 0.999853
v 0.726457 0.124344 1.303702 0.161245 0.161245 0.161245
vn 0.000000 0.017172 0.999853
f 7222//7222 7223//7223 7224//7224
v 0.767755 0.525613 1.284917 0.161245 0.161245 0.161245
vn 0.000000 -0.017172 -0.999853
v 0.767128 0.398872 1.287094 0.161245 0.161245 0.161245
vn 0.000000 -0.017172 -0.999853
v 0.735402 0.398872 1.287094 0.161245 0.161245 0.161245
vn 0.000000 -0.017172 -0.999853
f 7225//7225 7226//7226 7227//7227
v 0.767755 0.525613 1.284917 0.161245 0.161245 0.161245
vn 0.000000 -0.017172 -0.999853
v 0.735402 0.398872 1.287094 0.161245 0.161245 0.161245
vn 0.000000 -0.017172 -0.999853
v 0.726457 0.525613 1.284917 0.161245 0.161245 0.161245
vn 0.000000 -0.017172 -0.999853
f 7228//7228 7229//7229 7230//7230
v 0.767755 0.228309 1.449625 0.161245 0.161245 0.161245
vn 0.000000 0.839918 0.542713
v 0.767128 0.290834 1.352860 0.161245 0.161245 0.161245
vn 0.000000 0.839918 0.542713
v 0.735402 0.290834 1.352860 0.161245 0.161245 0.161245
vn 0.000000 0.839918 0.542713
f 7231//7231 7232//7232 7233//7233
v 0.767755 0.228309 1.449625 0.161245 0.161245 0.161245
vn 0.000000 0.839918 0.542713
v 0.735402 0.290834 1.352860 0.161245 0.161245 0.161245
vn 0.000000 0.839918 0.542713
v 0.726457 0.228309 1.449625 0.161245 0.161245 0.161245
vn 0.000000 0.839918 0.542713
f 7234//7234 7235//7235 7236//7236
v 0.767755 0.228309 1.138993 0.161245 0.161245 0.161245
vn 0.000000 0.228128 0.973631
v 0.767755 0.314237 1.118860 0.161245 0.161245 0.161245
vn 0.000000 0.228128 0.973631
v 0.726457 0.314237 1.118860 0.161245 0.161245 0.161245
vn 0.000000 0.228128 0.973631
f 7237//7237 7238//7238 7239//7239
v 0.767755 0.228309 1.138993 0.161245 0.161245 0.161245
vn 0.000000 0.228128 0.973631
v 0.726457 0.314237 1.118860 0.161245 0.161245 0.161245
vn 0.000000 0.228128 0.973631
v 0.726457 0.228309 1.138993 0.161245 0.161245 0.161245
vn 0.000000 0.228128 0.973631
f 7240//7240 7241//7241 7242//7242
v 0.767128 0.258022 1.324167 0.161245 0.161245 0.161245
vn 0.000000 -0.442988 -0.896528
v 0.767755 0.147368 1.378843 0.161245 0.161245 0.161245
vn 0.000000 -0.442988 -0.896528
v 0.726457 0.147368 1.378843 0.161245 0.161245 0.161245
vn 0.000000 -0.442988 -0.896528
f 7243//7243 7244//7244 7245//7245
v 0.767128 0.258022 1.324167 0.161245 0.161245 0.161245
vn 0.000000 -0.442988 -0.896528
v 0.726457 0.147368 1.378843 0.161245 0.161245 0.161245
vn 0.000000 -0.442988 -0.896528
v 0.735402 0.258022 1.324167 0.161245 0.161245 0.161245
vn 0.000000 -0.442988 -0.896528
f 7246//7246 7247//7247 7248//7248
v 0.767755 0.496626 1.389404 0.161245 0.161245 0.161245
vn 0.000000 -0.658281 -0.752772
v 0.767755 0.433723 1.444411 0.161245 0.161245 0.161245
vn 0.000000 -0.658281 -0.752772
v 0.726457 0.433723 1.444411 0.161245 0.161245 0.161245
vn 0.000000 -0.658281 -0.752772
f 7249//7249 7250//7250 7251//7251
v 0.767755 0.496626 1.389404 0.161245 0.161245 0.161245
vn 0.000000 -0.658281 -0.752772
v 0.726457 0.433723 1.444411 0.161245 0.161245 0.161245
vn 0.000000 -0.658281 -0.752772
v 0.726457 0.496626 1.389404 0.161245 0.161245 0.161245
vn 0.000000 -0.658281 -0.752772
f 7252//7252 7253//7253 7254//7254
v 0.767128 0.391934 1.264452 0.161245 0.161245 0.161245
vn 0.000000 0.442995 0.896524
v 0.767755 0.502588 1.209775 0.161245 0.161245 0.161245
vn 0.000000 0.442995 0.896524
v 0.726457 0.502588 1.209775 0.161245 0.161245 0.161245
vn 0.000000 0.442995 0.896524
f 7255//7255 7256//7256 7257//7257
v 0.767128 0.391934 1.264452 0.161245 0.161245 0.161245
vn 0.000000 0.442995 0.896524
v 0.726457 0.502588 1.209775 0.161245 0.161245 0.161245
vn 0.000000 0.442995 0.896524
v 0.735402 0.391934 1.264452 0.161245 0.161245 0.161245
vn 0.000000 0.442995 0.896524
f 7258//7258 7259//7259 7260//7260
v 0.767128 0.316727 1.358928 0.161245 0.161245 0.161245
vn 0.000000 -0.999748 -0.022465
v 0.767755 0.314237 1.469759 0.161245 0.161245 0.161245
vn 0.000000 -0.999748 -0.022465
v 0.726457 0.314237 1.469759 0.161245 0.161245 0.161245
vn 0.000000 -0.999748 -0.022465
f 7261//7261 7262//7262 7263//7263
v 0.767128 0.316727 1.358928 0.161245 0.161245 0.161245
vn 0.000000 -0.999748 -0.022465
v 0.726457 0.314237 1.469759 0.161245 0.161245 0.161245
vn 0.000000 -0.999748 -0.022465
v 0.735402 0.316727 1.358928 0.161245 0.161245 0.161245
vn 0.000000 -0.999748 -0.022465
f 7264//7264 7265//7265 7266//7266
v 0.767128 0.316727 1.229691 0.161245 0.161245 0.161245
vn 0.000000 -0.228124 -0.973632
v 0.767128 0.290834 1.235758 0.161245 0.161245 0.161245
vn 0.000000 -0.228124 -0.973632
v 0.735402 0.290834 1.235758 0.161245 0.161245 0.161245
vn 0.000000 -0.228124 -0.973632
f 7267//7267 7268//7268 7269//7269
v 0.767128 0.316727 1.229691 0.161245 0.161245 0.161245
vn 0.000000 -0.228124 -0.973632
v 0.735402 0.290834 1.235758 0.161245 0.161245 0.161245
vn 0.000000 -0.228124 -0.973632
v 0.735402 0.316727 1.229691 0.161245 0.161245 0.161245
vn 0.000000 -0.228124 -0.973632
f 7270//7270 7271//7271 7272//7272
v 0.767128 0.368399 1.348855 0.161245 0.161245 0.161245
vn 0.000000 0.658281 0.752772
v 0.767128 0.387354 1.332280 0.161245 0.161245 0.161245
vn 0.000000 0.658281 0.752772
v 0.735402 0.387354 1.332280 0.161245 0.161245 0.161245
vn 0.000000 0.658281 0.752772
f 7273//7273 7274//7274 7275//7275
v 0.767128 0.368399 1.348855 0.161245 0.161245 0.161245
vn 0.000000 0.658281 0.752772
v 0.735402 0.387354 1.332280 0.161245 0.161245 0.161245
vn 0.000000 0.658281 0.752772
v 0.735402 0.368399 1.348855 0.161245 0.161245 0.161245
vn 0.000000 0.658281 0.752772
f 7276//7276 7277//7277 7278//7278
v 0.767128 0.290834 1.235758 0.161245 0.161245 0.161245
vn 0.000000 0.839918 -0.542713
v 0.767755 0.228309 1.138993 0.161245 0.161245 0.161245
vn 0.000000 0.839918 -0.542713
v 0.726457 0.228309 1.138993 0.161245 0.161245 0.161245
vn 0.000000 0.839918 -0.542713
f 7279//7279 7280//7280 7281//7281
v 0.767128 0.290834 1.235758 0.161245 0.161245 0.161245
vn 0.000000 0.839918 -0.542713
v 0.726457 0.228309 1.138993 0.161245 0.161245 0.161245
vn 0.000000 0.839918 -0.542713
v 0.735402 0.290834 1.235758 0.161245 0.161245 0.161245
vn 0.000000 0.839918 -0.542713
f 7282//7282 7283//7283 7284//7284
v 0.767128 0.387354 1.332280 0.161245 0.161245 0.161245
vn 0.000000 -0.463283 0.886210
v 0.767755 0.496626 1.389404 0.161245 0.161245 0.161245
vn 0.000000 -0.463283 0.886210
v 0.726457 0.496626 1.389404 0.161245 0.161245 0.161245
vn 0.000000 -0.463283 0.886210
f 7285//7285 7286//7286 7287//7287
v 0.767128 0.387354 1.332280 0.161245 0.161245 0.161245
vn 0.000000 -0.463283 0.886210
v 0.726457 0.496626 1.389404 0.161245 0.161245 0.161245
vn 0.000000 -0.463283 0.886210
v 0.735402 0.387354 1.332280 0.161245 0.161245 0.161245
vn 0.000000 -0.463283 0.886210
f 7288//7288 7289//7289 7290//7290
v 0.767755 0.124344 1.284916 0.161245 0.161245 0.161245
vn 0.000000 0.956126 0.292957
v 0.767755 0.147368 1.209775 0.161245 0.161245 0.161245
vn 0.000000 0.956126 0.292957
v 0.726457 0.147368 1.209775 0.161245 0.161245 0.161245
vn 0.000000 0.956126 0.292957
f 7291//7291 7292//7292 7293//7293
v 0.767755 0.124344 1.284916 0.161245 0.161245 0.161245
vn 0.000000 0.956126 0.292957
v 0.726457 0.147368 1.209775 0.161245 0.161245 0.161245
vn 0.000000 0.956126 0.292957
v 0.726457 0.124344 1.284916 0.161245 0.161245 0.161245
vn 0.000000 0.956126 0.292957
f 7294//7294 7295//7295 7296//7296
v 0.767755 0.433723 1.144207 0.161245 0.161245 0.161245
vn 0.000000 -0.658288 0.752766
v 0.767755 0.496626 1.199215 0.161245 0.161245 0.161245
vn 0.000000 -0.658288 0.752766
v 0.726457 0.496626 1.199215 0.161245 0.161245 0.161245
vn 0.000000 -0.658288 0.752766
f 7297//7297 7298//7298 7299//7299
v 0.767755 0.433723 1.144207 0.161245 0.161245 0.161245
vn 0.000000 -0.658288 0.752766
v 0.726457 0.496626 1.199215 0.161245 0.161245 0.161245
vn 0.000000 -0.658288 0.752766
v 0.726457 0.433723 1.144207 0.161245 0.161245 0.161245
vn 0.000000 -0.658288 0.752766
f 7300//7300 7301//7301 7302//7302
v 0.767755 0.314237 1.118860 0.161245 0.161245 0.161245
vn 0.000000 -0.999748 0.022465
v 0.767128 0.316727 1.229691 0.161245 0.161245 0.161245
vn 0.000000 -0.999748 0.022465
v 0.735402 0.316727 1.229691 0.161245 0.161245 0.161245
vn 0.000000 -0.999748 0.022465
f 7303//7303 7304//7304 7305//7305
v 0.767755 0.314237 1.118860 0.161245 0.161245 0.161245
vn 0.000000 -0.999748 0.022465
v 0.735402 0.316727 1.229691 0.161245 0.161245 0.161245
vn 0.000000 -0.999748 0.022465
v 0.726457 0.314237 1.118860 0.161245 0.161245 0.161245
vn 0.000000 -0.999748 0.022465
f 7306//7306 7307//7307 7308//7308
v 0.767755 0.433723 1.444411 0.161245 0.161245 0.161245
vn 0.000000 0.825535 -0.564352
v 0.767128 0.368399 1.348855 0.161245 0.161245 0.161245
vn 0.000000 0.825535 -0.564352
v 0.735402 0.368399 1.348855 0.161245 0.161245 0.161245
vn 0.000000 0.825535 -0.564352
f 7309//7309 7310//7310 7311//7311
v 0.767755 0.433723 1.444411 0.161245 0.161245 0.161245
vn 0.000000 0.825535 -0.564352
v 0.735402 0.368399 1.348855 0.161245 0.161245 0.161245
vn 0.000000 0.825535 -0.564352
v 0.726457 0.433723 1.444411 0.161245 0.161245 0.161245
vn 0.000000 0.825535 -0.564352
f 7312//7312 7313//7313 7314//7314
v 0.767128 0.258022 1.264451 0.161245 0.161245 0.161245
vn 0.000000 -0.956127 -0.292953
v 0.767128 0.251085 1.287094 0.161245 0.161245 0.161245
vn 0.000000 -0.956127 -0.292953
v 0.735402 0.251085 1.287094 0.161245 0.161245 0.161245
vn 0.000000 -0.956127 -0.292953
f 7315//7315 7316//7316 7317//7317
v 0.767128 0.258022 1.264451 0.161245 0.161245 0.161245
vn 0.000000 -0.956127 -0.292953
v 0.735402 0.251085 1.287094 0.161245 0.161245 0.161245
vn 0.000000 -0.956127 -0.292953
v 0.735402 0.258022 1.264451 0.161245 0.161245 0.161245
vn 0.000000 -0.956127 -0.292953
f 7318//7318 7319//7319 7320//7320
v 0.767128 0.387354 1.256339 0.161245 0.161245 0.161245
vn 0.000000 0.658305 -0.752751
v 0.767128 0.368399 1.239763 0.161245 0.161245 0.161245
vn 0.000000 0.658305 -0.752751
v 0.735402 0.368399 1.239763 0.161245 0.161245 0.161245
vn 0.000000 0.658305 -0.752751
f 7321//7321 7322//7322 7323//7323
v 0.767128 0.387354 1.256339 0.161245 0.161245 0.161245
vn 0.000026 0.658281 -0.752772
v 0.735402 0.368399 1.239763 0.161245 0.161245 0.161245
vn 0.000026 0.658281 -0.752772
v 0.735402 0.387354 1.256338 0.161245 0.161245 0.161245
vn 0.000026 0.658281 -0.752772
f 7324//7324 7325//7325 7326//7326
v 0.767755 0.147368 1.209775 0.161245 0.161245 0.161245
vn 0.000000 -0.442988 0.896528
v 0.767128 0.258022 1.264451 0.161245 0.161245 0.161245
vn 0.000000 -0.442988 0.896528
v 0.735402 0.258022 1.264451 0.161245 0.161245 0.161245
vn 0.000000 -0.442988 0.896528
f 7327//7327 7328//7328 7329//7329
v 0.767755 0.147368 1.209775 0.161245 0.161245 0.161245
vn 0.000000 -0.442988 0.896528
v 0.735402 0.258022 1.264451 0.161245 0.161245 0.161245
vn 0.000000 -0.442988 0.896528
v 0.726457 0.147368 1.209775 0.161245 0.161245 0.161245
vn 0.000000 -0.442988 0.896528
f 7330//7330 7331//7331 7332//7332
v 0.767755 0.496626 1.199215 0.161245 0.161245 0.161245
vn 0.000030 -0.463283 -0.886210
v 0.767128 0.387354 1.256339 0.161245 0.161245 0.161245
vn 0.000030 -0.463283 -0.886210
v 0.735402 0.387354 1.256338 0.161245 0.161245 0.161245
vn 0.000030 -0.463283 -0.886210
f 7333//7333 7334//7334 7335//7335
v 0.767755 0.496626 1.199215 0.161245 0.161245 0.161245
vn 0.000000 -0.463276 -0.886214
v 0.735402 0.387354 1.256338 0.161245 0.161245 0.161245
vn 0.000000 -0.463276 -0.886214
v 0.726457 0.496626 1.199215 0.161245 0.161245 0.161245
vn 0.000000 -0.463276 -0.886214
f 7336//7336 7337//7337 7338//7338
v 0.767755 0.216233 1.444411 0.161245 0.161245 0.161245
vn 0.000000 0.658281 -0.752772
v 0.767755 0.153330 1.389404 0.161245 0.161245 0.161245
vn 0.000000 0.658281 -0.752772
v 0.726457 0.153330 1.389404 0.161245 0.161245 0.161245
vn 0.000000 0.658281 -0.752772
f 7339//7339 7340//7340 7341//7341
v 0.767755 0.216233 1.444411 0.161245 0.161245 0.161245
vn 0.000000 0.658281 -0.752772
v 0.726457 0.153330 1.389404 0.161245 0.161245 0.161245
vn 0.000000 0.658281 -0.752772
v 0.726457 0.216233 1.444411 0.161245 0.161245 0.161245
vn 0.000000 0.658281 -0.752772
f 7342//7342 7343//7343 7344//7344
v 0.767755 0.335719 1.118860 0.161245 0.161245 0.161245
vn 0.000000 -0.228128 0.973631
v 0.767755 0.421647 1.138993 0.161245 0.161245 0.161245
vn 0.000000 -0.228128 0.973631
v 0.726457 0.421647 1.138993 0.161245 0.161245 0.161245
vn 0.000000 -0.228128 0.973631
f 7345//7345 7346//7346 7347//7347
v 0.767755 0.335719 1.118860 0.161245 0.161245 0.161245
vn 0.000000 -0.228128 0.973631
v 0.726457 0.421647 1.138993 0.161245 0.161245 0.161245
vn 0.000000 -0.228128 0.973631
v 0.726457 0.335719 1.118860 0.161245 0.161245 0.161245
vn 0.000000 -0.228128 0.973631
f 7348//7348 7349//7349 7350//7350
v 0.767128 0.251085 1.287094 0.161245 0.161245 0.161245
vn 0.000000 0.017181 -0.999852
v 0.767755 0.124344 1.284916 0.161245 0.161245 0.161245
vn 0.000000 0.017181 -0.999852
v 0.726457 0.124344 1.284916 0.161245 0.161245 0.161245
vn 0.000000 0.017181 -0.999852
f 7351//7351 7352//7352 7353//7353
v 0.767128 0.251085 1.287094 0.161245 0.161245 0.161245
vn 0.000000 0.017181 -0.999852
v 0.726457 0.124344 1.284916 0.161245 0.161245 0.161245
vn 0.000000 0.017181 -0.999852
v 0.735402 0.251085 1.287094 0.161245 0.161245 0.161245
vn 0.000000 0.017181 -0.999852
f 7354//7354 7355//7355 7356//7356
v 0.767755 0.421647 1.449625 0.161245 0.161245 0.161245
vn 0.000000 -0.228140 -0.973628
v 0.767755 0.335719 1.469759 0.161245 0.161245 0.161245
vn 0.000000 -0.228140 -0.973628
v 0.726457 0.335719 1.469759 0.161245 0.161245 0.161245
vn 0.000000 -0.228140 -0.973628
f 7357//7357 7358//7358 7359//7359
v 0.767755 0.421647 1.449625 0.161245 0.161245 0.161245
vn 0.000000 -0.228140 -0.973628
v 0.726457 0.335719 1.469759 0.161245 0.161245 0.161245
vn 0.000000 -0.228140 -0.973628
v 0.726457 0.421647 1.449625 0.161245 0.161245 0.161245
vn 0.000000 -0.228140 -0.973628
f 7360//7360 7361//7361 7362//7362
v 0.767128 0.368399 1.239763 0.161245 0.161245 0.161245
vn 0.000000 0.825535 0.564352
v 0.767755 0.433723 1.144207 0.161245 0.161245 0.161245
vn 0.000000 0.825535 0.564352
v 0.726457 0.433723 1.144207 0.161245 0.161245 0.161245
vn 0.000000 0.825535 0.564352
f 7363//7363 7364//7364 7365//7365
v 0.767128 0.368399 1.239763 0.161245 0.161245 0.161245
vn 0.000000 0.825535 0.564352
v 0.726457 0.433723 1.144207 0.161245 0.161245 0.161245
vn 0.000000 0.825535 0.564352
v 0.735402 0.368399 1.239763 0.161245 0.161245 0.161245
vn 0.000000 0.825535 0.564352
f 7366//7366 7367//7367 7368//7368
v 0.767128 0.262602 1.332280 0.161245 0.161245 0.161245
vn 0.000000 -0.658281 0.752772
v 0.767128 0.281557 1.348855 0.161245 0.161245 0.161245
vn 0.000000 -0.658281 0.752772
v 0.735402 0.281557 1.348855 0.161245 0.161245 0.161245
vn 0.000000 -0.658281 0.752772
f 7369//7369 7370//7370 7371//7371
v 0.767128 0.262602 1.332280 0.161245 0.161245 0.161245
vn 0.000000 -0.658281 0.752772
v 0.735402 0.281557 1.348855 0.161245 0.161245 0.161245
vn 0.000000 -0.658281 0.752772
v 0.735402 0.262602 1.332280 0.161245 0.161245 0.161245
vn 0.000000 -0.658281 0.752772
f 7372//7372 7373//7373 7374//7374
v 0.767128 0.359122 1.235758 0.161245 0.161245 0.161245
vn 0.000000 0.228124 -0.973632
v 0.767128 0.333229 1.229691 0.161245 0.161245 0.161245
vn 0.000000 0.228124 -0.973632
v 0.735402 0.333229 1.229691 0.161245 0.161245 0.161245
vn 0.000000 0.228124 -0.973632
f 7375//7375 7376//7376 7377//7377
v 0.767128 0.359122 1.235758 0.161245 0.161245 0.161245
vn 0.000000 0.228124 -0.973632
v 0.735402 0.333229 1.229691 0.161245 0.161245 0.161245
vn 0.000000 0.228124 -0.973632
v 0.735402 0.359122 1.235758 0.161245 0.161245 0.161245
vn 0.000000 0.228124 -0.973632
f 7378//7378 7379//7379 7380//7380
v 0.767128 0.333229 1.358928 0.161245 0.161245 0.161245
vn 0.000000 0.228163 0.973623
v 0.767128 0.359122 1.352860 0.161245 0.161245 0.161245
vn 0.000000 0.228163 0.973623
v 0.735402 0.359122 1.352860 0.161245 0.161245 0.161245
vn 0.000000 0.228163 0.973623
f 7381//7381 7382//7382 7383//7383
v 0.767128 0.333229 1.358928 0.161245 0.161245 0.161245
vn 0.000000 0.228163 0.973623
v 0.735402 0.359122 1.352860 0.161245 0.161245 0.161245
vn 0.000000 0.228163 0.973623
v 0.735402 0.333229 1.358928 0.161245 0.161245 0.161245
vn 0.000000 0.228163 0.973623
f 7384//7384 7385//7385 7386//7386
v 0.767128 0.281557 1.348855 0.161245 0.161245 0.161245
vn 0.000000 -0.825535 -0.564352
v 0.767755 0.216233 1.444411 0.161245 0.161245 0.161245
vn 0.000000 -0.825535 -0.564352
v 0.726457 0.216233 1.444411 0.161245 0.161245 0.161245
vn 0.000000 -0.825535 -0.564352
f 7387//7387 7388//7388 7389//7389
v 0.767128 0.281557 1.348855 0.161245 0.161245 0.161245
vn 0.000000 -0.825535 -0.564352
v 0.726457 0.216233 1.444411 0.161245 0.161245 0.161245
vn 0.000000 -0.825535 -0.564352
v 0.735402 0.281557 1.348855 0.161245 0.161245 0.161245
vn 0.000000 -0.825535 -0.564352
f 7390//7390 7391//7391 7392//7392
v 0.767755 0.421647 1.138993 0.161245 0.161245 0.161245
vn 0.000000 -0.839918 -0.542713
v 0.767128 0.359122 1.235758 0.161245 0.161245 0.161245
vn 0.000000 -0.839918 -0.542713
v 0.735402 0.359122 1.235758 0.161245 0.161245 0.161245
vn 0.000000 -0.839918 -0.542713
f 7393//7393 7394//7394 7395//7395
v 0.767755 0.421647 1.138993 0.161245 0.161245 0.161245
vn 0.000000 -0.839918 -0.542713
v 0.735402 0.359122 1.235758 0.161245 0.161245 0.161245
vn 0.000000 -0.839918 -0.542713
v 0.726457 0.421647 1.138993 0.161245 0.161245 0.161245
vn 0.000000 -0.839918 -0.542713
f 7396//7396 7397//7397 7398//7398
v 0.767755 0.335719 1.469759 0.161245 0.161245 0.161245
vn 0.000000 0.999748 -0.022465
v 0.767128 0.333229 1.358928 0.161245 0.161245 0.161245
vn 0.000000 0.999748 -0.022465
v 0.735402 0.333229 1.358928 0.161245 0.161245 0.161245
vn 0.000000 0.999748 -0.022465
f 7399//7399 7400//7400 7401//7401
v 0.767755 0.335719 1.469759 0.161245 0.161245 0.161245
vn 0.000000 0.999748 -0.022465
v 0.735402 0.333229 1.358928 0.161245 0.161245 0.161245
vn 0.000000 0.999748 -0.022465
v 0.726457 0.335719 1.469759 0.161245 0.161245 0.161245
vn 0.000000 0.999748 -0.022465
f 7402//7402 7403//7403 7404//7404
v 0.767755 0.153330 1.199215 0.161245 0.161245 0.161245
vn 0.000000 0.658288 0.752766
v 0.767755 0.216233 1.144207 0.161245 0.161245 0.161245
vn 0.000000 0.658288 0.752766
v 0.726457 0.216233 1.144207 0.161245 0.161245 0.161245
vn 0.000000 0.658288 0.752766
f 7405//7405 7406//7406 7407//7407
v 0.767755 0.153330 1.199215 0.161245 0.161245 0.161245
vn 0.000000 0.658288 0.752766
v 0.726457 0.216233 1.144207 0.161245 0.161245 0.161245
vn 0.000000 0.658288 0.752766
v 0.726457 0.153330 1.199215 0.161245 0.161245 0.161245
vn 0.000000 0.658288 0.752766
f 7408//7408 7409//7409 7410//7410
v 0.767755 0.153330 1.389404 0.161245 0.161245 0.161245
vn 0.000000 0.463283 0.886210
v 0.767128 0.262602 1.332280 0.161245 0.161245 0.161245
vn 0.000000 0.463283 0.886210
v 0.735402 0.262602 1.332280 0.161245 0.161245 0.161245
vn 0.000000 0.463283 0.886210
f 7411//7411 7412//7412 7413//7413
v 0.767755 0.153330 1.389404 0.161245 0.161245 0.161245
vn 0.000000 0.463283 0.886210
v 0.735402 0.262602 1.332280 0.161245 0.161245 0.161245
vn 0.000000 0.463283 0.886210
v 0.726457 0.153330 1.389404 0.161245 0.161245 0.161245
vn 0.000000 0.463283 0.886210
f 7414//7414 7415//7415 7416//7416
v 0.767755 0.525613 1.303702 0.161245 0.161245 0.161245
vn 0.000000 -0.956121 -0.292972
v 0.767755 0.502588 1.378843 0.161245 0.161245 0.161245
vn 0.000000 -0.956121 -0.292972
v 0.726457 0.502588 1.378843 0.161245 0.161245 0.161245
vn 0.000000 -0.956121 -0.292972
f 7417//7417 7418//7418 7419//7419
v 0.767755 0.525613 1.303702 0.161245 0.161245 0.161245
vn 0.000000 -0.956121 -0.292972
v 0.726457 0.502588 1.378843 0.161245 0.161245 0.161245
vn 0.000000 -0.956121 -0.292972
v 0.726457 0.525613 1.303702 0.161245 0.161245 0.161245
vn 0.000000 -0.956121 -0.292972
f 7420//7420 7421//7421 7422//7422
v 0.767128 0.333229 1.229691 0.161245 0.161245 0.161245
vn 0.000000 0.999748 0.022465
v 0.767755 0.335719 1.118860 0.161245 0.161245 0.161245
vn 0.000000 0.999748 0.022465
v 0.726457 0.335719 1.118860 0.161245 0.161245 0.161245
vn 0.000000 0.999748 0.022465
f 7423//7423 7424//7424 7425//7425
v 0.767128 0.333229 1.229691 0.161245 0.161245 0.161245
vn 0.000000 0.999748 0.022465
v 0.726457 0.335719 1.118860 0.161245 0.161245 0.161245
vn 0.000000 0.999748 0.022465
v 0.735402 0.333229 1.229691 0.161245 0.161245 0.161245
vn 0.000000 0.999748 0.022465
f 7426//7426 7427//7427 7428//7428
v 0.767128 0.359122 1.352860 0.161245 0.161245 0.161245
vn 0.000000 -0.839918 0.542713
v 0.767755 0.421647 1.449625 0.161245 0.161245 0.161245
vn 0.000000 -0.839918 0.542713
v 0.726457 0.421647 1.449625 0.161245 0.161245 0.161245
vn 0.000000 -0.839918 0.542713
f 7429//7429 7430//7430 7431//7431
v 0.767128 0.359122 1.352860 0.161245 0.161245 0.161245
vn 0.000000 -0.839918 0.542713
v 0.726457 0.421647 1.449625 0.161245 0.161245 0.161245
vn 0.000000 -0.839918 0.542713
v 0.735402 0.359122 1.352860 0.161245 0.161245 0.161245
vn 0.000000 -0.839918 0.542713
f 7432//7432 7433//7433 7434//7434
v 0.772158 0.292744 1.334057 0.161245 0.161245 0.161245
vn 0.000000 0.658281 -0.752772
v 0.772158 0.279524 1.322497 0.161245 0.161245 0.161245
vn 0.000000 0.658281 -0.752772
v 0.754912 0.279524 1.322497 0.161245 0.161245 0.161245
vn 0.000000 0.658281 -0.752772
f 7435//7435 7436//7436 7437//7437
v 0.772158 0.292744 1.334057 0.161245 0.161245 0.161245
vn 0.000000 0.658281 -0.752772
v 0.754912 0.279524 1.322497 0.161245 0.161245 0.161245
vn 0.000000 0.658281 -0.752772
v 0.754912 0.292744 1.334057 0.161245 0.161245 0.161245
vn 0.000000 0.658281 -0.752772
f 7438//7438 7439//7439 7440//7440
v 0.778867 0.306215 1.322728 0.161245 0.161245 0.161245
vn 0.925490 -0.181282 0.332572
v 0.770480 0.294883 1.339892 0.161245 0.161245 0.161245
vn 0.925490 -0.181282 0.332572
v 0.772158 0.292744 1.334057 0.161245 0.161245 0.161245
vn 0.925490 -0.181282 0.332572
f 7441//7441 7442//7442 7443//7443
v 0.778867 0.306215 1.322728 0.161245 0.161245 0.161245
vn 0.925500 -0.181331 0.332520
v 0.772158 0.292744 1.334057 0.161245 0.161245 0.161245
vn 0.925500 -0.181331 0.332520
v 0.777190 0.299542 1.323759 0.161245 0.161245 0.161245
vn 0.925500 -0.181331 0.332520
f 7444//7444 7445//7445 7446//7446
v 0.770480 0.272852 1.320626 0.161245 0.161245 0.161245
vn 0.932936 -0.293106 0.209090
v 0.778867 0.292479 1.310717 0.161245 0.161245 0.161245
vn 0.932936 -0.293106 0.209090
v 0.777190 0.291302 1.316552 0.161245 0.161245 0.161245
vn 0.932936 -0.293106 0.209090
f 7447//7447 7448//7448 7449//7449
v 0.770480 0.272852 1.320626 0.161245 0.161245 0.161245
vn 0.932961 -0.293155 0.208910
v 0.777190 0.291302 1.316552 0.161245 0.161245 0.161245
vn 0.932961 -0.293155 0.208910
v 0.772158 0.279524 1.322497 0.161245 0.161245 0.161245
vn 0.932961 -0.293155 0.208910
f 7450//7450 7451//7451 7452//7452
v 0.778867 0.292479 1.310717 0.161245 0.161245 0.161245
vn 0.951143 -0.203244 0.232418
v 0.778867 0.306215 1.322728 0.161245 0.161245 0.161245
vn 0.951143 -0.203244 0.232418
v 0.777190 0.299542 1.323759 0.161245 0.161245 0.161245
vn 0.951143 -0.203244 0.232418
f 7453//7453 7454//7454 7455//7455
v 0.778867 0.292479 1.310717 0.161245 0.161245 0.161245
vn 0.951125 -0.203298 0.232445
v 0.777190 0.299542 1.323759 0.161245 0.161245 0.161245
vn 0.951125 -0.203298 0.232445
v 0.777190 0.291302 1.316552 0.161245 0.161245 0.161245
vn 0.951125 -0.203298 0.232445
f 7456//7456 7457//7457 7458//7458
v 0.772158 0.357213 1.334057 0.161245 0.161245 0.161245
vn 0.000000 0.834526 -0.550969
v 0.777190 0.350414 1.323759 0.161245 0.161245 0.161245
vn 0.000000 0.834526 -0.550969
v 0.759944 0.350414 1.323759 0.161245 0.161245 0.161245
vn 0.000000 0.834526 -0.550969
f 7459//7459 7460//7460 7461//7461
v 0.772158 0.357213 1.334057 0.161245 0.161245 0.161245
vn 0.000000 0.834526 -0.550969
v 0.759944 0.350414 1.323759 0.161245 0.161245 0.161245
vn 0.000000 0.834526 -0.550969
v 0.754912 0.357213 1.334057 0.161245 0.161245 0.161245
vn 0.000000 0.834526 -0.550969
f 7462//7462 7463//7463 7464//7464
v 0.778867 0.306215 1.265890 0.161245 0.161245 0.161245
vn 0.951141 -0.203259 -0.232415
v 0.778867 0.292479 1.277902 0.161245 0.161245 0.161245
vn 0.951141 -0.203259 -0.232415
v 0.777190 0.291302 1.272066 0.161245 0.161245 0.161245
vn 0.951141 -0.203259 -0.232415
f 7465//7465 7466//7466 7467//7467
v 0.778867 0.306215 1.265890 0.161245 0.161245 0.161245
vn 0.951129 -0.203273 -0.232452
v 0.777190 0.291302 1.272066 0.161245 0.161245 0.161245
vn 0.951129 -0.203273 -0.232452
v 0.777190 0.299542 1.264860 0.161245 0.161245 0.161245
vn 0.951129 -0.203273 -0.232452
f 7468//7468 7469//7469 7470//7470
v 0.770480 0.272852 1.267993 0.161245 0.161245 0.161245
vn 0.871668 -0.322632 -0.368923
v 0.770480 0.294883 1.248726 0.161245 0.161245 0.161245
vn 0.871668 -0.322632 -0.368923
v 0.772158 0.292744 1.254561 0.161245 0.161245 0.161245
vn 0.871668 -0.322632 -0.368923
f 7471//7471 7472//7472 7473//7473
v 0.770480 0.272852 1.267993 0.161245 0.161245 0.161245
vn 0.871621 -0.322676 -0.368994
v 0.772158 0.292744 1.254561 0.161245 0.161245 0.161245
vn 0.871621 -0.322676 -0.368994
v 0.772158 0.279524 1.266121 0.161245 0.161245 0.161245
vn 0.871621 -0.322676 -0.368994
f 7474//7474 7475//7475 7476//7476
v 0.778867 0.292479 1.277902 0.161245 0.161245 0.161245
vn 0.932945 -0.293191 -0.208930
v 0.770480 0.272852 1.267993 0.161245 0.161245 0.161245
vn 0.932945 -0.293191 -0.208930
v 0.772158 0.279524 1.266121 0.161245 0.161245 0.161245
vn 0.932945 -0.293191 -0.208930
f 7477//7477 7478//7478 7479//7479
v 0.778867 0.292479 1.277902 0.161245 0.161245 0.161245
vn 0.932952 -0.293075 -0.209062
v 0.772158 0.279524 1.266121 0.161245 0.161245 0.161245
vn 0.932952 -0.293075 -0.209062
v 0.777190 0.291302 1.272066 0.161245 0.161245 0.161245
vn 0.932952 -0.293075 -0.209062
f 7480//7480 7481//7481 7482//7482
v 0.772158 0.370432 1.266121 0.161245 0.161245 0.161245
vn 0.000000 -0.450691 -0.892680
v 0.777190 0.358656 1.272066 0.161245 0.161245 0.161245
vn 0.000000 -0.450691 -0.892680
v 0.759944 0.358656 1.272066 0.161245 0.161245 0.161245
vn 0.000000 -0.450691 -0.892680
f 7483//7483 7484//7484 7485//7485
v 0.772158 0.370432 1.266121 0.161245 0.161245 0.161245
vn 0.000000 -0.450691 -0.892680
v 0.759944 0.358656 1.272066 0.161245 0.161245 0.161245
vn 0.000000 -0.450691 -0.892680
v 0.754912 0.370432 1.266121 0.161245 0.161245 0.161245
vn 0.000000 -0.450691 -0.892680
f 7486//7486 7487//7487 7488//7488
v 0.778867 0.357477 1.277902 0.161245 0.161245 0.161245
vn 0.951132 0.203277 -0.232435
v 0.778867 0.343741 1.265890 0.161245 0.161245 0.161245
vn 0.951132 0.203277 -0.232435
v 0.777190 0.350414 1.264860 0.161245 0.161245 0.161245
vn 0.951132 0.203277 -0.232435
f 7489//7489 7490//7490 7491//7491
v 0.778867 0.357477 1.277902 0.161245 0.161245 0.161245
vn 0.951161 0.203190 -0.232391
v 0.777190 0.350414 1.264860 0.161245 0.161245 0.161245
vn 0.951161 0.203190 -0.232391
v 0.777190 0.358656 1.272066 0.161245 0.161245 0.161245
vn 0.951161 0.203190 -0.232391
f 7492//7492 7493//7493 7494//7494
v 0.770480 0.377104 1.267993 0.161245 0.161245 0.161245
vn 0.932943 0.293165 -0.208979
v 0.778867 0.357477 1.277902 0.161245 0.161245 0.161245
vn 0.932943 0.293165 -0.208979
v 0.777190 0.358656 1.272066 0.161245 0.161245 0.161245
vn 0.932943 0.293165 -0.208979
f 7495//7495 7496//7496 7497//7497
v 0.770480 0.377104 1.267993 0.161245 0.161245 0.161245
vn 0.932953 0.293185 -0.208904
v 0.777190 0.358656 1.272066 0.161245 0.161245 0.161245
vn 0.932953 0.293185 -0.208904
v 0.772158 0.370432 1.266121 0.161245 0.161245 0.161245
vn 0.932953 0.293185 -0.208904
f 7498//7498 7499//7499 7500//7500
v 0.770480 0.355073 1.248726 0.161245 0.161245 0.161245
vn 0.871633 0.322672 -0.368969
v 0.770480 0.377104 1.267993 0.161245 0.161245 0.161245
vn 0.871633 0.322672 -0.368969
v 0.772158 0.370432 1.266121 0.161245 0.161245 0.161245
vn 0.871633 0.322672 -0.368969
f 7501//7501 7502//7502 7503//7503
v 0.770480 0.355073 1.248726 0.161245 0.161245 0.161245
vn 0.871678 0.322609 -0.368917
v 0.772158 0.370432 1.266121 0.161245 0.161245 0.161245
vn 0.871678 0.322609 -0.368917
v 0.772158 0.357213 1.254561 0.161245 0.161245 0.161245
vn 0.871678 0.322609 -0.368917
f 7504//7504 7505//7505 7506//7506
v 0.777190 0.358654 1.316552 0.161245 0.161245 0.161245
vn 0.000000 -0.450653 0.892699
v 0.772158 0.370432 1.322497 0.161245 0.161245 0.161245
vn 0.000000 -0.450653 0.892699
v 0.754912 0.370432 1.322497 0.161245 0.161245 0.161245
vn 0.000000 -0.450653 0.892699
f 7507//7507 7508//7508 7509//7509
v 0.777190 0.358654 1.316552 0.161245 0.161245 0.161245
vn 0.000000 -0.450653 0.892699
v 0.754912 0.370432 1.322497 0.161245 0.161245 0.161245
vn 0.000000 -0.450653 0.892699
v 0.759944 0.358654 1.316552 0.161245 0.161245 0.161245
vn 0.000000 -0.450653 0.892699
f 7510//7510 7511//7511 7512//7512
v 0.778867 0.343741 1.322728 0.161245 0.161245 0.161245
vn 0.951129 0.203273 0.232452
v 0.778867 0.357477 1.310717 0.161245 0.161245 0.161245
vn 0.951129 0.203273 0.232452
v 0.777190 0.358654 1.316552 0.161245 0.161245 0.161245
vn 0.951129 0.203273 0.232452
f 7513//7513 7514//7514 7515//7515
v 0.778867 0.343741 1.322728 0.161245 0.161245 0.161245
vn 0.951149 0.203250 0.232390
v 0.777190 0.358654 1.316552 0.161245 0.161245 0.161245
vn 0.951149 0.203250 0.232390
v 0.777190 0.350414 1.323759 0.161245 0.161245 0.161245
vn 0.951149 0.203250 0.232390
f 7516//7516 7517//7517 7518//7518
v 0.770480 0.377104 1.320626 0.161245 0.161245 0.161245
vn 0.871678 0.322609 0.368917
v 0.770480 0.355073 1.339892 0.161245 0.161245 0.161245
vn 0.871678 0.322609 0.368917
v 0.772158 0.357213 1.334057 0.161245 0.161245 0.161245
vn 0.871678 0.322609 0.368917
f 7519//7519 7520//7520 7521//7521
v 0.770480 0.377104 1.320626 0.161245 0.161245 0.161245
vn 0.871678 0.322609 0.368917
v 0.772158 0.357213 1.334057 0.161245 0.161245 0.161245
vn 0.871678 0.322609 0.368917
v 0.772158 0.370432 1.322497 0.161245 0.161245 0.161245
vn 0.871678 0.322609 0.368917
f 7522//7522 7523//7523 7524//7524
v 0.778867 0.357477 1.310717 0.161245 0.161245 0.161245
vn 0.932943 0.293168 0.208973
v 0.770480 0.377104 1.320626 0.161245 0.161245 0.161245
vn 0.932943 0.293168 0.208973
v 0.772158 0.370432 1.322497 0.161245 0.161245 0.161245
vn 0.932943 0.293168 0.208973
f 7525//7525 7526//7526 7527//7527
v 0.778867 0.357477 1.310717 0.161245 0.161245 0.161245
vn 0.932950 0.293052 0.209105
v 0.772158 0.370432 1.322497 0.161245 0.161245 0.161245
vn 0.932950 0.293052 0.209105
v 0.777190 0.358654 1.316552 0.161245 0.161245 0.161245
vn 0.932950 0.293052 0.209105
f 7528//7528 7529//7529 7530//7530
v 0.772158 0.279524 1.266121 0.161245 0.161245 0.161245
vn 0.000000 0.658281 0.752772
v 0.772158 0.292744 1.254561 0.161245 0.161245 0.161245
vn 0.000000 0.658281 0.752772
v 0.754912 0.292744 1.254561 0.161245 0.161245 0.161245
vn 0.000000 0.658281 0.752772
f 7531//7531 7532//7532 7533//7533
v 0.772158 0.279524 1.266121 0.161245 0.161245 0.161245
vn 0.000000 0.658281 0.752772
v 0.754912 0.292744 1.254561 0.161245 0.161245 0.161245
vn 0.000000 0.658281 0.752772
v 0.754912 0.279524 1.266121 0.161245 0.161245 0.161245
vn 0.000000 0.658281 0.752772
f 7534//7534 7535//7535 7536//7536
v 0.777190 0.291302 1.316552 0.161245 0.161245 0.161245
vn 0.000000 -0.658337 0.752723
v 0.777190 0.299542 1.323759 0.161245 0.161245 0.161245
vn 0.000000 -0.658337 0.752723
v 0.759944 0.299542 1.323759 0.161245 0.161245 0.161245
vn 0.000000 -0.658337 0.752723
f 7537//7537 7538//7538 7539//7539
v 0.777190 0.291302 1.316552 0.161245 0.161245 0.161245
vn 0.000000 -0.658337 0.752723
v 0.759944 0.299542 1.323759 0.161245 0.161245 0.161245
vn 0.000000 -0.658337 0.752723
v 0.759944 0.291302 1.316552 0.161245 0.161245 0.161245
vn 0.000000 -0.658337 0.752723
f 7540//7540 7541//7541 7542//7542
v 0.772158 0.357213 1.254561 0.161245 0.161245 0.161245
vn 0.000000 -0.658281 0.752772
v 0.772158 0.370432 1.266121 0.161245 0.161245 0.161245
vn 0.000000 -0.658281 0.752772
v 0.754912 0.370432 1.266121 0.161245 0.161245 0.161245
vn 0.000000 -0.658281 0.752772
f 7543//7543 7544//7544 7545//7545
v 0.772158 0.357213 1.254561 0.161245 0.161245 0.161245
vn 0.000000 -0.658281 0.752772
v 0.754912 0.370432 1.266121 0.161245 0.161245 0.161245
vn 0.000000 -0.658281 0.752772
v 0.754912 0.357213 1.254561 0.161245 0.161245 0.161245
vn 0.000000 -0.658281 0.752772
f 7546//7546 7547//7547 7548//7548
v 0.777190 0.299542 1.264860 0.161245 0.161245 0.161245
vn 0.000000 -0.658281 -0.752772
v 0.777190 0.291302 1.272066 0.161245 0.161245 0.161245
vn 0.000000 -0.658281 -0.752772
v 0.759944 0.291302 1.272066 0.161245 0.161245 0.161245
vn 0.000000 -0.658281 -0.752772
f 7549//7549 7550//7550 7551//7551
v 0.777190 0.299542 1.264860 0.161245 0.161245 0.161245
vn 0.000000 -0.658281 -0.752772
v 0.759944 0.291302 1.272066 0.161245 0.161245 0.161245
vn 0.000000 -0.658281 -0.752772
v 0.759944 0.299542 1.264860 0.161245 0.161245 0.161245
vn 0.000000 -0.658281 -0.752772
f 7552//7552 7553//7553 7554//7554
v 0.772158 0.370432 1.322497 0.161245 0.161245 0.161245
vn 0.000000 -0.658281 -0.752772
v 0.772158 0.357213 1.334057 0.161245 0.161245 0.161245
vn 0.000000 -0.658281 -0.752772
v 0.754912 0.357213 1.334057 0.161245 0.161245 0.161245
vn 0.000000 -0.658281 -0.752772
f 7555//7555 7556//7556 7557//7557
v 0.772158 0.370432 1.322497 0.161245 0.161245 0.161245
vn 0.000000 -0.658281 -0.752772
v 0.754912 0.357213 1.334057 0.161245 0.161245 0.161245
vn 0.000000 -0.658281 -0.752772
v 0.754912 0.370432 1.322497 0.161245 0.161245 0.161245
vn 0.000000 -0.658281 -0.752772
f 7558//7558 7559//7559 7560//7560
v 0.777190 0.299542 1.323759 0.161245 0.161245 0.161245
vn 0.000000 -0.834526 -0.550969
v 0.772158 0.292744 1.334057 0.161245 0.161245 0.161245
vn 0.000000 -0.834526 -0.550969
v 0.754912 0.292744 1.334057 0.161245 0.161245 0.161245
vn 0.000000 -0.834526 -0.550969
f 7561//7561 7562//7562 7563//7563
v 0.777190 0.299542 1.323759 0.161245 0.161245 0.161245
vn 0.000000 -0.834526 -0.550969
v 0.754912 0.292744 1.334057 0.161245 0.161245 0.161245
vn 0.000000 -0.834526 -0.550969
v 0.759944 0.299542 1.323759 0.161245 0.161245 0.161245
vn 0.000000 -0.834526 -0.550969
f 7564//7564 7565//7565 7566//7566
v 0.777190 0.358656 1.272066 0.161245 0.161245 0.161245
vn 0.000000 0.658225 -0.752822
v 0.777190 0.350414 1.264860 0.161245 0.161245 0.161245
vn 0.000000 0.658225 -0.752822
v 0.759944 0.350414 1.264860 0.161245 0.161245 0.161245
vn 0.000000 0.658225 -0.752822
f 7567//7567 7568//7568 7569//7569
v 0.777190 0.358656 1.272066 0.161245 0.161245 0.161245
vn 0.000000 0.658225 -0.752822
v 0.759944 0.350414 1.264860 0.161245 0.161245 0.161245
vn 0.000000 0.658225 -0.752822
v 0.759944 0.358656 1.272066 0.161245 0.161245 0.161245
vn 0.000000 0.658225 -0.752822
f 7570//7570 7571//7571 7572//7572
v 0.772158 0.292744 1.254561 0.161245 0.161245 0.161245
vn 0.000000 -0.834552 0.550929
v 0.777190 0.299542 1.264860 0.161245 0.161245 0.161245
vn 0.000000 -0.834552 0.550929
v 0.759944 0.299542 1.264860 0.161245 0.161245 0.161245
vn 0.000000 -0.834552 0.550929
f 7573//7573 7574//7574 7575//7575
v 0.772158 0.292744 1.254561 0.161245 0.161245 0.161245
vn 0.000000 -0.834552 0.550929
v 0.759944 0.299542 1.264860 0.161245 0.161245 0.161245
vn 0.000000 -0.834552 0.550929
v 0.754912 0.292744 1.254561 0.161245 0.161245 0.161245
vn 0.000000 -0.834552 0.550929
f 7576//7576 7577//7577 7578//7578
v 0.777190 0.350414 1.323759 0.161245 0.161245 0.161245
vn 0.000000 0.658337 0.752723
v 0.777190 0.358654 1.316552 0.161245 0.161245 0.161245
vn 0.000000 0.658337 0.752723
v 0.759944 0.358654 1.316552 0.161245 0.161245 0.161245
vn 0.000000 0.658337 0.752723
f 7579//7579 7580//7580 7581//7581
v 0.777190 0.350414 1.323759 0.161245 0.161245 0.161245
vn 0.000000 0.658337 0.752723
v 0.759944 0.358654 1.316552 0.161245 0.161245 0.161245
vn 0.000000 0.658337 0.752723
v 0.759944 0.350414 1.323759 0.161245 0.161245 0.161245
vn 0.000000 0.658337 0.752723
f 7582//7582 7583//7583 7584//7584
v 0.772158 0.279524 1.322497 0.161245 0.161245 0.161245
vn 0.000000 0.450653 0.892699
v 0.777190 0.291302 1.316552 0.161245 0.161245 0.161245
vn 0.000000 0.450653 0.892699
v 0.759944 0.291302 1.316552 0.161245 0.161245 0.161245
vn 0.000000 0.450653 0.892699
f 7585//7585 7586//7586 7587//7587
v 0.772158 0.279524 1.322497 0.161245 0.161245 0.161245
vn 0.000000 0.450653 0.892699
v 0.759944 0.291302 1.316552 0.161245 0.161245 0.161245
vn 0.000000 0.450653 0.892699
v 0.754912 0.279524 1.322497 0.161245 0.161245 0.161245
vn 0.000000 0.450653 0.892699
f 7588//7588 7589//7589 7590//7590
v 0.777190 0.350414 1.264860 0.161245 0.161245 0.161245
vn 0.000000 0.834552 0.550929
v 0.772158 0.357213 1.254561 0.161245 0.161245 0.161245
vn 0.000000 0.834552 0.550929
v 0.754912 0.357213 1.254561 0.161245 0.161245 0.161245
vn 0.000000 0.834552 0.550929
f 7591//7591 7592//7592 7593//7593
v 0.777190 0.350414 1.264860 0.161245 0.161245 0.161245
vn 0.000000 0.834552 0.550929
v 0.754912 0.357213 1.254561 0.161245 0.161245 0.161245
vn 0.000000 0.834552 0.550929
v 0.759944 0.350414 1.264860 0.161245 0.161245 0.161245
vn 0.000000 0.834552 0.550929
f 7594//7594 7595//7595 7596//7596
v 0.777190 0.291302 1.272066 0.161245 0.161245 0.161245
vn 0.000000 0.450653 -0.892699
v 0.772158 0.279524 1.266121 0.161245 0.161245 0.161245
vn 0.000000 0.450653 -0.892699
v 0.754912 0.279524 1.266121 0.161245 0.161245 0.161245
vn 0.000000 0.450653 -0.892699
f 7597//7597 7598//7598 7599//7599
v 0.777190 0.291302 1.272066 0.161245 0.161245 0.161245
vn 0.000000 0.450653 -0.892699
v 0.754912 0.279524 1.266121 0.161245 0.161245 0.161245
vn 0.000000 0.450653 -0.892699
v 0.759944 0.291302 1.272066 0.161245 0.161245 0.161245
vn 0.000000 0.450653 -0.892699
f 7600//7600 7601//7601 7602//7602
g Black
v -0.597618 0.324978 1.010124 0.010962 0.010962 0.010962
vn 0.000000 -0.228137 -0.973629
v -0.597618 0.162489 1.048197 0.010962 0.010962 0.010962
vn 0.000000 -0.228137 -0.973629
v -0.760549 0.162489 1.048197 0.010962 0.010962 0.010962
vn 0.000000 -0.228137 -0.973629
f 7603//7603 7604//7604 7605//7605
v -0.597618 0.324978 1.010124 0.010962 0.010962 0.010962
vn 0.000000 -0.228137 -0.973629
v -0.760549 0.162489 1.048197 0.010962 0.010962 0.010962
vn 0.000000 -0.228137 -0.973629
v -0.760549 0.324978 1.010124 0.010962 0.010962 0.010962
vn 0.000000 -0.228137 -0.973629
f 7606//7606 7607//7607 7608//7608
v -0.597618 0.162489 1.048197 0.010962 0.010962 0.010962
vn 0.000000 -0.658281 -0.752772
v -0.597618 0.043539 1.152216 0.010962 0.010962 0.010962
vn 0.000000 -0.658281 -0.752772
v -0.760549 0.043539 1.152216 0.010962 0.010962 0.010962
vn 0.000000 -0.658281 -0.752772
f 7609//7609 7610//7610 7611//7611
v -0.597618 0.162489 1.048197 0.010962 0.010962 0.010962
vn 0.000000 -0.658281 -0.752772
v -0.760549 0.043539 1.152216 0.010962 0.010962 0.010962
vn 0.000000 -0.658281 -0.752772
v -0.760549 0.162489 1.048197 0.010962 0.010962 0.010962
vn 0.000000 -0.658281 -0.752772
f 7612//7612 7613//7613 7614//7614
v -0.597618 0.043539 1.152216 0.010962 0.010962 0.010962
vn 0.000000 -0.956122 -0.292968
v -0.597618 0.000000 1.294309 0.010962 0.010962 0.010962
vn 0.000000 -0.956122 -0.292968
v -0.760549 0.000000 1.294309 0.010962 0.010962 0.010962
vn 0.000000 -0.956122 -0.292968
f 7615//7615 7616//7616 7617//7617
v -0.597618 0.043539 1.152216 0.010962 0.010962 0.010962
vn 0.000000 -0.956122 -0.292968
v -0.760549 0.000000 1.294309 0.010962 0.010962 0.010962
vn 0.000000 -0.956122 -0.292968
v -0.760549 0.043539 1.152216 0.010962 0.010962 0.010962
vn 0.000000 -0.956122 -0.292968
f 7618//7618 7619//7619 7620//7620
v -0.597618 0.000000 1.294309 0.010962 0.010962 0.010962
vn 0.000000 -0.956122 0.292968
v -0.597618 0.043539 1.436402 0.010962 0.010962 0.010962
vn 0.000000 -0.956122 0.292968
v -0.760549 0.043539 1.436402 0.010962 0.010962 0.010962
vn 0.000000 -0.956122 0.292968
f 7621//7621 7622//7622 7623//7623
v -0.597618 0.000000 1.294309 0.010962 0.010962 0.010962
vn 0.000000 -0.956122 0.292968
v -0.760549 0.043539 1.436402 0.010962 0.010962 0.010962
vn 0.000000 -0.956122 0.292968
v -0.760549 0.000000 1.294309 0.010962 0.010962 0.010962
vn 0.000000 -0.956122 0.292968
f 7624//7624 7625//7625 7626//7626
v -0.597618 0.043539 1.436402 0.010962 0.010962 0.010962
vn 0.000000 -0.658281 0.752772
v -0.597618 0.162489 1.540420 0.010962 0.010962 0.010962
vn 0.000000 -0.658281 0.752772
v -0.760549 0.162489 1.540420 0.010962 0.010962 0.010962
vn 0.000000 -0.658281 0.752772
f 7627//7627 7628//7628 7629//7629
v -0.597618 0.043539 1.436402 0.010962 0.010962 0.010962
vn 0.000000 -0.658281 0.752772
v -0.760549 0.162489 1.540420 0.010962 0.010962 0.010962
vn 0.000000 -0.658281 0.752772
v -0.760549 0.043539 1.436402 0.010962 0.010962 0.010962
vn 0.000000 -0.658281 0.752772
f 7630//7630 7631//7631 7632//7632
v -0.597618 0.162489 1.540420 0.010962 0.010962 0.010962
vn 0.000000 -0.228137 0.973629
v -0.597618 0.324978 1.578494 0.010962 0.010962 0.010962
vn 0.000000 -0.228137 0.973629
v -0.760549 0.324978 1.578494 0.010962 0.010962 0.010962
vn 0.000000 -0.228137 0.973629
f 7633//7633 7634//7634 7635//7635
v -0.597618 0.162489 1.540420 0.010962 0.010962 0.010962
vn 0.000000 -0.228137 0.973629
v -0.760549 0.324978 1.578494 0.010962 0.010962 0.010962
vn 0.000000 -0.228137 0.973629
v -0.760549 0.162489 1.540420 0.010962 0.010962 0.010962
vn 0.000000 -0.228137 0.973629
f 7636//7636 7637//7637 7638//7638
v -0.597618 0.324978 1.578494 0.010962 0.010962 0.010962
vn 0.000000 0.228137 0.973629
v -0.597618 0.487467 1.540420 0.010962 0.010962 0.010962
vn 0.000000 0.228137 0.973629
v -0.760549 0.487467 1.540420 0.010962 0.010962 0.010962
vn 0.000000 0.228137 0.973629
f 7639//7639 7640//7640 7641//7641
v -0.597618 0.324978 1.578494 0.010962 0.010962 0.010962
vn 0.000000 0.228137 0.973629
v -0.760549 0.487467 1.540420 0.010962 0.010962 0.010962
vn 0.000000 0.228137 0.973629
v -0.760549 0.324978 1.578494 0.010962 0.010962 0.010962
vn 0.000000 0.228137 0.973629
f 7642//7642 7643//7643 7644//7644
v -0.597618 0.487467 1.540420 0.010962 0.010962 0.010962
vn 0.000000 0.658281 0.752772
v -0.597618 0.606417 1.436402 0.010962 0.010962 0.010962
vn 0.000000 0.658281 0.752772
v -0.760549 0.606417 1.436402 0.010962 0.010962 0.010962
vn 0.000000 0.658281 0.752772
f 7645//7645 7646//7646 7647//7647
v -0.597618 0.487467 1.540420 0.010962 0.010962 0.010962
vn 0.000000 0.658281 0.752772
v -0.760549 0.606417 1.436402 0.010962 0.010962 0.010962
vn 0.000000 0.658281 0.752772
v -0.760549 0.487467 1.540420 0.010962 0.010962 0.010962
vn 0.000000 0.658281 0.752772
f 7648//7648 7649//7649 7650//7650
v -0.597618 0.606417 1.436402 0.010962 0.010962 0.010962
vn -0.000002 0.956122 0.292970
v -0.597618 0.649956 1.294310 0.010962 0.010962 0.010962
vn -0.000002 0.956122 0.292970
v -0.760549 0.649956 1.294309 0.010962 0.010962 0.010962
vn -0.000002 0.956122 0.292970
f 7651//7651 7652//7652 7653//7653
v -0.597618 0.606417 1.436402 0.010962 0.010962 0.010962
vn 0.000000 0.956122 0.292968
v -0.760549 0.649956 1.294309 0.010962 0.010962 0.010962
vn 0.000000 0.956122 0.292968
v -0.760549 0.606417 1.436402 0.010962 0.010962 0.010962
vn 0.000000 0.956122 0.292968
f 7654//7654 7655//7655 7656//7656
v -0.597618 0.649956 1.294310 0.010962 0.010962 0.010962
vn 0.000000 0.956123 -0.292966
v -0.597618 0.606417 1.152216 0.010962 0.010962 0.010962
vn 0.000000 0.956123 -0.292966
v -0.760549 0.606417 1.152216 0.010962 0.010962 0.010962
vn 0.000000 0.956123 -0.292966
f 7657//7657 7658//7658 7659//7659
v -0.597618 0.649956 1.294310 0.010962 0.010962 0.010962
vn 0.000002 0.956122 -0.292968
v -0.760549 0.606417 1.152216 0.010962 0.010962 0.010962
vn 0.000002 0.956122 -0.292968
v -0.760549 0.649956 1.294309 0.010962 0.010962 0.010962
vn 0.000002 0.956122 -0.292968
f 7660//7660 7661//7661 7662//7662
v -0.760549 0.324978 1.578494 0.010962 0.010962 0.010962
vn -0.916808 -0.091103 0.388797
v -0.789815 0.324978 1.509482 0.010962 0.010962 0.010962
vn -0.916808 -0.091103 0.388797
v -0.789815 0.201948 1.480654 0.010962 0.010962 0.010962
vn -0.916808 -0.091103 0.388797
f 7663//7663 7664//7664 7665//7665
v -0.760549 0.324978 1.578494 0.010962 0.010962 0.010962
vn -0.916810 -0.091101 0.388794
v -0.789815 0.201948 1.480654 0.010962 0.010962 0.010962
vn -0.916810 -0.091101 0.388794
v -0.760549 0.162489 1.540420 0.010962 0.010962 0.010962
vn -0.916810 -0.091101 0.388794
f 7666//7666 7667//7667 7668//7668
v -0.597618 0.606417 1.152216 0.010962 0.010962 0.010962
vn 0.000000 0.658281 -0.752772
v -0.597618 0.487467 1.048197 0.010962 0.010962 0.010962
vn 0.000000 0.658281 -0.752772
v -0.760549 0.487467 1.048197 0.010962 0.010962 0.010962
vn 0.000000 0.658281 -0.752772
f 7669//7669 7670//7670 7671//7671
v -0.597618 0.606417 1.152216 0.010962 0.010962 0.010962
vn 0.000000 0.658281 -0.752772
v -0.760549 0.487467 1.048197 0.010962 0.010962 0.010962
vn 0.000000 0.658281 -0.752772
v -0.760549 0.606417 1.152216 0.010962 0.010962 0.010962
vn 0.000000 0.658281 -0.752772
f 7672//7672 7673//7673 7674//7674
v -0.597618 0.487467 1.048197 0.010962 0.010962 0.010962
vn 0.000000 0.228137 -0.973629
v -0.597618 0.324978 1.010124 0.010962 0.010962 0.010962
vn 0.000000 0.228137 -0.973629
v -0.760549 0.324978 1.010124 0.010962 0.010962 0.010962
vn 0.000000 0.228137 -0.973629
f 7675//7675 7676//7676 7677//7677
v -0.597618 0.487467 1.048197 0.010962 0.010962 0.010962
vn 0.000000 0.228137 -0.973629
v -0.760549 0.324978 1.010124 0.010962 0.010962 0.010962
vn 0.000000 0.228137 -0.973629
v -0.760549 0.487467 1.048197 0.010962 0.010962 0.010962
vn 0.000000 0.228137 -0.973629
f 7678//7678 7679//7679 7680//7680
v -0.597618 0.324978 1.010124 0.010962 0.010962 0.010962
vn 1.000000 0.000000 0.000000
v -0.597618 0.487467 1.048197 0.010962 0.010962 0.010962
vn 1.000000 0.000000 0.000000
v -0.597618 0.606417 1.152216 0.010962 0.010962 0.010962
vn 1.000000 0.000000 0.000000
f 7681//7681 7682//7682 7683//7683
v -0.597618 0.324978 1.010124 0.010962 0.010962 0.010962
vn 1.000000 0.000000 0.000000
v -0.597618 0.606417 1.152216 0.010962 0.010962 0.010962
vn 1.000000 0.000000 0.000000
v -0.597618 0.649956 1.294310 0.010962 0.010962 0.010962
vn 1.000000 0.000000 0.000000
f 7684//7684 7685//7685 7686//7686
v -0.597618 0.324978 1.010124 0.010962 0.010962 0.010962
vn 1.000000 0.000000 0.000000
v -0.597618 0.649956 1.294310 0.010962 0.010962 0.010962
vn 1.000000 0.000000 0.000000
v -0.597618 0.606417 1.436402 0.010962 0.010962 0.010962
vn 1.000000 0.000000 0.000000
f 7687//7687 7688//7688 7689//7689
v -0.597618 0.324978 1.010124 0.010962 0.010962 0.010962
vn 1.000000 0.000000 0.000000
v -0.597618 0.606417 1.436402 0.010962 0.010962 0.010962
vn 1.000000 0.000000 0.000000
v -0.597618 0.487467 1.540420 0.010962 0.010962 0.010962
vn 1.000000 0.000000 0.000000
f 7690//7690 7691//7691 7692//7692
v -0.597618 0.324978 1.010124 0.010962 0.010962 0.010962
vn 1.000000 0.000000 0.000000
v -0.597618 0.487467 1.540420 0.010962 0.010962 0.010962
vn 1.000000 0.000000 0.000000
v -0.597618 0.324978 1.578494 0.010962 0.010962 0.010962
vn 1.000000 0.000000 0.000000
f 7693//7693 7694//7694 7695//7695
v -0.597618 0.324978 1.010124 0.010962 0.010962 0.010962
vn 1.000000 0.000000 0.000000
v -0.597618 0.324978 1.578494 0.010962 0.010962 0.010962
vn 1.000000 0.000000 0.000000
v -0.597618 0.162489 1.540420 0.010962 0.010962 0.010962
vn 1.000000 0.000000 0.000000
f 7696//7696 7697//7697 7698//7698
v -0.597618 0.324978 1.010124 0.010962 0.010962 0.010962
vn 1.000000 0.000000 0.000000
v -0.597618 0.162489 1.540420 0.010962 0.010962 0.010962
vn 1.000000 0.000000 0.000000
v -0.597618 0.043539 1.436402 0.010962 0.010962 0.010962
vn 1.000000 0.000000 0.000000
f 7699//7699 7700//7700 7701//7701
v -0.597618 0.324978 1.010124 0.010962 0.010962 0.010962
vn 1.000000 0.000000 0.000000
v -0.597618 0.043539 1.436402 0.010962 0.010962 0.010962
vn 1.000000 0.000000 0.000000
v -0.597618 0.000000 1.294309 0.010962 0.010962 0.010962
vn 1.000000 0.000000 0.000000
f 7702//7702 7703//7703 7704//7704
v -0.597618 0.324978 1.010124 0.010962 0.010962 0.010962
vn 1.000000 0.000000 0.000000
v -0.597618 0.000000 1.294309 0.010962 0.010962 0.010962
vn 1.000000 0.000000 0.000000
v -0.597618 0.043539 1.152216 0.010962 0.010962 0.010962
vn 1.000000 0.000000 0.000000
f 7705//7705 7706//7706 7707//7707
v -0.597618 0.324978 1.010124 0.010962 0.010962 0.010962
vn 1.000000 0.000000 0.000000
v -0.597618 0.043539 1.152216 0.010962 0.010962 0.010962
vn 1.000000 0.000000 0.000000
v -0.597618 0.162489 1.048197 0.010962 0.010962 0.010962
vn 1.000000 0.000000 0.000000
f 7708//7708 7709//7709 7710//7710
v -0.789815 0.324978 1.509482 0.010962 0.010962 0.010962
vn -1.000000 0.000000 0.000000
v -0.789815 0.324978 1.482162 0.010962 0.010962 0.010962
vn -1.000000 0.000000 0.000000
v -0.789815 0.217568 1.456995 0.010962 0.010962 0.010962
vn -1.000000 0.000000 0.000000
f 7711//7711 7712//7712 7713//7713
v -0.789815 0.324978 1.509482 0.010962 0.010962 0.010962
vn -1.000000 0.000000 0.000000
v -0.789815 0.217568 1.456995 0.010962 0.010962 0.010962
vn -1.000000 0.000000 0.000000
v -0.789815 0.201948 1.480654 0.010962 0.010962 0.010962
vn -1.000000 0.000000 0.000000
f 7714//7714 7715//7715 7716//7716
v -0.760549 0.162489 1.540420 0.010962 0.010962 0.010962
vn -0.924471 -0.250971 0.286996
v -0.789815 0.201948 1.480654 0.010962 0.010962 0.010962
vn -0.924471 -0.250971 0.286996
v -0.789815 0.111884 1.401896 0.010962 0.010962 0.010962
vn -0.924471 -0.250971 0.286996
f 7717//7717 7718//7718 7719//7719
v -0.760549 0.162489 1.540420 0.010962 0.010962 0.010962
vn -0.924471 -0.250971 0.286996
v -0.789815 0.111884 1.401896 0.010962 0.010962 0.010962
vn -0.924471 -0.250971 0.286996
v -0.760549 0.043539 1.436402 0.010962 0.010962 0.010962
vn -0.924471 -0.250971 0.286996
f 7720//7720 7721//7721 7722//7722
v -0.760549 0.043539 1.436402 0.010962 0.010962 0.010962
vn -0.932329 -0.345745 0.105943
v -0.789815 0.111884 1.401896 0.010962 0.010962 0.010962
vn -0.932329 -0.345745 0.105943
v -0.789815 0.078918 1.294309 0.010962 0.010962 0.010962
vn -0.932329 -0.345745 0.105943
f 7723//7723 7724//7724 7725//7725
v -0.760549 0.043539 1.436402 0.010962 0.010962 0.010962
vn -0.932327 -0.345749 0.105942
v -0.789815 0.078918 1.294309 0.010962 0.010962 0.010962
vn -0.932327 -0.345749 0.105942
v -0.760549 0.000000 1.294309 0.010962 0.010962 0.010962
vn -0.932327 -0.345749 0.105942
f 7726//7726 7727//7727 7728//7728
v -0.760549 0.324978 1.010124 0.010962 0.010962 0.010962
vn -0.916811 0.091099 -0.388792
v -0.789815 0.324978 1.079137 0.010962 0.010962 0.010962
vn -0.916811 0.091099 -0.388792
v -0.789815 0.448008 1.107964 0.010962 0.010962 0.010962
vn -0.916811 0.091099 -0.388792
f 7729//7729 7730//7730 7731//7731
v -0.760549 0.324978 1.010124 0.010962 0.010962 0.010962
vn -0.916810 0.091101 -0.388794
v -0.789815 0.448008 1.107964 0.010962 0.010962 0.010962
vn -0.916810 0.091101 -0.388794
v -0.760549 0.487467 1.048197 0.010962 0.010962 0.010962
vn -0.916810 0.091101 -0.388794
f 7732//7732 7733//7733 7734//7734
v -0.760549 0.162489 1.048197 0.010962 0.010962 0.010962
vn -0.916809 -0.091099 -0.388795
v -0.789815 0.201948 1.107964 0.010962 0.010962 0.010962
vn -0.916809 -0.091099 -0.388795
v -0.789815 0.324978 1.079137 0.010962 0.010962 0.010962
vn -0.916809 -0.091099 -0.388795
f 7735//7735 7736//7736 7737//7737
v -0.760549 0.162489 1.048197 0.010962 0.010962 0.010962
vn -0.916811 -0.091100 -0.388792
v -0.789815 0.324978 1.079137 0.010962 0.010962 0.010962
vn -0.916811 -0.091100 -0.388792
v -0.760549 0.324978 1.010124 0.010962 0.010962 0.010962
vn -0.916811 -0.091100 -0.388792
f 7738//7738 7739//7739 7740//7740
v -0.760549 0.000000 1.294309 0.010962 0.010962 0.010962
vn -0.932327 -0.345748 -0.105944
v -0.789815 0.078918 1.294309 0.010962 0.010962 0.010962
vn -0.932327 -0.345748 -0.105944
v -0.789815 0.111884 1.186722 0.010962 0.010962 0.010962
vn -0.932327 -0.345748 -0.105944
f 7741//7741 7742//7742 7743//7743
v -0.760549 0.000000 1.294309 0.010962 0.010962 0.010962
vn -0.932328 -0.345746 -0.105941
v -0.789815 0.111884 1.186722 0.010962 0.010962 0.010962
vn -0.932328 -0.345746 -0.105941
v -0.760549 0.043539 1.152216 0.010962 0.010962 0.010962
vn -0.932328 -0.345746 -0.105941
f 7744//7744 7745//7745 7746//7746
v -0.760549 0.487467 1.048197 0.010962 0.010962 0.010962
vn -0.924471 0.250971 -0.286996
v -0.789815 0.448008 1.107964 0.010962 0.010962 0.010962
vn -0.924471 0.250971 -0.286996
v -0.789815 0.538072 1.186722 0.010962 0.010962 0.010962
vn -0.924471 0.250971 -0.286996
f 7747//7747 7748//7748 7749//7749
v -0.760549 0.487467 1.048197 0.010962 0.010962 0.010962
vn -0.924471 0.250971 -0.286996
v -0.789815 0.538072 1.186722 0.010962 0.010962 0.010962
vn -0.924471 0.250971 -0.286996
v -0.760549 0.606417 1.152216 0.010962 0.010962 0.010962
vn -0.924471 0.250971 -0.286996
f 7750//7750 7751//7751 7752//7752
v -0.760549 0.043539 1.152216 0.010962 0.010962 0.010962
vn -0.924471 -0.250971 -0.286996
v -0.789815 0.111884 1.186722 0.010962 0.010962 0.010962
vn -0.924471 -0.250971 -0.286996
v -0.789815 0.201948 1.107964 0.010962 0.010962 0.010962
vn -0.924471 -0.250971 -0.286996
f 7753//7753 7754//7754 7755//7755
v -0.760549 0.043539 1.152216 0.010962 0.010962 0.010962
vn -0.924471 -0.250971 -0.286996
v -0.789815 0.201948 1.107964 0.010962 0.010962 0.010962
vn -0.924471 -0.250971 -0.286996
v -0.760549 0.162489 1.048197 0.010962 0.010962 0.010962
vn -0.924471 -0.250971 -0.286996
f 7756//7756 7757//7757 7758//7758
v -0.760549 0.606417 1.152216 0.010962 0.010962 0.010962
vn -0.932329 0.345745 -0.105943
v -0.789815 0.538072 1.186722 0.010962 0.010962 0.010962
vn -0.932329 0.345745 -0.105943
v -0.789815 0.571038 1.294309 0.010962 0.010962 0.010962
vn -0.932329 0.345745 -0.105943
f 7759//7759 7760//7760 7761//7761
v -0.760549 0.606417 1.152216 0.010962 0.010962 0.010962
vn -0.932327 0.345749 -0.105942
v -0.789815 0.571038 1.294309 0.010962 0.010962 0.010962
vn -0.932327 0.345749 -0.105942
v -0.760549 0.649956 1.294309 0.010962 0.010962 0.010962
vn -0.932327 0.345749 -0.105942
f 7762//7762 7763//7763 7764//7764
v -0.760549 0.649956 1.294309 0.010962 0.010962 0.010962
vn -0.932327 0.345748 0.105944
v -0.789815 0.571038 1.294309 0.010962 0.010962 0.010962
vn -0.932327 0.345748 0.105944
v -0.789815 0.538072 1.401896 0.010962 0.010962 0.010962
vn -0.932327 0.345748 0.105944
f 7765//7765 7766//7766 7767//7767
v -0.760549 0.649956 1.294309 0.010962 0.010962 0.010962
vn -0.932328 0.345746 0.105941
v -0.789815 0.538072 1.401896 0.010962 0.010962 0.010962
vn -0.932328 0.345746 0.105941
v -0.760549 0.606417 1.436402 0.010962 0.010962 0.010962
vn -0.932328 0.345746 0.105941
f 7768//7768 7769//7769 7770//7770
v -0.760549 0.606417 1.436402 0.010962 0.010962 0.010962
vn -0.924471 0.250971 0.286996
v -0.789815 0.538072 1.401896 0.010962 0.010962 0.010962
vn -0.924471 0.250971 0.286996
v -0.789815 0.448008 1.480654 0.010962 0.010962 0.010962
vn -0.924471 0.250971 0.286996
f 7771//7771 7772//7772 7773//7773
v -0.760549 0.606417 1.436402 0.010962 0.010962 0.010962
vn -0.924471 0.250971 0.286996
v -0.789815 0.448008 1.480654 0.010962 0.010962 0.010962
vn -0.924471 0.250971 0.286996
v -0.760549 0.487467 1.540420 0.010962 0.010962 0.010962
vn -0.924471 0.250971 0.286996
f 7774//7774 7775//7775 7776//7776
v -0.760549 0.487467 1.540420 0.010962 0.010962 0.010962
vn -0.916810 0.091102 0.388793
v -0.789815 0.448008 1.480654 0.010962 0.010962 0.010962
vn -0.916810 0.091102 0.388793
v -0.789815 0.324978 1.509482 0.010962 0.010962 0.010962
vn -0.916810 0.091102 0.388793
f 7777//7777 7778//7778 7779//7779
v -0.760549 0.487467 1.540420 0.010962 0.010962 0.010962
vn -0.916808 0.091101 0.388797
v -0.789815 0.324978 1.509482 0.010962 0.010962 0.010962
vn -0.916808 0.091101 0.388797
v -0.760549 0.324978 1.578494 0.010962 0.010962 0.010962
vn -0.916808 0.091101 0.388797
f 7780//7780 7781//7781 7782//7782
v -0.789815 0.539796 1.294309 0.010962 0.010962 0.010962
vn 0.000000 -0.956124 -0.292962
v -0.766004 0.539796 1.294309 0.010962 0.010962 0.010962
vn 0.000000 -0.956124 -0.292962
v -0.766004 0.511017 1.388236 0.010962 0.010962 0.010962
vn 0.000000 -0.956124 -0.292962
f 7783//7783 7784//7784 7785//7785
v -0.789815 0.539796 1.294309 0.010962 0.010962 0.010962
vn 0.000000 -0.956124 -0.292962
v -0.766004 0.511017 1.388236 0.010962 0.010962 0.010962
vn 0.000000 -0.956124 -0.292962
v -0.789815 0.511017 1.388236 0.010962 0.010962 0.010962
vn 0.000000 -0.956124 -0.292962
f 7786//7786 7787//7787 7788//7788
v -0.789815 0.078918 1.294309 0.010962 0.010962 0.010962
vn -1.000000 0.000000 0.000000
v -0.789815 0.110160 1.294309 0.010962 0.010962 0.010962
vn -1.000000 0.000000 0.000000
v -0.789815 0.138939 1.200382 0.010962 0.010962 0.010962
vn -1.000000 0.000000 0.000000
f 7789//7789 7790//7790 7791//7791
v -0.789815 0.078918 1.294309 0.010962 0.010962 0.010962
vn -1.000000 0.000000 0.000000
v -0.789815 0.138939 1.200382 0.010962 0.010962 0.010962
vn -1.000000 0.000000 0.000000
v -0.789815 0.111884 1.186722 0.010962 0.010962 0.010962
vn -1.000000 0.000000 0.000000
f 7792//7792 7793//7793 7794//7794
v -0.789815 0.538072 1.186722 0.010962 0.010962 0.010962
vn -1.000000 0.000000 0.000000
v -0.789815 0.511017 1.200382 0.010962 0.010962 0.010962
vn -1.000000 0.000000 0.000000
v -0.789815 0.539796 1.294309 0.010962 0.010962 0.010962
vn -1.000000 0.000000 0.000000
f 7795//7795 7796//7796 7797//7797
v -0.789815 0.538072 1.186722 0.010962 0.010962 0.010962
vn -1.000000 0.000000 0.000000
v -0.789815 0.539796 1.294309 0.010962 0.010962 0.010962
vn -1.000000 0.000000 0.000000
v -0.789815 0.571038 1.294309 0.010962 0.010962 0.010962
vn -1.000000 0.000000 0.000000
f 7798//7798 7799//7799 7800//7800
v -0.789815 0.448008 1.480654 0.010962 0.010962 0.010962
vn -1.000000 0.000000 0.000000
v -0.789815 0.432388 1.456995 0.010962 0.010962 0.010962
vn -1.000000 0.000000 0.000000
v -0.789815 0.324978 1.482162 0.010962 0.010962 0.010962
vn -1.000000 0.000000 0.000000
f 7801//7801 7802//7802 7803//7803
v -0.789815 0.448008 1.480654 0.010962 0.010962 0.010962
vn -1.000000 0.000000 0.000000
v -0.789815 0.324978 1.482162 0.010962 0.010962 0.010962
vn -1.000000 0.000000 0.000000
v -0.789815 0.324978 1.509482 0.010962 0.010962 0.010962
vn -1.000000 0.000000 0.000000
f 7804//7804 7805//7805 7806//7806
v -0.789815 0.111884 1.401896 0.010962 0.010962 0.010962
vn -1.000000 0.000000 0.000000
v -0.789815 0.138939 1.388236 0.010962 0.010962 0.010962
vn -1.000000 0.000000 0.000000
v -0.789815 0.110160 1.294309 0.010962 0.010962 0.010962
vn -1.000000 0.000000 0.000000
f 7807//7807 7808//7808 7809//7809
v -0.789815 0.111884 1.401896 0.010962 0.010962 0.010962
vn -1.000000 0.000000 0.000000
v -0.789815 0.110160 1.294309 0.010962 0.010962 0.010962
vn -1.000000 0.000000 0.000000
v -0.789815 0.078918 1.294309 0.010962 0.010962 0.010962
vn -1.000000 0.000000 0.000000
f 7810//7810 7811//7811 7812//7812
v -0.789815 0.448008 1.107964 0.010962 0.010962 0.010962
vn -1.000000 0.000000 0.000000
v -0.789815 0.432388 1.131623 0.010962 0.010962 0.010962
vn -1.000000 0.000000 0.000000
v -0.789815 0.511017 1.200382 0.010962 0.010962 0.010962
vn -1.000000 0.000000 0.000000
f 7813//7813 7814//7814 7815//7815
v -0.789815 0.448008 1.107964 0.010962 0.010962 0.010962
vn -1.000000 0.000000 0.000000
v -0.789815 0.511017 1.200382 0.010962 0.010962 0.010962
vn -1.000000 0.000000 0.000000
v -0.789815 0.538072 1.186722 0.010962 0.010962 0.010962
vn -1.000000 0.000000 0.000000
f 7816//7816 7817//7817 7818//7818
v -0.789815 0.201948 1.107964 0.010962 0.010962 0.010962
vn -1.000000 0.000000 0.000000
v -0.789815 0.217568 1.131623 0.010962 0.010962 0.010962
vn -1.000000 0.000000 0.000000
v -0.789815 0.324978 1.106456 0.010962 0.010962 0.010962
vn -1.000000 0.000000 0.000000
f 7819//7819 7820//7820 7821//7821
v -0.789815 0.201948 1.107964 0.010962 0.010962 0.010962
vn -1.000000 0.000000 0.000000
v -0.789815 0.324978 1.106456 0.010962 0.010962 0.010962
vn -1.000000 0.000000 0.000000
v -0.789815 0.324978 1.079137 0.010962 0.010962 0.010962
vn -1.000000 0.000000 0.000000
f 7822//7822 7823//7823 7824//7824
v -0.789815 0.538072 1.401896 0.010962 0.010962 0.010962
vn -1.000000 0.000000 0.000000
v -0.789815 0.511017 1.388236 0.010962 0.010962 0.010962
vn -1.000000 0.000000 0.000000
v -0.789815 0.432388 1.456995 0.010962 0.010962 0.010962
vn -1.000000 0.000000 0.000000
f 7825//7825 7826//7826 7827//7827
v -0.789815 0.538072 1.401896 0.010962 0.010962 0.010962
vn -1.000000 0.000000 0.000000
v -0.789815 0.432388 1.456995 0.010962 0.010962 0.010962
vn -1.000000 0.000000 0.000000
v -0.789815 0.448008 1.480654 0.010962 0.010962 0.010962
vn -1.000000 0.000000 0.000000
f 7828//7828 7829//7829 7830//7830
v -0.789815 0.201948 1.480654 0.010962 0.010962 0.010962
vn -1.000000 0.000000 0.000000
v -0.789815 0.217568 1.456995 0.010962 0.010962 0.010962
vn -1.000000 0.000000 0.000000
v -0.789815 0.138939 1.388236 0.010962 0.010962 0.010962
vn -1.000000 0.000000 0.000000
f 7831//7831 7832//7832 7833//7833
v -0.789815 0.201948 1.480654 0.010962 0.010962 0.010962
vn -1.000000 0.000000 0.000000
v -0.789815 0.138939 1.388236 0.010962 0.010962 0.010962
vn -1.000000 0.000000 0.000000
v -0.789815 0.111884 1.401896 0.010962 0.010962 0.010962
vn -1.000000 0.000000 0.000000
f 7834//7834 7835//7835 7836//7836
v -0.789815 0.324978 1.079137 0.010962 0.010962 0.010962
vn -1.000000 0.000000 0.000000
v -0.789815 0.324978 1.106456 0.010962 0.010962 0.010962
vn -1.000000 0.000000 0.000000
v -0.789815 0.432388 1.131623 0.010962 0.010962 0.010962
vn -1.000000 0.000000 0.000000
f 7837//7837 7838//7838 7839//7839
v -0.789815 0.324978 1.079137 0.010962 0.010962 0.010962
vn -1.000000 0.000000 0.000000
v -0.789815 0.432388 1.131623 0.010962 0.010962 0.010962
vn -1.000000 0.000000 0.000000
v -0.789815 0.448008 1.107964 0.010962 0.010962 0.010962
vn -1.000000 0.000000 0.000000
f 7840//7840 7841//7841 7842//7842
v -0.789815 0.111884 1.186722 0.010962 0.010962 0.010962
vn -1.000000 0.000000 0.000000
v -0.789815 0.138939 1.200382 0.010962 0.010962 0.010962
vn -1.000000 0.000000 0.000000
v -0.789815 0.217568 1.131623 0.010962 0.010962 0.010962
vn -1.000000 0.000000 0.000000
f 7843//7843 7844//7844 7845//7845
v -0.789815 0.111884 1.186722 0.010962 0.010962 0.010962
vn -1.000000 0.000000 0.000000
v -0.789815 0.217568 1.131623 0.010962 0.010962 0.010962
vn -1.000000 0.000000 0.000000
v -0.789815 0.201948 1.107964 0.010962 0.010962 0.010962
vn -1.000000 0.000000 0.000000
f 7846//7846 7847//7847 7848//7848
v -0.789815 0.571038 1.294309 0.010962 0.010962 0.010962
vn -1.000000 0.000000 0.000000
v -0.789815 0.539796 1.294309 0.010962 0.010962 0.010962
vn -1.000000 0.000000 0.000000
v -0.789815 0.511017 1.388236 0.010962 0.010962 0.010962
vn -1.000000 0.000000 0.000000
f 7849//7849 7850//7850 7851//7851
v -0.789815 0.571038 1.294309 0.010962 0.010962 0.010962
vn -1.000000 0.000000 0.000000
v -0.789815 0.511017 1.388236 0.010962 0.010962 0.010962
vn -1.000000 0.000000 0.000000
v -0.789815 0.538072 1.401896 0.010962 0.010962 0.010962
vn -1.000000 0.000000 0.000000
f 7852//7852 7853//7853 7854//7854
v -0.789815 0.324978 1.482162 0.010962 0.010962 0.010962
vn 0.000000 0.228132 -0.973630
v -0.766004 0.324978 1.482162 0.010962 0.010962 0.010962
vn 0.000000 0.228132 -0.973630
v -0.766004 0.217568 1.456995 0.010962 0.010962 0.010962
vn 0.000000 0.228132 -0.973630
f 7855//7855 7856//7856 7857//7857
v -0.789815 0.324978 1.482162 0.010962 0.010962 0.010962
vn 0.000000 0.228132 -0.973630
v -0.766004 0.217568 1.456995 0.010962 0.010962 0.010962
vn 0.000000 0.228132 -0.973630
v -0.789815 0.217568 1.456995 0.010962 0.010962 0.010962
vn 0.000000 0.228132 -0.973630
f 7858//7858 7859//7859 7860//7860
v -0.789815 0.110160 1.294309 0.010962 0.010962 0.010962
vn 0.000000 0.956124 0.292962
v -0.766004 0.110160 1.294309 0.010962 0.010962 0.010962
vn 0.000000 0.956124 0.292962
v -0.766004 0.138939 1.200382 0.010962 0.010962 0.010962
vn 0.000000 0.956124 0.292962
f 7861//7861 7862//7862 7863//7863
v -0.789815 0.110160 1.294309 0.010962 0.010962 0.010962
vn 0.000000 0.956124 0.292962
v -0.766004 0.138939 1.200382 0.010962 0.010962 0.010962
vn 0.000000 0.956124 0.292962
v -0.789815 0.138939 1.200382 0.010962 0.010962 0.010962
vn 0.000000 0.956124 0.292962
f 7864//7864 7865//7865 7866//7866
v -0.789815 0.511017 1.200382 0.010962 0.010962 0.010962
vn 0.000000 -0.956124 0.292962
v -0.766004 0.511017 1.200382 0.010962 0.010962 0.010962
vn 0.000000 -0.956124 0.292962
v -0.766004 0.539796 1.294309 0.010962 0.010962 0.010962
vn 0.000000 -0.956124 0.292962
f 7867//7867 7868//7868 7869//7869
v -0.789815 0.511017 1.200382 0.010962 0.010962 0.010962
vn 0.000000 -0.956124 0.292962
v -0.766004 0.539796 1.294309 0.010962 0.010962 0.010962
vn 0.000000 -0.956124 0.292962
v -0.789815 0.539796 1.294309 0.010962 0.010962 0.010962
vn 0.000000 -0.956124 0.292962
f 7870//7870 7871//7871 7872//7872
v -0.789815 0.432388 1.456995 0.010962 0.010962 0.010962
vn 0.000000 -0.228132 -0.973630
v -0.766004 0.432388 1.456995 0.010962 0.010962 0.010962
vn 0.000000 -0.228132 -0.973630
v -0.766004 0.324978 1.482162 0.010962 0.010962 0.010962
vn 0.000000 -0.228132 -0.973630
f 7873//7873 7874//7874 7875//7875
v -0.789815 0.432388 1.456995 0.010962 0.010962 0.010962
vn 0.000000 -0.228132 -0.973630
v -0.766004 0.324978 1.482162 0.010962 0.010962 0.010962
vn 0.000000 -0.228132 -0.973630
v -0.789815 0.324978 1.482162 0.010962 0.010962 0.010962
vn 0.000000 -0.228132 -0.973630
f 7876//7876 7877//7877 7878//7878
v -0.789815 0.138939 1.388236 0.010962 0.010962 0.010962
vn 0.000000 0.956124 -0.292962
v -0.766004 0.138939 1.388236 0.010962 0.010962 0.010962
vn 0.000000 0.956124 -0.292962
v -0.766004 0.110160 1.294309 0.010962 0.010962 0.010962
vn 0.000000 0.956124 -0.292962
f 7879//7879 7880//7880 7881//7881
v -0.789815 0.138939 1.388236 0.010962 0.010962 0.010962
vn 0.000000 0.956124 -0.292962
v -0.766004 0.110160 1.294309 0.010962 0.010962 0.010962
vn 0.000000 0.956124 -0.292962
v -0.789815 0.110160 1.294309 0.010962 0.010962 0.010962
vn 0.000000 0.956124 -0.292962
f 7882//7882 7883//7883 7884//7884
v -0.789815 0.432388 1.131623 0.010962 0.010962 0.010962
vn 0.000000 -0.658281 0.752772
v -0.766004 0.432388 1.131623 0.010962 0.010962 0.010962
vn 0.000000 -0.658281 0.752772
v -0.766004 0.511017 1.200382 0.010962 0.010962 0.010962
vn 0.000000 -0.658281 0.752772
f 7885//7885 7886//7886 7887//7887
v -0.789815 0.432388 1.131623 0.010962 0.010962 0.010962
vn 0.000000 -0.658281 0.752772
v -0.766004 0.511017 1.200382 0.010962 0.010962 0.010962
vn 0.000000 -0.658281 0.752772
v -0.789815 0.511017 1.200382 0.010962 0.010962 0.010962
vn 0.000000 -0.658281 0.752772
f 7888//7888 7889//7889 7890//7890
v -0.789815 0.217568 1.131623 0.010962 0.010962 0.010962
vn 0.000000 0.228132 0.973630
v -0.766004 0.217568 1.131623 0.010962 0.010962 0.010962
vn 0.000000 0.228132 0.973630
v -0.766004 0.324978 1.106456 0.010962 0.010962 0.010962
vn 0.000000 0.228132 0.973630
f 7891//7891 7892//7892 7893//7893
v -0.789815 0.217568 1.131623 0.010962 0.010962 0.010962
vn 0.000000 0.228132 0.973630
v -0.766004 0.324978 1.106456 0.010962 0.010962 0.010962
vn 0.000000 0.228132 0.973630
v -0.789815 0.324978 1.106456 0.010962 0.010962 0.010962
vn 0.000000 0.228132 0.973630
f 7894//7894 7895//7895 7896//7896
v -0.789815 0.511017 1.388236 0.010962 0.010962 0.010962
vn 0.000000 -0.658281 -0.752772
v -0.766004 0.511017 1.388236 0.010962 0.010962 0.010962
vn 0.000000 -0.658281 -0.752772
v -0.766004 0.432388 1.456995 0.010962 0.010962 0.010962
vn 0.000000 -0.658281 -0.752772
f 7897//7897 7898//7898 7899//7899
v -0.789815 0.511017 1.388236 0.010962 0.010962 0.010962
vn 0.000000 -0.658281 -0.752772
v -0.766004 0.432388 1.456995 0.010962 0.010962 0.010962
vn 0.000000 -0.658281 -0.752772
v -0.789815 0.432388 1.456995 0.010962 0.010962 0.010962
vn 0.000000 -0.658281 -0.752772
f 7900//7900 7901//7901 7902//7902
v -0.789815 0.217568 1.456995 0.010962 0.010962 0.010962
vn 0.000000 0.658281 -0.752772
v -0.766004 0.217568 1.456995 0.010962 0.010962 0.010962
vn 0.000000 0.658281 -0.752772
v -0.766004 0.138939 1.388236 0.010962 0.010962 0.010962
vn 0.000000 0.658281 -0.752772
f 7903//7903 7904//7904 7905//7905
v -0.789815 0.217568 1.456995 0.010962 0.010962 0.010962
vn 0.000000 0.658281 -0.752772
v -0.766004 0.138939 1.388236 0.010962 0.010962 0.010962
vn 0.000000 0.658281 -0.752772
v -0.789815 0.138939 1.388236 0.010962 0.010962 0.010962
vn 0.000000 0.658281 -0.752772
f 7906//7906 7907//7907 7908//7908
v -0.789815 0.324978 1.106456 0.010962 0.010962 0.010962
vn 0.000000 -0.228132 0.973630
v -0.766004 0.324978 1.106456 0.010962 0.010962 0.010962
vn 0.000000 -0.228132 0.973630
v -0.766004 0.432388 1.131623 0.010962 0.010962 0.010962
vn 0.000000 -0.228132 0.973630
f 7909//7909 7910//7910 7911//7911
v -0.789815 0.324978 1.106456 0.010962 0.010962 0.010962
vn 0.000000 -0.228132 0.973630
v -0.766004 0.432388 1.131623 0.010962 0.010962 0.010962
vn 0.000000 -0.228132 0.973630
v -0.789815 0.432388 1.131623 0.010962 0.010962 0.010962
vn 0.000000 -0.228132 0.973630
f 7912//7912 7913//7913 7914//7914
v -0.789815 0.138939 1.200382 0.010962 0.010962 0.010962
vn 0.000000 0.658281 0.752772
v -0.766004 0.138939 1.200382 0.010962 0.010962 0.010962
vn 0.000000 0.658281 0.752772
v -0.766004 0.217568 1.131623 0.010962 0.010962 0.010962
vn 0.000000 0.658281 0.752772
f 7915//7915 7916//7916 7917//7917
v -0.789815 0.138939 1.200382 0.010962 0.010962 0.010962
vn 0.000000 0.658281 0.752772
v -0.766004 0.217568 1.131623 0.010962 0.010962 0.010962
vn 0.000000 0.658281 0.752772
v -0.789815 0.217568 1.131623 0.010962 0.010962 0.010962
vn 0.000000 0.658281 0.752772
f 7918//7918 7919//7919 7920//7920
v -0.724706 0.314237 1.469759 0.010962 0.010962 0.010962
vn -0.996618 -0.018749 0.080006
v -0.733650 0.316727 1.358928 0.010962 0.010962 0.010962
vn -0.996618 -0.018749 0.080006
v -0.733650 0.290834 1.352860 0.010962 0.010962 0.010962
vn -0.996618 -0.018749 0.080006
f 7921//7921 7922//7922 7923//7923
v -0.724706 0.314237 1.469759 0.010962 0.010962 0.010962
vn -0.996618 -0.018747 0.080006
v -0.733650 0.290834 1.352860 0.010962 0.010962 0.010962
vn -0.996618 -0.018747 0.080006
v -0.724706 0.228309 1.449625 0.010962 0.010962 0.010962
vn -0.996618 -0.018747 0.080006
f 7924//7924 7925//7925 7926//7926
v -0.724706 0.421647 1.449625 0.010962 0.010962 0.010962
vn -0.996618 0.018749 0.080005
v -0.733650 0.359122 1.352860 0.010962 0.010962 0.010962
vn -0.996618 0.018749 0.080005
v -0.733650 0.333229 1.358928 0.010962 0.010962 0.010962
vn -0.996618 0.018749 0.080005
f 7927//7927 7928//7928 7929//7929
v -0.724706 0.421647 1.449625 0.010962 0.010962 0.010962
vn -0.996618 0.018747 0.080006
v -0.733650 0.333229 1.358928 0.010962 0.010962 0.010962
vn -0.996618 0.018747 0.080006
v -0.724706 0.335719 1.469759 0.010962 0.010962 0.010962
vn -0.996618 0.018747 0.080006
f 7930//7930 7931//7931 7932//7932
v -0.724706 0.496626 1.389404 0.010962 0.010962 0.010962
vn -0.996986 0.051073 0.058404
v -0.733650 0.387354 1.332280 0.010962 0.010962 0.010962
vn -0.996986 0.051073 0.058404
v -0.733650 0.368399 1.348855 0.010962 0.010962 0.010962
vn -0.996986 0.051073 0.058404
f 7933//7933 7934//7934 7935//7935
v -0.724706 0.496626 1.389404 0.010962 0.010962 0.010962
vn -0.996986 0.051073 0.058404
v -0.733650 0.368399 1.348855 0.010962 0.010962 0.010962
vn -0.996986 0.051073 0.058404
v -0.724706 0.433723 1.444411 0.010962 0.010962 0.010962
vn -0.996986 0.051073 0.058404
f 7936//7936 7937//7937 7938//7938
v -0.724706 0.525613 1.303702 0.010962 0.010962 0.010962
vn -0.997315 0.070012 0.021452
v -0.733650 0.398872 1.301525 0.010962 0.010962 0.010962
vn -0.997315 0.070012 0.021452
v -0.733650 0.391934 1.324167 0.010962 0.010962 0.010962
vn -0.997315 0.070012 0.021452
f 7939//7939 7940//7940 7941//7941
v -0.724706 0.525613 1.303702 0.010962 0.010962 0.010962
vn -0.997315 0.070012 0.021453
v -0.733650 0.391934 1.324167 0.010962 0.010962 0.010962
vn -0.997315 0.070012 0.021453
v -0.724706 0.502588 1.378843 0.010962 0.010962 0.010962
vn -0.997315 0.070012 0.021453
f 7942//7942 7943//7943 7944//7944
v -0.724706 0.433723 1.144207 0.010962 0.010962 0.010962
vn -0.996986 0.051075 -0.058403
v -0.733650 0.368399 1.239763 0.010962 0.010962 0.010962
vn -0.996986 0.051075 -0.058403
v -0.733650 0.387354 1.256339 0.010962 0.010962 0.010962
vn -0.996986 0.051075 -0.058403
f 7945//7945 7946//7946 7947//7947
v -0.724706 0.433723 1.144207 0.010962 0.010962 0.010962
vn -0.996986 0.051073 -0.058403
v -0.733650 0.387354 1.256339 0.010962 0.010962 0.010962
vn -0.996986 0.051073 -0.058403
v -0.724706 0.496626 1.199215 0.010962 0.010962 0.010962
vn -0.996986 0.051073 -0.058403
f 7948//7948 7949//7949 7950//7950
v -0.724706 0.502588 1.209775 0.010962 0.010962 0.010962
vn -0.997315 0.070012 -0.021452
v -0.733650 0.391934 1.264452 0.010962 0.010962 0.010962
vn -0.997315 0.070012 -0.021452
v -0.733650 0.398872 1.287094 0.010962 0.010962 0.010962
vn -0.997315 0.070012 -0.021452
f 7951//7951 7952//7952 7953//7953
v -0.724706 0.502588 1.209775 0.010962 0.010962 0.010962
vn -0.997315 0.070012 -0.021452
v -0.733650 0.398872 1.287094 0.010962 0.010962 0.010962
vn -0.997315 0.070012 -0.021452
v -0.724706 0.525613 1.284917 0.010962 0.010962 0.010962
vn -0.997315 0.070012 -0.021452
f 7954//7954 7955//7955 7956//7956
v -0.724706 0.335719 1.118860 0.010962 0.010962 0.010962
vn -0.996618 0.018746 -0.080006
v -0.733650 0.333229 1.229691 0.010962 0.010962 0.010962
vn -0.996618 0.018746 -0.080006
v -0.733650 0.359122 1.235758 0.010962 0.010962 0.010962
vn -0.996618 0.018746 -0.080006
f 7957//7957 7958//7958 7959//7959
v -0.724706 0.335719 1.118860 0.010962 0.010962 0.010962
vn -0.996618 0.018746 -0.080006
v -0.733650 0.359122 1.235758 0.010962 0.010962 0.010962
vn -0.996618 0.018746 -0.080006
v -0.724706 0.421647 1.138993 0.010962 0.010962 0.010962
vn -0.996618 0.018746 -0.080006
f 7960//7960 7961//7961 7962//7962
v -0.724706 0.228309 1.138993 0.010962 0.010962 0.010962
vn -0.996618 -0.018746 -0.080006
v -0.733650 0.290834 1.235758 0.010962 0.010962 0.010962
vn -0.996618 -0.018746 -0.080006
v -0.733650 0.316727 1.229691 0.010962 0.010962 0.010962
vn -0.996618 -0.018746 -0.080006
f 7963//7963 7964//7964 7965//7965
v -0.724706 0.228309 1.138993 0.010962 0.010962 0.010962
vn -0.996618 -0.018746 -0.080006
v -0.733650 0.316727 1.229691 0.010962 0.010962 0.010962
vn -0.996618 -0.018746 -0.080006
v -0.724706 0.314237 1.118860 0.010962 0.010962 0.010962
vn -0.996618 -0.018746 -0.080006
f 7966//7966 7967//7967 7968//7968
v -0.724706 0.153330 1.199215 0.010962 0.010962 0.010962
vn -0.996986 -0.051074 -0.058402
v -0.733650 0.262602 1.256339 0.010962 0.010962 0.010962
vn -0.996986 -0.051074 -0.058402
v -0.733650 0.281557 1.239763 0.010962 0.010962 0.010962
vn -0.996986 -0.051074 -0.058402
f 7969//7969 7970//7970 7971//7971
v -0.724706 0.153330 1.199215 0.010962 0.010962 0.010962
vn -0.996986 -0.051074 -0.058404
v -0.733650 0.281557 1.239763 0.010962 0.010962 0.010962
vn -0.996986 -0.051074 -0.058404
v -0.724706 0.216233 1.144207 0.010962 0.010962 0.010962
vn -0.996986 -0.051074 -0.058404
f 7972//7972 7973//7973 7974//7974
v -0.724706 0.124344 1.284916 0.010962 0.010962 0.010962
vn -0.997315 -0.070012 -0.021451
v -0.733650 0.251085 1.287094 0.010962 0.010962 0.010962
vn -0.997315 -0.070012 -0.021451
v -0.733650 0.258022 1.264451 0.010962 0.010962 0.010962
vn -0.997315 -0.070012 -0.021451
f 7975//7975 7976//7976 7977//7977
v -0.724706 0.124344 1.284916 0.010962 0.010962 0.010962
vn -0.997315 -0.070012 -0.021452
v -0.733650 0.258022 1.264451 0.010962 0.010962 0.010962
vn -0.997315 -0.070012 -0.021452
v -0.724706 0.147368 1.209775 0.010962 0.010962 0.010962
vn -0.997315 -0.070012 -0.021452
f 7978//7978 7979//7979 7980//7980
v -0.724706 0.147368 1.378843 0.010962 0.010962 0.010962
vn -0.997315 -0.070012 0.021452
v -0.733650 0.258022 1.324167 0.010962 0.010962 0.010962
vn -0.997315 -0.070012 0.021452
v -0.733650 0.251085 1.301525 0.010962 0.010962 0.010962
vn -0.997315 -0.070012 0.021452
f 7981//7981 7982//7982 7983//7983
v -0.724706 0.147368 1.378843 0.010962 0.010962 0.010962
vn -0.997315 -0.070013 0.021452
v -0.733650 0.251085 1.301525 0.010962 0.010962 0.010962
vn -0.997315 -0.070013 0.021452
v -0.724706 0.124344 1.303702 0.010962 0.010962 0.010962
vn -0.997315 -0.070013 0.021452
f 7984//7984 7985//7985 7986//7986
v -0.724706 0.216233 1.444411 0.010962 0.010962 0.010962
vn -0.996986 -0.051073 0.058404
v -0.733650 0.281557 1.348855 0.010962 0.010962 0.010962
vn -0.996986 -0.051073 0.058404
v -0.733650 0.262602 1.332280 0.010962 0.010962 0.010962
vn -0.996986 -0.051073 0.058404
f 7987//7987 7988//7988 7989//7989
v -0.724706 0.216233 1.444411 0.010962 0.010962 0.010962
vn -0.996986 -0.051073 0.058404
v -0.733650 0.262602 1.332280 0.010962 0.010962 0.010962
vn -0.996986 -0.051073 0.058404
v -0.724706 0.153330 1.389404 0.010962 0.010962 0.010962
vn -0.996986 -0.051073 0.058404
f 7990//7990 7991//7991 7992//7992
v -0.753160 0.292744 1.334057 0.010962 0.010962 0.010962
vn -0.924727 -0.250584 0.286510
v -0.758193 0.299542 1.323759 0.010962 0.010962 0.010962
vn -0.924727 -0.250584 0.286510
v -0.758193 0.291302 1.316552 0.010962 0.010962 0.010962
vn -0.924727 -0.250584 0.286510
f 7993//7993 7994//7994 7995//7995
v -0.753160 0.292744 1.334057 0.010962 0.010962 0.010962
vn -0.924737 -0.250546 0.286510
v -0.758193 0.291302 1.316552 0.010962 0.010962 0.010962
vn -0.924737 -0.250546 0.286510
v -0.753160 0.279524 1.322497 0.010962 0.010962 0.010962
vn -0.924737 -0.250546 0.286510
f 7996//7996 7997//7997 7998//7998
v -0.753160 0.279524 1.266121 0.010962 0.010962 0.010962
vn -0.924737 -0.250546 -0.286510
v -0.758193 0.291302 1.272066 0.010962 0.010962 0.010962
vn -0.924737 -0.250546 -0.286510
v -0.758193 0.299542 1.264860 0.010962 0.010962 0.010962
vn -0.924737 -0.250546 -0.286510
f 7999//7999 8000//8000 8001//8001
v -0.753160 0.279524 1.266121 0.010962 0.010962 0.010962
vn -0.924737 -0.250546 -0.286510
v -0.758193 0.299542 1.264860 0.010962 0.010962 0.010962
vn -0.924737 -0.250546 -0.286510
v -0.753160 0.292744 1.254561 0.010962 0.010962 0.010962
vn -0.924737 -0.250546 -0.286510
f 8002//8002 8003//8003 8004//8004
v -0.753160 0.357213 1.254561 0.010962 0.010962 0.010962
vn -0.924738 0.250523 -0.286526
v -0.758193 0.350414 1.264860 0.010962 0.010962 0.010962
vn -0.924738 0.250523 -0.286526
v -0.758193 0.358656 1.272066 0.010962 0.010962 0.010962
vn -0.924738 0.250523 -0.286526
f 8005//8005 8006//8006 8007//8007
v -0.753160 0.357213 1.254561 0.010962 0.010962 0.010962
vn -0.924728 0.250560 -0.286527
v -0.758193 0.358656 1.272066 0.010962 0.010962 0.010962
vn -0.924728 0.250560 -0.286527
v -0.753160 0.370432 1.266121 0.010962 0.010962 0.010962
vn -0.924728 0.250560 -0.286527
f 8008//8008 8009//8009 8010//8010
v -0.753160 0.370432 1.322497 0.010962 0.010962 0.010962
vn -0.924741 0.250561 0.286484
v -0.758193 0.358654 1.316552 0.010962 0.010962 0.010962
vn -0.924741 0.250561 0.286484
v -0.758193 0.350414 1.323759 0.010962 0.010962 0.010962
vn -0.924741 0.250561 0.286484
f 8011//8011 8012//8012 8013//8013
v -0.753160 0.370432 1.322497 0.010962 0.010962 0.010962
vn -0.924728 0.250560 0.286527
v -0.758193 0.350414 1.323759 0.010962 0.010962 0.010962
vn -0.924728 0.250560 0.286527
v -0.753160 0.357213 1.334057 0.010962 0.010962 0.010962
vn -0.924728 0.250560 0.286527
f 8014//8014 8015//8015 8016//8016
g Grey
v -0.768728 0.272852 1.267993 0.161245 0.161245 0.161245
vn -0.852121 0.246297 -0.461766
v -0.765376 0.262602 1.256339 0.161245 0.161245 0.161245
vn -0.852121 0.246297 -0.461766
v -0.766004 0.153330 1.199215 0.161245 0.161245 0.161245
vn -0.852121 0.246297 -0.461766
f 8017//8017 8018//8018 8019//8019
v -0.768728 0.272852 1.267993 0.161245 0.161245 0.161245
vn -0.999394 -0.002812 -0.034694
v -0.766004 0.153330 1.199215 0.161245 0.161245 0.161245
vn -0.999394 -0.002812 -0.034694
v -0.766004 0.138939 1.200382 0.161245 0.161245 0.161245
vn -0.999394 -0.002812 -0.034694
f 8020//8020 8021//8021 8022//8022
v -0.768728 0.324978 1.241675 0.161245 0.161245 0.161245
vn -0.917112 0.090928 -0.388121
v -0.777115 0.324978 1.261494 0.161245 0.161245 0.161245
vn -0.917112 0.090928 -0.388121
v -0.777115 0.343741 1.265890 0.161245 0.161245 0.161245
vn -0.917112 0.090928 -0.388121
f 8023//8023 8024//8024 8025//8025
v -0.768728 0.324978 1.241675 0.161245 0.161245 0.161245
vn -0.917109 0.090936 -0.388126
v -0.777115 0.343741 1.265890 0.161245 0.161245 0.161245
vn -0.917109 0.090936 -0.388126
v -0.768728 0.355073 1.248726 0.161245 0.161245 0.161245
vn -0.917109 0.090936 -0.388126
f 8026//8026 8027//8027 8028//8028
v -0.766004 0.511017 1.388236 0.161245 0.161245 0.161245
vn -0.999906 -0.010201 0.009153
v -0.766004 0.502588 1.378843 0.161245 0.161245 0.161245
vn -0.999906 -0.010201 0.009153
v -0.765376 0.391934 1.324167 0.161245 0.161245 0.161245
vn -0.999906 -0.010201 0.009153
f 8029//8029 8030//8030 8031//8031
v -0.766004 0.511017 1.388236 0.161245 0.161245 0.161245
vn -0.752471 0.308972 -0.581656
v -0.765376 0.391934 1.324167 0.161245 0.161245 0.161245
vn -0.752471 0.308972 -0.581656
v -0.768728 0.377104 1.320626 0.161245 0.161245 0.161245
vn -0.752471 0.308972 -0.581656
f 8032//8032 8033//8033 8034//8034
v -0.766004 0.324978 1.482162 0.161245 0.161245 0.161245
vn -1.000000 0.000000 0.000000
v -0.766004 0.314237 1.469759 0.161245 0.161245 0.161245
vn -1.000000 0.000000 0.000000
v -0.766004 0.228309 1.449625 0.161245 0.161245 0.161245
vn -1.000000 0.000000 0.000000
f 8035//8035 8036//8036 8037//8037
v -0.766004 0.324978 1.482162 0.161245 0.161245 0.161245
vn -1.000000 0.000000 0.000000
v -0.766004 0.228309 1.449625 0.161245 0.161245 0.161245
vn -1.000000 0.000000 0.000000
v -0.766004 0.217568 1.456995 0.161245 0.161245 0.161245
vn -1.000000 0.000000 0.000000
f 8038//8038 8039//8039 8040//8040
v -0.768728 0.272852 1.267993 0.161245 0.161245 0.161245
vn -0.976583 -0.205704 -0.063027
v -0.765376 0.258022 1.264451 0.161245 0.161245 0.161245
vn -0.976583 -0.205704 -0.063027
v -0.765376 0.251085 1.287094 0.161245 0.161245 0.161245
vn -0.976583 -0.205704 -0.063027
f 8041//8041 8042//8042 8043//8043
v -0.768728 0.272852 1.267993 0.161245 0.161245 0.161245
vn -0.976583 -0.205704 -0.063027
v -0.765376 0.251085 1.287094 0.161245 0.161245 0.161245
vn -0.976583 -0.205704 -0.063027
v -0.768728 0.264789 1.294309 0.161245 0.161245 0.161245
vn -0.976583 -0.205704 -0.063027
f 8044//8044 8045//8045 8046//8046
v -0.768728 0.377104 1.267993 0.161245 0.161245 0.161245
vn -0.703695 0.311533 0.638561
v -0.765376 0.391934 1.264452 0.161245 0.161245 0.161245
vn -0.703695 0.311533 0.638561
v -0.766004 0.502588 1.209775 0.161245 0.161245 0.161245
vn -0.703695 0.311533 0.638561
f 8047//8047 8048//8048 8049//8049
v -0.768728 0.377104 1.267993 0.161245 0.161245 0.161245
vn -0.998754 0.037142 0.033327
v -0.766004 0.502588 1.209775 0.161245 0.161245 0.161245
vn -0.998754 0.037142 0.033327
v -0.766004 0.511017 1.200382 0.161245 0.161245 0.161245
vn -0.998754 0.037142 0.033327
f 8050//8050 8051//8051 8052//8052
v -0.768728 0.324978 1.346944 0.161245 0.161245 0.161245
vn -0.970735 0.054794 0.233817
v -0.765376 0.333229 1.358928 0.161245 0.161245 0.161245
vn -0.970735 0.054794 0.233817
v -0.765376 0.359122 1.352860 0.161245 0.161245 0.161245
vn -0.970735 0.054794 0.233817
f 8053//8053 8054//8054 8055//8055
v -0.768728 0.324978 1.346944 0.161245 0.161245 0.161245
vn -0.970734 0.054792 0.233825
v -0.765376 0.359122 1.352860 0.161245 0.161245 0.161245
vn -0.970734 0.054792 0.233825
v -0.768728 0.355073 1.339892 0.161245 0.161245 0.161245
vn -0.970734 0.054792 0.233825
f 8056//8056 8057//8057 8058//8058
v -0.766004 0.110160 1.294309 0.161245 0.161245 0.161245
vn -0.999962 0.004832 -0.007298
v -0.766004 0.124344 1.303702 0.161245 0.161245 0.161245
vn -0.999962 0.004832 -0.007298
v -0.765376 0.251085 1.301525 0.161245 0.161245 0.161245
vn -0.999962 0.004832 -0.007298
f 8059//8059 8060//8060 8061//8061
v -0.766004 0.110160 1.294309 0.161245 0.161245 0.161245
vn -0.918181 -0.016174 0.395830
v -0.765376 0.251085 1.301525 0.161245 0.161245 0.161245
vn -0.918181 -0.016174 0.395830
v -0.768728 0.264789 1.294309 0.161245 0.161245 0.161245
vn -0.918181 -0.016174 0.395830
f 8062//8062 8063//8063 8064//8064
v -0.768728 0.377104 1.267993 0.161245 0.161245 0.161245
vn -0.977456 0.138993 -0.158934
v -0.765376 0.387354 1.256339 0.161245 0.161245 0.161245
vn -0.977456 0.138993 -0.158934
v -0.765376 0.368399 1.239763 0.161245 0.161245 0.161245
vn -0.977456 0.138993 -0.158934
f 8065//8065 8066//8066 8067//8067
v -0.768728 0.377104 1.267993 0.161245 0.161245 0.161245
vn -0.977457 0.138991 -0.158933
v -0.765376 0.368399 1.239763 0.161245 0.161245 0.161245
vn -0.977457 0.138991 -0.158933
v -0.768728 0.355073 1.248726 0.161245 0.161245 0.161245
vn -0.977457 0.138991 -0.158933
f 8068//8068 8069//8069 8070//8070
v -0.768728 0.324978 1.241675 0.161245 0.161245 0.161245
vn -0.970734 -0.054785 -0.233823
v -0.765376 0.316727 1.229691 0.161245 0.161245 0.161245
vn -0.970734 -0.054785 -0.233823
v -0.765376 0.290834 1.235758 0.161245 0.161245 0.161245
vn -0.970734 -0.054785 -0.233823
f 8071//8071 8072//8072 8073//8073
v -0.768728 0.324978 1.241675 0.161245 0.161245 0.161245
vn -0.970733 -0.054784 -0.233828
v -0.765376 0.290834 1.235758 0.161245 0.161245 0.161245
vn -0.970733 -0.054784 -0.233828
v -0.768728 0.294883 1.248726 0.161245 0.161245 0.161245
vn -0.970733 -0.054784 -0.233828
f 8074//8074 8075//8075 8076//8076
v -0.768728 0.377104 1.320626 0.161245 0.161245 0.161245
vn -0.852121 -0.246297 0.461766
v -0.765376 0.387354 1.332280 0.161245 0.161245 0.161245
vn -0.852121 -0.246297 0.461766
v -0.766004 0.496626 1.389404 0.161245 0.161245 0.161245
vn -0.852121 -0.246297 0.461766
f 8077//8077 8078//8078 8079//8079
v -0.768728 0.377104 1.320626 0.161245 0.161245 0.161245
vn -0.999394 0.002815 0.034690
v -0.766004 0.496626 1.389404 0.161245 0.161245 0.161245
vn -0.999394 0.002815 0.034690
v -0.766004 0.511017 1.388236 0.161245 0.161245 0.161245
vn -0.999394 0.002815 0.034690
f 8080//8080 8081//8081 8082//8082
v -0.768728 0.272852 1.320626 0.161245 0.161245 0.161245
vn -0.977456 -0.138987 0.158938
v -0.765376 0.262602 1.332280 0.161245 0.161245 0.161245
vn -0.977456 -0.138987 0.158938
v -0.765376 0.281557 1.348855 0.161245 0.161245 0.161245
vn -0.977456 -0.138987 0.158938
f 8083//8083 8084//8084 8085//8085
v -0.768728 0.272852 1.320626 0.161245 0.161245 0.161245
vn -0.977456 -0.138987 0.158938
v -0.765376 0.281557 1.348855 0.161245 0.161245 0.161245
vn -0.977456 -0.138987 0.158938
v -0.768728 0.294883 1.339892 0.161245 0.161245 0.161245
vn -0.977456 -0.138987 0.158938
f 8086//8086 8087//8087 8088//8088
v -0.768728 0.355073 1.248726 0.161245 0.161245 0.161245
vn -0.970733 0.054786 -0.233827
v -0.765376 0.359122 1.235758 0.161245 0.161245 0.161245
vn -0.970733 0.054786 -0.233827
v -0.765376 0.333229 1.229691 0.161245 0.161245 0.161245
vn -0.970733 0.054786 -0.233827
f 8089//8089 8090//8090 8091//8091
v -0.768728 0.355073 1.248726 0.161245 0.161245 0.161245
vn -0.970734 0.054784 -0.233824
v -0.765376 0.333229 1.229691 0.161245 0.161245 0.161245
vn -0.970734 0.054784 -0.233824
v -0.768728 0.324978 1.241675 0.161245 0.161245 0.161245
vn -0.970734 0.054784 -0.233824
f 8092//8092 8093//8093 8094//8094
v -0.777115 0.306215 1.265890 0.161245 0.161245 0.161245
vn -1.000000 0.000000 0.000000
v -0.777115 0.292479 1.277902 0.161245 0.161245 0.161245
vn -1.000000 0.000000 0.000000
v -0.777115 0.287451 1.294309 0.161245 0.161245 0.161245
vn -1.000000 0.000000 0.000000
f 8095//8095 8096//8096 8097//8097
v -0.777115 0.306215 1.265890 0.161245 0.161245 0.161245
vn -1.000000 0.000000 0.000000
v -0.777115 0.287451 1.294309 0.161245 0.161245 0.161245
vn -1.000000 0.000000 0.000000
v -0.777115 0.292479 1.310717 0.161245 0.161245 0.161245
vn -1.000000 0.000000 0.000000
f 8098//8098 8099//8099 8100//8100
v -0.777115 0.306215 1.265890 0.161245 0.161245 0.161245
vn -1.000000 0.000000 0.000000
v -0.777115 0.292479 1.310717 0.161245 0.161245 0.161245
vn -1.000000 0.000000 0.000000
v -0.777115 0.306215 1.322728 0.161245 0.161245 0.161245
vn -1.000000 0.000000 0.000000
f 8101//8101 8102//8102 8103//8103
v -0.777115 0.306215 1.265890 0.161245 0.161245 0.161245
vn -1.000000 0.000000 0.000000
v -0.777115 0.306215 1.322728 0.161245 0.161245 0.161245
vn -1.000000 0.000000 0.000000
v -0.777115 0.324978 1.327125 0.161245 0.161245 0.161245
vn -1.000000 0.000000 0.000000
f 8104//8104 8105//8105 8106//8106
v -0.777115 0.306215 1.265890 0.161245 0.161245 0.161245
vn -1.000000 0.000000 0.000000
v -0.777115 0.324978 1.327125 0.161245 0.161245 0.161245
vn -1.000000 0.000000 0.000000
v -0.777115 0.343741 1.322728 0.161245 0.161245 0.161245
vn -1.000000 0.000000 0.000000
f 8107//8107 8108//8108 8109//8109
v -0.777115 0.306215 1.265890 0.161245 0.161245 0.161245
vn -1.000000 0.000000 0.000000
v -0.777115 0.343741 1.322728 0.161245 0.161245 0.161245
vn -1.000000 0.000000 0.000000
v -0.777115 0.357477 1.310717 0.161245 0.161245 0.161245
vn -1.000000 0.000000 0.000000
f 8110//8110 8111//8111 8112//8112
v -0.777115 0.306215 1.265890 0.161245 0.161245 0.161245
vn -1.000000 0.000000 0.000000
v -0.777115 0.357477 1.310717 0.161245 0.161245 0.161245
vn -1.000000 0.000000 0.000000
v -0.777115 0.362505 1.294309 0.161245 0.161245 0.161245
vn -1.000000 0.000000 0.000000
f 8113//8113 8114//8114 8115//8115
v -0.777115 0.306215 1.265890 0.161245 0.161245 0.161245
vn -1.000000 0.000000 0.000000
v -0.777115 0.362505 1.294309 0.161245 0.161245 0.161245
vn -1.000000 0.000000 0.000000
v -0.777115 0.357477 1.277902 0.161245 0.161245 0.161245
vn -1.000000 0.000000 0.000000
f 8116//8116 8117//8117 8118//8118
v -0.777115 0.306215 1.265890 0.161245 0.161245 0.161245
vn -1.000000 0.000000 0.000000
v -0.777115 0.357477 1.277902 0.161245 0.161245 0.161245
vn -1.000000 0.000000 0.000000
v -0.777115 0.343741 1.265890 0.161245 0.161245 0.161245
vn -1.000000 0.000000 0.000000
f 8119//8119 8120//8120 8121//8121
v -0.777115 0.306215 1.265890 0.161245 0.161245 0.161245
vn -1.000000 0.000000 0.000000
v -0.777115 0.343741 1.265890 0.161245 0.161245 0.161245
vn -1.000000 0.000000 0.000000
v -0.777115 0.324978 1.261494 0.161245 0.161245 0.161245
vn -1.000000 0.000000 0.000000
f 8122//8122 8123//8123 8124//8124
v -0.768728 0.294883 1.248726 0.161245 0.161245 0.161245
vn -0.925507 -0.181227 -0.332557
v -0.770406 0.292744 1.254561 0.161245 0.161245 0.161245
vn -0.925507 -0.181227 -0.332557
v -0.775437 0.299542 1.264860 0.161245 0.161245 0.161245
vn -0.925507 -0.181227 -0.332557
f 8125//8125 8126//8126 8127//8127
v -0.768728 0.294883 1.248726 0.161245 0.161245 0.161245
vn -0.925494 -0.181385 -0.332506
v -0.775437 0.299542 1.264860 0.161245 0.161245 0.161245
vn -0.925494 -0.181385 -0.332506
v -0.777115 0.306215 1.265890 0.161245 0.161245 0.161245
vn -0.925494 -0.181385 -0.332506
f 8128//8128 8129//8129 8130//8130
v -0.768728 0.385167 1.294309 0.161245 0.161245 0.161245
vn -0.932572 0.345142 0.105764
v -0.777115 0.362505 1.294309 0.161245 0.161245 0.161245
vn -0.932572 0.345142 0.105764
v -0.777115 0.357477 1.310717 0.161245 0.161245 0.161245
vn -0.932572 0.345142 0.105764
f 8131//8131 8132//8132 8133//8133
v -0.768728 0.385167 1.294309 0.161245 0.161245 0.161245
vn -0.932579 0.345131 0.105743
v -0.777115 0.357477 1.310717 0.161245 0.161245 0.161245
vn -0.932579 0.345131 0.105743
v -0.768728 0.377104 1.320626 0.161245 0.161245 0.161245
vn -0.932579 0.345131 0.105743
f 8134//8134 8135//8135 8136//8136
v -0.768728 0.324978 1.346944 0.161245 0.161245 0.161245
vn -0.917110 -0.090950 0.388120
v -0.777115 0.324978 1.327125 0.161245 0.161245 0.161245
vn -0.917110 -0.090950 0.388120
v -0.777115 0.306215 1.322728 0.161245 0.161245 0.161245
vn -0.917110 -0.090950 0.388120
f 8137//8137 8138//8138 8139//8139
v -0.768728 0.324978 1.346944 0.161245 0.161245 0.161245
vn -0.917111 -0.090948 0.388119
v -0.777115 0.306215 1.322728 0.161245 0.161245 0.161245
vn -0.917111 -0.090948 0.388119
v -0.768728 0.294883 1.339892 0.161245 0.161245 0.161245
vn -0.917111 -0.090948 0.388119
f 8140//8140 8141//8141 8142//8142
v -0.768728 0.264789 1.294309 0.161245 0.161245 0.161245
vn -0.932571 -0.345142 -0.105771
v -0.777115 0.287451 1.294309 0.161245 0.161245 0.161245
vn -0.932571 -0.345142 -0.105771
v -0.777115 0.292479 1.277902 0.161245 0.161245 0.161245
vn -0.932571 -0.345142 -0.105771
f 8143//8143 8144//8144 8145//8145
v -0.768728 0.264789 1.294309 0.161245 0.161245 0.161245
vn -0.932579 -0.345130 -0.105747
v -0.777115 0.292479 1.277902 0.161245 0.161245 0.161245
vn -0.932579 -0.345130 -0.105747
v -0.768728 0.272852 1.267993 0.161245 0.161245 0.161245
vn -0.932579 -0.345130 -0.105747
f 8146//8146 8147//8147 8148//8148
v -0.768728 0.377104 1.267993 0.161245 0.161245 0.161245
vn -0.932580 0.345121 -0.105765
v -0.777115 0.357477 1.277902 0.161245 0.161245 0.161245
vn -0.932580 0.345121 -0.105765
v -0.777115 0.362505 1.294309 0.161245 0.161245 0.161245
vn -0.932580 0.345121 -0.105765
f 8149//8149 8150//8150 8151//8151
v -0.768728 0.377104 1.267993 0.161245 0.161245 0.161245
vn -0.932573 0.345143 -0.105751
v -0.777115 0.362505 1.294309 0.161245 0.161245 0.161245
vn -0.932573 0.345143 -0.105751
v -0.768728 0.385167 1.294309 0.161245 0.161245 0.161245
vn -0.932573 0.345143 -0.105751
f 8152//8152 8153//8153 8154//8154
v -0.768728 0.355073 1.339892 0.161245 0.161245 0.161245
vn -0.917111 0.090949 0.388118
v -0.777115 0.343741 1.322728 0.161245 0.161245 0.161245
vn -0.917111 0.090949 0.388118
v -0.777115 0.324978 1.327125 0.161245 0.161245 0.161245
vn -0.917111 0.090949 0.388118
f 8155//8155 8156//8156 8157//8157
v -0.768728 0.355073 1.339892 0.161245 0.161245 0.161245
vn -0.917110 0.090948 0.388120
v -0.777115 0.324978 1.327125 0.161245 0.161245 0.161245
vn -0.917110 0.090948 0.388120
v -0.768728 0.324978 1.346944 0.161245 0.161245 0.161245
vn -0.917110 0.090948 0.388120
f 8158//8158 8159//8159 8160//8160
v -0.768728 0.272852 1.320626 0.161245 0.161245 0.161245
vn -0.932580 -0.345124 0.105759
v -0.777115 0.292479 1.310717 0.161245 0.161245 0.161245
vn -0.932580 -0.345124 0.105759
v -0.777115 0.287451 1.294309 0.161245 0.161245 0.161245
vn -0.932580 -0.345124 0.105759
f 8161//8161 8162//8162 8163//8163
v -0.768728 0.272852 1.320626 0.161245 0.161245 0.161245
vn -0.932574 -0.345143 0.105746
v -0.777115 0.287451 1.294309 0.161245 0.161245 0.161245
vn -0.932574 -0.345143 0.105746
v -0.768728 0.264789 1.294309 0.161245 0.161245 0.161245
vn -0.932574 -0.345143 0.105746
f 8164//8164 8165//8165 8166//8166
v -0.777115 0.343741 1.265890 0.161245 0.161245 0.161245
vn -0.925513 0.181399 -0.332446
v -0.775437 0.350414 1.264860 0.161245 0.161245 0.161245
vn -0.925513 0.181399 -0.332446
v -0.770406 0.357213 1.254561 0.161245 0.161245 0.161245
vn -0.925513 0.181399 -0.332446
f 8167//8167 8168//8168 8169//8169
v -0.777115 0.343741 1.265890 0.161245 0.161245 0.161245
vn -0.925490 0.181282 -0.332572
v -0.770406 0.357213 1.254561 0.161245 0.161245 0.161245
vn -0.925490 0.181282 -0.332572
v -0.768728 0.355073 1.248726 0.161245 0.161245 0.161245
vn -0.925490 0.181282 -0.332572
f 8170//8170 8171//8171 8172//8172
v -0.768728 0.294883 1.248726 0.161245 0.161245 0.161245
vn -0.917108 -0.090930 -0.388129
v -0.777115 0.306215 1.265890 0.161245 0.161245 0.161245
vn -0.917108 -0.090930 -0.388129
v -0.777115 0.324978 1.261494 0.161245 0.161245 0.161245
vn -0.917108 -0.090930 -0.388129
f 8173//8173 8174//8174 8175//8175
v -0.768728 0.294883 1.248726 0.161245 0.161245 0.161245
vn -0.917111 -0.090934 -0.388120
v -0.777115 0.324978 1.261494 0.161245 0.161245 0.161245
vn -0.917111 -0.090934 -0.388120
v -0.768728 0.324978 1.241675 0.161245 0.161245 0.161245
vn -0.917111 -0.090934 -0.388120
f 8176//8176 8177//8177 8178//8178
v -0.768728 0.355073 1.339892 0.161245 0.161245 0.161245
vn -0.925497 0.181259 0.332566
v -0.770406 0.357213 1.334057 0.161245 0.161245 0.161245
vn -0.925497 0.181259 0.332566
v -0.775437 0.350414 1.323759 0.161245 0.161245 0.161245
vn -0.925497 0.181259 0.332566
f 8179//8179 8180//8180 8181//8181
v -0.768728 0.355073 1.339892 0.161245 0.161245 0.161245
vn -0.925492 0.181325 0.332545
v -0.775437 0.350414 1.323759 0.161245 0.161245 0.161245
vn -0.925492 0.181325 0.332545
v -0.777115 0.343741 1.322728 0.161245 0.161245 0.161245
vn -0.925492 0.181325 0.332545
f 8182//8182 8183//8183 8184//8184
v -0.768728 0.294883 1.339892 0.161245 0.161245 0.161245
vn -0.871678 -0.322609 0.368917
v -0.770406 0.292744 1.334057 0.161245 0.161245 0.161245
vn -0.871678 -0.322609 0.368917
v -0.770406 0.279524 1.322497 0.161245 0.161245 0.161245
vn -0.871678 -0.322609 0.368917
f 8185//8185 8186//8186 8187//8187
v -0.768728 0.294883 1.339892 0.161245 0.161245 0.161245
vn -0.871678 -0.322609 0.368917
v -0.770406 0.279524 1.322497 0.161245 0.161245 0.161245
vn -0.871678 -0.322609 0.368917
v -0.768728 0.272852 1.320626 0.161245 0.161245 0.161245
vn -0.871678 -0.322609 0.368917
f 8188//8188 8189//8189 8190//8190
v -0.765376 0.290834 1.352860 0.161245 0.161245 0.161245
vn 0.000000 -0.228163 0.973623
v -0.733650 0.290834 1.352860 0.161245 0.161245 0.161245
vn 0.000000 -0.228163 0.973623
v -0.733650 0.316727 1.358928 0.161245 0.161245 0.161245
vn 0.000000 -0.228163 0.973623
f 8191//8191 8192//8192 8193//8193
v -0.765376 0.290834 1.352860 0.161245 0.161245 0.161245
vn 0.000000 -0.228163 0.973623
v -0.733650 0.316727 1.358928 0.161245 0.161245 0.161245
vn 0.000000 -0.228163 0.973623
v -0.765376 0.316727 1.358928 0.161245 0.161245 0.161245
vn 0.000000 -0.228163 0.973623
f 8194//8194 8195//8195 8196//8196
v -0.768728 0.324978 1.346944 0.161245 0.161245 0.161245
vn -0.919069 -0.393846 -0.014061
v -0.765376 0.316727 1.358928 0.161245 0.161245 0.161245
vn -0.919069 -0.393846 -0.014061
v -0.766004 0.314237 1.469759 0.161245 0.161245 0.161245
vn -0.919069 -0.393846 -0.014061
f 8197//8197 8198//8198 8199//8199
v -0.768728 0.324978 1.346944 0.161245 0.161245 0.161245
vn -0.999527 -0.023250 0.020135
v -0.766004 0.314237 1.469759 0.161245 0.161245 0.161245
vn -0.999527 -0.023250 0.020135
v -0.766004 0.324978 1.482162 0.161245 0.161245 0.161245
vn -0.999527 -0.023250 0.020135
f 8200//8200 8201//8201 8202//8202
v -0.768728 0.294883 1.339892 0.161245 0.161245 0.161245
vn -0.970734 -0.054795 0.233824
v -0.765376 0.290834 1.352860 0.161245 0.161245 0.161245
vn -0.970734 -0.054795 0.233824
v -0.765376 0.316727 1.358928 0.161245 0.161245 0.161245
vn -0.970734 -0.054795 0.233824
f 8203//8203 8204//8204 8205//8205
v -0.768728 0.294883 1.339892 0.161245 0.161245 0.161245
vn -0.970735 -0.054791 0.233819
v -0.765376 0.316727 1.358928 0.161245 0.161245 0.161245
vn -0.970735 -0.054791 0.233819
v -0.768728 0.324978 1.346944 0.161245 0.161245 0.161245
vn -0.970735 -0.054791 0.233819
f 8206//8206 8207//8207 8208//8208
v -0.766004 0.217568 1.456995 0.161245 0.161245 0.161245
vn -0.999900 -0.008004 -0.011665
v -0.766004 0.228309 1.449625 0.161245 0.161245 0.161245
vn -0.999900 -0.008004 -0.011665
v -0.765376 0.290834 1.352860 0.161245 0.161245 0.161245
vn -0.999900 -0.008004 -0.011665
f 8209//8209 8210//8210 8211//8211
v -0.766004 0.217568 1.456995 0.161245 0.161245 0.161245
vn -0.772114 0.521921 0.362546
v -0.765376 0.290834 1.352860 0.161245 0.161245 0.161245
vn -0.772114 0.521921 0.362546
v -0.768728 0.294883 1.339892 0.161245 0.161245 0.161245
vn -0.772114 0.521921 0.362546
f 8212//8212 8213//8213 8214//8214
v -0.765376 0.398872 1.287094 0.161245 0.161245 0.161245
vn 0.000000 0.956123 -0.292966
v -0.733650 0.398872 1.287094 0.161245 0.161245 0.161245
vn 0.000000 0.956123 -0.292966
v -0.733650 0.391934 1.264452 0.161245 0.161245 0.161245
vn 0.000000 0.956123 -0.292966
f 8215//8215 8216//8216 8217//8217
v -0.765376 0.398872 1.287094 0.161245 0.161245 0.161245
vn 0.000000 0.956123 -0.292966
v -0.733650 0.391934 1.264452 0.161245 0.161245 0.161245
vn 0.000000 0.956123 -0.292966
v -0.765376 0.391934 1.264452 0.161245 0.161245 0.161245
vn 0.000000 0.956123 -0.292966
f 8218//8218 8219//8219 8220//8220
v -0.766004 0.324978 1.482162 0.161245 0.161245 0.161245
vn -0.999964 -0.006381 -0.005526
v -0.766004 0.335719 1.469759 0.161245 0.161245 0.161245
vn -0.999964 -0.006381 -0.005526
v -0.765376 0.333229 1.358928 0.161245 0.161245 0.161245
vn -0.999964 -0.006381 -0.005526
f 8221//8221 8222//8222 8223//8223
v -0.766004 0.324978 1.482162 0.161245 0.161245 0.161245
vn -0.935532 0.352738 0.018846
v -0.765376 0.333229 1.358928 0.161245 0.161245 0.161245
vn -0.935532 0.352738 0.018846
v -0.768728 0.324978 1.346944 0.161245 0.161245 0.161245
vn -0.935532 0.352738 0.018846
f 8224//8224 8225//8225 8226//8226
v -0.766004 0.432388 1.456995 0.161245 0.161245 0.161245
vn -1.000000 0.000000 0.000000
v -0.766004 0.421647 1.449625 0.161245 0.161245 0.161245
vn -1.000000 0.000000 0.000000
v -0.766004 0.335719 1.469759 0.161245 0.161245 0.161245
vn -1.000000 0.000000 0.000000
f 8227//8227 8228//8228 8229//8229
v -0.766004 0.432388 1.456995 0.161245 0.161245 0.161245
vn -1.000000 0.000000 0.000000
v -0.766004 0.335719 1.469759 0.161245 0.161245 0.161245
vn -1.000000 0.000000 0.000000
v -0.766004 0.324978 1.482162 0.161245 0.161245 0.161245
vn -1.000000 0.000000 0.000000
f 8230//8230 8231//8231 8232//8232
v -0.768728 0.355073 1.339892 0.161245 0.161245 0.161245
vn -0.728154 -0.577837 0.368641
v -0.765376 0.359122 1.352860 0.161245 0.161245 0.161245
vn -0.728154 -0.577837 0.368641
v -0.766004 0.421647 1.449625 0.161245 0.161245 0.161245
vn -0.728154 -0.577837 0.368641
f 8233//8233 8234//8234 8235//8235
v -0.768728 0.355073 1.339892 0.161245 0.161245 0.161245
vn -0.998673 -0.029141 0.042470
v -0.766004 0.421647 1.449625 0.161245 0.161245 0.161245
vn -0.998673 -0.029141 0.042470
v -0.766004 0.432388 1.456995 0.161245 0.161245 0.161245
vn -0.998673 -0.029141 0.042470
f 8236//8236 8237//8237 8238//8238
v -0.765376 0.251085 1.301525 0.161245 0.161245 0.161245
vn 0.000000 -0.956123 0.292966
v -0.733650 0.251085 1.301525 0.161245 0.161245 0.161245
vn 0.000000 -0.956123 0.292966
v -0.733650 0.258022 1.324167 0.161245 0.161245 0.161245
vn 0.000000 -0.956123 0.292966
f 8239//8239 8240//8240 8241//8241
v -0.765376 0.251085 1.301525 0.161245 0.161245 0.161245
vn 0.000000 -0.956123 0.292966
v -0.733650 0.258022 1.324167 0.161245 0.161245 0.161245
vn 0.000000 -0.956123 0.292966
v -0.765376 0.258022 1.324167 0.161245 0.161245 0.161245
vn 0.000000 -0.956123 0.292966
f 8242//8242 8243//8243 8244//8244
v -0.766004 0.432388 1.456995 0.161245 0.161245 0.161245
vn -0.999965 -0.008327 -0.000883
v -0.766004 0.433723 1.444411 0.161245 0.161245 0.161245
vn -0.999965 -0.008327 -0.000883
v -0.765376 0.368399 1.348855 0.161245 0.161245 0.161245
vn -0.999965 -0.008327 -0.000883
f 8245//8245 8246//8246 8247//8247
v -0.766004 0.432388 1.456995 0.161245 0.161245 0.161245
vn -0.895828 0.380160 -0.230154
v -0.765376 0.368399 1.348855 0.161245 0.161245 0.161245
vn -0.895828 0.380160 -0.230154
v -0.768728 0.355073 1.339892 0.161245 0.161245 0.161245
vn -0.895828 0.380160 -0.230154
f 8248//8248 8249//8249 8250//8250
v -0.768728 0.355073 1.339892 0.161245 0.161245 0.161245
vn -0.977456 0.138987 0.158938
v -0.765376 0.368399 1.348855 0.161245 0.161245 0.161245
vn -0.977456 0.138987 0.158938
v -0.765376 0.387354 1.332280 0.161245 0.161245 0.161245
vn -0.977456 0.138987 0.158938
f 8251//8251 8252//8252 8253//8253
v -0.768728 0.355073 1.339892 0.161245 0.161245 0.161245
vn -0.977456 0.138987 0.158938
v -0.765376 0.387354 1.332280 0.161245 0.161245 0.161245
vn -0.977456 0.138987 0.158938
v -0.768728 0.377104 1.320626 0.161245 0.161245 0.161245
vn -0.977456 0.138987 0.158938
f 8254//8254 8255//8255 8256//8256
v -0.766004 0.511017 1.388236 0.161245 0.161245 0.161245
vn -1.000000 0.000000 0.000000
v -0.766004 0.496626 1.389404 0.161245 0.161245 0.161245
vn -1.000000 0.000000 0.000000
v -0.766004 0.433723 1.444411 0.161245 0.161245 0.161245
vn -1.000000 0.000000 0.000000
f 8257//8257 8258//8258 8259//8259
v -0.766004 0.511017 1.388236 0.161245 0.161245 0.161245
vn -1.000000 0.000000 0.000000
v -0.766004 0.433723 1.444411 0.161245 0.161245 0.161245
vn -1.000000 0.000000 0.000000
v -0.766004 0.432388 1.456995 0.161245 0.161245 0.161245
vn -1.000000 0.000000 0.000000
f 8260//8260 8261//8261 8262//8262
v -0.765376 0.398872 1.301525 0.161245 0.161245 0.161245
vn 0.000000 -0.017172 0.999853
v -0.733650 0.398872 1.301525 0.161245 0.161245 0.161245
vn 0.000000 -0.017172 0.999853
v -0.724706 0.525613 1.303702 0.161245 0.161245 0.161245
vn 0.000000 -0.017172 0.999853
f 8263//8263 8264//8264 8265//8265
v -0.765376 0.398872 1.301525 0.161245 0.161245 0.161245
vn 0.000000 -0.017172 0.999853
v -0.724706 0.525613 1.303702 0.161245 0.161245 0.161245
vn 0.000000 -0.017172 0.999853
v -0.766004 0.525613 1.303702 0.161245 0.161245 0.161245
vn 0.000000 -0.017172 0.999853
f 8266//8266 8267//8267 8268//8268
v -0.768728 0.377104 1.320626 0.161245 0.161245 0.161245
vn -0.976582 0.205707 0.063031
v -0.765376 0.391934 1.324167 0.161245 0.161245 0.161245
vn -0.976582 0.205707 0.063031
v -0.765376 0.398872 1.301525 0.161245 0.161245 0.161245
vn -0.976582 0.205707 0.063031
f 8269//8269 8270//8270 8271//8271
v -0.768728 0.377104 1.320626 0.161245 0.161245 0.161245
vn -0.976583 0.205701 0.063024
v -0.765376 0.398872 1.301525 0.161245 0.161245 0.161245
vn -0.976583 0.205701 0.063024
v -0.768728 0.385167 1.294309 0.161245 0.161245 0.161245
vn -0.976583 0.205701 0.063024
f 8272//8272 8273//8273 8274//8274
v -0.766004 0.539796 1.294309 0.161245 0.161245 0.161245
vn -1.000000 0.000000 0.000000
v -0.766004 0.525613 1.303702 0.161245 0.161245 0.161245
vn -1.000000 0.000000 0.000000
v -0.766004 0.502588 1.378843 0.161245 0.161245 0.161245
vn -1.000000 0.000000 0.000000
f 8275//8275 8276//8276 8277//8277
v -0.766004 0.539796 1.294309 0.161245 0.161245 0.161245
vn -1.000000 0.000000 0.000000
v -0.766004 0.502588 1.378843 0.161245 0.161245 0.161245
vn -1.000000 0.000000 0.000000
v -0.766004 0.511017 1.388236 0.161245 0.161245 0.161245
vn -1.000000 0.000000 0.000000
f 8278//8278 8279//8279 8280//8280
v -0.768728 0.385167 1.294309 0.161245 0.161245 0.161245
vn -0.897942 -0.012008 0.439950
v -0.765376 0.398872 1.301525 0.161245 0.161245 0.161245
vn -0.897942 -0.012008 0.439950
v -0.766004 0.525613 1.303702 0.161245 0.161245 0.161245
vn -0.897942 -0.012008 0.439950
f 8281//8281 8282//8282 8283//8283
v -0.768728 0.385167 1.294309 0.161245 0.161245 0.161245
vn -0.999491 0.017607 0.026587
v -0.766004 0.525613 1.303702 0.161245 0.161245 0.161245
vn -0.999491 0.017607 0.026587
v -0.766004 0.539796 1.294309 0.161245 0.161245 0.161245
vn -0.999491 0.017607 0.026587
f 8284//8284 8285//8285 8286//8286
v -0.766004 0.314237 1.469759 0.161245 0.161245 0.161245
vn 0.000000 0.228140 -0.973628
v -0.724706 0.314237 1.469759 0.161245 0.161245 0.161245
vn 0.000000 0.228140 -0.973628
v -0.724706 0.228309 1.449625 0.161245 0.161245 0.161245
vn 0.000000 0.228140 -0.973628
f 8287//8287 8288//8288 8289//8289
v -0.766004 0.314237 1.469759 0.161245 0.161245 0.161245
vn 0.000000 0.228140 -0.973628
v -0.724706 0.228309 1.449625 0.161245 0.161245 0.161245
vn 0.000000 0.228140 -0.973628
v -0.766004 0.228309 1.449625 0.161245 0.161245 0.161245
vn 0.000000 0.228140 -0.973628
f 8290//8290 8291//8291 8292//8292
v -0.766004 0.432388 1.131623 0.161245 0.161245 0.161245
vn -1.000000 0.000000 0.000000
v -0.766004 0.433723 1.144207 0.161245 0.161245 0.161245
vn -1.000000 0.000000 0.000000
v -0.766004 0.496626 1.199215 0.161245 0.161245 0.161245
vn -1.000000 0.000000 0.000000
f 8293//8293 8294//8294 8295//8295
v -0.766004 0.432388 1.131623 0.161245 0.161245 0.161245
vn -1.000000 0.000000 0.000000
v -0.766004 0.496626 1.199215 0.161245 0.161245 0.161245
vn -1.000000 0.000000 0.000000
v -0.766004 0.511017 1.200382 0.161245 0.161245 0.161245
vn -1.000000 0.000000 0.000000
f 8296//8296 8297//8297 8298//8298
v -0.766004 0.511017 1.200382 0.161245 0.161245 0.161245
vn -0.999954 -0.000772 0.009523
v -0.766004 0.496626 1.199215 0.161245 0.161245 0.161245
vn -0.999954 -0.000772 0.009523
v -0.765376 0.387354 1.256339 0.161245 0.161245 0.161245
vn -0.999954 -0.000772 0.009523
f 8299//8299 8300//8300 8301//8301
v -0.766004 0.511017 1.200382 0.161245 0.161245 0.161245
vn -0.881825 -0.198124 -0.427939
v -0.765376 0.387354 1.256339 0.161245 0.161245 0.161245
vn -0.881825 -0.198124 -0.427939
v -0.768728 0.377104 1.267993 0.161245 0.161245 0.161245
vn -0.881825 -0.198124 -0.427939
f 8302//8302 8303//8303 8304//8304
v -0.768728 0.355073 1.248726 0.161245 0.161245 0.161245
vn -0.865870 0.410318 0.286195
v -0.765376 0.368399 1.239763 0.161245 0.161245 0.161245
vn -0.865870 0.410318 0.286195
v -0.766004 0.433723 1.144207 0.161245 0.161245 0.161245
vn -0.865870 0.410318 0.286195
f 8305//8305 8306//8306 8307//8307
v -0.768728 0.355073 1.248726 0.161245 0.161245 0.161245
vn -0.999534 0.030340 -0.003219
v -0.766004 0.433723 1.144207 0.161245 0.161245 0.161245
vn -0.999534 0.030340 -0.003219
v -0.766004 0.432388 1.131623 0.161245 0.161245 0.161245
vn -0.999534 0.030340 -0.003219
f 8308//8308 8309//8309 8310//8310
v -0.765376 0.262602 1.256339 0.161245 0.161245 0.161245
vn 0.000000 0.463283 -0.886210
v -0.733650 0.262602 1.256339 0.161245 0.161245 0.161245
vn 0.000000 0.463283 -0.886210
v -0.724706 0.153330 1.199215 0.161245 0.161245 0.161245
vn 0.000000 0.463283 -0.886210
f 8311//8311 8312//8312 8313//8313
v -0.765376 0.262602 1.256339 0.161245 0.161245 0.161245
vn 0.000000 0.463283 -0.886210
v -0.724706 0.153330 1.199215 0.161245 0.161245 0.161245
vn 0.000000 0.463283 -0.886210
v -0.766004 0.153330 1.199215 0.161245 0.161245 0.161245
vn 0.000000 0.463283 -0.886210
f 8314//8314 8315//8315 8316//8316
v -0.766004 0.539796 1.294309 0.161245 0.161245 0.161245
vn -0.999962 -0.004832 0.007298
v -0.766004 0.525613 1.284917 0.161245 0.161245 0.161245
vn -0.999962 -0.004832 0.007298
v -0.765376 0.398872 1.287094 0.161245 0.161245 0.161245
vn -0.999962 -0.004832 0.007298
f 8317//8317 8318//8318 8319//8319
v -0.766004 0.539796 1.294309 0.161245 0.161245 0.161245
vn -0.918160 0.016174 -0.395881
v -0.765376 0.398872 1.287094 0.161245 0.161245 0.161245
vn -0.918160 0.016174 -0.395881
v -0.768728 0.385167 1.294309 0.161245 0.161245 0.161245
vn -0.918160 0.016174 -0.395881
f 8320//8320 8321//8321 8322//8322
v -0.768728 0.385167 1.294309 0.161245 0.161245 0.161245
vn -0.976583 0.205703 -0.063029
v -0.765376 0.398872 1.287094 0.161245 0.161245 0.161245
vn -0.976583 0.205703 -0.063029
v -0.765376 0.391934 1.264452 0.161245 0.161245 0.161245
vn -0.976583 0.205703 -0.063029
f 8323//8323 8324//8324 8325//8325
v -0.768728 0.385167 1.294309 0.161245 0.161245 0.161245
vn -0.976582 0.205708 -0.063028
v -0.765376 0.391934 1.264452 0.161245 0.161245 0.161245
vn -0.976582 0.205708 -0.063028
v -0.768728 0.377104 1.267993 0.161245 0.161245 0.161245
vn -0.976582 0.205708 -0.063028
f 8326//8326 8327//8327 8328//8328
v -0.766004 0.511017 1.200382 0.161245 0.161245 0.161245
vn -1.000000 0.000000 0.000000
v -0.766004 0.502588 1.209775 0.161245 0.161245 0.161245
vn -1.000000 0.000000 0.000000
v -0.766004 0.525613 1.284917 0.161245 0.161245 0.161245
vn -1.000000 0.000000 0.000000
f 8329//8329 8330//8330 8331//8331
v -0.766004 0.511017 1.200382 0.161245 0.161245 0.161245
vn -1.000000 0.000000 0.000000
v -0.766004 0.525613 1.284917 0.161245 0.161245 0.161245
vn -1.000000 0.000000 0.000000
v -0.766004 0.539796 1.294309 0.161245 0.161245 0.161245
vn -1.000000 0.000000 0.000000
f 8332//8332 8333//8333 8334//8334
v -0.766004 0.502588 1.209775 0.161245 0.161245 0.161245
vn 0.000000 -0.956122 0.292968
v -0.724706 0.502588 1.209775 0.161245 0.161245 0.161245
vn 0.000000 -0.956122 0.292968
v -0.724706 0.525613 1.284917 0.161245 0.161245 0.161245
vn 0.000000 -0.956122 0.292968
f 8335//8335 8336//8336 8337//8337
v -0.766004 0.502588 1.209775 0.161245 0.161245 0.161245
vn 0.000000 -0.956122 0.292968
v -0.724706 0.525613 1.284917 0.161245 0.161245 0.161245
vn 0.000000 -0.956122 0.292968
v -0.766004 0.525613 1.284917 0.161245 0.161245 0.161245
vn 0.000000 -0.956122 0.292968
f 8338//8338 8339//8339 8340//8340
v -0.766004 0.432388 1.131623 0.161245 0.161245 0.161245
vn -0.999900 0.008004 0.011665
v -0.766004 0.421647 1.138993 0.161245 0.161245 0.161245
vn -0.999900 0.008004 0.011665
v -0.765376 0.359122 1.235758 0.161245 0.161245 0.161245
vn -0.999900 0.008004 0.011665
f 8341//8341 8342//8342 8343//8343
v -0.766004 0.432388 1.131623 0.161245 0.161245 0.161245
vn -0.772114 -0.521921 -0.362546
v -0.765376 0.359122 1.235758 0.161245 0.161245 0.161245
vn -0.772114 -0.521921 -0.362546
v -0.768728 0.355073 1.248726 0.161245 0.161245 0.161245
vn -0.772114 -0.521921 -0.362546
f 8344//8344 8345//8345 8346//8346
v -0.766004 0.324978 1.106456 0.161245 0.161245 0.161245
vn -1.000000 0.000000 0.000000
v -0.766004 0.335719 1.118860 0.161245 0.161245 0.161245
vn -1.000000 0.000000 0.000000
v -0.766004 0.421647 1.138993 0.161245 0.161245 0.161245
vn -1.000000 0.000000 0.000000
f 8347//8347 8348//8348 8349//8349
v -0.766004 0.324978 1.106456 0.161245 0.161245 0.161245
vn -1.000000 0.000000 0.000000
v -0.766004 0.421647 1.138993 0.161245 0.161245 0.161245
vn -1.000000 0.000000 0.000000
v -0.766004 0.432388 1.131623 0.161245 0.161245 0.161245
vn -1.000000 0.000000 0.000000
f 8350//8350 8351//8351 8352//8352
v -0.768728 0.324978 1.241675 0.161245 0.161245 0.161245
vn -0.919069 0.393846 0.014061
v -0.765376 0.333229 1.229691 0.161245 0.161245 0.161245
vn -0.919069 0.393846 0.014061
v -0.766004 0.335719 1.118860 0.161245 0.161245 0.161245
vn -0.919069 0.393846 0.014061
f 8353//8353 8354//8354 8355//8355
v -0.768728 0.324978 1.241675 0.161245 0.161245 0.161245
vn -0.999527 0.023252 -0.020135
v -0.766004 0.335719 1.118860 0.161245 0.161245 0.161245
vn -0.999527 0.023252 -0.020135
v -0.766004 0.324978 1.106456 0.161245 0.161245 0.161245
vn -0.999527 0.023252 -0.020135
f 8356//8356 8357//8357 8358//8358
v -0.766004 0.147368 1.378843 0.161245 0.161245 0.161245
vn 0.000000 0.956126 -0.292957
v -0.724706 0.147368 1.378843 0.161245 0.161245 0.161245
vn 0.000000 0.956126 -0.292957
v -0.724706 0.124344 1.303702 0.161245 0.161245 0.161245
vn 0.000000 0.956126 -0.292957
f 8359//8359 8360//8360 8361//8361
v -0.766004 0.147368 1.378843 0.161245 0.161245 0.161245
vn 0.000000 0.956126 -0.292957
v -0.724706 0.124344 1.303702 0.161245 0.161245 0.161245
vn 0.000000 0.956126 -0.292957
v -0.766004 0.124344 1.303702 0.161245 0.161245 0.161245
vn 0.000000 0.956126 -0.292957
f 8362//8362 8363//8363 8364//8364
v -0.766004 0.217568 1.131623 0.161245 0.161245 0.161245
vn -1.000000 0.000000 0.000000
v -0.766004 0.228309 1.138993 0.161245 0.161245 0.161245
vn -1.000000 0.000000 0.000000
v -0.766004 0.314237 1.118860 0.161245 0.161245 0.161245
vn -1.000000 0.000000 0.000000
f 8365//8365 8366//8366 8367//8367
v -0.766004 0.217568 1.131623 0.161245 0.161245 0.161245
vn -1.000000 0.000000 0.000000
v -0.766004 0.314237 1.118860 0.161245 0.161245 0.161245
vn -1.000000 0.000000 0.000000
v -0.766004 0.324978 1.106456 0.161245 0.161245 0.161245
vn -1.000000 0.000000 0.000000
f 8368//8368 8369//8369 8370//8370
v -0.768728 0.294883 1.248726 0.161245 0.161245 0.161245
vn -0.728154 0.577837 -0.368641
v -0.765376 0.290834 1.235758 0.161245 0.161245 0.161245
vn -0.728154 0.577837 -0.368641
v -0.766004 0.228309 1.138993 0.161245 0.161245 0.161245
vn -0.728154 0.577837 -0.368641
f 8371//8371 8372//8372 8373//8373
v -0.768728 0.294883 1.248726 0.161245 0.161245 0.161245
vn -0.998673 0.029141 -0.042470
v -0.766004 0.228309 1.138993 0.161245 0.161245 0.161245
vn -0.998673 0.029141 -0.042470
v -0.766004 0.217568 1.131623 0.161245 0.161245 0.161245
vn -0.998673 0.029141 -0.042470
f 8374//8374 8375//8375 8376//8376
v -0.766004 0.324978 1.106456 0.161245 0.161245 0.161245
vn -0.999964 0.006381 0.005526
v -0.766004 0.314237 1.118860 0.161245 0.161245 0.161245
vn -0.999964 0.006381 0.005526
v -0.765376 0.316727 1.229691 0.161245 0.161245 0.161245
vn -0.999964 0.006381 0.005526
f 8377//8377 8378//8378 8379//8379
v -0.766004 0.324978 1.106456 0.161245 0.161245 0.161245
vn -0.935532 -0.352738 -0.018846
v -0.765376 0.316727 1.229691 0.161245 0.161245 0.161245
vn -0.935532 -0.352738 -0.018846
v -0.768728 0.324978 1.241675 0.161245 0.161245 0.161245
vn -0.935532 -0.352738 -0.018846
f 8380//8380 8381//8381 8382//8382
v -0.766004 0.502588 1.378843 0.161245 0.161245 0.161245
vn 0.000000 0.442988 -0.896528
v -0.724706 0.502588 1.378843 0.161245 0.161245 0.161245
vn 0.000000 0.442988 -0.896528
v -0.733650 0.391934 1.324167 0.161245 0.161245 0.161245
vn 0.000000 0.442988 -0.896528
f 8383//8383 8384//8384 8385//8385
v -0.766004 0.502588 1.378843 0.161245 0.161245 0.161245
vn 0.000000 0.442988 -0.896528
v -0.733650 0.391934 1.324167 0.161245 0.161245 0.161245
vn 0.000000 0.442988 -0.896528
v -0.765376 0.391934 1.324167 0.161245 0.161245 0.161245
vn 0.000000 0.442988 -0.896528
f 8386//8386 8387//8387 8388//8388
v -0.768728 0.294883 1.248726 0.161245 0.161245 0.161245
vn -0.977457 -0.138991 -0.158932
v -0.765376 0.281557 1.239763 0.161245 0.161245 0.161245
vn -0.977457 -0.138991 -0.158932
v -0.765376 0.262602 1.256339 0.161245 0.161245 0.161245
vn -0.977457 -0.138991 -0.158932
f 8389//8389 8390//8390 8391//8391
v -0.768728 0.294883 1.248726 0.161245 0.161245 0.161245
vn -0.977456 -0.138992 -0.158934
v -0.765376 0.262602 1.256339 0.161245 0.161245 0.161245
vn -0.977456 -0.138992 -0.158934
v -0.768728 0.272852 1.267993 0.161245 0.161245 0.161245
vn -0.977456 -0.138992 -0.158934
f 8392//8392 8393//8393 8394//8394
v -0.766004 0.217568 1.131623 0.161245 0.161245 0.161245
vn -0.999965 0.008327 0.000883
v -0.766004 0.216233 1.144207 0.161245 0.161245 0.161245
vn -0.999965 0.008327 0.000883
v -0.765376 0.281557 1.239763 0.161245 0.161245 0.161245
vn -0.999965 0.008327 0.000883
f 8395//8395 8396//8396 8397//8397
v -0.766004 0.217568 1.131623 0.161245 0.161245 0.161245
vn -0.895828 -0.380160 0.230154
v -0.765376 0.281557 1.239763 0.161245 0.161245 0.161245
vn -0.895828 -0.380160 0.230154
v -0.768728 0.294883 1.248726 0.161245 0.161245 0.161245
vn -0.895828 -0.380160 0.230154
f 8398//8398 8399//8399 8400//8400
v -0.766004 0.138939 1.200382 0.161245 0.161245 0.161245
vn -1.000000 0.000000 0.000000
v -0.766004 0.153330 1.199215 0.161245 0.161245 0.161245
vn -1.000000 0.000000 0.000000
v -0.766004 0.216233 1.144207 0.161245 0.161245 0.161245
vn -1.000000 0.000000 0.000000
f 8401//8401 8402//8402 8403//8403
v -0.766004 0.138939 1.200382 0.161245 0.161245 0.161245
vn -1.000000 0.000000 0.000000
v -0.766004 0.216233 1.144207 0.161245 0.161245 0.161245
vn -1.000000 0.000000 0.000000
v -0.766004 0.217568 1.131623 0.161245 0.161245 0.161245
vn -1.000000 0.000000 0.000000
f 8404//8404 8405//8405 8406//8406
v -0.766004 0.216233 1.144207 0.161245 0.161245 0.161245
vn 0.000000 -0.825535 0.564352
v -0.724706 0.216233 1.144207 0.161245 0.161245 0.161245
vn 0.000000 -0.825535 0.564352
v -0.733650 0.281557 1.239763 0.161245 0.161245 0.161245
vn 0.000000 -0.825535 0.564352
f 8407//8407 8408//8408 8409//8409
v -0.766004 0.216233 1.144207 0.161245 0.161245 0.161245
vn 0.000000 -0.825535 0.564352
v -0.733650 0.281557 1.239763 0.161245 0.161245 0.161245
vn 0.000000 -0.825535 0.564352
v -0.765376 0.281557 1.239763 0.161245 0.161245 0.161245
vn 0.000000 -0.825535 0.564352
f 8410//8410 8411//8411 8412//8412
v -0.766004 0.138939 1.200382 0.161245 0.161245 0.161245
vn -0.999906 0.010201 -0.009153
v -0.766004 0.147368 1.209775 0.161245 0.161245 0.161245
vn -0.999906 0.010201 -0.009153
v -0.765376 0.258022 1.264451 0.161245 0.161245 0.161245
vn -0.999906 0.010201 -0.009153
f 8413//8413 8414//8414 8415//8415
v -0.766004 0.138939 1.200382 0.161245 0.161245 0.161245
vn -0.752391 -0.309015 0.581736
v -0.765376 0.258022 1.264451 0.161245 0.161245 0.161245
vn -0.752391 -0.309015 0.581736
v -0.768728 0.272852 1.267993 0.161245 0.161245 0.161245
vn -0.752391 -0.309015 0.581736
f 8416//8416 8417//8417 8418//8418
v -0.766004 0.110160 1.294309 0.161245 0.161245 0.161245
vn -1.000000 0.000000 0.000000
v -0.766004 0.124344 1.284916 0.161245 0.161245 0.161245
vn -1.000000 0.000000 0.000000
v -0.766004 0.147368 1.209775 0.161245 0.161245 0.161245
vn -1.000000 0.000000 0.000000
f 8419//8419 8420//8420 8421//8421
v -0.766004 0.110160 1.294309 0.161245 0.161245 0.161245
vn -1.000000 0.000000 0.000000
v -0.766004 0.147368 1.209775 0.161245 0.161245 0.161245
vn -1.000000 0.000000 0.000000
v -0.766004 0.138939 1.200382 0.161245 0.161245 0.161245
vn -1.000000 0.000000 0.000000
f 8422//8422 8423//8423 8424//8424
v -0.768728 0.264789 1.294309 0.161245 0.161245 0.161245
vn -0.897912 0.012013 -0.440012
v -0.765376 0.251085 1.287094 0.161245 0.161245 0.161245
vn -0.897912 0.012013 -0.440012
v -0.766004 0.124344 1.284916 0.161245 0.161245 0.161245
vn -0.897912 0.012013 -0.440012
f 8425//8425 8426//8426 8427//8427
v -0.768728 0.264789 1.294309 0.161245 0.161245 0.161245
vn -0.999491 -0.017607 -0.026589
v -0.766004 0.124344 1.284916 0.161245 0.161245 0.161245
vn -0.999491 -0.017607 -0.026589
v -0.766004 0.110160 1.294309 0.161245 0.161245 0.161245
vn -0.999491 -0.017607 -0.026589
f 8428//8428 8429//8429 8430//8430
v -0.765376 0.391934 1.324167 0.161245 0.161245 0.161245
vn 0.000000 0.956123 0.292966
v -0.733650 0.391934 1.324167 0.161245 0.161245 0.161245
vn 0.000000 0.956123 0.292966
v -0.733650 0.398872 1.301525 0.161245 0.161245 0.161245
vn 0.000000 0.956123 0.292966
f 8431//8431 8432//8432 8433//8433
v -0.765376 0.391934 1.324167 0.161245 0.161245 0.161245
vn 0.000000 0.956123 0.292966
v -0.733650 0.398872 1.301525 0.161245 0.161245 0.161245
vn 0.000000 0.956123 0.292966
v -0.765376 0.398872 1.301525 0.161245 0.161245 0.161245
vn 0.000000 0.956123 0.292966
f 8434//8434 8435//8435 8436//8436
v -0.768728 0.264789 1.294309 0.161245 0.161245 0.161245
vn -0.976584 -0.205699 0.063028
v -0.765376 0.251085 1.301525 0.161245 0.161245 0.161245
vn -0.976584 -0.205699 0.063028
v -0.765376 0.258022 1.324167 0.161245 0.161245 0.161245
vn -0.976584 -0.205699 0.063028
f 8437//8437 8438//8438 8439//8439
v -0.768728 0.264789 1.294309 0.161245 0.161245 0.161245
vn -0.976582 -0.205708 0.063026
v -0.765376 0.258022 1.324167 0.161245 0.161245 0.161245
vn -0.976582 -0.205708 0.063026
v -0.768728 0.272852 1.320626 0.161245 0.161245 0.161245
vn -0.976582 -0.205708 0.063026
f 8440//8440 8441//8441 8442//8442
v -0.766004 0.138939 1.388236 0.161245 0.161245 0.161245
vn -1.000000 0.000000 0.000000
v -0.766004 0.147368 1.378843 0.161245 0.161245 0.161245
vn -1.000000 0.000000 0.000000
v -0.766004 0.124344 1.303702 0.161245 0.161245 0.161245
vn -1.000000 0.000000 0.000000
f 8443//8443 8444//8444 8445//8445
v -0.766004 0.138939 1.388236 0.161245 0.161245 0.161245
vn -1.000000 0.000000 0.000000
v -0.766004 0.124344 1.303702 0.161245 0.161245 0.161245
vn -1.000000 0.000000 0.000000
v -0.766004 0.110160 1.294309 0.161245 0.161245 0.161245
vn -1.000000 0.000000 0.000000
f 8446//8446 8447//8447 8448//8448
v -0.768728 0.272852 1.320626 0.161245 0.161245 0.161245
vn -0.703683 -0.311533 -0.638575
v -0.765376 0.258022 1.324167 0.161245 0.161245 0.161245
vn -0.703683 -0.311533 -0.638575
v -0.766004 0.147368 1.378843 0.161245 0.161245 0.161245
vn -0.703683 -0.311533 -0.638575
f 8449//8449 8450//8450 8451//8451
v -0.768728 0.272852 1.320626 0.161245 0.161245 0.161245
vn -0.998754 -0.037142 -0.033327
v -0.766004 0.147368 1.378843 0.161245 0.161245 0.161245
vn -0.998754 -0.037142 -0.033327
v -0.766004 0.138939 1.388236 0.161245 0.161245 0.161245
vn -0.998754 -0.037142 -0.033327
f 8452//8452 8453//8453 8454//8454
v -0.765376 0.281557 1.239763 0.161245 0.161245 0.161245
vn 0.000000 -0.658305 -0.752751
v -0.733650 0.281557 1.239763 0.161245 0.161245 0.161245
vn 0.000000 -0.658305 -0.752751
v -0.733650 0.262602 1.256339 0.161245 0.161245 0.161245
vn 0.000000 -0.658305 -0.752751
f 8455//8455 8456//8456 8457//8457
v -0.765376 0.281557 1.239763 0.161245 0.161245 0.161245
vn 0.000000 -0.658305 -0.752751
v -0.733650 0.262602 1.256339 0.161245 0.161245 0.161245
vn 0.000000 -0.658305 -0.752751
v -0.765376 0.262602 1.256339 0.161245 0.161245 0.161245
vn 0.000000 -0.658305 -0.752751
f 8458//8458 8459//8459 8460//8460
v -0.766004 0.217568 1.456995 0.161245 0.161245 0.161245
vn -1.000000 0.000000 0.000000
v -0.766004 0.216233 1.444411 0.161245 0.161245 0.161245
vn -1.000000 0.000000 0.000000
v -0.766004 0.153330 1.389404 0.161245 0.161245 0.161245
vn -1.000000 0.000000 0.000000
f 8461//8461 8462//8462 8463//8463
v -0.766004 0.217568 1.456995 0.161245 0.161245 0.161245
vn -1.000000 0.000000 0.000000
v -0.766004 0.153330 1.389404 0.161245 0.161245 0.161245
vn -1.000000 0.000000 0.000000
v -0.766004 0.138939 1.388236 0.161245 0.161245 0.161245
vn -1.000000 0.000000 0.000000
f 8464//8464 8465//8465 8466//8466
v -0.768728 0.294883 1.339892 0.161245 0.161245 0.161245
vn -0.865870 -0.410318 -0.286195
v -0.765376 0.281557 1.348855 0.161245 0.161245 0.161245
vn -0.865870 -0.410318 -0.286195
v -0.766004 0.216233 1.444411 0.161245 0.161245 0.161245
vn -0.865870 -0.410318 -0.286195
f 8467//8467 8468//8468 8469//8469
v -0.768728 0.294883 1.339892 0.161245 0.161245 0.161245
vn -0.999534 -0.030340 0.003219
v -0.766004 0.216233 1.444411 0.161245 0.161245 0.161245
vn -0.999534 -0.030340 0.003219
v -0.766004 0.217568 1.456995 0.161245 0.161245 0.161245
vn -0.999534 -0.030340 0.003219
f 8470//8470 8471//8471 8472//8472
v -0.766004 0.138939 1.388236 0.161245 0.161245 0.161245
vn -0.999954 0.000773 -0.009522
v -0.766004 0.153330 1.389404 0.161245 0.161245 0.161245
vn -0.999954 0.000773 -0.009522
v -0.765376 0.262602 1.332280 0.161245 0.161245 0.161245
vn -0.999954 0.000773 -0.009522
f 8473//8473 8474//8474 8475//8475
v -0.766004 0.138939 1.388236 0.161245 0.161245 0.161245
vn -0.881828 0.198118 0.427935
v -0.765376 0.262602 1.332280 0.161245 0.161245 0.161245
vn -0.881828 0.198118 0.427935
v -0.768728 0.272852 1.320626 0.161245 0.161245 0.161245
vn -0.881828 0.198118 0.427935
f 8476//8476 8477//8477 8478//8478
v -0.766004 0.124344 1.303702 0.161245 0.161245 0.161245
vn 0.000000 0.017172 0.999853
v -0.724706 0.124344 1.303702 0.161245 0.161245 0.161245
vn 0.000000 0.017172 0.999853
v -0.733650 0.251085 1.301525 0.161245 0.161245 0.161245
vn 0.000000 0.017172 0.999853
f 8479//8479 8480//8480 8481//8481
v -0.766004 0.124344 1.303702 0.161245 0.161245 0.161245
vn 0.000000 0.017172 0.999853
v -0.733650 0.251085 1.301525 0.161245 0.161245 0.161245
vn 0.000000 0.017172 0.999853
v -0.765376 0.251085 1.301525 0.161245 0.161245 0.161245
vn 0.000000 0.017172 0.999853
f 8482//8482 8483//8483 8484//8484
v -0.766004 0.525613 1.284917 0.161245 0.161245 0.161245
vn 0.000000 -0.017172 -0.999853
v -0.724706 0.525613 1.284917 0.161245 0.161245 0.161245
vn 0.000000 -0.017172 -0.999853
v -0.733650 0.398872 1.287094 0.161245 0.161245 0.161245
vn 0.000000 -0.017172 -0.999853
f 8485//8485 8486//8486 8487//8487
v -0.766004 0.525613 1.284917 0.161245 0.161245 0.161245
vn 0.000000 -0.017172 -0.999853
v -0.733650 0.398872 1.287094 0.161245 0.161245 0.161245
vn 0.000000 -0.017172 -0.999853
v -0.765376 0.398872 1.287094 0.161245 0.161245 0.161245
vn 0.000000 -0.017172 -0.999853
f 8488//8488 8489//8489 8490//8490
v -0.766004 0.228309 1.449625 0.161245 0.161245 0.161245
vn 0.000000 0.839918 0.542713
v -0.724706 0.228309 1.449625 0.161245 0.161245 0.161245
vn 0.000000 0.839918 0.542713
v -0.733650 0.290834 1.352860 0.161245 0.161245 0.161245
vn 0.000000 0.839918 0.542713
f 8491//8491 8492//8492 8493//8493
v -0.766004 0.228309 1.449625 0.161245 0.161245 0.161245
vn 0.000000 0.839918 0.542713
v -0.733650 0.290834 1.352860 0.161245 0.161245 0.161245
vn 0.000000 0.839918 0.542713
v -0.765376 0.290834 1.352860 0.161245 0.161245 0.161245
vn 0.000000 0.839918 0.542713
f 8494//8494 8495//8495 8496//8496
v -0.766004 0.228309 1.138993 0.161245 0.161245 0.161245
vn 0.000000 0.228128 0.973631
v -0.724706 0.228309 1.138993 0.161245 0.161245 0.161245
vn 0.000000 0.228128 0.973631
v -0.724706 0.314237 1.118860 0.161245 0.161245 0.161245
vn 0.000000 0.228128 0.973631
f 8497//8497 8498//8498 8499//8499
v -0.766004 0.228309 1.138993 0.161245 0.161245 0.161245
vn 0.000000 0.228128 0.973631
v -0.724706 0.314237 1.118860 0.161245 0.161245 0.161245
vn 0.000000 0.228128 0.973631
v -0.766004 0.314237 1.118860 0.161245 0.161245 0.161245
vn 0.000000 0.228128 0.973631
f 8500//8500 8501//8501 8502//8502
v -0.765376 0.258022 1.324167 0.161245 0.161245 0.161245
vn 0.000000 -0.442988 -0.896528
v -0.733650 0.258022 1.324167 0.161245 0.161245 0.161245
vn 0.000000 -0.442988 -0.896528
v -0.724706 0.147368 1.378843 0.161245 0.161245 0.161245
vn 0.000000 -0.442988 -0.896528
f 8503//8503 8504//8504 8505//8505
v -0.765376 0.258022 1.324167 0.161245 0.161245 0.161245
vn 0.000000 -0.442988 -0.896528
v -0.724706 0.147368 1.378843 0.161245 0.161245 0.161245
vn 0.000000 -0.442988 -0.896528
v -0.766004 0.147368 1.378843 0.161245 0.161245 0.161245
vn 0.000000 -0.442988 -0.896528
f 8506//8506 8507//8507 8508//8508
v -0.766004 0.496626 1.389404 0.161245 0.161245 0.161245
vn 0.000000 -0.658281 -0.752772
v -0.724706 0.496626 1.389404 0.161245 0.161245 0.161245
vn 0.000000 -0.658281 -0.752772
v -0.724706 0.433723 1.444411 0.161245 0.161245 0.161245
vn 0.000000 -0.658281 -0.752772
f 8509//8509 8510//8510 8511//8511
v -0.766004 0.496626 1.389404 0.161245 0.161245 0.161245
vn 0.000000 -0.658281 -0.752772
v -0.724706 0.433723 1.444411 0.161245 0.161245 0.161245
vn 0.000000 -0.658281 -0.752772
v -0.766004 0.433723 1.444411 0.161245 0.161245 0.161245
vn 0.000000 -0.658281 -0.752772
f 8512//8512 8513//8513 8514//8514
v -0.765376 0.391934 1.264452 0.161245 0.161245 0.161245
vn 0.000000 0.442995 0.896524
v -0.733650 0.391934 1.264452 0.161245 0.161245 0.161245
vn 0.000000 0.442995 0.896524
v -0.724706 0.502588 1.209775 0.161245 0.161245 0.161245
vn 0.000000 0.442995 0.896524
f 8515//8515 8516//8516 8517//8517
v -0.765376 0.391934 1.264452 0.161245 0.161245 0.161245
vn 0.000000 0.442995 0.896524
v -0.724706 0.502588 1.209775 0.161245 0.161245 0.161245
vn 0.000000 0.442995 0.896524
v -0.766004 0.502588 1.209775 0.161245 0.161245 0.161245
vn 0.000000 0.442995 0.896524
f 8518//8518 8519//8519 8520//8520
v -0.765376 0.316727 1.358928 0.161245 0.161245 0.161245
vn 0.000000 -0.999748 -0.022465
v -0.733650 0.316727 1.358928 0.161245 0.161245 0.161245
vn 0.000000 -0.999748 -0.022465
v -0.724706 0.314237 1.469759 0.161245 0.161245 0.161245
vn 0.000000 -0.999748 -0.022465
f 8521//8521 8522//8522 8523//8523
v -0.765376 0.316727 1.358928 0.161245 0.161245 0.161245
vn 0.000000 -0.999748 -0.022465
v -0.724706 0.314237 1.469759 0.161245 0.161245 0.161245
vn 0.000000 -0.999748 -0.022465
v -0.766004 0.314237 1.469759 0.161245 0.161245 0.161245
vn 0.000000 -0.999748 -0.022465
f 8524//8524 8525//8525 8526//8526
v -0.765376 0.316727 1.229691 0.161245 0.161245 0.161245
vn 0.000000 -0.228124 -0.973632
v -0.733650 0.316727 1.229691 0.161245 0.161245 0.161245
vn 0.000000 -0.228124 -0.973632
v -0.733650 0.290834 1.235758 0.161245 0.161245 0.161245
vn 0.000000 -0.228124 -0.973632
f 8527//8527 8528//8528 8529//8529
v -0.765376 0.316727 1.229691 0.161245 0.161245 0.161245
vn 0.000000 -0.228124 -0.973632
v -0.733650 0.290834 1.235758 0.161245 0.161245 0.161245
vn 0.000000 -0.228124 -0.973632
v -0.765376 0.290834 1.235758 0.161245 0.161245 0.161245
vn 0.000000 -0.228124 -0.973632
f 8530//8530 8531//8531 8532//8532
v -0.765376 0.368399 1.348855 0.161245 0.161245 0.161245
vn 0.000000 0.658281 0.752772
v -0.733650 0.368399 1.348855 0.161245 0.161245 0.161245
vn 0.000000 0.658281 0.752772
v -0.733650 0.387354 1.332280 0.161245 0.161245 0.161245
vn 0.000000 0.658281 0.752772
f 8533//8533 8534//8534 8535//8535
v -0.765376 0.368399 1.348855 0.161245 0.161245 0.161245
vn 0.000000 0.658281 0.752772
v -0.733650 0.387354 1.332280 0.161245 0.161245 0.161245
vn 0.000000 0.658281 0.752772
v -0.765376 0.387354 1.332280 0.161245 0.161245 0.161245
vn 0.000000 0.658281 0.752772
f 8536//8536 8537//8537 8538//8538
v -0.765376 0.290834 1.235758 0.161245 0.161245 0.161245
vn 0.000000 0.839918 -0.542713
v -0.733650 0.290834 1.235758 0.161245 0.161245 0.161245
vn 0.000000 0.839918 -0.542713
v -0.724706 0.228309 1.138993 0.161245 0.161245 0.161245
vn 0.000000 0.839918 -0.542713
f 8539//8539 8540//8540 8541//8541
v -0.765376 0.290834 1.235758 0.161245 0.161245 0.161245
vn 0.000000 0.839918 -0.542713
v -0.724706 0.228309 1.138993 0.161245 0.161245 0.161245
vn 0.000000 0.839918 -0.542713
v -0.766004 0.228309 1.138993 0.161245 0.161245 0.161245
vn 0.000000 0.839918 -0.542713
f 8542//8542 8543//8543 8544//8544
v -0.765376 0.387354 1.332280 0.161245 0.161245 0.161245
vn 0.000000 -0.463283 0.886210
v -0.733650 0.387354 1.332280 0.161245 0.161245 0.161245
vn 0.000000 -0.463283 0.886210
v -0.724706 0.496626 1.389404 0.161245 0.161245 0.161245
vn 0.000000 -0.463283 0.886210
f 8545//8545 8546//8546 8547//8547
v -0.765376 0.387354 1.332280 0.161245 0.161245 0.161245
vn 0.000000 -0.463283 0.886210
v -0.724706 0.496626 1.389404 0.161245 0.161245 0.161245
vn 0.000000 -0.463283 0.886210
v -0.766004 0.496626 1.389404 0.161245 0.161245 0.161245
vn 0.000000 -0.463283 0.886210
f 8548//8548 8549//8549 8550//8550
v -0.766004 0.124344 1.284916 0.161245 0.161245 0.161245
vn 0.000000 0.956126 0.292957
v -0.724706 0.124344 1.284916 0.161245 0.161245 0.161245
vn 0.000000 0.956126 0.292957
v -0.724706 0.147368 1.209775 0.161245 0.161245 0.161245
vn 0.000000 0.956126 0.292957
f 8551//8551 8552//8552 8553//8553
v -0.766004 0.124344 1.284916 0.161245 0.161245 0.161245
vn 0.000000 0.956126 0.292957
v -0.724706 0.147368 1.209775 0.161245 0.161245 0.161245
vn 0.000000 0.956126 0.292957
v -0.766004 0.147368 1.209775 0.161245 0.161245 0.161245
vn 0.000000 0.956126 0.292957
f 8554//8554 8555//8555 8556//8556
v -0.766004 0.433723 1.144207 0.161245 0.161245 0.161245
vn 0.000000 -0.658288 0.752766
v -0.724706 0.433723 1.144207 0.161245 0.161245 0.161245
vn 0.000000 -0.658288 0.752766
v -0.724706 0.496626 1.199215 0.161245 0.161245 0.161245
vn 0.000000 -0.658288 0.752766
f 8557//8557 8558//8558 8559//8559
v -0.766004 0.433723 1.144207 0.161245 0.161245 0.161245
vn 0.000000 -0.658288 0.752766
v -0.724706 0.496626 1.199215 0.161245 0.161245 0.161245
vn 0.000000 -0.658288 0.752766
v -0.766004 0.496626 1.199215 0.161245 0.161245 0.161245
vn 0.000000 -0.658288 0.752766
f 8560//8560 8561//8561 8562//8562
v -0.766004 0.314237 1.118860 0.161245 0.161245 0.161245
vn 0.000000 -0.999748 0.022465
v -0.724706 0.314237 1.118860 0.161245 0.161245 0.161245
vn 0.000000 -0.999748 0.022465
v -0.733650 0.316727 1.229691 0.161245 0.161245 0.161245
vn 0.000000 -0.999748 0.022465
f 8563//8563 8564//8564 8565//8565
v -0.766004 0.314237 1.118860 0.161245 0.161245 0.161245
vn 0.000000 -0.999748 0.022465
v -0.733650 0.316727 1.229691 0.161245 0.161245 0.161245
vn 0.000000 -0.999748 0.022465
v -0.765376 0.316727 1.229691 0.161245 0.161245 0.161245
vn 0.000000 -0.999748 0.022465
f 8566//8566 8567//8567 8568//8568
v -0.766004 0.433723 1.444411 0.161245 0.161245 0.161245
vn 0.000000 0.825535 -0.564352
v -0.724706 0.433723 1.444411 0.161245 0.161245 0.161245
vn 0.000000 0.825535 -0.564352
v -0.733650 0.368399 1.348855 0.161245 0.161245 0.161245
vn 0.000000 0.825535 -0.564352
f 8569//8569 8570//8570 8571//8571
v -0.766004 0.433723 1.444411 0.161245 0.161245 0.161245
vn 0.000000 0.825535 -0.564352
v -0.733650 0.368399 1.348855 0.161245 0.161245 0.161245
vn 0.000000 0.825535 -0.564352
v -0.765376 0.368399 1.348855 0.161245 0.161245 0.161245
vn 0.000000 0.825535 -0.564352
f 8572//8572 8573//8573 8574//8574
v -0.765376 0.258022 1.264451 0.161245 0.161245 0.161245
vn 0.000000 -0.956127 -0.292953
v -0.733650 0.258022 1.264451 0.161245 0.161245 0.161245
vn 0.000000 -0.956127 -0.292953
v -0.733650 0.251085 1.287094 0.161245 0.161245 0.161245
vn 0.000000 -0.956127 -0.292953
f 8575//8575 8576//8576 8577//8577
v -0.765376 0.258022 1.264451 0.161245 0.161245 0.161245
vn 0.000000 -0.956127 -0.292953
v -0.733650 0.251085 1.287094 0.161245 0.161245 0.161245
vn 0.000000 -0.956127 -0.292953
v -0.765376 0.251085 1.287094 0.161245 0.161245 0.161245
vn 0.000000 -0.956127 -0.292953
f 8578//8578 8579//8579 8580//8580
v -0.765376 0.387354 1.256339 0.161245 0.161245 0.161245
vn 0.000000 0.658305 -0.752751
v -0.733650 0.387354 1.256339 0.161245 0.161245 0.161245
vn 0.000000 0.658305 -0.752751
v -0.733650 0.368399 1.239763 0.161245 0.161245 0.161245
vn 0.000000 0.658305 -0.752751
f 8581//8581 8582//8582 8583//8583
v -0.765376 0.387354 1.256339 0.161245 0.161245 0.161245
vn 0.000000 0.658305 -0.752751
v -0.733650 0.368399 1.239763 0.161245 0.161245 0.161245
vn 0.000000 0.658305 -0.752751
v -0.765376 0.368399 1.239763 0.161245 0.161245 0.161245
vn 0.000000 0.658305 -0.752751
f 8584//8584 8585//8585 8586//8586
v -0.766004 0.147368 1.209775 0.161245 0.161245 0.161245
vn 0.000000 -0.442988 0.896528
v -0.724706 0.147368 1.209775 0.161245 0.161245 0.161245
vn 0.000000 -0.442988 0.896528
v -0.733650 0.258022 1.264451 0.161245 0.161245 0.161245
vn 0.000000 -0.442988 0.896528
f 8587//8587 8588//8588 8589//8589
v -0.766004 0.147368 1.209775 0.161245 0.161245 0.161245
vn 0.000000 -0.442988 0.896528
v -0.733650 0.258022 1.264451 0.161245 0.161245 0.161245
vn 0.000000 -0.442988 0.896528
v -0.765376 0.258022 1.264451 0.161245 0.161245 0.161245
vn 0.000000 -0.442988 0.896528
f 8590//8590 8591//8591 8592//8592
v -0.766004 0.496626 1.199215 0.161245 0.161245 0.161245
vn 0.000000 -0.463283 -0.886210
v -0.724706 0.496626 1.199215 0.161245 0.161245 0.161245
vn 0.000000 -0.463283 -0.886210
v -0.733650 0.387354 1.256339 0.161245 0.161245 0.161245
vn 0.000000 -0.463283 -0.886210
f 8593//8593 8594//8594 8595//8595
v -0.766004 0.496626 1.199215 0.161245 0.161245 0.161245
vn 0.000000 -0.463283 -0.886210
v -0.733650 0.387354 1.256339 0.161245 0.161245 0.161245
vn 0.000000 -0.463283 -0.886210
v -0.765376 0.387354 1.256339 0.161245 0.161245 0.161245
vn 0.000000 -0.463283 -0.886210
f 8596//8596 8597//8597 8598//8598
v -0.766004 0.216233 1.444411 0.161245 0.161245 0.161245
vn 0.000000 0.658281 -0.752772
v -0.724706 0.216233 1.444411 0.161245 0.161245 0.161245
vn 0.000000 0.658281 -0.752772
v -0.724706 0.153330 1.389404 0.161245 0.161245 0.161245
vn 0.000000 0.658281 -0.752772
f 8599//8599 8600//8600 8601//8601
v -0.766004 0.216233 1.444411 0.161245 0.161245 0.161245
vn 0.000000 0.658281 -0.752772
v -0.724706 0.153330 1.389404 0.161245 0.161245 0.161245
vn 0.000000 0.658281 -0.752772
v -0.766004 0.153330 1.389404 0.161245 0.161245 0.161245
vn 0.000000 0.658281 -0.752772
f 8602//8602 8603//8603 8604//8604
v -0.766004 0.335719 1.118860 0.161245 0.161245 0.161245
vn 0.000000 -0.228128 0.973631
v -0.724706 0.335719 1.118860 0.161245 0.161245 0.161245
vn 0.000000 -0.228128 0.973631
v -0.724706 0.421647 1.138993 0.161245 0.161245 0.161245
vn 0.000000 -0.228128 0.973631
f 8605//8605 8606//8606 8607//8607
v -0.766004 0.335719 1.118860 0.161245 0.161245 0.161245
vn 0.000000 -0.228128 0.973631
v -0.724706 0.421647 1.138993 0.161245 0.161245 0.161245
vn 0.000000 -0.228128 0.973631
v -0.766004 0.421647 1.138993 0.161245 0.161245 0.161245
vn 0.000000 -0.228128 0.973631
f 8608//8608 8609//8609 8610//8610
v -0.765376 0.251085 1.287094 0.161245 0.161245 0.161245
vn 0.000000 0.017181 -0.999852
v -0.733650 0.251085 1.287094 0.161245 0.161245 0.161245
vn 0.000000 0.017181 -0.999852
v -0.724706 0.124344 1.284916 0.161245 0.161245 0.161245
vn 0.000000 0.017181 -0.999852
f 8611//8611 8612//8612 8613//8613
v -0.765376 0.251085 1.287094 0.161245 0.161245 0.161245
vn 0.000000 0.017181 -0.999852
v -0.724706 0.124344 1.284916 0.161245 0.161245 0.161245
vn 0.000000 0.017181 -0.999852
v -0.766004 0.124344 1.284916 0.161245 0.161245 0.161245
vn 0.000000 0.017181 -0.999852
f 8614//8614 8615//8615 8616//8616
v -0.766004 0.421647 1.449625 0.161245 0.161245 0.161245
vn 0.000000 -0.228140 -0.973628
v -0.724706 0.421647 1.449625 0.161245 0.161245 0.161245
vn 0.000000 -0.228140 -0.973628
v -0.724706 0.335719 1.469759 0.161245 0.161245 0.161245
vn 0.000000 -0.228140 -0.973628
f 8617//8617 8618//8618 8619//8619
v -0.766004 0.421647 1.449625 0.161245 0.161245 0.161245
vn 0.000000 -0.228140 -0.973628
v -0.724706 0.335719 1.469759 0.161245 0.161245 0.161245
vn 0.000000 -0.228140 -0.973628
v -0.766004 0.335719 1.469759 0.161245 0.161245 0.161245
vn 0.000000 -0.228140 -0.973628
f 8620//8620 8621//8621 8622//8622
v -0.765376 0.368399 1.239763 0.161245 0.161245 0.161245
vn 0.000000 0.825535 0.564352
v -0.733650 0.368399 1.239763 0.161245 0.161245 0.161245
vn 0.000000 0.825535 0.564352
v -0.724706 0.433723 1.144207 0.161245 0.161245 0.161245
vn 0.000000 0.825535 0.564352
f 8623//8623 8624//8624 8625//8625
v -0.765376 0.368399 1.239763 0.161245 0.161245 0.161245
vn 0.000000 0.825535 0.564352
v -0.724706 0.433723 1.144207 0.161245 0.161245 0.161245
vn 0.000000 0.825535 0.564352
v -0.766004 0.433723 1.144207 0.161245 0.161245 0.161245
vn 0.000000 0.825535 0.564352
f 8626//8626 8627//8627 8628//8628
v -0.765376 0.262602 1.332280 0.161245 0.161245 0.161245
vn 0.000000 -0.658281 0.752772
v -0.733650 0.262602 1.332280 0.161245 0.161245 0.161245
vn 0.000000 -0.658281 0.752772
v -0.733650 0.281557 1.348855 0.161245 0.161245 0.161245
vn 0.000000 -0.658281 0.752772
f 8629//8629 8630//8630 8631//8631
v -0.765376 0.262602 1.332280 0.161245 0.161245 0.161245
vn 0.000000 -0.658281 0.752772
v -0.733650 0.281557 1.348855 0.161245 0.161245 0.161245
vn 0.000000 -0.658281 0.752772
v -0.765376 0.281557 1.348855 0.161245 0.161245 0.161245
vn 0.000000 -0.658281 0.752772
f 8632//8632 8633//8633 8634//8634
v -0.765376 0.359122 1.235758 0.161245 0.161245 0.161245
vn 0.000000 0.228124 -0.973632
v -0.733650 0.359122 1.235758 0.161245 0.161245 0.161245
vn 0.000000 0.228124 -0.973632
v -0.733650 0.333229 1.229691 0.161245 0.161245 0.161245
vn 0.000000 0.228124 -0.973632
f 8635//8635 8636//8636 8637//8637
v -0.765376 0.359122 1.235758 0.161245 0.161245 0.161245
vn 0.000000 0.228124 -0.973632
v -0.733650 0.333229 1.229691 0.161245 0.161245 0.161245
vn 0.000000 0.228124 -0.973632
v -0.765376 0.333229 1.229691 0.161245 0.161245 0.161245
vn 0.000000 0.228124 -0.973632
f 8638//8638 8639//8639 8640//8640
v -0.765376 0.333229 1.358928 0.161245 0.161245 0.161245
vn 0.000000 0.228163 0.973623
v -0.733650 0.333229 1.358928 0.161245 0.161245 0.161245
vn 0.000000 0.228163 0.973623
v -0.733650 0.359122 1.352860 0.161245 0.161245 0.161245
vn 0.000000 0.228163 0.973623
f 8641//8641 8642//8642 8643//8643
v -0.765376 0.333229 1.358928 0.161245 0.161245 0.161245
vn 0.000000 0.228163 0.973623
v -0.733650 0.359122 1.352860 0.161245 0.161245 0.161245
vn 0.000000 0.228163 0.973623
v -0.765376 0.359122 1.352860 0.161245 0.161245 0.161245
vn 0.000000 0.228163 0.973623
f 8644//8644 8645//8645 8646//8646
v -0.765376 0.281557 1.348855 0.161245 0.161245 0.161245
vn 0.000000 -0.825535 -0.564352
v -0.733650 0.281557 1.348855 0.161245 0.161245 0.161245
vn 0.000000 -0.825535 -0.564352
v -0.724706 0.216233 1.444411 0.161245 0.161245 0.161245
vn 0.000000 -0.825535 -0.564352
f 8647//8647 8648//8648 8649//8649
v -0.765376 0.281557 1.348855 0.161245 0.161245 0.161245
vn 0.000000 -0.825535 -0.564352
v -0.724706 0.216233 1.444411 0.161245 0.161245 0.161245
vn 0.000000 -0.825535 -0.564352
v -0.766004 0.216233 1.444411 0.161245 0.161245 0.161245
vn 0.000000 -0.825535 -0.564352
f 8650//8650 8651//8651 8652//8652
v -0.766004 0.421647 1.138993 0.161245 0.161245 0.161245
vn 0.000000 -0.839918 -0.542713
v -0.724706 0.421647 1.138993 0.161245 0.161245 0.161245
vn 0.000000 -0.839918 -0.542713
v -0.733650 0.359122 1.235758 0.161245 0.161245 0.161245
vn 0.000000 -0.839918 -0.542713
f 8653//8653 8654//8654 8655//8655
v -0.766004 0.421647 1.138993 0.161245 0.161245 0.161245
vn 0.000000 -0.839918 -0.542713
v -0.733650 0.359122 1.235758 0.161245 0.161245 0.161245
vn 0.000000 -0.839918 -0.542713
v -0.765376 0.359122 1.235758 0.161245 0.161245 0.161245
vn 0.000000 -0.839918 -0.542713
f 8656//8656 8657//8657 8658//8658
v -0.766004 0.335719 1.469759 0.161245 0.161245 0.161245
vn 0.000000 0.999748 -0.022465
v -0.724706 0.335719 1.469759 0.161245 0.161245 0.161245
vn 0.000000 0.999748 -0.022465
v -0.733650 0.333229 1.358928 0.161245 0.161245 0.161245
vn 0.000000 0.999748 -0.022465
f 8659//8659 8660//8660 8661//8661
v -0.766004 0.335719 1.469759 0.161245 0.161245 0.161245
vn 0.000000 0.999748 -0.022465
v -0.733650 0.333229 1.358928 0.161245 0.161245 0.161245
vn 0.000000 0.999748 -0.022465
v -0.765376 0.333229 1.358928 0.161245 0.161245 0.161245
vn 0.000000 0.999748 -0.022465
f 8662//8662 8663//8663 8664//8664
v -0.766004 0.153330 1.199215 0.161245 0.161245 0.161245
vn 0.000000 0.658288 0.752766
v -0.724706 0.153330 1.199215 0.161245 0.161245 0.161245
vn 0.000000 0.658288 0.752766
v -0.724706 0.216233 1.144207 0.161245 0.161245 0.161245
vn 0.000000 0.658288 0.752766
f 8665//8665 8666//8666 8667//8667
v -0.766004 0.153330 1.199215 0.161245 0.161245 0.161245
vn 0.000000 0.658288 0.752766
v -0.724706 0.216233 1.144207 0.161245 0.161245 0.161245
vn 0.000000 0.658288 0.752766
v -0.766004 0.216233 1.144207 0.161245 0.161245 0.161245
vn 0.000000 0.658288 0.752766
f 8668//8668 8669//8669 8670//8670
v -0.766004 0.153330 1.389404 0.161245 0.161245 0.161245
vn 0.000000 0.463283 0.886210
v -0.724706 0.153330 1.389404 0.161245 0.161245 0.161245
vn 0.000000 0.463283 0.886210
v -0.733650 0.262602 1.332280 0.161245 0.161245 0.161245
vn 0.000000 0.463283 0.886210
f 8671//8671 8672//8672 8673//8673
v -0.766004 0.153330 1.389404 0.161245 0.161245 0.161245
vn 0.000000 0.463283 0.886210
v -0.733650 0.262602 1.332280 0.161245 0.161245 0.161245
vn 0.000000 0.463283 0.886210
v -0.765376 0.262602 1.332280 0.161245 0.161245 0.161245
vn 0.000000 0.463283 0.886210
f 8674//8674 8675//8675 8676//8676
v -0.766004 0.525613 1.303702 0.161245 0.161245 0.161245
vn 0.000000 -0.956121 -0.292972
v -0.724706 0.525613 1.303702 0.161245 0.161245 0.161245
vn 0.000000 -0.956121 -0.292972
v -0.724706 0.502588 1.378843 0.161245 0.161245 0.161245
vn 0.000000 -0.956121 -0.292972
f 8677//8677 8678//8678 8679//8679
v -0.766004 0.525613 1.303702 0.161245 0.161245 0.161245
vn 0.000000 -0.956121 -0.292972
v -0.724706 0.502588 1.378843 0.161245 0.161245 0.161245
vn 0.000000 -0.956121 -0.292972
v -0.766004 0.502588 1.378843 0.161245 0.161245 0.161245
vn 0.000000 -0.956121 -0.292972
f 8680//8680 8681//8681 8682//8682
v -0.765376 0.333229 1.229691 0.161245 0.161245 0.161245
vn 0.000000 0.999748 0.022465
v -0.733650 0.333229 1.229691 0.161245 0.161245 0.161245
vn 0.000000 0.999748 0.022465
v -0.724706 0.335719 1.118860 0.161245 0.161245 0.161245
vn 0.000000 0.999748 0.022465
f 8683//8683 8684//8684 8685//8685
v -0.765376 0.333229 1.229691 0.161245 0.161245 0.161245
vn 0.000000 0.999748 0.022465
v -0.724706 0.335719 1.118860 0.161245 0.161245 0.161245
vn 0.000000 0.999748 0.022465
v -0.766004 0.335719 1.118860 0.161245 0.161245 0.161245
vn 0.000000 0.999748 0.022465
f 8686//8686 8687//8687 8688//8688
v -0.765376 0.359122 1.352860 0.161245 0.161245 0.161245
vn 0.000000 -0.839918 0.542713
v -0.733650 0.359122 1.352860 0.161245 0.161245 0.161245
vn 0.000000 -0.839918 0.542713
v -0.724706 0.421647 1.449625 0.161245 0.161245 0.161245
vn 0.000000 -0.839918 0.542713
f 8689//8689 8690//8690 8691//8691
v -0.765376 0.359122 1.352860 0.161245 0.161245 0.161245
vn 0.000000 -0.839918 0.542713
v -0.724706 0.421647 1.449625 0.161245 0.161245 0.161245
vn 0.000000 -0.839918 0.542713
v -0.766004 0.421647 1.449625 0.161245 0.161245 0.161245
vn 0.000000 -0.839918 0.542713
f 8692//8692 8693//8693 8694//8694
v -0.770406 0.292744 1.334057 0.161245 0.161245 0.161245
vn 0.000000 0.658281 -0.752772
v -0.753160 0.292744 1.334057 0.161245 0.161245 0.161245
vn 0.000000 0.658281 -0.752772
v -0.753160 0.279524 1.322497 0.161245 0.161245 0.161245
vn 0.000000 0.658281 -0.752772
f 8695//8695 8696//8696 8697//8697
v -0.770406 0.292744 1.334057 0.161245 0.161245 0.161245
vn 0.000000 0.658281 -0.752772
v -0.753160 0.279524 1.322497 0.161245 0.161245 0.161245
vn 0.000000 0.658281 -0.752772
v -0.770406 0.279524 1.322497 0.161245 0.161245 0.161245
vn 0.000000 0.658281 -0.752772
f 8698//8698 8699//8699 8700//8700
v -0.777115 0.306215 1.322728 0.161245 0.161245 0.161245
vn -0.925500 -0.181331 0.332520
v -0.775437 0.299542 1.323759 0.161245 0.161245 0.161245
vn -0.925500 -0.181331 0.332520
v -0.770406 0.292744 1.334057 0.161245 0.161245 0.161245
vn -0.925500 -0.181331 0.332520
f 8701//8701 8702//8702 8703//8703
v -0.777115 0.306215 1.322728 0.161245 0.161245 0.161245
vn -0.925490 -0.181282 0.332572
v -0.770406 0.292744 1.334057 0.161245 0.161245 0.161245
vn -0.925490 -0.181282 0.332572
v -0.768728 0.294883 1.339892 0.161245 0.161245 0.161245
vn -0.925490 -0.181282 0.332572
f 8704//8704 8705//8705 8706//8706
v -0.768728 0.272852 1.320626 0.161245 0.161245 0.161245
vn -0.932961 -0.293155 0.208910
v -0.770406 0.279524 1.322497 0.161245 0.161245 0.161245
vn -0.932961 -0.293155 0.208910
v -0.775437 0.291302 1.316552 0.161245 0.161245 0.161245
vn -0.932961 -0.293155 0.208910
f 8707//8707 8708//8708 8709//8709
v -0.768728 0.272852 1.320626 0.161245 0.161245 0.161245
vn -0.932936 -0.293106 0.209090
v -0.775437 0.291302 1.316552 0.161245 0.161245 0.161245
vn -0.932936 -0.293106 0.209090
v -0.777115 0.292479 1.310717 0.161245 0.161245 0.161245
vn -0.932936 -0.293106 0.209090
f 8710//8710 8711//8711 8712//8712
v -0.777115 0.292479 1.310717 0.161245 0.161245 0.161245
vn -0.951125 -0.203298 0.232445
v -0.775437 0.291302 1.316552 0.161245 0.161245 0.161245
vn -0.951125 -0.203298 0.232445
v -0.775437 0.299542 1.323759 0.161245 0.161245 0.161245
vn -0.951125 -0.203298 0.232445
f 8713//8713 8714//8714 8715//8715
v -0.777115 0.292479 1.310717 0.161245 0.161245 0.161245
vn -0.951143 -0.203244 0.232418
v -0.775437 0.299542 1.323759 0.161245 0.161245 0.161245
vn -0.951143 -0.203244 0.232418
v -0.777115 0.306215 1.322728 0.161245 0.161245 0.161245
vn -0.951143 -0.203244 0.232418
f 8716//8716 8717//8717 8718//8718
v -0.770406 0.357213 1.334057 0.161245 0.161245 0.161245
vn 0.000000 0.834526 -0.550969
v -0.753160 0.357213 1.334057 0.161245 0.161245 0.161245
vn 0.000000 0.834526 -0.550969
v -0.758193 0.350414 1.323759 0.161245 0.161245 0.161245
vn 0.000000 0.834526 -0.550969
f 8719//8719 8720//8720 8721//8721
v -0.770406 0.357213 1.334057 0.161245 0.161245 0.161245
vn 0.000000 0.834526 -0.550969
v -0.758193 0.350414 1.323759 0.161245 0.161245 0.161245
vn 0.000000 0.834526 -0.550969
v -0.775437 0.350414 1.323759 0.161245 0.161245 0.161245
vn 0.000000 0.834526 -0.550969
f 8722//8722 8723//8723 8724//8724
v -0.777115 0.306215 1.265890 0.161245 0.161245 0.161245
vn -0.951129 -0.203273 -0.232452
v -0.775437 0.299542 1.264860 0.161245 0.161245 0.161245
vn -0.951129 -0.203273 -0.232452
v -0.775437 0.291302 1.272066 0.161245 0.161245 0.161245
vn -0.951129 -0.203273 -0.232452
f 8725//8725 8726//8726 8727//8727
v -0.777115 0.306215 1.265890 0.161245 0.161245 0.161245
vn -0.951141 -0.203259 -0.232415
v -0.775437 0.291302 1.272066 0.161245 0.161245 0.161245
vn -0.951141 -0.203259 -0.232415
v -0.777115 0.292479 1.277902 0.161245 0.161245 0.161245
vn -0.951141 -0.203259 -0.232415
f 8728//8728 8729//8729 8730//8730
v -0.768728 0.272852 1.267993 0.161245 0.161245 0.161245
vn -0.871621 -0.322676 -0.368994
v -0.770406 0.279524 1.266121 0.161245 0.161245 0.161245
vn -0.871621 -0.322676 -0.368994
v -0.770406 0.292744 1.254561 0.161245 0.161245 0.161245
vn -0.871621 -0.322676 -0.368994
f 8731//8731 8732//8732 8733//8733
v -0.768728 0.272852 1.267993 0.161245 0.161245 0.161245
vn -0.871668 -0.322632 -0.368923
v -0.770406 0.292744 1.254561 0.161245 0.161245 0.161245
vn -0.871668 -0.322632 -0.368923
v -0.768728 0.294883 1.248726 0.161245 0.161245 0.161245
vn -0.871668 -0.322632 -0.368923
f 8734//8734 8735//8735 8736//8736
v -0.777115 0.292479 1.277902 0.161245 0.161245 0.161245
vn -0.932952 -0.293075 -0.209062
v -0.775437 0.291302 1.272066 0.161245 0.161245 0.161245
vn -0.932952 -0.293075 -0.209062
v -0.770406 0.279524 1.266121 0.161245 0.161245 0.161245
vn -0.932952 -0.293075 -0.209062
f 8737//8737 8738//8738 8739//8739
v -0.777115 0.292479 1.277902 0.161245 0.161245 0.161245
vn -0.932945 -0.293191 -0.208930
v -0.770406 0.279524 1.266121 0.161245 0.161245 0.161245
vn -0.932945 -0.293191 -0.208930
v -0.768728 0.272852 1.267993 0.161245 0.161245 0.161245
vn -0.932945 -0.293191 -0.208930
f 8740//8740 8741//8741 8742//8742
v -0.770406 0.370432 1.266121 0.161245 0.161245 0.161245
vn 0.000000 -0.450691 -0.892680
v -0.753160 0.370432 1.266121 0.161245 0.161245 0.161245
vn 0.000000 -0.450691 -0.892680
v -0.758193 0.358656 1.272066 0.161245 0.161245 0.161245
vn 0.000000 -0.450691 -0.892680
f 8743//8743 8744//8744 8745//8745
v -0.770406 0.370432 1.266121 0.161245 0.161245 0.161245
vn 0.000000 -0.450691 -0.892680
v -0.758193 0.358656 1.272066 0.161245 0.161245 0.161245
vn 0.000000 -0.450691 -0.892680
v -0.775437 0.358656 1.272066 0.161245 0.161245 0.161245
vn 0.000000 -0.450691 -0.892680
f 8746//8746 8747//8747 8748//8748
v -0.777115 0.357477 1.277902 0.161245 0.161245 0.161245
vn -0.951161 0.203190 -0.232391
v -0.775437 0.358656 1.272066 0.161245 0.161245 0.161245
vn -0.951161 0.203190 -0.232391
v -0.775437 0.350414 1.264860 0.161245 0.161245 0.161245
vn -0.951161 0.203190 -0.232391
f 8749//8749 8750//8750 8751//8751
v -0.777115 0.357477 1.277902 0.161245 0.161245 0.161245
vn -0.951132 0.203277 -0.232435
v -0.775437 0.350414 1.264860 0.161245 0.161245 0.161245
vn -0.951132 0.203277 -0.232435
v -0.777115 0.343741 1.265890 0.161245 0.161245 0.161245
vn -0.951132 0.203277 -0.232435
f 8752//8752 8753//8753 8754//8754
v -0.768728 0.377104 1.267993 0.161245 0.161245 0.161245
vn -0.932953 0.293185 -0.208904
v -0.770406 0.370432 1.266121 0.161245 0.161245 0.161245
vn -0.932953 0.293185 -0.208904
v -0.775437 0.358656 1.272066 0.161245 0.161245 0.161245
vn -0.932953 0.293185 -0.208904
f 8755//8755 8756//8756 8757//8757
v -0.768728 0.377104 1.267993 0.161245 0.161245 0.161245
vn -0.932943 0.293165 -0.208979
v -0.775437 0.358656 1.272066 0.161245 0.161245 0.161245
vn -0.932943 0.293165 -0.208979
v -0.777115 0.357477 1.277902 0.161245 0.161245 0.161245
vn -0.932943 0.293165 -0.208979
f 8758//8758 8759//8759 8760//8760
v -0.768728 0.355073 1.248726 0.161245 0.161245 0.161245
vn -0.871678 0.322609 -0.368917
v -0.770406 0.357213 1.254561 0.161245 0.161245 0.161245
vn -0.871678 0.322609 -0.368917
v -0.770406 0.370432 1.266121 0.161245 0.161245 0.161245
vn -0.871678 0.322609 -0.368917
f 8761//8761 8762//8762 8763//8763
v -0.768728 0.355073 1.248726 0.161245 0.161245 0.161245
vn -0.871633 0.322672 -0.368969
v -0.770406 0.370432 1.266121 0.161245 0.161245 0.161245
vn -0.871633 0.322672 -0.368969
v -0.768728 0.377104 1.267993 0.161245 0.161245 0.161245
vn -0.871633 0.322672 -0.368969
f 8764//8764 8765//8765 8766//8766
v -0.775437 0.358654 1.316552 0.161245 0.161245 0.161245
vn 0.000000 -0.450653 0.892699
v -0.758193 0.358654 1.316552 0.161245 0.161245 0.161245
vn 0.000000 -0.450653 0.892699
v -0.753160 0.370432 1.322497 0.161245 0.161245 0.161245
vn 0.000000 -0.450653 0.892699
f 8767//8767 8768//8768 8769//8769
v -0.775437 0.358654 1.316552 0.161245 0.161245 0.161245
vn 0.000000 -0.450653 0.892699
v -0.753160 0.370432 1.322497 0.161245 0.161245 0.161245
vn 0.000000 -0.450653 0.892699
v -0.770406 0.370432 1.322497 0.161245 0.161245 0.161245
vn 0.000000 -0.450653 0.892699
f 8770//8770 8771//8771 8772//8772
v -0.777115 0.343741 1.322728 0.161245 0.161245 0.161245
vn -0.951149 0.203250 0.232390
v -0.775437 0.350414 1.323759 0.161245 0.161245 0.161245
vn -0.951149 0.203250 0.232390
v -0.775437 0.358654 1.316552 0.161245 0.161245 0.161245
vn -0.951149 0.203250 0.232390
f 8773//8773 8774//8774 8775//8775
v -0.777115 0.343741 1.322728 0.161245 0.161245 0.161245
vn -0.951129 0.203273 0.232452
v -0.775437 0.358654 1.316552 0.161245 0.161245 0.161245
vn -0.951129 0.203273 0.232452
v -0.777115 0.357477 1.310717 0.161245 0.161245 0.161245
vn -0.951129 0.203273 0.232452
f 8776//8776 8777//8777 8778//8778
v -0.768728 0.377104 1.320626 0.161245 0.161245 0.161245
vn -0.871678 0.322609 0.368917
v -0.770406 0.370432 1.322497 0.161245 0.161245 0.161245
vn -0.871678 0.322609 0.368917
v -0.770406 0.357213 1.334057 0.161245 0.161245 0.161245
vn -0.871678 0.322609 0.368917
f 8779//8779 8780//8780 8781//8781
v -0.768728 0.377104 1.320626 0.161245 0.161245 0.161245
vn -0.871678 0.322609 0.368917
v -0.770406 0.357213 1.334057 0.161245 0.161245 0.161245
vn -0.871678 0.322609 0.368917
v -0.768728 0.355073 1.339892 0.161245 0.161245 0.161245
vn -0.871678 0.322609 0.368917
f 8782//8782 8783//8783 8784//8784
v -0.777115 0.357477 1.310717 0.161245 0.161245 0.161245
vn -0.932950 0.293052 0.209105
v -0.775437 0.358654 1.316552 0.161245 0.161245 0.161245
vn -0.932950 0.293052 0.209105
v -0.770406 0.370432 1.322497 0.161245 0.161245 0.161245
vn -0.932950 0.293052 0.209105
f 8785//8785 8786//8786 8787//8787
v -0.777115 0.357477 1.310717 0.161245 0.161245 0.161245
vn -0.932943 0.293168 0.208973
v -0.770406 0.370432 1.322497 0.161245 0.161245 0.161245
vn -0.932943 0.293168 0.208973
v -0.768728 0.377104 1.320626 0.161245 0.161245 0.161245
vn -0.932943 0.293168 0.208973
f 8788//8788 8789//8789 8790//8790
v -0.770406 0.279524 1.266121 0.161245 0.161245 0.161245
vn 0.000000 0.658281 0.752772
v -0.753160 0.279524 1.266121 0.161245 0.161245 0.161245
vn 0.000000 0.658281 0.752772
v -0.753160 0.292744 1.254561 0.161245 0.161245 0.161245
vn 0.000000 0.658281 0.752772
f 8791//8791 8792//8792 8793//8793
v -0.770406 0.279524 1.266121 0.161245 0.161245 0.161245
vn 0.000000 0.658281 0.752772
v -0.753160 0.292744 1.254561 0.161245 0.161245 0.161245
vn 0.000000 0.658281 0.752772
v -0.770406 0.292744 1.254561 0.161245 0.161245 0.161245
vn 0.000000 0.658281 0.752772
f 8794//8794 8795//8795 8796//8796
v -0.775437 0.291302 1.316552 0.161245 0.161245 0.161245
vn 0.000000 -0.658337 0.752723
v -0.758193 0.291302 1.316552 0.161245 0.161245 0.161245
vn 0.000000 -0.658337 0.752723
v -0.758193 0.299542 1.323759 0.161245 0.161245 0.161245
vn 0.000000 -0.658337 0.752723
f 8797//8797 8798//8798 8799//8799
v -0.775437 0.291302 1.316552 0.161245 0.161245 0.161245
vn 0.000000 -0.658337 0.752723
v -0.758193 0.299542 1.323759 0.161245 0.161245 0.161245
vn 0.000000 -0.658337 0.752723
v -0.775437 0.299542 1.323759 0.161245 0.161245 0.161245
vn 0.000000 -0.658337 0.752723
f 8800//8800 8801//8801 8802//8802
v -0.770406 0.357213 1.254561 0.161245 0.161245 0.161245
vn 0.000000 -0.658281 0.752772
v -0.753160 0.357213 1.254561 0.161245 0.161245 0.161245
vn 0.000000 -0.658281 0.752772
v -0.753160 0.370432 1.266121 0.161245 0.161245 0.161245
vn 0.000000 -0.658281 0.752772
f 8803//8803 8804//8804 8805//8805
v -0.770406 0.357213 1.254561 0.161245 0.161245 0.161245
vn 0.000000 -0.658281 0.752772
v -0.753160 0.370432 1.266121 0.161245 0.161245 0.161245
vn 0.000000 -0.658281 0.752772
v -0.770406 0.370432 1.266121 0.161245 0.161245 0.161245
vn 0.000000 -0.658281 0.752772
f 8806//8806 8807//8807 8808//8808
v -0.775437 0.299542 1.264860 0.161245 0.161245 0.161245
vn 0.000000 -0.658281 -0.752772
v -0.758193 0.299542 1.264860 0.161245 0.161245 0.161245
vn 0.000000 -0.658281 -0.752772
v -0.758193 0.291302 1.272066 0.161245 0.161245 0.161245
vn 0.000000 -0.658281 -0.752772
f 8809//8809 8810//8810 8811//8811
v -0.775437 0.299542 1.264860 0.161245 0.161245 0.161245
vn 0.000000 -0.658281 -0.752772
v -0.758193 0.291302 1.272066 0.161245 0.161245 0.161245
vn 0.000000 -0.658281 -0.752772
v -0.775437 0.291302 1.272066 0.161245 0.161245 0.161245
vn 0.000000 -0.658281 -0.752772
f 8812//8812 8813//8813 8814//8814
v -0.770406 0.370432 1.322497 0.161245 0.161245 0.161245
vn 0.000000 -0.658281 -0.752772
v -0.753160 0.370432 1.322497 0.161245 0.161245 0.161245
vn 0.000000 -0.658281 -0.752772
v -0.753160 0.357213 1.334057 0.161245 0.161245 0.161245
vn 0.000000 -0.658281 -0.752772
f 8815//8815 8816//8816 8817//8817
v -0.770406 0.370432 1.322497 0.161245 0.161245 0.161245
vn 0.000000 -0.658281 -0.752772
v -0.753160 0.357213 1.334057 0.161245 0.161245 0.161245
vn 0.000000 -0.658281 -0.752772
v -0.770406 0.357213 1.334057 0.161245 0.161245 0.161245
vn 0.000000 -0.658281 -0.752772
f 8818//8818 8819//8819 8820//8820
v -0.775437 0.299542 1.323759 0.161245 0.161245 0.161245
vn 0.000000 -0.834526 -0.550969
v -0.758193 0.299542 1.323759 0.161245 0.161245 0.161245
vn 0.000000 -0.834526 -0.550969
v -0.753160 0.292744 1.334057 0.161245 0.161245 0.161245
vn 0.000000 -0.834526 -0.550969
f 8821//8821 8822//8822 8823//8823
v -0.775437 0.299542 1.323759 0.161245 0.161245 0.161245
vn 0.000000 -0.834526 -0.550969
v -0.753160 0.292744 1.334057 0.161245 0.161245 0.161245
vn 0.000000 -0.834526 -0.550969
v -0.770406 0.292744 1.334057 0.161245 0.161245 0.161245
vn 0.000000 -0.834526 -0.550969
f 8824//8824 8825//8825 8826//8826
v -0.775437 0.358656 1.272066 0.161245 0.161245 0.161245
vn 0.000000 0.658225 -0.752822
v -0.758193 0.358656 1.272066 0.161245 0.161245 0.161245
vn 0.000000 0.658225 -0.752822
v -0.758193 0.350414 1.264860 0.161245 0.161245 0.161245
vn 0.000000 0.658225 -0.752822
f 8827//8827 8828//8828 8829//8829
v -0.775437 0.358656 1.272066 0.161245 0.161245 0.161245
vn 0.000000 0.658225 -0.752822
v -0.758193 0.350414 1.264860 0.161245 0.161245 0.161245
vn 0.000000 0.658225 -0.752822
v -0.775437 0.350414 1.264860 0.161245 0.161245 0.161245
vn 0.000000 0.658225 -0.752822
f 8830//8830 8831//8831 8832//8832
v -0.770406 0.292744 1.254561 0.161245 0.161245 0.161245
vn 0.000000 -0.834552 0.550929
v -0.753160 0.292744 1.254561 0.161245 0.161245 0.161245
vn 0.000000 -0.834552 0.550929
v -0.758193 0.299542 1.264860 0.161245 0.161245 0.161245
vn 0.000000 -0.834552 0.550929
f 8833//8833 8834//8834 8835//8835
v -0.770406 0.292744 1.254561 0.161245 0.161245 0.161245
vn 0.000000 -0.834552 0.550929
v -0.758193 0.299542 1.264860 0.161245 0.161245 0.161245
vn 0.000000 -0.834552 0.550929
v -0.775437 0.299542 1.264860 0.161245 0.161245 0.161245
vn 0.000000 -0.834552 0.550929
f 8836//8836 8837//8837 8838//8838
v -0.775437 0.350414 1.323759 0.161245 0.161245 0.161245
vn 0.000000 0.658337 0.752723
v -0.758193 0.350414 1.323759 0.161245 0.161245 0.161245
vn 0.000000 0.658337 0.752723
v -0.758193 0.358654 1.316552 0.161245 0.161245 0.161245
vn 0.000000 0.658337 0.752723
f 8839//8839 8840//8840 8841//8841
v -0.775437 0.350414 1.323759 0.161245 0.161245 0.161245
vn 0.000000 0.658337 0.752723
v -0.758193 0.358654 1.316552 0.161245 0.161245 0.161245
vn 0.000000 0.658337 0.752723
v -0.775437 0.358654 1.316552 0.161245 0.161245 0.161245
vn 0.000000 0.658337 0.752723
f 8842//8842 8843//8843 8844//8844
v -0.770406 0.279524 1.322497 0.161245 0.161245 0.161245
vn 0.000000 0.450653 0.892699
v -0.753160 0.279524 1.322497 0.161245 0.161245 0.161245
vn 0.000000 0.450653 0.892699
v -0.758193 0.291302 1.316552 0.161245 0.161245 0.161245
vn 0.000000 0.450653 0.892699
f 8845//8845 8846//8846 8847//8847
v -0.770406 0.279524 1.322497 0.161245 0.161245 0.161245
vn 0.000000 0.450653 0.892699
v -0.758193 0.291302 1.316552 0.161245 0.161245 0.161245
vn 0.000000 0.450653 0.892699
v -0.775437 0.291302 1.316552 0.161245 0.161245 0.161245
vn 0.000000 0.450653 0.892699
f 8848//8848 8849//8849 8850//8850
v -0.775437 0.350414 1.264860 0.161245 0.161245 0.161245
vn 0.000000 0.834552 0.550929
v -0.758193 0.350414 1.264860 0.161245 0.161245 0.161245
vn 0.000000 0.834552 0.550929
v -0.753160 0.357213 1.254561 0.161245 0.161245 0.161245
vn 0.000000 0.834552 0.550929
f 8851//8851 8852//8852 8853//8853
v -0.775437 0.350414 1.264860 0.161245 0.161245 0.161245
vn 0.000000 0.834552 0.550929
v -0.753160 0.357213 1.254561 0.161245 0.161245 0.161245
vn 0.000000 0.834552 0.550929
v -0.770406 0.357213 1.254561 0.161245 0.161245 0.161245
vn 0.000000 0.834552 0.550929
f 8854//8854 8855//8855 8856//8856
v -0.775437 0.291302 1.272066 0.161245 0.161245 0.161245
vn 0.000000 0.450653 -0.892699
v -0.758193 0.291302 1.272066 0.161245 0.161245 0.161245
vn 0.000000 0.450653 -0.892699
v -0.753160 0.279524 1.266121 0.161245 0.161245 0.161245
vn 0.000000 0.450653 -0.892699
f 8857//8857 8858//8858 8859//8859
v -0.775437 0.291302 1.272066 0.161245 0.161245 0.161245
vn 0.000000 0.450653 -0.892699
v -0.753160 0.279524 1.266121 0.161245 0.161245 0.161245
vn 0.000000 0.450653 -0.892699
v -0.770406 0.279524 1.266121 0.161245 0.161245 0.161245
vn 0.000000 0.450653 -0.892699
f 8860//8860 8861//8861 8862//8862
