# Modern production SUV
# Source: https://quaternius.com/packs/cars.html
# Coordinates: Y-up; units: metres; vertex RGB embedded after XYZ
g White
v 0.541706 0.598352 -2.214064 0.558547 0.558547 0.558547
vn 0.788844 0.023209 -0.614155
v 0.582559 0.874116 -2.151170 0.558547 0.558547 0.558547
vn 0.788844 0.023209 -0.614155
v 0.747092 0.806773 -1.942382 0.558547 0.558547 0.558547
vn 0.788844 0.023209 -0.614155
f 1//1 2//2 3//3
v 0.541706 0.598352 -2.214064 0.558547 0.558547 0.558547
vn 0.755366 0.099862 -0.647649
v 0.747092 0.806773 -1.942382 0.558547 0.558547 0.558547
vn 0.755366 0.099862 -0.647649
v 0.747448 0.598352 -1.974103 0.558547 0.558547 0.558547
vn 0.755366 0.099862 -0.647649
f 4//4 5//5 6//6
v 0.901274 0.632926 -0.819584 0.558547 0.558547 0.558547
vn 1.000000 0.000000 0.000000
v 0.901274 0.982601 -0.813960 0.558547 0.558547 0.558547
vn 1.000000 0.000000 0.000000
v 0.901274 0.965268 -0.126445 0.558547 0.558547 0.558547
vn 1.000000 0.000000 0.000000
f 7//7 8//8 9//9
v 0.901274 0.632926 -0.819584 0.558547 0.558547 0.558547
vn 1.000000 0.000000 0.000000
v 0.901274 0.965268 -0.126445 0.558547 0.558547 0.558547
vn 1.000000 0.000000 0.000000
v 0.901274 0.632926 -0.123284 0.558547 0.558547 0.558547
vn 1.000000 0.000000 0.000000
f 10//10 11//11 12//12
v 0.000000 1.123956 1.576885 0.558547 0.558547 0.558547
vn -0.002176 0.989191 0.146620
v 0.342469 1.125451 1.571879 0.558547 0.558547 0.558547
vn -0.002176 0.989191 0.146620
v 0.396669 1.163904 1.313255 0.558547 0.558547 0.558547
vn -0.002176 0.989191 0.146620
f 13//13 14//14 15//15
v 0.000000 1.123956 1.576885 0.558547 0.558547 0.558547
vn -0.003697 0.989515 0.144381
v 0.396669 1.163904 1.313255 0.558547 0.558547 0.558547
vn -0.003697 0.989515 0.144381
v 0.000000 1.159995 1.329894 0.558547 0.558547 0.558547
vn -0.003697 0.989515 0.144381
f 16//16 17//17 18//18
v 0.884338 0.888076 1.715116 0.558547 0.558547 0.558547
vn 0.797873 0.545821 0.255885
v 0.743652 1.105108 1.690845 0.558547 0.558547 0.558547
vn 0.797873 0.545821 0.255885
v 0.724607 0.981328 2.014260 0.558547 0.558547 0.558547
vn 0.797873 0.545821 0.255885
f 19//19 20//20 21//21
v 0.884338 0.888076 1.715116 0.558547 0.558547 0.558547
vn 0.824197 0.487537 0.288110
v 0.724607 0.981328 2.014260 0.558547 0.558547 0.558547
vn 0.824197 0.487537 0.288110
v 0.854275 0.863089 1.843401 0.558547 0.558547 0.558547
vn 0.824197 0.487537 0.288110
f 22//22 23//23 24//24
v 0.324709 1.249383 -2.062165 0.558547 0.558547 0.558547
vn 0.062838 0.483002 -0.873362
v 0.324709 1.045882 -2.174709 0.558547 0.558547 0.558547
vn 0.062838 0.483002 -0.873362
v 0.000000 1.045882 -2.198071 0.558547 0.558547 0.558547
vn 0.062838 0.483002 -0.873362
f 25//25 26//26 27//27
v 0.324709 1.249383 -2.062165 0.558547 0.558547 0.558547
vn 0.047778 0.500902 -0.864184
v 0.000000 1.045882 -2.198071 0.558547 0.558547 0.558547
vn 0.047778 0.500902 -0.864184
v 0.000000 1.249383 -2.080117 0.558547 0.558547 0.558547
vn 0.047778 0.500902 -0.864184
f 28//28 29//29 30//30
v 0.846039 0.800067 -1.656781 0.558547 0.558547 0.558547
vn 0.938599 0.123134 -0.322289
v 0.818039 0.700748 -1.776271 0.558547 0.558547 0.558547
vn 0.938599 0.123134 -0.322289
v 0.747092 0.806773 -1.942382 0.558547 0.558547 0.558547
vn 0.938599 0.123134 -0.322289
f 31//31 32//32 33//33
v 0.846039 0.800067 -1.656781 0.558547 0.558547 0.558547
vn 0.937922 0.129126 -0.321913
v 0.747092 0.806773 -1.942382 0.558547 0.558547 0.558547
vn 0.937922 0.129126 -0.321913
v 0.743695 0.994555 -1.876957 0.558547 0.558547 0.558547
vn 0.937922 0.129126 -0.321913
f 34//34 35//35 36//36
v 0.846039 0.800067 -1.656781 0.558547 0.558547 0.558547
vn 0.942784 0.260380 -0.208233
v 0.743695 0.994555 -1.876957 0.558547 0.558547 0.558547
vn 0.942784 0.260380 -0.208233
v 0.800685 0.945839 -1.679846 0.558547 0.558547 0.558547
vn 0.942784 0.260380 -0.208233
f 37//37 38//38 39//39
v 0.324709 0.598352 -2.301256 0.558547 0.558547 0.558547
vn 0.103532 0.335479 -0.936341
v 0.000000 0.598352 -2.337159 0.558547 0.558547 0.558547
vn 0.103532 0.335479 -0.936341
v 0.000000 0.628228 -2.326455 0.558547 0.558547 0.558547
vn 0.103532 0.335479 -0.936341
f 40//40 41//41 42//42
v 0.324709 0.598352 -2.301256 0.558547 0.558547 0.558547
vn 0.094590 0.206666 -0.973828
v 0.000000 0.628228 -2.326455 0.558547 0.558547 0.558547
vn 0.094590 0.206666 -0.973828
v 0.289530 0.628228 -2.298332 0.558547 0.558547 0.558547
vn 0.094590 0.206666 -0.973828
f 43//43 44//44 45//45
v 0.324709 0.598352 -2.301256 0.558547 0.558547 0.558547
vn 0.313107 0.211179 -0.925941
v 0.324709 0.874116 -2.238362 0.558547 0.558547 0.558547
vn 0.313107 0.211179 -0.925941
v 0.462165 0.874116 -2.191881 0.558547 0.558547 0.558547
vn 0.313107 0.211179 -0.925941
f 46//46 47//47 48//48
v 0.324709 0.598352 -2.301256 0.558547 0.558547 0.558547
vn 0.313108 0.211178 -0.925941
v 0.462165 0.874116 -2.191881 0.558547 0.558547 0.558547
vn 0.313108 0.211178 -0.925941
v 0.582559 0.874116 -2.151170 0.558547 0.558547 0.558547
vn 0.313108 0.211178 -0.925941
f 49//49 50//50 51//51
v 0.324709 0.598352 -2.301256 0.558547 0.558547 0.558547
vn 0.368359 0.154517 -0.916753
v 0.582559 0.874116 -2.151170 0.558547 0.558547 0.558547
vn 0.368359 0.154517 -0.916753
v 0.541706 0.598352 -2.214064 0.558547 0.558547 0.558547
vn 0.368359 0.154517 -0.916753
f 52//52 53//53 54//54
v 0.302734 0.969365 2.134037 0.558547 0.558547 0.558547
vn 0.192435 0.660937 0.725349
v 0.462173 0.852166 2.198530 0.558547 0.558547 0.558547
vn 0.192435 0.660937 0.725349
v 0.701702 0.860004 2.127841 0.558547 0.558547 0.558547
vn 0.192435 0.660937 0.725349
f 55//55 56//56 57//57
v 0.302734 0.969365 2.134037 0.558547 0.558547 0.558547
vn 0.190021 0.651620 0.734359
v 0.701702 0.860004 2.127841 0.558547 0.558547 0.558547
vn 0.190021 0.651620 0.734359
v 0.724607 0.981328 2.014260 0.558547 0.558547 0.558547
vn 0.190021 0.651620 0.734359
f 58//58 59//59 60//60
v 0.743652 1.105108 1.690845 0.558547 0.558547 0.558547
vn 0.049078 0.940289 0.336822
v 0.324709 1.083283 1.812816 0.558547 0.558547 0.558547
vn 0.049078 0.940289 0.336822
v 0.302734 0.969365 2.134037 0.558547 0.558547 0.558547
vn 0.049078 0.940289 0.336822
f 61//61 62//62 63//63
v 0.743652 1.105108 1.690845 0.558547 0.558547 0.558547
vn 0.075934 0.929738 0.360308
v 0.302734 0.969365 2.134037 0.558547 0.558547 0.558547
vn 0.075934 0.929738 0.360308
v 0.724607 0.981328 2.014260 0.558547 0.558547 0.558547
vn 0.075934 0.929738 0.360308
f 64//64 65//65 66//66
v 0.901274 0.632926 -0.123284 0.558547 0.558547 0.558547
vn 0.002876 -0.009511 -0.999951
v 0.901274 0.965268 -0.126445 0.558547 0.558547 0.558547
vn 0.002876 -0.009511 -0.999951
v 0.918412 0.969743 -0.126439 0.558547 0.558547 0.558547
vn 0.002876 -0.009511 -0.999951
f 67//67 68//68 69//69
v 0.901274 0.632926 -0.123284 0.558547 0.558547 0.558547
vn 0.002810 -0.009507 -0.999951
v 0.918412 0.969743 -0.126439 0.558547 0.558547 0.558547
vn 0.002810 -0.009507 -0.999951
v 0.918412 0.637401 -0.123279 0.558547 0.558547 0.558547
vn 0.002810 -0.009507 -0.999951
f 70//70 71//71 72//72
v 0.901274 0.632926 0.278788 0.558547 0.558547 0.558547
vn 0.999944 -0.000486 0.010546
v 0.901274 0.963255 0.294006 0.558547 0.558547 0.558547
vn 0.999944 -0.000486 0.010546
v 0.893457 0.907699 1.032598 0.558547 0.558547 0.558547
vn 0.999944 -0.000486 0.010546
f 73//73 74//74 75//75
v 0.901274 0.632926 0.278788 0.558547 0.558547 0.558547
vn 0.999945 -0.000354 0.010498
v 0.893457 0.907699 1.032598 0.558547 0.558547 0.558547
vn 0.999945 -0.000354 0.010498
v 0.893457 0.626432 1.023117 0.558547 0.558547 0.558547
vn 0.999945 -0.000354 0.010498
f 76//76 77//77 78//78
v 0.324709 1.249383 -2.062165 0.558547 0.558547 0.558547
vn 0.047063 0.522641 -0.851253
v 0.000000 1.249383 -2.080117 0.558547 0.558547 0.558547
vn 0.047063 0.522641 -0.851253
v 0.000000 1.293469 -2.053049 0.558547 0.558547 0.558547
vn 0.047063 0.522641 -0.851253
f 79//79 80//80 81//81
v 0.324709 1.249383 -2.062165 0.558547 0.558547 0.558547
vn 0.034960 0.442740 -0.895968
v 0.000000 1.293469 -2.053049 0.558547 0.558547 0.558547
vn 0.034960 0.442740 -0.895968
v 0.322603 1.299599 -2.037433 0.558547 0.558547 0.558547
vn 0.034960 0.442740 -0.895968
f 82//82 83//83 84//84
v 0.685663 1.428226 0.628398 0.558547 0.558547 0.558547
vn 0.906438 0.421394 0.028239
v 0.785978 1.187076 1.006961 0.558547 0.558547 0.558547
vn 0.906438 0.421394 0.028239
v 0.777344 1.213801 0.885308 0.558547 0.558547 0.558547
vn 0.906438 0.421394 0.028239
f 85//85 86//86 87//87
v 0.685663 1.428226 0.628398 0.558547 0.558547 0.558547
vn 0.906437 0.421395 0.028240
v 0.777344 1.213801 0.885308 0.558547 0.558547 0.558547
vn 0.906437 0.421395 0.028240
v 0.689573 1.424796 0.554082 0.558547 0.558547 0.558547
vn 0.906437 0.421395 0.028240
f 88//88 89//89 90//90
v 0.771276 1.160486 1.292567 0.558547 0.558547 0.558547
vn 0.017335 0.988443 0.150598
v 0.396669 1.163904 1.313255 0.558547 0.558547 0.558547
vn 0.017335 0.988443 0.150598
v 0.342469 1.125451 1.571879 0.558547 0.558547 0.558547
vn 0.017335 0.988443 0.150598
f 91//91 92//92 93//93
v 0.771276 1.160486 1.292567 0.558547 0.558547 0.558547
vn -0.013977 0.994553 0.103292
v 0.342469 1.125451 1.571879 0.558547 0.558547 0.558547
vn -0.013977 0.994553 0.103292
v 0.751836 1.139932 1.487842 0.558547 0.558547 0.558547
vn -0.013977 0.994553 0.103292
f 94//94 95//95 96//96
v 0.901274 0.963255 0.294006 0.558547 0.558547 0.558547
vn 0.930812 0.363686 0.036353
v 0.812157 1.187076 0.336669 0.558547 0.558547 0.558547
vn 0.930812 0.363686 0.036353
v 0.785978 1.187076 1.006961 0.558547 0.558547 0.558547
vn 0.930812 0.363686 0.036353
f 97//97 98//98 99//99
v 0.901274 0.963255 0.294006 0.558547 0.558547 0.558547
vn 0.931529 0.361772 0.037070
v 0.785978 1.187076 1.006961 0.558547 0.558547 0.558547
vn 0.931529 0.361772 0.037070
v 0.893457 0.907699 1.032598 0.558547 0.558547 0.558547
vn 0.931529 0.361772 0.037070
f 100//100 101//101 102//102
v 0.901274 0.907699 1.254321 0.558547 0.558547 0.558547
vn 0.889345 0.436996 0.134536
v 0.771276 1.160486 1.292567 0.558547 0.558547 0.558547
vn 0.889345 0.436996 0.134536
v 0.751836 1.139932 1.487842 0.558547 0.558547 0.558547
vn 0.889345 0.436996 0.134536
f 103//103 104//104 105//105
v 0.901274 0.907699 1.254321 0.558547 0.558547 0.558547
vn 0.856766 0.514396 0.036715
v 0.751836 1.139932 1.487842 0.558547 0.558547 0.558547
vn 0.856766 0.514396 0.036715
v 0.894538 0.907699 1.411508 0.558547 0.558547 0.558547
vn 0.856766 0.514396 0.036715
f 106//106 107//107 108//108
v 0.000000 1.180533 1.133821 0.558547 0.558547 0.558547
vn 0.008321 0.891302 0.453333
v 0.419157 1.180533 1.126128 0.558547 0.558547 0.558547
vn 0.008321 0.891302 0.453333
v 0.429453 1.209567 1.068853 0.558547 0.558547 0.558547
vn 0.008321 0.891302 0.453333
f 109//109 110//110 111//111
v 0.000000 1.180533 1.133821 0.558547 0.558547 0.558547
vn 0.007047 0.894773 0.446465
v 0.429453 1.209567 1.068853 0.558547 0.558547 0.558547
vn 0.007047 0.894773 0.446465
v 0.000000 1.209567 1.075632 0.558547 0.558547 0.558547
vn 0.007047 0.894773 0.446465
f 112//112 113//113 114//114
v 0.893457 0.907699 1.032598 0.558547 0.558547 0.558547
vn 0.927663 0.364378 0.081674
v 0.785978 1.187076 1.006961 0.558547 0.558547 0.558547
vn 0.927663 0.364378 0.081674
v 0.771276 1.160486 1.292567 0.558547 0.558547 0.558547
vn 0.927663 0.364378 0.081674
f 115//115 116//116 117//117
v 0.893457 0.907699 1.032598 0.558547 0.558547 0.558547
vn 0.886932 0.460841 -0.031267
v 0.771276 1.160486 1.292567 0.558547 0.558547 0.558547
vn 0.886932 0.460841 -0.031267
v 0.901274 0.907699 1.254321 0.558547 0.558547 0.558547
vn 0.886932 0.460841 -0.031267
f 118//118 119//119 120//120
v 0.785978 1.187076 1.006961 0.558547 0.558547 0.558547
vn 0.011431 0.995888 0.089870
v 0.419157 1.180533 1.126128 0.558547 0.558547 0.558547
vn 0.011431 0.995888 0.089870
v 0.396669 1.163904 1.313255 0.558547 0.558547 0.558547
vn 0.011431 0.995888 0.089870
f 121//121 122//122 123//123
v 0.785978 1.187076 1.006961 0.558547 0.558547 0.558547
vn 0.014242 0.995525 0.093414
v 0.396669 1.163904 1.313255 0.558547 0.558547 0.558547
vn 0.014242 0.995525 0.093414
v 0.771276 1.160486 1.292567 0.558547 0.558547 0.558547
vn 0.014242 0.995525 0.093414
f 124//124 125//125 126//126
v 0.893457 0.626432 1.023117 0.558547 0.558547 0.558547
vn 0.999378 0.001188 -0.035231
v 0.893457 0.907699 1.032598 0.558547 0.558547 0.558547
vn 0.999378 0.001188 -0.035231
v 0.901274 0.907699 1.254321 0.558547 0.558547 0.558547
vn 0.999378 0.001188 -0.035231
f 127//127 128//128 129//129
v 0.893457 0.626432 1.023117 0.558547 0.558547 0.558547
vn 0.980168 0.108872 -0.165584
v 0.901274 0.907699 1.254321 0.558547 0.558547 0.558547
vn 0.980168 0.108872 -0.165584
v 0.901274 0.632926 1.073656 0.558547 0.558547 0.558547
vn 0.980168 0.108872 -0.165584
f 130//130 131//131 132//132
v 0.800284 1.226416 -0.801485 0.558547 0.558547 0.558547
vn 0.954717 0.297014 -0.017269
v 0.812158 1.187076 -0.821661 0.558547 0.558547 0.558547
vn 0.954717 0.297014 -0.017269
v 0.800948 1.190167 -1.388210 0.558547 0.558547 0.558547
vn 0.954717 0.297014 -0.017269
f 133//133 134//134 135//135
v 0.800284 1.226416 -0.801485 0.558547 0.558547 0.558547
vn 0.903981 0.426821 -0.025346
v 0.800948 1.190167 -1.388210 0.558547 0.558547 0.558547
vn 0.903981 0.426821 -0.025346
v 0.760263 1.280835 -1.312454 0.558547 0.558547 0.558547
vn 0.903981 0.426821 -0.025346
f 136//136 137//137 138//138
v 0.714750 1.437208 -0.194483 0.558547 0.558547 0.558547
vn 0.922334 0.375098 0.092750
v 0.812157 1.187076 -0.151543 0.558547 0.558547 0.558547
vn 0.922334 0.375098 0.092750
v 0.800284 1.226416 -0.192574 0.558547 0.558547 0.558547
vn 0.922334 0.375098 0.092750
f 139//139 140//140 141//141
v 0.714750 1.437208 -0.194483 0.558547 0.558547 0.558547
vn 0.926283 0.376076 0.023827
v 0.800284 1.226416 -0.192574 0.558547 0.558547 0.558547
vn 0.926283 0.376076 0.023827
v 0.712523 1.445127 -0.232888 0.558547 0.558547 0.558547
vn 0.926283 0.376076 0.023827
f 142//142 143//143 144//144
v 0.894190 0.385104 -0.979616 0.558547 0.558547 0.558547
vn 0.023439 -0.302109 -0.952985
v 0.894190 0.577403 -1.040577 0.558547 0.558547 0.558547
vn 0.023439 -0.302109 -0.952985
v 0.905881 0.580496 -1.041270 0.558547 0.558547 0.558547
vn 0.023439 -0.302109 -0.952985
f 145//145 146//146 147//147
v 0.785978 1.187076 1.006961 0.558547 0.558547 0.558547
vn 0.020566 0.845695 0.533270
v 0.685663 1.428226 0.628398 0.558547 0.558547 0.558547
vn 0.020566 0.845695 0.533270
v 0.652993 1.427777 0.630371 0.558547 0.558547 0.558547
vn 0.020566 0.845695 0.533270
f 148//148 149//149 150//150
v 0.785978 1.187076 1.006961 0.558547 0.558547 0.558547
vn -0.139351 0.811311 0.567764
v 0.652993 1.427777 0.630371 0.558547 0.558547 0.558547
vn -0.139351 0.811311 0.567764
v 0.741368 1.209567 0.963873 0.558547 0.558547 0.558547
vn -0.139351 0.811311 0.567764
f 151//151 152//152 153//153
v 0.846039 0.800067 -1.656781 0.558547 0.558547 0.558547
vn 0.992171 -0.060368 -0.109323
v 0.881820 0.913526 -1.394699 0.558547 0.558547 0.558547
vn 0.992171 -0.060368 -0.109323
v 0.879196 0.818359 -1.365965 0.558547 0.558547 0.558547
vn 0.992171 -0.060368 -0.109323
f 154//154 155//155 156//156
v 0.846039 0.800067 -1.656781 0.558547 0.558547 0.558547
vn 0.990839 -0.081267 -0.107856
v 0.879196 0.818359 -1.365965 0.558547 0.558547 0.558547
vn 0.990839 -0.081267 -0.107856
v 0.845305 0.763305 -1.635828 0.558547 0.558547 0.558547
vn 0.990839 -0.081267 -0.107856
f 157//157 158//158 159//159
v 0.818039 0.558133 -1.829160 0.558547 0.558547 0.558547
vn 0.995758 0.031992 -0.086266
v 0.818039 0.700748 -1.776271 0.558547 0.558547 0.558547
vn 0.995758 0.031992 -0.086266
v 0.822553 0.679134 -1.732181 0.558547 0.558547 0.558547
vn 0.995758 0.031992 -0.086266
f 160//160 161//161 162//162
v 0.818039 0.558133 -1.829160 0.558547 0.558547 0.558547
vn 0.996184 0.028852 -0.082368
v 0.822553 0.679134 -1.732181 0.558547 0.558547 0.558547
vn 0.996184 0.028852 -0.082368
v 0.822553 0.558219 -1.774535 0.558547 0.558547 0.558547
vn 0.996184 0.028852 -0.082368
f 163//163 164//164 165//165
v 0.581094 1.670351 -0.260653 0.558547 0.558547 0.558547
vn 0.859428 0.508293 0.054970
v 0.714750 1.437208 -0.194483 0.558547 0.558547 0.558547
vn 0.859428 0.508293 0.054970
v 0.712523 1.445127 -0.232888 0.558547 0.558547 0.558547
vn 0.859428 0.508293 0.054970
f 166//166 167//167 168//168
v 0.581094 1.670351 -0.260653 0.558547 0.558547 0.558547
vn 0.843187 0.512184 0.163408
v 0.712523 1.445127 -0.232888 0.558547 0.558547 0.558547
vn 0.843187 0.512184 0.163408
v 0.605276 1.641418 -0.294743 0.558547 0.558547 0.558547
vn 0.843187 0.512184 0.163408
f 169//169 170//170 171//171
v 0.812157 1.187076 -0.151543 0.558547 0.558547 0.558547
vn 0.926208 0.371606 0.063621
v 0.714750 1.437208 -0.194483 0.558547 0.558547 0.558547
vn 0.926208 0.371606 0.063621
v 0.712445 1.432654 -0.134324 0.558547 0.558547 0.558547
vn 0.926208 0.371606 0.063621
f 172//172 173//173 174//174
v 0.812157 1.187076 -0.151543 0.558547 0.558547 0.558547
vn 0.926831 0.375022 0.018503
v 0.712445 1.432654 -0.134324 0.558547 0.558547 0.558547
vn 0.926831 0.375022 0.018503
v 0.800249 1.213801 -0.096752 0.558547 0.558547 0.558547
vn 0.926831 0.375022 0.018503
f 175//175 176//176 177//177
v 0.302734 0.969365 2.134037 0.558547 0.558547 0.558547
vn -0.005549 0.704085 0.710094
v 0.000000 0.966979 2.134037 0.558547 0.558547 0.558547
vn -0.005549 0.704085 0.710094
v 0.000000 0.847668 2.252339 0.558547 0.558547 0.558547
vn -0.005549 0.704085 0.710094
f 178//178 179//179 180//180
v 0.302734 0.969365 2.134037 0.558547 0.558547 0.558547
vn 0.030739 0.656341 0.753838
v 0.000000 0.847668 2.252339 0.558547 0.558547 0.558547
vn 0.030739 0.656341 0.753838
v 0.324709 0.847668 2.239099 0.558547 0.558547 0.558547
vn 0.030739 0.656341 0.753838
f 181//181 182//182 183//183
v 0.854275 0.863089 1.843401 0.558547 0.558547 0.558547
vn 0.835990 0.156988 0.525809
v 0.724607 0.981328 2.014260 0.558547 0.558547 0.558547
vn 0.835990 0.156988 0.525809
v 0.757418 0.765649 2.026487 0.558547 0.558547 0.558547
vn 0.835990 0.156988 0.525809
f 184//184 185//185 186//186
v 0.717580 0.630644 2.147905 0.558547 0.558547 0.558547
vn 0.497303 0.452775 0.740057
v 0.785476 0.688173 2.067083 0.558547 0.558547 0.558547
vn 0.497303 0.452775 0.740057
v 0.771220 0.693236 2.073565 0.558547 0.558547 0.558547
vn 0.497303 0.452775 0.740057
f 187//187 188//188 189//189
v 0.717580 0.630644 2.147905 0.558547 0.558547 0.558547
vn 0.497234 0.452842 0.740063
v 0.771220 0.693236 2.073565 0.558547 0.558547 0.558547
vn 0.497234 0.452842 0.740063
v 0.709348 0.640810 2.147215 0.558547 0.558547 0.558547
vn 0.497234 0.452842 0.740063
f 190//190 191//191 192//192
v 0.348401 0.352343 -1.223664 0.558547 0.558547 0.558547
vn 0.000000 -0.983568 -0.180537
v 0.348401 0.296947 -0.921866 0.558547 0.558547 0.558547
vn 0.000000 -0.983568 -0.180537
v 0.000000 0.296947 -0.921866 0.558547 0.558547 0.558547
vn 0.000000 -0.983568 -0.180537
f 193//193 194//194 195//195
v 0.348401 0.352343 -1.223664 0.558547 0.558547 0.558547
vn -0.005168 -0.982479 -0.186303
v 0.000000 0.296947 -0.921866 0.558547 0.558547 0.558547
vn -0.005168 -0.982479 -0.186303
v 0.000000 0.352343 -1.214000 0.558547 0.558547 0.558547
vn -0.005168 -0.982479 -0.186303
f 196//196 197//197 198//198
v 0.910395 0.634302 -0.963439 0.558547 0.558547 0.558547
vn 0.999396 0.012215 0.032521
v 0.910395 0.950470 -1.082191 0.558547 0.558547 0.558547
vn 0.999396 0.012215 0.032521
v 0.901274 0.982601 -0.813960 0.558547 0.558547 0.558547
vn 0.999396 0.012215 0.032521
f 199//199 200//200 201//201
v 0.910395 0.634302 -0.963439 0.558547 0.558547 0.558547
vn 0.997996 -0.001018 0.063268
v 0.901274 0.982601 -0.813960 0.558547 0.558547 0.558547
vn 0.997996 -0.001018 0.063268
v 0.901274 0.632926 -0.819584 0.558547 0.558547 0.558547
vn 0.997996 -0.001018 0.063268
f 202//202 203//203 204//204
v 0.614878 0.352343 -1.194987 0.558547 0.558547 0.558547
vn 0.043982 -0.986588 -0.157193
v 0.633558 0.320325 -0.988804 0.558547 0.558547 0.558547
vn 0.043982 -0.986588 -0.157193
v 0.348401 0.296947 -0.921866 0.558547 0.558547 0.558547
vn 0.043982 -0.986588 -0.157193
f 205//205 206//206 207//207
v 0.614878 0.352343 -1.194987 0.558547 0.558547 0.558547
vn 0.019425 -0.983383 -0.180503
v 0.348401 0.296947 -0.921866 0.558547 0.558547 0.558547
vn 0.019425 -0.983383 -0.180503
v 0.348401 0.352343 -1.223664 0.558547 0.558547 0.558547
vn 0.019425 -0.983383 -0.180503
f 208//208 209//209 210//210
v 0.846560 0.632926 1.877465 0.558547 0.558547 0.558547
vn 0.979317 -0.016698 0.201643
v 0.883161 0.819044 1.715116 0.558547 0.558547 0.558547
vn 0.979317 -0.016698 0.201643
v 0.884338 0.888076 1.715116 0.558547 0.558547 0.558547
vn 0.979317 -0.016698 0.201643
f 211//211 212//212 213//213
v 0.846560 0.632926 1.877465 0.558547 0.558547 0.558547
vn 0.973571 0.001166 0.228382
v 0.884338 0.888076 1.715116 0.558547 0.558547 0.558547
vn 0.973571 0.001166 0.228382
v 0.854275 0.863089 1.843401 0.558547 0.558547 0.558547
vn 0.973571 0.001166 0.228382
f 214//214 215//215 216//216
v 0.751836 1.139932 1.487842 0.558547 0.558547 0.558547
vn 0.000554 0.985020 0.172437
v 0.342469 1.125451 1.571879 0.558547 0.558547 0.558547
vn 0.000554 0.985020 0.172437
v 0.324709 1.083283 1.812816 0.558547 0.558547 0.558547
vn 0.000554 0.985020 0.172437
f 217//217 218//218 219//219
v 0.751836 1.139932 1.487842 0.558547 0.558547 0.558547
vn -0.002145 0.985615 0.168993
v 0.324709 1.083283 1.812816 0.558547 0.558547 0.558547
vn -0.002145 0.985615 0.168993
v 0.743652 1.105108 1.690845 0.558547 0.558547 0.558547
vn -0.002145 0.985615 0.168993
f 220//220 221//221 222//222
v 0.894538 0.907699 1.411508 0.558547 0.558547 0.558547
vn 0.862921 0.491118 0.119039
v 0.751836 1.139932 1.487842 0.558547 0.558547 0.558547
vn 0.862921 0.491118 0.119039
v 0.743652 1.105108 1.690845 0.558547 0.558547 0.558547
vn 0.862921 0.491118 0.119039
f 223//223 224//224 225//225
v 0.894538 0.907699 1.411508 0.558547 0.558547 0.558547
vn 0.834179 0.547833 0.063433
v 0.743652 1.105108 1.690845 0.558547 0.558547 0.558547
vn 0.834179 0.547833 0.063433
v 0.884338 0.888076 1.715116 0.558547 0.558547 0.558547
vn 0.834179 0.547833 0.063433
f 226//226 227//227 228//228
v 0.000000 1.092032 1.835001 0.558547 0.558547 0.558547
vn 0.038466 0.983813 0.175020
v 0.324709 1.083283 1.812816 0.558547 0.558547 0.558547
vn 0.038466 0.983813 0.175020
v 0.342469 1.125451 1.571879 0.558547 0.558547 0.558547
vn 0.038466 0.983813 0.175020
f 229//229 230//230 231//231
v 0.000000 1.092032 1.835001 0.558547 0.558547 0.558547
vn -0.002539 0.992435 0.122744
v 0.342469 1.125451 1.571879 0.558547 0.558547 0.558547
vn -0.002539 0.992435 0.122744
v 0.000000 1.123956 1.576885 0.558547 0.558547 0.558547
vn -0.002539 0.992435 0.122744
f 232//232 233//233 234//234
v 0.884338 0.888076 1.715116 0.558547 0.558547 0.558547
vn 0.999327 -0.017040 0.032471
v 0.883161 0.819044 1.715116 0.558547 0.558547 0.558547
vn 0.999327 -0.017040 0.032471
v 0.894538 0.907699 1.411508 0.558547 0.558547 0.558547
vn 0.999327 -0.017040 0.032471
f 235//235 236//236 237//237
v 0.883161 0.819044 1.715116 0.558547 0.558547 0.558547
vn 0.988601 -0.087599 0.122454
v 0.846560 0.632926 1.877465 0.558547 0.558547 0.558547
vn 0.988601 -0.087599 0.122454
v 0.851566 0.595986 1.810621 0.558547 0.558547 0.558547
vn 0.988601 -0.087599 0.122454
f 238//238 239//239 240//240
v 0.883161 0.819044 1.715116 0.558547 0.558547 0.558547
vn 0.983597 -0.067742 0.167178
v 0.851566 0.595986 1.810621 0.558547 0.558547 0.558547
vn 0.983597 -0.067742 0.167178
v 0.882310 0.734888 1.686020 0.558547 0.558547 0.558547
vn 0.983597 -0.067742 0.167178
f 241//241 242//242 243//243
v 0.901274 0.907699 1.254321 0.558547 0.558547 0.558547
vn 0.998243 -0.041002 0.042778
v 0.894538 0.907699 1.411508 0.558547 0.558547 0.558547
vn 0.998243 -0.041002 0.042778
v 0.890240 0.802021 1.410501 0.558547 0.558547 0.558547
vn 0.998243 -0.041002 0.042778
f 244//244 245//245 246//246
v 0.901274 0.907699 1.254321 0.558547 0.558547 0.558547
vn 0.998292 -0.033958 0.047548
v 0.890240 0.802021 1.410501 0.558547 0.558547 0.558547
vn 0.998292 -0.033958 0.047548
v 0.897524 0.734468 1.209330 0.558547 0.558547 0.558547
vn 0.998292 -0.033958 0.047548
f 247//247 248//248 249//249
v 0.901274 0.632926 1.073656 0.558547 0.558547 0.558547
vn 0.997886 -0.035703 0.054300
v 0.901274 0.907699 1.254321 0.558547 0.558547 0.558547
vn 0.997886 -0.035703 0.054300
v 0.897524 0.734468 1.209330 0.558547 0.558547 0.558547
vn 0.997886 -0.035703 0.054300
f 250//250 251//251 252//252
v 0.901274 0.632926 1.073656 0.558547 0.558547 0.558547
vn 0.998704 -0.023466 0.045165
v 0.897524 0.734468 1.209330 0.558547 0.558547 0.558547
vn 0.998704 -0.023466 0.045165
v 0.897524 0.595986 1.137379 0.558547 0.558547 0.558547
vn 0.998704 -0.023466 0.045165
f 253//253 254//254 255//255
v 0.894538 0.907699 1.411508 0.558547 0.558547 0.558547
vn 0.999290 -0.020934 0.031332
v 0.883161 0.819044 1.715116 0.558547 0.558547 0.558547
vn 0.999290 -0.020934 0.031332
v 0.882310 0.734888 1.686020 0.558547 0.558547 0.558547
vn 0.999290 -0.020934 0.031332
f 256//256 257//257 258//258
v 0.894538 0.907699 1.411508 0.558547 0.558547 0.558547
vn 0.998990 -0.040804 0.018811
v 0.882310 0.734888 1.686020 0.558547 0.558547 0.558547
vn 0.998990 -0.040804 0.018811
v 0.890240 0.802021 1.410501 0.558547 0.558547 0.558547
vn 0.998990 -0.040804 0.018811
f 259//259 260//260 261//261
v 0.901274 0.374412 1.022310 0.558547 0.558547 0.558547
vn 0.998556 -0.010466 0.052692
v 0.901274 0.632926 1.073656 0.558547 0.558547 0.558547
vn 0.998556 -0.010466 0.052692
v 0.897524 0.595986 1.137379 0.558547 0.558547 0.558547
vn 0.998556 -0.010466 0.052692
f 262//262 263//263 264//264
v 0.901274 0.374412 1.022310 0.558547 0.558547 0.558547
vn 0.998646 -0.009646 0.051116
v 0.897524 0.595986 1.137379 0.558547 0.558547 0.558547
vn 0.998646 -0.009646 0.051116
v 0.897524 0.367435 1.094251 0.558547 0.558547 0.558547
vn 0.998646 -0.009646 0.051116
f 265//265 266//266 267//267
v 0.842721 0.367435 1.844719 0.558547 0.558547 0.558547
vn 0.000000 -0.102130 -0.994771
v 0.840660 0.299741 1.851669 0.558547 0.558547 0.558547
vn 0.000000 -0.102130 -0.994771
v 0.606066 0.299741 1.851669 0.558547 0.558547 0.558547
vn 0.000000 -0.102130 -0.994771
f 268//268 269//269 270//270
v 0.842721 0.367435 1.844719 0.558547 0.558547 0.558547
vn 0.000000 -0.102130 -0.994771
v 0.606066 0.299741 1.851669 0.558547 0.558547 0.558547
vn 0.000000 -0.102130 -0.994771
v 0.608126 0.367435 1.844719 0.558547 0.558547 0.558547
vn 0.000000 -0.102130 -0.994771
f 271//271 272//272 273//273
v 0.882310 0.734888 1.686020 0.558547 0.558547 0.558547
vn 0.000000 -0.667750 -0.744385
v 0.851566 0.595986 1.810621 0.558547 0.558547 0.558547
vn 0.000000 -0.667750 -0.744385
v 0.616972 0.595986 1.810621 0.558547 0.558547 0.558547
vn 0.000000 -0.667750 -0.744385
f 274//274 275//275 276//276
v 0.882310 0.734888 1.686020 0.558547 0.558547 0.558547
vn 0.000000 -0.667750 -0.744385
v 0.616972 0.595986 1.810621 0.558547 0.558547 0.558547
vn 0.000000 -0.667750 -0.744385
v 0.647717 0.734888 1.686020 0.558547 0.558547 0.558547
vn 0.000000 -0.667750 -0.744385
f 277//277 278//278 279//279
v 0.897524 0.367435 1.094251 0.558547 0.558547 0.558547
vn 0.000000 -0.185429 0.982658
v 0.897524 0.595986 1.137379 0.558547 0.558547 0.558547
vn 0.000000 -0.185429 0.982658
v 0.662930 0.595986 1.137379 0.558547 0.558547 0.558547
vn 0.000000 -0.185429 0.982658
f 280//280 281//281 282//282
v 0.897524 0.367435 1.094251 0.558547 0.558547 0.558547
vn 0.000000 -0.185429 0.982658
v 0.662930 0.595986 1.137379 0.558547 0.558547 0.558547
vn 0.000000 -0.185429 0.982658
v 0.662930 0.367435 1.094251 0.558547 0.558547 0.558547
vn 0.000000 -0.185429 0.982658
f 283//283 284//284 285//285
v 0.897524 0.734468 1.209330 0.558547 0.558547 0.558547
vn -0.035152 -0.947778 0.316988
v 0.890240 0.802021 1.410501 0.558547 0.558547 0.558547
vn -0.035152 -0.947778 0.316988
v 0.680438 0.809802 1.410501 0.558547 0.558547 0.558547
vn -0.035152 -0.947778 0.316988
f 286//286 287//287 288//288
v 0.897524 0.734468 1.209330 0.558547 0.558547 0.558547
vn 0.000000 -0.936490 0.350694
v 0.680438 0.809802 1.410501 0.558547 0.558547 0.558547
vn 0.000000 -0.936490 0.350694
v 0.662930 0.734468 1.209330 0.558547 0.558547 0.558547
vn 0.000000 -0.936490 0.350694
f 289//289 290//290 291//291
v 0.890240 0.802021 1.410501 0.558547 0.558547 0.558547
vn 0.000000 -0.971574 -0.236734
v 0.882310 0.734888 1.686020 0.558547 0.558547 0.558547
vn 0.000000 -0.971574 -0.236734
v 0.647717 0.734888 1.686020 0.558547 0.558547 0.558547
vn 0.000000 -0.971574 -0.236734
f 292//292 293//293 294//294
v 0.890240 0.802021 1.410501 0.558547 0.558547 0.558547
vn -0.035727 -0.963267 -0.266158
v 0.647717 0.734888 1.686020 0.558547 0.558547 0.558547
vn -0.035727 -0.963267 -0.266158
v 0.680438 0.809802 1.410501 0.558547 0.558547 0.558547
vn -0.035727 -0.963267 -0.266158
f 295//295 296//296 297//297
v 0.897524 0.595986 1.137379 0.558547 0.558547 0.558547
vn 0.000000 -0.461053 0.887373
v 0.897524 0.734468 1.209330 0.558547 0.558547 0.558547
vn 0.000000 -0.461053 0.887373
v 0.662930 0.734468 1.209330 0.558547 0.558547 0.558547
vn 0.000000 -0.461053 0.887373
f 298//298 299//299 300//300
v 0.897524 0.595986 1.137379 0.558547 0.558547 0.558547
vn 0.000000 -0.461053 0.887373
v 0.662930 0.734468 1.209330 0.558547 0.558547 0.558547
vn 0.000000 -0.461053 0.887373
v 0.662930 0.595986 1.137379 0.558547 0.558547 0.558547
vn 0.000000 -0.461053 0.887373
f 301//301 302//302 303//303
v 0.608126 0.367435 1.844719 0.558547 0.558547 0.558547
vn 0.997250 -0.013742 0.072826
v 0.662930 0.367435 1.094251 0.558547 0.558547 0.558547
vn 0.997250 -0.013742 0.072826
v 0.662930 0.595986 1.137379 0.558547 0.558547 0.558547
vn 0.997250 -0.013742 0.072826
f 304//304 305//305 306//306
v 0.608126 0.367435 1.844719 0.558547 0.558547 0.558547
vn 0.997274 -0.028444 0.068078
v 0.662930 0.595986 1.137379 0.558547 0.558547 0.558547
vn 0.997274 -0.028444 0.068078
v 0.616972 0.595986 1.810621 0.558547 0.558547 0.558547
vn 0.997274 -0.028444 0.068078
f 307//307 308//308 309//309
v 0.647717 0.734888 1.686020 0.558547 0.558547 0.558547
vn 0.952424 -0.303229 0.030664
v 0.662930 0.734468 1.209330 0.558547 0.558547 0.558547
vn 0.952424 -0.303229 0.030664
v 0.680438 0.809802 1.410501 0.558547 0.558547 0.558547
vn 0.952424 -0.303229 0.030664
f 310//310 311//311 312//312
v 0.616972 0.595986 1.810621 0.558547 0.558547 0.558547
vn 0.997054 -0.035363 0.068063
v 0.662930 0.595986 1.137379 0.558547 0.558547 0.558547
vn 0.997054 -0.035363 0.068063
v 0.662930 0.734468 1.209330 0.558547 0.558547 0.558547
vn 0.997054 -0.035363 0.068063
f 313//313 314//314 315//315
v 0.616972 0.595986 1.810621 0.558547 0.558547 0.558547
vn 0.981474 -0.188990 0.031490
v 0.662930 0.734468 1.209330 0.558547 0.558547 0.558547
vn 0.981474 -0.188990 0.031490
v 0.647717 0.734888 1.686020 0.558547 0.558547 0.558547
vn 0.981474 -0.188990 0.031490
f 316//316 317//317 318//318
v 0.000000 0.299741 1.010352 0.558547 0.558547 0.558547
vn 0.000000 -1.000000 0.000000
v 0.324709 0.299741 1.010352 0.558547 0.558547 0.558547
vn 0.000000 -1.000000 0.000000
v 0.383304 0.299741 1.925525 0.558547 0.558547 0.558547
vn 0.000000 -1.000000 0.000000
f 319//319 320//320 321//321
v 0.000000 0.299741 1.010352 0.558547 0.558547 0.558547
vn 0.000000 -1.000000 0.000000
v 0.383304 0.299741 1.925525 0.558547 0.558547 0.558547
vn 0.000000 -1.000000 0.000000
v 0.000000 0.299741 1.925525 0.558547 0.558547 0.558547
vn 0.000000 -1.000000 0.000000
f 322//322 323//323 324//324
v 0.324709 0.299741 1.010352 0.558547 0.558547 0.558547
vn 0.000000 -1.000000 0.000000
v 0.662930 0.299741 1.084208 0.558547 0.558547 0.558547
vn 0.000000 -1.000000 0.000000
v 0.606066 0.299741 1.851669 0.558547 0.558547 0.558547
vn 0.000000 -1.000000 0.000000
f 325//325 326//326 327//327
v 0.324709 0.299741 1.010352 0.558547 0.558547 0.558547
vn 0.000000 -1.000000 0.000000
v 0.606066 0.299741 1.851669 0.558547 0.558547 0.558547
vn 0.000000 -1.000000 0.000000
v 0.383304 0.299741 1.925525 0.558547 0.558547 0.558547
vn 0.000000 -1.000000 0.000000
f 328//328 329//329 330//330
v 0.581094 1.670351 -0.260653 0.558547 0.558547 0.558547
vn 0.184920 0.966571 0.177609
v 0.324850 1.719137 -0.259362 0.558547 0.558547 0.558547
vn 0.184920 0.966571 0.177609
v 0.324850 1.626472 0.244932 0.558547 0.558547 0.558547
vn 0.184920 0.966571 0.177609
f 331//331 332//332 333//333
v 0.581094 1.670351 -0.260653 0.558547 0.558547 0.558547
vn 0.079421 0.988837 0.126072
v 0.324850 1.626472 0.244932 0.558547 0.558547 0.558547
vn 0.079421 0.988837 0.126072
v 0.577900 1.605486 0.250122 0.558547 0.558547 0.558547
vn 0.079421 0.988837 0.126072
f 334//334 335//335 336//336
v 0.419157 1.180533 1.126128 0.558547 0.558547 0.558547
vn 0.104686 0.921960 0.372868
v 0.785978 1.187076 1.006961 0.558547 0.558547 0.558547
vn 0.104686 0.921960 0.372868
v 0.741368 1.209567 0.963873 0.558547 0.558547 0.558547
vn 0.104686 0.921960 0.372868
f 337//337 338//338 339//339
v 0.419157 1.180533 1.126128 0.558547 0.558547 0.558547
vn 0.157822 0.869029 0.468915
v 0.741368 1.209567 0.963873 0.558547 0.558547 0.558547
vn 0.157822 0.869029 0.468915
v 0.429453 1.209567 1.068853 0.558547 0.558547 0.558547
vn 0.157822 0.869029 0.468915
f 340//340 341//341 342//342
v 0.324850 1.719137 -0.259362 0.558547 0.558547 0.558547
vn 0.000000 0.990480 0.137658
v 0.000000 1.719137 -0.259362 0.558547 0.558547 0.558547
vn 0.000000 0.990480 0.137658
v 0.000000 1.649014 0.245193 0.558547 0.558547 0.558547
vn 0.000000 0.990480 0.137658
f 343//343 344//344 345//345
v 0.324850 1.719137 -0.259362 0.558547 0.558547 0.558547
vn 0.068233 0.981241 0.180305
v 0.000000 1.649014 0.245193 0.558547 0.558547 0.558547
vn 0.068233 0.981241 0.180305
v 0.324850 1.626472 0.244932 0.558547 0.558547 0.558547
vn 0.068233 0.981241 0.180305
f 346//346 347//347 348//348
v 0.685663 1.428226 0.628398 0.558547 0.558547 0.558547
vn 0.216380 0.906298 0.363049
v 0.577900 1.605486 0.250122 0.558547 0.558547 0.558547
vn 0.216380 0.906298 0.363049
v 0.552844 1.586621 0.312151 0.558547 0.558547 0.558547
vn 0.216380 0.906298 0.363049
f 349//349 350//350 351//351
v 0.685663 1.428226 0.628398 0.558547 0.558547 0.558547
vn 0.014414 0.896438 0.442934
v 0.552844 1.586621 0.312151 0.558547 0.558547 0.558547
vn 0.014414 0.896438 0.442934
v 0.652993 1.427777 0.630371 0.558547 0.558547 0.558547
vn 0.014414 0.896438 0.442934
f 352//352 353//353 354//354
v 0.324850 1.712828 -1.711805 0.558547 0.558547 0.558547
vn 0.000000 0.999724 -0.023477
v 0.000000 1.712828 -1.711805 0.558547 0.558547 0.558547
vn 0.000000 0.999724 -0.023477
v 0.000000 1.734332 -0.796083 0.558547 0.558547 0.558547
vn 0.000000 0.999724 -0.023477
f 355//355 356//356 357//357
v 0.324850 1.712828 -1.711805 0.558547 0.558547 0.558547
vn 0.020829 0.999654 -0.016086
v 0.000000 1.734332 -0.796083 0.558547 0.558547 0.558547
vn 0.020829 0.999654 -0.016086
v 0.324850 1.727560 -0.796300 0.558547 0.558547 0.558547
vn 0.020829 0.999654 -0.016086
f 358//358 359//359 360//360
v 0.607191 1.653180 -1.721950 0.558547 0.558547 0.558547
vn 0.194779 0.588959 -0.784339
v 0.629958 1.457462 -1.863260 0.558547 0.558547 0.558547
vn 0.194779 0.588959 -0.784339
v 0.598579 1.453872 -1.873749 0.558547 0.558547 0.558547
vn 0.194779 0.588959 -0.784339
f 361//361 362//362 363//363
v 0.607191 1.653180 -1.721950 0.558547 0.558547 0.558547
vn 0.711936 0.405766 -0.573150
v 0.598579 1.453872 -1.873749 0.558547 0.558547 0.558547
vn 0.711936 0.405766 -0.573150
v 0.591972 1.637271 -1.752118 0.558547 0.558547 0.558547
vn 0.711936 0.405766 -0.573150
f 364//364 365//365 366//366
v 0.812157 1.187076 0.336669 0.558547 0.558547 0.558547
vn 0.913434 0.406987 0.000000
v 0.812157 1.187076 -0.151543 0.558547 0.558547 0.558547
vn 0.913434 0.406987 0.000000
v 0.800249 1.213801 -0.096752 0.558547 0.558547 0.558547
vn 0.913434 0.406987 0.000000
f 367//367 368//368 369//369
v 0.812157 1.187076 0.336669 0.558547 0.558547 0.558547
vn 0.913434 0.406987 0.000000
v 0.800249 1.213801 -0.096752 0.558547 0.558547 0.558547
vn 0.913434 0.406987 0.000000
v 0.800249 1.213801 0.298833 0.558547 0.558547 0.558547
vn 0.913434 0.406987 0.000000
f 370//370 371//371 372//372
v 0.577900 1.605486 0.250122 0.558547 0.558547 0.558547
vn 0.836139 0.548199 0.018688
v 0.685663 1.428226 0.628398 0.558547 0.558547 0.558547
vn 0.836139 0.548199 0.018688
v 0.689573 1.424796 0.554082 0.558547 0.558547 0.558547
vn 0.836139 0.548199 0.018688
f 373//373 374//374 375//375
v 0.577900 1.605486 0.250122 0.558547 0.558547 0.558547
vn 0.928037 0.347373 -0.134457
v 0.689573 1.424796 0.554082 0.558547 0.558547 0.558547
vn 0.928037 0.347373 -0.134457
v 0.589808 1.569911 0.240399 0.558547 0.558547 0.558547
vn 0.928037 0.347373 -0.134457
f 376//376 377//377 378//378
v 0.000000 1.045882 -2.198071 0.558547 0.558547 0.558547
vn 0.067313 0.346703 -0.935557
v 0.324709 1.045882 -2.174709 0.558547 0.558547 0.558547
vn 0.067313 0.346703 -0.935557
v 0.324709 0.874116 -2.238362 0.558547 0.558547 0.558547
vn 0.067313 0.346703 -0.935557
f 379//379 380//380 381//381
v 0.000000 1.045882 -2.198071 0.558547 0.558547 0.558547
vn 0.100557 0.403430 -0.909468
v 0.324709 0.874116 -2.238362 0.558547 0.558547 0.558547
vn 0.100557 0.403430 -0.909468
v 0.000000 0.874116 -2.274264 0.558547 0.558547 0.558547
vn 0.100557 0.403430 -0.909468
f 382//382 383//383 384//384
v 0.324709 1.045882 -2.174709 0.558547 0.558547 0.558547
vn 0.250911 0.293032 -0.922592
v 0.485813 1.061832 -2.125828 0.558547 0.558547 0.558547
vn 0.250911 0.293032 -0.922592
v 0.462165 0.874116 -2.191881 0.558547 0.558547 0.558547
vn 0.250911 0.293032 -0.922592
f 385//385 386//386 387//387
v 0.324709 1.045882 -2.174709 0.558547 0.558547 0.558547
vn 0.302248 0.331239 -0.893827
v 0.462165 0.874116 -2.191881 0.558547 0.558547 0.558547
vn 0.302248 0.331239 -0.893827
v 0.324709 0.874116 -2.238362 0.558547 0.558547 0.558547
vn 0.302248 0.331239 -0.893827
f 388//388 389//389 390//390
v 0.000000 1.209567 1.075632 0.558547 0.558547 0.558547
vn -0.014129 0.445497 -0.895172
v 0.429453 1.209567 1.068853 0.558547 0.558547 0.558547
vn -0.014129 0.445497 -0.895172
v 0.428821 1.192241 1.060241 0.558547 0.558547 0.558547
vn -0.014129 0.445497 -0.895172
f 391//391 392//392 393//393
v 0.000000 1.209567 1.075632 0.558547 0.558547 0.558547
vn -0.014153 0.445084 -0.895377
v 0.428821 1.192241 1.060241 0.558547 0.558547 0.558547
vn -0.014153 0.445084 -0.895377
v 0.000000 1.192241 1.067019 0.558547 0.558547 0.558547
vn -0.014153 0.445084 -0.895377
f 394//394 395//395 396//396
v 0.741368 1.209567 0.963873 0.558547 0.558547 0.558547
vn -0.974663 -0.070098 0.212410
v 0.652993 1.427777 0.630371 0.558547 0.558547 0.558547
vn -0.974663 -0.070098 0.212410
v 0.652362 1.410452 0.621757 0.558547 0.558547 0.558547
vn -0.974663 -0.070098 0.212410
f 397//397 398//398 399//399
v 0.741368 1.209567 0.963873 0.558547 0.558547 0.558547
vn -0.974662 -0.070084 0.212418
v 0.652362 1.410452 0.621757 0.558547 0.558547 0.558547
vn -0.974662 -0.070084 0.212418
v 0.740737 1.192241 0.955260 0.558547 0.558547 0.558547
vn -0.974662 -0.070084 0.212418
f 400//400 401//401 402//402
v 0.552844 1.586621 0.312151 0.558547 0.558547 0.558547
vn 0.072808 -0.297187 0.952039
v 0.335128 1.602123 0.333640 0.558547 0.558547 0.558547
vn 0.072808 -0.297187 0.952039
v 0.334496 1.583583 0.327901 0.558547 0.558547 0.558547
vn 0.072808 -0.297187 0.952039
f 403//403 404//404 405//405
v 0.552844 1.586621 0.312151 0.558547 0.558547 0.558547
vn 0.072808 -0.297170 0.952045
v 0.334496 1.583583 0.327901 0.558547 0.558547 0.558547
vn 0.072808 -0.297170 0.952045
v 0.552211 1.568080 0.306412 0.558547 0.558547 0.558547
vn 0.072808 -0.297170 0.952045
f 406//406 407//407 408//408
v 0.335128 1.602123 0.333640 0.558547 0.558547 0.558547
vn 0.032095 -0.295485 0.954808
v 0.000000 1.609748 0.347265 0.558547 0.558547 0.558547
vn 0.032095 -0.295485 0.954808
v 0.000000 1.591208 0.341527 0.558547 0.558547 0.558547
vn 0.032095 -0.295485 0.954808
f 409//409 410//410 411//411
v 0.335128 1.602123 0.333640 0.558547 0.558547 0.558547
vn 0.032122 -0.296554 0.954476
v 0.000000 1.591208 0.341527 0.558547 0.558547 0.558547
vn 0.032122 -0.296554 0.954476
v 0.334496 1.583583 0.327901 0.558547 0.558547 0.558547
vn 0.032122 -0.296554 0.954476
f 412//412 413//413 414//414
v 0.324850 1.626472 0.244932 0.558547 0.558547 0.558547
vn 0.064914 0.931357 0.358275
v 0.000000 1.649014 0.245193 0.558547 0.558547 0.558547
vn 0.064914 0.931357 0.358275
v 0.000000 1.609748 0.347265 0.558547 0.558547 0.558547
vn 0.064914 0.931357 0.358275
f 415//415 416//416 417//417
v 0.324850 1.626472 0.244932 0.558547 0.558547 0.558547
vn 0.032567 0.964775 0.261054
v 0.000000 1.609748 0.347265 0.558547 0.558547 0.558547
vn 0.032567 0.964775 0.261054
v 0.335128 1.602123 0.333640 0.558547 0.558547 0.558547
vn 0.032567 0.964775 0.261054
f 418//418 419//419 420//420
v 0.577900 1.605486 0.250122 0.558547 0.558547 0.558547
vn 0.074683 0.963812 0.255910
v 0.324850 1.626472 0.244932 0.558547 0.558547 0.558547
vn 0.074683 0.963812 0.255910
v 0.335128 1.602123 0.333640 0.558547 0.558547 0.558547
vn 0.074683 0.963812 0.255910
f 421//421 422//422 423//423
v 0.577900 1.605486 0.250122 0.558547 0.558547 0.558547
vn 0.099116 0.940166 0.325980
v 0.335128 1.602123 0.333640 0.558547 0.558547 0.558547
vn 0.099116 0.940166 0.325980
v 0.552844 1.586621 0.312151 0.558547 0.558547 0.558547
vn 0.099116 0.940166 0.325980
f 424//424 425//425 426//426
v 0.777344 1.213801 0.885308 0.558547 0.558547 0.558547
vn -0.621679 0.782896 -0.024280
v 0.800249 1.213801 0.298833 0.558547 0.558547 0.558547
vn -0.621679 0.782896 -0.024280
v 0.790727 1.206212 0.297948 0.558547 0.558547 0.558547
vn -0.621679 0.782896 -0.024280
f 427//427 428//428 429//429
v 0.777344 1.213801 0.885308 0.558547 0.558547 0.558547
vn -0.621677 0.782897 -0.024280
v 0.790727 1.206212 0.297948 0.558547 0.558547 0.558547
vn -0.621677 0.782897 -0.024280
v 0.767821 1.206212 0.884422 0.558547 0.558547 0.558547
vn -0.621677 0.782897 -0.024280
f 430//430 431//431 432//432
v 0.800249 1.213801 -0.096752 0.558547 0.558547 0.558547
vn -0.170613 0.099838 0.980267
v 0.712445 1.432654 -0.134324 0.558547 0.558547 0.558547
vn -0.170613 0.099838 0.980267
v 0.702921 1.425066 -0.135209 0.558547 0.558547 0.558547
vn -0.170613 0.099838 0.980267
f 433//433 434//434 435//435
v 0.800249 1.213801 -0.096752 0.558547 0.558547 0.558547
vn -0.170633 0.099828 0.980265
v 0.702921 1.425066 -0.135209 0.558547 0.558547 0.558547
vn -0.170633 0.099828 0.980265
v 0.790727 1.206212 -0.097637 0.558547 0.558547 0.558547
vn -0.170633 0.099828 0.980265
f 436//436 437//437 438//438
v 0.800249 1.213801 0.298833 0.558547 0.558547 0.558547
vn -0.623243 0.782028 0.000000
v 0.800249 1.213801 -0.096752 0.558547 0.558547 0.558547
vn -0.623243 0.782028 0.000000
v 0.790727 1.206212 -0.097637 0.558547 0.558547 0.558547
vn -0.623243 0.782028 0.000000
f 439//439 440//440 441//441
v 0.800249 1.213801 0.298833 0.558547 0.558547 0.558547
vn -0.623243 0.782028 0.000000
v 0.790727 1.206212 -0.097637 0.558547 0.558547 0.558547
vn -0.623243 0.782028 0.000000
v 0.790727 1.206212 0.297948 0.558547 0.558547 0.558547
vn -0.623243 0.782028 0.000000
f 442//442 443//443 444//444
v 0.589808 1.569911 0.240399 0.558547 0.558547 0.558547
vn 0.571417 -0.660368 -0.487234
v 0.689573 1.424796 0.554082 0.558547 0.558547 0.558547
vn 0.571417 -0.660368 -0.487234
v 0.680050 1.417208 0.553197 0.558547 0.558547 0.558547
vn 0.571417 -0.660368 -0.487234
f 445//445 446//446 447//447
v 0.589808 1.569911 0.240399 0.558547 0.558547 0.558547
vn 0.534551 -0.688391 -0.490278
v 0.680050 1.417208 0.553197 0.558547 0.558547 0.558547
vn 0.534551 -0.688391 -0.490278
v 0.580285 1.562277 0.240734 0.558547 0.558547 0.558547
vn 0.534551 -0.688391 -0.490278
f 448//448 449//449 450//450
v 0.785978 1.187076 1.006961 0.558547 0.558547 0.558547
vn 0.893578 0.447549 0.034899
v 0.812157 1.187076 0.336669 0.558547 0.558547 0.558547
vn 0.893578 0.447549 0.034899
v 0.800249 1.213801 0.298833 0.558547 0.558547 0.558547
vn 0.893578 0.447549 0.034899
f 451//451 452//452 453//453
v 0.785978 1.187076 1.006961 0.558547 0.558547 0.558547
vn 0.893574 0.447557 0.034899
v 0.800249 1.213801 0.298833 0.558547 0.558547 0.558547
vn 0.893574 0.447557 0.034899
v 0.777344 1.213801 0.885308 0.558547 0.558547 0.558547
vn 0.893574 0.447557 0.034899
f 454//454 455//455 456//456
v 0.581094 1.670351 -0.260653 0.558547 0.558547 0.558547
vn 0.950960 0.306051 0.044812
v 0.577900 1.605486 0.250122 0.558547 0.558547 0.558547
vn 0.950960 0.306051 0.044812
v 0.589808 1.569911 0.240399 0.558547 0.558547 0.558547
vn 0.950960 0.306051 0.044812
f 457//457 458//458 459//459
v 0.581094 1.670351 -0.260653 0.558547 0.558547 0.558547
vn 0.871376 0.483745 0.081817
v 0.589808 1.569911 0.240399 0.558547 0.558547 0.558547
vn 0.871376 0.483745 0.081817
v 0.598362 1.627646 -0.192065 0.558547 0.558547 0.558547
vn 0.871376 0.483745 0.081817
f 460//460 461//461 462//462
v 0.714750 1.437208 -0.194483 0.558547 0.558547 0.558547
vn 0.848843 0.517403 0.108445
v 0.581094 1.670351 -0.260653 0.558547 0.558547 0.558547
vn 0.848843 0.517403 0.108445
v 0.598362 1.627646 -0.192065 0.558547 0.558547 0.558547
vn 0.848843 0.517403 0.108445
f 463//463 464//464 465//465
v 0.714750 1.437208 -0.194483 0.558547 0.558547 0.558547
vn 0.851458 0.519464 0.071948
v 0.598362 1.627646 -0.192065 0.558547 0.558547 0.558547
vn 0.851458 0.519464 0.071948
v 0.712445 1.432654 -0.134324 0.558547 0.558547 0.558547
vn 0.851458 0.519464 0.071948
f 466//466 467//467 468//468
v 0.605276 1.641418 -0.294743 0.558547 0.558547 0.558547
vn 0.078273 -0.260475 -0.962302
v 0.712523 1.445127 -0.232888 0.558547 0.558547 0.558547
vn 0.078273 -0.260475 -0.962302
v 0.703252 1.438605 -0.231877 0.558547 0.558547 0.558547
vn 0.078273 -0.260475 -0.962302
f 469//469 470//470 471//471
v 0.605276 1.641418 -0.294743 0.558547 0.558547 0.558547
vn 0.135581 -0.233000 -0.962979
v 0.703252 1.438605 -0.231877 0.558547 0.558547 0.558547
vn 0.135581 -0.233000 -0.962979
v 0.596980 1.632674 -0.293796 0.558547 0.558547 0.558547
vn 0.135581 -0.233000 -0.962979
f 472//472 473//473 474//474
v 0.800284 1.226416 -0.801485 0.558547 0.558547 0.558547
vn -0.395517 0.909518 0.127844
v 0.760263 1.280835 -1.312454 0.558547 0.558547 0.558547
vn -0.395517 0.909518 0.127844
v 0.739659 1.271665 -1.310963 0.558547 0.558547 0.558547
vn -0.395517 0.909518 0.127844
f 475//475 476//476 477//477
v 0.800284 1.226416 -0.801485 0.558547 0.558547 0.558547
vn -0.559532 0.817044 0.139147
v 0.739659 1.271665 -1.310963 0.558547 0.558547 0.558547
vn -0.559532 0.817044 0.139147
v 0.791013 1.219895 -0.800475 0.558547 0.558547 0.558547
vn -0.559532 0.817044 0.139147
f 478//478 479//479 480//480
v 0.684331 1.429570 -1.633743 0.558547 0.558547 0.558547
vn 0.049831 0.004744 0.998746
v 0.640023 1.558572 -1.632145 0.558547 0.558547 0.558547
vn 0.049831 0.004744 0.998746
v 0.631165 1.551057 -1.631668 0.558547 0.558547 0.558547
vn 0.049831 0.004744 0.998746
f 481//481 482//482 483//483
v 0.684331 1.429570 -1.633743 0.558547 0.558547 0.558547
vn 0.092099 0.023298 0.995477
v 0.631165 1.551057 -1.631668 0.558547 0.558547 0.558547
vn 0.092099 0.023298 0.995477
v 0.675061 1.423048 -1.632733 0.558547 0.558547 0.558547
vn 0.092099 0.023298 0.995477
f 484//484 485//485 486//486
v 0.586304 1.682865 -0.806311 0.558547 0.558547 0.558547
vn 0.779605 0.625893 0.021797
v 0.581094 1.670351 -0.260653 0.558547 0.558547 0.558547
vn 0.779605 0.625893 0.021797
v 0.605276 1.641418 -0.294743 0.558547 0.558547 0.558547
vn 0.779605 0.625893 0.021797
f 487//487 488//488 489//489
v 0.586304 1.682865 -0.806311 0.558547 0.558547 0.558547
vn 0.885457 0.464697 0.004812
v 0.605276 1.641418 -0.294743 0.558547 0.558547 0.558547
vn 0.885457 0.464697 0.004812
v 0.607619 1.642254 -0.806637 0.558547 0.558547 0.558547
vn 0.885457 0.464697 0.004812
f 490//490 491//491 492//492
v 0.597057 0.411803 -1.707786 0.558547 0.558547 0.558547
vn 0.012440 -0.993218 -0.115598
v 0.614878 0.352343 -1.194987 0.558547 0.558547 0.558547
vn 0.012440 -0.993218 -0.115598
v 0.348401 0.352343 -1.223664 0.558547 0.558547 0.558547
vn 0.012440 -0.993218 -0.115598
f 493//493 494//494 495//495
v 0.597057 0.411803 -1.707786 0.558547 0.558547 0.558547
vn 0.019627 -0.993521 -0.111944
v 0.348401 0.352343 -1.223664 0.558547 0.558547 0.558547
vn 0.019627 -0.993521 -0.111944
v 0.348401 0.411803 -1.751381 0.558547 0.558547 0.558547
vn 0.019627 -0.993521 -0.111944
f 496//496 497//497 498//498
v 0.789257 1.187076 -1.387517 0.558547 0.558547 0.558547
vn -0.045659 -0.050927 -0.997658
v 0.744961 1.286296 -1.390555 0.558547 0.558547 0.558547
vn -0.045659 -0.050927 -0.997658
v 0.756653 1.289389 -1.391248 0.558547 0.558547 0.558547
vn -0.045659 -0.050927 -0.997658
f 499//499 500//500 501//501
v 0.789257 1.187076 -1.387517 0.558547 0.558547 0.558547
vn -0.045667 -0.050930 -0.997658
v 0.756653 1.289389 -1.391248 0.558547 0.558547 0.558547
vn -0.045667 -0.050930 -0.997658
v 0.800948 1.190167 -1.388210 0.558547 0.558547 0.558547
vn -0.045667 -0.050930 -0.997658
f 502//502 503//503 504//504
v 0.348401 0.411803 -1.751381 0.558547 0.558547 0.558547
vn -0.003106 -0.993707 -0.111965
v 0.348401 0.352343 -1.223664 0.558547 0.558547 0.558547
vn -0.003106 -0.993707 -0.111965
v 0.000000 0.352343 -1.214000 0.558547 0.558547 0.558547
vn -0.003106 -0.993707 -0.111965
f 505//505 506//506 507//507
v 0.348401 0.411803 -1.751381 0.558547 0.558547 0.558547
vn 0.005485 -0.994302 -0.106461
v 0.000000 0.352343 -1.214000 0.558547 0.558547 0.558547
vn 0.005485 -0.994302 -0.106461
v 0.000000 0.411803 -1.769332 0.558547 0.558547 0.558547
vn 0.005485 -0.994302 -0.106461
f 508//508 509//509 510//510
v 0.818039 0.700748 -1.776271 0.558547 0.558547 0.558547
vn 0.984050 -0.102518 -0.145379
v 0.846039 0.800067 -1.656781 0.558547 0.558547 0.558547
vn 0.984050 -0.102518 -0.145379
v 0.845305 0.763305 -1.635828 0.558547 0.558547 0.558547
vn 0.984050 -0.102518 -0.145379
f 511//511 512//512 513//513
v 0.818039 0.700748 -1.776271 0.558547 0.558547 0.558547
vn 0.984253 -0.096522 -0.148089
v 0.845305 0.763305 -1.635828 0.558547 0.558547 0.558547
vn 0.984253 -0.096522 -0.148089
v 0.822553 0.679134 -1.732181 0.558547 0.558547 0.558547
vn 0.984253 -0.096522 -0.148089
f 514//514 515//515 516//516
v 0.818039 0.463987 -1.849675 0.558547 0.558547 0.558547
vn 0.996440 0.017949 -0.082372
v 0.818039 0.558133 -1.829160 0.558547 0.558547 0.558547
vn 0.996440 0.017949 -0.082372
v 0.822553 0.558219 -1.774535 0.558547 0.558547 0.558547
vn 0.996440 0.017949 -0.082372
f 517//517 518//518 519//519
v 0.818039 0.463987 -1.849675 0.558547 0.558547 0.558547
vn 0.996578 0.016797 -0.080936
v 0.822553 0.558219 -1.774535 0.558547 0.558547 0.558547
vn 0.996578 0.016797 -0.080936
v 0.822553 0.458712 -1.795187 0.558547 0.558547 0.558547
vn 0.996578 0.016797 -0.080936
f 520//520 521//521 522//522
v 0.328896 1.700511 -1.742453 0.558547 0.558547 0.558547
vn 0.000000 -0.927451 0.373945
v 0.000000 1.700511 -1.742453 0.558547 0.558547 0.558547
vn 0.000000 -0.927451 0.373945
v 0.000000 1.685768 -1.779021 0.558547 0.558547 0.558547
vn 0.000000 -0.927451 0.373945
f 523//523 524//524 525//525
v 0.328896 1.700511 -1.742453 0.558547 0.558547 0.558547
vn 0.000000 -0.927451 0.373945
v 0.000000 1.685768 -1.779021 0.558547 0.558547 0.558547
vn 0.000000 -0.927451 0.373945
v 0.328896 1.685768 -1.779021 0.558547 0.558547 0.558547
vn 0.000000 -0.927451 0.373945
f 526//526 527//527 528//528
v 0.642160 1.241784 -1.992396 0.558547 0.558547 0.558547
vn -0.214843 -0.008657 0.976610
v 0.492133 1.245376 -2.025369 0.558547 0.558547 0.558547
vn -0.214843 -0.008657 0.976610
v 0.324709 1.249383 -2.062165 0.558547 0.558547 0.558547
vn -0.214843 -0.008657 0.976610
f 529//529 530//530 531//531
v 0.642160 1.241784 -1.992396 0.558547 0.558547 0.558547
vn 0.202836 0.439478 -0.875053
v 0.324709 1.249383 -2.062165 0.558547 0.558547 0.558547
vn 0.202836 0.439478 -0.875053
v 0.322603 1.299599 -2.037433 0.558547 0.558547 0.558547
vn 0.202836 0.439478 -0.875053
f 532//532 533//533 534//534
v 0.642160 1.241784 -1.992396 0.558547 0.558547 0.558547
vn 0.202143 0.433018 -0.878427
v 0.322603 1.299599 -2.037433 0.558547 0.558547 0.558547
vn 0.202143 0.433018 -0.878427
v 0.610549 1.303270 -1.969361 0.558547 0.558547 0.558547
vn 0.202143 0.433018 -0.878427
f 535//535 536//536 537//537
v 0.747448 0.598352 -1.974103 0.558547 0.558547 0.558547
vn 0.930697 0.056593 -0.361385
v 0.747092 0.806773 -1.942382 0.558547 0.558547 0.558547
vn 0.930697 0.056593 -0.361385
v 0.818039 0.700748 -1.776271 0.558547 0.558547 0.558547
vn 0.930697 0.056593 -0.361385
f 538//538 539//539 540//540
v 0.747448 0.598352 -1.974103 0.558547 0.558547 0.558547
vn 0.904685 0.148154 -0.399494
v 0.818039 0.700748 -1.776271 0.558547 0.558547 0.558547
vn 0.904685 0.148154 -0.399494
v 0.818039 0.558133 -1.829160 0.558547 0.558547 0.558547
vn 0.904685 0.148154 -0.399494
f 541//541 542//542 543//543
v 0.822553 0.558219 -1.774535 0.558547 0.558547 0.558547
vn 0.002736 -0.330586 0.943772
v 0.822553 0.679134 -1.732181 0.558547 0.558547 0.558547
vn 0.002736 -0.330586 0.943772
v 0.602891 0.679211 -1.731517 0.558547 0.558547 0.558547
vn 0.002736 -0.330586 0.943772
f 544//544 545//545 546//546
v 0.822553 0.558219 -1.774535 0.558547 0.558547 0.558547
vn 0.070273 -0.218473 0.973309
v 0.602891 0.679211 -1.731517 0.558547 0.558547 0.558547
vn 0.070273 -0.218473 0.973309
v 0.598098 0.512458 -1.768601 0.558547 0.558547 0.558547
vn 0.070273 -0.218473 0.973309
f 547//547 548//548 549//549
v 0.894190 0.699858 -1.122031 0.558547 0.558547 0.558547
vn 0.020583 -0.553719 -0.832449
v 0.894190 0.577403 -1.040577 0.558547 0.558547 0.558547
vn 0.020583 -0.553719 -0.832449
v 0.638434 0.576761 -1.046474 0.558547 0.558547 0.558547
vn 0.020583 -0.553719 -0.832449
f 550//550 551//551 552//552
v 0.894190 0.699858 -1.122031 0.558547 0.558547 0.558547
vn 0.002205 -0.526437 -0.850211
v 0.638434 0.576761 -1.046474 0.558547 0.558547 0.558547
vn 0.002205 -0.526437 -0.850211
v 0.633476 0.699858 -1.122707 0.558547 0.558547 0.558547
vn 0.002205 -0.526437 -0.850211
f 553//553 554//554 555//555
v 0.879196 0.818359 -1.365965 0.558547 0.558547 0.558547
vn 0.001133 -0.899454 -0.437015
v 0.894190 0.699858 -1.122031 0.558547 0.558547 0.558547
vn 0.001133 -0.899454 -0.437015
v 0.633476 0.699858 -1.122707 0.558547 0.558547 0.558547
vn 0.001133 -0.899454 -0.437015
f 556//556 557//557 558//558
v 0.879196 0.818359 -1.365965 0.558547 0.558547 0.558547
vn 0.000292 -0.899120 -0.437702
v 0.633476 0.699858 -1.122707 0.558547 0.558547 0.558547
vn 0.000292 -0.899120 -0.437702
v 0.622005 0.818359 -1.366136 0.558547 0.558547 0.558547
vn 0.000292 -0.899120 -0.437702
f 559//559 560//560 561//561
v 0.845305 0.763305 -1.635828 0.558547 0.558547 0.558547
vn -0.000133 -0.979815 0.199905
v 0.879196 0.818359 -1.365965 0.558547 0.558547 0.558547
vn -0.000133 -0.979815 0.199905
v 0.622005 0.818359 -1.366136 0.558547 0.558547 0.558547
vn -0.000133 -0.979815 0.199905
f 562//562 563//563 564//564
v 0.845305 0.763305 -1.635828 0.558547 0.558547 0.558547
vn 0.000284 -0.979747 0.200237
v 0.622005 0.818359 -1.366136 0.558547 0.558547 0.558547
vn 0.000284 -0.979747 0.200237
v 0.610535 0.763305 -1.635495 0.558547 0.558547 0.558547
vn 0.000284 -0.979747 0.200237
f 565//565 566//566 567//567
v 0.822553 0.458712 -1.795187 0.558547 0.558547 0.558547
vn 0.067163 -0.202748 0.976925
v 0.822553 0.558219 -1.774535 0.558547 0.558547 0.558547
vn 0.067163 -0.202748 0.976925
v 0.598098 0.512458 -1.768601 0.558547 0.558547 0.558547
vn 0.067163 -0.202748 0.976925
f 568//568 569//569 570//570
v 0.822553 0.458712 -1.795187 0.558547 0.558547 0.558547
vn 0.008433 -0.414844 0.909853
v 0.598098 0.512458 -1.768601 0.558547 0.558547 0.558547
vn 0.008433 -0.414844 0.909853
v 0.590577 0.457379 -1.793645 0.558547 0.558547 0.558547
vn 0.008433 -0.414844 0.909853
f 571//571 572//572 573//573
v 0.822553 0.679134 -1.732181 0.558547 0.558547 0.558547
vn 0.000933 -0.753219 0.657769
v 0.845305 0.763305 -1.635828 0.558547 0.558547 0.558547
vn 0.000933 -0.753219 0.657769
v 0.610535 0.763305 -1.635495 0.558547 0.558547 0.558547
vn 0.000933 -0.753219 0.657769
f 574//574 575//575 576//576
v 0.822553 0.679134 -1.732181 0.558547 0.558547 0.558547
vn 0.001726 -0.752354 0.658756
v 0.610535 0.763305 -1.635495 0.558547 0.558547 0.558547
vn 0.001726 -0.752354 0.658756
v 0.602891 0.679211 -1.731517 0.558547 0.558547 0.558547
vn 0.001726 -0.752354 0.658756
f 577//577 578//578 579//579
v 0.590577 0.457379 -1.793645 0.558547 0.558547 0.558547
vn 0.991477 -0.129671 -0.012568
v 0.598098 0.512458 -1.768601 0.558547 0.558547 0.558547
vn 0.991477 -0.129671 -0.012568
v 0.608459 0.580534 -1.653621 0.558547 0.558547 0.558547
vn 0.991477 -0.129671 -0.012568
f 580//580 581//581 582//582
v 0.590577 0.457379 -1.793645 0.558547 0.558547 0.558547
vn 0.995038 -0.041859 -0.090257
v 0.608459 0.580534 -1.653621 0.558547 0.558547 0.558547
vn 0.995038 -0.041859 -0.090257
v 0.599210 0.455411 -1.697554 0.558547 0.558547 0.558547
vn 0.995038 -0.041859 -0.090257
f 583//583 584//584 585//585
v 0.633476 0.699858 -1.122707 0.558547 0.558547 0.558547
vn 0.999015 0.006556 -0.043883
v 0.610535 0.763305 -1.635495 0.558547 0.558547 0.558547
vn 0.999015 0.006556 -0.043883
v 0.622005 0.818359 -1.366136 0.558547 0.558547 0.558547
vn 0.999015 0.006556 -0.043883
f 586//586 587//587 588//588
v 0.638434 0.576761 -1.046474 0.558547 0.558547 0.558547
vn 0.998391 0.003264 -0.056614
v 0.630410 0.580534 -1.187773 0.558547 0.558547 0.558547
vn 0.998391 0.003264 -0.056614
v 0.630955 0.614497 -1.176189 0.558547 0.558547 0.558547
vn 0.998391 0.003264 -0.056614
f 589//589 590//590 591//591
v 0.602891 0.679211 -1.731517 0.558547 0.558547 0.558547
vn 0.998023 -0.024745 -0.057777
v 0.610535 0.763305 -1.635495 0.558547 0.558547 0.558547
vn 0.998023 -0.024745 -0.057777
v 0.609582 0.711553 -1.629791 0.558547 0.558547 0.558547
vn 0.998023 -0.024745 -0.057777
f 592//592 593//593 594//594
v 0.630955 0.614497 -1.176189 0.558547 0.558547 0.558547
vn 0.998892 -0.000000 -0.047067
v 0.630410 0.580534 -1.187773 0.558547 0.558547 0.558547
vn 0.998892 -0.000000 -0.047067
v 0.608459 0.580534 -1.653621 0.558547 0.558547 0.558547
vn 0.998892 -0.000000 -0.047067
f 595//595 596//596 597//597
v 0.630955 0.614497 -1.176189 0.558547 0.558547 0.558547
vn 0.998892 0.000002 -0.047068
v 0.608459 0.580534 -1.653621 0.558547 0.558547 0.558547
vn 0.998892 0.000002 -0.047068
v 0.609582 0.711553 -1.629791 0.558547 0.558547 0.558547
vn 0.998892 0.000002 -0.047068
f 598//598 599//599 600//600
v 0.630955 0.614497 -1.176189 0.558547 0.558547 0.558547
vn 0.998418 0.005574 -0.055943
v 0.633476 0.699858 -1.122707 0.558547 0.558547 0.558547
vn 0.998418 0.005574 -0.055943
v 0.638434 0.576761 -1.046474 0.558547 0.558547 0.558547
vn 0.998418 0.005574 -0.055943
f 601//601 602//602 603//603
v 0.617812 0.407183 -1.188285 0.558547 0.558547 0.558547
vn 0.995676 -0.072186 -0.058474
v 0.630410 0.580534 -1.187773 0.558547 0.558547 0.558547
vn 0.995676 -0.072186 -0.058474
v 0.638434 0.576761 -1.046474 0.558547 0.558547 0.558547
vn 0.995676 -0.072186 -0.058474
f 604//604 605//605 606//606
v 0.617812 0.407183 -1.188285 0.558547 0.558547 0.558547
vn 0.994948 -0.046665 -0.088886
v 0.638434 0.576761 -1.046474 0.558547 0.558547 0.558547
vn 0.994948 -0.046665 -0.088886
v 0.634479 0.376862 -0.985799 0.558547 0.558547 0.558547
vn 0.994948 -0.046665 -0.088886
f 607//607 608//608 609//609
v 0.609582 0.711553 -1.629791 0.558547 0.558547 0.558547
vn 0.995452 0.008725 -0.094866
v 0.608459 0.580534 -1.653621 0.558547 0.558547 0.558547
vn 0.995452 0.008725 -0.094866
v 0.598098 0.512458 -1.768601 0.558547 0.558547 0.558547
vn 0.995452 0.008725 -0.094866
f 610//610 611//611 612//612
v 0.609582 0.711553 -1.629791 0.558547 0.558547 0.558547
vn 0.998033 -0.015158 -0.060826
v 0.598098 0.512458 -1.768601 0.558547 0.558547 0.558547
vn 0.998033 -0.015158 -0.060826
v 0.602891 0.679211 -1.731517 0.558547 0.558547 0.558547
vn 0.998033 -0.015158 -0.060826
f 613//613 614//614 615//615
v 0.609582 0.711553 -1.629791 0.558547 0.558547 0.558547
vn 0.998587 -0.023633 -0.047599
v 0.610535 0.763305 -1.635495 0.558547 0.558547 0.558547
vn 0.998587 -0.023633 -0.047599
v 0.633476 0.699858 -1.122707 0.558547 0.558547 0.558547
vn 0.998587 -0.023633 -0.047599
f 616//616 617//617 618//618
v 0.609582 0.711553 -1.629791 0.558547 0.558547 0.558547
vn 0.998892 -0.000000 -0.047068
v 0.633476 0.699858 -1.122707 0.558547 0.558547 0.558547
vn 0.998892 -0.000000 -0.047068
v 0.630955 0.614497 -1.176189 0.558547 0.558547 0.558547
vn 0.998892 -0.000000 -0.047068
f 619//619 620//620 621//621
v 0.599210 0.455411 -1.697554 0.558547 0.558547 0.558547
vn 0.997255 -0.057214 -0.046990
v 0.608459 0.580534 -1.653621 0.558547 0.558547 0.558547
vn 0.997255 -0.057214 -0.046990
v 0.630410 0.580534 -1.187773 0.558547 0.558547 0.558547
vn 0.997255 -0.057214 -0.046990
f 622//622 623//623 624//624
v 0.599210 0.455411 -1.697554 0.558547 0.558547 0.558547
vn 0.996446 -0.072286 -0.043241
v 0.630410 0.580534 -1.187773 0.558547 0.558547 0.558547
vn 0.996446 -0.072286 -0.043241
v 0.617812 0.407183 -1.188285 0.558547 0.558547 0.558547
vn 0.996446 -0.072286 -0.043241
f 625//625 626//626 627//627
v 0.652993 1.427777 0.630371 0.558547 0.558547 0.558547
vn -0.959777 -0.052640 0.275784
v 0.552844 1.586621 0.312151 0.558547 0.558547 0.558547
vn -0.959777 -0.052640 0.275784
v 0.552211 1.568080 0.306412 0.558547 0.558547 0.558547
vn -0.959777 -0.052640 0.275784
f 628//628 629//629 630//630
v 0.652993 1.427777 0.630371 0.558547 0.558547 0.558547
vn -0.961448 -0.093540 0.258590
v 0.552211 1.568080 0.306412 0.558547 0.558547 0.558547
vn -0.961448 -0.093540 0.258590
v 0.652362 1.410452 0.621757 0.558547 0.558547 0.558547
vn -0.961448 -0.093540 0.258590
f 631//631 632//632 633//633
v 0.429453 1.209567 1.068853 0.558547 0.558547 0.558547
vn -0.287265 0.434738 -0.853511
v 0.741368 1.209567 0.963873 0.558547 0.558547 0.558547
vn -0.287265 0.434738 -0.853511
v 0.740737 1.192241 0.955260 0.558547 0.558547 0.558547
vn -0.287265 0.434738 -0.853511
f 634//634 635//635 636//636
v 0.429453 1.209567 1.068853 0.558547 0.558547 0.558547
vn -0.287265 0.434738 -0.853511
v 0.740737 1.192241 0.955260 0.558547 0.558547 0.558547
vn -0.287265 0.434738 -0.853511
v 0.428821 1.192241 1.060241 0.558547 0.558547 0.558547
vn -0.287265 0.434738 -0.853511
f 637//637 638//638 639//639
v 0.712445 1.432654 -0.134324 0.558547 0.558547 0.558547
vn -0.261055 0.130493 0.956463
v 0.598362 1.627646 -0.192065 0.558547 0.558547 0.558547
vn -0.261055 0.130493 0.956463
v 0.589965 1.617784 -0.193011 0.558547 0.558547 0.558547
vn -0.261055 0.130493 0.956463
f 640//640 641//641 642//642
v 0.712445 1.432654 -0.134324 0.558547 0.558547 0.558547
vn -0.217769 0.161081 0.962616
v 0.589965 1.617784 -0.193011 0.558547 0.558547 0.558547
vn -0.217769 0.161081 0.962616
v 0.702921 1.425066 -0.135209 0.558547 0.558547 0.558547
vn -0.217769 0.161081 0.962616
f 643//643 644//644 645//645
v 0.598362 1.627646 -0.192065 0.558547 0.558547 0.558547
vn 0.620855 -0.778549 -0.091659
v 0.589808 1.569911 0.240399 0.558547 0.558547 0.558547
vn 0.620855 -0.778549 -0.091659
v 0.580285 1.562277 0.240734 0.558547 0.558547 0.558547
vn 0.620855 -0.778549 -0.091659
f 646//646 647//647 648//648
v 0.598362 1.627646 -0.192065 0.558547 0.558547 0.558547
vn 0.762847 -0.643274 -0.065297
v 0.580285 1.562277 0.240734 0.558547 0.558547 0.558547
vn 0.762847 -0.643274 -0.065297
v 0.589965 1.617784 -0.193011 0.558547 0.558547 0.558547
vn 0.762847 -0.643274 -0.065297
f 649//649 650//650 651//651
v 0.689573 1.424796 0.554082 0.558547 0.558547 0.558547
vn 0.552242 -0.629081 -0.547069
v 0.777344 1.213801 0.885308 0.558547 0.558547 0.558547
vn 0.552242 -0.629081 -0.547069
v 0.767821 1.206212 0.884422 0.558547 0.558547 0.558547
vn 0.552242 -0.629081 -0.547069
f 652//652 653//653 654//654
v 0.689573 1.424796 0.554082 0.558547 0.558547 0.558547
vn 0.552118 -0.629167 -0.547096
v 0.767821 1.206212 0.884422 0.558547 0.558547 0.558547
vn 0.552118 -0.629167 -0.547096
v 0.680050 1.417208 0.553197 0.558547 0.558547 0.558547
vn 0.552118 -0.629167 -0.547096
f 655//655 656//656 657//657
v 0.607619 1.642254 -0.806637 0.558547 0.558547 0.558547
vn 0.725547 -0.688170 0.002196
v 0.605276 1.641418 -0.294743 0.558547 0.558547 0.558547
vn 0.725547 -0.688170 0.002196
v 0.596980 1.632674 -0.293796 0.558547 0.558547 0.558547
vn 0.725547 -0.688170 0.002196
f 658//658 659//659 660//660
v 0.607619 1.642254 -0.806637 0.558547 0.558547 0.558547
vn 0.726249 -0.687428 0.002225
v 0.596980 1.632674 -0.293796 0.558547 0.558547 0.558547
vn 0.726249 -0.687428 0.002225
v 0.599323 1.633492 -0.805864 0.558547 0.558547 0.558547
vn 0.726249 -0.687428 0.002225
f 661//661 662//662 663//663
v 0.712523 1.445127 -0.232888 0.558547 0.558547 0.558547
vn 0.015877 -0.175086 -0.984425
v 0.800284 1.226416 -0.192574 0.558547 0.558547 0.558547
vn 0.015877 -0.175086 -0.984425
v 0.791013 1.219895 -0.191564 0.558547 0.558547 0.558547
vn 0.015877 -0.175086 -0.984425
f 664//664 665//665 666//666
v 0.712523 1.445127 -0.232888 0.558547 0.558547 0.558547
vn 0.015800 -0.175112 -0.984422
v 0.791013 1.219895 -0.191564 0.558547 0.558547 0.558547
vn 0.015800 -0.175112 -0.984422
v 0.703252 1.438605 -0.231877 0.558547 0.558547 0.558547
vn 0.015800 -0.175112 -0.984422
f 667//667 668//668 669//669
v 0.734992 1.299282 -1.512382 0.558547 0.558547 0.558547
vn -0.322581 0.574956 0.751909
v 0.684331 1.429570 -1.633743 0.558547 0.558547 0.558547
vn -0.322581 0.574956 0.751909
v 0.675061 1.423048 -1.632733 0.558547 0.558547 0.558547
vn -0.322581 0.574956 0.751909
f 670//670 671//671 672//672
v 0.734992 1.299282 -1.512382 0.558547 0.558547 0.558547
vn -0.322581 0.574956 0.751909
v 0.675061 1.423048 -1.632733 0.558547 0.558547 0.558547
vn -0.322581 0.574956 0.751909
v 0.725722 1.292760 -1.511372 0.558547 0.558547 0.558547
vn -0.322581 0.574956 0.751909
f 673//673 674//674 675//675
v 0.620321 1.617832 -1.131452 0.558547 0.558547 0.558547
vn 0.727342 -0.681632 0.079694
v 0.607619 1.642254 -0.806637 0.558547 0.558547 0.558547
vn 0.727342 -0.681632 0.079694
v 0.599323 1.633492 -0.805864 0.558547 0.558547 0.558547
vn 0.727342 -0.681632 0.079694
f 676//676 677//677 678//678
v 0.620321 1.617832 -1.131452 0.558547 0.558547 0.558547
vn 0.688474 -0.720937 0.079078
v 0.599323 1.633492 -0.805864 0.558547 0.558547 0.558547
vn 0.688474 -0.720937 0.079078
v 0.611711 1.609725 -1.130394 0.558547 0.558547 0.558547
vn 0.688474 -0.720937 0.079078
f 679//679 680//680 681//681
v 0.591972 1.637271 -1.752118 0.558547 0.558547 0.558547
vn -0.998994 -0.006571 -0.044361
v 0.598579 1.453872 -1.873749 0.558547 0.558547 0.558547
vn -0.998994 -0.006571 -0.044361
v 0.598455 1.443920 -1.869487 0.558547 0.558547 0.558547
vn -0.998994 -0.006571 -0.044361
f 682//682 683//683 684//684
v 0.591972 1.637271 -1.752118 0.558547 0.558547 0.558547
vn -0.998994 -0.006572 -0.044360
v 0.598455 1.443920 -1.869487 0.558547 0.558547 0.558547
vn -0.998994 -0.006572 -0.044360
v 0.591848 1.627320 -1.747856 0.558547 0.558547 0.558547
vn -0.998994 -0.006572 -0.044360
f 685//685 686//686 687//687
v 0.322603 1.299599 -2.037433 0.558547 0.558547 0.558547
vn -0.048002 0.692519 0.719801
v 0.000000 1.293469 -2.053049 0.558547 0.558547 0.558547
vn -0.048002 0.692519 0.719801
v 0.000000 1.285737 -2.045611 0.558547 0.558547 0.558547
vn -0.048002 0.692519 0.719801
f 688//688 689//689 690//690
v 0.322603 1.299599 -2.037433 0.558547 0.558547 0.558547
vn -0.048009 0.692918 0.719417
v 0.000000 1.285737 -2.045611 0.558547 0.558547 0.558547
vn -0.048009 0.692918 0.719417
v 0.322480 1.291867 -2.029994 0.558547 0.558547 0.558547
vn -0.048009 0.692918 0.719417
f 691//691 692//692 693//693
v 0.000000 1.700511 -1.742453 0.558547 0.558547 0.558547
vn 0.000000 -0.363765 -0.931491
v 0.328896 1.700511 -1.742453 0.558547 0.558547 0.558547
vn 0.000000 -0.363765 -0.931491
v 0.328773 1.690421 -1.738513 0.558547 0.558547 0.558547
vn 0.000000 -0.363765 -0.931491
f 694//694 695//695 696//696
v 0.000000 1.700511 -1.742453 0.558547 0.558547 0.558547
vn 0.000000 -0.363765 -0.931491
v 0.328773 1.690421 -1.738513 0.558547 0.558547 0.558547
vn 0.000000 -0.363765 -0.931491
v 0.000000 1.690421 -1.738513 0.558547 0.558547 0.558547
vn 0.000000 -0.363765 -0.931491
f 697//697 698//698 699//699
v 0.610549 1.303270 -1.969361 0.558547 0.558547 0.558547
vn -0.176086 0.683947 0.707962
v 0.322603 1.299599 -2.037433 0.558547 0.558547 0.558547
vn -0.176086 0.683947 0.707962
v 0.322480 1.291867 -2.029994 0.558547 0.558547 0.558547
vn -0.176086 0.683947 0.707962
f 700//700 701//701 702//702
v 0.610549 1.303270 -1.969361 0.558547 0.558547 0.558547
vn -0.176122 0.683711 0.708181
v 0.322480 1.291867 -2.029994 0.558547 0.558547 0.558547
vn -0.176122 0.683711 0.708181
v 0.610445 1.295538 -1.961922 0.558547 0.558547 0.558547
vn -0.176122 0.683711 0.708181
f 703//703 704//704 705//705
v 0.607191 1.653180 -1.721950 0.558547 0.558547 0.558547
vn 0.722608 -0.691258 0.000000
v 0.591972 1.637271 -1.752118 0.558547 0.558547 0.558547
vn 0.722608 -0.691258 0.000000
v 0.591972 1.637271 -1.779021 0.558547 0.558547 0.558547
vn 0.722608 -0.691258 0.000000
f 706//706 707//707 708//708
v 0.607191 1.653180 -1.721950 0.558547 0.558547 0.558547
vn 0.722608 -0.691258 0.000000
v 0.591972 1.637271 -1.779021 0.558547 0.558547 0.558547
vn 0.722608 -0.691258 0.000000
v 0.607191 1.653180 -1.779021 0.558547 0.558547 0.558547
vn 0.722608 -0.691258 0.000000
f 709//709 710//710 711//711
v 0.629958 1.457462 -1.863260 0.558547 0.558547 0.558547
vn 0.289739 0.517533 -0.805115
v 0.640267 1.304321 -1.957991 0.558547 0.558547 0.558547
vn 0.289739 0.517533 -0.805115
v 0.610549 1.303270 -1.969361 0.558547 0.558547 0.558547
vn 0.289739 0.517533 -0.805115
f 712//712 713//713 714//714
v 0.629958 1.457462 -1.863260 0.558547 0.558547 0.558547
vn 0.211903 0.535752 -0.817353
v 0.610549 1.303270 -1.969361 0.558547 0.558547 0.558547
vn 0.211903 0.535752 -0.817353
v 0.598579 1.453872 -1.873749 0.558547 0.558547 0.558547
vn 0.211903 0.535752 -0.817353
f 715//715 716//716 717//717
v 0.610549 1.303270 -1.969361 0.558547 0.558547 0.558547
vn 0.301623 0.466569 -0.831467
v 0.640267 1.304321 -1.957991 0.558547 0.558547 0.558547
vn 0.301623 0.466569 -0.831467
v 0.642160 1.241784 -1.992396 0.558547 0.558547 0.558547
vn 0.301623 0.466569 -0.831467
f 718//718 719//719 720//720
v 0.734992 1.299282 -1.512382 0.558547 0.558547 0.558547
vn 0.960819 0.189691 -0.202100
v 0.640267 1.304321 -1.957991 0.558547 0.558547 0.558547
vn 0.960819 0.189691 -0.202100
v 0.629958 1.457462 -1.863260 0.558547 0.558547 0.558547
vn 0.960819 0.189691 -0.202100
f 721//721 722//722 723//723
v 0.734992 1.299282 -1.512382 0.558547 0.558547 0.558547
vn 0.961496 0.182331 -0.205622
v 0.629958 1.457462 -1.863260 0.558547 0.558547 0.558547
vn 0.961496 0.182331 -0.205622
v 0.684331 1.429570 -1.633743 0.558547 0.558547 0.558547
vn 0.961496 0.182331 -0.205622
f 724//724 725//725 726//726
v 0.785476 0.688173 2.067083 0.558547 0.558547 0.558547
vn 0.757957 0.021375 0.651954
v 0.717580 0.630644 2.147905 0.558547 0.558547 0.558547
vn 0.757957 0.021375 0.651954
v 0.712239 0.369727 2.162668 0.558547 0.558547 0.558547
vn 0.757957 0.021375 0.651954
f 727//727 728//728 729//729
v 0.785476 0.688173 2.067083 0.558547 0.558547 0.558547
vn 0.929799 -0.108242 0.351793
v 0.712239 0.369727 2.162668 0.558547 0.558547 0.558547
vn 0.929799 -0.108242 0.351793
v 0.769200 0.371631 2.012706 0.558547 0.558547 0.558547
vn 0.929799 -0.108242 0.351793
f 730//730 731//731 732//732
v 0.846560 0.632926 1.877465 0.558547 0.558547 0.558547
vn 0.873615 0.042461 0.484762
v 0.854275 0.863089 1.843401 0.558547 0.558547 0.558547
vn 0.873615 0.042461 0.484762
v 0.757418 0.765649 2.026487 0.558547 0.558547 0.558547
vn 0.873615 0.042461 0.484762
f 733//733 734//734 735//735
v 0.846560 0.632926 1.877465 0.558547 0.558547 0.558547
vn 0.895325 0.412409 0.168261
v 0.757418 0.765649 2.026487 0.558547 0.558547 0.558547
vn 0.895325 0.412409 0.168261
v 0.785476 0.688173 2.067083 0.558547 0.558547 0.558547
vn 0.895325 0.412409 0.168261
f 736//736 737//737 738//738
v 0.846560 0.632926 1.877465 0.558547 0.558547 0.558547
vn 0.937173 -0.105322 0.332588
v 0.785476 0.688173 2.067083 0.558547 0.558547 0.558547
vn 0.937173 -0.105322 0.332588
v 0.769200 0.371631 2.012706 0.558547 0.558547 0.558547
vn 0.937173 -0.105322 0.332588
f 739//739 740//740 741//741
v 0.846560 0.632926 1.877465 0.558547 0.558547 0.558547
vn 0.817200 0.055004 0.573724
v 0.769200 0.371631 2.012706 0.558547 0.558547 0.558547
vn 0.817200 0.055004 0.573724
v 0.836028 0.374412 1.917250 0.558547 0.558547 0.558547
vn 0.817200 0.055004 0.573724
f 742//742 743//743 744//744
v 0.597057 0.411803 -1.707786 0.558547 0.558547 0.558547
vn 0.998395 -0.039860 -0.040242
v 0.599210 0.455411 -1.697554 0.558547 0.558547 0.558547
vn 0.998395 -0.039860 -0.040242
v 0.617812 0.407183 -1.188285 0.558547 0.558547 0.558547
vn 0.998395 -0.039860 -0.040242
f 745//745 746//746 747//747
v 0.597057 0.411803 -1.707786 0.558547 0.558547 0.558547
vn 0.998011 -0.048465 -0.040303
v 0.617812 0.407183 -1.188285 0.558547 0.558547 0.558547
vn 0.998011 -0.048465 -0.040303
v 0.614878 0.352343 -1.194987 0.558547 0.558547 0.558547
vn 0.998011 -0.048465 -0.040303
f 748//748 749//749 750//750
v 0.614878 0.352343 -1.194987 0.558547 0.558547 0.558547
vn 0.995191 -0.042451 -0.088275
v 0.617812 0.407183 -1.188285 0.558547 0.558547 0.558547
vn 0.995191 -0.042451 -0.088275
v 0.634479 0.376862 -0.985799 0.558547 0.558547 0.558547
vn 0.995191 -0.042451 -0.088275
f 751//751 752//752 753//753
v 0.614878 0.352343 -1.194987 0.558547 0.558547 0.558547
vn 0.995697 -0.011332 -0.091970
v 0.634479 0.376862 -0.985799 0.558547 0.558547 0.558547
vn 0.995697 -0.011332 -0.091970
v 0.633558 0.320325 -0.988804 0.558547 0.558547 0.558547
vn 0.995697 -0.011332 -0.091970
f 754//754 755//755 756//756
v 0.588825 0.419295 -1.796689 0.558547 0.558547 0.558547
vn 0.995176 -0.038572 -0.090202
v 0.590577 0.457379 -1.793645 0.558547 0.558547 0.558547
vn 0.995176 -0.038572 -0.090202
v 0.599210 0.455411 -1.697554 0.558547 0.558547 0.558547
vn 0.995176 -0.038572 -0.090202
f 757//757 758//758 759//759
v 0.588825 0.419295 -1.796689 0.558547 0.558547 0.558547
vn 0.995166 -0.026988 -0.094421
v 0.599210 0.455411 -1.697554 0.558547 0.558547 0.558547
vn 0.995166 -0.026988 -0.094421
v 0.597057 0.411803 -1.707786 0.558547 0.558547 0.558547
vn 0.995166 -0.026988 -0.094421
f 760//760 761//761 762//762
v 0.894190 0.577403 -1.040577 0.558547 0.558547 0.558547
vn 0.032267 -0.302035 -0.952751
v 0.894190 0.385104 -0.979616 0.558547 0.558547 0.558547
vn 0.032267 -0.302035 -0.952751
v 0.634479 0.376862 -0.985799 0.558547 0.558547 0.558547
vn 0.032267 -0.302035 -0.952751
f 763//763 764//764 765//765
v 0.894190 0.577403 -1.040577 0.558547 0.558547 0.558547
vn 0.022784 -0.290783 -0.956518
v 0.634479 0.376862 -0.985799 0.558547 0.558547 0.558547
vn 0.022784 -0.290783 -0.956518
v 0.638434 0.576761 -1.046474 0.558547 0.558547 0.558547
vn 0.022784 -0.290783 -0.956518
f 766//766 767//767 768//768
v 0.747448 0.598352 -1.974103 0.558547 0.558547 0.558547
vn 0.905012 0.090566 -0.415633
v 0.818039 0.558133 -1.829160 0.558547 0.558547 0.558547
vn 0.905012 0.090566 -0.415633
v 0.818039 0.463987 -1.849675 0.558547 0.558547 0.558547
vn 0.905012 0.090566 -0.415633
f 769//769 770//770 771//771
v 0.747448 0.598352 -1.974103 0.558547 0.558547 0.558547
vn 0.869778 0.000000 -0.493443
v 0.818039 0.463987 -1.849675 0.558547 0.558547 0.558547
vn 0.869778 0.000000 -0.493443
v 0.747448 0.489597 -1.974103 0.558547 0.558547 0.558547
vn 0.869778 0.000000 -0.493443
f 772//772 773//773 774//774
v 0.606066 0.299741 1.851669 0.558547 0.558547 0.558547
vn 0.997206 -0.010962 0.073886
v 0.662930 0.299741 1.084208 0.558547 0.558547 0.558547
vn 0.997206 -0.010962 0.073886
v 0.662930 0.367435 1.094251 0.558547 0.558547 0.558547
vn 0.997206 -0.010962 0.073886
f 775//775 776//776 777//777
v 0.606066 0.299741 1.851669 0.558547 0.558547 0.558547
vn 0.997084 -0.022861 0.072814
v 0.662930 0.367435 1.094251 0.558547 0.558547 0.558547
vn 0.997084 -0.022861 0.072814
v 0.608126 0.367435 1.844719 0.558547 0.558547 0.558547
vn 0.997084 -0.022861 0.072814
f 778//778 779//779 780//780
v 0.851566 0.595986 1.810621 0.558547 0.558547 0.558547
vn 0.000000 -0.147559 -0.989053
v 0.842721 0.367435 1.844719 0.558547 0.558547 0.558547
vn 0.000000 -0.147559 -0.989053
v 0.608126 0.367435 1.844719 0.558547 0.558547 0.558547
vn 0.000000 -0.147559 -0.989053
f 781//781 782//782 783//783
v 0.851566 0.595986 1.810621 0.558547 0.558547 0.558547
vn 0.000000 -0.147559 -0.989053
v 0.608126 0.367435 1.844719 0.558547 0.558547 0.558547
vn 0.000000 -0.147559 -0.989053
v 0.616972 0.595986 1.810621 0.558547 0.558547 0.558547
vn 0.000000 -0.147559 -0.989053
f 784//784 785//785 786//786
v 0.846560 0.632926 1.877465 0.558547 0.558547 0.558547
vn 0.995200 -0.026025 0.094336
v 0.836028 0.374412 1.917250 0.558547 0.558547 0.558547
vn 0.995200 -0.026025 0.094336
v 0.842721 0.367435 1.844719 0.558547 0.558547 0.558547
vn 0.995200 -0.026025 0.094336
f 787//787 788//788 789//789
v 0.846560 0.632926 1.877465 0.558547 0.558547 0.558547
vn 0.995748 -0.025323 0.088574
v 0.842721 0.367435 1.844719 0.558547 0.558547 0.558547
vn 0.995748 -0.025323 0.088574
v 0.851566 0.595986 1.810621 0.558547 0.558547 0.558547
vn 0.995748 -0.025323 0.088574
f 790//790 791//791 792//792
v 0.894190 0.577403 -1.040577 0.558547 0.558547 0.558547
vn 0.096794 -0.551236 -0.828716
v 0.894190 0.699858 -1.122031 0.558547 0.558547 0.558547
vn 0.096794 -0.551236 -0.828716
v 0.905881 0.702951 -1.122722 0.558547 0.558547 0.558547
vn 0.096794 -0.551236 -0.828716
f 793//793 794//794 795//795
v 0.894190 0.577403 -1.040577 0.558547 0.558547 0.558547
vn 0.096714 -0.551235 -0.828726
v 0.905881 0.702951 -1.122722 0.558547 0.558547 0.558547
vn 0.096714 -0.551235 -0.828726
v 0.905881 0.580496 -1.041270 0.558547 0.558547 0.558547
vn 0.096714 -0.551235 -0.828726
f 796//796 797//797 798//798
v 0.324709 0.598352 -2.301256 0.558547 0.558547 0.558547
vn 0.372836 0.000000 -0.927897
v 0.541706 0.598352 -2.214064 0.558547 0.558547 0.558547
vn 0.372836 0.000000 -0.927897
v 0.541706 0.507404 -2.214064 0.558547 0.558547 0.558547
vn 0.372836 0.000000 -0.927897
f 799//799 800//800 801//801
v 0.324709 0.598352 -2.301256 0.558547 0.558547 0.558547
vn 0.372836 0.000000 -0.927897
v 0.541706 0.507404 -2.214064 0.558547 0.558547 0.558547
vn 0.372836 0.000000 -0.927897
v 0.324709 0.507404 -2.301256 0.558547 0.558547 0.558547
vn 0.372836 0.000000 -0.927897
f 802//802 803//803 804//804
v 0.893457 0.626432 1.023117 0.558547 0.558547 0.558547
vn 0.987160 0.031119 -0.156675
v 0.901274 0.632926 1.073656 0.558547 0.558547 0.558547
vn 0.987160 0.031119 -0.156675
v 0.901274 0.374412 1.022310 0.558547 0.558547 0.558547
vn 0.987160 0.031119 -0.156675
f 805//805 806//806 807//807
v 0.893457 0.626432 1.023117 0.558547 0.558547 0.558547
vn 0.996080 0.031159 -0.082783
v 0.901274 0.374412 1.022310 0.558547 0.558547 0.558547
vn 0.996080 0.031159 -0.082783
v 0.893457 0.367624 0.925704 0.558547 0.558547 0.558547
vn 0.996080 0.031159 -0.082783
f 808//808 809//809 810//810
v 0.901274 0.368850 -0.175673 0.558547 0.558547 0.558547
vn -0.050429 0.194346 -0.979636
v 0.901274 0.632926 -0.123284 0.558547 0.558547 0.558547
vn -0.050429 0.194346 -0.979636
v 0.918412 0.637401 -0.123279 0.558547 0.558547 0.558547
vn -0.050429 0.194346 -0.979636
f 811//811 812//812 813//813
v 0.901274 0.368850 -0.175673 0.558547 0.558547 0.558547
vn -0.050356 0.194342 -0.979640
v 0.918412 0.637401 -0.123279 0.558547 0.558547 0.558547
vn -0.050356 0.194342 -0.979640
v 0.915639 0.368763 -0.176429 0.558547 0.558547 0.558547
vn -0.050356 0.194342 -0.979640
f 814//814 815//815 816//816
v 0.901274 0.632926 0.278788 0.558547 0.558547 0.558547
vn 0.999937 -0.003939 0.010466
v 0.893457 0.626432 1.023117 0.558547 0.558547 0.558547
vn 0.999937 -0.003939 0.010466
v 0.893457 0.367624 0.925704 0.558547 0.558547 0.558547
vn 0.999937 -0.003939 0.010466
f 817//817 818//818 819//819
v 0.901274 0.632926 0.278788 0.558547 0.558547 0.558547
vn 0.999936 -0.002571 0.011027
v 0.893457 0.367624 0.925704 0.558547 0.558547 0.558547
vn 0.999936 -0.002571 0.011027
v 0.901274 0.368850 0.217211 0.558547 0.558547 0.558547
vn 0.999936 -0.002571 0.011027
f 820//820 821//821 822//822
v 0.000000 0.598352 -2.337159 0.558547 0.558547 0.558547
vn 0.109901 0.000000 -0.993943
v 0.324709 0.598352 -2.301256 0.558547 0.558547 0.558547
vn 0.109901 0.000000 -0.993943
v 0.324709 0.507404 -2.301256 0.558547 0.558547 0.558547
vn 0.109901 0.000000 -0.993943
f 823//823 824//824 825//825
v 0.000000 0.598352 -2.337159 0.558547 0.558547 0.558547
vn 0.109901 0.000000 -0.993943
v 0.324709 0.507404 -2.301256 0.558547 0.558547 0.558547
vn 0.109901 0.000000 -0.993943
v 0.000000 0.507404 -2.337159 0.558547 0.558547 0.558547
vn 0.109901 0.000000 -0.993943
f 826//826 827//827 828//828
v 0.901274 0.632926 -0.819584 0.558547 0.558547 0.558547
vn 1.000000 0.000000 0.000000
v 0.901274 0.632926 -0.123284 0.558547 0.558547 0.558547
vn 1.000000 0.000000 0.000000
v 0.901274 0.368850 -0.175673 0.558547 0.558547 0.558547
vn 1.000000 0.000000 0.000000
f 829//829 830//830 831//831
v 0.901274 0.632926 -0.819584 0.558547 0.558547 0.558547
vn 1.000000 0.000000 0.000000
v 0.901274 0.368850 -0.175673 0.558547 0.558547 0.558547
vn 1.000000 0.000000 0.000000
v 0.901274 0.368850 -0.795164 0.558547 0.558547 0.558547
vn 1.000000 0.000000 0.000000
f 832//832 833//833 834//834
v 0.881820 0.913526 -1.394699 0.558547 0.558547 0.558547
vn -0.060666 0.005678 -0.998142
v 0.789257 1.187076 -1.387517 0.558547 0.558547 0.558547
vn -0.060666 0.005678 -0.998142
v 0.800948 1.190167 -1.388210 0.558547 0.558547 0.558547
vn -0.060666 0.005678 -0.998142
f 835//835 836//836 837//837
v 0.881820 0.913526 -1.394699 0.558547 0.558547 0.558547
vn -0.060573 0.005705 -0.998147
v 0.800948 1.190167 -1.388210 0.558547 0.558547 0.558547
vn -0.060573 0.005705 -0.998147
v 0.893512 0.916619 -1.395391 0.558547 0.558547 0.558547
vn -0.060573 0.005705 -0.998147
f 838//838 839//839 840//840
v 0.541706 0.598352 -2.214064 0.558547 0.558547 0.558547
vn 0.759161 0.000000 -0.650903
v 0.747448 0.598352 -1.974103 0.558547 0.558547 0.558547
vn 0.759161 0.000000 -0.650903
v 0.747448 0.489597 -1.974103 0.558547 0.558547 0.558547
vn 0.759161 0.000000 -0.650903
f 841//841 842//842 843//843
v 0.541706 0.598352 -2.214064 0.558547 0.558547 0.558547
vn 0.759161 0.000000 -0.650903
v 0.747448 0.489597 -1.974103 0.558547 0.558547 0.558547
vn 0.759161 0.000000 -0.650903
v 0.541706 0.507404 -2.214064 0.558547 0.558547 0.558547
vn 0.759161 0.000000 -0.650903
f 844//844 845//845 846//846
v 0.000000 1.159995 1.329894 0.558547 0.558547 0.558547
vn -0.006136 0.996121 0.087779
v 0.396669 1.163904 1.313255 0.558547 0.558547 0.558547
vn -0.006136 0.996121 0.087779
v 0.419157 1.180533 1.126128 0.558547 0.558547 0.558547
vn -0.006136 0.996121 0.087779
f 847//847 848//848 849//849
v 0.000000 1.159995 1.329894 0.558547 0.558547 0.558547
vn 0.001912 0.994557 0.104177
v 0.419157 1.180533 1.126128 0.558547 0.558547 0.558547
vn 0.001912 0.994557 0.104177
v 0.000000 1.180533 1.133821 0.558547 0.558547 0.558547
vn 0.001912 0.994557 0.104177
f 850//850 851//851 852//852
v 0.000000 0.966979 2.134037 0.558547 0.558547 0.558547
vn -0.007428 0.942621 0.333783
v 0.302734 0.969365 2.134037 0.558547 0.558547 0.558547
vn -0.007428 0.942621 0.333783
v 0.324709 1.083283 1.812816 0.558547 0.558547 0.558547
vn -0.007428 0.942621 0.333783
f 853//853 854//854 855//855
v 0.000000 0.966979 2.134037 0.558547 0.558547 0.558547
vn 0.051151 0.921371 0.385304
v 0.324709 1.083283 1.812816 0.558547 0.558547 0.558547
vn 0.051151 0.921371 0.385304
v 0.000000 1.092032 1.835001 0.558547 0.558547 0.558547
vn 0.051151 0.921371 0.385304
f 856//856 857//857 858//858
v 0.712239 0.369727 2.162668 0.558547 0.558547 0.558547
vn 0.681753 0.027411 0.731069
v 0.717580 0.630644 2.147905 0.558547 0.558547 0.558547
vn 0.681753 0.027411 0.731069
v 0.624685 0.630447 2.234541 0.558547 0.558547 0.558547
vn 0.681753 0.027411 0.731069
f 859//859 860//860 861//861
v 0.712239 0.369727 2.162668 0.558547 0.558547 0.558547
vn 0.670031 0.020447 0.742052
v 0.624685 0.630447 2.234541 0.558547 0.558547 0.558547
vn 0.670031 0.020447 0.742052
v 0.618552 0.368850 2.247287 0.558547 0.558547 0.558547
vn 0.670031 0.020447 0.742052
f 862//862 863//863 864//864
v 0.794471 1.098975 0.984632 0.558547 0.558547 0.558547
vn -0.914999 0.000000 0.403456
v 0.794471 1.138552 0.984632 0.558547 0.558547 0.558547
vn -0.914999 0.000000 0.403456
v 0.782330 1.138552 0.957099 0.558547 0.558547 0.558547
vn -0.914999 0.000000 0.403456
f 865//865 866//866 867//867
v 0.794471 1.098975 0.984632 0.558547 0.558547 0.558547
vn -0.914999 0.000000 0.403456
v 0.782330 1.138552 0.957099 0.558547 0.558547 0.558547
vn -0.914999 0.000000 0.403456
v 0.782330 1.098975 0.957099 0.558547 0.558547 0.558547
vn -0.914999 0.000000 0.403456
f 868//868 869//869 870//870
v 0.821083 1.098975 0.925166 0.558547 0.558547 0.558547
vn -0.997838 0.000000 -0.065718
v 0.821083 1.138552 0.925166 0.558547 0.558547 0.558547
vn -0.997838 0.000000 -0.065718
v 0.824126 1.149078 0.878969 0.558547 0.558547 0.558547
vn -0.997838 0.000000 -0.065718
f 871//871 872//872 873//873
v 0.821083 1.098975 0.925166 0.558547 0.558547 0.558547
vn -0.997838 0.000000 -0.065718
v 0.824126 1.149078 0.878969 0.558547 0.558547 0.558547
vn -0.997838 0.000000 -0.065718
v 0.824126 1.088451 0.878969 0.558547 0.558547 0.558547
vn -0.997838 0.000000 -0.065718
f 874//874 875//875 876//876
v 0.919787 1.149078 0.887695 0.558547 0.558547 0.558547
vn 0.837488 0.041401 0.544885
v 0.990000 1.149078 0.779778 0.558547 0.558547 0.558547
vn 0.837488 0.041401 0.544885
v 0.969259 1.209283 0.807082 0.558547 0.558547 0.558547
vn 0.837488 0.041401 0.544885
f 877//877 878//878 879//879
v 0.919787 1.149078 0.887695 0.558547 0.558547 0.558547
vn 0.852300 0.000000 0.523054
v 0.969259 1.209283 0.807082 0.558547 0.558547 0.558547
vn 0.852300 0.000000 0.523054
v 0.919787 1.219052 0.887695 0.558547 0.558547 0.558547
vn 0.852300 0.000000 0.523054
f 880//880 881//881 882//882
v 0.833224 1.098975 0.952699 0.558547 0.558547 0.558547
vn 0.635927 0.000000 0.771749
v 0.833224 1.138552 0.952699 0.558547 0.558547 0.558547
vn 0.635927 0.000000 0.771749
v 0.794471 1.138552 0.984632 0.558547 0.558547 0.558547
vn 0.635927 0.000000 0.771749
f 883//883 884//884 885//885
v 0.833224 1.098975 0.952699 0.558547 0.558547 0.558547
vn 0.635927 0.000000 0.771749
v 0.794471 1.138552 0.984632 0.558547 0.558547 0.558547
vn 0.635927 0.000000 0.771749
v 0.794471 1.098975 0.984632 0.558547 0.558547 0.558547
vn 0.635927 0.000000 0.771749
f 886//886 887//887 888//888
v 0.821083 1.098975 0.925166 0.558547 0.558547 0.558547
vn -0.374376 -0.909149 0.182457
v 0.824126 1.088451 0.878969 0.558547 0.558547 0.558547
vn -0.374376 -0.909149 0.182457
v 0.856480 1.088451 0.945354 0.558547 0.558547 0.558547
vn -0.374376 -0.909149 0.182457
f 889//889 890//890 891//891
v 0.821083 1.098975 0.925166 0.558547 0.558547 0.558547
vn -0.364366 -0.917292 0.160662
v 0.856480 1.088451 0.945354 0.558547 0.558547 0.558547
vn -0.364366 -0.917292 0.160662
v 0.833224 1.098975 0.952699 0.558547 0.558547 0.558547
vn -0.364366 -0.917292 0.160662
f 892//892 893//893 894//894
v 0.821083 1.138552 0.925166 0.558547 0.558547 0.558547
vn 0.000000 1.000000 0.000000
v 0.782330 1.138552 0.957099 0.558547 0.558547 0.558547
vn 0.000000 1.000000 0.000000
v 0.794471 1.138552 0.984632 0.558547 0.558547 0.558547
vn 0.000000 1.000000 0.000000
f 895//895 896//896 897//897
v 0.821083 1.138552 0.925166 0.558547 0.558547 0.558547
vn 0.000000 1.000000 0.000000
v 0.794471 1.138552 0.984632 0.558547 0.558547 0.558547
vn 0.000000 1.000000 0.000000
v 0.833224 1.138552 0.952699 0.558547 0.558547 0.558547
vn 0.000000 1.000000 0.000000
f 898//898 899//899 900//900
v 0.924300 1.088451 0.755527 0.558547 0.558547 0.558547
vn 0.683703 -0.548266 -0.481617
v 0.949525 1.149078 0.722319 0.558547 0.558547 0.558547
vn 0.683703 -0.548266 -0.481617
v 0.990000 1.149078 0.779778 0.558547 0.558547 0.558547
vn 0.683703 -0.548266 -0.481617
f 901//901 902//902 903//903
v 0.924300 1.088451 0.755527 0.558547 0.558547 0.558547
vn 0.683705 -0.548272 -0.481607
v 0.990000 1.149078 0.779778 0.558547 0.558547 0.558547
vn 0.683705 -0.548272 -0.481607
v 0.964774 1.088451 0.812985 0.558547 0.558547 0.558547
vn 0.683705 -0.548272 -0.481607
f 904//904 905//905 906//906
v 0.887434 1.088451 0.821310 0.558547 0.558547 0.558547
vn -0.847145 0.000000 -0.531362
v 0.887434 1.149078 0.821310 0.558547 0.558547 0.558547
vn -0.847145 0.000000 -0.531362
v 0.949525 1.149078 0.722319 0.558547 0.558547 0.558547
vn -0.847145 0.000000 -0.531362
f 907//907 908//908 909//909
v 0.887434 1.088451 0.821310 0.558547 0.558547 0.558547
vn -0.868426 0.094748 -0.486682
v 0.949525 1.149078 0.722319 0.558547 0.558547 0.558547
vn -0.868426 0.094748 -0.486682
v 0.924300 1.088451 0.755527 0.558547 0.558547 0.558547
vn -0.868426 0.094748 -0.486682
f 910//910 911//911 912//912
v 0.919787 1.149078 0.887695 0.558547 0.558547 0.558547
vn 0.856675 0.000000 0.515856
v 0.919787 1.088451 0.887695 0.558547 0.558547 0.558547
vn 0.856675 0.000000 0.515856
v 0.964774 1.088451 0.812985 0.558547 0.558547 0.558547
vn 0.856675 0.000000 0.515856
f 913//913 914//914 915//915
v 0.919787 1.149078 0.887695 0.558547 0.558547 0.558547
vn 0.837159 -0.049989 0.544670
v 0.964774 1.088451 0.812985 0.558547 0.558547 0.558547
vn 0.837159 -0.049989 0.544670
v 0.990000 1.149078 0.779778 0.558547 0.558547 0.558547
vn 0.837159 -0.049989 0.544670
f 916//916 917//917 918//918
v 0.919787 1.088451 0.887695 0.558547 0.558547 0.558547
vn 0.000000 -1.000000 0.000000
v 0.887434 1.088451 0.821310 0.558547 0.558547 0.558547
vn 0.000000 -1.000000 0.000000
v 0.924300 1.088451 0.755527 0.558547 0.558547 0.558547
vn 0.000000 -1.000000 0.000000
f 919//919 920//920 921//921
v 0.919787 1.088451 0.887695 0.558547 0.558547 0.558547
vn 0.000000 -1.000000 0.000000
v 0.924300 1.088451 0.755527 0.558547 0.558547 0.558547
vn 0.000000 -1.000000 0.000000
v 0.964774 1.088451 0.812985 0.558547 0.558547 0.558547
vn 0.000000 -1.000000 0.000000
f 922//922 923//923 924//924
v 0.887434 1.219052 0.821310 0.558547 0.558547 0.558547
vn 0.109253 0.992587 -0.053245
v 0.919787 1.219052 0.887695 0.558547 0.558547 0.558547
vn 0.109253 0.992587 -0.053245
v 0.969259 1.209283 0.807082 0.558547 0.558547 0.558547
vn 0.109253 0.992587 -0.053245
f 925//925 926//926 927//927
v 0.887434 1.219052 0.821310 0.558547 0.558547 0.558547
vn 0.105479 0.991642 -0.074302
v 0.969259 1.209283 0.807082 0.558547 0.558547 0.558547
vn 0.105479 0.991642 -0.074302
v 0.928784 1.209283 0.749623 0.558547 0.558547 0.558547
vn 0.105479 0.991642 -0.074302
f 928//928 929//929 930//930
v 0.990000 1.149078 0.779778 0.558547 0.558547 0.558547
vn 0.718502 0.477061 -0.506130
v 0.949525 1.149078 0.722319 0.558547 0.558547 0.558547
vn 0.718502 0.477061 -0.506130
v 0.928784 1.209283 0.749623 0.558547 0.558547 0.558547
vn 0.718502 0.477061 -0.506130
f 931//931 932//932 933//933
v 0.990000 1.149078 0.779778 0.558547 0.558547 0.558547
vn 0.718502 0.477061 -0.506130
v 0.928784 1.209283 0.749623 0.558547 0.558547 0.558547
vn 0.718502 0.477061 -0.506130
v 0.969259 1.209283 0.807082 0.558547 0.558547 0.558547
vn 0.718502 0.477061 -0.506130
f 934//934 935//935 936//936
v 0.856480 1.149078 0.945354 0.558547 0.558547 0.558547
vn 0.673357 0.000000 0.739318
v 0.919787 1.149078 0.887695 0.558547 0.558547 0.558547
vn 0.673357 0.000000 0.739318
v 0.919787 1.219052 0.887695 0.558547 0.558547 0.558547
vn 0.673357 0.000000 0.739318
f 937//937 938//938 939//939
v 0.856480 1.149078 0.945354 0.558547 0.558547 0.558547
vn 0.673354 0.000005 0.739320
v 0.919787 1.219052 0.887695 0.558547 0.558547 0.558547
vn 0.673354 0.000005 0.739320
v 0.870274 1.226692 0.932790 0.558547 0.558547 0.558547
vn 0.673354 0.000005 0.739320
f 940//940 941//941 942//942
v 0.856480 1.149078 0.945354 0.558547 0.558547 0.558547
vn 0.673370 0.000000 0.739306
v 0.870274 1.226692 0.932790 0.558547 0.558547 0.558547
vn 0.673370 0.000000 0.739306
v 0.856480 1.205602 0.945354 0.558547 0.558547 0.558547
vn 0.673370 0.000000 0.739306
f 943//943 944//944 945//945
v 0.824126 1.149078 0.878969 0.558547 0.558547 0.558547
vn -0.898924 0.000000 0.438104
v 0.856480 1.149078 0.945354 0.558547 0.558547 0.558547
vn -0.898924 0.000000 0.438104
v 0.856480 1.205602 0.945354 0.558547 0.558547 0.558547
vn -0.898924 0.000000 0.438104
f 946//946 947//947 948//948
v 0.824126 1.149078 0.878969 0.558547 0.558547 0.558547
vn -0.898924 0.000000 0.438104
v 0.856480 1.205602 0.945354 0.558547 0.558547 0.558547
vn -0.898924 0.000000 0.438104
v 0.824126 1.205602 0.878969 0.558547 0.558547 0.558547
vn -0.898924 0.000000 0.438104
f 949//949 950//950 951//951
v 0.949525 1.149078 0.722319 0.558547 0.558547 0.558547
vn -0.847145 0.000000 -0.531362
v 0.887434 1.149078 0.821310 0.558547 0.558547 0.558547
vn -0.847145 0.000000 -0.531362
v 0.887434 1.219052 0.821310 0.558547 0.558547 0.558547
vn -0.847145 0.000000 -0.531362
f 952//952 953//953 954//954
v 0.949525 1.149078 0.722319 0.558547 0.558547 0.558547
vn -0.868162 -0.076716 -0.490315
v 0.887434 1.219052 0.821310 0.558547 0.558547 0.558547
vn -0.868162 -0.076716 -0.490315
v 0.928784 1.209283 0.749623 0.558547 0.558547 0.558547
vn -0.868162 -0.076716 -0.490315
f 955//955 956//956 957//957
v 0.887434 1.149078 0.821310 0.558547 0.558547 0.558547
vn -0.673351 0.000000 -0.739323
v 0.824126 1.149078 0.878969 0.558547 0.558547 0.558547
vn -0.673351 0.000000 -0.739323
v 0.824126 1.205602 0.878969 0.558547 0.558547 0.558547
vn -0.673351 0.000000 -0.739323
f 958//958 959//959 960//960
v 0.887434 1.149078 0.821310 0.558547 0.558547 0.558547
vn -0.673349 0.000005 -0.739325
v 0.824126 1.205602 0.878969 0.558547 0.558547 0.558547
vn -0.673349 0.000005 -0.739325
v 0.837922 1.226692 0.866405 0.558547 0.558547 0.558547
vn -0.673349 0.000005 -0.739325
f 961//961 962//962 963//963
v 0.887434 1.149078 0.821310 0.558547 0.558547 0.558547
vn -0.673353 0.000000 -0.739321
v 0.837922 1.226692 0.866405 0.558547 0.558547 0.558547
vn -0.673353 0.000000 -0.739321
v 0.887434 1.219052 0.821310 0.558547 0.558547 0.558547
vn -0.673353 0.000000 -0.739321
f 964//964 965//965 966//966
v 0.856480 1.088451 0.945354 0.558547 0.558547 0.558547
vn 0.000000 -1.000000 0.000000
v 0.824126 1.088451 0.878969 0.558547 0.558547 0.558547
vn 0.000000 -1.000000 0.000000
v 0.887434 1.088451 0.821310 0.558547 0.558547 0.558547
vn 0.000000 -1.000000 0.000000
f 967//967 968//968 969//969
v 0.856480 1.088451 0.945354 0.558547 0.558547 0.558547
vn 0.000000 -1.000000 0.000000
v 0.887434 1.088451 0.821310 0.558547 0.558547 0.558547
vn 0.000000 -1.000000 0.000000
v 0.919787 1.088451 0.887695 0.558547 0.558547 0.558547
vn 0.000000 -1.000000 0.000000
f 970//970 971//971 972//972
v 0.856480 1.149078 0.945354 0.558547 0.558547 0.558547
vn 0.673357 0.000000 0.739318
v 0.856480 1.088451 0.945354 0.558547 0.558547 0.558547
vn 0.673357 0.000000 0.739318
v 0.919787 1.088451 0.887695 0.558547 0.558547 0.558547
vn 0.673357 0.000000 0.739318
f 973//973 974//974 975//975
v 0.856480 1.149078 0.945354 0.558547 0.558547 0.558547
vn 0.673357 0.000000 0.739318
v 0.919787 1.088451 0.887695 0.558547 0.558547 0.558547
vn 0.673357 0.000000 0.739318
v 0.919787 1.149078 0.887695 0.558547 0.558547 0.558547
vn 0.673357 0.000000 0.739318
f 976//976 977//977 978//978
v 0.824126 1.088451 0.878969 0.558547 0.558547 0.558547
vn -0.673351 0.000000 -0.739323
v 0.824126 1.149078 0.878969 0.558547 0.558547 0.558547
vn -0.673351 0.000000 -0.739323
v 0.887434 1.149078 0.821310 0.558547 0.558547 0.558547
vn -0.673351 0.000000 -0.739323
f 979//979 980//980 981//981
v 0.824126 1.088451 0.878969 0.558547 0.558547 0.558547
vn -0.673351 0.000000 -0.739323
v 0.887434 1.149078 0.821310 0.558547 0.558547 0.558547
vn -0.673351 0.000000 -0.739323
v 0.887434 1.088451 0.821310 0.558547 0.558547 0.558547
vn -0.673351 0.000000 -0.739323
f 982//982 983//983 984//984
v 0.824126 1.149078 0.878969 0.558547 0.558547 0.558547
vn -0.403490 0.897520 0.177913
v 0.821083 1.138552 0.925166 0.558547 0.558547 0.558547
vn -0.403490 0.897520 0.177913
v 0.833224 1.138552 0.952699 0.558547 0.558547 0.558547
vn -0.403490 0.897520 0.177913
f 985//985 986//986 987//987
v 0.824126 1.149078 0.878969 0.558547 0.558547 0.558547
vn -0.359486 0.916556 0.175201
v 0.833224 1.138552 0.952699 0.558547 0.558547 0.558547
vn -0.359486 0.916556 0.175201
v 0.856480 1.149078 0.945354 0.558547 0.558547 0.558547
vn -0.359486 0.916556 0.175201
f 988//988 989//989 990//990
v 0.782330 1.098975 0.957099 0.558547 0.558547 0.558547
vn 0.000000 -1.000000 0.000000
v 0.821083 1.098975 0.925166 0.558547 0.558547 0.558547
vn 0.000000 -1.000000 0.000000
v 0.833224 1.098975 0.952699 0.558547 0.558547 0.558547
vn 0.000000 -1.000000 0.000000
f 991//991 992//992 993//993
v 0.782330 1.098975 0.957099 0.558547 0.558547 0.558547
vn 0.000000 -1.000000 0.000000
v 0.833224 1.098975 0.952699 0.558547 0.558547 0.558547
vn 0.000000 -1.000000 0.000000
v 0.794471 1.098975 0.984632 0.558547 0.558547 0.558547
vn 0.000000 -1.000000 0.000000
f 994//994 995//995 996//996
v 0.856480 1.088451 0.945354 0.558547 0.558547 0.558547
vn 0.301152 0.000000 0.953576
v 0.856480 1.149078 0.945354 0.558547 0.558547 0.558547
vn 0.301152 0.000000 0.953576
v 0.833224 1.138552 0.952699 0.558547 0.558547 0.558547
vn 0.301152 0.000000 0.953576
f 997//997 998//998 999//999
v 0.856480 1.088451 0.945354 0.558547 0.558547 0.558547
vn 0.301152 0.000000 0.953576
v 0.833224 1.138552 0.952699 0.558547 0.558547 0.558547
vn 0.301152 0.000000 0.953576
v 0.833224 1.098975 0.952699 0.558547 0.558547 0.558547
vn 0.301152 0.000000 0.953576
f 1000//1000 1001//1001 1002//1002
v 0.782330 1.098975 0.957099 0.558547 0.558547 0.558547
vn -0.635927 0.000000 -0.771749
v 0.782330 1.138552 0.957099 0.558547 0.558547 0.558547
vn -0.635927 0.000000 -0.771749
v 0.821083 1.138552 0.925166 0.558547 0.558547 0.558547
vn -0.635927 0.000000 -0.771749
f 1003//1003 1004//1004 1005//1005
v 0.782330 1.098975 0.957099 0.558547 0.558547 0.558547
vn -0.635927 0.000000 -0.771749
v 0.821083 1.138552 0.925166 0.558547 0.558547 0.558547
vn -0.635927 0.000000 -0.771749
v 0.821083 1.098975 0.925166 0.558547 0.558547 0.558547
vn -0.635927 0.000000 -0.771749
f 1006//1006 1007//1007 1008//1008
v 0.824126 1.205602 0.878969 0.558547 0.558547 0.558547
vn -0.685271 0.647196 0.333977
v 0.856480 1.205602 0.945354 0.558547 0.558547 0.558547
vn -0.685271 0.647196 0.333977
v 0.870274 1.226692 0.932790 0.558547 0.558547 0.558547
vn -0.685271 0.647196 0.333977
f 1009//1009 1010//1010 1011//1011
v 0.824126 1.205602 0.878969 0.558547 0.558547 0.558547
vn -0.685262 0.647213 0.333963
v 0.870274 1.226692 0.932790 0.558547 0.558547 0.558547
vn -0.685262 0.647213 0.333963
v 0.837922 1.226692 0.866405 0.558547 0.558547 0.558547
vn -0.685262 0.647213 0.333963
f 1012//1012 1013//1013 1014//1014
v 0.837922 1.226692 0.866405 0.558547 0.558547 0.558547
vn 0.106117 0.993008 -0.051716
v 0.870274 1.226692 0.932790 0.558547 0.558547 0.558547
vn 0.106117 0.993008 -0.051716
v 0.919787 1.219052 0.887695 0.558547 0.558547 0.558547
vn 0.106117 0.993008 -0.051716
f 1015//1015 1016//1016 1017//1017
v 0.837922 1.226692 0.866405 0.558547 0.558547 0.558547
vn 0.106117 0.993008 -0.051716
v 0.919787 1.219052 0.887695 0.558547 0.558547 0.558547
vn 0.106117 0.993008 -0.051716
v 0.887434 1.219052 0.821310 0.558547 0.558547 0.558547
vn 0.106117 0.993008 -0.051716
f 1018//1018 1019//1019 1020//1020
v 0.598579 1.453872 -1.873749 0.558547 0.558547 0.558547
vn -0.997412 -0.042419 -0.058049
v 0.610549 1.303270 -1.969361 0.558547 0.558547 0.558547
vn -0.997412 -0.042419 -0.058049
v 0.610445 1.295538 -1.961922 0.558547 0.558547 0.558547
vn -0.997412 -0.042419 -0.058049
f 1021//1021 1022//1022 1023//1023
v 0.598579 1.453872 -1.873749 0.558547 0.558547 0.558547
vn -0.995767 -0.025438 -0.088320
v 0.610445 1.295538 -1.961922 0.558547 0.558547 0.558547
vn -0.995767 -0.025438 -0.088320
v 0.598455 1.443920 -1.869487 0.558547 0.558547 0.558547
vn -0.995767 -0.025438 -0.088320
f 1024//1024 1025//1025 1026//1026
v 0.328896 1.700511 -1.742453 0.558547 0.558547 0.558547
vn -0.127077 -0.389205 -0.912344
v 0.591972 1.637271 -1.752118 0.558547 0.558547 0.558547
vn -0.127077 -0.389205 -0.912344
v 0.591848 1.627320 -1.747856 0.558547 0.558547 0.558547
vn -0.127077 -0.389205 -0.912344
f 1027//1027 1028//1028 1029//1029
v 0.328896 1.700511 -1.742453 0.558547 0.558547 0.558547
vn -0.119191 -0.359912 -0.925341
v 0.591848 1.627320 -1.747856 0.558547 0.558547 0.558547
vn -0.119191 -0.359912 -0.925341
v 0.328773 1.690421 -1.738513 0.558547 0.558547 0.558547
vn -0.119191 -0.359912 -0.925341
f 1030//1030 1031//1031 1032//1032
v 0.757418 0.765649 2.026487 0.558547 0.558547 0.558547
vn 0.920352 0.160239 0.356757
v 0.724607 0.981328 2.014260 0.558547 0.558547 0.558547
vn 0.920352 0.160239 0.356757
v 0.701702 0.860004 2.127841 0.558547 0.558547 0.558547
vn 0.920352 0.160239 0.356757
f 1033//1033 1034//1034 1035//1035
v 0.624685 0.630447 2.234541 0.558547 0.558547 0.558547
vn 0.258730 0.115309 0.959043
v 0.470713 0.631720 2.275926 0.558547 0.558547 0.558547
vn 0.258730 0.115309 0.959043
v 0.442400 0.368850 2.315170 0.558547 0.558547 0.558547
vn 0.258730 0.115309 0.959043
f 1036//1036 1037//1037 1038//1038
v 0.624685 0.630447 2.234541 0.558547 0.558547 0.558547
vn 0.359345 0.037009 0.932471
v 0.442400 0.368850 2.315170 0.558547 0.558547 0.558547
vn 0.359345 0.037009 0.932471
v 0.618552 0.368850 2.247287 0.558547 0.558547 0.558547
vn 0.359345 0.037009 0.932471
f 1039//1039 1040//1040 1041//1041
v 0.757418 0.765649 2.026487 0.558547 0.558547 0.558547
vn 0.639212 -0.355223 0.682074
v 0.701702 0.860004 2.127841 0.558547 0.558547 0.558547
vn 0.639212 -0.355223 0.682074
v 0.694879 0.849821 2.128932 0.558547 0.558547 0.558547
vn 0.639212 -0.355223 0.682074
f 1042//1042 1043//1043 1044//1044
v 0.757418 0.765649 2.026487 0.558547 0.558547 0.558547
vn 0.639186 -0.355253 0.682083
v 0.694879 0.849821 2.128932 0.558547 0.558547 0.558547
vn 0.639186 -0.355253 0.682083
v 0.745650 0.763837 2.036571 0.558547 0.558547 0.558547
vn 0.639186 -0.355253 0.682083
f 1045//1045 1046//1046 1047//1047
v 0.464115 0.802062 2.216121 0.558547 0.558547 0.558547
vn 0.513558 0.253367 0.819795
v 0.468271 0.650029 2.260505 0.558547 0.558547 0.558547
vn 0.513558 0.253367 0.819795
v 0.482159 0.654507 2.250421 0.558547 0.558547 0.558547
vn 0.513558 0.253367 0.819795
f 1048//1048 1049//1049 1050//1050
v 0.464115 0.802062 2.216121 0.558547 0.558547 0.558547
vn 0.485400 0.253838 0.836632
v 0.482159 0.654507 2.250421 0.558547 0.558547 0.558547
vn 0.485400 0.253838 0.836632
v 0.478371 0.797020 2.209380 0.558547 0.558547 0.558547
vn 0.485400 0.253838 0.836632
f 1051//1051 1052//1052 1053//1053
v 0.812157 1.187076 0.336669 0.558547 0.558547 0.558547
vn 0.931007 0.362394 0.043542
v 0.901274 0.963255 0.294006 0.558547 0.558547 0.558547
vn 0.931007 0.362394 0.043542
v 0.918412 0.969743 -0.126439 0.558547 0.558547 0.558547
vn 0.931007 0.362394 0.043542
f 1054//1054 1055//1055 1056//1056
v 0.812157 1.187076 0.336669 0.558547 0.558547 0.558547
vn 0.925895 0.376067 0.035952
v 0.918412 0.969743 -0.126439 0.558547 0.558547 0.558547
vn 0.925895 0.376067 0.035952
v 0.829296 1.191551 -0.151536 0.558547 0.558547 0.558547
vn 0.925895 0.376067 0.035952
f 1057//1057 1058//1058 1059//1059
v 0.901274 0.632926 0.278788 0.558547 0.558547 0.558547
vn 0.999299 -0.008504 0.036469
v 0.901274 0.368850 0.217211 0.558547 0.558547 0.558547
vn 0.999299 -0.008504 0.036469
v 0.915639 0.368763 -0.176429 0.558547 0.558547 0.558547
vn 0.999299 -0.008504 0.036469
f 1060//1060 1061//1061 1062//1062
v 0.901274 0.632926 0.278788 0.558547 0.558547 0.558547
vn 0.998927 -0.018696 0.042371
v 0.915639 0.368763 -0.176429 0.558547 0.558547 0.558547
vn 0.998927 -0.018696 0.042371
v 0.918412 0.637401 -0.123279 0.558547 0.558547 0.558547
vn 0.998927 -0.018696 0.042371
f 1063//1063 1064//1064 1065//1065
v 0.901274 0.965268 -0.126445 0.558547 0.558547 0.558547
vn 0.026944 -0.101695 -0.994451
v 0.812157 1.187076 -0.151543 0.558547 0.558547 0.558547
vn 0.026944 -0.101695 -0.994451
v 0.829296 1.191551 -0.151536 0.558547 0.558547 0.558547
vn 0.026944 -0.101695 -0.994451
f 1066//1066 1067//1067 1068//1068
v 0.901274 0.965268 -0.126445 0.558547 0.558547 0.558547
vn 0.026946 -0.101694 -0.994451
v 0.829296 1.191551 -0.151536 0.558547 0.558547 0.558547
vn 0.026946 -0.101694 -0.994451
v 0.918412 0.969743 -0.126439 0.558547 0.558547 0.558547
vn 0.026946 -0.101694 -0.994451
f 1069//1069 1070//1070 1071//1071
v 0.812157 1.187076 -0.151543 0.558547 0.558547 0.558547
vn -0.252645 0.967559 0.000000
v 0.812157 1.187076 0.336669 0.558547 0.558547 0.558547
vn -0.252645 0.967559 0.000000
v 0.829296 1.191551 -0.151536 0.558547 0.558547 0.558547
vn -0.252645 0.967559 0.000000
f 1072//1072 1073//1073 1074//1074
v 0.901274 0.963255 0.294006 0.558547 0.558547 0.558547
vn 0.999092 -0.001961 0.042565
v 0.901274 0.632926 0.278788 0.558547 0.558547 0.558547
vn 0.999092 -0.001961 0.042565
v 0.918412 0.637401 -0.123279 0.558547 0.558547 0.558547
vn 0.999092 -0.001961 0.042565
f 1075//1075 1076//1076 1077//1077
v 0.901274 0.963255 0.294006 0.558547 0.558547 0.558547
vn 0.999170 0.000387 0.040734
v 0.918412 0.637401 -0.123279 0.558547 0.558547 0.558547
vn 0.999170 0.000387 0.040734
v 0.918412 0.969743 -0.126439 0.558547 0.558547 0.558547
vn 0.999170 0.000387 0.040734
f 1078//1078 1079//1079 1080//1080
v 0.442400 0.368850 2.315170 0.558547 0.558547 0.558547
vn 0.282375 0.111825 0.952764
v 0.470713 0.631720 2.275926 0.558547 0.558547 0.558547
vn 0.282375 0.111825 0.952764
v 0.357749 0.645328 2.307808 0.558547 0.558547 0.558547
vn 0.282375 0.111825 0.952764
f 1081//1081 1082//1082 1083//1083
v 0.442400 0.368850 2.315170 0.558547 0.558547 0.558547
vn 0.927942 0.290338 0.233724
v 0.357749 0.645328 2.307808 0.558547 0.558547 0.558547
vn 0.927942 0.290338 0.233724
v 0.366276 0.612150 2.315170 0.558547 0.558547 0.558547
vn 0.927942 0.290338 0.233724
f 1084//1084 1085//1085 1086//1086
v 0.800284 1.226416 -0.192574 0.558547 0.558547 0.558547
vn -0.575318 0.817930 0.000000
v 0.800284 1.226416 -0.801485 0.558547 0.558547 0.558547
vn -0.575318 0.817930 0.000000
v 0.791013 1.219895 -0.800475 0.558547 0.558547 0.558547
vn -0.575318 0.817930 0.000000
f 1087//1087 1088//1088 1089//1089
v 0.800284 1.226416 -0.192574 0.558547 0.558547 0.558547
vn -0.575318 0.817930 0.000000
v 0.791013 1.219895 -0.800475 0.558547 0.558547 0.558547
vn -0.575318 0.817930 0.000000
v 0.791013 1.219895 -0.191564 0.558547 0.558547 0.558547
vn -0.575318 0.817930 0.000000
f 1090//1090 1091//1091 1092//1092
v 0.812157 1.187076 -0.151543 0.558547 0.558547 0.558547
vn 0.957344 0.288949 0.000001
v 0.812158 1.187076 -0.821661 0.558547 0.558547 0.558547
vn 0.957344 0.288949 0.000001
v 0.800284 1.226416 -0.801485 0.558547 0.558547 0.558547
vn 0.957344 0.288949 0.000001
f 1093//1093 1094//1094 1095//1095
v 0.812157 1.187076 -0.151543 0.558547 0.558547 0.558547
vn 0.957351 0.288929 0.000000
v 0.800284 1.226416 -0.801485 0.558547 0.558547 0.558547
vn 0.957351 0.288929 0.000000
v 0.800284 1.226416 -0.192574 0.558547 0.558547 0.558547
vn 0.957351 0.288929 0.000000
f 1096//1096 1097//1097 1098//1098
v 0.324850 1.719137 -0.259362 0.558547 0.558547 0.558547
vn 0.020851 0.999660 0.015682
v 0.324850 1.727560 -0.796300 0.558547 0.558547 0.558547
vn 0.020851 0.999660 0.015682
v 0.000000 1.734332 -0.796083 0.558547 0.558547 0.558547
vn 0.020851 0.999660 0.015682
f 1099//1099 1100//1100 1101//1101
v 0.324850 1.719137 -0.259362 0.558547 0.558547 0.558547
vn 0.000000 0.999599 0.028300
v 0.000000 1.734332 -0.796083 0.558547 0.558547 0.558547
vn 0.000000 0.999599 0.028300
v 0.000000 1.719137 -0.259362 0.558547 0.558547 0.558547
vn 0.000000 0.999599 0.028300
f 1102//1102 1103//1103 1104//1104
v 0.581094 1.670351 -0.260653 0.558547 0.558547 0.558547
vn 0.169356 0.985257 0.024212
v 0.586304 1.682865 -0.806311 0.558547 0.558547 0.558547
vn 0.169356 0.985257 0.024212
v 0.324850 1.727560 -0.796300 0.558547 0.558547 0.558547
vn 0.169356 0.985257 0.024212
f 1105//1105 1106//1106 1107//1107
v 0.581094 1.670351 -0.260653 0.558547 0.558547 0.558547
vn 0.187082 0.982223 0.015408
v 0.324850 1.727560 -0.796300 0.558547 0.558547 0.558547
vn 0.187082 0.982223 0.015408
v 0.324850 1.719137 -0.259362 0.558547 0.558547 0.558547
vn 0.187082 0.982223 0.015408
f 1108//1108 1109//1109 1110//1110
v 0.901274 0.965268 -0.126445 0.558547 0.558547 0.558547
vn 0.916533 0.399832 0.010080
v 0.901274 0.982601 -0.813960 0.558547 0.558547 0.558547
vn 0.916533 0.399832 0.010080
v 0.812158 1.187076 -0.821661 0.558547 0.558547 0.558547
vn 0.916533 0.399832 0.010080
f 1111//1111 1112//1112 1113//1113
v 0.901274 0.965268 -0.126445 0.558547 0.558547 0.558547
vn 0.927907 0.372811 0.000001
v 0.812158 1.187076 -0.821661 0.558547 0.558547 0.558547
vn 0.927907 0.372811 0.000001
v 0.812157 1.187076 -0.151543 0.558547 0.558547 0.558547
vn 0.927907 0.372811 0.000001
f 1114//1114 1115//1115 1116//1116
v 0.324850 1.712828 -1.779021 0.558547 0.558547 0.558547
vn 0.000000 0.000000 -1.000000
v 0.607191 1.653180 -1.779021 0.558547 0.558547 0.558547
vn 0.000000 0.000000 -1.000000
v 0.591972 1.637271 -1.779021 0.558547 0.558547 0.558547
vn 0.000000 0.000000 -1.000000
f 1117//1117 1118//1118 1119//1119
v 0.324850 1.712828 -1.779021 0.558547 0.558547 0.558547
vn 0.000000 0.000000 -1.000000
v 0.591972 1.637271 -1.779021 0.558547 0.558547 0.558547
vn 0.000000 0.000000 -1.000000
v 0.328896 1.685768 -1.779021 0.558547 0.558547 0.558547
vn 0.000000 0.000000 -1.000000
f 1120//1120 1121//1121 1122//1122
v 0.000000 1.712828 -1.779021 0.558547 0.558547 0.558547
vn 0.000000 0.000000 -1.000000
v 0.324850 1.712828 -1.779021 0.558547 0.558547 0.558547
vn 0.000000 0.000000 -1.000000
v 0.328896 1.685768 -1.779021 0.558547 0.558547 0.558547
vn 0.000000 0.000000 -1.000000
f 1123//1123 1124//1124 1125//1125
v 0.000000 1.712828 -1.779021 0.558547 0.558547 0.558547
vn 0.000000 0.000000 -1.000000
v 0.328896 1.685768 -1.779021 0.558547 0.558547 0.558547
vn 0.000000 0.000000 -1.000000
v 0.000000 1.685768 -1.779021 0.558547 0.558547 0.558547
vn 0.000000 0.000000 -1.000000
f 1126//1126 1127//1127 1128//1128
v 0.324850 1.712828 -1.711805 0.558547 0.558547 0.558547
vn 0.206699 0.978405 0.000000
v 0.607191 1.653180 -1.721950 0.558547 0.558547 0.558547
vn 0.206699 0.978405 0.000000
v 0.607191 1.653180 -1.779021 0.558547 0.558547 0.558547
vn 0.206699 0.978405 0.000000
f 1129//1129 1130//1130 1131//1131
v 0.324850 1.712828 -1.711805 0.558547 0.558547 0.558547
vn 0.206699 0.978405 0.000000
v 0.607191 1.653180 -1.779021 0.558547 0.558547 0.558547
vn 0.206699 0.978405 0.000000
v 0.324850 1.712828 -1.779021 0.558547 0.558547 0.558547
vn 0.206699 0.978405 0.000000
f 1132//1132 1133//1133 1134//1134
v 0.000000 1.712828 -1.711805 0.558547 0.558547 0.558547
vn 0.000000 1.000000 0.000000
v 0.324850 1.712828 -1.711805 0.558547 0.558547 0.558547
vn 0.000000 1.000000 0.000000
v 0.324850 1.712828 -1.779021 0.558547 0.558547 0.558547
vn 0.000000 1.000000 0.000000
f 1135//1135 1136//1136 1137//1137
v 0.000000 1.712828 -1.711805 0.558547 0.558547 0.558547
vn 0.000000 1.000000 0.000000
v 0.324850 1.712828 -1.779021 0.558547 0.558547 0.558547
vn 0.000000 1.000000 0.000000
v 0.000000 1.712828 -1.779021 0.558547 0.558547 0.558547
vn 0.000000 1.000000 0.000000
f 1138//1138 1139//1139 1140//1140
v 0.591972 1.637271 -1.752118 0.558547 0.558547 0.558547
vn -0.204778 -0.907797 0.366020
v 0.328896 1.700511 -1.742453 0.558547 0.558547 0.558547
vn -0.204778 -0.907797 0.366020
v 0.328896 1.685768 -1.779021 0.558547 0.558547 0.558547
vn -0.204778 -0.907797 0.366020
f 1141//1141 1142//1142 1143//1143
v 0.591972 1.637271 -1.752118 0.558547 0.558547 0.558547
vn -0.181291 -0.983430 0.000000
v 0.328896 1.685768 -1.779021 0.558547 0.558547 0.558547
vn -0.181291 -0.983430 0.000000
v 0.591972 1.637271 -1.779021 0.558547 0.558547 0.558547
vn -0.181291 -0.983430 0.000000
f 1144//1144 1145//1145 1146//1146
v 0.642160 1.241784 -1.992396 0.558547 0.558547 0.558547
vn 0.828568 0.081651 -0.553903
v 0.743695 0.994555 -1.876957 0.558547 0.558547 0.558547
vn 0.828568 0.081651 -0.553903
v 0.688835 1.006989 -1.957187 0.558547 0.558547 0.558547
vn 0.828568 0.081651 -0.553903
f 1147//1147 1148//1148 1149//1149
v 0.642160 1.241784 -1.992396 0.558547 0.558547 0.558547
vn 0.828568 0.081651 -0.553903
v 0.688835 1.006989 -1.957187 0.558547 0.558547 0.558547
vn 0.828568 0.081651 -0.553903
v 0.627354 1.156690 -2.027088 0.558547 0.558547 0.558547
vn 0.828568 0.081651 -0.553903
f 1150//1150 1151//1151 1152//1152
v 0.624694 0.640630 2.226166 0.558547 0.558547 0.558547
vn -0.228107 0.942969 -0.242439
v 0.709348 0.640810 2.147215 0.558547 0.558547 0.558547
vn -0.228107 0.942969 -0.242439
v 0.699174 0.634945 2.133977 0.558547 0.558547 0.558547
vn -0.228107 0.942969 -0.242439
f 1153//1153 1154//1154 1155//1155
v 0.624694 0.640630 2.226166 0.558547 0.558547 0.558547
vn -0.228152 0.942949 -0.242474
v 0.699174 0.634945 2.133977 0.558547 0.558547 0.558547
vn -0.228152 0.942949 -0.242474
v 0.614522 0.634764 2.212926 0.558547 0.558547 0.558547
vn -0.228152 0.942949 -0.242474
f 1156//1156 1157//1157 1158//1158
v 0.468271 0.650029 2.260505 0.558547 0.558547 0.558547
vn 0.203012 0.646496 0.735411
v 0.470713 0.631720 2.275926 0.558547 0.558547 0.558547
vn 0.203012 0.646496 0.735411
v 0.624685 0.630447 2.234541 0.558547 0.558547 0.558547
vn 0.203012 0.646496 0.735411
f 1159//1159 1160//1160 1161//1161
v 0.464115 0.802062 2.216121 0.558547 0.558547 0.558547
vn 0.257374 0.328973 0.908590
v 0.701702 0.860004 2.127841 0.558547 0.558547 0.558547
vn 0.257374 0.328973 0.908590
v 0.462173 0.852166 2.198530 0.558547 0.558547 0.558547
vn 0.257374 0.328973 0.908590
f 1162//1162 1163//1163 1164//1164
v 0.478371 0.797020 2.209380 0.558547 0.558547 0.558547
vn 0.814155 -0.140599 -0.563368
v 0.482159 0.654507 2.250421 0.558547 0.558547 0.558547
vn 0.814155 -0.140599 -0.563368
v 0.471985 0.648642 2.237183 0.558547 0.558547 0.558547
vn 0.814155 -0.140599 -0.563368
f 1165//1165 1166//1166 1167//1167
v 0.478371 0.797020 2.209380 0.558547 0.558547 0.558547
vn 0.814180 -0.140593 -0.563333
v 0.471985 0.648642 2.237183 0.558547 0.558547 0.558547
vn 0.814180 -0.140593 -0.563333
v 0.468198 0.791155 2.196141 0.558547 0.558547 0.558547
vn 0.814180 -0.140593 -0.563333
f 1168//1168 1169//1169 1170//1170
v 0.694879 0.849821 2.128932 0.558547 0.558547 0.558547
vn 0.297556 -0.936362 0.186245
v 0.478371 0.797020 2.209380 0.558547 0.558547 0.558547
vn 0.297556 -0.936362 0.186245
v 0.468198 0.791155 2.196141 0.558547 0.558547 0.558547
vn 0.297556 -0.936362 0.186245
f 1171//1171 1172//1172 1173//1173
v 0.694879 0.849821 2.128932 0.558547 0.558547 0.558547
vn 0.297556 -0.936362 0.186245
v 0.468198 0.791155 2.196141 0.558547 0.558547 0.558547
vn 0.297556 -0.936362 0.186245
v 0.684706 0.843955 2.115694 0.558547 0.558547 0.558547
vn 0.297556 -0.936362 0.186245
f 1174//1174 1175//1175 1176//1176
v 0.624685 0.630447 2.234541 0.558547 0.558547 0.558547
vn 0.583902 0.515370 0.627258
v 0.717580 0.630644 2.147905 0.558547 0.558547 0.558547
vn 0.583902 0.515370 0.627258
v 0.709348 0.640810 2.147215 0.558547 0.558547 0.558547
vn 0.583902 0.515370 0.627258
f 1177//1177 1178//1178 1179//1179
v 0.624685 0.630447 2.234541 0.558547 0.558547 0.558547
vn 0.583911 0.515351 0.627265
v 0.709348 0.640810 2.147215 0.558547 0.558547 0.558547
vn 0.583911 0.515351 0.627265
v 0.624694 0.640630 2.226166 0.558547 0.558547 0.558547
vn 0.583911 0.515351 0.627265
f 1180//1180 1181//1181 1182//1182
v 0.468271 0.650029 2.260505 0.558547 0.558547 0.558547
vn 0.203389 0.621818 0.756290
v 0.624685 0.630447 2.234541 0.558547 0.558547 0.558547
vn 0.203389 0.621818 0.756290
v 0.624694 0.640630 2.226166 0.558547 0.558547 0.558547
vn 0.203389 0.621818 0.756290
f 1183//1183 1184//1184 1185//1185
v 0.468271 0.650029 2.260505 0.558547 0.558547 0.558547
vn 0.177390 0.785340 0.593105
v 0.624694 0.640630 2.226166 0.558547 0.558547 0.558547
vn 0.177390 0.785340 0.593105
v 0.482159 0.654507 2.250421 0.558547 0.558547 0.558547
vn 0.177390 0.785340 0.593105
f 1186//1186 1187//1187 1188//1188
v 0.785476 0.688173 2.067083 0.558547 0.558547 0.558547
vn 0.499677 0.537066 0.679620
v 0.757418 0.765649 2.026487 0.558547 0.558547 0.558547
vn 0.499677 0.537066 0.679620
v 0.745650 0.763837 2.036571 0.558547 0.558547 0.558547
vn 0.499677 0.537066 0.679620
f 1189//1189 1190//1190 1191//1191
v 0.785476 0.688173 2.067083 0.558547 0.558547 0.558547
vn 0.499737 0.537076 0.679568
v 0.745650 0.763837 2.036571 0.558547 0.558547 0.558547
vn 0.499737 0.537076 0.679568
v 0.771220 0.693236 2.073565 0.558547 0.558547 0.558547
vn 0.499737 0.537076 0.679568
f 1192//1192 1193//1193 1194//1194
v 0.701702 0.860004 2.127841 0.558547 0.558547 0.558547
vn 0.377056 -0.154814 0.913160
v 0.464115 0.802062 2.216121 0.558547 0.558547 0.558547
vn 0.377056 -0.154814 0.913160
v 0.478371 0.797020 2.209380 0.558547 0.558547 0.558547
vn 0.377056 -0.154814 0.913160
f 1195//1195 1196//1196 1197//1197
v 0.701702 0.860004 2.127841 0.558547 0.558547 0.558547
vn 0.377055 -0.154807 0.913162
v 0.478371 0.797020 2.209380 0.558547 0.558547 0.558547
vn 0.377055 -0.154807 0.913162
v 0.694879 0.849821 2.128932 0.558547 0.558547 0.558547
vn 0.377055 -0.154807 0.913162
f 1198//1198 1199//1199 1200//1200
v 0.745650 0.763837 2.036571 0.558547 0.558547 0.558547
vn -0.286729 -0.774698 0.563586
v 0.694879 0.849821 2.128932 0.558547 0.558547 0.558547
vn -0.286729 -0.774698 0.563586
v 0.684706 0.843955 2.115694 0.558547 0.558547 0.558547
vn -0.286729 -0.774698 0.563586
f 1201//1201 1202//1202 1203//1203
v 0.745650 0.763837 2.036571 0.558547 0.558547 0.558547
vn -0.286729 -0.774698 0.563586
v 0.684706 0.843955 2.115694 0.558547 0.558547 0.558547
vn -0.286729 -0.774698 0.563586
v 0.735478 0.757972 2.023332 0.558547 0.558547 0.558547
vn -0.286729 -0.774698 0.563586
f 1204//1204 1205//1205 1206//1206
v 0.482159 0.654507 2.250421 0.558547 0.558547 0.558547
vn 0.017661 0.909045 -0.416323
v 0.624694 0.640630 2.226166 0.558547 0.558547 0.558547
vn 0.017661 0.909045 -0.416323
v 0.614522 0.634764 2.212926 0.558547 0.558547 0.558547
vn 0.017661 0.909045 -0.416323
f 1207//1207 1208//1208 1209//1209
v 0.482159 0.654507 2.250421 0.558547 0.558547 0.558547
vn 0.017652 0.909034 -0.416348
v 0.614522 0.634764 2.212926 0.558547 0.558547 0.558547
vn 0.017652 0.909034 -0.416348
v 0.471985 0.648642 2.237183 0.558547 0.558547 0.558547
vn 0.017652 0.909034 -0.416348
f 1210//1210 1211//1211 1212//1212
v 0.709348 0.640810 2.147215 0.558547 0.558547 0.558547
vn -0.580966 0.809165 0.087925
v 0.771220 0.693236 2.073565 0.558547 0.558547 0.558547
vn -0.580966 0.809165 0.087925
v 0.761047 0.687370 2.060326 0.558547 0.558547 0.558547
vn -0.580966 0.809165 0.087925
f 1213//1213 1214//1214 1215//1215
v 0.709348 0.640810 2.147215 0.558547 0.558547 0.558547
vn -0.580927 0.809189 0.087962
v 0.761047 0.687370 2.060326 0.558547 0.558547 0.558547
vn -0.580927 0.809189 0.087962
v 0.699174 0.634945 2.133977 0.558547 0.558547 0.558547
vn -0.580927 0.809189 0.087962
f 1216//1216 1217//1217 1218//1218
v 0.771220 0.693236 2.073565 0.558547 0.558547 0.558547
vn -0.798243 0.026216 0.601765
v 0.745650 0.763837 2.036571 0.558547 0.558547 0.558547
vn -0.798243 0.026216 0.601765
v 0.735478 0.757972 2.023332 0.558547 0.558547 0.558547
vn -0.798243 0.026216 0.601765
f 1219//1219 1220//1220 1221//1221
v 0.771220 0.693236 2.073565 0.558547 0.558547 0.558547
vn -0.798241 0.026220 0.601768
v 0.735478 0.757972 2.023332 0.558547 0.558547 0.558547
vn -0.798241 0.026220 0.601768
v 0.761047 0.687370 2.060326 0.558547 0.558547 0.558547
vn -0.798241 0.026220 0.601768
f 1222//1222 1223//1223 1224//1224
v 0.000000 0.847668 2.252339 0.558547 0.558547 0.558547
vn 0.033827 0.333725 0.942063
v 0.000000 0.632926 2.328411 0.558547 0.558547 0.558547
vn 0.033827 0.333725 0.942063
v 0.293572 0.632926 2.317870 0.558547 0.558547 0.558547
vn 0.033827 0.333725 0.942063
f 1225//1225 1226//1226 1227//1227
v 0.000000 0.847668 2.252339 0.558547 0.558547 0.558547
vn 0.071379 0.379119 0.922591
v 0.293572 0.632926 2.317870 0.558547 0.558547 0.558547
vn 0.071379 0.379119 0.922591
v 0.357749 0.645328 2.307808 0.558547 0.558547 0.558547
vn 0.071379 0.379119 0.922591
f 1228//1228 1229//1229 1230//1230
v 0.000000 0.847668 2.252339 0.558547 0.558547 0.558547
vn 0.038504 0.326935 0.944262
v 0.357749 0.645328 2.307808 0.558547 0.558547 0.558547
vn 0.038504 0.326935 0.944262
v 0.324709 0.847668 2.239099 0.558547 0.558547 0.558547
vn 0.038504 0.326935 0.944262
f 1231//1231 1232//1232 1233//1233
v 0.324709 0.847668 2.239099 0.558547 0.558547 0.558547
vn 0.257382 0.328973 0.908588
v 0.464115 0.802062 2.216121 0.558547 0.558547 0.558547
vn 0.257382 0.328973 0.908588
v 0.462173 0.852166 2.198530 0.558547 0.558547 0.558547
vn 0.257382 0.328973 0.908588
f 1234//1234 1235//1235 1236//1236
v 0.462173 0.852166 2.198530 0.558547 0.558547 0.558547
vn 0.192439 0.660941 0.725345
v 0.302734 0.969365 2.134037 0.558547 0.558547 0.558547
vn 0.192439 0.660941 0.725345
v 0.324709 0.847668 2.239099 0.558547 0.558547 0.558547
vn 0.192439 0.660941 0.725345
f 1237//1237 1238//1238 1239//1239
v 0.442400 0.368850 2.315170 0.558547 0.558547 0.558547
vn -0.953157 -0.298227 0.050519
v 0.366276 0.612150 2.315170 0.558547 0.558547 0.558547
vn -0.953157 -0.298227 0.050519
v 0.364672 0.611771 2.282673 0.558547 0.558547 0.558547
vn -0.953157 -0.298227 0.050519
f 1240//1240 1241//1241 1242//1242
v 0.442400 0.368850 2.315170 0.558547 0.558547 0.558547
vn -0.953157 -0.298229 0.050508
v 0.364672 0.611771 2.282673 0.558547 0.558547 0.558547
vn -0.953157 -0.298229 0.050508
v 0.440796 0.368473 2.282673 0.558547 0.558547 0.558547
vn -0.953157 -0.298229 0.050508
f 1243//1243 1244//1244 1245//1245
v 0.684331 1.429570 -1.633743 0.558547 0.558547 0.558547
vn 0.948416 0.250564 -0.194231
v 0.629958 1.457462 -1.863260 0.558547 0.558547 0.558547
vn 0.948416 0.250564 -0.194231
v 0.607191 1.653180 -1.721950 0.558547 0.558547 0.558547
vn 0.948416 0.250564 -0.194231
f 1246//1246 1247//1247 1248//1248
v 0.684331 1.429570 -1.633743 0.558547 0.558547 0.558547
vn 0.945749 0.324880 -0.003504
v 0.607191 1.653180 -1.721950 0.558547 0.558547 0.558547
vn 0.945749 0.324880 -0.003504
v 0.640023 1.558572 -1.632145 0.558547 0.558547 0.558547
vn 0.945749 0.324880 -0.003504
f 1249//1249 1250//1250 1251//1251
v 0.640267 1.304321 -1.957991 0.558547 0.558547 0.558547
vn 0.950616 0.237853 -0.199387
v 0.734992 1.299282 -1.512382 0.558547 0.558547 0.558547
vn 0.950616 0.237853 -0.199387
v 0.789257 1.187076 -1.387517 0.558547 0.558547 0.558547
vn 0.950616 0.237853 -0.199387
f 1252//1252 1253//1253 1254//1254
v 0.640267 1.304321 -1.957991 0.558547 0.558547 0.558547
vn 0.919101 0.357040 -0.166661
v 0.789257 1.187076 -1.387517 0.558547 0.558547 0.558547
vn 0.919101 0.357040 -0.166661
v 0.714782 1.221943 -1.723535 0.558547 0.558547 0.558547
vn 0.919101 0.357040 -0.166661
f 1255//1255 1256//1256 1257//1257
v 0.640267 1.304321 -1.957991 0.558547 0.558547 0.558547
vn 0.955282 0.164204 -0.245914
v 0.714782 1.221943 -1.723535 0.558547 0.558547 0.558547
vn 0.955282 0.164204 -0.245914
v 0.642160 1.241784 -1.992396 0.558547 0.558547 0.558547
vn 0.955282 0.164204 -0.245914
f 1258//1258 1259//1259 1260//1260
v 0.631165 1.551057 -1.631668 0.558547 0.558547 0.558547
vn 0.646567 -0.755328 0.106917
v 0.640023 1.558572 -1.632145 0.558547 0.558547 0.558547
vn 0.646567 -0.755328 0.106917
v 0.629653 1.603867 -1.249445 0.558547 0.558547 0.558547
vn 0.646567 -0.755328 0.106917
f 1261//1261 1262//1262 1263//1263
v 0.631165 1.551057 -1.631668 0.558547 0.558547 0.558547
vn 0.822268 -0.563295 0.081080
v 0.629653 1.603867 -1.249445 0.558547 0.558547 0.558547
vn 0.822268 -0.563295 0.081080
v 0.623280 1.593864 -1.254304 0.558547 0.558547 0.558547
vn 0.822268 -0.563295 0.081080
f 1264//1264 1265//1265 1266//1266
v 0.607191 1.653180 -1.721950 0.558547 0.558547 0.558547
vn 0.206131 0.978398 -0.015744
v 0.324850 1.712828 -1.711805 0.558547 0.558547 0.558547
vn 0.206131 0.978398 -0.015744
v 0.324850 1.727560 -0.796300 0.558547 0.558547 0.558547
vn 0.206131 0.978398 -0.015744
f 1267//1267 1268//1268 1269//1269
v 0.607191 1.653180 -1.721950 0.558547 0.558547 0.558547
vn 0.151483 0.987903 -0.033177
v 0.324850 1.727560 -0.796300 0.558547 0.558547 0.558547
vn 0.151483 0.987903 -0.033177
v 0.591715 1.674997 -1.142981 0.558547 0.558547 0.558547
vn 0.151483 0.987903 -0.033177
f 1270//1270 1271//1271 1272//1272
v 0.879196 0.818359 -1.365965 0.558547 0.558547 0.558547
vn 0.019957 -0.289499 -0.956970
v 0.881820 0.913526 -1.394699 0.558547 0.558547 0.558547
vn 0.019957 -0.289499 -0.956970
v 0.893512 0.916619 -1.395391 0.558547 0.558547 0.558547
vn 0.019957 -0.289499 -0.956970
f 1273//1273 1274//1274 1275//1275
v 0.879196 0.818359 -1.365965 0.558547 0.558547 0.558547
vn 0.019927 -0.289495 -0.956972
v 0.893512 0.916619 -1.395391 0.558547 0.558547 0.558547
vn 0.019927 -0.289495 -0.956972
v 0.890888 0.821451 -1.366656 0.558547 0.558547 0.558547
vn 0.019927 -0.289495 -0.956972
f 1276//1276 1277//1277 1278//1278
v 0.736104 1.279913 -1.387905 0.558547 0.558547 0.558547
vn -0.168939 0.298375 -0.939379
v 0.691955 1.416075 -1.336716 0.558547 0.558547 0.558547
vn -0.168939 0.298375 -0.939379
v 0.700595 1.420798 -1.336770 0.558547 0.558547 0.558547
vn -0.168939 0.298375 -0.939379
f 1279//1279 1280//1280 1281//1281
v 0.736104 1.279913 -1.387905 0.558547 0.558547 0.558547
vn -0.418730 0.214722 -0.882360
v 0.700595 1.420798 -1.336770 0.558547 0.558547 0.558547
vn -0.418730 0.214722 -0.882360
v 0.744961 1.286296 -1.390555 0.558547 0.558547 0.558547
vn -0.418730 0.214722 -0.882360
f 1282//1282 1283//1283 1284//1284
v 0.607191 1.653180 -1.721950 0.558547 0.558547 0.558547
vn 0.886168 0.463323 0.006229
v 0.591715 1.674997 -1.142981 0.558547 0.558547 0.558547
vn 0.886168 0.463323 0.006229
v 0.629653 1.603867 -1.249445 0.558547 0.558547 0.558547
vn 0.886168 0.463323 0.006229
f 1285//1285 1286//1286 1287//1287
v 0.607191 1.653180 -1.721950 0.558547 0.558547 0.558547
vn 0.948110 0.317718 -0.011912
v 0.629653 1.603867 -1.249445 0.558547 0.558547 0.558547
vn 0.948110 0.317718 -0.011912
v 0.640023 1.558572 -1.632145 0.558547 0.558547 0.558547
vn 0.948110 0.317718 -0.011912
f 1288//1288 1289//1289 1290//1290
v 0.591715 1.674997 -1.142981 0.558547 0.558547 0.558547
vn 0.167713 0.985626 -0.020338
v 0.324850 1.727560 -0.796300 0.558547 0.558547 0.558547
vn 0.167713 0.985626 -0.020338
v 0.586304 1.682865 -0.806311 0.558547 0.558547 0.558547
vn 0.167713 0.985626 -0.020338
f 1291//1291 1292//1292 1293//1293
v 0.620321 1.617832 -1.131452 0.558547 0.558547 0.558547
vn 0.893960 0.448130 0.003895
v 0.591715 1.674997 -1.142981 0.558547 0.558547 0.558547
vn 0.893960 0.448130 0.003895
v 0.586304 1.682865 -0.806311 0.558547 0.558547 0.558547
vn 0.893960 0.448130 0.003895
f 1294//1294 1295//1295 1296//1296
v 0.620321 1.617832 -1.131452 0.558547 0.558547 0.558547
vn 0.885450 0.464735 -0.000317
v 0.586304 1.682865 -0.806311 0.558547 0.558547 0.558547
vn 0.885450 0.464735 -0.000317
v 0.607619 1.642254 -0.806637 0.558547 0.558547 0.558547
vn 0.885450 0.464735 -0.000317
f 1297//1297 1298//1298 1299//1299
v 0.619420 1.602123 -1.178822 0.558547 0.558547 0.558547
vn 0.815650 -0.553592 0.168082
v 0.625716 1.612068 -1.176617 0.558547 0.558547 0.558547
vn 0.815650 -0.553592 0.168082
v 0.620321 1.617832 -1.131452 0.558547 0.558547 0.558547
vn 0.815650 -0.553592 0.168082
f 1300//1300 1301//1301 1302//1302
v 0.619420 1.602123 -1.178822 0.558547 0.558547 0.558547
vn 0.683047 -0.697029 0.218170
v 0.620321 1.617832 -1.131452 0.558547 0.558547 0.558547
vn 0.683047 -0.697029 0.218170
v 0.611711 1.609725 -1.130394 0.558547 0.558547 0.558547
vn 0.683047 -0.697029 0.218170
f 1303//1303 1304//1304 1305//1305
v 0.625716 1.612068 -1.176617 0.558547 0.558547 0.558547
vn 0.889316 0.454745 0.048217
v 0.591715 1.674997 -1.142981 0.558547 0.558547 0.558547
vn 0.889316 0.454745 0.048217
v 0.620321 1.617832 -1.131452 0.558547 0.558547 0.558547
vn 0.889316 0.454745 0.048217
f 1306//1306 1307//1307 1308//1308
v 0.701096 1.416264 -1.264394 0.558547 0.558547 0.558547
vn 0.916550 0.399916 0.001425
v 0.760263 1.280835 -1.312454 0.558547 0.558547 0.558547
vn 0.916550 0.399916 0.001425
v 0.756653 1.289389 -1.391248 0.558547 0.558547 0.558547
vn 0.916550 0.399916 0.001425
f 1309//1309 1310//1310 1311//1311
v 0.701096 1.416264 -1.264394 0.558547 0.558547 0.558547
vn 0.922302 0.386060 0.017803
v 0.756653 1.289389 -1.391248 0.558547 0.558547 0.558547
vn 0.922302 0.386060 0.017803
v 0.700595 1.420798 -1.336770 0.558547 0.558547 0.558547
vn 0.922302 0.386060 0.017803
f 1312//1312 1313//1313 1314//1314
v 0.744961 1.286296 -1.390555 0.558547 0.558547 0.558547
vn 0.913042 0.406658 -0.031366
v 0.789257 1.187076 -1.387517 0.558547 0.558547 0.558547
vn 0.913042 0.406658 -0.031366
v 0.734992 1.299282 -1.512382 0.558547 0.558547 0.558547
vn 0.913042 0.406658 -0.031366
f 1315//1315 1316//1316 1317//1317
v 0.629653 1.603867 -1.249445 0.558547 0.558547 0.558547
vn 0.878344 0.477986 -0.006356
v 0.591715 1.674997 -1.142981 0.558547 0.558547 0.558547
vn 0.878344 0.477986 -0.006356
v 0.625716 1.612068 -1.176617 0.558547 0.558547 0.558547
vn 0.878344 0.477986 -0.006356
f 1318//1318 1319//1319 1320//1320
v 0.736104 1.279913 -1.387905 0.558547 0.558547 0.558547
vn -0.553010 0.822503 0.132924
v 0.744961 1.286296 -1.390555 0.558547 0.558547 0.558547
vn -0.553010 0.822503 0.132924
v 0.734992 1.299282 -1.512382 0.558547 0.558547 0.558547
vn -0.553010 0.822503 0.132924
f 1321//1321 1322//1322 1323//1323
v 0.736104 1.279913 -1.387905 0.558547 0.558547 0.558547
vn -0.560697 0.817399 0.132199
v 0.734992 1.299282 -1.512382 0.558547 0.558547 0.558547
vn -0.560697 0.817399 0.132199
v 0.725722 1.292760 -1.511372 0.558547 0.558547 0.558547
vn -0.560697 0.817399 0.132199
f 1324//1324 1325//1325 1326//1326
v 0.625716 1.612068 -1.176617 0.558547 0.558547 0.558547
vn 0.935450 0.353111 0.015648
v 0.701096 1.416264 -1.264394 0.558547 0.558547 0.558547
vn 0.935450 0.353111 0.015648
v 0.700595 1.420798 -1.336770 0.558547 0.558547 0.558547
vn 0.935450 0.353111 0.015648
f 1327//1327 1328//1328 1329//1329
v 0.625716 1.612068 -1.176617 0.558547 0.558547 0.558547
vn 0.934027 0.357054 0.010273
v 0.700595 1.420798 -1.336770 0.558547 0.558547 0.558547
vn 0.934027 0.357054 0.010273
v 0.629653 1.603867 -1.249445 0.558547 0.558547 0.558547
vn 0.934027 0.357054 0.010273
f 1330//1330 1331//1331 1332//1332
v 0.691955 1.416075 -1.336716 0.558547 0.558547 0.558547
vn 0.019625 0.426703 -0.904179
v 0.623280 1.593864 -1.254304 0.558547 0.558547 0.558547
vn 0.019625 0.426703 -0.904179
v 0.629653 1.603867 -1.249445 0.558547 0.558547 0.558547
vn 0.019625 0.426703 -0.904179
f 1333//1333 1334//1334 1335//1335
v 0.691955 1.416075 -1.336716 0.558547 0.558547 0.558547
vn -0.200939 0.357231 -0.912146
v 0.629653 1.603867 -1.249445 0.558547 0.558547 0.558547
vn -0.200939 0.357231 -0.912146
v 0.700595 1.420798 -1.336770 0.558547 0.558547 0.558547
vn -0.200939 0.357231 -0.912146
f 1336//1336 1337//1337 1338//1338
v 0.619420 1.602123 -1.178822 0.558547 0.558547 0.558547
vn 0.191374 -0.339851 0.920802
v 0.692455 1.411541 -1.264341 0.558547 0.558547 0.558547
vn 0.191374 -0.339851 0.920802
v 0.701096 1.416264 -1.264394 0.558547 0.558547 0.558547
vn 0.191374 -0.339851 0.920802
f 1339//1339 1340//1340 1341//1341
v 0.619420 1.602123 -1.178822 0.558547 0.558547 0.558547
vn 0.204856 -0.333637 0.920174
v 0.701096 1.416264 -1.264394 0.558547 0.558547 0.558547
vn 0.204856 -0.333637 0.920174
v 0.625716 1.612068 -1.176617 0.558547 0.558547 0.558547
vn 0.204856 -0.333637 0.920174
f 1342//1342 1343//1343 1344//1344
v 0.692455 1.411541 -1.264341 0.558547 0.558547 0.558547
vn 0.182228 -0.255018 0.949610
v 0.739659 1.271665 -1.310963 0.558547 0.558547 0.558547
vn 0.182228 -0.255018 0.949610
v 0.760263 1.280835 -1.312454 0.558547 0.558547 0.558547
vn 0.182228 -0.255018 0.949610
f 1345//1345 1346//1346 1347//1347
v 0.692455 1.411541 -1.264341 0.558547 0.558547 0.558547
vn 0.153505 -0.270238 0.950478
v 0.760263 1.280835 -1.312454 0.558547 0.558547 0.558547
vn 0.153505 -0.270238 0.950478
v 0.701096 1.416264 -1.264394 0.558547 0.558547 0.558547
vn 0.153505 -0.270238 0.950478
f 1348//1348 1349//1349 1350//1350
v 0.714782 1.221943 -1.723535 0.558547 0.558547 0.558547
vn 0.933095 0.275006 -0.231744
v 0.743695 0.994555 -1.876957 0.558547 0.558547 0.558547
vn 0.933095 0.275006 -0.231744
v 0.642160 1.241784 -1.992396 0.558547 0.558547 0.558547
vn 0.933095 0.275006 -0.231744
f 1351//1351 1352//1352 1353//1353
v 0.881820 0.913526 -1.394699 0.558547 0.558547 0.558547
vn 0.937470 0.254018 -0.237959
v 0.800685 0.945839 -1.679846 0.558547 0.558547 0.558547
vn 0.937470 0.254018 -0.237959
v 0.714782 1.221943 -1.723535 0.558547 0.558547 0.558547
vn 0.937470 0.254018 -0.237959
f 1354//1354 1355//1355 1356//1356
v 0.881820 0.913526 -1.394699 0.558547 0.558547 0.558547
vn 0.931520 0.319755 -0.173282
v 0.714782 1.221943 -1.723535 0.558547 0.558547 0.558547
vn 0.931520 0.319755 -0.173282
v 0.789257 1.187076 -1.387517 0.558547 0.558547 0.558547
vn 0.931520 0.319755 -0.173282
f 1357//1357 1358//1358 1359//1359
v 0.800685 0.945839 -1.679846 0.558547 0.558547 0.558547
vn 0.942785 0.260375 -0.208235
v 0.743695 0.994555 -1.876957 0.558547 0.558547 0.558547
vn 0.942785 0.260375 -0.208235
v 0.714782 1.221943 -1.723535 0.558547 0.558547 0.558547
vn 0.942785 0.260375 -0.208235
f 1360//1360 1361//1361 1362//1362
v 0.582559 0.874116 -2.151170 0.558547 0.558547 0.558547
vn 0.297929 0.367408 -0.881050
v 0.462165 0.874116 -2.191881 0.558547 0.558547 0.558547
vn 0.297929 0.367408 -0.881050
v 0.518364 0.934061 -2.147880 0.558547 0.558547 0.558547
vn 0.297929 0.367408 -0.881050
f 1363//1363 1364//1364 1365//1365
v 0.582559 0.874116 -2.151170 0.558547 0.558547 0.558547
vn 0.297933 0.367413 -0.881047
v 0.518364 0.934061 -2.147880 0.558547 0.558547 0.558547
vn 0.297933 0.367413 -0.881047
v 0.591265 0.934061 -2.123228 0.558547 0.558547 0.558547
vn 0.297933 0.367413 -0.881047
f 1366//1366 1367//1367 1368//1368
v 0.800685 0.945839 -1.679846 0.558547 0.558547 0.558547
vn 0.937469 0.254023 -0.237959
v 0.881820 0.913526 -1.394699 0.558547 0.558547 0.558547
vn 0.937469 0.254023 -0.237959
v 0.846039 0.800067 -1.656781 0.558547 0.558547 0.558547
vn 0.937469 0.254023 -0.237959
f 1369//1369 1370//1370 1371//1371
v 0.747092 0.806773 -1.942382 0.558547 0.558547 0.558547
vn 0.799613 0.154384 -0.580331
v 0.582559 0.874116 -2.151170 0.558547 0.558547 0.558547
vn 0.799613 0.154384 -0.580331
v 0.591265 0.934061 -2.123228 0.558547 0.558547 0.558547
vn 0.799613 0.154384 -0.580331
f 1372//1372 1373//1373 1374//1374
v 0.747092 0.806773 -1.942382 0.558547 0.558547 0.558547
vn 0.799609 0.154362 -0.580342
v 0.591265 0.934061 -2.123228 0.558547 0.558547 0.558547
vn 0.799609 0.154362 -0.580342
v 0.690893 0.893282 -1.996804 0.558547 0.558547 0.558547
vn 0.799609 0.154362 -0.580342
f 1375//1375 1376//1376 1377//1377
v 0.293572 0.632926 2.317870 0.558547 0.558547 0.558547
vn 0.000417 -0.999932 0.011626
v 0.000000 0.632926 2.328411 0.558547 0.558547 0.558547
vn 0.000417 -0.999932 0.011626
v 0.000000 0.632548 2.295915 0.558547 0.558547 0.558547
vn 0.000417 -0.999932 0.011626
f 1378//1378 1379//1379 1380//1380
v 0.293572 0.632926 2.317870 0.558547 0.558547 0.558547
vn 0.000419 -0.999933 0.011610
v 0.000000 0.632548 2.295915 0.558547 0.558547 0.558547
vn 0.000419 -0.999933 0.011610
v 0.291968 0.632548 2.285387 0.558547 0.558547 0.558547
vn 0.000419 -0.999933 0.011610
f 1381//1381 1382//1382 1383//1383
v 0.470713 0.631720 2.275926 0.558547 0.558547 0.558547
vn 0.279129 0.640112 0.715781
v 0.468271 0.650029 2.260505 0.558547 0.558547 0.558547
vn 0.279129 0.640112 0.715781
v 0.357749 0.645328 2.307808 0.558547 0.558547 0.558547
vn 0.279129 0.640112 0.715781
f 1384//1384 1385//1385 1386//1386
v 0.293572 0.632926 2.317870 0.558547 0.558547 0.558547
vn 0.104698 0.240993 0.964863
v 0.366276 0.612150 2.315170 0.558547 0.558547 0.558547
vn 0.104698 0.240993 0.964863
v 0.357749 0.645328 2.307808 0.558547 0.558547 0.558547
vn 0.104698 0.240993 0.964863
f 1387//1387 1388//1388 1389//1389
v 0.293572 0.632926 2.317870 0.558547 0.558547 0.558547
vn -0.273832 -0.961460 0.024703
v 0.291968 0.632548 2.285387 0.558547 0.558547 0.558547
vn -0.273832 -0.961460 0.024703
v 0.364672 0.611771 2.282673 0.558547 0.558547 0.558547
vn -0.273832 -0.961460 0.024703
f 1390//1390 1391//1391 1392//1392
v 0.293572 0.632926 2.317870 0.558547 0.558547 0.558547
vn -0.273822 -0.961463 0.024727
v 0.364672 0.611771 2.282673 0.558547 0.558547 0.558547
vn -0.273822 -0.961463 0.024727
v 0.366276 0.612150 2.315170 0.558547 0.558547 0.558547
vn -0.273822 -0.961463 0.024727
f 1393//1393 1394//1394 1395//1395
v 0.357749 0.645328 2.307808 0.558547 0.558547 0.558547
vn 0.369175 0.269728 0.889358
v 0.468271 0.650029 2.260505 0.558547 0.558547 0.558547
vn 0.369175 0.269728 0.889358
v 0.464115 0.802062 2.216121 0.558547 0.558547 0.558547
vn 0.369175 0.269728 0.889358
f 1396//1396 1397//1397 1398//1398
v 0.357749 0.645328 2.307808 0.558547 0.558547 0.558547
vn 0.262308 0.348412 0.899891
v 0.464115 0.802062 2.216121 0.558547 0.558547 0.558547
vn 0.262308 0.348412 0.899891
v 0.324709 0.847668 2.239099 0.558547 0.558547 0.558547
vn 0.262308 0.348412 0.899891
f 1399//1399 1400//1400 1401//1401
v 0.893512 0.916619 -1.395391 0.558547 0.558547 0.558547
vn 0.998560 -0.009566 -0.052794
v 0.910395 0.950470 -1.082191 0.558547 0.558547 0.558547
vn 0.998560 -0.009566 -0.052794
v 0.905881 0.702951 -1.122722 0.558547 0.558547 0.558547
vn 0.998560 -0.009566 -0.052794
f 1402//1402 1403//1403 1404//1404
v 0.893512 0.916619 -1.395391 0.558547 0.558547 0.558547
vn 0.994732 -0.053778 -0.087265
v 0.905881 0.702951 -1.122722 0.558547 0.558547 0.558547
vn 0.994732 -0.053778 -0.087265
v 0.890888 0.821451 -1.366656 0.558547 0.558547 0.558547
vn 0.994732 -0.053778 -0.087265
f 1405//1405 1406//1406 1407//1407
v 0.901274 0.368850 -0.795164 0.558547 0.558547 0.558547
vn 0.998722 -0.046642 -0.019444
v 0.898704 0.365691 -0.919584 0.558547 0.558547 0.558547
vn 0.998722 -0.046642 -0.019444
v 0.910395 0.634302 -0.963439 0.558547 0.558547 0.558547
vn 0.998722 -0.046642 -0.019444
f 1408//1408 1409//1409 1410//1410
v 0.901274 0.368850 -0.795164 0.558547 0.558547 0.558547
vn 0.997975 0.005857 0.063332
v 0.910395 0.634302 -0.963439 0.558547 0.558547 0.558547
vn 0.997975 0.005857 0.063332
v 0.901274 0.632926 -0.819584 0.558547 0.558547 0.558547
vn 0.997975 0.005857 0.063332
f 1411//1411 1412//1412 1413//1413
v 0.910395 0.950470 -1.082191 0.558547 0.558547 0.558547
vn 0.998793 -0.017273 -0.045987
v 0.910395 0.634302 -0.963439 0.558547 0.558547 0.558547
vn 0.998793 -0.017273 -0.045987
v 0.905881 0.580496 -1.041270 0.558547 0.558547 0.558547
vn 0.998793 -0.017273 -0.045987
f 1414//1414 1415//1415 1416//1416
v 0.910395 0.950470 -1.082191 0.558547 0.558547 0.558547
vn 0.999651 -0.014630 -0.021994
v 0.905881 0.580496 -1.041270 0.558547 0.558547 0.558547
vn 0.999651 -0.014630 -0.021994
v 0.905881 0.702951 -1.122722 0.558547 0.558547 0.558547
vn 0.999651 -0.014630 -0.021994
f 1417//1417 1418//1418 1419//1419
v 0.910395 0.950470 -1.082191 0.558547 0.558547 0.558547
vn 0.943080 0.321368 -0.085571
v 0.893512 0.916619 -1.395391 0.558547 0.558547 0.558547
vn 0.943080 0.321368 -0.085571
v 0.800948 1.190167 -1.388210 0.558547 0.558547 0.558547
vn 0.943080 0.321368 -0.085571
f 1420//1420 1421//1421 1422//1422
v 0.760263 1.280835 -1.312454 0.558547 0.558547 0.558547
vn 0.913108 0.407710 0.002429
v 0.800948 1.190167 -1.388210 0.558547 0.558547 0.558547
vn 0.913108 0.407710 0.002429
v 0.756653 1.289389 -1.391248 0.558547 0.558547 0.558547
vn 0.913108 0.407710 0.002429
f 1423//1423 1424//1424 1425//1425
v 0.894190 0.699858 -1.122031 0.558547 0.558547 0.558547
vn 0.205546 -0.875250 -0.437822
v 0.879196 0.818359 -1.365965 0.558547 0.558547 0.558547
vn 0.205546 -0.875250 -0.437822
v 0.890888 0.821451 -1.366656 0.558547 0.558547 0.558547
vn 0.205546 -0.875250 -0.437822
f 1426//1426 1427//1427 1428//1428
v 0.894190 0.699858 -1.122031 0.558547 0.558547 0.558547
vn 0.205644 -0.875231 -0.437814
v 0.890888 0.821451 -1.366656 0.558547 0.558547 0.558547
vn 0.205644 -0.875231 -0.437814
v 0.905881 0.702951 -1.122722 0.558547 0.558547 0.558547
vn 0.205644 -0.875231 -0.437814
f 1429//1429 1430//1430 1431//1431
v 0.898704 0.365691 -0.919584 0.558547 0.558547 0.558547
vn 0.990271 -0.092151 -0.104265
v 0.894190 0.385104 -0.979616 0.558547 0.558547 0.558547
vn 0.990271 -0.092151 -0.104265
v 0.905881 0.580496 -1.041270 0.558547 0.558547 0.558547
vn 0.990271 -0.092151 -0.104265
f 1432//1432 1433//1433 1434//1434
v 0.898704 0.365691 -0.919584 0.558547 0.558547 0.558547
vn 0.998555 -0.047549 -0.025043
v 0.905881 0.580496 -1.041270 0.558547 0.558547 0.558547
vn 0.998555 -0.047549 -0.025043
v 0.910395 0.634302 -0.963439 0.558547 0.558547 0.558547
vn 0.998555 -0.047549 -0.025043
f 1435//1435 1436//1436 1437//1437
v 0.910395 0.950470 -1.082191 0.558547 0.558547 0.558547
vn 0.917091 0.398357 -0.015972
v 0.800948 1.190167 -1.388210 0.558547 0.558547 0.558547
vn 0.917091 0.398357 -0.015972
v 0.812158 1.187076 -0.821661 0.558547 0.558547 0.558547
vn 0.917091 0.398357 -0.015972
f 1438//1438 1439//1439 1440//1440
v 0.910395 0.950470 -1.082191 0.558547 0.558547 0.558547
vn 0.916821 0.398953 -0.016614
v 0.812158 1.187076 -0.821661 0.558547 0.558547 0.558547
vn 0.916821 0.398953 -0.016614
v 0.901274 0.982601 -0.813960 0.558547 0.558547 0.558547
vn 0.916821 0.398953 -0.016614
f 1441//1441 1442//1442 1443//1443
v 0.700595 1.420798 -1.336770 0.558547 0.558547 0.558547
vn -0.141845 0.326850 -0.934371
v 0.756653 1.289389 -1.391248 0.558547 0.558547 0.558547
vn -0.141845 0.326850 -0.934371
v 0.744961 1.286296 -1.390555 0.558547 0.558547 0.558547
vn -0.141845 0.326850 -0.934371
f 1444//1444 1445//1445 1446//1446
v 0.462165 0.874116 -2.191881 0.558547 0.558547 0.558547
vn 0.411859 0.255865 -0.874589
v 0.485813 1.061832 -2.125828 0.558547 0.558547 0.558547
vn 0.411859 0.255865 -0.874589
v 0.532683 1.047726 -2.107883 0.558547 0.558547 0.558547
vn 0.411859 0.255865 -0.874589
f 1447//1447 1448//1448 1449//1449
v 0.462165 0.874116 -2.191881 0.558547 0.558547 0.558547
vn 0.411842 0.255874 -0.874594
v 0.532683 1.047726 -2.107883 0.558547 0.558547 0.558547
vn 0.411842 0.255874 -0.874594
v 0.518364 0.934061 -2.147880 0.558547 0.558547 0.558547
vn 0.411842 0.255874 -0.874594
f 1450//1450 1451//1451 1452//1452
v 0.492133 1.245376 -2.025369 0.558547 0.558547 0.558547
vn 0.215010 0.463185 -0.859785
v 0.485813 1.061832 -2.125828 0.558547 0.558547 0.558547
vn 0.215010 0.463185 -0.859785
v 0.324709 1.045882 -2.174709 0.558547 0.558547 0.558547
vn 0.215010 0.463185 -0.859785
f 1453//1453 1454//1454 1455//1455
v 0.492133 1.245376 -2.025369 0.558547 0.558547 0.558547
vn 0.199797 0.474201 -0.857447
v 0.324709 1.045882 -2.174709 0.558547 0.558547 0.558547
vn 0.199797 0.474201 -0.857447
v 0.324709 1.249383 -2.062165 0.558547 0.558547 0.558547
vn 0.199797 0.474201 -0.857447
f 1456//1456 1457//1457 1458//1458
v 0.743695 0.994555 -1.876957 0.558547 0.558547 0.558547
vn 0.822954 0.200134 -0.531689
v 0.747092 0.806773 -1.942382 0.558547 0.558547 0.558547
vn 0.822954 0.200134 -0.531689
v 0.690893 0.893282 -1.996804 0.558547 0.558547 0.558547
vn 0.822954 0.200134 -0.531689
f 1459//1459 1460//1460 1461//1461
v 0.743695 0.994555 -1.876957 0.558547 0.558547 0.558547
vn 0.822947 0.200145 -0.531695
v 0.690893 0.893282 -1.996804 0.558547 0.558547 0.558547
vn 0.822947 0.200145 -0.531695
v 0.688835 1.006989 -1.957187 0.558547 0.558547 0.558547
vn 0.822947 0.200145 -0.531695
f 1462//1462 1463//1463 1464//1464
v 0.485813 1.061832 -2.125828 0.558547 0.558547 0.558547
vn 0.432109 0.421488 -0.797264
v 0.492133 1.245376 -2.025369 0.558547 0.558547 0.558547
vn 0.432109 0.421488 -0.797264
v 0.536510 1.158865 -2.047053 0.558547 0.558547 0.558547
vn 0.432109 0.421488 -0.797264
f 1465//1465 1466//1466 1467//1467
v 0.485813 1.061832 -2.125828 0.558547 0.558547 0.558547
vn 0.432100 0.421495 -0.797265
v 0.536510 1.158865 -2.047053 0.558547 0.558547 0.558547
vn 0.432100 0.421495 -0.797265
v 0.532683 1.047726 -2.107883 0.558547 0.558547 0.558547
vn 0.432100 0.421495 -0.797265
f 1468//1468 1469//1469 1470//1470
v 0.492133 1.245376 -2.025369 0.558547 0.558547 0.558547
vn 0.209754 0.337601 -0.917621
v 0.642160 1.241784 -1.992396 0.558547 0.558547 0.558547
vn 0.209754 0.337601 -0.917621
v 0.627354 1.156690 -2.027088 0.558547 0.558547 0.558547
vn 0.209754 0.337601 -0.917621
f 1471//1471 1472//1472 1473//1473
v 0.492133 1.245376 -2.025369 0.558547 0.558547 0.558547
vn 0.209751 0.337596 -0.917624
v 0.627354 1.156690 -2.027088 0.558547 0.558547 0.558547
vn 0.209751 0.337596 -0.917624
v 0.536510 1.158865 -2.047053 0.558547 0.558547 0.558547
vn 0.209751 0.337596 -0.917624
f 1474//1474 1475//1475 1476//1476
v 0.289530 0.844241 -2.249066 0.558547 0.558547 0.558547
vn -0.997825 0.014659 -0.064275
v 0.289530 0.628228 -2.298332 0.558547 0.558547 0.558547
vn -0.997825 0.014659 -0.064275
v 0.287629 0.621494 -2.270354 0.558547 0.558547 0.558547
vn -0.997825 0.014659 -0.064275
f 1477//1477 1478//1478 1479//1479
v 0.289530 0.844241 -2.249066 0.558547 0.558547 0.558547
vn -0.997825 0.014659 -0.064275
v 0.287629 0.621494 -2.270354 0.558547 0.558547 0.558547
vn -0.997825 0.014659 -0.064275
v 0.287629 0.837506 -2.221088 0.558547 0.558547 0.558547
vn -0.997825 0.014659 -0.064275
f 1480//1480 1481//1481 1482//1482
v 0.324709 0.874116 -2.238362 0.558547 0.558547 0.558547
vn 0.107201 0.221078 -0.969346
v 0.324709 0.598352 -2.301256 0.558547 0.558547 0.558547
vn 0.107201 0.221078 -0.969346
v 0.289530 0.628228 -2.298332 0.558547 0.558547 0.558547
vn 0.107201 0.221078 -0.969346
f 1483//1483 1484//1484 1485//1485
v 0.324709 0.874116 -2.238362 0.558547 0.558547 0.558547
vn 0.107197 0.221079 -0.969347
v 0.289530 0.628228 -2.298332 0.558547 0.558547 0.558547
vn 0.107197 0.221079 -0.969347
v 0.289530 0.844241 -2.249066 0.558547 0.558547 0.558547
vn 0.107197 0.221079 -0.969347
f 1486//1486 1487//1487 1488//1488
v 0.000000 0.874116 -2.274264 0.558547 0.558547 0.558547
vn 0.107178 0.221101 -0.969344
v 0.324709 0.874116 -2.238362 0.558547 0.558547 0.558547
vn 0.107178 0.221101 -0.969344
v 0.289530 0.844241 -2.249066 0.558547 0.558547 0.558547
vn 0.107178 0.221101 -0.969344
f 1489//1489 1490//1490 1491//1491
v 0.000000 0.874116 -2.274264 0.558547 0.558547 0.558547
vn 0.096221 0.096968 -0.990625
v 0.289530 0.844241 -2.249066 0.558547 0.558547 0.558547
vn 0.096221 0.096968 -0.990625
v 0.000000 0.844241 -2.277189 0.558547 0.558547 0.558547
vn 0.096221 0.096968 -0.990625
f 1492//1492 1493//1493 1494//1494
v 0.000000 0.844241 -2.277189 0.558547 0.558547 0.558547
vn 0.022584 -0.972333 -0.232506
v 0.289530 0.844241 -2.249066 0.558547 0.558547 0.558547
vn 0.022584 -0.972333 -0.232506
v 0.287629 0.837506 -2.221088 0.558547 0.558547 0.558547
vn 0.022584 -0.972333 -0.232506
f 1495//1495 1496//1496 1497//1497
v 0.000000 0.844241 -2.277189 0.558547 0.558547 0.558547
vn 0.022875 -0.971978 -0.233955
v 0.287629 0.837506 -2.221088 0.558547 0.558547 0.558547
vn 0.022875 -0.971978 -0.233955
v 0.000000 0.837506 -2.249211 0.558547 0.558547 0.558547
vn 0.022875 -0.971978 -0.233955
f 1498//1498 1499//1499 1500//1500
v 0.289530 0.628228 -2.298332 0.558547 0.558547 0.558547
vn -0.022725 0.971980 0.233965
v 0.000000 0.628228 -2.326455 0.558547 0.558547 0.558547
vn -0.022725 0.971980 0.233965
v 0.000000 0.621494 -2.298478 0.558547 0.558547 0.558547
vn -0.022725 0.971980 0.233965
f 1501//1501 1502//1502 1503//1503
v 0.289530 0.628228 -2.298332 0.558547 0.558547 0.558547
vn -0.022733 0.972332 0.232495
v 0.000000 0.621494 -2.298478 0.558547 0.558547 0.558547
vn -0.022733 0.972332 0.232495
v 0.287629 0.621494 -2.270354 0.558547 0.558547 0.558547
vn -0.022733 0.972332 0.232495
f 1504//1504 1505//1505 1506//1506
v -0.541706 0.598352 -2.214064 0.558547 0.558547 0.558547
vn -0.755366 0.099858 -0.647650
v -0.747448 0.598352 -1.974103 0.558547 0.558547 0.558547
vn -0.755366 0.099858 -0.647650
v -0.747092 0.806773 -1.942384 0.558547 0.558547 0.558547
vn -0.755366 0.099858 -0.647650
f 1507//1507 1508//1508 1509//1509
v -0.541706 0.598352 -2.214064 0.558547 0.558547 0.558547
vn -0.788844 0.023207 -0.614155
v -0.747092 0.806773 -1.942384 0.558547 0.558547 0.558547
vn -0.788844 0.023207 -0.614155
v -0.582559 0.874116 -2.151171 0.558547 0.558547 0.558547
vn -0.788844 0.023207 -0.614155
f 1510//1510 1511//1511 1512//1512
v -0.901274 0.632926 -0.819584 0.558547 0.558547 0.558547
vn -1.000000 0.000000 0.000000
v -0.901274 0.632926 -0.123284 0.558547 0.558547 0.558547
vn -1.000000 0.000000 0.000000
v -0.901274 0.965268 -0.126445 0.558547 0.558547 0.558547
vn -1.000000 0.000000 0.000000
f 1513//1513 1514//1514 1515//1515
v -0.901274 0.632926 -0.819584 0.558547 0.558547 0.558547
vn -1.000000 0.000000 0.000000
v -0.901274 0.965268 -0.126445 0.558547 0.558547 0.558547
vn -1.000000 0.000000 0.000000
v -0.901274 0.982601 -0.813960 0.558547 0.558547 0.558547
vn -1.000000 0.000000 0.000000
f 1516//1516 1517//1517 1518//1518
v 0.000000 1.123956 1.576885 0.558547 0.558547 0.558547
vn 0.003697 0.989515 0.144381
v 0.000000 1.159995 1.329894 0.558547 0.558547 0.558547
vn 0.003697 0.989515 0.144381
v -0.396670 1.163904 1.313255 0.558547 0.558547 0.558547
vn 0.003697 0.989515 0.144381
f 1519//1519 1520//1520 1521//1521
v 0.000000 1.123956 1.576885 0.558547 0.558547 0.558547
vn 0.002176 0.989191 0.146620
v -0.396670 1.163904 1.313255 0.558547 0.558547 0.558547
vn 0.002176 0.989191 0.146620
v -0.342469 1.125451 1.571879 0.558547 0.558547 0.558547
vn 0.002176 0.989191 0.146620
f 1522//1522 1523//1523 1524//1524
v -0.884338 0.888076 1.715116 0.558547 0.558547 0.558547
vn -0.824199 0.487534 0.288110
v -0.854275 0.863089 1.843401 0.558547 0.558547 0.558547
vn -0.824199 0.487534 0.288110
v -0.724607 0.981328 2.014260 0.558547 0.558547 0.558547
vn -0.824199 0.487534 0.288110
f 1525//1525 1526//1526 1527//1527
v -0.884338 0.888076 1.715116 0.558547 0.558547 0.558547
vn -0.797874 0.545821 0.255883
v -0.724607 0.981328 2.014260 0.558547 0.558547 0.558547
vn -0.797874 0.545821 0.255883
v -0.743652 1.105108 1.690845 0.558547 0.558547 0.558547
vn -0.797874 0.545821 0.255883
f 1528//1528 1529//1529 1530//1530
v -0.324709 1.249383 -2.062165 0.558547 0.558547 0.558547
vn -0.047778 0.500902 -0.864184
v 0.000000 1.249383 -2.080117 0.558547 0.558547 0.558547
vn -0.047778 0.500902 -0.864184
v 0.000000 1.045882 -2.198071 0.558547 0.558547 0.558547
vn -0.047778 0.500902 -0.864184
f 1531//1531 1532//1532 1533//1533
v -0.324709 1.249383 -2.062165 0.558547 0.558547 0.558547
vn -0.062838 0.483002 -0.873362
v 0.000000 1.045882 -2.198071 0.558547 0.558547 0.558547
vn -0.062838 0.483002 -0.873362
v -0.324709 1.045882 -2.174709 0.558547 0.558547 0.558547
vn -0.062838 0.483002 -0.873362
f 1534//1534 1535//1535 1536//1536
v -0.846039 0.800067 -1.656781 0.558547 0.558547 0.558547
vn -0.942784 0.260378 -0.208235
v -0.800685 0.945839 -1.679847 0.558547 0.558547 0.558547
vn -0.942784 0.260378 -0.208235
v -0.743695 0.994555 -1.876957 0.558547 0.558547 0.558547
vn -0.942784 0.260378 -0.208235
f 1537//1537 1538//1538 1539//1539
v -0.846039 0.800067 -1.656781 0.558547 0.558547 0.558547
vn -0.937923 0.129127 -0.321912
v -0.743695 0.994555 -1.876957 0.558547 0.558547 0.558547
vn -0.937923 0.129127 -0.321912
v -0.747092 0.806773 -1.942384 0.558547 0.558547 0.558547
vn -0.937923 0.129127 -0.321912
f 1540//1540 1541//1541 1542//1542
v -0.846039 0.800067 -1.656781 0.558547 0.558547 0.558547
vn -0.938599 0.123136 -0.322287
v -0.747092 0.806773 -1.942384 0.558547 0.558547 0.558547
vn -0.938599 0.123136 -0.322287
v -0.818039 0.700748 -1.776272 0.558547 0.558547 0.558547
vn -0.938599 0.123136 -0.322287
f 1543//1543 1544//1544 1545//1545
v -0.324709 0.598352 -2.301256 0.558547 0.558547 0.558547
vn -0.094590 0.206666 -0.973828
v -0.289530 0.628228 -2.298332 0.558547 0.558547 0.558547
vn -0.094590 0.206666 -0.973828
v 0.000000 0.628228 -2.326455 0.558547 0.558547 0.558547
vn -0.094590 0.206666 -0.973828
f 1546//1546 1547//1547 1548//1548
v -0.324709 0.598352 -2.301256 0.558547 0.558547 0.558547
vn -0.103532 0.335479 -0.936341
v 0.000000 0.628228 -2.326455 0.558547 0.558547 0.558547
vn -0.103532 0.335479 -0.936341
v 0.000000 0.598352 -2.337159 0.558547 0.558547 0.558547
vn -0.103532 0.335479 -0.936341
f 1549//1549 1550//1550 1551//1551
v -0.324709 0.598352 -2.301256 0.558547 0.558547 0.558547
vn -0.368359 0.154513 -0.916754
v -0.541706 0.598352 -2.214064 0.558547 0.558547 0.558547
vn -0.368359 0.154513 -0.916754
v -0.582559 0.874116 -2.151171 0.558547 0.558547 0.558547
vn -0.368359 0.154513 -0.916754
f 1552//1552 1553//1553 1554//1554
v -0.324709 0.598352 -2.301256 0.558547 0.558547 0.558547
vn -0.313100 0.211183 -0.925943
v -0.582559 0.874116 -2.151171 0.558547 0.558547 0.558547
vn -0.313100 0.211183 -0.925943
v -0.462165 0.874116 -2.191881 0.558547 0.558547 0.558547
vn -0.313100 0.211183 -0.925943
f 1555//1555 1556//1556 1557//1557
v -0.324709 0.598352 -2.301256 0.558547 0.558547 0.558547
vn -0.313107 0.211179 -0.925941
v -0.462165 0.874116 -2.191881 0.558547 0.558547 0.558547
vn -0.313107 0.211179 -0.925941
v -0.324709 0.874116 -2.238362 0.558547 0.558547 0.558547
vn -0.313107 0.211179 -0.925941
f 1558//1558 1559//1559 1560//1560
v -0.302734 0.969365 2.134037 0.558547 0.558547 0.558547
vn -0.190020 0.651620 0.734359
v -0.724607 0.981328 2.014260 0.558547 0.558547 0.558547
vn -0.190020 0.651620 0.734359
v -0.701703 0.860004 2.127841 0.558547 0.558547 0.558547
vn -0.190020 0.651620 0.734359
f 1561//1561 1562//1562 1563//1563
v -0.302734 0.969365 2.134037 0.558547 0.558547 0.558547
vn -0.192434 0.660938 0.725348
v -0.701703 0.860004 2.127841 0.558547 0.558547 0.558547
vn -0.192434 0.660938 0.725348
v -0.462174 0.852166 2.198530 0.558547 0.558547 0.558547
vn -0.192434 0.660938 0.725348
f 1564//1564 1565//1565 1566//1566
v -0.743652 1.105108 1.690845 0.558547 0.558547 0.558547
vn -0.075934 0.929738 0.360308
v -0.724607 0.981328 2.014260 0.558547 0.558547 0.558547
vn -0.075934 0.929738 0.360308
v -0.302734 0.969365 2.134037 0.558547 0.558547 0.558547
vn -0.075934 0.929738 0.360308
f 1567//1567 1568//1568 1569//1569
v -0.743652 1.105108 1.690845 0.558547 0.558547 0.558547
vn -0.049078 0.940289 0.336822
v -0.302734 0.969365 2.134037 0.558547 0.558547 0.558547
vn -0.049078 0.940289 0.336822
v -0.324709 1.083283 1.812816 0.558547 0.558547 0.558547
vn -0.049078 0.940289 0.336822
f 1570//1570 1571//1571 1572//1572
v -0.901274 0.632926 -0.123284 0.558547 0.558547 0.558547
vn -0.002810 -0.009507 -0.999951
v -0.918412 0.637401 -0.123279 0.558547 0.558547 0.558547
vn -0.002810 -0.009507 -0.999951
v -0.918412 0.969743 -0.126439 0.558547 0.558547 0.558547
vn -0.002810 -0.009507 -0.999951
f 1573//1573 1574//1574 1575//1575
v -0.901274 0.632926 -0.123284 0.558547 0.558547 0.558547
vn -0.002876 -0.009511 -0.999951
v -0.918412 0.969743 -0.126439 0.558547 0.558547 0.558547
vn -0.002876 -0.009511 -0.999951
v -0.901274 0.965268 -0.126445 0.558547 0.558547 0.558547
vn -0.002876 -0.009511 -0.999951
f 1576//1576 1577//1577 1578//1578
v -0.901274 0.632926 0.278788 0.558547 0.558547 0.558547
vn -0.999945 -0.000354 0.010498
v -0.893457 0.626432 1.023117 0.558547 0.558547 0.558547
vn -0.999945 -0.000354 0.010498
v -0.893457 0.907699 1.032598 0.558547 0.558547 0.558547
vn -0.999945 -0.000354 0.010498
f 1579//1579 1580//1580 1581//1581
v -0.901274 0.632926 0.278788 0.558547 0.558547 0.558547
vn -0.999944 -0.000486 0.010546
v -0.893457 0.907699 1.032598 0.558547 0.558547 0.558547
vn -0.999944 -0.000486 0.010546
v -0.901274 0.963255 0.294006 0.558547 0.558547 0.558547
vn -0.999944 -0.000486 0.010546
f 1582//1582 1583//1583 1584//1584
v -0.324709 1.249383 -2.062165 0.558547 0.558547 0.558547
vn -0.034960 0.442740 -0.895968
v -0.322603 1.299599 -2.037433 0.558547 0.558547 0.558547
vn -0.034960 0.442740 -0.895968
v 0.000000 1.293469 -2.053049 0.558547 0.558547 0.558547
vn -0.034960 0.442740 -0.895968
f 1585//1585 1586//1586 1587//1587
v -0.324709 1.249383 -2.062165 0.558547 0.558547 0.558547
vn -0.047063 0.522641 -0.851253
v 0.000000 1.293469 -2.053049 0.558547 0.558547 0.558547
vn -0.047063 0.522641 -0.851253
v 0.000000 1.249383 -2.080117 0.558547 0.558547 0.558547
vn -0.047063 0.522641 -0.851253
f 1588//1588 1589//1589 1590//1590
v -0.685663 1.428226 0.628398 0.558547 0.558547 0.558547
vn -0.906437 0.421395 0.028240
v -0.689573 1.424796 0.554082 0.558547 0.558547 0.558547
vn -0.906437 0.421395 0.028240
v -0.777344 1.213801 0.885308 0.558547 0.558547 0.558547
vn -0.906437 0.421395 0.028240
f 1591//1591 1592//1592 1593//1593
v -0.685663 1.428226 0.628398 0.558547 0.558547 0.558547
vn -0.906438 0.421394 0.028239
v -0.777344 1.213801 0.885308 0.558547 0.558547 0.558547
vn -0.906438 0.421394 0.028239
v -0.785978 1.187076 1.006961 0.558547 0.558547 0.558547
vn -0.906438 0.421394 0.028239
f 1594//1594 1595//1595 1596//1596
v -0.771276 1.160486 1.292567 0.558547 0.558547 0.558547
vn 0.013977 0.994553 0.103292
v -0.751836 1.139932 1.487842 0.558547 0.558547 0.558547
vn 0.013977 0.994553 0.103292
v -0.342469 1.125451 1.571879 0.558547 0.558547 0.558547
vn 0.013977 0.994553 0.103292
f 1597//1597 1598//1598 1599//1599
v -0.771276 1.160486 1.292567 0.558547 0.558547 0.558547
vn -0.017335 0.988443 0.150598
v -0.342469 1.125451 1.571879 0.558547 0.558547 0.558547
vn -0.017335 0.988443 0.150598
v -0.396670 1.163904 1.313255 0.558547 0.558547 0.558547
vn -0.017335 0.988443 0.150598
f 1600//1600 1601//1601 1602//1602
v -0.901274 0.963255 0.294006 0.558547 0.558547 0.558547
vn -0.931529 0.361772 0.037070
v -0.893457 0.907699 1.032598 0.558547 0.558547 0.558547
vn -0.931529 0.361772 0.037070
v -0.785978 1.187076 1.006961 0.558547 0.558547 0.558547
vn -0.931529 0.361772 0.037070
f 1603//1603 1604//1604 1605//1605
v -0.901274 0.963255 0.294006 0.558547 0.558547 0.558547
vn -0.930813 0.363683 0.036355
v -0.785978 1.187076 1.006961 0.558547 0.558547 0.558547
vn -0.930813 0.363683 0.036355
v -0.812158 1.187076 0.336669 0.558547 0.558547 0.558547
vn -0.930813 0.363683 0.036355
f 1606//1606 1607//1607 1608//1608
v -0.901274 0.907699 1.254321 0.558547 0.558547 0.558547
vn -0.856764 0.514400 0.036710
v -0.894539 0.907699 1.411508 0.558547 0.558547 0.558547
vn -0.856764 0.514400 0.036710
v -0.751836 1.139932 1.487842 0.558547 0.558547 0.558547
vn -0.856764 0.514400 0.036710
f 1609//1609 1610//1610 1611//1611
v -0.901274 0.907699 1.254321 0.558547 0.558547 0.558547
vn -0.889345 0.436996 0.134536
v -0.751836 1.139932 1.487842 0.558547 0.558547 0.558547
vn -0.889345 0.436996 0.134536
v -0.771276 1.160486 1.292567 0.558547 0.558547 0.558547
vn -0.889345 0.436996 0.134536
f 1612//1612 1613//1613 1614//1614
v 0.000000 1.180533 1.133821 0.558547 0.558547 0.558547
vn -0.007047 0.894773 0.446465
v 0.000000 1.209567 1.075632 0.558547 0.558547 0.558547
vn -0.007047 0.894773 0.446465
v -0.429454 1.209567 1.068853 0.558547 0.558547 0.558547
vn -0.007047 0.894773 0.446465
f 1615//1615 1616//1616 1617//1617
v 0.000000 1.180533 1.133821 0.558547 0.558547 0.558547
vn -0.008321 0.891302 0.453333
v -0.429454 1.209567 1.068853 0.558547 0.558547 0.558547
vn -0.008321 0.891302 0.453333
v -0.419158 1.180533 1.126128 0.558547 0.558547 0.558547
vn -0.008321 0.891302 0.453333
f 1618//1618 1619//1619 1620//1620
v -0.893457 0.907699 1.032598 0.558547 0.558547 0.558547
vn -0.886932 0.460841 -0.031267
v -0.901274 0.907699 1.254321 0.558547 0.558547 0.558547
vn -0.886932 0.460841 -0.031267
v -0.771276 1.160486 1.292567 0.558547 0.558547 0.558547
vn -0.886932 0.460841 -0.031267
f 1621//1621 1622//1622 1623//1623
v -0.893457 0.907699 1.032598 0.558547 0.558547 0.558547
vn -0.927663 0.364378 0.081674
v -0.771276 1.160486 1.292567 0.558547 0.558547 0.558547
vn -0.927663 0.364378 0.081674
v -0.785978 1.187076 1.006961 0.558547 0.558547 0.558547
vn -0.927663 0.364378 0.081674
f 1624//1624 1625//1625 1626//1626
v -0.785978 1.187076 1.006961 0.558547 0.558547 0.558547
vn -0.014242 0.995525 0.093414
v -0.771276 1.160486 1.292567 0.558547 0.558547 0.558547
vn -0.014242 0.995525 0.093414
v -0.396670 1.163904 1.313255 0.558547 0.558547 0.558547
vn -0.014242 0.995525 0.093414
f 1627//1627 1628//1628 1629//1629
v -0.785978 1.187076 1.006961 0.558547 0.558547 0.558547
vn -0.011431 0.995888 0.089870
v -0.396670 1.163904 1.313255 0.558547 0.558547 0.558547
vn -0.011431 0.995888 0.089870
v -0.419158 1.180533 1.126128 0.558547 0.558547 0.558547
vn -0.011431 0.995888 0.089870
f 1630//1630 1631//1631 1632//1632
v -0.893457 0.626432 1.023117 0.558547 0.558547 0.558547
vn -0.980168 0.108872 -0.165584
v -0.901274 0.632926 1.073656 0.558547 0.558547 0.558547
vn -0.980168 0.108872 -0.165584
v -0.901274 0.907699 1.254321 0.558547 0.558547 0.558547
vn -0.980168 0.108872 -0.165584
f 1633//1633 1634//1634 1635//1635
v -0.893457 0.626432 1.023117 0.558547 0.558547 0.558547
vn -0.999378 0.001188 -0.035231
v -0.901274 0.907699 1.254321 0.558547 0.558547 0.558547
vn -0.999378 0.001188 -0.035231
v -0.893457 0.907699 1.032598 0.558547 0.558547 0.558547
vn -0.999378 0.001188 -0.035231
f 1636//1636 1637//1637 1638//1638
v -0.800284 1.226416 -0.801485 0.558547 0.558547 0.558547
vn -0.903981 0.426821 -0.025346
v -0.760263 1.280835 -1.312454 0.558547 0.558547 0.558547
vn -0.903981 0.426821 -0.025346
v -0.800948 1.190167 -1.388210 0.558547 0.558547 0.558547
vn -0.903981 0.426821 -0.025346
f 1639//1639 1640//1640 1641//1641
v -0.800284 1.226416 -0.801485 0.558547 0.558547 0.558547
vn -0.954717 0.297014 -0.017269
v -0.800948 1.190167 -1.388210 0.558547 0.558547 0.558547
vn -0.954717 0.297014 -0.017269
v -0.812158 1.187076 -0.821661 0.558547 0.558547 0.558547
vn -0.954717 0.297014 -0.017269
f 1642//1642 1643//1643 1644//1644
v -0.714750 1.437208 -0.194483 0.558547 0.558547 0.558547
vn -0.926283 0.376076 0.023827
v -0.712523 1.445127 -0.232888 0.558547 0.558547 0.558547
vn -0.926283 0.376076 0.023827
v -0.800284 1.226416 -0.192574 0.558547 0.558547 0.558547
vn -0.926283 0.376076 0.023827
f 1645//1645 1646//1646 1647//1647
v -0.714750 1.437208 -0.194483 0.558547 0.558547 0.558547
vn -0.922336 0.375098 0.092729
v -0.800284 1.226416 -0.192574 0.558547 0.558547 0.558547
vn -0.922336 0.375098 0.092729
v -0.812158 1.187076 -0.151543 0.558547 0.558547 0.558547
vn -0.922336 0.375098 0.092729
f 1648//1648 1649//1649 1650//1650
v -0.894190 0.385104 -0.979616 0.558547 0.558547 0.558547
vn -0.023439 -0.302109 -0.952985
v -0.905881 0.580496 -1.041270 0.558547 0.558547 0.558547
vn -0.023439 -0.302109 -0.952985
v -0.894190 0.577403 -1.040577 0.558547 0.558547 0.558547
vn -0.023439 -0.302109 -0.952985
f 1651//1651 1652//1652 1653//1653
v -0.785978 1.187076 1.006961 0.558547 0.558547 0.558547
vn 0.139355 0.811310 0.567765
v -0.741369 1.209567 0.963873 0.558547 0.558547 0.558547
vn 0.139355 0.811310 0.567765
v -0.652994 1.427777 0.630371 0.558547 0.558547 0.558547
vn 0.139355 0.811310 0.567765
f 1654//1654 1655//1655 1656//1656
v -0.785978 1.187076 1.006961 0.558547 0.558547 0.558547
vn -0.020566 0.845695 0.533270
v -0.652994 1.427777 0.630371 0.558547 0.558547 0.558547
vn -0.020566 0.845695 0.533270
v -0.685663 1.428226 0.628398 0.558547 0.558547 0.558547
vn -0.020566 0.845695 0.533270
f 1657//1657 1658//1658 1659//1659
v -0.846039 0.800067 -1.656781 0.558547 0.558547 0.558547
vn -0.990839 -0.081267 -0.107856
v -0.845305 0.763305 -1.635828 0.558547 0.558547 0.558547
vn -0.990839 -0.081267 -0.107856
v -0.879196 0.818359 -1.365965 0.558547 0.558547 0.558547
vn -0.990839 -0.081267 -0.107856
f 1660//1660 1661//1661 1662//1662
v -0.846039 0.800067 -1.656781 0.558547 0.558547 0.558547
vn -0.992171 -0.060368 -0.109323
v -0.879196 0.818359 -1.365965 0.558547 0.558547 0.558547
vn -0.992171 -0.060368 -0.109323
v -0.881820 0.913526 -1.394699 0.558547 0.558547 0.558547
vn -0.992171 -0.060368 -0.109323
f 1663//1663 1664//1664 1665//1665
v -0.818039 0.558133 -1.829160 0.558547 0.558547 0.558547
vn -0.996184 0.028852 -0.082368
v -0.822553 0.558219 -1.774535 0.558547 0.558547 0.558547
vn -0.996184 0.028852 -0.082368
v -0.822553 0.679134 -1.732181 0.558547 0.558547 0.558547
vn -0.996184 0.028852 -0.082368
f 1666//1666 1667//1667 1668//1668
v -0.818039 0.558133 -1.829160 0.558547 0.558547 0.558547
vn -0.995758 0.031991 -0.086265
v -0.822553 0.679134 -1.732181 0.558547 0.558547 0.558547
vn -0.995758 0.031991 -0.086265
v -0.818039 0.700748 -1.776272 0.558547 0.558547 0.558547
vn -0.995758 0.031991 -0.086265
f 1669//1669 1670//1670 1671//1671
v -0.581094 1.670351 -0.260653 0.558547 0.558547 0.558547
vn -0.843187 0.512184 0.163408
v -0.605276 1.641418 -0.294743 0.558547 0.558547 0.558547
vn -0.843187 0.512184 0.163408
v -0.712523 1.445127 -0.232888 0.558547 0.558547 0.558547
vn -0.843187 0.512184 0.163408
f 1672//1672 1673//1673 1674//1674
v -0.581094 1.670351 -0.260653 0.558547 0.558547 0.558547
vn -0.859428 0.508293 0.054970
v -0.712523 1.445127 -0.232888 0.558547 0.558547 0.558547
vn -0.859428 0.508293 0.054970
v -0.714750 1.437208 -0.194483 0.558547 0.558547 0.558547
vn -0.859428 0.508293 0.054970
f 1675//1675 1676//1676 1677//1677
v -0.812158 1.187076 -0.151543 0.558547 0.558547 0.558547
vn -0.926830 0.375024 0.018518
v -0.800249 1.213801 -0.096752 0.558547 0.558547 0.558547
vn -0.926830 0.375024 0.018518
v -0.712445 1.432654 -0.134324 0.558547 0.558547 0.558547
vn -0.926830 0.375024 0.018518
f 1678//1678 1679//1679 1680//1680
v -0.812158 1.187076 -0.151543 0.558547 0.558547 0.558547
vn -0.926207 0.371609 0.063621
v -0.712445 1.432654 -0.134324 0.558547 0.558547 0.558547
vn -0.926207 0.371609 0.063621
v -0.714750 1.437208 -0.194483 0.558547 0.558547 0.558547
vn -0.926207 0.371609 0.063621
f 1681//1681 1682//1682 1683//1683
v -0.302734 0.969365 2.134037 0.558547 0.558547 0.558547
vn -0.030739 0.656341 0.753838
v -0.324709 0.847668 2.239099 0.558547 0.558547 0.558547
vn -0.030739 0.656341 0.753838
v 0.000000 0.847668 2.252339 0.558547 0.558547 0.558547
vn -0.030739 0.656341 0.753838
f 1684//1684 1685//1685 1686//1686
v -0.302734 0.969365 2.134037 0.558547 0.558547 0.558547
vn 0.005549 0.704085 0.710094
v 0.000000 0.847668 2.252339 0.558547 0.558547 0.558547
vn 0.005549 0.704085 0.710094
v 0.000000 0.966979 2.134037 0.558547 0.558547 0.558547
vn 0.005549 0.704085 0.710094
f 1687//1687 1688//1688 1689//1689
v -0.854275 0.863089 1.843401 0.558547 0.558547 0.558547
vn -0.835991 0.156985 0.525808
v -0.757418 0.765649 2.026487 0.558547 0.558547 0.558547
vn -0.835991 0.156985 0.525808
v -0.724607 0.981328 2.014260 0.558547 0.558547 0.558547
vn -0.835991 0.156985 0.525808
f 1690//1690 1691//1691 1692//1692
v -0.717581 0.630644 2.147905 0.558547 0.558547 0.558547
vn -0.497210 0.452869 0.740062
v -0.709348 0.640810 2.147215 0.558547 0.558547 0.558547
vn -0.497210 0.452869 0.740062
v -0.771220 0.693236 2.073565 0.558547 0.558547 0.558547
vn -0.497210 0.452869 0.740062
f 1693//1693 1694//1694 1695//1695
v -0.717581 0.630644 2.147905 0.558547 0.558547 0.558547
vn -0.497304 0.452779 0.740054
v -0.771220 0.693236 2.073565 0.558547 0.558547 0.558547
vn -0.497304 0.452779 0.740054
v -0.785476 0.688173 2.067083 0.558547 0.558547 0.558547
vn -0.497304 0.452779 0.740054
f 1696//1696 1697//1697 1698//1698
v -0.348402 0.352343 -1.223664 0.558547 0.558547 0.558547
vn 0.005168 -0.982479 -0.186303
v 0.000000 0.352343 -1.214000 0.558547 0.558547 0.558547
vn 0.005168 -0.982479 -0.186303
v 0.000000 0.296947 -0.921866 0.558547 0.558547 0.558547
vn 0.005168 -0.982479 -0.186303
f 1699//1699 1700//1700 1701//1701
v -0.348402 0.352343 -1.223664 0.558547 0.558547 0.558547
vn 0.000000 -0.983568 -0.180537
v 0.000000 0.296947 -0.921866 0.558547 0.558547 0.558547
vn 0.000000 -0.983568 -0.180537
v -0.348402 0.296947 -0.921866 0.558547 0.558547 0.558547
vn 0.000000 -0.983568 -0.180537
f 1702//1702 1703//1703 1704//1704
v -0.910395 0.634302 -0.963439 0.558547 0.558547 0.558547
vn -0.997996 -0.001018 0.063268
v -0.901274 0.632926 -0.819584 0.558547 0.558547 0.558547
vn -0.997996 -0.001018 0.063268
v -0.901274 0.982601 -0.813960 0.558547 0.558547 0.558547
vn -0.997996 -0.001018 0.063268
f 1705//1705 1706//1706 1707//1707
v -0.910395 0.634302 -0.963439 0.558547 0.558547 0.558547
vn -0.999396 0.012215 0.032521
v -0.901274 0.982601 -0.813960 0.558547 0.558547 0.558547
vn -0.999396 0.012215 0.032521
v -0.910395 0.950470 -1.082191 0.558547 0.558547 0.558547
vn -0.999396 0.012215 0.032521
f 1708//1708 1709//1709 1710//1710
v -0.614878 0.352343 -1.194987 0.558547 0.558547 0.558547
vn -0.019425 -0.983383 -0.180503
v -0.348402 0.352343 -1.223664 0.558547 0.558547 0.558547
vn -0.019425 -0.983383 -0.180503
v -0.348402 0.296947 -0.921866 0.558547 0.558547 0.558547
vn -0.019425 -0.983383 -0.180503
f 1711//1711 1712//1712 1713//1713
v -0.614878 0.352343 -1.194987 0.558547 0.558547 0.558547
vn -0.043982 -0.986588 -0.157193
v -0.348402 0.296947 -0.921866 0.558547 0.558547 0.558547
vn -0.043982 -0.986588 -0.157193
v -0.633559 0.320325 -0.988804 0.558547 0.558547 0.558547
vn -0.043982 -0.986588 -0.157193
f 1714//1714 1715//1715 1716//1716
v -0.846560 0.632926 1.877465 0.558547 0.558547 0.558547
vn -0.973571 0.001166 0.228382
v -0.854275 0.863089 1.843401 0.558547 0.558547 0.558547
vn -0.973571 0.001166 0.228382
v -0.884338 0.888076 1.715116 0.558547 0.558547 0.558547
vn -0.973571 0.001166 0.228382
f 1717//1717 1718//1718 1719//1719
v -0.846560 0.632926 1.877465 0.558547 0.558547 0.558547
vn -0.979317 -0.016698 0.201643
v -0.884338 0.888076 1.715116 0.558547 0.558547 0.558547
vn -0.979317 -0.016698 0.201643
v -0.883161 0.819044 1.715116 0.558547 0.558547 0.558547
vn -0.979317 -0.016698 0.201643
f 1720//1720 1721//1721 1722//1722
v -0.751836 1.139932 1.487842 0.558547 0.558547 0.558547
vn 0.002145 0.985615 0.168993
v -0.743652 1.105108 1.690845 0.558547 0.558547 0.558547
vn 0.002145 0.985615 0.168993
v -0.324709 1.083283 1.812816 0.558547 0.558547 0.558547
vn 0.002145 0.985615 0.168993
f 1723//1723 1724//1724 1725//1725
v -0.751836 1.139932 1.487842 0.558547 0.558547 0.558547
vn -0.000554 0.985020 0.172437
v -0.324709 1.083283 1.812816 0.558547 0.558547 0.558547
vn -0.000554 0.985020 0.172437
v -0.342469 1.125451 1.571879 0.558547 0.558547 0.558547
vn -0.000554 0.985020 0.172437
f 1726//1726 1727//1727 1728//1728
v -0.894539 0.907699 1.411508 0.558547 0.558547 0.558547
vn -0.834179 0.547834 0.063435
v -0.884338 0.888076 1.715116 0.558547 0.558547 0.558547
vn -0.834179 0.547834 0.063435
v -0.743652 1.105108 1.690845 0.558547 0.558547 0.558547
vn -0.834179 0.547834 0.063435
f 1729//1729 1730//1730 1731//1731
v -0.894539 0.907699 1.411508 0.558547 0.558547 0.558547
vn -0.862920 0.491121 0.119039
v -0.743652 1.105108 1.690845 0.558547 0.558547 0.558547
vn -0.862920 0.491121 0.119039
v -0.751836 1.139932 1.487842 0.558547 0.558547 0.558547
vn -0.862920 0.491121 0.119039
f 1732//1732 1733//1733 1734//1734
v 0.000000 1.092032 1.835001 0.558547 0.558547 0.558547
vn 0.002539 0.992435 0.122744
v 0.000000 1.123956 1.576885 0.558547 0.558547 0.558547
vn 0.002539 0.992435 0.122744
v -0.342469 1.125451 1.571879 0.558547 0.558547 0.558547
vn 0.002539 0.992435 0.122744
f 1735//1735 1736//1736 1737//1737
v 0.000000 1.092032 1.835001 0.558547 0.558547 0.558547
vn -0.038466 0.983813 0.175020
v -0.342469 1.125451 1.571879 0.558547 0.558547 0.558547
vn -0.038466 0.983813 0.175020
v -0.324709 1.083283 1.812816 0.558547 0.558547 0.558547
vn -0.038466 0.983813 0.175020
f 1738//1738 1739//1739 1740//1740
v -0.884338 0.888076 1.715116 0.558547 0.558547 0.558547
vn -0.999327 -0.017040 0.032474
v -0.894539 0.907699 1.411508 0.558547 0.558547 0.558547
vn -0.999327 -0.017040 0.032474
v -0.883161 0.819044 1.715116 0.558547 0.558547 0.558547
vn -0.999327 -0.017040 0.032474
f 1741//1741 1742//1742 1743//1743
v -0.883161 0.819044 1.715116 0.558547 0.558547 0.558547
vn -0.983598 -0.067740 0.167173
v -0.882310 0.734888 1.686020 0.558547 0.558547 0.558547
vn -0.983598 -0.067740 0.167173
v -0.851567 0.595986 1.810621 0.558547 0.558547 0.558547
vn -0.983598 -0.067740 0.167173
f 1744//1744 1745//1745 1746//1746
v -0.883161 0.819044 1.715116 0.558547 0.558547 0.558547
vn -0.988600 -0.087591 0.122464
v -0.851567 0.595986 1.810621 0.558547 0.558547 0.558547
vn -0.988600 -0.087591 0.122464
v -0.846560 0.632926 1.877465 0.558547 0.558547 0.558547
vn -0.988600 -0.087591 0.122464
f 1747//1747 1748//1748 1749//1749
v -0.901274 0.907699 1.254321 0.558547 0.558547 0.558547
vn -0.998292 -0.033958 0.047548
v -0.897524 0.734468 1.209330 0.558547 0.558547 0.558547
vn -0.998292 -0.033958 0.047548
v -0.890240 0.802021 1.410501 0.558547 0.558547 0.558547
vn -0.998292 -0.033958 0.047548
f 1750//1750 1751//1751 1752//1752
v -0.901274 0.907699 1.254321 0.558547 0.558547 0.558547
vn -0.998243 -0.041010 0.042772
v -0.890240 0.802021 1.410501 0.558547 0.558547 0.558547
vn -0.998243 -0.041010 0.042772
v -0.894539 0.907699 1.411508 0.558547 0.558547 0.558547
vn -0.998243 -0.041010 0.042772
f 1753//1753 1754//1754 1755//1755
v -0.901274 0.632926 1.073656 0.558547 0.558547 0.558547
vn -0.998704 -0.023466 0.045165
v -0.897524 0.595986 1.137379 0.558547 0.558547 0.558547
vn -0.998704 -0.023466 0.045165
v -0.897524 0.734468 1.209330 0.558547 0.558547 0.558547
vn -0.998704 -0.023466 0.045165
f 1756//1756 1757//1757 1758//1758
v -0.901274 0.632926 1.073656 0.558547 0.558547 0.558547
vn -0.997886 -0.035703 0.054300
v -0.897524 0.734468 1.209330 0.558547 0.558547 0.558547
vn -0.997886 -0.035703 0.054300
v -0.901274 0.907699 1.254321 0.558547 0.558547 0.558547
vn -0.997886 -0.035703 0.054300
f 1759//1759 1760//1760 1761//1761
v -0.894539 0.907699 1.411508 0.558547 0.558547 0.558547
vn -0.998990 -0.040812 0.018808
v -0.890240 0.802021 1.410501 0.558547 0.558547 0.558547
vn -0.998990 -0.040812 0.018808
v -0.882310 0.734888 1.686020 0.558547 0.558547 0.558547
vn -0.998990 -0.040812 0.018808
f 1762//1762 1763//1763 1764//1764
v -0.894539 0.907699 1.411508 0.558547 0.558547 0.558547
vn -0.999290 -0.020935 0.031335
v -0.882310 0.734888 1.686020 0.558547 0.558547 0.558547
vn -0.999290 -0.020935 0.031335
v -0.883161 0.819044 1.715116 0.558547 0.558547 0.558547
vn -0.999290 -0.020935 0.031335
f 1765//1765 1766//1766 1767//1767
v -0.901274 0.374412 1.022310 0.558547 0.558547 0.558547
vn -0.998646 -0.009646 0.051116
v -0.897524 0.367435 1.094251 0.558547 0.558547 0.558547
vn -0.998646 -0.009646 0.051116
v -0.897524 0.595986 1.137379 0.558547 0.558547 0.558547
vn -0.998646 -0.009646 0.051116
f 1768//1768 1769//1769 1770//1770
v -0.901274 0.374412 1.022310 0.558547 0.558547 0.558547
vn -0.998556 -0.010466 0.052692
v -0.897524 0.595986 1.137379 0.558547 0.558547 0.558547
vn -0.998556 -0.010466 0.052692
v -0.901274 0.632926 1.073656 0.558547 0.558547 0.558547
vn -0.998556 -0.010466 0.052692
f 1771//1771 1772//1772 1773//1773
v -0.842721 0.367435 1.844719 0.558547 0.558547 0.558547
vn 0.000000 -0.102130 -0.994771
v -0.608126 0.367435 1.844719 0.558547 0.558547 0.558547
vn 0.000000 -0.102130 -0.994771
v -0.606066 0.299741 1.851669 0.558547 0.558547 0.558547
vn 0.000000 -0.102130 -0.994771
f 1774//1774 1775//1775 1776//1776
v -0.842721 0.367435 1.844719 0.558547 0.558547 0.558547
vn 0.000000 -0.102130 -0.994771
v -0.606066 0.299741 1.851669 0.558547 0.558547 0.558547
vn 0.000000 -0.102130 -0.994771
v -0.840661 0.299741 1.851669 0.558547 0.558547 0.558547
vn 0.000000 -0.102130 -0.994771
f 1777//1777 1778//1778 1779//1779
v -0.882310 0.734888 1.686020 0.558547 0.558547 0.558547
vn 0.000000 -0.667750 -0.744385
v -0.647717 0.734888 1.686020 0.558547 0.558547 0.558547
vn 0.000000 -0.667750 -0.744385
v -0.616972 0.595986 1.810621 0.558547 0.558547 0.558547
vn 0.000000 -0.667750 -0.744385
f 1780//1780 1781//1781 1782//1782
v -0.882310 0.734888 1.686020 0.558547 0.558547 0.558547
vn 0.000000 -0.667750 -0.744385
v -0.616972 0.595986 1.810621 0.558547 0.558547 0.558547
vn 0.000000 -0.667750 -0.744385
v -0.851567 0.595986 1.810621 0.558547 0.558547 0.558547
vn 0.000000 -0.667750 -0.744385
f 1783//1783 1784//1784 1785//1785
v -0.897524 0.367435 1.094251 0.558547 0.558547 0.558547
vn 0.000000 -0.185429 0.982658
v -0.662930 0.367435 1.094251 0.558547 0.558547 0.558547
vn 0.000000 -0.185429 0.982658
v -0.662930 0.595986 1.137379 0.558547 0.558547 0.558547
vn 0.000000 -0.185429 0.982658
f 1786//1786 1787//1787 1788//1788
v -0.897524 0.367435 1.094251 0.558547 0.558547 0.558547
vn 0.000000 -0.185429 0.982658
v -0.662930 0.595986 1.137379 0.558547 0.558547 0.558547
vn 0.000000 -0.185429 0.982658
v -0.897524 0.595986 1.137379 0.558547 0.558547 0.558547
vn 0.000000 -0.185429 0.982658
f 1789//1789 1790//1790 1791//1791
v -0.897524 0.734468 1.209330 0.558547 0.558547 0.558547
vn 0.000000 -0.936490 0.350694
v -0.662930 0.734468 1.209330 0.558547 0.558547 0.558547
vn 0.000000 -0.936490 0.350694
v -0.680438 0.809802 1.410501 0.558547 0.558547 0.558547
vn 0.000000 -0.936490 0.350694
f 1792//1792 1793//1793 1794//1794
v -0.897524 0.734468 1.209330 0.558547 0.558547 0.558547
vn 0.035152 -0.947778 0.316988
v -0.680438 0.809802 1.410501 0.558547 0.558547 0.558547
vn 0.035152 -0.947778 0.316988
v -0.890240 0.802021 1.410501 0.558547 0.558547 0.558547
vn 0.035152 -0.947778 0.316988
f 1795//1795 1796//1796 1797//1797
v -0.890240 0.802021 1.410501 0.558547 0.558547 0.558547
vn 0.035727 -0.963267 -0.266158
v -0.680438 0.809802 1.410501 0.558547 0.558547 0.558547
vn 0.035727 -0.963267 -0.266158
v -0.647717 0.734888 1.686020 0.558547 0.558547 0.558547
vn 0.035727 -0.963267 -0.266158
f 1798//1798 1799//1799 1800//1800
v -0.890240 0.802021 1.410501 0.558547 0.558547 0.558547
vn 0.000000 -0.971574 -0.236734
v -0.647717 0.734888 1.686020 0.558547 0.558547 0.558547
vn 0.000000 -0.971574 -0.236734
v -0.882310 0.734888 1.686020 0.558547 0.558547 0.558547
vn 0.000000 -0.971574 -0.236734
f 1801//1801 1802//1802 1803//1803
v -0.897524 0.595986 1.137379 0.558547 0.558547 0.558547
vn 0.000000 -0.461053 0.887373
v -0.662930 0.595986 1.137379 0.558547 0.558547 0.558547
vn 0.000000 -0.461053 0.887373
v -0.662930 0.734468 1.209330 0.558547 0.558547 0.558547
vn 0.000000 -0.461053 0.887373
f 1804//1804 1805//1805 1806//1806
v -0.897524 0.595986 1.137379 0.558547 0.558547 0.558547
vn 0.000000 -0.461053 0.887373
v -0.662930 0.734468 1.209330 0.558547 0.558547 0.558547
vn 0.000000 -0.461053 0.887373
v -0.897524 0.734468 1.209330 0.558547 0.558547 0.558547
vn 0.000000 -0.461053 0.887373
f 1807//1807 1808//1808 1809//1809
v -0.608126 0.367435 1.844719 0.558547 0.558547 0.558547
vn -0.997274 -0.028444 0.068078
v -0.616972 0.595986 1.810621 0.558547 0.558547 0.558547
vn -0.997274 -0.028444 0.068078
v -0.662930 0.595986 1.137379 0.558547 0.558547 0.558547
vn -0.997274 -0.028444 0.068078
f 1810//1810 1811//1811 1812//1812
v -0.608126 0.367435 1.844719 0.558547 0.558547 0.558547
vn -0.997250 -0.013742 0.072826
v -0.662930 0.595986 1.137379 0.558547 0.558547 0.558547
vn -0.997250 -0.013742 0.072826
v -0.662930 0.367435 1.094251 0.558547 0.558547 0.558547
vn -0.997250 -0.013742 0.072826
f 1813//1813 1814//1814 1815//1815
v -0.647717 0.734888 1.686020 0.558547 0.558547 0.558547
vn -0.952424 -0.303229 0.030664
v -0.680438 0.809802 1.410501 0.558547 0.558547 0.558547
vn -0.952424 -0.303229 0.030664
v -0.662930 0.734468 1.209330 0.558547 0.558547 0.558547
vn -0.952424 -0.303229 0.030664
f 1816//1816 1817//1817 1818//1818
v -0.616972 0.595986 1.810621 0.558547 0.558547 0.558547
vn -0.981474 -0.188990 0.031490
v -0.647717 0.734888 1.686020 0.558547 0.558547 0.558547
vn -0.981474 -0.188990 0.031490
v -0.662930 0.734468 1.209330 0.558547 0.558547 0.558547
vn -0.981474 -0.188990 0.031490
f 1819//1819 1820//1820 1821//1821
v -0.616972 0.595986 1.810621 0.558547 0.558547 0.558547
vn -0.997054 -0.035363 0.068063
v -0.662930 0.734468 1.209330 0.558547 0.558547 0.558547
vn -0.997054 -0.035363 0.068063
v -0.662930 0.595986 1.137379 0.558547 0.558547 0.558547
vn -0.997054 -0.035363 0.068063
f 1822//1822 1823//1823 1824//1824
v 0.000000 0.299741 1.010352 0.558547 0.558547 0.558547
vn 0.000000 -1.000000 0.000000
v 0.000000 0.299741 1.925525 0.558547 0.558547 0.558547
vn 0.000000 -1.000000 0.000000
v -0.383304 0.299741 1.925525 0.558547 0.558547 0.558547
vn 0.000000 -1.000000 0.000000
f 1825//1825 1826//1826 1827//1827
v 0.000000 0.299741 1.010352 0.558547 0.558547 0.558547
vn 0.000000 -1.000000 0.000000
v -0.383304 0.299741 1.925525 0.558547 0.558547 0.558547
vn 0.000000 -1.000000 0.000000
v -0.324709 0.299741 1.010352 0.558547 0.558547 0.558547
vn 0.000000 -1.000000 0.000000
f 1828//1828 1829//1829 1830//1830
v -0.324709 0.299741 1.010352 0.558547 0.558547 0.558547
vn 0.000000 -1.000000 0.000000
v -0.383304 0.299741 1.925525 0.558547 0.558547 0.558547
vn 0.000000 -1.000000 0.000000
v -0.606066 0.299741 1.851669 0.558547 0.558547 0.558547
vn 0.000000 -1.000000 0.000000
f 1831//1831 1832//1832 1833//1833
v -0.324709 0.299741 1.010352 0.558547 0.558547 0.558547
vn 0.000000 -1.000000 0.000000
v -0.606066 0.299741 1.851669 0.558547 0.558547 0.558547
vn 0.000000 -1.000000 0.000000
v -0.662930 0.299741 1.084208 0.558547 0.558547 0.558547
vn 0.000000 -1.000000 0.000000
f 1834//1834 1835//1835 1836//1836
v -0.581094 1.670351 -0.260653 0.558547 0.558547 0.558547
vn -0.079421 0.988837 0.126072
v -0.577900 1.605486 0.250122 0.558547 0.558547 0.558547
vn -0.079421 0.988837 0.126072
v -0.324850 1.626472 0.244932 0.558547 0.558547 0.558547
vn -0.079421 0.988837 0.126072
f 1837//1837 1838//1838 1839//1839
v -0.581094 1.670351 -0.260653 0.558547 0.558547 0.558547
vn -0.184920 0.966571 0.177609
v -0.324850 1.626472 0.244932 0.558547 0.558547 0.558547
vn -0.184920 0.966571 0.177609
v -0.324850 1.719137 -0.259362 0.558547 0.558547 0.558547
vn -0.184920 0.966571 0.177609
f 1840//1840 1841//1841 1842//1842
v -0.419158 1.180533 1.126128 0.558547 0.558547 0.558547
vn -0.157822 0.869029 0.468915
v -0.429454 1.209567 1.068853 0.558547 0.558547 0.558547
vn -0.157822 0.869029 0.468915
v -0.741369 1.209567 0.963873 0.558547 0.558547 0.558547
vn -0.157822 0.869029 0.468915
f 1843//1843 1844//1844 1845//1845
v -0.419158 1.180533 1.126128 0.558547 0.558547 0.558547
vn -0.104687 0.921959 0.372869
v -0.741369 1.209567 0.963873 0.558547 0.558547 0.558547
vn -0.104687 0.921959 0.372869
v -0.785978 1.187076 1.006961 0.558547 0.558547 0.558547
vn -0.104687 0.921959 0.372869
f 1846//1846 1847//1847 1848//1848
v -0.324850 1.719137 -0.259362 0.558547 0.558547 0.558547
vn -0.068233 0.981241 0.180305
v -0.324850 1.626472 0.244932 0.558547 0.558547 0.558547
vn -0.068233 0.981241 0.180305
v 0.000000 1.649014 0.245193 0.558547 0.558547 0.558547
vn -0.068233 0.981241 0.180305
f 1849//1849 1850//1850 1851//1851
v -0.324850 1.719137 -0.259362 0.558547 0.558547 0.558547
vn 0.000000 0.990480 0.137658
v 0.000000 1.649014 0.245193 0.558547 0.558547 0.558547
vn 0.000000 0.990480 0.137658
v 0.000000 1.719137 -0.259362 0.558547 0.558547 0.558547
vn 0.000000 0.990480 0.137658
f 1852//1852 1853//1853 1854//1854
v -0.685663 1.428226 0.628398 0.558547 0.558547 0.558547
vn -0.014414 0.896439 0.442934
v -0.652994 1.427777 0.630371 0.558547 0.558547 0.558547
vn -0.014414 0.896439 0.442934
v -0.552844 1.586621 0.312151 0.558547 0.558547 0.558547
vn -0.014414 0.896439 0.442934
f 1855//1855 1856//1856 1857//1857
v -0.685663 1.428226 0.628398 0.558547 0.558547 0.558547
vn -0.216380 0.906298 0.363049
v -0.552844 1.586621 0.312151 0.558547 0.558547 0.558547
vn -0.216380 0.906298 0.363049
v -0.577900 1.605486 0.250122 0.558547 0.558547 0.558547
vn -0.216380 0.906298 0.363049
f 1858//1858 1859//1859 1860//1860
v -0.324850 1.712828 -1.711805 0.558547 0.558547 0.558547
vn -0.020829 0.999654 -0.016086
v -0.324850 1.727560 -0.796300 0.558547 0.558547 0.558547
vn -0.020829 0.999654 -0.016086
v 0.000000 1.734332 -0.796083 0.558547 0.558547 0.558547
vn -0.020829 0.999654 -0.016086
f 1861//1861 1862//1862 1863//1863
v -0.324850 1.712828 -1.711805 0.558547 0.558547 0.558547
vn 0.000000 0.999724 -0.023477
v 0.000000 1.734332 -0.796083 0.558547 0.558547 0.558547
vn 0.000000 0.999724 -0.023477
v 0.000000 1.712828 -1.711805 0.558547 0.558547 0.558547
vn 0.000000 0.999724 -0.023477
f 1864//1864 1865//1865 1866//1866
v -0.607191 1.653180 -1.721950 0.558547 0.558547 0.558547
vn -0.711936 0.405766 -0.573150
v -0.591972 1.637271 -1.752118 0.558547 0.558547 0.558547
vn -0.711936 0.405766 -0.573150
v -0.598579 1.453872 -1.873749 0.558547 0.558547 0.558547
vn -0.711936 0.405766 -0.573150
f 1867//1867 1868//1868 1869//1869
v -0.607191 1.653180 -1.721950 0.558547 0.558547 0.558547
vn -0.194779 0.588959 -0.784339
v -0.598579 1.453872 -1.873749 0.558547 0.558547 0.558547
vn -0.194779 0.588959 -0.784339
v -0.629958 1.457462 -1.863260 0.558547 0.558547 0.558547
vn -0.194779 0.588959 -0.784339
f 1870//1870 1871//1871 1872//1872
v -0.812158 1.187076 0.336669 0.558547 0.558547 0.558547
vn -0.913422 0.407014 0.000000
v -0.800249 1.213801 0.298833 0.558547 0.558547 0.558547
vn -0.913422 0.407014 0.000000
v -0.800249 1.213801 -0.096752 0.558547 0.558547 0.558547
vn -0.913422 0.407014 0.000000
f 1873//1873 1874//1874 1875//1875
v -0.812158 1.187076 0.336669 0.558547 0.558547 0.558547
vn -0.913422 0.407014 0.000000
v -0.800249 1.213801 -0.096752 0.558547 0.558547 0.558547
vn -0.913422 0.407014 0.000000
v -0.812158 1.187076 -0.151543 0.558547 0.558547 0.558547
vn -0.913422 0.407014 0.000000
f 1876//1876 1877//1877 1878//1878
v -0.577900 1.605486 0.250122 0.558547 0.558547 0.558547
vn -0.928037 0.347373 -0.134457
v -0.589808 1.569911 0.240399 0.558547 0.558547 0.558547
vn -0.928037 0.347373 -0.134457
v -0.689573 1.424796 0.554082 0.558547 0.558547 0.558547
vn -0.928037 0.347373 -0.134457
f 1879//1879 1880//1880 1881//1881
v -0.577900 1.605486 0.250122 0.558547 0.558547 0.558547
vn -0.836139 0.548199 0.018688
v -0.689573 1.424796 0.554082 0.558547 0.558547 0.558547
vn -0.836139 0.548199 0.018688
v -0.685663 1.428226 0.628398 0.558547 0.558547 0.558547
vn -0.836139 0.548199 0.018688
f 1882//1882 1883//1883 1884//1884
v 0.000000 1.045882 -2.198071 0.558547 0.558547 0.558547
vn -0.100557 0.403430 -0.909468
v 0.000000 0.874116 -2.274264 0.558547 0.558547 0.558547
vn -0.100557 0.403430 -0.909468
v -0.324709 0.874116 -2.238362 0.558547 0.558547 0.558547
vn -0.100557 0.403430 -0.909468
f 1885//1885 1886//1886 1887//1887
v 0.000000 1.045882 -2.198071 0.558547 0.558547 0.558547
vn -0.067313 0.346703 -0.935557
v -0.324709 0.874116 -2.238362 0.558547 0.558547 0.558547
vn -0.067313 0.346703 -0.935557
v -0.324709 1.045882 -2.174709 0.558547 0.558547 0.558547
vn -0.067313 0.346703 -0.935557
f 1888//1888 1889//1889 1890//1890
v -0.324709 1.045882 -2.174709 0.558547 0.558547 0.558547
vn -0.302248 0.331239 -0.893827
v -0.324709 0.874116 -2.238362 0.558547 0.558547 0.558547
vn -0.302248 0.331239 -0.893827
v -0.462165 0.874116 -2.191881 0.558547 0.558547 0.558547
vn -0.302248 0.331239 -0.893827
f 1891//1891 1892//1892 1893//1893
v -0.324709 1.045882 -2.174709 0.558547 0.558547 0.558547
vn -0.250911 0.293032 -0.922592
v -0.462165 0.874116 -2.191881 0.558547 0.558547 0.558547
vn -0.250911 0.293032 -0.922592
v -0.485813 1.061832 -2.125828 0.558547 0.558547 0.558547
vn -0.250911 0.293032 -0.922592
f 1894//1894 1895//1895 1896//1896
v 0.000000 1.209567 1.075632 0.558547 0.558547 0.558547
vn 0.014153 0.445084 -0.895377
v 0.000000 1.192241 1.067019 0.558547 0.558547 0.558547
vn 0.014153 0.445084 -0.895377
v -0.428821 1.192241 1.060241 0.558547 0.558547 0.558547
vn 0.014153 0.445084 -0.895377
f 1897//1897 1898//1898 1899//1899
v 0.000000 1.209567 1.075632 0.558547 0.558547 0.558547
vn 0.014129 0.445498 -0.895172
v -0.428821 1.192241 1.060241 0.558547 0.558547 0.558547
vn 0.014129 0.445498 -0.895172
v -0.429454 1.209567 1.068853 0.558547 0.558547 0.558547
vn 0.014129 0.445498 -0.895172
f 1900//1900 1901//1901 1902//1902
v -0.741369 1.209567 0.963873 0.558547 0.558547 0.558547
vn 0.974660 -0.070044 0.212444
v -0.740737 1.192241 0.955260 0.558547 0.558547 0.558547
vn 0.974660 -0.070044 0.212444
v -0.652362 1.410452 0.621757 0.558547 0.558547 0.558547
vn 0.974660 -0.070044 0.212444
f 1903//1903 1904//1904 1905//1905
v -0.741369 1.209567 0.963873 0.558547 0.558547 0.558547
vn 0.974660 -0.070058 0.212435
v -0.652362 1.410452 0.621757 0.558547 0.558547 0.558547
vn 0.974660 -0.070058 0.212435
v -0.652994 1.427777 0.630371 0.558547 0.558547 0.558547
vn 0.974660 -0.070058 0.212435
f 1906//1906 1907//1907 1908//1908
v -0.552844 1.586621 0.312151 0.558547 0.558547 0.558547
vn -0.072808 -0.297167 0.952046
v -0.552212 1.568080 0.306412 0.558547 0.558547 0.558547
vn -0.072808 -0.297167 0.952046
v -0.334497 1.583583 0.327901 0.558547 0.558547 0.558547
vn -0.072808 -0.297167 0.952046
f 1909//1909 1910//1910 1911//1911
v -0.552844 1.586621 0.312151 0.558547 0.558547 0.558547
vn -0.072808 -0.297184 0.952040
v -0.334497 1.583583 0.327901 0.558547 0.558547 0.558547
vn -0.072808 -0.297184 0.952040
v -0.335128 1.602123 0.333640 0.558547 0.558547 0.558547
vn -0.072808 -0.297184 0.952040
f 1912//1912 1913//1913 1914//1914
v -0.335128 1.602123 0.333640 0.558547 0.558547 0.558547
vn -0.032122 -0.296552 0.954476
v -0.334497 1.583583 0.327901 0.558547 0.558547 0.558547
vn -0.032122 -0.296552 0.954476
v 0.000000 1.591208 0.341527 0.558547 0.558547 0.558547
vn -0.032122 -0.296552 0.954476
f 1915//1915 1916//1916 1917//1917
v -0.335128 1.602123 0.333640 0.558547 0.558547 0.558547
vn -0.032095 -0.295485 0.954808
v 0.000000 1.591208 0.341527 0.558547 0.558547 0.558547
vn -0.032095 -0.295485 0.954808
v 0.000000 1.609748 0.347265 0.558547 0.558547 0.558547
vn -0.032095 -0.295485 0.954808
f 1918//1918 1919//1919 1920//1920
v -0.324850 1.626472 0.244932 0.558547 0.558547 0.558547
vn -0.032567 0.964775 0.261054
v -0.335128 1.602123 0.333640 0.558547 0.558547 0.558547
vn -0.032567 0.964775 0.261054
v 0.000000 1.609748 0.347265 0.558547 0.558547 0.558547
vn -0.032567 0.964775 0.261054
f 1921//1921 1922//1922 1923//1923
v -0.324850 1.626472 0.244932 0.558547 0.558547 0.558547
vn -0.064914 0.931357 0.358275
v 0.000000 1.609748 0.347265 0.558547 0.558547 0.558547
vn -0.064914 0.931357 0.358275
v 0.000000 1.649014 0.245193 0.558547 0.558547 0.558547
vn -0.064914 0.931357 0.358275
f 1924//1924 1925//1925 1926//1926
v -0.577900 1.605486 0.250122 0.558547 0.558547 0.558547
vn -0.099116 0.940166 0.325980
v -0.552844 1.586621 0.312151 0.558547 0.558547 0.558547
vn -0.099116 0.940166 0.325980
v -0.335128 1.602123 0.333640 0.558547 0.558547 0.558547
vn -0.099116 0.940166 0.325980
f 1927//1927 1928//1928 1929//1929
v -0.577900 1.605486 0.250122 0.558547 0.558547 0.558547
vn -0.074683 0.963812 0.255910
v -0.335128 1.602123 0.333640 0.558547 0.558547 0.558547
vn -0.074683 0.963812 0.255910
v -0.324850 1.626472 0.244932 0.558547 0.558547 0.558547
vn -0.074683 0.963812 0.255910
f 1930//1930 1931//1931 1932//1932
v -0.777344 1.213801 0.885308 0.558547 0.558547 0.558547
vn 0.621677 0.782897 -0.024280
v -0.767821 1.206212 0.884422 0.558547 0.558547 0.558547
vn 0.621677 0.782897 -0.024280
v -0.790727 1.206212 0.297948 0.558547 0.558547 0.558547
vn 0.621677 0.782897 -0.024280
f 1933//1933 1934//1934 1935//1935
v -0.777344 1.213801 0.885308 0.558547 0.558547 0.558547
vn 0.621679 0.782896 -0.024280
v -0.790727 1.206212 0.297948 0.558547 0.558547 0.558547
vn 0.621679 0.782896 -0.024280
v -0.800249 1.213801 0.298833 0.558547 0.558547 0.558547
vn 0.621679 0.782896 -0.024280
f 1936//1936 1937//1937 1938//1938
v -0.800249 1.213801 -0.096752 0.558547 0.558547 0.558547
vn 0.170633 0.099828 0.980265
v -0.790727 1.206212 -0.097637 0.558547 0.558547 0.558547
vn 0.170633 0.099828 0.980265
v -0.702921 1.425066 -0.135209 0.558547 0.558547 0.558547
vn 0.170633 0.099828 0.980265
f 1939//1939 1940//1940 1941//1941
v -0.800249 1.213801 -0.096752 0.558547 0.558547 0.558547
vn 0.170613 0.099838 0.980267
v -0.702921 1.425066 -0.135209 0.558547 0.558547 0.558547
vn 0.170613 0.099838 0.980267
v -0.712445 1.432654 -0.134324 0.558547 0.558547 0.558547
vn 0.170613 0.099838 0.980267
f 1942//1942 1943//1943 1944//1944
v -0.800249 1.213801 0.298833 0.558547 0.558547 0.558547
vn 0.623243 0.782028 0.000000
v -0.790727 1.206212 0.297948 0.558547 0.558547 0.558547
vn 0.623243 0.782028 0.000000
v -0.790727 1.206212 -0.097637 0.558547 0.558547 0.558547
vn 0.623243 0.782028 0.000000
f 1945//1945 1946//1946 1947//1947
v -0.800249 1.213801 0.298833 0.558547 0.558547 0.558547
vn 0.623243 0.782028 0.000000
v -0.790727 1.206212 -0.097637 0.558547 0.558547 0.558547
vn 0.623243 0.782028 0.000000
v -0.800249 1.213801 -0.096752 0.558547 0.558547 0.558547
vn 0.623243 0.782028 0.000000
f 1948//1948 1949//1949 1950//1950
v -0.589808 1.569911 0.240399 0.558547 0.558547 0.558547
vn -0.534584 -0.688366 -0.490277
v -0.580285 1.562277 0.240734 0.558547 0.558547 0.558547
vn -0.534584 -0.688366 -0.490277
v -0.680051 1.417208 0.553197 0.558547 0.558547 0.558547
vn -0.534584 -0.688366 -0.490277
f 1951//1951 1952//1952 1953//1953
v -0.589808 1.569911 0.240399 0.558547 0.558547 0.558547
vn -0.571451 -0.660340 -0.487232
v -0.680051 1.417208 0.553197 0.558547 0.558547 0.558547
vn -0.571451 -0.660340 -0.487232
v -0.689573 1.424796 0.554082 0.558547 0.558547 0.558547
vn -0.571451 -0.660340 -0.487232
f 1954//1954 1955//1955 1956//1956
v -0.785978 1.187076 1.006961 0.558547 0.558547 0.558547
vn -0.893574 0.447557 0.034899
v -0.777344 1.213801 0.885308 0.558547 0.558547 0.558547
vn -0.893574 0.447557 0.034899
v -0.800249 1.213801 0.298833 0.558547 0.558547 0.558547
vn -0.893574 0.447557 0.034899
f 1957//1957 1958//1958 1959//1959
v -0.785978 1.187076 1.006961 0.558547 0.558547 0.558547
vn -0.893565 0.447575 0.034900
v -0.800249 1.213801 0.298833 0.558547 0.558547 0.558547
vn -0.893565 0.447575 0.034900
v -0.812158 1.187076 0.336669 0.558547 0.558547 0.558547
vn -0.893565 0.447575 0.034900
f 1960//1960 1961//1961 1962//1962
v -0.581094 1.670351 -0.260653 0.558547 0.558547 0.558547
vn -0.871376 0.483745 0.081817
v -0.598362 1.627646 -0.192065 0.558547 0.558547 0.558547
vn -0.871376 0.483745 0.081817
v -0.589808 1.569911 0.240399 0.558547 0.558547 0.558547
vn -0.871376 0.483745 0.081817
f 1963//1963 1964//1964 1965//1965
v -0.581094 1.670351 -0.260653 0.558547 0.558547 0.558547
vn -0.950960 0.306051 0.044812
v -0.589808 1.569911 0.240399 0.558547 0.558547 0.558547
vn -0.950960 0.306051 0.044812
v -0.577900 1.605486 0.250122 0.558547 0.558547 0.558547
vn -0.950960 0.306051 0.044812
f 1966//1966 1967//1967 1968//1968
v -0.714750 1.437208 -0.194483 0.558547 0.558547 0.558547
vn -0.851458 0.519464 0.071948
v -0.712445 1.432654 -0.134324 0.558547 0.558547 0.558547
vn -0.851458 0.519464 0.071948
v -0.598362 1.627646 -0.192065 0.558547 0.558547 0.558547
vn -0.851458 0.519464 0.071948
f 1969//1969 1970//1970 1971//1971
v -0.714750 1.437208 -0.194483 0.558547 0.558547 0.558547
vn -0.848843 0.517403 0.108445
v -0.598362 1.627646 -0.192065 0.558547 0.558547 0.558547
vn -0.848843 0.517403 0.108445
v -0.581094 1.670351 -0.260653 0.558547 0.558547 0.558547
vn -0.848843 0.517403 0.108445
f 1972//1972 1973//1973 1974//1974
v -0.605276 1.641418 -0.294743 0.558547 0.558547 0.558547
vn -0.135581 -0.233000 -0.962979
v -0.596980 1.632674 -0.293796 0.558547 0.558547 0.558547
vn -0.135581 -0.233000 -0.962979
v -0.703252 1.438605 -0.231877 0.558547 0.558547 0.558547
vn -0.135581 -0.233000 -0.962979
f 1975//1975 1976//1976 1977//1977
v -0.605276 1.641418 -0.294743 0.558547 0.558547 0.558547
vn -0.078273 -0.260475 -0.962302
v -0.703252 1.438605 -0.231877 0.558547 0.558547 0.558547
vn -0.078273 -0.260475 -0.962302
v -0.712523 1.445127 -0.232888 0.558547 0.558547 0.558547
vn -0.078273 -0.260475 -0.962302
f 1978//1978 1979//1979 1980//1980
v -0.800284 1.226416 -0.801485 0.558547 0.558547 0.558547
vn 0.559570 0.817018 0.139149
v -0.791014 1.219895 -0.800475 0.558547 0.558547 0.558547
vn 0.559570 0.817018 0.139149
v -0.739659 1.271665 -1.310963 0.558547 0.558547 0.558547
vn 0.559570 0.817018 0.139149
f 1981//1981 1982//1982 1983//1983
v -0.800284 1.226416 -0.801485 0.558547 0.558547 0.558547
vn 0.395517 0.909518 0.127844
v -0.739659 1.271665 -1.310963 0.558547 0.558547 0.558547
vn 0.395517 0.909518 0.127844
v -0.760263 1.280835 -1.312454 0.558547 0.558547 0.558547
vn 0.395517 0.909518 0.127844
f 1984//1984 1985//1985 1986//1986
v -0.684331 1.429570 -1.633744 0.558547 0.558547 0.558547
vn -0.092195 0.023331 0.995468
v -0.675061 1.423048 -1.632733 0.558547 0.558547 0.558547
vn -0.092195 0.023331 0.995468
v -0.631165 1.551057 -1.631668 0.558547 0.558547 0.558547
vn -0.092195 0.023331 0.995468
f 1987//1987 1988//1988 1989//1989
v -0.684331 1.429570 -1.633744 0.558547 0.558547 0.558547
vn -0.049837 0.004738 0.998746
v -0.631165 1.551057 -1.631668 0.558547 0.558547 0.558547
vn -0.049837 0.004738 0.998746
v -0.640023 1.558572 -1.632145 0.558547 0.558547 0.558547
vn -0.049837 0.004738 0.998746
f 1990//1990 1991//1991 1992//1992
v -0.586304 1.682865 -0.806311 0.558547 0.558547 0.558547
vn -0.885457 0.464697 0.004812
v -0.607619 1.642254 -0.806637 0.558547 0.558547 0.558547
vn -0.885457 0.464697 0.004812
v -0.605276 1.641418 -0.294743 0.558547 0.558547 0.558547
vn -0.885457 0.464697 0.004812
f 1993//1993 1994//1994 1995//1995
v -0.586304 1.682865 -0.806311 0.558547 0.558547 0.558547
vn -0.779605 0.625893 0.021797
v -0.605276 1.641418 -0.294743 0.558547 0.558547 0.558547
vn -0.779605 0.625893 0.021797
v -0.581094 1.670351 -0.260653 0.558547 0.558547 0.558547
vn -0.779605 0.625893 0.021797
f 1996//1996 1997//1997 1998//1998
v -0.597057 0.411803 -1.707786 0.558547 0.558547 0.558547
vn -0.019627 -0.993521 -0.111944
v -0.348401 0.411803 -1.751381 0.558547 0.558547 0.558547
vn -0.019627 -0.993521 -0.111944
v -0.348402 0.352343 -1.223664 0.558547 0.558547 0.558547
vn -0.019627 -0.993521 -0.111944
f 1999//1999 2000//2000 2001//2001
v -0.597057 0.411803 -1.707786 0.558547 0.558547 0.558547
vn -0.012440 -0.993218 -0.115598
v -0.348402 0.352343 -1.223664 0.558547 0.558547 0.558547
vn -0.012440 -0.993218 -0.115598
v -0.614878 0.352343 -1.194987 0.558547 0.558547 0.558547
vn -0.012440 -0.993218 -0.115598
f 2002//2002 2003//2003 2004//2004
v -0.789257 1.187076 -1.387517 0.558547 0.558547 0.558547
vn 0.045667 -0.050930 -0.997658
v -0.800948 1.190167 -1.388210 0.558547 0.558547 0.558547
vn 0.045667 -0.050930 -0.997658
v -0.756653 1.289389 -1.391248 0.558547 0.558547 0.558547
vn 0.045667 -0.050930 -0.997658
f 2005//2005 2006//2006 2007//2007
v -0.789257 1.187076 -1.387517 0.558547 0.558547 0.558547
vn 0.045571 -0.050899 -0.997664
v -0.756653 1.289389 -1.391248 0.558547 0.558547 0.558547
vn 0.045571 -0.050899 -0.997664
v -0.744961 1.286296 -1.390556 0.558547 0.558547 0.558547
vn 0.045571 -0.050899 -0.997664
f 2008//2008 2009//2009 2010//2010
v -0.348401 0.411803 -1.751381 0.558547 0.558547 0.558547
vn -0.005485 -0.994302 -0.106461
v 0.000000 0.411803 -1.769332 0.558547 0.558547 0.558547
vn -0.005485 -0.994302 -0.106461
v 0.000000 0.352343 -1.214000 0.558547 0.558547 0.558547
vn -0.005485 -0.994302 -0.106461
f 2011//2011 2012//2012 2013//2013
v -0.348401 0.411803 -1.751381 0.558547 0.558547 0.558547
vn 0.003106 -0.993707 -0.111965
v 0.000000 0.352343 -1.214000 0.558547 0.558547 0.558547
vn 0.003106 -0.993707 -0.111965
v -0.348402 0.352343 -1.223664 0.558547 0.558547 0.558547
vn 0.003106 -0.993707 -0.111965
f 2014//2014 2015//2015 2016//2016
v -0.818039 0.700748 -1.776272 0.558547 0.558547 0.558547
vn -0.984253 -0.096525 -0.148086
v -0.822553 0.679134 -1.732181 0.558547 0.558547 0.558547
vn -0.984253 -0.096525 -0.148086
v -0.845305 0.763305 -1.635828 0.558547 0.558547 0.558547
vn -0.984253 -0.096525 -0.148086
f 2017//2017 2018//2018 2019//2019
v -0.818039 0.700748 -1.776272 0.558547 0.558547 0.558547
vn -0.984051 -0.102517 -0.145378
v -0.845305 0.763305 -1.635828 0.558547 0.558547 0.558547
vn -0.984051 -0.102517 -0.145378
v -0.846039 0.800067 -1.656781 0.558547 0.558547 0.558547
vn -0.984051 -0.102517 -0.145378
f 2020//2020 2021//2021 2022//2022
v -0.818039 0.463987 -1.849675 0.558547 0.558547 0.558547
vn -0.996578 0.016797 -0.080936
v -0.822553 0.458712 -1.795187 0.558547 0.558547 0.558547
vn -0.996578 0.016797 -0.080936
v -0.822553 0.558219 -1.774535 0.558547 0.558547 0.558547
vn -0.996578 0.016797 -0.080936
f 2023//2023 2024//2024 2025//2025
v -0.818039 0.463987 -1.849675 0.558547 0.558547 0.558547
vn -0.996440 0.017949 -0.082372
v -0.822553 0.558219 -1.774535 0.558547 0.558547 0.558547
vn -0.996440 0.017949 -0.082372
v -0.818039 0.558133 -1.829160 0.558547 0.558547 0.558547
vn -0.996440 0.017949 -0.082372
f 2026//2026 2027//2027 2028//2028
v -0.328896 1.700511 -1.742453 0.558547 0.558547 0.558547
vn 0.000000 -0.927451 0.373945
v -0.328896 1.685768 -1.779021 0.558547 0.558547 0.558547
vn 0.000000 -0.927451 0.373945
v 0.000000 1.685768 -1.779021 0.558547 0.558547 0.558547
vn 0.000000 -0.927451 0.373945
f 2029//2029 2030//2030 2031//2031
v -0.328896 1.700511 -1.742453 0.558547 0.558547 0.558547
vn 0.000000 -0.927451 0.373945
v 0.000000 1.685768 -1.779021 0.558547 0.558547 0.558547
vn 0.000000 -0.927451 0.373945
v 0.000000 1.700511 -1.742453 0.558547 0.558547 0.558547
vn 0.000000 -0.927451 0.373945
f 2032//2032 2033//2033 2034//2034
v -0.642160 1.241784 -1.992396 0.558547 0.558547 0.558547
vn -0.202143 0.433018 -0.878427
v -0.610549 1.303270 -1.969361 0.558547 0.558547 0.558547
vn -0.202143 0.433018 -0.878427
v -0.322603 1.299599 -2.037433 0.558547 0.558547 0.558547
vn -0.202143 0.433018 -0.878427
f 2035//2035 2036//2036 2037//2037
v -0.642160 1.241784 -1.992396 0.558547 0.558547 0.558547
vn -0.202836 0.439478 -0.875053
v -0.322603 1.299599 -2.037433 0.558547 0.558547 0.558547
vn -0.202836 0.439478 -0.875053
v -0.324709 1.249383 -2.062165 0.558547 0.558547 0.558547
vn -0.202836 0.439478 -0.875053
f 2038//2038 2039//2039 2040//2040
v -0.642160 1.241784 -1.992396 0.558547 0.558547 0.558547
vn 0.214843 -0.008657 0.976610
v -0.324709 1.249383 -2.062165 0.558547 0.558547 0.558547
vn 0.214843 -0.008657 0.976610
v -0.492133 1.245376 -2.025369 0.558547 0.558547 0.558547
vn 0.214843 -0.008657 0.976610
f 2041//2041 2042//2042 2043//2043
v -0.747448 0.598352 -1.974103 0.558547 0.558547 0.558547
vn -0.904685 0.148151 -0.399495
v -0.818039 0.558133 -1.829160 0.558547 0.558547 0.558547
vn -0.904685 0.148151 -0.399495
v -0.818039 0.700748 -1.776272 0.558547 0.558547 0.558547
vn -0.904685 0.148151 -0.399495
f 2044//2044 2045//2045 2046//2046
v -0.747448 0.598352 -1.974103 0.558547 0.558547 0.558547
vn -0.930697 0.056591 -0.361386
v -0.818039 0.700748 -1.776272 0.558547 0.558547 0.558547
vn -0.930697 0.056591 -0.361386
v -0.747092 0.806773 -1.942384 0.558547 0.558547 0.558547
vn -0.930697 0.056591 -0.361386
f 2047//2047 2048//2048 2049//2049
v -0.822553 0.558219 -1.774535 0.558547 0.558547 0.558547
vn -0.070273 -0.218473 0.973309
v -0.598098 0.512458 -1.768601 0.558547 0.558547 0.558547
vn -0.070273 -0.218473 0.973309
v -0.602891 0.679211 -1.731517 0.558547 0.558547 0.558547
vn -0.070273 -0.218473 0.973309
f 2050//2050 2051//2051 2052//2052
v -0.822553 0.558219 -1.774535 0.558547 0.558547 0.558547
vn -0.002736 -0.330586 0.943772
v -0.602891 0.679211 -1.731517 0.558547 0.558547 0.558547
vn -0.002736 -0.330586 0.943772
v -0.822553 0.679134 -1.732181 0.558547 0.558547 0.558547
vn -0.002736 -0.330586 0.943772
f 2053//2053 2054//2054 2055//2055
v -0.894190 0.699858 -1.122031 0.558547 0.558547 0.558547
vn -0.002205 -0.526437 -0.850211
v -0.633476 0.699858 -1.122707 0.558547 0.558547 0.558547
vn -0.002205 -0.526437 -0.850211
v -0.638434 0.576761 -1.046474 0.558547 0.558547 0.558547
vn -0.002205 -0.526437 -0.850211
f 2056//2056 2057//2057 2058//2058
v -0.894190 0.699858 -1.122031 0.558547 0.558547 0.558547
vn -0.020583 -0.553719 -0.832449
v -0.638434 0.576761 -1.046474 0.558547 0.558547 0.558547
vn -0.020583 -0.553719 -0.832449
v -0.894190 0.577403 -1.040577 0.558547 0.558547 0.558547
vn -0.020583 -0.553719 -0.832449
f 2059//2059 2060//2060 2061//2061
v -0.879196 0.818359 -1.365965 0.558547 0.558547 0.558547
vn -0.000292 -0.899120 -0.437702
v -0.622005 0.818359 -1.366136 0.558547 0.558547 0.558547
vn -0.000292 -0.899120 -0.437702
v -0.633476 0.699858 -1.122707 0.558547 0.558547 0.558547
vn -0.000292 -0.899120 -0.437702
f 2062//2062 2063//2063 2064//2064
v -0.879196 0.818359 -1.365965 0.558547 0.558547 0.558547
vn -0.001133 -0.899454 -0.437015
v -0.633476 0.699858 -1.122707 0.558547 0.558547 0.558547
vn -0.001133 -0.899454 -0.437015
v -0.894190 0.699858 -1.122031 0.558547 0.558547 0.558547
vn -0.001133 -0.899454 -0.437015
f 2065//2065 2066//2066 2067//2067
v -0.845305 0.763305 -1.635828 0.558547 0.558547 0.558547
vn -0.000284 -0.979747 0.200237
v -0.610535 0.763305 -1.635495 0.558547 0.558547 0.558547
vn -0.000284 -0.979747 0.200237
v -0.622005 0.818359 -1.366136 0.558547 0.558547 0.558547
vn -0.000284 -0.979747 0.200237
f 2068//2068 2069//2069 2070//2070
v -0.845305 0.763305 -1.635828 0.558547 0.558547 0.558547
vn 0.000133 -0.979815 0.199905
v -0.622005 0.818359 -1.366136 0.558547 0.558547 0.558547
vn 0.000133 -0.979815 0.199905
v -0.879196 0.818359 -1.365965 0.558547 0.558547 0.558547
vn 0.000133 -0.979815 0.199905
f 2071//2071 2072//2072 2073//2073
v -0.822553 0.458712 -1.795187 0.558547 0.558547 0.558547
vn -0.008433 -0.414844 0.909853
v -0.590577 0.457379 -1.793645 0.558547 0.558547 0.558547
vn -0.008433 -0.414844 0.909853
v -0.598098 0.512458 -1.768601 0.558547 0.558547 0.558547
vn -0.008433 -0.414844 0.909853
f 2074//2074 2075//2075 2076//2076
v -0.822553 0.458712 -1.795187 0.558547 0.558547 0.558547
vn -0.067163 -0.202748 0.976925
v -0.598098 0.512458 -1.768601 0.558547 0.558547 0.558547
vn -0.067163 -0.202748 0.976925
v -0.822553 0.558219 -1.774535 0.558547 0.558547 0.558547
vn -0.067163 -0.202748 0.976925
f 2077//2077 2078//2078 2079//2079
v -0.822553 0.679134 -1.732181 0.558547 0.558547 0.558547
vn -0.001726 -0.752354 0.658756
v -0.602891 0.679211 -1.731517 0.558547 0.558547 0.558547
vn -0.001726 -0.752354 0.658756
v -0.610535 0.763305 -1.635495 0.558547 0.558547 0.558547
vn -0.001726 -0.752354 0.658756
f 2080//2080 2081//2081 2082//2082
v -0.822553 0.679134 -1.732181 0.558547 0.558547 0.558547
vn -0.000933 -0.753219 0.657769
v -0.610535 0.763305 -1.635495 0.558547 0.558547 0.558547
vn -0.000933 -0.753219 0.657769
v -0.845305 0.763305 -1.635828 0.558547 0.558547 0.558547
vn -0.000933 -0.753219 0.657769
f 2083//2083 2084//2084 2085//2085
v -0.590577 0.457379 -1.793645 0.558547 0.558547 0.558547
vn -0.995038 -0.041859 -0.090257
v -0.599210 0.455411 -1.697554 0.558547 0.558547 0.558547
vn -0.995038 -0.041859 -0.090257
v -0.608459 0.580534 -1.653621 0.558547 0.558547 0.558547
vn -0.995038 -0.041859 -0.090257
f 2086//2086 2087//2087 2088//2088
v -0.590577 0.457379 -1.793645 0.558547 0.558547 0.558547
vn -0.991477 -0.129671 -0.012568
v -0.608459 0.580534 -1.653621 0.558547 0.558547 0.558547
vn -0.991477 -0.129671 -0.012568
v -0.598098 0.512458 -1.768601 0.558547 0.558547 0.558547
vn -0.991477 -0.129671 -0.012568
f 2089//2089 2090//2090 2091//2091
v -0.633476 0.699858 -1.122707 0.558547 0.558547 0.558547
vn -0.999015 0.006556 -0.043883
v -0.622005 0.818359 -1.366136 0.558547 0.558547 0.558547
vn -0.999015 0.006556 -0.043883
v -0.610535 0.763305 -1.635495 0.558547 0.558547 0.558547
vn -0.999015 0.006556 -0.043883
f 2092//2092 2093//2093 2094//2094
v -0.638434 0.576761 -1.046474 0.558547 0.558547 0.558547
vn -0.998391 0.003264 -0.056614
v -0.630955 0.614497 -1.176189 0.558547 0.558547 0.558547
vn -0.998391 0.003264 -0.056614
v -0.630410 0.580534 -1.187773 0.558547 0.558547 0.558547
vn -0.998391 0.003264 -0.056614
f 2095//2095 2096//2096 2097//2097
v -0.602891 0.679211 -1.731517 0.558547 0.558547 0.558547
vn -0.998023 -0.024745 -0.057777
v -0.609582 0.711553 -1.629791 0.558547 0.558547 0.558547
vn -0.998023 -0.024745 -0.057777
v -0.610535 0.763305 -1.635495 0.558547 0.558547 0.558547
vn -0.998023 -0.024745 -0.057777
f 2098//2098 2099//2099 2100//2100
v -0.630955 0.614497 -1.176189 0.558547 0.558547 0.558547
vn -0.998892 0.000002 -0.047068
v -0.609582 0.711553 -1.629791 0.558547 0.558547 0.558547
vn -0.998892 0.000002 -0.047068
v -0.608459 0.580534 -1.653621 0.558547 0.558547 0.558547
vn -0.998892 0.000002 -0.047068
f 2101//2101 2102//2102 2103//2103
v -0.630955 0.614497 -1.176189 0.558547 0.558547 0.558547
vn -0.998892 -0.000000 -0.047067
v -0.608459 0.580534 -1.653621 0.558547 0.558547 0.558547
vn -0.998892 -0.000000 -0.047067
v -0.630410 0.580534 -1.187773 0.558547 0.558547 0.558547
vn -0.998892 -0.000000 -0.047067
f 2104//2104 2105//2105 2106//2106
v -0.630955 0.614497 -1.176189 0.558547 0.558547 0.558547
vn -0.998418 0.005574 -0.055943
v -0.638434 0.576761 -1.046474 0.558547 0.558547 0.558547
vn -0.998418 0.005574 -0.055943
v -0.633476 0.699858 -1.122707 0.558547 0.558547 0.558547
vn -0.998418 0.005574 -0.055943
f 2107//2107 2108//2108 2109//2109
v -0.617812 0.407183 -1.188285 0.558547 0.558547 0.558547
vn -0.994948 -0.046662 -0.088890
v -0.634480 0.376862 -0.985799 0.558547 0.558547 0.558547
vn -0.994948 -0.046662 -0.088890
v -0.638434 0.576761 -1.046474 0.558547 0.558547 0.558547
vn -0.994948 -0.046662 -0.088890
f 2110//2110 2111//2111 2112//2112
v -0.617812 0.407183 -1.188285 0.558547 0.558547 0.558547
vn -0.995676 -0.072186 -0.058474
v -0.638434 0.576761 -1.046474 0.558547 0.558547 0.558547
vn -0.995676 -0.072186 -0.058474
v -0.630410 0.580534 -1.187773 0.558547 0.558547 0.558547
vn -0.995676 -0.072186 -0.058474
f 2113//2113 2114//2114 2115//2115
v -0.609582 0.711553 -1.629791 0.558547 0.558547 0.558547
vn -0.998033 -0.015158 -0.060826
v -0.602891 0.679211 -1.731517 0.558547 0.558547 0.558547
vn -0.998033 -0.015158 -0.060826
v -0.598098 0.512458 -1.768601 0.558547 0.558547 0.558547
vn -0.998033 -0.015158 -0.060826
f 2116//2116 2117//2117 2118//2118
v -0.609582 0.711553 -1.629791 0.558547 0.558547 0.558547
vn -0.995452 0.008725 -0.094866
v -0.598098 0.512458 -1.768601 0.558547 0.558547 0.558547
vn -0.995452 0.008725 -0.094866
v -0.608459 0.580534 -1.653621 0.558547 0.558547 0.558547
vn -0.995452 0.008725 -0.094866
f 2119//2119 2120//2120 2121//2121
v -0.609582 0.711553 -1.629791 0.558547 0.558547 0.558547
vn -0.998892 -0.000000 -0.047068
v -0.630955 0.614497 -1.176189 0.558547 0.558547 0.558547
vn -0.998892 -0.000000 -0.047068
v -0.633476 0.699858 -1.122707 0.558547 0.558547 0.558547
vn -0.998892 -0.000000 -0.047068
f 2122//2122 2123//2123 2124//2124
v -0.609582 0.711553 -1.629791 0.558547 0.558547 0.558547
vn -0.998587 -0.023633 -0.047599
v -0.633476 0.699858 -1.122707 0.558547 0.558547 0.558547
vn -0.998587 -0.023633 -0.047599
v -0.610535 0.763305 -1.635495 0.558547 0.558547 0.558547
vn -0.998587 -0.023633 -0.047599
f 2125//2125 2126//2126 2127//2127
v -0.599210 0.455411 -1.697554 0.558547 0.558547 0.558547
vn -0.996446 -0.072286 -0.043241
v -0.617812 0.407183 -1.188285 0.558547 0.558547 0.558547
vn -0.996446 -0.072286 -0.043241
v -0.630410 0.580534 -1.187773 0.558547 0.558547 0.558547
vn -0.996446 -0.072286 -0.043241
f 2128//2128 2129//2129 2130//2130
v -0.599210 0.455411 -1.697554 0.558547 0.558547 0.558547
vn -0.997255 -0.057214 -0.046990
v -0.630410 0.580534 -1.187773 0.558547 0.558547 0.558547
vn -0.997255 -0.057214 -0.046990
v -0.608459 0.580534 -1.653621 0.558547 0.558547 0.558547
vn -0.997255 -0.057214 -0.046990
f 2131//2131 2132//2132 2133//2133
v -0.652994 1.427777 0.630371 0.558547 0.558547 0.558547
vn 0.961447 -0.093497 0.258608
v -0.652362 1.410452 0.621757 0.558547 0.558547 0.558547
vn 0.961447 -0.093497 0.258608
v -0.552212 1.568080 0.306412 0.558547 0.558547 0.558547
vn 0.961447 -0.093497 0.258608
f 2134//2134 2135//2135 2136//2136
v -0.652994 1.427777 0.630371 0.558547 0.558547 0.558547
vn 0.959780 -0.052683 0.275766
v -0.552212 1.568080 0.306412 0.558547 0.558547 0.558547
vn 0.959780 -0.052683 0.275766
v -0.552844 1.586621 0.312151 0.558547 0.558547 0.558547
vn 0.959780 -0.052683 0.275766
f 2137//2137 2138//2138 2139//2139
v -0.429454 1.209567 1.068853 0.558547 0.558547 0.558547
vn 0.287263 0.434751 -0.853505
v -0.428821 1.192241 1.060241 0.558547 0.558547 0.558547
vn 0.287263 0.434751 -0.853505
v -0.740737 1.192241 0.955260 0.558547 0.558547 0.558547
vn 0.287263 0.434751 -0.853505
f 2140//2140 2141//2141 2142//2142
v -0.429454 1.209567 1.068853 0.558547 0.558547 0.558547
vn 0.287263 0.434751 -0.853505
v -0.740737 1.192241 0.955260 0.558547 0.558547 0.558547
vn 0.287263 0.434751 -0.853505
v -0.741369 1.209567 0.963873 0.558547 0.558547 0.558547
vn 0.287263 0.434751 -0.853505
f 2143//2143 2144//2144 2145//2145
v -0.712445 1.432654 -0.134324 0.558547 0.558547 0.558547
vn 0.217769 0.161081 0.962616
v -0.702921 1.425066 -0.135209 0.558547 0.558547 0.558547
vn 0.217769 0.161081 0.962616
v -0.589965 1.617784 -0.193011 0.558547 0.558547 0.558547
vn 0.217769 0.161081 0.962616
f 2146//2146 2147//2147 2148//2148
v -0.712445 1.432654 -0.134324 0.558547 0.558547 0.558547
vn 0.261055 0.130493 0.956463
v -0.589965 1.617784 -0.193011 0.558547 0.558547 0.558547
vn 0.261055 0.130493 0.956463
v -0.598362 1.627646 -0.192065 0.558547 0.558547 0.558547
vn 0.261055 0.130493 0.956463
f 2149//2149 2150//2150 2151//2151
v -0.598362 1.627646 -0.192065 0.558547 0.558547 0.558547
vn -0.762847 -0.643273 -0.065298
v -0.589965 1.617784 -0.193011 0.558547 0.558547 0.558547
vn -0.762847 -0.643273 -0.065298
v -0.580285 1.562277 0.240734 0.558547 0.558547 0.558547
vn -0.762847 -0.643273 -0.065298
f 2152//2152 2153//2153 2154//2154
v -0.598362 1.627646 -0.192065 0.558547 0.558547 0.558547
vn -0.620892 -0.778519 -0.091655
v -0.580285 1.562277 0.240734 0.558547 0.558547 0.558547
vn -0.620892 -0.778519 -0.091655
v -0.589808 1.569911 0.240399 0.558547 0.558547 0.558547
vn -0.620892 -0.778519 -0.091655
f 2155//2155 2156//2156 2157//2157
v -0.689573 1.424796 0.554082 0.558547 0.558547 0.558547
vn -0.552153 -0.629143 -0.547089
v -0.680051 1.417208 0.553197 0.558547 0.558547 0.558547
vn -0.552153 -0.629143 -0.547089
v -0.767821 1.206212 0.884422 0.558547 0.558547 0.558547
vn -0.552153 -0.629143 -0.547089
f 2158//2158 2159//2159 2160//2160
v -0.689573 1.424796 0.554082 0.558547 0.558547 0.558547
vn -0.552242 -0.629081 -0.547069
v -0.767821 1.206212 0.884422 0.558547 0.558547 0.558547
vn -0.552242 -0.629081 -0.547069
v -0.777344 1.213801 0.885308 0.558547 0.558547 0.558547
vn -0.552242 -0.629081 -0.547069
f 2161//2161 2162//2162 2163//2163
v -0.607619 1.642254 -0.806637 0.558547 0.558547 0.558547
vn -0.726249 -0.687428 0.002225
v -0.599323 1.633492 -0.805864 0.558547 0.558547 0.558547
vn -0.726249 -0.687428 0.002225
v -0.596980 1.632674 -0.293796 0.558547 0.558547 0.558547
vn -0.726249 -0.687428 0.002225
f 2164//2164 2165//2165 2166//2166
v -0.607619 1.642254 -0.806637 0.558547 0.558547 0.558547
vn -0.725547 -0.688170 0.002196
v -0.596980 1.632674 -0.293796 0.558547 0.558547 0.558547
vn -0.725547 -0.688170 0.002196
v -0.605276 1.641418 -0.294743 0.558547 0.558547 0.558547
vn -0.725547 -0.688170 0.002196
f 2167//2167 2168//2168 2169//2169
v -0.712523 1.445127 -0.232888 0.558547 0.558547 0.558547
vn -0.015800 -0.175112 -0.984422
v -0.703252 1.438605 -0.231877 0.558547 0.558547 0.558547
vn -0.015800 -0.175112 -0.984422
v -0.791013 1.219895 -0.191564 0.558547 0.558547 0.558547
vn -0.015800 -0.175112 -0.984422
f 2170//2170 2171//2171 2172//2172
v -0.712523 1.445127 -0.232888 0.558547 0.558547 0.558547
vn -0.015877 -0.175086 -0.984425
v -0.791013 1.219895 -0.191564 0.558547 0.558547 0.558547
vn -0.015877 -0.175086 -0.984425
v -0.800284 1.226416 -0.192574 0.558547 0.558547 0.558547
vn -0.015877 -0.175086 -0.984425
f 2173//2173 2174//2174 2175//2175
v -0.734992 1.299282 -1.512382 0.558547 0.558547 0.558547
vn 0.322581 0.574956 0.751909
v -0.725722 1.292760 -1.511372 0.558547 0.558547 0.558547
vn 0.322581 0.574956 0.751909
v -0.675061 1.423048 -1.632733 0.558547 0.558547 0.558547
vn 0.322581 0.574956 0.751909
f 2176//2176 2177//2177 2178//2178
v -0.734992 1.299282 -1.512382 0.558547 0.558547 0.558547
vn 0.322514 0.574991 0.751911
v -0.675061 1.423048 -1.632733 0.558547 0.558547 0.558547
vn 0.322514 0.574991 0.751911
v -0.684331 1.429570 -1.633744 0.558547 0.558547 0.558547
vn 0.322514 0.574991 0.751911
f 2179//2179 2180//2180 2181//2181
v -0.620321 1.617832 -1.131452 0.558547 0.558547 0.558547
vn -0.688474 -0.720937 0.079078
v -0.611711 1.609725 -1.130394 0.558547 0.558547 0.558547
vn -0.688474 -0.720937 0.079078
v -0.599323 1.633492 -0.805864 0.558547 0.558547 0.558547
vn -0.688474 -0.720937 0.079078
f 2182//2182 2183//2183 2184//2184
v -0.620321 1.617832 -1.131452 0.558547 0.558547 0.558547
vn -0.727342 -0.681632 0.079694
v -0.599323 1.633492 -0.805864 0.558547 0.558547 0.558547
vn -0.727342 -0.681632 0.079694
v -0.607619 1.642254 -0.806637 0.558547 0.558547 0.558547
vn -0.727342 -0.681632 0.079694
f 2185//2185 2186//2186 2187//2187
v -0.591972 1.637271 -1.752118 0.558547 0.558547 0.558547
vn 0.998994 -0.006572 -0.044360
v -0.591848 1.627320 -1.747856 0.558547 0.558547 0.558547
vn 0.998994 -0.006572 -0.044360
v -0.598455 1.443920 -1.869488 0.558547 0.558547 0.558547
vn 0.998994 -0.006572 -0.044360
f 2188//2188 2189//2189 2190//2190
v -0.591972 1.637271 -1.752118 0.558547 0.558547 0.558547
vn 0.998994 -0.006568 -0.044366
v -0.598455 1.443920 -1.869488 0.558547 0.558547 0.558547
vn 0.998994 -0.006568 -0.044366
v -0.598579 1.453872 -1.873749 0.558547 0.558547 0.558547
vn 0.998994 -0.006568 -0.044366
f 2191//2191 2192//2192 2193//2193
v -0.322603 1.299599 -2.037433 0.558547 0.558547 0.558547
vn 0.048009 0.692918 0.719417
v -0.322480 1.291867 -2.029994 0.558547 0.558547 0.558547
vn 0.048009 0.692918 0.719417
v 0.000000 1.285737 -2.045611 0.558547 0.558547 0.558547
vn 0.048009 0.692918 0.719417
f 2194//2194 2195//2195 2196//2196
v -0.322603 1.299599 -2.037433 0.558547 0.558547 0.558547
vn 0.048002 0.692519 0.719801
v 0.000000 1.285737 -2.045611 0.558547 0.558547 0.558547
vn 0.048002 0.692519 0.719801
v 0.000000 1.293469 -2.053049 0.558547 0.558547 0.558547
vn 0.048002 0.692519 0.719801
f 2197//2197 2198//2198 2199//2199
v 0.000000 1.700511 -1.742453 0.558547 0.558547 0.558547
vn 0.000000 -0.363765 -0.931491
v 0.000000 1.690421 -1.738513 0.558547 0.558547 0.558547
vn 0.000000 -0.363765 -0.931491
v -0.328773 1.690421 -1.738513 0.558547 0.558547 0.558547
vn 0.000000 -0.363765 -0.931491
f 2200//2200 2201//2201 2202//2202
v 0.000000 1.700511 -1.742453 0.558547 0.558547 0.558547
vn 0.000000 -0.363765 -0.931491
v -0.328773 1.690421 -1.738513 0.558547 0.558547 0.558547
vn 0.000000 -0.363765 -0.931491
v -0.328896 1.700511 -1.742453 0.558547 0.558547 0.558547
vn 0.000000 -0.363765 -0.931491
f 2203//2203 2204//2204 2205//2205
v -0.610549 1.303270 -1.969361 0.558547 0.558547 0.558547
vn 0.176122 0.683711 0.708181
v -0.610445 1.295538 -1.961922 0.558547 0.558547 0.558547
vn 0.176122 0.683711 0.708181
v -0.322480 1.291867 -2.029994 0.558547 0.558547 0.558547
vn 0.176122 0.683711 0.708181
f 2206//2206 2207//2207 2208//2208
v -0.610549 1.303270 -1.969361 0.558547 0.558547 0.558547
vn 0.176086 0.683947 0.707962
v -0.322480 1.291867 -2.029994 0.558547 0.558547 0.558547
vn 0.176086 0.683947 0.707962
v -0.322603 1.299599 -2.037433 0.558547 0.558547 0.558547
vn 0.176086 0.683947 0.707962
f 2209//2209 2210//2210 2211//2211
v -0.607191 1.653180 -1.721950 0.558547 0.558547 0.558547
vn -0.722608 -0.691258 0.000000
v -0.607191 1.653180 -1.779021 0.558547 0.558547 0.558547
vn -0.722608 -0.691258 0.000000
v -0.591972 1.637271 -1.779021 0.558547 0.558547 0.558547
vn -0.722608 -0.691258 0.000000
f 2212//2212 2213//2213 2214//2214
v -0.607191 1.653180 -1.721950 0.558547 0.558547 0.558547
vn -0.722608 -0.691258 0.000000
v -0.591972 1.637271 -1.779021 0.558547 0.558547 0.558547
vn -0.722608 -0.691258 0.000000
v -0.591972 1.637271 -1.752118 0.558547 0.558547 0.558547
vn -0.722608 -0.691258 0.000000
f 2215//2215 2216//2216 2217//2217
v -0.629958 1.457462 -1.863260 0.558547 0.558547 0.558547
vn -0.211903 0.535752 -0.817353
v -0.598579 1.453872 -1.873749 0.558547 0.558547 0.558547
vn -0.211903 0.535752 -0.817353
v -0.610549 1.303270 -1.969361 0.558547 0.558547 0.558547
vn -0.211903 0.535752 -0.817353
f 2218//2218 2219//2219 2220//2220
v -0.629958 1.457462 -1.863260 0.558547 0.558547 0.558547
vn -0.289739 0.517533 -0.805115
v -0.610549 1.303270 -1.969361 0.558547 0.558547 0.558547
vn -0.289739 0.517533 -0.805115
v -0.640267 1.304321 -1.957991 0.558547 0.558547 0.558547
vn -0.289739 0.517533 -0.805115
f 2221//2221 2222//2222 2223//2223
v -0.610549 1.303270 -1.969361 0.558547 0.558547 0.558547
vn -0.301623 0.466569 -0.831467
v -0.642160 1.241784 -1.992396 0.558547 0.558547 0.558547
vn -0.301623 0.466569 -0.831467
v -0.640267 1.304321 -1.957991 0.558547 0.558547 0.558547
vn -0.301623 0.466569 -0.831467
f 2224//2224 2225//2225 2226//2226
v -0.734992 1.299282 -1.512382 0.558547 0.558547 0.558547
vn -0.961497 0.182328 -0.205623
v -0.684331 1.429570 -1.633744 0.558547 0.558547 0.558547
vn -0.961497 0.182328 -0.205623
v -0.629958 1.457462 -1.863260 0.558547 0.558547 0.558547
vn -0.961497 0.182328 -0.205623
f 2227//2227 2228//2228 2229//2229
v -0.734992 1.299282 -1.512382 0.558547 0.558547 0.558547
vn -0.960819 0.189691 -0.202100
v -0.629958 1.457462 -1.863260 0.558547 0.558547 0.558547
vn -0.960819 0.189691 -0.202100
v -0.640267 1.304321 -1.957991 0.558547 0.558547 0.558547
vn -0.960819 0.189691 -0.202100
f 2230//2230 2231//2231 2232//2232
v -0.785476 0.688173 2.067083 0.558547 0.558547 0.558547
vn -0.929799 -0.108242 0.351793
v -0.769200 0.371631 2.012706 0.558547 0.558547 0.558547
vn -0.929799 -0.108242 0.351793
v -0.712239 0.369727 2.162668 0.558547 0.558547 0.558547
vn -0.929799 -0.108242 0.351793
f 2233//2233 2234//2234 2235//2235
v -0.785476 0.688173 2.067083 0.558547 0.558547 0.558547
vn -0.757963 0.021372 0.651948
v -0.712239 0.369727 2.162668 0.558547 0.558547 0.558547
vn -0.757963 0.021372 0.651948
v -0.717581 0.630644 2.147905 0.558547 0.558547 0.558547
vn -0.757963 0.021372 0.651948
f 2236//2236 2237//2237 2238//2238
v -0.846560 0.632926 1.877465 0.558547 0.558547 0.558547
vn -0.895325 0.412409 0.168261
v -0.785476 0.688173 2.067083 0.558547 0.558547 0.558547
vn -0.895325 0.412409 0.168261
v -0.757418 0.765649 2.026487 0.558547 0.558547 0.558547
vn -0.895325 0.412409 0.168261
f 2239//2239 2240//2240 2241//2241
v -0.846560 0.632926 1.877465 0.558547 0.558547 0.558547
vn -0.873615 0.042461 0.484762
v -0.757418 0.765649 2.026487 0.558547 0.558547 0.558547
vn -0.873615 0.042461 0.484762
v -0.854275 0.863089 1.843401 0.558547 0.558547 0.558547
vn -0.873615 0.042461 0.484762
f 2242//2242 2243//2243 2244//2244
v -0.846560 0.632926 1.877465 0.558547 0.558547 0.558547
vn -0.817200 0.055004 0.573724
v -0.836028 0.374412 1.917250 0.558547 0.558547 0.558547
vn -0.817200 0.055004 0.573724
v -0.769200 0.371631 2.012706 0.558547 0.558547 0.558547
vn -0.817200 0.055004 0.573724
f 2245//2245 2246//2246 2247//2247
v -0.846560 0.632926 1.877465 0.558547 0.558547 0.558547
vn -0.937173 -0.105322 0.332588
v -0.769200 0.371631 2.012706 0.558547 0.558547 0.558547
vn -0.937173 -0.105322 0.332588
v -0.785476 0.688173 2.067083 0.558547 0.558547 0.558547
vn -0.937173 -0.105322 0.332588
f 2248//2248 2249//2249 2250//2250
v -0.597057 0.411803 -1.707786 0.558547 0.558547 0.558547
vn -0.998011 -0.048465 -0.040303
v -0.614878 0.352343 -1.194987 0.558547 0.558547 0.558547
vn -0.998011 -0.048465 -0.040303
v -0.617812 0.407183 -1.188285 0.558547 0.558547 0.558547
vn -0.998011 -0.048465 -0.040303
f 2251//2251 2252//2252 2253//2253
v -0.597057 0.411803 -1.707786 0.558547 0.558547 0.558547
vn -0.998395 -0.039860 -0.040242
v -0.617812 0.407183 -1.188285 0.558547 0.558547 0.558547
vn -0.998395 -0.039860 -0.040242
v -0.599210 0.455411 -1.697554 0.558547 0.558547 0.558547
vn -0.998395 -0.039860 -0.040242
f 2254//2254 2255//2255 2256//2256
v -0.614878 0.352343 -1.194987 0.558547 0.558547 0.558547
vn -0.995697 -0.011332 -0.091974
v -0.633559 0.320325 -0.988804 0.558547 0.558547 0.558547
vn -0.995697 -0.011332 -0.091974
v -0.634480 0.376862 -0.985799 0.558547 0.558547 0.558547
vn -0.995697 -0.011332 -0.091974
f 2257//2257 2258//2258 2259//2259
v -0.614878 0.352343 -1.194987 0.558547 0.558547 0.558547
vn -0.995191 -0.042451 -0.088279
v -0.634480 0.376862 -0.985799 0.558547 0.558547 0.558547
vn -0.995191 -0.042451 -0.088279
v -0.617812 0.407183 -1.188285 0.558547 0.558547 0.558547
vn -0.995191 -0.042451 -0.088279
f 2260//2260 2261//2261 2262//2262
v -0.588825 0.419295 -1.796689 0.558547 0.558547 0.558547
vn -0.995166 -0.026988 -0.094421
v -0.597057 0.411803 -1.707786 0.558547 0.558547 0.558547
vn -0.995166 -0.026988 -0.094421
v -0.599210 0.455411 -1.697554 0.558547 0.558547 0.558547
vn -0.995166 -0.026988 -0.094421
f 2263//2263 2264//2264 2265//2265
v -0.588825 0.419295 -1.796689 0.558547 0.558547 0.558547
vn -0.995176 -0.038572 -0.090202
v -0.599210 0.455411 -1.697554 0.558547 0.558547 0.558547
vn -0.995176 -0.038572 -0.090202
v -0.590577 0.457379 -1.793645 0.558547 0.558547 0.558547
vn -0.995176 -0.038572 -0.090202
f 2266//2266 2267//2267 2268//2268
v -0.894190 0.577403 -1.040577 0.558547 0.558547 0.558547
vn -0.022784 -0.290782 -0.956518
v -0.638434 0.576761 -1.046474 0.558547 0.558547 0.558547
vn -0.022784 -0.290782 -0.956518
v -0.634480 0.376862 -0.985799 0.558547 0.558547 0.558547
vn -0.022784 -0.290782 -0.956518
f 2269//2269 2270//2270 2271//2271
v -0.894190 0.577403 -1.040577 0.558547 0.558547 0.558547
vn -0.032268 -0.302035 -0.952751
v -0.634480 0.376862 -0.985799 0.558547 0.558547 0.558547
vn -0.032268 -0.302035 -0.952751
v -0.894190 0.385104 -0.979616 0.558547 0.558547 0.558547
vn -0.032268 -0.302035 -0.952751
f 2272//2272 2273//2273 2274//2274
v -0.747448 0.598352 -1.974103 0.558547 0.558547 0.558547
vn -0.869778 0.000000 -0.493443
v -0.747448 0.489597 -1.974103 0.558547 0.558547 0.558547
vn -0.869778 0.000000 -0.493443
v -0.818039 0.463987 -1.849675 0.558547 0.558547 0.558547
vn -0.869778 0.000000 -0.493443
f 2275//2275 2276//2276 2277//2277
v -0.747448 0.598352 -1.974103 0.558547 0.558547 0.558547
vn -0.905012 0.090566 -0.415633
v -0.818039 0.463987 -1.849675 0.558547 0.558547 0.558547
vn -0.905012 0.090566 -0.415633
v -0.818039 0.558133 -1.829160 0.558547 0.558547 0.558547
vn -0.905012 0.090566 -0.415633
f 2278//2278 2279//2279 2280//2280
v -0.606066 0.299741 1.851669 0.558547 0.558547 0.558547
vn -0.997084 -0.022861 0.072814
v -0.608126 0.367435 1.844719 0.558547 0.558547 0.558547
vn -0.997084 -0.022861 0.072814
v -0.662930 0.367435 1.094251 0.558547 0.558547 0.558547
vn -0.997084 -0.022861 0.072814
f 2281//2281 2282//2282 2283//2283
v -0.606066 0.299741 1.851669 0.558547 0.558547 0.558547
vn -0.997206 -0.010962 0.073886
v -0.662930 0.367435 1.094251 0.558547 0.558547 0.558547
vn -0.997206 -0.010962 0.073886
v -0.662930 0.299741 1.084208 0.558547 0.558547 0.558547
vn -0.997206 -0.010962 0.073886
f 2284//2284 2285//2285 2286//2286
v -0.851567 0.595986 1.810621 0.558547 0.558547 0.558547
vn 0.000000 -0.147559 -0.989053
v -0.616972 0.595986 1.810621 0.558547 0.558547 0.558547
vn 0.000000 -0.147559 -0.989053
v -0.608126 0.367435 1.844719 0.558547 0.558547 0.558547
vn 0.000000 -0.147559 -0.989053
f 2287//2287 2288//2288 2289//2289
v -0.851567 0.595986 1.810621 0.558547 0.558547 0.558547
vn 0.000000 -0.147559 -0.989053
v -0.608126 0.367435 1.844719 0.558547 0.558547 0.558547
vn 0.000000 -0.147559 -0.989053
v -0.842721 0.367435 1.844719 0.558547 0.558547 0.558547
vn 0.000000 -0.147559 -0.989053
f 2290//2290 2291//2291 2292//2292
v -0.846560 0.632926 1.877465 0.558547 0.558547 0.558547
vn -0.995746 -0.025324 0.088589
v -0.851567 0.595986 1.810621 0.558547 0.558547 0.558547
vn -0.995746 -0.025324 0.088589
v -0.842721 0.367435 1.844719 0.558547 0.558547 0.558547
vn -0.995746 -0.025324 0.088589
f 2293//2293 2294//2294 2295//2295
v -0.846560 0.632926 1.877465 0.558547 0.558547 0.558547
vn -0.995200 -0.026025 0.094336
v -0.842721 0.367435 1.844719 0.558547 0.558547 0.558547
vn -0.995200 -0.026025 0.094336
v -0.836028 0.374412 1.917250 0.558547 0.558547 0.558547
vn -0.995200 -0.026025 0.094336
f 2296//2296 2297//2297 2298//2298
v -0.894190 0.577403 -1.040577 0.558547 0.558547 0.558547
vn -0.096715 -0.551240 -0.828722
v -0.905881 0.580496 -1.041270 0.558547 0.558547 0.558547
vn -0.096715 -0.551240 -0.828722
v -0.905881 0.702951 -1.122724 0.558547 0.558547 0.558547
vn -0.096715 -0.551240 -0.828722
f 2299//2299 2300//2300 2301//2301
v -0.894190 0.577403 -1.040577 0.558547 0.558547 0.558547
vn -0.096715 -0.551240 -0.828722
v -0.905881 0.702951 -1.122724 0.558547 0.558547 0.558547
vn -0.096715 -0.551240 -0.828722
v -0.894190 0.699858 -1.122031 0.558547 0.558547 0.558547
vn -0.096715 -0.551240 -0.828722
f 2302//2302 2303//2303 2304//2304
v -0.324709 0.598352 -2.301256 0.558547 0.558547 0.558547
vn -0.372836 0.000000 -0.927897
v -0.324709 0.507404 -2.301256 0.558547 0.558547 0.558547
vn -0.372836 0.000000 -0.927897
v -0.541706 0.507404 -2.214064 0.558547 0.558547 0.558547
vn -0.372836 0.000000 -0.927897
f 2305//2305 2306//2306 2307//2307
v -0.324709 0.598352 -2.301256 0.558547 0.558547 0.558547
vn -0.372836 0.000000 -0.927897
v -0.541706 0.507404 -2.214064 0.558547 0.558547 0.558547
vn -0.372836 0.000000 -0.927897
v -0.541706 0.598352 -2.214064 0.558547 0.558547 0.558547
vn -0.372836 0.000000 -0.927897
f 2308//2308 2309//2309 2310//2310
v -0.893457 0.626432 1.023117 0.558547 0.558547 0.558547
vn -0.996080 0.031159 -0.082783
v -0.893457 0.367624 0.925704 0.558547 0.558547 0.558547
vn -0.996080 0.031159 -0.082783
v -0.901274 0.374412 1.022310 0.558547 0.558547 0.558547
vn -0.996080 0.031159 -0.082783
f 2311//2311 2312//2312 2313//2313
v -0.893457 0.626432 1.023117 0.558547 0.558547 0.558547
vn -0.987160 0.031119 -0.156675
v -0.901274 0.374412 1.022310 0.558547 0.558547 0.558547
vn -0.987160 0.031119 -0.156675
v -0.901274 0.632926 1.073656 0.558547 0.558547 0.558547
vn -0.987160 0.031119 -0.156675
f 2314//2314 2315//2315 2316//2316
v -0.901274 0.368850 -0.175673 0.558547 0.558547 0.558547
vn 0.050356 0.194342 -0.979640
v -0.915639 0.368763 -0.176429 0.558547 0.558547 0.558547
vn 0.050356 0.194342 -0.979640
v -0.918412 0.637401 -0.123279 0.558547 0.558547 0.558547
vn 0.050356 0.194342 -0.979640
f 2317//2317 2318//2318 2319//2319
v -0.901274 0.368850 -0.175673 0.558547 0.558547 0.558547
vn 0.050429 0.194346 -0.979636
v -0.918412 0.637401 -0.123279 0.558547 0.558547 0.558547
vn 0.050429 0.194346 -0.979636
v -0.901274 0.632926 -0.123284 0.558547 0.558547 0.558547
vn 0.050429 0.194346 -0.979636
f 2320//2320 2321//2321 2322//2322
v -0.901274 0.632926 0.278788 0.558547 0.558547 0.558547
vn -0.999936 -0.002571 0.011027
v -0.901274 0.368850 0.217211 0.558547 0.558547 0.558547
vn -0.999936 -0.002571 0.011027
v -0.893457 0.367624 0.925704 0.558547 0.558547 0.558547
vn -0.999936 -0.002571 0.011027
f 2323//2323 2324//2324 2325//2325
v -0.901274 0.632926 0.278788 0.558547 0.558547 0.558547
vn -0.999937 -0.003939 0.010466
v -0.893457 0.367624 0.925704 0.558547 0.558547 0.558547
vn -0.999937 -0.003939 0.010466
v -0.893457 0.626432 1.023117 0.558547 0.558547 0.558547
vn -0.999937 -0.003939 0.010466
f 2326//2326 2327//2327 2328//2328
v 0.000000 0.598352 -2.337159 0.558547 0.558547 0.558547
vn -0.109901 0.000000 -0.993943
v 0.000000 0.507404 -2.337159 0.558547 0.558547 0.558547
vn -0.109901 0.000000 -0.993943
v -0.324709 0.507404 -2.301256 0.558547 0.558547 0.558547
vn -0.109901 0.000000 -0.993943
f 2329//2329 2330//2330 2331//2331
v 0.000000 0.598352 -2.337159 0.558547 0.558547 0.558547
vn -0.109901 0.000000 -0.993943
v -0.324709 0.507404 -2.301256 0.558547 0.558547 0.558547
vn -0.109901 0.000000 -0.993943
v -0.324709 0.598352 -2.301256 0.558547 0.558547 0.558547
vn -0.109901 0.000000 -0.993943
f 2332//2332 2333//2333 2334//2334
v -0.901274 0.632926 -0.819584 0.558547 0.558547 0.558547
vn -1.000000 0.000000 0.000000
v -0.901274 0.368850 -0.795164 0.558547 0.558547 0.558547
vn -1.000000 0.000000 0.000000
v -0.901274 0.368850 -0.175673 0.558547 0.558547 0.558547
vn -1.000000 0.000000 0.000000
f 2335//2335 2336//2336 2337//2337
v -0.901274 0.632926 -0.819584 0.558547 0.558547 0.558547
vn -1.000000 0.000000 0.000000
v -0.901274 0.368850 -0.175673 0.558547 0.558547 0.558547
vn -1.000000 0.000000 0.000000
v -0.901274 0.632926 -0.123284 0.558547 0.558547 0.558547
vn -1.000000 0.000000 0.000000
f 2338//2338 2339//2339 2340//2340
v -0.881820 0.913526 -1.394699 0.558547 0.558547 0.558547
vn 0.060573 0.005705 -0.998147
v -0.893512 0.916619 -1.395391 0.558547 0.558547 0.558547
vn 0.060573 0.005705 -0.998147
v -0.800948 1.190167 -1.388210 0.558547 0.558547 0.558547
vn 0.060573 0.005705 -0.998147
f 2341//2341 2342//2342 2343//2343
v -0.881820 0.913526 -1.394699 0.558547 0.558547 0.558547
vn 0.060666 0.005678 -0.998142
v -0.800948 1.190167 -1.388210 0.558547 0.558547 0.558547
vn 0.060666 0.005678 -0.998142
v -0.789257 1.187076 -1.387517 0.558547 0.558547 0.558547
vn 0.060666 0.005678 -0.998142
f 2344//2344 2345//2345 2346//2346
v -0.541706 0.598352 -2.214064 0.558547 0.558547 0.558547
vn -0.759161 0.000000 -0.650903
v -0.541706 0.507404 -2.214064 0.558547 0.558547 0.558547
vn -0.759161 0.000000 -0.650903
v -0.747448 0.489597 -1.974103 0.558547 0.558547 0.558547
vn -0.759161 0.000000 -0.650903
f 2347//2347 2348//2348 2349//2349
v -0.541706 0.598352 -2.214064 0.558547 0.558547 0.558547
vn -0.759161 0.000000 -0.650903
v -0.747448 0.489597 -1.974103 0.558547 0.558547 0.558547
vn -0.759161 0.000000 -0.650903
v -0.747448 0.598352 -1.974103 0.558547 0.558547 0.558547
vn -0.759161 0.000000 -0.650903
f 2350//2350 2351//2351 2352//2352
v 0.000000 1.159995 1.329894 0.558547 0.558547 0.558547
vn -0.001912 0.994557 0.104177
v 0.000000 1.180533 1.133821 0.558547 0.558547 0.558547
vn -0.001912 0.994557 0.104177
v -0.419158 1.180533 1.126128 0.558547 0.558547 0.558547
vn -0.001912 0.994557 0.104177
f 2353//2353 2354//2354 2355//2355
v 0.000000 1.159995 1.329894 0.558547 0.558547 0.558547
vn 0.006136 0.996121 0.087779
v -0.419158 1.180533 1.126128 0.558547 0.558547 0.558547
vn 0.006136 0.996121 0.087779
v -0.396670 1.163904 1.313255 0.558547 0.558547 0.558547
vn 0.006136 0.996121 0.087779
f 2356//2356 2357//2357 2358//2358
v 0.000000 0.966979 2.134037 0.558547 0.558547 0.558547
vn -0.051151 0.921371 0.385304
v 0.000000 1.092032 1.835001 0.558547 0.558547 0.558547
vn -0.051151 0.921371 0.385304
v -0.324709 1.083283 1.812816 0.558547 0.558547 0.558547
vn -0.051151 0.921371 0.385304
f 2359//2359 2360//2360 2361//2361
v 0.000000 0.966979 2.134037 0.558547 0.558547 0.558547
vn 0.007428 0.942621 0.333783
v -0.324709 1.083283 1.812816 0.558547 0.558547 0.558547
vn 0.007428 0.942621 0.333783
v -0.302734 0.969365 2.134037 0.558547 0.558547 0.558547
vn 0.007428 0.942621 0.333783
f 2362//2362 2363//2363 2364//2364
v -0.712239 0.369727 2.162668 0.558547 0.558547 0.558547
vn -0.670031 0.020447 0.742052
v -0.618552 0.368850 2.247287 0.558547 0.558547 0.558547
vn -0.670031 0.020447 0.742052
v -0.624685 0.630447 2.234541 0.558547 0.558547 0.558547
vn -0.670031 0.020447 0.742052
f 2365//2365 2366//2366 2367//2367
v -0.712239 0.369727 2.162668 0.558547 0.558547 0.558547
vn -0.681749 0.027409 0.731072
v -0.624685 0.630447 2.234541 0.558547 0.558547 0.558547
vn -0.681749 0.027409 0.731072
v -0.717581 0.630644 2.147905 0.558547 0.558547 0.558547
vn -0.681749 0.027409 0.731072
f 2368//2368 2369//2369 2370//2370
v -0.794471 1.098975 0.984632 0.558547 0.558547 0.558547
vn 0.914999 0.000000 0.403456
v -0.782330 1.098975 0.957099 0.558547 0.558547 0.558547
vn 0.914999 0.000000 0.403456
v -0.782330 1.138552 0.957099 0.558547 0.558547 0.558547
vn 0.914999 0.000000 0.403456
f 2371//2371 2372//2372 2373//2373
v -0.794471 1.098975 0.984632 0.558547 0.558547 0.558547
vn 0.914999 0.000000 0.403456
v -0.782330 1.138552 0.957099 0.558547 0.558547 0.558547
vn 0.914999 0.000000 0.403456
v -0.794471 1.138552 0.984632 0.558547 0.558547 0.558547
vn 0.914999 0.000000 0.403456
f 2374//2374 2375//2375 2376//2376
v -0.821083 1.098975 0.925166 0.558547 0.558547 0.558547
vn 0.997837 0.000000 -0.065738
v -0.824127 1.088451 0.878969 0.558547 0.558547 0.558547
vn 0.997837 0.000000 -0.065738
v -0.824127 1.149078 0.878969 0.558547 0.558547 0.558547
vn 0.997837 0.000000 -0.065738
f 2377//2377 2378//2378 2379//2379
v -0.821083 1.098975 0.925166 0.558547 0.558547 0.558547
vn 0.997837 0.000000 -0.065738
v -0.824127 1.149078 0.878969 0.558547 0.558547 0.558547
vn 0.997837 0.000000 -0.065738
v -0.821083 1.138552 0.925166 0.558547 0.558547 0.558547
vn 0.997837 0.000000 -0.065738
f 2380//2380 2381//2381 2382//2382
v -0.919787 1.149078 0.887695 0.558547 0.558547 0.558547
vn -0.852300 0.000000 0.523054
v -0.919787 1.219052 0.887695 0.558547 0.558547 0.558547
vn -0.852300 0.000000 0.523054
v -0.969259 1.209283 0.807082 0.558547 0.558547 0.558547
vn -0.852300 0.000000 0.523054
f 2383//2383 2384//2384 2385//2385
v -0.919787 1.149078 0.887695 0.558547 0.558547 0.558547
vn -0.837488 0.041401 0.544885
v -0.969259 1.209283 0.807082 0.558547 0.558547 0.558547
vn -0.837488 0.041401 0.544885
v -0.990000 1.149078 0.779778 0.558547 0.558547 0.558547
vn -0.837488 0.041401 0.544885
f 2386//2386 2387//2387 2388//2388
v -0.833224 1.098975 0.952699 0.558547 0.558547 0.558547
vn -0.635927 0.000000 0.771749
v -0.794471 1.098975 0.984632 0.558547 0.558547 0.558547
vn -0.635927 0.000000 0.771749
v -0.794471 1.138552 0.984632 0.558547 0.558547 0.558547
vn -0.635927 0.000000 0.771749
f 2389//2389 2390//2390 2391//2391
v -0.833224 1.098975 0.952699 0.558547 0.558547 0.558547
vn -0.635927 0.000000 0.771749
v -0.794471 1.138552 0.984632 0.558547 0.558547 0.558547
vn -0.635927 0.000000 0.771749
v -0.833224 1.138552 0.952699 0.558547 0.558547 0.558547
vn -0.635927 0.000000 0.771749
f 2392//2392 2393//2393 2394//2394
v -0.821083 1.098975 0.925166 0.558547 0.558547 0.558547
vn 0.364366 -0.917292 0.160662
v -0.833224 1.098975 0.952699 0.558547 0.558547 0.558547
vn 0.364366 -0.917292 0.160662
v -0.856480 1.088451 0.945354 0.558547 0.558547 0.558547
vn 0.364366 -0.917292 0.160662
f 2395//2395 2396//2396 2397//2397
v -0.821083 1.098975 0.925166 0.558547 0.558547 0.558547
vn 0.374373 -0.909152 0.182451
v -0.856480 1.088451 0.945354 0.558547 0.558547 0.558547
vn 0.374373 -0.909152 0.182451
v -0.824127 1.088451 0.878969 0.558547 0.558547 0.558547
vn 0.374373 -0.909152 0.182451
f 2398//2398 2399//2399 2400//2400
v -0.821083 1.138552 0.925166 0.558547 0.558547 0.558547
vn 0.000000 1.000000 0.000000
v -0.833224 1.138552 0.952699 0.558547 0.558547 0.558547
vn 0.000000 1.000000 0.000000
v -0.794471 1.138552 0.984632 0.558547 0.558547 0.558547
vn 0.000000 1.000000 0.000000
f 2401//2401 2402//2402 2403//2403
v -0.821083 1.138552 0.925166 0.558547 0.558547 0.558547
vn 0.000000 1.000000 0.000000
v -0.794471 1.138552 0.984632 0.558547 0.558547 0.558547
vn 0.000000 1.000000 0.000000
v -0.782330 1.138552 0.957099 0.558547 0.558547 0.558547
vn 0.000000 1.000000 0.000000
f 2404//2404 2405//2405 2406//2406
v -0.924300 1.088451 0.755527 0.558547 0.558547 0.558547
vn -0.683703 -0.548266 -0.481617
v -0.964775 1.088451 0.812985 0.558547 0.558547 0.558547
vn -0.683703 -0.548266 -0.481617
v -0.990000 1.149078 0.779778 0.558547 0.558547 0.558547
vn -0.683703 -0.548266 -0.481617
f 2407//2407 2408//2408 2409//2409
v -0.924300 1.088451 0.755527 0.558547 0.558547 0.558547
vn -0.683705 -0.548272 -0.481607
v -0.990000 1.149078 0.779778 0.558547 0.558547 0.558547
vn -0.683705 -0.548272 -0.481607
v -0.949526 1.149078 0.722319 0.558547 0.558547 0.558547
vn -0.683705 -0.548272 -0.481607
f 2410//2410 2411//2411 2412//2412
v -0.887434 1.088451 0.821310 0.558547 0.558547 0.558547
vn 0.868425 0.094761 -0.486681
v -0.924300 1.088451 0.755527 0.558547 0.558547 0.558547
vn 0.868425 0.094761 -0.486681
v -0.949526 1.149078 0.722319 0.558547 0.558547 0.558547
vn 0.868425 0.094761 -0.486681
f 2413//2413 2414//2414 2415//2415
v -0.887434 1.088451 0.821310 0.558547 0.558547 0.558547
vn 0.847141 0.000000 -0.531368
v -0.949526 1.149078 0.722319 0.558547 0.558547 0.558547
vn 0.847141 0.000000 -0.531368
v -0.887434 1.149078 0.821310 0.558547 0.558547 0.558547
vn 0.847141 0.000000 -0.531368
f 2416//2416 2417//2417 2418//2418
v -0.919787 1.149078 0.887695 0.558547 0.558547 0.558547
vn -0.837160 -0.049976 0.544671
v -0.990000 1.149078 0.779778 0.558547 0.558547 0.558547
vn -0.837160 -0.049976 0.544671
v -0.964775 1.088451 0.812985 0.558547 0.558547 0.558547
vn -0.837160 -0.049976 0.544671
f 2419//2419 2420//2420 2421//2421
v -0.919787 1.149078 0.887695 0.558547 0.558547 0.558547
vn -0.856671 0.000000 0.515864
v -0.964775 1.088451 0.812985 0.558547 0.558547 0.558547
vn -0.856671 0.000000 0.515864
v -0.919787 1.088451 0.887695 0.558547 0.558547 0.558547
vn -0.856671 0.000000 0.515864
f 2422//2422 2423//2423 2424//2424
v -0.919787 1.088451 0.887695 0.558547 0.558547 0.558547
vn 0.000000 -1.000000 0.000000
v -0.964775 1.088451 0.812985 0.558547 0.558547 0.558547
vn 0.000000 -1.000000 0.000000
v -0.924300 1.088451 0.755527 0.558547 0.558547 0.558547
vn 0.000000 -1.000000 0.000000
f 2425//2425 2426//2426 2427//2427
v -0.919787 1.088451 0.887695 0.558547 0.558547 0.558547
vn 0.000000 -1.000000 0.000000
v -0.924300 1.088451 0.755527 0.558547 0.558547 0.558547
vn 0.000000 -1.000000 0.000000
v -0.887434 1.088451 0.821310 0.558547 0.558547 0.558547
vn 0.000000 -1.000000 0.000000
f 2428//2428 2429//2429 2430//2430
v -0.887434 1.219052 0.821310 0.558547 0.558547 0.558547
vn -0.105479 0.991642 -0.074302
v -0.928784 1.209283 0.749623 0.558547 0.558547 0.558547
vn -0.105479 0.991642 -0.074302
v -0.969259 1.209283 0.807082 0.558547 0.558547 0.558547
vn -0.105479 0.991642 -0.074302
f 2431//2431 2432//2432 2433//2433
v -0.887434 1.219052 0.821310 0.558547 0.558547 0.558547
vn -0.109253 0.992587 -0.053245
v -0.969259 1.209283 0.807082 0.558547 0.558547 0.558547
vn -0.109253 0.992587 -0.053245
v -0.919787 1.219052 0.887695 0.558547 0.558547 0.558547
vn -0.109253 0.992587 -0.053245
f 2434//2434 2435//2435 2436//2436
v -0.990000 1.149078 0.779778 0.558547 0.558547 0.558547
vn -0.718502 0.477061 -0.506130
v -0.969259 1.209283 0.807082 0.558547 0.558547 0.558547
vn -0.718502 0.477061 -0.506130
v -0.928784 1.209283 0.749623 0.558547 0.558547 0.558547
vn -0.718502 0.477061 -0.506130
f 2437//2437 2438//2438 2439//2439
v -0.990000 1.149078 0.779778 0.558547 0.558547 0.558547
vn -0.718504 0.477069 -0.506120
v -0.928784 1.209283 0.749623 0.558547 0.558547 0.558547
vn -0.718504 0.477069 -0.506120
v -0.949526 1.149078 0.722319 0.558547 0.558547 0.558547
vn -0.718504 0.477069 -0.506120
f 2440//2440 2441//2441 2442//2442
v -0.856480 1.149078 0.945354 0.558547 0.558547 0.558547
vn -0.673370 0.000000 0.739306
v -0.856480 1.205602 0.945354 0.558547 0.558547 0.558547
vn -0.673370 0.000000 0.739306
v -0.870274 1.226692 0.932790 0.558547 0.558547 0.558547
vn -0.673370 0.000000 0.739306
f 2443//2443 2444//2444 2445//2445
v -0.856480 1.149078 0.945354 0.558547 0.558547 0.558547
vn -0.673354 0.000005 0.739320
v -0.870274 1.226692 0.932790 0.558547 0.558547 0.558547
vn -0.673354 0.000005 0.739320
v -0.919787 1.219052 0.887695 0.558547 0.558547 0.558547
vn -0.673354 0.000005 0.739320
f 2446//2446 2447//2447 2448//2448
v -0.856480 1.149078 0.945354 0.558547 0.558547 0.558547
vn -0.673357 0.000000 0.739318
v -0.919787 1.219052 0.887695 0.558547 0.558547 0.558547
vn -0.673357 0.000000 0.739318
v -0.919787 1.149078 0.887695 0.558547 0.558547 0.558547
vn -0.673357 0.000000 0.739318
f 2449//2449 2450//2450 2451//2451
v -0.824127 1.149078 0.878969 0.558547 0.558547 0.558547
vn 0.898929 0.000000 0.438094
v -0.824127 1.205602 0.878969 0.558547 0.558547 0.558547
vn 0.898929 0.000000 0.438094
v -0.856480 1.205602 0.945354 0.558547 0.558547 0.558547
vn 0.898929 0.000000 0.438094
f 2452//2452 2453//2453 2454//2454
v -0.824127 1.149078 0.878969 0.558547 0.558547 0.558547
vn 0.898929 0.000000 0.438094
v -0.856480 1.205602 0.945354 0.558547 0.558547 0.558547
vn 0.898929 0.000000 0.438094
v -0.856480 1.149078 0.945354 0.558547 0.558547 0.558547
vn 0.898929 0.000000 0.438094
f 2455//2455 2456//2456 2457//2457
v -0.949526 1.149078 0.722319 0.558547 0.558547 0.558547
vn 0.868162 -0.076731 -0.490313
v -0.928784 1.209283 0.749623 0.558547 0.558547 0.558547
vn 0.868162 -0.076731 -0.490313
v -0.887434 1.219052 0.821310 0.558547 0.558547 0.558547
vn 0.868162 -0.076731 -0.490313
f 2458//2458 2459//2459 2460//2460
v -0.949526 1.149078 0.722319 0.558547 0.558547 0.558547
vn 0.847141 0.000000 -0.531368
v -0.887434 1.219052 0.821310 0.558547 0.558547 0.558547
vn 0.847141 0.000000 -0.531368
v -0.887434 1.149078 0.821310 0.558547 0.558547 0.558547
vn 0.847141 0.000000 -0.531368
f 2461//2461 2462//2462 2463//2463
v -0.887434 1.149078 0.821310 0.558547 0.558547 0.558547
vn 0.673353 0.000000 -0.739321
v -0.887434 1.219052 0.821310 0.558547 0.558547 0.558547
vn 0.673353 0.000000 -0.739321
v -0.837922 1.226692 0.866405 0.558547 0.558547 0.558547
vn 0.673353 0.000000 -0.739321
f 2464//2464 2465//2465 2466//2466
v -0.887434 1.149078 0.821310 0.558547 0.558547 0.558547
vn 0.673362 -0.000010 -0.739313
v -0.837922 1.226692 0.866405 0.558547 0.558547 0.558547
vn 0.673362 -0.000010 -0.739313
v -0.824127 1.205602 0.878969 0.558547 0.558547 0.558547
vn 0.673362 -0.000010 -0.739313
f 2467//2467 2468//2468 2469//2469
v -0.887434 1.149078 0.821310 0.558547 0.558547 0.558547
vn 0.673357 0.000000 -0.739318
v -0.824127 1.205602 0.878969 0.558547 0.558547 0.558547
vn 0.673357 0.000000 -0.739318
v -0.824127 1.149078 0.878969 0.558547 0.558547 0.558547
vn 0.673357 0.000000 -0.739318
f 2470//2470 2471//2471 2472//2472
v -0.856480 1.088451 0.945354 0.558547 0.558547 0.558547
vn 0.000000 -1.000000 0.000000
v -0.919787 1.088451 0.887695 0.558547 0.558547 0.558547
vn 0.000000 -1.000000 0.000000
v -0.887434 1.088451 0.821310 0.558547 0.558547 0.558547
vn 0.000000 -1.000000 0.000000
f 2473//2473 2474//2474 2475//2475
v -0.856480 1.088451 0.945354 0.558547 0.558547 0.558547
vn 0.000000 -1.000000 0.000000
v -0.887434 1.088451 0.821310 0.558547 0.558547 0.558547
vn 0.000000 -1.000000 0.000000
v -0.824127 1.088451 0.878969 0.558547 0.558547 0.558547
vn 0.000000 -1.000000 0.000000
f 2476//2476 2477//2477 2478//2478
v -0.856480 1.149078 0.945354 0.558547 0.558547 0.558547
vn -0.673357 0.000000 0.739318
v -0.919787 1.149078 0.887695 0.558547 0.558547 0.558547
vn -0.673357 0.000000 0.739318
v -0.919787 1.088451 0.887695 0.558547 0.558547 0.558547
vn -0.673357 0.000000 0.739318
f 2479//2479 2480//2480 2481//2481
v -0.856480 1.149078 0.945354 0.558547 0.558547 0.558547
vn -0.673357 0.000000 0.739318
v -0.919787 1.088451 0.887695 0.558547 0.558547 0.558547
vn -0.673357 0.000000 0.739318
v -0.856480 1.088451 0.945354 0.558547 0.558547 0.558547
vn -0.673357 0.000000 0.739318
f 2482//2482 2483//2483 2484//2484
v -0.824127 1.088451 0.878969 0.558547 0.558547 0.558547
vn 0.673357 0.000000 -0.739318
v -0.887434 1.088451 0.821310 0.558547 0.558547 0.558547
vn 0.673357 0.000000 -0.739318
v -0.887434 1.149078 0.821310 0.558547 0.558547 0.558547
vn 0.673357 0.000000 -0.739318
f 2485//2485 2486//2486 2487//2487
v -0.824127 1.088451 0.878969 0.558547 0.558547 0.558547
vn 0.673357 0.000000 -0.739318
v -0.887434 1.149078 0.821310 0.558547 0.558547 0.558547
vn 0.673357 0.000000 -0.739318
v -0.824127 1.149078 0.878969 0.558547 0.558547 0.558547
vn 0.673357 0.000000 -0.739318
f 2488//2488 2489//2489 2490//2490
v -0.824127 1.149078 0.878969 0.558547 0.558547 0.558547
vn 0.359488 0.916556 0.175196
v -0.856480 1.149078 0.945354 0.558547 0.558547 0.558547
vn 0.359488 0.916556 0.175196
v -0.833224 1.138552 0.952699 0.558547 0.558547 0.558547
vn 0.359488 0.916556 0.175196
f 2491//2491 2492//2492 2493//2493
v -0.824127 1.149078 0.878969 0.558547 0.558547 0.558547
vn 0.403477 0.897527 0.177907
v -0.833224 1.138552 0.952699 0.558547 0.558547 0.558547
vn 0.403477 0.897527 0.177907
v -0.821083 1.138552 0.925166 0.558547 0.558547 0.558547
vn 0.403477 0.897527 0.177907
f 2494//2494 2495//2495 2496//2496
v -0.782330 1.098975 0.957099 0.558547 0.558547 0.558547
vn 0.000000 -1.000000 0.000000
v -0.794471 1.098975 0.984632 0.558547 0.558547 0.558547
vn 0.000000 -1.000000 0.000000
v -0.833224 1.098975 0.952699 0.558547 0.558547 0.558547
vn 0.000000 -1.000000 0.000000
f 2497//2497 2498//2498 2499//2499
v -0.782330 1.098975 0.957099 0.558547 0.558547 0.558547
vn 0.000000 -1.000000 0.000000
v -0.833224 1.098975 0.952699 0.558547 0.558547 0.558547
vn 0.000000 -1.000000 0.000000
v -0.821083 1.098975 0.925166 0.558547 0.558547 0.558547
vn 0.000000 -1.000000 0.000000
f 2500//2500 2501//2501 2502//2502
v -0.856480 1.088451 0.945354 0.558547 0.558547 0.558547
vn -0.301152 0.000000 0.953576
v -0.833224 1.098975 0.952699 0.558547 0.558547 0.558547
vn -0.301152 0.000000 0.953576
v -0.833224 1.138552 0.952699 0.558547 0.558547 0.558547
vn -0.301152 0.000000 0.953576
f 2503//2503 2504//2504 2505//2505
v -0.856480 1.088451 0.945354 0.558547 0.558547 0.558547
vn -0.301152 0.000000 0.953576
v -0.833224 1.138552 0.952699 0.558547 0.558547 0.558547
vn -0.301152 0.000000 0.953576
v -0.856480 1.149078 0.945354 0.558547 0.558547 0.558547
vn -0.301152 0.000000 0.953576
f 2506//2506 2507//2507 2508//2508
v -0.782330 1.098975 0.957099 0.558547 0.558547 0.558547
vn 0.635927 0.000000 -0.771749
v -0.821083 1.098975 0.925166 0.558547 0.558547 0.558547
vn 0.635927 0.000000 -0.771749
v -0.821083 1.138552 0.925166 0.558547 0.558547 0.558547
vn 0.635927 0.000000 -0.771749
f 2509//2509 2510//2510 2511//2511
v -0.782330 1.098975 0.957099 0.558547 0.558547 0.558547
vn 0.635927 0.000000 -0.771749
v -0.821083 1.138552 0.925166 0.558547 0.558547 0.558547
vn 0.635927 0.000000 -0.771749
v -0.782330 1.138552 0.957099 0.558547 0.558547 0.558547
vn 0.635927 0.000000 -0.771749
f 2512//2512 2513//2513 2514//2514
v -0.824127 1.205602 0.878969 0.558547 0.558547 0.558547
vn 0.685276 0.647195 0.333969
v -0.837922 1.226692 0.866405 0.558547 0.558547 0.558547
vn 0.685276 0.647195 0.333969
v -0.870274 1.226692 0.932790 0.558547 0.558547 0.558547
vn 0.685276 0.647195 0.333969
f 2515//2515 2516//2516 2517//2517
v -0.824127 1.205602 0.878969 0.558547 0.558547 0.558547
vn 0.685276 0.647195 0.333969
v -0.870274 1.226692 0.932790 0.558547 0.558547 0.558547
vn 0.685276 0.647195 0.333969
v -0.856480 1.205602 0.945354 0.558547 0.558547 0.558547
vn 0.685276 0.647195 0.333969
f 2518//2518 2519//2519 2520//2520
v -0.837922 1.226692 0.866405 0.558547 0.558547 0.558547
vn -0.106117 0.993008 -0.051716
v -0.887434 1.219052 0.821310 0.558547 0.558547 0.558547
vn -0.106117 0.993008 -0.051716
v -0.919787 1.219052 0.887695 0.558547 0.558547 0.558547
vn -0.106117 0.993008 -0.051716
f 2521//2521 2522//2522 2523//2523
v -0.837922 1.226692 0.866405 0.558547 0.558547 0.558547
vn -0.106117 0.993008 -0.051716
v -0.919787 1.219052 0.887695 0.558547 0.558547 0.558547
vn -0.106117 0.993008 -0.051716
v -0.870274 1.226692 0.932790 0.558547 0.558547 0.558547
vn -0.106117 0.993008 -0.051716
f 2524//2524 2525//2525 2526//2526
v -0.598579 1.453872 -1.873749 0.558547 0.558547 0.558547
vn 0.995767 -0.025432 -0.088330
v -0.598455 1.443920 -1.869488 0.558547 0.558547 0.558547
vn 0.995767 -0.025432 -0.088330
v -0.610445 1.295538 -1.961922 0.558547 0.558547 0.558547
vn 0.995767 -0.025432 -0.088330
f 2527//2527 2528//2528 2529//2529
v -0.598579 1.453872 -1.873749 0.558547 0.558547 0.558547
vn 0.997412 -0.042419 -0.058049
v -0.610445 1.295538 -1.961922 0.558547 0.558547 0.558547
vn 0.997412 -0.042419 -0.058049
v -0.610549 1.303270 -1.969361 0.558547 0.558547 0.558547
vn 0.997412 -0.042419 -0.058049
f 2530//2530 2531//2531 2532//2532
v -0.328896 1.700511 -1.742453 0.558547 0.558547 0.558547
vn 0.119191 -0.359912 -0.925341
v -0.328773 1.690421 -1.738513 0.558547 0.558547 0.558547
vn 0.119191 -0.359912 -0.925341
v -0.591848 1.627320 -1.747856 0.558547 0.558547 0.558547
vn 0.119191 -0.359912 -0.925341
f 2533//2533 2534//2534 2535//2535
v -0.328896 1.700511 -1.742453 0.558547 0.558547 0.558547
vn 0.127077 -0.389205 -0.912344
v -0.591848 1.627320 -1.747856 0.558547 0.558547 0.558547
vn 0.127077 -0.389205 -0.912344
v -0.591972 1.637271 -1.752118 0.558547 0.558547 0.558547
vn 0.127077 -0.389205 -0.912344
f 2536//2536 2537//2537 2538//2538
v -0.757418 0.765649 2.026487 0.558547 0.558547 0.558547
vn -0.920354 0.160235 0.356754
v -0.701703 0.860004 2.127841 0.558547 0.558547 0.558547
vn -0.920354 0.160235 0.356754
v -0.724607 0.981328 2.014260 0.558547 0.558547 0.558547
vn -0.920354 0.160235 0.356754
f 2539//2539 2540//2540 2541//2541
v -0.624685 0.630447 2.234541 0.558547 0.558547 0.558547
vn -0.359345 0.037009 0.932471
v -0.618552 0.368850 2.247287 0.558547 0.558547 0.558547
vn -0.359345 0.037009 0.932471
v -0.442400 0.368850 2.315170 0.558547 0.558547 0.558547
vn -0.359345 0.037009 0.932471
f 2542//2542 2543//2543 2544//2544
v -0.624685 0.630447 2.234541 0.558547 0.558547 0.558547
vn -0.258730 0.115309 0.959043
v -0.442400 0.368850 2.315170 0.558547 0.558547 0.558547
vn -0.258730 0.115309 0.959043
v -0.470713 0.631720 2.275926 0.558547 0.558547 0.558547
vn -0.258730 0.115309 0.959043
f 2545//2545 2546//2546 2547//2547
v -0.757418 0.765649 2.026487 0.558547 0.558547 0.558547
vn -0.639221 -0.355213 0.682071
v -0.745651 0.763837 2.036571 0.558547 0.558547 0.558547
vn -0.639221 -0.355213 0.682071
v -0.694879 0.849821 2.128932 0.558547 0.558547 0.558547
vn -0.639221 -0.355213 0.682071
f 2548//2548 2549//2549 2550//2550
v -0.757418 0.765649 2.026487 0.558547 0.558547 0.558547
vn -0.639180 -0.355260 0.682085
v -0.694879 0.849821 2.128932 0.558547 0.558547 0.558547
vn -0.639180 -0.355260 0.682085
v -0.701703 0.860004 2.127841 0.558547 0.558547 0.558547
vn -0.639180 -0.355260 0.682085
f 2551//2551 2552//2552 2553//2553
v -0.464115 0.802062 2.216121 0.558547 0.558547 0.558547
vn -0.485375 0.253838 0.836647
v -0.478372 0.797020 2.209380 0.558547 0.558547 0.558547
vn -0.485375 0.253838 0.836647
v -0.482159 0.654507 2.250421 0.558547 0.558547 0.558547
vn -0.485375 0.253838 0.836647
f 2554//2554 2555//2555 2556//2556
v -0.464115 0.802062 2.216121 0.558547 0.558547 0.558547
vn -0.513558 0.253367 0.819795
v -0.482159 0.654507 2.250421 0.558547 0.558547 0.558547
vn -0.513558 0.253367 0.819795
v -0.468271 0.650029 2.260505 0.558547 0.558547 0.558547
vn -0.513558 0.253367 0.819795
f 2557//2557 2558//2558 2559//2559
v -0.812158 1.187076 0.336669 0.558547 0.558547 0.558547
vn -0.925895 0.376067 0.035950
v -0.829296 1.191551 -0.151536 0.558547 0.558547 0.558547
vn -0.925895 0.376067 0.035950
v -0.918412 0.969743 -0.126439 0.558547 0.558547 0.558547
vn -0.925895 0.376067 0.035950
f 2560//2560 2561//2561 2562//2562
v -0.812158 1.187076 0.336669 0.558547 0.558547 0.558547
vn -0.931009 0.362390 0.043542
v -0.918412 0.969743 -0.126439 0.558547 0.558547 0.558547
vn -0.931009 0.362390 0.043542
v -0.901274 0.963255 0.294006 0.558547 0.558547 0.558547
vn -0.931009 0.362390 0.043542
f 2563//2563 2564//2564 2565//2565
v -0.901274 0.632926 0.278788 0.558547 0.558547 0.558547
vn -0.998927 -0.018696 0.042371
v -0.918412 0.637401 -0.123279 0.558547 0.558547 0.558547
vn -0.998927 -0.018696 0.042371
v -0.915639 0.368763 -0.176429 0.558547 0.558547 0.558547
vn -0.998927 -0.018696 0.042371
f 2566//2566 2567//2567 2568//2568
v -0.901274 0.632926 0.278788 0.558547 0.558547 0.558547
vn -0.999299 -0.008504 0.036469
v -0.915639 0.368763 -0.176429 0.558547 0.558547 0.558547
vn -0.999299 -0.008504 0.036469
v -0.901274 0.368850 0.217211 0.558547 0.558547 0.558547
vn -0.999299 -0.008504 0.036469
f 2569//2569 2570//2570 2571//2571
v -0.901274 0.965268 -0.126445 0.558547 0.558547 0.558547
vn -0.026946 -0.101694 -0.994451
v -0.918412 0.969743 -0.126439 0.558547 0.558547 0.558547
vn -0.026946 -0.101694 -0.994451
v -0.829296 1.191551 -0.151536 0.558547 0.558547 0.558547
vn -0.026946 -0.101694 -0.994451
f 2572//2572 2573//2573 2574//2574
v -0.901274 0.965268 -0.126445 0.558547 0.558547 0.558547
vn -0.026946 -0.101694 -0.994451
v -0.829296 1.191551 -0.151536 0.558547 0.558547 0.558547
vn -0.026946 -0.101694 -0.994451
v -0.812158 1.187076 -0.151543 0.558547 0.558547 0.558547
vn -0.026946 -0.101694 -0.994451
f 2575//2575 2576//2576 2577//2577
v -0.812158 1.187076 -0.151543 0.558547 0.558547 0.558547
vn 0.252658 0.967556 0.000000
v -0.829296 1.191551 -0.151536 0.558547 0.558547 0.558547
vn 0.252658 0.967556 0.000000
v -0.812158 1.187076 0.336669 0.558547 0.558547 0.558547
vn 0.252658 0.967556 0.000000
f 2578//2578 2579//2579 2580//2580
v -0.901274 0.963255 0.294006 0.558547 0.558547 0.558547
vn -0.999170 0.000387 0.040734
v -0.918412 0.969743 -0.126439 0.558547 0.558547 0.558547
vn -0.999170 0.000387 0.040734
v -0.918412 0.637401 -0.123279 0.558547 0.558547 0.558547
vn -0.999170 0.000387 0.040734
f 2581//2581 2582//2582 2583//2583
v -0.901274 0.963255 0.294006 0.558547 0.558547 0.558547
vn -0.999092 -0.001961 0.042565
v -0.918412 0.637401 -0.123279 0.558547 0.558547 0.558547
vn -0.999092 -0.001961 0.042565
v -0.901274 0.632926 0.278788 0.558547 0.558547 0.558547
vn -0.999092 -0.001961 0.042565
f 2584//2584 2585//2585 2586//2586
v -0.442400 0.368850 2.315170 0.558547 0.558547 0.558547
vn -0.927972 0.290344 0.233598
v -0.366277 0.612150 2.315170 0.558547 0.558547 0.558547
vn -0.927972 0.290344 0.233598
v -0.357749 0.645328 2.307808 0.558547 0.558547 0.558547
vn -0.927972 0.290344 0.233598
f 2587//2587 2588//2588 2589//2589
v -0.442400 0.368850 2.315170 0.558547 0.558547 0.558547
vn -0.282375 0.111825 0.952764
v -0.357749 0.645328 2.307808 0.558547 0.558547 0.558547
vn -0.282375 0.111825 0.952764
v -0.470713 0.631720 2.275926 0.558547 0.558547 0.558547
vn -0.282375 0.111825 0.952764
f 2590//2590 2591//2591 2592//2592
v -0.800284 1.226416 -0.192574 0.558547 0.558547 0.558547
vn 0.575318 0.817930 -0.000001
v -0.791013 1.219895 -0.191564 0.558547 0.558547 0.558547
vn 0.575318 0.817930 -0.000001
v -0.791014 1.219895 -0.800475 0.558547 0.558547 0.558547
vn 0.575318 0.817930 -0.000001
f 2593//2593 2594//2594 2595//2595
v -0.800284 1.226416 -0.192574 0.558547 0.558547 0.558547
vn 0.575357 0.817902 0.000000
v -0.791014 1.219895 -0.800475 0.558547 0.558547 0.558547
vn 0.575357 0.817902 0.000000
v -0.800284 1.226416 -0.801485 0.558547 0.558547 0.558547
vn 0.575357 0.817902 0.000000
f 2596//2596 2597//2597 2598//2598
v -0.812158 1.187076 -0.151543 0.558547 0.558547 0.558547
vn -0.957344 0.288950 0.000000
v -0.800284 1.226416 -0.192574 0.558547 0.558547 0.558547
vn -0.957344 0.288950 0.000000
v -0.800284 1.226416 -0.801485 0.558547 0.558547 0.558547
vn -0.957344 0.288950 0.000000
f 2599//2599 2600//2600 2601//2601
v -0.812158 1.187076 -0.151543 0.558547 0.558547 0.558547
vn -0.957344 0.288950 0.000000
v -0.800284 1.226416 -0.801485 0.558547 0.558547 0.558547
vn -0.957344 0.288950 0.000000
v -0.812158 1.187076 -0.821661 0.558547 0.558547 0.558547
vn -0.957344 0.288950 0.000000
f 2602//2602 2603//2603 2604//2604
v -0.324850 1.719137 -0.259362 0.558547 0.558547 0.558547
vn 0.000000 0.999599 0.028300
v 0.000000 1.719137 -0.259362 0.558547 0.558547 0.558547
vn 0.000000 0.999599 0.028300
v 0.000000 1.734332 -0.796083 0.558547 0.558547 0.558547
vn 0.000000 0.999599 0.028300
f 2605//2605 2606//2606 2607//2607
v -0.324850 1.719137 -0.259362 0.558547 0.558547 0.558547
vn -0.020851 0.999660 0.015682
v 0.000000 1.734332 -0.796083 0.558547 0.558547 0.558547
vn -0.020851 0.999660 0.015682
v -0.324850 1.727560 -0.796300 0.558547 0.558547 0.558547
vn -0.020851 0.999660 0.015682
f 2608//2608 2609//2609 2610//2610
v -0.581094 1.670351 -0.260653 0.558547 0.558547 0.558547
vn -0.187082 0.982223 0.015408
v -0.324850 1.719137 -0.259362 0.558547 0.558547 0.558547
vn -0.187082 0.982223 0.015408
v -0.324850 1.727560 -0.796300 0.558547 0.558547 0.558547
vn -0.187082 0.982223 0.015408
f 2611//2611 2612//2612 2613//2613
v -0.581094 1.670351 -0.260653 0.558547 0.558547 0.558547
vn -0.169356 0.985257 0.024212
v -0.324850 1.727560 -0.796300 0.558547 0.558547 0.558547
vn -0.169356 0.985257 0.024212
v -0.586304 1.682865 -0.806311 0.558547 0.558547 0.558547
vn -0.169356 0.985257 0.024212
f 2614//2614 2615//2615 2616//2616
v -0.901274 0.965268 -0.126445 0.558547 0.558547 0.558547
vn -0.927909 0.372808 0.000000
v -0.812158 1.187076 -0.151543 0.558547 0.558547 0.558547
vn -0.927909 0.372808 0.000000
v -0.812158 1.187076 -0.821661 0.558547 0.558547 0.558547
vn -0.927909 0.372808 0.000000
f 2617//2617 2618//2618 2619//2619
v -0.901274 0.965268 -0.126445 0.558547 0.558547 0.558547
vn -0.916533 0.399832 0.010080
v -0.812158 1.187076 -0.821661 0.558547 0.558547 0.558547
vn -0.916533 0.399832 0.010080
v -0.901274 0.982601 -0.813960 0.558547 0.558547 0.558547
vn -0.916533 0.399832 0.010080
f 2620//2620 2621//2621 2622//2622
v -0.324850 1.712828 -1.779021 0.558547 0.558547 0.558547
vn 0.000000 0.000000 -1.000000
v -0.328896 1.685768 -1.779021 0.558547 0.558547 0.558547
vn 0.000000 0.000000 -1.000000
v -0.591972 1.637271 -1.779021 0.558547 0.558547 0.558547
vn 0.000000 0.000000 -1.000000
f 2623//2623 2624//2624 2625//2625
v -0.324850 1.712828 -1.779021 0.558547 0.558547 0.558547
vn 0.000000 0.000000 -1.000000
v -0.591972 1.637271 -1.779021 0.558547 0.558547 0.558547
vn 0.000000 0.000000 -1.000000
v -0.607191 1.653180 -1.779021 0.558547 0.558547 0.558547
vn 0.000000 0.000000 -1.000000
f 2626//2626 2627//2627 2628//2628
v 0.000000 1.712828 -1.779021 0.558547 0.558547 0.558547
vn 0.000000 0.000000 -1.000000
v 0.000000 1.685768 -1.779021 0.558547 0.558547 0.558547
vn 0.000000 0.000000 -1.000000
v -0.328896 1.685768 -1.779021 0.558547 0.558547 0.558547
vn 0.000000 0.000000 -1.000000
f 2629//2629 2630//2630 2631//2631
v 0.000000 1.712828 -1.779021 0.558547 0.558547 0.558547
vn 0.000000 0.000000 -1.000000
v -0.328896 1.685768 -1.779021 0.558547 0.558547 0.558547
vn 0.000000 0.000000 -1.000000
v -0.324850 1.712828 -1.779021 0.558547 0.558547 0.558547
vn 0.000000 0.000000 -1.000000
f 2632//2632 2633//2633 2634//2634
v -0.324850 1.712828 -1.711805 0.558547 0.558547 0.558547
vn -0.206699 0.978405 0.000000
v -0.324850 1.712828 -1.779021 0.558547 0.558547 0.558547
vn -0.206699 0.978405 0.000000
v -0.607191 1.653180 -1.779021 0.558547 0.558547 0.558547
vn -0.206699 0.978405 0.000000
f 2635//2635 2636//2636 2637//2637
v -0.324850 1.712828 -1.711805 0.558547 0.558547 0.558547
vn -0.206699 0.978405 0.000000
v -0.607191 1.653180 -1.779021 0.558547 0.558547 0.558547
vn -0.206699 0.978405 0.000000
v -0.607191 1.653180 -1.721950 0.558547 0.558547 0.558547
vn -0.206699 0.978405 0.000000
f 2638//2638 2639//2639 2640//2640
v 0.000000 1.712828 -1.711805 0.558547 0.558547 0.558547
vn 0.000000 1.000000 0.000000
v 0.000000 1.712828 -1.779021 0.558547 0.558547 0.558547
vn 0.000000 1.000000 0.000000
v -0.324850 1.712828 -1.779021 0.558547 0.558547 0.558547
vn 0.000000 1.000000 0.000000
f 2641//2641 2642//2642 2643//2643
v 0.000000 1.712828 -1.711805 0.558547 0.558547 0.558547
vn 0.000000 1.000000 0.000000
v -0.324850 1.712828 -1.779021 0.558547 0.558547 0.558547
vn 0.000000 1.000000 0.000000
v -0.324850 1.712828 -1.711805 0.558547 0.558547 0.558547
vn 0.000000 1.000000 0.000000
f 2644//2644 2645//2645 2646//2646
v -0.591972 1.637271 -1.752118 0.558547 0.558547 0.558547
vn 0.181291 -0.983430 0.000000
v -0.591972 1.637271 -1.779021 0.558547 0.558547 0.558547
vn 0.181291 -0.983430 0.000000
v -0.328896 1.685768 -1.779021 0.558547 0.558547 0.558547
vn 0.181291 -0.983430 0.000000
f 2647//2647 2648//2648 2649//2649
v -0.591972 1.637271 -1.752118 0.558547 0.558547 0.558547
vn 0.204778 -0.907797 0.366020
v -0.328896 1.685768 -1.779021 0.558547 0.558547 0.558547
vn 0.204778 -0.907797 0.366020
v -0.328896 1.700511 -1.742453 0.558547 0.558547 0.558547
vn 0.204778 -0.907797 0.366020
f 2650//2650 2651//2651 2652//2652
v -0.642160 1.241784 -1.992396 0.558547 0.558547 0.558547
vn -0.828568 0.081651 -0.553903
v -0.627354 1.156690 -2.027088 0.558547 0.558547 0.558547
vn -0.828568 0.081651 -0.553903
v -0.688835 1.006989 -1.957187 0.558547 0.558547 0.558547
vn -0.828568 0.081651 -0.553903
f 2653//2653 2654//2654 2655//2655
v -0.642160 1.241784 -1.992396 0.558547 0.558547 0.558547
vn -0.828568 0.081651 -0.553903
v -0.688835 1.006989 -1.957187 0.558547 0.558547 0.558547
vn -0.828568 0.081651 -0.553903
v -0.743695 0.994555 -1.876957 0.558547 0.558547 0.558547
vn -0.828568 0.081651 -0.553903
f 2656//2656 2657//2657 2658//2658
v -0.624694 0.640630 2.226166 0.558547 0.558547 0.558547
vn 0.228150 0.942949 -0.242475
v -0.614522 0.634764 2.212926 0.558547 0.558547 0.558547
vn 0.228150 0.942949 -0.242475
v -0.699175 0.634945 2.133977 0.558547 0.558547 0.558547
vn 0.228150 0.942949 -0.242475
f 2659//2659 2660//2660 2661//2661
v -0.624694 0.640630 2.226166 0.558547 0.558547 0.558547
vn 0.228115 0.942965 -0.242447
v -0.699175 0.634945 2.133977 0.558547 0.558547 0.558547
vn 0.228115 0.942965 -0.242447
v -0.709348 0.640810 2.147215 0.558547 0.558547 0.558547
vn 0.228115 0.942965 -0.242447
f 2662//2662 2663//2663 2664//2664
v -0.468271 0.650029 2.260505 0.558547 0.558547 0.558547
vn -0.203012 0.646496 0.735411
v -0.624685 0.630447 2.234541 0.558547 0.558547 0.558547
vn -0.203012 0.646496 0.735411
v -0.470713 0.631720 2.275926 0.558547 0.558547 0.558547
vn -0.203012 0.646496 0.735411
f 2665//2665 2666//2666 2667//2667
v -0.464115 0.802062 2.216121 0.558547 0.558547 0.558547
vn -0.257375 0.328969 0.908591
v -0.462174 0.852166 2.198530 0.558547 0.558547 0.558547
vn -0.257375 0.328969 0.908591
v -0.701703 0.860004 2.127841 0.558547 0.558547 0.558547
vn -0.257375 0.328969 0.908591
f 2668//2668 2669//2669 2670//2670
v -0.478372 0.797020 2.209380 0.558547 0.558547 0.558547
vn -0.814155 -0.140599 -0.563368
v -0.468198 0.791155 2.196141 0.558547 0.558547 0.558547
vn -0.814155 -0.140599 -0.563368
v -0.471986 0.648642 2.237183 0.558547 0.558547 0.558547
vn -0.814155 -0.140599 -0.563368
f 2671//2671 2672//2672 2673//2673
v -0.478372 0.797020 2.209380 0.558547 0.558547 0.558547
vn -0.814180 -0.140593 -0.563333
v -0.471986 0.648642 2.237183 0.558547 0.558547 0.558547
vn -0.814180 -0.140593 -0.563333
v -0.482159 0.654507 2.250421 0.558547 0.558547 0.558547
vn -0.814180 -0.140593 -0.563333
f 2674//2674 2675//2675 2676//2676
v -0.694879 0.849821 2.128932 0.558547 0.558547 0.558547
vn -0.297556 -0.936362 0.186245
v -0.684706 0.843955 2.115694 0.558547 0.558547 0.558547
vn -0.297556 -0.936362 0.186245
v -0.468198 0.791155 2.196141 0.558547 0.558547 0.558547
vn -0.297556 -0.936362 0.186245
f 2677//2677 2678//2678 2679//2679
v -0.694879 0.849821 2.128932 0.558547 0.558547 0.558547
vn -0.297552 -0.936366 0.186228
v -0.468198 0.791155 2.196141 0.558547 0.558547 0.558547
vn -0.297552 -0.936366 0.186228
v -0.478372 0.797020 2.209380 0.558547 0.558547 0.558547
vn -0.297552 -0.936366 0.186228
f 2680//2680 2681//2681 2682//2682
v -0.624685 0.630447 2.234541 0.558547 0.558547 0.558547
vn -0.583911 0.515351 0.627265
v -0.624694 0.640630 2.226166 0.558547 0.558547 0.558547
vn -0.583911 0.515351 0.627265
v -0.709348 0.640810 2.147215 0.558547 0.558547 0.558547
vn -0.583911 0.515351 0.627265
f 2683//2683 2684//2684 2685//2685
v -0.624685 0.630447 2.234541 0.558547 0.558547 0.558547
vn -0.583883 0.515408 0.627244
v -0.709348 0.640810 2.147215 0.558547 0.558547 0.558547
vn -0.583883 0.515408 0.627244
v -0.717581 0.630644 2.147905 0.558547 0.558547 0.558547
vn -0.583883 0.515408 0.627244
f 2686//2686 2687//2687 2688//2688
v -0.468271 0.650029 2.260505 0.558547 0.558547 0.558547
vn -0.177390 0.785340 0.593105
v -0.482159 0.654507 2.250421 0.558547 0.558547 0.558547
vn -0.177390 0.785340 0.593105
v -0.624694 0.640630 2.226166 0.558547 0.558547 0.558547
vn -0.177390 0.785340 0.593105
f 2689//2689 2690//2690 2691//2691
v -0.468271 0.650029 2.260505 0.558547 0.558547 0.558547
vn -0.203389 0.621818 0.756290
v -0.624694 0.640630 2.226166 0.558547 0.558547 0.558547
vn -0.203389 0.621818 0.756290
v -0.624685 0.630447 2.234541 0.558547 0.558547 0.558547
vn -0.203389 0.621818 0.756290
f 2692//2692 2693//2693 2694//2694
v -0.785476 0.688173 2.067083 0.558547 0.558547 0.558547
vn -0.499737 0.537072 0.679571
v -0.771220 0.693236 2.073565 0.558547 0.558547 0.558547
vn -0.499737 0.537072 0.679571
v -0.745651 0.763837 2.036571 0.558547 0.558547 0.558547
vn -0.499737 0.537072 0.679571
f 2695//2695 2696//2696 2697//2697
v -0.785476 0.688173 2.067083 0.558547 0.558547 0.558547
vn -0.499701 0.537065 0.679602
v -0.745651 0.763837 2.036571 0.558547 0.558547 0.558547
vn -0.499701 0.537065 0.679602
v -0.757418 0.765649 2.026487 0.558547 0.558547 0.558547
vn -0.499701 0.537065 0.679602
f 2698//2698 2699//2699 2700//2700
v -0.701703 0.860004 2.127841 0.558547 0.558547 0.558547
vn -0.377063 -0.154848 0.913152
v -0.694879 0.849821 2.128932 0.558547 0.558547 0.558547
vn -0.377063 -0.154848 0.913152
v -0.478372 0.797020 2.209380 0.558547 0.558547 0.558547
vn -0.377063 -0.154848 0.913152
f 2701//2701 2702//2702 2703//2703
v -0.701703 0.860004 2.127841 0.558547 0.558547 0.558547
vn -0.377049 -0.154777 0.913169
v -0.478372 0.797020 2.209380 0.558547 0.558547 0.558547
vn -0.377049 -0.154777 0.913169
v -0.464115 0.802062 2.216121 0.558547 0.558547 0.558547
vn -0.377049 -0.154777 0.913169
f 2704//2704 2705//2705 2706//2706
v -0.745651 0.763837 2.036571 0.558547 0.558547 0.558547
vn 0.286713 -0.774698 0.563594
v -0.735478 0.757972 2.023332 0.558547 0.558547 0.558547
vn 0.286713 -0.774698 0.563594
v -0.684706 0.843955 2.115694 0.558547 0.558547 0.558547
vn 0.286713 -0.774698 0.563594
f 2707//2707 2708//2708 2709//2709
v -0.745651 0.763837 2.036571 0.558547 0.558547 0.558547
vn 0.286727 -0.774699 0.563585
v -0.684706 0.843955 2.115694 0.558547 0.558547 0.558547
vn 0.286727 -0.774699 0.563585
v -0.694879 0.849821 2.128932 0.558547 0.558547 0.558547
vn 0.286727 -0.774699 0.563585
f 2710//2710 2711//2711 2712//2712
v -0.482159 0.654507 2.250421 0.558547 0.558547 0.558547
vn -0.017652 0.909034 -0.416347
v -0.471986 0.648642 2.237183 0.558547 0.558547 0.558547
vn -0.017652 0.909034 -0.416347
v -0.614522 0.634764 2.212926 0.558547 0.558547 0.558547
vn -0.017652 0.909034 -0.416347
f 2713//2713 2714//2714 2715//2715
v -0.482159 0.654507 2.250421 0.558547 0.558547 0.558547
vn -0.017661 0.909045 -0.416323
v -0.614522 0.634764 2.212926 0.558547 0.558547 0.558547
vn -0.017661 0.909045 -0.416323
v -0.624694 0.640630 2.226166 0.558547 0.558547 0.558547
vn -0.017661 0.909045 -0.416323
f 2716//2716 2717//2717 2718//2718
v -0.709348 0.640810 2.147215 0.558547 0.558547 0.558547
vn 0.580948 0.809176 0.087943
v -0.699175 0.634945 2.133977 0.558547 0.558547 0.558547
vn 0.580948 0.809176 0.087943
v -0.761047 0.687370 2.060326 0.558547 0.558547 0.558547
vn 0.580948 0.809176 0.087943
f 2719//2719 2720//2720 2721//2721
v -0.709348 0.640810 2.147215 0.558547 0.558547 0.558547
vn 0.580966 0.809165 0.087925
v -0.761047 0.687370 2.060326 0.558547 0.558547 0.558547
vn 0.580966 0.809165 0.087925
v -0.771220 0.693236 2.073565 0.558547 0.558547 0.558547
vn 0.580966 0.809165 0.087925
f 2722//2722 2723//2723 2724//2724
v -0.771220 0.693236 2.073565 0.558547 0.558547 0.558547
vn 0.798241 0.026220 0.601768
v -0.761047 0.687370 2.060326 0.558547 0.558547 0.558547
vn 0.798241 0.026220 0.601768
v -0.735478 0.757972 2.023332 0.558547 0.558547 0.558547
vn 0.798241 0.026220 0.601768
f 2725//2725 2726//2726 2727//2727
v -0.771220 0.693236 2.073565 0.558547 0.558547 0.558547
vn 0.798222 0.026248 0.601792
v -0.735478 0.757972 2.023332 0.558547 0.558547 0.558547
vn 0.798222 0.026248 0.601792
v -0.745651 0.763837 2.036571 0.558547 0.558547 0.558547
vn 0.798222 0.026248 0.601792
f 2728//2728 2729//2729 2730//2730
v 0.000000 0.847668 2.252339 0.558547 0.558547 0.558547
vn -0.038504 0.326935 0.944262
v -0.324709 0.847668 2.239099 0.558547 0.558547 0.558547
vn -0.038504 0.326935 0.944262
v -0.357749 0.645328 2.307808 0.558547 0.558547 0.558547
vn -0.038504 0.326935 0.944262
f 2731//2731 2732//2732 2733//2733
v 0.000000 0.847668 2.252339 0.558547 0.558547 0.558547
vn -0.071379 0.379119 0.922591
v -0.357749 0.645328 2.307808 0.558547 0.558547 0.558547
vn -0.071379 0.379119 0.922591
v -0.293572 0.632926 2.317870 0.558547 0.558547 0.558547
vn -0.071379 0.379119 0.922591
f 2734//2734 2735//2735 2736//2736
v 0.000000 0.847668 2.252339 0.558547 0.558547 0.558547
vn -0.033827 0.333725 0.942063
v -0.293572 0.632926 2.317870 0.558547 0.558547 0.558547
vn -0.033827 0.333725 0.942063
v 0.000000 0.632926 2.328411 0.558547 0.558547 0.558547
vn -0.033827 0.333725 0.942063
f 2737//2737 2738//2738 2739//2739
v -0.324709 0.847668 2.239099 0.558547 0.558547 0.558547
vn -0.257381 0.328969 0.908589
v -0.462174 0.852166 2.198530 0.558547 0.558547 0.558547
vn -0.257381 0.328969 0.908589
v -0.464115 0.802062 2.216121 0.558547 0.558547 0.558547
vn -0.257381 0.328969 0.908589
f 2740//2740 2741//2741 2742//2742
v -0.462174 0.852166 2.198530 0.558547 0.558547 0.558547
vn -0.192438 0.660941 0.725345
v -0.324709 0.847668 2.239099 0.558547 0.558547 0.558547
vn -0.192438 0.660941 0.725345
v -0.302734 0.969365 2.134037 0.558547 0.558547 0.558547
vn -0.192438 0.660941 0.725345
f 2743//2743 2744//2744 2745//2745
v -0.442400 0.368850 2.315170 0.558547 0.558547 0.558547
vn 0.953158 -0.298225 0.050508
v -0.440796 0.368473 2.282673 0.558547 0.558547 0.558547
vn 0.953158 -0.298225 0.050508
v -0.364673 0.611771 2.282673 0.558547 0.558547 0.558547
vn 0.953158 -0.298225 0.050508
f 2746//2746 2747//2747 2748//2748
v -0.442400 0.368850 2.315170 0.558547 0.558547 0.558547
vn 0.953158 -0.298224 0.050519
v -0.364673 0.611771 2.282673 0.558547 0.558547 0.558547
vn 0.953158 -0.298224 0.050519
v -0.366277 0.612150 2.315170 0.558547 0.558547 0.558547
vn 0.953158 -0.298224 0.050519
f 2749//2749 2750//2750 2751//2751
v -0.684331 1.429570 -1.633744 0.558547 0.558547 0.558547
vn -0.945749 0.324880 -0.003504
v -0.640023 1.558572 -1.632145 0.558547 0.558547 0.558547
vn -0.945749 0.324880 -0.003504
v -0.607191 1.653180 -1.721950 0.558547 0.558547 0.558547
vn -0.945749 0.324880 -0.003504
f 2752//2752 2753//2753 2754//2754
v -0.684331 1.429570 -1.633744 0.558547 0.558547 0.558547
vn -0.948415 0.250565 -0.194231
v -0.607191 1.653180 -1.721950 0.558547 0.558547 0.558547
vn -0.948415 0.250565 -0.194231
v -0.629958 1.457462 -1.863260 0.558547 0.558547 0.558547
vn -0.948415 0.250565 -0.194231
f 2755//2755 2756//2756 2757//2757
v -0.640267 1.304321 -1.957991 0.558547 0.558547 0.558547
vn -0.955282 0.164204 -0.245914
v -0.642160 1.241784 -1.992396 0.558547 0.558547 0.558547
vn -0.955282 0.164204 -0.245914
v -0.714782 1.221943 -1.723535 0.558547 0.558547 0.558547
vn -0.955282 0.164204 -0.245914
f 2758//2758 2759//2759 2760//2760
v -0.640267 1.304321 -1.957991 0.558547 0.558547 0.558547
vn -0.919101 0.357040 -0.166661
v -0.714782 1.221943 -1.723535 0.558547 0.558547 0.558547
vn -0.919101 0.357040 -0.166661
v -0.789257 1.187076 -1.387517 0.558547 0.558547 0.558547
vn -0.919101 0.357040 -0.166661
f 2761//2761 2762//2762 2763//2763
v -0.640267 1.304321 -1.957991 0.558547 0.558547 0.558547
vn -0.950616 0.237853 -0.199387
v -0.789257 1.187076 -1.387517 0.558547 0.558547 0.558547
vn -0.950616 0.237853 -0.199387
v -0.734992 1.299282 -1.512382 0.558547 0.558547 0.558547
vn -0.950616 0.237853 -0.199387
f 2764//2764 2765//2765 2766//2766
v -0.631165 1.551057 -1.631668 0.558547 0.558547 0.558547
vn -0.822268 -0.563295 0.081080
v -0.623280 1.593864 -1.254304 0.558547 0.558547 0.558547
vn -0.822268 -0.563295 0.081080
v -0.629653 1.603867 -1.249445 0.558547 0.558547 0.558547
vn -0.822268 -0.563295 0.081080
f 2767//2767 2768//2768 2769//2769
v -0.631165 1.551057 -1.631668 0.558547 0.558547 0.558547
vn -0.646567 -0.755328 0.106917
v -0.629653 1.603867 -1.249445 0.558547 0.558547 0.558547
vn -0.646567 -0.755328 0.106917
v -0.640023 1.558572 -1.632145 0.558547 0.558547 0.558547
vn -0.646567 -0.755328 0.106917
f 2770//2770 2771//2771 2772//2772
v -0.607191 1.653180 -1.721950 0.558547 0.558547 0.558547
vn -0.151483 0.987903 -0.033177
v -0.591715 1.674997 -1.142981 0.558547 0.558547 0.558547
vn -0.151483 0.987903 -0.033177
v -0.324850 1.727560 -0.796300 0.558547 0.558547 0.558547
vn -0.151483 0.987903 -0.033177
f 2773//2773 2774//2774 2775//2775
v -0.607191 1.653180 -1.721950 0.558547 0.558547 0.558547
vn -0.206131 0.978398 -0.015744
v -0.324850 1.727560 -0.796300 0.558547 0.558547 0.558547
vn -0.206131 0.978398 -0.015744
v -0.324850 1.712828 -1.711805 0.558547 0.558547 0.558547
vn -0.206131 0.978398 -0.015744
f 2776//2776 2777//2777 2778//2778
v -0.879196 0.818359 -1.365965 0.558547 0.558547 0.558547
vn -0.019927 -0.289495 -0.956972
v -0.890888 0.821451 -1.366656 0.558547 0.558547 0.558547
vn -0.019927 -0.289495 -0.956972
v -0.893512 0.916619 -1.395391 0.558547 0.558547 0.558547
vn -0.019927 -0.289495 -0.956972
f 2779//2779 2780//2780 2781//2781
v -0.879196 0.818359 -1.365965 0.558547 0.558547 0.558547
vn -0.019957 -0.289499 -0.956970
v -0.893512 0.916619 -1.395391 0.558547 0.558547 0.558547
vn -0.019957 -0.289499 -0.956970
v -0.881820 0.913526 -1.394699 0.558547 0.558547 0.558547
vn -0.019957 -0.289499 -0.956970
f 2782//2782 2783//2783 2784//2784
v -0.736104 1.279913 -1.387905 0.558547 0.558547 0.558547
vn 0.418810 0.214691 -0.882330
v -0.744961 1.286296 -1.390556 0.558547 0.558547 0.558547
vn 0.418810 0.214691 -0.882330
v -0.700595 1.420798 -1.336770 0.558547 0.558547 0.558547
vn 0.418810 0.214691 -0.882330
f 2785//2785 2786//2786 2787//2787
v -0.736104 1.279913 -1.387905 0.558547 0.558547 0.558547
vn 0.168939 0.298375 -0.939379
v -0.700595 1.420798 -1.336770 0.558547 0.558547 0.558547
vn 0.168939 0.298375 -0.939379
v -0.691955 1.416075 -1.336716 0.558547 0.558547 0.558547
vn 0.168939 0.298375 -0.939379
f 2788//2788 2789//2789 2790//2790
v -0.607191 1.653180 -1.721950 0.558547 0.558547 0.558547
vn -0.948110 0.317718 -0.011912
v -0.640023 1.558572 -1.632145 0.558547 0.558547 0.558547
vn -0.948110 0.317718 -0.011912
v -0.629653 1.603867 -1.249445 0.558547 0.558547 0.558547
vn -0.948110 0.317718 -0.011912
f 2791//2791 2792//2792 2793//2793
v -0.607191 1.653180 -1.721950 0.558547 0.558547 0.558547
vn -0.886168 0.463323 0.006229
v -0.629653 1.603867 -1.249445 0.558547 0.558547 0.558547
vn -0.886168 0.463323 0.006229
v -0.591715 1.674997 -1.142981 0.558547 0.558547 0.558547
vn -0.886168 0.463323 0.006229
f 2794//2794 2795//2795 2796//2796
v -0.591715 1.674997 -1.142981 0.558547 0.558547 0.558547
vn -0.167713 0.985626 -0.020338
v -0.586304 1.682865 -0.806311 0.558547 0.558547 0.558547
vn -0.167713 0.985626 -0.020338
v -0.324850 1.727560 -0.796300 0.558547 0.558547 0.558547
vn -0.167713 0.985626 -0.020338
f 2797//2797 2798//2798 2799//2799
v -0.620321 1.617832 -1.131452 0.558547 0.558547 0.558547
vn -0.885450 0.464735 -0.000317
v -0.607619 1.642254 -0.806637 0.558547 0.558547 0.558547
vn -0.885450 0.464735 -0.000317
v -0.586304 1.682865 -0.806311 0.558547 0.558547 0.558547
vn -0.885450 0.464735 -0.000317
f 2800//2800 2801//2801 2802//2802
v -0.620321 1.617832 -1.131452 0.558547 0.558547 0.558547
vn -0.893960 0.448130 0.003895
v -0.586304 1.682865 -0.806311 0.558547 0.558547 0.558547
vn -0.893960 0.448130 0.003895
v -0.591715 1.674997 -1.142981 0.558547 0.558547 0.558547
vn -0.893960 0.448130 0.003895
f 2803//2803 2804//2804 2805//2805
v -0.619420 1.602123 -1.178822 0.558547 0.558547 0.558547
vn -0.683047 -0.697029 0.218170
v -0.611711 1.609725 -1.130394 0.558547 0.558547 0.558547
vn -0.683047 -0.697029 0.218170
v -0.620321 1.617832 -1.131452 0.558547 0.558547 0.558547
vn -0.683047 -0.697029 0.218170
f 2806//2806 2807//2807 2808//2808
v -0.619420 1.602123 -1.178822 0.558547 0.558547 0.558547
vn -0.815650 -0.553592 0.168082
v -0.620321 1.617832 -1.131452 0.558547 0.558547 0.558547
vn -0.815650 -0.553592 0.168082
v -0.625716 1.612068 -1.176617 0.558547 0.558547 0.558547
vn -0.815650 -0.553592 0.168082
f 2809//2809 2810//2810 2811//2811
v -0.625716 1.612068 -1.176617 0.558547 0.558547 0.558547
vn -0.889316 0.454745 0.048217
v -0.620321 1.617832 -1.131452 0.558547 0.558547 0.558547
vn -0.889316 0.454745 0.048217
v -0.591715 1.674997 -1.142981 0.558547 0.558547 0.558547
vn -0.889316 0.454745 0.048217
f 2812//2812 2813//2813 2814//2814
v -0.701096 1.416264 -1.264394 0.558547 0.558547 0.558547
vn -0.922302 0.386060 0.017803
v -0.700595 1.420798 -1.336770 0.558547 0.558547 0.558547
vn -0.922302 0.386060 0.017803
v -0.756653 1.289389 -1.391248 0.558547 0.558547 0.558547
vn -0.922302 0.386060 0.017803
f 2815//2815 2816//2816 2817//2817
v -0.701096 1.416264 -1.264394 0.558547 0.558547 0.558547
vn -0.916550 0.399916 0.001425
v -0.756653 1.289389 -1.391248 0.558547 0.558547 0.558547
vn -0.916550 0.399916 0.001425
v -0.760263 1.280835 -1.312454 0.558547 0.558547 0.558547
vn -0.916550 0.399916 0.001425
f 2818//2818 2819//2819 2820//2820
v -0.744961 1.286296 -1.390556 0.558547 0.558547 0.558547
vn -0.913042 0.406658 -0.031366
v -0.734992 1.299282 -1.512382 0.558547 0.558547 0.558547
vn -0.913042 0.406658 -0.031366
v -0.789257 1.187076 -1.387517 0.558547 0.558547 0.558547
vn -0.913042 0.406658 -0.031366
f 2821//2821 2822//2822 2823//2823
v -0.629653 1.603867 -1.249445 0.558547 0.558547 0.558547
vn -0.878344 0.477986 -0.006356
v -0.625716 1.612068 -1.176617 0.558547 0.558547 0.558547
vn -0.878344 0.477986 -0.006356
v -0.591715 1.674997 -1.142981 0.558547 0.558547 0.558547
vn -0.878344 0.477986 -0.006356
f 2824//2824 2825//2825 2826//2826
v -0.736104 1.279913 -1.387905 0.558547 0.558547 0.558547
vn 0.560697 0.817399 0.132199
v -0.725722 1.292760 -1.511372 0.558547 0.558547 0.558547
vn 0.560697 0.817399 0.132199
v -0.734992 1.299282 -1.512382 0.558547 0.558547 0.558547
vn 0.560697 0.817399 0.132199
f 2827//2827 2828//2828 2829//2829
v -0.736104 1.279913 -1.387905 0.558547 0.558547 0.558547
vn 0.552998 0.822511 0.132926
v -0.734992 1.299282 -1.512382 0.558547 0.558547 0.558547
vn 0.552998 0.822511 0.132926
v -0.744961 1.286296 -1.390556 0.558547 0.558547 0.558547
vn 0.552998 0.822511 0.132926
f 2830//2830 2831//2831 2832//2832
v -0.625716 1.612068 -1.176617 0.558547 0.558547 0.558547
vn -0.934027 0.357054 0.010273
v -0.629653 1.603867 -1.249445 0.558547 0.558547 0.558547
vn -0.934027 0.357054 0.010273
v -0.700595 1.420798 -1.336770 0.558547 0.558547 0.558547
vn -0.934027 0.357054 0.010273
f 2833//2833 2834//2834 2835//2835
v -0.625716 1.612068 -1.176617 0.558547 0.558547 0.558547
vn -0.935450 0.353111 0.015648
v -0.700595 1.420798 -1.336770 0.558547 0.558547 0.558547
vn -0.935450 0.353111 0.015648
v -0.701096 1.416264 -1.264394 0.558547 0.558547 0.558547
vn -0.935450 0.353111 0.015648
f 2836//2836 2837//2837 2838//2838
v -0.691955 1.416075 -1.336716 0.558547 0.558547 0.558547
vn 0.200939 0.357231 -0.912146
v -0.700595 1.420798 -1.336770 0.558547 0.558547 0.558547
vn 0.200939 0.357231 -0.912146
v -0.629653 1.603867 -1.249445 0.558547 0.558547 0.558547
vn 0.200939 0.357231 -0.912146
f 2839//2839 2840//2840 2841//2841
v -0.691955 1.416075 -1.336716 0.558547 0.558547 0.558547
vn -0.019625 0.426703 -0.904179
v -0.629653 1.603867 -1.249445 0.558547 0.558547 0.558547
vn -0.019625 0.426703 -0.904179
v -0.623280 1.593864 -1.254304 0.558547 0.558547 0.558547
vn -0.019625 0.426703 -0.904179
f 2842//2842 2843//2843 2844//2844
v -0.619420 1.602123 -1.178822 0.558547 0.558547 0.558547
vn -0.204856 -0.333637 0.920174
v -0.625716 1.612068 -1.176617 0.558547 0.558547 0.558547
vn -0.204856 -0.333637 0.920174
v -0.701096 1.416264 -1.264394 0.558547 0.558547 0.558547
vn -0.204856 -0.333637 0.920174
f 2845//2845 2846//2846 2847//2847
v -0.619420 1.602123 -1.178822 0.558547 0.558547 0.558547
vn -0.191374 -0.339851 0.920802
v -0.701096 1.416264 -1.264394 0.558547 0.558547 0.558547
vn -0.191374 -0.339851 0.920802
v -0.692455 1.411541 -1.264341 0.558547 0.558547 0.558547
vn -0.191374 -0.339851 0.920802
f 2848//2848 2849//2849 2850//2850
v -0.692455 1.411541 -1.264341 0.558547 0.558547 0.558547
vn -0.153505 -0.270238 0.950478
v -0.701096 1.416264 -1.264394 0.558547 0.558547 0.558547
vn -0.153505 -0.270238 0.950478
v -0.760263 1.280835 -1.312454 0.558547 0.558547 0.558547
vn -0.153505 -0.270238 0.950478
f 2851//2851 2852//2852 2853//2853
v -0.692455 1.411541 -1.264341 0.558547 0.558547 0.558547
vn -0.182228 -0.255018 0.949610
v -0.760263 1.280835 -1.312454 0.558547 0.558547 0.558547
vn -0.182228 -0.255018 0.949610
v -0.739659 1.271665 -1.310963 0.558547 0.558547 0.558547
vn -0.182228 -0.255018 0.949610
f 2854//2854 2855//2855 2856//2856
v -0.714782 1.221943 -1.723535 0.558547 0.558547 0.558547
vn -0.933095 0.275006 -0.231744
v -0.642160 1.241784 -1.992396 0.558547 0.558547 0.558547
vn -0.933095 0.275006 -0.231744
v -0.743695 0.994555 -1.876957 0.558547 0.558547 0.558547
vn -0.933095 0.275006 -0.231744
f 2857//2857 2858//2858 2859//2859
v -0.881820 0.913526 -1.394699 0.558547 0.558547 0.558547
vn -0.931520 0.319755 -0.173282
v -0.789257 1.187076 -1.387517 0.558547 0.558547 0.558547
vn -0.931520 0.319755 -0.173282
v -0.714782 1.221943 -1.723535 0.558547 0.558547 0.558547
vn -0.931520 0.319755 -0.173282
f 2860//2860 2861//2861 2862//2862
v -0.881820 0.913526 -1.394699 0.558547 0.558547 0.558547
vn -0.937470 0.254019 -0.237958
v -0.714782 1.221943 -1.723535 0.558547 0.558547 0.558547
vn -0.937470 0.254019 -0.237958
v -0.800685 0.945839 -1.679847 0.558547 0.558547 0.558547
vn -0.937470 0.254019 -0.237958
f 2863//2863 2864//2864 2865//2865
v -0.800685 0.945839 -1.679847 0.558547 0.558547 0.558547
vn -0.942784 0.260376 -0.208236
v -0.714782 1.221943 -1.723535 0.558547 0.558547 0.558547
vn -0.942784 0.260376 -0.208236
v -0.743695 0.994555 -1.876957 0.558547 0.558547 0.558547
vn -0.942784 0.260376 -0.208236
f 2866//2866 2867//2867 2868//2868
v -0.582559 0.874116 -2.151171 0.558547 0.558547 0.558547
vn -0.297931 0.367427 -0.881041
v -0.591265 0.934061 -2.123228 0.558547 0.558547 0.558547
vn -0.297931 0.367427 -0.881041
v -0.518364 0.934061 -2.147880 0.558547 0.558547 0.558547
vn -0.297931 0.367427 -0.881041
f 2869//2869 2870//2870 2871//2871
v -0.582559 0.874116 -2.151171 0.558547 0.558547 0.558547
vn -0.297920 0.367416 -0.881050
v -0.518364 0.934061 -2.147880 0.558547 0.558547 0.558547
vn -0.297920 0.367416 -0.881050
v -0.462165 0.874116 -2.191881 0.558547 0.558547 0.558547
vn -0.297920 0.367416 -0.881050
f 2872//2872 2873//2873 2874//2874
v -0.800685 0.945839 -1.679847 0.558547 0.558547 0.558547
vn -0.937470 0.254021 -0.237958
v -0.846039 0.800067 -1.656781 0.558547 0.558547 0.558547
vn -0.937470 0.254021 -0.237958
v -0.881820 0.913526 -1.394699 0.558547 0.558547 0.558547
vn -0.937470 0.254021 -0.237958
f 2875//2875 2876//2876 2877//2877
v -0.747092 0.806773 -1.942384 0.558547 0.558547 0.558547
vn -0.799609 0.154372 -0.580340
v -0.690893 0.893282 -1.996804 0.558547 0.558547 0.558547
vn -0.799609 0.154372 -0.580340
v -0.591265 0.934061 -2.123228 0.558547 0.558547 0.558547
vn -0.799609 0.154372 -0.580340
f 2878//2878 2879//2879 2880//2880
v -0.747092 0.806773 -1.942384 0.558547 0.558547 0.558547
vn -0.799614 0.154393 -0.580328
v -0.591265 0.934061 -2.123228 0.558547 0.558547 0.558547
vn -0.799614 0.154393 -0.580328
v -0.582559 0.874116 -2.151171 0.558547 0.558547 0.558547
vn -0.799614 0.154393 -0.580328
f 2881//2881 2882//2882 2883//2883
v -0.293572 0.632926 2.317870 0.558547 0.558547 0.558547
vn -0.000419 -0.999933 0.011610
v -0.291969 0.632548 2.285387 0.558547 0.558547 0.558547
vn -0.000419 -0.999933 0.011610
v 0.000000 0.632548 2.295915 0.558547 0.558547 0.558547
vn -0.000419 -0.999933 0.011610
f 2884//2884 2885//2885 2886//2886
v -0.293572 0.632926 2.317870 0.558547 0.558547 0.558547
vn -0.000417 -0.999932 0.011626
v 0.000000 0.632548 2.295915 0.558547 0.558547 0.558547
vn -0.000417 -0.999932 0.011626
v 0.000000 0.632926 2.328411 0.558547 0.558547 0.558547
vn -0.000417 -0.999932 0.011626
f 2887//2887 2888//2888 2889//2889
v -0.470713 0.631720 2.275926 0.558547 0.558547 0.558547
vn -0.279129 0.640112 0.715781
v -0.357749 0.645328 2.307808 0.558547 0.558547 0.558547
vn -0.279129 0.640112 0.715781
v -0.468271 0.650029 2.260505 0.558547 0.558547 0.558547
vn -0.279129 0.640112 0.715781
f 2890//2890 2891//2891 2892//2892
v -0.293572 0.632926 2.317870 0.558547 0.558547 0.558547
vn -0.104697 0.240996 0.964862
v -0.357749 0.645328 2.307808 0.558547 0.558547 0.558547
vn -0.104697 0.240996 0.964862
v -0.366277 0.612150 2.315170 0.558547 0.558547 0.558547
vn -0.104697 0.240996 0.964862
f 2893//2893 2894//2894 2895//2895
v -0.293572 0.632926 2.317870 0.558547 0.558547 0.558547
vn 0.273818 -0.961464 0.024727
v -0.366277 0.612150 2.315170 0.558547 0.558547 0.558547
vn 0.273818 -0.961464 0.024727
v -0.364673 0.611771 2.282673 0.558547 0.558547 0.558547
vn 0.273818 -0.961464 0.024727
f 2896//2896 2897//2897 2898//2898
v -0.293572 0.632926 2.317870 0.558547 0.558547 0.558547
vn 0.273833 -0.961460 0.024696
v -0.364673 0.611771 2.282673 0.558547 0.558547 0.558547
vn 0.273833 -0.961460 0.024696
v -0.291969 0.632548 2.285387 0.558547 0.558547 0.558547
vn 0.273833 -0.961460 0.024696
f 2899//2899 2900//2900 2901//2901
v -0.357749 0.645328 2.307808 0.558547 0.558547 0.558547
vn -0.262308 0.348412 0.899891
v -0.324709 0.847668 2.239099 0.558547 0.558547 0.558547
vn -0.262308 0.348412 0.899891
v -0.464115 0.802062 2.216121 0.558547 0.558547 0.558547
vn -0.262308 0.348412 0.899891
f 2902//2902 2903//2903 2904//2904
v -0.357749 0.645328 2.307808 0.558547 0.558547 0.558547
vn -0.369175 0.269728 0.889358
v -0.464115 0.802062 2.216121 0.558547 0.558547 0.558547
vn -0.369175 0.269728 0.889358
v -0.468271 0.650029 2.260505 0.558547 0.558547 0.558547
vn -0.369175 0.269728 0.889358
f 2905//2905 2906//2906 2907//2907
v -0.893512 0.916619 -1.395391 0.558547 0.558547 0.558547
vn -0.994732 -0.053778 -0.087266
v -0.890888 0.821451 -1.366656 0.558547 0.558547 0.558547
vn -0.994732 -0.053778 -0.087266
v -0.905881 0.702951 -1.122724 0.558547 0.558547 0.558547
vn -0.994732 -0.053778 -0.087266
f 2908//2908 2909//2909 2910//2910
v -0.893512 0.916619 -1.395391 0.558547 0.558547 0.558547
vn -0.998560 -0.009566 -0.052794
v -0.905881 0.702951 -1.122724 0.558547 0.558547 0.558547
vn -0.998560 -0.009566 -0.052794
v -0.910395 0.950470 -1.082191 0.558547 0.558547 0.558547
vn -0.998560 -0.009566 -0.052794
f 2911//2911 2912//2912 2913//2913
v -0.901274 0.368850 -0.795164 0.558547 0.558547 0.558547
vn -0.997975 0.005857 0.063332
v -0.901274 0.632926 -0.819584 0.558547 0.558547 0.558547
vn -0.997975 0.005857 0.063332
v -0.910395 0.634302 -0.963439 0.558547 0.558547 0.558547
vn -0.997975 0.005857 0.063332
f 2914//2914 2915//2915 2916//2916
v -0.901274 0.368850 -0.795164 0.558547 0.558547 0.558547
vn -0.998722 -0.046642 -0.019444
v -0.910395 0.634302 -0.963439 0.558547 0.558547 0.558547
vn -0.998722 -0.046642 -0.019444
v -0.898704 0.365691 -0.919584 0.558547 0.558547 0.558547
vn -0.998722 -0.046642 -0.019444
f 2917//2917 2918//2918 2919//2919
v -0.910395 0.950470 -1.082191 0.558547 0.558547 0.558547
vn -0.999651 -0.014630 -0.021994
v -0.905881 0.702951 -1.122724 0.558547 0.558547 0.558547
vn -0.999651 -0.014630 -0.021994
v -0.905881 0.580496 -1.041270 0.558547 0.558547 0.558547
vn -0.999651 -0.014630 -0.021994
f 2920//2920 2921//2921 2922//2922
v -0.910395 0.950470 -1.082191 0.558547 0.558547 0.558547
vn -0.998793 -0.017273 -0.045987
v -0.905881 0.580496 -1.041270 0.558547 0.558547 0.558547
vn -0.998793 -0.017273 -0.045987
v -0.910395 0.634302 -0.963439 0.558547 0.558547 0.558547
vn -0.998793 -0.017273 -0.045987
f 2923//2923 2924//2924 2925//2925
v -0.910395 0.950470 -1.082191 0.558547 0.558547 0.558547
vn -0.943080 0.321368 -0.085571
v -0.800948 1.190167 -1.388210 0.558547 0.558547 0.558547
vn -0.943080 0.321368 -0.085571
v -0.893512 0.916619 -1.395391 0.558547 0.558547 0.558547
vn -0.943080 0.321368 -0.085571
f 2926//2926 2927//2927 2928//2928
v -0.760263 1.280835 -1.312454 0.558547 0.558547 0.558547
vn -0.913108 0.407710 0.002429
v -0.756653 1.289389 -1.391248 0.558547 0.558547 0.558547
vn -0.913108 0.407710 0.002429
v -0.800948 1.190167 -1.388210 0.558547 0.558547 0.558547
vn -0.913108 0.407710 0.002429
f 2929//2929 2930//2930 2931//2931
v -0.894190 0.699858 -1.122031 0.558547 0.558547 0.558547
vn -0.205604 -0.875239 -0.437817
v -0.905881 0.702951 -1.122724 0.558547 0.558547 0.558547
vn -0.205604 -0.875239 -0.437817
v -0.890888 0.821451 -1.366656 0.558547 0.558547 0.558547
vn -0.205604 -0.875239 -0.437817
f 2932//2932 2933//2933 2934//2934
v -0.894190 0.699858 -1.122031 0.558547 0.558547 0.558547
vn -0.205546 -0.875250 -0.437822
v -0.890888 0.821451 -1.366656 0.558547 0.558547 0.558547
vn -0.205546 -0.875250 -0.437822
v -0.879196 0.818359 -1.365965 0.558547 0.558547 0.558547
vn -0.205546 -0.875250 -0.437822
f 2935//2935 2936//2936 2937//2937
v -0.898704 0.365691 -0.919584 0.558547 0.558547 0.558547
vn -0.998555 -0.047549 -0.025043
v -0.910395 0.634302 -0.963439 0.558547 0.558547 0.558547
vn -0.998555 -0.047549 -0.025043
v -0.905881 0.580496 -1.041270 0.558547 0.558547 0.558547
vn -0.998555 -0.047549 -0.025043
f 2938//2938 2939//2939 2940//2940
v -0.898704 0.365691 -0.919584 0.558547 0.558547 0.558547
vn -0.990271 -0.092151 -0.104265
v -0.905881 0.580496 -1.041270 0.558547 0.558547 0.558547
vn -0.990271 -0.092151 -0.104265
v -0.894190 0.385104 -0.979616 0.558547 0.558547 0.558547
vn -0.990271 -0.092151 -0.104265
f 2941//2941 2942//2942 2943//2943
v -0.910395 0.950470 -1.082191 0.558547 0.558547 0.558547
vn -0.916821 0.398953 -0.016614
v -0.901274 0.982601 -0.813960 0.558547 0.558547 0.558547
vn -0.916821 0.398953 -0.016614
v -0.812158 1.187076 -0.821661 0.558547 0.558547 0.558547
vn -0.916821 0.398953 -0.016614
f 2944//2944 2945//2945 2946//2946
v -0.910395 0.950470 -1.082191 0.558547 0.558547 0.558547
vn -0.917091 0.398357 -0.015972
v -0.812158 1.187076 -0.821661 0.558547 0.558547 0.558547
vn -0.917091 0.398357 -0.015972
v -0.800948 1.190167 -1.388210 0.558547 0.558547 0.558547
vn -0.917091 0.398357 -0.015972
f 2947//2947 2948//2948 2949//2949
v -0.700595 1.420798 -1.336770 0.558547 0.558547 0.558547
vn 0.141765 0.326884 -0.934371
v -0.744961 1.286296 -1.390556 0.558547 0.558547 0.558547
vn 0.141765 0.326884 -0.934371
v -0.756653 1.289389 -1.391248 0.558547 0.558547 0.558547
vn 0.141765 0.326884 -0.934371
f 2950//2950 2951//2951 2952//2952
v -0.462165 0.874116 -2.191881 0.558547 0.558547 0.558547
vn -0.411842 0.255874 -0.874594
v -0.518364 0.934061 -2.147880 0.558547 0.558547 0.558547
vn -0.411842 0.255874 -0.874594
v -0.532683 1.047726 -2.107883 0.558547 0.558547 0.558547
vn -0.411842 0.255874 -0.874594
f 2953//2953 2954//2954 2955//2955
v -0.462165 0.874116 -2.191881 0.558547 0.558547 0.558547
vn -0.411859 0.255865 -0.874589
v -0.532683 1.047726 -2.107883 0.558547 0.558547 0.558547
vn -0.411859 0.255865 -0.874589
v -0.485813 1.061832 -2.125828 0.558547 0.558547 0.558547
vn -0.411859 0.255865 -0.874589
f 2956//2956 2957//2957 2958//2958
v -0.492133 1.245376 -2.025369 0.558547 0.558547 0.558547
vn -0.199797 0.474201 -0.857447
v -0.324709 1.249383 -2.062165 0.558547 0.558547 0.558547
vn -0.199797 0.474201 -0.857447
v -0.324709 1.045882 -2.174709 0.558547 0.558547 0.558547
vn -0.199797 0.474201 -0.857447
f 2959//2959 2960//2960 2961//2961
v -0.492133 1.245376 -2.025369 0.558547 0.558547 0.558547
vn -0.215010 0.463185 -0.859785
v -0.324709 1.045882 -2.174709 0.558547 0.558547 0.558547
vn -0.215010 0.463185 -0.859785
v -0.485813 1.061832 -2.125828 0.558547 0.558547 0.558547
vn -0.215010 0.463185 -0.859785
f 2962//2962 2963//2963 2964//2964
v -0.743695 0.994555 -1.876957 0.558547 0.558547 0.558547
vn -0.822947 0.200145 -0.531695
v -0.688835 1.006989 -1.957187 0.558547 0.558547 0.558547
vn -0.822947 0.200145 -0.531695
v -0.690893 0.893282 -1.996804 0.558547 0.558547 0.558547
vn -0.822947 0.200145 -0.531695
f 2965//2965 2966//2966 2967//2967
v -0.743695 0.994555 -1.876957 0.558547 0.558547 0.558547
vn -0.822951 0.200138 -0.531692
v -0.690893 0.893282 -1.996804 0.558547 0.558547 0.558547
vn -0.822951 0.200138 -0.531692
v -0.747092 0.806773 -1.942384 0.558547 0.558547 0.558547
vn -0.822951 0.200138 -0.531692
f 2968//2968 2969//2969 2970//2970
v -0.485813 1.061832 -2.125828 0.558547 0.558547 0.558547
vn -0.432099 0.421489 -0.797269
v -0.532683 1.047726 -2.107883 0.558547 0.558547 0.558547
vn -0.432099 0.421489 -0.797269
v -0.536510 1.158865 -2.047054 0.558547 0.558547 0.558547
vn -0.432099 0.421489 -0.797269
f 2971//2971 2972//2972 2973//2973
v -0.485813 1.061832 -2.125828 0.558547 0.558547 0.558547
vn -0.432094 0.421492 -0.797270
v -0.536510 1.158865 -2.047054 0.558547 0.558547 0.558547
vn -0.432094 0.421492 -0.797270
v -0.492133 1.245376 -2.025369 0.558547 0.558547 0.558547
vn -0.432094 0.421492 -0.797270
f 2974//2974 2975//2975 2976//2976
v -0.492133 1.245376 -2.025369 0.558547 0.558547 0.558547
vn -0.209761 0.337611 -0.917616
v -0.536510 1.158865 -2.047054 0.558547 0.558547 0.558547
vn -0.209761 0.337611 -0.917616
v -0.627354 1.156690 -2.027088 0.558547 0.558547 0.558547
vn -0.209761 0.337611 -0.917616
f 2977//2977 2978//2978 2979//2979
v -0.492133 1.245376 -2.025369 0.558547 0.558547 0.558547
vn -0.209754 0.337601 -0.917621
v -0.627354 1.156690 -2.027088 0.558547 0.558547 0.558547
vn -0.209754 0.337601 -0.917621
v -0.642160 1.241784 -1.992396 0.558547 0.558547 0.558547
vn -0.209754 0.337601 -0.917621
f 2980//2980 2981//2981 2982//2982
v -0.289530 0.844241 -2.249066 0.558547 0.558547 0.558547
vn 0.997825 0.014659 -0.064275
v -0.287629 0.837506 -2.221088 0.558547 0.558547 0.558547
vn 0.997825 0.014659 -0.064275
v -0.287629 0.621494 -2.270354 0.558547 0.558547 0.558547
vn 0.997825 0.014659 -0.064275
f 2983//2983 2984//2984 2985//2985
v -0.289530 0.844241 -2.249066 0.558547 0.558547 0.558547
vn 0.997825 0.014659 -0.064275
v -0.287629 0.621494 -2.270354 0.558547 0.558547 0.558547
vn 0.997825 0.014659 -0.064275
v -0.289530 0.628228 -2.298332 0.558547 0.558547 0.558547
vn 0.997825 0.014659 -0.064275
f 2986//2986 2987//2987 2988//2988
v -0.324709 0.874116 -2.238362 0.558547 0.558547 0.558547
vn -0.107197 0.221079 -0.969347
v -0.289530 0.844241 -2.249066 0.558547 0.558547 0.558547
vn -0.107197 0.221079 -0.969347
v -0.289530 0.628228 -2.298332 0.558547 0.558547 0.558547
vn -0.107197 0.221079 -0.969347
f 2989//2989 2990//2990 2991//2991
v -0.324709 0.874116 -2.238362 0.558547 0.558547 0.558547
vn -0.107201 0.221078 -0.969346
v -0.289530 0.628228 -2.298332 0.558547 0.558547 0.558547
vn -0.107201 0.221078 -0.969346
v -0.324709 0.598352 -2.301256 0.558547 0.558547 0.558547
vn -0.107201 0.221078 -0.969346
f 2992//2992 2993//2993 2994//2994
v 0.000000 0.874116 -2.274264 0.558547 0.558547 0.558547
vn -0.096221 0.096968 -0.990625
v 0.000000 0.844241 -2.277189 0.558547 0.558547 0.558547
vn -0.096221 0.096968 -0.990625
v -0.289530 0.844241 -2.249066 0.558547 0.558547 0.558547
vn -0.096221 0.096968 -0.990625
f 2995//2995 2996//2996 2997//2997
v 0.000000 0.874116 -2.274264 0.558547 0.558547 0.558547
vn -0.107178 0.221101 -0.969344
v -0.289530 0.844241 -2.249066 0.558547 0.558547 0.558547
vn -0.107178 0.221101 -0.969344
v -0.324709 0.874116 -2.238362 0.558547 0.558547 0.558547
vn -0.107178 0.221101 -0.969344
f 2998//2998 2999//2999 3000//3000
v 0.000000 0.844241 -2.277189 0.558547 0.558547 0.558547
vn -0.022875 -0.971978 -0.233955
v 0.000000 0.837506 -2.249211 0.558547 0.558547 0.558547
vn -0.022875 -0.971978 -0.233955
v -0.287629 0.837506 -2.221088 0.558547 0.558547 0.558547
vn -0.022875 -0.971978 -0.233955
f 3001//3001 3002//3002 3003//3003
v 0.000000 0.844241 -2.277189 0.558547 0.558547 0.558547
vn -0.022584 -0.972333 -0.232506
v -0.287629 0.837506 -2.221088 0.558547 0.558547 0.558547
vn -0.022584 -0.972333 -0.232506
v -0.289530 0.844241 -2.249066 0.558547 0.558547 0.558547
vn -0.022584 -0.972333 -0.232506
f 3004//3004 3005//3005 3006//3006
v -0.289530 0.628228 -2.298332 0.558547 0.558547 0.558547
vn 0.022733 0.972332 0.232495
v -0.287629 0.621494 -2.270354 0.558547 0.558547 0.558547
vn 0.022733 0.972332 0.232495
v 0.000000 0.621494 -2.298478 0.558547 0.558547 0.558547
vn 0.022733 0.972332 0.232495
f 3007//3007 3008//3008 3009//3009
v -0.289530 0.628228 -2.298332 0.558547 0.558547 0.558547
vn 0.022725 0.971980 0.233965
v 0.000000 0.621494 -2.298478 0.558547 0.558547 0.558547
vn 0.022725 0.971980 0.233965
v 0.000000 0.628228 -2.326455 0.558547 0.558547 0.558547
vn 0.022725 0.971980 0.233965
f 3010//3010 3011//3011 3012//3012
g Windows
v 0.000000 1.192241 1.067019 0.028481 0.028481 0.028481
vn 0.008646 0.837111 0.546965
v 0.428821 1.192241 1.060241 0.028481 0.028481 0.028481
vn 0.008646 0.837111 0.546965
v 0.399711 1.410452 0.726737 0.028481 0.028481 0.028481
vn 0.008646 0.837111 0.546965
f 3013//3013 3014//3014 3015//3015
v 0.000000 1.192241 1.067019 0.028481 0.028481 0.028481
vn 0.009284 0.836760 0.547491
v 0.399711 1.410452 0.726737 0.028481 0.028481 0.028481
vn 0.009284 0.836760 0.547491
v 0.000000 1.410452 0.733516 0.028481 0.028481 0.028481
vn 0.009284 0.836760 0.547491
f 3016//3016 3017//3017 3018//3018
v 0.428821 1.192241 1.060241 0.028481 0.028481 0.028481
vn 0.170770 0.844628 0.507386
v 0.740737 1.192241 0.955260 0.028481 0.028481 0.028481
vn 0.170770 0.844628 0.507386
v 0.652362 1.410452 0.621757 0.028481 0.028481 0.028481
vn 0.170770 0.844628 0.507386
f 3019//3019 3020//3020 3021//3021
v 0.428821 1.192241 1.060241 0.028481 0.028481 0.028481
vn 0.216572 0.825490 0.521213
v 0.652362 1.410452 0.621757 0.028481 0.028481 0.028481
vn 0.216572 0.825490 0.521213
v 0.399711 1.410452 0.726737 0.028481 0.028481 0.028481
vn 0.216572 0.825490 0.521213
f 3022//3022 3023//3023 3024//3024
v 0.552211 1.568080 0.306412 0.028481 0.028481 0.028481
vn 0.103089 0.918461 0.381840
v 0.334496 1.583583 0.327901 0.028481 0.028481 0.028481
vn 0.103089 0.918461 0.381840
v 0.399711 1.410452 0.726737 0.028481 0.028481 0.028481
vn 0.103089 0.918461 0.381840
f 3025//3025 3026//3026 3027//3027
v 0.552211 1.568080 0.306412 0.028481 0.028481 0.028481
vn 0.165534 0.902159 0.398382
v 0.399711 1.410452 0.726737 0.028481 0.028481 0.028481
vn 0.165534 0.902159 0.398382
v 0.652362 1.410452 0.621757 0.028481 0.028481 0.028481
vn 0.165534 0.902159 0.398382
f 3028//3028 3029//3029 3030//3030
v 0.334496 1.583583 0.327901 0.028481 0.028481 0.028481
vn 0.037731 0.907455 0.418451
v 0.000000 1.591208 0.341527 0.028481 0.028481 0.028481
vn 0.037731 0.907455 0.418451
v 0.000000 1.410452 0.733516 0.028481 0.028481 0.028481
vn 0.037731 0.907455 0.418451
f 3031//3031 3032//3032 3033//3033
v 0.334496 1.583583 0.327901 0.028481 0.028481 0.028481
vn 0.006737 0.917683 0.397257
v 0.000000 1.410452 0.733516 0.028481 0.028481 0.028481
vn 0.006737 0.917683 0.397257
v 0.399711 1.410452 0.726737 0.028481 0.028481 0.028481
vn 0.006737 0.917683 0.397257
f 3034//3034 3035//3035 3036//3036
v 0.790727 1.206212 0.297948 0.028481 0.028481 0.028481
vn 0.928091 0.372353 0.000000
v 0.790727 1.206212 -0.097637 0.028481 0.028481 0.028481
vn 0.928091 0.372353 0.000000
v 0.702921 1.425066 -0.135209 0.028481 0.028481 0.028481
vn 0.928091 0.372353 0.000000
f 3037//3037 3038//3038 3039//3039
v 0.790727 1.206212 0.297948 0.028481 0.028481 0.028481
vn 0.924500 0.381148 0.005172
v 0.702921 1.425066 -0.135209 0.028481 0.028481 0.028481
vn 0.924500 0.381148 0.005172
v 0.699396 1.428198 0.264206 0.028481 0.028481 0.028481
vn 0.924500 0.381148 0.005172
f 3040//3040 3041//3041 3042//3042
v 0.767821 1.206212 0.884422 0.028481 0.028481 0.028481
vn 0.922250 0.384911 0.036019
v 0.790727 1.206212 0.297948 0.028481 0.028481 0.028481
vn 0.922250 0.384911 0.036019
v 0.699396 1.428198 0.264206 0.028481 0.028481 0.028481
vn 0.922250 0.384911 0.036019
f 3043//3043 3044//3044 3045//3045
v 0.767821 1.206212 0.884422 0.028481 0.028481 0.028481
vn 0.872095 0.483279 0.076761
v 0.699396 1.428198 0.264206 0.028481 0.028481 0.028481
vn 0.872095 0.483279 0.076761
v 0.680050 1.417208 0.553197 0.028481 0.028481 0.028481
vn 0.872095 0.483279 0.076761
f 3046//3046 3047//3047 3048//3048
v 0.699396 1.428198 0.264206 0.028481 0.028481 0.028481
vn 0.862247 0.506475 0.003639
v 0.702921 1.425066 -0.135209 0.028481 0.028481 0.028481
vn 0.862247 0.506475 0.003639
v 0.589965 1.617784 -0.193011 0.028481 0.028481 0.028481
vn 0.862247 0.506475 0.003639
f 3049//3049 3050//3050 3051//3051
v 0.699396 1.428198 0.264206 0.028481 0.028481 0.028481
vn 0.734734 0.670610 0.102217
v 0.589965 1.617784 -0.193011 0.028481 0.028481 0.028481
vn 0.734734 0.670610 0.102217
v 0.580285 1.562277 0.240734 0.028481 0.028481 0.028481
vn 0.734734 0.670610 0.102217
f 3052//3052 3053//3053 3054//3054
v 0.680050 1.417208 0.553197 0.028481 0.028481 0.028481
vn 0.738951 0.669580 0.074933
v 0.699396 1.428198 0.264206 0.028481 0.028481 0.028481
vn 0.738951 0.669580 0.074933
v 0.580285 1.562277 0.240734 0.028481 0.028481 0.028481
vn 0.738951 0.669580 0.074933
f 3055//3055 3056//3056 3057//3057
v 0.791013 1.219895 -0.800475 0.028481 0.028481 0.028481
vn 0.939513 0.337160 -0.060320
v 0.739659 1.271665 -1.310963 0.028481 0.028481 0.028481
vn 0.939513 0.337160 -0.060320
v 0.692455 1.411541 -1.264341 0.028481 0.028481 0.028481
vn 0.939513 0.337160 -0.060320
f 3058//3058 3059//3059 3060//3060
v 0.791013 1.219895 -0.800475 0.028481 0.028481 0.028481
vn 0.892626 0.450785 -0.003413
v 0.692455 1.411541 -1.264341 0.028481 0.028481 0.028481
vn 0.892626 0.450785 -0.003413
v 0.699071 1.401984 -0.796426 0.028481 0.028481 0.028481
vn 0.892626 0.450785 -0.003413
f 3061//3061 3062//3062 3063//3063
v 0.611711 1.609725 -1.130394 0.028481 0.028481 0.028481
vn 0.918275 0.395897 0.006058
v 0.599323 1.633492 -0.805864 0.028481 0.028481 0.028481
vn 0.918275 0.395897 0.006058
v 0.699071 1.401984 -0.796426 0.028481 0.028481 0.028481
vn 0.918275 0.395897 0.006058
f 3064//3064 3065//3065 3066//3066
v 0.598455 1.443920 -1.869487 0.028481 0.028481 0.028481
vn 0.211472 0.628891 -0.748181
v 0.328691 1.443920 -1.945735 0.028481 0.028481 0.028481
vn 0.211472 0.628891 -0.748181
v 0.328773 1.690421 -1.738513 0.028481 0.028481 0.028481
vn 0.211472 0.628891 -0.748181
f 3067//3067 3068//3068 3069//3069
v 0.598455 1.443920 -1.869487 0.028481 0.028481 0.028481
vn 0.103104 0.552331 -0.827224
v 0.328773 1.690421 -1.738513 0.028481 0.028481 0.028481
vn 0.103104 0.552331 -0.827224
v 0.591848 1.627320 -1.747856 0.028481 0.028481 0.028481
vn 0.103104 0.552331 -0.827224
f 3070//3070 3071//3071 3072//3072
v 0.328691 1.443920 -1.945735 0.028481 0.028481 0.028481
vn 0.023616 0.661570 -0.749512
v 0.000000 1.443920 -1.956092 0.028481 0.028481 0.028481
vn 0.023616 0.661570 -0.749512
v 0.000000 1.690421 -1.738513 0.028481 0.028481 0.028481
vn 0.023616 0.661570 -0.749512
f 3073//3073 3074//3074 3075//3075
v 0.328691 1.443920 -1.945735 0.028481 0.028481 0.028481
vn 0.000000 0.643485 -0.765458
v 0.000000 1.690421 -1.738513 0.028481 0.028481 0.028481
vn 0.000000 0.643485 -0.765458
v 0.328773 1.690421 -1.738513 0.028481 0.028481 0.028481
vn 0.000000 0.643485 -0.765458
f 3076//3076 3077//3077 3078//3078
v 0.322480 1.291867 -2.029994 0.028481 0.028481 0.028481
vn 0.032766 0.492257 -0.869833
v 0.000000 1.285737 -2.045611 0.028481 0.028481 0.028481
vn 0.032766 0.492257 -0.869833
v 0.000000 1.443920 -1.956092 0.028481 0.028481 0.028481
vn 0.032766 0.492257 -0.869833
f 3079//3079 3080//3080 3081//3081
v 0.322480 1.291867 -2.029994 0.028481 0.028481 0.028481
vn 0.027564 0.483651 -0.874827
v 0.000000 1.443920 -1.956092 0.028481 0.028481 0.028481
vn 0.027564 0.483651 -0.874827
v 0.328691 1.443920 -1.945735 0.028481 0.028481 0.028481
vn 0.027564 0.483651 -0.874827
f 3082//3082 3083//3083 3084//3084
v 0.610445 1.295538 -1.961922 0.028481 0.028481 0.028481
vn 0.197516 0.468962 -0.860849
v 0.322480 1.291867 -2.029994 0.028481 0.028481 0.028481
vn 0.197516 0.468962 -0.860849
v 0.328691 1.443920 -1.945735 0.028481 0.028481 0.028481
vn 0.197516 0.468962 -0.860849
f 3085//3085 3086//3086 3087//3087
v 0.610445 1.295538 -1.961922 0.028481 0.028481 0.028481
vn 0.231017 0.527827 -0.817331
v 0.328691 1.443920 -1.945735 0.028481 0.028481 0.028481
vn 0.231017 0.527827 -0.817331
v 0.598455 1.443920 -1.869487 0.028481 0.028481 0.028481
vn 0.231017 0.527827 -0.817331
f 3088//3088 3089//3089 3090//3090
v 0.703252 1.438605 -0.231877 0.028481 0.028481 0.028481
vn 0.918379 0.394375 -0.032384
v 0.699071 1.401984 -0.796426 0.028481 0.028481 0.028481
vn 0.918379 0.394375 -0.032384
v 0.599323 1.633492 -0.805864 0.028481 0.028481 0.028481
vn 0.918379 0.394375 -0.032384
f 3091//3091 3092//3092 3093//3093
v 0.703252 1.438605 -0.231877 0.028481 0.028481 0.028481
vn 0.876450 0.481469 0.004779
v 0.599323 1.633492 -0.805864 0.028481 0.028481 0.028481
vn 0.876450 0.481469 0.004779
v 0.596980 1.632674 -0.293796 0.028481 0.028481 0.028481
vn 0.876450 0.481469 0.004779
f 3094//3094 3095//3095 3096//3096
v 0.791013 1.219895 -0.191564 0.028481 0.028481 0.028481
vn 0.892662 0.450727 0.000000
v 0.791013 1.219895 -0.800475 0.028481 0.028481 0.028481
vn 0.892662 0.450727 0.000000
v 0.699071 1.401984 -0.796426 0.028481 0.028481 0.028481
vn 0.892662 0.450727 0.000000
f 3097//3097 3098//3098 3099//3099
v 0.791013 1.219895 -0.191564 0.028481 0.028481 0.028481
vn 0.929578 0.367343 -0.030714
v 0.699071 1.401984 -0.796426 0.028481 0.028481 0.028481
vn 0.929578 0.367343 -0.030714
v 0.703252 1.438605 -0.231877 0.028481 0.028481 0.028481
vn 0.929578 0.367343 -0.030714
f 3100//3100 3101//3101 3102//3102
v 0.699071 1.401984 -0.796426 0.028481 0.028481 0.028481
vn 0.932887 0.360122 -0.005834
v 0.692455 1.411541 -1.264341 0.028481 0.028481 0.028481
vn 0.932887 0.360122 -0.005834
v 0.619420 1.602123 -1.178822 0.028481 0.028481 0.028481
vn 0.932887 0.360122 -0.005834
f 3103//3103 3104//3104 3105//3105
v 0.699071 1.401984 -0.796426 0.028481 0.028481 0.028481
vn 0.877978 0.474224 0.065322
v 0.619420 1.602123 -1.178822 0.028481 0.028481 0.028481
vn 0.877978 0.474224 0.065322
v 0.611711 1.609725 -1.130394 0.028481 0.028481 0.028481
vn 0.877978 0.474224 0.065322
f 3106//3106 3107//3107 3108//3108
v 0.691955 1.416075 -1.336716 0.028481 0.028481 0.028481
vn 0.945068 0.323649 -0.045797
v 0.736104 1.279913 -1.387905 0.028481 0.028481 0.028481
vn 0.945068 0.323649 -0.045797
v 0.725722 1.292760 -1.511372 0.028481 0.028481 0.028481
vn 0.945068 0.323649 -0.045797
f 3109//3109 3110//3110 3111//3111
v 0.691955 1.416075 -1.336716 0.028481 0.028481 0.028481
vn 0.944831 0.324272 -0.046282
v 0.725722 1.292760 -1.511372 0.028481 0.028481 0.028481
vn 0.944831 0.324272 -0.046282
v 0.675061 1.423048 -1.632733 0.028481 0.028481 0.028481
vn 0.944831 0.324272 -0.046282
f 3112//3112 3113//3113 3114//3114
v 0.623280 1.593864 -1.254304 0.028481 0.028481 0.028481
vn 0.924922 0.377616 -0.043890
v 0.691955 1.416075 -1.336716 0.028481 0.028481 0.028481
vn 0.924922 0.377616 -0.043890
v 0.675061 1.423048 -1.632733 0.028481 0.028481 0.028481
vn 0.924922 0.377616 -0.043890
f 3115//3115 3116//3116 3117//3117
v 0.623280 1.593864 -1.254304 0.028481 0.028481 0.028481
vn 0.945747 0.324456 -0.017044
v 0.675061 1.423048 -1.632733 0.028481 0.028481 0.028481
vn 0.945747 0.324456 -0.017044
v 0.631165 1.551057 -1.631668 0.028481 0.028481 0.028481
vn 0.945747 0.324456 -0.017044
f 3118//3118 3119//3119 3120//3120
v 0.000000 1.192241 1.067019 0.028481 0.028481 0.028481
vn -0.009284 0.836760 0.547491
v 0.000000 1.410452 0.733516 0.028481 0.028481 0.028481
vn -0.009284 0.836760 0.547491
v -0.399711 1.410452 0.726737 0.028481 0.028481 0.028481
vn -0.009284 0.836760 0.547491
f 3121//3121 3122//3122 3123//3123
v 0.000000 1.192241 1.067019 0.028481 0.028481 0.028481
vn -0.008646 0.837111 0.546965
v -0.399711 1.410452 0.726737 0.028481 0.028481 0.028481
vn -0.008646 0.837111 0.546965
v -0.428821 1.192241 1.060241 0.028481 0.028481 0.028481
vn -0.008646 0.837111 0.546965
f 3124//3124 3125//3125 3126//3126
v -0.428821 1.192241 1.060241 0.028481 0.028481 0.028481
vn -0.216572 0.825490 0.521213
v -0.399711 1.410452 0.726737 0.028481 0.028481 0.028481
vn -0.216572 0.825490 0.521213
v -0.652362 1.410452 0.621757 0.028481 0.028481 0.028481
vn -0.216572 0.825490 0.521213
f 3127//3127 3128//3128 3129//3129
v -0.428821 1.192241 1.060241 0.028481 0.028481 0.028481
vn -0.170770 0.844628 0.507386
v -0.652362 1.410452 0.621757 0.028481 0.028481 0.028481
vn -0.170770 0.844628 0.507386
v -0.740737 1.192241 0.955260 0.028481 0.028481 0.028481
vn -0.170770 0.844628 0.507386
f 3130//3130 3131//3131 3132//3132
v -0.552212 1.568080 0.306412 0.028481 0.028481 0.028481
vn -0.165534 0.902158 0.398382
v -0.652362 1.410452 0.621757 0.028481 0.028481 0.028481
vn -0.165534 0.902158 0.398382
v -0.399711 1.410452 0.726737 0.028481 0.028481 0.028481
vn -0.165534 0.902158 0.398382
f 3133//3133 3134//3134 3135//3135
v -0.552212 1.568080 0.306412 0.028481 0.028481 0.028481
vn -0.103089 0.918461 0.381840
v -0.399711 1.410452 0.726737 0.028481 0.028481 0.028481
vn -0.103089 0.918461 0.381840
v -0.334497 1.583583 0.327901 0.028481 0.028481 0.028481
vn -0.103089 0.918461 0.381840
f 3136//3136 3137//3137 3138//3138
v -0.334497 1.583583 0.327901 0.028481 0.028481 0.028481
vn -0.006737 0.917683 0.397257
v -0.399711 1.410452 0.726737 0.028481 0.028481 0.028481
vn -0.006737 0.917683 0.397257
v 0.000000 1.410452 0.733516 0.028481 0.028481 0.028481
vn -0.006737 0.917683 0.397257
f 3139//3139 3140//3140 3141//3141
v -0.334497 1.583583 0.327901 0.028481 0.028481 0.028481
vn -0.037731 0.907455 0.418451
v 0.000000 1.410452 0.733516 0.028481 0.028481 0.028481
vn -0.037731 0.907455 0.418451
v 0.000000 1.591208 0.341527 0.028481 0.028481 0.028481
vn -0.037731 0.907455 0.418451
f 3142//3142 3143//3143 3144//3144
v -0.790727 1.206212 0.297948 0.028481 0.028481 0.028481
vn -0.924501 0.381144 0.005169
v -0.699397 1.428198 0.264206 0.028481 0.028481 0.028481
vn -0.924501 0.381144 0.005169
v -0.702921 1.425066 -0.135209 0.028481 0.028481 0.028481
vn -0.924501 0.381144 0.005169
f 3145//3145 3146//3146 3147//3147
v -0.790727 1.206212 0.297948 0.028481 0.028481 0.028481
vn -0.928091 0.372353 0.000000
v -0.702921 1.425066 -0.135209 0.028481 0.028481 0.028481
vn -0.928091 0.372353 0.000000
v -0.790727 1.206212 -0.097637 0.028481 0.028481 0.028481
vn -0.928091 0.372353 0.000000
f 3148//3148 3149//3149 3150//3150
v -0.767821 1.206212 0.884422 0.028481 0.028481 0.028481
vn -0.872096 0.483276 0.076761
v -0.680051 1.417208 0.553197 0.028481 0.028481 0.028481
vn -0.872096 0.483276 0.076761
v -0.699397 1.428198 0.264206 0.028481 0.028481 0.028481
vn -0.872096 0.483276 0.076761
f 3151//3151 3152//3152 3153//3153
v -0.767821 1.206212 0.884422 0.028481 0.028481 0.028481
vn -0.922252 0.384908 0.036020
v -0.699397 1.428198 0.264206 0.028481 0.028481 0.028481
vn -0.922252 0.384908 0.036020
v -0.790727 1.206212 0.297948 0.028481 0.028481 0.028481
vn -0.922252 0.384908 0.036020
f 3154//3154 3155//3155 3156//3156
v -0.699397 1.428198 0.264206 0.028481 0.028481 0.028481
vn -0.734734 0.670610 0.102216
v -0.580285 1.562277 0.240734 0.028481 0.028481 0.028481
vn -0.734734 0.670610 0.102216
v -0.589965 1.617784 -0.193011 0.028481 0.028481 0.028481
vn -0.734734 0.670610 0.102216
f 3157//3157 3158//3158 3159//3159
v -0.699397 1.428198 0.264206 0.028481 0.028481 0.028481
vn -0.862247 0.506475 0.003637
v -0.589965 1.617784 -0.193011 0.028481 0.028481 0.028481
vn -0.862247 0.506475 0.003637
v -0.702921 1.425066 -0.135209 0.028481 0.028481 0.028481
vn -0.862247 0.506475 0.003637
f 3160//3160 3161//3161 3162//3162
v -0.680051 1.417208 0.553197 0.028481 0.028481 0.028481
vn -0.738951 0.669580 0.074933
v -0.580285 1.562277 0.240734 0.028481 0.028481 0.028481
vn -0.738951 0.669580 0.074933
v -0.699397 1.428198 0.264206 0.028481 0.028481 0.028481
vn -0.738951 0.669580 0.074933
f 3163//3163 3164//3164 3165//3165
v -0.791014 1.219895 -0.800475 0.028481 0.028481 0.028481
vn -0.892626 0.450785 -0.003415
v -0.699072 1.401984 -0.796426 0.028481 0.028481 0.028481
vn -0.892626 0.450785 -0.003415
v -0.692455 1.411541 -1.264341 0.028481 0.028481 0.028481
vn -0.892626 0.450785 -0.003415
f 3166//3166 3167//3167 3168//3168
v -0.791014 1.219895 -0.800475 0.028481 0.028481 0.028481
vn -0.939513 0.337160 -0.060321
v -0.692455 1.411541 -1.264341 0.028481 0.028481 0.028481
vn -0.939513 0.337160 -0.060321
v -0.739659 1.271665 -1.310963 0.028481 0.028481 0.028481
vn -0.939513 0.337160 -0.060321
f 3169//3169 3170//3170 3171//3171
v -0.611711 1.609725 -1.130394 0.028481 0.028481 0.028481
vn -0.918274 0.395900 0.006058
v -0.699072 1.401984 -0.796426 0.028481 0.028481 0.028481
vn -0.918274 0.395900 0.006058
v -0.599323 1.633492 -0.805864 0.028481 0.028481 0.028481
vn -0.918274 0.395900 0.006058
f 3172//3172 3173//3173 3174//3174
v -0.598455 1.443920 -1.869488 0.028481 0.028481 0.028481
vn -0.103105 0.552334 -0.827222
v -0.591848 1.627320 -1.747856 0.028481 0.028481 0.028481
vn -0.103105 0.552334 -0.827222
v -0.328773 1.690421 -1.738513 0.028481 0.028481 0.028481
vn -0.103105 0.552334 -0.827222
f 3175//3175 3176//3176 3177//3177
v -0.598455 1.443920 -1.869488 0.028481 0.028481 0.028481
vn -0.211469 0.628892 -0.748182
v -0.328773 1.690421 -1.738513 0.028481 0.028481 0.028481
vn -0.211469 0.628892 -0.748182
v -0.328691 1.443920 -1.945735 0.028481 0.028481 0.028481
vn -0.211469 0.628892 -0.748182
f 3178//3178 3179//3179 3180//3180
v -0.328691 1.443920 -1.945735 0.028481 0.028481 0.028481
vn 0.000000 0.643485 -0.765458
v -0.328773 1.690421 -1.738513 0.028481 0.028481 0.028481
vn 0.000000 0.643485 -0.765458
v 0.000000 1.690421 -1.738513 0.028481 0.028481 0.028481
vn 0.000000 0.643485 -0.765458
f 3181//3181 3182//3182 3183//3183
v -0.328691 1.443920 -1.945735 0.028481 0.028481 0.028481
vn -0.023616 0.661570 -0.749512
v 0.000000 1.690421 -1.738513 0.028481 0.028481 0.028481
vn -0.023616 0.661570 -0.749512
v 0.000000 1.443920 -1.956092 0.028481 0.028481 0.028481
vn -0.023616 0.661570 -0.749512
f 3184//3184 3185//3185 3186//3186
v -0.322480 1.291867 -2.029994 0.028481 0.028481 0.028481
vn -0.027564 0.483651 -0.874827
v -0.328691 1.443920 -1.945735 0.028481 0.028481 0.028481
vn -0.027564 0.483651 -0.874827
v 0.000000 1.443920 -1.956092 0.028481 0.028481 0.028481
vn -0.027564 0.483651 -0.874827
f 3187//3187 3188//3188 3189//3189
v -0.322480 1.291867 -2.029994 0.028481 0.028481 0.028481
vn -0.032766 0.492257 -0.869833
v 0.000000 1.443920 -1.956092 0.028481 0.028481 0.028481
vn -0.032766 0.492257 -0.869833
v 0.000000 1.285737 -2.045611 0.028481 0.028481 0.028481
vn -0.032766 0.492257 -0.869833
f 3190//3190 3191//3191 3192//3192
v -0.610445 1.295538 -1.961922 0.028481 0.028481 0.028481
vn -0.231014 0.527823 -0.817334
v -0.598455 1.443920 -1.869488 0.028481 0.028481 0.028481
vn -0.231014 0.527823 -0.817334
v -0.328691 1.443920 -1.945735 0.028481 0.028481 0.028481
vn -0.231014 0.527823 -0.817334
f 3193//3193 3194//3194 3195//3195
v -0.610445 1.295538 -1.961922 0.028481 0.028481 0.028481
vn -0.197516 0.468962 -0.860849
v -0.328691 1.443920 -1.945735 0.028481 0.028481 0.028481
vn -0.197516 0.468962 -0.860849
v -0.322480 1.291867 -2.029994 0.028481 0.028481 0.028481
vn -0.197516 0.468962 -0.860849
f 3196//3196 3197//3197 3198//3198
v -0.703252 1.438605 -0.231877 0.028481 0.028481 0.028481
vn -0.876450 0.481469 0.004779
v -0.596980 1.632674 -0.293796 0.028481 0.028481 0.028481
vn -0.876450 0.481469 0.004779
v -0.599323 1.633492 -0.805864 0.028481 0.028481 0.028481
vn -0.876450 0.481469 0.004779
f 3199//3199 3200//3200 3201//3201
v -0.703252 1.438605 -0.231877 0.028481 0.028481 0.028481
vn -0.918378 0.394378 -0.032383
v -0.599323 1.633492 -0.805864 0.028481 0.028481 0.028481
vn -0.918378 0.394378 -0.032383
v -0.699072 1.401984 -0.796426 0.028481 0.028481 0.028481
vn -0.918378 0.394378 -0.032383
f 3202//3202 3203//3203 3204//3204
v -0.791013 1.219895 -0.191564 0.028481 0.028481 0.028481
vn -0.929578 0.367343 -0.030712
v -0.703252 1.438605 -0.231877 0.028481 0.028481 0.028481
vn -0.929578 0.367343 -0.030712
v -0.699072 1.401984 -0.796426 0.028481 0.028481 0.028481
vn -0.929578 0.367343 -0.030712
f 3205//3205 3206//3206 3207//3207
v -0.791013 1.219895 -0.191564 0.028481 0.028481 0.028481
vn -0.892662 0.450727 0.000001
v -0.699072 1.401984 -0.796426 0.028481 0.028481 0.028481
vn -0.892662 0.450727 0.000001
v -0.791014 1.219895 -0.800475 0.028481 0.028481 0.028481
vn -0.892662 0.450727 0.000001
f 3208//3208 3209//3209 3210//3210
v -0.699072 1.401984 -0.796426 0.028481 0.028481 0.028481
vn -0.877977 0.474226 0.065321
v -0.611711 1.609725 -1.130394 0.028481 0.028481 0.028481
vn -0.877977 0.474226 0.065321
v -0.619420 1.602123 -1.178822 0.028481 0.028481 0.028481
vn -0.877977 0.474226 0.065321
f 3211//3211 3212//3212 3213//3213
v -0.699072 1.401984 -0.796426 0.028481 0.028481 0.028481
vn -0.932887 0.360123 -0.005836
v -0.619420 1.602123 -1.178822 0.028481 0.028481 0.028481
vn -0.932887 0.360123 -0.005836
v -0.692455 1.411541 -1.264341 0.028481 0.028481 0.028481
vn -0.932887 0.360123 -0.005836
f 3214//3214 3215//3215 3216//3216
v -0.691955 1.416075 -1.336716 0.028481 0.028481 0.028481
vn -0.944831 0.324272 -0.046282
v -0.675061 1.423048 -1.632733 0.028481 0.028481 0.028481
vn -0.944831 0.324272 -0.046282
v -0.725722 1.292760 -1.511372 0.028481 0.028481 0.028481
vn -0.944831 0.324272 -0.046282
f 3217//3217 3218//3218 3219//3219
v -0.691955 1.416075 -1.336716 0.028481 0.028481 0.028481
vn -0.945068 0.323649 -0.045797
v -0.725722 1.292760 -1.511372 0.028481 0.028481 0.028481
vn -0.945068 0.323649 -0.045797
v -0.736104 1.279913 -1.387905 0.028481 0.028481 0.028481
vn -0.945068 0.323649 -0.045797
f 3220//3220 3221//3221 3222//3222
v -0.623280 1.593864 -1.254304 0.028481 0.028481 0.028481
vn -0.945747 0.324456 -0.017044
v -0.631165 1.551057 -1.631668 0.028481 0.028481 0.028481
vn -0.945747 0.324456 -0.017044
v -0.675061 1.423048 -1.632733 0.028481 0.028481 0.028481
vn -0.945747 0.324456 -0.017044
f 3223//3223 3224//3224 3225//3225
v -0.623280 1.593864 -1.254304 0.028481 0.028481 0.028481
vn -0.924922 0.377616 -0.043890
v -0.675061 1.423048 -1.632733 0.028481 0.028481 0.028481
vn -0.924922 0.377616 -0.043890
v -0.691955 1.416075 -1.336716 0.028481 0.028481 0.028481
vn -0.924922 0.377616 -0.043890
f 3226//3226 3227//3227 3228//3228
g Black
v 0.901274 0.368850 0.217211 0.010962 0.010962 0.010962
vn -0.006094 -0.999981 0.000000
v 0.901274 0.368850 -0.175673 0.010962 0.010962 0.010962
vn -0.006094 -0.999981 0.000000
v 0.915639 0.368763 -0.176429 0.010962 0.010962 0.010962
vn -0.006094 -0.999981 0.000000
f 3229//3229 3230//3230 3231//3231
v 0.818039 0.463987 -1.849675 0.010962 0.010962 0.010962
vn 0.248413 0.965905 0.072925
v 0.822553 0.458712 -1.795187 0.010962 0.010962 0.010962
vn 0.248413 0.965905 0.072925
v 0.838185 0.456409 -1.817920 0.010962 0.010962 0.010962
vn 0.248413 0.965905 0.072925
f 3232//3232 3233//3233 3234//3234
v 0.818039 0.463987 -1.849675 0.010962 0.010962 0.010962
vn 0.248413 0.965905 0.072925
v 0.838185 0.456409 -1.817920 0.010962 0.010962 0.010962
vn 0.248413 0.965905 0.072925
v 0.833671 0.461683 -1.872408 0.010962 0.010962 0.010962
vn 0.248413 0.965905 0.072925
f 3235//3235 3236//3236 3237//3237
v 0.901274 0.292883 -0.187873 0.010962 0.010962 0.010962
vn -0.010055 -0.999949 0.000000
v 0.901274 0.292883 -0.846536 0.010962 0.010962 0.010962
vn -0.010055 -0.999949 0.000000
v 0.918916 0.292706 -0.848067 0.010962 0.010962 0.010962
vn -0.010055 -0.999949 0.000000
f 3238//3238 3239//3239 3240//3240
v 0.901274 0.292883 -0.187873 0.010962 0.010962 0.010962
vn -0.010055 -0.999949 0.000000
v 0.918916 0.292706 -0.848067 0.010962 0.010962 0.010962
vn -0.010055 -0.999949 0.000000
v 0.918916 0.292706 -0.189405 0.010962 0.010962 0.010962
vn -0.010055 -0.999949 0.000000
f 3241//3241 3242//3242 3243//3243
v 0.893457 0.367624 0.925704 0.010962 0.010962 0.010962
vn 0.004832 0.997501 -0.070485
v 0.901274 0.374412 1.022310 0.010962 0.010962 0.010962
vn 0.004832 0.997501 -0.070485
v 0.918916 0.374233 1.020992 0.010962 0.010962 0.010962
vn 0.004832 0.997501 -0.070485
f 3244//3244 3245//3245 3246//3246
v 0.893457 0.367624 0.925704 0.010962 0.010962 0.010962
vn 0.003936 0.997522 -0.070247
v 0.918916 0.374233 1.020992 0.010962 0.010962 0.010962
vn 0.003936 0.997522 -0.070247
v 0.911099 0.367446 0.924174 0.010962 0.010962 0.010962
vn 0.003936 0.997522 -0.070247
f 3247//3247 3248//3248 3249//3249
v 0.818039 0.416806 -1.851665 0.010962 0.010962 0.010962
vn -0.195691 -0.969373 -0.148397
v 0.747448 0.449800 -1.974103 0.010962 0.010962 0.010962
vn -0.195691 -0.969373 -0.148397
v 0.763080 0.450141 -1.996944 0.010962 0.010962 0.010962
vn -0.195691 -0.969373 -0.148397
f 3250//3250 3251//3251 3252//3252
v 0.818039 0.416806 -1.851665 0.010962 0.010962 0.010962
vn -0.294718 -0.949641 -0.106408
v 0.763080 0.450141 -1.996944 0.010962 0.010962 0.010962
vn -0.294718 -0.949641 -0.106408
v 0.833671 0.414502 -1.874399 0.010962 0.010962 0.010962
vn -0.294718 -0.949641 -0.106408
f 3253//3253 3254//3254 3255//3255
v 0.769200 0.371631 2.012706 0.010962 0.010962 0.010962
vn -0.002333 0.999928 0.011811
v 0.712239 0.369727 2.162668 0.010962 0.010962 0.010962
vn -0.002333 0.999928 0.011811
v 0.741814 0.369423 2.194256 0.010962 0.010962 0.010962
vn -0.002333 0.999928 0.011811
f 3256//3256 3257//3257 3258//3258
v 0.769200 0.371631 2.012706 0.010962 0.010962 0.010962
vn -0.002333 0.999928 0.011811
v 0.741814 0.369423 2.194256 0.010962 0.010962 0.010962
vn -0.002333 0.999928 0.011811
v 0.798775 0.371327 2.044294 0.010962 0.010962 0.010962
vn -0.002333 0.999928 0.011811
f 3259//3259 3260//3260 3261//3261
v 0.901274 0.292883 -0.846536 0.010962 0.010962 0.010962
vn 0.001629 -0.998544 -0.053927
v 0.898704 0.296947 -0.921866 0.010962 0.010962 0.010962
vn 0.001629 -0.998544 -0.053927
v 0.916346 0.297059 -0.923402 0.010962 0.010962 0.010962
vn 0.001629 -0.998544 -0.053927
f 3262//3262 3263//3263 3264//3264
v 0.901274 0.292883 -0.846536 0.010962 0.010962 0.010962
vn -0.014998 -0.998252 -0.057172
v 0.916346 0.297059 -0.923402 0.010962 0.010962 0.010962
vn -0.014998 -0.998252 -0.057172
v 0.918916 0.292706 -0.848067 0.010962 0.010962 0.010962
vn -0.014998 -0.998252 -0.057172
f 3265//3265 3266//3266 3267//3267
v 0.898704 0.365691 -0.919584 0.010962 0.010962 0.010962
vn 0.006877 0.999650 -0.025529
v 0.901274 0.368850 -0.795164 0.010962 0.010962 0.010962
vn 0.006877 0.999650 -0.025529
v 0.918916 0.368672 -0.797404 0.010962 0.010962 0.010962
vn 0.006877 0.999650 -0.025529
f 3268//3268 3269//3269 3270//3270
v 0.898704 0.365691 -0.919584 0.010962 0.010962 0.010962
vn -0.008336 0.999700 -0.023014
v 0.918916 0.368672 -0.797404 0.010962 0.010962 0.010962
vn -0.008336 0.999700 -0.023014
v 0.916346 0.365802 -0.921120 0.010962 0.010962 0.010962
vn -0.008336 0.999700 -0.023014
f 3271//3271 3272//3272 3273//3273
v 0.894190 0.385104 -0.979616 0.010962 0.010962 0.010962
vn 0.020638 0.951734 0.306230
v 0.898704 0.365691 -0.919584 0.010962 0.010962 0.010962
vn 0.020638 0.951734 0.306230
v 0.916346 0.365802 -0.921120 0.010962 0.010962 0.010962
vn 0.020638 0.951734 0.306230
f 3274//3274 3275//3275 3276//3276
v 0.894190 0.385104 -0.979616 0.010962 0.010962 0.010962
vn 0.020638 0.951734 0.306230
v 0.916346 0.365802 -0.921120 0.010962 0.010962 0.010962
vn 0.020638 0.951734 0.306230
v 0.911832 0.385216 -0.981152 0.010962 0.010962 0.010962
vn 0.020638 0.951734 0.306230
f 3277//3277 3278//3278 3279//3279
v 0.421349 0.292883 2.315170 0.010962 0.010962 0.010962
vn -0.002506 -0.999970 -0.007281
v 0.618552 0.292883 2.247287 0.010962 0.010962 0.010962
vn -0.002506 -0.999970 -0.007281
v 0.648127 0.292579 2.278875 0.010962 0.010962 0.010962
vn -0.002506 -0.999970 -0.007281
f 3280//3280 3281//3281 3282//3282
v 0.421349 0.292883 2.315170 0.010962 0.010962 0.010962
vn -0.002848 -0.999952 -0.009418
v 0.648127 0.292579 2.278875 0.010962 0.010962 0.010962
vn -0.002848 -0.999952 -0.009418
v 0.423666 0.292579 2.346758 0.010962 0.010962 0.010962
vn -0.002848 -0.999952 -0.009418
f 3283//3283 3284//3284 3285//3285
v 0.000000 0.368850 2.328411 0.010962 0.010962 0.010962
vn -0.000347 0.999933 -0.011609
v 0.442400 0.368850 2.315170 0.010962 0.010962 0.010962
vn -0.000347 0.999933 -0.011609
v 0.440796 0.368473 2.282673 0.010962 0.010962 0.010962
vn -0.000347 0.999933 -0.011609
f 3286//3286 3287//3287 3288//3288
v 0.000000 0.368850 2.328411 0.010962 0.010962 0.010962
vn -0.000349 0.999932 -0.011626
v 0.440796 0.368473 2.282673 0.010962 0.010962 0.010962
vn -0.000349 0.999932 -0.011626
v 0.000000 0.368473 2.295915 0.010962 0.010962 0.010962
vn -0.000349 0.999932 -0.011626
f 3289//3289 3290//3290 3291//3291
v 0.822553 0.410284 -1.797209 0.010962 0.010962 0.010962
vn -0.274679 -0.957137 -0.091870
v 0.818039 0.416806 -1.851665 0.010962 0.010962 0.010962
vn -0.274679 -0.957137 -0.091870
v 0.833671 0.414502 -1.874399 0.010962 0.010962 0.010962
vn -0.274679 -0.957137 -0.091870
f 3292//3292 3293//3293 3294//3294
v 0.822553 0.410284 -1.797209 0.010962 0.010962 0.010962
vn -0.274753 -0.957115 -0.091879
v 0.833671 0.414502 -1.874399 0.010962 0.010962 0.010962
vn -0.274753 -0.957115 -0.091879
v 0.838185 0.407979 -1.819943 0.010962 0.010962 0.010962
vn -0.274753 -0.957115 -0.091879
f 3295//3295 3296//3296 3297//3297
v 0.324709 0.292883 -0.846536 0.010962 0.010962 0.010962
vn 0.000000 -1.000000 0.000000
v 0.324709 0.292883 -0.187873 0.010962 0.010962 0.010962
vn 0.000000 -1.000000 0.000000
v 0.000000 0.292883 -0.187873 0.010962 0.010962 0.010962
vn 0.000000 -1.000000 0.000000
f 3298//3298 3299//3299 3300//3300
v 0.324709 0.292883 -0.846536 0.010962 0.010962 0.010962
vn 0.000000 -1.000000 0.000000
v 0.000000 0.292883 -0.187873 0.010962 0.010962 0.010962
vn 0.000000 -1.000000 0.000000
v 0.000000 0.292883 -0.846536 0.010962 0.010962 0.010962
vn 0.000000 -1.000000 0.000000
f 3301//3301 3302//3302 3303//3303
v 0.901274 0.292883 -0.846536 0.010962 0.010962 0.010962
vn 0.000000 -1.000000 0.000000
v 0.901274 0.292883 -0.187873 0.010962 0.010962 0.010962
vn 0.000000 -1.000000 0.000000
v 0.612991 0.292883 -0.187873 0.010962 0.010962 0.010962
vn 0.000000 -1.000000 0.000000
f 3304//3304 3305//3305 3306//3306
v 0.901274 0.292883 -0.846536 0.010962 0.010962 0.010962
vn 0.000000 -1.000000 0.000000
v 0.612991 0.292883 -0.187873 0.010962 0.010962 0.010962
vn 0.000000 -1.000000 0.000000
v 0.612991 0.292883 -0.846536 0.010962 0.010962 0.010962
vn 0.000000 -1.000000 0.000000
f 3307//3307 3308//3308 3309//3309
v 0.612991 0.292883 -0.846536 0.010962 0.010962 0.010962
vn 0.000000 -1.000000 0.000000
v 0.612991 0.292883 -0.187873 0.010962 0.010962 0.010962
vn 0.000000 -1.000000 0.000000
v 0.324709 0.292883 -0.187873 0.010962 0.010962 0.010962
vn 0.000000 -1.000000 0.000000
f 3310//3310 3311//3311 3312//3312
v 0.612991 0.292883 -0.846536 0.010962 0.010962 0.010962
vn 0.000000 -1.000000 0.000000
v 0.324709 0.292883 -0.187873 0.010962 0.010962 0.010962
vn 0.000000 -1.000000 0.000000
v 0.324709 0.292883 -0.846536 0.010962 0.010962 0.010962
vn 0.000000 -1.000000 0.000000
f 3313//3313 3314//3314 3315//3315
v 0.324709 0.292883 -0.187873 0.010962 0.010962 0.010962
vn 0.000000 -1.000000 0.000000
v 0.612991 0.292883 -0.187873 0.010962 0.010962 0.010962
vn 0.000000 -1.000000 0.000000
v 0.612991 0.292883 0.336669 0.010962 0.010962 0.010962
vn 0.000000 -1.000000 0.000000
f 3316//3316 3317//3317 3318//3318
v 0.324709 0.292883 -0.187873 0.010962 0.010962 0.010962
vn 0.000000 -1.000000 0.000000
v 0.612991 0.292883 0.336669 0.010962 0.010962 0.010962
vn 0.000000 -1.000000 0.000000
v 0.324709 0.292883 0.361032 0.010962 0.010962 0.010962
vn 0.000000 -1.000000 0.000000
f 3319//3319 3320//3320 3321//3321
v 0.324709 0.292883 0.361032 0.010962 0.010962 0.010962
vn 0.000000 -1.000000 0.000000
v 0.612991 0.292883 0.336669 0.010962 0.010962 0.010962
vn 0.000000 -1.000000 0.000000
v 0.612991 0.292883 0.874408 0.010962 0.010962 0.010962
vn 0.000000 -1.000000 0.000000
f 3322//3322 3323//3323 3324//3324
v 0.324709 0.292883 0.361032 0.010962 0.010962 0.010962
vn 0.000000 -1.000000 0.000000
v 0.612991 0.292883 0.874408 0.010962 0.010962 0.010962
vn 0.000000 -1.000000 0.000000
v 0.324709 0.292883 0.923132 0.010962 0.010962 0.010962
vn 0.000000 -1.000000 0.000000
f 3325//3325 3326//3326 3327//3327
v 0.000000 0.292883 -0.187873 0.010962 0.010962 0.010962
vn 0.000000 -1.000000 0.000000
v 0.324709 0.292883 -0.187873 0.010962 0.010962 0.010962
vn 0.000000 -1.000000 0.000000
v 0.324709 0.292883 0.361032 0.010962 0.010962 0.010962
vn 0.000000 -1.000000 0.000000
f 3328//3328 3329//3329 3330//3330
v 0.000000 0.292883 -0.187873 0.010962 0.010962 0.010962
vn 0.000000 -1.000000 0.000000
v 0.324709 0.292883 0.361032 0.010962 0.010962 0.010962
vn 0.000000 -1.000000 0.000000
v 0.000000 0.292883 0.364878 0.010962 0.010962 0.010962
vn 0.000000 -1.000000 0.000000
f 3331//3331 3332//3332 3333//3333
v 0.000000 0.292883 0.364878 0.010962 0.010962 0.010962
vn 0.000000 -1.000000 0.000000
v 0.324709 0.292883 0.361032 0.010962 0.010962 0.010962
vn 0.000000 -1.000000 0.000000
v 0.324709 0.292883 0.923132 0.010962 0.010962 0.010962
vn 0.000000 -1.000000 0.000000
f 3334//3334 3335//3335 3336//3336
v 0.000000 0.292883 0.364878 0.010962 0.010962 0.010962
vn 0.000000 -1.000000 0.000000
v 0.324709 0.292883 0.923132 0.010962 0.010962 0.010962
vn 0.000000 -1.000000 0.000000
v 0.000000 0.292883 0.930825 0.010962 0.010962 0.010962
vn 0.000000 -1.000000 0.000000
f 3337//3337 3338//3338 3339//3339
v 0.612991 0.292883 -0.187873 0.010962 0.010962 0.010962
vn 0.000000 -1.000000 0.000000
v 0.901274 0.292883 -0.187873 0.010962 0.010962 0.010962
vn 0.000000 -1.000000 0.000000
v 0.901274 0.292883 0.202871 0.010962 0.010962 0.010962
vn 0.000000 -1.000000 0.000000
f 3340//3340 3341//3341 3342//3342
v 0.612991 0.292883 -0.187873 0.010962 0.010962 0.010962
vn 0.000000 -1.000000 0.000000
v 0.901274 0.292883 0.202871 0.010962 0.010962 0.010962
vn 0.000000 -1.000000 0.000000
v 0.612991 0.292883 0.336669 0.010962 0.010962 0.010962
vn 0.000000 -1.000000 0.000000
f 3343//3343 3344//3344 3345//3345
v 0.612991 0.292883 0.336669 0.010962 0.010962 0.010962
vn 0.000000 -1.000000 0.000000
v 0.901274 0.292883 0.202871 0.010962 0.010962 0.010962
vn 0.000000 -1.000000 0.000000
v 0.893457 0.292883 0.903019 0.010962 0.010962 0.010962
vn 0.000000 -1.000000 0.000000
f 3346//3346 3347//3347 3348//3348
v 0.612991 0.292883 0.336669 0.010962 0.010962 0.010962
vn 0.000000 -1.000000 0.000000
v 0.893457 0.292883 0.903019 0.010962 0.010962 0.010962
vn 0.000000 -1.000000 0.000000
v 0.612991 0.292883 0.874408 0.010962 0.010962 0.010962
vn 0.000000 -1.000000 0.000000
f 3349//3349 3350//3350 3351//3351
v 0.612991 0.292883 0.874408 0.010962 0.010962 0.010962
vn -0.006553 -0.997913 0.064234
v 0.893457 0.292883 0.903019 0.010962 0.010962 0.010962
vn -0.006553 -0.997913 0.064234
v 0.901274 0.299741 1.010352 0.010962 0.010962 0.010962
vn -0.006553 -0.997913 0.064234
f 3352//3352 3353//3353 3354//3354
v 0.612991 0.292883 0.874408 0.010962 0.010962 0.010962
vn 0.000000 -0.998730 0.050379
v 0.901274 0.299741 1.010352 0.010962 0.010962 0.010962
vn 0.000000 -0.998730 0.050379
v 0.612991 0.299741 1.010352 0.010962 0.010962 0.010962
vn 0.000000 -0.998730 0.050379
f 3355//3355 3356//3356 3357//3357
v 0.000000 0.292883 0.930825 0.010962 0.010962 0.010962
vn 0.001857 -0.996922 0.078381
v 0.324709 0.292883 0.923132 0.010962 0.010962 0.010962
vn 0.001857 -0.996922 0.078381
v 0.324709 0.299741 1.010352 0.010962 0.010962 0.010962
vn 0.001857 -0.996922 0.078381
f 3358//3358 3359//3359 3360//3360
v 0.000000 0.292883 0.930825 0.010962 0.010962 0.010962
vn 0.000000 -0.996303 0.085910
v 0.324709 0.299741 1.010352 0.010962 0.010962 0.010962
vn 0.000000 -0.996303 0.085910
v 0.000000 0.299741 1.010352 0.010962 0.010962 0.010962
vn 0.000000 -0.996303 0.085910
f 3361//3361 3362//3362 3363//3363
v 0.324709 0.292883 0.923132 0.010962 0.010962 0.010962
vn 0.008515 -0.998694 0.050378
v 0.612991 0.292883 0.874408 0.010962 0.010962 0.010962
vn 0.008515 -0.998694 0.050378
v 0.612991 0.299741 1.010352 0.010962 0.010962 0.010962
vn 0.008515 -0.998694 0.050378
f 3364//3364 3365//3365 3366//3366
v 0.324709 0.292883 0.923132 0.010962 0.010962 0.010962
vn 0.000000 -0.996923 0.078381
v 0.612991 0.299741 1.010352 0.010962 0.010962 0.010962
vn 0.000000 -0.996923 0.078381
v 0.324709 0.299741 1.010352 0.010962 0.010962 0.010962
vn 0.000000 -0.996923 0.078381
f 3367//3367 3368//3368 3369//3369
v 0.636684 0.296947 -0.921866 0.010962 0.010962 0.010962
vn 0.000000 -0.998548 -0.053872
v 0.612991 0.292883 -0.846536 0.010962 0.010962 0.010962
vn 0.000000 -0.998548 -0.053872
v 0.324709 0.292883 -0.846536 0.010962 0.010962 0.010962
vn 0.000000 -0.998548 -0.053872
f 3370//3370 3371//3371 3372//3372
v 0.636684 0.296947 -0.921866 0.010962 0.010962 0.010962
vn 0.000000 -0.998548 -0.053872
v 0.324709 0.292883 -0.846536 0.010962 0.010962 0.010962
vn 0.000000 -0.998548 -0.053872
v 0.348401 0.296947 -0.921866 0.010962 0.010962 0.010962
vn 0.000000 -0.998548 -0.053872
f 3373//3373 3374//3374 3375//3375
v 0.898704 0.296947 -0.921866 0.010962 0.010962 0.010962
vn 0.000000 -0.998548 -0.053872
v 0.901274 0.292883 -0.846536 0.010962 0.010962 0.010962
vn 0.000000 -0.998548 -0.053872
v 0.612991 0.292883 -0.846536 0.010962 0.010962 0.010962
vn 0.000000 -0.998548 -0.053872
f 3376//3376 3377//3377 3378//3378
v 0.898704 0.296947 -0.921866 0.010962 0.010962 0.010962
vn 0.000000 -0.998548 -0.053872
v 0.612991 0.292883 -0.846536 0.010962 0.010962 0.010962
vn 0.000000 -0.998548 -0.053872
v 0.636684 0.296947 -0.921866 0.010962 0.010962 0.010962
vn 0.000000 -0.998548 -0.053872
f 3379//3379 3380//3380 3381//3381
v 0.348401 0.296947 -0.921866 0.010962 0.010962 0.010962
vn 0.000000 -0.998548 -0.053872
v 0.324709 0.292883 -0.846536 0.010962 0.010962 0.010962
vn 0.000000 -0.998548 -0.053872
v 0.000000 0.292883 -0.846536 0.010962 0.010962 0.010962
vn 0.000000 -0.998548 -0.053872
f 3382//3382 3383//3383 3384//3384
v 0.348401 0.296947 -0.921866 0.010962 0.010962 0.010962
vn 0.000000 -0.998548 -0.053872
v 0.000000 0.292883 -0.846536 0.010962 0.010962 0.010962
vn 0.000000 -0.998548 -0.053872
v 0.000000 0.296947 -0.921866 0.010962 0.010962 0.010962
vn 0.000000 -0.998548 -0.053872
f 3385//3385 3386//3386 3387//3387
v 0.559527 0.424492 -2.029820 0.010962 0.010962 0.010962
vn -0.000547 -0.999753 -0.022215
v 0.588825 0.419295 -1.796689 0.010962 0.010962 0.010962
vn -0.000547 -0.999753 -0.022215
v 0.348401 0.424492 -2.024623 0.010962 0.010962 0.010962
vn -0.000547 -0.999753 -0.022215
f 3388//3388 3389//3389 3390//3390
v 0.348401 0.424492 -2.024623 0.010962 0.010962 0.010962
vn 0.002390 -0.998921 -0.046387
v 0.348401 0.411803 -1.751381 0.010962 0.010962 0.010962
vn 0.002390 -0.998921 -0.046387
v 0.000000 0.411803 -1.769332 0.010962 0.010962 0.010962
vn 0.002390 -0.998921 -0.046387
f 3391//3391 3392//3392 3393//3393
v 0.348401 0.424492 -2.024623 0.010962 0.010962 0.010962
vn 0.003471 -0.998985 -0.044915
v 0.000000 0.411803 -1.769332 0.010962 0.010962 0.010962
vn 0.003471 -0.998985 -0.044915
v 0.000000 0.424492 -2.051550 0.010962 0.010962 0.010962
vn 0.003471 -0.998985 -0.044915
f 3394//3394 3395//3395 3396//3396
v 0.712331 0.293984 2.162717 0.010962 0.010962 0.010962
vn 0.004777 -0.999889 -0.014135
v 0.767973 0.296312 2.016842 0.010962 0.010962 0.010962
vn 0.004777 -0.999889 -0.014135
v 0.797548 0.296007 2.048431 0.010962 0.010962 0.010962
vn 0.004777 -0.999889 -0.014135
f 3397//3397 3398//3398 3399//3399
v 0.712331 0.293984 2.162717 0.010962 0.010962 0.010962
vn 0.004799 -0.999889 -0.014119
v 0.797548 0.296007 2.048431 0.010962 0.010962 0.010962
vn 0.004799 -0.999889 -0.014119
v 0.741906 0.293680 2.194305 0.010962 0.010962 0.010962
vn 0.004799 -0.999889 -0.014119
f 3400//3400 3401//3401 3402//3402
v 0.607494 0.299741 1.925525 0.010962 0.010962 0.010962
vn 0.000000 -0.999296 -0.037515
v 0.833575 0.299741 1.925525 0.010962 0.010962 0.010962
vn 0.000000 -0.999296 -0.037515
v 0.767973 0.296312 2.016842 0.010962 0.010962 0.010962
vn 0.000000 -0.999296 -0.037515
f 3403//3403 3404//3404 3405//3405
v 0.607494 0.299741 1.925525 0.010962 0.010962 0.010962
vn -0.010088 -0.999753 -0.019803
v 0.767973 0.296312 2.016842 0.010962 0.010962 0.010962
vn -0.010088 -0.999753 -0.019803
v 0.712331 0.293984 2.162717 0.010962 0.010962 0.010962
vn -0.010088 -0.999753 -0.019803
f 3406//3406 3407//3407 3408//3408
v 0.000000 0.299741 1.925525 0.010962 0.010962 0.010962
vn 0.000000 -0.999845 -0.017597
v 0.383304 0.299741 1.925525 0.010962 0.010962 0.010962
vn 0.000000 -0.999845 -0.017597
v 0.421349 0.292883 2.315170 0.010962 0.010962 0.010962
vn 0.000000 -0.999845 -0.017597
f 3409//3409 3410//3410 3411//3411
v 0.000000 0.299741 1.925525 0.010962 0.010962 0.010962
vn -0.000535 -0.999855 -0.017019
v 0.421349 0.292883 2.315170 0.010962 0.010962 0.010962
vn -0.000535 -0.999855 -0.017019
v 0.000000 0.292883 2.328411 0.010962 0.010962 0.010962
vn -0.000535 -0.999855 -0.017019
f 3412//3412 3413//3413 3414//3414
v 0.836028 0.374412 1.917250 0.010962 0.010962 0.010962
vn -0.011916 0.999713 0.020781
v 0.769200 0.371631 2.012706 0.010962 0.010962 0.010962
vn -0.011916 0.999713 0.020781
v 0.798775 0.371327 2.044294 0.010962 0.010962 0.010962
vn -0.011916 0.999713 0.020781
f 3415//3415 3416//3416 3417//3417
v 0.836028 0.374412 1.917250 0.010962 0.010962 0.010962
vn -0.011916 0.999713 0.020781
v 0.798775 0.371327 2.044294 0.010962 0.010962 0.010962
vn -0.011916 0.999713 0.020781
v 0.865603 0.374108 1.948839 0.010962 0.010962 0.010962
vn -0.011916 0.999713 0.020781
f 3418//3418 3419//3419 3420//3420
v 0.607494 0.299741 1.925525 0.010962 0.010962 0.010962
vn 0.000000 -1.000000 0.000000
v 0.606066 0.299741 1.851669 0.010962 0.010962 0.010962
vn 0.000000 -1.000000 0.000000
v 0.840660 0.299741 1.851669 0.010962 0.010962 0.010962
vn 0.000000 -1.000000 0.000000
f 3421//3421 3422//3422 3423//3423
v 0.607494 0.299741 1.925525 0.010962 0.010962 0.010962
vn 0.000000 -1.000000 0.000000
v 0.840660 0.299741 1.851669 0.010962 0.010962 0.010962
vn 0.000000 -1.000000 0.000000
v 0.833575 0.299741 1.925525 0.010962 0.010962 0.010962
vn 0.000000 -1.000000 0.000000
f 3424//3424 3425//3425 3426//3426
v 0.901274 0.299741 1.010352 0.010962 0.010962 0.010962
vn 0.000000 -1.000000 0.000000
v 0.897524 0.299741 1.084208 0.010962 0.010962 0.010962
vn 0.000000 -1.000000 0.000000
v 0.662930 0.299741 1.084208 0.010962 0.010962 0.010962
vn 0.000000 -1.000000 0.000000
f 3427//3427 3428//3428 3429//3429
v 0.901274 0.299741 1.010352 0.010962 0.010962 0.010962
vn 0.000000 -1.000000 0.000000
v 0.662930 0.299741 1.084208 0.010962 0.010962 0.010962
vn 0.000000 -1.000000 0.000000
v 0.612991 0.299741 1.010352 0.010962 0.010962 0.010962
vn 0.000000 -1.000000 0.000000
f 3430//3430 3431//3431 3432//3432
v 0.612991 0.299741 1.010352 0.010962 0.010962 0.010962
vn 0.000000 -1.000000 0.000000
v 0.662930 0.299741 1.084208 0.010962 0.010962 0.010962
vn 0.000000 -1.000000 0.000000
v 0.324709 0.299741 1.010352 0.010962 0.010962 0.010962
vn 0.000000 -1.000000 0.000000
f 3433//3433 3434//3434 3435//3435
v 0.383304 0.299741 1.925525 0.010962 0.010962 0.010962
vn 0.000000 -1.000000 0.000000
v 0.606066 0.299741 1.851669 0.010962 0.010962 0.010962
vn 0.000000 -1.000000 0.000000
v 0.607494 0.299741 1.925525 0.010962 0.010962 0.010962
vn 0.000000 -1.000000 0.000000
f 3436//3436 3437//3437 3438//3438
v 0.324709 0.471755 -2.301256 0.010962 0.010962 0.010962
vn 0.013099 -0.985445 -0.169487
v 0.348401 0.424492 -2.024623 0.010962 0.010962 0.010962
vn 0.013099 -0.985445 -0.169487
v 0.000000 0.424492 -2.051550 0.010962 0.010962 0.010962
vn 0.013099 -0.985445 -0.169487
f 3439//3439 3440//3440 3441//3441
v 0.324709 0.471755 -2.301256 0.010962 0.010962 0.010962
vn 0.018049 -0.986422 -0.163235
v 0.000000 0.424492 -2.051550 0.010962 0.010962 0.010962
vn 0.018049 -0.986422 -0.163235
v 0.000000 0.471755 -2.337159 0.010962 0.010962 0.010962
vn 0.018049 -0.986422 -0.163235
f 3442//3442 3443//3443 3444//3444
v 0.747448 0.449800 -1.974103 0.010962 0.010962 0.010962
vn 0.204630 -0.943195 -0.261745
v 0.559527 0.424492 -2.029820 0.010962 0.010962 0.010962
vn 0.204630 -0.943195 -0.261745
v 0.541706 0.471755 -2.214064 0.010962 0.010962 0.010962
vn 0.204630 -0.943195 -0.261745
f 3445//3445 3446//3446 3447//3447
v 0.541706 0.471755 -2.214064 0.010962 0.010962 0.010962
vn -0.006103 -0.968761 -0.247921
v 0.559527 0.424492 -2.029820 0.010962 0.010962 0.010962
vn -0.006103 -0.968761 -0.247921
v 0.348401 0.424492 -2.024623 0.010962 0.010962 0.010962
vn -0.006103 -0.968761 -0.247921
f 3448//3448 3449//3449 3450//3450
v 0.541706 0.471755 -2.214064 0.010962 0.010962 0.010962
vn 0.069838 -0.982300 -0.173809
v 0.348401 0.424492 -2.024623 0.010962 0.010962 0.010962
vn 0.069838 -0.982300 -0.173809
v 0.324709 0.471755 -2.301256 0.010962 0.010962 0.010962
vn 0.069838 -0.982300 -0.173809
f 3451//3451 3452//3452 3453//3453
v 0.747448 0.449800 -1.974103 0.010962 0.010962 0.010962
vn -0.049540 -0.997579 -0.048796
v 0.541706 0.471755 -2.214064 0.010962 0.010962 0.010962
vn -0.049540 -0.997579 -0.048796
v 0.557338 0.472096 -2.236906 0.010962 0.010962 0.010962
vn -0.049540 -0.997579 -0.048796
f 3454//3454 3455//3455 3456//3456
v 0.747448 0.449800 -1.974103 0.010962 0.010962 0.010962
vn -0.049540 -0.997579 -0.048796
v 0.557338 0.472096 -2.236906 0.010962 0.010962 0.010962
vn -0.049540 -0.997579 -0.048796
v 0.763080 0.450141 -1.996944 0.010962 0.010962 0.010962
vn -0.049540 -0.997579 -0.048796
f 3457//3457 3458//3458 3459//3459
v 0.559527 0.424492 -2.029820 0.010962 0.010962 0.010962
vn 0.232207 -0.897200 -0.375649
v 0.747448 0.449800 -1.974103 0.010962 0.010962 0.010962
vn 0.232207 -0.897200 -0.375649
v 0.818039 0.416806 -1.851665 0.010962 0.010962 0.010962
vn 0.232207 -0.897200 -0.375649
f 3460//3460 3461//3461 3462//3462
v 0.894190 0.385104 -0.979616 0.010962 0.010962 0.010962
vn 0.021174 0.056388 -0.998184
v 0.894190 0.319958 -0.983296 0.010962 0.010962 0.010962
vn 0.021174 0.056388 -0.998184
v 0.633558 0.320325 -0.988804 0.010962 0.010962 0.010962
vn 0.021174 0.056388 -0.998184
f 3463//3463 3464//3464 3465//3465
v 0.894190 0.385104 -0.979616 0.010962 0.010962 0.010962
vn 0.022095 0.052706 -0.998366
v 0.633558 0.320325 -0.988804 0.010962 0.010962 0.010962
vn 0.022095 0.052706 -0.998366
v 0.634479 0.376862 -0.985799 0.010962 0.010962 0.010962
vn 0.022095 0.052706 -0.998366
f 3466//3466 3467//3467 3468//3468
v 0.636684 0.296947 -0.921866 0.010962 0.010962 0.010962
vn 0.005646 -0.943984 -0.329943
v 0.633558 0.320325 -0.988804 0.010962 0.010962 0.010962
vn 0.005646 -0.943984 -0.329943
v 0.894190 0.319958 -0.983296 0.010962 0.010962 0.010962
vn 0.005646 -0.943984 -0.329943
f 3469//3469 3470//3470 3471//3471
v 0.636684 0.296947 -0.921866 0.010962 0.010962 0.010962
vn 0.000000 -0.936454 -0.350789
v 0.894190 0.319958 -0.983296 0.010962 0.010962 0.010962
vn 0.000000 -0.936454 -0.350789
v 0.898704 0.296947 -0.921866 0.010962 0.010962 0.010962
vn 0.000000 -0.936454 -0.350789
f 3472//3472 3473//3473 3474//3474
v 0.822553 0.410284 -1.797209 0.010962 0.010962 0.010962
vn -0.038560 -0.999104 -0.017424
v 0.588825 0.419295 -1.796689 0.010962 0.010962 0.010962
vn -0.038560 -0.999104 -0.017424
v 0.559527 0.424492 -2.029820 0.010962 0.010962 0.010962
vn -0.038560 -0.999104 -0.017424
f 3475//3475 3476//3476 3477//3477
v 0.822553 0.410284 -1.797209 0.010962 0.010962 0.010962
vn 0.055497 -0.990820 -0.123274
v 0.559527 0.424492 -2.029820 0.010962 0.010962 0.010962
vn 0.055497 -0.990820 -0.123274
v 0.818039 0.416806 -1.851665 0.010962 0.010962 0.010962
vn 0.055497 -0.990820 -0.123274
f 3478//3478 3479//3479 3480//3480
v 0.348401 0.296947 -0.921866 0.010962 0.010962 0.010962
vn 0.000000 -0.944081 -0.329713
v 0.633558 0.320325 -0.988804 0.010962 0.010962 0.010962
vn 0.000000 -0.944081 -0.329713
v 0.636684 0.296947 -0.921866 0.010962 0.010962 0.010962
vn 0.000000 -0.944081 -0.329713
f 3481//3481 3482//3482 3483//3483
v 0.348401 0.424492 -2.024623 0.010962 0.010962 0.010962
vn 0.063504 -0.993947 -0.089644
v 0.588825 0.419295 -1.796689 0.010962 0.010962 0.010962
vn 0.063504 -0.993947 -0.089644
v 0.597057 0.411803 -1.707786 0.010962 0.010962 0.010962
vn 0.063504 -0.993947 -0.089644
f 3484//3484 3485//3485 3486//3486
v 0.348401 0.424492 -2.024623 0.010962 0.010962 0.010962
vn 0.008133 -0.998890 -0.046386
v 0.597057 0.411803 -1.707786 0.010962 0.010962 0.010962
vn 0.008133 -0.998890 -0.046386
v 0.348401 0.411803 -1.751381 0.010962 0.010962 0.010962
vn 0.008133 -0.998890 -0.046386
f 3487//3487 3488//3488 3489//3489
v 0.767973 0.296312 2.016842 0.010962 0.010962 0.010962
vn 0.016840 -0.999535 -0.025426
v 0.833575 0.299741 1.925525 0.010962 0.010962 0.010962
vn 0.016840 -0.999535 -0.025426
v 0.863150 0.299435 1.957113 0.010962 0.010962 0.010962
vn 0.016840 -0.999535 -0.025426
f 3490//3490 3491//3491 3492//3492
v 0.767973 0.296312 2.016842 0.010962 0.010962 0.010962
vn 0.016840 -0.999535 -0.025426
v 0.863150 0.299435 1.957113 0.010962 0.010962 0.010962
vn 0.016840 -0.999535 -0.025426
v 0.797548 0.296007 2.048431 0.010962 0.010962 0.010962
vn 0.016840 -0.999535 -0.025426
f 3493//3493 3494//3494 3495//3495
v 0.822553 0.410284 -1.797209 0.010962 0.010962 0.010962
vn 0.006880 -0.041732 0.999105
v 0.822553 0.458712 -1.795187 0.010962 0.010962 0.010962
vn 0.006880 -0.041732 0.999105
v 0.590577 0.457379 -1.793645 0.010962 0.010962 0.010962
vn 0.006880 -0.041732 0.999105
f 3496//3496 3497//3497 3498//3498
v 0.822553 0.410284 -1.797209 0.010962 0.010962 0.010962
vn -0.000852 -0.079647 0.996823
v 0.590577 0.457379 -1.793645 0.010962 0.010962 0.010962
vn -0.000852 -0.079647 0.996823
v 0.588825 0.419295 -1.796689 0.010962 0.010962 0.010962
vn -0.000852 -0.079647 0.996823
f 3499//3499 3500//3500 3501//3501
v 0.747448 0.489597 -1.974103 0.010962 0.010962 0.010962
vn 0.237245 0.969279 0.064904
v 0.818039 0.463987 -1.849675 0.010962 0.010962 0.010962
vn 0.237245 0.969279 0.064904
v 0.833671 0.461683 -1.872408 0.010962 0.010962 0.010962
vn 0.237245 0.969279 0.064904
f 3502//3502 3503//3503 3504//3504
v 0.747448 0.489597 -1.974103 0.010962 0.010962 0.010962
vn 0.165678 0.977846 0.127934
v 0.833671 0.461683 -1.872408 0.010962 0.010962 0.010962
vn 0.165678 0.977846 0.127934
v 0.763080 0.489937 -1.996944 0.010962 0.010962 0.010962
vn 0.165678 0.977846 0.127934
f 3505//3505 3506//3506 3507//3507
v 0.897524 0.299741 1.084208 0.010962 0.010962 0.010962
vn 0.000000 -0.146761 0.989172
v 0.897524 0.367435 1.094251 0.010962 0.010962 0.010962
vn 0.000000 -0.146761 0.989172
v 0.662930 0.367435 1.094251 0.010962 0.010962 0.010962
vn 0.000000 -0.146761 0.989172
f 3508//3508 3509//3509 3510//3510
v 0.897524 0.299741 1.084208 0.010962 0.010962 0.010962
vn 0.000000 -0.146761 0.989172
v 0.662930 0.367435 1.094251 0.010962 0.010962 0.010962
vn 0.000000 -0.146761 0.989172
v 0.662930 0.299741 1.084208 0.010962 0.010962 0.010962
vn 0.000000 -0.146761 0.989172
f 3511//3511 3512//3512 3513//3513
v 0.893457 0.292883 0.903019 0.010962 0.010962 0.010962
vn -0.010065 -0.999949 -0.000112
v 0.901274 0.292883 0.202871 0.010962 0.010962 0.010962
vn -0.010065 -0.999949 -0.000112
v 0.918916 0.292706 0.201340 0.010962 0.010962 0.010962
vn -0.010065 -0.999949 -0.000112
f 3514//3514 3515//3515 3516//3516
v 0.893457 0.292883 0.903019 0.010962 0.010962 0.010962
vn -0.010065 -0.999949 -0.000112
v 0.918916 0.292706 0.201340 0.010962 0.010962 0.010962
vn -0.010065 -0.999949 -0.000112
v 0.911099 0.292706 0.901488 0.010962 0.010962 0.010962
vn -0.010065 -0.999949 -0.000112
f 3517//3517 3518//3518 3519//3519
v 0.916346 0.365802 -0.921120 0.010962 0.010962 0.010962
vn 0.999679 0.014066 -0.021092
v 0.918916 0.368672 -0.797404 0.010962 0.010962 0.010962
vn 0.999679 0.014066 -0.021092
v 0.918916 0.292706 -0.848067 0.010962 0.010962 0.010962
vn 0.999679 0.014066 -0.021092
f 3520//3520 3521//3521 3522//3522
v 0.916346 0.365802 -0.921120 0.010962 0.010962 0.010962
vn 0.999420 0.001129 -0.034027
v 0.918916 0.292706 -0.848067 0.010962 0.010962 0.010962
vn 0.999420 0.001129 -0.034027
v 0.916346 0.297059 -0.923402 0.010962 0.010962 0.010962
vn 0.999420 0.001129 -0.034027
f 3523//3523 3524//3524 3525//3525
v 0.840660 0.299741 1.851669 0.010962 0.010962 0.010962
vn 0.726464 -0.092030 -0.681014
v 0.842721 0.367435 1.844719 0.010962 0.010962 0.010962
vn 0.726464 -0.092030 -0.681014
v 0.872296 0.367131 1.876309 0.010962 0.010962 0.010962
vn 0.726464 -0.092030 -0.681014
f 3526//3526 3527//3527 3528//3528
v 0.840660 0.299741 1.851669 0.010962 0.010962 0.010962
vn 0.726451 -0.092019 -0.681029
v 0.872296 0.367131 1.876309 0.010962 0.010962 0.010962
vn 0.726451 -0.092019 -0.681029
v 0.870235 0.299435 1.883258 0.010962 0.010962 0.010962
vn 0.726451 -0.092019 -0.681029
f 3529//3529 3530//3530 3531//3531
v 0.442400 0.368850 2.315170 0.010962 0.010962 0.010962
vn 0.000288 0.999954 0.009627
v 0.000000 0.368850 2.328411 0.010962 0.010962 0.010962
vn 0.000288 0.999954 0.009627
v 0.000000 0.368546 2.360000 0.010962 0.010962 0.010962
vn 0.000288 0.999954 0.009627
f 3532//3532 3533//3533 3534//3534
v 0.442400 0.368850 2.315170 0.010962 0.010962 0.010962
vn 0.000293 0.999953 0.009678
v 0.000000 0.368546 2.360000 0.010962 0.010962 0.010962
vn 0.000293 0.999953 0.009678
v 0.436908 0.368546 2.346758 0.010962 0.010962 0.010962
vn 0.000293 0.999953 0.009678
f 3535//3535 3536//3536 3537//3537
v 0.918916 0.368672 0.215680 0.010962 0.010962 0.010962
vn 0.999934 -0.003347 0.011026
v 0.911099 0.367446 0.924174 0.010962 0.010962 0.010962
vn 0.999934 -0.003347 0.011026
v 0.911099 0.292706 0.901488 0.010962 0.010962 0.010962
vn 0.999934 -0.003347 0.011026
f 3538//3538 3539//3539 3540//3540
v 0.918916 0.368672 0.215680 0.010962 0.010962 0.010962
vn 0.999935 -0.002107 0.011163
v 0.911099 0.292706 0.901488 0.010962 0.010962 0.010962
vn 0.999935 -0.002107 0.011163
v 0.918916 0.292706 0.201340 0.010962 0.010962 0.010962
vn 0.999935 -0.002107 0.011163
f 3541//3541 3542//3542 3543//3543
v 0.918916 0.368672 -0.177204 0.010962 0.010962 0.010962
vn 1.000000 0.000000 0.000000
v 0.918916 0.368672 0.215680 0.010962 0.010962 0.010962
vn 1.000000 0.000000 0.000000
v 0.918916 0.292706 0.201340 0.010962 0.010962 0.010962
vn 1.000000 0.000000 0.000000
f 3544//3544 3545//3545 3546//3546
v 0.918916 0.368672 -0.177204 0.010962 0.010962 0.010962
vn 1.000000 0.000000 0.000000
v 0.918916 0.292706 0.201340 0.010962 0.010962 0.010962
vn 1.000000 0.000000 0.000000
v 0.918916 0.292706 -0.189405 0.010962 0.010962 0.010962
vn 1.000000 0.000000 0.000000
f 3547//3547 3548//3548 3549//3549
v 0.911099 0.367446 0.924174 0.010962 0.010962 0.010962
vn 0.996599 0.013031 -0.081372
v 0.918916 0.374233 1.020992 0.010962 0.010962 0.010962
vn 0.996599 0.013031 -0.081372
v 0.918916 0.299562 1.009035 0.010962 0.010962 0.010962
vn 0.996599 0.013031 -0.081372
f 3550//3550 3551//3551 3552//3552
v 0.911099 0.367446 0.924174 0.010962 0.010962 0.010962
vn 0.997014 0.022428 -0.073893
v 0.918916 0.299562 1.009035 0.010962 0.010962 0.010962
vn 0.997014 0.022428 -0.073893
v 0.911099 0.292706 0.901488 0.010962 0.010962 0.010962
vn 0.997014 0.022428 -0.073893
f 3553//3553 3554//3554 3555//3555
v 0.916346 0.365802 -0.921120 0.010962 0.010962 0.010962
vn 0.997374 0.002403 -0.072389
v 0.916346 0.297059 -0.923402 0.010962 0.010962 0.010962
vn 0.997374 0.002403 -0.072389
v 0.911832 0.320070 -0.984833 0.010962 0.010962 0.010962
vn 0.997374 0.002403 -0.072389
f 3556//3556 3557//3557 3558//3558
v 0.916346 0.365802 -0.921120 0.010962 0.010962 0.010962
vn 0.997276 0.004162 -0.073645
v 0.911832 0.320070 -0.984833 0.010962 0.010962 0.010962
vn 0.997276 0.004162 -0.073645
v 0.911832 0.385216 -0.981152 0.010962 0.010962 0.010962
vn 0.997276 0.004162 -0.073645
f 3559//3559 3560//3560 3561//3561
v 0.918916 0.299562 1.009035 0.010962 0.010962 0.010962
vn 0.998652 -0.008208 0.051256
v 0.918916 0.374233 1.020992 0.010962 0.010962 0.010962
vn 0.998652 -0.008208 0.051256
v 0.915166 0.367256 1.092934 0.010962 0.010962 0.010962
vn 0.998652 -0.008208 0.051256
f 3562//3562 3563//3563 3564//3564
v 0.918916 0.299562 1.009035 0.010962 0.010962 0.010962
vn 0.998685 -0.007523 0.050704
v 0.915166 0.367256 1.092934 0.010962 0.010962 0.010962
vn 0.998685 -0.007523 0.050704
v 0.915166 0.299562 1.082890 0.010962 0.010962 0.010962
vn 0.998685 -0.007523 0.050704
f 3565//3565 3566//3566 3567//3567
v 0.894190 0.319958 -0.983296 0.010962 0.010962 0.010962
vn -0.086965 0.056187 -0.994626
v 0.894190 0.385104 -0.979616 0.010962 0.010962 0.010962
vn -0.086965 0.056187 -0.994626
v 0.911832 0.385216 -0.981152 0.010962 0.010962 0.010962
vn -0.086965 0.056187 -0.994626
f 3568//3568 3569//3569 3570//3570
v 0.894190 0.319958 -0.983296 0.010962 0.010962 0.010962
vn -0.087028 0.056204 -0.994619
v 0.911832 0.385216 -0.981152 0.010962 0.010962 0.010962
vn -0.087028 0.056204 -0.994619
v 0.911832 0.320070 -0.984833 0.010962 0.010962 0.010962
vn -0.087028 0.056204 -0.994619
f 3571//3571 3572//3572 3573//3573
v 0.901274 0.368850 -0.175673 0.010962 0.010962 0.010962
vn 0.010120 0.999949 0.000000
v 0.901274 0.368850 0.217211 0.010962 0.010962 0.010962
vn 0.010120 0.999949 0.000000
v 0.918916 0.368672 0.215680 0.010962 0.010962 0.010962
vn 0.010120 0.999949 0.000000
f 3574//3574 3575//3575 3576//3576
v 0.901274 0.368850 -0.175673 0.010962 0.010962 0.010962
vn 0.006104 0.999981 0.000181
v 0.918916 0.368672 0.215680 0.010962 0.010962 0.010962
vn 0.006104 0.999981 0.000181
v 0.915639 0.368763 -0.176429 0.010962 0.010962 0.010962
vn 0.006104 0.999981 0.000181
f 3577//3577 3578//3578 3579//3579
v 0.901274 0.368850 0.217211 0.010962 0.010962 0.010962
vn 0.010215 0.999946 0.001844
v 0.893457 0.367624 0.925704 0.010962 0.010962 0.010962
vn 0.010215 0.999946 0.001844
v 0.911099 0.367446 0.924174 0.010962 0.010962 0.010962
vn 0.010215 0.999946 0.001844
f 3580//3580 3581//3581 3582//3582
v 0.901274 0.368850 0.217211 0.010962 0.010962 0.010962
vn 0.010280 0.999945 0.001843
v 0.911099 0.367446 0.924174 0.010962 0.010962 0.010962
vn 0.010280 0.999945 0.001843
v 0.918916 0.368672 0.215680 0.010962 0.010962 0.010962
vn 0.010280 0.999945 0.001843
f 3583//3583 3584//3584 3585//3585
v 0.898704 0.296947 -0.921866 0.010962 0.010962 0.010962
vn -0.024488 -0.936763 -0.349105
v 0.894190 0.319958 -0.983296 0.010962 0.010962 0.010962
vn -0.024488 -0.936763 -0.349105
v 0.911832 0.320070 -0.984833 0.010962 0.010962 0.010962
vn -0.024488 -0.936763 -0.349105
f 3586//3586 3587//3587 3588//3588
v 0.898704 0.296947 -0.921866 0.010962 0.010962 0.010962
vn -0.024465 -0.936766 -0.349101
v 0.911832 0.320070 -0.984833 0.010962 0.010962 0.010962
vn -0.024465 -0.936766 -0.349101
v 0.916346 0.297059 -0.923402 0.010962 0.010962 0.010962
vn -0.024465 -0.936766 -0.349101
f 3589//3589 3590//3590 3591//3591
v 0.897524 0.367435 1.094251 0.010962 0.010962 0.010962
vn 0.072200 -0.146378 0.986590
v 0.897524 0.299741 1.084208 0.010962 0.010962 0.010962
vn 0.072200 -0.146378 0.986590
v 0.915166 0.299562 1.082890 0.010962 0.010962 0.010962
vn 0.072200 -0.146378 0.986590
f 3592//3592 3593//3593 3594//3594
v 0.897524 0.367435 1.094251 0.010962 0.010962 0.010962
vn 0.072200 -0.146378 0.986590
v 0.915166 0.299562 1.082890 0.010962 0.010962 0.010962
vn 0.072200 -0.146378 0.986590
v 0.915166 0.367256 1.092934 0.010962 0.010962 0.010962
vn 0.072200 -0.146378 0.986590
f 3595//3595 3596//3596 3597//3597
v 0.901274 0.299741 1.010352 0.010962 0.010962 0.010962
vn -0.004475 -0.997934 0.064084
v 0.893457 0.292883 0.903019 0.010962 0.010962 0.010962
vn -0.004475 -0.997934 0.064084
v 0.911099 0.292706 0.901488 0.010962 0.010962 0.010962
vn -0.004475 -0.997934 0.064084
f 3598//3598 3599//3599 3600//3600
v 0.901274 0.299741 1.010352 0.010962 0.010962 0.010962
vn -0.005320 -0.997935 0.064008
v 0.911099 0.292706 0.901488 0.010962 0.010962 0.010962
vn -0.005320 -0.997935 0.064008
v 0.918916 0.299562 1.009035 0.010962 0.010962 0.010962
vn -0.005320 -0.997935 0.064008
f 3601//3601 3602//3602 3603//3603
v 0.901274 0.292883 0.202871 0.010962 0.010962 0.010962
vn -0.010055 -0.999949 0.000000
v 0.901274 0.292883 -0.187873 0.010962 0.010962 0.010962
vn -0.010055 -0.999949 0.000000
v 0.918916 0.292706 -0.189405 0.010962 0.010962 0.010962
vn -0.010055 -0.999949 0.000000
f 3604//3604 3605//3605 3606//3606
v 0.901274 0.292883 0.202871 0.010962 0.010962 0.010962
vn -0.010055 -0.999949 0.000000
v 0.918916 0.292706 -0.189405 0.010962 0.010962 0.010962
vn -0.010055 -0.999949 0.000000
v 0.918916 0.292706 0.201340 0.010962 0.010962 0.010962
vn -0.010055 -0.999949 0.000000
f 3607//3607 3608//3608 3609//3609
v 0.901274 0.374412 1.022310 0.010962 0.010962 0.010962
vn 0.017346 0.995093 0.097415
v 0.897524 0.367435 1.094251 0.010962 0.010962 0.010962
vn 0.017346 0.995093 0.097415
v 0.915166 0.367256 1.092934 0.010962 0.010962 0.010962
vn 0.017346 0.995093 0.097415
f 3610//3610 3611//3611 3612//3612
v 0.901274 0.374412 1.022310 0.010962 0.010962 0.010962
vn 0.017346 0.995093 0.097415
v 0.915166 0.367256 1.092934 0.010962 0.010962 0.010962
vn 0.017346 0.995093 0.097415
v 0.918916 0.374233 1.020992 0.010962 0.010962 0.010962
vn 0.017346 0.995093 0.097415
f 3613//3613 3614//3614 3615//3615
v 0.897524 0.299741 1.084208 0.010962 0.010962 0.010962
vn -0.010159 -0.999948 -0.000516
v 0.901274 0.299741 1.010352 0.010962 0.010962 0.010962
vn -0.010159 -0.999948 -0.000516
v 0.918916 0.299562 1.009035 0.010962 0.010962 0.010962
vn -0.010159 -0.999948 -0.000516
f 3616//3616 3617//3617 3618//3618
v 0.897524 0.299741 1.084208 0.010962 0.010962 0.010962
vn -0.010159 -0.999948 -0.000516
v 0.918916 0.299562 1.009035 0.010962 0.010962 0.010962
vn -0.010159 -0.999948 -0.000516
v 0.915166 0.299562 1.082890 0.010962 0.010962 0.010962
vn -0.010159 -0.999948 -0.000516
f 3619//3619 3620//3620 3621//3621
v 0.865603 0.374108 1.948839 0.010962 0.010962 0.010962
vn 0.995187 -0.022108 0.095468
v 0.863150 0.299435 1.957113 0.010962 0.010962 0.010962
vn 0.995187 -0.022108 0.095468
v 0.870235 0.299435 1.883258 0.010962 0.010962 0.010962
vn 0.995187 -0.022108 0.095468
f 3622//3622 3623//3623 3624//3624
v 0.865603 0.374108 1.948839 0.010962 0.010962 0.010962
vn 0.995373 -0.020666 0.093838
v 0.870235 0.299435 1.883258 0.010962 0.010962 0.010962
vn 0.995373 -0.020666 0.093838
v 0.872296 0.367131 1.876309 0.010962 0.010962 0.010962
vn 0.995373 -0.020666 0.093838
f 3625//3625 3626//3626 3627//3627
v 0.865603 0.374108 1.948839 0.010962 0.010962 0.010962
vn 0.818810 0.018175 0.573777
v 0.798775 0.371327 2.044294 0.010962 0.010962 0.010962
vn 0.818810 0.018175 0.573777
v 0.797548 0.296007 2.048431 0.010962 0.010962 0.010962
vn 0.818810 0.018175 0.573777
f 3628//3628 3629//3629 3630//3630
v 0.865603 0.374108 1.948839 0.010962 0.010962 0.010962
vn 0.810884 0.038074 0.583967
v 0.797548 0.296007 2.048431 0.010962 0.010962 0.010962
vn 0.810884 0.038074 0.583967
v 0.863150 0.299435 1.957113 0.010962 0.010962 0.010962
vn 0.810884 0.038074 0.583967
f 3631//3631 3632//3632 3633//3633
v 0.798775 0.371327 2.044294 0.010962 0.010962 0.010962
vn 0.934829 0.001360 0.355095
v 0.741814 0.369423 2.194256 0.010962 0.010962 0.010962
vn 0.934829 0.001360 0.355095
v 0.741906 0.293680 2.194305 0.010962 0.010962 0.010962
vn 0.934829 0.001360 0.355095
f 3634//3634 3635//3635 3636//3636
v 0.798775 0.371327 2.044294 0.010962 0.010962 0.010962
vn 0.934305 0.004358 0.356448
v 0.741906 0.293680 2.194305 0.010962 0.010962 0.010962
vn 0.934305 0.004358 0.356448
v 0.797548 0.296007 2.048431 0.010962 0.010962 0.010962
vn 0.934305 0.004358 0.356448
f 3637//3637 3638//3638 3639//3639
v 0.436908 0.368546 2.346758 0.010962 0.010962 0.010962
vn 0.030294 0.000000 0.999541
v 0.000000 0.368546 2.360000 0.010962 0.010962 0.010962
vn 0.030294 0.000000 0.999541
v 0.000000 0.292579 2.360000 0.010962 0.010962 0.010962
vn 0.030294 0.000000 0.999541
f 3640//3640 3641//3641 3642//3642
v 0.436908 0.368546 2.346758 0.010962 0.010962 0.010962
vn 0.031239 -0.005445 0.999497
v 0.000000 0.292579 2.360000 0.010962 0.010962 0.010962
vn 0.031239 -0.005445 0.999497
v 0.423666 0.292579 2.346758 0.010962 0.010962 0.010962
vn 0.031239 -0.005445 0.999497
f 3643//3643 3644//3644 3645//3645
v 0.000000 0.292883 2.328411 0.010962 0.010962 0.010962
vn -0.000302 -0.999954 -0.009605
v 0.421349 0.292883 2.315170 0.010962 0.010962 0.010962
vn -0.000302 -0.999954 -0.009605
v 0.423666 0.292579 2.346758 0.010962 0.010962 0.010962
vn -0.000302 -0.999954 -0.009605
f 3646//3646 3647//3647 3648//3648
v 0.000000 0.292883 2.328411 0.010962 0.010962 0.010962
vn -0.000301 -0.999954 -0.009627
v 0.423666 0.292579 2.346758 0.010962 0.010962 0.010962
vn -0.000301 -0.999954 -0.009627
v 0.000000 0.292579 2.360000 0.010962 0.010962 0.010962
vn -0.000301 -0.999954 -0.009627
f 3649//3649 3650//3650 3651//3651
v 0.833575 0.299741 1.925525 0.010962 0.010962 0.010962
vn -0.009362 -0.999956 -0.000898
v 0.840660 0.299741 1.851669 0.010962 0.010962 0.010962
vn -0.009362 -0.999956 -0.000898
v 0.870235 0.299435 1.883258 0.010962 0.010962 0.010962
vn -0.009362 -0.999956 -0.000898
f 3652//3652 3653//3653 3654//3654
v 0.833575 0.299741 1.925525 0.010962 0.010962 0.010962
vn -0.009362 -0.999956 -0.000898
v 0.870235 0.299435 1.883258 0.010962 0.010962 0.010962
vn -0.009362 -0.999956 -0.000898
v 0.863150 0.299435 1.957113 0.010962 0.010962 0.010962
vn -0.009362 -0.999956 -0.000898
f 3655//3655 3656//3656 3657//3657
v 0.618552 0.368850 2.247287 0.010962 0.010962 0.010962
vn 0.003976 0.999939 0.010318
v 0.442400 0.368850 2.315170 0.010962 0.010962 0.010962
vn 0.003976 0.999939 0.010318
v 0.436908 0.368546 2.346758 0.010962 0.010962 0.010962
vn 0.003976 0.999939 0.010318
f 3658//3658 3659//3659 3660//3660
v 0.618552 0.368850 2.247287 0.010962 0.010962 0.010962
vn 0.002378 0.999970 0.007400
v 0.436908 0.368546 2.346758 0.010962 0.010962 0.010962
vn 0.002378 0.999970 0.007400
v 0.648127 0.368546 2.278875 0.010962 0.010962 0.010962
vn 0.002378 0.999970 0.007400
f 3661//3661 3662//3662 3663//3663
v 0.648127 0.368546 2.278875 0.010962 0.010962 0.010962
vn 0.305540 -0.053260 0.950688
v 0.436908 0.368546 2.346758 0.010962 0.010962 0.010962
vn 0.305540 -0.053260 0.950688
v 0.423666 0.292579 2.346758 0.010962 0.010962 0.010962
vn 0.305540 -0.053260 0.950688
f 3664//3664 3665//3665 3666//3666
v 0.648127 0.368546 2.278875 0.010962 0.010962 0.010962
vn 0.289479 0.000000 0.957184
v 0.423666 0.292579 2.346758 0.010962 0.010962 0.010962
vn 0.289479 0.000000 0.957184
v 0.648127 0.292579 2.278875 0.010962 0.010962 0.010962
vn 0.289479 0.000000 0.957184
f 3667//3667 3668//3668 3669//3669
v 0.383304 0.299741 1.925525 0.010962 0.010962 0.010962
vn 0.000000 -0.999773 -0.021308
v 0.607494 0.299741 1.925525 0.010962 0.010962 0.010962
vn 0.000000 -0.999773 -0.021308
v 0.618552 0.292883 2.247287 0.010962 0.010962 0.010962
vn 0.000000 -0.999773 -0.021308
f 3670//3670 3671//3671 3672//3672
v 0.383304 0.299741 1.925525 0.010962 0.010962 0.010962
vn -0.005860 -0.999838 -0.017024
v 0.618552 0.292883 2.247287 0.010962 0.010962 0.010962
vn -0.005860 -0.999838 -0.017024
v 0.421349 0.292883 2.315170 0.010962 0.010962 0.010962
vn -0.005860 -0.999838 -0.017024
f 3673//3673 3674//3674 3675//3675
v 0.842721 0.367435 1.844719 0.010962 0.010962 0.010962
vn 0.101971 0.991069 -0.085929
v 0.836028 0.374412 1.917250 0.010962 0.010962 0.010962
vn 0.101971 0.991069 -0.085929
v 0.865603 0.374108 1.948839 0.010962 0.010962 0.010962
vn 0.101971 0.991069 -0.085929
f 3676//3676 3677//3677 3678//3678
v 0.842721 0.367435 1.844719 0.010962 0.010962 0.010962
vn 0.101975 0.991069 -0.085930
v 0.865603 0.374108 1.948839 0.010962 0.010962 0.010962
vn 0.101975 0.991069 -0.085930
v 0.872296 0.367131 1.876309 0.010962 0.010962 0.010962
vn 0.101975 0.991069 -0.085930
f 3679//3679 3680//3680 3681//3681
v 0.557338 0.507745 -2.236906 0.010962 0.010962 0.010962
vn 0.759161 0.000000 -0.650903
v 0.763080 0.489937 -1.996944 0.010962 0.010962 0.010962
vn 0.759161 0.000000 -0.650903
v 0.763080 0.450141 -1.996944 0.010962 0.010962 0.010962
vn 0.759161 0.000000 -0.650903
f 3682//3682 3683//3683 3684//3684
v 0.557338 0.507745 -2.236906 0.010962 0.010962 0.010962
vn 0.759161 0.000000 -0.650903
v 0.763080 0.450141 -1.996944 0.010962 0.010962 0.010962
vn 0.759161 0.000000 -0.650903
v 0.557338 0.472096 -2.236906 0.010962 0.010962 0.010962
vn 0.759161 0.000000 -0.650903
f 3685//3685 3686//3686 3687//3687
v 0.000000 0.507745 -2.360000 0.010962 0.010962 0.010962
vn 0.104907 0.000000 -0.994482
v 0.340341 0.507745 -2.324098 0.010962 0.010962 0.010962
vn 0.104907 0.000000 -0.994482
v 0.340341 0.472096 -2.324098 0.010962 0.010962 0.010962
vn 0.104907 0.000000 -0.994482
f 3688//3688 3689//3689 3690//3690
v 0.000000 0.507745 -2.360000 0.010962 0.010962 0.010962
vn 0.104907 0.000000 -0.994482
v 0.340341 0.472096 -2.324098 0.010962 0.010962 0.010962
vn 0.104907 0.000000 -0.994482
v 0.000000 0.472096 -2.360000 0.010962 0.010962 0.010962
vn 0.104907 0.000000 -0.994482
f 3691//3691 3692//3692 3693//3693
v 0.340341 0.507745 -2.324098 0.010962 0.010962 0.010962
vn 0.372841 0.000000 -0.927895
v 0.557338 0.507745 -2.236906 0.010962 0.010962 0.010962
vn 0.372841 0.000000 -0.927895
v 0.557338 0.472096 -2.236906 0.010962 0.010962 0.010962
vn 0.372841 0.000000 -0.927895
f 3694//3694 3695//3695 3696//3696
v 0.340341 0.507745 -2.324098 0.010962 0.010962 0.010962
vn 0.372841 0.000000 -0.927895
v 0.557338 0.472096 -2.236906 0.010962 0.010962 0.010962
vn 0.372841 0.000000 -0.927895
v 0.340341 0.472096 -2.324098 0.010962 0.010962 0.010962
vn 0.372841 0.000000 -0.927895
f 3697//3697 3698//3698 3699//3699
v 0.763080 0.489937 -1.996944 0.010962 0.010962 0.010962
vn 0.871779 0.020659 -0.489463
v 0.833671 0.461683 -1.872408 0.010962 0.010962 0.010962
vn 0.871779 0.020659 -0.489463
v 0.833671 0.414502 -1.874399 0.010962 0.010962 0.010962
vn 0.871779 0.020659 -0.489463
f 3700//3700 3701//3701 3702//3702
v 0.763080 0.489937 -1.996944 0.010962 0.010962 0.010962
vn 0.866516 0.000000 -0.499149
v 0.833671 0.414502 -1.874399 0.010962 0.010962 0.010962
vn 0.866516 0.000000 -0.499149
v 0.763080 0.450141 -1.996944 0.010962 0.010962 0.010962
vn 0.866516 0.000000 -0.499149
f 3703//3703 3704//3704 3705//3705
v 0.833671 0.414502 -1.874399 0.010962 0.010962 0.010962
vn 0.996607 0.003471 -0.082229
v 0.833671 0.461683 -1.872408 0.010962 0.010962 0.010962
vn 0.996607 0.003471 -0.082229
v 0.838185 0.456409 -1.817920 0.010962 0.010962 0.010962
vn 0.996607 0.003471 -0.082229
f 3706//3706 3707//3707 3708//3708
v 0.833671 0.414502 -1.874399 0.010962 0.010962 0.010962
vn 0.996610 0.003433 -0.082201
v 0.838185 0.456409 -1.817920 0.010962 0.010962 0.010962
vn 0.996610 0.003433 -0.082201
v 0.838185 0.407979 -1.819943 0.010962 0.010962 0.010962
vn 0.996610 0.003433 -0.082201
f 3709//3709 3710//3710 3711//3711
v 0.541706 0.471755 -2.214064 0.010962 0.010962 0.010962
vn 0.004704 -0.999920 -0.011707
v 0.324709 0.471755 -2.301256 0.010962 0.010962 0.010962
vn 0.004704 -0.999920 -0.011707
v 0.340341 0.472096 -2.324098 0.010962 0.010962 0.010962
vn 0.004704 -0.999920 -0.011707
f 3712//3712 3713//3713 3714//3714
v 0.541706 0.471755 -2.214064 0.010962 0.010962 0.010962
vn 0.004704 -0.999920 -0.011707
v 0.340341 0.472096 -2.324098 0.010962 0.010962 0.010962
vn 0.004704 -0.999920 -0.011707
v 0.557338 0.472096 -2.236906 0.010962 0.010962 0.010962
vn 0.004704 -0.999920 -0.011707
f 3715//3715 3716//3716 3717//3717
v 0.324709 0.507404 -2.301256 0.010962 0.010962 0.010962
vn -0.004704 0.999920 0.011708
v 0.541706 0.507404 -2.214064 0.010962 0.010962 0.010962
vn -0.004704 0.999920 0.011708
v 0.557338 0.507745 -2.236906 0.010962 0.010962 0.010962
vn -0.004704 0.999920 0.011708
f 3718//3718 3719//3719 3720//3720
v 0.324709 0.507404 -2.301256 0.010962 0.010962 0.010962
vn -0.004704 0.999920 0.011707
v 0.557338 0.507745 -2.236906 0.010962 0.010962 0.010962
vn -0.004704 0.999920 0.011707
v 0.340341 0.507745 -2.324098 0.010962 0.010962 0.010962
vn -0.004704 0.999920 0.011707
f 3721//3721 3722//3722 3723//3723
v 0.822553 0.458712 -1.795187 0.010962 0.010962 0.010962
vn 0.822640 -0.023728 0.568067
v 0.822553 0.410284 -1.797209 0.010962 0.010962 0.010962
vn 0.822640 -0.023728 0.568067
v 0.838185 0.407979 -1.819943 0.010962 0.010962 0.010962
vn 0.822640 -0.023728 0.568067
f 3724//3724 3725//3725 3726//3726
v 0.822553 0.458712 -1.795187 0.010962 0.010962 0.010962
vn 0.822640 -0.023727 0.568067
v 0.838185 0.407979 -1.819943 0.010962 0.010962 0.010962
vn 0.822640 -0.023727 0.568067
v 0.838185 0.456409 -1.817920 0.010962 0.010962 0.010962
vn 0.822640 -0.023727 0.568067
f 3727//3727 3728//3728 3729//3729
v 0.541706 0.507404 -2.214064 0.010962 0.010962 0.010962
vn 0.038420 0.998414 0.041148
v 0.747448 0.489597 -1.974103 0.010962 0.010962 0.010962
vn 0.038420 0.998414 0.041148
v 0.763080 0.489937 -1.996944 0.010962 0.010962 0.010962
vn 0.038420 0.998414 0.041148
f 3730//3730 3731//3731 3732//3732
v 0.541706 0.507404 -2.214064 0.010962 0.010962 0.010962
vn 0.038391 0.998414 0.041178
v 0.763080 0.489937 -1.996944 0.010962 0.010962 0.010962
vn 0.038391 0.998414 0.041178
v 0.557338 0.507745 -2.236906 0.010962 0.010962 0.010962
vn 0.038391 0.998414 0.041178
f 3733//3733 3734//3734 3735//3735
v 0.000000 0.507404 -2.337159 0.010962 0.010962 0.010962
vn -0.001534 0.999903 0.013876
v 0.324709 0.507404 -2.301256 0.010962 0.010962 0.010962
vn -0.001534 0.999903 0.013876
v 0.340341 0.507745 -2.324098 0.010962 0.010962 0.010962
vn -0.001534 0.999903 0.013876
f 3736//3736 3737//3737 3738//3738
v 0.000000 0.507404 -2.337159 0.010962 0.010962 0.010962
vn -0.001575 0.999887 0.014926
v 0.340341 0.507745 -2.324098 0.010962 0.010962 0.010962
vn -0.001575 0.999887 0.014926
v 0.000000 0.507745 -2.360000 0.010962 0.010962 0.010962
vn -0.001575 0.999887 0.014926
f 3739//3739 3740//3740 3741//3741
v 0.324709 0.471755 -2.301256 0.010962 0.010962 0.010962
vn 0.001650 -0.999887 -0.014926
v 0.000000 0.471755 -2.337159 0.010962 0.010962 0.010962
vn 0.001650 -0.999887 -0.014926
v 0.000000 0.472096 -2.360000 0.010962 0.010962 0.010962
vn 0.001650 -0.999887 -0.014926
f 3742//3742 3743//3743 3744//3744
v 0.324709 0.471755 -2.301256 0.010962 0.010962 0.010962
vn 0.001469 -0.999902 -0.013921
v 0.000000 0.472096 -2.360000 0.010962 0.010962 0.010962
vn 0.001469 -0.999902 -0.013921
v 0.340341 0.472096 -2.324098 0.010962 0.010962 0.010962
vn 0.001469 -0.999902 -0.013921
f 3745//3745 3746//3746 3747//3747
v 0.712331 0.293984 2.162717 0.010962 0.010962 0.010962
vn -0.007250 -0.999752 -0.021058
v 0.618552 0.292883 2.247287 0.010962 0.010962 0.010962
vn -0.007250 -0.999752 -0.021058
v 0.607494 0.299741 1.925525 0.010962 0.010962 0.010962
vn -0.007250 -0.999752 -0.021058
f 3748//3748 3749//3749 3750//3750
v 0.741906 0.293680 2.194305 0.010962 0.010962 0.010962
vn 0.670269 0.001286 0.742117
v 0.741814 0.369423 2.194256 0.010962 0.010962 0.010962
vn 0.670269 0.001286 0.742117
v 0.648127 0.368546 2.278875 0.010962 0.010962 0.010962
vn 0.670269 0.001286 0.742117
f 3751//3751 3752//3752 3753//3753
v 0.741906 0.293680 2.194305 0.010962 0.010962 0.010962
vn 0.669704 0.000000 0.742628
v 0.648127 0.368546 2.278875 0.010962 0.010962 0.010962
vn 0.669704 0.000000 0.742628
v 0.648127 0.292579 2.278875 0.010962 0.010962 0.010962
vn 0.669704 0.000000 0.742628
f 3754//3754 3755//3755 3756//3756
v 0.648127 0.292579 2.278875 0.010962 0.010962 0.010962
vn 0.001660 -0.999936 -0.011181
v 0.618552 0.292883 2.247287 0.010962 0.010962 0.010962
vn 0.001660 -0.999936 -0.011181
v 0.712331 0.293984 2.162717 0.010962 0.010962 0.010962
vn 0.001660 -0.999936 -0.011181
f 3757//3757 3758//3758 3759//3759
v 0.648127 0.292579 2.278875 0.010962 0.010962 0.010962
vn 0.001659 -0.999936 -0.011181
v 0.712331 0.293984 2.162717 0.010962 0.010962 0.010962
vn 0.001659 -0.999936 -0.011181
v 0.741906 0.293680 2.194305 0.010962 0.010962 0.010962
vn 0.001659 -0.999936 -0.011181
f 3760//3760 3761//3761 3762//3762
v 0.618552 0.368850 2.247287 0.010962 0.010962 0.010962
vn -0.000358 0.999950 0.009962
v 0.648127 0.368546 2.278875 0.010962 0.010962 0.010962
vn -0.000358 0.999950 0.009962
v 0.741814 0.369423 2.194256 0.010962 0.010962 0.010962
vn -0.000358 0.999950 0.009962
f 3763//3763 3764//3764 3765//3765
v 0.618552 0.368850 2.247287 0.010962 0.010962 0.010962
vn -0.000358 0.999950 0.009962
v 0.741814 0.369423 2.194256 0.010962 0.010962 0.010962
vn -0.000358 0.999950 0.009962
v 0.712239 0.369727 2.162668 0.010962 0.010962 0.010962
vn -0.000358 0.999950 0.009962
f 3766//3766 3767//3767 3768//3768
v 0.915639 0.368763 -0.176429 0.010962 0.010962 0.010962
vn 0.027760 0.999615 0.000000
v 0.918916 0.368672 0.215680 0.010962 0.010962 0.010962
vn 0.027760 0.999615 0.000000
v 0.918916 0.368672 -0.177204 0.010962 0.010962 0.010962
vn 0.027760 0.999615 0.000000
f 3769//3769 3770//3770 3771//3771
v 0.918916 0.292706 -0.848067 0.010962 0.010962 0.010962
vn 1.000000 0.000000 0.000000
v 0.918916 0.368672 -0.797404 0.010962 0.010962 0.010962
vn 1.000000 0.000000 0.000000
v 0.918916 0.368672 -0.177204 0.010962 0.010962 0.010962
vn 1.000000 0.000000 0.000000
f 3772//3772 3773//3773 3774//3774
v 0.918916 0.292706 -0.848067 0.010962 0.010962 0.010962
vn 1.000000 0.000000 0.000000
v 0.918916 0.368672 -0.177204 0.010962 0.010962 0.010962
vn 1.000000 0.000000 0.000000
v 0.918916 0.292706 -0.189405 0.010962 0.010962 0.010962
vn 1.000000 0.000000 0.000000
f 3775//3775 3776//3776 3777//3777
v 0.918916 0.368672 -0.797404 0.010962 0.010962 0.010962
vn 0.010120 0.999949 0.000000
v 0.901274 0.368850 -0.795164 0.010962 0.010962 0.010962
vn 0.010120 0.999949 0.000000
v 0.901274 0.368850 -0.175673 0.010962 0.010962 0.010962
vn 0.010120 0.999949 0.000000
f 3778//3778 3779//3779 3780//3780
v 0.918916 0.368672 -0.797404 0.010962 0.010962 0.010962
vn 0.006088 0.999981 -0.000114
v 0.901274 0.368850 -0.175673 0.010962 0.010962 0.010962
vn 0.006088 0.999981 -0.000114
v 0.915639 0.368763 -0.176429 0.010962 0.010962 0.010962
vn 0.006088 0.999981 -0.000114
f 3781//3781 3782//3782 3783//3783
v 0.918916 0.368672 -0.797404 0.010962 0.010962 0.010962
vn 0.027760 0.999615 0.000000
v 0.915639 0.368763 -0.176429 0.010962 0.010962 0.010962
vn 0.027760 0.999615 0.000000
v 0.918916 0.368672 -0.177204 0.010962 0.010962 0.010962
vn 0.027760 0.999615 0.000000
f 3784//3784 3785//3785 3786//3786
v 0.459449 1.618914 0.091444 0.010962 0.010962 0.010962
vn -1.000000 0.000000 0.000000
v 0.459449 1.666975 0.094072 0.010962 0.010962 0.010962
vn -1.000000 0.000000 0.000000
v 0.459449 1.683260 -0.031520 0.010962 0.010962 0.010962
vn -1.000000 0.000000 0.000000
f 3787//3787 3788//3788 3789//3789
v 0.459449 1.618914 0.091444 0.010962 0.010962 0.010962
vn -1.000000 0.000000 0.000000
v 0.459449 1.683260 -0.031520 0.010962 0.010962 0.010962
vn -1.000000 0.000000 0.000000
v 0.459449 1.618914 -0.034148 0.010962 0.010962 0.010962
vn -1.000000 0.000000 0.000000
f 3790//3790 3791//3791 3792//3792
v 0.459449 1.618914 -0.034148 0.010962 0.010962 0.010962
vn 0.000000 0.040814 -0.999167
v 0.459449 1.683260 -0.031520 0.010962 0.010962 0.010962
vn 0.000000 0.040814 -0.999167
v 0.508668 1.683260 -0.031520 0.010962 0.010962 0.010962
vn 0.000000 0.040814 -0.999167
f 3793//3793 3794//3794 3795//3795
v 0.459449 1.618914 -0.034148 0.010962 0.010962 0.010962
vn 0.000000 0.040814 -0.999167
v 0.508668 1.683260 -0.031520 0.010962 0.010962 0.010962
vn 0.000000 0.040814 -0.999167
v 0.508668 1.618914 -0.034148 0.010962 0.010962 0.010962
vn 0.000000 0.040814 -0.999167
f 3796//3796 3797//3797 3798//3798
v 0.508668 1.618914 -0.034148 0.010962 0.010962 0.010962
vn 1.000000 0.000000 0.000000
v 0.508668 1.683260 -0.031520 0.010962 0.010962 0.010962
vn 1.000000 0.000000 0.000000
v 0.508668 1.666975 0.094072 0.010962 0.010962 0.010962
vn 1.000000 0.000000 0.000000
f 3799//3799 3800//3800 3801//3801
v 0.508668 1.618914 -0.034148 0.010962 0.010962 0.010962
vn 1.000000 0.000000 0.000000
v 0.508668 1.666975 0.094072 0.010962 0.010962 0.010962
vn 1.000000 0.000000 0.000000
v 0.508668 1.618914 0.091444 0.010962 0.010962 0.010962
vn 1.000000 0.000000 0.000000
f 3802//3802 3803//3803 3804//3804
v 0.508668 1.618914 0.091444 0.010962 0.010962 0.010962
vn 0.000000 -0.054607 0.998508
v 0.508668 1.666975 0.094072 0.010962 0.010962 0.010962
vn 0.000000 -0.054607 0.998508
v 0.459449 1.666975 0.094072 0.010962 0.010962 0.010962
vn 0.000000 -0.054607 0.998508
f 3805//3805 3806//3806 3807//3807
v 0.508668 1.618914 0.091444 0.010962 0.010962 0.010962
vn 0.000000 -0.054607 0.998508
v 0.459449 1.666975 0.094072 0.010962 0.010962 0.010962
vn 0.000000 -0.054607 0.998508
v 0.459449 1.618914 0.091444 0.010962 0.010962 0.010962
vn 0.000000 -0.054607 0.998508
f 3808//3808 3809//3809 3810//3810
v 0.459449 1.618914 -0.034148 0.010962 0.010962 0.010962
vn 0.000000 -1.000000 0.000000
v 0.508668 1.618914 -0.034148 0.010962 0.010962 0.010962
vn 0.000000 -1.000000 0.000000
v 0.508668 1.618914 0.091444 0.010962 0.010962 0.010962
vn 0.000000 -1.000000 0.000000
f 3811//3811 3812//3812 3813//3813
v 0.459449 1.618914 -0.034148 0.010962 0.010962 0.010962
vn 0.000000 -1.000000 0.000000
v 0.508668 1.618914 0.091444 0.010962 0.010962 0.010962
vn 0.000000 -1.000000 0.000000
v 0.459449 1.618914 0.091444 0.010962 0.010962 0.010962
vn 0.000000 -1.000000 0.000000
f 3814//3814 3815//3815 3816//3816
v 0.508668 1.666975 0.094072 0.010962 0.010962 0.010962
vn 1.000000 0.000000 0.000000
v 0.508668 1.683260 -0.031520 0.010962 0.010962 0.010962
vn 1.000000 0.000000 0.000000
v 0.508668 1.722489 -0.026700 0.010962 0.010962 0.010962
vn 1.000000 0.000000 0.000000
f 3817//3817 3818//3818 3819//3819
v 0.508668 1.666975 0.094072 0.010962 0.010962 0.010962
vn 1.000000 0.000000 0.000000
v 0.508668 1.722489 -0.026700 0.010962 0.010962 0.010962
vn 1.000000 0.000000 0.000000
v 0.508668 1.706204 0.098891 0.010962 0.010962 0.010962
vn 1.000000 0.000000 0.000000
f 3820//3820 3821//3821 3822//3822
v 0.508668 1.722489 -0.026700 0.010962 0.010962 0.010962
vn 0.000000 0.991698 0.128590
v 0.459449 1.722489 -0.026700 0.010962 0.010962 0.010962
vn 0.000000 0.991698 0.128590
v 0.459449 1.706204 0.098891 0.010962 0.010962 0.010962
vn 0.000000 0.991698 0.128590
f 3823//3823 3824//3824 3825//3825
v 0.508668 1.722489 -0.026700 0.010962 0.010962 0.010962
vn 0.000000 0.991698 0.128590
v 0.459449 1.706204 0.098891 0.010962 0.010962 0.010962
vn 0.000000 0.991698 0.128590
v 0.508668 1.706204 0.098891 0.010962 0.010962 0.010962
vn 0.000000 0.991698 0.128590
f 3826//3826 3827//3827 3828//3828
v 0.459449 1.683260 -0.031520 0.010962 0.010962 0.010962
vn -1.000000 0.000000 0.000000
v 0.459449 1.666975 0.094072 0.010962 0.010962 0.010962
vn -1.000000 0.000000 0.000000
v 0.459449 1.706204 0.098891 0.010962 0.010962 0.010962
vn -1.000000 0.000000 0.000000
f 3829//3829 3830//3830 3831//3831
v 0.459449 1.683260 -0.031520 0.010962 0.010962 0.010962
vn -1.000000 0.000000 0.000000
v 0.459449 1.706204 0.098891 0.010962 0.010962 0.010962
vn -1.000000 0.000000 0.000000
v 0.459449 1.722489 -0.026700 0.010962 0.010962 0.010962
vn -1.000000 0.000000 0.000000
f 3832//3832 3833//3833 3834//3834
v 0.459449 1.666975 0.094072 0.010962 0.010962 0.010962
vn 0.000000 -0.121935 0.992538
v 0.508668 1.666975 0.094072 0.010962 0.010962 0.010962
vn 0.000000 -0.121935 0.992538
v 0.508668 1.706204 0.098891 0.010962 0.010962 0.010962
vn 0.000000 -0.121935 0.992538
f 3835//3835 3836//3836 3837//3837
v 0.459449 1.666975 0.094072 0.010962 0.010962 0.010962
vn 0.000000 -0.121935 0.992538
v 0.508668 1.706204 0.098891 0.010962 0.010962 0.010962
vn 0.000000 -0.121935 0.992538
v 0.459449 1.706204 0.098891 0.010962 0.010962 0.010962
vn 0.000000 -0.121935 0.992538
f 3838//3838 3839//3839 3840//3840
v 0.459449 1.683260 -0.031520 0.010962 0.010962 0.010962
vn -1.000000 0.000000 0.000000
v 0.459449 1.722489 -0.026700 0.010962 0.010962 0.010962
vn -1.000000 0.000000 0.000000
v 0.459449 1.760000 -0.780809 0.010962 0.010962 0.010962
vn -1.000000 0.000000 0.000000
f 3841//3841 3842//3842 3843//3843
v 0.459449 1.683260 -0.031520 0.010962 0.010962 0.010962
vn -1.000000 0.000000 0.000000
v 0.459449 1.760000 -0.780809 0.010962 0.010962 0.010962
vn -1.000000 0.000000 0.000000
v 0.459449 1.720537 -0.783222 0.010962 0.010962 0.010962
vn -1.000000 0.000000 0.000000
f 3844//3844 3845//3845 3846//3846
v 0.459449 1.720537 -0.783222 0.010962 0.010962 0.010962
vn -1.000000 0.000000 0.000000
v 0.459449 1.760000 -0.780809 0.010962 0.010962 0.010962
vn -1.000000 0.000000 0.000000
v 0.459449 1.743922 -1.384595 0.010962 0.010962 0.010962
vn -1.000000 0.000000 0.000000
f 3847//3847 3848//3848 3849//3849
v 0.459449 1.720537 -0.783222 0.010962 0.010962 0.010962
vn -1.000000 0.000000 0.000000
v 0.459449 1.743922 -1.384595 0.010962 0.010962 0.010962
vn -1.000000 0.000000 0.000000
v 0.459449 1.704777 -1.379164 0.010962 0.010962 0.010962
vn -1.000000 0.000000 0.000000
f 3850//3850 3851//3851 3852//3852
v 0.459449 1.722489 -0.026700 0.010962 0.010962 0.010962
vn 0.000000 0.998765 0.049680
v 0.508668 1.722489 -0.026700 0.010962 0.010962 0.010962
vn 0.000000 0.998765 0.049680
v 0.508668 1.760000 -0.780809 0.010962 0.010962 0.010962
vn 0.000000 0.998765 0.049680
f 3853//3853 3854//3854 3855//3855
v 0.459449 1.722489 -0.026700 0.010962 0.010962 0.010962
vn 0.000000 0.998765 0.049680
v 0.508668 1.760000 -0.780809 0.010962 0.010962 0.010962
vn 0.000000 0.998765 0.049680
v 0.459449 1.760000 -0.780809 0.010962 0.010962 0.010962
vn 0.000000 0.998765 0.049680
f 3856//3856 3857//3857 3858//3858
v 0.508668 1.683260 -0.031520 0.010962 0.010962 0.010962
vn 0.000000 -0.998773 -0.049529
v 0.459449 1.683260 -0.031520 0.010962 0.010962 0.010962
vn 0.000000 -0.998773 -0.049529
v 0.459449 1.720537 -0.783222 0.010962 0.010962 0.010962
vn 0.000000 -0.998773 -0.049529
f 3859//3859 3860//3860 3861//3861
v 0.508668 1.683260 -0.031520 0.010962 0.010962 0.010962
vn 0.000000 -0.998773 -0.049529
v 0.459449 1.720537 -0.783222 0.010962 0.010962 0.010962
vn 0.000000 -0.998773 -0.049529
v 0.508668 1.720537 -0.783222 0.010962 0.010962 0.010962
vn 0.000000 -0.998773 -0.049529
f 3862//3862 3863//3863 3864//3864
v 0.508668 1.722489 -0.026700 0.010962 0.010962 0.010962
vn 1.000000 0.000000 0.000000
v 0.508668 1.683260 -0.031520 0.010962 0.010962 0.010962
vn 1.000000 0.000000 0.000000
v 0.508668 1.720537 -0.783222 0.010962 0.010962 0.010962
vn 1.000000 0.000000 0.000000
f 3865//3865 3866//3866 3867//3867
v 0.508668 1.722489 -0.026700 0.010962 0.010962 0.010962
vn 1.000000 0.000000 0.000000
v 0.508668 1.720537 -0.783222 0.010962 0.010962 0.010962
vn 1.000000 0.000000 0.000000
v 0.508668 1.760000 -0.780809 0.010962 0.010962 0.010962
vn 1.000000 0.000000 0.000000
f 3868//3868 3869//3869 3870//3870
v 0.508668 1.743922 -1.384595 0.010962 0.010962 0.010962
vn 1.000000 0.000000 0.000000
v 0.508668 1.704777 -1.379164 0.010962 0.010962 0.010962
vn 1.000000 0.000000 0.000000
v 0.508668 1.700764 -1.507951 0.010962 0.010962 0.010962
vn 1.000000 0.000000 0.000000
f 3871//3871 3872//3872 3873//3873
v 0.508668 1.743922 -1.384595 0.010962 0.010962 0.010962
vn 1.000000 0.000000 0.000000
v 0.508668 1.700764 -1.507951 0.010962 0.010962 0.010962
vn 1.000000 0.000000 0.000000
v 0.508668 1.740304 -1.507642 0.010962 0.010962 0.010962
vn 1.000000 0.000000 0.000000
f 3874//3874 3875//3875 3876//3876
v 0.459449 1.760000 -0.780809 0.010962 0.010962 0.010962
vn 0.000000 0.999646 -0.026619
v 0.508668 1.760000 -0.780809 0.010962 0.010962 0.010962
vn 0.000000 0.999646 -0.026619
v 0.508668 1.743922 -1.384595 0.010962 0.010962 0.010962
vn 0.000000 0.999646 -0.026619
f 3877//3877 3878//3878 3879//3879
v 0.459449 1.760000 -0.780809 0.010962 0.010962 0.010962
vn 0.000000 0.999646 -0.026619
v 0.508668 1.743922 -1.384595 0.010962 0.010962 0.010962
vn 0.000000 0.999646 -0.026619
v 0.459449 1.743922 -1.384595 0.010962 0.010962 0.010962
vn 0.000000 0.999646 -0.026619
f 3880//3880 3881//3881 3882//3882
v 0.508668 1.760000 -0.780809 0.010962 0.010962 0.010962
vn 1.000000 0.000000 0.000000
v 0.508668 1.720537 -0.783222 0.010962 0.010962 0.010962
vn 1.000000 0.000000 0.000000
v 0.508668 1.704777 -1.379164 0.010962 0.010962 0.010962
vn 1.000000 0.000000 0.000000
f 3883//3883 3884//3884 3885//3885
v 0.508668 1.760000 -0.780809 0.010962 0.010962 0.010962
vn 1.000000 0.000000 0.000000
v 0.508668 1.704777 -1.379164 0.010962 0.010962 0.010962
vn 1.000000 0.000000 0.000000
v 0.508668 1.743922 -1.384595 0.010962 0.010962 0.010962
vn 1.000000 0.000000 0.000000
f 3886//3886 3887//3887 3888//3888
v 0.508668 1.720537 -0.783222 0.010962 0.010962 0.010962
vn 0.000000 -0.999651 0.026436
v 0.459449 1.720537 -0.783222 0.010962 0.010962 0.010962
vn 0.000000 -0.999651 0.026436
v 0.459449 1.704777 -1.379164 0.010962 0.010962 0.010962
vn 0.000000 -0.999651 0.026436
f 3889//3889 3890//3890 3891//3891
v 0.508668 1.720537 -0.783222 0.010962 0.010962 0.010962
vn 0.000000 -0.999651 0.026436
v 0.459449 1.704777 -1.379164 0.010962 0.010962 0.010962
vn 0.000000 -0.999651 0.026436
v 0.508668 1.704777 -1.379164 0.010962 0.010962 0.010962
vn 0.000000 -0.999651 0.026436
f 3892//3892 3893//3893 3894//3894
v 0.508668 1.700764 -1.507951 0.010962 0.010962 0.010962
vn 0.000000 0.007798 -0.999970
v 0.459449 1.700764 -1.507951 0.010962 0.010962 0.010962
vn 0.000000 0.007798 -0.999970
v 0.459449 1.740304 -1.507642 0.010962 0.010962 0.010962
vn 0.000000 0.007798 -0.999970
f 3895//3895 3896//3896 3897//3897
v 0.508668 1.700764 -1.507951 0.010962 0.010962 0.010962
vn 0.000000 0.007798 -0.999970
v 0.459449 1.740304 -1.507642 0.010962 0.010962 0.010962
vn 0.000000 0.007798 -0.999970
v 0.508668 1.740304 -1.507642 0.010962 0.010962 0.010962
vn 0.000000 0.007798 -0.999970
f 3898//3898 3899//3899 3900//3900
v 0.508668 1.704777 -1.379164 0.010962 0.010962 0.010962
vn 0.000000 0.026840 0.999640
v 0.459449 1.704777 -1.379164 0.010962 0.010962 0.010962
vn 0.000000 0.026840 0.999640
v 0.459449 1.618914 -1.376858 0.010962 0.010962 0.010962
vn 0.000000 0.026840 0.999640
f 3901//3901 3902//3902 3903//3903
v 0.508668 1.704777 -1.379164 0.010962 0.010962 0.010962
vn 0.000000 0.026840 0.999640
v 0.459449 1.618914 -1.376858 0.010962 0.010962 0.010962
vn 0.000000 0.026840 0.999640
v 0.508668 1.618914 -1.376858 0.010962 0.010962 0.010962
vn 0.000000 0.026840 0.999640
f 3904//3904 3905//3905 3906//3906
v 0.459449 1.704777 -1.379164 0.010962 0.010962 0.010962
vn -1.000000 0.000000 0.000000
v 0.459449 1.743922 -1.384595 0.010962 0.010962 0.010962
vn -1.000000 0.000000 0.000000
v 0.459449 1.740304 -1.507642 0.010962 0.010962 0.010962
vn -1.000000 0.000000 0.000000
f 3907//3907 3908//3908 3909//3909
v 0.459449 1.704777 -1.379164 0.010962 0.010962 0.010962
vn -1.000000 0.000000 0.000000
v 0.459449 1.740304 -1.507642 0.010962 0.010962 0.010962
vn -1.000000 0.000000 0.000000
v 0.459449 1.700764 -1.507951 0.010962 0.010962 0.010962
vn -1.000000 0.000000 0.000000
f 3910//3910 3911//3911 3912//3912
v 0.459449 1.743922 -1.384595 0.010962 0.010962 0.010962
vn 0.000000 0.999568 -0.029393
v 0.508668 1.743922 -1.384595 0.010962 0.010962 0.010962
vn 0.000000 0.999568 -0.029393
v 0.508668 1.740304 -1.507642 0.010962 0.010962 0.010962
vn 0.000000 0.999568 -0.029393
f 3913//3913 3914//3914 3915//3915
v 0.459449 1.743922 -1.384595 0.010962 0.010962 0.010962
vn 0.000000 0.999568 -0.029393
v 0.508668 1.740304 -1.507642 0.010962 0.010962 0.010962
vn 0.000000 0.999568 -0.029393
v 0.459449 1.740304 -1.507642 0.010962 0.010962 0.010962
vn 0.000000 0.999568 -0.029393
f 3916//3916 3917//3917 3918//3918
v 0.508668 1.618914 -1.376858 0.010962 0.010962 0.010962
vn 0.000000 -1.000000 0.000000
v 0.459449 1.618914 -1.376858 0.010962 0.010962 0.010962
vn 0.000000 -1.000000 0.000000
v 0.459449 1.618914 -1.505644 0.010962 0.010962 0.010962
vn 0.000000 -1.000000 0.000000
f 3919//3919 3920//3920 3921//3921
v 0.508668 1.618914 -1.376858 0.010962 0.010962 0.010962
vn 0.000000 -1.000000 0.000000
v 0.459449 1.618914 -1.505644 0.010962 0.010962 0.010962
vn 0.000000 -1.000000 0.000000
v 0.508668 1.618914 -1.505644 0.010962 0.010962 0.010962
vn 0.000000 -1.000000 0.000000
f 3922//3922 3923//3923 3924//3924
v 0.459449 1.704777 -1.379164 0.010962 0.010962 0.010962
vn -1.000000 0.000000 0.000000
v 0.459449 1.700764 -1.507951 0.010962 0.010962 0.010962
vn -1.000000 0.000000 0.000000
v 0.459449 1.618914 -1.505644 0.010962 0.010962 0.010962
vn -1.000000 0.000000 0.000000
f 3925//3925 3926//3926 3927//3927
v 0.459449 1.704777 -1.379164 0.010962 0.010962 0.010962
vn -1.000000 0.000000 0.000000
v 0.459449 1.618914 -1.505644 0.010962 0.010962 0.010962
vn -1.000000 0.000000 0.000000
v 0.459449 1.618914 -1.376858 0.010962 0.010962 0.010962
vn -1.000000 0.000000 0.000000
f 3928//3928 3929//3929 3930//3930
v 0.508668 1.700764 -1.507951 0.010962 0.010962 0.010962
vn 1.000000 0.000000 0.000000
v 0.508668 1.704777 -1.379164 0.010962 0.010962 0.010962
vn 1.000000 0.000000 0.000000
v 0.508668 1.618914 -1.376858 0.010962 0.010962 0.010962
vn 1.000000 0.000000 0.000000
f 3931//3931 3932//3932 3933//3933
v 0.508668 1.700764 -1.507951 0.010962 0.010962 0.010962
vn 1.000000 0.000000 0.000000
v 0.508668 1.618914 -1.376858 0.010962 0.010962 0.010962
vn 1.000000 0.000000 0.000000
v 0.508668 1.618914 -1.505644 0.010962 0.010962 0.010962
vn 1.000000 0.000000 0.000000
f 3934//3934 3935//3935 3936//3936
v 0.459449 1.700764 -1.507951 0.010962 0.010962 0.010962
vn 0.000000 -0.028169 -0.999603
v 0.508668 1.700764 -1.507951 0.010962 0.010962 0.010962
vn 0.000000 -0.028169 -0.999603
v 0.508668 1.618914 -1.505644 0.010962 0.010962 0.010962
vn 0.000000 -0.028169 -0.999603
f 3937//3937 3938//3938 3939//3939
v 0.459449 1.700764 -1.507951 0.010962 0.010962 0.010962
vn 0.000000 -0.028169 -0.999603
v 0.508668 1.618914 -1.505644 0.010962 0.010962 0.010962
vn 0.000000 -0.028169 -0.999603
v 0.459449 1.618914 -1.505644 0.010962 0.010962 0.010962
vn 0.000000 -0.028169 -0.999603
f 3940//3940 3941//3941 3942//3942
v -0.901274 0.368850 0.217211 0.010962 0.010962 0.010962
vn 0.006094 -0.999981 0.000000
v -0.915639 0.368763 -0.176429 0.010962 0.010962 0.010962
vn 0.006094 -0.999981 0.000000
v -0.901274 0.368850 -0.175673 0.010962 0.010962 0.010962
vn 0.006094 -0.999981 0.000000
f 3943//3943 3944//3944 3945//3945
v -0.818039 0.463987 -1.849675 0.010962 0.010962 0.010962
vn -0.248413 0.965905 0.072925
v -0.833671 0.461683 -1.872408 0.010962 0.010962 0.010962
vn -0.248413 0.965905 0.072925
v -0.838185 0.456409 -1.817920 0.010962 0.010962 0.010962
vn -0.248413 0.965905 0.072925
f 3946//3946 3947//3947 3948//3948
v -0.818039 0.463987 -1.849675 0.010962 0.010962 0.010962
vn -0.248413 0.965905 0.072925
v -0.838185 0.456409 -1.817920 0.010962 0.010962 0.010962
vn -0.248413 0.965905 0.072925
v -0.822553 0.458712 -1.795187 0.010962 0.010962 0.010962
vn -0.248413 0.965905 0.072925
f 3949//3949 3950//3950 3951//3951
v -0.901274 0.292883 -0.187873 0.010962 0.010962 0.010962
vn 0.010055 -0.999949 0.000000
v -0.918916 0.292706 -0.189405 0.010962 0.010962 0.010962
vn 0.010055 -0.999949 0.000000
v -0.918916 0.292706 -0.848067 0.010962 0.010962 0.010962
vn 0.010055 -0.999949 0.000000
f 3952//3952 3953//3953 3954//3954
v -0.901274 0.292883 -0.187873 0.010962 0.010962 0.010962
vn 0.010055 -0.999949 0.000000
v -0.918916 0.292706 -0.848067 0.010962 0.010962 0.010962
vn 0.010055 -0.999949 0.000000
v -0.901274 0.292883 -0.846536 0.010962 0.010962 0.010962
vn 0.010055 -0.999949 0.000000
f 3955//3955 3956//3956 3957//3957
v -0.893457 0.367624 0.925704 0.010962 0.010962 0.010962
vn -0.003936 0.997522 -0.070247
v -0.911099 0.367446 0.924174 0.010962 0.010962 0.010962
vn -0.003936 0.997522 -0.070247
v -0.918916 0.374233 1.020992 0.010962 0.010962 0.010962
vn -0.003936 0.997522 -0.070247
f 3958//3958 3959//3959 3960//3960
v -0.893457 0.367624 0.925704 0.010962 0.010962 0.010962
vn -0.004832 0.997501 -0.070485
v -0.918916 0.374233 1.020992 0.010962 0.010962 0.010962
vn -0.004832 0.997501 -0.070485
v -0.901274 0.374412 1.022310 0.010962 0.010962 0.010962
vn -0.004832 0.997501 -0.070485
f 3961//3961 3962//3962 3963//3963
v -0.818039 0.416806 -1.851665 0.010962 0.010962 0.010962
vn 0.294717 -0.949642 -0.106407
v -0.833671 0.414502 -1.874399 0.010962 0.010962 0.010962
vn 0.294717 -0.949642 -0.106407
v -0.763080 0.450141 -1.996946 0.010962 0.010962 0.010962
vn 0.294717 -0.949642 -0.106407
f 3964//3964 3965//3965 3966//3966
v -0.818039 0.416806 -1.851665 0.010962 0.010962 0.010962
vn 0.195696 -0.969372 -0.148394
v -0.763080 0.450141 -1.996946 0.010962 0.010962 0.010962
vn 0.195696 -0.969372 -0.148394
v -0.747448 0.449800 -1.974103 0.010962 0.010962 0.010962
vn 0.195696 -0.969372 -0.148394
f 3967//3967 3968//3968 3969//3969
v -0.769200 0.371631 2.012706 0.010962 0.010962 0.010962
vn 0.002333 0.999928 0.011811
v -0.798775 0.371327 2.044294 0.010962 0.010962 0.010962
vn 0.002333 0.999928 0.011811
v -0.741814 0.369423 2.194256 0.010962 0.010962 0.010962
vn 0.002333 0.999928 0.011811
f 3970//3970 3971//3971 3972//3972
v -0.769200 0.371631 2.012706 0.010962 0.010962 0.010962
vn 0.002333 0.999928 0.011811
v -0.741814 0.369423 2.194256 0.010962 0.010962 0.010962
vn 0.002333 0.999928 0.011811
v -0.712239 0.369727 2.162668 0.010962 0.010962 0.010962
vn 0.002333 0.999928 0.011811
f 3973//3973 3974//3974 3975//3975
v -0.901274 0.292883 -0.846536 0.010962 0.010962 0.010962
vn 0.014998 -0.998252 -0.057172
v -0.918916 0.292706 -0.848067 0.010962 0.010962 0.010962
vn 0.014998 -0.998252 -0.057172
v -0.916346 0.297059 -0.923402 0.010962 0.010962 0.010962
vn 0.014998 -0.998252 -0.057172
f 3976//3976 3977//3977 3978//3978
v -0.901274 0.292883 -0.846536 0.010962 0.010962 0.010962
vn -0.001629 -0.998544 -0.053927
v -0.916346 0.297059 -0.923402 0.010962 0.010962 0.010962
vn -0.001629 -0.998544 -0.053927
v -0.898704 0.296947 -0.921866 0.010962 0.010962 0.010962
vn -0.001629 -0.998544 -0.053927
f 3979//3979 3980//3980 3981//3981
v -0.898704 0.365691 -0.919584 0.010962 0.010962 0.010962
vn 0.008337 0.999700 -0.023014
v -0.916346 0.365802 -0.921122 0.010962 0.010962 0.010962
vn 0.008337 0.999700 -0.023014
v -0.918916 0.368672 -0.797404 0.010962 0.010962 0.010962
vn 0.008337 0.999700 -0.023014
f 3982//3982 3983//3983 3984//3984
v -0.898704 0.365691 -0.919584 0.010962 0.010962 0.010962
vn -0.006877 0.999650 -0.025529
v -0.918916 0.368672 -0.797404 0.010962 0.010962 0.010962
vn -0.006877 0.999650 -0.025529
v -0.901274 0.368850 -0.795164 0.010962 0.010962 0.010962
vn -0.006877 0.999650 -0.025529
f 3985//3985 3986//3986 3987//3987
v -0.894190 0.385104 -0.979616 0.010962 0.010962 0.010962
vn -0.020657 0.951734 0.306229
v -0.911832 0.385216 -0.981153 0.010962 0.010962 0.010962
vn -0.020657 0.951734 0.306229
v -0.916346 0.365802 -0.921122 0.010962 0.010962 0.010962
vn -0.020657 0.951734 0.306229
f 3988//3988 3989//3989 3990//3990
v -0.894190 0.385104 -0.979616 0.010962 0.010962 0.010962
vn -0.020657 0.951734 0.306229
v -0.916346 0.365802 -0.921122 0.010962 0.010962 0.010962
vn -0.020657 0.951734 0.306229
v -0.898704 0.365691 -0.919584 0.010962 0.010962 0.010962
vn -0.020657 0.951734 0.306229
f 3991//3991 3992//3992 3993//3993
v -0.421349 0.292883 2.315170 0.010962 0.010962 0.010962
vn 0.002848 -0.999952 -0.009418
v -0.423666 0.292579 2.346758 0.010962 0.010962 0.010962
vn 0.002848 -0.999952 -0.009418
v -0.648127 0.292579 2.278875 0.010962 0.010962 0.010962
vn 0.002848 -0.999952 -0.009418
f 3994//3994 3995//3995 3996//3996
v -0.421349 0.292883 2.315170 0.010962 0.010962 0.010962
vn 0.002506 -0.999970 -0.007281
v -0.648127 0.292579 2.278875 0.010962 0.010962 0.010962
vn 0.002506 -0.999970 -0.007281
v -0.618552 0.292883 2.247287 0.010962 0.010962 0.010962
vn 0.002506 -0.999970 -0.007281
f 3997//3997 3998//3998 3999//3999
v 0.000000 0.368850 2.328411 0.010962 0.010962 0.010962
vn 0.000349 0.999932 -0.011626
v 0.000000 0.368473 2.295915 0.010962 0.010962 0.010962
vn 0.000349 0.999932 -0.011626
v -0.440796 0.368473 2.282673 0.010962 0.010962 0.010962
vn 0.000349 0.999932 -0.011626
f 4000//4000 4001//4001 4002//4002
v 0.000000 0.368850 2.328411 0.010962 0.010962 0.010962
vn 0.000347 0.999933 -0.011609
v -0.440796 0.368473 2.282673 0.010962 0.010962 0.010962
vn 0.000347 0.999933 -0.011609
v -0.442400 0.368850 2.315170 0.010962 0.010962 0.010962
vn 0.000347 0.999933 -0.011609
f 4003//4003 4004//4004 4005//4005
v -0.822553 0.410284 -1.797209 0.010962 0.010962 0.010962
vn 0.274753 -0.957115 -0.091879
v -0.838185 0.407979 -1.819943 0.010962 0.010962 0.010962
vn 0.274753 -0.957115 -0.091879
v -0.833671 0.414502 -1.874399 0.010962 0.010962 0.010962
vn 0.274753 -0.957115 -0.091879
f 4006//4006 4007//4007 4008//4008
v -0.822553 0.410284 -1.797209 0.010962 0.010962 0.010962
vn 0.274679 -0.957137 -0.091870
v -0.833671 0.414502 -1.874399 0.010962 0.010962 0.010962
vn 0.274679 -0.957137 -0.091870
v -0.818039 0.416806 -1.851665 0.010962 0.010962 0.010962
vn 0.274679 -0.957137 -0.091870
f 4009//4009 4010//4010 4011//4011
v -0.324709 0.292883 -0.846536 0.010962 0.010962 0.010962
vn 0.000000 -1.000000 0.000000
v 0.000000 0.292883 -0.846536 0.010962 0.010962 0.010962
vn 0.000000 -1.000000 0.000000
v 0.000000 0.292883 -0.187873 0.010962 0.010962 0.010962
vn 0.000000 -1.000000 0.000000
f 4012//4012 4013//4013 4014//4014
v -0.324709 0.292883 -0.846536 0.010962 0.010962 0.010962
vn 0.000000 -1.000000 0.000000
v 0.000000 0.292883 -0.187873 0.010962 0.010962 0.010962
vn 0.000000 -1.000000 0.000000
v -0.324709 0.292883 -0.187873 0.010962 0.010962 0.010962
vn 0.000000 -1.000000 0.000000
f 4015//4015 4016//4016 4017//4017
v -0.901274 0.292883 -0.846536 0.010962 0.010962 0.010962
vn 0.000000 -1.000000 0.000000
v -0.612992 0.292883 -0.846536 0.010962 0.010962 0.010962
vn 0.000000 -1.000000 0.000000
v -0.612992 0.292883 -0.187873 0.010962 0.010962 0.010962
vn 0.000000 -1.000000 0.000000
f 4018//4018 4019//4019 4020//4020
v -0.901274 0.292883 -0.846536 0.010962 0.010962 0.010962
vn 0.000000 -1.000000 0.000000
v -0.612992 0.292883 -0.187873 0.010962 0.010962 0.010962
vn 0.000000 -1.000000 0.000000
v -0.901274 0.292883 -0.187873 0.010962 0.010962 0.010962
vn 0.000000 -1.000000 0.000000
f 4021//4021 4022//4022 4023//4023
v -0.612992 0.292883 -0.846536 0.010962 0.010962 0.010962
vn 0.000000 -1.000000 0.000000
v -0.324709 0.292883 -0.846536 0.010962 0.010962 0.010962
vn 0.000000 -1.000000 0.000000
v -0.324709 0.292883 -0.187873 0.010962 0.010962 0.010962
vn 0.000000 -1.000000 0.000000
f 4024//4024 4025//4025 4026//4026
v -0.612992 0.292883 -0.846536 0.010962 0.010962 0.010962
vn 0.000000 -1.000000 0.000000
v -0.324709 0.292883 -0.187873 0.010962 0.010962 0.010962
vn 0.000000 -1.000000 0.000000
v -0.612992 0.292883 -0.187873 0.010962 0.010962 0.010962
vn 0.000000 -1.000000 0.000000
f 4027//4027 4028//4028 4029//4029
v -0.324709 0.292883 -0.187873 0.010962 0.010962 0.010962
vn 0.000000 -1.000000 0.000000
v -0.324709 0.292883 0.361032 0.010962 0.010962 0.010962
vn 0.000000 -1.000000 0.000000
v -0.612992 0.292883 0.336669 0.010962 0.010962 0.010962
vn 0.000000 -1.000000 0.000000
f 4030//4030 4031//4031 4032//4032
v -0.324709 0.292883 -0.187873 0.010962 0.010962 0.010962
vn 0.000000 -1.000000 0.000000
v -0.612992 0.292883 0.336669 0.010962 0.010962 0.010962
vn 0.000000 -1.000000 0.000000
v -0.612992 0.292883 -0.187873 0.010962 0.010962 0.010962
vn 0.000000 -1.000000 0.000000
f 4033//4033 4034//4034 4035//4035
v -0.324709 0.292883 0.361032 0.010962 0.010962 0.010962
vn 0.000000 -1.000000 0.000000
v -0.324709 0.292883 0.923132 0.010962 0.010962 0.010962
vn 0.000000 -1.000000 0.000000
v -0.612992 0.292883 0.874408 0.010962 0.010962 0.010962
vn 0.000000 -1.000000 0.000000
f 4036//4036 4037//4037 4038//4038
v -0.324709 0.292883 0.361032 0.010962 0.010962 0.010962
vn 0.000000 -1.000000 0.000000
v -0.612992 0.292883 0.874408 0.010962 0.010962 0.010962
vn 0.000000 -1.000000 0.000000
v -0.612992 0.292883 0.336669 0.010962 0.010962 0.010962
vn 0.000000 -1.000000 0.000000
f 4039//4039 4040//4040 4041//4041
v 0.000000 0.292883 -0.187873 0.010962 0.010962 0.010962
vn 0.000000 -1.000000 0.000000
v 0.000000 0.292883 0.364878 0.010962 0.010962 0.010962
vn 0.000000 -1.000000 0.000000
v -0.324709 0.292883 0.361032 0.010962 0.010962 0.010962
vn 0.000000 -1.000000 0.000000
f 4042//4042 4043//4043 4044//4044
v 0.000000 0.292883 -0.187873 0.010962 0.010962 0.010962
vn 0.000000 -1.000000 0.000000
v -0.324709 0.292883 0.361032 0.010962 0.010962 0.010962
vn 0.000000 -1.000000 0.000000
v -0.324709 0.292883 -0.187873 0.010962 0.010962 0.010962
vn 0.000000 -1.000000 0.000000
f 4045//4045 4046//4046 4047//4047
v 0.000000 0.292883 0.364878 0.010962 0.010962 0.010962
vn 0.000000 -1.000000 0.000000
v 0.000000 0.292883 0.930825 0.010962 0.010962 0.010962
vn 0.000000 -1.000000 0.000000
v -0.324709 0.292883 0.923132 0.010962 0.010962 0.010962
vn 0.000000 -1.000000 0.000000
f 4048//4048 4049//4049 4050//4050
v 0.000000 0.292883 0.364878 0.010962 0.010962 0.010962
vn 0.000000 -1.000000 0.000000
v -0.324709 0.292883 0.923132 0.010962 0.010962 0.010962
vn 0.000000 -1.000000 0.000000
v -0.324709 0.292883 0.361032 0.010962 0.010962 0.010962
vn 0.000000 -1.000000 0.000000
f 4051//4051 4052//4052 4053//4053
v -0.612992 0.292883 -0.187873 0.010962 0.010962 0.010962
vn 0.000000 -1.000000 0.000000
v -0.612992 0.292883 0.336669 0.010962 0.010962 0.010962
vn 0.000000 -1.000000 0.000000
v -0.901274 0.292883 0.202871 0.010962 0.010962 0.010962
vn 0.000000 -1.000000 0.000000
f 4054//4054 4055//4055 4056//4056
v -0.612992 0.292883 -0.187873 0.010962 0.010962 0.010962
vn 0.000000 -1.000000 0.000000
v -0.901274 0.292883 0.202871 0.010962 0.010962 0.010962
vn 0.000000 -1.000000 0.000000
v -0.901274 0.292883 -0.187873 0.010962 0.010962 0.010962
vn 0.000000 -1.000000 0.000000
f 4057//4057 4058//4058 4059//4059
v -0.612992 0.292883 0.336669 0.010962 0.010962 0.010962
vn 0.000000 -1.000000 0.000000
v -0.612992 0.292883 0.874408 0.010962 0.010962 0.010962
vn 0.000000 -1.000000 0.000000
v -0.893457 0.292883 0.903019 0.010962 0.010962 0.010962
vn 0.000000 -1.000000 0.000000
f 4060//4060 4061//4061 4062//4062
v -0.612992 0.292883 0.336669 0.010962 0.010962 0.010962
vn 0.000000 -1.000000 0.000000
v -0.893457 0.292883 0.903019 0.010962 0.010962 0.010962
vn 0.000000 -1.000000 0.000000
v -0.901274 0.292883 0.202871 0.010962 0.010962 0.010962
vn 0.000000 -1.000000 0.000000
f 4063//4063 4064//4064 4065//4065
v -0.612992 0.292883 0.874408 0.010962 0.010962 0.010962
vn 0.000000 -0.998730 0.050379
v -0.612992 0.299741 1.010352 0.010962 0.010962 0.010962
vn 0.000000 -0.998730 0.050379
v -0.901274 0.299741 1.010352 0.010962 0.010962 0.010962
vn 0.000000 -0.998730 0.050379
f 4066//4066 4067//4067 4068//4068
v -0.612992 0.292883 0.874408 0.010962 0.010962 0.010962
vn 0.006553 -0.997913 0.064234
v -0.901274 0.299741 1.010352 0.010962 0.010962 0.010962
vn 0.006553 -0.997913 0.064234
v -0.893457 0.292883 0.903019 0.010962 0.010962 0.010962
vn 0.006553 -0.997913 0.064234
f 4069//4069 4070//4070 4071//4071
v 0.000000 0.292883 0.930825 0.010962 0.010962 0.010962
vn 0.000000 -0.996303 0.085910
v 0.000000 0.299741 1.010352 0.010962 0.010962 0.010962
vn 0.000000 -0.996303 0.085910
v -0.324709 0.299741 1.010352 0.010962 0.010962 0.010962
vn 0.000000 -0.996303 0.085910
f 4072//4072 4073//4073 4074//4074
v 0.000000 0.292883 0.930825 0.010962 0.010962 0.010962
vn -0.001857 -0.996922 0.078381
v -0.324709 0.299741 1.010352 0.010962 0.010962 0.010962
vn -0.001857 -0.996922 0.078381
v -0.324709 0.292883 0.923132 0.010962 0.010962 0.010962
vn -0.001857 -0.996922 0.078381
f 4075//4075 4076//4076 4077//4077
v -0.324709 0.292883 0.923132 0.010962 0.010962 0.010962
vn 0.000000 -0.996923 0.078381
v -0.324709 0.299741 1.010352 0.010962 0.010962 0.010962
vn 0.000000 -0.996923 0.078381
v -0.612992 0.299741 1.010352 0.010962 0.010962 0.010962
vn 0.000000 -0.996923 0.078381
f 4078//4078 4079//4079 4080//4080
v -0.324709 0.292883 0.923132 0.010962 0.010962 0.010962
vn -0.008515 -0.998694 0.050378
v -0.612992 0.299741 1.010352 0.010962 0.010962 0.010962
vn -0.008515 -0.998694 0.050378
v -0.612992 0.292883 0.874408 0.010962 0.010962 0.010962
vn -0.008515 -0.998694 0.050378
f 4081//4081 4082//4082 4083//4083
v -0.636684 0.296947 -0.921866 0.010962 0.010962 0.010962
vn 0.000000 -0.998548 -0.053872
v -0.348402 0.296947 -0.921866 0.010962 0.010962 0.010962
vn 0.000000 -0.998548 -0.053872
v -0.324709 0.292883 -0.846536 0.010962 0.010962 0.010962
vn 0.000000 -0.998548 -0.053872
f 4084//4084 4085//4085 4086//4086
v -0.636684 0.296947 -0.921866 0.010962 0.010962 0.010962
vn 0.000000 -0.998548 -0.053872
v -0.324709 0.292883 -0.846536 0.010962 0.010962 0.010962
vn 0.000000 -0.998548 -0.053872
v -0.612992 0.292883 -0.846536 0.010962 0.010962 0.010962
vn 0.000000 -0.998548 -0.053872
f 4087//4087 4088//4088 4089//4089
v -0.898704 0.296947 -0.921866 0.010962 0.010962 0.010962
vn 0.000000 -0.998548 -0.053872
v -0.636684 0.296947 -0.921866 0.010962 0.010962 0.010962
vn 0.000000 -0.998548 -0.053872
v -0.612992 0.292883 -0.846536 0.010962 0.010962 0.010962
vn 0.000000 -0.998548 -0.053872
f 4090//4090 4091//4091 4092//4092
v -0.898704 0.296947 -0.921866 0.010962 0.010962 0.010962
vn 0.000000 -0.998548 -0.053872
v -0.612992 0.292883 -0.846536 0.010962 0.010962 0.010962
vn 0.000000 -0.998548 -0.053872
v -0.901274 0.292883 -0.846536 0.010962 0.010962 0.010962
vn 0.000000 -0.998548 -0.053872
f 4093//4093 4094//4094 4095//4095
v -0.348402 0.296947 -0.921866 0.010962 0.010962 0.010962
vn 0.000000 -0.998548 -0.053872
v 0.000000 0.296947 -0.921866 0.010962 0.010962 0.010962
vn 0.000000 -0.998548 -0.053872
v 0.000000 0.292883 -0.846536 0.010962 0.010962 0.010962
vn 0.000000 -0.998548 -0.053872
f 4096//4096 4097//4097 4098//4098
v -0.348402 0.296947 -0.921866 0.010962 0.010962 0.010962
vn 0.000000 -0.998548 -0.053872
v 0.000000 0.292883 -0.846536 0.010962 0.010962 0.010962
vn 0.000000 -0.998548 -0.053872
v -0.324709 0.292883 -0.846536 0.010962 0.010962 0.010962
vn 0.000000 -0.998548 -0.053872
f 4099//4099 4100//4100 4101//4101
v -0.559527 0.424492 -2.029820 0.010962 0.010962 0.010962
vn 0.000547 -0.999753 -0.022215
v -0.348401 0.424492 -2.024623 0.010962 0.010962 0.010962
vn 0.000547 -0.999753 -0.022215
v -0.588825 0.419295 -1.796689 0.010962 0.010962 0.010962
vn 0.000547 -0.999753 -0.022215
f 4102//4102 4103//4103 4104//4104
v -0.348401 0.424492 -2.024623 0.010962 0.010962 0.010962
vn -0.003471 -0.998985 -0.044915
v 0.000000 0.424492 -2.051550 0.010962 0.010962 0.010962
vn -0.003471 -0.998985 -0.044915
v 0.000000 0.411803 -1.769332 0.010962 0.010962 0.010962
vn -0.003471 -0.998985 -0.044915
f 4105//4105 4106//4106 4107//4107
v -0.348401 0.424492 -2.024623 0.010962 0.010962 0.010962
vn -0.002390 -0.998921 -0.046387
v 0.000000 0.411803 -1.769332 0.010962 0.010962 0.010962
vn -0.002390 -0.998921 -0.046387
v -0.348401 0.411803 -1.751381 0.010962 0.010962 0.010962
vn -0.002390 -0.998921 -0.046387
f 4108//4108 4109//4109 4110//4110
v -0.712331 0.293984 2.162717 0.010962 0.010962 0.010962
vn -0.004799 -0.999889 -0.014120
v -0.741907 0.293680 2.194305 0.010962 0.010962 0.010962
vn -0.004799 -0.999889 -0.014120
v -0.797549 0.296007 2.048431 0.010962 0.010962 0.010962
vn -0.004799 -0.999889 -0.014120
f 4111//4111 4112//4112 4113//4113
v -0.712331 0.293984 2.162717 0.010962 0.010962 0.010962
vn -0.004777 -0.999889 -0.014135
v -0.797549 0.296007 2.048431 0.010962 0.010962 0.010962
vn -0.004777 -0.999889 -0.014135
v -0.767974 0.296312 2.016842 0.010962 0.010962 0.010962
vn -0.004777 -0.999889 -0.014135
f 4114//4114 4115//4115 4116//4116
v -0.607494 0.299741 1.925525 0.010962 0.010962 0.010962
vn 0.010088 -0.999753 -0.019803
v -0.712331 0.293984 2.162717 0.010962 0.010962 0.010962
vn 0.010088 -0.999753 -0.019803
v -0.767974 0.296312 2.016842 0.010962 0.010962 0.010962
vn 0.010088 -0.999753 -0.019803
f 4117//4117 4118//4118 4119//4119
v -0.607494 0.299741 1.925525 0.010962 0.010962 0.010962
vn 0.000000 -0.999296 -0.037515
v -0.767974 0.296312 2.016842 0.010962 0.010962 0.010962
vn 0.000000 -0.999296 -0.037515
v -0.833575 0.299741 1.925525 0.010962 0.010962 0.010962
vn 0.000000 -0.999296 -0.037515
f 4120//4120 4121//4121 4122//4122
v 0.000000 0.299741 1.925525 0.010962 0.010962 0.010962
vn 0.000535 -0.999855 -0.017019
v 0.000000 0.292883 2.328411 0.010962 0.010962 0.010962
vn 0.000535 -0.999855 -0.017019
v -0.421349 0.292883 2.315170 0.010962 0.010962 0.010962
vn 0.000535 -0.999855 -0.017019
f 4123//4123 4124//4124 4125//4125
v 0.000000 0.299741 1.925525 0.010962 0.010962 0.010962
vn 0.000000 -0.999845 -0.017597
v -0.421349 0.292883 2.315170 0.010962 0.010962 0.010962
vn 0.000000 -0.999845 -0.017597
v -0.383304 0.299741 1.925525 0.010962 0.010962 0.010962
vn 0.000000 -0.999845 -0.017597
f 4126//4126 4127//4127 4128//4128
v -0.836028 0.374412 1.917250 0.010962 0.010962 0.010962
vn 0.011916 0.999713 0.020781
v -0.865603 0.374108 1.948839 0.010962 0.010962 0.010962
vn 0.011916 0.999713 0.020781
v -0.798775 0.371327 2.044294 0.010962 0.010962 0.010962
vn 0.011916 0.999713 0.020781
f 4129//4129 4130//4130 4131//4131
v -0.836028 0.374412 1.917250 0.010962 0.010962 0.010962
vn 0.011916 0.999713 0.020781
v -0.798775 0.371327 2.044294 0.010962 0.010962 0.010962
vn 0.011916 0.999713 0.020781
v -0.769200 0.371631 2.012706 0.010962 0.010962 0.010962
vn 0.011916 0.999713 0.020781
f 4132//4132 4133//4133 4134//4134
v -0.607494 0.299741 1.925525 0.010962 0.010962 0.010962
vn 0.000000 -1.000000 0.000000
v -0.833575 0.299741 1.925525 0.010962 0.010962 0.010962
vn 0.000000 -1.000000 0.000000
v -0.840661 0.299741 1.851669 0.010962 0.010962 0.010962
vn 0.000000 -1.000000 0.000000
f 4135//4135 4136//4136 4137//4137
v -0.607494 0.299741 1.925525 0.010962 0.010962 0.010962
vn 0.000000 -1.000000 0.000000
v -0.840661 0.299741 1.851669 0.010962 0.010962 0.010962
vn 0.000000 -1.000000 0.000000
v -0.606066 0.299741 1.851669 0.010962 0.010962 0.010962
vn 0.000000 -1.000000 0.000000
f 4138//4138 4139//4139 4140//4140
v -0.901274 0.299741 1.010352 0.010962 0.010962 0.010962
vn 0.000000 -1.000000 0.000000
v -0.612992 0.299741 1.010352 0.010962 0.010962 0.010962
vn 0.000000 -1.000000 0.000000
v -0.662930 0.299741 1.084208 0.010962 0.010962 0.010962
vn 0.000000 -1.000000 0.000000
f 4141//4141 4142//4142 4143//4143
v -0.901274 0.299741 1.010352 0.010962 0.010962 0.010962
vn 0.000000 -1.000000 0.000000
v -0.662930 0.299741 1.084208 0.010962 0.010962 0.010962
vn 0.000000 -1.000000 0.000000
v -0.897524 0.299741 1.084208 0.010962 0.010962 0.010962
vn 0.000000 -1.000000 0.000000
f 4144//4144 4145//4145 4146//4146
v -0.612992 0.299741 1.010352 0.010962 0.010962 0.010962
vn 0.000000 -1.000000 0.000000
v -0.324709 0.299741 1.010352 0.010962 0.010962 0.010962
vn 0.000000 -1.000000 0.000000
v -0.662930 0.299741 1.084208 0.010962 0.010962 0.010962
vn 0.000000 -1.000000 0.000000
f 4147//4147 4148//4148 4149//4149
v -0.383304 0.299741 1.925525 0.010962 0.010962 0.010962
vn 0.000000 -1.000000 0.000000
v -0.607494 0.299741 1.925525 0.010962 0.010962 0.010962
vn 0.000000 -1.000000 0.000000
v -0.606066 0.299741 1.851669 0.010962 0.010962 0.010962
vn 0.000000 -1.000000 0.000000
f 4150//4150 4151//4151 4152//4152
v -0.324709 0.471755 -2.301256 0.010962 0.010962 0.010962
vn -0.018049 -0.986422 -0.163235
v 0.000000 0.471755 -2.337159 0.010962 0.010962 0.010962
vn -0.018049 -0.986422 -0.163235
v 0.000000 0.424492 -2.051550 0.010962 0.010962 0.010962
vn -0.018049 -0.986422 -0.163235
f 4153//4153 4154//4154 4155//4155
v -0.324709 0.471755 -2.301256 0.010962 0.010962 0.010962
vn -0.013099 -0.985445 -0.169487
v 0.000000 0.424492 -2.051550 0.010962 0.010962 0.010962
vn -0.013099 -0.985445 -0.169487
v -0.348401 0.424492 -2.024623 0.010962 0.010962 0.010962
vn -0.013099 -0.985445 -0.169487
f 4156//4156 4157//4157 4158//4158
v -0.747448 0.449800 -1.974103 0.010962 0.010962 0.010962
vn -0.204630 -0.943195 -0.261745
v -0.541706 0.471755 -2.214064 0.010962 0.010962 0.010962
vn -0.204630 -0.943195 -0.261745
v -0.559527 0.424492 -2.029820 0.010962 0.010962 0.010962
vn -0.204630 -0.943195 -0.261745
f 4159//4159 4160//4160 4161//4161
v -0.541706 0.471755 -2.214064 0.010962 0.010962 0.010962
vn -0.069838 -0.982300 -0.173809
v -0.324709 0.471755 -2.301256 0.010962 0.010962 0.010962
vn -0.069838 -0.982300 -0.173809
v -0.348401 0.424492 -2.024623 0.010962 0.010962 0.010962
vn -0.069838 -0.982300 -0.173809
f 4162//4162 4163//4163 4164//4164
v -0.541706 0.471755 -2.214064 0.010962 0.010962 0.010962
vn 0.006103 -0.968761 -0.247921
v -0.348401 0.424492 -2.024623 0.010962 0.010962 0.010962
vn 0.006103 -0.968761 -0.247921
v -0.559527 0.424492 -2.029820 0.010962 0.010962 0.010962
vn 0.006103 -0.968761 -0.247921
f 4165//4165 4166//4166 4167//4167
v -0.747448 0.449800 -1.974103 0.010962 0.010962 0.010962
vn 0.049542 -0.997579 -0.048795
v -0.763080 0.450141 -1.996946 0.010962 0.010962 0.010962
vn 0.049542 -0.997579 -0.048795
v -0.557338 0.472096 -2.236906 0.010962 0.010962 0.010962
vn 0.049542 -0.997579 -0.048795
f 4168//4168 4169//4169 4170//4170
v -0.747448 0.449800 -1.974103 0.010962 0.010962 0.010962
vn 0.049540 -0.997579 -0.048796
v -0.557338 0.472096 -2.236906 0.010962 0.010962 0.010962
vn 0.049540 -0.997579 -0.048796
v -0.541706 0.471755 -2.214064 0.010962 0.010962 0.010962
vn 0.049540 -0.997579 -0.048796
f 4171//4171 4172//4172 4173//4173
v -0.559527 0.424492 -2.029820 0.010962 0.010962 0.010962
vn -0.232207 -0.897200 -0.375649
v -0.818039 0.416806 -1.851665 0.010962 0.010962 0.010962
vn -0.232207 -0.897200 -0.375649
v -0.747448 0.449800 -1.974103 0.010962 0.010962 0.010962
vn -0.232207 -0.897200 -0.375649
f 4174//4174 4175//4175 4176//4176
v -0.894190 0.385104 -0.979616 0.010962 0.010962 0.010962
vn -0.022095 0.052706 -0.998366
v -0.634480 0.376862 -0.985799 0.010962 0.010962 0.010962
vn -0.022095 0.052706 -0.998366
v -0.633559 0.320325 -0.988804 0.010962 0.010962 0.010962
vn -0.022095 0.052706 -0.998366
f 4177//4177 4178//4178 4179//4179
v -0.894190 0.385104 -0.979616 0.010962 0.010962 0.010962
vn -0.021174 0.056388 -0.998184
v -0.633559 0.320325 -0.988804 0.010962 0.010962 0.010962
vn -0.021174 0.056388 -0.998184
v -0.894190 0.319958 -0.983296 0.010962 0.010962 0.010962
vn -0.021174 0.056388 -0.998184
f 4180//4180 4181//4181 4182//4182
v -0.636684 0.296947 -0.921866 0.010962 0.010962 0.010962
vn 0.000000 -0.936454 -0.350789
v -0.898704 0.296947 -0.921866 0.010962 0.010962 0.010962
vn 0.000000 -0.936454 -0.350789
v -0.894190 0.319958 -0.983296 0.010962 0.010962 0.010962
vn 0.000000 -0.936454 -0.350789
f 4183//4183 4184//4184 4185//4185
v -0.636684 0.296947 -0.921866 0.010962 0.010962 0.010962
vn -0.005646 -0.943984 -0.329943
v -0.894190 0.319958 -0.983296 0.010962 0.010962 0.010962
vn -0.005646 -0.943984 -0.329943
v -0.633559 0.320325 -0.988804 0.010962 0.010962 0.010962
vn -0.005646 -0.943984 -0.329943
f 4186//4186 4187//4187 4188//4188
v -0.822553 0.410284 -1.797209 0.010962 0.010962 0.010962
vn -0.055497 -0.990820 -0.123274
v -0.818039 0.416806 -1.851665 0.010962 0.010962 0.010962
vn -0.055497 -0.990820 -0.123274
v -0.559527 0.424492 -2.029820 0.010962 0.010962 0.010962
vn -0.055497 -0.990820 -0.123274
f 4189//4189 4190//4190 4191//4191
v -0.822553 0.410284 -1.797209 0.010962 0.010962 0.010962
vn 0.038560 -0.999104 -0.017424
v -0.559527 0.424492 -2.029820 0.010962 0.010962 0.010962
vn 0.038560 -0.999104 -0.017424
v -0.588825 0.419295 -1.796689 0.010962 0.010962 0.010962
vn 0.038560 -0.999104 -0.017424
f 4192//4192 4193//4193 4194//4194
v -0.348402 0.296947 -0.921866 0.010962 0.010962 0.010962
vn 0.000000 -0.944081 -0.329713
v -0.636684 0.296947 -0.921866 0.010962 0.010962 0.010962
vn 0.000000 -0.944081 -0.329713
v -0.633559 0.320325 -0.988804 0.010962 0.010962 0.010962
vn 0.000000 -0.944081 -0.329713
f 4195//4195 4196//4196 4197//4197
v -0.348401 0.424492 -2.024623 0.010962 0.010962 0.010962
vn -0.008133 -0.998890 -0.046386
v -0.348401 0.411803 -1.751381 0.010962 0.010962 0.010962
vn -0.008133 -0.998890 -0.046386
v -0.597057 0.411803 -1.707786 0.010962 0.010962 0.010962
vn -0.008133 -0.998890 -0.046386
f 4198//4198 4199//4199 4200//4200
v -0.348401 0.424492 -2.024623 0.010962 0.010962 0.010962
vn -0.063504 -0.993947 -0.089644
v -0.597057 0.411803 -1.707786 0.010962 0.010962 0.010962
vn -0.063504 -0.993947 -0.089644
v -0.588825 0.419295 -1.796689 0.010962 0.010962 0.010962
vn -0.063504 -0.993947 -0.089644
f 4201//4201 4202//4202 4203//4203
v -0.767974 0.296312 2.016842 0.010962 0.010962 0.010962
vn -0.016840 -0.999535 -0.025426
v -0.797549 0.296007 2.048431 0.010962 0.010962 0.010962
vn -0.016840 -0.999535 -0.025426
v -0.863150 0.299435 1.957113 0.010962 0.010962 0.010962
vn -0.016840 -0.999535 -0.025426
f 4204//4204 4205//4205 4206//4206
v -0.767974 0.296312 2.016842 0.010962 0.010962 0.010962
vn -0.016840 -0.999535 -0.025426
v -0.863150 0.299435 1.957113 0.010962 0.010962 0.010962
vn -0.016840 -0.999535 -0.025426
v -0.833575 0.299741 1.925525 0.010962 0.010962 0.010962
vn -0.016840 -0.999535 -0.025426
f 4207//4207 4208//4208 4209//4209
v -0.822553 0.410284 -1.797209 0.010962 0.010962 0.010962
vn 0.000852 -0.079647 0.996823
v -0.588825 0.419295 -1.796689 0.010962 0.010962 0.010962
vn 0.000852 -0.079647 0.996823
v -0.590577 0.457379 -1.793645 0.010962 0.010962 0.010962
vn 0.000852 -0.079647 0.996823
f 4210//4210 4211//4211 4212//4212
v -0.822553 0.410284 -1.797209 0.010962 0.010962 0.010962
vn -0.006880 -0.041732 0.999105
v -0.590577 0.457379 -1.793645 0.010962 0.010962 0.010962
vn -0.006880 -0.041732 0.999105
v -0.822553 0.458712 -1.795187 0.010962 0.010962 0.010962
vn -0.006880 -0.041732 0.999105
f 4213//4213 4214//4214 4215//4215
v -0.747448 0.489597 -1.974103 0.010962 0.010962 0.010962
vn -0.165682 0.977846 0.127931
v -0.763080 0.489937 -1.996946 0.010962 0.010962 0.010962
vn -0.165682 0.977846 0.127931
v -0.833671 0.461683 -1.872408 0.010962 0.010962 0.010962
vn -0.165682 0.977846 0.127931
f 4216//4216 4217//4217 4218//4218
v -0.747448 0.489597 -1.974103 0.010962 0.010962 0.010962
vn -0.237245 0.969279 0.064904
v -0.833671 0.461683 -1.872408 0.010962 0.010962 0.010962
vn -0.237245 0.969279 0.064904
v -0.818039 0.463987 -1.849675 0.010962 0.010962 0.010962
vn -0.237245 0.969279 0.064904
f 4219//4219 4220//4220 4221//4221
v -0.897524 0.299741 1.084208 0.010962 0.010962 0.010962
vn 0.000000 -0.146761 0.989172
v -0.662930 0.299741 1.084208 0.010962 0.010962 0.010962
vn 0.000000 -0.146761 0.989172
v -0.662930 0.367435 1.094251 0.010962 0.010962 0.010962
vn 0.000000 -0.146761 0.989172
f 4222//4222 4223//4223 4224//4224
v -0.897524 0.299741 1.084208 0.010962 0.010962 0.010962
vn 0.000000 -0.146761 0.989172
v -0.662930 0.367435 1.094251 0.010962 0.010962 0.010962
vn 0.000000 -0.146761 0.989172
v -0.897524 0.367435 1.094251 0.010962 0.010962 0.010962
vn 0.000000 -0.146761 0.989172
f 4225//4225 4226//4226 4227//4227
v -0.893457 0.292883 0.903019 0.010962 0.010962 0.010962
vn 0.010065 -0.999949 -0.000112
v -0.911099 0.292706 0.901488 0.010962 0.010962 0.010962
vn 0.010065 -0.999949 -0.000112
v -0.918916 0.292706 0.201340 0.010962 0.010962 0.010962
vn 0.010065 -0.999949 -0.000112
f 4228//4228 4229//4229 4230//4230
v -0.893457 0.292883 0.903019 0.010962 0.010962 0.010962
vn 0.010065 -0.999949 -0.000112
v -0.918916 0.292706 0.201340 0.010962 0.010962 0.010962
vn 0.010065 -0.999949 -0.000112
v -0.901274 0.292883 0.202871 0.010962 0.010962 0.010962
vn 0.010065 -0.999949 -0.000112
f 4231//4231 4232//4232 4233//4233
v -0.916346 0.365802 -0.921122 0.010962 0.010962 0.010962
vn -0.999420 0.001129 -0.034027
v -0.916346 0.297059 -0.923402 0.010962 0.010962 0.010962
vn -0.999420 0.001129 -0.034027
v -0.918916 0.292706 -0.848067 0.010962 0.010962 0.010962
vn -0.999420 0.001129 -0.034027
f 4234//4234 4235//4235 4236//4236
v -0.916346 0.365802 -0.921122 0.010962 0.010962 0.010962
vn -0.999679 0.014066 -0.021091
v -0.918916 0.292706 -0.848067 0.010962 0.010962 0.010962
vn -0.999679 0.014066 -0.021091
v -0.918916 0.368672 -0.797404 0.010962 0.010962 0.010962
vn -0.999679 0.014066 -0.021091
f 4237//4237 4238//4238 4239//4239
v -0.840661 0.299741 1.851669 0.010962 0.010962 0.010962
vn -0.726452 -0.092009 -0.681030
v -0.870236 0.299435 1.883258 0.010962 0.010962 0.010962
vn -0.726452 -0.092009 -0.681030
v -0.872296 0.367131 1.876309 0.010962 0.010962 0.010962
vn -0.726452 -0.092009 -0.681030
f 4240//4240 4241//4241 4242//4242
v -0.840661 0.299741 1.851669 0.010962 0.010962 0.010962
vn -0.726465 -0.092020 -0.681015
v -0.872296 0.367131 1.876309 0.010962 0.010962 0.010962
vn -0.726465 -0.092020 -0.681015
v -0.842721 0.367435 1.844719 0.010962 0.010962 0.010962
vn -0.726465 -0.092020 -0.681015
f 4243//4243 4244//4244 4245//4245
v -0.442400 0.368850 2.315170 0.010962 0.010962 0.010962
vn -0.000293 0.999953 0.009678
v -0.436909 0.368546 2.346758 0.010962 0.010962 0.010962
vn -0.000293 0.999953 0.009678
v 0.000000 0.368546 2.360000 0.010962 0.010962 0.010962
vn -0.000293 0.999953 0.009678
f 4246//4246 4247//4247 4248//4248
v -0.442400 0.368850 2.315170 0.010962 0.010962 0.010962
vn -0.000288 0.999954 0.009627
v 0.000000 0.368546 2.360000 0.010962 0.010962 0.010962
vn -0.000288 0.999954 0.009627
v 0.000000 0.368850 2.328411 0.010962 0.010962 0.010962
vn -0.000288 0.999954 0.009627
f 4249//4249 4250//4250 4251//4251
v -0.918916 0.368672 0.215680 0.010962 0.010962 0.010962
vn -0.999935 -0.002107 0.011163
v -0.918916 0.292706 0.201340 0.010962 0.010962 0.010962
vn -0.999935 -0.002107 0.011163
v -0.911099 0.292706 0.901488 0.010962 0.010962 0.010962
vn -0.999935 -0.002107 0.011163
f 4252//4252 4253//4253 4254//4254
v -0.918916 0.368672 0.215680 0.010962 0.010962 0.010962
vn -0.999934 -0.003347 0.011026
v -0.911099 0.292706 0.901488 0.010962 0.010962 0.010962
vn -0.999934 -0.003347 0.011026
v -0.911099 0.367446 0.924174 0.010962 0.010962 0.010962
vn -0.999934 -0.003347 0.011026
f 4255//4255 4256//4256 4257//4257
v -0.918916 0.368672 -0.177204 0.010962 0.010962 0.010962
vn -1.000000 0.000000 0.000000
v -0.918916 0.292706 -0.189405 0.010962 0.010962 0.010962
vn -1.000000 0.000000 0.000000
v -0.918916 0.292706 0.201340 0.010962 0.010962 0.010962
vn -1.000000 0.000000 0.000000
f 4258//4258 4259//4259 4260//4260
v -0.918916 0.368672 -0.177204 0.010962 0.010962 0.010962
vn -1.000000 0.000000 0.000000
v -0.918916 0.292706 0.201340 0.010962 0.010962 0.010962
vn -1.000000 0.000000 0.000000
v -0.918916 0.368672 0.215680 0.010962 0.010962 0.010962
vn -1.000000 0.000000 0.000000
f 4261//4261 4262//4262 4263//4263
v -0.911099 0.367446 0.924174 0.010962 0.010962 0.010962
vn -0.997014 0.022428 -0.073893
v -0.911099 0.292706 0.901488 0.010962 0.010962 0.010962
vn -0.997014 0.022428 -0.073893
v -0.918916 0.299562 1.009035 0.010962 0.010962 0.010962
vn -0.997014 0.022428 -0.073893
f 4264//4264 4265//4265 4266//4266
v -0.911099 0.367446 0.924174 0.010962 0.010962 0.010962
vn -0.996599 0.013031 -0.081372
v -0.918916 0.299562 1.009035 0.010962 0.010962 0.010962
vn -0.996599 0.013031 -0.081372
v -0.918916 0.374233 1.020992 0.010962 0.010962 0.010962
vn -0.996599 0.013031 -0.081372
f 4267//4267 4268//4268 4269//4269
v -0.916346 0.365802 -0.921122 0.010962 0.010962 0.010962
vn -0.997276 0.004160 -0.073645
v -0.911832 0.385216 -0.981153 0.010962 0.010962 0.010962
vn -0.997276 0.004160 -0.073645
v -0.911832 0.320070 -0.984833 0.010962 0.010962 0.010962
vn -0.997276 0.004160 -0.073645
f 4270//4270 4271//4271 4272//4272
v -0.916346 0.365802 -0.921122 0.010962 0.010962 0.010962
vn -0.997374 0.002402 -0.072390
v -0.911832 0.320070 -0.984833 0.010962 0.010962 0.010962
vn -0.997374 0.002402 -0.072390
v -0.916346 0.297059 -0.923402 0.010962 0.010962 0.010962
vn -0.997374 0.002402 -0.072390
f 4273//4273 4274//4274 4275//4275
v -0.918916 0.299562 1.009035 0.010962 0.010962 0.010962
vn -0.998685 -0.007523 0.050704
v -0.915166 0.299562 1.082890 0.010962 0.010962 0.010962
vn -0.998685 -0.007523 0.050704
v -0.915166 0.367256 1.092934 0.010962 0.010962 0.010962
vn -0.998685 -0.007523 0.050704
f 4276//4276 4277//4277 4278//4278
v -0.918916 0.299562 1.009035 0.010962 0.010962 0.010962
vn -0.998652 -0.008208 0.051256
v -0.915166 0.367256 1.092934 0.010962 0.010962 0.010962
vn -0.998652 -0.008208 0.051256
v -0.918916 0.374233 1.020992 0.010962 0.010962 0.010962
vn -0.998652 -0.008208 0.051256
f 4279//4279 4280//4280 4281//4281
v -0.894190 0.319958 -0.983296 0.010962 0.010962 0.010962
vn 0.087028 0.056187 -0.994620
v -0.911832 0.320070 -0.984833 0.010962 0.010962 0.010962
vn 0.087028 0.056187 -0.994620
v -0.911832 0.385216 -0.981153 0.010962 0.010962 0.010962
vn 0.087028 0.056187 -0.994620
f 4282//4282 4283//4283 4284//4284
v -0.894190 0.319958 -0.983296 0.010962 0.010962 0.010962
vn 0.087028 0.056187 -0.994620
v -0.911832 0.385216 -0.981153 0.010962 0.010962 0.010962
vn 0.087028 0.056187 -0.994620
v -0.894190 0.385104 -0.979616 0.010962 0.010962 0.010962
vn 0.087028 0.056187 -0.994620
f 4285//4285 4286//4286 4287//4287
v -0.901274 0.368850 -0.175673 0.010962 0.010962 0.010962
vn -0.006104 0.999981 0.000181
v -0.915639 0.368763 -0.176429 0.010962 0.010962 0.010962
vn -0.006104 0.999981 0.000181
v -0.918916 0.368672 0.215680 0.010962 0.010962 0.010962
vn -0.006104 0.999981 0.000181
f 4288//4288 4289//4289 4290//4290
v -0.901274 0.368850 -0.175673 0.010962 0.010962 0.010962
vn -0.010120 0.999949 0.000000
v -0.918916 0.368672 0.215680 0.010962 0.010962 0.010962
vn -0.010120 0.999949 0.000000
v -0.901274 0.368850 0.217211 0.010962 0.010962 0.010962
vn -0.010120 0.999949 0.000000
f 4291//4291 4292//4292 4293//4293
v -0.901274 0.368850 0.217211 0.010962 0.010962 0.010962
vn -0.010280 0.999945 0.001843
v -0.918916 0.368672 0.215680 0.010962 0.010962 0.010962
vn -0.010280 0.999945 0.001843
v -0.911099 0.367446 0.924174 0.010962 0.010962 0.010962
vn -0.010280 0.999945 0.001843
f 4294//4294 4295//4295 4296//4296
v -0.901274 0.368850 0.217211 0.010962 0.010962 0.010962
vn -0.010215 0.999946 0.001844
v -0.911099 0.367446 0.924174 0.010962 0.010962 0.010962
vn -0.010215 0.999946 0.001844
v -0.893457 0.367624 0.925704 0.010962 0.010962 0.010962
vn -0.010215 0.999946 0.001844
f 4297//4297 4298//4298 4299//4299
v -0.898704 0.296947 -0.921866 0.010962 0.010962 0.010962
vn 0.024465 -0.936766 -0.349101
v -0.916346 0.297059 -0.923402 0.010962 0.010962 0.010962
vn 0.024465 -0.936766 -0.349101
v -0.911832 0.320070 -0.984833 0.010962 0.010962 0.010962
vn 0.024465 -0.936766 -0.349101
f 4300//4300 4301//4301 4302//4302
v -0.898704 0.296947 -0.921866 0.010962 0.010962 0.010962
vn 0.024488 -0.936763 -0.349105
v -0.911832 0.320070 -0.984833 0.010962 0.010962 0.010962
vn 0.024488 -0.936763 -0.349105
v -0.894190 0.319958 -0.983296 0.010962 0.010962 0.010962
vn 0.024488 -0.936763 -0.349105
f 4303//4303 4304//4304 4305//4305
v -0.897524 0.367435 1.094251 0.010962 0.010962 0.010962
vn -0.072200 -0.146378 0.986590
v -0.915166 0.367256 1.092934 0.010962 0.010962 0.010962
vn -0.072200 -0.146378 0.986590
v -0.915166 0.299562 1.082890 0.010962 0.010962 0.010962
vn -0.072200 -0.146378 0.986590
f 4306//4306 4307//4307 4308//4308
v -0.897524 0.367435 1.094251 0.010962 0.010962 0.010962
vn -0.072200 -0.146378 0.986590
v -0.915166 0.299562 1.082890 0.010962 0.010962 0.010962
vn -0.072200 -0.146378 0.986590
v -0.897524 0.299741 1.084208 0.010962 0.010962 0.010962
vn -0.072200 -0.146378 0.986590
f 4309//4309 4310//4310 4311//4311
v -0.901274 0.299741 1.010352 0.010962 0.010962 0.010962
vn 0.005320 -0.997935 0.064008
v -0.918916 0.299562 1.009035 0.010962 0.010962 0.010962
vn 0.005320 -0.997935 0.064008
v -0.911099 0.292706 0.901488 0.010962 0.010962 0.010962
vn 0.005320 -0.997935 0.064008
f 4312//4312 4313//4313 4314//4314
v -0.901274 0.299741 1.010352 0.010962 0.010962 0.010962
vn 0.004475 -0.997934 0.064084
v -0.911099 0.292706 0.901488 0.010962 0.010962 0.010962
vn 0.004475 -0.997934 0.064084
v -0.893457 0.292883 0.903019 0.010962 0.010962 0.010962
vn 0.004475 -0.997934 0.064084
f 4315//4315 4316//4316 4317//4317
v -0.901274 0.292883 0.202871 0.010962 0.010962 0.010962
vn 0.010055 -0.999949 0.000000
v -0.918916 0.292706 0.201340 0.010962 0.010962 0.010962
vn 0.010055 -0.999949 0.000000
v -0.918916 0.292706 -0.189405 0.010962 0.010962 0.010962
vn 0.010055 -0.999949 0.000000
f 4318//4318 4319//4319 4320//4320
v -0.901274 0.292883 0.202871 0.010962 0.010962 0.010962
vn 0.010055 -0.999949 0.000000
v -0.918916 0.292706 -0.189405 0.010962 0.010962 0.010962
vn 0.010055 -0.999949 0.000000
v -0.901274 0.292883 -0.187873 0.010962 0.010962 0.010962
vn 0.010055 -0.999949 0.000000
f 4321//4321 4322//4322 4323//4323
v -0.901274 0.374412 1.022310 0.010962 0.010962 0.010962
vn -0.017346 0.995093 0.097415
v -0.918916 0.374233 1.020992 0.010962 0.010962 0.010962
vn -0.017346 0.995093 0.097415
v -0.915166 0.367256 1.092934 0.010962 0.010962 0.010962
vn -0.017346 0.995093 0.097415
f 4324//4324 4325//4325 4326//4326
v -0.901274 0.374412 1.022310 0.010962 0.010962 0.010962
vn -0.017346 0.995093 0.097415
v -0.915166 0.367256 1.092934 0.010962 0.010962 0.010962
vn -0.017346 0.995093 0.097415
v -0.897524 0.367435 1.094251 0.010962 0.010962 0.010962
vn -0.017346 0.995093 0.097415
f 4327//4327 4328//4328 4329//4329
v -0.897524 0.299741 1.084208 0.010962 0.010962 0.010962
vn 0.010159 -0.999948 -0.000516
v -0.915166 0.299562 1.082890 0.010962 0.010962 0.010962
vn 0.010159 -0.999948 -0.000516
v -0.918916 0.299562 1.009035 0.010962 0.010962 0.010962
vn 0.010159 -0.999948 -0.000516
f 4330//4330 4331//4331 4332//4332
v -0.897524 0.299741 1.084208 0.010962 0.010962 0.010962
vn 0.010159 -0.999948 -0.000516
v -0.918916 0.299562 1.009035 0.010962 0.010962 0.010962
vn 0.010159 -0.999948 -0.000516
v -0.901274 0.299741 1.010352 0.010962 0.010962 0.010962
vn 0.010159 -0.999948 -0.000516
f 4333//4333 4334//4334 4335//4335
v -0.865603 0.374108 1.948839 0.010962 0.010962 0.010962
vn -0.995373 -0.020652 0.093837
v -0.872296 0.367131 1.876309 0.010962 0.010962 0.010962
vn -0.995373 -0.020652 0.093837
v -0.870236 0.299435 1.883258 0.010962 0.010962 0.010962
vn -0.995373 -0.020652 0.093837
f 4336//4336 4337//4337 4338//4338
v -0.865603 0.374108 1.948839 0.010962 0.010962 0.010962
vn -0.995186 -0.022107 0.095480
v -0.870236 0.299435 1.883258 0.010962 0.010962 0.010962
vn -0.995186 -0.022107 0.095480
v -0.863150 0.299435 1.957113 0.010962 0.010962 0.010962
vn -0.995186 -0.022107 0.095480
f 4339//4339 4340//4340 4341//4341
v -0.865603 0.374108 1.948839 0.010962 0.010962 0.010962
vn -0.810888 0.038073 0.583961
v -0.863150 0.299435 1.957113 0.010962 0.010962 0.010962
vn -0.810888 0.038073 0.583961
v -0.797549 0.296007 2.048431 0.010962 0.010962 0.010962
vn -0.810888 0.038073 0.583961
f 4342//4342 4343//4343 4344//4344
v -0.865603 0.374108 1.948839 0.010962 0.010962 0.010962
vn -0.818809 0.018185 0.573778
v -0.797549 0.296007 2.048431 0.010962 0.010962 0.010962
vn -0.818809 0.018185 0.573778
v -0.798775 0.371327 2.044294 0.010962 0.010962 0.010962
vn -0.818809 0.018185 0.573778
f 4345//4345 4346//4346 4347//4347
v -0.798775 0.371327 2.044294 0.010962 0.010962 0.010962
vn -0.934305 0.004370 0.356449
v -0.797549 0.296007 2.048431 0.010962 0.010962 0.010962
vn -0.934305 0.004370 0.356449
v -0.741907 0.293680 2.194305 0.010962 0.010962 0.010962
vn -0.934305 0.004370 0.356449
f 4348//4348 4349//4349 4350//4350
v -0.798775 0.371327 2.044294 0.010962 0.010962 0.010962
vn -0.934829 0.001372 0.355095
v -0.741907 0.293680 2.194305 0.010962 0.010962 0.010962
vn -0.934829 0.001372 0.355095
v -0.741814 0.369423 2.194256 0.010962 0.010962 0.010962
vn -0.934829 0.001372 0.355095
f 4351//4351 4352//4352 4353//4353
v -0.436909 0.368546 2.346758 0.010962 0.010962 0.010962
vn -0.031239 -0.005446 0.999497
v -0.423666 0.292579 2.346758 0.010962 0.010962 0.010962
vn -0.031239 -0.005446 0.999497
v 0.000000 0.292579 2.360000 0.010962 0.010962 0.010962
vn -0.031239 -0.005446 0.999497
f 4354//4354 4355//4355 4356//4356
v -0.436909 0.368546 2.346758 0.010962 0.010962 0.010962
vn -0.030294 0.000000 0.999541
v 0.000000 0.292579 2.360000 0.010962 0.010962 0.010962
vn -0.030294 0.000000 0.999541
v 0.000000 0.368546 2.360000 0.010962 0.010962 0.010962
vn -0.030294 0.000000 0.999541
f 4357//4357 4358//4358 4359//4359
v 0.000000 0.292883 2.328411 0.010962 0.010962 0.010962
vn 0.000301 -0.999954 -0.009627
v 0.000000 0.292579 2.360000 0.010962 0.010962 0.010962
vn 0.000301 -0.999954 -0.009627
v -0.423666 0.292579 2.346758 0.010962 0.010962 0.010962
vn 0.000301 -0.999954 -0.009627
f 4360//4360 4361//4361 4362//4362
v 0.000000 0.292883 2.328411 0.010962 0.010962 0.010962
vn 0.000302 -0.999954 -0.009605
v -0.423666 0.292579 2.346758 0.010962 0.010962 0.010962
vn 0.000302 -0.999954 -0.009605
v -0.421349 0.292883 2.315170 0.010962 0.010962 0.010962
vn 0.000302 -0.999954 -0.009605
f 4363//4363 4364//4364 4365//4365
v -0.833575 0.299741 1.925525 0.010962 0.010962 0.010962
vn 0.009362 -0.999956 -0.000898
v -0.863150 0.299435 1.957113 0.010962 0.010962 0.010962
vn 0.009362 -0.999956 -0.000898
v -0.870236 0.299435 1.883258 0.010962 0.010962 0.010962
vn 0.009362 -0.999956 -0.000898
f 4366//4366 4367//4367 4368//4368
v -0.833575 0.299741 1.925525 0.010962 0.010962 0.010962
vn 0.009362 -0.999956 -0.000898
v -0.870236 0.299435 1.883258 0.010962 0.010962 0.010962
vn 0.009362 -0.999956 -0.000898
v -0.840661 0.299741 1.851669 0.010962 0.010962 0.010962
vn 0.009362 -0.999956 -0.000898
f 4369//4369 4370//4370 4371//4371
v -0.618552 0.368850 2.247287 0.010962 0.010962 0.010962
vn -0.002378 0.999970 0.007400
v -0.648127 0.368546 2.278875 0.010962 0.010962 0.010962
vn -0.002378 0.999970 0.007400
v -0.436909 0.368546 2.346758 0.010962 0.010962 0.010962
vn -0.002378 0.999970 0.007400
f 4372//4372 4373//4373 4374//4374
v -0.618552 0.368850 2.247287 0.010962 0.010962 0.010962
vn -0.003976 0.999939 0.010318
v -0.436909 0.368546 2.346758 0.010962 0.010962 0.010962
vn -0.003976 0.999939 0.010318
v -0.442400 0.368850 2.315170 0.010962 0.010962 0.010962
vn -0.003976 0.999939 0.010318
f 4375//4375 4376//4376 4377//4377
v -0.648127 0.368546 2.278875 0.010962 0.010962 0.010962
vn -0.289479 0.000000 0.957184
v -0.648127 0.292579 2.278875 0.010962 0.010962 0.010962
vn -0.289479 0.000000 0.957184
v -0.423666 0.292579 2.346758 0.010962 0.010962 0.010962
vn -0.289479 0.000000 0.957184
f 4378//4378 4379//4379 4380//4380
v -0.648127 0.368546 2.278875 0.010962 0.010962 0.010962
vn -0.305541 -0.053264 0.950688
v -0.423666 0.292579 2.346758 0.010962 0.010962 0.010962
vn -0.305541 -0.053264 0.950688
v -0.436909 0.368546 2.346758 0.010962 0.010962 0.010962
vn -0.305541 -0.053264 0.950688
f 4381//4381 4382//4382 4383//4383
v -0.383304 0.299741 1.925525 0.010962 0.010962 0.010962
vn 0.005860 -0.999838 -0.017024
v -0.421349 0.292883 2.315170 0.010962 0.010962 0.010962
vn 0.005860 -0.999838 -0.017024
v -0.618552 0.292883 2.247287 0.010962 0.010962 0.010962
vn 0.005860 -0.999838 -0.017024
f 4384//4384 4385//4385 4386//4386
v -0.383304 0.299741 1.925525 0.010962 0.010962 0.010962
vn 0.000000 -0.999773 -0.021308
v -0.618552 0.292883 2.247287 0.010962 0.010962 0.010962
vn 0.000000 -0.999773 -0.021308
v -0.607494 0.299741 1.925525 0.010962 0.010962 0.010962
vn 0.000000 -0.999773 -0.021308
f 4387//4387 4388//4388 4389//4389
v -0.842721 0.367435 1.844719 0.010962 0.010962 0.010962
vn -0.101975 0.991069 -0.085930
v -0.872296 0.367131 1.876309 0.010962 0.010962 0.010962
vn -0.101975 0.991069 -0.085930
v -0.865603 0.374108 1.948839 0.010962 0.010962 0.010962
vn -0.101975 0.991069 -0.085930
f 4390//4390 4391//4391 4392//4392
v -0.842721 0.367435 1.844719 0.010962 0.010962 0.010962
vn -0.101971 0.991069 -0.085929
v -0.865603 0.374108 1.948839 0.010962 0.010962 0.010962
vn -0.101971 0.991069 -0.085929
v -0.836028 0.374412 1.917250 0.010962 0.010962 0.010962
vn -0.101971 0.991069 -0.085929
f 4393//4393 4394//4394 4395//4395
v -0.557338 0.507745 -2.236906 0.010962 0.010962 0.010962
vn -0.759159 0.000000 -0.650905
v -0.557338 0.472096 -2.236906 0.010962 0.010962 0.010962
vn -0.759159 0.000000 -0.650905
v -0.763080 0.450141 -1.996946 0.010962 0.010962 0.010962
vn -0.759159 0.000000 -0.650905
f 4396//4396 4397//4397 4398//4398
v -0.557338 0.507745 -2.236906 0.010962 0.010962 0.010962
vn -0.759159 0.000000 -0.650905
v -0.763080 0.450141 -1.996946 0.010962 0.010962 0.010962
vn -0.759159 0.000000 -0.650905
v -0.763080 0.489937 -1.996946 0.010962 0.010962 0.010962
vn -0.759159 0.000000 -0.650905
f 4399//4399 4400//4400 4401//4401
v 0.000000 0.507745 -2.360000 0.010962 0.010962 0.010962
vn -0.104907 0.000000 -0.994482
v 0.000000 0.472096 -2.360000 0.010962 0.010962 0.010962
vn -0.104907 0.000000 -0.994482
v -0.340341 0.472096 -2.324098 0.010962 0.010962 0.010962
vn -0.104907 0.000000 -0.994482
f 4402//4402 4403//4403 4404//4404
v 0.000000 0.507745 -2.360000 0.010962 0.010962 0.010962
vn -0.104907 0.000000 -0.994482
v -0.340341 0.472096 -2.324098 0.010962 0.010962 0.010962
vn -0.104907 0.000000 -0.994482
v -0.340341 0.507745 -2.324098 0.010962 0.010962 0.010962
vn -0.104907 0.000000 -0.994482
f 4405//4405 4406//4406 4407//4407
v -0.340341 0.507745 -2.324098 0.010962 0.010962 0.010962
vn -0.372841 0.000000 -0.927895
v -0.340341 0.472096 -2.324098 0.010962 0.010962 0.010962
vn -0.372841 0.000000 -0.927895
v -0.557338 0.472096 -2.236906 0.010962 0.010962 0.010962
vn -0.372841 0.000000 -0.927895
f 4408//4408 4409//4409 4410//4410
v -0.340341 0.507745 -2.324098 0.010962 0.010962 0.010962
vn -0.372841 0.000000 -0.927895
v -0.557338 0.472096 -2.236906 0.010962 0.010962 0.010962
vn -0.372841 0.000000 -0.927895
v -0.557338 0.507745 -2.236906 0.010962 0.010962 0.010962
vn -0.372841 0.000000 -0.927895
f 4411//4411 4412//4412 4413//4413
v -0.763080 0.489937 -1.996946 0.010962 0.010962 0.010962
vn -0.866518 0.000000 -0.499146
v -0.763080 0.450141 -1.996946 0.010962 0.010962 0.010962
vn -0.866518 0.000000 -0.499146
v -0.833671 0.414502 -1.874399 0.010962 0.010962 0.010962
vn -0.866518 0.000000 -0.499146
f 4414//4414 4415//4415 4416//4416
v -0.763080 0.489937 -1.996946 0.010962 0.010962 0.010962
vn -0.871781 0.020659 -0.489460
v -0.833671 0.414502 -1.874399 0.010962 0.010962 0.010962
vn -0.871781 0.020659 -0.489460
v -0.833671 0.461683 -1.872408 0.010962 0.010962 0.010962
vn -0.871781 0.020659 -0.489460
f 4417//4417 4418//4418 4419//4419
v -0.833671 0.414502 -1.874399 0.010962 0.010962 0.010962
vn -0.996610 0.003433 -0.082201
v -0.838185 0.407979 -1.819943 0.010962 0.010962 0.010962
vn -0.996610 0.003433 -0.082201
v -0.838185 0.456409 -1.817920 0.010962 0.010962 0.010962
vn -0.996610 0.003433 -0.082201
f 4420//4420 4421//4421 4422//4422
v -0.833671 0.414502 -1.874399 0.010962 0.010962 0.010962
vn -0.996607 0.003471 -0.082229
v -0.838185 0.456409 -1.817920 0.010962 0.010962 0.010962
vn -0.996607 0.003471 -0.082229
v -0.833671 0.461683 -1.872408 0.010962 0.010962 0.010962
vn -0.996607 0.003471 -0.082229
f 4423//4423 4424//4424 4425//4425
v -0.541706 0.471755 -2.214064 0.010962 0.010962 0.010962
vn -0.004704 -0.999920 -0.011707
v -0.557338 0.472096 -2.236906 0.010962 0.010962 0.010962
vn -0.004704 -0.999920 -0.011707
v -0.340341 0.472096 -2.324098 0.010962 0.010962 0.010962
vn -0.004704 -0.999920 -0.011707
f 4426//4426 4427//4427 4428//4428
v -0.541706 0.471755 -2.214064 0.010962 0.010962 0.010962
vn -0.004704 -0.999920 -0.011707
v -0.340341 0.472096 -2.324098 0.010962 0.010962 0.010962
vn -0.004704 -0.999920 -0.011707
v -0.324709 0.471755 -2.301256 0.010962 0.010962 0.010962
vn -0.004704 -0.999920 -0.011707
f 4429//4429 4430//4430 4431//4431
v -0.324709 0.507404 -2.301256 0.010962 0.010962 0.010962
vn 0.004704 0.999920 0.011707
v -0.340341 0.507745 -2.324098 0.010962 0.010962 0.010962
vn 0.004704 0.999920 0.011707
v -0.557338 0.507745 -2.236906 0.010962 0.010962 0.010962
vn 0.004704 0.999920 0.011707
f 4432//4432 4433//4433 4434//4434
v -0.324709 0.507404 -2.301256 0.010962 0.010962 0.010962
vn 0.004704 0.999920 0.011708
v -0.557338 0.507745 -2.236906 0.010962 0.010962 0.010962
vn 0.004704 0.999920 0.011708
v -0.541706 0.507404 -2.214064 0.010962 0.010962 0.010962
vn 0.004704 0.999920 0.011708
f 4435//4435 4436//4436 4437//4437
v -0.822553 0.458712 -1.795187 0.010962 0.010962 0.010962
vn -0.822640 -0.023727 0.568067
v -0.838185 0.456409 -1.817920 0.010962 0.010962 0.010962
vn -0.822640 -0.023727 0.568067
v -0.838185 0.407979 -1.819943 0.010962 0.010962 0.010962
vn -0.822640 -0.023727 0.568067
f 4438//4438 4439//4439 4440//4440
v -0.822553 0.458712 -1.795187 0.010962 0.010962 0.010962
vn -0.822640 -0.023728 0.568067
v -0.838185 0.407979 -1.819943 0.010962 0.010962 0.010962
vn -0.822640 -0.023728 0.568067
v -0.822553 0.410284 -1.797209 0.010962 0.010962 0.010962
vn -0.822640 -0.023728 0.568067
f 4441//4441 4442//4442 4443//4443
v -0.541706 0.507404 -2.214064 0.010962 0.010962 0.010962
vn -0.038391 0.998414 0.041178
v -0.557338 0.507745 -2.236906 0.010962 0.010962 0.010962
vn -0.038391 0.998414 0.041178
v -0.763080 0.489937 -1.996946 0.010962 0.010962 0.010962
vn -0.038391 0.998414 0.041178
f 4444//4444 4445//4445 4446//4446
v -0.541706 0.507404 -2.214064 0.010962 0.010962 0.010962
vn -0.038421 0.998414 0.041147
v -0.763080 0.489937 -1.996946 0.010962 0.010962 0.010962
vn -0.038421 0.998414 0.041147
v -0.747448 0.489597 -1.974103 0.010962 0.010962 0.010962
vn -0.038421 0.998414 0.041147
f 4447//4447 4448//4448 4449//4449
v 0.000000 0.507404 -2.337159 0.010962 0.010962 0.010962
vn 0.001575 0.999887 0.014926
v 0.000000 0.507745 -2.360000 0.010962 0.010962 0.010962
vn 0.001575 0.999887 0.014926
v -0.340341 0.507745 -2.324098 0.010962 0.010962 0.010962
vn 0.001575 0.999887 0.014926
f 4450//4450 4451//4451 4452//4452
v 0.000000 0.507404 -2.337159 0.010962 0.010962 0.010962
vn 0.001534 0.999903 0.013876
v -0.340341 0.507745 -2.324098 0.010962 0.010962 0.010962
vn 0.001534 0.999903 0.013876
v -0.324709 0.507404 -2.301256 0.010962 0.010962 0.010962
vn 0.001534 0.999903 0.013876
f 4453//4453 4454//4454 4455//4455
v -0.324709 0.471755 -2.301256 0.010962 0.010962 0.010962
vn -0.001469 -0.999902 -0.013921
v -0.340341 0.472096 -2.324098 0.010962 0.010962 0.010962
vn -0.001469 -0.999902 -0.013921
v 0.000000 0.472096 -2.360000 0.010962 0.010962 0.010962
vn -0.001469 -0.999902 -0.013921
f 4456//4456 4457//4457 4458//4458
v -0.324709 0.471755 -2.301256 0.010962 0.010962 0.010962
vn -0.001650 -0.999887 -0.014926
v 0.000000 0.472096 -2.360000 0.010962 0.010962 0.010962
vn -0.001650 -0.999887 -0.014926
v 0.000000 0.471755 -2.337159 0.010962 0.010962 0.010962
vn -0.001650 -0.999887 -0.014926
f 4459//4459 4460//4460 4461//4461
v -0.712331 0.293984 2.162717 0.010962 0.010962 0.010962
vn 0.007250 -0.999752 -0.021058
v -0.607494 0.299741 1.925525 0.010962 0.010962 0.010962
vn 0.007250 -0.999752 -0.021058
v -0.618552 0.292883 2.247287 0.010962 0.010962 0.010962
vn 0.007250 -0.999752 -0.021058
f 4462//4462 4463//4463 4464//4464
v -0.741907 0.293680 2.194305 0.010962 0.010962 0.010962
vn -0.669700 0.000000 0.742632
v -0.648127 0.292579 2.278875 0.010962 0.010962 0.010962
vn -0.669700 0.000000 0.742632
v -0.648127 0.368546 2.278875 0.010962 0.010962 0.010962
vn -0.669700 0.000000 0.742632
f 4465//4465 4466//4466 4467//4467
v -0.741907 0.293680 2.194305 0.010962 0.010962 0.010962
vn -0.670269 0.001294 0.742117
v -0.648127 0.368546 2.278875 0.010962 0.010962 0.010962
vn -0.670269 0.001294 0.742117
v -0.741814 0.369423 2.194256 0.010962 0.010962 0.010962
vn -0.670269 0.001294 0.742117
f 4468//4468 4469//4469 4470//4470
v -0.648127 0.292579 2.278875 0.010962 0.010962 0.010962
vn -0.001659 -0.999936 -0.011181
v -0.741907 0.293680 2.194305 0.010962 0.010962 0.010962
vn -0.001659 -0.999936 -0.011181
v -0.712331 0.293984 2.162717 0.010962 0.010962 0.010962
vn -0.001659 -0.999936 -0.011181
f 4471//4471 4472//4472 4473//4473
v -0.648127 0.292579 2.278875 0.010962 0.010962 0.010962
vn -0.001660 -0.999936 -0.011181
v -0.712331 0.293984 2.162717 0.010962 0.010962 0.010962
vn -0.001660 -0.999936 -0.011181
v -0.618552 0.292883 2.247287 0.010962 0.010962 0.010962
vn -0.001660 -0.999936 -0.011181
f 4474//4474 4475//4475 4476//4476
v -0.618552 0.368850 2.247287 0.010962 0.010962 0.010962
vn 0.000358 0.999950 0.009962
v -0.712239 0.369727 2.162668 0.010962 0.010962 0.010962
vn 0.000358 0.999950 0.009962
v -0.741814 0.369423 2.194256 0.010962 0.010962 0.010962
vn 0.000358 0.999950 0.009962
f 4477//4477 4478//4478 4479//4479
v -0.618552 0.368850 2.247287 0.010962 0.010962 0.010962
vn 0.000358 0.999950 0.009962
v -0.741814 0.369423 2.194256 0.010962 0.010962 0.010962
vn 0.000358 0.999950 0.009962
v -0.648127 0.368546 2.278875 0.010962 0.010962 0.010962
vn 0.000358 0.999950 0.009962
f 4480//4480 4481//4481 4482//4482
v -0.915639 0.368763 -0.176429 0.010962 0.010962 0.010962
vn -0.027760 0.999615 0.000000
v -0.918916 0.368672 -0.177204 0.010962 0.010962 0.010962
vn -0.027760 0.999615 0.000000
v -0.918916 0.368672 0.215680 0.010962 0.010962 0.010962
vn -0.027760 0.999615 0.000000
f 4483//4483 4484//4484 4485//4485
v -0.918916 0.292706 -0.848067 0.010962 0.010962 0.010962
vn -1.000000 0.000000 0.000000
v -0.918916 0.292706 -0.189405 0.010962 0.010962 0.010962
vn -1.000000 0.000000 0.000000
v -0.918916 0.368672 -0.177204 0.010962 0.010962 0.010962
vn -1.000000 0.000000 0.000000
f 4486//4486 4487//4487 4488//4488
v -0.918916 0.292706 -0.848067 0.010962 0.010962 0.010962
vn -1.000000 0.000000 0.000000
v -0.918916 0.368672 -0.177204 0.010962 0.010962 0.010962
vn -1.000000 0.000000 0.000000
v -0.918916 0.368672 -0.797404 0.010962 0.010962 0.010962
vn -1.000000 0.000000 0.000000
f 4489//4489 4490//4490 4491//4491
v -0.918916 0.368672 -0.797404 0.010962 0.010962 0.010962
vn -0.027760 0.999615 0.000000
v -0.918916 0.368672 -0.177204 0.010962 0.010962 0.010962
vn -0.027760 0.999615 0.000000
v -0.915639 0.368763 -0.176429 0.010962 0.010962 0.010962
vn -0.027760 0.999615 0.000000
f 4492//4492 4493//4493 4494//4494
v -0.918916 0.368672 -0.797404 0.010962 0.010962 0.010962
vn -0.006088 0.999981 -0.000114
v -0.915639 0.368763 -0.176429 0.010962 0.010962 0.010962
vn -0.006088 0.999981 -0.000114
v -0.901274 0.368850 -0.175673 0.010962 0.010962 0.010962
vn -0.006088 0.999981 -0.000114
f 4495//4495 4496//4496 4497//4497
v -0.918916 0.368672 -0.797404 0.010962 0.010962 0.010962
vn -0.010120 0.999949 0.000000
v -0.901274 0.368850 -0.175673 0.010962 0.010962 0.010962
vn -0.010120 0.999949 0.000000
v -0.901274 0.368850 -0.795164 0.010962 0.010962 0.010962
vn -0.010120 0.999949 0.000000
f 4498//4498 4499//4499 4500//4500
v -0.459449 1.618914 0.091444 0.010962 0.010962 0.010962
vn 1.000000 0.000000 0.000000
v -0.459449 1.618914 -0.034148 0.010962 0.010962 0.010962
vn 1.000000 0.000000 0.000000
v -0.459449 1.683260 -0.031520 0.010962 0.010962 0.010962
vn 1.000000 0.000000 0.000000
f 4501//4501 4502//4502 4503//4503
v -0.459449 1.618914 0.091444 0.010962 0.010962 0.010962
vn 1.000000 0.000000 0.000000
v -0.459449 1.683260 -0.031520 0.010962 0.010962 0.010962
vn 1.000000 0.000000 0.000000
v -0.459449 1.666975 0.094072 0.010962 0.010962 0.010962
vn 1.000000 0.000000 0.000000
f 4504//4504 4505//4505 4506//4506
v -0.459449 1.618914 -0.034148 0.010962 0.010962 0.010962
vn 0.000000 0.040814 -0.999167
v -0.508668 1.618914 -0.034148 0.010962 0.010962 0.010962
vn 0.000000 0.040814 -0.999167
v -0.508668 1.683260 -0.031520 0.010962 0.010962 0.010962
vn 0.000000 0.040814 -0.999167
f 4507//4507 4508//4508 4509//4509
v -0.459449 1.618914 -0.034148 0.010962 0.010962 0.010962
vn 0.000000 0.040814 -0.999167
v -0.508668 1.683260 -0.031520 0.010962 0.010962 0.010962
vn 0.000000 0.040814 -0.999167
v -0.459449 1.683260 -0.031520 0.010962 0.010962 0.010962
vn 0.000000 0.040814 -0.999167
f 4510//4510 4511//4511 4512//4512
v -0.508668 1.618914 -0.034148 0.010962 0.010962 0.010962
vn -1.000000 0.000000 0.000000
v -0.508668 1.618914 0.091444 0.010962 0.010962 0.010962
vn -1.000000 0.000000 0.000000
v -0.508668 1.666975 0.094072 0.010962 0.010962 0.010962
vn -1.000000 0.000000 0.000000
f 4513//4513 4514//4514 4515//4515
v -0.508668 1.618914 -0.034148 0.010962 0.010962 0.010962
vn -1.000000 0.000000 0.000000
v -0.508668 1.666975 0.094072 0.010962 0.010962 0.010962
vn -1.000000 0.000000 0.000000
v -0.508668 1.683260 -0.031520 0.010962 0.010962 0.010962
vn -1.000000 0.000000 0.000000
f 4516//4516 4517//4517 4518//4518
v -0.508668 1.618914 0.091444 0.010962 0.010962 0.010962
vn 0.000000 -0.054607 0.998508
v -0.459449 1.618914 0.091444 0.010962 0.010962 0.010962
vn 0.000000 -0.054607 0.998508
v -0.459449 1.666975 0.094072 0.010962 0.010962 0.010962
vn 0.000000 -0.054607 0.998508
f 4519//4519 4520//4520 4521//4521
v -0.508668 1.618914 0.091444 0.010962 0.010962 0.010962
vn 0.000000 -0.054607 0.998508
v -0.459449 1.666975 0.094072 0.010962 0.010962 0.010962
vn 0.000000 -0.054607 0.998508
v -0.508668 1.666975 0.094072 0.010962 0.010962 0.010962
vn 0.000000 -0.054607 0.998508
f 4522//4522 4523//4523 4524//4524
v -0.459449 1.618914 -0.034148 0.010962 0.010962 0.010962
vn 0.000000 -1.000000 0.000000
v -0.459449 1.618914 0.091444 0.010962 0.010962 0.010962
vn 0.000000 -1.000000 0.000000
v -0.508668 1.618914 0.091444 0.010962 0.010962 0.010962
vn 0.000000 -1.000000 0.000000
f 4525//4525 4526//4526 4527//4527
v -0.459449 1.618914 -0.034148 0.010962 0.010962 0.010962
vn 0.000000 -1.000000 0.000000
v -0.508668 1.618914 0.091444 0.010962 0.010962 0.010962
vn 0.000000 -1.000000 0.000000
v -0.508668 1.618914 -0.034148 0.010962 0.010962 0.010962
vn 0.000000 -1.000000 0.000000
f 4528//4528 4529//4529 4530//4530
v -0.508668 1.666975 0.094072 0.010962 0.010962 0.010962
vn -1.000000 0.000000 0.000000
v -0.508668 1.706204 0.098891 0.010962 0.010962 0.010962
vn -1.000000 0.000000 0.000000
v -0.508668 1.722489 -0.026700 0.010962 0.010962 0.010962
vn -1.000000 0.000000 0.000000
f 4531//4531 4532//4532 4533//4533
v -0.508668 1.666975 0.094072 0.010962 0.010962 0.010962
vn -1.000000 0.000000 0.000000
v -0.508668 1.722489 -0.026700 0.010962 0.010962 0.010962
vn -1.000000 0.000000 0.000000
v -0.508668 1.683260 -0.031520 0.010962 0.010962 0.010962
vn -1.000000 0.000000 0.000000
f 4534//4534 4535//4535 4536//4536
v -0.508668 1.722489 -0.026700 0.010962 0.010962 0.010962
vn 0.000000 0.991698 0.128590
v -0.508668 1.706204 0.098891 0.010962 0.010962 0.010962
vn 0.000000 0.991698 0.128590
v -0.459449 1.706204 0.098891 0.010962 0.010962 0.010962
vn 0.000000 0.991698 0.128590
f 4537//4537 4538//4538 4539//4539
v -0.508668 1.722489 -0.026700 0.010962 0.010962 0.010962
vn 0.000000 0.991698 0.128590
v -0.459449 1.706204 0.098891 0.010962 0.010962 0.010962
vn 0.000000 0.991698 0.128590
v -0.459449 1.722489 -0.026700 0.010962 0.010962 0.010962
vn 0.000000 0.991698 0.128590
f 4540//4540 4541//4541 4542//4542
v -0.459449 1.683260 -0.031520 0.010962 0.010962 0.010962
vn 1.000000 0.000000 0.000000
v -0.459449 1.722489 -0.026700 0.010962 0.010962 0.010962
vn 1.000000 0.000000 0.000000
v -0.459449 1.706204 0.098891 0.010962 0.010962 0.010962
vn 1.000000 0.000000 0.000000
f 4543//4543 4544//4544 4545//4545
v -0.459449 1.683260 -0.031520 0.010962 0.010962 0.010962
vn 1.000000 0.000000 0.000000
v -0.459449 1.706204 0.098891 0.010962 0.010962 0.010962
vn 1.000000 0.000000 0.000000
v -0.459449 1.666975 0.094072 0.010962 0.010962 0.010962
vn 1.000000 0.000000 0.000000
f 4546//4546 4547//4547 4548//4548
v -0.459449 1.666975 0.094072 0.010962 0.010962 0.010962
vn 0.000000 -0.121935 0.992538
v -0.459449 1.706204 0.098891 0.010962 0.010962 0.010962
vn 0.000000 -0.121935 0.992538
v -0.508668 1.706204 0.098891 0.010962 0.010962 0.010962
vn 0.000000 -0.121935 0.992538
f 4549//4549 4550//4550 4551//4551
v -0.459449 1.666975 0.094072 0.010962 0.010962 0.010962
vn 0.000000 -0.121935 0.992538
v -0.508668 1.706204 0.098891 0.010962 0.010962 0.010962
vn 0.000000 -0.121935 0.992538
v -0.508668 1.666975 0.094072 0.010962 0.010962 0.010962
vn 0.000000 -0.121935 0.992538
f 4552//4552 4553//4553 4554//4554
v -0.459449 1.683260 -0.031520 0.010962 0.010962 0.010962
vn 1.000000 0.000000 0.000000
v -0.459449 1.720537 -0.783222 0.010962 0.010962 0.010962
vn 1.000000 0.000000 0.000000
v -0.459449 1.760000 -0.780809 0.010962 0.010962 0.010962
vn 1.000000 0.000000 0.000000
f 4555//4555 4556//4556 4557//4557
v -0.459449 1.683260 -0.031520 0.010962 0.010962 0.010962
vn 1.000000 0.000000 0.000000
v -0.459449 1.760000 -0.780809 0.010962 0.010962 0.010962
vn 1.000000 0.000000 0.000000
v -0.459449 1.722489 -0.026700 0.010962 0.010962 0.010962
vn 1.000000 0.000000 0.000000
f 4558//4558 4559//4559 4560//4560
v -0.459449 1.720537 -0.783222 0.010962 0.010962 0.010962
vn 1.000000 0.000000 0.000000
v -0.459449 1.704777 -1.379164 0.010962 0.010962 0.010962
vn 1.000000 0.000000 0.000000
v -0.459449 1.743922 -1.384595 0.010962 0.010962 0.010962
vn 1.000000 0.000000 0.000000
f 4561//4561 4562//4562 4563//4563
v -0.459449 1.720537 -0.783222 0.010962 0.010962 0.010962
vn 1.000000 0.000000 0.000000
v -0.459449 1.743922 -1.384595 0.010962 0.010962 0.010962
vn 1.000000 0.000000 0.000000
v -0.459449 1.760000 -0.780809 0.010962 0.010962 0.010962
vn 1.000000 0.000000 0.000000
f 4564//4564 4565//4565 4566//4566
v -0.459449 1.722489 -0.026700 0.010962 0.010962 0.010962
vn 0.000000 0.998765 0.049680
v -0.459449 1.760000 -0.780809 0.010962 0.010962 0.010962
vn 0.000000 0.998765 0.049680
v -0.508668 1.760000 -0.780809 0.010962 0.010962 0.010962
vn 0.000000 0.998765 0.049680
f 4567//4567 4568//4568 4569//4569
v -0.459449 1.722489 -0.026700 0.010962 0.010962 0.010962
vn 0.000000 0.998765 0.049680
v -0.508668 1.760000 -0.780809 0.010962 0.010962 0.010962
vn 0.000000 0.998765 0.049680
v -0.508668 1.722489 -0.026700 0.010962 0.010962 0.010962
vn 0.000000 0.998765 0.049680
f 4570//4570 4571//4571 4572//4572
v -0.508668 1.683260 -0.031520 0.010962 0.010962 0.010962
vn 0.000000 -0.998773 -0.049529
v -0.508668 1.720537 -0.783222 0.010962 0.010962 0.010962
vn 0.000000 -0.998773 -0.049529
v -0.459449 1.720537 -0.783222 0.010962 0.010962 0.010962
vn 0.000000 -0.998773 -0.049529
f 4573//4573 4574//4574 4575//4575
v -0.508668 1.683260 -0.031520 0.010962 0.010962 0.010962
vn 0.000000 -0.998773 -0.049529
v -0.459449 1.720537 -0.783222 0.010962 0.010962 0.010962
vn 0.000000 -0.998773 -0.049529
v -0.459449 1.683260 -0.031520 0.010962 0.010962 0.010962
vn 0.000000 -0.998773 -0.049529
f 4576//4576 4577//4577 4578//4578
v -0.508668 1.722489 -0.026700 0.010962 0.010962 0.010962
vn -1.000000 0.000000 0.000000
v -0.508668 1.760000 -0.780809 0.010962 0.010962 0.010962
vn -1.000000 0.000000 0.000000
v -0.508668 1.720537 -0.783222 0.010962 0.010962 0.010962
vn -1.000000 0.000000 0.000000
f 4579//4579 4580//4580 4581//4581
v -0.508668 1.722489 -0.026700 0.010962 0.010962 0.010962
vn -1.000000 0.000000 0.000000
v -0.508668 1.720537 -0.783222 0.010962 0.010962 0.010962
vn -1.000000 0.000000 0.000000
v -0.508668 1.683260 -0.031520 0.010962 0.010962 0.010962
vn -1.000000 0.000000 0.000000
f 4582//4582 4583//4583 4584//4584
v -0.508668 1.743922 -1.384595 0.010962 0.010962 0.010962
vn -1.000000 0.000000 0.000000
v -0.508668 1.740304 -1.507642 0.010962 0.010962 0.010962
vn -1.000000 0.000000 0.000000
v -0.508668 1.700764 -1.507951 0.010962 0.010962 0.010962
vn -1.000000 0.000000 0.000000
f 4585//4585 4586//4586 4587//4587
v -0.508668 1.743922 -1.384595 0.010962 0.010962 0.010962
vn -1.000000 0.000000 0.000000
v -0.508668 1.700764 -1.507951 0.010962 0.010962 0.010962
vn -1.000000 0.000000 0.000000
v -0.508668 1.704777 -1.379164 0.010962 0.010962 0.010962
vn -1.000000 0.000000 0.000000
f 4588//4588 4589//4589 4590//4590
v -0.459449 1.760000 -0.780809 0.010962 0.010962 0.010962
vn 0.000000 0.999646 -0.026619
v -0.459449 1.743922 -1.384595 0.010962 0.010962 0.010962
vn 0.000000 0.999646 -0.026619
v -0.508668 1.743922 -1.384595 0.010962 0.010962 0.010962
vn 0.000000 0.999646 -0.026619
f 4591//4591 4592//4592 4593//4593
v -0.459449 1.760000 -0.780809 0.010962 0.010962 0.010962
vn 0.000000 0.999646 -0.026619
v -0.508668 1.743922 -1.384595 0.010962 0.010962 0.010962
vn 0.000000 0.999646 -0.026619
v -0.508668 1.760000 -0.780809 0.010962 0.010962 0.010962
vn 0.000000 0.999646 -0.026619
f 4594//4594 4595//4595 4596//4596
v -0.508668 1.760000 -0.780809 0.010962 0.010962 0.010962
vn -1.000000 0.000000 0.000000
v -0.508668 1.743922 -1.384595 0.010962 0.010962 0.010962
vn -1.000000 0.000000 0.000000
v -0.508668 1.704777 -1.379164 0.010962 0.010962 0.010962
vn -1.000000 0.000000 0.000000
f 4597//4597 4598//4598 4599//4599
v -0.508668 1.760000 -0.780809 0.010962 0.010962 0.010962
vn -1.000000 0.000000 0.000000
v -0.508668 1.704777 -1.379164 0.010962 0.010962 0.010962
vn -1.000000 0.000000 0.000000
v -0.508668 1.720537 -0.783222 0.010962 0.010962 0.010962
vn -1.000000 0.000000 0.000000
f 4600//4600 4601//4601 4602//4602
v -0.508668 1.720537 -0.783222 0.010962 0.010962 0.010962
vn 0.000000 -0.999651 0.026436
v -0.508668 1.704777 -1.379164 0.010962 0.010962 0.010962
vn 0.000000 -0.999651 0.026436
v -0.459449 1.704777 -1.379164 0.010962 0.010962 0.010962
vn 0.000000 -0.999651 0.026436
f 4603//4603 4604//4604 4605//4605
v -0.508668 1.720537 -0.783222 0.010962 0.010962 0.010962
vn 0.000000 -0.999651 0.026436
v -0.459449 1.704777 -1.379164 0.010962 0.010962 0.010962
vn 0.000000 -0.999651 0.026436
v -0.459449 1.720537 -0.783222 0.010962 0.010962 0.010962
vn 0.000000 -0.999651 0.026436
f 4606//4606 4607//4607 4608//4608
v -0.508668 1.700764 -1.507951 0.010962 0.010962 0.010962
vn 0.000000 0.007798 -0.999970
v -0.508668 1.740304 -1.507642 0.010962 0.010962 0.010962
vn 0.000000 0.007798 -0.999970
v -0.459449 1.740304 -1.507642 0.010962 0.010962 0.010962
vn 0.000000 0.007798 -0.999970
f 4609//4609 4610//4610 4611//4611
v -0.508668 1.700764 -1.507951 0.010962 0.010962 0.010962
vn 0.000000 0.007798 -0.999970
v -0.459449 1.740304 -1.507642 0.010962 0.010962 0.010962
vn 0.000000 0.007798 -0.999970
v -0.459449 1.700764 -1.507951 0.010962 0.010962 0.010962
vn 0.000000 0.007798 -0.999970
f 4612//4612 4613//4613 4614//4614
v -0.508668 1.704777 -1.379164 0.010962 0.010962 0.010962
vn 0.000000 0.026840 0.999640
v -0.508668 1.618914 -1.376858 0.010962 0.010962 0.010962
vn 0.000000 0.026840 0.999640
v -0.459449 1.618914 -1.376858 0.010962 0.010962 0.010962
vn 0.000000 0.026840 0.999640
f 4615//4615 4616//4616 4617//4617
v -0.508668 1.704777 -1.379164 0.010962 0.010962 0.010962
vn 0.000000 0.026840 0.999640
v -0.459449 1.618914 -1.376858 0.010962 0.010962 0.010962
vn 0.000000 0.026840 0.999640
v -0.459449 1.704777 -1.379164 0.010962 0.010962 0.010962
vn 0.000000 0.026840 0.999640
f 4618//4618 4619//4619 4620//4620
v -0.459449 1.704777 -1.379164 0.010962 0.010962 0.010962
vn 1.000000 0.000000 0.000000
v -0.459449 1.700764 -1.507951 0.010962 0.010962 0.010962
vn 1.000000 0.000000 0.000000
v -0.459449 1.740304 -1.507642 0.010962 0.010962 0.010962
vn 1.000000 0.000000 0.000000
f 4621//4621 4622//4622 4623//4623
v -0.459449 1.704777 -1.379164 0.010962 0.010962 0.010962
vn 1.000000 0.000000 0.000000
v -0.459449 1.740304 -1.507642 0.010962 0.010962 0.010962
vn 1.000000 0.000000 0.000000
v -0.459449 1.743922 -1.384595 0.010962 0.010962 0.010962
vn 1.000000 0.000000 0.000000
f 4624//4624 4625//4625 4626//4626
v -0.459449 1.743922 -1.384595 0.010962 0.010962 0.010962
vn 0.000000 0.999568 -0.029393
v -0.459449 1.740304 -1.507642 0.010962 0.010962 0.010962
vn 0.000000 0.999568 -0.029393
v -0.508668 1.740304 -1.507642 0.010962 0.010962 0.010962
vn 0.000000 0.999568 -0.029393
f 4627//4627 4628//4628 4629//4629
v -0.459449 1.743922 -1.384595 0.010962 0.010962 0.010962
vn 0.000000 0.999568 -0.029393
v -0.508668 1.740304 -1.507642 0.010962 0.010962 0.010962
vn 0.000000 0.999568 -0.029393
v -0.508668 1.743922 -1.384595 0.010962 0.010962 0.010962
vn 0.000000 0.999568 -0.029393
f 4630//4630 4631//4631 4632//4632
v -0.508668 1.618914 -1.376858 0.010962 0.010962 0.010962
vn 0.000000 -1.000000 0.000000
v -0.508668 1.618914 -1.505644 0.010962 0.010962 0.010962
vn 0.000000 -1.000000 0.000000
v -0.459449 1.618914 -1.505644 0.010962 0.010962 0.010962
vn 0.000000 -1.000000 0.000000
f 4633//4633 4634//4634 4635//4635
v -0.508668 1.618914 -1.376858 0.010962 0.010962 0.010962
vn 0.000000 -1.000000 0.000000
v -0.459449 1.618914 -1.505644 0.010962 0.010962 0.010962
vn 0.000000 -1.000000 0.000000
v -0.459449 1.618914 -1.376858 0.010962 0.010962 0.010962
vn 0.000000 -1.000000 0.000000
f 4636//4636 4637//4637 4638//4638
v -0.459449 1.704777 -1.379164 0.010962 0.010962 0.010962
vn 1.000000 0.000000 0.000000
v -0.459449 1.618914 -1.376858 0.010962 0.010962 0.010962
vn 1.000000 0.000000 0.000000
v -0.459449 1.618914 -1.505644 0.010962 0.010962 0.010962
vn 1.000000 0.000000 0.000000
f 4639//4639 4640//4640 4641//4641
v -0.459449 1.704777 -1.379164 0.010962 0.010962 0.010962
vn 1.000000 0.000000 0.000000
v -0.459449 1.618914 -1.505644 0.010962 0.010962 0.010962
vn 1.000000 0.000000 0.000000
v -0.459449 1.700764 -1.507951 0.010962 0.010962 0.010962
vn 1.000000 0.000000 0.000000
f 4642//4642 4643//4643 4644//4644
v -0.508668 1.700764 -1.507951 0.010962 0.010962 0.010962
vn -1.000000 0.000000 0.000000
v -0.508668 1.618914 -1.505644 0.010962 0.010962 0.010962
vn -1.000000 0.000000 0.000000
v -0.508668 1.618914 -1.376858 0.010962 0.010962 0.010962
vn -1.000000 0.000000 0.000000
f 4645//4645 4646//4646 4647//4647
v -0.508668 1.700764 -1.507951 0.010962 0.010962 0.010962
vn -1.000000 0.000000 0.000000
v -0.508668 1.618914 -1.376858 0.010962 0.010962 0.010962
vn -1.000000 0.000000 0.000000
v -0.508668 1.704777 -1.379164 0.010962 0.010962 0.010962
vn -1.000000 0.000000 0.000000
f 4648//4648 4649//4649 4650//4650
v -0.459449 1.700764 -1.507951 0.010962 0.010962 0.010962
vn 0.000000 -0.028169 -0.999603
v -0.459449 1.618914 -1.505644 0.010962 0.010962 0.010962
vn 0.000000 -0.028169 -0.999603
v -0.508668 1.618914 -1.505644 0.010962 0.010962 0.010962
vn 0.000000 -0.028169 -0.999603
f 4651//4651 4652//4652 4653//4653
v -0.459449 1.700764 -1.507951 0.010962 0.010962 0.010962
vn 0.000000 -0.028169 -0.999603
v -0.508668 1.618914 -1.505644 0.010962 0.010962 0.010962
vn 0.000000 -0.028169 -0.999603
v -0.508668 1.700764 -1.507951 0.010962 0.010962 0.010962
vn 0.000000 -0.028169 -0.999603
f 4654//4654 4655//4655 4656//4656
g Grey
v 0.364672 0.611771 2.282673 0.161245 0.161245 0.161245
vn 0.036035 -0.004423 0.999341
v 0.291968 0.632548 2.285387 0.161245 0.161245 0.161245
vn 0.036035 -0.004423 0.999341
v 0.000000 0.632548 2.295915 0.161245 0.161245 0.161245
vn 0.036035 -0.004423 0.999341
f 4657//4657 4658//4658 4659//4659
v 0.364672 0.611771 2.282673 0.161245 0.161245 0.161245
vn 0.036287 0.000000 0.999341
v 0.000000 0.632548 2.295915 0.161245 0.161245 0.161245
vn 0.036287 0.000000 0.999341
v 0.000000 0.368473 2.295915 0.161245 0.161245 0.161245
vn 0.036287 0.000000 0.999341
f 4660//4660 4661//4661 4662//4662
v 0.364672 0.611771 2.282673 0.161245 0.161245 0.161245
vn 0.030025 0.009394 0.999505
v 0.000000 0.368473 2.295915 0.161245 0.161245 0.161245
vn 0.030025 0.009394 0.999505
v 0.440796 0.368473 2.282673 0.161245 0.161245 0.161245
vn 0.030025 0.009394 0.999505
f 4663//4663 4664//4664 4665//4665
v 0.000000 0.621494 -2.298478 0.161245 0.161245 0.161245
vn 0.094896 0.221362 -0.970564
v 0.000000 0.837506 -2.249211 0.161245 0.161245 0.161245
vn 0.094896 0.221362 -0.970564
v 0.287629 0.837506 -2.221088 0.161245 0.161245 0.161245
vn 0.094896 0.221362 -0.970564
f 4666//4666 4667//4667 4668//4668
v 0.000000 0.621494 -2.298478 0.161245 0.161245 0.161245
vn 0.094899 0.221357 -0.970564
v 0.287629 0.837506 -2.221088 0.161245 0.161245 0.161245
vn 0.094899 0.221357 -0.970564
v 0.287629 0.621494 -2.270354 0.161245 0.161245 0.161245
vn 0.094899 0.221357 -0.970564
f 4669//4669 4670//4670 4671//4671
v -0.364673 0.611771 2.282673 0.161245 0.161245 0.161245
vn -0.030025 0.009394 0.999505
v -0.440796 0.368473 2.282673 0.161245 0.161245 0.161245
vn -0.030025 0.009394 0.999505
v 0.000000 0.368473 2.295915 0.161245 0.161245 0.161245
vn -0.030025 0.009394 0.999505
f 4672//4672 4673//4673 4674//4674
v -0.364673 0.611771 2.282673 0.161245 0.161245 0.161245
vn -0.036287 0.000000 0.999341
v 0.000000 0.368473 2.295915 0.161245 0.161245 0.161245
vn -0.036287 0.000000 0.999341
v 0.000000 0.632548 2.295915 0.161245 0.161245 0.161245
vn -0.036287 0.000000 0.999341
f 4675//4675 4676//4676 4677//4677
v -0.364673 0.611771 2.282673 0.161245 0.161245 0.161245
vn -0.036035 -0.004424 0.999341
v 0.000000 0.632548 2.295915 0.161245 0.161245 0.161245
vn -0.036035 -0.004424 0.999341
v -0.291969 0.632548 2.285387 0.161245 0.161245 0.161245
vn -0.036035 -0.004424 0.999341
f 4678//4678 4679//4679 4680//4680
v 0.000000 0.621494 -2.298478 0.161245 0.161245 0.161245
vn -0.094899 0.221357 -0.970564
v -0.287629 0.621494 -2.270354 0.161245 0.161245 0.161245
vn -0.094899 0.221357 -0.970564
v -0.287629 0.837506 -2.221088 0.161245 0.161245 0.161245
vn -0.094899 0.221357 -0.970564
f 4681//4681 4682//4682 4683//4683
v 0.000000 0.621494 -2.298478 0.161245 0.161245 0.161245
vn -0.094896 0.221362 -0.970564
v -0.287629 0.837506 -2.221088 0.161245 0.161245 0.161245
vn -0.094896 0.221362 -0.970564
v 0.000000 0.837506 -2.249211 0.161245 0.161245 0.161245
vn -0.094896 0.221362 -0.970564
f 4684//4684 4685//4685 4686//4686
g Headlights
v 0.614522 0.634764 2.212926 0.639282 0.301010 0.101950
vn 0.254994 0.335896 0.906726
v 0.684706 0.843955 2.115694 0.639282 0.301010 0.101950
vn 0.254994 0.335896 0.906726
v 0.468198 0.791155 2.196141 0.639282 0.301010 0.101950
vn 0.254994 0.335896 0.906726
f 4687//4687 4688//4688 4689//4689
v 0.614522 0.634764 2.212926 0.639282 0.301010 0.101950
vn 0.187322 0.276431 0.942601
v 0.468198 0.791155 2.196141 0.639282 0.301010 0.101950
vn 0.187322 0.276431 0.942601
v 0.471985 0.648642 2.237183 0.639282 0.301010 0.101950
vn 0.187322 0.276431 0.942601
f 4690//4690 4691//4691 4692//4692
v 0.761047 0.687370 2.060326 0.639282 0.301010 0.101950
vn 0.908568 0.397059 0.129802
v 0.735478 0.757972 2.023332 0.639282 0.301010 0.101950
vn 0.908568 0.397059 0.129802
v 0.684706 0.843955 2.115694 0.639282 0.301010 0.101950
vn 0.908568 0.397059 0.129802
f 4693//4693 4694//4694 4695//4695
v 0.761047 0.687370 2.060326 0.639282 0.301010 0.101950
vn 0.721198 0.109753 0.683980
v 0.684706 0.843955 2.115694 0.639282 0.301010 0.101950
vn 0.721198 0.109753 0.683980
v 0.699174 0.634945 2.133977 0.639282 0.301010 0.101950
vn 0.721198 0.109753 0.683980
f 4696//4696 4697//4697 4698//4698
v 0.699174 0.634945 2.133977 0.639282 0.301010 0.101950
vn 0.677738 0.110504 0.726952
v 0.684706 0.843955 2.115694 0.639282 0.301010 0.101950
vn 0.677738 0.110504 0.726952
v 0.614522 0.634764 2.212926 0.639282 0.301010 0.101950
vn 0.677738 0.110504 0.726952
f 4699//4699 4700//4700 4701//4701
v -0.614522 0.634764 2.212926 0.639282 0.301010 0.101950
vn -0.187323 0.276432 0.942600
v -0.471986 0.648642 2.237183 0.639282 0.301010 0.101950
vn -0.187323 0.276432 0.942600
v -0.468198 0.791155 2.196141 0.639282 0.301010 0.101950
vn -0.187323 0.276432 0.942600
f 4702//4702 4703//4703 4704//4704
v -0.614522 0.634764 2.212926 0.639282 0.301010 0.101950
vn -0.254994 0.335896 0.906726
v -0.468198 0.791155 2.196141 0.639282 0.301010 0.101950
vn -0.254994 0.335896 0.906726
v -0.684706 0.843955 2.115694 0.639282 0.301010 0.101950
vn -0.254994 0.335896 0.906726
f 4705//4705 4706//4706 4707//4707
v -0.761047 0.687370 2.060326 0.639282 0.301010 0.101950
vn -0.721201 0.109756 0.683975
v -0.699175 0.634945 2.133977 0.639282 0.301010 0.101950
vn -0.721201 0.109756 0.683975
v -0.684706 0.843955 2.115694 0.639282 0.301010 0.101950
vn -0.721201 0.109756 0.683975
f 4708//4708 4709//4709 4710//4710
v -0.761047 0.687370 2.060326 0.639282 0.301010 0.101950
vn -0.908568 0.397059 0.129802
v -0.684706 0.843955 2.115694 0.639282 0.301010 0.101950
vn -0.908568 0.397059 0.129802
v -0.735478 0.757972 2.023332 0.639282 0.301010 0.101950
vn -0.908568 0.397059 0.129802
f 4711//4711 4712//4712 4713//4713
v -0.699175 0.634945 2.133977 0.639282 0.301010 0.101950
vn -0.677734 0.110507 0.726956
v -0.614522 0.634764 2.212926 0.639282 0.301010 0.101950
vn -0.677734 0.110507 0.726956
v -0.684706 0.843955 2.115694 0.639282 0.301010 0.101950
vn -0.677734 0.110507 0.726956
f 4714//4714 4715//4715 4716//4716
g TailLights
v 0.688835 1.006989 -1.957187 0.639282 0.074447 0.059371
vn -0.873188 0.146191 -0.464941
v 0.690893 0.893282 -1.996804 0.639282 0.074447 0.059371
vn -0.873188 0.146191 -0.464941
v 0.678732 0.898846 -1.972216 0.639282 0.074447 0.059371
vn -0.873188 0.146191 -0.464941
f 4717//4717 4718//4718 4719//4719
v 0.688835 1.006989 -1.957187 0.639282 0.074447 0.059371
vn -0.873203 0.146189 -0.464915
v 0.678732 0.898846 -1.972216 0.639282 0.074447 0.059371
vn -0.873203 0.146189 -0.464915
v 0.676675 1.012553 -1.932599 0.639282 0.074447 0.059371
vn -0.873203 0.146189 -0.464915
f 4720//4720 4721//4721 4722//4722
v 0.536510 1.158865 -2.047053 0.639282 0.074447 0.059371
vn -0.065110 -0.979713 0.189537
v 0.627354 1.156690 -2.027088 0.639282 0.074447 0.059371
vn -0.065110 -0.979713 0.189537
v 0.615193 1.162255 -2.002499 0.639282 0.074447 0.059371
vn -0.065110 -0.979713 0.189537
f 4723//4723 4724//4724 4725//4725
v 0.536510 1.158865 -2.047053 0.639282 0.074447 0.059371
vn -0.065095 -0.979719 0.189511
v 0.615193 1.162255 -2.002499 0.639282 0.074447 0.059371
vn -0.065095 -0.979719 0.189511
v 0.524350 1.164428 -2.022466 0.639282 0.074447 0.059371
vn -0.065095 -0.979719 0.189511
f 4726//4726 4727//4727 4728//4728
v 0.518364 0.934061 -2.147880 0.639282 0.074447 0.059371
vn 0.836455 -0.272664 0.475392
v 0.532683 1.047726 -2.107883 0.639282 0.074447 0.059371
vn 0.836455 -0.272664 0.475392
v 0.520523 1.053290 -2.083295 0.639282 0.074447 0.059371
vn 0.836455 -0.272664 0.475392
f 4729//4729 4730//4730 4731//4731
v 0.518364 0.934061 -2.147880 0.639282 0.074447 0.059371
vn 0.836455 -0.272664 0.475392
v 0.520523 1.053290 -2.083295 0.639282 0.074447 0.059371
vn 0.836455 -0.272664 0.475392
v 0.506203 0.939625 -2.123292 0.639282 0.074447 0.059371
vn 0.836455 -0.272664 0.475392
f 4732//4732 4733//4733 4734//4734
v 0.690893 0.893282 -1.996804 0.639282 0.074447 0.059371
vn 0.393364 0.919284 -0.013470
v 0.591265 0.934061 -2.123228 0.639282 0.074447 0.059371
vn 0.393364 0.919284 -0.013470
v 0.579104 0.939625 -2.098641 0.639282 0.074447 0.059371
vn 0.393364 0.919284 -0.013470
f 4735//4735 4736//4736 4737//4737
v 0.690893 0.893282 -1.996804 0.639282 0.074447 0.059371
vn 0.393364 0.919284 -0.013469
v 0.579104 0.939625 -2.098641 0.639282 0.074447 0.059371
vn 0.393364 0.919284 -0.013469
v 0.678732 0.898846 -1.972216 0.639282 0.074447 0.059371
vn 0.393364 0.919284 -0.013469
f 4738//4738 4739//4739 4740//4740
v 0.615193 1.162255 -2.002499 0.639282 0.074447 0.059371
vn 0.217649 0.452234 -0.864935
v 0.603105 1.061466 -2.058239 0.639282 0.074447 0.059371
vn 0.217649 0.452234 -0.864935
v 0.520523 1.053290 -2.083295 0.639282 0.074447 0.059371
vn 0.217649 0.452234 -0.864935
f 4741//4741 4742//4742 4743//4743
v 0.615193 1.162255 -2.002499 0.639282 0.074447 0.059371
vn 0.200641 0.465028 -0.862260
v 0.520523 1.053290 -2.083295 0.639282 0.074447 0.059371
vn 0.200641 0.465028 -0.862260
v 0.524350 1.164428 -2.022466 0.639282 0.074447 0.059371
vn 0.200641 0.465028 -0.862260
f 4744//4744 4745//4745 4746//4746
v 0.615193 1.162255 -2.002499 0.639282 0.074447 0.059371
vn 0.877460 0.147217 -0.456499
v 0.676675 1.012553 -1.932599 0.639282 0.074447 0.059371
vn 0.877460 0.147217 -0.456499
v 0.603105 1.061466 -2.058239 0.639282 0.074447 0.059371
vn 0.877460 0.147217 -0.456499
f 4747//4747 4748//4748 4749//4749
v 0.603105 1.061466 -2.058239 0.639282 0.074447 0.059371
vn 0.877813 0.171683 -0.447180
v 0.676675 1.012553 -1.932599 0.639282 0.074447 0.059371
vn 0.877813 0.171683 -0.447180
v 0.678732 0.898846 -1.972216 0.639282 0.074447 0.059371
vn 0.877813 0.171683 -0.447180
f 4750//4750 4751//4751 4752//4752
v 0.603105 1.061466 -2.058239 0.639282 0.074447 0.059371
vn 0.791758 0.046011 -0.609099
v 0.678732 0.898846 -1.972216 0.639282 0.074447 0.059371
vn 0.791758 0.046011 -0.609099
v 0.579104 0.939625 -2.098641 0.639282 0.074447 0.059371
vn 0.791758 0.046011 -0.609099
f 4753//4753 4754//4754 4755//4755
v 0.506203 0.939625 -2.123292 0.639282 0.074447 0.059371
vn 0.250904 0.293039 -0.922591
v 0.520523 1.053290 -2.083295 0.639282 0.074447 0.059371
vn 0.250904 0.293039 -0.922591
v 0.603105 1.061466 -2.058239 0.639282 0.074447 0.059371
vn 0.250904 0.293039 -0.922591
f 4756//4756 4757//4757 4758//4758
v 0.506203 0.939625 -2.123292 0.639282 0.074447 0.059371
vn 0.310686 0.243470 -0.918801
v 0.603105 1.061466 -2.058239 0.639282 0.074447 0.059371
vn 0.310686 0.243470 -0.918801
v 0.579104 0.939625 -2.098641 0.639282 0.074447 0.059371
vn 0.310686 0.243470 -0.918801
f 4759//4759 4760//4760 4761//4761
v 0.627354 1.156690 -2.027088 0.639282 0.074447 0.059371
vn -0.825157 -0.478836 -0.299721
v 0.688835 1.006989 -1.957187 0.639282 0.074447 0.059371
vn -0.825157 -0.478836 -0.299721
v 0.676675 1.012553 -1.932599 0.639282 0.074447 0.059371
vn -0.825157 -0.478836 -0.299721
f 4762//4762 4763//4763 4764//4764
v 0.627354 1.156690 -2.027088 0.639282 0.074447 0.059371
vn -0.825153 -0.478839 -0.299728
v 0.676675 1.012553 -1.932599 0.639282 0.074447 0.059371
vn -0.825153 -0.478839 -0.299728
v 0.615193 1.162255 -2.002499 0.639282 0.074447 0.059371
vn -0.825153 -0.478839 -0.299728
f 4765//4765 4766//4766 4767//4767
v 0.591265 0.934061 -2.123228 0.639282 0.074447 0.059371
vn 0.064225 0.979696 -0.189925
v 0.518364 0.934061 -2.147880 0.639282 0.074447 0.059371
vn 0.064225 0.979696 -0.189925
v 0.506203 0.939625 -2.123292 0.639282 0.074447 0.059371
vn 0.064225 0.979696 -0.189925
f 4768//4768 4769//4769 4770//4770
v 0.591265 0.934061 -2.123228 0.639282 0.074447 0.059371
vn 0.064225 0.979694 -0.189933
v 0.506203 0.939625 -2.123292 0.639282 0.074447 0.059371
vn 0.064225 0.979694 -0.189933
v 0.579104 0.939625 -2.098641 0.639282 0.074447 0.059371
vn 0.064225 0.979694 -0.189933
f 4771//4771 4772//4772 4773//4773
v 0.532683 1.047726 -2.107883 0.639282 0.074447 0.059371
vn 0.830443 -0.289209 0.476153
v 0.536510 1.158865 -2.047053 0.639282 0.074447 0.059371
vn 0.830443 -0.289209 0.476153
v 0.524350 1.164428 -2.022466 0.639282 0.074447 0.059371
vn 0.830443 -0.289209 0.476153
f 4774//4774 4775//4775 4776//4776
v 0.532683 1.047726 -2.107883 0.639282 0.074447 0.059371
vn 0.830436 -0.289216 0.476161
v 0.524350 1.164428 -2.022466 0.639282 0.074447 0.059371
vn 0.830436 -0.289216 0.476161
v 0.520523 1.053290 -2.083295 0.639282 0.074447 0.059371
vn 0.830436 -0.289216 0.476161
f 4777//4777 4778//4778 4779//4779
v -0.688835 1.006989 -1.957187 0.639282 0.074447 0.059371
vn 0.873203 0.146189 -0.464915
v -0.676675 1.012553 -1.932599 0.639282 0.074447 0.059371
vn 0.873203 0.146189 -0.464915
v -0.678732 0.898846 -1.972216 0.639282 0.074447 0.059371
vn 0.873203 0.146189 -0.464915
f 4780//4780 4781//4781 4782//4782
v -0.688835 1.006989 -1.957187 0.639282 0.074447 0.059371
vn 0.873188 0.146191 -0.464941
v -0.678732 0.898846 -1.972216 0.639282 0.074447 0.059371
vn 0.873188 0.146191 -0.464941
v -0.690893 0.893282 -1.996804 0.639282 0.074447 0.059371
vn 0.873188 0.146191 -0.464941
f 4783//4783 4784//4784 4785//4785
v -0.536510 1.158865 -2.047054 0.639282 0.074447 0.059371
vn 0.065091 -0.979720 0.189504
v -0.524350 1.164428 -2.022466 0.639282 0.074447 0.059371
vn 0.065091 -0.979720 0.189504
v -0.615193 1.162255 -2.002501 0.639282 0.074447 0.059371
vn 0.065091 -0.979720 0.189504
f 4786//4786 4787//4787 4788//4788
v -0.536510 1.158865 -2.047054 0.639282 0.074447 0.059371
vn 0.065114 -0.979711 0.189543
v -0.615193 1.162255 -2.002501 0.639282 0.074447 0.059371
vn 0.065114 -0.979711 0.189543
v -0.627354 1.156690 -2.027088 0.639282 0.074447 0.059371
vn 0.065114 -0.979711 0.189543
f 4789//4789 4790//4790 4791//4791
v -0.518364 0.934061 -2.147880 0.639282 0.074447 0.059371
vn -0.836455 -0.272664 0.475392
v -0.506203 0.939625 -2.123292 0.639282 0.074447 0.059371
vn -0.836455 -0.272664 0.475392
v -0.520523 1.053290 -2.083295 0.639282 0.074447 0.059371
vn -0.836455 -0.272664 0.475392
f 4792//4792 4793//4793 4794//4794
v -0.518364 0.934061 -2.147880 0.639282 0.074447 0.059371
vn -0.836455 -0.272664 0.475392
v -0.520523 1.053290 -2.083295 0.639282 0.074447 0.059371
vn -0.836455 -0.272664 0.475392
v -0.532683 1.047726 -2.107883 0.639282 0.074447 0.059371
vn -0.836455 -0.272664 0.475392
f 4795//4795 4796//4796 4797//4797
v -0.690893 0.893282 -1.996804 0.639282 0.074447 0.059371
vn -0.393364 0.919284 -0.013469
v -0.678732 0.898846 -1.972216 0.639282 0.074447 0.059371
vn -0.393364 0.919284 -0.013469
v -0.579104 0.939625 -2.098641 0.639282 0.074447 0.059371
vn -0.393364 0.919284 -0.013469
f 4798//4798 4799//4799 4800//4800
v -0.690893 0.893282 -1.996804 0.639282 0.074447 0.059371
vn -0.393364 0.919284 -0.013470
v -0.579104 0.939625 -2.098641 0.639282 0.074447 0.059371
vn -0.393364 0.919284 -0.013470
v -0.591265 0.934061 -2.123228 0.639282 0.074447 0.059371
vn -0.393364 0.919284 -0.013470
f 4801//4801 4802//4802 4803//4803
v -0.615193 1.162255 -2.002501 0.639282 0.074447 0.059371
vn -0.200631 0.465029 -0.862262
v -0.524350 1.164428 -2.022466 0.639282 0.074447 0.059371
vn -0.200631 0.465029 -0.862262
v -0.520523 1.053290 -2.083295 0.639282 0.074447 0.059371
vn -0.200631 0.465029 -0.862262
f 4804//4804 4805//4805 4806//4806
v -0.615193 1.162255 -2.002501 0.639282 0.074447 0.059371
vn -0.217651 0.452226 -0.864939
v -0.520523 1.053290 -2.083295 0.639282 0.074447 0.059371
vn -0.217651 0.452226 -0.864939
v -0.603105 1.061466 -2.058239 0.639282 0.074447 0.059371
vn -0.217651 0.452226 -0.864939
f 4807//4807 4808//4808 4809//4809
v -0.615193 1.162255 -2.002501 0.639282 0.074447 0.059371
vn -0.877460 0.147212 -0.456500
v -0.603105 1.061466 -2.058239 0.639282 0.074447 0.059371
vn -0.877460 0.147212 -0.456500
v -0.676675 1.012553 -1.932599 0.639282 0.074447 0.059371
vn -0.877460 0.147212 -0.456500
f 4810//4810 4811//4811 4812//4812
v -0.603105 1.061466 -2.058239 0.639282 0.074447 0.059371
vn -0.791758 0.046011 -0.609099
v -0.579104 0.939625 -2.098641 0.639282 0.074447 0.059371
vn -0.791758 0.046011 -0.609099
v -0.678732 0.898846 -1.972216 0.639282 0.074447 0.059371
vn -0.791758 0.046011 -0.609099
f 4813//4813 4814//4814 4815//4815
v -0.603105 1.061466 -2.058239 0.639282 0.074447 0.059371
vn -0.877813 0.171683 -0.447180
v -0.678732 0.898846 -1.972216 0.639282 0.074447 0.059371
vn -0.877813 0.171683 -0.447180
v -0.676675 1.012553 -1.932599 0.639282 0.074447 0.059371
vn -0.877813 0.171683 -0.447180
f 4816//4816 4817//4817 4818//4818
v -0.506203 0.939625 -2.123292 0.639282 0.074447 0.059371
vn -0.310686 0.243470 -0.918801
v -0.579104 0.939625 -2.098641 0.639282 0.074447 0.059371
vn -0.310686 0.243470 -0.918801
v -0.603105 1.061466 -2.058239 0.639282 0.074447 0.059371
vn -0.310686 0.243470 -0.918801
f 4819//4819 4820//4820 4821//4821
v -0.506203 0.939625 -2.123292 0.639282 0.074447 0.059371
vn -0.250904 0.293039 -0.922591
v -0.603105 1.061466 -2.058239 0.639282 0.074447 0.059371
vn -0.250904 0.293039 -0.922591
v -0.520523 1.053290 -2.083295 0.639282 0.074447 0.059371
vn -0.250904 0.293039 -0.922591
f 4822//4822 4823//4823 4824//4824
v -0.627354 1.156690 -2.027088 0.639282 0.074447 0.059371
vn 0.825147 -0.478843 -0.299737
v -0.615193 1.162255 -2.002501 0.639282 0.074447 0.059371
vn 0.825147 -0.478843 -0.299737
v -0.676675 1.012553 -1.932599 0.639282 0.074447 0.059371
vn 0.825147 -0.478843 -0.299737
f 4825//4825 4826//4826 4827//4827
v -0.627354 1.156690 -2.027088 0.639282 0.074447 0.059371
vn 0.825157 -0.478836 -0.299721
v -0.676675 1.012553 -1.932599 0.639282 0.074447 0.059371
vn 0.825157 -0.478836 -0.299721
v -0.688835 1.006989 -1.957187 0.639282 0.074447 0.059371
vn 0.825157 -0.478836 -0.299721
f 4828//4828 4829//4829 4830//4830
v -0.591265 0.934061 -2.123228 0.639282 0.074447 0.059371
vn -0.064225 0.979694 -0.189933
v -0.579104 0.939625 -2.098641 0.639282 0.074447 0.059371
vn -0.064225 0.979694 -0.189933
v -0.506203 0.939625 -2.123292 0.639282 0.074447 0.059371
vn -0.064225 0.979694 -0.189933
f 4831//4831 4832//4832 4833//4833
v -0.591265 0.934061 -2.123228 0.639282 0.074447 0.059371
vn -0.064225 0.979696 -0.189925
v -0.506203 0.939625 -2.123292 0.639282 0.074447 0.059371
vn -0.064225 0.979696 -0.189925
v -0.518364 0.934061 -2.147880 0.639282 0.074447 0.059371
vn -0.064225 0.979696 -0.189925
f 4834//4834 4835//4835 4836//4836
v -0.532683 1.047726 -2.107883 0.639282 0.074447 0.059371
vn -0.830436 -0.289216 0.476161
v -0.520523 1.053290 -2.083295 0.639282 0.074447 0.059371
vn -0.830436 -0.289216 0.476161
v -0.524350 1.164428 -2.022466 0.639282 0.074447 0.059371
vn -0.830436 -0.289216 0.476161
f 4837//4837 4838//4838 4839//4839
v -0.532683 1.047726 -2.107883 0.639282 0.074447 0.059371
vn -0.830458 -0.289195 0.476136
v -0.524350 1.164428 -2.022466 0.639282 0.074447 0.059371
vn -0.830458 -0.289195 0.476136
v -0.536510 1.158865 -2.047054 0.639282 0.074447 0.059371
vn -0.830458 -0.289195 0.476136
f 4840//4840 4841//4841 4842//4842
g Black
v 0.638077 0.376946 -1.769551 0.010962 0.010962 0.010962
vn 0.000000 -0.252381 -0.967628
v 0.827686 0.376946 -1.769551 0.010962 0.010962 0.010962
vn 0.000000 -0.252381 -0.967628
v 0.827686 0.188473 -1.720393 0.010962 0.010962 0.010962
vn 0.000000 -0.252381 -0.967628
f 4843//4843 4844//4844 4845//4845
v 0.638077 0.376946 -1.769551 0.010962 0.010962 0.010962
vn 0.000000 -0.252381 -0.967628
v 0.827686 0.188473 -1.720393 0.010962 0.010962 0.010962
vn 0.000000 -0.252381 -0.967628
v 0.638077 0.188473 -1.720393 0.010962 0.010962 0.010962
vn 0.000000 -0.252381 -0.967628
f 4846//4846 4847//4847 4848//4848
v 0.638077 0.188473 -1.720393 0.010962 0.010962 0.010962
vn 0.000000 -0.697518 -0.716567
v 0.827686 0.188473 -1.720393 0.010962 0.010962 0.010962
vn 0.000000 -0.697518 -0.716567
v 0.827686 0.050501 -1.586088 0.010962 0.010962 0.010962
vn 0.000000 -0.697518 -0.716567
f 4849//4849 4850//4850 4851//4851
v 0.638077 0.188473 -1.720393 0.010962 0.010962 0.010962
vn 0.000000 -0.697518 -0.716567
v 0.827686 0.050501 -1.586088 0.010962 0.010962 0.010962
vn 0.000000 -0.697518 -0.716567
v 0.638077 0.050501 -1.586088 0.010962 0.010962 0.010962
vn 0.000000 -0.697518 -0.716567
f 4852//4852 4853//4853 4854//4854
v 0.638077 0.050501 -1.586088 0.010962 0.010962 0.010962
vn 0.000000 -0.964139 -0.265398
v 0.827686 0.050501 -1.586088 0.010962 0.010962 0.010962
vn 0.000000 -0.964139 -0.265398
v 0.827686 0.000000 -1.402627 0.010962 0.010962 0.010962
vn 0.000000 -0.964139 -0.265398
f 4855//4855 4856//4856 4857//4857
v 0.638077 0.050501 -1.586088 0.010962 0.010962 0.010962
vn 0.000000 -0.964139 -0.265398
v 0.827686 0.000000 -1.402627 0.010962 0.010962 0.010962
vn 0.000000 -0.964139 -0.265398
v 0.638077 0.000000 -1.402627 0.010962 0.010962 0.010962
vn 0.000000 -0.964139 -0.265398
f 4858//4858 4859//4859 4860//4860
v 0.638077 0.000000 -1.402627 0.010962 0.010962 0.010962
vn 0.000000 -0.964139 0.265398
v 0.827686 0.000000 -1.402627 0.010962 0.010962 0.010962
vn 0.000000 -0.964139 0.265398
v 0.827686 0.050501 -1.219166 0.010962 0.010962 0.010962
vn 0.000000 -0.964139 0.265398
f 4861//4861 4862//4862 4863//4863
v 0.638077 0.000000 -1.402627 0.010962 0.010962 0.010962
vn 0.000000 -0.964139 0.265398
v 0.827686 0.050501 -1.219166 0.010962 0.010962 0.010962
vn 0.000000 -0.964139 0.265398
v 0.638077 0.050501 -1.219166 0.010962 0.010962 0.010962
vn 0.000000 -0.964139 0.265398
f 4864//4864 4865//4865 4866//4866
v 0.638077 0.050501 -1.219166 0.010962 0.010962 0.010962
vn 0.000000 -0.697518 0.716567
v 0.827686 0.050501 -1.219166 0.010962 0.010962 0.010962
vn 0.000000 -0.697518 0.716567
v 0.827686 0.188473 -1.084861 0.010962 0.010962 0.010962
vn 0.000000 -0.697518 0.716567
f 4867//4867 4868//4868 4869//4869
v 0.638077 0.050501 -1.219166 0.010962 0.010962 0.010962
vn 0.000000 -0.697518 0.716567
v 0.827686 0.188473 -1.084861 0.010962 0.010962 0.010962
vn 0.000000 -0.697518 0.716567
v 0.638077 0.188473 -1.084861 0.010962 0.010962 0.010962
vn 0.000000 -0.697518 0.716567
f 4870//4870 4871//4871 4872//4872
v 0.638077 0.188473 -1.084861 0.010962 0.010962 0.010962
vn 0.000000 -0.252381 0.967628
v 0.827686 0.188473 -1.084861 0.010962 0.010962 0.010962
vn 0.000000 -0.252381 0.967628
v 0.827686 0.376946 -1.035703 0.010962 0.010962 0.010962
vn 0.000000 -0.252381 0.967628
f 4873//4873 4874//4874 4875//4875
v 0.638077 0.188473 -1.084861 0.010962 0.010962 0.010962
vn 0.000000 -0.252381 0.967628
v 0.827686 0.376946 -1.035703 0.010962 0.010962 0.010962
vn 0.000000 -0.252381 0.967628
v 0.638077 0.376946 -1.035703 0.010962 0.010962 0.010962
vn 0.000000 -0.252381 0.967628
f 4876//4876 4877//4877 4878//4878
v 0.638077 0.376946 -1.035703 0.010962 0.010962 0.010962
vn 0.000000 0.252379 0.967628
v 0.827686 0.376946 -1.035703 0.010962 0.010962 0.010962
vn 0.000000 0.252379 0.967628
v 0.827686 0.565421 -1.084861 0.010962 0.010962 0.010962
vn 0.000000 0.252379 0.967628
f 4879//4879 4880//4880 4881//4881
v 0.638077 0.376946 -1.035703 0.010962 0.010962 0.010962
vn 0.000000 0.252379 0.967628
v 0.827686 0.565421 -1.084861 0.010962 0.010962 0.010962
vn 0.000000 0.252379 0.967628
v 0.638077 0.565421 -1.084861 0.010962 0.010962 0.010962
vn 0.000000 0.252379 0.967628
f 4882//4882 4883//4883 4884//4884
v 0.638077 0.565421 -1.084861 0.010962 0.010962 0.010962
vn 0.000000 0.697518 0.716567
v 0.827686 0.565421 -1.084861 0.010962 0.010962 0.010962
vn 0.000000 0.697518 0.716567
v 0.827686 0.703392 -1.219166 0.010962 0.010962 0.010962
vn 0.000000 0.697518 0.716567
f 4885//4885 4886//4886 4887//4887
v 0.638077 0.565421 -1.084861 0.010962 0.010962 0.010962
vn 0.000000 0.697518 0.716567
v 0.827686 0.703392 -1.219166 0.010962 0.010962 0.010962
vn 0.000000 0.697518 0.716567
v 0.638077 0.703392 -1.219166 0.010962 0.010962 0.010962
vn 0.000000 0.697518 0.716567
f 4888//4888 4889//4889 4890//4890
v 0.638077 0.703392 -1.219166 0.010962 0.010962 0.010962
vn 0.000000 0.964139 0.265398
v 0.827686 0.703392 -1.219166 0.010962 0.010962 0.010962
vn 0.000000 0.964139 0.265398
v 0.827686 0.753894 -1.402627 0.010962 0.010962 0.010962
vn 0.000000 0.964139 0.265398
f 4891//4891 4892//4892 4893//4893
v 0.638077 0.703392 -1.219166 0.010962 0.010962 0.010962
vn 0.000000 0.964139 0.265398
v 0.827686 0.753894 -1.402627 0.010962 0.010962 0.010962
vn 0.000000 0.964139 0.265398
v 0.638077 0.753894 -1.402627 0.010962 0.010962 0.010962
vn 0.000000 0.964139 0.265398
f 4894//4894 4895//4895 4896//4896
v 0.638077 0.753894 -1.402627 0.010962 0.010962 0.010962
vn 0.000000 0.964139 -0.265398
v 0.827686 0.753894 -1.402627 0.010962 0.010962 0.010962
vn 0.000000 0.964139 -0.265398
v 0.827686 0.703392 -1.586088 0.010962 0.010962 0.010962
vn 0.000000 0.964139 -0.265398
f 4897//4897 4898//4898 4899//4899
v 0.638077 0.753894 -1.402627 0.010962 0.010962 0.010962
vn 0.000000 0.964139 -0.265398
v 0.827686 0.703392 -1.586088 0.010962 0.010962 0.010962
vn 0.000000 0.964139 -0.265398
v 0.638077 0.703392 -1.586088 0.010962 0.010962 0.010962
vn 0.000000 0.964139 -0.265398
f 4900//4900 4901//4901 4902//4902
v 0.827686 0.376946 -1.035703 0.010962 0.010962 0.010962
vn 0.930066 -0.092723 0.355500
v 0.827686 0.188473 -1.084861 0.010962 0.010962 0.010962
vn 0.930066 -0.092723 0.355500
v 0.861745 0.234242 -1.162029 0.010962 0.010962 0.010962
vn 0.930066 -0.092723 0.355500
f 4903//4903 4904//4904 4905//4905
v 0.827686 0.376946 -1.035703 0.010962 0.010962 0.010962
vn 0.930064 -0.092727 0.355505
v 0.861745 0.234242 -1.162029 0.010962 0.010962 0.010962
vn 0.930064 -0.092727 0.355505
v 0.861745 0.376946 -1.124807 0.010962 0.010962 0.010962
vn 0.930064 -0.092727 0.355505
f 4906//4906 4907//4907 4908//4908
v 0.638077 0.703392 -1.586088 0.010962 0.010962 0.010962
vn 0.000000 0.697518 -0.716567
v 0.827686 0.703392 -1.586088 0.010962 0.010962 0.010962
vn 0.000000 0.697518 -0.716567
v 0.827686 0.565421 -1.720393 0.010962 0.010962 0.010962
vn 0.000000 0.697518 -0.716567
f 4909//4909 4910//4910 4911//4911
v 0.638077 0.703392 -1.586088 0.010962 0.010962 0.010962
vn 0.000000 0.697518 -0.716567
v 0.827686 0.565421 -1.720393 0.010962 0.010962 0.010962
vn 0.000000 0.697518 -0.716567
v 0.638077 0.565421 -1.720393 0.010962 0.010962 0.010962
vn 0.000000 0.697518 -0.716567
f 4912//4912 4913//4913 4914//4914
v 0.638077 0.565421 -1.720393 0.010962 0.010962 0.010962
vn 0.000000 0.252379 -0.967628
v 0.827686 0.565421 -1.720393 0.010962 0.010962 0.010962
vn 0.000000 0.252379 -0.967628
v 0.827686 0.376946 -1.769551 0.010962 0.010962 0.010962
vn 0.000000 0.252379 -0.967628
f 4915//4915 4916//4916 4917//4917
v 0.638077 0.565421 -1.720393 0.010962 0.010962 0.010962
vn 0.000000 0.252379 -0.967628
v 0.827686 0.376946 -1.769551 0.010962 0.010962 0.010962
vn 0.000000 0.252379 -0.967628
v 0.638077 0.376946 -1.769551 0.010962 0.010962 0.010962
vn 0.000000 0.252379 -0.967628
f 4918//4918 4919//4919 4920//4920
v 0.638077 0.376946 -1.769551 0.010962 0.010962 0.010962
vn -1.000000 0.000000 0.000000
v 0.638077 0.188473 -1.720393 0.010962 0.010962 0.010962
vn -1.000000 0.000000 0.000000
v 0.638077 0.050501 -1.586088 0.010962 0.010962 0.010962
vn -1.000000 0.000000 0.000000
f 4921//4921 4922//4922 4923//4923
v 0.638077 0.376946 -1.769551 0.010962 0.010962 0.010962
vn -1.000000 0.000000 0.000000
v 0.638077 0.050501 -1.586088 0.010962 0.010962 0.010962
vn -1.000000 0.000000 0.000000
v 0.638077 0.000000 -1.402627 0.010962 0.010962 0.010962
vn -1.000000 0.000000 0.000000
f 4924//4924 4925//4925 4926//4926
v 0.638077 0.376946 -1.769551 0.010962 0.010962 0.010962
vn -1.000000 0.000000 0.000000
v 0.638077 0.000000 -1.402627 0.010962 0.010962 0.010962
vn -1.000000 0.000000 0.000000
v 0.638077 0.050501 -1.219166 0.010962 0.010962 0.010962
vn -1.000000 0.000000 0.000000
f 4927//4927 4928//4928 4929//4929
v 0.638077 0.376946 -1.769551 0.010962 0.010962 0.010962
vn -1.000000 0.000000 0.000000
v 0.638077 0.050501 -1.219166 0.010962 0.010962 0.010962
vn -1.000000 0.000000 0.000000
v 0.638077 0.188473 -1.084861 0.010962 0.010962 0.010962
vn -1.000000 0.000000 0.000000
f 4930//4930 4931//4931 4932//4932
v 0.638077 0.376946 -1.769551 0.010962 0.010962 0.010962
vn -1.000000 0.000000 0.000000
v 0.638077 0.188473 -1.084861 0.010962 0.010962 0.010962
vn -1.000000 0.000000 0.000000
v 0.638077 0.376946 -1.035703 0.010962 0.010962 0.010962
vn -1.000000 0.000000 0.000000
f 4933//4933 4934//4934 4935//4935
v 0.638077 0.376946 -1.769551 0.010962 0.010962 0.010962
vn -1.000000 0.000000 0.000000
v 0.638077 0.376946 -1.035703 0.010962 0.010962 0.010962
vn -1.000000 0.000000 0.000000
v 0.638077 0.565421 -1.084861 0.010962 0.010962 0.010962
vn -1.000000 0.000000 0.000000
f 4936//4936 4937//4937 4938//4938
v 0.638077 0.376946 -1.769551 0.010962 0.010962 0.010962
vn -1.000000 0.000000 0.000000
v 0.638077 0.565421 -1.084861 0.010962 0.010962 0.010962
vn -1.000000 0.000000 0.000000
v 0.638077 0.703392 -1.219166 0.010962 0.010962 0.010962
vn -1.000000 0.000000 0.000000
f 4939//4939 4940//4940 4941//4941
v 0.638077 0.376946 -1.769551 0.010962 0.010962 0.010962
vn -1.000000 0.000000 0.000000
v 0.638077 0.703392 -1.219166 0.010962 0.010962 0.010962
vn -1.000000 0.000000 0.000000
v 0.638077 0.753894 -1.402627 0.010962 0.010962 0.010962
vn -1.000000 0.000000 0.000000
f 4942//4942 4943//4943 4944//4944
v 0.638077 0.376946 -1.769551 0.010962 0.010962 0.010962
vn -1.000000 0.000000 0.000000
v 0.638077 0.753894 -1.402627 0.010962 0.010962 0.010962
vn -1.000000 0.000000 0.000000
v 0.638077 0.703392 -1.586088 0.010962 0.010962 0.010962
vn -1.000000 0.000000 0.000000
f 4945//4945 4946//4946 4947//4947
v 0.638077 0.376946 -1.769551 0.010962 0.010962 0.010962
vn -1.000000 0.000000 0.000000
v 0.638077 0.703392 -1.586088 0.010962 0.010962 0.010962
vn -1.000000 0.000000 0.000000
v 0.638077 0.565421 -1.720393 0.010962 0.010962 0.010962
vn -1.000000 0.000000 0.000000
f 4948//4948 4949//4949 4950//4950
v 0.861745 0.376946 -1.124807 0.010962 0.010962 0.010962
vn 1.000000 0.000000 0.000000
v 0.861745 0.234242 -1.162029 0.010962 0.010962 0.010962
vn 1.000000 0.000000 0.000000
v 0.861745 0.252361 -1.192576 0.010962 0.010962 0.010962
vn 1.000000 0.000000 0.000000
f 4951//4951 4952//4952 4953//4953
v 0.861745 0.376946 -1.124807 0.010962 0.010962 0.010962
vn 1.000000 0.000000 0.000000
v 0.861745 0.252361 -1.192576 0.010962 0.010962 0.010962
vn 1.000000 0.000000 0.000000
v 0.861745 0.376946 -1.160081 0.010962 0.010962 0.010962
vn 1.000000 0.000000 0.000000
f 4954//4954 4955//4955 4956//4956
v 0.827686 0.188473 -1.084861 0.010962 0.010962 0.010962
vn 0.931499 -0.253719 0.260647
v 0.827686 0.050501 -1.219166 0.010962 0.010962 0.010962
vn 0.931499 -0.253719 0.260647
v 0.861745 0.129776 -1.263718 0.010962 0.010962 0.010962
vn 0.931499 -0.253719 0.260647
f 4957//4957 4958//4958 4959//4959
v 0.827686 0.188473 -1.084861 0.010962 0.010962 0.010962
vn 0.931500 -0.253716 0.260647
v 0.861745 0.129776 -1.263718 0.010962 0.010962 0.010962
vn 0.931500 -0.253716 0.260647
v 0.861745 0.234242 -1.162029 0.010962 0.010962 0.010962
vn 0.931500 -0.253716 0.260647
f 4960//4960 4961//4961 4962//4962
v 0.827686 0.050501 -1.219166 0.010962 0.010962 0.010962
vn 0.932940 -0.347122 0.095552
v 0.827686 0.000000 -1.402627 0.010962 0.010962 0.010962
vn 0.932940 -0.347122 0.095552
v 0.861745 0.091538 -1.402627 0.010962 0.010962 0.010962
vn 0.932940 -0.347122 0.095552
f 4963//4963 4964//4964 4965//4965
v 0.827686 0.050501 -1.219166 0.010962 0.010962 0.010962
vn 0.932940 -0.347121 0.095552
v 0.861745 0.091538 -1.402627 0.010962 0.010962 0.010962
vn 0.932940 -0.347121 0.095552
v 0.861745 0.129776 -1.263718 0.010962 0.010962 0.010962
vn 0.932940 -0.347121 0.095552
f 4966//4966 4967//4967 4968//4968
v 0.827686 0.376946 -1.769551 0.010962 0.010962 0.010962
vn 0.930064 0.092724 -0.355504
v 0.827686 0.565421 -1.720393 0.010962 0.010962 0.010962
vn 0.930064 0.092724 -0.355504
v 0.861745 0.519652 -1.643226 0.010962 0.010962 0.010962
vn 0.930064 0.092724 -0.355504
f 4969//4969 4970//4970 4971//4971
v 0.827686 0.376946 -1.769551 0.010962 0.010962 0.010962
vn 0.930064 0.092724 -0.355505
v 0.861745 0.519652 -1.643226 0.010962 0.010962 0.010962
vn 0.930064 0.092724 -0.355505
v 0.861745 0.376946 -1.680447 0.010962 0.010962 0.010962
vn 0.930064 0.092724 -0.355505
f 4972//4972 4973//4973 4974//4974
v 0.827686 0.188473 -1.720393 0.010962 0.010962 0.010962
vn 0.930064 -0.092724 -0.355505
v 0.827686 0.376946 -1.769551 0.010962 0.010962 0.010962
vn 0.930064 -0.092724 -0.355505
v 0.861745 0.376946 -1.680447 0.010962 0.010962 0.010962
vn 0.930064 -0.092724 -0.355505
f 4975//4975 4976//4976 4977//4977
v 0.827686 0.188473 -1.720393 0.010962 0.010962 0.010962
vn 0.930064 -0.092725 -0.355504
v 0.861745 0.376946 -1.680447 0.010962 0.010962 0.010962
vn 0.930064 -0.092725 -0.355504
v 0.861745 0.234242 -1.643226 0.010962 0.010962 0.010962
vn 0.930064 -0.092725 -0.355504
f 4978//4978 4979//4979 4980//4980
v 0.827686 0.000000 -1.402627 0.010962 0.010962 0.010962
vn 0.932940 -0.347121 -0.095552
v 0.827686 0.050501 -1.586088 0.010962 0.010962 0.010962
vn 0.932940 -0.347121 -0.095552
v 0.861745 0.129776 -1.541536 0.010962 0.010962 0.010962
vn 0.932940 -0.347121 -0.095552
f 4981//4981 4982//4982 4983//4983
v 0.827686 0.000000 -1.402627 0.010962 0.010962 0.010962
vn 0.932940 -0.347122 -0.095552
v 0.861745 0.129776 -1.541536 0.010962 0.010962 0.010962
vn 0.932940 -0.347122 -0.095552
v 0.861745 0.091538 -1.402627 0.010962 0.010962 0.010962
vn 0.932940 -0.347122 -0.095552
f 4984//4984 4985//4985 4986//4986
v 0.827686 0.565421 -1.720393 0.010962 0.010962 0.010962
vn 0.931499 0.253719 -0.260647
v 0.827686 0.703392 -1.586088 0.010962 0.010962 0.010962
vn 0.931499 0.253719 -0.260647
v 0.861745 0.624118 -1.541536 0.010962 0.010962 0.010962
vn 0.931499 0.253719 -0.260647
f 4987//4987 4988//4988 4989//4989
v 0.827686 0.565421 -1.720393 0.010962 0.010962 0.010962
vn 0.931498 0.253719 -0.260647
v 0.861745 0.624118 -1.541536 0.010962 0.010962 0.010962
vn 0.931498 0.253719 -0.260647
v 0.861745 0.519652 -1.643226 0.010962 0.010962 0.010962
vn 0.931498 0.253719 -0.260647
f 4990//4990 4991//4991 4992//4992
v 0.827686 0.050501 -1.586088 0.010962 0.010962 0.010962
vn 0.931498 -0.253719 -0.260648
v 0.827686 0.188473 -1.720393 0.010962 0.010962 0.010962
vn 0.931498 -0.253719 -0.260648
v 0.861745 0.234242 -1.643226 0.010962 0.010962 0.010962
vn 0.931498 -0.253719 -0.260648
f 4993//4993 4994//4994 4995//4995
v 0.827686 0.050501 -1.586088 0.010962 0.010962 0.010962
vn 0.931499 -0.253719 -0.260647
v 0.861745 0.234242 -1.643226 0.010962 0.010962 0.010962
vn 0.931499 -0.253719 -0.260647
v 0.861745 0.129776 -1.541536 0.010962 0.010962 0.010962
vn 0.931499 -0.253719 -0.260647
f 4996//4996 4997//4997 4998//4998
v 0.827686 0.703392 -1.586088 0.010962 0.010962 0.010962
vn 0.932940 0.347122 -0.095552
v 0.827686 0.753894 -1.402627 0.010962 0.010962 0.010962
vn 0.932940 0.347122 -0.095552
v 0.861745 0.662356 -1.402627 0.010962 0.010962 0.010962
vn 0.932940 0.347122 -0.095552
f 4999//4999 5000//5000 5001//5001
v 0.827686 0.703392 -1.586088 0.010962 0.010962 0.010962
vn 0.932940 0.347121 -0.095552
v 0.861745 0.662356 -1.402627 0.010962 0.010962 0.010962
vn 0.932940 0.347121 -0.095552
v 0.861745 0.624118 -1.541536 0.010962 0.010962 0.010962
vn 0.932940 0.347121 -0.095552
f 5002//5002 5003//5003 5004//5004
v 0.827686 0.753894 -1.402627 0.010962 0.010962 0.010962
vn 0.932940 0.347121 0.095552
v 0.827686 0.703392 -1.219166 0.010962 0.010962 0.010962
vn 0.932940 0.347121 0.095552
v 0.861745 0.624118 -1.263718 0.010962 0.010962 0.010962
vn 0.932940 0.347121 0.095552
f 5005//5005 5006//5006 5007//5007
v 0.827686 0.753894 -1.402627 0.010962 0.010962 0.010962
vn 0.932940 0.347122 0.095552
v 0.861745 0.624118 -1.263718 0.010962 0.010962 0.010962
vn 0.932940 0.347122 0.095552
v 0.861745 0.662356 -1.402627 0.010962 0.010962 0.010962
vn 0.932940 0.347122 0.095552
f 5008//5008 5009//5009 5010//5010
v 0.827686 0.703392 -1.219166 0.010962 0.010962 0.010962
vn 0.931500 0.253717 0.260646
v 0.827686 0.565421 -1.084861 0.010962 0.010962 0.010962
vn 0.931500 0.253717 0.260646
v 0.861745 0.519652 -1.162029 0.010962 0.010962 0.010962
vn 0.931500 0.253717 0.260646
f 5011//5011 5012//5012 5013//5013
v 0.827686 0.703392 -1.219166 0.010962 0.010962 0.010962
vn 0.931499 0.253718 0.260649
v 0.861745 0.519652 -1.162029 0.010962 0.010962 0.010962
vn 0.931499 0.253718 0.260649
v 0.861745 0.624118 -1.263718 0.010962 0.010962 0.010962
vn 0.931499 0.253718 0.260649
f 5014//5014 5015//5015 5016//5016
v 0.827686 0.565421 -1.084861 0.010962 0.010962 0.010962
vn 0.930064 0.092724 0.355505
v 0.827686 0.376946 -1.035703 0.010962 0.010962 0.010962
vn 0.930064 0.092724 0.355505
v 0.861745 0.376946 -1.124807 0.010962 0.010962 0.010962
vn 0.930064 0.092724 0.355505
f 5017//5017 5018//5018 5019//5019
v 0.827686 0.565421 -1.084861 0.010962 0.010962 0.010962
vn 0.930066 0.092725 0.355499
v 0.861745 0.376946 -1.124807 0.010962 0.010962 0.010962
vn 0.930066 0.092725 0.355499
v 0.861745 0.519652 -1.162029 0.010962 0.010962 0.010962
vn 0.930066 0.092725 0.355499
f 5020//5020 5021//5021 5022//5022
v 0.861745 0.626119 -1.402627 0.010962 0.010962 0.010962
vn 0.000000 -0.964138 -0.265402
v 0.861745 0.592735 -1.281354 0.010962 0.010962 0.010962
vn 0.000000 -0.964138 -0.265402
v 0.834034 0.592735 -1.281354 0.010962 0.010962 0.010962
vn 0.000000 -0.964138 -0.265402
f 5023//5023 5024//5024 5025//5025
v 0.861745 0.626119 -1.402627 0.010962 0.010962 0.010962
vn 0.000000 -0.964138 -0.265402
v 0.834034 0.592735 -1.281354 0.010962 0.010962 0.010962
vn 0.000000 -0.964138 -0.265402
v 0.834034 0.626119 -1.402627 0.010962 0.010962 0.010962
vn 0.000000 -0.964138 -0.265402
f 5026//5026 5027//5027 5028//5028
v 0.861745 0.091538 -1.402627 0.010962 0.010962 0.010962
vn 1.000000 0.000000 0.000000
v 0.861745 0.129776 -1.541536 0.010962 0.010962 0.010962
vn 1.000000 0.000000 0.000000
v 0.861745 0.161158 -1.523900 0.010962 0.010962 0.010962
vn 1.000000 0.000000 0.000000
f 5029//5029 5030//5030 5031//5031
v 0.861745 0.091538 -1.402627 0.010962 0.010962 0.010962
vn 1.000000 0.000000 0.000000
v 0.861745 0.161158 -1.523900 0.010962 0.010962 0.010962
vn 1.000000 0.000000 0.000000
v 0.861745 0.127775 -1.402627 0.010962 0.010962 0.010962
vn 1.000000 0.000000 0.000000
f 5032//5032 5033//5033 5034//5034
v 0.861745 0.624118 -1.541536 0.010962 0.010962 0.010962
vn 1.000000 0.000000 0.000000
v 0.861745 0.662356 -1.402627 0.010962 0.010962 0.010962
vn 1.000000 0.000000 0.000000
v 0.861745 0.626119 -1.402627 0.010962 0.010962 0.010962
vn 1.000000 0.000000 0.000000
f 5035//5035 5036//5036 5037//5037
v 0.861745 0.624118 -1.541536 0.010962 0.010962 0.010962
vn 1.000000 0.000000 0.000000
v 0.861745 0.626119 -1.402627 0.010962 0.010962 0.010962
vn 1.000000 0.000000 0.000000
v 0.861745 0.592735 -1.523899 0.010962 0.010962 0.010962
vn 1.000000 0.000000 0.000000
f 5038//5038 5039//5039 5040//5040
v 0.861745 0.519652 -1.162029 0.010962 0.010962 0.010962
vn 1.000000 0.000000 0.000000
v 0.861745 0.376946 -1.124807 0.010962 0.010962 0.010962
vn 1.000000 0.000000 0.000000
v 0.861745 0.376946 -1.160081 0.010962 0.010962 0.010962
vn 1.000000 0.000000 0.000000
f 5041//5041 5042//5042 5043//5043
v 0.861745 0.519652 -1.162029 0.010962 0.010962 0.010962
vn 1.000000 0.000000 0.000000
v 0.861745 0.376946 -1.160081 0.010962 0.010962 0.010962
vn 1.000000 0.000000 0.000000
v 0.861745 0.501533 -1.192576 0.010962 0.010962 0.010962
vn 1.000000 0.000000 0.000000
f 5044//5044 5045//5045 5046//5046
v 0.861745 0.129776 -1.263718 0.010962 0.010962 0.010962
vn 1.000000 0.000000 0.000000
v 0.861745 0.091538 -1.402627 0.010962 0.010962 0.010962
vn 1.000000 0.000000 0.000000
v 0.861745 0.127775 -1.402627 0.010962 0.010962 0.010962
vn 1.000000 0.000000 0.000000
f 5047//5047 5048//5048 5049//5049
v 0.861745 0.129776 -1.263718 0.010962 0.010962 0.010962
vn 1.000000 0.000000 0.000000
v 0.861745 0.127775 -1.402627 0.010962 0.010962 0.010962
vn 1.000000 0.000000 0.000000
v 0.861745 0.161158 -1.281354 0.010962 0.010962 0.010962
vn 1.000000 0.000000 0.000000
f 5050//5050 5051//5051 5052//5052
v 0.861745 0.519652 -1.643226 0.010962 0.010962 0.010962
vn 1.000000 0.000000 0.000000
v 0.861745 0.624118 -1.541536 0.010962 0.010962 0.010962
vn 1.000000 0.000000 0.000000
v 0.861745 0.592735 -1.523899 0.010962 0.010962 0.010962
vn 1.000000 0.000000 0.000000
f 5053//5053 5054//5054 5055//5055
v 0.861745 0.519652 -1.643226 0.010962 0.010962 0.010962
vn 1.000000 0.000000 0.000000
v 0.861745 0.592735 -1.523899 0.010962 0.010962 0.010962
vn 1.000000 0.000000 0.000000
v 0.861745 0.501533 -1.612678 0.010962 0.010962 0.010962
vn 1.000000 0.000000 0.000000
f 5056//5056 5057//5057 5058//5058
v 0.861745 0.234242 -1.643226 0.010962 0.010962 0.010962
vn 1.000000 0.000000 0.000000
v 0.861745 0.376946 -1.680447 0.010962 0.010962 0.010962
vn 1.000000 0.000000 0.000000
v 0.861745 0.376946 -1.645174 0.010962 0.010962 0.010962
vn 1.000000 0.000000 0.000000
f 5059//5059 5060//5060 5061//5061
v 0.861745 0.234242 -1.643226 0.010962 0.010962 0.010962
vn 1.000000 0.000000 0.000000
v 0.861745 0.376946 -1.645174 0.010962 0.010962 0.010962
vn 1.000000 0.000000 0.000000
v 0.861745 0.252361 -1.612678 0.010962 0.010962 0.010962
vn 1.000000 0.000000 0.000000
f 5062//5062 5063//5063 5064//5064
v 0.861745 0.624118 -1.263718 0.010962 0.010962 0.010962
vn 1.000000 0.000000 0.000000
v 0.861745 0.519652 -1.162029 0.010962 0.010962 0.010962
vn 1.000000 0.000000 0.000000
v 0.861745 0.501533 -1.192576 0.010962 0.010962 0.010962
vn 1.000000 0.000000 0.000000
f 5065//5065 5066//5066 5067//5067
v 0.861745 0.624118 -1.263718 0.010962 0.010962 0.010962
vn 1.000000 0.000000 0.000000
v 0.861745 0.501533 -1.192576 0.010962 0.010962 0.010962
vn 1.000000 0.000000 0.000000
v 0.861745 0.592735 -1.281354 0.010962 0.010962 0.010962
vn 1.000000 0.000000 0.000000
f 5068//5068 5069//5069 5070//5070
v 0.861745 0.234242 -1.162029 0.010962 0.010962 0.010962
vn 1.000000 0.000000 0.000000
v 0.861745 0.129776 -1.263718 0.010962 0.010962 0.010962
vn 1.000000 0.000000 0.000000
v 0.861745 0.161158 -1.281354 0.010962 0.010962 0.010962
vn 1.000000 0.000000 0.000000
f 5071//5071 5072//5072 5073//5073
v 0.861745 0.234242 -1.162029 0.010962 0.010962 0.010962
vn 1.000000 0.000000 0.000000
v 0.861745 0.161158 -1.281354 0.010962 0.010962 0.010962
vn 1.000000 0.000000 0.000000
v 0.861745 0.252361 -1.192576 0.010962 0.010962 0.010962
vn 1.000000 0.000000 0.000000
f 5074//5074 5075//5075 5076//5076
v 0.861745 0.376946 -1.680447 0.010962 0.010962 0.010962
vn 1.000000 0.000000 0.000000
v 0.861745 0.519652 -1.643226 0.010962 0.010962 0.010962
vn 1.000000 0.000000 0.000000
v 0.861745 0.501533 -1.612678 0.010962 0.010962 0.010962
vn 1.000000 0.000000 0.000000
f 5077//5077 5078//5078 5079//5079
v 0.861745 0.376946 -1.680447 0.010962 0.010962 0.010962
vn 1.000000 0.000000 0.000000
v 0.861745 0.501533 -1.612678 0.010962 0.010962 0.010962
vn 1.000000 0.000000 0.000000
v 0.861745 0.376946 -1.645174 0.010962 0.010962 0.010962
vn 1.000000 0.000000 0.000000
f 5080//5080 5081//5081 5082//5082
v 0.861745 0.129776 -1.541536 0.010962 0.010962 0.010962
vn 1.000000 0.000000 0.000000
v 0.861745 0.234242 -1.643226 0.010962 0.010962 0.010962
vn 1.000000 0.000000 0.000000
v 0.861745 0.252361 -1.612678 0.010962 0.010962 0.010962
vn 1.000000 0.000000 0.000000
f 5083//5083 5084//5084 5085//5085
v 0.861745 0.129776 -1.541536 0.010962 0.010962 0.010962
vn 1.000000 0.000000 0.000000
v 0.861745 0.252361 -1.612678 0.010962 0.010962 0.010962
vn 1.000000 0.000000 0.000000
v 0.861745 0.161158 -1.523900 0.010962 0.010962 0.010962
vn 1.000000 0.000000 0.000000
f 5086//5086 5087//5087 5088//5088
v 0.861745 0.662356 -1.402627 0.010962 0.010962 0.010962
vn 1.000000 0.000000 0.000000
v 0.861745 0.624118 -1.263718 0.010962 0.010962 0.010962
vn 1.000000 0.000000 0.000000
v 0.861745 0.592735 -1.281354 0.010962 0.010962 0.010962
vn 1.000000 0.000000 0.000000
f 5089//5089 5090//5090 5091//5091
v 0.861745 0.662356 -1.402627 0.010962 0.010962 0.010962
vn 1.000000 0.000000 0.000000
v 0.861745 0.592735 -1.281354 0.010962 0.010962 0.010962
vn 1.000000 0.000000 0.000000
v 0.861745 0.626119 -1.402627 0.010962 0.010962 0.010962
vn 1.000000 0.000000 0.000000
f 5092//5092 5093//5093 5094//5094
v 0.861745 0.376946 -1.160081 0.010962 0.010962 0.010962
vn 0.000000 0.252379 -0.967629
v 0.861745 0.252361 -1.192576 0.010962 0.010962 0.010962
vn 0.000000 0.252379 -0.967629
v 0.834034 0.252361 -1.192576 0.010962 0.010962 0.010962
vn 0.000000 0.252379 -0.967629
f 5095//5095 5096//5096 5097//5097
v 0.861745 0.376946 -1.160081 0.010962 0.010962 0.010962
vn 0.000000 0.252379 -0.967629
v 0.834034 0.252361 -1.192576 0.010962 0.010962 0.010962
vn 0.000000 0.252379 -0.967629
v 0.834034 0.376946 -1.160081 0.010962 0.010962 0.010962
vn 0.000000 0.252379 -0.967629
f 5098//5098 5099//5099 5100//5100
v 0.861745 0.127775 -1.402627 0.010962 0.010962 0.010962
vn 0.000000 0.964138 0.265402
v 0.861745 0.161158 -1.523900 0.010962 0.010962 0.010962
vn 0.000000 0.964138 0.265402
v 0.834034 0.161158 -1.523900 0.010962 0.010962 0.010962
vn 0.000000 0.964138 0.265402
f 5101//5101 5102//5102 5103//5103
v 0.861745 0.127775 -1.402627 0.010962 0.010962 0.010962
vn 0.000000 0.964138 0.265402
v 0.834034 0.161158 -1.523900 0.010962 0.010962 0.010962
vn 0.000000 0.964138 0.265402
v 0.834034 0.127775 -1.402627 0.010962 0.010962 0.010962
vn 0.000000 0.964138 0.265402
f 5104//5104 5105//5105 5106//5106
v 0.861745 0.592735 -1.523899 0.010962 0.010962 0.010962
vn 0.000000 -0.964137 0.265404
v 0.861745 0.626119 -1.402627 0.010962 0.010962 0.010962
vn 0.000000 -0.964137 0.265404
v 0.834034 0.626119 -1.402627 0.010962 0.010962 0.010962
vn 0.000000 -0.964137 0.265404
f 5107//5107 5108//5108 5109//5109
v 0.861745 0.592735 -1.523899 0.010962 0.010962 0.010962
vn 0.000000 -0.964137 0.265404
v 0.834034 0.626119 -1.402627 0.010962 0.010962 0.010962
vn 0.000000 -0.964137 0.265404
v 0.834034 0.592735 -1.523899 0.010962 0.010962 0.010962
vn 0.000000 -0.964137 0.265404
f 5110//5110 5111//5111 5112//5112
v 0.861745 0.501533 -1.192576 0.010962 0.010962 0.010962
vn 0.000000 -0.252377 -0.967629
v 0.861745 0.376946 -1.160081 0.010962 0.010962 0.010962
vn 0.000000 -0.252377 -0.967629
v 0.834034 0.376946 -1.160081 0.010962 0.010962 0.010962
vn 0.000000 -0.252377 -0.967629
f 5113//5113 5114//5114 5115//5115
v 0.861745 0.501533 -1.192576 0.010962 0.010962 0.010962
vn 0.000000 -0.252377 -0.967629
v 0.834034 0.376946 -1.160081 0.010962 0.010962 0.010962
vn 0.000000 -0.252377 -0.967629
v 0.834034 0.501533 -1.192576 0.010962 0.010962 0.010962
vn 0.000000 -0.252377 -0.967629
f 5116//5116 5117//5117 5118//5118
v 0.861745 0.161158 -1.281354 0.010962 0.010962 0.010962
vn 0.000000 0.964138 -0.265402
v 0.861745 0.127775 -1.402627 0.010962 0.010962 0.010962
vn 0.000000 0.964138 -0.265402
v 0.834034 0.127775 -1.402627 0.010962 0.010962 0.010962
vn 0.000000 0.964138 -0.265402
f 5119//5119 5120//5120 5121//5121
v 0.861745 0.161158 -1.281354 0.010962 0.010962 0.010962
vn 0.000000 0.964138 -0.265402
v 0.834034 0.127775 -1.402627 0.010962 0.010962 0.010962
vn 0.000000 0.964138 -0.265402
v 0.834034 0.161158 -1.281354 0.010962 0.010962 0.010962
vn 0.000000 0.964138 -0.265402
f 5122//5122 5123//5123 5124//5124
v 0.861745 0.501533 -1.612678 0.010962 0.010962 0.010962
vn 0.000000 -0.697520 0.716565
v 0.861745 0.592735 -1.523899 0.010962 0.010962 0.010962
vn 0.000000 -0.697520 0.716565
v 0.834034 0.592735 -1.523899 0.010962 0.010962 0.010962
vn 0.000000 -0.697520 0.716565
f 5125//5125 5126//5126 5127//5127
v 0.861745 0.501533 -1.612678 0.010962 0.010962 0.010962
vn 0.000000 -0.697520 0.716565
v 0.834034 0.592735 -1.523899 0.010962 0.010962 0.010962
vn 0.000000 -0.697520 0.716565
v 0.834034 0.501533 -1.612678 0.010962 0.010962 0.010962
vn 0.000000 -0.697520 0.716565
f 5128//5128 5129//5129 5130//5130
v 0.861745 0.252361 -1.612678 0.010962 0.010962 0.010962
vn 0.000000 0.252387 0.967626
v 0.861745 0.376946 -1.645174 0.010962 0.010962 0.010962
vn 0.000000 0.252387 0.967626
v 0.834034 0.376946 -1.645174 0.010962 0.010962 0.010962
vn 0.000000 0.252387 0.967626
f 5131//5131 5132//5132 5133//5133
v 0.861745 0.252361 -1.612678 0.010962 0.010962 0.010962
vn 0.000000 0.252387 0.967626
v 0.834034 0.376946 -1.645174 0.010962 0.010962 0.010962
vn 0.000000 0.252387 0.967626
v 0.834034 0.252361 -1.612678 0.010962 0.010962 0.010962
vn 0.000000 0.252387 0.967626
f 5134//5134 5135//5135 5136//5136
v 0.861745 0.592735 -1.281354 0.010962 0.010962 0.010962
vn 0.000000 -0.697515 -0.716570
v 0.861745 0.501533 -1.192576 0.010962 0.010962 0.010962
vn 0.000000 -0.697515 -0.716570
v 0.834034 0.501533 -1.192576 0.010962 0.010962 0.010962
vn 0.000000 -0.697515 -0.716570
f 5137//5137 5138//5138 5139//5139
v 0.861745 0.592735 -1.281354 0.010962 0.010962 0.010962
vn 0.000000 -0.697515 -0.716570
v 0.834034 0.501533 -1.192576 0.010962 0.010962 0.010962
vn 0.000000 -0.697515 -0.716570
v 0.834034 0.592735 -1.281354 0.010962 0.010962 0.010962
vn 0.000000 -0.697515 -0.716570
f 5140//5140 5141//5141 5142//5142
v 0.861745 0.252361 -1.192576 0.010962 0.010962 0.010962
vn 0.000000 0.697515 -0.716570
v 0.861745 0.161158 -1.281354 0.010962 0.010962 0.010962
vn 0.000000 0.697515 -0.716570
v 0.834034 0.161158 -1.281354 0.010962 0.010962 0.010962
vn 0.000000 0.697515 -0.716570
f 5143//5143 5144//5144 5145//5145
v 0.861745 0.252361 -1.192576 0.010962 0.010962 0.010962
vn 0.000000 0.697515 -0.716570
v 0.834034 0.161158 -1.281354 0.010962 0.010962 0.010962
vn 0.000000 0.697515 -0.716570
v 0.834034 0.252361 -1.192576 0.010962 0.010962 0.010962
vn 0.000000 0.697515 -0.716570
f 5146//5146 5147//5147 5148//5148
v 0.861745 0.376946 -1.645174 0.010962 0.010962 0.010962
vn 0.000000 -0.252385 0.967627
v 0.861745 0.501533 -1.612678 0.010962 0.010962 0.010962
vn 0.000000 -0.252385 0.967627
v 0.834034 0.501533 -1.612678 0.010962 0.010962 0.010962
vn 0.000000 -0.252385 0.967627
f 5149//5149 5150//5150 5151//5151
v 0.861745 0.376946 -1.645174 0.010962 0.010962 0.010962
vn 0.000000 -0.252385 0.967627
v 0.834034 0.501533 -1.612678 0.010962 0.010962 0.010962
vn 0.000000 -0.252385 0.967627
v 0.834034 0.376946 -1.645174 0.010962 0.010962 0.010962
vn 0.000000 -0.252385 0.967627
f 5152//5152 5153//5153 5154//5154
v 0.861745 0.161158 -1.523900 0.010962 0.010962 0.010962
vn 0.000000 0.697515 0.716570
v 0.861745 0.252361 -1.612678 0.010962 0.010962 0.010962
vn 0.000000 0.697515 0.716570
v 0.834034 0.252361 -1.612678 0.010962 0.010962 0.010962
vn 0.000000 0.697515 0.716570
f 5155//5155 5156//5156 5157//5157
v 0.861745 0.161158 -1.523900 0.010962 0.010962 0.010962
vn 0.000000 0.697515 0.716570
v 0.834034 0.252361 -1.612678 0.010962 0.010962 0.010962
vn 0.000000 0.697515 0.716570
v 0.834034 0.161158 -1.523900 0.010962 0.010962 0.010962
vn 0.000000 0.697515 0.716570
f 5158//5158 5159//5159 5160//5160
v 0.785974 0.364488 -1.176096 0.010962 0.010962 0.010962
vn 0.997216 -0.018820 0.072156
v 0.785974 0.264819 -1.202092 0.010962 0.010962 0.010962
vn 0.997216 -0.018820 0.072156
v 0.796383 0.337342 -1.327029 0.010962 0.010962 0.010962
vn 0.997216 -0.018820 0.072156
f 5161//5161 5162//5162 5163//5163
v 0.785974 0.364488 -1.176096 0.010962 0.010962 0.010962
vn 0.997216 -0.018820 0.072156
v 0.796383 0.337342 -1.327029 0.010962 0.010962 0.010962
vn 0.997216 -0.018820 0.072156
v 0.796383 0.367376 -1.319196 0.010962 0.010962 0.010962
vn 0.997216 -0.018820 0.072156
f 5164//5164 5165//5165 5166//5166
v 0.785974 0.489074 -1.202092 0.010962 0.010962 0.010962
vn 0.997216 0.018820 0.072156
v 0.785974 0.389406 -1.176096 0.010962 0.010962 0.010962
vn 0.997216 0.018820 0.072156
v 0.796383 0.386518 -1.319196 0.010962 0.010962 0.010962
vn 0.997216 0.018820 0.072156
f 5167//5167 5168//5168 5169//5169
v 0.785974 0.489074 -1.202092 0.010962 0.010962 0.010962
vn 0.997216 0.018820 0.072156
v 0.796383 0.386518 -1.319196 0.010962 0.010962 0.010962
vn 0.997216 0.018820 0.072156
v 0.796383 0.416551 -1.327029 0.010962 0.010962 0.010962
vn 0.997216 0.018820 0.072156
f 5170//5170 5171//5171 5172//5172
v 0.785974 0.576044 -1.279847 0.010962 0.010962 0.010962
vn 0.997296 0.051258 0.052659
v 0.785974 0.503081 -1.208824 0.010962 0.010962 0.010962
vn 0.997296 0.051258 0.052659
v 0.796383 0.427312 -1.332201 0.010962 0.010962 0.010962
vn 0.997296 0.051258 0.052659
f 5173//5173 5174//5174 5175//5175
v 0.785974 0.576044 -1.279847 0.010962 0.010962 0.010962
vn 0.997296 0.051258 0.052659
v 0.796383 0.427312 -1.332201 0.010962 0.010962 0.010962
vn 0.997296 0.051258 0.052659
v 0.796383 0.449298 -1.353602 0.010962 0.010962 0.010962
vn 0.997296 0.051258 0.052659
f 5176//5176 5177//5177 5178//5178
v 0.785974 0.609666 -1.390500 0.010962 0.010962 0.010962
vn 0.997342 0.070246 0.019336
v 0.785974 0.582960 -1.293482 0.010962 0.010962 0.010962
vn 0.997342 0.070246 0.019336
v 0.796383 0.454610 -1.364076 0.010962 0.010962 0.010962
vn 0.997342 0.070246 0.019336
f 5179//5179 5180//5180 5181//5181
v 0.785974 0.609666 -1.390500 0.010962 0.010962 0.010962
vn 0.997342 0.070246 0.019337
v 0.796383 0.454610 -1.364076 0.010962 0.010962 0.010962
vn 0.997342 0.070246 0.019337
v 0.796383 0.462658 -1.393311 0.010962 0.010962 0.010962
vn 0.997342 0.070246 0.019337
f 5182//5182 5183//5183 5184//5184
v 0.785974 0.503082 -1.596430 0.010962 0.010962 0.010962
vn 0.997296 0.051259 -0.052658
v 0.785974 0.576044 -1.525407 0.010962 0.010962 0.010962
vn 0.997296 0.051259 -0.052658
v 0.796383 0.449298 -1.451652 0.010962 0.010962 0.010962
vn 0.997296 0.051259 -0.052658
f 5185//5185 5186//5186 5187//5187
v 0.785974 0.503082 -1.596430 0.010962 0.010962 0.010962
vn 0.997296 0.051258 -0.052658
v 0.796383 0.449298 -1.451652 0.010962 0.010962 0.010962
vn 0.997296 0.051258 -0.052658
v 0.796383 0.427312 -1.473053 0.010962 0.010962 0.010962
vn 0.997296 0.051258 -0.052658
f 5188//5188 5189//5189 5190//5190
v 0.785974 0.582960 -1.511772 0.010962 0.010962 0.010962
vn 0.997342 0.070247 -0.019336
v 0.785974 0.609666 -1.414754 0.010962 0.010962 0.010962
vn 0.997342 0.070247 -0.019336
v 0.796383 0.462658 -1.411943 0.010962 0.010962 0.010962
vn 0.997342 0.070247 -0.019336
f 5191//5191 5192//5192 5193//5193
v 0.785974 0.582960 -1.511772 0.010962 0.010962 0.010962
vn 0.997342 0.070246 -0.019337
v 0.796383 0.462658 -1.411943 0.010962 0.010962 0.010962
vn 0.997342 0.070246 -0.019337
v 0.796383 0.454610 -1.441178 0.010962 0.010962 0.010962
vn 0.997342 0.070246 -0.019337
f 5194//5194 5195//5195 5196//5196
v 0.785974 0.389406 -1.629158 0.010962 0.010962 0.010962
vn 0.997216 0.018821 -0.072156
v 0.785974 0.489074 -1.603162 0.010962 0.010962 0.010962
vn 0.997216 0.018821 -0.072156
v 0.796383 0.416551 -1.478226 0.010962 0.010962 0.010962
vn 0.997216 0.018821 -0.072156
f 5197//5197 5198//5198 5199//5199
v 0.785974 0.389406 -1.629158 0.010962 0.010962 0.010962
vn 0.997216 0.018817 -0.072156
v 0.796383 0.416551 -1.478226 0.010962 0.010962 0.010962
vn 0.997216 0.018817 -0.072156
v 0.796383 0.386518 -1.486058 0.010962 0.010962 0.010962
vn 0.997216 0.018817 -0.072156
f 5200//5200 5201//5201 5202//5202
v 0.785974 0.264819 -1.603162 0.010962 0.010962 0.010962
vn 0.997216 -0.018820 -0.072156
v 0.785974 0.364488 -1.629158 0.010962 0.010962 0.010962
vn 0.997216 -0.018820 -0.072156
v 0.796383 0.367376 -1.486058 0.010962 0.010962 0.010962
vn 0.997216 -0.018820 -0.072156
f 5203//5203 5204//5204 5205//5205
v 0.785974 0.264819 -1.603162 0.010962 0.010962 0.010962
vn 0.997216 -0.018818 -0.072158
v 0.796383 0.367376 -1.486058 0.010962 0.010962 0.010962
vn 0.997216 -0.018818 -0.072158
v 0.796383 0.337342 -1.478226 0.010962 0.010962 0.010962
vn 0.997216 -0.018818 -0.072158
f 5206//5206 5207//5207 5208//5208
v 0.785974 0.177850 -1.525407 0.010962 0.010962 0.010962
vn 0.997296 -0.051259 -0.052658
v 0.785974 0.250812 -1.596430 0.010962 0.010962 0.010962
vn 0.997296 -0.051259 -0.052658
v 0.796383 0.326582 -1.473053 0.010962 0.010962 0.010962
vn 0.997296 -0.051259 -0.052658
f 5209//5209 5210//5210 5211//5211
v 0.785974 0.177850 -1.525407 0.010962 0.010962 0.010962
vn 0.997296 -0.051258 -0.052659
v 0.796383 0.326582 -1.473053 0.010962 0.010962 0.010962
vn 0.997296 -0.051258 -0.052659
v 0.796383 0.304596 -1.451652 0.010962 0.010962 0.010962
vn 0.997296 -0.051258 -0.052659
f 5212//5212 5213//5213 5214//5214
v 0.785974 0.144228 -1.414754 0.010962 0.010962 0.010962
vn 0.997342 -0.070246 -0.019336
v 0.785974 0.170934 -1.511772 0.010962 0.010962 0.010962
vn 0.997342 -0.070246 -0.019336
v 0.796383 0.299283 -1.441178 0.010962 0.010962 0.010962
vn 0.997342 -0.070246 -0.019336
f 5215//5215 5216//5216 5217//5217
v 0.785974 0.144228 -1.414754 0.010962 0.010962 0.010962
vn 0.997342 -0.070246 -0.019337
v 0.796383 0.299283 -1.441178 0.010962 0.010962 0.010962
vn 0.997342 -0.070246 -0.019337
v 0.796383 0.291236 -1.411943 0.010962 0.010962 0.010962
vn 0.997342 -0.070246 -0.019337
f 5218//5218 5219//5219 5220//5220
v 0.785974 0.170934 -1.293482 0.010962 0.010962 0.010962
vn 0.997342 -0.070247 0.019336
v 0.785974 0.144228 -1.390500 0.010962 0.010962 0.010962
vn 0.997342 -0.070247 0.019336
v 0.796383 0.291236 -1.393311 0.010962 0.010962 0.010962
vn 0.997342 -0.070247 0.019336
f 5221//5221 5222//5222 5223//5223
v 0.785974 0.170934 -1.293482 0.010962 0.010962 0.010962
vn 0.997342 -0.070246 0.019337
v 0.796383 0.291236 -1.393311 0.010962 0.010962 0.010962
vn 0.997342 -0.070246 0.019337
v 0.796383 0.299283 -1.364076 0.010962 0.010962 0.010962
vn 0.997342 -0.070246 0.019337
f 5224//5224 5225//5225 5226//5226
v 0.785974 0.250812 -1.208824 0.010962 0.010962 0.010962
vn 0.997296 -0.051259 0.052658
v 0.785974 0.177850 -1.279847 0.010962 0.010962 0.010962
vn 0.997296 -0.051259 0.052658
v 0.796383 0.304596 -1.353602 0.010962 0.010962 0.010962
vn 0.997296 -0.051259 0.052658
f 5227//5227 5228//5228 5229//5229
v 0.785974 0.250812 -1.208824 0.010962 0.010962 0.010962
vn 0.997296 -0.051258 0.052658
v 0.796383 0.304596 -1.353602 0.010962 0.010962 0.010962
vn 0.997296 -0.051258 0.052658
v 0.796383 0.326582 -1.332201 0.010962 0.010962 0.010962
vn 0.997296 -0.051258 0.052658
f 5230//5230 5231//5231 5232//5232
v 0.819087 0.339558 -1.351307 0.010962 0.010962 0.010962
vn 0.931732 -0.253301 0.260220
v 0.819087 0.324225 -1.366231 0.010962 0.010962 0.010962
vn 0.931732 -0.253301 0.260220
v 0.824944 0.337884 -1.373908 0.010962 0.010962 0.010962
vn 0.931732 -0.253301 0.260220
f 5233//5233 5234//5234 5235//5235
v 0.819087 0.339558 -1.351307 0.010962 0.010962 0.010962
vn 0.931740 -0.253270 0.260220
v 0.824944 0.337884 -1.373908 0.010962 0.010962 0.010962
vn 0.931740 -0.253270 0.260220
v 0.824944 0.347444 -1.364603 0.010962 0.010962 0.010962
vn 0.931740 -0.253270 0.260220
f 5236//5236 5237//5237 5238//5238
v 0.819087 0.324225 -1.439023 0.010962 0.010962 0.010962
vn 0.931738 -0.253289 -0.260208
v 0.819087 0.339558 -1.453947 0.010962 0.010962 0.010962
vn 0.931738 -0.253289 -0.260208
v 0.824944 0.347444 -1.440651 0.010962 0.010962 0.010962
vn 0.931738 -0.253289 -0.260208
f 5239//5239 5240//5240 5241//5241
v 0.819087 0.324225 -1.439023 0.010962 0.010962 0.010962
vn 0.931730 -0.253289 -0.260239
v 0.824944 0.347444 -1.440651 0.010962 0.010962 0.010962
vn 0.931730 -0.253289 -0.260239
v 0.824944 0.337884 -1.431346 0.010962 0.010962 0.010962
vn 0.931730 -0.253289 -0.260239
f 5242//5242 5243//5243 5244//5244
v 0.819087 0.414336 -1.453947 0.010962 0.010962 0.010962
vn 0.931732 0.253301 -0.260220
v 0.819087 0.429668 -1.439023 0.010962 0.010962 0.010962
vn 0.931732 0.253301 -0.260220
v 0.824944 0.416010 -1.431346 0.010962 0.010962 0.010962
vn 0.931732 0.253301 -0.260220
f 5245//5245 5246//5246 5247//5247
v 0.819087 0.414336 -1.453947 0.010962 0.010962 0.010962
vn 0.931740 0.253270 -0.260220
v 0.824944 0.416010 -1.431346 0.010962 0.010962 0.010962
vn 0.931740 0.253270 -0.260220
v 0.824944 0.406450 -1.440651 0.010962 0.010962 0.010962
vn 0.931740 0.253270 -0.260220
f 5248//5248 5249//5249 5250//5250
v 0.819087 0.429668 -1.366231 0.010962 0.010962 0.010962
vn 0.931738 0.253289 0.260208
v 0.819087 0.414336 -1.351307 0.010962 0.010962 0.010962
vn 0.931738 0.253289 0.260208
v 0.824944 0.406450 -1.364603 0.010962 0.010962 0.010962
vn 0.931738 0.253289 0.260208
f 5251//5251 5252//5252 5253//5253
v 0.819087 0.429668 -1.366231 0.010962 0.010962 0.010962
vn 0.931730 0.253289 0.260239
v 0.824944 0.406450 -1.364603 0.010962 0.010962 0.010962
vn 0.931730 0.253289 0.260239
v 0.824944 0.416010 -1.373908 0.010962 0.010962 0.010962
vn 0.931730 0.253289 0.260239
f 5254//5254 5255//5255 5256//5256
v -0.628429 0.376946 -1.769551 0.010962 0.010962 0.010962
vn 0.000000 -0.252381 -0.967628
v -0.628429 0.188473 -1.720393 0.010962 0.010962 0.010962
vn 0.000000 -0.252381 -0.967628
v -0.818038 0.188473 -1.720393 0.010962 0.010962 0.010962
vn 0.000000 -0.252381 -0.967628
f 5257//5257 5258//5258 5259//5259
v -0.628429 0.376946 -1.769551 0.010962 0.010962 0.010962
vn 0.000000 -0.252381 -0.967628
v -0.818038 0.188473 -1.720393 0.010962 0.010962 0.010962
vn 0.000000 -0.252381 -0.967628
v -0.818038 0.376946 -1.769551 0.010962 0.010962 0.010962
vn 0.000000 -0.252381 -0.967628
f 5260//5260 5261//5261 5262//5262
v -0.628429 0.188473 -1.720393 0.010962 0.010962 0.010962
vn 0.000000 -0.697518 -0.716567
v -0.628429 0.050501 -1.586088 0.010962 0.010962 0.010962
vn 0.000000 -0.697518 -0.716567
v -0.818038 0.050501 -1.586088 0.010962 0.010962 0.010962
vn 0.000000 -0.697518 -0.716567
f 5263//5263 5264//5264 5265//5265
v -0.628429 0.188473 -1.720393 0.010962 0.010962 0.010962
vn 0.000000 -0.697518 -0.716567
v -0.818038 0.050501 -1.586088 0.010962 0.010962 0.010962
vn 0.000000 -0.697518 -0.716567
v -0.818038 0.188473 -1.720393 0.010962 0.010962 0.010962
vn 0.000000 -0.697518 -0.716567
f 5266//5266 5267//5267 5268//5268
v -0.628429 0.050501 -1.586088 0.010962 0.010962 0.010962
vn 0.000000 -0.964139 -0.265398
v -0.628429 0.000000 -1.402627 0.010962 0.010962 0.010962
vn 0.000000 -0.964139 -0.265398
v -0.818038 0.000000 -1.402627 0.010962 0.010962 0.010962
vn 0.000000 -0.964139 -0.265398
f 5269//5269 5270//5270 5271//5271
v -0.628429 0.050501 -1.586088 0.010962 0.010962 0.010962
vn 0.000000 -0.964139 -0.265398
v -0.818038 0.000000 -1.402627 0.010962 0.010962 0.010962
vn 0.000000 -0.964139 -0.265398
v -0.818038 0.050501 -1.586088 0.010962 0.010962 0.010962
vn 0.000000 -0.964139 -0.265398
f 5272//5272 5273//5273 5274//5274
v -0.628429 0.000000 -1.402627 0.010962 0.010962 0.010962
vn 0.000000 -0.964139 0.265398
v -0.628429 0.050501 -1.219166 0.010962 0.010962 0.010962
vn 0.000000 -0.964139 0.265398
v -0.818038 0.050501 -1.219166 0.010962 0.010962 0.010962
vn 0.000000 -0.964139 0.265398
f 5275//5275 5276//5276 5277//5277
v -0.628429 0.000000 -1.402627 0.010962 0.010962 0.010962
vn 0.000000 -0.964139 0.265398
v -0.818038 0.050501 -1.219166 0.010962 0.010962 0.010962
vn 0.000000 -0.964139 0.265398
v -0.818038 0.000000 -1.402627 0.010962 0.010962 0.010962
vn 0.000000 -0.964139 0.265398
f 5278//5278 5279//5279 5280//5280
v -0.628429 0.050501 -1.219166 0.010962 0.010962 0.010962
vn 0.000000 -0.697518 0.716567
v -0.628429 0.188473 -1.084861 0.010962 0.010962 0.010962
vn 0.000000 -0.697518 0.716567
v -0.818038 0.188473 -1.084861 0.010962 0.010962 0.010962
vn 0.000000 -0.697518 0.716567
f 5281//5281 5282//5282 5283//5283
v -0.628429 0.050501 -1.219166 0.010962 0.010962 0.010962
vn 0.000000 -0.697518 0.716567
v -0.818038 0.188473 -1.084861 0.010962 0.010962 0.010962
vn 0.000000 -0.697518 0.716567
v -0.818038 0.050501 -1.219166 0.010962 0.010962 0.010962
vn 0.000000 -0.697518 0.716567
f 5284//5284 5285//5285 5286//5286
v -0.628429 0.188473 -1.084861 0.010962 0.010962 0.010962
vn 0.000000 -0.252381 0.967628
v -0.628429 0.376946 -1.035703 0.010962 0.010962 0.010962
vn 0.000000 -0.252381 0.967628
v -0.818038 0.376946 -1.035703 0.010962 0.010962 0.010962
vn 0.000000 -0.252381 0.967628
f 5287//5287 5288//5288 5289//5289
v -0.628429 0.188473 -1.084861 0.010962 0.010962 0.010962
vn 0.000000 -0.252381 0.967628
v -0.818038 0.376946 -1.035703 0.010962 0.010962 0.010962
vn 0.000000 -0.252381 0.967628
v -0.818038 0.188473 -1.084861 0.010962 0.010962 0.010962
vn 0.000000 -0.252381 0.967628
f 5290//5290 5291//5291 5292//5292
v -0.628429 0.376946 -1.035703 0.010962 0.010962 0.010962
vn 0.000000 0.252379 0.967628
v -0.628429 0.565421 -1.084861 0.010962 0.010962 0.010962
vn 0.000000 0.252379 0.967628
v -0.818038 0.565421 -1.084861 0.010962 0.010962 0.010962
vn 0.000000 0.252379 0.967628
f 5293//5293 5294//5294 5295//5295
v -0.628429 0.376946 -1.035703 0.010962 0.010962 0.010962
vn 0.000000 0.252379 0.967628
v -0.818038 0.565421 -1.084861 0.010962 0.010962 0.010962
vn 0.000000 0.252379 0.967628
v -0.818038 0.376946 -1.035703 0.010962 0.010962 0.010962
vn 0.000000 0.252379 0.967628
f 5296//5296 5297//5297 5298//5298
v -0.628429 0.565421 -1.084861 0.010962 0.010962 0.010962
vn 0.000000 0.697518 0.716567
v -0.628429 0.703392 -1.219166 0.010962 0.010962 0.010962
vn 0.000000 0.697518 0.716567
v -0.818038 0.703392 -1.219166 0.010962 0.010962 0.010962
vn 0.000000 0.697518 0.716567
f 5299//5299 5300//5300 5301//5301
v -0.628429 0.565421 -1.084861 0.010962 0.010962 0.010962
vn 0.000000 0.697518 0.716567
v -0.818038 0.703392 -1.219166 0.010962 0.010962 0.010962
vn 0.000000 0.697518 0.716567
v -0.818038 0.565421 -1.084861 0.010962 0.010962 0.010962
vn 0.000000 0.697518 0.716567
f 5302//5302 5303//5303 5304//5304
v -0.628429 0.703392 -1.219166 0.010962 0.010962 0.010962
vn 0.000000 0.964139 0.265398
v -0.628429 0.753894 -1.402627 0.010962 0.010962 0.010962
vn 0.000000 0.964139 0.265398
v -0.818038 0.753894 -1.402627 0.010962 0.010962 0.010962
vn 0.000000 0.964139 0.265398
f 5305//5305 5306//5306 5307//5307
v -0.628429 0.703392 -1.219166 0.010962 0.010962 0.010962
vn 0.000000 0.964139 0.265398
v -0.818038 0.753894 -1.402627 0.010962 0.010962 0.010962
vn 0.000000 0.964139 0.265398
v -0.818038 0.703392 -1.219166 0.010962 0.010962 0.010962
vn 0.000000 0.964139 0.265398
f 5308//5308 5309//5309 5310//5310
v -0.628429 0.753894 -1.402627 0.010962 0.010962 0.010962
vn 0.000000 0.964139 -0.265398
v -0.628429 0.703392 -1.586088 0.010962 0.010962 0.010962
vn 0.000000 0.964139 -0.265398
v -0.818038 0.703392 -1.586088 0.010962 0.010962 0.010962
vn 0.000000 0.964139 -0.265398
f 5311//5311 5312//5312 5313//5313
v -0.628429 0.753894 -1.402627 0.010962 0.010962 0.010962
vn 0.000000 0.964139 -0.265398
v -0.818038 0.703392 -1.586088 0.010962 0.010962 0.010962
vn 0.000000 0.964139 -0.265398
v -0.818038 0.753894 -1.402627 0.010962 0.010962 0.010962
vn 0.000000 0.964139 -0.265398
f 5314//5314 5315//5315 5316//5316
v -0.818038 0.376946 -1.035703 0.010962 0.010962 0.010962
vn -0.930064 -0.092727 0.355505
v -0.852097 0.376946 -1.124807 0.010962 0.010962 0.010962
vn -0.930064 -0.092727 0.355505
v -0.852097 0.234242 -1.162029 0.010962 0.010962 0.010962
vn -0.930064 -0.092727 0.355505
f 5317//5317 5318//5318 5319//5319
v -0.818038 0.376946 -1.035703 0.010962 0.010962 0.010962
vn -0.930066 -0.092723 0.355500
v -0.852097 0.234242 -1.162029 0.010962 0.010962 0.010962
vn -0.930066 -0.092723 0.355500
v -0.818038 0.188473 -1.084861 0.010962 0.010962 0.010962
vn -0.930066 -0.092723 0.355500
f 5320//5320 5321//5321 5322//5322
v -0.628429 0.703392 -1.586088 0.010962 0.010962 0.010962
vn 0.000000 0.697518 -0.716567
v -0.628429 0.565421 -1.720393 0.010962 0.010962 0.010962
vn 0.000000 0.697518 -0.716567
v -0.818038 0.565421 -1.720393 0.010962 0.010962 0.010962
vn 0.000000 0.697518 -0.716567
f 5323//5323 5324//5324 5325//5325
v -0.628429 0.703392 -1.586088 0.010962 0.010962 0.010962
vn 0.000000 0.697518 -0.716567
v -0.818038 0.565421 -1.720393 0.010962 0.010962 0.010962
vn 0.000000 0.697518 -0.716567
v -0.818038 0.703392 -1.586088 0.010962 0.010962 0.010962
vn 0.000000 0.697518 -0.716567
f 5326//5326 5327//5327 5328//5328
v -0.628429 0.565421 -1.720393 0.010962 0.010962 0.010962
vn 0.000000 0.252379 -0.967628
v -0.628429 0.376946 -1.769551 0.010962 0.010962 0.010962
vn 0.000000 0.252379 -0.967628
v -0.818038 0.376946 -1.769551 0.010962 0.010962 0.010962
vn 0.000000 0.252379 -0.967628
f 5329//5329 5330//5330 5331//5331
v -0.628429 0.565421 -1.720393 0.010962 0.010962 0.010962
vn 0.000000 0.252379 -0.967628
v -0.818038 0.376946 -1.769551 0.010962 0.010962 0.010962
vn 0.000000 0.252379 -0.967628
v -0.818038 0.565421 -1.720393 0.010962 0.010962 0.010962
vn 0.000000 0.252379 -0.967628
f 5332//5332 5333//5333 5334//5334
v -0.628429 0.376946 -1.769551 0.010962 0.010962 0.010962
vn 1.000000 0.000000 0.000000
v -0.628429 0.565421 -1.720393 0.010962 0.010962 0.010962
vn 1.000000 0.000000 0.000000
v -0.628429 0.703392 -1.586088 0.010962 0.010962 0.010962
vn 1.000000 0.000000 0.000000
f 5335//5335 5336//5336 5337//5337
v -0.628429 0.376946 -1.769551 0.010962 0.010962 0.010962
vn 1.000000 0.000000 0.000000
v -0.628429 0.703392 -1.586088 0.010962 0.010962 0.010962
vn 1.000000 0.000000 0.000000
v -0.628429 0.753894 -1.402627 0.010962 0.010962 0.010962
vn 1.000000 0.000000 0.000000
f 5338//5338 5339//5339 5340//5340
v -0.628429 0.376946 -1.769551 0.010962 0.010962 0.010962
vn 1.000000 0.000000 0.000000
v -0.628429 0.753894 -1.402627 0.010962 0.010962 0.010962
vn 1.000000 0.000000 0.000000
v -0.628429 0.703392 -1.219166 0.010962 0.010962 0.010962
vn 1.000000 0.000000 0.000000
f 5341//5341 5342//5342 5343//5343
v -0.628429 0.376946 -1.769551 0.010962 0.010962 0.010962
vn 1.000000 0.000000 0.000000
v -0.628429 0.703392 -1.219166 0.010962 0.010962 0.010962
vn 1.000000 0.000000 0.000000
v -0.628429 0.565421 -1.084861 0.010962 0.010962 0.010962
vn 1.000000 0.000000 0.000000
f 5344//5344 5345//5345 5346//5346
v -0.628429 0.376946 -1.769551 0.010962 0.010962 0.010962
vn 1.000000 0.000000 0.000000
v -0.628429 0.565421 -1.084861 0.010962 0.010962 0.010962
vn 1.000000 0.000000 0.000000
v -0.628429 0.376946 -1.035703 0.010962 0.010962 0.010962
vn 1.000000 0.000000 0.000000
f 5347//5347 5348//5348 5349//5349
v -0.628429 0.376946 -1.769551 0.010962 0.010962 0.010962
vn 1.000000 0.000000 0.000000
v -0.628429 0.376946 -1.035703 0.010962 0.010962 0.010962
vn 1.000000 0.000000 0.000000
v -0.628429 0.188473 -1.084861 0.010962 0.010962 0.010962
vn 1.000000 0.000000 0.000000
f 5350//5350 5351//5351 5352//5352
v -0.628429 0.376946 -1.769551 0.010962 0.010962 0.010962
vn 1.000000 0.000000 0.000000
v -0.628429 0.188473 -1.084861 0.010962 0.010962 0.010962
vn 1.000000 0.000000 0.000000
v -0.628429 0.050501 -1.219166 0.010962 0.010962 0.010962
vn 1.000000 0.000000 0.000000
f 5353//5353 5354//5354 5355//5355
v -0.628429 0.376946 -1.769551 0.010962 0.010962 0.010962
vn 1.000000 0.000000 0.000000
v -0.628429 0.050501 -1.219166 0.010962 0.010962 0.010962
vn 1.000000 0.000000 0.000000
v -0.628429 0.000000 -1.402627 0.010962 0.010962 0.010962
vn 1.000000 0.000000 0.000000
f 5356//5356 5357//5357 5358//5358
v -0.628429 0.376946 -1.769551 0.010962 0.010962 0.010962
vn 1.000000 0.000000 0.000000
v -0.628429 0.000000 -1.402627 0.010962 0.010962 0.010962
vn 1.000000 0.000000 0.000000
v -0.628429 0.050501 -1.586088 0.010962 0.010962 0.010962
vn 1.000000 0.000000 0.000000
f 5359//5359 5360//5360 5361//5361
v -0.628429 0.376946 -1.769551 0.010962 0.010962 0.010962
vn 1.000000 0.000000 0.000000
v -0.628429 0.050501 -1.586088 0.010962 0.010962 0.010962
vn 1.000000 0.000000 0.000000
v -0.628429 0.188473 -1.720393 0.010962 0.010962 0.010962
vn 1.000000 0.000000 0.000000
f 5362//5362 5363//5363 5364//5364
v -0.852097 0.376946 -1.124807 0.010962 0.010962 0.010962
vn -1.000000 0.000000 0.000000
v -0.852097 0.376946 -1.160081 0.010962 0.010962 0.010962
vn -1.000000 0.000000 0.000000
v -0.852097 0.252361 -1.192576 0.010962 0.010962 0.010962
vn -1.000000 0.000000 0.000000
f 5365//5365 5366//5366 5367//5367
v -0.852097 0.376946 -1.124807 0.010962 0.010962 0.010962
vn -1.000000 0.000000 0.000000
v -0.852097 0.252361 -1.192576 0.010962 0.010962 0.010962
vn -1.000000 0.000000 0.000000
v -0.852097 0.234242 -1.162029 0.010962 0.010962 0.010962
vn -1.000000 0.000000 0.000000
f 5368//5368 5369//5369 5370//5370
v -0.818038 0.188473 -1.084861 0.010962 0.010962 0.010962
vn -0.931500 -0.253716 0.260647
v -0.852097 0.234242 -1.162029 0.010962 0.010962 0.010962
vn -0.931500 -0.253716 0.260647
v -0.852097 0.129776 -1.263718 0.010962 0.010962 0.010962
vn -0.931500 -0.253716 0.260647
f 5371//5371 5372//5372 5373//5373
v -0.818038 0.188473 -1.084861 0.010962 0.010962 0.010962
vn -0.931499 -0.253719 0.260647
v -0.852097 0.129776 -1.263718 0.010962 0.010962 0.010962
vn -0.931499 -0.253719 0.260647
v -0.818038 0.050501 -1.219166 0.010962 0.010962 0.010962
vn -0.931499 -0.253719 0.260647
f 5374//5374 5375//5375 5376//5376
v -0.818038 0.050501 -1.219166 0.010962 0.010962 0.010962
vn -0.932940 -0.347121 0.095552
v -0.852097 0.129776 -1.263718 0.010962 0.010962 0.010962
vn -0.932940 -0.347121 0.095552
v -0.852097 0.091538 -1.402627 0.010962 0.010962 0.010962
vn -0.932940 -0.347121 0.095552
f 5377//5377 5378//5378 5379//5379
v -0.818038 0.050501 -1.219166 0.010962 0.010962 0.010962
vn -0.932940 -0.347122 0.095552
v -0.852097 0.091538 -1.402627 0.010962 0.010962 0.010962
vn -0.932940 -0.347122 0.095552
v -0.818038 0.000000 -1.402627 0.010962 0.010962 0.010962
vn -0.932940 -0.347122 0.095552
f 5380//5380 5381//5381 5382//5382
v -0.818038 0.376946 -1.769551 0.010962 0.010962 0.010962
vn -0.930064 0.092724 -0.355505
v -0.852097 0.376946 -1.680447 0.010962 0.010962 0.010962
vn -0.930064 0.092724 -0.355505
v -0.852097 0.519652 -1.643226 0.010962 0.010962 0.010962
vn -0.930064 0.092724 -0.355505
f 5383//5383 5384//5384 5385//5385
v -0.818038 0.376946 -1.769551 0.010962 0.010962 0.010962
vn -0.930064 0.092724 -0.355504
v -0.852097 0.519652 -1.643226 0.010962 0.010962 0.010962
vn -0.930064 0.092724 -0.355504
v -0.818038 0.565421 -1.720393 0.010962 0.010962 0.010962
vn -0.930064 0.092724 -0.355504
f 5386//5386 5387//5387 5388//5388
v -0.818038 0.188473 -1.720393 0.010962 0.010962 0.010962
vn -0.930064 -0.092725 -0.355504
v -0.852097 0.234242 -1.643226 0.010962 0.010962 0.010962
vn -0.930064 -0.092725 -0.355504
v -0.852097 0.376946 -1.680447 0.010962 0.010962 0.010962
vn -0.930064 -0.092725 -0.355504
f 5389//5389 5390//5390 5391//5391
v -0.818038 0.188473 -1.720393 0.010962 0.010962 0.010962
vn -0.930064 -0.092724 -0.355505
v -0.852097 0.376946 -1.680447 0.010962 0.010962 0.010962
vn -0.930064 -0.092724 -0.355505
v -0.818038 0.376946 -1.769551 0.010962 0.010962 0.010962
vn -0.930064 -0.092724 -0.355505
f 5392//5392 5393//5393 5394//5394
v -0.818038 0.000000 -1.402627 0.010962 0.010962 0.010962
vn -0.932940 -0.347122 -0.095552
v -0.852097 0.091538 -1.402627 0.010962 0.010962 0.010962
vn -0.932940 -0.347122 -0.095552
v -0.852097 0.129776 -1.541536 0.010962 0.010962 0.010962
vn -0.932940 -0.347122 -0.095552
f 5395//5395 5396//5396 5397//5397
v -0.818038 0.000000 -1.402627 0.010962 0.010962 0.010962
vn -0.932940 -0.347121 -0.095552
v -0.852097 0.129776 -1.541536 0.010962 0.010962 0.010962
vn -0.932940 -0.347121 -0.095552
v -0.818038 0.050501 -1.586088 0.010962 0.010962 0.010962
vn -0.932940 -0.347121 -0.095552
f 5398//5398 5399//5399 5400//5400
v -0.818038 0.565421 -1.720393 0.010962 0.010962 0.010962
vn -0.931498 0.253719 -0.260647
v -0.852097 0.519652 -1.643226 0.010962 0.010962 0.010962
vn -0.931498 0.253719 -0.260647
v -0.852097 0.624118 -1.541536 0.010962 0.010962 0.010962
vn -0.931498 0.253719 -0.260647
f 5401//5401 5402//5402 5403//5403
v -0.818038 0.565421 -1.720393 0.010962 0.010962 0.010962
vn -0.931499 0.253719 -0.260647
v -0.852097 0.624118 -1.541536 0.010962 0.010962 0.010962
vn -0.931499 0.253719 -0.260647
v -0.818038 0.703392 -1.586088 0.010962 0.010962 0.010962
vn -0.931499 0.253719 -0.260647
f 5404//5404 5405//5405 5406//5406
v -0.818038 0.050501 -1.586088 0.010962 0.010962 0.010962
vn -0.931499 -0.253719 -0.260647
v -0.852097 0.129776 -1.541536 0.010962 0.010962 0.010962
vn -0.931499 -0.253719 -0.260647
v -0.852097 0.234242 -1.643226 0.010962 0.010962 0.010962
vn -0.931499 -0.253719 -0.260647
f 5407//5407 5408//5408 5409//5409
v -0.818038 0.050501 -1.586088 0.010962 0.010962 0.010962
vn -0.931498 -0.253719 -0.260648
v -0.852097 0.234242 -1.643226 0.010962 0.010962 0.010962
vn -0.931498 -0.253719 -0.260648
v -0.818038 0.188473 -1.720393 0.010962 0.010962 0.010962
vn -0.931498 -0.253719 -0.260648
f 5410//5410 5411//5411 5412//5412
v -0.818038 0.703392 -1.586088 0.010962 0.010962 0.010962
vn -0.932940 0.347121 -0.095552
v -0.852097 0.624118 -1.541536 0.010962 0.010962 0.010962
vn -0.932940 0.347121 -0.095552
v -0.852097 0.662356 -1.402627 0.010962 0.010962 0.010962
vn -0.932940 0.347121 -0.095552
f 5413//5413 5414//5414 5415//5415
v -0.818038 0.703392 -1.586088 0.010962 0.010962 0.010962
vn -0.932940 0.347122 -0.095552
v -0.852097 0.662356 -1.402627 0.010962 0.010962 0.010962
vn -0.932940 0.347122 -0.095552
v -0.818038 0.753894 -1.402627 0.010962 0.010962 0.010962
vn -0.932940 0.347122 -0.095552
f 5416//5416 5417//5417 5418//5418
v -0.818038 0.753894 -1.402627 0.010962 0.010962 0.010962
vn -0.932940 0.347122 0.095552
v -0.852097 0.662356 -1.402627 0.010962 0.010962 0.010962
vn -0.932940 0.347122 0.095552
v -0.852097 0.624118 -1.263718 0.010962 0.010962 0.010962
vn -0.932940 0.347122 0.095552
f 5419//5419 5420//5420 5421//5421
v -0.818038 0.753894 -1.402627 0.010962 0.010962 0.010962
vn -0.932940 0.347121 0.095552
v -0.852097 0.624118 -1.263718 0.010962 0.010962 0.010962
vn -0.932940 0.347121 0.095552
v -0.818038 0.703392 -1.219166 0.010962 0.010962 0.010962
vn -0.932940 0.347121 0.095552
f 5422//5422 5423//5423 5424//5424
v -0.818038 0.703392 -1.219166 0.010962 0.010962 0.010962
vn -0.931499 0.253718 0.260649
v -0.852097 0.624118 -1.263718 0.010962 0.010962 0.010962
vn -0.931499 0.253718 0.260649
v -0.852097 0.519652 -1.162029 0.010962 0.010962 0.010962
vn -0.931499 0.253718 0.260649
f 5425//5425 5426//5426 5427//5427
v -0.818038 0.703392 -1.219166 0.010962 0.010962 0.010962
vn -0.931500 0.253717 0.260646
v -0.852097 0.519652 -1.162029 0.010962 0.010962 0.010962
vn -0.931500 0.253717 0.260646
v -0.818038 0.565421 -1.084861 0.010962 0.010962 0.010962
vn -0.931500 0.253717 0.260646
f 5428//5428 5429//5429 5430//5430
v -0.818038 0.565421 -1.084861 0.010962 0.010962 0.010962
vn -0.930066 0.092725 0.355499
v -0.852097 0.519652 -1.162029 0.010962 0.010962 0.010962
vn -0.930066 0.092725 0.355499
v -0.852097 0.376946 -1.124807 0.010962 0.010962 0.010962
vn -0.930066 0.092725 0.355499
f 5431//5431 5432//5432 5433//5433
v -0.818038 0.565421 -1.084861 0.010962 0.010962 0.010962
vn -0.930064 0.092724 0.355505
v -0.852097 0.376946 -1.124807 0.010962 0.010962 0.010962
vn -0.930064 0.092724 0.355505
v -0.818038 0.376946 -1.035703 0.010962 0.010962 0.010962
vn -0.930064 0.092724 0.355505
f 5434//5434 5435//5435 5436//5436
v -0.852097 0.626119 -1.402627 0.010962 0.010962 0.010962
vn 0.000000 -0.964138 -0.265402
v -0.824386 0.626119 -1.402627 0.010962 0.010962 0.010962
vn 0.000000 -0.964138 -0.265402
v -0.824386 0.592735 -1.281354 0.010962 0.010962 0.010962
vn 0.000000 -0.964138 -0.265402
f 5437//5437 5438//5438 5439//5439
v -0.852097 0.626119 -1.402627 0.010962 0.010962 0.010962
vn 0.000000 -0.964138 -0.265402
v -0.824386 0.592735 -1.281354 0.010962 0.010962 0.010962
vn 0.000000 -0.964138 -0.265402
v -0.852097 0.592735 -1.281354 0.010962 0.010962 0.010962
vn 0.000000 -0.964138 -0.265402
f 5440//5440 5441//5441 5442//5442
v -0.852097 0.091538 -1.402627 0.010962 0.010962 0.010962
vn -1.000000 0.000000 0.000000
v -0.852097 0.127775 -1.402627 0.010962 0.010962 0.010962
vn -1.000000 0.000000 0.000000
v -0.852097 0.161158 -1.523900 0.010962 0.010962 0.010962
vn -1.000000 0.000000 0.000000
f 5443//5443 5444//5444 5445//5445
v -0.852097 0.091538 -1.402627 0.010962 0.010962 0.010962
vn -1.000000 0.000000 0.000000
v -0.852097 0.161158 -1.523900 0.010962 0.010962 0.010962
vn -1.000000 0.000000 0.000000
v -0.852097 0.129776 -1.541536 0.010962 0.010962 0.010962
vn -1.000000 0.000000 0.000000
f 5446//5446 5447//5447 5448//5448
v -0.852097 0.624118 -1.541536 0.010962 0.010962 0.010962
vn -1.000000 0.000000 0.000000
v -0.852097 0.592735 -1.523899 0.010962 0.010962 0.010962
vn -1.000000 0.000000 0.000000
v -0.852097 0.626119 -1.402627 0.010962 0.010962 0.010962
vn -1.000000 0.000000 0.000000
f 5449//5449 5450//5450 5451//5451
v -0.852097 0.624118 -1.541536 0.010962 0.010962 0.010962
vn -1.000000 0.000000 0.000000
v -0.852097 0.626119 -1.402627 0.010962 0.010962 0.010962
vn -1.000000 0.000000 0.000000
v -0.852097 0.662356 -1.402627 0.010962 0.010962 0.010962
vn -1.000000 0.000000 0.000000
f 5452//5452 5453//5453 5454//5454
v -0.852097 0.519652 -1.162029 0.010962 0.010962 0.010962
vn -1.000000 0.000000 0.000000
v -0.852097 0.501533 -1.192576 0.010962 0.010962 0.010962
vn -1.000000 0.000000 0.000000
v -0.852097 0.376946 -1.160081 0.010962 0.010962 0.010962
vn -1.000000 0.000000 0.000000
f 5455//5455 5456//5456 5457//5457
v -0.852097 0.519652 -1.162029 0.010962 0.010962 0.010962
vn -1.000000 0.000000 0.000000
v -0.852097 0.376946 -1.160081 0.010962 0.010962 0.010962
vn -1.000000 0.000000 0.000000
v -0.852097 0.376946 -1.124807 0.010962 0.010962 0.010962
vn -1.000000 0.000000 0.000000
f 5458//5458 5459//5459 5460//5460
v -0.852097 0.129776 -1.263718 0.010962 0.010962 0.010962
vn -1.000000 0.000000 0.000000
v -0.852097 0.161158 -1.281354 0.010962 0.010962 0.010962
vn -1.000000 0.000000 0.000000
v -0.852097 0.127775 -1.402627 0.010962 0.010962 0.010962
vn -1.000000 0.000000 0.000000
f 5461//5461 5462//5462 5463//5463
v -0.852097 0.129776 -1.263718 0.010962 0.010962 0.010962
vn -1.000000 0.000000 0.000000
v -0.852097 0.127775 -1.402627 0.010962 0.010962 0.010962
vn -1.000000 0.000000 0.000000
v -0.852097 0.091538 -1.402627 0.010962 0.010962 0.010962
vn -1.000000 0.000000 0.000000
f 5464//5464 5465//5465 5466//5466
v -0.852097 0.519652 -1.643226 0.010962 0.010962 0.010962
vn -1.000000 0.000000 0.000000
v -0.852097 0.501533 -1.612678 0.010962 0.010962 0.010962
vn -1.000000 0.000000 0.000000
v -0.852097 0.592735 -1.523899 0.010962 0.010962 0.010962
vn -1.000000 0.000000 0.000000
f 5467//5467 5468//5468 5469//5469
v -0.852097 0.519652 -1.643226 0.010962 0.010962 0.010962
vn -1.000000 0.000000 0.000000
v -0.852097 0.592735 -1.523899 0.010962 0.010962 0.010962
vn -1.000000 0.000000 0.000000
v -0.852097 0.624118 -1.541536 0.010962 0.010962 0.010962
vn -1.000000 0.000000 0.000000
f 5470//5470 5471//5471 5472//5472
v -0.852097 0.234242 -1.643226 0.010962 0.010962 0.010962
vn -1.000000 0.000000 0.000000
v -0.852097 0.252361 -1.612678 0.010962 0.010962 0.010962
vn -1.000000 0.000000 0.000000
v -0.852097 0.376946 -1.645174 0.010962 0.010962 0.010962
vn -1.000000 0.000000 0.000000
f 5473//5473 5474//5474 5475//5475
v -0.852097 0.234242 -1.643226 0.010962 0.010962 0.010962
vn -1.000000 0.000000 0.000000
v -0.852097 0.376946 -1.645174 0.010962 0.010962 0.010962
vn -1.000000 0.000000 0.000000
v -0.852097 0.376946 -1.680447 0.010962 0.010962 0.010962
vn -1.000000 0.000000 0.000000
f 5476//5476 5477//5477 5478//5478
v -0.852097 0.624118 -1.263718 0.010962 0.010962 0.010962
vn -1.000000 0.000000 0.000000
v -0.852097 0.592735 -1.281354 0.010962 0.010962 0.010962
vn -1.000000 0.000000 0.000000
v -0.852097 0.501533 -1.192576 0.010962 0.010962 0.010962
vn -1.000000 0.000000 0.000000
f 5479//5479 5480//5480 5481//5481
v -0.852097 0.624118 -1.263718 0.010962 0.010962 0.010962
vn -1.000000 0.000000 0.000000
v -0.852097 0.501533 -1.192576 0.010962 0.010962 0.010962
vn -1.000000 0.000000 0.000000
v -0.852097 0.519652 -1.162029 0.010962 0.010962 0.010962
vn -1.000000 0.000000 0.000000
f 5482//5482 5483//5483 5484//5484
v -0.852097 0.234242 -1.162029 0.010962 0.010962 0.010962
vn -1.000000 0.000000 0.000000
v -0.852097 0.252361 -1.192576 0.010962 0.010962 0.010962
vn -1.000000 0.000000 0.000000
v -0.852097 0.161158 -1.281354 0.010962 0.010962 0.010962
vn -1.000000 0.000000 0.000000
f 5485//5485 5486//5486 5487//5487
v -0.852097 0.234242 -1.162029 0.010962 0.010962 0.010962
vn -1.000000 0.000000 0.000000
v -0.852097 0.161158 -1.281354 0.010962 0.010962 0.010962
vn -1.000000 0.000000 0.000000
v -0.852097 0.129776 -1.263718 0.010962 0.010962 0.010962
vn -1.000000 0.000000 0.000000
f 5488//5488 5489//5489 5490//5490
v -0.852097 0.376946 -1.680447 0.010962 0.010962 0.010962
vn -1.000000 0.000000 0.000000
v -0.852097 0.376946 -1.645174 0.010962 0.010962 0.010962
vn -1.000000 0.000000 0.000000
v -0.852097 0.501533 -1.612678 0.010962 0.010962 0.010962
vn -1.000000 0.000000 0.000000
f 5491//5491 5492//5492 5493//5493
v -0.852097 0.376946 -1.680447 0.010962 0.010962 0.010962
vn -1.000000 0.000000 0.000000
v -0.852097 0.501533 -1.612678 0.010962 0.010962 0.010962
vn -1.000000 0.000000 0.000000
v -0.852097 0.519652 -1.643226 0.010962 0.010962 0.010962
vn -1.000000 0.000000 0.000000
f 5494//5494 5495//5495 5496//5496
v -0.852097 0.129776 -1.541536 0.010962 0.010962 0.010962
vn -1.000000 0.000000 0.000000
v -0.852097 0.161158 -1.523900 0.010962 0.010962 0.010962
vn -1.000000 0.000000 0.000000
v -0.852097 0.252361 -1.612678 0.010962 0.010962 0.010962
vn -1.000000 0.000000 0.000000
f 5497//5497 5498//5498 5499//5499
v -0.852097 0.129776 -1.541536 0.010962 0.010962 0.010962
vn -1.000000 0.000000 0.000000
v -0.852097 0.252361 -1.612678 0.010962 0.010962 0.010962
vn -1.000000 0.000000 0.000000
v -0.852097 0.234242 -1.643226 0.010962 0.010962 0.010962
vn -1.000000 0.000000 0.000000
f 5500//5500 5501//5501 5502//5502
v -0.852097 0.662356 -1.402627 0.010962 0.010962 0.010962
vn -1.000000 0.000000 0.000000
v -0.852097 0.626119 -1.402627 0.010962 0.010962 0.010962
vn -1.000000 0.000000 0.000000
v -0.852097 0.592735 -1.281354 0.010962 0.010962 0.010962
vn -1.000000 0.000000 0.000000
f 5503//5503 5504//5504 5505//5505
v -0.852097 0.662356 -1.402627 0.010962 0.010962 0.010962
vn -1.000000 0.000000 0.000000
v -0.852097 0.592735 -1.281354 0.010962 0.010962 0.010962
vn -1.000000 0.000000 0.000000
v -0.852097 0.624118 -1.263718 0.010962 0.010962 0.010962
vn -1.000000 0.000000 0.000000
f 5506//5506 5507//5507 5508//5508
v -0.852097 0.376946 -1.160081 0.010962 0.010962 0.010962
vn 0.000000 0.252379 -0.967629
v -0.824386 0.376946 -1.160081 0.010962 0.010962 0.010962
vn 0.000000 0.252379 -0.967629
v -0.824386 0.252361 -1.192576 0.010962 0.010962 0.010962
vn 0.000000 0.252379 -0.967629
f 5509//5509 5510//5510 5511//5511
v -0.852097 0.376946 -1.160081 0.010962 0.010962 0.010962
vn 0.000000 0.252379 -0.967629
v -0.824386 0.252361 -1.192576 0.010962 0.010962 0.010962
vn 0.000000 0.252379 -0.967629
v -0.852097 0.252361 -1.192576 0.010962 0.010962 0.010962
vn 0.000000 0.252379 -0.967629
f 5512//5512 5513//5513 5514//5514
v -0.852097 0.127775 -1.402627 0.010962 0.010962 0.010962
vn 0.000000 0.964138 0.265402
v -0.824386 0.127775 -1.402627 0.010962 0.010962 0.010962
vn 0.000000 0.964138 0.265402
v -0.824386 0.161158 -1.523900 0.010962 0.010962 0.010962
vn 0.000000 0.964138 0.265402
f 5515//5515 5516//5516 5517//5517
v -0.852097 0.127775 -1.402627 0.010962 0.010962 0.010962
vn 0.000000 0.964138 0.265402
v -0.824386 0.161158 -1.523900 0.010962 0.010962 0.010962
vn 0.000000 0.964138 0.265402
v -0.852097 0.161158 -1.523900 0.010962 0.010962 0.010962
vn 0.000000 0.964138 0.265402
f 5518//5518 5519//5519 5520//5520
v -0.852097 0.592735 -1.523899 0.010962 0.010962 0.010962
vn 0.000000 -0.964137 0.265404
v -0.824386 0.592735 -1.523899 0.010962 0.010962 0.010962
vn 0.000000 -0.964137 0.265404
v -0.824386 0.626119 -1.402627 0.010962 0.010962 0.010962
vn 0.000000 -0.964137 0.265404
f 5521//5521 5522//5522 5523//5523
v -0.852097 0.592735 -1.523899 0.010962 0.010962 0.010962
vn 0.000000 -0.964137 0.265404
v -0.824386 0.626119 -1.402627 0.010962 0.010962 0.010962
vn 0.000000 -0.964137 0.265404
v -0.852097 0.626119 -1.402627 0.010962 0.010962 0.010962
vn 0.000000 -0.964137 0.265404
f 5524//5524 5525//5525 5526//5526
v -0.852097 0.501533 -1.192576 0.010962 0.010962 0.010962
vn 0.000000 -0.252377 -0.967629
v -0.824386 0.501533 -1.192576 0.010962 0.010962 0.010962
vn 0.000000 -0.252377 -0.967629
v -0.824386 0.376946 -1.160081 0.010962 0.010962 0.010962
vn 0.000000 -0.252377 -0.967629
f 5527//5527 5528//5528 5529//5529
v -0.852097 0.501533 -1.192576 0.010962 0.010962 0.010962
vn 0.000000 -0.252377 -0.967629
v -0.824386 0.376946 -1.160081 0.010962 0.010962 0.010962
vn 0.000000 -0.252377 -0.967629
v -0.852097 0.376946 -1.160081 0.010962 0.010962 0.010962
vn 0.000000 -0.252377 -0.967629
f 5530//5530 5531//5531 5532//5532
v -0.852097 0.161158 -1.281354 0.010962 0.010962 0.010962
vn 0.000000 0.964138 -0.265402
v -0.824386 0.161158 -1.281354 0.010962 0.010962 0.010962
vn 0.000000 0.964138 -0.265402
v -0.824386 0.127775 -1.402627 0.010962 0.010962 0.010962
vn 0.000000 0.964138 -0.265402
f 5533//5533 5534//5534 5535//5535
v -0.852097 0.161158 -1.281354 0.010962 0.010962 0.010962
vn 0.000000 0.964138 -0.265402
v -0.824386 0.127775 -1.402627 0.010962 0.010962 0.010962
vn 0.000000 0.964138 -0.265402
v -0.852097 0.127775 -1.402627 0.010962 0.010962 0.010962
vn 0.000000 0.964138 -0.265402
f 5536//5536 5537//5537 5538//5538
v -0.852097 0.501533 -1.612678 0.010962 0.010962 0.010962
vn 0.000000 -0.697520 0.716565
v -0.824386 0.501533 -1.612678 0.010962 0.010962 0.010962
vn 0.000000 -0.697520 0.716565
v -0.824386 0.592735 -1.523899 0.010962 0.010962 0.010962
vn 0.000000 -0.697520 0.716565
f 5539//5539 5540//5540 5541//5541
v -0.852097 0.501533 -1.612678 0.010962 0.010962 0.010962
vn 0.000000 -0.697520 0.716565
v -0.824386 0.592735 -1.523899 0.010962 0.010962 0.010962
vn 0.000000 -0.697520 0.716565
v -0.852097 0.592735 -1.523899 0.010962 0.010962 0.010962
vn 0.000000 -0.697520 0.716565
f 5542//5542 5543//5543 5544//5544
v -0.852097 0.252361 -1.612678 0.010962 0.010962 0.010962
vn 0.000000 0.252387 0.967626
v -0.824386 0.252361 -1.612678 0.010962 0.010962 0.010962
vn 0.000000 0.252387 0.967626
v -0.824386 0.376946 -1.645174 0.010962 0.010962 0.010962
vn 0.000000 0.252387 0.967626
f 5545//5545 5546//5546 5547//5547
v -0.852097 0.252361 -1.612678 0.010962 0.010962 0.010962
vn 0.000000 0.252387 0.967626
v -0.824386 0.376946 -1.645174 0.010962 0.010962 0.010962
vn 0.000000 0.252387 0.967626
v -0.852097 0.376946 -1.645174 0.010962 0.010962 0.010962
vn 0.000000 0.252387 0.967626
f 5548//5548 5549//5549 5550//5550
v -0.852097 0.592735 -1.281354 0.010962 0.010962 0.010962
vn 0.000000 -0.697515 -0.716570
v -0.824386 0.592735 -1.281354 0.010962 0.010962 0.010962
vn 0.000000 -0.697515 -0.716570
v -0.824386 0.501533 -1.192576 0.010962 0.010962 0.010962
vn 0.000000 -0.697515 -0.716570
f 5551//5551 5552//5552 5553//5553
v -0.852097 0.592735 -1.281354 0.010962 0.010962 0.010962
vn 0.000000 -0.697515 -0.716570
v -0.824386 0.501533 -1.192576 0.010962 0.010962 0.010962
vn 0.000000 -0.697515 -0.716570
v -0.852097 0.501533 -1.192576 0.010962 0.010962 0.010962
vn 0.000000 -0.697515 -0.716570
f 5554//5554 5555//5555 5556//5556
v -0.852097 0.252361 -1.192576 0.010962 0.010962 0.010962
vn 0.000000 0.697515 -0.716570
v -0.824386 0.252361 -1.192576 0.010962 0.010962 0.010962
vn 0.000000 0.697515 -0.716570
v -0.824386 0.161158 -1.281354 0.010962 0.010962 0.010962
vn 0.000000 0.697515 -0.716570
f 5557//5557 5558//5558 5559//5559
v -0.852097 0.252361 -1.192576 0.010962 0.010962 0.010962
vn 0.000000 0.697515 -0.716570
v -0.824386 0.161158 -1.281354 0.010962 0.010962 0.010962
vn 0.000000 0.697515 -0.716570
v -0.852097 0.161158 -1.281354 0.010962 0.010962 0.010962
vn 0.000000 0.697515 -0.716570
f 5560//5560 5561//5561 5562//5562
v -0.852097 0.376946 -1.645174 0.010962 0.010962 0.010962
vn 0.000000 -0.252385 0.967627
v -0.824386 0.376946 -1.645174 0.010962 0.010962 0.010962
vn 0.000000 -0.252385 0.967627
v -0.824386 0.501533 -1.612678 0.010962 0.010962 0.010962
vn 0.000000 -0.252385 0.967627
f 5563//5563 5564//5564 5565//5565
v -0.852097 0.376946 -1.645174 0.010962 0.010962 0.010962
vn 0.000000 -0.252385 0.967627
v -0.824386 0.501533 -1.612678 0.010962 0.010962 0.010962
vn 0.000000 -0.252385 0.967627
v -0.852097 0.501533 -1.612678 0.010962 0.010962 0.010962
vn 0.000000 -0.252385 0.967627
f 5566//5566 5567//5567 5568//5568
v -0.852097 0.161158 -1.523900 0.010962 0.010962 0.010962
vn 0.000000 0.697515 0.716570
v -0.824386 0.161158 -1.523900 0.010962 0.010962 0.010962
vn 0.000000 0.697515 0.716570
v -0.824386 0.252361 -1.612678 0.010962 0.010962 0.010962
vn 0.000000 0.697515 0.716570
f 5569//5569 5570//5570 5571//5571
v -0.852097 0.161158 -1.523900 0.010962 0.010962 0.010962
vn 0.000000 0.697515 0.716570
v -0.824386 0.252361 -1.612678 0.010962 0.010962 0.010962
vn 0.000000 0.697515 0.716570
v -0.852097 0.252361 -1.612678 0.010962 0.010962 0.010962
vn 0.000000 0.697515 0.716570
f 5572//5572 5573//5573 5574//5574
v -0.776326 0.364488 -1.176096 0.010962 0.010962 0.010962
vn -0.997216 -0.018820 0.072156
v -0.786735 0.367376 -1.319196 0.010962 0.010962 0.010962
vn -0.997216 -0.018820 0.072156
v -0.786735 0.337342 -1.327029 0.010962 0.010962 0.010962
vn -0.997216 -0.018820 0.072156
f 5575//5575 5576//5576 5577//5577
v -0.776326 0.364488 -1.176096 0.010962 0.010962 0.010962
vn -0.997216 -0.018820 0.072156
v -0.786735 0.337342 -1.327029 0.010962 0.010962 0.010962
vn -0.997216 -0.018820 0.072156
v -0.776326 0.264819 -1.202092 0.010962 0.010962 0.010962
vn -0.997216 -0.018820 0.072156
f 5578//5578 5579//5579 5580//5580
v -0.776326 0.489074 -1.202092 0.010962 0.010962 0.010962
vn -0.997216 0.018820 0.072156
v -0.786735 0.416551 -1.327029 0.010962 0.010962 0.010962
vn -0.997216 0.018820 0.072156
v -0.786735 0.386518 -1.319196 0.010962 0.010962 0.010962
vn -0.997216 0.018820 0.072156
f 5581//5581 5582//5582 5583//5583
v -0.776326 0.489074 -1.202092 0.010962 0.010962 0.010962
vn -0.997216 0.018820 0.072156
v -0.786735 0.386518 -1.319196 0.010962 0.010962 0.010962
vn -0.997216 0.018820 0.072156
v -0.776326 0.389406 -1.176096 0.010962 0.010962 0.010962
vn -0.997216 0.018820 0.072156
f 5584//5584 5585//5585 5586//5586
v -0.776326 0.576044 -1.279847 0.010962 0.010962 0.010962
vn -0.997296 0.051258 0.052659
v -0.786735 0.449298 -1.353602 0.010962 0.010962 0.010962
vn -0.997296 0.051258 0.052659
v -0.786735 0.427312 -1.332201 0.010962 0.010962 0.010962
vn -0.997296 0.051258 0.052659
f 5587//5587 5588//5588 5589//5589
v -0.776326 0.576044 -1.279847 0.010962 0.010962 0.010962
vn -0.997296 0.051258 0.052659
v -0.786735 0.427312 -1.332201 0.010962 0.010962 0.010962
vn -0.997296 0.051258 0.052659
v -0.776326 0.503081 -1.208824 0.010962 0.010962 0.010962
vn -0.997296 0.051258 0.052659
f 5590//5590 5591//5591 5592//5592
v -0.776326 0.609666 -1.390500 0.010962 0.010962 0.010962
vn -0.997342 0.070246 0.019337
v -0.786735 0.462658 -1.393311 0.010962 0.010962 0.010962
vn -0.997342 0.070246 0.019337
v -0.786735 0.454610 -1.364076 0.010962 0.010962 0.010962
vn -0.997342 0.070246 0.019337
f 5593//5593 5594//5594 5595//5595
v -0.776326 0.609666 -1.390500 0.010962 0.010962 0.010962
vn -0.997342 0.070246 0.019336
v -0.786735 0.454610 -1.364076 0.010962 0.010962 0.010962
vn -0.997342 0.070246 0.019336
v -0.776326 0.582960 -1.293482 0.010962 0.010962 0.010962
vn -0.997342 0.070246 0.019336
f 5596//5596 5597//5597 5598//5598
v -0.776326 0.503082 -1.596430 0.010962 0.010962 0.010962
vn -0.997296 0.051258 -0.052658
v -0.786735 0.427312 -1.473053 0.010962 0.010962 0.010962
vn -0.997296 0.051258 -0.052658
v -0.786735 0.449298 -1.451652 0.010962 0.010962 0.010962
vn -0.997296 0.051258 -0.052658
f 5599//5599 5600//5600 5601//5601
v -0.776326 0.503082 -1.596430 0.010962 0.010962 0.010962
vn -0.997296 0.051259 -0.052658
v -0.786735 0.449298 -1.451652 0.010962 0.010962 0.010962
vn -0.997296 0.051259 -0.052658
v -0.776326 0.576044 -1.525407 0.010962 0.010962 0.010962
vn -0.997296 0.051259 -0.052658
f 5602//5602 5603//5603 5604//5604
v -0.776326 0.582960 -1.511772 0.010962 0.010962 0.010962
vn -0.997342 0.070246 -0.019337
v -0.786735 0.454610 -1.441178 0.010962 0.010962 0.010962
vn -0.997342 0.070246 -0.019337
v -0.786735 0.462658 -1.411943 0.010962 0.010962 0.010962
vn -0.997342 0.070246 -0.019337
f 5605//5605 5606//5606 5607//5607
v -0.776326 0.582960 -1.511772 0.010962 0.010962 0.010962
vn -0.997342 0.070247 -0.019336
v -0.786735 0.462658 -1.411943 0.010962 0.010962 0.010962
vn -0.997342 0.070247 -0.019336
v -0.776326 0.609666 -1.414754 0.010962 0.010962 0.010962
vn -0.997342 0.070247 -0.019336
f 5608//5608 5609//5609 5610//5610
v -0.776326 0.389406 -1.629158 0.010962 0.010962 0.010962
vn -0.997216 0.018817 -0.072156
v -0.786735 0.386518 -1.486058 0.010962 0.010962 0.010962
vn -0.997216 0.018817 -0.072156
v -0.786735 0.416551 -1.478226 0.010962 0.010962 0.010962
vn -0.997216 0.018817 -0.072156
f 5611//5611 5612//5612 5613//5613
v -0.776326 0.389406 -1.629158 0.010962 0.010962 0.010962
vn -0.997216 0.018821 -0.072156
v -0.786735 0.416551 -1.478226 0.010962 0.010962 0.010962
vn -0.997216 0.018821 -0.072156
v -0.776326 0.489074 -1.603162 0.010962 0.010962 0.010962
vn -0.997216 0.018821 -0.072156
f 5614//5614 5615//5615 5616//5616
v -0.776326 0.264819 -1.603162 0.010962 0.010962 0.010962
vn -0.997216 -0.018818 -0.072158
v -0.786735 0.337342 -1.478226 0.010962 0.010962 0.010962
vn -0.997216 -0.018818 -0.072158
v -0.786735 0.367376 -1.486058 0.010962 0.010962 0.010962
vn -0.997216 -0.018818 -0.072158
f 5617//5617 5618//5618 5619//5619
v -0.776326 0.264819 -1.603162 0.010962 0.010962 0.010962
vn -0.997216 -0.018820 -0.072156
v -0.786735 0.367376 -1.486058 0.010962 0.010962 0.010962
vn -0.997216 -0.018820 -0.072156
v -0.776326 0.364488 -1.629158 0.010962 0.010962 0.010962
vn -0.997216 -0.018820 -0.072156
f 5620//5620 5621//5621 5622//5622
v -0.776326 0.177850 -1.525407 0.010962 0.010962 0.010962
vn -0.997296 -0.051258 -0.052659
v -0.786735 0.304596 -1.451652 0.010962 0.010962 0.010962
vn -0.997296 -0.051258 -0.052659
v -0.786735 0.326582 -1.473053 0.010962 0.010962 0.010962
vn -0.997296 -0.051258 -0.052659
f 5623//5623 5624//5624 5625//5625
v -0.776326 0.177850 -1.525407 0.010962 0.010962 0.010962
vn -0.997296 -0.051259 -0.052658
v -0.786735 0.326582 -1.473053 0.010962 0.010962 0.010962
vn -0.997296 -0.051259 -0.052658
v -0.776326 0.250812 -1.596430 0.010962 0.010962 0.010962
vn -0.997296 -0.051259 -0.052658
f 5626//5626 5627//5627 5628//5628
v -0.776326 0.144228 -1.414754 0.010962 0.010962 0.010962
vn -0.997342 -0.070246 -0.019337
v -0.786735 0.291236 -1.411943 0.010962 0.010962 0.010962
vn -0.997342 -0.070246 -0.019337
v -0.786735 0.299283 -1.441178 0.010962 0.010962 0.010962
vn -0.997342 -0.070246 -0.019337
f 5629//5629 5630//5630 5631//5631
v -0.776326 0.144228 -1.414754 0.010962 0.010962 0.010962
vn -0.997342 -0.070246 -0.019336
v -0.786735 0.299283 -1.441178 0.010962 0.010962 0.010962
vn -0.997342 -0.070246 -0.019336
v -0.776326 0.170934 -1.511772 0.010962 0.010962 0.010962
vn -0.997342 -0.070246 -0.019336
f 5632//5632 5633//5633 5634//5634
v -0.776326 0.170934 -1.293482 0.010962 0.010962 0.010962
vn -0.997342 -0.070246 0.019337
v -0.786735 0.299283 -1.364076 0.010962 0.010962 0.010962
vn -0.997342 -0.070246 0.019337
v -0.786735 0.291236 -1.393311 0.010962 0.010962 0.010962
vn -0.997342 -0.070246 0.019337
f 5635//5635 5636//5636 5637//5637
v -0.776326 0.170934 -1.293482 0.010962 0.010962 0.010962
vn -0.997342 -0.070247 0.019336
v -0.786735 0.291236 -1.393311 0.010962 0.010962 0.010962
vn -0.997342 -0.070247 0.019336
v -0.776326 0.144228 -1.390500 0.010962 0.010962 0.010962
vn -0.997342 -0.070247 0.019336
f 5638//5638 5639//5639 5640//5640
v -0.776326 0.250812 -1.208824 0.010962 0.010962 0.010962
vn -0.997296 -0.051258 0.052658
v -0.786735 0.326582 -1.332201 0.010962 0.010962 0.010962
vn -0.997296 -0.051258 0.052658
v -0.786735 0.304596 -1.353602 0.010962 0.010962 0.010962
vn -0.997296 -0.051258 0.052658
f 5641//5641 5642//5642 5643//5643
v -0.776326 0.250812 -1.208824 0.010962 0.010962 0.010962
vn -0.997296 -0.051259 0.052658
v -0.786735 0.304596 -1.353602 0.010962 0.010962 0.010962
vn -0.997296 -0.051259 0.052658
v -0.776326 0.177850 -1.279847 0.010962 0.010962 0.010962
vn -0.997296 -0.051259 0.052658
f 5644//5644 5645//5645 5646//5646
v -0.809439 0.339558 -1.351307 0.010962 0.010962 0.010962
vn -0.931740 -0.253270 0.260220
v -0.815296 0.347444 -1.364603 0.010962 0.010962 0.010962
vn -0.931740 -0.253270 0.260220
v -0.815296 0.337884 -1.373908 0.010962 0.010962 0.010962
vn -0.931740 -0.253270 0.260220
f 5647//5647 5648//5648 5649//5649
v -0.809439 0.339558 -1.351307 0.010962 0.010962 0.010962
vn -0.931732 -0.253301 0.260220
v -0.815296 0.337884 -1.373908 0.010962 0.010962 0.010962
vn -0.931732 -0.253301 0.260220
v -0.809439 0.324225 -1.366231 0.010962 0.010962 0.010962
vn -0.931732 -0.253301 0.260220
f 5650//5650 5651//5651 5652//5652
v -0.809439 0.324225 -1.439023 0.010962 0.010962 0.010962
vn -0.931730 -0.253289 -0.260239
v -0.815296 0.337884 -1.431346 0.010962 0.010962 0.010962
vn -0.931730 -0.253289 -0.260239
v -0.815296 0.347444 -1.440651 0.010962 0.010962 0.010962
vn -0.931730 -0.253289 -0.260239
f 5653//5653 5654//5654 5655//5655
v -0.809439 0.324225 -1.439023 0.010962 0.010962 0.010962
vn -0.931738 -0.253289 -0.260208
v -0.815296 0.347444 -1.440651 0.010962 0.010962 0.010962
vn -0.931738 -0.253289 -0.260208
v -0.809439 0.339558 -1.453947 0.010962 0.010962 0.010962
vn -0.931738 -0.253289 -0.260208
f 5656//5656 5657//5657 5658//5658
v -0.809439 0.414336 -1.453947 0.010962 0.010962 0.010962
vn -0.931740 0.253270 -0.260220
v -0.815296 0.406450 -1.440651 0.010962 0.010962 0.010962
vn -0.931740 0.253270 -0.260220
v -0.815296 0.416010 -1.431346 0.010962 0.010962 0.010962
vn -0.931740 0.253270 -0.260220
f 5659//5659 5660//5660 5661//5661
v -0.809439 0.414336 -1.453947 0.010962 0.010962 0.010962
vn -0.931732 0.253301 -0.260220
v -0.815296 0.416010 -1.431346 0.010962 0.010962 0.010962
vn -0.931732 0.253301 -0.260220
v -0.809439 0.429668 -1.439023 0.010962 0.010962 0.010962
vn -0.931732 0.253301 -0.260220
f 5662//5662 5663//5663 5664//5664
v -0.809439 0.429668 -1.366231 0.010962 0.010962 0.010962
vn -0.931730 0.253289 0.260239
v -0.815296 0.416010 -1.373908 0.010962 0.010962 0.010962
vn -0.931730 0.253289 0.260239
v -0.815296 0.406450 -1.364603 0.010962 0.010962 0.010962
vn -0.931730 0.253289 0.260239
f 5665//5665 5666//5666 5667//5667
v -0.809439 0.429668 -1.366231 0.010962 0.010962 0.010962
vn -0.931738 0.253289 0.260208
v -0.815296 0.406450 -1.364603 0.010962 0.010962 0.010962
vn -0.931738 0.253289 0.260208
v -0.809439 0.414336 -1.351307 0.010962 0.010962 0.010962
vn -0.931738 0.253289 0.260208
f 5668//5668 5669//5669 5670//5670
g Grey
v 0.837204 0.316485 -1.436606 0.161245 0.161245 0.161245
vn 0.999507 -0.002824 -0.031273
v 0.834034 0.161158 -1.523900 0.161245 0.161245 0.161245
vn 0.999507 -0.002824 -0.031273
v 0.834034 0.177850 -1.525407 0.161245 0.161245 0.161245
vn 0.999507 -0.002824 -0.031273
f 5671//5671 5672//5672 5673//5673
v 0.837204 0.316485 -1.436606 0.161245 0.161245 0.161245
vn 0.869532 0.252133 -0.424668
v 0.834034 0.177850 -1.525407 0.161245 0.161245 0.161245
vn 0.869532 0.252133 -0.424668
v 0.833303 0.304596 -1.451652 0.161245 0.161245 0.161245
vn 0.869532 0.252133 -0.424668
f 5674//5674 5675//5675 5676//5676
v 0.837204 0.376946 -1.470585 0.161245 0.161245 0.161245
vn 0.930307 0.092569 -0.354907
v 0.837204 0.411855 -1.461480 0.161245 0.161245 0.161245
vn 0.930307 0.092569 -0.354907
v 0.846966 0.398710 -1.439321 0.161245 0.161245 0.161245
vn 0.930307 0.092569 -0.354907
f 5677//5677 5678//5678 5679//5679
v 0.837204 0.376946 -1.470585 0.161245 0.161245 0.161245
vn 0.930310 0.092560 -0.354902
v 0.846966 0.398710 -1.439321 0.161245 0.161245 0.161245
vn 0.930310 0.092560 -0.354902
v 0.846966 0.376946 -1.444997 0.161245 0.161245 0.161245
vn 0.930310 0.092560 -0.354902
f 5680//5680 5681//5681 5682//5682
v 0.834034 0.592735 -1.281354 0.161245 0.161245 0.161245
vn 0.777361 0.320177 -0.541477
v 0.837204 0.437408 -1.368648 0.161245 0.161245 0.161245
vn 0.777361 0.320177 -0.541477
v 0.833303 0.454610 -1.364076 0.161245 0.161245 0.161245
vn 0.777361 0.320177 -0.541477
f 5683//5683 5684//5684 5685//5685
v 0.834034 0.592735 -1.281354 0.161245 0.161245 0.161245
vn 0.999914 -0.010225 0.008241
v 0.833303 0.454610 -1.364076 0.161245 0.161245 0.161245
vn 0.999914 -0.010225 0.008241
v 0.834034 0.582960 -1.293482 0.161245 0.161245 0.161245
vn 0.999914 -0.010225 0.008241
f 5686//5686 5687//5687 5688//5688
v 0.834034 0.376946 -1.160081 0.161245 0.161245 0.161245
vn 1.000000 0.000000 0.000000
v 0.834034 0.252361 -1.192576 0.161245 0.161245 0.161245
vn 1.000000 0.000000 0.000000
v 0.834034 0.264819 -1.202092 0.161245 0.161245 0.161245
vn 1.000000 0.000000 0.000000
f 5689//5689 5690//5690 5691//5691
v 0.834034 0.376946 -1.160081 0.161245 0.161245 0.161245
vn 1.000000 0.000000 0.000000
v 0.834034 0.264819 -1.202092 0.161245 0.161245 0.161245
vn 1.000000 0.000000 0.000000
v 0.834034 0.364488 -1.176096 0.161245 0.161245 0.161245
vn 1.000000 0.000000 0.000000
f 5692//5692 5693//5693 5694//5694
v 0.837204 0.316485 -1.436606 0.161245 0.161245 0.161245
vn 0.976815 -0.206406 -0.056819
v 0.837204 0.307132 -1.402627 0.161245 0.161245 0.161245
vn 0.976815 -0.206406 -0.056819
v 0.833303 0.291236 -1.411943 0.161245 0.161245 0.161245
vn 0.976815 -0.206406 -0.056819
f 5695//5695 5696//5696 5697//5697
v 0.837204 0.316485 -1.436606 0.161245 0.161245 0.161245
vn 0.976816 -0.206403 -0.056817
v 0.833303 0.291236 -1.411943 0.161245 0.161245 0.161245
vn 0.976816 -0.206403 -0.056817
v 0.833303 0.299283 -1.441178 0.161245 0.161245 0.161245
vn 0.976816 -0.206403 -0.056817
f 5698//5698 5699//5699 5700//5700
v 0.837204 0.437408 -1.436606 0.161245 0.161245 0.161245
vn 0.998854 0.037269 0.030042
v 0.834034 0.592735 -1.523899 0.161245 0.161245 0.161245
vn 0.998854 0.037269 0.030042
v 0.834034 0.582960 -1.511772 0.161245 0.161245 0.161245
vn 0.998854 0.037269 0.030042
f 5701//5701 5702//5702 5703//5703
v 0.837204 0.437408 -1.436606 0.161245 0.161245 0.161245
vn 0.732069 0.325101 0.598651
v 0.834034 0.582960 -1.511772 0.161245 0.161245 0.161245
vn 0.732069 0.325101 0.598651
v 0.833303 0.454610 -1.441178 0.161245 0.161245 0.161245
vn 0.732069 0.325101 0.598651
f 5704//5704 5705//5705 5706//5706
v 0.837204 0.376946 -1.334669 0.161245 0.161245 0.161245
vn 0.975748 0.055246 0.211810
v 0.837204 0.411855 -1.343774 0.161245 0.161245 0.161245
vn 0.975748 0.055246 0.211810
v 0.833303 0.416551 -1.327029 0.161245 0.161245 0.161245
vn 0.975748 0.055246 0.211810
f 5707//5707 5708//5708 5709//5709
v 0.837204 0.376946 -1.334669 0.161245 0.161245 0.161245
vn 0.975748 0.055245 0.211810
v 0.833303 0.416551 -1.327029 0.161245 0.161245 0.161245
vn 0.975748 0.055245 0.211810
v 0.833303 0.386518 -1.319196 0.161245 0.161245 0.161245
vn 0.975748 0.055245 0.211810
f 5710//5710 5711//5711 5712//5712
v 0.834034 0.127775 -1.402627 0.161245 0.161245 0.161245
vn 0.931982 -0.016473 0.362130
v 0.837204 0.307132 -1.402627 0.161245 0.161245 0.161245
vn 0.931982 -0.016473 0.362130
v 0.833303 0.291236 -1.393311 0.161245 0.161245 0.161245
vn 0.931982 -0.016473 0.362130
f 5713//5713 5714//5714 5715//5715
v 0.834034 0.127775 -1.402627 0.161245 0.161245 0.161245
vn 0.999967 0.004844 -0.006572
v 0.833303 0.291236 -1.393311 0.161245 0.161245 0.161245
vn 0.999967 0.004844 -0.006572
v 0.834034 0.144228 -1.390500 0.161245 0.161245 0.161245
vn 0.999967 0.004844 -0.006572
f 5716//5716 5717//5717 5718//5718
v 0.837204 0.437408 -1.436606 0.161245 0.161245 0.161245
vn 0.979723 0.139751 -0.143568
v 0.837204 0.411855 -1.461480 0.161245 0.161245 0.161245
vn 0.979723 0.139751 -0.143568
v 0.833303 0.427312 -1.473053 0.161245 0.161245 0.161245
vn 0.979723 0.139751 -0.143568
f 5719//5719 5720//5720 5721//5721
v 0.837204 0.437408 -1.436606 0.161245 0.161245 0.161245
vn 0.979723 0.139751 -0.143568
v 0.833303 0.427312 -1.473053 0.161245 0.161245 0.161245
vn 0.979723 0.139751 -0.143568
v 0.833303 0.449298 -1.451652 0.161245 0.161245 0.161245
vn 0.979723 0.139751 -0.143568
f 5722//5722 5723//5723 5724//5724
v 0.837204 0.376946 -1.470585 0.161245 0.161245 0.161245
vn 0.975751 -0.055244 -0.211797
v 0.837204 0.342039 -1.461480 0.161245 0.161245 0.161245
vn 0.975751 -0.055244 -0.211797
v 0.833303 0.337342 -1.478226 0.161245 0.161245 0.161245
vn 0.975751 -0.055244 -0.211797
f 5725//5725 5726//5726 5727//5727
v 0.837204 0.376946 -1.470585 0.161245 0.161245 0.161245
vn 0.975747 -0.055239 -0.211818
v 0.833303 0.337342 -1.478226 0.161245 0.161245 0.161245
vn 0.975747 -0.055239 -0.211818
v 0.833303 0.367376 -1.486058 0.161245 0.161245 0.161245
vn 0.975747 -0.055239 -0.211818
f 5728//5728 5729//5729 5730//5730
v 0.837204 0.437408 -1.368648 0.161245 0.161245 0.161245
vn 0.999507 0.002824 0.031273
v 0.834034 0.592735 -1.281354 0.161245 0.161245 0.161245
vn 0.999507 0.002824 0.031273
v 0.834034 0.576044 -1.279847 0.161245 0.161245 0.161245
vn 0.999507 0.002824 0.031273
f 5731//5731 5732//5732 5733//5733
v 0.837204 0.437408 -1.368648 0.161245 0.161245 0.161245
vn 0.869532 -0.252133 0.424668
v 0.834034 0.576044 -1.279847 0.161245 0.161245 0.161245
vn 0.869532 -0.252133 0.424668
v 0.833303 0.449298 -1.353602 0.161245 0.161245 0.161245
vn 0.869532 -0.252133 0.424668
f 5734//5734 5735//5735 5736//5736
v 0.837204 0.316485 -1.368648 0.161245 0.161245 0.161245
vn 0.979723 -0.139751 0.143568
v 0.837204 0.342039 -1.343774 0.161245 0.161245 0.161245
vn 0.979723 -0.139751 0.143568
v 0.833303 0.326582 -1.332201 0.161245 0.161245 0.161245
vn 0.979723 -0.139751 0.143568
f 5737//5737 5738//5738 5739//5739
v 0.837204 0.316485 -1.368648 0.161245 0.161245 0.161245
vn 0.979723 -0.139751 0.143568
v 0.833303 0.326582 -1.332201 0.161245 0.161245 0.161245
vn 0.979723 -0.139751 0.143568
v 0.833303 0.304596 -1.353602 0.161245 0.161245 0.161245
vn 0.979723 -0.139751 0.143568
f 5740//5740 5741//5741 5742//5742
v 0.837204 0.411855 -1.461480 0.161245 0.161245 0.161245
vn 0.975748 0.055246 -0.211810
v 0.837204 0.376946 -1.470585 0.161245 0.161245 0.161245
vn 0.975748 0.055246 -0.211810
v 0.833303 0.386518 -1.486058 0.161245 0.161245 0.161245
vn 0.975748 0.055246 -0.211810
f 5743//5743 5744//5744 5745//5745
v 0.837204 0.411855 -1.461480 0.161245 0.161245 0.161245
vn 0.975751 0.055235 -0.211799
v 0.833303 0.386518 -1.486058 0.161245 0.161245 0.161245
vn 0.975751 0.055235 -0.211799
v 0.833303 0.416551 -1.478226 0.161245 0.161245 0.161245
vn 0.975751 0.055235 -0.211799
f 5746//5746 5747//5747 5748//5748
v 0.846966 0.355183 -1.439321 0.161245 0.161245 0.161245
vn 1.000000 0.000000 0.000000
v 0.846966 0.376946 -1.444997 0.161245 0.161245 0.161245
vn 1.000000 0.000000 0.000000
v 0.846966 0.398710 -1.439321 0.161245 0.161245 0.161245
vn 1.000000 0.000000 0.000000
f 5749//5749 5750//5750 5751//5751
v 0.846966 0.355183 -1.439321 0.161245 0.161245 0.161245
vn 1.000000 0.000000 0.000000
v 0.846966 0.398710 -1.439321 0.161245 0.161245 0.161245
vn 1.000000 0.000000 0.000000
v 0.846966 0.414643 -1.423812 0.161245 0.161245 0.161245
vn 1.000000 0.000000 0.000000
f 5752//5752 5753//5753 5754//5754
v 0.846966 0.355183 -1.439321 0.161245 0.161245 0.161245
vn 1.000000 0.000000 0.000000
v 0.846966 0.414643 -1.423812 0.161245 0.161245 0.161245
vn 1.000000 0.000000 0.000000
v 0.846966 0.420474 -1.402627 0.161245 0.161245 0.161245
vn 1.000000 0.000000 0.000000
f 5755//5755 5756//5756 5757//5757
v 0.846966 0.355183 -1.439321 0.161245 0.161245 0.161245
vn 1.000000 0.000000 0.000000
v 0.846966 0.420474 -1.402627 0.161245 0.161245 0.161245
vn 1.000000 0.000000 0.000000
v 0.846966 0.414643 -1.381442 0.161245 0.161245 0.161245
vn 1.000000 0.000000 0.000000
f 5758//5758 5759//5759 5760//5760
v 0.846966 0.355183 -1.439321 0.161245 0.161245 0.161245
vn 1.000000 0.000000 0.000000
v 0.846966 0.414643 -1.381442 0.161245 0.161245 0.161245
vn 1.000000 0.000000 0.000000
v 0.846966 0.398710 -1.365933 0.161245 0.161245 0.161245
vn 1.000000 0.000000 0.000000
f 5761//5761 5762//5762 5763//5763
v 0.846966 0.355183 -1.439321 0.161245 0.161245 0.161245
vn 1.000000 0.000000 0.000000
v 0.846966 0.398710 -1.365933 0.161245 0.161245 0.161245
vn 1.000000 0.000000 0.000000
v 0.846966 0.376946 -1.360257 0.161245 0.161245 0.161245
vn 1.000000 0.000000 0.000000
f 5764//5764 5765//5765 5766//5766
v 0.846966 0.355183 -1.439321 0.161245 0.161245 0.161245
vn 1.000000 0.000000 0.000000
v 0.846966 0.376946 -1.360257 0.161245 0.161245 0.161245
vn 1.000000 0.000000 0.000000
v 0.846966 0.355183 -1.365933 0.161245 0.161245 0.161245
vn 1.000000 0.000000 0.000000
f 5767//5767 5768//5768 5769//5769
v 0.846966 0.355183 -1.439321 0.161245 0.161245 0.161245
vn 1.000000 0.000000 0.000000
v 0.846966 0.355183 -1.365933 0.161245 0.161245 0.161245
vn 1.000000 0.000000 0.000000
v 0.846966 0.339251 -1.381442 0.161245 0.161245 0.161245
vn 1.000000 0.000000 0.000000
f 5770//5770 5771//5771 5772//5772
v 0.846966 0.355183 -1.439321 0.161245 0.161245 0.161245
vn 1.000000 0.000000 0.000000
v 0.846966 0.339251 -1.381442 0.161245 0.161245 0.161245
vn 1.000000 0.000000 0.000000
v 0.846966 0.333419 -1.402627 0.161245 0.161245 0.161245
vn 1.000000 0.000000 0.000000
f 5773//5773 5774//5774 5775//5775
v 0.846966 0.355183 -1.439321 0.161245 0.161245 0.161245
vn 1.000000 0.000000 0.000000
v 0.846966 0.333419 -1.402627 0.161245 0.161245 0.161245
vn 1.000000 0.000000 0.000000
v 0.846966 0.339251 -1.423812 0.161245 0.161245 0.161245
vn 1.000000 0.000000 0.000000
f 5776//5776 5777//5777 5778//5778
v 0.837204 0.342039 -1.461480 0.161245 0.161245 0.161245
vn 0.935123 -0.183913 -0.302853
v 0.846966 0.355183 -1.439321 0.161245 0.161245 0.161245
vn 0.935123 -0.183913 -0.302853
v 0.845013 0.347444 -1.440651 0.161245 0.161245 0.161245
vn 0.935123 -0.183913 -0.302853
f 5779//5779 5780//5780 5781//5781
v 0.837204 0.342039 -1.461480 0.161245 0.161245 0.161245
vn 0.935145 -0.183698 -0.302917
v 0.845013 0.347444 -1.440651 0.161245 0.161245 0.161245
vn 0.935145 -0.183698 -0.302917
v 0.839157 0.339558 -1.453947 0.161245 0.161245 0.161245
vn 0.935145 -0.183698 -0.302917
f 5782//5782 5783//5783 5784//5784
v 0.837204 0.446762 -1.402627 0.161245 0.161245 0.161245
vn 0.933178 0.346523 0.095391
v 0.837204 0.437408 -1.368648 0.161245 0.161245 0.161245
vn 0.933178 0.346523 0.095391
v 0.846966 0.414643 -1.381442 0.161245 0.161245 0.161245
vn 0.933178 0.346523 0.095391
f 5785//5785 5786//5786 5787//5787
v 0.837204 0.446762 -1.402627 0.161245 0.161245 0.161245
vn 0.933182 0.346516 0.095378
v 0.846966 0.414643 -1.381442 0.161245 0.161245 0.161245
vn 0.933182 0.346516 0.095378
v 0.846966 0.420474 -1.402627 0.161245 0.161245 0.161245
vn 0.933182 0.346516 0.095378
f 5788//5788 5789//5789 5790//5790
v 0.837204 0.376946 -1.334669 0.161245 0.161245 0.161245
vn 0.930306 -0.092573 0.354909
v 0.837204 0.342039 -1.343774 0.161245 0.161245 0.161245
vn 0.930306 -0.092573 0.354909
v 0.846966 0.355183 -1.365933 0.161245 0.161245 0.161245
vn 0.930306 -0.092573 0.354909
f 5791//5791 5792//5792 5793//5793
v 0.837204 0.376946 -1.334669 0.161245 0.161245 0.161245
vn 0.930310 -0.092560 0.354902
v 0.846966 0.355183 -1.365933 0.161245 0.161245 0.161245
vn 0.930310 -0.092560 0.354902
v 0.846966 0.376946 -1.360257 0.161245 0.161245 0.161245
vn 0.930310 -0.092560 0.354902
f 5794//5794 5795//5795 5796//5796
v 0.837204 0.307132 -1.402627 0.161245 0.161245 0.161245
vn 0.933178 -0.346523 -0.095391
v 0.837204 0.316485 -1.436606 0.161245 0.161245 0.161245
vn 0.933178 -0.346523 -0.095391
v 0.846966 0.339251 -1.423812 0.161245 0.161245 0.161245
vn 0.933178 -0.346523 -0.095391
f 5797//5797 5798//5798 5799//5799
v 0.837204 0.307132 -1.402627 0.161245 0.161245 0.161245
vn 0.933176 -0.346529 -0.095401
v 0.846966 0.339251 -1.423812 0.161245 0.161245 0.161245
vn 0.933176 -0.346529 -0.095401
v 0.846966 0.333419 -1.402627 0.161245 0.161245 0.161245
vn 0.933176 -0.346529 -0.095401
f 5800//5800 5801//5801 5802//5802
v 0.837204 0.437408 -1.436606 0.161245 0.161245 0.161245
vn 0.933182 0.346516 -0.095389
v 0.837204 0.446762 -1.402627 0.161245 0.161245 0.161245
vn 0.933182 0.346516 -0.095389
v 0.846966 0.420474 -1.402627 0.161245 0.161245 0.161245
vn 0.933182 0.346516 -0.095389
f 5803//5803 5804//5804 5805//5805
v 0.837204 0.437408 -1.436606 0.161245 0.161245 0.161245
vn 0.933178 0.346528 -0.095382
v 0.846966 0.420474 -1.402627 0.161245 0.161245 0.161245
vn 0.933178 0.346528 -0.095382
v 0.846966 0.414643 -1.423812 0.161245 0.161245 0.161245
vn 0.933178 0.346528 -0.095382
f 5806//5806 5807//5807 5808//5808
v 0.837204 0.411855 -1.343774 0.161245 0.161245 0.161245
vn 0.930310 0.092568 0.354902
v 0.837204 0.376946 -1.334669 0.161245 0.161245 0.161245
vn 0.930310 0.092568 0.354902
v 0.846966 0.376946 -1.360257 0.161245 0.161245 0.161245
vn 0.930310 0.092568 0.354902
f 5809//5809 5810//5810 5811//5811
v 0.837204 0.411855 -1.343774 0.161245 0.161245 0.161245
vn 0.930307 0.092563 0.354911
v 0.846966 0.376946 -1.360257 0.161245 0.161245 0.161245
vn 0.930307 0.092563 0.354911
v 0.846966 0.398710 -1.365933 0.161245 0.161245 0.161245
vn 0.930307 0.092563 0.354911
f 5812//5812 5813//5813 5814//5814
v 0.837204 0.316485 -1.368648 0.161245 0.161245 0.161245
vn 0.933176 -0.346529 0.095393
v 0.837204 0.307132 -1.402627 0.161245 0.161245 0.161245
vn 0.933176 -0.346529 0.095393
v 0.846966 0.333419 -1.402627 0.161245 0.161245 0.161245
vn 0.933176 -0.346529 0.095393
f 5815//5815 5816//5816 5817//5817
v 0.837204 0.316485 -1.368648 0.161245 0.161245 0.161245
vn 0.933179 -0.346520 0.095398
v 0.846966 0.333419 -1.402627 0.161245 0.161245 0.161245
vn 0.933179 -0.346520 0.095398
v 0.846966 0.339251 -1.381442 0.161245 0.161245 0.161245
vn 0.933179 -0.346520 0.095398
f 5818//5818 5819//5819 5820//5820
v 0.846966 0.398710 -1.439321 0.161245 0.161245 0.161245
vn 0.935127 0.183764 -0.302934
v 0.837204 0.411855 -1.461480 0.161245 0.161245 0.161245
vn 0.935127 0.183764 -0.302934
v 0.839157 0.414336 -1.453947 0.161245 0.161245 0.161245
vn 0.935127 0.183764 -0.302934
f 5821//5821 5822//5822 5823//5823
v 0.846966 0.398710 -1.439321 0.161245 0.161245 0.161245
vn 0.935144 0.183901 -0.302797
v 0.839157 0.414336 -1.453947 0.161245 0.161245 0.161245
vn 0.935144 0.183901 -0.302797
v 0.845013 0.406450 -1.440651 0.161245 0.161245 0.161245
vn 0.935144 0.183901 -0.302797
f 5824//5824 5825//5825 5826//5826
v 0.837204 0.342039 -1.461480 0.161245 0.161245 0.161245
vn 0.930309 -0.092571 -0.354902
v 0.837204 0.376946 -1.470585 0.161245 0.161245 0.161245
vn 0.930309 -0.092571 -0.354902
v 0.846966 0.376946 -1.444997 0.161245 0.161245 0.161245
vn 0.930309 -0.092571 -0.354902
f 5827//5827 5828//5828 5829//5829
v 0.837204 0.342039 -1.461480 0.161245 0.161245 0.161245
vn 0.930305 -0.092564 -0.354914
v 0.846966 0.376946 -1.444997 0.161245 0.161245 0.161245
vn 0.930305 -0.092564 -0.354914
v 0.846966 0.355183 -1.439321 0.161245 0.161245 0.161245
vn 0.930305 -0.092564 -0.354914
f 5830//5830 5831//5831 5832//5832
v 0.837204 0.411855 -1.343774 0.161245 0.161245 0.161245
vn 0.935126 0.183885 0.302862
v 0.846966 0.398710 -1.365933 0.161245 0.161245 0.161245
vn 0.935126 0.183885 0.302862
v 0.845013 0.406450 -1.364603 0.161245 0.161245 0.161245
vn 0.935126 0.183885 0.302862
f 5833//5833 5834//5834 5835//5835
v 0.837204 0.411855 -1.343774 0.161245 0.161245 0.161245
vn 0.935145 0.183698 0.302917
v 0.845013 0.406450 -1.364603 0.161245 0.161245 0.161245
vn 0.935145 0.183698 0.302917
v 0.839157 0.414336 -1.351307 0.161245 0.161245 0.161245
vn 0.935145 0.183698 0.302917
f 5836//5836 5837//5837 5838//5838
v 0.837204 0.342039 -1.343774 0.161245 0.161245 0.161245
vn 0.882664 -0.327835 0.336790
v 0.837204 0.316485 -1.368648 0.161245 0.161245 0.161245
vn 0.882664 -0.327835 0.336790
v 0.839157 0.324225 -1.366231 0.161245 0.161245 0.161245
vn 0.882664 -0.327835 0.336790
f 5839//5839 5840//5840 5841//5841
v 0.837204 0.342039 -1.343774 0.161245 0.161245 0.161245
vn 0.882664 -0.327835 0.336790
v 0.839157 0.324225 -1.366231 0.161245 0.161245 0.161245
vn 0.882664 -0.327835 0.336790
v 0.839157 0.339558 -1.351307 0.161245 0.161245 0.161245
vn 0.882664 -0.327835 0.336790
f 5842//5842 5843//5843 5844//5844
v 0.833303 0.337342 -1.327029 0.161245 0.161245 0.161245
vn 0.000000 -0.252382 0.967628
v 0.833303 0.367376 -1.319196 0.161245 0.161245 0.161245
vn 0.000000 -0.252382 0.967628
v 0.796383 0.367376 -1.319196 0.161245 0.161245 0.161245
vn 0.000000 -0.252382 0.967628
f 5845//5845 5846//5846 5847//5847
v 0.833303 0.337342 -1.327029 0.161245 0.161245 0.161245
vn 0.000000 -0.252382 0.967628
v 0.796383 0.367376 -1.319196 0.161245 0.161245 0.161245
vn 0.000000 -0.252382 0.967628
v 0.796383 0.337342 -1.327029 0.161245 0.161245 0.161245
vn 0.000000 -0.252382 0.967628
f 5848//5848 5849//5849 5850//5850
v 0.837204 0.376946 -1.334669 0.161245 0.161245 0.161245
vn 0.999563 -0.023331 0.018150
v 0.834034 0.376946 -1.160081 0.161245 0.161245 0.161245
vn 0.999563 -0.023331 0.018150
v 0.834034 0.364488 -1.176096 0.161245 0.161245 0.161245
vn 0.999563 -0.023331 0.018150
f 5851//5851 5852//5852 5853//5853
v 0.837204 0.376946 -1.334669 0.161245 0.161245 0.161245
vn 0.918641 -0.394891 -0.012660
v 0.834034 0.364488 -1.176096 0.161245 0.161245 0.161245
vn 0.918641 -0.394891 -0.012660
v 0.833303 0.367376 -1.319196 0.161245 0.161245 0.161245
vn 0.918641 -0.394891 -0.012660
f 5854//5854 5855//5855 5856//5856
v 0.837204 0.342039 -1.343774 0.161245 0.161245 0.161245
vn 0.975747 -0.055248 0.211812
v 0.837204 0.376946 -1.334669 0.161245 0.161245 0.161245
vn 0.975747 -0.055248 0.211812
v 0.833303 0.367376 -1.319196 0.161245 0.161245 0.161245
vn 0.975747 -0.055248 0.211812
f 5857//5857 5858//5858 5859//5859
v 0.837204 0.342039 -1.343774 0.161245 0.161245 0.161245
vn 0.975748 -0.055245 0.211810
v 0.833303 0.367376 -1.319196 0.161245 0.161245 0.161245
vn 0.975748 -0.055245 0.211810
v 0.833303 0.337342 -1.327029 0.161245 0.161245 0.161245
vn 0.975748 -0.055245 0.211810
f 5860//5860 5861//5861 5862//5862
v 0.834034 0.252361 -1.192576 0.161245 0.161245 0.161245
vn 0.781152 0.529670 0.330533
v 0.837204 0.342039 -1.343774 0.161245 0.161245 0.161245
vn 0.781152 0.529670 0.330533
v 0.833303 0.337342 -1.327029 0.161245 0.161245 0.161245
vn 0.781152 0.529670 0.330533
f 5863//5863 5864//5864 5865//5865
v 0.834034 0.252361 -1.192576 0.161245 0.161245 0.161245
vn 0.999913 -0.008025 -0.010506
v 0.833303 0.337342 -1.327029 0.161245 0.161245 0.161245
vn 0.999913 -0.008025 -0.010506
v 0.834034 0.264819 -1.202092 0.161245 0.161245 0.161245
vn 0.999913 -0.008025 -0.010506
f 5866//5866 5867//5867 5868//5868
v 0.833303 0.462658 -1.411943 0.161245 0.161245 0.161245
vn 0.000000 0.964139 -0.265398
v 0.833303 0.454610 -1.441178 0.161245 0.161245 0.161245
vn 0.000000 0.964139 -0.265398
v 0.796383 0.454610 -1.441178 0.161245 0.161245 0.161245
vn 0.000000 0.964139 -0.265398
f 5869//5869 5870//5870 5871//5871
v 0.833303 0.462658 -1.411943 0.161245 0.161245 0.161245
vn 0.000000 0.964139 -0.265398
v 0.796383 0.454610 -1.441178 0.161245 0.161245 0.161245
vn 0.000000 0.964139 -0.265398
v 0.796383 0.462658 -1.411943 0.161245 0.161245 0.161245
vn 0.000000 0.964139 -0.265398
f 5872//5872 5873//5873 5874//5874
v 0.834034 0.376946 -1.160081 0.161245 0.161245 0.161245
vn 0.935212 0.353680 0.016981
v 0.837204 0.376946 -1.334669 0.161245 0.161245 0.161245
vn 0.935212 0.353680 0.016981
v 0.833303 0.386518 -1.319196 0.161245 0.161245 0.161245
vn 0.935212 0.353680 0.016981
f 5875//5875 5876//5876 5877//5877
v 0.834034 0.376946 -1.160081 0.161245 0.161245 0.161245
vn 0.999967 -0.006396 -0.004976
v 0.833303 0.386518 -1.319196 0.161245 0.161245 0.161245
vn 0.999967 -0.006396 -0.004976
v 0.834034 0.389406 -1.176096 0.161245 0.161245 0.161245
vn 0.999967 -0.006396 -0.004976
f 5878//5878 5879//5879 5880//5880
v 0.834034 0.501533 -1.192576 0.161245 0.161245 0.161245
vn 1.000000 0.000000 0.000000
v 0.834034 0.376946 -1.160081 0.161245 0.161245 0.161245
vn 1.000000 0.000000 0.000000
v 0.834034 0.389406 -1.176096 0.161245 0.161245 0.161245
vn 1.000000 0.000000 0.000000
f 5881//5881 5882//5882 5883//5883
v 0.834034 0.501533 -1.192576 0.161245 0.161245 0.161245
vn 1.000000 0.000000 0.000000
v 0.834034 0.389406 -1.176096 0.161245 0.161245 0.161245
vn 1.000000 0.000000 0.000000
v 0.834034 0.489074 -1.202092 0.161245 0.161245 0.161245
vn 1.000000 0.000000 0.000000
f 5884//5884 5885//5885 5886//5886
v 0.837204 0.411855 -1.343774 0.161245 0.161245 0.161245
vn 0.998839 -0.029249 0.038290
v 0.834034 0.501533 -1.192576 0.161245 0.161245 0.161245
vn 0.998839 -0.029249 0.038290
v 0.834034 0.489074 -1.202092 0.161245 0.161245 0.161245
vn 0.998839 -0.029249 0.038290
f 5887//5887 5888//5888 5889//5889
v 0.837204 0.411855 -1.343774 0.161245 0.161245 0.161245
vn 0.736857 -0.586544 0.336166
v 0.834034 0.489074 -1.202092 0.161245 0.161245 0.161245
vn 0.736857 -0.586544 0.336166
v 0.833303 0.416551 -1.327029 0.161245 0.161245 0.161245
vn 0.736857 -0.586544 0.336166
f 5890//5890 5891//5891 5892//5892
v 0.833303 0.291236 -1.393311 0.161245 0.161245 0.161245
vn 0.000000 -0.964139 0.265398
v 0.833303 0.299283 -1.364076 0.161245 0.161245 0.161245
vn 0.000000 -0.964139 0.265398
v 0.796383 0.299283 -1.364076 0.161245 0.161245 0.161245
vn 0.000000 -0.964139 0.265398
f 5893//5893 5894//5894 5895//5895
v 0.833303 0.291236 -1.393311 0.161245 0.161245 0.161245
vn 0.000000 -0.964139 0.265398
v 0.796383 0.299283 -1.364076 0.161245 0.161245 0.161245
vn 0.000000 -0.964139 0.265398
v 0.796383 0.291236 -1.393311 0.161245 0.161245 0.161245
vn 0.000000 -0.964139 0.265398
f 5896//5896 5897//5897 5898//5898
v 0.834034 0.501533 -1.192576 0.161245 0.161245 0.161245
vn 0.899898 0.383107 -0.208358
v 0.837204 0.411855 -1.343774 0.161245 0.161245 0.161245
vn 0.899898 0.383107 -0.208358
v 0.833303 0.427312 -1.332201 0.161245 0.161245 0.161245
vn 0.899898 0.383107 -0.208358
f 5899//5899 5900//5900 5901//5901
v 0.834034 0.501533 -1.192576 0.161245 0.161245 0.161245
vn 0.999965 -0.008346 -0.000796
v 0.833303 0.427312 -1.332201 0.161245 0.161245 0.161245
vn 0.999965 -0.008346 -0.000796
v 0.834034 0.503082 -1.208824 0.161245 0.161245 0.161245
vn 0.999965 -0.008346 -0.000796
f 5902//5902 5903//5903 5904//5904
v 0.837204 0.411855 -1.343774 0.161245 0.161245 0.161245
vn 0.979723 0.139751 0.143568
v 0.837204 0.437408 -1.368648 0.161245 0.161245 0.161245
vn 0.979723 0.139751 0.143568
v 0.833303 0.449298 -1.353602 0.161245 0.161245 0.161245
vn 0.979723 0.139751 0.143568
f 5905//5905 5906//5906 5907//5907
v 0.837204 0.411855 -1.343774 0.161245 0.161245 0.161245
vn 0.979723 0.139751 0.143568
v 0.833303 0.449298 -1.353602 0.161245 0.161245 0.161245
vn 0.979723 0.139751 0.143568
v 0.833303 0.427312 -1.332201 0.161245 0.161245 0.161245
vn 0.979723 0.139751 0.143568
f 5908//5908 5909//5909 5910//5910
v 0.834034 0.592735 -1.281354 0.161245 0.161245 0.161245
vn 1.000000 0.000000 0.000000
v 0.834034 0.501533 -1.192576 0.161245 0.161245 0.161245
vn 1.000000 0.000000 0.000000
v 0.834034 0.503082 -1.208824 0.161245 0.161245 0.161245
vn 1.000000 0.000000 0.000000
f 5911//5911 5912//5912 5913//5913
v 0.834034 0.592735 -1.281354 0.161245 0.161245 0.161245
vn 1.000000 0.000000 0.000000
v 0.834034 0.503082 -1.208824 0.161245 0.161245 0.161245
vn 1.000000 0.000000 0.000000
v 0.834034 0.576044 -1.279847 0.161245 0.161245 0.161245
vn 1.000000 0.000000 0.000000
f 5914//5914 5915//5915 5916//5916
v 0.833303 0.462658 -1.393311 0.161245 0.161245 0.161245
vn 0.000000 -0.019119 0.999817
v 0.834034 0.609666 -1.390500 0.161245 0.161245 0.161245
vn 0.000000 -0.019119 0.999817
v 0.785974 0.609666 -1.390500 0.161245 0.161245 0.161245
vn 0.000000 -0.019119 0.999817
f 5917//5917 5918//5918 5919//5919
v 0.833303 0.462658 -1.393311 0.161245 0.161245 0.161245
vn 0.000000 -0.019119 0.999817
v 0.785974 0.609666 -1.390500 0.161245 0.161245 0.161245
vn 0.000000 -0.019119 0.999817
v 0.796383 0.462658 -1.393311 0.161245 0.161245 0.161245
vn 0.000000 -0.019119 0.999817
f 5920//5920 5921//5921 5922//5922
v 0.837204 0.437408 -1.368648 0.161245 0.161245 0.161245
vn 0.976815 0.206406 0.056819
v 0.837204 0.446762 -1.402627 0.161245 0.161245 0.161245
vn 0.976815 0.206406 0.056819
v 0.833303 0.462658 -1.393311 0.161245 0.161245 0.161245
vn 0.976815 0.206406 0.056819
f 5923//5923 5924//5924 5925//5925
v 0.837204 0.437408 -1.368648 0.161245 0.161245 0.161245
vn 0.976816 0.206403 0.056817
v 0.833303 0.462658 -1.393311 0.161245 0.161245 0.161245
vn 0.976816 0.206403 0.056817
v 0.833303 0.454610 -1.364076 0.161245 0.161245 0.161245
vn 0.976816 0.206403 0.056817
f 5926//5926 5927//5927 5928//5928
v 0.834034 0.626119 -1.402627 0.161245 0.161245 0.161245
vn 1.000000 0.000000 0.000000
v 0.834034 0.592735 -1.281354 0.161245 0.161245 0.161245
vn 1.000000 0.000000 0.000000
v 0.834034 0.582960 -1.293482 0.161245 0.161245 0.161245
vn 1.000000 0.000000 0.000000
f 5929//5929 5930//5930 5931//5931
v 0.834034 0.626119 -1.402627 0.161245 0.161245 0.161245
vn 1.000000 0.000000 0.000000
v 0.834034 0.582960 -1.293482 0.161245 0.161245 0.161245
vn 1.000000 0.000000 0.000000
v 0.834034 0.609666 -1.390500 0.161245 0.161245 0.161245
vn 1.000000 0.000000 0.000000
f 5932//5932 5933//5933 5934//5934
v 0.837204 0.446762 -1.402627 0.161245 0.161245 0.161245
vn 0.999557 0.017667 0.023970
v 0.834034 0.626119 -1.402627 0.161245 0.161245 0.161245
vn 0.999557 0.017667 0.023970
v 0.834034 0.609666 -1.390500 0.161245 0.161245 0.161245
vn 0.999557 0.017667 0.023970
f 5935//5935 5936//5936 5937//5937
v 0.837204 0.446762 -1.402627 0.161245 0.161245 0.161245
vn 0.914703 -0.012270 0.403939
v 0.834034 0.609666 -1.390500 0.161245 0.161245 0.161245
vn 0.914703 -0.012270 0.403939
v 0.833303 0.462658 -1.393311 0.161245 0.161245 0.161245
vn 0.914703 -0.012270 0.403939
f 5938//5938 5939//5939 5940//5940
v 0.834034 0.364488 -1.176096 0.161245 0.161245 0.161245
vn 0.000000 0.252386 -0.967627
v 0.834034 0.264819 -1.202092 0.161245 0.161245 0.161245
vn 0.000000 0.252386 -0.967627
v 0.785974 0.264819 -1.202092 0.161245 0.161245 0.161245
vn 0.000000 0.252386 -0.967627
f 5941//5941 5942//5942 5943//5943
v 0.834034 0.364488 -1.176096 0.161245 0.161245 0.161245
vn 0.000000 0.252386 -0.967627
v 0.785974 0.264819 -1.202092 0.161245 0.161245 0.161245
vn 0.000000 0.252386 -0.967627
v 0.785974 0.364488 -1.176096 0.161245 0.161245 0.161245
vn 0.000000 0.252386 -0.967627
f 5944//5944 5945//5945 5946//5946
v 0.834034 0.501533 -1.612678 0.161245 0.161245 0.161245
vn 1.000000 0.000000 0.000000
v 0.834034 0.592735 -1.523899 0.161245 0.161245 0.161245
vn 1.000000 0.000000 0.000000
v 0.834034 0.576044 -1.525407 0.161245 0.161245 0.161245
vn 1.000000 0.000000 0.000000
f 5947//5947 5948//5948 5949//5949
v 0.834034 0.501533 -1.612678 0.161245 0.161245 0.161245
vn 1.000000 0.000000 0.000000
v 0.834034 0.576044 -1.525407 0.161245 0.161245 0.161245
vn 1.000000 0.000000 0.000000
v 0.834034 0.503082 -1.596430 0.161245 0.161245 0.161245
vn 1.000000 0.000000 0.000000
f 5950//5950 5951//5951 5952//5952
v 0.834034 0.592735 -1.523899 0.161245 0.161245 0.161245
vn 0.897276 -0.202230 -0.392427
v 0.837204 0.437408 -1.436606 0.161245 0.161245 0.161245
vn 0.897276 -0.202230 -0.392427
v 0.833303 0.449298 -1.451652 0.161245 0.161245 0.161245
vn 0.897276 -0.202230 -0.392427
f 5953//5953 5954//5954 5955//5955
v 0.834034 0.592735 -1.523899 0.161245 0.161245 0.161245
vn 0.999963 -0.000775 0.008574
v 0.833303 0.449298 -1.451652 0.161245 0.161245 0.161245
vn 0.999963 -0.000775 0.008574
v 0.834034 0.576044 -1.525407 0.161245 0.161245 0.161245
vn 0.999963 -0.000775 0.008574
f 5956//5956 5957//5957 5958//5958
v 0.837204 0.411855 -1.461480 0.161245 0.161245 0.161245
vn 0.999532 0.030439 -0.002903
v 0.834034 0.501533 -1.612678 0.161245 0.161245 0.161245
vn 0.999532 0.030439 -0.002903
v 0.834034 0.503082 -1.596430 0.161245 0.161245 0.161245
vn 0.999532 0.030439 -0.002903
f 5959//5959 5960//5960 5961//5961
v 0.837204 0.411855 -1.461480 0.161245 0.161245 0.161245
vn 0.872129 0.414608 0.259790
v 0.834034 0.503082 -1.596430 0.161245 0.161245 0.161245
vn 0.872129 0.414608 0.259790
v 0.833303 0.427312 -1.473053 0.161245 0.161245 0.161245
vn 0.872129 0.414608 0.259790
f 5962//5962 5963//5963 5964//5964
v 0.833303 0.304596 -1.451652 0.161245 0.161245 0.161245
vn 0.000000 0.502956 -0.864312
v 0.834034 0.177850 -1.525407 0.161245 0.161245 0.161245
vn 0.000000 0.502956 -0.864312
v 0.785974 0.177850 -1.525407 0.161245 0.161245 0.161245
vn 0.000000 0.502956 -0.864312
f 5965//5965 5966//5966 5967//5967
v 0.833303 0.304596 -1.451652 0.161245 0.161245 0.161245
vn 0.000000 0.502956 -0.864312
v 0.785974 0.177850 -1.525407 0.161245 0.161245 0.161245
vn 0.000000 0.502956 -0.864312
v 0.796383 0.304596 -1.451652 0.161245 0.161245 0.161245
vn 0.000000 0.502956 -0.864312
f 5968//5968 5969//5969 5970//5970
v 0.834034 0.626119 -1.402627 0.161245 0.161245 0.161245
vn 0.931982 0.016473 -0.362130
v 0.837204 0.446762 -1.402627 0.161245 0.161245 0.161245
vn 0.931982 0.016473 -0.362130
v 0.833303 0.462658 -1.411943 0.161245 0.161245 0.161245
vn 0.931982 0.016473 -0.362130
f 5971//5971 5972//5972 5973//5973
v 0.834034 0.626119 -1.402627 0.161245 0.161245 0.161245
vn 0.999967 -0.004844 0.006572
v 0.833303 0.462658 -1.411943 0.161245 0.161245 0.161245
vn 0.999967 -0.004844 0.006572
v 0.834034 0.609666 -1.414754 0.161245 0.161245 0.161245
vn 0.999967 -0.004844 0.006572
f 5974//5974 5975//5975 5976//5976
v 0.837204 0.446762 -1.402627 0.161245 0.161245 0.161245
vn 0.976816 0.206403 -0.056819
v 0.837204 0.437408 -1.436606 0.161245 0.161245 0.161245
vn 0.976816 0.206403 -0.056819
v 0.833303 0.454610 -1.441178 0.161245 0.161245 0.161245
vn 0.976816 0.206403 -0.056819
f 5977//5977 5978//5978 5979//5979
v 0.837204 0.446762 -1.402627 0.161245 0.161245 0.161245
vn 0.976815 0.206407 -0.056818
v 0.833303 0.454610 -1.441178 0.161245 0.161245 0.161245
vn 0.976815 0.206407 -0.056818
v 0.833303 0.462658 -1.411943 0.161245 0.161245 0.161245
vn 0.976815 0.206407 -0.056818
f 5980//5980 5981//5981 5982//5982
v 0.834034 0.592735 -1.523899 0.161245 0.161245 0.161245
vn 1.000000 0.000000 0.000000
v 0.834034 0.626119 -1.402627 0.161245 0.161245 0.161245
vn 1.000000 0.000000 0.000000
v 0.834034 0.609666 -1.414754 0.161245 0.161245 0.161245
vn 1.000000 0.000000 0.000000
f 5983//5983 5984//5984 5985//5985
v 0.834034 0.592735 -1.523899 0.161245 0.161245 0.161245
vn 1.000000 0.000000 0.000000
v 0.834034 0.609666 -1.414754 0.161245 0.161245 0.161245
vn 1.000000 0.000000 0.000000
v 0.834034 0.582960 -1.511772 0.161245 0.161245 0.161245
vn 1.000000 0.000000 0.000000
f 5986//5986 5987//5987 5988//5988
v 0.834034 0.582960 -1.511772 0.161245 0.161245 0.161245
vn 0.000000 -0.964141 0.265392
v 0.834034 0.609666 -1.414754 0.161245 0.161245 0.161245
vn 0.000000 -0.964141 0.265392
v 0.785974 0.609666 -1.414754 0.161245 0.161245 0.161245
vn 0.000000 -0.964141 0.265392
f 5989//5989 5990//5990 5991//5991
v 0.834034 0.582960 -1.511772 0.161245 0.161245 0.161245
vn 0.000000 -0.964141 0.265392
v 0.785974 0.609666 -1.414754 0.161245 0.161245 0.161245
vn 0.000000 -0.964141 0.265392
v 0.785974 0.582960 -1.511772 0.161245 0.161245 0.161245
vn 0.000000 -0.964141 0.265392
f 5992//5992 5993//5993 5994//5994
v 0.834034 0.501533 -1.612678 0.161245 0.161245 0.161245
vn 0.781192 -0.529626 -0.330508
v 0.837204 0.411855 -1.461480 0.161245 0.161245 0.161245
vn 0.781192 -0.529626 -0.330508
v 0.833303 0.416551 -1.478226 0.161245 0.161245 0.161245
vn 0.781192 -0.529626 -0.330508
f 5995//5995 5996//5996 5997//5997
v 0.834034 0.501533 -1.612678 0.161245 0.161245 0.161245
vn 0.999913 0.008025 0.010506
v 0.833303 0.416551 -1.478226 0.161245 0.161245 0.161245
vn 0.999913 0.008025 0.010506
v 0.834034 0.489074 -1.603162 0.161245 0.161245 0.161245
vn 0.999913 0.008025 0.010506
f 5998//5998 5999//5999 6000//6000
v 0.834034 0.376946 -1.645174 0.161245 0.161245 0.161245
vn 1.000000 0.000000 0.000000
v 0.834034 0.501533 -1.612678 0.161245 0.161245 0.161245
vn 1.000000 0.000000 0.000000
v 0.834034 0.489074 -1.603162 0.161245 0.161245 0.161245
vn 1.000000 0.000000 0.000000
f 6001//6001 6002//6002 6003//6003
v 0.834034 0.376946 -1.645174 0.161245 0.161245 0.161245
vn 1.000000 0.000000 0.000000
v 0.834034 0.489074 -1.603162 0.161245 0.161245 0.161245
vn 1.000000 0.000000 0.000000
v 0.834034 0.389406 -1.629158 0.161245 0.161245 0.161245
vn 1.000000 0.000000 0.000000
f 6004//6004 6005//6005 6006//6006
v 0.837204 0.376946 -1.470585 0.161245 0.161245 0.161245
vn 0.999563 0.023330 -0.018150
v 0.834034 0.376946 -1.645174 0.161245 0.161245 0.161245
vn 0.999563 0.023330 -0.018150
v 0.834034 0.389406 -1.629158 0.161245 0.161245 0.161245
vn 0.999563 0.023330 -0.018150
f 6007//6007 6008//6008 6009//6009
v 0.837204 0.376946 -1.470585 0.161245 0.161245 0.161245
vn 0.918659 0.394849 0.012659
v 0.834034 0.389406 -1.629158 0.161245 0.161245 0.161245
vn 0.918659 0.394849 0.012659
v 0.833303 0.386518 -1.486058 0.161245 0.161245 0.161245
vn 0.918659 0.394849 0.012659
f 6010//6010 6011//6011 6012//6012
v 0.834034 0.170934 -1.293482 0.161245 0.161245 0.161245
vn 0.000000 0.964141 -0.265392
v 0.834034 0.144228 -1.390500 0.161245 0.161245 0.161245
vn 0.000000 0.964141 -0.265392
v 0.785974 0.144228 -1.390500 0.161245 0.161245 0.161245
vn 0.000000 0.964141 -0.265392
f 6013//6013 6014//6014 6015//6015
v 0.834034 0.170934 -1.293482 0.161245 0.161245 0.161245
vn 0.000000 0.964141 -0.265392
v 0.785974 0.144228 -1.390500 0.161245 0.161245 0.161245
vn 0.000000 0.964141 -0.265392
v 0.785974 0.170934 -1.293482 0.161245 0.161245 0.161245
vn 0.000000 0.964141 -0.265392
f 6016//6016 6017//6017 6018//6018
v 0.834034 0.252361 -1.612678 0.161245 0.161245 0.161245
vn 1.000000 0.000000 0.000000
v 0.834034 0.376946 -1.645174 0.161245 0.161245 0.161245
vn 1.000000 0.000000 0.000000
v 0.834034 0.364488 -1.629158 0.161245 0.161245 0.161245
vn 1.000000 0.000000 0.000000
f 6019//6019 6020//6020 6021//6021
v 0.834034 0.252361 -1.612678 0.161245 0.161245 0.161245
vn 1.000000 0.000000 0.000000
v 0.834034 0.364488 -1.629158 0.161245 0.161245 0.161245
vn 1.000000 0.000000 0.000000
v 0.834034 0.264819 -1.603162 0.161245 0.161245 0.161245
vn 1.000000 0.000000 0.000000
f 6022//6022 6023//6023 6024//6024
v 0.837204 0.342039 -1.461480 0.161245 0.161245 0.161245
vn 0.998839 0.029249 -0.038290
v 0.834034 0.252361 -1.612678 0.161245 0.161245 0.161245
vn 0.998839 0.029249 -0.038290
v 0.834034 0.264819 -1.603162 0.161245 0.161245 0.161245
vn 0.998839 0.029249 -0.038290
f 6025//6025 6026//6026 6027//6027
v 0.837204 0.342039 -1.461480 0.161245 0.161245 0.161245
vn 0.736905 0.586497 -0.336142
v 0.834034 0.264819 -1.603162 0.161245 0.161245 0.161245
vn 0.736905 0.586497 -0.336142
v 0.833303 0.337342 -1.478226 0.161245 0.161245 0.161245
vn 0.736905 0.586497 -0.336142
f 6028//6028 6029//6029 6030//6030
v 0.834034 0.376946 -1.645174 0.161245 0.161245 0.161245
vn 0.935198 -0.353717 -0.016981
v 0.837204 0.376946 -1.470585 0.161245 0.161245 0.161245
vn 0.935198 -0.353717 -0.016981
v 0.833303 0.367376 -1.486058 0.161245 0.161245 0.161245
vn 0.935198 -0.353717 -0.016981
f 6031//6031 6032//6032 6033//6033
v 0.834034 0.376946 -1.645174 0.161245 0.161245 0.161245
vn 0.999967 0.006397 0.004976
v 0.833303 0.367376 -1.486058 0.161245 0.161245 0.161245
vn 0.999967 0.006397 0.004976
v 0.834034 0.364488 -1.629158 0.161245 0.161245 0.161245
vn 0.999967 0.006397 0.004976
f 6034//6034 6035//6035 6036//6036
v 0.834034 0.582960 -1.293482 0.161245 0.161245 0.161245
vn 0.000000 0.481930 -0.876210
v 0.833303 0.454610 -1.364076 0.161245 0.161245 0.161245
vn 0.000000 0.481930 -0.876210
v 0.796383 0.454610 -1.364076 0.161245 0.161245 0.161245
vn 0.000000 0.481930 -0.876210
f 6037//6037 6038//6038 6039//6039
v 0.834034 0.582960 -1.293482 0.161245 0.161245 0.161245
vn 0.000000 0.481930 -0.876210
v 0.796383 0.454610 -1.364076 0.161245 0.161245 0.161245
vn 0.000000 0.481930 -0.876210
v 0.785974 0.582960 -1.293482 0.161245 0.161245 0.161245
vn 0.000000 0.481930 -0.876210
f 6040//6040 6041//6041 6042//6042
v 0.837204 0.342039 -1.461480 0.161245 0.161245 0.161245
vn 0.979723 -0.139751 -0.143568
v 0.837204 0.316485 -1.436606 0.161245 0.161245 0.161245
vn 0.979723 -0.139751 -0.143568
v 0.833303 0.304596 -1.451652 0.161245 0.161245 0.161245
vn 0.979723 -0.139751 -0.143568
f 6043//6043 6044//6044 6045//6045
v 0.837204 0.342039 -1.461480 0.161245 0.161245 0.161245
vn 0.979723 -0.139751 -0.143568
v 0.833303 0.304596 -1.451652 0.161245 0.161245 0.161245
vn 0.979723 -0.139751 -0.143568
v 0.833303 0.326582 -1.473053 0.161245 0.161245 0.161245
vn 0.979723 -0.139751 -0.143568
f 6046//6046 6047//6047 6048//6048
v 0.834034 0.252361 -1.612678 0.161245 0.161245 0.161245
vn 0.899898 -0.383107 0.208358
v 0.837204 0.342039 -1.461480 0.161245 0.161245 0.161245
vn 0.899898 -0.383107 0.208358
v 0.833303 0.326582 -1.473053 0.161245 0.161245 0.161245
vn 0.899898 -0.383107 0.208358
f 6049//6049 6050//6050 6051//6051
v 0.834034 0.252361 -1.612678 0.161245 0.161245 0.161245
vn 0.999965 0.008346 0.000796
v 0.833303 0.326582 -1.473053 0.161245 0.161245 0.161245
vn 0.999965 0.008346 0.000796
v 0.834034 0.250812 -1.596430 0.161245 0.161245 0.161245
vn 0.999965 0.008346 0.000796
f 6052//6052 6053//6053 6054//6054
v 0.834034 0.161158 -1.523900 0.161245 0.161245 0.161245
vn 1.000000 0.000000 0.000000
v 0.834034 0.252361 -1.612678 0.161245 0.161245 0.161245
vn 1.000000 0.000000 0.000000
v 0.834034 0.250812 -1.596430 0.161245 0.161245 0.161245
vn 1.000000 0.000000 0.000000
f 6055//6055 6056//6056 6057//6057
v 0.834034 0.161158 -1.523900 0.161245 0.161245 0.161245
vn 1.000000 0.000000 0.000000
v 0.834034 0.250812 -1.596430 0.161245 0.161245 0.161245
vn 1.000000 0.000000 0.000000
v 0.834034 0.177850 -1.525407 0.161245 0.161245 0.161245
vn 1.000000 0.000000 0.000000
f 6058//6058 6059//6059 6060//6060
v 0.834034 0.250812 -1.596430 0.161245 0.161245 0.161245
vn 0.000000 -0.852133 0.523326
v 0.833303 0.326582 -1.473053 0.161245 0.161245 0.161245
vn 0.000000 -0.852133 0.523326
v 0.796383 0.326582 -1.473053 0.161245 0.161245 0.161245
vn 0.000000 -0.852133 0.523326
f 6061//6061 6062//6062 6063//6063
v 0.834034 0.250812 -1.596430 0.161245 0.161245 0.161245
vn 0.000000 -0.852133 0.523326
v 0.796383 0.326582 -1.473053 0.161245 0.161245 0.161245
vn 0.000000 -0.852133 0.523326
v 0.785974 0.250812 -1.596430 0.161245 0.161245 0.161245
vn 0.000000 -0.852133 0.523326
f 6064//6064 6065//6065 6066//6066
v 0.834034 0.161158 -1.523900 0.161245 0.161245 0.161245
vn 0.777361 -0.320177 0.541477
v 0.837204 0.316485 -1.436606 0.161245 0.161245 0.161245
vn 0.777361 -0.320177 0.541477
v 0.833303 0.299283 -1.441178 0.161245 0.161245 0.161245
vn 0.777361 -0.320177 0.541477
f 6067//6067 6068//6068 6069//6069
v 0.834034 0.161158 -1.523900 0.161245 0.161245 0.161245
vn 0.999914 0.010225 -0.008241
v 0.833303 0.299283 -1.441178 0.161245 0.161245 0.161245
vn 0.999914 0.010225 -0.008241
v 0.834034 0.170934 -1.511772 0.161245 0.161245 0.161245
vn 0.999914 0.010225 -0.008241
f 6070//6070 6071//6071 6072//6072
v 0.834034 0.127775 -1.402627 0.161245 0.161245 0.161245
vn 1.000000 0.000000 0.000000
v 0.834034 0.161158 -1.523900 0.161245 0.161245 0.161245
vn 1.000000 0.000000 0.000000
v 0.834034 0.170934 -1.511772 0.161245 0.161245 0.161245
vn 1.000000 0.000000 0.000000
f 6073//6073 6074//6074 6075//6075
v 0.834034 0.127775 -1.402627 0.161245 0.161245 0.161245
vn 1.000000 0.000000 0.000000
v 0.834034 0.170934 -1.511772 0.161245 0.161245 0.161245
vn 1.000000 0.000000 0.000000
v 0.834034 0.144228 -1.414754 0.161245 0.161245 0.161245
vn 1.000000 0.000000 0.000000
f 6076//6076 6077//6077 6078//6078
v 0.837204 0.307132 -1.402627 0.161245 0.161245 0.161245
vn 0.999557 -0.017667 -0.023970
v 0.834034 0.127775 -1.402627 0.161245 0.161245 0.161245
vn 0.999557 -0.017667 -0.023970
v 0.834034 0.144228 -1.414754 0.161245 0.161245 0.161245
vn 0.999557 -0.017667 -0.023970
f 6079//6079 6080//6080 6081//6081
v 0.837204 0.307132 -1.402627 0.161245 0.161245 0.161245
vn 0.914703 0.012270 -0.403939
v 0.834034 0.144228 -1.414754 0.161245 0.161245 0.161245
vn 0.914703 0.012270 -0.403939
v 0.833303 0.291236 -1.411943 0.161245 0.161245 0.161245
vn 0.914703 0.012270 -0.403939
f 6082//6082 6083//6083 6084//6084
v 0.833303 0.454610 -1.364076 0.161245 0.161245 0.161245
vn 0.000000 0.964139 0.265398
v 0.833303 0.462658 -1.393311 0.161245 0.161245 0.161245
vn 0.000000 0.964139 0.265398
v 0.796383 0.462658 -1.393311 0.161245 0.161245 0.161245
vn 0.000000 0.964139 0.265398
f 6085//6085 6086//6086 6087//6087
v 0.833303 0.454610 -1.364076 0.161245 0.161245 0.161245
vn 0.000000 0.964139 0.265398
v 0.796383 0.462658 -1.393311 0.161245 0.161245 0.161245
vn 0.000000 0.964139 0.265398
v 0.796383 0.454610 -1.364076 0.161245 0.161245 0.161245
vn 0.000000 0.964139 0.265398
f 6088//6088 6089//6089 6090//6090
v 0.837204 0.307132 -1.402627 0.161245 0.161245 0.161245
vn 0.976816 -0.206403 0.056819
v 0.837204 0.316485 -1.368648 0.161245 0.161245 0.161245
vn 0.976816 -0.206403 0.056819
v 0.833303 0.299283 -1.364076 0.161245 0.161245 0.161245
vn 0.976816 -0.206403 0.056819
f 6091//6091 6092//6092 6093//6093
v 0.837204 0.307132 -1.402627 0.161245 0.161245 0.161245
vn 0.976815 -0.206407 0.056818
v 0.833303 0.299283 -1.364076 0.161245 0.161245 0.161245
vn 0.976815 -0.206407 0.056818
v 0.833303 0.291236 -1.393311 0.161245 0.161245 0.161245
vn 0.976815 -0.206407 0.056818
f 6094//6094 6095//6095 6096//6096
v 0.834034 0.161158 -1.281354 0.161245 0.161245 0.161245
vn 1.000000 0.000000 0.000000
v 0.834034 0.127775 -1.402627 0.161245 0.161245 0.161245
vn 1.000000 0.000000 0.000000
v 0.834034 0.144228 -1.390500 0.161245 0.161245 0.161245
vn 1.000000 0.000000 0.000000
f 6097//6097 6098//6098 6099//6099
v 0.834034 0.161158 -1.281354 0.161245 0.161245 0.161245
vn 1.000000 0.000000 0.000000
v 0.834034 0.144228 -1.390500 0.161245 0.161245 0.161245
vn 1.000000 0.000000 0.000000
v 0.834034 0.170934 -1.293482 0.161245 0.161245 0.161245
vn 1.000000 0.000000 0.000000
f 6100//6100 6101//6101 6102//6102
v 0.837204 0.316485 -1.368648 0.161245 0.161245 0.161245
vn 0.998854 -0.037267 -0.030038
v 0.834034 0.161158 -1.281354 0.161245 0.161245 0.161245
vn 0.998854 -0.037267 -0.030038
v 0.834034 0.170934 -1.293482 0.161245 0.161245 0.161245
vn 0.998854 -0.037267 -0.030038
f 6103//6103 6104//6104 6105//6105
v 0.837204 0.316485 -1.368648 0.161245 0.161245 0.161245
vn 0.732069 -0.325101 -0.598651
v 0.834034 0.170934 -1.293482 0.161245 0.161245 0.161245
vn 0.732069 -0.325101 -0.598651
v 0.833303 0.299283 -1.364076 0.161245 0.161245 0.161245
vn 0.732069 -0.325101 -0.598651
f 6106//6106 6107//6107 6108//6108
v 0.833303 0.326582 -1.473053 0.161245 0.161245 0.161245
vn 0.000000 -0.697515 -0.716570
v 0.833303 0.304596 -1.451652 0.161245 0.161245 0.161245
vn 0.000000 -0.697515 -0.716570
v 0.796383 0.304596 -1.451652 0.161245 0.161245 0.161245
vn 0.000000 -0.697515 -0.716570
f 6109//6109 6110//6110 6111//6111
v 0.833303 0.326582 -1.473053 0.161245 0.161245 0.161245
vn 0.000000 -0.697515 -0.716570
v 0.796383 0.304596 -1.451652 0.161245 0.161245 0.161245
vn 0.000000 -0.697515 -0.716570
v 0.796383 0.326582 -1.473053 0.161245 0.161245 0.161245
vn 0.000000 -0.697515 -0.716570
f 6112//6112 6113//6113 6114//6114
v 0.834034 0.252361 -1.192576 0.161245 0.161245 0.161245
vn 1.000000 0.000000 0.000000
v 0.834034 0.161158 -1.281354 0.161245 0.161245 0.161245
vn 1.000000 0.000000 0.000000
v 0.834034 0.177850 -1.279847 0.161245 0.161245 0.161245
vn 1.000000 0.000000 0.000000
f 6115//6115 6116//6116 6117//6117
v 0.834034 0.252361 -1.192576 0.161245 0.161245 0.161245
vn 1.000000 0.000000 0.000000
v 0.834034 0.177850 -1.279847 0.161245 0.161245 0.161245
vn 1.000000 0.000000 0.000000
v 0.834034 0.250812 -1.208824 0.161245 0.161245 0.161245
vn 1.000000 0.000000 0.000000
f 6118//6118 6119//6119 6120//6120
v 0.837204 0.342039 -1.343774 0.161245 0.161245 0.161245
vn 0.999532 -0.030439 0.002903
v 0.834034 0.252361 -1.192576 0.161245 0.161245 0.161245
vn 0.999532 -0.030439 0.002903
v 0.834034 0.250812 -1.208824 0.161245 0.161245 0.161245
vn 0.999532 -0.030439 0.002903
f 6121//6121 6122//6122 6123//6123
v 0.837204 0.342039 -1.343774 0.161245 0.161245 0.161245
vn 0.872129 -0.414608 -0.259790
v 0.834034 0.250812 -1.208824 0.161245 0.161245 0.161245
vn 0.872129 -0.414608 -0.259790
v 0.833303 0.326582 -1.332201 0.161245 0.161245 0.161245
vn 0.872129 -0.414608 -0.259790
f 6124//6124 6125//6125 6126//6126
v 0.834034 0.161158 -1.281354 0.161245 0.161245 0.161245
vn 0.897273 0.202234 0.392430
v 0.837204 0.316485 -1.368648 0.161245 0.161245 0.161245
vn 0.897273 0.202234 0.392430
v 0.833303 0.304596 -1.353602 0.161245 0.161245 0.161245
vn 0.897273 0.202234 0.392430
f 6127//6127 6128//6128 6129//6129
v 0.834034 0.161158 -1.281354 0.161245 0.161245 0.161245
vn 0.999963 0.000774 -0.008575
v 0.833303 0.304596 -1.353602 0.161245 0.161245 0.161245
vn 0.999963 0.000774 -0.008575
v 0.834034 0.177850 -1.279847 0.161245 0.161245 0.161245
vn 0.999963 0.000774 -0.008575
f 6130//6130 6131//6131 6132//6132
v 0.834034 0.144228 -1.390500 0.161245 0.161245 0.161245
vn 0.000000 0.019119 0.999817
v 0.833303 0.291236 -1.393311 0.161245 0.161245 0.161245
vn 0.000000 0.019119 0.999817
v 0.796383 0.291236 -1.393311 0.161245 0.161245 0.161245
vn 0.000000 0.019119 0.999817
f 6133//6133 6134//6134 6135//6135
v 0.834034 0.144228 -1.390500 0.161245 0.161245 0.161245
vn 0.000000 0.019119 0.999817
v 0.796383 0.291236 -1.393311 0.161245 0.161245 0.161245
vn 0.000000 0.019119 0.999817
v 0.785974 0.144228 -1.390500 0.161245 0.161245 0.161245
vn 0.000000 0.019119 0.999817
f 6136//6136 6137//6137 6138//6138
v 0.834034 0.609666 -1.414754 0.161245 0.161245 0.161245
vn 0.000000 -0.019119 -0.999817
v 0.833303 0.462658 -1.411943 0.161245 0.161245 0.161245
vn 0.000000 -0.019119 -0.999817
v 0.796383 0.462658 -1.411943 0.161245 0.161245 0.161245
vn 0.000000 -0.019119 -0.999817
f 6139//6139 6140//6140 6141//6141
v 0.834034 0.609666 -1.414754 0.161245 0.161245 0.161245
vn 0.000000 -0.019119 -0.999817
v 0.796383 0.462658 -1.411943 0.161245 0.161245 0.161245
vn 0.000000 -0.019119 -0.999817
v 0.785974 0.609666 -1.414754 0.161245 0.161245 0.161245
vn 0.000000 -0.019119 -0.999817
f 6142//6142 6143//6143 6144//6144
v 0.834034 0.264819 -1.202092 0.161245 0.161245 0.161245
vn 0.000000 0.864852 0.502027
v 0.833303 0.337342 -1.327029 0.161245 0.161245 0.161245
vn 0.000000 0.864852 0.502027
v 0.796383 0.337342 -1.327029 0.161245 0.161245 0.161245
vn 0.000000 0.864852 0.502027
f 6145//6145 6146//6146 6147//6147
v 0.834034 0.264819 -1.202092 0.161245 0.161245 0.161245
vn 0.000000 0.864852 0.502027
v 0.796383 0.337342 -1.327029 0.161245 0.161245 0.161245
vn 0.000000 0.864852 0.502027
v 0.785974 0.264819 -1.202092 0.161245 0.161245 0.161245
vn 0.000000 0.864852 0.502027
f 6148//6148 6149//6149 6150//6150
v 0.834034 0.264819 -1.603162 0.161245 0.161245 0.161245
vn 0.000000 0.252386 0.967627
v 0.834034 0.364488 -1.629158 0.161245 0.161245 0.161245
vn 0.000000 0.252386 0.967627
v 0.785974 0.364488 -1.629158 0.161245 0.161245 0.161245
vn 0.000000 0.252386 0.967627
f 6151//6151 6152//6152 6153//6153
v 0.834034 0.264819 -1.603162 0.161245 0.161245 0.161245
vn 0.000000 0.252386 0.967627
v 0.785974 0.364488 -1.629158 0.161245 0.161245 0.161245
vn 0.000000 0.252386 0.967627
v 0.785974 0.264819 -1.603162 0.161245 0.161245 0.161245
vn 0.000000 0.252386 0.967627
f 6154//6154 6155//6155 6156//6156
v 0.833303 0.299283 -1.364076 0.161245 0.161245 0.161245
vn 0.000000 -0.481930 -0.876210
v 0.834034 0.170934 -1.293482 0.161245 0.161245 0.161245
vn 0.000000 -0.481930 -0.876210
v 0.785974 0.170934 -1.293482 0.161245 0.161245 0.161245
vn 0.000000 -0.481930 -0.876210
f 6157//6157 6158//6158 6159//6159
v 0.833303 0.299283 -1.364076 0.161245 0.161245 0.161245
vn 0.000000 -0.481930 -0.876210
v 0.785974 0.170934 -1.293482 0.161245 0.161245 0.161245
vn 0.000000 -0.481930 -0.876210
v 0.796383 0.299283 -1.364076 0.161245 0.161245 0.161245
vn 0.000000 -0.481930 -0.876210
f 6160//6160 6161//6161 6162//6162
v 0.834034 0.576044 -1.279847 0.161245 0.161245 0.161245
vn 0.000017 -0.697521 -0.716564
v 0.834034 0.503082 -1.208824 0.161245 0.161245 0.161245
vn 0.000017 -0.697521 -0.716564
v 0.785974 0.503081 -1.208824 0.161245 0.161245 0.161245
vn 0.000017 -0.697521 -0.716564
f 6163//6163 6164//6164 6165//6165
v 0.834034 0.576044 -1.279847 0.161245 0.161245 0.161245
vn 0.000000 -0.697515 -0.716570
v 0.785974 0.503081 -1.208824 0.161245 0.161245 0.161245
vn 0.000000 -0.697515 -0.716570
v 0.785974 0.576044 -1.279847 0.161245 0.161245 0.161245
vn 0.000000 -0.697515 -0.716570
f 6166//6166 6167//6167 6168//6168
v 0.833303 0.454610 -1.441178 0.161245 0.161245 0.161245
vn 0.000000 0.481930 0.876210
v 0.834034 0.582960 -1.511772 0.161245 0.161245 0.161245
vn 0.000000 0.481930 0.876210
v 0.785974 0.582960 -1.511772 0.161245 0.161245 0.161245
vn 0.000000 0.481930 0.876210
f 6169//6169 6170//6170 6171//6171
v 0.833303 0.454610 -1.441178 0.161245 0.161245 0.161245
vn 0.000000 0.481930 0.876210
v 0.785974 0.582960 -1.511772 0.161245 0.161245 0.161245
vn 0.000000 0.481930 0.876210
v 0.796383 0.454610 -1.441178 0.161245 0.161245 0.161245
vn 0.000000 0.481930 0.876210
f 6172//6172 6173//6173 6174//6174
v 0.833303 0.367376 -1.319196 0.161245 0.161245 0.161245
vn 0.000000 -0.999796 -0.020177
v 0.834034 0.364488 -1.176096 0.161245 0.161245 0.161245
vn 0.000000 -0.999796 -0.020177
v 0.785974 0.364488 -1.176096 0.161245 0.161245 0.161245
vn 0.000000 -0.999796 -0.020177
f 6175//6175 6176//6176 6177//6177
v 0.833303 0.367376 -1.319196 0.161245 0.161245 0.161245
vn 0.000000 -0.999796 -0.020177
v 0.785974 0.364488 -1.176096 0.161245 0.161245 0.161245
vn 0.000000 -0.999796 -0.020177
v 0.796383 0.367376 -1.319196 0.161245 0.161245 0.161245
vn 0.000000 -0.999796 -0.020177
f 6178//6178 6179//6179 6180//6180
v 0.833303 0.367376 -1.486058 0.161245 0.161245 0.161245
vn 0.000000 -0.252348 -0.967637
v 0.833303 0.337342 -1.478226 0.161245 0.161245 0.161245
vn 0.000000 -0.252348 -0.967637
v 0.796383 0.337342 -1.478226 0.161245 0.161245 0.161245
vn 0.000000 -0.252348 -0.967637
f 6181//6181 6182//6182 6183//6183
v 0.833303 0.367376 -1.486058 0.161245 0.161245 0.161245
vn 0.000000 -0.252348 -0.967637
v 0.796383 0.337342 -1.478226 0.161245 0.161245 0.161245
vn 0.000000 -0.252348 -0.967637
v 0.796383 0.367376 -1.486058 0.161245 0.161245 0.161245
vn 0.000000 -0.252348 -0.967637
f 6184//6184 6185//6185 6186//6186
v 0.833303 0.427312 -1.332201 0.161245 0.161245 0.161245
vn 0.000000 0.697515 0.716570
v 0.833303 0.449298 -1.353602 0.161245 0.161245 0.161245
vn 0.000000 0.697515 0.716570
v 0.796383 0.449298 -1.353602 0.161245 0.161245 0.161245
vn 0.000000 0.697515 0.716570
f 6187//6187 6188//6188 6189//6189
v 0.833303 0.427312 -1.332201 0.161245 0.161245 0.161245
vn 0.000000 0.697515 0.716570
v 0.796383 0.449298 -1.353602 0.161245 0.161245 0.161245
vn 0.000000 0.697515 0.716570
v 0.796383 0.427312 -1.332201 0.161245 0.161245 0.161245
vn 0.000000 0.697515 0.716570
f 6190//6190 6191//6191 6192//6192
v 0.833303 0.337342 -1.478226 0.161245 0.161245 0.161245
vn 0.000000 0.864850 -0.502031
v 0.834034 0.264819 -1.603162 0.161245 0.161245 0.161245
vn 0.000000 0.864850 -0.502031
v 0.785974 0.264819 -1.603162 0.161245 0.161245 0.161245
vn 0.000000 0.864850 -0.502031
f 6193//6193 6194//6194 6195//6195
v 0.833303 0.337342 -1.478226 0.161245 0.161245 0.161245
vn 0.000000 0.864850 -0.502031
v 0.785974 0.264819 -1.603162 0.161245 0.161245 0.161245
vn 0.000000 0.864850 -0.502031
v 0.796383 0.337342 -1.478226 0.161245 0.161245 0.161245
vn 0.000000 0.864850 -0.502031
f 6196//6196 6197//6197 6198//6198
v 0.833303 0.449298 -1.353602 0.161245 0.161245 0.161245
vn 0.000000 -0.502956 0.864312
v 0.834034 0.576044 -1.279847 0.161245 0.161245 0.161245
vn 0.000000 -0.502956 0.864312
v 0.785974 0.576044 -1.279847 0.161245 0.161245 0.161245
vn 0.000000 -0.502956 0.864312
f 6199//6199 6200//6200 6201//6201
v 0.833303 0.449298 -1.353602 0.161245 0.161245 0.161245
vn 0.000000 -0.502956 0.864312
v 0.785974 0.576044 -1.279847 0.161245 0.161245 0.161245
vn 0.000000 -0.502956 0.864312
v 0.796383 0.449298 -1.353602 0.161245 0.161245 0.161245
vn 0.000000 -0.502956 0.864312
f 6202//6202 6203//6203 6204//6204
v 0.834034 0.144228 -1.414754 0.161245 0.161245 0.161245
vn 0.000000 0.964141 0.265392
v 0.834034 0.170934 -1.511772 0.161245 0.161245 0.161245
vn 0.000000 0.964141 0.265392
v 0.785974 0.170934 -1.511772 0.161245 0.161245 0.161245
vn 0.000000 0.964141 0.265392
f 6205//6205 6206//6206 6207//6207
v 0.834034 0.144228 -1.414754 0.161245 0.161245 0.161245
vn 0.000000 0.964141 0.265392
v 0.785974 0.170934 -1.511772 0.161245 0.161245 0.161245
vn 0.000000 0.964141 0.265392
v 0.785974 0.144228 -1.414754 0.161245 0.161245 0.161245
vn 0.000000 0.964141 0.265392
f 6208//6208 6209//6209 6210//6210
v 0.834034 0.503082 -1.596430 0.161245 0.161245 0.161245
vn 0.000000 -0.697521 0.716564
v 0.834034 0.576044 -1.525407 0.161245 0.161245 0.161245
vn 0.000000 -0.697521 0.716564
v 0.785974 0.576044 -1.525407 0.161245 0.161245 0.161245
vn 0.000000 -0.697521 0.716564
f 6211//6211 6212//6212 6213//6213
v 0.834034 0.503082 -1.596430 0.161245 0.161245 0.161245
vn 0.000000 -0.697521 0.716564
v 0.785974 0.576044 -1.525407 0.161245 0.161245 0.161245
vn 0.000000 -0.697521 0.716564
v 0.785974 0.503082 -1.596430 0.161245 0.161245 0.161245
vn 0.000000 -0.697521 0.716564
f 6214//6214 6215//6215 6216//6216
v 0.834034 0.364488 -1.629158 0.161245 0.161245 0.161245
vn 0.000000 -0.999796 0.020177
v 0.833303 0.367376 -1.486058 0.161245 0.161245 0.161245
vn 0.000000 -0.999796 0.020177
v 0.796383 0.367376 -1.486058 0.161245 0.161245 0.161245
vn 0.000000 -0.999796 0.020177
f 6217//6217 6218//6218 6219//6219
v 0.834034 0.364488 -1.629158 0.161245 0.161245 0.161245
vn 0.000000 -0.999796 0.020177
v 0.796383 0.367376 -1.486058 0.161245 0.161245 0.161245
vn 0.000000 -0.999796 0.020177
v 0.785974 0.364488 -1.629158 0.161245 0.161245 0.161245
vn 0.000000 -0.999796 0.020177
f 6220//6220 6221//6221 6222//6222
v 0.834034 0.503082 -1.208824 0.161245 0.161245 0.161245
vn 0.000000 0.852133 -0.523326
v 0.833303 0.427312 -1.332201 0.161245 0.161245 0.161245
vn 0.000000 0.852133 -0.523326
v 0.796383 0.427312 -1.332201 0.161245 0.161245 0.161245
vn 0.000000 0.852133 -0.523326
f 6223//6223 6224//6224 6225//6225
v 0.834034 0.503082 -1.208824 0.161245 0.161245 0.161245
vn -0.000020 0.852135 -0.523321
v 0.796383 0.427312 -1.332201 0.161245 0.161245 0.161245
vn -0.000020 0.852135 -0.523321
v 0.785974 0.503081 -1.208824 0.161245 0.161245 0.161245
vn -0.000020 0.852135 -0.523321
f 6226//6226 6227//6227 6228//6228
v 0.833303 0.299283 -1.441178 0.161245 0.161245 0.161245
vn 0.000000 -0.964139 -0.265398
v 0.833303 0.291236 -1.411943 0.161245 0.161245 0.161245
vn 0.000000 -0.964139 -0.265398
v 0.796383 0.291236 -1.411943 0.161245 0.161245 0.161245
vn 0.000000 -0.964139 -0.265398
f 6229//6229 6230//6230 6231//6231
v 0.833303 0.299283 -1.441178 0.161245 0.161245 0.161245
vn 0.000000 -0.964139 -0.265398
v 0.796383 0.291236 -1.411943 0.161245 0.161245 0.161245
vn 0.000000 -0.964139 -0.265398
v 0.796383 0.299283 -1.441178 0.161245 0.161245 0.161245
vn 0.000000 -0.964139 -0.265398
f 6232//6232 6233//6233 6234//6234
v 0.833303 0.449298 -1.451652 0.161245 0.161245 0.161245
vn 0.000000 0.697515 -0.716570
v 0.833303 0.427312 -1.473053 0.161245 0.161245 0.161245
vn 0.000000 0.697515 -0.716570
v 0.796383 0.427312 -1.473053 0.161245 0.161245 0.161245
vn 0.000000 0.697515 -0.716570
f 6235//6235 6236//6236 6237//6237
v 0.833303 0.449298 -1.451652 0.161245 0.161245 0.161245
vn 0.000000 0.697515 -0.716570
v 0.796383 0.427312 -1.473053 0.161245 0.161245 0.161245
vn 0.000000 0.697515 -0.716570
v 0.796383 0.449298 -1.451652 0.161245 0.161245 0.161245
vn 0.000000 0.697515 -0.716570
f 6238//6238 6239//6239 6240//6240
v 0.834034 0.170934 -1.511772 0.161245 0.161245 0.161245
vn 0.000000 -0.481930 0.876210
v 0.833303 0.299283 -1.441178 0.161245 0.161245 0.161245
vn 0.000000 -0.481930 0.876210
v 0.796383 0.299283 -1.441178 0.161245 0.161245 0.161245
vn 0.000000 -0.481930 0.876210
f 6241//6241 6242//6242 6243//6243
v 0.834034 0.170934 -1.511772 0.161245 0.161245 0.161245
vn 0.000000 -0.481930 0.876210
v 0.796383 0.299283 -1.441178 0.161245 0.161245 0.161245
vn 0.000000 -0.481930 0.876210
v 0.785974 0.170934 -1.511772 0.161245 0.161245 0.161245
vn 0.000000 -0.481930 0.876210
f 6244//6244 6245//6245 6246//6246
v 0.834034 0.576044 -1.525407 0.161245 0.161245 0.161245
vn 0.000000 -0.502956 -0.864312
v 0.833303 0.449298 -1.451652 0.161245 0.161245 0.161245
vn 0.000000 -0.502956 -0.864312
v 0.796383 0.449298 -1.451652 0.161245 0.161245 0.161245
vn 0.000000 -0.502956 -0.864312
f 6247//6247 6248//6248 6249//6249
v 0.834034 0.576044 -1.525407 0.161245 0.161245 0.161245
vn 0.000000 -0.502956 -0.864312
v 0.796383 0.449298 -1.451652 0.161245 0.161245 0.161245
vn 0.000000 -0.502956 -0.864312
v 0.785974 0.576044 -1.525407 0.161245 0.161245 0.161245
vn 0.000000 -0.502956 -0.864312
f 6250//6250 6251//6251 6252//6252
v 0.834034 0.250812 -1.208824 0.161245 0.161245 0.161245
vn 0.000000 0.697521 -0.716564
v 0.834034 0.177850 -1.279847 0.161245 0.161245 0.161245
vn 0.000000 0.697521 -0.716564
v 0.785974 0.177850 -1.279847 0.161245 0.161245 0.161245
vn 0.000000 0.697521 -0.716564
f 6253//6253 6254//6254 6255//6255
v 0.834034 0.250812 -1.208824 0.161245 0.161245 0.161245
vn 0.000000 0.697521 -0.716564
v 0.785974 0.177850 -1.279847 0.161245 0.161245 0.161245
vn 0.000000 0.697521 -0.716564
v 0.785974 0.250812 -1.208824 0.161245 0.161245 0.161245
vn 0.000000 0.697521 -0.716564
f 6256//6256 6257//6257 6258//6258
v 0.834034 0.389406 -1.629158 0.161245 0.161245 0.161245
vn 0.000000 -0.252386 0.967627
v 0.834034 0.489074 -1.603162 0.161245 0.161245 0.161245
vn 0.000000 -0.252386 0.967627
v 0.785974 0.489074 -1.603162 0.161245 0.161245 0.161245
vn 0.000000 -0.252386 0.967627
f 6259//6259 6260//6260 6261//6261
v 0.834034 0.389406 -1.629158 0.161245 0.161245 0.161245
vn 0.000000 -0.252386 0.967627
v 0.785974 0.489074 -1.603162 0.161245 0.161245 0.161245
vn 0.000000 -0.252386 0.967627
v 0.785974 0.389406 -1.629158 0.161245 0.161245 0.161245
vn 0.000000 -0.252386 0.967627
f 6262//6262 6263//6263 6264//6264
v 0.833303 0.291236 -1.411943 0.161245 0.161245 0.161245
vn 0.000000 0.019119 -0.999817
v 0.834034 0.144228 -1.414754 0.161245 0.161245 0.161245
vn 0.000000 0.019119 -0.999817
v 0.785974 0.144228 -1.414754 0.161245 0.161245 0.161245
vn 0.000000 0.019119 -0.999817
f 6265//6265 6266//6266 6267//6267
v 0.833303 0.291236 -1.411943 0.161245 0.161245 0.161245
vn 0.000000 0.019119 -0.999817
v 0.785974 0.144228 -1.414754 0.161245 0.161245 0.161245
vn 0.000000 0.019119 -0.999817
v 0.796383 0.291236 -1.411943 0.161245 0.161245 0.161245
vn 0.000000 0.019119 -0.999817
f 6268//6268 6269//6269 6270//6270
v 0.834034 0.489074 -1.202092 0.161245 0.161245 0.161245
vn 0.000000 -0.252386 -0.967627
v 0.834034 0.389406 -1.176096 0.161245 0.161245 0.161245
vn 0.000000 -0.252386 -0.967627
v 0.785974 0.389406 -1.176096 0.161245 0.161245 0.161245
vn 0.000000 -0.252386 -0.967627
f 6271//6271 6272//6272 6273//6273
v 0.834034 0.489074 -1.202092 0.161245 0.161245 0.161245
vn 0.000000 -0.252386 -0.967627
v 0.785974 0.389406 -1.176096 0.161245 0.161245 0.161245
vn 0.000000 -0.252386 -0.967627
v 0.785974 0.489074 -1.202092 0.161245 0.161245 0.161245
vn 0.000000 -0.252386 -0.967627
f 6274//6274 6275//6275 6276//6276
v 0.833303 0.427312 -1.473053 0.161245 0.161245 0.161245
vn 0.000000 0.852133 0.523326
v 0.834034 0.503082 -1.596430 0.161245 0.161245 0.161245
vn 0.000000 0.852133 0.523326
v 0.785974 0.503082 -1.596430 0.161245 0.161245 0.161245
vn 0.000000 0.852133 0.523326
f 6277//6277 6278//6278 6279//6279
v 0.833303 0.427312 -1.473053 0.161245 0.161245 0.161245
vn 0.000000 0.852133 0.523326
v 0.785974 0.503082 -1.596430 0.161245 0.161245 0.161245
vn 0.000000 0.852133 0.523326
v 0.796383 0.427312 -1.473053 0.161245 0.161245 0.161245
vn 0.000000 0.852133 0.523326
f 6280//6280 6281//6281 6282//6282
v 0.833303 0.304596 -1.353602 0.161245 0.161245 0.161245
vn 0.000000 -0.697515 0.716570
v 0.833303 0.326582 -1.332201 0.161245 0.161245 0.161245
vn 0.000000 -0.697515 0.716570
v 0.796383 0.326582 -1.332201 0.161245 0.161245 0.161245
vn 0.000000 -0.697515 0.716570
f 6283//6283 6284//6284 6285//6285
v 0.833303 0.304596 -1.353602 0.161245 0.161245 0.161245
vn 0.000000 -0.697515 0.716570
v 0.796383 0.326582 -1.332201 0.161245 0.161245 0.161245
vn 0.000000 -0.697515 0.716570
v 0.796383 0.304596 -1.353602 0.161245 0.161245 0.161245
vn 0.000000 -0.697515 0.716570
f 6286//6286 6287//6287 6288//6288
v 0.833303 0.416551 -1.478226 0.161245 0.161245 0.161245
vn 0.000000 0.252348 -0.967637
v 0.833303 0.386518 -1.486058 0.161245 0.161245 0.161245
vn 0.000000 0.252348 -0.967637
v 0.796383 0.386518 -1.486058 0.161245 0.161245 0.161245
vn 0.000000 0.252348 -0.967637
f 6289//6289 6290//6290 6291//6291
v 0.833303 0.416551 -1.478226 0.161245 0.161245 0.161245
vn 0.000000 0.252348 -0.967637
v 0.796383 0.386518 -1.486058 0.161245 0.161245 0.161245
vn 0.000000 0.252348 -0.967637
v 0.796383 0.416551 -1.478226 0.161245 0.161245 0.161245
vn 0.000000 0.252348 -0.967637
f 6292//6292 6293//6293 6294//6294
v 0.833303 0.386518 -1.319196 0.161245 0.161245 0.161245
vn 0.000000 0.252382 0.967628
v 0.833303 0.416551 -1.327029 0.161245 0.161245 0.161245
vn 0.000000 0.252382 0.967628
v 0.796383 0.416551 -1.327029 0.161245 0.161245 0.161245
vn 0.000000 0.252382 0.967628
f 6295//6295 6296//6296 6297//6297
v 0.833303 0.386518 -1.319196 0.161245 0.161245 0.161245
vn 0.000000 0.252382 0.967628
v 0.796383 0.416551 -1.327029 0.161245 0.161245 0.161245
vn 0.000000 0.252382 0.967628
v 0.796383 0.386518 -1.319196 0.161245 0.161245 0.161245
vn 0.000000 0.252382 0.967628
f 6298//6298 6299//6299 6300//6300
v 0.833303 0.326582 -1.332201 0.161245 0.161245 0.161245
vn 0.000000 -0.852133 -0.523326
v 0.834034 0.250812 -1.208824 0.161245 0.161245 0.161245
vn 0.000000 -0.852133 -0.523326
v 0.785974 0.250812 -1.208824 0.161245 0.161245 0.161245
vn 0.000000 -0.852133 -0.523326
f 6301//6301 6302//6302 6303//6303
v 0.833303 0.326582 -1.332201 0.161245 0.161245 0.161245
vn 0.000000 -0.852133 -0.523326
v 0.785974 0.250812 -1.208824 0.161245 0.161245 0.161245
vn 0.000000 -0.852133 -0.523326
v 0.796383 0.326582 -1.332201 0.161245 0.161245 0.161245
vn 0.000000 -0.852133 -0.523326
f 6304//6304 6305//6305 6306//6306
v 0.834034 0.489074 -1.603162 0.161245 0.161245 0.161245
vn 0.000000 -0.864850 -0.502031
v 0.833303 0.416551 -1.478226 0.161245 0.161245 0.161245
vn 0.000000 -0.864850 -0.502031
v 0.796383 0.416551 -1.478226 0.161245 0.161245 0.161245
vn 0.000000 -0.864850 -0.502031
f 6307//6307 6308//6308 6309//6309
v 0.834034 0.489074 -1.603162 0.161245 0.161245 0.161245
vn 0.000000 -0.864850 -0.502031
v 0.796383 0.416551 -1.478226 0.161245 0.161245 0.161245
vn 0.000000 -0.864850 -0.502031
v 0.785974 0.489074 -1.603162 0.161245 0.161245 0.161245
vn 0.000000 -0.864850 -0.502031
f 6310//6310 6311//6311 6312//6312
v 0.834034 0.389406 -1.176096 0.161245 0.161245 0.161245
vn 0.000000 0.999796 -0.020177
v 0.833303 0.386518 -1.319196 0.161245 0.161245 0.161245
vn 0.000000 0.999796 -0.020177
v 0.796383 0.386518 -1.319196 0.161245 0.161245 0.161245
vn 0.000000 0.999796 -0.020177
f 6313//6313 6314//6314 6315//6315
v 0.834034 0.389406 -1.176096 0.161245 0.161245 0.161245
vn 0.000000 0.999796 -0.020177
v 0.796383 0.386518 -1.319196 0.161245 0.161245 0.161245
vn 0.000000 0.999796 -0.020177
v 0.785974 0.389406 -1.176096 0.161245 0.161245 0.161245
vn 0.000000 0.999796 -0.020177
f 6316//6316 6317//6317 6318//6318
v 0.834034 0.177850 -1.525407 0.161245 0.161245 0.161245
vn 0.000000 0.697521 0.716564
v 0.834034 0.250812 -1.596430 0.161245 0.161245 0.161245
vn 0.000000 0.697521 0.716564
v 0.785974 0.250812 -1.596430 0.161245 0.161245 0.161245
vn 0.000000 0.697521 0.716564
f 6319//6319 6320//6320 6321//6321
v 0.834034 0.177850 -1.525407 0.161245 0.161245 0.161245
vn 0.000000 0.697521 0.716564
v 0.785974 0.250812 -1.596430 0.161245 0.161245 0.161245
vn 0.000000 0.697521 0.716564
v 0.785974 0.177850 -1.525407 0.161245 0.161245 0.161245
vn 0.000000 0.697521 0.716564
f 6322//6322 6323//6323 6324//6324
v 0.834034 0.177850 -1.279847 0.161245 0.161245 0.161245
vn 0.000000 0.502956 0.864312
v 0.833303 0.304596 -1.353602 0.161245 0.161245 0.161245
vn 0.000000 0.502956 0.864312
v 0.796383 0.304596 -1.353602 0.161245 0.161245 0.161245
vn 0.000000 0.502956 0.864312
f 6325//6325 6326//6326 6327//6327
v 0.834034 0.177850 -1.279847 0.161245 0.161245 0.161245
vn 0.000000 0.502956 0.864312
v 0.796383 0.304596 -1.353602 0.161245 0.161245 0.161245
vn 0.000000 0.502956 0.864312
v 0.785974 0.177850 -1.279847 0.161245 0.161245 0.161245
vn 0.000000 0.502956 0.864312
f 6328//6328 6329//6329 6330//6330
v 0.834034 0.609666 -1.390500 0.161245 0.161245 0.161245
vn 0.000000 -0.964141 -0.265392
v 0.834034 0.582960 -1.293482 0.161245 0.161245 0.161245
vn 0.000000 -0.964141 -0.265392
v 0.785974 0.582960 -1.293482 0.161245 0.161245 0.161245
vn 0.000000 -0.964141 -0.265392
f 6331//6331 6332//6332 6333//6333
v 0.834034 0.609666 -1.390500 0.161245 0.161245 0.161245
vn 0.000000 -0.964141 -0.265392
v 0.785974 0.582960 -1.293482 0.161245 0.161245 0.161245
vn 0.000000 -0.964141 -0.265392
v 0.785974 0.609666 -1.390500 0.161245 0.161245 0.161245
vn 0.000000 -0.964141 -0.265392
f 6334//6334 6335//6335 6336//6336
v 0.833303 0.386518 -1.486058 0.161245 0.161245 0.161245
vn 0.000000 0.999796 0.020177
v 0.834034 0.389406 -1.629158 0.161245 0.161245 0.161245
vn 0.000000 0.999796 0.020177
v 0.785974 0.389406 -1.629158 0.161245 0.161245 0.161245
vn 0.000000 0.999796 0.020177
f 6337//6337 6338//6338 6339//6339
v 0.833303 0.386518 -1.486058 0.161245 0.161245 0.161245
vn 0.000000 0.999796 0.020177
v 0.785974 0.389406 -1.629158 0.161245 0.161245 0.161245
vn 0.000000 0.999796 0.020177
v 0.796383 0.386518 -1.486058 0.161245 0.161245 0.161245
vn 0.000000 0.999796 0.020177
f 6340//6340 6341//6341 6342//6342
v 0.833303 0.416551 -1.327029 0.161245 0.161245 0.161245
vn 0.000000 -0.864852 0.502027
v 0.834034 0.489074 -1.202092 0.161245 0.161245 0.161245
vn 0.000000 -0.864852 0.502027
v 0.785974 0.489074 -1.202092 0.161245 0.161245 0.161245
vn 0.000000 -0.864852 0.502027
f 6343//6343 6344//6344 6345//6345
v 0.833303 0.416551 -1.327029 0.161245 0.161245 0.161245
vn 0.000000 -0.864852 0.502027
v 0.785974 0.489074 -1.202092 0.161245 0.161245 0.161245
vn 0.000000 -0.864852 0.502027
v 0.796383 0.416551 -1.327029 0.161245 0.161245 0.161245
vn 0.000000 -0.864852 0.502027
f 6346//6346 6347//6347 6348//6348
v 0.839157 0.339558 -1.351307 0.161245 0.161245 0.161245
vn 0.000000 0.697515 -0.716570
v 0.839157 0.324225 -1.366231 0.161245 0.161245 0.161245
vn 0.000000 0.697515 -0.716570
v 0.819087 0.324225 -1.366231 0.161245 0.161245 0.161245
vn 0.000000 0.697515 -0.716570
f 6349//6349 6350//6350 6351//6351
v 0.839157 0.339558 -1.351307 0.161245 0.161245 0.161245
vn 0.000000 0.697515 -0.716570
v 0.819087 0.324225 -1.366231 0.161245 0.161245 0.161245
vn 0.000000 0.697515 -0.716570
v 0.819087 0.339558 -1.351307 0.161245 0.161245 0.161245
vn 0.000000 0.697515 -0.716570
f 6352//6352 6353//6353 6354//6354
v 0.846966 0.355183 -1.365933 0.161245 0.161245 0.161245
vn 0.935124 -0.183773 0.302937
v 0.837204 0.342039 -1.343774 0.161245 0.161245 0.161245
vn 0.935124 -0.183773 0.302937
v 0.839157 0.339558 -1.351307 0.161245 0.161245 0.161245
vn 0.935124 -0.183773 0.302937
f 6355//6355 6356//6356 6357//6357
v 0.846966 0.355183 -1.365933 0.161245 0.161245 0.161245
vn 0.935144 -0.183931 0.302779
v 0.839157 0.339558 -1.351307 0.161245 0.161245 0.161245
vn 0.935144 -0.183931 0.302779
v 0.845013 0.347444 -1.364603 0.161245 0.161245 0.161245
vn 0.935144 -0.183931 0.302779
f 6358//6358 6359//6359 6360//6360
v 0.837204 0.316485 -1.368648 0.161245 0.161245 0.161245
vn 0.936507 -0.295266 0.189138
v 0.846966 0.339251 -1.381442 0.161245 0.161245 0.161245
vn 0.936507 -0.295266 0.189138
v 0.845013 0.337884 -1.373908 0.161245 0.161245 0.161245
vn 0.936507 -0.295266 0.189138
f 6361//6361 6362//6362 6363//6363
v 0.837204 0.316485 -1.368648 0.161245 0.161245 0.161245
vn 0.936518 -0.295293 0.189041
v 0.845013 0.337884 -1.373908 0.161245 0.161245 0.161245
vn 0.936518 -0.295293 0.189041
v 0.839157 0.324225 -1.366231 0.161245 0.161245 0.161245
vn 0.936518 -0.295293 0.189041
f 6364//6364 6365//6365 6366//6366
v 0.846966 0.339251 -1.381442 0.161245 0.161245 0.161245
vn 0.955841 -0.204997 0.210582
v 0.846966 0.355183 -1.365933 0.161245 0.161245 0.161245
vn 0.955841 -0.204997 0.210582
v 0.845013 0.347444 -1.364603 0.161245 0.161245 0.161245
vn 0.955841 -0.204997 0.210582
f 6367//6367 6368//6368 6369//6369
v 0.846966 0.339251 -1.381442 0.161245 0.161245 0.161245
vn 0.955863 -0.204927 0.210550
v 0.845013 0.347444 -1.364603 0.161245 0.161245 0.161245
vn 0.955863 -0.204927 0.210550
v 0.845013 0.337884 -1.373908 0.161245 0.161245 0.161245
vn 0.955863 -0.204927 0.210550
f 6370//6370 6371//6371 6372//6372
v 0.839157 0.414336 -1.351307 0.161245 0.161245 0.161245
vn 0.000000 0.860099 -0.510127
v 0.845013 0.406450 -1.364603 0.161245 0.161245 0.161245
vn 0.000000 0.860099 -0.510127
v 0.824944 0.406450 -1.364603 0.161245 0.161245 0.161245
vn 0.000000 0.860099 -0.510127
f 6373//6373 6374//6374 6375//6375
v 0.839157 0.414336 -1.351307 0.161245 0.161245 0.161245
vn 0.000000 0.860099 -0.510127
v 0.824944 0.406450 -1.364603 0.161245 0.161245 0.161245
vn 0.000000 0.860099 -0.510127
v 0.819087 0.414336 -1.351307 0.161245 0.161245 0.161245
vn 0.000000 0.860099 -0.510127
f 6376//6376 6377//6377 6378//6378
v 0.846966 0.355183 -1.439321 0.161245 0.161245 0.161245
vn 0.955857 -0.204959 -0.210543
v 0.846966 0.339251 -1.423812 0.161245 0.161245 0.161245
vn 0.955857 -0.204959 -0.210543
v 0.845013 0.337884 -1.431346 0.161245 0.161245 0.161245
vn 0.955857 -0.204959 -0.210543
f 6379//6379 6380//6380 6381//6381
v 0.846966 0.355183 -1.439321 0.161245 0.161245 0.161245
vn 0.955835 -0.204990 -0.210615
v 0.845013 0.337884 -1.431346 0.161245 0.161245 0.161245
vn 0.955835 -0.204990 -0.210615
v 0.845013 0.347444 -1.440651 0.161245 0.161245 0.161245
vn 0.955835 -0.204990 -0.210615
f 6382//6382 6383//6383 6384//6384
v 0.837204 0.316485 -1.436606 0.161245 0.161245 0.161245
vn 0.882664 -0.327835 -0.336790
v 0.837204 0.342039 -1.461480 0.161245 0.161245 0.161245
vn 0.882664 -0.327835 -0.336790
v 0.839157 0.339558 -1.453947 0.161245 0.161245 0.161245
vn 0.882664 -0.327835 -0.336790
f 6385//6385 6386//6386 6387//6387
v 0.837204 0.316485 -1.436606 0.161245 0.161245 0.161245
vn 0.882664 -0.327835 -0.336790
v 0.839157 0.339558 -1.453947 0.161245 0.161245 0.161245
vn 0.882664 -0.327835 -0.336790
v 0.839157 0.324225 -1.439023 0.161245 0.161245 0.161245
vn 0.882664 -0.327835 -0.336790
f 6388//6388 6389//6389 6390//6390
v 0.846966 0.339251 -1.423812 0.161245 0.161245 0.161245
vn 0.936508 -0.295302 -0.189075
v 0.837204 0.316485 -1.436606 0.161245 0.161245 0.161245
vn 0.936508 -0.295302 -0.189075
v 0.839157 0.324225 -1.439023 0.161245 0.161245 0.161245
vn 0.936508 -0.295302 -0.189075
f 6391//6391 6392//6392 6393//6393
v 0.846966 0.339251 -1.423812 0.161245 0.161245 0.161245
vn 0.936515 -0.295233 -0.189146
v 0.839157 0.324225 -1.439023 0.161245 0.161245 0.161245
vn 0.936515 -0.295233 -0.189146
v 0.845013 0.337884 -1.431346 0.161245 0.161245 0.161245
vn 0.936515 -0.295233 -0.189146
f 6394//6394 6395//6395 6396//6396
v 0.839157 0.429668 -1.439023 0.161245 0.161245 0.161245
vn 0.000000 -0.489948 -0.871752
v 0.845013 0.416010 -1.431346 0.161245 0.161245 0.161245
vn 0.000000 -0.489948 -0.871752
v 0.824944 0.416010 -1.431346 0.161245 0.161245 0.161245
vn 0.000000 -0.489948 -0.871752
f 6397//6397 6398//6398 6399//6399
v 0.839157 0.429668 -1.439023 0.161245 0.161245 0.161245
vn 0.000000 -0.489948 -0.871752
v 0.824944 0.416010 -1.431346 0.161245 0.161245 0.161245
vn 0.000000 -0.489948 -0.871752
v 0.819087 0.429668 -1.439023 0.161245 0.161245 0.161245
vn 0.000000 -0.489948 -0.871752
f 6400//6400 6401//6401 6402//6402
v 0.846966 0.414643 -1.423812 0.161245 0.161245 0.161245
vn 0.955849 0.204971 -0.210570
v 0.846966 0.398710 -1.439321 0.161245 0.161245 0.161245
vn 0.955849 0.204971 -0.210570
v 0.845013 0.406450 -1.440651 0.161245 0.161245 0.161245
vn 0.955849 0.204971 -0.210570
f 6403//6403 6404//6404 6405//6405
v 0.846966 0.414643 -1.423812 0.161245 0.161245 0.161245
vn 0.955863 0.204927 -0.210550
v 0.845013 0.406450 -1.440651 0.161245 0.161245 0.161245
vn 0.955863 0.204927 -0.210550
v 0.845013 0.416010 -1.431346 0.161245 0.161245 0.161245
vn 0.955863 0.204927 -0.210550
f 6406//6406 6407//6407 6408//6408
v 0.837204 0.437408 -1.436606 0.161245 0.161245 0.161245
vn 0.936507 0.295266 -0.189138
v 0.846966 0.414643 -1.423812 0.161245 0.161245 0.161245
vn 0.936507 0.295266 -0.189138
v 0.845013 0.416010 -1.431346 0.161245 0.161245 0.161245
vn 0.936507 0.295266 -0.189138
f 6409//6409 6410//6410 6411//6411
v 0.837204 0.437408 -1.436606 0.161245 0.161245 0.161245
vn 0.936518 0.295293 -0.189041
v 0.845013 0.416010 -1.431346 0.161245 0.161245 0.161245
vn 0.936518 0.295293 -0.189041
v 0.839157 0.429668 -1.439023 0.161245 0.161245 0.161245
vn 0.936518 0.295293 -0.189041
f 6412//6412 6413//6413 6414//6414
v 0.837204 0.411855 -1.461480 0.161245 0.161245 0.161245
vn 0.882664 0.327835 -0.336790
v 0.837204 0.437408 -1.436606 0.161245 0.161245 0.161245
vn 0.882664 0.327835 -0.336790
v 0.839157 0.429668 -1.439023 0.161245 0.161245 0.161245
vn 0.882664 0.327835 -0.336790
f 6415//6415 6416//6416 6417//6417
v 0.837204 0.411855 -1.461480 0.161245 0.161245 0.161245
vn 0.882664 0.327835 -0.336790
v 0.839157 0.429668 -1.439023 0.161245 0.161245 0.161245
vn 0.882664 0.327835 -0.336790
v 0.839157 0.414336 -1.453947 0.161245 0.161245 0.161245
vn 0.882664 0.327835 -0.336790
f 6418//6418 6419//6419 6420//6420
v 0.845013 0.416010 -1.373908 0.161245 0.161245 0.161245
vn 0.000000 -0.489948 0.871752
v 0.839157 0.429668 -1.366231 0.161245 0.161245 0.161245
vn 0.000000 -0.489948 0.871752
v 0.819087 0.429668 -1.366231 0.161245 0.161245 0.161245
vn 0.000000 -0.489948 0.871752
f 6421//6421 6422//6422 6423//6423
v 0.845013 0.416010 -1.373908 0.161245 0.161245 0.161245
vn 0.000000 -0.489948 0.871752
v 0.819087 0.429668 -1.366231 0.161245 0.161245 0.161245
vn 0.000000 -0.489948 0.871752
v 0.824944 0.416010 -1.373908 0.161245 0.161245 0.161245
vn 0.000000 -0.489948 0.871752
f 6424//6424 6425//6425 6426//6426
v 0.846966 0.398710 -1.365933 0.161245 0.161245 0.161245
vn 0.955859 0.204947 0.210546
v 0.846966 0.414643 -1.381442 0.161245 0.161245 0.161245
vn 0.955859 0.204947 0.210546
v 0.845013 0.416010 -1.373908 0.161245 0.161245 0.161245
vn 0.955859 0.204947 0.210546
f 6427//6427 6428//6428 6429//6429
v 0.846966 0.398710 -1.365933 0.161245 0.161245 0.161245
vn 0.955845 0.204967 0.210591
v 0.845013 0.416010 -1.373908 0.161245 0.161245 0.161245
vn 0.955845 0.204967 0.210591
v 0.845013 0.406450 -1.364603 0.161245 0.161245 0.161245
vn 0.955845 0.204967 0.210591
f 6430//6430 6431//6431 6432//6432
v 0.837204 0.437408 -1.368648 0.161245 0.161245 0.161245
vn 0.882664 0.327835 0.336790
v 0.837204 0.411855 -1.343774 0.161245 0.161245 0.161245
vn 0.882664 0.327835 0.336790
v 0.839157 0.414336 -1.351307 0.161245 0.161245 0.161245
vn 0.882664 0.327835 0.336790
f 6433//6433 6434//6434 6435//6435
v 0.837204 0.437408 -1.368648 0.161245 0.161245 0.161245
vn 0.882664 0.327835 0.336790
v 0.839157 0.414336 -1.351307 0.161245 0.161245 0.161245
vn 0.882664 0.327835 0.336790
v 0.839157 0.429668 -1.366231 0.161245 0.161245 0.161245
vn 0.882664 0.327835 0.336790
f 6436//6436 6437//6437 6438//6438
v 0.846966 0.414643 -1.381442 0.161245 0.161245 0.161245
vn 0.936508 0.295302 0.189075
v 0.837204 0.437408 -1.368648 0.161245 0.161245 0.161245
vn 0.936508 0.295302 0.189075
v 0.839157 0.429668 -1.366231 0.161245 0.161245 0.161245
vn 0.936508 0.295302 0.189075
f 6439//6439 6440//6440 6441//6441
v 0.846966 0.414643 -1.381442 0.161245 0.161245 0.161245
vn 0.936515 0.295233 0.189146
v 0.839157 0.429668 -1.366231 0.161245 0.161245 0.161245
vn 0.936515 0.295233 0.189146
v 0.845013 0.416010 -1.373908 0.161245 0.161245 0.161245
vn 0.936515 0.295233 0.189146
f 6442//6442 6443//6443 6444//6444
v 0.839157 0.324225 -1.439023 0.161245 0.161245 0.161245
vn 0.000000 0.697515 0.716570
v 0.839157 0.339558 -1.453947 0.161245 0.161245 0.161245
vn 0.000000 0.697515 0.716570
v 0.819087 0.339558 -1.453947 0.161245 0.161245 0.161245
vn 0.000000 0.697515 0.716570
f 6445//6445 6446//6446 6447//6447
v 0.839157 0.324225 -1.439023 0.161245 0.161245 0.161245
vn 0.000000 0.697515 0.716570
v 0.819087 0.339558 -1.453947 0.161245 0.161245 0.161245
vn 0.000000 0.697515 0.716570
v 0.819087 0.324225 -1.439023 0.161245 0.161245 0.161245
vn 0.000000 0.697515 0.716570
f 6448//6448 6449//6449 6450//6450
v 0.845013 0.337884 -1.373908 0.161245 0.161245 0.161245
vn 0.000000 -0.697472 0.716612
v 0.845013 0.347444 -1.364603 0.161245 0.161245 0.161245
vn 0.000000 -0.697472 0.716612
v 0.824944 0.347444 -1.364603 0.161245 0.161245 0.161245
vn 0.000000 -0.697472 0.716612
f 6451//6451 6452//6452 6453//6453
v 0.845013 0.337884 -1.373908 0.161245 0.161245 0.161245
vn 0.000000 -0.697472 0.716612
v 0.824944 0.347444 -1.364603 0.161245 0.161245 0.161245
vn 0.000000 -0.697472 0.716612
v 0.824944 0.337884 -1.373908 0.161245 0.161245 0.161245
vn 0.000000 -0.697472 0.716612
f 6454//6454 6455//6455 6456//6456
v 0.839157 0.414336 -1.453947 0.161245 0.161245 0.161245
vn 0.000000 -0.697515 0.716570
v 0.839157 0.429668 -1.439023 0.161245 0.161245 0.161245
vn 0.000000 -0.697515 0.716570
v 0.819087 0.429668 -1.439023 0.161245 0.161245 0.161245
vn 0.000000 -0.697515 0.716570
f 6457//6457 6458//6458 6459//6459
v 0.839157 0.414336 -1.453947 0.161245 0.161245 0.161245
vn 0.000000 -0.697515 0.716570
v 0.819087 0.429668 -1.439023 0.161245 0.161245 0.161245
vn 0.000000 -0.697515 0.716570
v 0.819087 0.414336 -1.453947 0.161245 0.161245 0.161245
vn 0.000000 -0.697515 0.716570
f 6460//6460 6461//6461 6462//6462
v 0.845013 0.347444 -1.440651 0.161245 0.161245 0.161245
vn 0.000000 -0.697472 -0.716612
v 0.845013 0.337884 -1.431346 0.161245 0.161245 0.161245
vn 0.000000 -0.697472 -0.716612
v 0.824944 0.337884 -1.431346 0.161245 0.161245 0.161245
vn 0.000000 -0.697472 -0.716612
f 6463//6463 6464//6464 6465//6465
v 0.845013 0.347444 -1.440651 0.161245 0.161245 0.161245
vn 0.000000 -0.697472 -0.716612
v 0.824944 0.337884 -1.431346 0.161245 0.161245 0.161245
vn 0.000000 -0.697472 -0.716612
v 0.824944 0.347444 -1.440651 0.161245 0.161245 0.161245
vn 0.000000 -0.697472 -0.716612
f 6466//6466 6467//6467 6468//6468
v 0.839157 0.429668 -1.366231 0.161245 0.161245 0.161245
vn 0.000000 -0.697515 -0.716570
v 0.839157 0.414336 -1.351307 0.161245 0.161245 0.161245
vn 0.000000 -0.697515 -0.716570
v 0.819087 0.414336 -1.351307 0.161245 0.161245 0.161245
vn 0.000000 -0.697515 -0.716570
f 6469//6469 6470//6470 6471//6471
v 0.839157 0.429668 -1.366231 0.161245 0.161245 0.161245
vn 0.000000 -0.697515 -0.716570
v 0.819087 0.414336 -1.351307 0.161245 0.161245 0.161245
vn 0.000000 -0.697515 -0.716570
v 0.819087 0.429668 -1.366231 0.161245 0.161245 0.161245
vn 0.000000 -0.697515 -0.716570
f 6472//6472 6473//6473 6474//6474
v 0.845013 0.347444 -1.364603 0.161245 0.161245 0.161245
vn 0.000000 -0.860099 -0.510127
v 0.839157 0.339558 -1.351307 0.161245 0.161245 0.161245
vn 0.000000 -0.860099 -0.510127
v 0.819087 0.339558 -1.351307 0.161245 0.161245 0.161245
vn 0.000000 -0.860099 -0.510127
f 6475//6475 6476//6476 6477//6477
v 0.845013 0.347444 -1.364603 0.161245 0.161245 0.161245
vn 0.000000 -0.860099 -0.510127
v 0.819087 0.339558 -1.351307 0.161245 0.161245 0.161245
vn 0.000000 -0.860099 -0.510127
v 0.824944 0.347444 -1.364603 0.161245 0.161245 0.161245
vn 0.000000 -0.860099 -0.510127
f 6478//6478 6479//6479 6480//6480
v 0.845013 0.416010 -1.431346 0.161245 0.161245 0.161245
vn 0.000000 0.697472 -0.716612
v 0.845013 0.406450 -1.440651 0.161245 0.161245 0.161245
vn 0.000000 0.697472 -0.716612
v 0.824944 0.406450 -1.440651 0.161245 0.161245 0.161245
vn 0.000000 0.697472 -0.716612
f 6481//6481 6482//6482 6483//6483
v 0.845013 0.416010 -1.431346 0.161245 0.161245 0.161245
vn 0.000000 0.697472 -0.716612
v 0.824944 0.406450 -1.440651 0.161245 0.161245 0.161245
vn 0.000000 0.697472 -0.716612
v 0.824944 0.416010 -1.431346 0.161245 0.161245 0.161245
vn 0.000000 0.697472 -0.716612
f 6484//6484 6485//6485 6486//6486
v 0.839157 0.339558 -1.453947 0.161245 0.161245 0.161245
vn 0.000000 -0.860099 0.510127
v 0.845013 0.347444 -1.440651 0.161245 0.161245 0.161245
vn 0.000000 -0.860099 0.510127
v 0.824944 0.347444 -1.440651 0.161245 0.161245 0.161245
vn 0.000000 -0.860099 0.510127
f 6487//6487 6488//6488 6489//6489
v 0.839157 0.339558 -1.453947 0.161245 0.161245 0.161245
vn 0.000000 -0.860099 0.510127
v 0.824944 0.347444 -1.440651 0.161245 0.161245 0.161245
vn 0.000000 -0.860099 0.510127
v 0.819087 0.339558 -1.453947 0.161245 0.161245 0.161245
vn 0.000000 -0.860099 0.510127
f 6490//6490 6491//6491 6492//6492
v 0.845013 0.406450 -1.364603 0.161245 0.161245 0.161245
vn 0.000000 0.697472 0.716612
v 0.845013 0.416010 -1.373908 0.161245 0.161245 0.161245
vn 0.000000 0.697472 0.716612
v 0.824944 0.416010 -1.373908 0.161245 0.161245 0.161245
vn 0.000000 0.697472 0.716612
f 6493//6493 6494//6494 6495//6495
v 0.845013 0.406450 -1.364603 0.161245 0.161245 0.161245
vn 0.000000 0.697472 0.716612
v 0.824944 0.416010 -1.373908 0.161245 0.161245 0.161245
vn 0.000000 0.697472 0.716612
v 0.824944 0.406450 -1.364603 0.161245 0.161245 0.161245
vn 0.000000 0.697472 0.716612
f 6496//6496 6497//6497 6498//6498
v 0.839157 0.324225 -1.366231 0.161245 0.161245 0.161245
vn 0.000000 0.489948 0.871752
v 0.845013 0.337884 -1.373908 0.161245 0.161245 0.161245
vn 0.000000 0.489948 0.871752
v 0.824944 0.337884 -1.373908 0.161245 0.161245 0.161245
vn 0.000000 0.489948 0.871752
f 6499//6499 6500//6500 6501//6501
v 0.839157 0.324225 -1.366231 0.161245 0.161245 0.161245
vn 0.000000 0.489948 0.871752
v 0.824944 0.337884 -1.373908 0.161245 0.161245 0.161245
vn 0.000000 0.489948 0.871752
v 0.819087 0.324225 -1.366231 0.161245 0.161245 0.161245
vn 0.000000 0.489948 0.871752
f 6502//6502 6503//6503 6504//6504
v 0.845013 0.406450 -1.440651 0.161245 0.161245 0.161245
vn 0.000000 0.860099 0.510127
v 0.839157 0.414336 -1.453947 0.161245 0.161245 0.161245
vn 0.000000 0.860099 0.510127
v 0.819087 0.414336 -1.453947 0.161245 0.161245 0.161245
vn 0.000000 0.860099 0.510127
f 6505//6505 6506//6506 6507//6507
v 0.845013 0.406450 -1.440651 0.161245 0.161245 0.161245
vn 0.000000 0.860099 0.510127
v 0.819087 0.414336 -1.453947 0.161245 0.161245 0.161245
vn 0.000000 0.860099 0.510127
v 0.824944 0.406450 -1.440651 0.161245 0.161245 0.161245
vn 0.000000 0.860099 0.510127
f 6508//6508 6509//6509 6510//6510
v 0.845013 0.337884 -1.431346 0.161245 0.161245 0.161245
vn 0.000000 0.489948 -0.871752
v 0.839157 0.324225 -1.439023 0.161245 0.161245 0.161245
vn 0.000000 0.489948 -0.871752
v 0.819087 0.324225 -1.439023 0.161245 0.161245 0.161245
vn 0.000000 0.489948 -0.871752
f 6511//6511 6512//6512 6513//6513
v 0.845013 0.337884 -1.431346 0.161245 0.161245 0.161245
vn 0.000000 0.489948 -0.871752
v 0.819087 0.324225 -1.439023 0.161245 0.161245 0.161245
vn 0.000000 0.489948 -0.871752
v 0.824944 0.337884 -1.431346 0.161245 0.161245 0.161245
vn 0.000000 0.489948 -0.871752
f 6514//6514 6515//6515 6516//6516
v -0.827556 0.316485 -1.436606 0.161245 0.161245 0.161245
vn -0.869532 0.252133 -0.424668
v -0.823655 0.304596 -1.451652 0.161245 0.161245 0.161245
vn -0.869532 0.252133 -0.424668
v -0.824386 0.177850 -1.525407 0.161245 0.161245 0.161245
vn -0.869532 0.252133 -0.424668
f 6517//6517 6518//6518 6519//6519
v -0.827556 0.316485 -1.436606 0.161245 0.161245 0.161245
vn -0.999507 -0.002824 -0.031273
v -0.824386 0.177850 -1.525407 0.161245 0.161245 0.161245
vn -0.999507 -0.002824 -0.031273
v -0.824386 0.161158 -1.523900 0.161245 0.161245 0.161245
vn -0.999507 -0.002824 -0.031273
f 6520//6520 6521//6521 6522//6522
v -0.827556 0.376946 -1.470585 0.161245 0.161245 0.161245
vn -0.930310 0.092560 -0.354902
v -0.837318 0.376946 -1.444997 0.161245 0.161245 0.161245
vn -0.930310 0.092560 -0.354902
v -0.837318 0.398710 -1.439321 0.161245 0.161245 0.161245
vn -0.930310 0.092560 -0.354902
f 6523//6523 6524//6524 6525//6525
v -0.827556 0.376946 -1.470585 0.161245 0.161245 0.161245
vn -0.930307 0.092569 -0.354907
v -0.837318 0.398710 -1.439321 0.161245 0.161245 0.161245
vn -0.930307 0.092569 -0.354907
v -0.827556 0.411855 -1.461480 0.161245 0.161245 0.161245
vn -0.930307 0.092569 -0.354907
f 6526//6526 6527//6527 6528//6528
v -0.824386 0.592735 -1.281354 0.161245 0.161245 0.161245
vn -0.999914 -0.010225 0.008241
v -0.824386 0.582960 -1.293482 0.161245 0.161245 0.161245
vn -0.999914 -0.010225 0.008241
v -0.823655 0.454610 -1.364076 0.161245 0.161245 0.161245
vn -0.999914 -0.010225 0.008241
f 6529//6529 6530//6530 6531//6531
v -0.824386 0.592735 -1.281354 0.161245 0.161245 0.161245
vn -0.777361 0.320177 -0.541477
v -0.823655 0.454610 -1.364076 0.161245 0.161245 0.161245
vn -0.777361 0.320177 -0.541477
v -0.827556 0.437408 -1.368648 0.161245 0.161245 0.161245
vn -0.777361 0.320177 -0.541477
f 6532//6532 6533//6533 6534//6534
v -0.824386 0.376946 -1.160081 0.161245 0.161245 0.161245
vn -1.000000 0.000000 0.000000
v -0.824386 0.364488 -1.176096 0.161245 0.161245 0.161245
vn -1.000000 0.000000 0.000000
v -0.824386 0.264819 -1.202092 0.161245 0.161245 0.161245
vn -1.000000 0.000000 0.000000
f 6535//6535 6536//6536 6537//6537
v -0.824386 0.376946 -1.160081 0.161245 0.161245 0.161245
vn -1.000000 0.000000 0.000000
v -0.824386 0.264819 -1.202092 0.161245 0.161245 0.161245
vn -1.000000 0.000000 0.000000
v -0.824386 0.252361 -1.192576 0.161245 0.161245 0.161245
vn -1.000000 0.000000 0.000000
f 6538//6538 6539//6539 6540//6540
v -0.827556 0.316485 -1.436606 0.161245 0.161245 0.161245
vn -0.976816 -0.206403 -0.056817
v -0.823655 0.299283 -1.441178 0.161245 0.161245 0.161245
vn -0.976816 -0.206403 -0.056817
v -0.823655 0.291236 -1.411943 0.161245 0.161245 0.161245
vn -0.976816 -0.206403 -0.056817
f 6541//6541 6542//6542 6543//6543
v -0.827556 0.316485 -1.436606 0.161245 0.161245 0.161245
vn -0.976815 -0.206406 -0.056819
v -0.823655 0.291236 -1.411943 0.161245 0.161245 0.161245
vn -0.976815 -0.206406 -0.056819
v -0.827556 0.307132 -1.402627 0.161245 0.161245 0.161245
vn -0.976815 -0.206406 -0.056819
f 6544//6544 6545//6545 6546//6546
v -0.827556 0.437408 -1.436606 0.161245 0.161245 0.161245
vn -0.732069 0.325101 0.598651
v -0.823655 0.454610 -1.441178 0.161245 0.161245 0.161245
vn -0.732069 0.325101 0.598651
v -0.824386 0.582960 -1.511772 0.161245 0.161245 0.161245
vn -0.732069 0.325101 0.598651
f 6547//6547 6548//6548 6549//6549
v -0.827556 0.437408 -1.436606 0.161245 0.161245 0.161245
vn -0.998854 0.037269 0.030042
v -0.824386 0.582960 -1.511772 0.161245 0.161245 0.161245
vn -0.998854 0.037269 0.030042
v -0.824386 0.592735 -1.523899 0.161245 0.161245 0.161245
vn -0.998854 0.037269 0.030042
f 6550//6550 6551//6551 6552//6552
v -0.827556 0.376946 -1.334669 0.161245 0.161245 0.161245
vn -0.975748 0.055245 0.211810
v -0.823655 0.386518 -1.319196 0.161245 0.161245 0.161245
vn -0.975748 0.055245 0.211810
v -0.823655 0.416551 -1.327029 0.161245 0.161245 0.161245
vn -0.975748 0.055245 0.211810
f 6553//6553 6554//6554 6555//6555
v -0.827556 0.376946 -1.334669 0.161245 0.161245 0.161245
vn -0.975748 0.055246 0.211810
v -0.823655 0.416551 -1.327029 0.161245 0.161245 0.161245
vn -0.975748 0.055246 0.211810
v -0.827556 0.411855 -1.343774 0.161245 0.161245 0.161245
vn -0.975748 0.055246 0.211810
f 6556//6556 6557//6557 6558//6558
v -0.824386 0.127775 -1.402627 0.161245 0.161245 0.161245
vn -0.999967 0.004844 -0.006572
v -0.824386 0.144228 -1.390500 0.161245 0.161245 0.161245
vn -0.999967 0.004844 -0.006572
v -0.823655 0.291236 -1.393311 0.161245 0.161245 0.161245
vn -0.999967 0.004844 -0.006572
f 6559//6559 6560//6560 6561//6561
v -0.824386 0.127775 -1.402627 0.161245 0.161245 0.161245
vn -0.931982 -0.016473 0.362130
v -0.823655 0.291236 -1.393311 0.161245 0.161245 0.161245
vn -0.931982 -0.016473 0.362130
v -0.827556 0.307132 -1.402627 0.161245 0.161245 0.161245
vn -0.931982 -0.016473 0.362130
f 6562//6562 6563//6563 6564//6564
v -0.827556 0.437408 -1.436606 0.161245 0.161245 0.161245
vn -0.979723 0.139751 -0.143568
v -0.823655 0.449298 -1.451652 0.161245 0.161245 0.161245
vn -0.979723 0.139751 -0.143568
v -0.823655 0.427312 -1.473053 0.161245 0.161245 0.161245
vn -0.979723 0.139751 -0.143568
f 6565//6565 6566//6566 6567//6567
v -0.827556 0.437408 -1.436606 0.161245 0.161245 0.161245
vn -0.979723 0.139751 -0.143568
v -0.823655 0.427312 -1.473053 0.161245 0.161245 0.161245
vn -0.979723 0.139751 -0.143568
v -0.827556 0.411855 -1.461480 0.161245 0.161245 0.161245
vn -0.979723 0.139751 -0.143568
f 6568//6568 6569//6569 6570//6570
v -0.827556 0.376946 -1.470585 0.161245 0.161245 0.161245
vn -0.975747 -0.055239 -0.211818
v -0.823655 0.367376 -1.486058 0.161245 0.161245 0.161245
vn -0.975747 -0.055239 -0.211818
v -0.823655 0.337342 -1.478226 0.161245 0.161245 0.161245
vn -0.975747 -0.055239 -0.211818
f 6571//6571 6572//6572 6573//6573
v -0.827556 0.376946 -1.470585 0.161245 0.161245 0.161245
vn -0.975751 -0.055244 -0.211797
v -0.823655 0.337342 -1.478226 0.161245 0.161245 0.161245
vn -0.975751 -0.055244 -0.211797
v -0.827556 0.342039 -1.461480 0.161245 0.161245 0.161245
vn -0.975751 -0.055244 -0.211797
f 6574//6574 6575//6575 6576//6576
v -0.827556 0.437408 -1.368648 0.161245 0.161245 0.161245
vn -0.869532 -0.252133 0.424668
v -0.823655 0.449298 -1.353602 0.161245 0.161245 0.161245
vn -0.869532 -0.252133 0.424668
v -0.824386 0.576044 -1.279847 0.161245 0.161245 0.161245
vn -0.869532 -0.252133 0.424668
f 6577//6577 6578//6578 6579//6579
v -0.827556 0.437408 -1.368648 0.161245 0.161245 0.161245
vn -0.999507 0.002824 0.031273
v -0.824386 0.576044 -1.279847 0.161245 0.161245 0.161245
vn -0.999507 0.002824 0.031273
v -0.824386 0.592735 -1.281354 0.161245 0.161245 0.161245
vn -0.999507 0.002824 0.031273
f 6580//6580 6581//6581 6582//6582
v -0.827556 0.316485 -1.368648 0.161245 0.161245 0.161245
vn -0.979723 -0.139751 0.143568
v -0.823655 0.304596 -1.353602 0.161245 0.161245 0.161245
vn -0.979723 -0.139751 0.143568
v -0.823655 0.326582 -1.332201 0.161245 0.161245 0.161245
vn -0.979723 -0.139751 0.143568
f 6583//6583 6584//6584 6585//6585
v -0.827556 0.316485 -1.368648 0.161245 0.161245 0.161245
vn -0.979723 -0.139751 0.143568
v -0.823655 0.326582 -1.332201 0.161245 0.161245 0.161245
vn -0.979723 -0.139751 0.143568
v -0.827556 0.342039 -1.343774 0.161245 0.161245 0.161245
vn -0.979723 -0.139751 0.143568
f 6586//6586 6587//6587 6588//6588
v -0.827556 0.411855 -1.461480 0.161245 0.161245 0.161245
vn -0.975751 0.055235 -0.211799
v -0.823655 0.416551 -1.478226 0.161245 0.161245 0.161245
vn -0.975751 0.055235 -0.211799
v -0.823655 0.386518 -1.486058 0.161245 0.161245 0.161245
vn -0.975751 0.055235 -0.211799
f 6589//6589 6590//6590 6591//6591
v -0.827556 0.411855 -1.461480 0.161245 0.161245 0.161245
vn -0.975748 0.055246 -0.211810
v -0.823655 0.386518 -1.486058 0.161245 0.161245 0.161245
vn -0.975748 0.055246 -0.211810
v -0.827556 0.376946 -1.470585 0.161245 0.161245 0.161245
vn -0.975748 0.055246 -0.211810
f 6592//6592 6593//6593 6594//6594
v -0.837318 0.355183 -1.439321 0.161245 0.161245 0.161245
vn -1.000000 0.000000 0.000000
v -0.837318 0.339251 -1.423812 0.161245 0.161245 0.161245
vn -1.000000 0.000000 0.000000
v -0.837318 0.333419 -1.402627 0.161245 0.161245 0.161245
vn -1.000000 0.000000 0.000000
f 6595//6595 6596//6596 6597//6597
v -0.837318 0.355183 -1.439321 0.161245 0.161245 0.161245
vn -1.000000 0.000000 0.000000
v -0.837318 0.333419 -1.402627 0.161245 0.161245 0.161245
vn -1.000000 0.000000 0.000000
v -0.837318 0.339251 -1.381442 0.161245 0.161245 0.161245
vn -1.000000 0.000000 0.000000
f 6598//6598 6599//6599 6600//6600
v -0.837318 0.355183 -1.439321 0.161245 0.161245 0.161245
vn -1.000000 0.000000 0.000000
v -0.837318 0.339251 -1.381442 0.161245 0.161245 0.161245
vn -1.000000 0.000000 0.000000
v -0.837318 0.355183 -1.365933 0.161245 0.161245 0.161245
vn -1.000000 0.000000 0.000000
f 6601//6601 6602//6602 6603//6603
v -0.837318 0.355183 -1.439321 0.161245 0.161245 0.161245
vn -1.000000 0.000000 0.000000
v -0.837318 0.355183 -1.365933 0.161245 0.161245 0.161245
vn -1.000000 0.000000 0.000000
v -0.837318 0.376946 -1.360257 0.161245 0.161245 0.161245
vn -1.000000 0.000000 0.000000
f 6604//6604 6605//6605 6606//6606
v -0.837318 0.355183 -1.439321 0.161245 0.161245 0.161245
vn -1.000000 0.000000 0.000000
v -0.837318 0.376946 -1.360257 0.161245 0.161245 0.161245
vn -1.000000 0.000000 0.000000
v -0.837318 0.398710 -1.365933 0.161245 0.161245 0.161245
vn -1.000000 0.000000 0.000000
f 6607//6607 6608//6608 6609//6609
v -0.837318 0.355183 -1.439321 0.161245 0.161245 0.161245
vn -1.000000 0.000000 0.000000
v -0.837318 0.398710 -1.365933 0.161245 0.161245 0.161245
vn -1.000000 0.000000 0.000000
v -0.837318 0.414643 -1.381442 0.161245 0.161245 0.161245
vn -1.000000 0.000000 0.000000
f 6610//6610 6611//6611 6612//6612
v -0.837318 0.355183 -1.439321 0.161245 0.161245 0.161245
vn -1.000000 0.000000 0.000000
v -0.837318 0.414643 -1.381442 0.161245 0.161245 0.161245
vn -1.000000 0.000000 0.000000
v -0.837318 0.420474 -1.402627 0.161245 0.161245 0.161245
vn -1.000000 0.000000 0.000000
f 6613//6613 6614//6614 6615//6615
v -0.837318 0.355183 -1.439321 0.161245 0.161245 0.161245
vn -1.000000 0.000000 0.000000
v -0.837318 0.420474 -1.402627 0.161245 0.161245 0.161245
vn -1.000000 0.000000 0.000000
v -0.837318 0.414643 -1.423812 0.161245 0.161245 0.161245
vn -1.000000 0.000000 0.000000
f 6616//6616 6617//6617 6618//6618
v -0.837318 0.355183 -1.439321 0.161245 0.161245 0.161245
vn -1.000000 0.000000 0.000000
v -0.837318 0.414643 -1.423812 0.161245 0.161245 0.161245
vn -1.000000 0.000000 0.000000
v -0.837318 0.398710 -1.439321 0.161245 0.161245 0.161245
vn -1.000000 0.000000 0.000000
f 6619//6619 6620//6620 6621//6621
v -0.837318 0.355183 -1.439321 0.161245 0.161245 0.161245
vn -1.000000 0.000000 0.000000
v -0.837318 0.398710 -1.439321 0.161245 0.161245 0.161245
vn -1.000000 0.000000 0.000000
v -0.837318 0.376946 -1.444997 0.161245 0.161245 0.161245
vn -1.000000 0.000000 0.000000
f 6622//6622 6623//6623 6624//6624
v -0.827556 0.342039 -1.461480 0.161245 0.161245 0.161245
vn -0.935145 -0.183698 -0.302917
v -0.829509 0.339558 -1.453947 0.161245 0.161245 0.161245
vn -0.935145 -0.183698 -0.302917
v -0.835365 0.347444 -1.440651 0.161245 0.161245 0.161245
vn -0.935145 -0.183698 -0.302917
f 6625//6625 6626//6626 6627//6627
v -0.827556 0.342039 -1.461480 0.161245 0.161245 0.161245
vn -0.935123 -0.183913 -0.302853
v -0.835365 0.347444 -1.440651 0.161245 0.161245 0.161245
vn -0.935123 -0.183913 -0.302853
v -0.837318 0.355183 -1.439321 0.161245 0.161245 0.161245
vn -0.935123 -0.183913 -0.302853
f 6628//6628 6629//6629 6630//6630
v -0.827556 0.446762 -1.402627 0.161245 0.161245 0.161245
vn -0.933182 0.346516 0.095378
v -0.837318 0.420474 -1.402627 0.161245 0.161245 0.161245
vn -0.933182 0.346516 0.095378
v -0.837318 0.414643 -1.381442 0.161245 0.161245 0.161245
vn -0.933182 0.346516 0.095378
f 6631//6631 6632//6632 6633//6633
v -0.827556 0.446762 -1.402627 0.161245 0.161245 0.161245
vn -0.933178 0.346523 0.095391
v -0.837318 0.414643 -1.381442 0.161245 0.161245 0.161245
vn -0.933178 0.346523 0.095391
v -0.827556 0.437408 -1.368648 0.161245 0.161245 0.161245
vn -0.933178 0.346523 0.095391
f 6634//6634 6635//6635 6636//6636
v -0.827556 0.376946 -1.334669 0.161245 0.161245 0.161245
vn -0.930310 -0.092560 0.354902
v -0.837318 0.376946 -1.360257 0.161245 0.161245 0.161245
vn -0.930310 -0.092560 0.354902
v -0.837318 0.355183 -1.365933 0.161245 0.161245 0.161245
vn -0.930310 -0.092560 0.354902
f 6637//6637 6638//6638 6639//6639
v -0.827556 0.376946 -1.334669 0.161245 0.161245 0.161245
vn -0.930306 -0.092573 0.354909
v -0.837318 0.355183 -1.365933 0.161245 0.161245 0.161245
vn -0.930306 -0.092573 0.354909
v -0.827556 0.342039 -1.343774 0.161245 0.161245 0.161245
vn -0.930306 -0.092573 0.354909
f 6640//6640 6641//6641 6642//6642
v -0.827556 0.307132 -1.402627 0.161245 0.161245 0.161245
vn -0.933176 -0.346529 -0.095401
v -0.837318 0.333419 -1.402627 0.161245 0.161245 0.161245
vn -0.933176 -0.346529 -0.095401
v -0.837318 0.339251 -1.423812 0.161245 0.161245 0.161245
vn -0.933176 -0.346529 -0.095401
f 6643//6643 6644//6644 6645//6645
v -0.827556 0.307132 -1.402627 0.161245 0.161245 0.161245
vn -0.933178 -0.346523 -0.095391
v -0.837318 0.339251 -1.423812 0.161245 0.161245 0.161245
vn -0.933178 -0.346523 -0.095391
v -0.827556 0.316485 -1.436606 0.161245 0.161245 0.161245
vn -0.933178 -0.346523 -0.095391
f 6646//6646 6647//6647 6648//6648
v -0.827556 0.437408 -1.436606 0.161245 0.161245 0.161245
vn -0.933178 0.346528 -0.095382
v -0.837318 0.414643 -1.423812 0.161245 0.161245 0.161245
vn -0.933178 0.346528 -0.095382
v -0.837318 0.420474 -1.402627 0.161245 0.161245 0.161245
vn -0.933178 0.346528 -0.095382
f 6649//6649 6650//6650 6651//6651
v -0.827556 0.437408 -1.436606 0.161245 0.161245 0.161245
vn -0.933182 0.346516 -0.095389
v -0.837318 0.420474 -1.402627 0.161245 0.161245 0.161245
vn -0.933182 0.346516 -0.095389
v -0.827556 0.446762 -1.402627 0.161245 0.161245 0.161245
vn -0.933182 0.346516 -0.095389
f 6652//6652 6653//6653 6654//6654
v -0.827556 0.411855 -1.343774 0.161245 0.161245 0.161245
vn -0.930307 0.092563 0.354911
v -0.837318 0.398710 -1.365933 0.161245 0.161245 0.161245
vn -0.930307 0.092563 0.354911
v -0.837318 0.376946 -1.360257 0.161245 0.161245 0.161245
vn -0.930307 0.092563 0.354911
f 6655//6655 6656//6656 6657//6657
v -0.827556 0.411855 -1.343774 0.161245 0.161245 0.161245
vn -0.930310 0.092568 0.354902
v -0.837318 0.376946 -1.360257 0.161245 0.161245 0.161245
vn -0.930310 0.092568 0.354902
v -0.827556 0.376946 -1.334669 0.161245 0.161245 0.161245
vn -0.930310 0.092568 0.354902
f 6658//6658 6659//6659 6660//6660
v -0.827556 0.316485 -1.368648 0.161245 0.161245 0.161245
vn -0.933179 -0.346520 0.095398
v -0.837318 0.339251 -1.381442 0.161245 0.161245 0.161245
vn -0.933179 -0.346520 0.095398
v -0.837318 0.333419 -1.402627 0.161245 0.161245 0.161245
vn -0.933179 -0.346520 0.095398
f 6661//6661 6662//6662 6663//6663
v -0.827556 0.316485 -1.368648 0.161245 0.161245 0.161245
vn -0.933176 -0.346529 0.095393
v -0.837318 0.333419 -1.402627 0.161245 0.161245 0.161245
vn -0.933176 -0.346529 0.095393
v -0.827556 0.307132 -1.402627 0.161245 0.161245 0.161245
vn -0.933176 -0.346529 0.095393
f 6664//6664 6665//6665 6666//6666
v -0.837318 0.398710 -1.439321 0.161245 0.161245 0.161245
vn -0.935144 0.183901 -0.302797
v -0.835365 0.406450 -1.440651 0.161245 0.161245 0.161245
vn -0.935144 0.183901 -0.302797
v -0.829509 0.414336 -1.453947 0.161245 0.161245 0.161245
vn -0.935144 0.183901 -0.302797
f 6667//6667 6668//6668 6669//6669
v -0.837318 0.398710 -1.439321 0.161245 0.161245 0.161245
vn -0.935127 0.183764 -0.302934
v -0.829509 0.414336 -1.453947 0.161245 0.161245 0.161245
vn -0.935127 0.183764 -0.302934
v -0.827556 0.411855 -1.461480 0.161245 0.161245 0.161245
vn -0.935127 0.183764 -0.302934
f 6670//6670 6671//6671 6672//6672
v -0.827556 0.342039 -1.461480 0.161245 0.161245 0.161245
vn -0.930305 -0.092564 -0.354914
v -0.837318 0.355183 -1.439321 0.161245 0.161245 0.161245
vn -0.930305 -0.092564 -0.354914
v -0.837318 0.376946 -1.444997 0.161245 0.161245 0.161245
vn -0.930305 -0.092564 -0.354914
f 6673//6673 6674//6674 6675//6675
v -0.827556 0.342039 -1.461480 0.161245 0.161245 0.161245
vn -0.930309 -0.092571 -0.354902
v -0.837318 0.376946 -1.444997 0.161245 0.161245 0.161245
vn -0.930309 -0.092571 -0.354902
v -0.827556 0.376946 -1.470585 0.161245 0.161245 0.161245
vn -0.930309 -0.092571 -0.354902
f 6676//6676 6677//6677 6678//6678
v -0.827556 0.411855 -1.343774 0.161245 0.161245 0.161245
vn -0.935145 0.183698 0.302917
v -0.829509 0.414336 -1.351307 0.161245 0.161245 0.161245
vn -0.935145 0.183698 0.302917
v -0.835365 0.406450 -1.364603 0.161245 0.161245 0.161245
vn -0.935145 0.183698 0.302917
f 6679//6679 6680//6680 6681//6681
v -0.827556 0.411855 -1.343774 0.161245 0.161245 0.161245
vn -0.935126 0.183885 0.302862
v -0.835365 0.406450 -1.364603 0.161245 0.161245 0.161245
vn -0.935126 0.183885 0.302862
v -0.837318 0.398710 -1.365933 0.161245 0.161245 0.161245
vn -0.935126 0.183885 0.302862
f 6682//6682 6683//6683 6684//6684
v -0.827556 0.342039 -1.343774 0.161245 0.161245 0.161245
vn -0.882664 -0.327835 0.336790
v -0.829509 0.339558 -1.351307 0.161245 0.161245 0.161245
vn -0.882664 -0.327835 0.336790
v -0.829509 0.324225 -1.366231 0.161245 0.161245 0.161245
vn -0.882664 -0.327835 0.336790
f 6685//6685 6686//6686 6687//6687
v -0.827556 0.342039 -1.343774 0.161245 0.161245 0.161245
vn -0.882664 -0.327835 0.336790
v -0.829509 0.324225 -1.366231 0.161245 0.161245 0.161245
vn -0.882664 -0.327835 0.336790
v -0.827556 0.316485 -1.368648 0.161245 0.161245 0.161245
vn -0.882664 -0.327835 0.336790
f 6688//6688 6689//6689 6690//6690
v -0.823655 0.337342 -1.327029 0.161245 0.161245 0.161245
vn 0.000000 -0.252382 0.967628
v -0.786735 0.337342 -1.327029 0.161245 0.161245 0.161245
vn 0.000000 -0.252382 0.967628
v -0.786735 0.367376 -1.319196 0.161245 0.161245 0.161245
vn 0.000000 -0.252382 0.967628
f 6691//6691 6692//6692 6693//6693
v -0.823655 0.337342 -1.327029 0.161245 0.161245 0.161245
vn 0.000000 -0.252382 0.967628
v -0.786735 0.367376 -1.319196 0.161245 0.161245 0.161245
vn 0.000000 -0.252382 0.967628
v -0.823655 0.367376 -1.319196 0.161245 0.161245 0.161245
vn 0.000000 -0.252382 0.967628
f 6694//6694 6695//6695 6696//6696
v -0.827556 0.376946 -1.334669 0.161245 0.161245 0.161245
vn -0.918641 -0.394891 -0.012660
v -0.823655 0.367376 -1.319196 0.161245 0.161245 0.161245
vn -0.918641 -0.394891 -0.012660
v -0.824386 0.364488 -1.176096 0.161245 0.161245 0.161245
vn -0.918641 -0.394891 -0.012660
f 6697//6697 6698//6698 6699//6699
v -0.827556 0.376946 -1.334669 0.161245 0.161245 0.161245
vn -0.999563 -0.023331 0.018150
v -0.824386 0.364488 -1.176096 0.161245 0.161245 0.161245
vn -0.999563 -0.023331 0.018150
v -0.824386 0.376946 -1.160081 0.161245 0.161245 0.161245
vn -0.999563 -0.023331 0.018150
f 6700//6700 6701//6701 6702//6702
v -0.827556 0.342039 -1.343774 0.161245 0.161245 0.161245
vn -0.975748 -0.055245 0.211810
v -0.823655 0.337342 -1.327029 0.161245 0.161245 0.161245
vn -0.975748 -0.055245 0.211810
v -0.823655 0.367376 -1.319196 0.161245 0.161245 0.161245
vn -0.975748 -0.055245 0.211810
f 6703//6703 6704//6704 6705//6705
v -0.827556 0.342039 -1.343774 0.161245 0.161245 0.161245
vn -0.975747 -0.055248 0.211812
v -0.823655 0.367376 -1.319196 0.161245 0.161245 0.161245
vn -0.975747 -0.055248 0.211812
v -0.827556 0.376946 -1.334669 0.161245 0.161245 0.161245
vn -0.975747 -0.055248 0.211812
f 6706//6706 6707//6707 6708//6708
v -0.824386 0.252361 -1.192576 0.161245 0.161245 0.161245
vn -0.999913 -0.008025 -0.010506
v -0.824386 0.264819 -1.202092 0.161245 0.161245 0.161245
vn -0.999913 -0.008025 -0.010506
v -0.823655 0.337342 -1.327029 0.161245 0.161245 0.161245
vn -0.999913 -0.008025 -0.010506
f 6709//6709 6710//6710 6711//6711
v -0.824386 0.252361 -1.192576 0.161245 0.161245 0.161245
vn -0.781152 0.529670 0.330533
v -0.823655 0.337342 -1.327029 0.161245 0.161245 0.161245
vn -0.781152 0.529670 0.330533
v -0.827556 0.342039 -1.343774 0.161245 0.161245 0.161245
vn -0.781152 0.529670 0.330533
f 6712//6712 6713//6713 6714//6714
v -0.823655 0.462658 -1.411943 0.161245 0.161245 0.161245
vn 0.000000 0.964139 -0.265398
v -0.786735 0.462658 -1.411943 0.161245 0.161245 0.161245
vn 0.000000 0.964139 -0.265398
v -0.786735 0.454610 -1.441178 0.161245 0.161245 0.161245
vn 0.000000 0.964139 -0.265398
f 6715//6715 6716//6716 6717//6717
v -0.823655 0.462658 -1.411943 0.161245 0.161245 0.161245
vn 0.000000 0.964139 -0.265398
v -0.786735 0.454610 -1.441178 0.161245 0.161245 0.161245
vn 0.000000 0.964139 -0.265398
v -0.823655 0.454610 -1.441178 0.161245 0.161245 0.161245
vn 0.000000 0.964139 -0.265398
f 6718//6718 6719//6719 6720//6720
v -0.824386 0.376946 -1.160081 0.161245 0.161245 0.161245
vn -0.999967 -0.006396 -0.004976
v -0.824386 0.389406 -1.176096 0.161245 0.161245 0.161245
vn -0.999967 -0.006396 -0.004976
v -0.823655 0.386518 -1.319196 0.161245 0.161245 0.161245
vn -0.999967 -0.006396 -0.004976
f 6721//6721 6722//6722 6723//6723
v -0.824386 0.376946 -1.160081 0.161245 0.161245 0.161245
vn -0.935212 0.353680 0.016981
v -0.823655 0.386518 -1.319196 0.161245 0.161245 0.161245
vn -0.935212 0.353680 0.016981
v -0.827556 0.376946 -1.334669 0.161245 0.161245 0.161245
vn -0.935212 0.353680 0.016981
f 6724//6724 6725//6725 6726//6726
v -0.824386 0.501533 -1.192576 0.161245 0.161245 0.161245
vn -1.000000 0.000000 0.000000
v -0.824386 0.489074 -1.202092 0.161245 0.161245 0.161245
vn -1.000000 0.000000 0.000000
v -0.824386 0.389406 -1.176096 0.161245 0.161245 0.161245
vn -1.000000 0.000000 0.000000
f 6727//6727 6728//6728 6729//6729
v -0.824386 0.501533 -1.192576 0.161245 0.161245 0.161245
vn -1.000000 0.000000 0.000000
v -0.824386 0.389406 -1.176096 0.161245 0.161245 0.161245
vn -1.000000 0.000000 0.000000
v -0.824386 0.376946 -1.160081 0.161245 0.161245 0.161245
vn -1.000000 0.000000 0.000000
f 6730//6730 6731//6731 6732//6732
v -0.827556 0.411855 -1.343774 0.161245 0.161245 0.161245
vn -0.736857 -0.586544 0.336166
v -0.823655 0.416551 -1.327029 0.161245 0.161245 0.161245
vn -0.736857 -0.586544 0.336166
v -0.824386 0.489074 -1.202092 0.161245 0.161245 0.161245
vn -0.736857 -0.586544 0.336166
f 6733//6733 6734//6734 6735//6735
v -0.827556 0.411855 -1.343774 0.161245 0.161245 0.161245
vn -0.998839 -0.029249 0.038290
v -0.824386 0.489074 -1.202092 0.161245 0.161245 0.161245
vn -0.998839 -0.029249 0.038290
v -0.824386 0.501533 -1.192576 0.161245 0.161245 0.161245
vn -0.998839 -0.029249 0.038290
f 6736//6736 6737//6737 6738//6738
v -0.823655 0.291236 -1.393311 0.161245 0.161245 0.161245
vn 0.000000 -0.964139 0.265398
v -0.786735 0.291236 -1.393311 0.161245 0.161245 0.161245
vn 0.000000 -0.964139 0.265398
v -0.786735 0.299283 -1.364076 0.161245 0.161245 0.161245
vn 0.000000 -0.964139 0.265398
f 6739//6739 6740//6740 6741//6741
v -0.823655 0.291236 -1.393311 0.161245 0.161245 0.161245
vn 0.000000 -0.964139 0.265398
v -0.786735 0.299283 -1.364076 0.161245 0.161245 0.161245
vn 0.000000 -0.964139 0.265398
v -0.823655 0.299283 -1.364076 0.161245 0.161245 0.161245
vn 0.000000 -0.964139 0.265398
f 6742//6742 6743//6743 6744//6744
v -0.824386 0.501533 -1.192576 0.161245 0.161245 0.161245
vn -0.999965 -0.008346 -0.000796
v -0.824386 0.503082 -1.208824 0.161245 0.161245 0.161245
vn -0.999965 -0.008346 -0.000796
v -0.823655 0.427312 -1.332201 0.161245 0.161245 0.161245
vn -0.999965 -0.008346 -0.000796
f 6745//6745 6746//6746 6747//6747
v -0.824386 0.501533 -1.192576 0.161245 0.161245 0.161245
vn -0.899898 0.383107 -0.208358
v -0.823655 0.427312 -1.332201 0.161245 0.161245 0.161245
vn -0.899898 0.383107 -0.208358
v -0.827556 0.411855 -1.343774 0.161245 0.161245 0.161245
vn -0.899898 0.383107 -0.208358
f 6748//6748 6749//6749 6750//6750
v -0.827556 0.411855 -1.343774 0.161245 0.161245 0.161245
vn -0.979723 0.139751 0.143568
v -0.823655 0.427312 -1.332201 0.161245 0.161245 0.161245
vn -0.979723 0.139751 0.143568
v -0.823655 0.449298 -1.353602 0.161245 0.161245 0.161245
vn -0.979723 0.139751 0.143568
f 6751//6751 6752//6752 6753//6753
v -0.827556 0.411855 -1.343774 0.161245 0.161245 0.161245
vn -0.979723 0.139751 0.143568
v -0.823655 0.449298 -1.353602 0.161245 0.161245 0.161245
vn -0.979723 0.139751 0.143568
v -0.827556 0.437408 -1.368648 0.161245 0.161245 0.161245
vn -0.979723 0.139751 0.143568
f 6754//6754 6755//6755 6756//6756
v -0.824386 0.592735 -1.281354 0.161245 0.161245 0.161245
vn -1.000000 0.000000 0.000000
v -0.824386 0.576044 -1.279847 0.161245 0.161245 0.161245
vn -1.000000 0.000000 0.000000
v -0.824386 0.503082 -1.208824 0.161245 0.161245 0.161245
vn -1.000000 0.000000 0.000000
f 6757//6757 6758//6758 6759//6759
v -0.824386 0.592735 -1.281354 0.161245 0.161245 0.161245
vn -1.000000 0.000000 0.000000
v -0.824386 0.503082 -1.208824 0.161245 0.161245 0.161245
vn -1.000000 0.000000 0.000000
v -0.824386 0.501533 -1.192576 0.161245 0.161245 0.161245
vn -1.000000 0.000000 0.000000
f 6760//6760 6761//6761 6762//6762
v -0.823655 0.462658 -1.393311 0.161245 0.161245 0.161245
vn 0.000000 -0.019119 0.999817
v -0.786735 0.462658 -1.393311 0.161245 0.161245 0.161245
vn 0.000000 -0.019119 0.999817
v -0.776326 0.609666 -1.390500 0.161245 0.161245 0.161245
vn 0.000000 -0.019119 0.999817
f 6763//6763 6764//6764 6765//6765
v -0.823655 0.462658 -1.393311 0.161245 0.161245 0.161245
vn 0.000000 -0.019119 0.999817
v -0.776326 0.609666 -1.390500 0.161245 0.161245 0.161245
vn 0.000000 -0.019119 0.999817
v -0.824386 0.609666 -1.390500 0.161245 0.161245 0.161245
vn 0.000000 -0.019119 0.999817
f 6766//6766 6767//6767 6768//6768
v -0.827556 0.437408 -1.368648 0.161245 0.161245 0.161245
vn -0.976816 0.206403 0.056817
v -0.823655 0.454610 -1.364076 0.161245 0.161245 0.161245
vn -0.976816 0.206403 0.056817
v -0.823655 0.462658 -1.393311 0.161245 0.161245 0.161245
vn -0.976816 0.206403 0.056817
f 6769//6769 6770//6770 6771//6771
v -0.827556 0.437408 -1.368648 0.161245 0.161245 0.161245
vn -0.976815 0.206406 0.056819
v -0.823655 0.462658 -1.393311 0.161245 0.161245 0.161245
vn -0.976815 0.206406 0.056819
v -0.827556 0.446762 -1.402627 0.161245 0.161245 0.161245
vn -0.976815 0.206406 0.056819
f 6772//6772 6773//6773 6774//6774
v -0.824386 0.626119 -1.402627 0.161245 0.161245 0.161245
vn -1.000000 0.000000 0.000000
v -0.824386 0.609666 -1.390500 0.161245 0.161245 0.161245
vn -1.000000 0.000000 0.000000
v -0.824386 0.582960 -1.293482 0.161245 0.161245 0.161245
vn -1.000000 0.000000 0.000000
f 6775//6775 6776//6776 6777//6777
v -0.824386 0.626119 -1.402627 0.161245 0.161245 0.161245
vn -1.000000 0.000000 0.000000
v -0.824386 0.582960 -1.293482 0.161245 0.161245 0.161245
vn -1.000000 0.000000 0.000000
v -0.824386 0.592735 -1.281354 0.161245 0.161245 0.161245
vn -1.000000 0.000000 0.000000
f 6778//6778 6779//6779 6780//6780
v -0.827556 0.446762 -1.402627 0.161245 0.161245 0.161245
vn -0.914703 -0.012270 0.403939
v -0.823655 0.462658 -1.393311 0.161245 0.161245 0.161245
vn -0.914703 -0.012270 0.403939
v -0.824386 0.609666 -1.390500 0.161245 0.161245 0.161245
vn -0.914703 -0.012270 0.403939
f 6781//6781 6782//6782 6783//6783
v -0.827556 0.446762 -1.402627 0.161245 0.161245 0.161245
vn -0.999557 0.017667 0.023970
v -0.824386 0.609666 -1.390500 0.161245 0.161245 0.161245
vn -0.999557 0.017667 0.023970
v -0.824386 0.626119 -1.402627 0.161245 0.161245 0.161245
vn -0.999557 0.017667 0.023970
f 6784//6784 6785//6785 6786//6786
v -0.824386 0.364488 -1.176096 0.161245 0.161245 0.161245
vn 0.000000 0.252386 -0.967627
v -0.776326 0.364488 -1.176096 0.161245 0.161245 0.161245
vn 0.000000 0.252386 -0.967627
v -0.776326 0.264819 -1.202092 0.161245 0.161245 0.161245
vn 0.000000 0.252386 -0.967627
f 6787//6787 6788//6788 6789//6789
v -0.824386 0.364488 -1.176096 0.161245 0.161245 0.161245
vn 0.000000 0.252386 -0.967627
v -0.776326 0.264819 -1.202092 0.161245 0.161245 0.161245
vn 0.000000 0.252386 -0.967627
v -0.824386 0.264819 -1.202092 0.161245 0.161245 0.161245
vn 0.000000 0.252386 -0.967627
f 6790//6790 6791//6791 6792//6792
v -0.824386 0.501533 -1.612678 0.161245 0.161245 0.161245
vn -1.000000 0.000000 0.000000
v -0.824386 0.503082 -1.596430 0.161245 0.161245 0.161245
vn -1.000000 0.000000 0.000000
v -0.824386 0.576044 -1.525407 0.161245 0.161245 0.161245
vn -1.000000 0.000000 0.000000
f 6793//6793 6794//6794 6795//6795
v -0.824386 0.501533 -1.612678 0.161245 0.161245 0.161245
vn -1.000000 0.000000 0.000000
v -0.824386 0.576044 -1.525407 0.161245 0.161245 0.161245
vn -1.000000 0.000000 0.000000
v -0.824386 0.592735 -1.523899 0.161245 0.161245 0.161245
vn -1.000000 0.000000 0.000000
f 6796//6796 6797//6797 6798//6798
v -0.824386 0.592735 -1.523899 0.161245 0.161245 0.161245
vn -0.999963 -0.000775 0.008574
v -0.824386 0.576044 -1.525407 0.161245 0.161245 0.161245
vn -0.999963 -0.000775 0.008574
v -0.823655 0.449298 -1.451652 0.161245 0.161245 0.161245
vn -0.999963 -0.000775 0.008574
f 6799//6799 6800//6800 6801//6801
v -0.824386 0.592735 -1.523899 0.161245 0.161245 0.161245
vn -0.897276 -0.202230 -0.392427
v -0.823655 0.449298 -1.451652 0.161245 0.161245 0.161245
vn -0.897276 -0.202230 -0.392427
v -0.827556 0.437408 -1.436606 0.161245 0.161245 0.161245
vn -0.897276 -0.202230 -0.392427
f 6802//6802 6803//6803 6804//6804
v -0.827556 0.411855 -1.461480 0.161245 0.161245 0.161245
vn -0.872129 0.414608 0.259790
v -0.823655 0.427312 -1.473053 0.161245 0.161245 0.161245
vn -0.872129 0.414608 0.259790
v -0.824386 0.503082 -1.596430 0.161245 0.161245 0.161245
vn -0.872129 0.414608 0.259790
f 6805//6805 6806//6806 6807//6807
v -0.827556 0.411855 -1.461480 0.161245 0.161245 0.161245
vn -0.999532 0.030439 -0.002903
v -0.824386 0.503082 -1.596430 0.161245 0.161245 0.161245
vn -0.999532 0.030439 -0.002903
v -0.824386 0.501533 -1.612678 0.161245 0.161245 0.161245
vn -0.999532 0.030439 -0.002903
f 6808//6808 6809//6809 6810//6810
v -0.823655 0.304596 -1.451652 0.161245 0.161245 0.161245
vn 0.000000 0.502956 -0.864312
v -0.786735 0.304596 -1.451652 0.161245 0.161245 0.161245
vn 0.000000 0.502956 -0.864312
v -0.776326 0.177850 -1.525407 0.161245 0.161245 0.161245
vn 0.000000 0.502956 -0.864312
f 6811//6811 6812//6812 6813//6813
v -0.823655 0.304596 -1.451652 0.161245 0.161245 0.161245
vn 0.000000 0.502956 -0.864312
v -0.776326 0.177850 -1.525407 0.161245 0.161245 0.161245
vn 0.000000 0.502956 -0.864312
v -0.824386 0.177850 -1.525407 0.161245 0.161245 0.161245
vn 0.000000 0.502956 -0.864312
f 6814//6814 6815//6815 6816//6816
v -0.824386 0.626119 -1.402627 0.161245 0.161245 0.161245
vn -0.999967 -0.004844 0.006572
v -0.824386 0.609666 -1.414754 0.161245 0.161245 0.161245
vn -0.999967 -0.004844 0.006572
v -0.823655 0.462658 -1.411943 0.161245 0.161245 0.161245
vn -0.999967 -0.004844 0.006572
f 6817//6817 6818//6818 6819//6819
v -0.824386 0.626119 -1.402627 0.161245 0.161245 0.161245
vn -0.931982 0.016473 -0.362130
v -0.823655 0.462658 -1.411943 0.161245 0.161245 0.161245
vn -0.931982 0.016473 -0.362130
v -0.827556 0.446762 -1.402627 0.161245 0.161245 0.161245
vn -0.931982 0.016473 -0.362130
f 6820//6820 6821//6821 6822//6822
v -0.827556 0.446762 -1.402627 0.161245 0.161245 0.161245
vn -0.976815 0.206407 -0.056818
v -0.823655 0.462658 -1.411943 0.161245 0.161245 0.161245
vn -0.976815 0.206407 -0.056818
v -0.823655 0.454610 -1.441178 0.161245 0.161245 0.161245
vn -0.976815 0.206407 -0.056818
f 6823//6823 6824//6824 6825//6825
v -0.827556 0.446762 -1.402627 0.161245 0.161245 0.161245
vn -0.976816 0.206403 -0.056819
v -0.823655 0.454610 -1.441178 0.161245 0.161245 0.161245
vn -0.976816 0.206403 -0.056819
v -0.827556 0.437408 -1.436606 0.161245 0.161245 0.161245
vn -0.976816 0.206403 -0.056819
f 6826//6826 6827//6827 6828//6828
v -0.824386 0.592735 -1.523899 0.161245 0.161245 0.161245
vn -1.000000 0.000000 0.000000
v -0.824386 0.582960 -1.511772 0.161245 0.161245 0.161245
vn -1.000000 0.000000 0.000000
v -0.824386 0.609666 -1.414754 0.161245 0.161245 0.161245
vn -1.000000 0.000000 0.000000
f 6829//6829 6830//6830 6831//6831
v -0.824386 0.592735 -1.523899 0.161245 0.161245 0.161245
vn -1.000000 0.000000 0.000000
v -0.824386 0.609666 -1.414754 0.161245 0.161245 0.161245
vn -1.000000 0.000000 0.000000
v -0.824386 0.626119 -1.402627 0.161245 0.161245 0.161245
vn -1.000000 0.000000 0.000000
f 6832//6832 6833//6833 6834//6834
v -0.824386 0.582960 -1.511772 0.161245 0.161245 0.161245
vn 0.000000 -0.964141 0.265392
v -0.776326 0.582960 -1.511772 0.161245 0.161245 0.161245
vn 0.000000 -0.964141 0.265392
v -0.776326 0.609666 -1.414754 0.161245 0.161245 0.161245
vn 0.000000 -0.964141 0.265392
f 6835//6835 6836//6836 6837//6837
v -0.824386 0.582960 -1.511772 0.161245 0.161245 0.161245
vn 0.000000 -0.964141 0.265392
v -0.776326 0.609666 -1.414754 0.161245 0.161245 0.161245
vn 0.000000 -0.964141 0.265392
v -0.824386 0.609666 -1.414754 0.161245 0.161245 0.161245
vn 0.000000 -0.964141 0.265392
f 6838//6838 6839//6839 6840//6840
v -0.824386 0.501533 -1.612678 0.161245 0.161245 0.161245
vn -0.999913 0.008025 0.010506
v -0.824386 0.489074 -1.603162 0.161245 0.161245 0.161245
vn -0.999913 0.008025 0.010506
v -0.823655 0.416551 -1.478226 0.161245 0.161245 0.161245
vn -0.999913 0.008025 0.010506
f 6841//6841 6842//6842 6843//6843
v -0.824386 0.501533 -1.612678 0.161245 0.161245 0.161245
vn -0.781192 -0.529626 -0.330508
v -0.823655 0.416551 -1.478226 0.161245 0.161245 0.161245
vn -0.781192 -0.529626 -0.330508
v -0.827556 0.411855 -1.461480 0.161245 0.161245 0.161245
vn -0.781192 -0.529626 -0.330508
f 6844//6844 6845//6845 6846//6846
v -0.824386 0.376946 -1.645174 0.161245 0.161245 0.161245
vn -1.000000 0.000000 0.000000
v -0.824386 0.389406 -1.629158 0.161245 0.161245 0.161245
vn -1.000000 0.000000 0.000000
v -0.824386 0.489074 -1.603162 0.161245 0.161245 0.161245
vn -1.000000 0.000000 0.000000
f 6847//6847 6848//6848 6849//6849
v -0.824386 0.376946 -1.645174 0.161245 0.161245 0.161245
vn -1.000000 0.000000 0.000000
v -0.824386 0.489074 -1.603162 0.161245 0.161245 0.161245
vn -1.000000 0.000000 0.000000
v -0.824386 0.501533 -1.612678 0.161245 0.161245 0.161245
vn -1.000000 0.000000 0.000000
f 6850//6850 6851//6851 6852//6852
v -0.827556 0.376946 -1.470585 0.161245 0.161245 0.161245
vn -0.918659 0.394849 0.012659
v -0.823655 0.386518 -1.486058 0.161245 0.161245 0.161245
vn -0.918659 0.394849 0.012659
v -0.824386 0.389406 -1.629158 0.161245 0.161245 0.161245
vn -0.918659 0.394849 0.012659
f 6853//6853 6854//6854 6855//6855
v -0.827556 0.376946 -1.470585 0.161245 0.161245 0.161245
vn -0.999563 0.023330 -0.018150
v -0.824386 0.389406 -1.629158 0.161245 0.161245 0.161245
vn -0.999563 0.023330 -0.018150
v -0.824386 0.376946 -1.645174 0.161245 0.161245 0.161245
vn -0.999563 0.023330 -0.018150
f 6856//6856 6857//6857 6858//6858
v -0.824386 0.170934 -1.293482 0.161245 0.161245 0.161245
vn 0.000000 0.964141 -0.265392
v -0.776326 0.170934 -1.293482 0.161245 0.161245 0.161245
vn 0.000000 0.964141 -0.265392
v -0.776326 0.144228 -1.390500 0.161245 0.161245 0.161245
vn 0.000000 0.964141 -0.265392
f 6859//6859 6860//6860 6861//6861
v -0.824386 0.170934 -1.293482 0.161245 0.161245 0.161245
vn 0.000000 0.964141 -0.265392
v -0.776326 0.144228 -1.390500 0.161245 0.161245 0.161245
vn 0.000000 0.964141 -0.265392
v -0.824386 0.144228 -1.390500 0.161245 0.161245 0.161245
vn 0.000000 0.964141 -0.265392
f 6862//6862 6863//6863 6864//6864
v -0.824386 0.252361 -1.612678 0.161245 0.161245 0.161245
vn -1.000000 0.000000 0.000000
v -0.824386 0.264819 -1.603162 0.161245 0.161245 0.161245
vn -1.000000 0.000000 0.000000
v -0.824386 0.364488 -1.629158 0.161245 0.161245 0.161245
vn -1.000000 0.000000 0.000000
f 6865//6865 6866//6866 6867//6867
v -0.824386 0.252361 -1.612678 0.161245 0.161245 0.161245
vn -1.000000 0.000000 0.000000
v -0.824386 0.364488 -1.629158 0.161245 0.161245 0.161245
vn -1.000000 0.000000 0.000000
v -0.824386 0.376946 -1.645174 0.161245 0.161245 0.161245
vn -1.000000 0.000000 0.000000
f 6868//6868 6869//6869 6870//6870
v -0.827556 0.342039 -1.461480 0.161245 0.161245 0.161245
vn -0.736905 0.586497 -0.336142
v -0.823655 0.337342 -1.478226 0.161245 0.161245 0.161245
vn -0.736905 0.586497 -0.336142
v -0.824386 0.264819 -1.603162 0.161245 0.161245 0.161245
vn -0.736905 0.586497 -0.336142
f 6871//6871 6872//6872 6873//6873
v -0.827556 0.342039 -1.461480 0.161245 0.161245 0.161245
vn -0.998839 0.029249 -0.038290
v -0.824386 0.264819 -1.603162 0.161245 0.161245 0.161245
vn -0.998839 0.029249 -0.038290
v -0.824386 0.252361 -1.612678 0.161245 0.161245 0.161245
vn -0.998839 0.029249 -0.038290
f 6874//6874 6875//6875 6876//6876
v -0.824386 0.376946 -1.645174 0.161245 0.161245 0.161245
vn -0.999967 0.006397 0.004976
v -0.824386 0.364488 -1.629158 0.161245 0.161245 0.161245
vn -0.999967 0.006397 0.004976
v -0.823655 0.367376 -1.486058 0.161245 0.161245 0.161245
vn -0.999967 0.006397 0.004976
f 6877//6877 6878//6878 6879//6879
v -0.824386 0.376946 -1.645174 0.161245 0.161245 0.161245
vn -0.935198 -0.353717 -0.016981
v -0.823655 0.367376 -1.486058 0.161245 0.161245 0.161245
vn -0.935198 -0.353717 -0.016981
v -0.827556 0.376946 -1.470585 0.161245 0.161245 0.161245
vn -0.935198 -0.353717 -0.016981
f 6880//6880 6881//6881 6882//6882
v -0.824386 0.582960 -1.293482 0.161245 0.161245 0.161245
vn 0.000000 0.481930 -0.876210
v -0.776326 0.582960 -1.293482 0.161245 0.161245 0.161245
vn 0.000000 0.481930 -0.876210
v -0.786735 0.454610 -1.364076 0.161245 0.161245 0.161245
vn 0.000000 0.481930 -0.876210
f 6883//6883 6884//6884 6885//6885
v -0.824386 0.582960 -1.293482 0.161245 0.161245 0.161245
vn 0.000000 0.481930 -0.876210
v -0.786735 0.454610 -1.364076 0.161245 0.161245 0.161245
vn 0.000000 0.481930 -0.876210
v -0.823655 0.454610 -1.364076 0.161245 0.161245 0.161245
vn 0.000000 0.481930 -0.876210
f 6886//6886 6887//6887 6888//6888
v -0.827556 0.342039 -1.461480 0.161245 0.161245 0.161245
vn -0.979723 -0.139751 -0.143568
v -0.823655 0.326582 -1.473053 0.161245 0.161245 0.161245
vn -0.979723 -0.139751 -0.143568
v -0.823655 0.304596 -1.451652 0.161245 0.161245 0.161245
vn -0.979723 -0.139751 -0.143568
f 6889//6889 6890//6890 6891//6891
v -0.827556 0.342039 -1.461480 0.161245 0.161245 0.161245
vn -0.979723 -0.139751 -0.143568
v -0.823655 0.304596 -1.451652 0.161245 0.161245 0.161245
vn -0.979723 -0.139751 -0.143568
v -0.827556 0.316485 -1.436606 0.161245 0.161245 0.161245
vn -0.979723 -0.139751 -0.143568
f 6892//6892 6893//6893 6894//6894
v -0.824386 0.252361 -1.612678 0.161245 0.161245 0.161245
vn -0.999965 0.008346 0.000796
v -0.824386 0.250812 -1.596430 0.161245 0.161245 0.161245
vn -0.999965 0.008346 0.000796
v -0.823655 0.326582 -1.473053 0.161245 0.161245 0.161245
vn -0.999965 0.008346 0.000796
f 6895//6895 6896//6896 6897//6897
v -0.824386 0.252361 -1.612678 0.161245 0.161245 0.161245
vn -0.899898 -0.383107 0.208358
v -0.823655 0.326582 -1.473053 0.161245 0.161245 0.161245
vn -0.899898 -0.383107 0.208358
v -0.827556 0.342039 -1.461480 0.161245 0.161245 0.161245
vn -0.899898 -0.383107 0.208358
f 6898//6898 6899//6899 6900//6900
v -0.824386 0.161158 -1.523900 0.161245 0.161245 0.161245
vn -1.000000 0.000000 0.000000
v -0.824386 0.177850 -1.525407 0.161245 0.161245 0.161245
vn -1.000000 0.000000 0.000000
v -0.824386 0.250812 -1.596430 0.161245 0.161245 0.161245
vn -1.000000 0.000000 0.000000
f 6901//6901 6902//6902 6903//6903
v -0.824386 0.161158 -1.523900 0.161245 0.161245 0.161245
vn -1.000000 0.000000 0.000000
v -0.824386 0.250812 -1.596430 0.161245 0.161245 0.161245
vn -1.000000 0.000000 0.000000
v -0.824386 0.252361 -1.612678 0.161245 0.161245 0.161245
vn -1.000000 0.000000 0.000000
f 6904//6904 6905//6905 6906//6906
v -0.824386 0.250812 -1.596430 0.161245 0.161245 0.161245
vn 0.000000 -0.852133 0.523326
v -0.776326 0.250812 -1.596430 0.161245 0.161245 0.161245
vn 0.000000 -0.852133 0.523326
v -0.786735 0.326582 -1.473053 0.161245 0.161245 0.161245
vn 0.000000 -0.852133 0.523326
f 6907//6907 6908//6908 6909//6909
v -0.824386 0.250812 -1.596430 0.161245 0.161245 0.161245
vn 0.000000 -0.852133 0.523326
v -0.786735 0.326582 -1.473053 0.161245 0.161245 0.161245
vn 0.000000 -0.852133 0.523326
v -0.823655 0.326582 -1.473053 0.161245 0.161245 0.161245
vn 0.000000 -0.852133 0.523326
f 6910//6910 6911//6911 6912//6912
v -0.824386 0.161158 -1.523900 0.161245 0.161245 0.161245
vn -0.999914 0.010225 -0.008241
v -0.824386 0.170934 -1.511772 0.161245 0.161245 0.161245
vn -0.999914 0.010225 -0.008241
v -0.823655 0.299283 -1.441178 0.161245 0.161245 0.161245
vn -0.999914 0.010225 -0.008241
f 6913//6913 6914//6914 6915//6915
v -0.824386 0.161158 -1.523900 0.161245 0.161245 0.161245
vn -0.777361 -0.320177 0.541477
v -0.823655 0.299283 -1.441178 0.161245 0.161245 0.161245
vn -0.777361 -0.320177 0.541477
v -0.827556 0.316485 -1.436606 0.161245 0.161245 0.161245
vn -0.777361 -0.320177 0.541477
f 6916//6916 6917//6917 6918//6918
v -0.824386 0.127775 -1.402627 0.161245 0.161245 0.161245
vn -1.000000 0.000000 0.000000
v -0.824386 0.144228 -1.414754 0.161245 0.161245 0.161245
vn -1.000000 0.000000 0.000000
v -0.824386 0.170934 -1.511772 0.161245 0.161245 0.161245
vn -1.000000 0.000000 0.000000
f 6919//6919 6920//6920 6921//6921
v -0.824386 0.127775 -1.402627 0.161245 0.161245 0.161245
vn -1.000000 0.000000 0.000000
v -0.824386 0.170934 -1.511772 0.161245 0.161245 0.161245
vn -1.000000 0.000000 0.000000
v -0.824386 0.161158 -1.523900 0.161245 0.161245 0.161245
vn -1.000000 0.000000 0.000000
f 6922//6922 6923//6923 6924//6924
v -0.827556 0.307132 -1.402627 0.161245 0.161245 0.161245
vn -0.914703 0.012270 -0.403939
v -0.823655 0.291236 -1.411943 0.161245 0.161245 0.161245
vn -0.914703 0.012270 -0.403939
v -0.824386 0.144228 -1.414754 0.161245 0.161245 0.161245
vn -0.914703 0.012270 -0.403939
f 6925//6925 6926//6926 6927//6927
v -0.827556 0.307132 -1.402627 0.161245 0.161245 0.161245
vn -0.999557 -0.017667 -0.023970
v -0.824386 0.144228 -1.414754 0.161245 0.161245 0.161245
vn -0.999557 -0.017667 -0.023970
v -0.824386 0.127775 -1.402627 0.161245 0.161245 0.161245
vn -0.999557 -0.017667 -0.023970
f 6928//6928 6929//6929 6930//6930
v -0.823655 0.454610 -1.364076 0.161245 0.161245 0.161245
vn 0.000000 0.964139 0.265398
v -0.786735 0.454610 -1.364076 0.161245 0.161245 0.161245
vn 0.000000 0.964139 0.265398
v -0.786735 0.462658 -1.393311 0.161245 0.161245 0.161245
vn 0.000000 0.964139 0.265398
f 6931//6931 6932//6932 6933//6933
v -0.823655 0.454610 -1.364076 0.161245 0.161245 0.161245
vn 0.000000 0.964139 0.265398
v -0.786735 0.462658 -1.393311 0.161245 0.161245 0.161245
vn 0.000000 0.964139 0.265398
v -0.823655 0.462658 -1.393311 0.161245 0.161245 0.161245
vn 0.000000 0.964139 0.265398
f 6934//6934 6935//6935 6936//6936
v -0.827556 0.307132 -1.402627 0.161245 0.161245 0.161245
vn -0.976815 -0.206407 0.056818
v -0.823655 0.291236 -1.393311 0.161245 0.161245 0.161245
vn -0.976815 -0.206407 0.056818
v -0.823655 0.299283 -1.364076 0.161245 0.161245 0.161245
vn -0.976815 -0.206407 0.056818
f 6937//6937 6938//6938 6939//6939
v -0.827556 0.307132 -1.402627 0.161245 0.161245 0.161245
vn -0.976816 -0.206403 0.056819
v -0.823655 0.299283 -1.364076 0.161245 0.161245 0.161245
vn -0.976816 -0.206403 0.056819
v -0.827556 0.316485 -1.368648 0.161245 0.161245 0.161245
vn -0.976816 -0.206403 0.056819
f 6940//6940 6941//6941 6942//6942
v -0.824386 0.161158 -1.281354 0.161245 0.161245 0.161245
vn -1.000000 0.000000 0.000000
v -0.824386 0.170934 -1.293482 0.161245 0.161245 0.161245
vn -1.000000 0.000000 0.000000
v -0.824386 0.144228 -1.390500 0.161245 0.161245 0.161245
vn -1.000000 0.000000 0.000000
f 6943//6943 6944//6944 6945//6945
v -0.824386 0.161158 -1.281354 0.161245 0.161245 0.161245
vn -1.000000 0.000000 0.000000
v -0.824386 0.144228 -1.390500 0.161245 0.161245 0.161245
vn -1.000000 0.000000 0.000000
v -0.824386 0.127775 -1.402627 0.161245 0.161245 0.161245
vn -1.000000 0.000000 0.000000
f 6946//6946 6947//6947 6948//6948
v -0.827556 0.316485 -1.368648 0.161245 0.161245 0.161245
vn -0.732069 -0.325101 -0.598651
v -0.823655 0.299283 -1.364076 0.161245 0.161245 0.161245
vn -0.732069 -0.325101 -0.598651
v -0.824386 0.170934 -1.293482 0.161245 0.161245 0.161245
vn -0.732069 -0.325101 -0.598651
f 6949//6949 6950//6950 6951//6951
v -0.827556 0.316485 -1.368648 0.161245 0.161245 0.161245
vn -0.998854 -0.037267 -0.030038
v -0.824386 0.170934 -1.293482 0.161245 0.161245 0.161245
vn -0.998854 -0.037267 -0.030038
v -0.824386 0.161158 -1.281354 0.161245 0.161245 0.161245
vn -0.998854 -0.037267 -0.030038
f 6952//6952 6953//6953 6954//6954
v -0.823655 0.326582 -1.473053 0.161245 0.161245 0.161245
vn 0.000000 -0.697515 -0.716570
v -0.786735 0.326582 -1.473053 0.161245 0.161245 0.161245
vn 0.000000 -0.697515 -0.716570
v -0.786735 0.304596 -1.451652 0.161245 0.161245 0.161245
vn 0.000000 -0.697515 -0.716570
f 6955//6955 6956//6956 6957//6957
v -0.823655 0.326582 -1.473053 0.161245 0.161245 0.161245
vn 0.000000 -0.697515 -0.716570
v -0.786735 0.304596 -1.451652 0.161245 0.161245 0.161245
vn 0.000000 -0.697515 -0.716570
v -0.823655 0.304596 -1.451652 0.161245 0.161245 0.161245
vn 0.000000 -0.697515 -0.716570
f 6958//6958 6959//6959 6960//6960
v -0.824386 0.252361 -1.192576 0.161245 0.161245 0.161245
vn -1.000000 0.000000 0.000000
v -0.824386 0.250812 -1.208824 0.161245 0.161245 0.161245
vn -1.000000 0.000000 0.000000
v -0.824386 0.177850 -1.279847 0.161245 0.161245 0.161245
vn -1.000000 0.000000 0.000000
f 6961//6961 6962//6962 6963//6963
v -0.824386 0.252361 -1.192576 0.161245 0.161245 0.161245
vn -1.000000 0.000000 0.000000
v -0.824386 0.177850 -1.279847 0.161245 0.161245 0.161245
vn -1.000000 0.000000 0.000000
v -0.824386 0.161158 -1.281354 0.161245 0.161245 0.161245
vn -1.000000 0.000000 0.000000
f 6964//6964 6965//6965 6966//6966
v -0.827556 0.342039 -1.343774 0.161245 0.161245 0.161245
vn -0.872129 -0.414608 -0.259790
v -0.823655 0.326582 -1.332201 0.161245 0.161245 0.161245
vn -0.872129 -0.414608 -0.259790
v -0.824386 0.250812 -1.208824 0.161245 0.161245 0.161245
vn -0.872129 -0.414608 -0.259790
f 6967//6967 6968//6968 6969//6969
v -0.827556 0.342039 -1.343774 0.161245 0.161245 0.161245
vn -0.999532 -0.030439 0.002903
v -0.824386 0.250812 -1.208824 0.161245 0.161245 0.161245
vn -0.999532 -0.030439 0.002903
v -0.824386 0.252361 -1.192576 0.161245 0.161245 0.161245
vn -0.999532 -0.030439 0.002903
f 6970//6970 6971//6971 6972//6972
v -0.824386 0.161158 -1.281354 0.161245 0.161245 0.161245
vn -0.999963 0.000774 -0.008575
v -0.824386 0.177850 -1.279847 0.161245 0.161245 0.161245
vn -0.999963 0.000774 -0.008575
v -0.823655 0.304596 -1.353602 0.161245 0.161245 0.161245
vn -0.999963 0.000774 -0.008575
f 6973//6973 6974//6974 6975//6975
v -0.824386 0.161158 -1.281354 0.161245 0.161245 0.161245
vn -0.897273 0.202234 0.392430
v -0.823655 0.304596 -1.353602 0.161245 0.161245 0.161245
vn -0.897273 0.202234 0.392430
v -0.827556 0.316485 -1.368648 0.161245 0.161245 0.161245
vn -0.897273 0.202234 0.392430
f 6976//6976 6977//6977 6978//6978
v -0.824386 0.144228 -1.390500 0.161245 0.161245 0.161245
vn 0.000000 0.019119 0.999817
v -0.776326 0.144228 -1.390500 0.161245 0.161245 0.161245
vn 0.000000 0.019119 0.999817
v -0.786735 0.291236 -1.393311 0.161245 0.161245 0.161245
vn 0.000000 0.019119 0.999817
f 6979//6979 6980//6980 6981//6981
v -0.824386 0.144228 -1.390500 0.161245 0.161245 0.161245
vn 0.000000 0.019119 0.999817
v -0.786735 0.291236 -1.393311 0.161245 0.161245 0.161245
vn 0.000000 0.019119 0.999817
v -0.823655 0.291236 -1.393311 0.161245 0.161245 0.161245
vn 0.000000 0.019119 0.999817
f 6982//6982 6983//6983 6984//6984
v -0.824386 0.609666 -1.414754 0.161245 0.161245 0.161245
vn 0.000000 -0.019119 -0.999817
v -0.776326 0.609666 -1.414754 0.161245 0.161245 0.161245
vn 0.000000 -0.019119 -0.999817
v -0.786735 0.462658 -1.411943 0.161245 0.161245 0.161245
vn 0.000000 -0.019119 -0.999817
f 6985//6985 6986//6986 6987//6987
v -0.824386 0.609666 -1.414754 0.161245 0.161245 0.161245
vn 0.000000 -0.019119 -0.999817
v -0.786735 0.462658 -1.411943 0.161245 0.161245 0.161245
vn 0.000000 -0.019119 -0.999817
v -0.823655 0.462658 -1.411943 0.161245 0.161245 0.161245
vn 0.000000 -0.019119 -0.999817
f 6988//6988 6989//6989 6990//6990
v -0.824386 0.264819 -1.202092 0.161245 0.161245 0.161245
vn 0.000000 0.864852 0.502027
v -0.776326 0.264819 -1.202092 0.161245 0.161245 0.161245
vn 0.000000 0.864852 0.502027
v -0.786735 0.337342 -1.327029 0.161245 0.161245 0.161245
vn 0.000000 0.864852 0.502027
f 6991//6991 6992//6992 6993//6993
v -0.824386 0.264819 -1.202092 0.161245 0.161245 0.161245
vn 0.000000 0.864852 0.502027
v -0.786735 0.337342 -1.327029 0.161245 0.161245 0.161245
vn 0.000000 0.864852 0.502027
v -0.823655 0.337342 -1.327029 0.161245 0.161245 0.161245
vn 0.000000 0.864852 0.502027
f 6994//6994 6995//6995 6996//6996
v -0.824386 0.264819 -1.603162 0.161245 0.161245 0.161245
vn 0.000000 0.252386 0.967627
v -0.776326 0.264819 -1.603162 0.161245 0.161245 0.161245
vn 0.000000 0.252386 0.967627
v -0.776326 0.364488 -1.629158 0.161245 0.161245 0.161245
vn 0.000000 0.252386 0.967627
f 6997//6997 6998//6998 6999//6999
v -0.824386 0.264819 -1.603162 0.161245 0.161245 0.161245
vn 0.000000 0.252386 0.967627
v -0.776326 0.364488 -1.629158 0.161245 0.161245 0.161245
vn 0.000000 0.252386 0.967627
v -0.824386 0.364488 -1.629158 0.161245 0.161245 0.161245
vn 0.000000 0.252386 0.967627
f 7000//7000 7001//7001 7002//7002
v -0.823655 0.299283 -1.364076 0.161245 0.161245 0.161245
vn 0.000000 -0.481930 -0.876210
v -0.786735 0.299283 -1.364076 0.161245 0.161245 0.161245
vn 0.000000 -0.481930 -0.876210
v -0.776326 0.170934 -1.293482 0.161245 0.161245 0.161245
vn 0.000000 -0.481930 -0.876210
f 7003//7003 7004//7004 7005//7005
v -0.823655 0.299283 -1.364076 0.161245 0.161245 0.161245
vn 0.000000 -0.481930 -0.876210
v -0.776326 0.170934 -1.293482 0.161245 0.161245 0.161245
vn 0.000000 -0.481930 -0.876210
v -0.824386 0.170934 -1.293482 0.161245 0.161245 0.161245
vn 0.000000 -0.481930 -0.876210
f 7006//7006 7007//7007 7008//7008
v -0.824386 0.576044 -1.279847 0.161245 0.161245 0.161245
vn 0.000000 -0.697515 -0.716570
v -0.776326 0.576044 -1.279847 0.161245 0.161245 0.161245
vn 0.000000 -0.697515 -0.716570
v -0.776326 0.503081 -1.208824 0.161245 0.161245 0.161245
vn 0.000000 -0.697515 -0.716570
f 7009//7009 7010//7010 7011//7011
v -0.824386 0.576044 -1.279847 0.161245 0.161245 0.161245
vn -0.000017 -0.697521 -0.716564
v -0.776326 0.503081 -1.208824 0.161245 0.161245 0.161245
vn -0.000017 -0.697521 -0.716564
v -0.824386 0.503082 -1.208824 0.161245 0.161245 0.161245
vn -0.000017 -0.697521 -0.716564
f 7012//7012 7013//7013 7014//7014
v -0.823655 0.454610 -1.441178 0.161245 0.161245 0.161245
vn 0.000000 0.481930 0.876210
v -0.786735 0.454610 -1.441178 0.161245 0.161245 0.161245
vn 0.000000 0.481930 0.876210
v -0.776326 0.582960 -1.511772 0.161245 0.161245 0.161245
vn 0.000000 0.481930 0.876210
f 7015//7015 7016//7016 7017//7017
v -0.823655 0.454610 -1.441178 0.161245 0.161245 0.161245
vn 0.000000 0.481930 0.876210
v -0.776326 0.582960 -1.511772 0.161245 0.161245 0.161245
vn 0.000000 0.481930 0.876210
v -0.824386 0.582960 -1.511772 0.161245 0.161245 0.161245
vn 0.000000 0.481930 0.876210
f 7018//7018 7019//7019 7020//7020
v -0.823655 0.367376 -1.319196 0.161245 0.161245 0.161245
vn 0.000000 -0.999796 -0.020177
v -0.786735 0.367376 -1.319196 0.161245 0.161245 0.161245
vn 0.000000 -0.999796 -0.020177
v -0.776326 0.364488 -1.176096 0.161245 0.161245 0.161245
vn 0.000000 -0.999796 -0.020177
f 7021//7021 7022//7022 7023//7023
v -0.823655 0.367376 -1.319196 0.161245 0.161245 0.161245
vn 0.000000 -0.999796 -0.020177
v -0.776326 0.364488 -1.176096 0.161245 0.161245 0.161245
vn 0.000000 -0.999796 -0.020177
v -0.824386 0.364488 -1.176096 0.161245 0.161245 0.161245
vn 0.000000 -0.999796 -0.020177
f 7024//7024 7025//7025 7026//7026
v -0.823655 0.367376 -1.486058 0.161245 0.161245 0.161245
vn 0.000000 -0.252348 -0.967637
v -0.786735 0.367376 -1.486058 0.161245 0.161245 0.161245
vn 0.000000 -0.252348 -0.967637
v -0.786735 0.337342 -1.478226 0.161245 0.161245 0.161245
vn 0.000000 -0.252348 -0.967637
f 7027//7027 7028//7028 7029//7029
v -0.823655 0.367376 -1.486058 0.161245 0.161245 0.161245
vn 0.000000 -0.252348 -0.967637
v -0.786735 0.337342 -1.478226 0.161245 0.161245 0.161245
vn 0.000000 -0.252348 -0.967637
v -0.823655 0.337342 -1.478226 0.161245 0.161245 0.161245
vn 0.000000 -0.252348 -0.967637
f 7030//7030 7031//7031 7032//7032
v -0.823655 0.427312 -1.332201 0.161245 0.161245 0.161245
vn 0.000000 0.697515 0.716570
v -0.786735 0.427312 -1.332201 0.161245 0.161245 0.161245
vn 0.000000 0.697515 0.716570
v -0.786735 0.449298 -1.353602 0.161245 0.161245 0.161245
vn 0.000000 0.697515 0.716570
f 7033//7033 7034//7034 7035//7035
v -0.823655 0.427312 -1.332201 0.161245 0.161245 0.161245
vn 0.000000 0.697515 0.716570
v -0.786735 0.449298 -1.353602 0.161245 0.161245 0.161245
vn 0.000000 0.697515 0.716570
v -0.823655 0.449298 -1.353602 0.161245 0.161245 0.161245
vn 0.000000 0.697515 0.716570
f 7036//7036 7037//7037 7038//7038
v -0.823655 0.337342 -1.478226 0.161245 0.161245 0.161245
vn 0.000000 0.864850 -0.502031
v -0.786735 0.337342 -1.478226 0.161245 0.161245 0.161245
vn 0.000000 0.864850 -0.502031
v -0.776326 0.264819 -1.603162 0.161245 0.161245 0.161245
vn 0.000000 0.864850 -0.502031
f 7039//7039 7040//7040 7041//7041
v -0.823655 0.337342 -1.478226 0.161245 0.161245 0.161245
vn 0.000000 0.864850 -0.502031
v -0.776326 0.264819 -1.603162 0.161245 0.161245 0.161245
vn 0.000000 0.864850 -0.502031
v -0.824386 0.264819 -1.603162 0.161245 0.161245 0.161245
vn 0.000000 0.864850 -0.502031
f 7042//7042 7043//7043 7044//7044
v -0.823655 0.449298 -1.353602 0.161245 0.161245 0.161245
vn 0.000000 -0.502956 0.864312
v -0.786735 0.449298 -1.353602 0.161245 0.161245 0.161245
vn 0.000000 -0.502956 0.864312
v -0.776326 0.576044 -1.279847 0.161245 0.161245 0.161245
vn 0.000000 -0.502956 0.864312
f 7045//7045 7046//7046 7047//7047
v -0.823655 0.449298 -1.353602 0.161245 0.161245 0.161245
vn 0.000000 -0.502956 0.864312
v -0.776326 0.576044 -1.279847 0.161245 0.161245 0.161245
vn 0.000000 -0.502956 0.864312
v -0.824386 0.576044 -1.279847 0.161245 0.161245 0.161245
vn 0.000000 -0.502956 0.864312
f 7048//7048 7049//7049 7050//7050
v -0.824386 0.144228 -1.414754 0.161245 0.161245 0.161245
vn 0.000000 0.964141 0.265392
v -0.776326 0.144228 -1.414754 0.161245 0.161245 0.161245
vn 0.000000 0.964141 0.265392
v -0.776326 0.170934 -1.511772 0.161245 0.161245 0.161245
vn 0.000000 0.964141 0.265392
f 7051//7051 7052//7052 7053//7053
v -0.824386 0.144228 -1.414754 0.161245 0.161245 0.161245
vn 0.000000 0.964141 0.265392
v -0.776326 0.170934 -1.511772 0.161245 0.161245 0.161245
vn 0.000000 0.964141 0.265392
v -0.824386 0.170934 -1.511772 0.161245 0.161245 0.161245
vn 0.000000 0.964141 0.265392
f 7054//7054 7055//7055 7056//7056
v -0.824386 0.503082 -1.596430 0.161245 0.161245 0.161245
vn 0.000000 -0.697521 0.716564
v -0.776326 0.503082 -1.596430 0.161245 0.161245 0.161245
vn 0.000000 -0.697521 0.716564
v -0.776326 0.576044 -1.525407 0.161245 0.161245 0.161245
vn 0.000000 -0.697521 0.716564
f 7057//7057 7058//7058 7059//7059
v -0.824386 0.503082 -1.596430 0.161245 0.161245 0.161245
vn 0.000000 -0.697521 0.716564
v -0.776326 0.576044 -1.525407 0.161245 0.161245 0.161245
vn 0.000000 -0.697521 0.716564
v -0.824386 0.576044 -1.525407 0.161245 0.161245 0.161245
vn 0.000000 -0.697521 0.716564
f 7060//7060 7061//7061 7062//7062
v -0.824386 0.364488 -1.629158 0.161245 0.161245 0.161245
vn 0.000000 -0.999796 0.020177
v -0.776326 0.364488 -1.629158 0.161245 0.161245 0.161245
vn 0.000000 -0.999796 0.020177
v -0.786735 0.367376 -1.486058 0.161245 0.161245 0.161245
vn 0.000000 -0.999796 0.020177
f 7063//7063 7064//7064 7065//7065
v -0.824386 0.364488 -1.629158 0.161245 0.161245 0.161245
vn 0.000000 -0.999796 0.020177
v -0.786735 0.367376 -1.486058 0.161245 0.161245 0.161245
vn 0.000000 -0.999796 0.020177
v -0.823655 0.367376 -1.486058 0.161245 0.161245 0.161245
vn 0.000000 -0.999796 0.020177
f 7066//7066 7067//7067 7068//7068
v -0.824386 0.503082 -1.208824 0.161245 0.161245 0.161245
vn 0.000020 0.852135 -0.523321
v -0.776326 0.503081 -1.208824 0.161245 0.161245 0.161245
vn 0.000020 0.852135 -0.523321
v -0.786735 0.427312 -1.332201 0.161245 0.161245 0.161245
vn 0.000020 0.852135 -0.523321
f 7069//7069 7070//7070 7071//7071
v -0.824386 0.503082 -1.208824 0.161245 0.161245 0.161245
vn 0.000000 0.852133 -0.523326
v -0.786735 0.427312 -1.332201 0.161245 0.161245 0.161245
vn 0.000000 0.852133 -0.523326
v -0.823655 0.427312 -1.332201 0.161245 0.161245 0.161245
vn 0.000000 0.852133 -0.523326
f 7072//7072 7073//7073 7074//7074
v -0.823655 0.299283 -1.441178 0.161245 0.161245 0.161245
vn 0.000000 -0.964139 -0.265398
v -0.786735 0.299283 -1.441178 0.161245 0.161245 0.161245
vn 0.000000 -0.964139 -0.265398
v -0.786735 0.291236 -1.411943 0.161245 0.161245 0.161245
vn 0.000000 -0.964139 -0.265398
f 7075//7075 7076//7076 7077//7077
v -0.823655 0.299283 -1.441178 0.161245 0.161245 0.161245
vn 0.000000 -0.964139 -0.265398
v -0.786735 0.291236 -1.411943 0.161245 0.161245 0.161245
vn 0.000000 -0.964139 -0.265398
v -0.823655 0.291236 -1.411943 0.161245 0.161245 0.161245
vn 0.000000 -0.964139 -0.265398
f 7078//7078 7079//7079 7080//7080
v -0.823655 0.449298 -1.451652 0.161245 0.161245 0.161245
vn 0.000000 0.697515 -0.716570
v -0.786735 0.449298 -1.451652 0.161245 0.161245 0.161245
vn 0.000000 0.697515 -0.716570
v -0.786735 0.427312 -1.473053 0.161245 0.161245 0.161245
vn 0.000000 0.697515 -0.716570
f 7081//7081 7082//7082 7083//7083
v -0.823655 0.449298 -1.451652 0.161245 0.161245 0.161245
vn 0.000000 0.697515 -0.716570
v -0.786735 0.427312 -1.473053 0.161245 0.161245 0.161245
vn 0.000000 0.697515 -0.716570
v -0.823655 0.427312 -1.473053 0.161245 0.161245 0.161245
vn 0.000000 0.697515 -0.716570
f 7084//7084 7085//7085 7086//7086
v -0.824386 0.170934 -1.511772 0.161245 0.161245 0.161245
vn 0.000000 -0.481930 0.876210
v -0.776326 0.170934 -1.511772 0.161245 0.161245 0.161245
vn 0.000000 -0.481930 0.876210
v -0.786735 0.299283 -1.441178 0.161245 0.161245 0.161245
vn 0.000000 -0.481930 0.876210
f 7087//7087 7088//7088 7089//7089
v -0.824386 0.170934 -1.511772 0.161245 0.161245 0.161245
vn 0.000000 -0.481930 0.876210
v -0.786735 0.299283 -1.441178 0.161245 0.161245 0.161245
vn 0.000000 -0.481930 0.876210
v -0.823655 0.299283 -1.441178 0.161245 0.161245 0.161245
vn 0.000000 -0.481930 0.876210
f 7090//7090 7091//7091 7092//7092
v -0.824386 0.576044 -1.525407 0.161245 0.161245 0.161245
vn 0.000000 -0.502956 -0.864312
v -0.776326 0.576044 -1.525407 0.161245 0.161245 0.161245
vn 0.000000 -0.502956 -0.864312
v -0.786735 0.449298 -1.451652 0.161245 0.161245 0.161245
vn 0.000000 -0.502956 -0.864312
f 7093//7093 7094//7094 7095//7095
v -0.824386 0.576044 -1.525407 0.161245 0.161245 0.161245
vn 0.000000 -0.502956 -0.864312
v -0.786735 0.449298 -1.451652 0.161245 0.161245 0.161245
vn 0.000000 -0.502956 -0.864312
v -0.823655 0.449298 -1.451652 0.161245 0.161245 0.161245
vn 0.000000 -0.502956 -0.864312
f 7096//7096 7097//7097 7098//7098
v -0.824386 0.250812 -1.208824 0.161245 0.161245 0.161245
vn 0.000000 0.697521 -0.716564
v -0.776326 0.250812 -1.208824 0.161245 0.161245 0.161245
vn 0.000000 0.697521 -0.716564
v -0.776326 0.177850 -1.279847 0.161245 0.161245 0.161245
vn 0.000000 0.697521 -0.716564
f 7099//7099 7100//7100 7101//7101
v -0.824386 0.250812 -1.208824 0.161245 0.161245 0.161245
vn 0.000000 0.697521 -0.716564
v -0.776326 0.177850 -1.279847 0.161245 0.161245 0.161245
vn 0.000000 0.697521 -0.716564
v -0.824386 0.177850 -1.279847 0.161245 0.161245 0.161245
vn 0.000000 0.697521 -0.716564
f 7102//7102 7103//7103 7104//7104
v -0.824386 0.389406 -1.629158 0.161245 0.161245 0.161245
vn 0.000000 -0.252386 0.967627
v -0.776326 0.389406 -1.629158 0.161245 0.161245 0.161245
vn 0.000000 -0.252386 0.967627
v -0.776326 0.489074 -1.603162 0.161245 0.161245 0.161245
vn 0.000000 -0.252386 0.967627
f 7105//7105 7106//7106 7107//7107
v -0.824386 0.389406 -1.629158 0.161245 0.161245 0.161245
vn 0.000000 -0.252386 0.967627
v -0.776326 0.489074 -1.603162 0.161245 0.161245 0.161245
vn 0.000000 -0.252386 0.967627
v -0.824386 0.489074 -1.603162 0.161245 0.161245 0.161245
vn 0.000000 -0.252386 0.967627
f 7108//7108 7109//7109 7110//7110
v -0.823655 0.291236 -1.411943 0.161245 0.161245 0.161245
vn 0.000000 0.019119 -0.999817
v -0.786735 0.291236 -1.411943 0.161245 0.161245 0.161245
vn 0.000000 0.019119 -0.999817
v -0.776326 0.144228 -1.414754 0.161245 0.161245 0.161245
vn 0.000000 0.019119 -0.999817
f 7111//7111 7112//7112 7113//7113
v -0.823655 0.291236 -1.411943 0.161245 0.161245 0.161245
vn 0.000000 0.019119 -0.999817
v -0.776326 0.144228 -1.414754 0.161245 0.161245 0.161245
vn 0.000000 0.019119 -0.999817
v -0.824386 0.144228 -1.414754 0.161245 0.161245 0.161245
vn 0.000000 0.019119 -0.999817
f 7114//7114 7115//7115 7116//7116
v -0.824386 0.489074 -1.202092 0.161245 0.161245 0.161245
vn 0.000000 -0.252386 -0.967627
v -0.776326 0.489074 -1.202092 0.161245 0.161245 0.161245
vn 0.000000 -0.252386 -0.967627
v -0.776326 0.389406 -1.176096 0.161245 0.161245 0.161245
vn 0.000000 -0.252386 -0.967627
f 7117//7117 7118//7118 7119//7119
v -0.824386 0.489074 -1.202092 0.161245 0.161245 0.161245
vn 0.000000 -0.252386 -0.967627
v -0.776326 0.389406 -1.176096 0.161245 0.161245 0.161245
vn 0.000000 -0.252386 -0.967627
v -0.824386 0.389406 -1.176096 0.161245 0.161245 0.161245
vn 0.000000 -0.252386 -0.967627
f 7120//7120 7121//7121 7122//7122
v -0.823655 0.427312 -1.473053 0.161245 0.161245 0.161245
vn 0.000000 0.852133 0.523326
v -0.786735 0.427312 -1.473053 0.161245 0.161245 0.161245
vn 0.000000 0.852133 0.523326
v -0.776326 0.503082 -1.596430 0.161245 0.161245 0.161245
vn 0.000000 0.852133 0.523326
f 7123//7123 7124//7124 7125//7125
v -0.823655 0.427312 -1.473053 0.161245 0.161245 0.161245
vn 0.000000 0.852133 0.523326
v -0.776326 0.503082 -1.596430 0.161245 0.161245 0.161245
vn 0.000000 0.852133 0.523326
v -0.824386 0.503082 -1.596430 0.161245 0.161245 0.161245
vn 0.000000 0.852133 0.523326
f 7126//7126 7127//7127 7128//7128
v -0.823655 0.304596 -1.353602 0.161245 0.161245 0.161245
vn 0.000000 -0.697515 0.716570
v -0.786735 0.304596 -1.353602 0.161245 0.161245 0.161245
vn 0.000000 -0.697515 0.716570
v -0.786735 0.326582 -1.332201 0.161245 0.161245 0.161245
vn 0.000000 -0.697515 0.716570
f 7129//7129 7130//7130 7131//7131
v -0.823655 0.304596 -1.353602 0.161245 0.161245 0.161245
vn 0.000000 -0.697515 0.716570
v -0.786735 0.326582 -1.332201 0.161245 0.161245 0.161245
vn 0.000000 -0.697515 0.716570
v -0.823655 0.326582 -1.332201 0.161245 0.161245 0.161245
vn 0.000000 -0.697515 0.716570
f 7132//7132 7133//7133 7134//7134
v -0.823655 0.416551 -1.478226 0.161245 0.161245 0.161245
vn 0.000000 0.252348 -0.967637
v -0.786735 0.416551 -1.478226 0.161245 0.161245 0.161245
vn 0.000000 0.252348 -0.967637
v -0.786735 0.386518 -1.486058 0.161245 0.161245 0.161245
vn 0.000000 0.252348 -0.967637
f 7135//7135 7136//7136 7137//7137
v -0.823655 0.416551 -1.478226 0.161245 0.161245 0.161245
vn 0.000000 0.252348 -0.967637
v -0.786735 0.386518 -1.486058 0.161245 0.161245 0.161245
vn 0.000000 0.252348 -0.967637
v -0.823655 0.386518 -1.486058 0.161245 0.161245 0.161245
vn 0.000000 0.252348 -0.967637
f 7138//7138 7139//7139 7140//7140
v -0.823655 0.386518 -1.319196 0.161245 0.161245 0.161245
vn 0.000000 0.252382 0.967628
v -0.786735 0.386518 -1.319196 0.161245 0.161245 0.161245
vn 0.000000 0.252382 0.967628
v -0.786735 0.416551 -1.327029 0.161245 0.161245 0.161245
vn 0.000000 0.252382 0.967628
f 7141//7141 7142//7142 7143//7143
v -0.823655 0.386518 -1.319196 0.161245 0.161245 0.161245
vn 0.000000 0.252382 0.967628
v -0.786735 0.416551 -1.327029 0.161245 0.161245 0.161245
vn 0.000000 0.252382 0.967628
v -0.823655 0.416551 -1.327029 0.161245 0.161245 0.161245
vn 0.000000 0.252382 0.967628
f 7144//7144 7145//7145 7146//7146
v -0.823655 0.326582 -1.332201 0.161245 0.161245 0.161245
vn 0.000000 -0.852133 -0.523326
v -0.786735 0.326582 -1.332201 0.161245 0.161245 0.161245
vn 0.000000 -0.852133 -0.523326
v -0.776326 0.250812 -1.208824 0.161245 0.161245 0.161245
vn 0.000000 -0.852133 -0.523326
f 7147//7147 7148//7148 7149//7149
v -0.823655 0.326582 -1.332201 0.161245 0.161245 0.161245
vn 0.000000 -0.852133 -0.523326
v -0.776326 0.250812 -1.208824 0.161245 0.161245 0.161245
vn 0.000000 -0.852133 -0.523326
v -0.824386 0.250812 -1.208824 0.161245 0.161245 0.161245
vn 0.000000 -0.852133 -0.523326
f 7150//7150 7151//7151 7152//7152
v -0.824386 0.489074 -1.603162 0.161245 0.161245 0.161245
vn 0.000000 -0.864850 -0.502031
v -0.776326 0.489074 -1.603162 0.161245 0.161245 0.161245
vn 0.000000 -0.864850 -0.502031
v -0.786735 0.416551 -1.478226 0.161245 0.161245 0.161245
vn 0.000000 -0.864850 -0.502031
f 7153//7153 7154//7154 7155//7155
v -0.824386 0.489074 -1.603162 0.161245 0.161245 0.161245
vn 0.000000 -0.864850 -0.502031
v -0.786735 0.416551 -1.478226 0.161245 0.161245 0.161245
vn 0.000000 -0.864850 -0.502031
v -0.823655 0.416551 -1.478226 0.161245 0.161245 0.161245
vn 0.000000 -0.864850 -0.502031
f 7156//7156 7157//7157 7158//7158
v -0.824386 0.389406 -1.176096 0.161245 0.161245 0.161245
vn 0.000000 0.999796 -0.020177
v -0.776326 0.389406 -1.176096 0.161245 0.161245 0.161245
vn 0.000000 0.999796 -0.020177
v -0.786735 0.386518 -1.319196 0.161245 0.161245 0.161245
vn 0.000000 0.999796 -0.020177
f 7159//7159 7160//7160 7161//7161
v -0.824386 0.389406 -1.176096 0.161245 0.161245 0.161245
vn 0.000000 0.999796 -0.020177
v -0.786735 0.386518 -1.319196 0.161245 0.161245 0.161245
vn 0.000000 0.999796 -0.020177
v -0.823655 0.386518 -1.319196 0.161245 0.161245 0.161245
vn 0.000000 0.999796 -0.020177
f 7162//7162 7163//7163 7164//7164
v -0.824386 0.177850 -1.525407 0.161245 0.161245 0.161245
vn 0.000000 0.697521 0.716564
v -0.776326 0.177850 -1.525407 0.161245 0.161245 0.161245
vn 0.000000 0.697521 0.716564
v -0.776326 0.250812 -1.596430 0.161245 0.161245 0.161245
vn 0.000000 0.697521 0.716564
f 7165//7165 7166//7166 7167//7167
v -0.824386 0.177850 -1.525407 0.161245 0.161245 0.161245
vn 0.000000 0.697521 0.716564
v -0.776326 0.250812 -1.596430 0.161245 0.161245 0.161245
vn 0.000000 0.697521 0.716564
v -0.824386 0.250812 -1.596430 0.161245 0.161245 0.161245
vn 0.000000 0.697521 0.716564
f 7168//7168 7169//7169 7170//7170
v -0.824386 0.177850 -1.279847 0.161245 0.161245 0.161245
vn 0.000000 0.502956 0.864312
v -0.776326 0.177850 -1.279847 0.161245 0.161245 0.161245
vn 0.000000 0.502956 0.864312
v -0.786735 0.304596 -1.353602 0.161245 0.161245 0.161245
vn 0.000000 0.502956 0.864312
f 7171//7171 7172//7172 7173//7173
v -0.824386 0.177850 -1.279847 0.161245 0.161245 0.161245
vn 0.000000 0.502956 0.864312
v -0.786735 0.304596 -1.353602 0.161245 0.161245 0.161245
vn 0.000000 0.502956 0.864312
v -0.823655 0.304596 -1.353602 0.161245 0.161245 0.161245
vn 0.000000 0.502956 0.864312
f 7174//7174 7175//7175 7176//7176
v -0.824386 0.609666 -1.390500 0.161245 0.161245 0.161245
vn 0.000000 -0.964141 -0.265392
v -0.776326 0.609666 -1.390500 0.161245 0.161245 0.161245
vn 0.000000 -0.964141 -0.265392
v -0.776326 0.582960 -1.293482 0.161245 0.161245 0.161245
vn 0.000000 -0.964141 -0.265392
f 7177//7177 7178//7178 7179//7179
v -0.824386 0.609666 -1.390500 0.161245 0.161245 0.161245
vn 0.000000 -0.964141 -0.265392
v -0.776326 0.582960 -1.293482 0.161245 0.161245 0.161245
vn 0.000000 -0.964141 -0.265392
v -0.824386 0.582960 -1.293482 0.161245 0.161245 0.161245
vn 0.000000 -0.964141 -0.265392
f 7180//7180 7181//7181 7182//7182
v -0.823655 0.386518 -1.486058 0.161245 0.161245 0.161245
vn 0.000000 0.999796 0.020177
v -0.786735 0.386518 -1.486058 0.161245 0.161245 0.161245
vn 0.000000 0.999796 0.020177
v -0.776326 0.389406 -1.629158 0.161245 0.161245 0.161245
vn 0.000000 0.999796 0.020177
f 7183//7183 7184//7184 7185//7185
v -0.823655 0.386518 -1.486058 0.161245 0.161245 0.161245
vn 0.000000 0.999796 0.020177
v -0.776326 0.389406 -1.629158 0.161245 0.161245 0.161245
vn 0.000000 0.999796 0.020177
v -0.824386 0.389406 -1.629158 0.161245 0.161245 0.161245
vn 0.000000 0.999796 0.020177
f 7186//7186 7187//7187 7188//7188
v -0.823655 0.416551 -1.327029 0.161245 0.161245 0.161245
vn 0.000000 -0.864852 0.502027
v -0.786735 0.416551 -1.327029 0.161245 0.161245 0.161245
vn 0.000000 -0.864852 0.502027
v -0.776326 0.489074 -1.202092 0.161245 0.161245 0.161245
vn 0.000000 -0.864852 0.502027
f 7189//7189 7190//7190 7191//7191
v -0.823655 0.416551 -1.327029 0.161245 0.161245 0.161245
vn 0.000000 -0.864852 0.502027
v -0.776326 0.489074 -1.202092 0.161245 0.161245 0.161245
vn 0.000000 -0.864852 0.502027
v -0.824386 0.489074 -1.202092 0.161245 0.161245 0.161245
vn 0.000000 -0.864852 0.502027
f 7192//7192 7193//7193 7194//7194
v -0.829509 0.339558 -1.351307 0.161245 0.161245 0.161245
vn 0.000000 0.697515 -0.716570
v -0.809439 0.339558 -1.351307 0.161245 0.161245 0.161245
vn 0.000000 0.697515 -0.716570
v -0.809439 0.324225 -1.366231 0.161245 0.161245 0.161245
vn 0.000000 0.697515 -0.716570
f 7195//7195 7196//7196 7197//7197
v -0.829509 0.339558 -1.351307 0.161245 0.161245 0.161245
vn 0.000000 0.697515 -0.716570
v -0.809439 0.324225 -1.366231 0.161245 0.161245 0.161245
vn 0.000000 0.697515 -0.716570
v -0.829509 0.324225 -1.366231 0.161245 0.161245 0.161245
vn 0.000000 0.697515 -0.716570
f 7198//7198 7199//7199 7200//7200
v -0.837318 0.355183 -1.365933 0.161245 0.161245 0.161245
vn -0.935144 -0.183931 0.302779
v -0.835365 0.347444 -1.364603 0.161245 0.161245 0.161245
vn -0.935144 -0.183931 0.302779
v -0.829509 0.339558 -1.351307 0.161245 0.161245 0.161245
vn -0.935144 -0.183931 0.302779
f 7201//7201 7202//7202 7203//7203
v -0.837318 0.355183 -1.365933 0.161245 0.161245 0.161245
vn -0.935124 -0.183773 0.302937
v -0.829509 0.339558 -1.351307 0.161245 0.161245 0.161245
vn -0.935124 -0.183773 0.302937
v -0.827556 0.342039 -1.343774 0.161245 0.161245 0.161245
vn -0.935124 -0.183773 0.302937
f 7204//7204 7205//7205 7206//7206
v -0.827556 0.316485 -1.368648 0.161245 0.161245 0.161245
vn -0.936518 -0.295293 0.189041
v -0.829509 0.324225 -1.366231 0.161245 0.161245 0.161245
vn -0.936518 -0.295293 0.189041
v -0.835365 0.337884 -1.373908 0.161245 0.161245 0.161245
vn -0.936518 -0.295293 0.189041
f 7207//7207 7208//7208 7209//7209
v -0.827556 0.316485 -1.368648 0.161245 0.161245 0.161245
vn -0.936507 -0.295266 0.189138
v -0.835365 0.337884 -1.373908 0.161245 0.161245 0.161245
vn -0.936507 -0.295266 0.189138
v -0.837318 0.339251 -1.381442 0.161245 0.161245 0.161245
vn -0.936507 -0.295266 0.189138
f 7210//7210 7211//7211 7212//7212
v -0.837318 0.339251 -1.381442 0.161245 0.161245 0.161245
vn -0.955863 -0.204927 0.210550
v -0.835365 0.337884 -1.373908 0.161245 0.161245 0.161245
vn -0.955863 -0.204927 0.210550
v -0.835365 0.347444 -1.364603 0.161245 0.161245 0.161245
vn -0.955863 -0.204927 0.210550
f 7213//7213 7214//7214 7215//7215
v -0.837318 0.339251 -1.381442 0.161245 0.161245 0.161245
vn -0.955841 -0.204997 0.210582
v -0.835365 0.347444 -1.364603 0.161245 0.161245 0.161245
vn -0.955841 -0.204997 0.210582
v -0.837318 0.355183 -1.365933 0.161245 0.161245 0.161245
vn -0.955841 -0.204997 0.210582
f 7216//7216 7217//7217 7218//7218
v -0.829509 0.414336 -1.351307 0.161245 0.161245 0.161245
vn 0.000000 0.860099 -0.510127
v -0.809439 0.414336 -1.351307 0.161245 0.161245 0.161245
vn 0.000000 0.860099 -0.510127
v -0.815296 0.406450 -1.364603 0.161245 0.161245 0.161245
vn 0.000000 0.860099 -0.510127
f 7219//7219 7220//7220 7221//7221
v -0.829509 0.414336 -1.351307 0.161245 0.161245 0.161245
vn 0.000000 0.860099 -0.510127
v -0.815296 0.406450 -1.364603 0.161245 0.161245 0.161245
vn 0.000000 0.860099 -0.510127
v -0.835365 0.406450 -1.364603 0.161245 0.161245 0.161245
vn 0.000000 0.860099 -0.510127
f 7222//7222 7223//7223 7224//7224
v -0.837318 0.355183 -1.439321 0.161245 0.161245 0.161245
vn -0.955835 -0.204990 -0.210615
v -0.835365 0.347444 -1.440651 0.161245 0.161245 0.161245
vn -0.955835 -0.204990 -0.210615
v -0.835365 0.337884 -1.431346 0.161245 0.161245 0.161245
vn -0.955835 -0.204990 -0.210615
f 7225//7225 7226//7226 7227//7227
v -0.837318 0.355183 -1.439321 0.161245 0.161245 0.161245
vn -0.955857 -0.204959 -0.210543
v -0.835365 0.337884 -1.431346 0.161245 0.161245 0.161245
vn -0.955857 -0.204959 -0.210543
v -0.837318 0.339251 -1.423812 0.161245 0.161245 0.161245
vn -0.955857 -0.204959 -0.210543
f 7228//7228 7229//7229 7230//7230
v -0.827556 0.316485 -1.436606 0.161245 0.161245 0.161245
vn -0.882664 -0.327835 -0.336790
v -0.829509 0.324225 -1.439023 0.161245 0.161245 0.161245
vn -0.882664 -0.327835 -0.336790
v -0.829509 0.339558 -1.453947 0.161245 0.161245 0.161245
vn -0.882664 -0.327835 -0.336790
f 7231//7231 7232//7232 7233//7233
v -0.827556 0.316485 -1.436606 0.161245 0.161245 0.161245
vn -0.882664 -0.327835 -0.336790
v -0.829509 0.339558 -1.453947 0.161245 0.161245 0.161245
vn -0.882664 -0.327835 -0.336790
v -0.827556 0.342039 -1.461480 0.161245 0.161245 0.161245
vn -0.882664 -0.327835 -0.336790
f 7234//7234 7235//7235 7236//7236
v -0.837318 0.339251 -1.423812 0.161245 0.161245 0.161245
vn -0.936515 -0.295233 -0.189146
v -0.835365 0.337884 -1.431346 0.161245 0.161245 0.161245
vn -0.936515 -0.295233 -0.189146
v -0.829509 0.324225 -1.439023 0.161245 0.161245 0.161245
vn -0.936515 -0.295233 -0.189146
f 7237//7237 7238//7238 7239//7239
v -0.837318 0.339251 -1.423812 0.161245 0.161245 0.161245
vn -0.936508 -0.295302 -0.189075
v -0.829509 0.324225 -1.439023 0.161245 0.161245 0.161245
vn -0.936508 -0.295302 -0.189075
v -0.827556 0.316485 -1.436606 0.161245 0.161245 0.161245
vn -0.936508 -0.295302 -0.189075
f 7240//7240 7241//7241 7242//7242
v -0.829509 0.429668 -1.439023 0.161245 0.161245 0.161245
vn 0.000000 -0.489948 -0.871752
v -0.809439 0.429668 -1.439023 0.161245 0.161245 0.161245
vn 0.000000 -0.489948 -0.871752
v -0.815296 0.416010 -1.431346 0.161245 0.161245 0.161245
vn 0.000000 -0.489948 -0.871752
f 7243//7243 7244//7244 7245//7245
v -0.829509 0.429668 -1.439023 0.161245 0.161245 0.161245
vn 0.000000 -0.489948 -0.871752
v -0.815296 0.416010 -1.431346 0.161245 0.161245 0.161245
vn 0.000000 -0.489948 -0.871752
v -0.835365 0.416010 -1.431346 0.161245 0.161245 0.161245
vn 0.000000 -0.489948 -0.871752
f 7246//7246 7247//7247 7248//7248
v -0.837318 0.414643 -1.423812 0.161245 0.161245 0.161245
vn -0.955863 0.204927 -0.210550
v -0.835365 0.416010 -1.431346 0.161245 0.161245 0.161245
vn -0.955863 0.204927 -0.210550
v -0.835365 0.406450 -1.440651 0.161245 0.161245 0.161245
vn -0.955863 0.204927 -0.210550
f 7249//7249 7250//7250 7251//7251
v -0.837318 0.414643 -1.423812 0.161245 0.161245 0.161245
vn -0.955849 0.204971 -0.210570
v -0.835365 0.406450 -1.440651 0.161245 0.161245 0.161245
vn -0.955849 0.204971 -0.210570
v -0.837318 0.398710 -1.439321 0.161245 0.161245 0.161245
vn -0.955849 0.204971 -0.210570
f 7252//7252 7253//7253 7254//7254
v -0.827556 0.437408 -1.436606 0.161245 0.161245 0.161245
vn -0.936518 0.295293 -0.189041
v -0.829509 0.429668 -1.439023 0.161245 0.161245 0.161245
vn -0.936518 0.295293 -0.189041
v -0.835365 0.416010 -1.431346 0.161245 0.161245 0.161245
vn -0.936518 0.295293 -0.189041
f 7255//7255 7256//7256 7257//7257
v -0.827556 0.437408 -1.436606 0.161245 0.161245 0.161245
vn -0.936507 0.295266 -0.189138
v -0.835365 0.416010 -1.431346 0.161245 0.161245 0.161245
vn -0.936507 0.295266 -0.189138
v -0.837318 0.414643 -1.423812 0.161245 0.161245 0.161245
vn -0.936507 0.295266 -0.189138
f 7258//7258 7259//7259 7260//7260
v -0.827556 0.411855 -1.461480 0.161245 0.161245 0.161245
vn -0.882664 0.327835 -0.336790
v -0.829509 0.414336 -1.453947 0.161245 0.161245 0.161245
vn -0.882664 0.327835 -0.336790
v -0.829509 0.429668 -1.439023 0.161245 0.161245 0.161245
vn -0.882664 0.327835 -0.336790
f 7261//7261 7262//7262 7263//7263
v -0.827556 0.411855 -1.461480 0.161245 0.161245 0.161245
vn -0.882664 0.327835 -0.336790
v -0.829509 0.429668 -1.439023 0.161245 0.161245 0.161245
vn -0.882664 0.327835 -0.336790
v -0.827556 0.437408 -1.436606 0.161245 0.161245 0.161245
vn -0.882664 0.327835 -0.336790
f 7264//7264 7265//7265 7266//7266
v -0.835365 0.416010 -1.373908 0.161245 0.161245 0.161245
vn 0.000000 -0.489948 0.871752
v -0.815296 0.416010 -1.373908 0.161245 0.161245 0.161245
vn 0.000000 -0.489948 0.871752
v -0.809439 0.429668 -1.366231 0.161245 0.161245 0.161245
vn 0.000000 -0.489948 0.871752
f 7267//7267 7268//7268 7269//7269
v -0.835365 0.416010 -1.373908 0.161245 0.161245 0.161245
vn 0.000000 -0.489948 0.871752
v -0.809439 0.429668 -1.366231 0.161245 0.161245 0.161245
vn 0.000000 -0.489948 0.871752
v -0.829509 0.429668 -1.366231 0.161245 0.161245 0.161245
vn 0.000000 -0.489948 0.871752
f 7270//7270 7271//7271 7272//7272
v -0.837318 0.398710 -1.365933 0.161245 0.161245 0.161245
vn -0.955845 0.204967 0.210591
v -0.835365 0.406450 -1.364603 0.161245 0.161245 0.161245
vn -0.955845 0.204967 0.210591
v -0.835365 0.416010 -1.373908 0.161245 0.161245 0.161245
vn -0.955845 0.204967 0.210591
f 7273//7273 7274//7274 7275//7275
v -0.837318 0.398710 -1.365933 0.161245 0.161245 0.161245
vn -0.955859 0.204947 0.210546
v -0.835365 0.416010 -1.373908 0.161245 0.161245 0.161245
vn -0.955859 0.204947 0.210546
v -0.837318 0.414643 -1.381442 0.161245 0.161245 0.161245
vn -0.955859 0.204947 0.210546
f 7276//7276 7277//7277 7278//7278
v -0.827556 0.437408 -1.368648 0.161245 0.161245 0.161245
vn -0.882664 0.327835 0.336790
v -0.829509 0.429668 -1.366231 0.161245 0.161245 0.161245
vn -0.882664 0.327835 0.336790
v -0.829509 0.414336 -1.351307 0.161245 0.161245 0.161245
vn -0.882664 0.327835 0.336790
f 7279//7279 7280//7280 7281//7281
v -0.827556 0.437408 -1.368648 0.161245 0.161245 0.161245
vn -0.882664 0.327835 0.336790
v -0.829509 0.414336 -1.351307 0.161245 0.161245 0.161245
vn -0.882664 0.327835 0.336790
v -0.827556 0.411855 -1.343774 0.161245 0.161245 0.161245
vn -0.882664 0.327835 0.336790
f 7282//7282 7283//7283 7284//7284
v -0.837318 0.414643 -1.381442 0.161245 0.161245 0.161245
vn -0.936515 0.295233 0.189146
v -0.835365 0.416010 -1.373908 0.161245 0.161245 0.161245
vn -0.936515 0.295233 0.189146
v -0.829509 0.429668 -1.366231 0.161245 0.161245 0.161245
vn -0.936515 0.295233 0.189146
f 7285//7285 7286//7286 7287//7287
v -0.837318 0.414643 -1.381442 0.161245 0.161245 0.161245
vn -0.936508 0.295302 0.189075
v -0.829509 0.429668 -1.366231 0.161245 0.161245 0.161245
vn -0.936508 0.295302 0.189075
v -0.827556 0.437408 -1.368648 0.161245 0.161245 0.161245
vn -0.936508 0.295302 0.189075
f 7288//7288 7289//7289 7290//7290
v -0.829509 0.324225 -1.439023 0.161245 0.161245 0.161245
vn 0.000000 0.697515 0.716570
v -0.809439 0.324225 -1.439023 0.161245 0.161245 0.161245
vn 0.000000 0.697515 0.716570
v -0.809439 0.339558 -1.453947 0.161245 0.161245 0.161245
vn 0.000000 0.697515 0.716570
f 7291//7291 7292//7292 7293//7293
v -0.829509 0.324225 -1.439023 0.161245 0.161245 0.161245
vn 0.000000 0.697515 0.716570
v -0.809439 0.339558 -1.453947 0.161245 0.161245 0.161245
vn 0.000000 0.697515 0.716570
v -0.829509 0.339558 -1.453947 0.161245 0.161245 0.161245
vn 0.000000 0.697515 0.716570
f 7294//7294 7295//7295 7296//7296
v -0.835365 0.337884 -1.373908 0.161245 0.161245 0.161245
vn 0.000000 -0.697472 0.716612
v -0.815296 0.337884 -1.373908 0.161245 0.161245 0.161245
vn 0.000000 -0.697472 0.716612
v -0.815296 0.347444 -1.364603 0.161245 0.161245 0.161245
vn 0.000000 -0.697472 0.716612
f 7297//7297 7298//7298 7299//7299
v -0.835365 0.337884 -1.373908 0.161245 0.161245 0.161245
vn 0.000000 -0.697472 0.716612
v -0.815296 0.347444 -1.364603 0.161245 0.161245 0.161245
vn 0.000000 -0.697472 0.716612
v -0.835365 0.347444 -1.364603 0.161245 0.161245 0.161245
vn 0.000000 -0.697472 0.716612
f 7300//7300 7301//7301 7302//7302
v -0.829509 0.414336 -1.453947 0.161245 0.161245 0.161245
vn 0.000000 -0.697515 0.716570
v -0.809439 0.414336 -1.453947 0.161245 0.161245 0.161245
vn 0.000000 -0.697515 0.716570
v -0.809439 0.429668 -1.439023 0.161245 0.161245 0.161245
vn 0.000000 -0.697515 0.716570
f 7303//7303 7304//7304 7305//7305
v -0.829509 0.414336 -1.453947 0.161245 0.161245 0.161245
vn 0.000000 -0.697515 0.716570
v -0.809439 0.429668 -1.439023 0.161245 0.161245 0.161245
vn 0.000000 -0.697515 0.716570
v -0.829509 0.429668 -1.439023 0.161245 0.161245 0.161245
vn 0.000000 -0.697515 0.716570
f 7306//7306 7307//7307 7308//7308
v -0.835365 0.347444 -1.440651 0.161245 0.161245 0.161245
vn 0.000000 -0.697472 -0.716612
v -0.815296 0.347444 -1.440651 0.161245 0.161245 0.161245
vn 0.000000 -0.697472 -0.716612
v -0.815296 0.337884 -1.431346 0.161245 0.161245 0.161245
vn 0.000000 -0.697472 -0.716612
f 7309//7309 7310//7310 7311//7311
v -0.835365 0.347444 -1.440651 0.161245 0.161245 0.161245
vn 0.000000 -0.697472 -0.716612
v -0.815296 0.337884 -1.431346 0.161245 0.161245 0.161245
vn 0.000000 -0.697472 -0.716612
v -0.835365 0.337884 -1.431346 0.161245 0.161245 0.161245
vn 0.000000 -0.697472 -0.716612
f 7312//7312 7313//7313 7314//7314
v -0.829509 0.429668 -1.366231 0.161245 0.161245 0.161245
vn 0.000000 -0.697515 -0.716570
v -0.809439 0.429668 -1.366231 0.161245 0.161245 0.161245
vn 0.000000 -0.697515 -0.716570
v -0.809439 0.414336 -1.351307 0.161245 0.161245 0.161245
vn 0.000000 -0.697515 -0.716570
f 7315//7315 7316//7316 7317//7317
v -0.829509 0.429668 -1.366231 0.161245 0.161245 0.161245
vn 0.000000 -0.697515 -0.716570
v -0.809439 0.414336 -1.351307 0.161245 0.161245 0.161245
vn 0.000000 -0.697515 -0.716570
v -0.829509 0.414336 -1.351307 0.161245 0.161245 0.161245
vn 0.000000 -0.697515 -0.716570
f 7318//7318 7319//7319 7320//7320
v -0.835365 0.347444 -1.364603 0.161245 0.161245 0.161245
vn 0.000000 -0.860099 -0.510127
v -0.815296 0.347444 -1.364603 0.161245 0.161245 0.161245
vn 0.000000 -0.860099 -0.510127
v -0.809439 0.339558 -1.351307 0.161245 0.161245 0.161245
vn 0.000000 -0.860099 -0.510127
f 7321//7321 7322//7322 7323//7323
v -0.835365 0.347444 -1.364603 0.161245 0.161245 0.161245
vn 0.000000 -0.860099 -0.510127
v -0.809439 0.339558 -1.351307 0.161245 0.161245 0.161245
vn 0.000000 -0.860099 -0.510127
v -0.829509 0.339558 -1.351307 0.161245 0.161245 0.161245
vn 0.000000 -0.860099 -0.510127
f 7324//7324 7325//7325 7326//7326
v -0.835365 0.416010 -1.431346 0.161245 0.161245 0.161245
vn 0.000000 0.697472 -0.716612
v -0.815296 0.416010 -1.431346 0.161245 0.161245 0.161245
vn 0.000000 0.697472 -0.716612
v -0.815296 0.406450 -1.440651 0.161245 0.161245 0.161245
vn 0.000000 0.697472 -0.716612
f 7327//7327 7328//7328 7329//7329
v -0.835365 0.416010 -1.431346 0.161245 0.161245 0.161245
vn 0.000000 0.697472 -0.716612
v -0.815296 0.406450 -1.440651 0.161245 0.161245 0.161245
vn 0.000000 0.697472 -0.716612
v -0.835365 0.406450 -1.440651 0.161245 0.161245 0.161245
vn 0.000000 0.697472 -0.716612
f 7330//7330 7331//7331 7332//7332
v -0.829509 0.339558 -1.453947 0.161245 0.161245 0.161245
vn 0.000000 -0.860099 0.510127
v -0.809439 0.339558 -1.453947 0.161245 0.161245 0.161245
vn 0.000000 -0.860099 0.510127
v -0.815296 0.347444 -1.440651 0.161245 0.161245 0.161245
vn 0.000000 -0.860099 0.510127
f 7333//7333 7334//7334 7335//7335
v -0.829509 0.339558 -1.453947 0.161245 0.161245 0.161245
vn 0.000000 -0.860099 0.510127
v -0.815296 0.347444 -1.440651 0.161245 0.161245 0.161245
vn 0.000000 -0.860099 0.510127
v -0.835365 0.347444 -1.440651 0.161245 0.161245 0.161245
vn 0.000000 -0.860099 0.510127
f 7336//7336 7337//7337 7338//7338
v -0.835365 0.406450 -1.364603 0.161245 0.161245 0.161245
vn 0.000000 0.697472 0.716612
v -0.815296 0.406450 -1.364603 0.161245 0.161245 0.161245
vn 0.000000 0.697472 0.716612
v -0.815296 0.416010 -1.373908 0.161245 0.161245 0.161245
vn 0.000000 0.697472 0.716612
f 7339//7339 7340//7340 7341//7341
v -0.835365 0.406450 -1.364603 0.161245 0.161245 0.161245
vn 0.000000 0.697472 0.716612
v -0.815296 0.416010 -1.373908 0.161245 0.161245 0.161245
vn 0.000000 0.697472 0.716612
v -0.835365 0.416010 -1.373908 0.161245 0.161245 0.161245
vn 0.000000 0.697472 0.716612
f 7342//7342 7343//7343 7344//7344
v -0.829509 0.324225 -1.366231 0.161245 0.161245 0.161245
vn 0.000000 0.489948 0.871752
v -0.809439 0.324225 -1.366231 0.161245 0.161245 0.161245
vn 0.000000 0.489948 0.871752
v -0.815296 0.337884 -1.373908 0.161245 0.161245 0.161245
vn 0.000000 0.489948 0.871752
f 7345//7345 7346//7346 7347//7347
v -0.829509 0.324225 -1.366231 0.161245 0.161245 0.161245
vn 0.000000 0.489948 0.871752
v -0.815296 0.337884 -1.373908 0.161245 0.161245 0.161245
vn 0.000000 0.489948 0.871752
v -0.835365 0.337884 -1.373908 0.161245 0.161245 0.161245
vn 0.000000 0.489948 0.871752
f 7348//7348 7349//7349 7350//7350
v -0.835365 0.406450 -1.440651 0.161245 0.161245 0.161245
vn 0.000000 0.860099 0.510127
v -0.815296 0.406450 -1.440651 0.161245 0.161245 0.161245
vn 0.000000 0.860099 0.510127
v -0.809439 0.414336 -1.453947 0.161245 0.161245 0.161245
vn 0.000000 0.860099 0.510127
f 7351//7351 7352//7352 7353//7353
v -0.835365 0.406450 -1.440651 0.161245 0.161245 0.161245
vn 0.000000 0.860099 0.510127
v -0.809439 0.414336 -1.453947 0.161245 0.161245 0.161245
vn 0.000000 0.860099 0.510127
v -0.829509 0.414336 -1.453947 0.161245 0.161245 0.161245
vn 0.000000 0.860099 0.510127
f 7354//7354 7355//7355 7356//7356
v -0.835365 0.337884 -1.431346 0.161245 0.161245 0.161245
vn 0.000000 0.489948 -0.871752
v -0.815296 0.337884 -1.431346 0.161245 0.161245 0.161245
vn 0.000000 0.489948 -0.871752
v -0.809439 0.324225 -1.439023 0.161245 0.161245 0.161245
vn 0.000000 0.489948 -0.871752
f 7357//7357 7358//7358 7359//7359
v -0.835365 0.337884 -1.431346 0.161245 0.161245 0.161245
vn 0.000000 0.489948 -0.871752
v -0.809439 0.324225 -1.439023 0.161245 0.161245 0.161245
vn 0.000000 0.489948 -0.871752
v -0.829509 0.324225 -1.439023 0.161245 0.161245 0.161245
vn 0.000000 0.489948 -0.871752
f 7360//7360 7361//7361 7362//7362
g Black
v 0.612843 0.376946 1.110035 0.010962 0.010962 0.010962
vn 0.000000 -0.252381 -0.967628
v 0.802452 0.376946 1.110035 0.010962 0.010962 0.010962
vn 0.000000 -0.252381 -0.967628
v 0.802452 0.188473 1.159193 0.010962 0.010962 0.010962
vn 0.000000 -0.252381 -0.967628
f 7363//7363 7364//7364 7365//7365
v 0.612843 0.376946 1.110035 0.010962 0.010962 0.010962
vn 0.000000 -0.252381 -0.967628
v 0.802452 0.188473 1.159193 0.010962 0.010962 0.010962
vn 0.000000 -0.252381 -0.967628
v 0.612843 0.188473 1.159193 0.010962 0.010962 0.010962
vn 0.000000 -0.252381 -0.967628
f 7366//7366 7367//7367 7368//7368
v 0.612843 0.188473 1.159193 0.010962 0.010962 0.010962
vn 0.000000 -0.697515 -0.716570
v 0.802452 0.188473 1.159193 0.010962 0.010962 0.010962
vn 0.000000 -0.697515 -0.716570
v 0.802452 0.050501 1.293496 0.010962 0.010962 0.010962
vn 0.000000 -0.697515 -0.716570
f 7369//7369 7370//7370 7371//7371
v 0.612843 0.188473 1.159193 0.010962 0.010962 0.010962
vn 0.000000 -0.697515 -0.716570
v 0.802452 0.050501 1.293496 0.010962 0.010962 0.010962
vn 0.000000 -0.697515 -0.716570
v 0.612843 0.050501 1.293496 0.010962 0.010962 0.010962
vn 0.000000 -0.697515 -0.716570
f 7372//7372 7373//7373 7374//7374
v 0.612843 0.050501 1.293496 0.010962 0.010962 0.010962
vn 0.000000 -0.964139 -0.265396
v 0.802452 0.050501 1.293496 0.010962 0.010962 0.010962
vn 0.000000 -0.964139 -0.265396
v 0.802452 0.000000 1.476959 0.010962 0.010962 0.010962
vn 0.000000 -0.964139 -0.265396
f 7375//7375 7376//7376 7377//7377
v 0.612843 0.050501 1.293496 0.010962 0.010962 0.010962
vn 0.000000 -0.964139 -0.265396
v 0.802452 0.000000 1.476959 0.010962 0.010962 0.010962
vn 0.000000 -0.964139 -0.265396
v 0.612843 0.000000 1.476959 0.010962 0.010962 0.010962
vn 0.000000 -0.964139 -0.265396
f 7378//7378 7379//7379 7380//7380
v 0.612843 0.000000 1.476959 0.010962 0.010962 0.010962
vn 0.000000 -0.964139 0.265398
v 0.802452 0.000000 1.476959 0.010962 0.010962 0.010962
vn 0.000000 -0.964139 0.265398
v 0.802452 0.050501 1.660420 0.010962 0.010962 0.010962
vn 0.000000 -0.964139 0.265398
f 7381//7381 7382//7382 7383//7383
v 0.612843 0.000000 1.476959 0.010962 0.010962 0.010962
vn 0.000000 -0.964139 0.265398
v 0.802452 0.050501 1.660420 0.010962 0.010962 0.010962
vn 0.000000 -0.964139 0.265398
v 0.612843 0.050501 1.660420 0.010962 0.010962 0.010962
vn 0.000000 -0.964139 0.265398
f 7384//7384 7385//7385 7386//7386
v 0.612843 0.050501 1.660420 0.010962 0.010962 0.010962
vn 0.000000 -0.697518 0.716567
v 0.802452 0.050501 1.660420 0.010962 0.010962 0.010962
vn 0.000000 -0.697518 0.716567
v 0.802452 0.188473 1.794725 0.010962 0.010962 0.010962
vn 0.000000 -0.697518 0.716567
f 7387//7387 7388//7388 7389//7389
v 0.612843 0.050501 1.660420 0.010962 0.010962 0.010962
vn 0.000000 -0.697518 0.716567
v 0.802452 0.188473 1.794725 0.010962 0.010962 0.010962
vn 0.000000 -0.697518 0.716567
v 0.612843 0.188473 1.794725 0.010962 0.010962 0.010962
vn 0.000000 -0.697518 0.716567
f 7390//7390 7391//7391 7392//7392
v 0.612843 0.188473 1.794725 0.010962 0.010962 0.010962
vn 0.000000 -0.252381 0.967628
v 0.802452 0.188473 1.794725 0.010962 0.010962 0.010962
vn 0.000000 -0.252381 0.967628
v 0.802452 0.376946 1.843883 0.010962 0.010962 0.010962
vn 0.000000 -0.252381 0.967628
f 7393//7393 7394//7394 7395//7395
v 0.612843 0.188473 1.794725 0.010962 0.010962 0.010962
vn 0.000000 -0.252381 0.967628
v 0.802452 0.376946 1.843883 0.010962 0.010962 0.010962
vn 0.000000 -0.252381 0.967628
v 0.612843 0.376946 1.843883 0.010962 0.010962 0.010962
vn 0.000000 -0.252381 0.967628
f 7396//7396 7397//7397 7398//7398
v 0.612843 0.376946 1.843883 0.010962 0.010962 0.010962
vn 0.000000 0.252379 0.967628
v 0.802452 0.376946 1.843883 0.010962 0.010962 0.010962
vn 0.000000 0.252379 0.967628
v 0.802452 0.565421 1.794725 0.010962 0.010962 0.010962
vn 0.000000 0.252379 0.967628
f 7399//7399 7400//7400 7401//7401
v 0.612843 0.376946 1.843883 0.010962 0.010962 0.010962
vn 0.000000 0.252379 0.967628
v 0.802452 0.565421 1.794725 0.010962 0.010962 0.010962
vn 0.000000 0.252379 0.967628
v 0.612843 0.565421 1.794725 0.010962 0.010962 0.010962
vn 0.000000 0.252379 0.967628
f 7402//7402 7403//7403 7404//7404
v 0.612843 0.565421 1.794725 0.010962 0.010962 0.010962
vn 0.000000 0.697518 0.716567
v 0.802452 0.565421 1.794725 0.010962 0.010962 0.010962
vn 0.000000 0.697518 0.716567
v 0.802452 0.703392 1.660420 0.010962 0.010962 0.010962
vn 0.000000 0.697518 0.716567
f 7405//7405 7406//7406 7407//7407
v 0.612843 0.565421 1.794725 0.010962 0.010962 0.010962
vn 0.000000 0.697518 0.716567
v 0.802452 0.703392 1.660420 0.010962 0.010962 0.010962
vn 0.000000 0.697518 0.716567
v 0.612843 0.703392 1.660420 0.010962 0.010962 0.010962
vn 0.000000 0.697518 0.716567
f 7408//7408 7409//7409 7410//7410
v 0.612843 0.703392 1.660420 0.010962 0.010962 0.010962
vn 0.000000 0.964139 0.265398
v 0.802452 0.703392 1.660420 0.010962 0.010962 0.010962
vn 0.000000 0.964139 0.265398
v 0.802452 0.753894 1.476959 0.010962 0.010962 0.010962
vn 0.000000 0.964139 0.265398
f 7411//7411 7412//7412 7413//7413
v 0.612843 0.703392 1.660420 0.010962 0.010962 0.010962
vn 0.000000 0.964139 0.265398
v 0.802452 0.753894 1.476959 0.010962 0.010962 0.010962
vn 0.000000 0.964139 0.265398
v 0.612843 0.753894 1.476959 0.010962 0.010962 0.010962
vn 0.000000 0.964139 0.265398
f 7414//7414 7415//7415 7416//7416
v 0.612843 0.753894 1.476959 0.010962 0.010962 0.010962
vn 0.000000 0.964139 -0.265398
v 0.802452 0.753894 1.476959 0.010962 0.010962 0.010962
vn 0.000000 0.964139 -0.265398
v 0.802452 0.703392 1.293497 0.010962 0.010962 0.010962
vn 0.000000 0.964139 -0.265398
f 7417//7417 7418//7418 7419//7419
v 0.612843 0.753894 1.476959 0.010962 0.010962 0.010962
vn 0.000000 0.964139 -0.265398
v 0.802452 0.703392 1.293497 0.010962 0.010962 0.010962
vn 0.000000 0.964139 -0.265398
v 0.612843 0.703392 1.293497 0.010962 0.010962 0.010962
vn 0.000000 0.964139 -0.265398
f 7420//7420 7421//7421 7422//7422
v 0.802452 0.376946 1.843883 0.010962 0.010962 0.010962
vn 0.930064 -0.092724 0.355504
v 0.802452 0.188473 1.794725 0.010962 0.010962 0.010962
vn 0.930064 -0.092724 0.355504
v 0.836511 0.234242 1.717558 0.010962 0.010962 0.010962
vn 0.930064 -0.092724 0.355504
f 7423//7423 7424//7424 7425//7425
v 0.802452 0.376946 1.843883 0.010962 0.010962 0.010962
vn 0.930066 -0.092721 0.355501
v 0.836511 0.234242 1.717558 0.010962 0.010962 0.010962
vn 0.930066 -0.092721 0.355501
v 0.836511 0.376946 1.754778 0.010962 0.010962 0.010962
vn 0.930066 -0.092721 0.355501
f 7426//7426 7427//7427 7428//7428
v 0.612843 0.703392 1.293497 0.010962 0.010962 0.010962
vn 0.000000 0.697518 -0.716567
v 0.802452 0.703392 1.293497 0.010962 0.010962 0.010962
vn 0.000000 0.697518 -0.716567
v 0.802452 0.565421 1.159193 0.010962 0.010962 0.010962
vn 0.000000 0.697518 -0.716567
f 7429//7429 7430//7430 7431//7431
v 0.612843 0.703392 1.293497 0.010962 0.010962 0.010962
vn 0.000000 0.697518 -0.716567
v 0.802452 0.565421 1.159193 0.010962 0.010962 0.010962
vn 0.000000 0.697518 -0.716567
v 0.612843 0.565421 1.159193 0.010962 0.010962 0.010962
vn 0.000000 0.697518 -0.716567
f 7432//7432 7433//7433 7434//7434
v 0.612843 0.565421 1.159193 0.010962 0.010962 0.010962
vn 0.000000 0.252379 -0.967628
v 0.802452 0.565421 1.159193 0.010962 0.010962 0.010962
vn 0.000000 0.252379 -0.967628
v 0.802452 0.376946 1.110035 0.010962 0.010962 0.010962
vn 0.000000 0.252379 -0.967628
f 7435//7435 7436//7436 7437//7437
v 0.612843 0.565421 1.159193 0.010962 0.010962 0.010962
vn 0.000000 0.252379 -0.967628
v 0.802452 0.376946 1.110035 0.010962 0.010962 0.010962
vn 0.000000 0.252379 -0.967628
v 0.612843 0.376946 1.110035 0.010962 0.010962 0.010962
vn 0.000000 0.252379 -0.967628
f 7438//7438 7439//7439 7440//7440
v 0.612843 0.376946 1.110035 0.010962 0.010962 0.010962
vn -1.000000 0.000000 0.000000
v 0.612843 0.188473 1.159193 0.010962 0.010962 0.010962
vn -1.000000 0.000000 0.000000
v 0.612843 0.050501 1.293496 0.010962 0.010962 0.010962
vn -1.000000 0.000000 0.000000
f 7441//7441 7442//7442 7443//7443
v 0.612843 0.376946 1.110035 0.010962 0.010962 0.010962
vn -1.000000 0.000000 0.000000
v 0.612843 0.050501 1.293496 0.010962 0.010962 0.010962
vn -1.000000 0.000000 0.000000
v 0.612843 0.000000 1.476959 0.010962 0.010962 0.010962
vn -1.000000 0.000000 0.000000
f 7444//7444 7445//7445 7446//7446
v 0.612843 0.376946 1.110035 0.010962 0.010962 0.010962
vn -1.000000 0.000000 0.000000
v 0.612843 0.000000 1.476959 0.010962 0.010962 0.010962
vn -1.000000 0.000000 0.000000
v 0.612843 0.050501 1.660420 0.010962 0.010962 0.010962
vn -1.000000 0.000000 0.000000
f 7447//7447 7448//7448 7449//7449
v 0.612843 0.376946 1.110035 0.010962 0.010962 0.010962
vn -1.000000 0.000000 0.000000
v 0.612843 0.050501 1.660420 0.010962 0.010962 0.010962
vn -1.000000 0.000000 0.000000
v 0.612843 0.188473 1.794725 0.010962 0.010962 0.010962
vn -1.000000 0.000000 0.000000
f 7450//7450 7451//7451 7452//7452
v 0.612843 0.376946 1.110035 0.010962 0.010962 0.010962
vn -1.000000 0.000000 0.000000
v 0.612843 0.188473 1.794725 0.010962 0.010962 0.010962
vn -1.000000 0.000000 0.000000
v 0.612843 0.376946 1.843883 0.010962 0.010962 0.010962
vn -1.000000 0.000000 0.000000
f 7453//7453 7454//7454 7455//7455
v 0.612843 0.376946 1.110035 0.010962 0.010962 0.010962
vn -1.000000 0.000000 0.000000
v 0.612843 0.376946 1.843883 0.010962 0.010962 0.010962
vn -1.000000 0.000000 0.000000
v 0.612843 0.565421 1.794725 0.010962 0.010962 0.010962
vn -1.000000 0.000000 0.000000
f 7456//7456 7457//7457 7458//7458
v 0.612843 0.376946 1.110035 0.010962 0.010962 0.010962
vn -1.000000 0.000000 0.000000
v 0.612843 0.565421 1.794725 0.010962 0.010962 0.010962
vn -1.000000 0.000000 0.000000
v 0.612843 0.703392 1.660420 0.010962 0.010962 0.010962
vn -1.000000 0.000000 0.000000
f 7459//7459 7460//7460 7461//7461
v 0.612843 0.376946 1.110035 0.010962 0.010962 0.010962
vn -1.000000 0.000000 0.000000
v 0.612843 0.703392 1.660420 0.010962 0.010962 0.010962
vn -1.000000 0.000000 0.000000
v 0.612843 0.753894 1.476959 0.010962 0.010962 0.010962
vn -1.000000 0.000000 0.000000
f 7462//7462 7463//7463 7464//7464
v 0.612843 0.376946 1.110035 0.010962 0.010962 0.010962
vn -1.000000 0.000000 0.000000
v 0.612843 0.753894 1.476959 0.010962 0.010962 0.010962
vn -1.000000 0.000000 0.000000
v 0.612843 0.703392 1.293497 0.010962 0.010962 0.010962
vn -1.000000 0.000000 0.000000
f 7465//7465 7466//7466 7467//7467
v 0.612843 0.376946 1.110035 0.010962 0.010962 0.010962
vn -1.000000 0.000000 0.000000
v 0.612843 0.703392 1.293497 0.010962 0.010962 0.010962
vn -1.000000 0.000000 0.000000
v 0.612843 0.565421 1.159193 0.010962 0.010962 0.010962
vn -1.000000 0.000000 0.000000
f 7468//7468 7469//7469 7470//7470
v 0.836511 0.376946 1.754778 0.010962 0.010962 0.010962
vn 1.000000 0.000000 0.000000
v 0.836511 0.234242 1.717558 0.010962 0.010962 0.010962
vn 1.000000 0.000000 0.000000
v 0.836511 0.252361 1.687010 0.010962 0.010962 0.010962
vn 1.000000 0.000000 0.000000
f 7471//7471 7472//7472 7473//7473
v 0.836511 0.376946 1.754778 0.010962 0.010962 0.010962
vn 1.000000 0.000000 0.000000
v 0.836511 0.252361 1.687010 0.010962 0.010962 0.010962
vn 1.000000 0.000000 0.000000
v 0.836511 0.376946 1.719505 0.010962 0.010962 0.010962
vn 1.000000 0.000000 0.000000
f 7474//7474 7475//7475 7476//7476
v 0.802452 0.188473 1.794725 0.010962 0.010962 0.010962
vn 0.931499 -0.253719 0.260647
v 0.802452 0.050501 1.660420 0.010962 0.010962 0.010962
vn 0.931499 -0.253719 0.260647
v 0.836511 0.129776 1.615868 0.010962 0.010962 0.010962
vn 0.931499 -0.253719 0.260647
f 7477//7477 7478//7478 7479//7479
v 0.802452 0.188473 1.794725 0.010962 0.010962 0.010962
vn 0.931498 -0.253719 0.260647
v 0.836511 0.129776 1.615868 0.010962 0.010962 0.010962
vn 0.931498 -0.253719 0.260647
v 0.836511 0.234242 1.717558 0.010962 0.010962 0.010962
vn 0.931498 -0.253719 0.260647
f 7480//7480 7481//7481 7482//7482
v 0.802452 0.050501 1.660420 0.010962 0.010962 0.010962
vn 0.932940 -0.347122 0.095552
v 0.802452 0.000000 1.476959 0.010962 0.010962 0.010962
vn 0.932940 -0.347122 0.095552
v 0.836511 0.091538 1.476959 0.010962 0.010962 0.010962
vn 0.932940 -0.347122 0.095552
f 7483//7483 7484//7484 7485//7485
v 0.802452 0.050501 1.660420 0.010962 0.010962 0.010962
vn 0.932940 -0.347121 0.095552
v 0.836511 0.091538 1.476959 0.010962 0.010962 0.010962
vn 0.932940 -0.347121 0.095552
v 0.836511 0.129776 1.615868 0.010962 0.010962 0.010962
vn 0.932940 -0.347121 0.095552
f 7486//7486 7487//7487 7488//7488
v 0.802452 0.376946 1.110035 0.010962 0.010962 0.010962
vn 0.930064 0.092724 -0.355504
v 0.802452 0.565421 1.159193 0.010962 0.010962 0.010962
vn 0.930064 0.092724 -0.355504
v 0.836511 0.519652 1.236360 0.010962 0.010962 0.010962
vn 0.930064 0.092724 -0.355504
f 7489//7489 7490//7490 7491//7491
v 0.802452 0.376946 1.110035 0.010962 0.010962 0.010962
vn 0.930064 0.092724 -0.355505
v 0.836511 0.519652 1.236360 0.010962 0.010962 0.010962
vn 0.930064 0.092724 -0.355505
v 0.836511 0.376946 1.199139 0.010962 0.010962 0.010962
vn 0.930064 0.092724 -0.355505
f 7492//7492 7493//7493 7494//7494
v 0.802452 0.188473 1.159193 0.010962 0.010962 0.010962
vn 0.930064 -0.092724 -0.355505
v 0.802452 0.376946 1.110035 0.010962 0.010962 0.010962
vn 0.930064 -0.092724 -0.355505
v 0.836511 0.376946 1.199139 0.010962 0.010962 0.010962
vn 0.930064 -0.092724 -0.355505
f 7495//7495 7496//7496 7497//7497
v 0.802452 0.188473 1.159193 0.010962 0.010962 0.010962
vn 0.930064 -0.092725 -0.355504
v 0.836511 0.376946 1.199139 0.010962 0.010962 0.010962
vn 0.930064 -0.092725 -0.355504
v 0.836511 0.234242 1.236360 0.010962 0.010962 0.010962
vn 0.930064 -0.092725 -0.355504
f 7498//7498 7499//7499 7500//7500
v 0.802452 0.000000 1.476959 0.010962 0.010962 0.010962
vn 0.932940 -0.347120 -0.095551
v 0.802452 0.050501 1.293496 0.010962 0.010962 0.010962
vn 0.932940 -0.347120 -0.095551
v 0.836511 0.129776 1.338049 0.010962 0.010962 0.010962
vn 0.932940 -0.347120 -0.095551
f 7501//7501 7502//7502 7503//7503
v 0.802452 0.000000 1.476959 0.010962 0.010962 0.010962
vn 0.932940 -0.347122 -0.095552
v 0.836511 0.129776 1.338049 0.010962 0.010962 0.010962
vn 0.932940 -0.347122 -0.095552
v 0.836511 0.091538 1.476959 0.010962 0.010962 0.010962
vn 0.932940 -0.347122 -0.095552
f 7504//7504 7505//7505 7506//7506
v 0.802452 0.565421 1.159193 0.010962 0.010962 0.010962
vn 0.931499 0.253719 -0.260647
v 0.802452 0.703392 1.293497 0.010962 0.010962 0.010962
vn 0.931499 0.253719 -0.260647
v 0.836511 0.624118 1.338049 0.010962 0.010962 0.010962
vn 0.931499 0.253719 -0.260647
f 7507//7507 7508//7508 7509//7509
v 0.802452 0.565421 1.159193 0.010962 0.010962 0.010962
vn 0.931498 0.253719 -0.260647
v 0.836511 0.624118 1.338049 0.010962 0.010962 0.010962
vn 0.931498 0.253719 -0.260647
v 0.836511 0.519652 1.236360 0.010962 0.010962 0.010962
vn 0.931498 0.253719 -0.260647
f 7510//7510 7511//7511 7512//7512
v 0.802452 0.050501 1.293496 0.010962 0.010962 0.010962
vn 0.931499 -0.253718 -0.260649
v 0.802452 0.188473 1.159193 0.010962 0.010962 0.010962
vn 0.931499 -0.253718 -0.260649
v 0.836511 0.234242 1.236360 0.010962 0.010962 0.010962
vn 0.931499 -0.253718 -0.260649
f 7513//7513 7514//7514 7515//7515
v 0.802452 0.050501 1.293496 0.010962 0.010962 0.010962
vn 0.931500 -0.253717 -0.260645
v 0.836511 0.234242 1.236360 0.010962 0.010962 0.010962
vn 0.931500 -0.253717 -0.260645
v 0.836511 0.129776 1.338049 0.010962 0.010962 0.010962
vn 0.931500 -0.253717 -0.260645
f 7516//7516 7517//7517 7518//7518
v 0.802452 0.703392 1.293497 0.010962 0.010962 0.010962
vn 0.932940 0.347122 -0.095552
v 0.802452 0.753894 1.476959 0.010962 0.010962 0.010962
vn 0.932940 0.347122 -0.095552
v 0.836511 0.662356 1.476959 0.010962 0.010962 0.010962
vn 0.932940 0.347122 -0.095552
f 7519//7519 7520//7520 7521//7521
v 0.802452 0.703392 1.293497 0.010962 0.010962 0.010962
vn 0.932940 0.347121 -0.095552
v 0.836511 0.662356 1.476959 0.010962 0.010962 0.010962
vn 0.932940 0.347121 -0.095552
v 0.836511 0.624118 1.338049 0.010962 0.010962 0.010962
vn 0.932940 0.347121 -0.095552
f 7522//7522 7523//7523 7524//7524
v 0.802452 0.753894 1.476959 0.010962 0.010962 0.010962
vn 0.932940 0.347121 0.095552
v 0.802452 0.703392 1.660420 0.010962 0.010962 0.010962
vn 0.932940 0.347121 0.095552
v 0.836511 0.624118 1.615868 0.010962 0.010962 0.010962
vn 0.932940 0.347121 0.095552
f 7525//7525 7526//7526 7527//7527
v 0.802452 0.753894 1.476959 0.010962 0.010962 0.010962
vn 0.932940 0.347122 0.095552
v 0.836511 0.624118 1.615868 0.010962 0.010962 0.010962
vn 0.932940 0.347122 0.095552
v 0.836511 0.662356 1.476959 0.010962 0.010962 0.010962
vn 0.932940 0.347122 0.095552
f 7528//7528 7529//7529 7530//7530
v 0.802452 0.703392 1.660420 0.010962 0.010962 0.010962
vn 0.931498 0.253719 0.260648
v 0.802452 0.565421 1.794725 0.010962 0.010962 0.010962
vn 0.931498 0.253719 0.260648
v 0.836511 0.519652 1.717558 0.010962 0.010962 0.010962
vn 0.931498 0.253719 0.260648
f 7531//7531 7532//7532 7533//7533
v 0.802452 0.703392 1.660420 0.010962 0.010962 0.010962
vn 0.931499 0.253719 0.260647
v 0.836511 0.519652 1.717558 0.010962 0.010962 0.010962
vn 0.931499 0.253719 0.260647
v 0.836511 0.624118 1.615868 0.010962 0.010962 0.010962
vn 0.931499 0.253719 0.260647
f 7534//7534 7535//7535 7536//7536
v 0.802452 0.565421 1.794725 0.010962 0.010962 0.010962
vn 0.930065 0.092723 0.355501
v 0.802452 0.376946 1.843883 0.010962 0.010962 0.010962
vn 0.930065 0.092723 0.355501
v 0.836511 0.376946 1.754778 0.010962 0.010962 0.010962
vn 0.930065 0.092723 0.355501
f 7537//7537 7538//7538 7539//7539
v 0.802452 0.565421 1.794725 0.010962 0.010962 0.010962
vn 0.930064 0.092721 0.355506
v 0.836511 0.376946 1.754778 0.010962 0.010962 0.010962
vn 0.930064 0.092721 0.355506
v 0.836511 0.519652 1.717558 0.010962 0.010962 0.010962
vn 0.930064 0.092721 0.355506
f 7540//7540 7541//7541 7542//7542
v 0.836511 0.626119 1.476959 0.010962 0.010962 0.010962
vn 0.000000 -0.964138 -0.265402
v 0.836511 0.592735 1.598232 0.010962 0.010962 0.010962
vn 0.000000 -0.964138 -0.265402
v 0.808800 0.592735 1.598232 0.010962 0.010962 0.010962
vn 0.000000 -0.964138 -0.265402
f 7543//7543 7544//7544 7545//7545
v 0.836511 0.626119 1.476959 0.010962 0.010962 0.010962
vn 0.000000 -0.964138 -0.265402
v 0.808800 0.592735 1.598232 0.010962 0.010962 0.010962
vn 0.000000 -0.964138 -0.265402
v 0.808800 0.626119 1.476959 0.010962 0.010962 0.010962
vn 0.000000 -0.964138 -0.265402
f 7546//7546 7547//7547 7548//7548
v 0.836511 0.091538 1.476959 0.010962 0.010962 0.010962
vn 1.000000 0.000000 0.000000
v 0.836511 0.129776 1.338049 0.010962 0.010962 0.010962
vn 1.000000 0.000000 0.000000
v 0.836511 0.161158 1.355685 0.010962 0.010962 0.010962
vn 1.000000 0.000000 0.000000
f 7549//7549 7550//7550 7551//7551
v 0.836511 0.091538 1.476959 0.010962 0.010962 0.010962
vn 1.000000 0.000000 0.000000
v 0.836511 0.161158 1.355685 0.010962 0.010962 0.010962
vn 1.000000 0.000000 0.000000
v 0.836511 0.127775 1.476959 0.010962 0.010962 0.010962
vn 1.000000 0.000000 0.000000
f 7552//7552 7553//7553 7554//7554
v 0.836511 0.624118 1.338049 0.010962 0.010962 0.010962
vn 1.000000 0.000000 0.000000
v 0.836511 0.662356 1.476959 0.010962 0.010962 0.010962
vn 1.000000 0.000000 0.000000
v 0.836511 0.626119 1.476959 0.010962 0.010962 0.010962
vn 1.000000 0.000000 0.000000
f 7555//7555 7556//7556 7557//7557
v 0.836511 0.624118 1.338049 0.010962 0.010962 0.010962
vn 1.000000 0.000000 0.000000
v 0.836511 0.626119 1.476959 0.010962 0.010962 0.010962
vn 1.000000 0.000000 0.000000
v 0.836511 0.592735 1.355685 0.010962 0.010962 0.010962
vn 1.000000 0.000000 0.000000
f 7558//7558 7559//7559 7560//7560
v 0.836511 0.519652 1.717558 0.010962 0.010962 0.010962
vn 1.000000 0.000000 0.000000
v 0.836511 0.376946 1.754778 0.010962 0.010962 0.010962
vn 1.000000 0.000000 0.000000
v 0.836511 0.376946 1.719505 0.010962 0.010962 0.010962
vn 1.000000 0.000000 0.000000
f 7561//7561 7562//7562 7563//7563
v 0.836511 0.519652 1.717558 0.010962 0.010962 0.010962
vn 1.000000 0.000000 0.000000
v 0.836511 0.376946 1.719505 0.010962 0.010962 0.010962
vn 1.000000 0.000000 0.000000
v 0.836511 0.501533 1.687010 0.010962 0.010962 0.010962
vn 1.000000 0.000000 0.000000
f 7564//7564 7565//7565 7566//7566
v 0.836511 0.129776 1.615868 0.010962 0.010962 0.010962
vn 1.000000 0.000000 0.000000
v 0.836511 0.091538 1.476959 0.010962 0.010962 0.010962
vn 1.000000 0.000000 0.000000
v 0.836511 0.127775 1.476959 0.010962 0.010962 0.010962
vn 1.000000 0.000000 0.000000
f 7567//7567 7568//7568 7569//7569
v 0.836511 0.129776 1.615868 0.010962 0.010962 0.010962
vn 1.000000 0.000000 0.000000
v 0.836511 0.127775 1.476959 0.010962 0.010962 0.010962
vn 1.000000 0.000000 0.000000
v 0.836511 0.161158 1.598232 0.010962 0.010962 0.010962
vn 1.000000 0.000000 0.000000
f 7570//7570 7571//7571 7572//7572
v 0.836511 0.519652 1.236360 0.010962 0.010962 0.010962
vn 1.000000 0.000000 0.000000
v 0.836511 0.624118 1.338049 0.010962 0.010962 0.010962
vn 1.000000 0.000000 0.000000
v 0.836511 0.592735 1.355685 0.010962 0.010962 0.010962
vn 1.000000 0.000000 0.000000
f 7573//7573 7574//7574 7575//7575
v 0.836511 0.519652 1.236360 0.010962 0.010962 0.010962
vn 1.000000 0.000000 0.000000
v 0.836511 0.592735 1.355685 0.010962 0.010962 0.010962
vn 1.000000 0.000000 0.000000
v 0.836511 0.501533 1.266908 0.010962 0.010962 0.010962
vn 1.000000 0.000000 0.000000
f 7576//7576 7577//7577 7578//7578
v 0.836511 0.234242 1.236360 0.010962 0.010962 0.010962
vn 1.000000 0.000000 0.000000
v 0.836511 0.376946 1.199139 0.010962 0.010962 0.010962
vn 1.000000 0.000000 0.000000
v 0.836511 0.376946 1.234413 0.010962 0.010962 0.010962
vn 1.000000 0.000000 0.000000
f 7579//7579 7580//7580 7581//7581
v 0.836511 0.234242 1.236360 0.010962 0.010962 0.010962
vn 1.000000 0.000000 0.000000
v 0.836511 0.376946 1.234413 0.010962 0.010962 0.010962
vn 1.000000 0.000000 0.000000
v 0.836511 0.252361 1.266908 0.010962 0.010962 0.010962
vn 1.000000 0.000000 0.000000
f 7582//7582 7583//7583 7584//7584
v 0.836511 0.624118 1.615868 0.010962 0.010962 0.010962
vn 1.000000 0.000000 0.000000
v 0.836511 0.519652 1.717558 0.010962 0.010962 0.010962
vn 1.000000 0.000000 0.000000
v 0.836511 0.501533 1.687010 0.010962 0.010962 0.010962
vn 1.000000 0.000000 0.000000
f 7585//7585 7586//7586 7587//7587
v 0.836511 0.624118 1.615868 0.010962 0.010962 0.010962
vn 1.000000 0.000000 0.000000
v 0.836511 0.501533 1.687010 0.010962 0.010962 0.010962
vn 1.000000 0.000000 0.000000
v 0.836511 0.592735 1.598232 0.010962 0.010962 0.010962
vn 1.000000 0.000000 0.000000
f 7588//7588 7589//7589 7590//7590
v 0.836511 0.234242 1.717558 0.010962 0.010962 0.010962
vn 1.000000 0.000000 0.000000
v 0.836511 0.129776 1.615868 0.010962 0.010962 0.010962
vn 1.000000 0.000000 0.000000
v 0.836511 0.161158 1.598232 0.010962 0.010962 0.010962
vn 1.000000 0.000000 0.000000
f 7591//7591 7592//7592 7593//7593
v 0.836511 0.234242 1.717558 0.010962 0.010962 0.010962
vn 1.000000 0.000000 0.000000
v 0.836511 0.161158 1.598232 0.010962 0.010962 0.010962
vn 1.000000 0.000000 0.000000
v 0.836511 0.252361 1.687010 0.010962 0.010962 0.010962
vn 1.000000 0.000000 0.000000
f 7594//7594 7595//7595 7596//7596
v 0.836511 0.376946 1.199139 0.010962 0.010962 0.010962
vn 1.000000 0.000000 0.000000
v 0.836511 0.519652 1.236360 0.010962 0.010962 0.010962
vn 1.000000 0.000000 0.000000
v 0.836511 0.501533 1.266908 0.010962 0.010962 0.010962
vn 1.000000 0.000000 0.000000
f 7597//7597 7598//7598 7599//7599
v 0.836511 0.376946 1.199139 0.010962 0.010962 0.010962
vn 1.000000 0.000000 0.000000
v 0.836511 0.501533 1.266908 0.010962 0.010962 0.010962
vn 1.000000 0.000000 0.000000
v 0.836511 0.376946 1.234413 0.010962 0.010962 0.010962
vn 1.000000 0.000000 0.000000
f 7600//7600 7601//7601 7602//7602
v 0.836511 0.129776 1.338049 0.010962 0.010962 0.010962
vn 1.000000 0.000000 0.000000
v 0.836511 0.234242 1.236360 0.010962 0.010962 0.010962
vn 1.000000 0.000000 0.000000
v 0.836511 0.252361 1.266908 0.010962 0.010962 0.010962
vn 1.000000 0.000000 0.000000
f 7603//7603 7604//7604 7605//7605
v 0.836511 0.129776 1.338049 0.010962 0.010962 0.010962
vn 1.000000 0.000000 0.000000
v 0.836511 0.252361 1.266908 0.010962 0.010962 0.010962
vn 1.000000 0.000000 0.000000
v 0.836511 0.161158 1.355685 0.010962 0.010962 0.010962
vn 1.000000 0.000000 0.000000
f 7606//7606 7607//7607 7608//7608
v 0.836511 0.662356 1.476959 0.010962 0.010962 0.010962
vn 1.000000 0.000000 0.000000
v 0.836511 0.624118 1.615868 0.010962 0.010962 0.010962
vn 1.000000 0.000000 0.000000
v 0.836511 0.592735 1.598232 0.010962 0.010962 0.010962
vn 1.000000 0.000000 0.000000
f 7609//7609 7610//7610 7611//7611
v 0.836511 0.662356 1.476959 0.010962 0.010962 0.010962
vn 1.000000 0.000000 0.000000
v 0.836511 0.592735 1.598232 0.010962 0.010962 0.010962
vn 1.000000 0.000000 0.000000
v 0.836511 0.626119 1.476959 0.010962 0.010962 0.010962
vn 1.000000 0.000000 0.000000
f 7612//7612 7613//7613 7614//7614
v 0.836511 0.376946 1.719505 0.010962 0.010962 0.010962
vn 0.000000 0.252379 -0.967629
v 0.836511 0.252361 1.687010 0.010962 0.010962 0.010962
vn 0.000000 0.252379 -0.967629
v 0.808800 0.252361 1.687010 0.010962 0.010962 0.010962
vn 0.000000 0.252379 -0.967629
f 7615//7615 7616//7616 7617//7617
v 0.836511 0.376946 1.719505 0.010962 0.010962 0.010962
vn 0.000000 0.252379 -0.967629
v 0.808800 0.252361 1.687010 0.010962 0.010962 0.010962
vn 0.000000 0.252379 -0.967629
v 0.808800 0.376946 1.719505 0.010962 0.010962 0.010962
vn 0.000000 0.252379 -0.967629
f 7618//7618 7619//7619 7620//7620
v 0.836511 0.127775 1.476959 0.010962 0.010962 0.010962
vn 0.000000 0.964138 0.265402
v 0.836511 0.161158 1.355685 0.010962 0.010962 0.010962
vn 0.000000 0.964138 0.265402
v 0.808800 0.161158 1.355685 0.010962 0.010962 0.010962
vn 0.000000 0.964138 0.265402
f 7621//7621 7622//7622 7623//7623
v 0.836511 0.127775 1.476959 0.010962 0.010962 0.010962
vn 0.000000 0.964138 0.265402
v 0.808800 0.161158 1.355685 0.010962 0.010962 0.010962
vn 0.000000 0.964138 0.265402
v 0.808800 0.127775 1.476959 0.010962 0.010962 0.010962
vn 0.000000 0.964138 0.265402
f 7624//7624 7625//7625 7626//7626
v 0.836511 0.592735 1.355685 0.010962 0.010962 0.010962
vn 0.000000 -0.964138 0.265402
v 0.836511 0.626119 1.476959 0.010962 0.010962 0.010962
vn 0.000000 -0.964138 0.265402
v 0.808800 0.626119 1.476959 0.010962 0.010962 0.010962
vn 0.000000 -0.964138 0.265402
f 7627//7627 7628//7628 7629//7629
v 0.836511 0.592735 1.355685 0.010962 0.010962 0.010962
vn 0.000000 -0.964138 0.265402
v 0.808800 0.626119 1.476959 0.010962 0.010962 0.010962
vn 0.000000 -0.964138 0.265402
v 0.808800 0.592735 1.355685 0.010962 0.010962 0.010962
vn 0.000000 -0.964138 0.265402
f 7630//7630 7631//7631 7632//7632
v 0.836511 0.501533 1.687010 0.010962 0.010962 0.010962
vn 0.000000 -0.252377 -0.967629
v 0.836511 0.376946 1.719505 0.010962 0.010962 0.010962
vn 0.000000 -0.252377 -0.967629
v 0.808800 0.376946 1.719505 0.010962 0.010962 0.010962
vn 0.000000 -0.252377 -0.967629
f 7633//7633 7634//7634 7635//7635
v 0.836511 0.501533 1.687010 0.010962 0.010962 0.010962
vn 0.000000 -0.252377 -0.967629
v 0.808800 0.376946 1.719505 0.010962 0.010962 0.010962
vn 0.000000 -0.252377 -0.967629
v 0.808800 0.501533 1.687010 0.010962 0.010962 0.010962
vn 0.000000 -0.252377 -0.967629
f 7636//7636 7637//7637 7638//7638
v 0.836511 0.161158 1.598232 0.010962 0.010962 0.010962
vn 0.000000 0.964138 -0.265402
v 0.836511 0.127775 1.476959 0.010962 0.010962 0.010962
vn 0.000000 0.964138 -0.265402
v 0.808800 0.127775 1.476959 0.010962 0.010962 0.010962
vn 0.000000 0.964138 -0.265402
f 7639//7639 7640//7640 7641//7641
v 0.836511 0.161158 1.598232 0.010962 0.010962 0.010962
vn 0.000000 0.964138 -0.265402
v 0.808800 0.127775 1.476959 0.010962 0.010962 0.010962
vn 0.000000 0.964138 -0.265402
v 0.808800 0.161158 1.598232 0.010962 0.010962 0.010962
vn 0.000000 0.964138 -0.265402
f 7642//7642 7643//7643 7644//7644
v 0.836511 0.501533 1.266908 0.010962 0.010962 0.010962
vn 0.000000 -0.697515 0.716570
v 0.836511 0.592735 1.355685 0.010962 0.010962 0.010962
vn 0.000000 -0.697515 0.716570
v 0.808800 0.592735 1.355685 0.010962 0.010962 0.010962
vn 0.000000 -0.697515 0.716570
f 7645//7645 7646//7646 7647//7647
v 0.836511 0.501533 1.266908 0.010962 0.010962 0.010962
vn 0.000000 -0.697515 0.716570
v 0.808800 0.592735 1.355685 0.010962 0.010962 0.010962
vn 0.000000 -0.697515 0.716570
v 0.808800 0.501533 1.266908 0.010962 0.010962 0.010962
vn 0.000000 -0.697515 0.716570
f 7648//7648 7649//7649 7650//7650
v 0.836511 0.252361 1.266908 0.010962 0.010962 0.010962
vn 0.000000 0.252379 0.967629
v 0.836511 0.376946 1.234413 0.010962 0.010962 0.010962
vn 0.000000 0.252379 0.967629
v 0.808800 0.376946 1.234413 0.010962 0.010962 0.010962
vn 0.000000 0.252379 0.967629
f 7651//7651 7652//7652 7653//7653
v 0.836511 0.252361 1.266908 0.010962 0.010962 0.010962
vn 0.000000 0.252379 0.967629
v 0.808800 0.376946 1.234413 0.010962 0.010962 0.010962
vn 0.000000 0.252379 0.967629
v 0.808800 0.252361 1.266908 0.010962 0.010962 0.010962
vn 0.000000 0.252379 0.967629
f 7654//7654 7655//7655 7656//7656
v 0.836511 0.592735 1.598232 0.010962 0.010962 0.010962
vn 0.000000 -0.697515 -0.716570
v 0.836511 0.501533 1.687010 0.010962 0.010962 0.010962
vn 0.000000 -0.697515 -0.716570
v 0.808800 0.501533 1.687010 0.010962 0.010962 0.010962
vn 0.000000 -0.697515 -0.716570
f 7657//7657 7658//7658 7659//7659
v 0.836511 0.592735 1.598232 0.010962 0.010962 0.010962
vn 0.000000 -0.697515 -0.716570
v 0.808800 0.501533 1.687010 0.010962 0.010962 0.010962
vn 0.000000 -0.697515 -0.716570
v 0.808800 0.592735 1.598232 0.010962 0.010962 0.010962
vn 0.000000 -0.697515 -0.716570
f 7660//7660 7661//7661 7662//7662
v 0.836511 0.252361 1.687010 0.010962 0.010962 0.010962
vn 0.000000 0.697515 -0.716570
v 0.836511 0.161158 1.598232 0.010962 0.010962 0.010962
vn 0.000000 0.697515 -0.716570
v 0.808800 0.161158 1.598232 0.010962 0.010962 0.010962
vn 0.000000 0.697515 -0.716570
f 7663//7663 7664//7664 7665//7665
v 0.836511 0.252361 1.687010 0.010962 0.010962 0.010962
vn 0.000000 0.697515 -0.716570
v 0.808800 0.161158 1.598232 0.010962 0.010962 0.010962
vn 0.000000 0.697515 -0.716570
v 0.808800 0.252361 1.687010 0.010962 0.010962 0.010962
vn 0.000000 0.697515 -0.716570
f 7666//7666 7667//7667 7668//7668
v 0.836511 0.376946 1.234413 0.010962 0.010962 0.010962
vn 0.000000 -0.252377 0.967629
v 0.836511 0.501533 1.266908 0.010962 0.010962 0.010962
vn 0.000000 -0.252377 0.967629
v 0.808800 0.501533 1.266908 0.010962 0.010962 0.010962
vn 0.000000 -0.252377 0.967629
f 7669//7669 7670//7670 7671//7671
v 0.836511 0.376946 1.234413 0.010962 0.010962 0.010962
vn 0.000000 -0.252377 0.967629
v 0.808800 0.501533 1.266908 0.010962 0.010962 0.010962
vn 0.000000 -0.252377 0.967629
v 0.808800 0.376946 1.234413 0.010962 0.010962 0.010962
vn 0.000000 -0.252377 0.967629
f 7672//7672 7673//7673 7674//7674
v 0.836511 0.161158 1.355685 0.010962 0.010962 0.010962
vn 0.000000 0.697515 0.716570
v 0.836511 0.252361 1.266908 0.010962 0.010962 0.010962
vn 0.000000 0.697515 0.716570
v 0.808800 0.252361 1.266908 0.010962 0.010962 0.010962
vn 0.000000 0.697515 0.716570
f 7675//7675 7676//7676 7677//7677
v 0.836511 0.161158 1.355685 0.010962 0.010962 0.010962
vn 0.000000 0.697515 0.716570
v 0.808800 0.252361 1.266908 0.010962 0.010962 0.010962
vn 0.000000 0.697515 0.716570
v 0.808800 0.161158 1.355685 0.010962 0.010962 0.010962
vn 0.000000 0.697515 0.716570
f 7678//7678 7679//7679 7680//7680
v 0.760739 0.364488 1.703490 0.010962 0.010962 0.010962
vn 0.997215 -0.018822 0.072162
v 0.760739 0.264819 1.677493 0.010962 0.010962 0.010962
vn 0.997215 -0.018822 0.072162
v 0.771149 0.337342 1.552557 0.010962 0.010962 0.010962
vn 0.997215 -0.018822 0.072162
f 7681//7681 7682//7682 7683//7683
v 0.760739 0.364488 1.703490 0.010962 0.010962 0.010962
vn 0.997215 -0.018822 0.072162
v 0.771149 0.337342 1.552557 0.010962 0.010962 0.010962
vn 0.997215 -0.018822 0.072162
v 0.771149 0.367376 1.560390 0.010962 0.010962 0.010962
vn 0.997215 -0.018822 0.072162
f 7684//7684 7685//7685 7686//7686
v 0.760739 0.489074 1.677493 0.010962 0.010962 0.010962
vn 0.997215 0.018822 0.072162
v 0.760739 0.389406 1.703490 0.010962 0.010962 0.010962
vn 0.997215 0.018822 0.072162
v 0.771149 0.386518 1.560390 0.010962 0.010962 0.010962
vn 0.997215 0.018822 0.072162
f 7687//7687 7688//7688 7689//7689
v 0.760739 0.489074 1.677493 0.010962 0.010962 0.010962
vn 0.997215 0.018822 0.072162
v 0.771149 0.386518 1.560390 0.010962 0.010962 0.010962
vn 0.997215 0.018822 0.072162
v 0.771149 0.416551 1.552557 0.010962 0.010962 0.010962
vn 0.997215 0.018822 0.072162
f 7690//7690 7691//7691 7692//7692
v 0.760739 0.576044 1.599739 0.010962 0.010962 0.010962
vn 0.997296 0.051263 0.052663
v 0.760739 0.503081 1.670762 0.010962 0.010962 0.010962
vn 0.997296 0.051263 0.052663
v 0.771149 0.427312 1.547385 0.010962 0.010962 0.010962
vn 0.997296 0.051263 0.052663
f 7693//7693 7694//7694 7695//7695
v 0.760739 0.576044 1.599739 0.010962 0.010962 0.010962
vn 0.997296 0.051263 0.052663
v 0.771149 0.427312 1.547385 0.010962 0.010962 0.010962
vn 0.997296 0.051263 0.052663
v 0.771149 0.449298 1.525984 0.010962 0.010962 0.010962
vn 0.997296 0.051263 0.052663
f 7696//7696 7697//7697 7698//7698
v 0.760739 0.609666 1.489086 0.010962 0.010962 0.010962
vn 0.997342 0.070253 0.019338
v 0.760739 0.582960 1.586104 0.010962 0.010962 0.010962
vn 0.997342 0.070253 0.019338
v 0.771149 0.454610 1.515510 0.010962 0.010962 0.010962
vn 0.997342 0.070253 0.019338
f 7699//7699 7700//7700 7701//7701
v 0.760739 0.609666 1.489086 0.010962 0.010962 0.010962
vn 0.997342 0.070253 0.019338
v 0.771149 0.454610 1.515510 0.010962 0.010962 0.010962
vn 0.997342 0.070253 0.019338
v 0.771149 0.462658 1.486275 0.010962 0.010962 0.010962
vn 0.997342 0.070253 0.019338
f 7702//7702 7703//7703 7704//7704
v 0.760739 0.503082 1.283156 0.010962 0.010962 0.010962
vn 0.997296 0.051263 -0.052663
v 0.760739 0.576044 1.354178 0.010962 0.010962 0.010962
vn 0.997296 0.051263 -0.052663
v 0.771149 0.449298 1.427934 0.010962 0.010962 0.010962
vn 0.997296 0.051263 -0.052663
f 7705//7705 7706//7706 7707//7707
v 0.760739 0.503082 1.283156 0.010962 0.010962 0.010962
vn 0.997296 0.051263 -0.052663
v 0.771149 0.449298 1.427934 0.010962 0.010962 0.010962
vn 0.997296 0.051263 -0.052663
v 0.771149 0.427312 1.406533 0.010962 0.010962 0.010962
vn 0.997296 0.051263 -0.052663
f 7708//7708 7709//7709 7710//7710
v 0.760739 0.582960 1.367814 0.010962 0.010962 0.010962
vn 0.997342 0.070253 -0.019338
v 0.760739 0.609666 1.464832 0.010962 0.010962 0.010962
vn 0.997342 0.070253 -0.019338
v 0.771149 0.462658 1.467643 0.010962 0.010962 0.010962
vn 0.997342 0.070253 -0.019338
f 7711//7711 7712//7712 7713//7713
v 0.760739 0.582960 1.367814 0.010962 0.010962 0.010962
vn 0.997342 0.070252 -0.019338
v 0.771149 0.462658 1.467643 0.010962 0.010962 0.010962
vn 0.997342 0.070252 -0.019338
v 0.771149 0.454610 1.438408 0.010962 0.010962 0.010962
vn 0.997342 0.070252 -0.019338
f 7714//7714 7715//7715 7716//7716
v 0.760739 0.389406 1.250428 0.010962 0.010962 0.010962
vn 0.997215 0.018822 -0.072162
v 0.760739 0.489074 1.276424 0.010962 0.010962 0.010962
vn 0.997215 0.018822 -0.072162
v 0.771149 0.416551 1.401361 0.010962 0.010962 0.010962
vn 0.997215 0.018822 -0.072162
f 7717//7717 7718//7718 7719//7719
v 0.760739 0.389406 1.250428 0.010962 0.010962 0.010962
vn 0.997215 0.018822 -0.072162
v 0.771149 0.416551 1.401361 0.010962 0.010962 0.010962
vn 0.997215 0.018822 -0.072162
v 0.771149 0.386518 1.393528 0.010962 0.010962 0.010962
vn 0.997215 0.018822 -0.072162
f 7720//7720 7721//7721 7722//7722
v 0.760739 0.264819 1.276424 0.010962 0.010962 0.010962
vn 0.997215 -0.018822 -0.072162
v 0.760739 0.364488 1.250428 0.010962 0.010962 0.010962
vn 0.997215 -0.018822 -0.072162
v 0.771149 0.367376 1.393528 0.010962 0.010962 0.010962
vn 0.997215 -0.018822 -0.072162
f 7723//7723 7724//7724 7725//7725
v 0.760739 0.264819 1.276424 0.010962 0.010962 0.010962
vn 0.997215 -0.018822 -0.072162
v 0.771149 0.367376 1.393528 0.010962 0.010962 0.010962
vn 0.997215 -0.018822 -0.072162
v 0.771149 0.337342 1.401361 0.010962 0.010962 0.010962
vn 0.997215 -0.018822 -0.072162
f 7726//7726 7727//7727 7728//7728
v 0.760739 0.177850 1.354178 0.010962 0.010962 0.010962
vn 0.997296 -0.051263 -0.052663
v 0.760739 0.250812 1.283156 0.010962 0.010962 0.010962
vn 0.997296 -0.051263 -0.052663
v 0.771149 0.326582 1.406533 0.010962 0.010962 0.010962
vn 0.997296 -0.051263 -0.052663
f 7729//7729 7730//7730 7731//7731
v 0.760739 0.177850 1.354178 0.010962 0.010962 0.010962
vn 0.997296 -0.051263 -0.052663
v 0.771149 0.326582 1.406533 0.010962 0.010962 0.010962
vn 0.997296 -0.051263 -0.052663
v 0.771149 0.304596 1.427934 0.010962 0.010962 0.010962
vn 0.997296 -0.051263 -0.052663
f 7732//7732 7733//7733 7734//7734
v 0.760739 0.144228 1.464832 0.010962 0.010962 0.010962
vn 0.997342 -0.070253 -0.019338
v 0.760739 0.170934 1.367814 0.010962 0.010962 0.010962
vn 0.997342 -0.070253 -0.019338
v 0.771149 0.299283 1.438408 0.010962 0.010962 0.010962
vn 0.997342 -0.070253 -0.019338
f 7735//7735 7736//7736 7737//7737
v 0.760739 0.144228 1.464832 0.010962 0.010962 0.010962
vn 0.997342 -0.070253 -0.019338
v 0.771149 0.299283 1.438408 0.010962 0.010962 0.010962
vn 0.997342 -0.070253 -0.019338
v 0.771149 0.291236 1.467643 0.010962 0.010962 0.010962
vn 0.997342 -0.070253 -0.019338
f 7738//7738 7739//7739 7740//7740
v 0.760739 0.170934 1.586104 0.010962 0.010962 0.010962
vn 0.997342 -0.070253 0.019338
v 0.760739 0.144228 1.489086 0.010962 0.010962 0.010962
vn 0.997342 -0.070253 0.019338
v 0.771149 0.291236 1.486275 0.010962 0.010962 0.010962
vn 0.997342 -0.070253 0.019338
f 7741//7741 7742//7742 7743//7743
v 0.760739 0.170934 1.586104 0.010962 0.010962 0.010962
vn 0.997342 -0.070252 0.019338
v 0.771149 0.291236 1.486275 0.010962 0.010962 0.010962
vn 0.997342 -0.070252 0.019338
v 0.771149 0.299283 1.515510 0.010962 0.010962 0.010962
vn 0.997342 -0.070252 0.019338
f 7744//7744 7745//7745 7746//7746
v 0.760739 0.250812 1.670762 0.010962 0.010962 0.010962
vn 0.997296 -0.051263 0.052663
v 0.760739 0.177850 1.599739 0.010962 0.010962 0.010962
vn 0.997296 -0.051263 0.052663
v 0.771149 0.304596 1.525984 0.010962 0.010962 0.010962
vn 0.997296 -0.051263 0.052663
f 7747//7747 7748//7748 7749//7749
v 0.760739 0.250812 1.670762 0.010962 0.010962 0.010962
vn 0.997296 -0.051263 0.052663
v 0.771149 0.304596 1.525984 0.010962 0.010962 0.010962
vn 0.997296 -0.051263 0.052663
v 0.771149 0.326582 1.547385 0.010962 0.010962 0.010962
vn 0.997296 -0.051263 0.052663
f 7750//7750 7751//7751 7752//7752
v 0.793853 0.339558 1.528279 0.010962 0.010962 0.010962
vn 0.931732 -0.253301 0.260220
v 0.793853 0.324225 1.513354 0.010962 0.010962 0.010962
vn 0.931732 -0.253301 0.260220
v 0.799710 0.337884 1.505678 0.010962 0.010962 0.010962
vn 0.931732 -0.253301 0.260220
f 7753//7753 7754//7754 7755//7755
v 0.793853 0.339558 1.528279 0.010962 0.010962 0.010962
vn 0.931740 -0.253270 0.260220
v 0.799710 0.337884 1.505678 0.010962 0.010962 0.010962
vn 0.931740 -0.253270 0.260220
v 0.799710 0.347444 1.514983 0.010962 0.010962 0.010962
vn 0.931740 -0.253270 0.260220
f 7756//7756 7757//7757 7758//7758
v 0.793853 0.324225 1.440563 0.010962 0.010962 0.010962
vn 0.931738 -0.253289 -0.260208
v 0.793853 0.339558 1.425639 0.010962 0.010962 0.010962
vn 0.931738 -0.253289 -0.260208
v 0.799710 0.347444 1.438935 0.010962 0.010962 0.010962
vn 0.931738 -0.253289 -0.260208
f 7759//7759 7760//7760 7761//7761
v 0.793853 0.324225 1.440563 0.010962 0.010962 0.010962
vn 0.931730 -0.253289 -0.260239
v 0.799710 0.347444 1.438935 0.010962 0.010962 0.010962
vn 0.931730 -0.253289 -0.260239
v 0.799710 0.337884 1.448240 0.010962 0.010962 0.010962
vn 0.931730 -0.253289 -0.260239
f 7762//7762 7763//7763 7764//7764
v 0.793853 0.414336 1.425639 0.010962 0.010962 0.010962
vn 0.931732 0.253301 -0.260220
v 0.793853 0.429668 1.440563 0.010962 0.010962 0.010962
vn 0.931732 0.253301 -0.260220
v 0.799710 0.416010 1.448240 0.010962 0.010962 0.010962
vn 0.931732 0.253301 -0.260220
f 7765//7765 7766//7766 7767//7767
v 0.793853 0.414336 1.425639 0.010962 0.010962 0.010962
vn 0.931740 0.253270 -0.260220
v 0.799710 0.416010 1.448240 0.010962 0.010962 0.010962
vn 0.931740 0.253270 -0.260220
v 0.799710 0.406450 1.438935 0.010962 0.010962 0.010962
vn 0.931740 0.253270 -0.260220
f 7768//7768 7769//7769 7770//7770
v 0.793853 0.429668 1.513354 0.010962 0.010962 0.010962
vn 0.931738 0.253289 0.260208
v 0.793853 0.414336 1.528279 0.010962 0.010962 0.010962
vn 0.931738 0.253289 0.260208
v 0.799710 0.406450 1.514983 0.010962 0.010962 0.010962
vn 0.931738 0.253289 0.260208
f 7771//7771 7772//7772 7773//7773
v 0.793853 0.429668 1.513354 0.010962 0.010962 0.010962
vn 0.931730 0.253289 0.260239
v 0.799710 0.406450 1.514983 0.010962 0.010962 0.010962
vn 0.931730 0.253289 0.260239
v 0.799710 0.416010 1.505678 0.010962 0.010962 0.010962
vn 0.931730 0.253289 0.260239
f 7774//7774 7775//7775 7776//7776
g Grey
v 0.811970 0.316485 1.442980 0.161245 0.161245 0.161245
vn 0.999507 -0.002824 -0.031273
v 0.808800 0.161158 1.355685 0.161245 0.161245 0.161245
vn 0.999507 -0.002824 -0.031273
v 0.808800 0.177850 1.354178 0.161245 0.161245 0.161245
vn 0.999507 -0.002824 -0.031273
f 7777//7777 7778//7778 7779//7779
v 0.811970 0.316485 1.442980 0.161245 0.161245 0.161245
vn 0.869532 0.252133 -0.424668
v 0.808800 0.177850 1.354178 0.161245 0.161245 0.161245
vn 0.869532 0.252133 -0.424668
v 0.808069 0.304596 1.427934 0.161245 0.161245 0.161245
vn 0.869532 0.252133 -0.424668
f 7780//7780 7781//7781 7782//7782
v 0.811970 0.376946 1.409001 0.161245 0.161245 0.161245
vn 0.930319 0.092561 -0.354878
v 0.811970 0.411855 1.418106 0.161245 0.161245 0.161245
vn 0.930319 0.092561 -0.354878
v 0.821731 0.398710 1.440265 0.161245 0.161245 0.161245
vn 0.930319 0.092561 -0.354878
f 7783//7783 7784//7784 7785//7785
v 0.811970 0.376946 1.409001 0.161245 0.161245 0.161245
vn 0.930322 0.092553 -0.354872
v 0.821731 0.398710 1.440265 0.161245 0.161245 0.161245
vn 0.930322 0.092553 -0.354872
v 0.821731 0.376946 1.434589 0.161245 0.161245 0.161245
vn 0.930322 0.092553 -0.354872
f 7786//7786 7787//7787 7788//7788
v 0.808800 0.592735 1.598232 0.161245 0.161245 0.161245
vn 0.777361 0.320177 -0.541477
v 0.811970 0.437408 1.510938 0.161245 0.161245 0.161245
vn 0.777361 0.320177 -0.541477
v 0.808069 0.454610 1.515510 0.161245 0.161245 0.161245
vn 0.777361 0.320177 -0.541477
f 7789//7789 7790//7790 7791//7791
v 0.808800 0.592735 1.598232 0.161245 0.161245 0.161245
vn 0.999914 -0.010225 0.008241
v 0.808069 0.454610 1.515510 0.161245 0.161245 0.161245
vn 0.999914 -0.010225 0.008241
v 0.808800 0.582960 1.586104 0.161245 0.161245 0.161245
vn 0.999914 -0.010225 0.008241
f 7792//7792 7793//7793 7794//7794
v 0.808800 0.376946 1.719505 0.161245 0.161245 0.161245
vn 1.000000 0.000000 0.000000
v 0.808800 0.252361 1.687010 0.161245 0.161245 0.161245
vn 1.000000 0.000000 0.000000
v 0.808800 0.264819 1.677493 0.161245 0.161245 0.161245
vn 1.000000 0.000000 0.000000
f 7795//7795 7796//7796 7797//7797
v 0.808800 0.376946 1.719505 0.161245 0.161245 0.161245
vn 1.000000 0.000000 0.000000
v 0.808800 0.264819 1.677493 0.161245 0.161245 0.161245
vn 1.000000 0.000000 0.000000
v 0.808800 0.364488 1.703490 0.161245 0.161245 0.161245
vn 1.000000 0.000000 0.000000
f 7798//7798 7799//7799 7800//7800
v 0.811970 0.316485 1.442980 0.161245 0.161245 0.161245
vn 0.976815 -0.206406 -0.056819
v 0.811970 0.307132 1.476959 0.161245 0.161245 0.161245
vn 0.976815 -0.206406 -0.056819
v 0.808069 0.291236 1.467643 0.161245 0.161245 0.161245
vn 0.976815 -0.206406 -0.056819
f 7801//7801 7802//7802 7803//7803
v 0.811970 0.316485 1.442980 0.161245 0.161245 0.161245
vn 0.976816 -0.206403 -0.056817
v 0.808069 0.291236 1.467643 0.161245 0.161245 0.161245
vn 0.976816 -0.206403 -0.056817
v 0.808069 0.299283 1.438408 0.161245 0.161245 0.161245
vn 0.976816 -0.206403 -0.056817
f 7804//7804 7805//7805 7806//7806
v 0.811970 0.437408 1.442980 0.161245 0.161245 0.161245
vn 0.998854 0.037267 0.030038
v 0.808800 0.592735 1.355685 0.161245 0.161245 0.161245
vn 0.998854 0.037267 0.030038
v 0.808800 0.582960 1.367814 0.161245 0.161245 0.161245
vn 0.998854 0.037267 0.030038
f 7807//7807 7808//7808 7809//7809
v 0.811970 0.437408 1.442980 0.161245 0.161245 0.161245
vn 0.732069 0.325101 0.598651
v 0.808800 0.582960 1.367814 0.161245 0.161245 0.161245
vn 0.732069 0.325101 0.598651
v 0.808069 0.454610 1.438408 0.161245 0.161245 0.161245
vn 0.732069 0.325101 0.598651
f 7810//7810 7811//7811 7812//7812
v 0.811970 0.376946 1.544917 0.161245 0.161245 0.161245
vn 0.975748 0.055246 0.211810
v 0.811970 0.411855 1.535812 0.161245 0.161245 0.161245
vn 0.975748 0.055246 0.211810
v 0.808069 0.416551 1.552557 0.161245 0.161245 0.161245
vn 0.975748 0.055246 0.211810
f 7813//7813 7814//7814 7815//7815
v 0.811970 0.376946 1.544917 0.161245 0.161245 0.161245
vn 0.975748 0.055245 0.211810
v 0.808069 0.416551 1.552557 0.161245 0.161245 0.161245
vn 0.975748 0.055245 0.211810
v 0.808069 0.386518 1.560390 0.161245 0.161245 0.161245
vn 0.975748 0.055245 0.211810
f 7816//7816 7817//7817 7818//7818
v 0.808800 0.127775 1.476959 0.161245 0.161245 0.161245
vn 0.931982 -0.016473 0.362130
v 0.811970 0.307132 1.476959 0.161245 0.161245 0.161245
vn 0.931982 -0.016473 0.362130
v 0.808069 0.291236 1.486275 0.161245 0.161245 0.161245
vn 0.931982 -0.016473 0.362130
f 7819//7819 7820//7820 7821//7821
v 0.808800 0.127775 1.476959 0.161245 0.161245 0.161245
vn 0.999967 0.004844 -0.006572
v 0.808069 0.291236 1.486275 0.161245 0.161245 0.161245
vn 0.999967 0.004844 -0.006572
v 0.808800 0.144228 1.489086 0.161245 0.161245 0.161245
vn 0.999967 0.004844 -0.006572
f 7822//7822 7823//7823 7824//7824
v 0.811970 0.437408 1.442980 0.161245 0.161245 0.161245
vn 0.979723 0.139751 -0.143568
v 0.811970 0.411855 1.418106 0.161245 0.161245 0.161245
vn 0.979723 0.139751 -0.143568
v 0.808069 0.427312 1.406533 0.161245 0.161245 0.161245
vn 0.979723 0.139751 -0.143568
f 7825//7825 7826//7826 7827//7827
v 0.811970 0.437408 1.442980 0.161245 0.161245 0.161245
vn 0.979723 0.139751 -0.143568
v 0.808069 0.427312 1.406533 0.161245 0.161245 0.161245
vn 0.979723 0.139751 -0.143568
v 0.808069 0.449298 1.427934 0.161245 0.161245 0.161245
vn 0.979723 0.139751 -0.143568
f 7828//7828 7829//7829 7830//7830
v 0.811970 0.376946 1.409001 0.161245 0.161245 0.161245
vn 0.975748 -0.055247 -0.211809
v 0.811970 0.342039 1.418106 0.161245 0.161245 0.161245
vn 0.975748 -0.055247 -0.211809
v 0.808069 0.337342 1.401361 0.161245 0.161245 0.161245
vn 0.975748 -0.055247 -0.211809
f 7831//7831 7832//7832 7833//7833
v 0.811970 0.376946 1.409001 0.161245 0.161245 0.161245
vn 0.975747 -0.055246 -0.211813
v 0.808069 0.337342 1.401361 0.161245 0.161245 0.161245
vn 0.975747 -0.055246 -0.211813
v 0.808069 0.367376 1.393528 0.161245 0.161245 0.161245
vn 0.975747 -0.055246 -0.211813
f 7834//7834 7835//7835 7836//7836
v 0.811970 0.437408 1.510938 0.161245 0.161245 0.161245
vn 0.999507 0.002824 0.031273
v 0.808800 0.592735 1.598232 0.161245 0.161245 0.161245
vn 0.999507 0.002824 0.031273
v 0.808800 0.576044 1.599739 0.161245 0.161245 0.161245
vn 0.999507 0.002824 0.031273
f 7837//7837 7838//7838 7839//7839
v 0.811970 0.437408 1.510938 0.161245 0.161245 0.161245
vn 0.869532 -0.252133 0.424668
v 0.808800 0.576044 1.599739 0.161245 0.161245 0.161245
vn 0.869532 -0.252133 0.424668
v 0.808069 0.449298 1.525984 0.161245 0.161245 0.161245
vn 0.869532 -0.252133 0.424668
f 7840//7840 7841//7841 7842//7842
v 0.811970 0.316485 1.510938 0.161245 0.161245 0.161245
vn 0.979723 -0.139751 0.143568
v 0.811970 0.342039 1.535812 0.161245 0.161245 0.161245
vn 0.979723 -0.139751 0.143568
v 0.808069 0.326582 1.547385 0.161245 0.161245 0.161245
vn 0.979723 -0.139751 0.143568
f 7843//7843 7844//7844 7845//7845
v 0.811970 0.316485 1.510938 0.161245 0.161245 0.161245
vn 0.979723 -0.139751 0.143568
v 0.808069 0.326582 1.547385 0.161245 0.161245 0.161245
vn 0.979723 -0.139751 0.143568
v 0.808069 0.304596 1.525984 0.161245 0.161245 0.161245
vn 0.979723 -0.139751 0.143568
f 7846//7846 7847//7847 7848//7848
v 0.811970 0.411855 1.418106 0.161245 0.161245 0.161245
vn 0.975748 0.055246 -0.211810
v 0.811970 0.376946 1.409001 0.161245 0.161245 0.161245
vn 0.975748 0.055246 -0.211810
v 0.808069 0.386518 1.393528 0.161245 0.161245 0.161245
vn 0.975748 0.055246 -0.211810
f 7849//7849 7850//7850 7851//7851
v 0.811970 0.411855 1.418106 0.161245 0.161245 0.161245
vn 0.975748 0.055245 -0.211810
v 0.808069 0.386518 1.393528 0.161245 0.161245 0.161245
vn 0.975748 0.055245 -0.211810
v 0.808069 0.416551 1.401361 0.161245 0.161245 0.161245
vn 0.975748 0.055245 -0.211810
f 7852//7852 7853//7853 7854//7854
v 0.821731 0.355183 1.440265 0.161245 0.161245 0.161245
vn 1.000000 0.000000 0.000000
v 0.821731 0.376946 1.434589 0.161245 0.161245 0.161245
vn 1.000000 0.000000 0.000000
v 0.821731 0.398710 1.440265 0.161245 0.161245 0.161245
vn 1.000000 0.000000 0.000000
f 7855//7855 7856//7856 7857//7857
v 0.821731 0.355183 1.440265 0.161245 0.161245 0.161245
vn 1.000000 0.000000 0.000000
v 0.821731 0.398710 1.440265 0.161245 0.161245 0.161245
vn 1.000000 0.000000 0.000000
v 0.821731 0.414643 1.455774 0.161245 0.161245 0.161245
vn 1.000000 0.000000 0.000000
f 7858//7858 7859//7859 7860//7860
v 0.821731 0.355183 1.440265 0.161245 0.161245 0.161245
vn 1.000000 0.000000 0.000000
v 0.821731 0.414643 1.455774 0.161245 0.161245 0.161245
vn 1.000000 0.000000 0.000000
v 0.821731 0.420474 1.476959 0.161245 0.161245 0.161245
vn 1.000000 0.000000 0.000000
f 7861//7861 7862//7862 7863//7863
v 0.821731 0.355183 1.440265 0.161245 0.161245 0.161245
vn 1.000000 0.000000 0.000000
v 0.821731 0.420474 1.476959 0.161245 0.161245 0.161245
vn 1.000000 0.000000 0.000000
v 0.821731 0.414643 1.498144 0.161245 0.161245 0.161245
vn 1.000000 0.000000 0.000000
f 7864//7864 7865//7865 7866//7866
v 0.821731 0.355183 1.440265 0.161245 0.161245 0.161245
vn 1.000000 0.000000 0.000000
v 0.821731 0.414643 1.498144 0.161245 0.161245 0.161245
vn 1.000000 0.000000 0.000000
v 0.821731 0.398710 1.513653 0.161245 0.161245 0.161245
vn 1.000000 0.000000 0.000000
f 7867//7867 7868//7868 7869//7869
v 0.821731 0.355183 1.440265 0.161245 0.161245 0.161245
vn 1.000000 0.000000 0.000000
v 0.821731 0.398710 1.513653 0.161245 0.161245 0.161245
vn 1.000000 0.000000 0.000000
v 0.821731 0.376946 1.519329 0.161245 0.161245 0.161245
vn 1.000000 0.000000 0.000000
f 7870//7870 7871//7871 7872//7872
v 0.821731 0.355183 1.440265 0.161245 0.161245 0.161245
vn 1.000000 0.000000 0.000000
v 0.821731 0.376946 1.519329 0.161245 0.161245 0.161245
vn 1.000000 0.000000 0.000000
v 0.821731 0.355183 1.513653 0.161245 0.161245 0.161245
vn 1.000000 0.000000 0.000000
f 7873//7873 7874//7874 7875//7875
v 0.821731 0.355183 1.440265 0.161245 0.161245 0.161245
vn 1.000000 0.000000 0.000000
v 0.821731 0.355183 1.513653 0.161245 0.161245 0.161245
vn 1.000000 0.000000 0.000000
v 0.821731 0.339251 1.498144 0.161245 0.161245 0.161245
vn 1.000000 0.000000 0.000000
f 7876//7876 7877//7877 7878//7878
v 0.821731 0.355183 1.440265 0.161245 0.161245 0.161245
vn 1.000000 0.000000 0.000000
v 0.821731 0.339251 1.498144 0.161245 0.161245 0.161245
vn 1.000000 0.000000 0.000000
v 0.821731 0.333419 1.476959 0.161245 0.161245 0.161245
vn 1.000000 0.000000 0.000000
f 7879//7879 7880//7880 7881//7881
v 0.821731 0.355183 1.440265 0.161245 0.161245 0.161245
vn 1.000000 0.000000 0.000000
v 0.821731 0.333419 1.476959 0.161245 0.161245 0.161245
vn 1.000000 0.000000 0.000000
v 0.821731 0.339251 1.455774 0.161245 0.161245 0.161245
vn 1.000000 0.000000 0.000000
f 7882//7882 7883//7883 7884//7884
v 0.811970 0.342039 1.418106 0.161245 0.161245 0.161245
vn 0.935135 -0.183797 -0.302888
v 0.821731 0.355183 1.440265 0.161245 0.161245 0.161245
vn 0.935135 -0.183797 -0.302888
v 0.819779 0.347444 1.438935 0.161245 0.161245 0.161245
vn 0.935135 -0.183797 -0.302888
f 7885//7885 7886//7886 7887//7887
v 0.811970 0.342039 1.418106 0.161245 0.161245 0.161245
vn 0.935126 -0.183892 -0.302860
v 0.819779 0.347444 1.438935 0.161245 0.161245 0.161245
vn 0.935126 -0.183892 -0.302860
v 0.813922 0.339558 1.425639 0.161245 0.161245 0.161245
vn 0.935126 -0.183892 -0.302860
f 7888//7888 7889//7889 7890//7890
v 0.811970 0.446762 1.476959 0.161245 0.161245 0.161245
vn 0.933190 0.346494 0.095383
v 0.811970 0.437408 1.510938 0.161245 0.161245 0.161245
vn 0.933190 0.346494 0.095383
v 0.821731 0.414643 1.498144 0.161245 0.161245 0.161245
vn 0.933190 0.346494 0.095383
f 7891//7891 7892//7892 7893//7893
v 0.811970 0.446762 1.476959 0.161245 0.161245 0.161245
vn 0.933194 0.346487 0.095370
v 0.821731 0.414643 1.498144 0.161245 0.161245 0.161245
vn 0.933194 0.346487 0.095370
v 0.821731 0.420474 1.476959 0.161245 0.161245 0.161245
vn 0.933194 0.346487 0.095370
f 7894//7894 7895//7895 7896//7896
v 0.811970 0.376946 1.544917 0.161245 0.161245 0.161245
vn 0.930318 -0.092565 0.354880
v 0.811970 0.342039 1.535812 0.161245 0.161245 0.161245
vn 0.930318 -0.092565 0.354880
v 0.821731 0.355183 1.513653 0.161245 0.161245 0.161245
vn 0.930318 -0.092565 0.354880
f 7897//7897 7898//7898 7899//7899
v 0.811970 0.376946 1.544917 0.161245 0.161245 0.161245
vn 0.930322 -0.092553 0.354872
v 0.821731 0.355183 1.513653 0.161245 0.161245 0.161245
vn 0.930322 -0.092553 0.354872
v 0.821731 0.376946 1.519329 0.161245 0.161245 0.161245
vn 0.930322 -0.092553 0.354872
f 7900//7900 7901//7901 7902//7902
v 0.811970 0.307132 1.476959 0.161245 0.161245 0.161245
vn 0.933190 -0.346494 -0.095383
v 0.811970 0.316485 1.442980 0.161245 0.161245 0.161245
vn 0.933190 -0.346494 -0.095383
v 0.821731 0.339251 1.455774 0.161245 0.161245 0.161245
vn 0.933190 -0.346494 -0.095383
f 7903//7903 7904//7904 7905//7905
v 0.811970 0.307132 1.476959 0.161245 0.161245 0.161245
vn 0.933187 -0.346500 -0.095393
v 0.821731 0.339251 1.455774 0.161245 0.161245 0.161245
vn 0.933187 -0.346500 -0.095393
v 0.821731 0.333419 1.476959 0.161245 0.161245 0.161245
vn 0.933187 -0.346500 -0.095393
f 7906//7906 7907//7907 7908//7908
v 0.811970 0.437408 1.442980 0.161245 0.161245 0.161245
vn 0.933193 0.346487 -0.095381
v 0.811970 0.446762 1.476959 0.161245 0.161245 0.161245
vn 0.933193 0.346487 -0.095381
v 0.821731 0.420474 1.476959 0.161245 0.161245 0.161245
vn 0.933193 0.346487 -0.095381
f 7909//7909 7910//7910 7911//7911
v 0.811970 0.437408 1.442980 0.161245 0.161245 0.161245
vn 0.933189 0.346499 -0.095374
v 0.821731 0.420474 1.476959 0.161245 0.161245 0.161245
vn 0.933189 0.346499 -0.095374
v 0.821731 0.414643 1.455774 0.161245 0.161245 0.161245
vn 0.933189 0.346499 -0.095374
f 7912//7912 7913//7913 7914//7914
v 0.811970 0.411855 1.535812 0.161245 0.161245 0.161245
vn 0.930322 0.092560 0.354872
v 0.811970 0.376946 1.544917 0.161245 0.161245 0.161245
vn 0.930322 0.092560 0.354872
v 0.821731 0.376946 1.519329 0.161245 0.161245 0.161245
vn 0.930322 0.092560 0.354872
f 7915//7915 7916//7916 7917//7917
v 0.811970 0.411855 1.535812 0.161245 0.161245 0.161245
vn 0.930319 0.092555 0.354881
v 0.821731 0.376946 1.519329 0.161245 0.161245 0.161245
vn 0.930319 0.092555 0.354881
v 0.821731 0.398710 1.513653 0.161245 0.161245 0.161245
vn 0.930319 0.092555 0.354881
f 7918//7918 7919//7919 7920//7920
v 0.811970 0.316485 1.510938 0.161245 0.161245 0.161245
vn 0.933188 -0.346500 0.095385
v 0.811970 0.307132 1.476959 0.161245 0.161245 0.161245
vn 0.933188 -0.346500 0.095385
v 0.821731 0.333419 1.476959 0.161245 0.161245 0.161245
vn 0.933188 -0.346500 0.095385
f 7921//7921 7922//7922 7923//7923
v 0.811970 0.316485 1.510938 0.161245 0.161245 0.161245
vn 0.933191 -0.346491 0.095390
v 0.821731 0.333419 1.476959 0.161245 0.161245 0.161245
vn 0.933191 -0.346491 0.095390
v 0.821731 0.339251 1.498144 0.161245 0.161245 0.161245
vn 0.933191 -0.346491 0.095390
f 7924//7924 7925//7925 7926//7926
v 0.821731 0.398710 1.440265 0.161245 0.161245 0.161245
vn 0.935138 0.183849 -0.302849
v 0.811970 0.411855 1.418106 0.161245 0.161245 0.161245
vn 0.935138 0.183849 -0.302849
v 0.813922 0.414336 1.425639 0.161245 0.161245 0.161245
vn 0.935138 0.183849 -0.302849
f 7927//7927 7928//7928 7929//7929
v 0.821731 0.398710 1.440265 0.161245 0.161245 0.161245
vn 0.935126 0.183759 -0.302939
v 0.813922 0.414336 1.425639 0.161245 0.161245 0.161245
vn 0.935126 0.183759 -0.302939
v 0.819779 0.406450 1.438935 0.161245 0.161245 0.161245
vn 0.935126 0.183759 -0.302939
f 7930//7930 7931//7931 7932//7932
v 0.811970 0.342039 1.418106 0.161245 0.161245 0.161245
vn 0.930321 -0.092563 -0.354872
v 0.811970 0.376946 1.409001 0.161245 0.161245 0.161245
vn 0.930321 -0.092563 -0.354872
v 0.821731 0.376946 1.434589 0.161245 0.161245 0.161245
vn 0.930321 -0.092563 -0.354872
f 7933//7933 7934//7934 7935//7935
v 0.811970 0.342039 1.418106 0.161245 0.161245 0.161245
vn 0.930317 -0.092556 -0.354885
v 0.821731 0.376946 1.434589 0.161245 0.161245 0.161245
vn 0.930317 -0.092556 -0.354885
v 0.821731 0.355183 1.440265 0.161245 0.161245 0.161245
vn 0.930317 -0.092556 -0.354885
f 7936//7936 7937//7937 7938//7938
v 0.811970 0.411855 1.535812 0.161245 0.161245 0.161245
vn 0.935138 0.183769 0.302896
v 0.821731 0.398710 1.513653 0.161245 0.161245 0.161245
vn 0.935138 0.183769 0.302896
v 0.819779 0.406450 1.514983 0.161245 0.161245 0.161245
vn 0.935138 0.183769 0.302896
f 7939//7939 7940//7940 7941//7941
v 0.811970 0.411855 1.535812 0.161245 0.161245 0.161245
vn 0.935126 0.183892 0.302860
v 0.819779 0.406450 1.514983 0.161245 0.161245 0.161245
vn 0.935126 0.183892 0.302860
v 0.813922 0.414336 1.528279 0.161245 0.161245 0.161245
vn 0.935126 0.183892 0.302860
f 7942//7942 7943//7943 7944//7944
v 0.811970 0.342039 1.535812 0.161245 0.161245 0.161245
vn 0.882758 -0.327712 0.336664
v 0.811970 0.316485 1.510938 0.161245 0.161245 0.161245
vn 0.882758 -0.327712 0.336664
v 0.813922 0.324225 1.513354 0.161245 0.161245 0.161245
vn 0.882758 -0.327712 0.336664
f 7945//7945 7946//7946 7947//7947
v 0.811970 0.342039 1.535812 0.161245 0.161245 0.161245
vn 0.882758 -0.327712 0.336664
v 0.813922 0.324225 1.513354 0.161245 0.161245 0.161245
vn 0.882758 -0.327712 0.336664
v 0.813922 0.339558 1.528279 0.161245 0.161245 0.161245
vn 0.882758 -0.327712 0.336664
f 7948//7948 7949//7949 7950//7950
v 0.808069 0.337342 1.552557 0.161245 0.161245 0.161245
vn 0.000000 -0.252382 0.967628
v 0.808069 0.367376 1.560390 0.161245 0.161245 0.161245
vn 0.000000 -0.252382 0.967628
v 0.771149 0.367376 1.560390 0.161245 0.161245 0.161245
vn 0.000000 -0.252382 0.967628
f 7951//7951 7952//7952 7953//7953
v 0.808069 0.337342 1.552557 0.161245 0.161245 0.161245
vn 0.000000 -0.252382 0.967628
v 0.771149 0.367376 1.560390 0.161245 0.161245 0.161245
vn 0.000000 -0.252382 0.967628
v 0.771149 0.337342 1.552557 0.161245 0.161245 0.161245
vn 0.000000 -0.252382 0.967628
f 7954//7954 7955//7955 7956//7956
v 0.811970 0.376946 1.544917 0.161245 0.161245 0.161245
vn 0.999563 -0.023331 0.018150
v 0.808800 0.376946 1.719505 0.161245 0.161245 0.161245
vn 0.999563 -0.023331 0.018150
v 0.808800 0.364488 1.703490 0.161245 0.161245 0.161245
vn 0.999563 -0.023331 0.018150
f 7957//7957 7958//7958 7959//7959
v 0.811970 0.376946 1.544917 0.161245 0.161245 0.161245
vn 0.918641 -0.394891 -0.012660
v 0.808800 0.364488 1.703490 0.161245 0.161245 0.161245
vn 0.918641 -0.394891 -0.012660
v 0.808069 0.367376 1.560390 0.161245 0.161245 0.161245
vn 0.918641 -0.394891 -0.012660
f 7960//7960 7961//7961 7962//7962
v 0.811970 0.342039 1.535812 0.161245 0.161245 0.161245
vn 0.975747 -0.055248 0.211812
v 0.811970 0.376946 1.544917 0.161245 0.161245 0.161245
vn 0.975747 -0.055248 0.211812
v 0.808069 0.367376 1.560390 0.161245 0.161245 0.161245
vn 0.975747 -0.055248 0.211812
f 7963//7963 7964//7964 7965//7965
v 0.811970 0.342039 1.535812 0.161245 0.161245 0.161245
vn 0.975748 -0.055245 0.211810
v 0.808069 0.367376 1.560390 0.161245 0.161245 0.161245
vn 0.975748 -0.055245 0.211810
v 0.808069 0.337342 1.552557 0.161245 0.161245 0.161245
vn 0.975748 -0.055245 0.211810
f 7966//7966 7967//7967 7968//7968
v 0.808800 0.252361 1.687010 0.161245 0.161245 0.161245
vn 0.781152 0.529670 0.330533
v 0.811970 0.342039 1.535812 0.161245 0.161245 0.161245
vn 0.781152 0.529670 0.330533
v 0.808069 0.337342 1.552557 0.161245 0.161245 0.161245
vn 0.781152 0.529670 0.330533
f 7969//7969 7970//7970 7971//7971
v 0.808800 0.252361 1.687010 0.161245 0.161245 0.161245
vn 0.999913 -0.008025 -0.010506
v 0.808069 0.337342 1.552557 0.161245 0.161245 0.161245
vn 0.999913 -0.008025 -0.010506
v 0.808800 0.264819 1.677493 0.161245 0.161245 0.161245
vn 0.999913 -0.008025 -0.010506
f 7972//7972 7973//7973 7974//7974
v 0.808069 0.462658 1.467643 0.161245 0.161245 0.161245
vn 0.000000 0.964139 -0.265398
v 0.808069 0.454610 1.438408 0.161245 0.161245 0.161245
vn 0.000000 0.964139 -0.265398
v 0.771149 0.454610 1.438408 0.161245 0.161245 0.161245
vn 0.000000 0.964139 -0.265398
f 7975//7975 7976//7976 7977//7977
v 0.808069 0.462658 1.467643 0.161245 0.161245 0.161245
vn 0.000000 0.964139 -0.265398
v 0.771149 0.454610 1.438408 0.161245 0.161245 0.161245
vn 0.000000 0.964139 -0.265398
v 0.771149 0.462658 1.467643 0.161245 0.161245 0.161245
vn 0.000000 0.964139 -0.265398
f 7978//7978 7979//7979 7980//7980
v 0.808800 0.376946 1.719505 0.161245 0.161245 0.161245
vn 0.935212 0.353680 0.016981
v 0.811970 0.376946 1.544917 0.161245 0.161245 0.161245
vn 0.935212 0.353680 0.016981
v 0.808069 0.386518 1.560390 0.161245 0.161245 0.161245
vn 0.935212 0.353680 0.016981
f 7981//7981 7982//7982 7983//7983
v 0.808800 0.376946 1.719505 0.161245 0.161245 0.161245
vn 0.999967 -0.006396 -0.004976
v 0.808069 0.386518 1.560390 0.161245 0.161245 0.161245
vn 0.999967 -0.006396 -0.004976
v 0.808800 0.389406 1.703490 0.161245 0.161245 0.161245
vn 0.999967 -0.006396 -0.004976
f 7984//7984 7985//7985 7986//7986
v 0.808800 0.501533 1.687010 0.161245 0.161245 0.161245
vn 1.000000 0.000000 0.000000
v 0.808800 0.376946 1.719505 0.161245 0.161245 0.161245
vn 1.000000 0.000000 0.000000
v 0.808800 0.389406 1.703490 0.161245 0.161245 0.161245
vn 1.000000 0.000000 0.000000
f 7987//7987 7988//7988 7989//7989
v 0.808800 0.501533 1.687010 0.161245 0.161245 0.161245
vn 1.000000 0.000000 0.000000
v 0.808800 0.389406 1.703490 0.161245 0.161245 0.161245
vn 1.000000 0.000000 0.000000
v 0.808800 0.489074 1.677493 0.161245 0.161245 0.161245
vn 1.000000 0.000000 0.000000
f 7990//7990 7991//7991 7992//7992
v 0.811970 0.411855 1.535812 0.161245 0.161245 0.161245
vn 0.998839 -0.029249 0.038290
v 0.808800 0.501533 1.687010 0.161245 0.161245 0.161245
vn 0.998839 -0.029249 0.038290
v 0.808800 0.489074 1.677493 0.161245 0.161245 0.161245
vn 0.998839 -0.029249 0.038290
f 7993//7993 7994//7994 7995//7995
v 0.811970 0.411855 1.535812 0.161245 0.161245 0.161245
vn 0.736857 -0.586544 0.336166
v 0.808800 0.489074 1.677493 0.161245 0.161245 0.161245
vn 0.736857 -0.586544 0.336166
v 0.808069 0.416551 1.552557 0.161245 0.161245 0.161245
vn 0.736857 -0.586544 0.336166
f 7996//7996 7997//7997 7998//7998
v 0.808069 0.291236 1.486275 0.161245 0.161245 0.161245
vn 0.000000 -0.964139 0.265398
v 0.808069 0.299283 1.515510 0.161245 0.161245 0.161245
vn 0.000000 -0.964139 0.265398
v 0.771149 0.299283 1.515510 0.161245 0.161245 0.161245
vn 0.000000 -0.964139 0.265398
f 7999//7999 8000//8000 8001//8001
v 0.808069 0.291236 1.486275 0.161245 0.161245 0.161245
vn 0.000000 -0.964139 0.265398
v 0.771149 0.299283 1.515510 0.161245 0.161245 0.161245
vn 0.000000 -0.964139 0.265398
v 0.771149 0.291236 1.486275 0.161245 0.161245 0.161245
vn 0.000000 -0.964139 0.265398
f 8002//8002 8003//8003 8004//8004
v 0.808800 0.501533 1.687010 0.161245 0.161245 0.161245
vn 0.899898 0.383107 -0.208358
v 0.811970 0.411855 1.535812 0.161245 0.161245 0.161245
vn 0.899898 0.383107 -0.208358
v 0.808069 0.427312 1.547385 0.161245 0.161245 0.161245
vn 0.899898 0.383107 -0.208358
f 8005//8005 8006//8006 8007//8007
v 0.808800 0.501533 1.687010 0.161245 0.161245 0.161245
vn 0.999965 -0.008347 -0.000795
v 0.808069 0.427312 1.547385 0.161245 0.161245 0.161245
vn 0.999965 -0.008347 -0.000795
v 0.808800 0.503081 1.670762 0.161245 0.161245 0.161245
vn 0.999965 -0.008347 -0.000795
f 8008//8008 8009//8009 8010//8010
v 0.811970 0.411855 1.535812 0.161245 0.161245 0.161245
vn 0.979723 0.139751 0.143568
v 0.811970 0.437408 1.510938 0.161245 0.161245 0.161245
vn 0.979723 0.139751 0.143568
v 0.808069 0.449298 1.525984 0.161245 0.161245 0.161245
vn 0.979723 0.139751 0.143568
f 8011//8011 8012//8012 8013//8013
v 0.811970 0.411855 1.535812 0.161245 0.161245 0.161245
vn 0.979723 0.139751 0.143568
v 0.808069 0.449298 1.525984 0.161245 0.161245 0.161245
vn 0.979723 0.139751 0.143568
v 0.808069 0.427312 1.547385 0.161245 0.161245 0.161245
vn 0.979723 0.139751 0.143568
f 8014//8014 8015//8015 8016//8016
v 0.808800 0.592735 1.598232 0.161245 0.161245 0.161245
vn 1.000000 0.000000 0.000000
v 0.808800 0.501533 1.687010 0.161245 0.161245 0.161245
vn 1.000000 0.000000 0.000000
v 0.808800 0.503081 1.670762 0.161245 0.161245 0.161245
vn 1.000000 0.000000 0.000000
f 8017//8017 8018//8018 8019//8019
v 0.808800 0.592735 1.598232 0.161245 0.161245 0.161245
vn 1.000000 0.000000 0.000000
v 0.808800 0.503081 1.670762 0.161245 0.161245 0.161245
vn 1.000000 0.000000 0.000000
v 0.808800 0.576044 1.599739 0.161245 0.161245 0.161245
vn 1.000000 0.000000 0.000000
f 8020//8020 8021//8021 8022//8022
v 0.808069 0.462658 1.486275 0.161245 0.161245 0.161245
vn 0.000000 -0.019119 0.999817
v 0.808800 0.609666 1.489086 0.161245 0.161245 0.161245
vn 0.000000 -0.019119 0.999817
v 0.760739 0.609666 1.489086 0.161245 0.161245 0.161245
vn 0.000000 -0.019119 0.999817
f 8023//8023 8024//8024 8025//8025
v 0.808069 0.462658 1.486275 0.161245 0.161245 0.161245
vn 0.000000 -0.019119 0.999817
v 0.760739 0.609666 1.489086 0.161245 0.161245 0.161245
vn 0.000000 -0.019119 0.999817
v 0.771149 0.462658 1.486275 0.161245 0.161245 0.161245
vn 0.000000 -0.019119 0.999817
f 8026//8026 8027//8027 8028//8028
v 0.811970 0.437408 1.510938 0.161245 0.161245 0.161245
vn 0.976815 0.206406 0.056819
v 0.811970 0.446762 1.476959 0.161245 0.161245 0.161245
vn 0.976815 0.206406 0.056819
v 0.808069 0.462658 1.486275 0.161245 0.161245 0.161245
vn 0.976815 0.206406 0.056819
f 8029//8029 8030//8030 8031//8031
v 0.811970 0.437408 1.510938 0.161245 0.161245 0.161245
vn 0.976816 0.206403 0.056817
v 0.808069 0.462658 1.486275 0.161245 0.161245 0.161245
vn 0.976816 0.206403 0.056817
v 0.808069 0.454610 1.515510 0.161245 0.161245 0.161245
vn 0.976816 0.206403 0.056817
f 8032//8032 8033//8033 8034//8034
v 0.808800 0.626119 1.476959 0.161245 0.161245 0.161245
vn 1.000000 0.000000 0.000000
v 0.808800 0.592735 1.598232 0.161245 0.161245 0.161245
vn 1.000000 0.000000 0.000000
v 0.808800 0.582960 1.586104 0.161245 0.161245 0.161245
vn 1.000000 0.000000 0.000000
f 8035//8035 8036//8036 8037//8037
v 0.808800 0.626119 1.476959 0.161245 0.161245 0.161245
vn 1.000000 0.000000 0.000000
v 0.808800 0.582960 1.586104 0.161245 0.161245 0.161245
vn 1.000000 0.000000 0.000000
v 0.808800 0.609666 1.489086 0.161245 0.161245 0.161245
vn 1.000000 0.000000 0.000000
f 8038//8038 8039//8039 8040//8040
v 0.811970 0.446762 1.476959 0.161245 0.161245 0.161245
vn 0.999557 0.017667 0.023970
v 0.808800 0.626119 1.476959 0.161245 0.161245 0.161245
vn 0.999557 0.017667 0.023970
v 0.808800 0.609666 1.489086 0.161245 0.161245 0.161245
vn 0.999557 0.017667 0.023970
f 8041//8041 8042//8042 8043//8043
v 0.811970 0.446762 1.476959 0.161245 0.161245 0.161245
vn 0.914703 -0.012270 0.403939
v 0.808800 0.609666 1.489086 0.161245 0.161245 0.161245
vn 0.914703 -0.012270 0.403939
v 0.808069 0.462658 1.486275 0.161245 0.161245 0.161245
vn 0.914703 -0.012270 0.403939
f 8044//8044 8045//8045 8046//8046
v 0.808800 0.364488 1.703490 0.161245 0.161245 0.161245
vn 0.000000 0.252386 -0.967627
v 0.808800 0.264819 1.677493 0.161245 0.161245 0.161245
vn 0.000000 0.252386 -0.967627
v 0.760739 0.264819 1.677493 0.161245 0.161245 0.161245
vn 0.000000 0.252386 -0.967627
f 8047//8047 8048//8048 8049//8049
v 0.808800 0.364488 1.703490 0.161245 0.161245 0.161245
vn 0.000000 0.252386 -0.967627
v 0.760739 0.264819 1.677493 0.161245 0.161245 0.161245
vn 0.000000 0.252386 -0.967627
v 0.760739 0.364488 1.703490 0.161245 0.161245 0.161245
vn 0.000000 0.252386 -0.967627
f 8050//8050 8051//8051 8052//8052
v 0.808800 0.501533 1.266908 0.161245 0.161245 0.161245
vn 1.000000 0.000000 0.000000
v 0.808800 0.592735 1.355685 0.161245 0.161245 0.161245
vn 1.000000 0.000000 0.000000
v 0.808800 0.576044 1.354178 0.161245 0.161245 0.161245
vn 1.000000 0.000000 0.000000
f 8053//8053 8054//8054 8055//8055
v 0.808800 0.501533 1.266908 0.161245 0.161245 0.161245
vn 1.000000 0.000000 0.000000
v 0.808800 0.576044 1.354178 0.161245 0.161245 0.161245
vn 1.000000 0.000000 0.000000
v 0.808800 0.503082 1.283156 0.161245 0.161245 0.161245
vn 1.000000 0.000000 0.000000
f 8056//8056 8057//8057 8058//8058
v 0.808800 0.592735 1.355685 0.161245 0.161245 0.161245
vn 0.897273 -0.202234 -0.392430
v 0.811970 0.437408 1.442980 0.161245 0.161245 0.161245
vn 0.897273 -0.202234 -0.392430
v 0.808069 0.449298 1.427934 0.161245 0.161245 0.161245
vn 0.897273 -0.202234 -0.392430
f 8059//8059 8060//8060 8061//8061
v 0.808800 0.592735 1.355685 0.161245 0.161245 0.161245
vn 0.999963 -0.000774 0.008575
v 0.808069 0.449298 1.427934 0.161245 0.161245 0.161245
vn 0.999963 -0.000774 0.008575
v 0.808800 0.576044 1.354178 0.161245 0.161245 0.161245
vn 0.999963 -0.000774 0.008575
f 8062//8062 8063//8063 8064//8064
v 0.811970 0.411855 1.418106 0.161245 0.161245 0.161245
vn 0.999532 0.030439 -0.002903
v 0.808800 0.501533 1.266908 0.161245 0.161245 0.161245
vn 0.999532 0.030439 -0.002903
v 0.808800 0.503082 1.283156 0.161245 0.161245 0.161245
vn 0.999532 0.030439 -0.002903
f 8065//8065 8066//8066 8067//8067
v 0.811970 0.411855 1.418106 0.161245 0.161245 0.161245
vn 0.872129 0.414608 0.259790
v 0.808800 0.503082 1.283156 0.161245 0.161245 0.161245
vn 0.872129 0.414608 0.259790
v 0.808069 0.427312 1.406533 0.161245 0.161245 0.161245
vn 0.872129 0.414608 0.259790
f 8068//8068 8069//8069 8070//8070
v 0.808069 0.304596 1.427934 0.161245 0.161245 0.161245
vn 0.000000 0.502956 -0.864312
v 0.808800 0.177850 1.354178 0.161245 0.161245 0.161245
vn 0.000000 0.502956 -0.864312
v 0.760739 0.177850 1.354178 0.161245 0.161245 0.161245
vn 0.000000 0.502956 -0.864312
f 8071//8071 8072//8072 8073//8073
v 0.808069 0.304596 1.427934 0.161245 0.161245 0.161245
vn 0.000000 0.502956 -0.864312
v 0.760739 0.177850 1.354178 0.161245 0.161245 0.161245
vn 0.000000 0.502956 -0.864312
v 0.771149 0.304596 1.427934 0.161245 0.161245 0.161245
vn 0.000000 0.502956 -0.864312
f 8074//8074 8075//8075 8076//8076
v 0.808800 0.626119 1.476959 0.161245 0.161245 0.161245
vn 0.931982 0.016473 -0.362130
v 0.811970 0.446762 1.476959 0.161245 0.161245 0.161245
vn 0.931982 0.016473 -0.362130
v 0.808069 0.462658 1.467643 0.161245 0.161245 0.161245
vn 0.931982 0.016473 -0.362130
f 8077//8077 8078//8078 8079//8079
v 0.808800 0.626119 1.476959 0.161245 0.161245 0.161245
vn 0.999967 -0.004844 0.006572
v 0.808069 0.462658 1.467643 0.161245 0.161245 0.161245
vn 0.999967 -0.004844 0.006572
v 0.808800 0.609666 1.464832 0.161245 0.161245 0.161245
vn 0.999967 -0.004844 0.006572
f 8080//8080 8081//8081 8082//8082
v 0.811970 0.446762 1.476959 0.161245 0.161245 0.161245
vn 0.976816 0.206403 -0.056819
v 0.811970 0.437408 1.442980 0.161245 0.161245 0.161245
vn 0.976816 0.206403 -0.056819
v 0.808069 0.454610 1.438408 0.161245 0.161245 0.161245
vn 0.976816 0.206403 -0.056819
f 8083//8083 8084//8084 8085//8085
v 0.811970 0.446762 1.476959 0.161245 0.161245 0.161245
vn 0.976815 0.206407 -0.056818
v 0.808069 0.454610 1.438408 0.161245 0.161245 0.161245
vn 0.976815 0.206407 -0.056818
v 0.808069 0.462658 1.467643 0.161245 0.161245 0.161245
vn 0.976815 0.206407 -0.056818
f 8086//8086 8087//8087 8088//8088
v 0.808800 0.592735 1.355685 0.161245 0.161245 0.161245
vn 1.000000 0.000000 0.000000
v 0.808800 0.626119 1.476959 0.161245 0.161245 0.161245
vn 1.000000 0.000000 0.000000
v 0.808800 0.609666 1.464832 0.161245 0.161245 0.161245
vn 1.000000 0.000000 0.000000
f 8089//8089 8090//8090 8091//8091
v 0.808800 0.592735 1.355685 0.161245 0.161245 0.161245
vn 1.000000 0.000000 0.000000
v 0.808800 0.609666 1.464832 0.161245 0.161245 0.161245
vn 1.000000 0.000000 0.000000
v 0.808800 0.582960 1.367814 0.161245 0.161245 0.161245
vn 1.000000 0.000000 0.000000
f 8092//8092 8093//8093 8094//8094
v 0.808800 0.582960 1.367814 0.161245 0.161245 0.161245
vn 0.000000 -0.964141 0.265392
v 0.808800 0.609666 1.464832 0.161245 0.161245 0.161245
vn 0.000000 -0.964141 0.265392
v 0.760739 0.609666 1.464832 0.161245 0.161245 0.161245
vn 0.000000 -0.964141 0.265392
f 8095//8095 8096//8096 8097//8097
v 0.808800 0.582960 1.367814 0.161245 0.161245 0.161245
vn 0.000000 -0.964141 0.265392
v 0.760739 0.609666 1.464832 0.161245 0.161245 0.161245
vn 0.000000 -0.964141 0.265392
v 0.760739 0.582960 1.367814 0.161245 0.161245 0.161245
vn 0.000000 -0.964141 0.265392
f 8098//8098 8099//8099 8100//8100
v 0.808800 0.501533 1.266908 0.161245 0.161245 0.161245
vn 0.781152 -0.529670 -0.330533
v 0.811970 0.411855 1.418106 0.161245 0.161245 0.161245
vn 0.781152 -0.529670 -0.330533
v 0.808069 0.416551 1.401361 0.161245 0.161245 0.161245
vn 0.781152 -0.529670 -0.330533
f 8101//8101 8102//8102 8103//8103
v 0.808800 0.501533 1.266908 0.161245 0.161245 0.161245
vn 0.999913 0.008025 0.010506
v 0.808069 0.416551 1.401361 0.161245 0.161245 0.161245
vn 0.999913 0.008025 0.010506
v 0.808800 0.489074 1.276424 0.161245 0.161245 0.161245
vn 0.999913 0.008025 0.010506
f 8104//8104 8105//8105 8106//8106
v 0.808800 0.376946 1.234413 0.161245 0.161245 0.161245
vn 1.000000 0.000000 0.000000
v 0.808800 0.501533 1.266908 0.161245 0.161245 0.161245
vn 1.000000 0.000000 0.000000
v 0.808800 0.489074 1.276424 0.161245 0.161245 0.161245
vn 1.000000 0.000000 0.000000
f 8107//8107 8108//8108 8109//8109
v 0.808800 0.376946 1.234413 0.161245 0.161245 0.161245
vn 1.000000 0.000000 0.000000
v 0.808800 0.489074 1.276424 0.161245 0.161245 0.161245
vn 1.000000 0.000000 0.000000
v 0.808800 0.389406 1.250428 0.161245 0.161245 0.161245
vn 1.000000 0.000000 0.000000
f 8110//8110 8111//8111 8112//8112
v 0.811970 0.376946 1.409001 0.161245 0.161245 0.161245
vn 0.999563 0.023329 -0.018150
v 0.808800 0.376946 1.234413 0.161245 0.161245 0.161245
vn 0.999563 0.023329 -0.018150
v 0.808800 0.389406 1.250428 0.161245 0.161245 0.161245
vn 0.999563 0.023329 -0.018150
f 8113//8113 8114//8114 8115//8115
v 0.811970 0.376946 1.409001 0.161245 0.161245 0.161245
vn 0.918659 0.394849 0.012659
v 0.808800 0.389406 1.250428 0.161245 0.161245 0.161245
vn 0.918659 0.394849 0.012659
v 0.808069 0.386518 1.393528 0.161245 0.161245 0.161245
vn 0.918659 0.394849 0.012659
f 8116//8116 8117//8117 8118//8118
v 0.808800 0.170934 1.586104 0.161245 0.161245 0.161245
vn 0.000000 0.964141 -0.265392
v 0.808800 0.144228 1.489086 0.161245 0.161245 0.161245
vn 0.000000 0.964141 -0.265392
v 0.760739 0.144228 1.489086 0.161245 0.161245 0.161245
vn 0.000000 0.964141 -0.265392
f 8119//8119 8120//8120 8121//8121
v 0.808800 0.170934 1.586104 0.161245 0.161245 0.161245
vn 0.000000 0.964141 -0.265392
v 0.760739 0.144228 1.489086 0.161245 0.161245 0.161245
vn 0.000000 0.964141 -0.265392
v 0.760739 0.170934 1.586104 0.161245 0.161245 0.161245
vn 0.000000 0.964141 -0.265392
f 8122//8122 8123//8123 8124//8124
v 0.808800 0.252361 1.266908 0.161245 0.161245 0.161245
vn 1.000000 0.000000 0.000000
v 0.808800 0.376946 1.234413 0.161245 0.161245 0.161245
vn 1.000000 0.000000 0.000000
v 0.808800 0.364488 1.250428 0.161245 0.161245 0.161245
vn 1.000000 0.000000 0.000000
f 8125//8125 8126//8126 8127//8127
v 0.808800 0.252361 1.266908 0.161245 0.161245 0.161245
vn 1.000000 0.000000 0.000000
v 0.808800 0.364488 1.250428 0.161245 0.161245 0.161245
vn 1.000000 0.000000 0.000000
v 0.808800 0.264819 1.276424 0.161245 0.161245 0.161245
vn 1.000000 0.000000 0.000000
f 8128//8128 8129//8129 8130//8130
v 0.811970 0.342039 1.418106 0.161245 0.161245 0.161245
vn 0.998839 0.029249 -0.038290
v 0.808800 0.252361 1.266908 0.161245 0.161245 0.161245
vn 0.998839 0.029249 -0.038290
v 0.808800 0.264819 1.276424 0.161245 0.161245 0.161245
vn 0.998839 0.029249 -0.038290
f 8131//8131 8132//8132 8133//8133
v 0.811970 0.342039 1.418106 0.161245 0.161245 0.161245
vn 0.736857 0.586544 -0.336166
v 0.808800 0.264819 1.276424 0.161245 0.161245 0.161245
vn 0.736857 0.586544 -0.336166
v 0.808069 0.337342 1.401361 0.161245 0.161245 0.161245
vn 0.736857 0.586544 -0.336166
f 8134//8134 8135//8135 8136//8136
v 0.808800 0.376946 1.234413 0.161245 0.161245 0.161245
vn 0.935198 -0.353717 -0.016981
v 0.811970 0.376946 1.409001 0.161245 0.161245 0.161245
vn 0.935198 -0.353717 -0.016981
v 0.808069 0.367376 1.393528 0.161245 0.161245 0.161245
vn 0.935198 -0.353717 -0.016981
f 8137//8137 8138//8138 8139//8139
v 0.808800 0.376946 1.234413 0.161245 0.161245 0.161245
vn 0.999967 0.006397 0.004976
v 0.808069 0.367376 1.393528 0.161245 0.161245 0.161245
vn 0.999967 0.006397 0.004976
v 0.808800 0.364488 1.250428 0.161245 0.161245 0.161245
vn 0.999967 0.006397 0.004976
f 8140//8140 8141//8141 8142//8142
v 0.808800 0.582960 1.586104 0.161245 0.161245 0.161245
vn 0.000000 0.481930 -0.876210
v 0.808069 0.454610 1.515510 0.161245 0.161245 0.161245
vn 0.000000 0.481930 -0.876210
v 0.771149 0.454610 1.515510 0.161245 0.161245 0.161245
vn 0.000000 0.481930 -0.876210
f 8143//8143 8144//8144 8145//8145
v 0.808800 0.582960 1.586104 0.161245 0.161245 0.161245
vn 0.000000 0.481930 -0.876210
v 0.771149 0.454610 1.515510 0.161245 0.161245 0.161245
vn 0.000000 0.481930 -0.876210
v 0.760739 0.582960 1.586104 0.161245 0.161245 0.161245
vn 0.000000 0.481930 -0.876210
f 8146//8146 8147//8147 8148//8148
v 0.811970 0.342039 1.418106 0.161245 0.161245 0.161245
vn 0.979723 -0.139751 -0.143568
v 0.811970 0.316485 1.442980 0.161245 0.161245 0.161245
vn 0.979723 -0.139751 -0.143568
v 0.808069 0.304596 1.427934 0.161245 0.161245 0.161245
vn 0.979723 -0.139751 -0.143568
f 8149//8149 8150//8150 8151//8151
v 0.811970 0.342039 1.418106 0.161245 0.161245 0.161245
vn 0.979723 -0.139751 -0.143568
v 0.808069 0.304596 1.427934 0.161245 0.161245 0.161245
vn 0.979723 -0.139751 -0.143568
v 0.808069 0.326582 1.406533 0.161245 0.161245 0.161245
vn 0.979723 -0.139751 -0.143568
f 8152//8152 8153//8153 8154//8154
v 0.808800 0.252361 1.266908 0.161245 0.161245 0.161245
vn 0.899898 -0.383107 0.208358
v 0.811970 0.342039 1.418106 0.161245 0.161245 0.161245
vn 0.899898 -0.383107 0.208358
v 0.808069 0.326582 1.406533 0.161245 0.161245 0.161245
vn 0.899898 -0.383107 0.208358
f 8155//8155 8156//8156 8157//8157
v 0.808800 0.252361 1.266908 0.161245 0.161245 0.161245
vn 0.999965 0.008346 0.000796
v 0.808069 0.326582 1.406533 0.161245 0.161245 0.161245
vn 0.999965 0.008346 0.000796
v 0.808800 0.250812 1.283156 0.161245 0.161245 0.161245
vn 0.999965 0.008346 0.000796
f 8158//8158 8159//8159 8160//8160
v 0.808800 0.161158 1.355685 0.161245 0.161245 0.161245
vn 1.000000 0.000000 0.000000
v 0.808800 0.252361 1.266908 0.161245 0.161245 0.161245
vn 1.000000 0.000000 0.000000
v 0.808800 0.250812 1.283156 0.161245 0.161245 0.161245
vn 1.000000 0.000000 0.000000
f 8161//8161 8162//8162 8163//8163
v 0.808800 0.161158 1.355685 0.161245 0.161245 0.161245
vn 1.000000 0.000000 0.000000
v 0.808800 0.250812 1.283156 0.161245 0.161245 0.161245
vn 1.000000 0.000000 0.000000
v 0.808800 0.177850 1.354178 0.161245 0.161245 0.161245
vn 1.000000 0.000000 0.000000
f 8164//8164 8165//8165 8166//8166
v 0.808800 0.250812 1.283156 0.161245 0.161245 0.161245
vn 0.000000 -0.852133 0.523326
v 0.808069 0.326582 1.406533 0.161245 0.161245 0.161245
vn 0.000000 -0.852133 0.523326
v 0.771149 0.326582 1.406533 0.161245 0.161245 0.161245
vn 0.000000 -0.852133 0.523326
f 8167//8167 8168//8168 8169//8169
v 0.808800 0.250812 1.283156 0.161245 0.161245 0.161245
vn 0.000000 -0.852133 0.523326
v 0.771149 0.326582 1.406533 0.161245 0.161245 0.161245
vn 0.000000 -0.852133 0.523326
v 0.760739 0.250812 1.283156 0.161245 0.161245 0.161245
vn 0.000000 -0.852133 0.523326
f 8170//8170 8171//8171 8172//8172
v 0.808800 0.161158 1.355685 0.161245 0.161245 0.161245
vn 0.777361 -0.320177 0.541477
v 0.811970 0.316485 1.442980 0.161245 0.161245 0.161245
vn 0.777361 -0.320177 0.541477
v 0.808069 0.299283 1.438408 0.161245 0.161245 0.161245
vn 0.777361 -0.320177 0.541477
f 8173//8173 8174//8174 8175//8175
v 0.808800 0.161158 1.355685 0.161245 0.161245 0.161245
vn 0.999914 0.010225 -0.008241
v 0.808069 0.299283 1.438408 0.161245 0.161245 0.161245
vn 0.999914 0.010225 -0.008241
v 0.808800 0.170934 1.367814 0.161245 0.161245 0.161245
vn 0.999914 0.010225 -0.008241
f 8176//8176 8177//8177 8178//8178
v 0.808800 0.127775 1.476959 0.161245 0.161245 0.161245
vn 1.000000 0.000000 0.000000
v 0.808800 0.161158 1.355685 0.161245 0.161245 0.161245
vn 1.000000 0.000000 0.000000
v 0.808800 0.170934 1.367814 0.161245 0.161245 0.161245
vn 1.000000 0.000000 0.000000
f 8179//8179 8180//8180 8181//8181
v 0.808800 0.127775 1.476959 0.161245 0.161245 0.161245
vn 1.000000 0.000000 0.000000
v 0.808800 0.170934 1.367814 0.161245 0.161245 0.161245
vn 1.000000 0.000000 0.000000
v 0.808800 0.144228 1.464832 0.161245 0.161245 0.161245
vn 1.000000 0.000000 0.000000
f 8182//8182 8183//8183 8184//8184
v 0.811970 0.307132 1.476959 0.161245 0.161245 0.161245
vn 0.999557 -0.017667 -0.023970
v 0.808800 0.127775 1.476959 0.161245 0.161245 0.161245
vn 0.999557 -0.017667 -0.023970
v 0.808800 0.144228 1.464832 0.161245 0.161245 0.161245
vn 0.999557 -0.017667 -0.023970
f 8185//8185 8186//8186 8187//8187
v 0.811970 0.307132 1.476959 0.161245 0.161245 0.161245
vn 0.914703 0.012270 -0.403939
v 0.808800 0.144228 1.464832 0.161245 0.161245 0.161245
vn 0.914703 0.012270 -0.403939
v 0.808069 0.291236 1.467643 0.161245 0.161245 0.161245
vn 0.914703 0.012270 -0.403939
f 8188//8188 8189//8189 8190//8190
v 0.808069 0.454610 1.515510 0.161245 0.161245 0.161245
vn 0.000000 0.964139 0.265398
v 0.808069 0.462658 1.486275 0.161245 0.161245 0.161245
vn 0.000000 0.964139 0.265398
v 0.771149 0.462658 1.486275 0.161245 0.161245 0.161245
vn 0.000000 0.964139 0.265398
f 8191//8191 8192//8192 8193//8193
v 0.808069 0.454610 1.515510 0.161245 0.161245 0.161245
vn 0.000000 0.964139 0.265398
v 0.771149 0.462658 1.486275 0.161245 0.161245 0.161245
vn 0.000000 0.964139 0.265398
v 0.771149 0.454610 1.515510 0.161245 0.161245 0.161245
vn 0.000000 0.964139 0.265398
f 8194//8194 8195//8195 8196//8196
v 0.811970 0.307132 1.476959 0.161245 0.161245 0.161245
vn 0.976816 -0.206403 0.056819
v 0.811970 0.316485 1.510938 0.161245 0.161245 0.161245
vn 0.976816 -0.206403 0.056819
v 0.808069 0.299283 1.515510 0.161245 0.161245 0.161245
vn 0.976816 -0.206403 0.056819
f 8197//8197 8198//8198 8199//8199
v 0.811970 0.307132 1.476959 0.161245 0.161245 0.161245
vn 0.976815 -0.206407 0.056818
v 0.808069 0.299283 1.515510 0.161245 0.161245 0.161245
vn 0.976815 -0.206407 0.056818
v 0.808069 0.291236 1.486275 0.161245 0.161245 0.161245
vn 0.976815 -0.206407 0.056818
f 8200//8200 8201//8201 8202//8202
v 0.808800 0.161158 1.598232 0.161245 0.161245 0.161245
vn 1.000000 0.000000 0.000000
v 0.808800 0.127775 1.476959 0.161245 0.161245 0.161245
vn 1.000000 0.000000 0.000000
v 0.808800 0.144228 1.489086 0.161245 0.161245 0.161245
vn 1.000000 0.000000 0.000000
f 8203//8203 8204//8204 8205//8205
v 0.808800 0.161158 1.598232 0.161245 0.161245 0.161245
vn 1.000000 0.000000 0.000000
v 0.808800 0.144228 1.489086 0.161245 0.161245 0.161245
vn 1.000000 0.000000 0.000000
v 0.808800 0.170934 1.586104 0.161245 0.161245 0.161245
vn 1.000000 0.000000 0.000000
f 8206//8206 8207//8207 8208//8208
v 0.811970 0.316485 1.510938 0.161245 0.161245 0.161245
vn 0.998854 -0.037267 -0.030038
v 0.808800 0.161158 1.598232 0.161245 0.161245 0.161245
vn 0.998854 -0.037267 -0.030038
v 0.808800 0.170934 1.586104 0.161245 0.161245 0.161245
vn 0.998854 -0.037267 -0.030038
f 8209//8209 8210//8210 8211//8211
v 0.811970 0.316485 1.510938 0.161245 0.161245 0.161245
vn 0.732069 -0.325101 -0.598651
v 0.808800 0.170934 1.586104 0.161245 0.161245 0.161245
vn 0.732069 -0.325101 -0.598651
v 0.808069 0.299283 1.515510 0.161245 0.161245 0.161245
vn 0.732069 -0.325101 -0.598651
f 8212//8212 8213//8213 8214//8214
v 0.808069 0.326582 1.406533 0.161245 0.161245 0.161245
vn 0.000000 -0.697515 -0.716570
v 0.808069 0.304596 1.427934 0.161245 0.161245 0.161245
vn 0.000000 -0.697515 -0.716570
v 0.771149 0.304596 1.427934 0.161245 0.161245 0.161245
vn 0.000000 -0.697515 -0.716570
f 8215//8215 8216//8216 8217//8217
v 0.808069 0.326582 1.406533 0.161245 0.161245 0.161245
vn 0.000000 -0.697515 -0.716570
v 0.771149 0.304596 1.427934 0.161245 0.161245 0.161245
vn 0.000000 -0.697515 -0.716570
v 0.771149 0.326582 1.406533 0.161245 0.161245 0.161245
vn 0.000000 -0.697515 -0.716570
f 8218//8218 8219//8219 8220//8220
v 0.808800 0.252361 1.687010 0.161245 0.161245 0.161245
vn 1.000000 0.000000 0.000000
v 0.808800 0.161158 1.598232 0.161245 0.161245 0.161245
vn 1.000000 0.000000 0.000000
v 0.808800 0.177850 1.599739 0.161245 0.161245 0.161245
vn 1.000000 0.000000 0.000000
f 8221//8221 8222//8222 8223//8223
v 0.808800 0.252361 1.687010 0.161245 0.161245 0.161245
vn 1.000000 0.000000 0.000000
v 0.808800 0.177850 1.599739 0.161245 0.161245 0.161245
vn 1.000000 0.000000 0.000000
v 0.808800 0.250812 1.670762 0.161245 0.161245 0.161245
vn 1.000000 0.000000 0.000000
f 8224//8224 8225//8225 8226//8226
v 0.811970 0.342039 1.535812 0.161245 0.161245 0.161245
vn 0.999532 -0.030439 0.002903
v 0.808800 0.252361 1.687010 0.161245 0.161245 0.161245
vn 0.999532 -0.030439 0.002903
v 0.808800 0.250812 1.670762 0.161245 0.161245 0.161245
vn 0.999532 -0.030439 0.002903
f 8227//8227 8228//8228 8229//8229
v 0.811970 0.342039 1.535812 0.161245 0.161245 0.161245
vn 0.872129 -0.414608 -0.259790
v 0.808800 0.250812 1.670762 0.161245 0.161245 0.161245
vn 0.872129 -0.414608 -0.259790
v 0.808069 0.326582 1.547385 0.161245 0.161245 0.161245
vn 0.872129 -0.414608 -0.259790
f 8230//8230 8231//8231 8232//8232
v 0.808800 0.161158 1.598232 0.161245 0.161245 0.161245
vn 0.897273 0.202234 0.392430
v 0.811970 0.316485 1.510938 0.161245 0.161245 0.161245
vn 0.897273 0.202234 0.392430
v 0.808069 0.304596 1.525984 0.161245 0.161245 0.161245
vn 0.897273 0.202234 0.392430
f 8233//8233 8234//8234 8235//8235
v 0.808800 0.161158 1.598232 0.161245 0.161245 0.161245
vn 0.999963 0.000774 -0.008575
v 0.808069 0.304596 1.525984 0.161245 0.161245 0.161245
vn 0.999963 0.000774 -0.008575
v 0.808800 0.177850 1.599739 0.161245 0.161245 0.161245
vn 0.999963 0.000774 -0.008575
f 8236//8236 8237//8237 8238//8238
v 0.808800 0.144228 1.489086 0.161245 0.161245 0.161245
vn 0.000000 0.019119 0.999817
v 0.808069 0.291236 1.486275 0.161245 0.161245 0.161245
vn 0.000000 0.019119 0.999817
v 0.771149 0.291236 1.486275 0.161245 0.161245 0.161245
vn 0.000000 0.019119 0.999817
f 8239//8239 8240//8240 8241//8241
v 0.808800 0.144228 1.489086 0.161245 0.161245 0.161245
vn 0.000000 0.019119 0.999817
v 0.771149 0.291236 1.486275 0.161245 0.161245 0.161245
vn 0.000000 0.019119 0.999817
v 0.760739 0.144228 1.489086 0.161245 0.161245 0.161245
vn 0.000000 0.019119 0.999817
f 8242//8242 8243//8243 8244//8244
v 0.808800 0.609666 1.464832 0.161245 0.161245 0.161245
vn 0.000000 -0.019119 -0.999817
v 0.808069 0.462658 1.467643 0.161245 0.161245 0.161245
vn 0.000000 -0.019119 -0.999817
v 0.771149 0.462658 1.467643 0.161245 0.161245 0.161245
vn 0.000000 -0.019119 -0.999817
f 8245//8245 8246//8246 8247//8247
v 0.808800 0.609666 1.464832 0.161245 0.161245 0.161245
vn 0.000000 -0.019119 -0.999817
v 0.771149 0.462658 1.467643 0.161245 0.161245 0.161245
vn 0.000000 -0.019119 -0.999817
v 0.760739 0.609666 1.464832 0.161245 0.161245 0.161245
vn 0.000000 -0.019119 -0.999817
f 8248//8248 8249//8249 8250//8250
v 0.808800 0.264819 1.677493 0.161245 0.161245 0.161245
vn 0.000000 0.864852 0.502027
v 0.808069 0.337342 1.552557 0.161245 0.161245 0.161245
vn 0.000000 0.864852 0.502027
v 0.771149 0.337342 1.552557 0.161245 0.161245 0.161245
vn 0.000000 0.864852 0.502027
f 8251//8251 8252//8252 8253//8253
v 0.808800 0.264819 1.677493 0.161245 0.161245 0.161245
vn 0.000000 0.864852 0.502027
v 0.771149 0.337342 1.552557 0.161245 0.161245 0.161245
vn 0.000000 0.864852 0.502027
v 0.760739 0.264819 1.677493 0.161245 0.161245 0.161245
vn 0.000000 0.864852 0.502027
f 8254//8254 8255//8255 8256//8256
v 0.808800 0.264819 1.276424 0.161245 0.161245 0.161245
vn 0.000000 0.252386 0.967627
v 0.808800 0.364488 1.250428 0.161245 0.161245 0.161245
vn 0.000000 0.252386 0.967627
v 0.760739 0.364488 1.250428 0.161245 0.161245 0.161245
vn 0.000000 0.252386 0.967627
f 8257//8257 8258//8258 8259//8259
v 0.808800 0.264819 1.276424 0.161245 0.161245 0.161245
vn 0.000000 0.252386 0.967627
v 0.760739 0.364488 1.250428 0.161245 0.161245 0.161245
vn 0.000000 0.252386 0.967627
v 0.760739 0.264819 1.276424 0.161245 0.161245 0.161245
vn 0.000000 0.252386 0.967627
f 8260//8260 8261//8261 8262//8262
v 0.808069 0.299283 1.515510 0.161245 0.161245 0.161245
vn 0.000000 -0.481930 -0.876210
v 0.808800 0.170934 1.586104 0.161245 0.161245 0.161245
vn 0.000000 -0.481930 -0.876210
v 0.760739 0.170934 1.586104 0.161245 0.161245 0.161245
vn 0.000000 -0.481930 -0.876210
f 8263//8263 8264//8264 8265//8265
v 0.808069 0.299283 1.515510 0.161245 0.161245 0.161245
vn 0.000000 -0.481930 -0.876210
v 0.760739 0.170934 1.586104 0.161245 0.161245 0.161245
vn 0.000000 -0.481930 -0.876210
v 0.771149 0.299283 1.515510 0.161245 0.161245 0.161245
vn 0.000000 -0.481930 -0.876210
f 8266//8266 8267//8267 8268//8268
v 0.808800 0.576044 1.599739 0.161245 0.161245 0.161245
vn 0.000000 -0.697515 -0.716570
v 0.808800 0.503081 1.670762 0.161245 0.161245 0.161245
vn 0.000000 -0.697515 -0.716570
v 0.760739 0.503081 1.670762 0.161245 0.161245 0.161245
vn 0.000000 -0.697515 -0.716570
f 8269//8269 8270//8270 8271//8271
v 0.808800 0.576044 1.599739 0.161245 0.161245 0.161245
vn 0.000000 -0.697515 -0.716570
v 0.760739 0.503081 1.670762 0.161245 0.161245 0.161245
vn 0.000000 -0.697515 -0.716570
v 0.760739 0.576044 1.599739 0.161245 0.161245 0.161245
vn 0.000000 -0.697515 -0.716570
f 8272//8272 8273//8273 8274//8274
v 0.808069 0.454610 1.438408 0.161245 0.161245 0.161245
vn 0.000000 0.481930 0.876210
v 0.808800 0.582960 1.367814 0.161245 0.161245 0.161245
vn 0.000000 0.481930 0.876210
v 0.760739 0.582960 1.367814 0.161245 0.161245 0.161245
vn 0.000000 0.481930 0.876210
f 8275//8275 8276//8276 8277//8277
v 0.808069 0.454610 1.438408 0.161245 0.161245 0.161245
vn 0.000000 0.481930 0.876210
v 0.760739 0.582960 1.367814 0.161245 0.161245 0.161245
vn 0.000000 0.481930 0.876210
v 0.771149 0.454610 1.438408 0.161245 0.161245 0.161245
vn 0.000000 0.481930 0.876210
f 8278//8278 8279//8279 8280//8280
v 0.808069 0.367376 1.560390 0.161245 0.161245 0.161245
vn 0.000000 -0.999796 -0.020177
v 0.808800 0.364488 1.703490 0.161245 0.161245 0.161245
vn 0.000000 -0.999796 -0.020177
v 0.760739 0.364488 1.703490 0.161245 0.161245 0.161245
vn 0.000000 -0.999796 -0.020177
f 8281//8281 8282//8282 8283//8283
v 0.808069 0.367376 1.560390 0.161245 0.161245 0.161245
vn 0.000000 -0.999796 -0.020177
v 0.760739 0.364488 1.703490 0.161245 0.161245 0.161245
vn 0.000000 -0.999796 -0.020177
v 0.771149 0.367376 1.560390 0.161245 0.161245 0.161245
vn 0.000000 -0.999796 -0.020177
f 8284//8284 8285//8285 8286//8286
v 0.808069 0.367376 1.393528 0.161245 0.161245 0.161245
vn 0.000000 -0.252382 -0.967628
v 0.808069 0.337342 1.401361 0.161245 0.161245 0.161245
vn 0.000000 -0.252382 -0.967628
v 0.771149 0.337342 1.401361 0.161245 0.161245 0.161245
vn 0.000000 -0.252382 -0.967628
f 8287//8287 8288//8288 8289//8289
v 0.808069 0.367376 1.393528 0.161245 0.161245 0.161245
vn 0.000000 -0.252382 -0.967628
v 0.771149 0.337342 1.401361 0.161245 0.161245 0.161245
vn 0.000000 -0.252382 -0.967628
v 0.771149 0.367376 1.393528 0.161245 0.161245 0.161245
vn 0.000000 -0.252382 -0.967628
f 8290//8290 8291//8291 8292//8292
v 0.808069 0.427312 1.547385 0.161245 0.161245 0.161245
vn 0.000000 0.697515 0.716570
v 0.808069 0.449298 1.525984 0.161245 0.161245 0.161245
vn 0.000000 0.697515 0.716570
v 0.771149 0.449298 1.525984 0.161245 0.161245 0.161245
vn 0.000000 0.697515 0.716570
f 8293//8293 8294//8294 8295//8295
v 0.808069 0.427312 1.547385 0.161245 0.161245 0.161245
vn 0.000000 0.697515 0.716570
v 0.771149 0.449298 1.525984 0.161245 0.161245 0.161245
vn 0.000000 0.697515 0.716570
v 0.771149 0.427312 1.547385 0.161245 0.161245 0.161245
vn 0.000000 0.697515 0.716570
f 8296//8296 8297//8297 8298//8298
v 0.808069 0.337342 1.401361 0.161245 0.161245 0.161245
vn 0.000000 0.864852 -0.502027
v 0.808800 0.264819 1.276424 0.161245 0.161245 0.161245
vn 0.000000 0.864852 -0.502027
v 0.760739 0.264819 1.276424 0.161245 0.161245 0.161245
vn 0.000000 0.864852 -0.502027
f 8299//8299 8300//8300 8301//8301
v 0.808069 0.337342 1.401361 0.161245 0.161245 0.161245
vn 0.000000 0.864852 -0.502027
v 0.760739 0.264819 1.276424 0.161245 0.161245 0.161245
vn 0.000000 0.864852 -0.502027
v 0.771149 0.337342 1.401361 0.161245 0.161245 0.161245
vn 0.000000 0.864852 -0.502027
f 8302//8302 8303//8303 8304//8304
v 0.808069 0.449298 1.525984 0.161245 0.161245 0.161245
vn 0.000000 -0.502956 0.864312
v 0.808800 0.576044 1.599739 0.161245 0.161245 0.161245
vn 0.000000 -0.502956 0.864312
v 0.760739 0.576044 1.599739 0.161245 0.161245 0.161245
vn 0.000000 -0.502956 0.864312
f 8305//8305 8306//8306 8307//8307
v 0.808069 0.449298 1.525984 0.161245 0.161245 0.161245
vn 0.000000 -0.502956 0.864312
v 0.760739 0.576044 1.599739 0.161245 0.161245 0.161245
vn 0.000000 -0.502956 0.864312
v 0.771149 0.449298 1.525984 0.161245 0.161245 0.161245
vn 0.000000 -0.502956 0.864312
f 8308//8308 8309//8309 8310//8310
v 0.808800 0.144228 1.464832 0.161245 0.161245 0.161245
vn 0.000000 0.964141 0.265392
v 0.808800 0.170934 1.367814 0.161245 0.161245 0.161245
vn 0.000000 0.964141 0.265392
v 0.760739 0.170934 1.367814 0.161245 0.161245 0.161245
vn 0.000000 0.964141 0.265392
f 8311//8311 8312//8312 8313//8313
v 0.808800 0.144228 1.464832 0.161245 0.161245 0.161245
vn 0.000000 0.964141 0.265392
v 0.760739 0.170934 1.367814 0.161245 0.161245 0.161245
vn 0.000000 0.964141 0.265392
v 0.760739 0.144228 1.464832 0.161245 0.161245 0.161245
vn 0.000000 0.964141 0.265392
f 8314//8314 8315//8315 8316//8316
v 0.808800 0.503082 1.283156 0.161245 0.161245 0.161245
vn 0.000000 -0.697521 0.716564
v 0.808800 0.576044 1.354178 0.161245 0.161245 0.161245
vn 0.000000 -0.697521 0.716564
v 0.760739 0.576044 1.354178 0.161245 0.161245 0.161245
vn 0.000000 -0.697521 0.716564
f 8317//8317 8318//8318 8319//8319
v 0.808800 0.503082 1.283156 0.161245 0.161245 0.161245
vn 0.000000 -0.697521 0.716564
v 0.760739 0.576044 1.354178 0.161245 0.161245 0.161245
vn 0.000000 -0.697521 0.716564
v 0.760739 0.503082 1.283156 0.161245 0.161245 0.161245
vn 0.000000 -0.697521 0.716564
f 8320//8320 8321//8321 8322//8322
v 0.808800 0.364488 1.250428 0.161245 0.161245 0.161245
vn 0.000000 -0.999796 0.020177
v 0.808069 0.367376 1.393528 0.161245 0.161245 0.161245
vn 0.000000 -0.999796 0.020177
v 0.771149 0.367376 1.393528 0.161245 0.161245 0.161245
vn 0.000000 -0.999796 0.020177
f 8323//8323 8324//8324 8325//8325
v 0.808800 0.364488 1.250428 0.161245 0.161245 0.161245
vn 0.000000 -0.999796 0.020177
v 0.771149 0.367376 1.393528 0.161245 0.161245 0.161245
vn 0.000000 -0.999796 0.020177
v 0.760739 0.364488 1.250428 0.161245 0.161245 0.161245
vn 0.000000 -0.999796 0.020177
f 8326//8326 8327//8327 8328//8328
v 0.808800 0.503081 1.670762 0.161245 0.161245 0.161245
vn 0.000000 0.852136 -0.523320
v 0.808069 0.427312 1.547385 0.161245 0.161245 0.161245
vn 0.000000 0.852136 -0.523320
v 0.771149 0.427312 1.547385 0.161245 0.161245 0.161245
vn 0.000000 0.852136 -0.523320
f 8329//8329 8330//8330 8331//8331
v 0.808800 0.503081 1.670762 0.161245 0.161245 0.161245
vn 0.000000 0.852136 -0.523320
v 0.771149 0.427312 1.547385 0.161245 0.161245 0.161245
vn 0.000000 0.852136 -0.523320
v 0.760739 0.503081 1.670762 0.161245 0.161245 0.161245
vn 0.000000 0.852136 -0.523320
f 8332//8332 8333//8333 8334//8334
v 0.808069 0.299283 1.438408 0.161245 0.161245 0.161245
vn 0.000000 -0.964139 -0.265398
v 0.808069 0.291236 1.467643 0.161245 0.161245 0.161245
vn 0.000000 -0.964139 -0.265398
v 0.771149 0.291236 1.467643 0.161245 0.161245 0.161245
vn 0.000000 -0.964139 -0.265398
f 8335//8335 8336//8336 8337//8337
v 0.808069 0.299283 1.438408 0.161245 0.161245 0.161245
vn 0.000000 -0.964139 -0.265398
v 0.771149 0.291236 1.467643 0.161245 0.161245 0.161245
vn 0.000000 -0.964139 -0.265398
v 0.771149 0.299283 1.438408 0.161245 0.161245 0.161245
vn 0.000000 -0.964139 -0.265398
f 8338//8338 8339//8339 8340//8340
v 0.808069 0.449298 1.427934 0.161245 0.161245 0.161245
vn 0.000000 0.697515 -0.716570
v 0.808069 0.427312 1.406533 0.161245 0.161245 0.161245
vn 0.000000 0.697515 -0.716570
v 0.771149 0.427312 1.406533 0.161245 0.161245 0.161245
vn 0.000000 0.697515 -0.716570
f 8341//8341 8342//8342 8343//8343
v 0.808069 0.449298 1.427934 0.161245 0.161245 0.161245
vn 0.000000 0.697515 -0.716570
v 0.771149 0.427312 1.406533 0.161245 0.161245 0.161245
vn 0.000000 0.697515 -0.716570
v 0.771149 0.449298 1.427934 0.161245 0.161245 0.161245
vn 0.000000 0.697515 -0.716570
f 8344//8344 8345//8345 8346//8346
v 0.808800 0.170934 1.367814 0.161245 0.161245 0.161245
vn 0.000000 -0.481930 0.876210
v 0.808069 0.299283 1.438408 0.161245 0.161245 0.161245
vn 0.000000 -0.481930 0.876210
v 0.771149 0.299283 1.438408 0.161245 0.161245 0.161245
vn 0.000000 -0.481930 0.876210
f 8347//8347 8348//8348 8349//8349
v 0.808800 0.170934 1.367814 0.161245 0.161245 0.161245
vn 0.000000 -0.481930 0.876210
v 0.771149 0.299283 1.438408 0.161245 0.161245 0.161245
vn 0.000000 -0.481930 0.876210
v 0.760739 0.170934 1.367814 0.161245 0.161245 0.161245
vn 0.000000 -0.481930 0.876210
f 8350//8350 8351//8351 8352//8352
v 0.808800 0.576044 1.354178 0.161245 0.161245 0.161245
vn 0.000000 -0.502956 -0.864312
v 0.808069 0.449298 1.427934 0.161245 0.161245 0.161245
vn 0.000000 -0.502956 -0.864312
v 0.771149 0.449298 1.427934 0.161245 0.161245 0.161245
vn 0.000000 -0.502956 -0.864312
f 8353//8353 8354//8354 8355//8355
v 0.808800 0.576044 1.354178 0.161245 0.161245 0.161245
vn 0.000000 -0.502956 -0.864312
v 0.771149 0.449298 1.427934 0.161245 0.161245 0.161245
vn 0.000000 -0.502956 -0.864312
v 0.760739 0.576044 1.354178 0.161245 0.161245 0.161245
vn 0.000000 -0.502956 -0.864312
f 8356//8356 8357//8357 8358//8358
v 0.808800 0.250812 1.670762 0.161245 0.161245 0.161245
vn 0.000000 0.697521 -0.716564
v 0.808800 0.177850 1.599739 0.161245 0.161245 0.161245
vn 0.000000 0.697521 -0.716564
v 0.760739 0.177850 1.599739 0.161245 0.161245 0.161245
vn 0.000000 0.697521 -0.716564
f 8359//8359 8360//8360 8361//8361
v 0.808800 0.250812 1.670762 0.161245 0.161245 0.161245
vn 0.000000 0.697521 -0.716564
v 0.760739 0.177850 1.599739 0.161245 0.161245 0.161245
vn 0.000000 0.697521 -0.716564
v 0.760739 0.250812 1.670762 0.161245 0.161245 0.161245
vn 0.000000 0.697521 -0.716564
f 8362//8362 8363//8363 8364//8364
v 0.808800 0.389406 1.250428 0.161245 0.161245 0.161245
vn 0.000000 -0.252386 0.967627
v 0.808800 0.489074 1.276424 0.161245 0.161245 0.161245
vn 0.000000 -0.252386 0.967627
v 0.760739 0.489074 1.276424 0.161245 0.161245 0.161245
vn 0.000000 -0.252386 0.967627
f 8365//8365 8366//8366 8367//8367
v 0.808800 0.389406 1.250428 0.161245 0.161245 0.161245
vn 0.000000 -0.252386 0.967627
v 0.760739 0.489074 1.276424 0.161245 0.161245 0.161245
vn 0.000000 -0.252386 0.967627
v 0.760739 0.389406 1.250428 0.161245 0.161245 0.161245
vn 0.000000 -0.252386 0.967627
f 8368//8368 8369//8369 8370//8370
v 0.808069 0.291236 1.467643 0.161245 0.161245 0.161245
vn 0.000000 0.019119 -0.999817
v 0.808800 0.144228 1.464832 0.161245 0.161245 0.161245
vn 0.000000 0.019119 -0.999817
v 0.760739 0.144228 1.464832 0.161245 0.161245 0.161245
vn 0.000000 0.019119 -0.999817
f 8371//8371 8372//8372 8373//8373
v 0.808069 0.291236 1.467643 0.161245 0.161245 0.161245
vn 0.000000 0.019119 -0.999817
v 0.760739 0.144228 1.464832 0.161245 0.161245 0.161245
vn 0.000000 0.019119 -0.999817
v 0.771149 0.291236 1.467643 0.161245 0.161245 0.161245
vn 0.000000 0.019119 -0.999817
f 8374//8374 8375//8375 8376//8376
v 0.808800 0.489074 1.677493 0.161245 0.161245 0.161245
vn 0.000000 -0.252386 -0.967627
v 0.808800 0.389406 1.703490 0.161245 0.161245 0.161245
vn 0.000000 -0.252386 -0.967627
v 0.760739 0.389406 1.703490 0.161245 0.161245 0.161245
vn 0.000000 -0.252386 -0.967627
f 8377//8377 8378//8378 8379//8379
v 0.808800 0.489074 1.677493 0.161245 0.161245 0.161245
vn 0.000000 -0.252386 -0.967627
v 0.760739 0.389406 1.703490 0.161245 0.161245 0.161245
vn 0.000000 -0.252386 -0.967627
v 0.760739 0.489074 1.677493 0.161245 0.161245 0.161245
vn 0.000000 -0.252386 -0.967627
f 8380//8380 8381//8381 8382//8382
v 0.808069 0.427312 1.406533 0.161245 0.161245 0.161245
vn 0.000000 0.852133 0.523326
v 0.808800 0.503082 1.283156 0.161245 0.161245 0.161245
vn 0.000000 0.852133 0.523326
v 0.760739 0.503082 1.283156 0.161245 0.161245 0.161245
vn 0.000000 0.852133 0.523326
f 8383//8383 8384//8384 8385//8385
v 0.808069 0.427312 1.406533 0.161245 0.161245 0.161245
vn 0.000000 0.852133 0.523326
v 0.760739 0.503082 1.283156 0.161245 0.161245 0.161245
vn 0.000000 0.852133 0.523326
v 0.771149 0.427312 1.406533 0.161245 0.161245 0.161245
vn 0.000000 0.852133 0.523326
f 8386//8386 8387//8387 8388//8388
v 0.808069 0.304596 1.525984 0.161245 0.161245 0.161245
vn 0.000000 -0.697515 0.716570
v 0.808069 0.326582 1.547385 0.161245 0.161245 0.161245
vn 0.000000 -0.697515 0.716570
v 0.771149 0.326582 1.547385 0.161245 0.161245 0.161245
vn 0.000000 -0.697515 0.716570
f 8389//8389 8390//8390 8391//8391
v 0.808069 0.304596 1.525984 0.161245 0.161245 0.161245
vn 0.000000 -0.697515 0.716570
v 0.771149 0.326582 1.547385 0.161245 0.161245 0.161245
vn 0.000000 -0.697515 0.716570
v 0.771149 0.304596 1.525984 0.161245 0.161245 0.161245
vn 0.000000 -0.697515 0.716570
f 8392//8392 8393//8393 8394//8394
v 0.808069 0.416551 1.401361 0.161245 0.161245 0.161245
vn 0.000000 0.252382 -0.967628
v 0.808069 0.386518 1.393528 0.161245 0.161245 0.161245
vn 0.000000 0.252382 -0.967628
v 0.771149 0.386518 1.393528 0.161245 0.161245 0.161245
vn 0.000000 0.252382 -0.967628
f 8395//8395 8396//8396 8397//8397
v 0.808069 0.416551 1.401361 0.161245 0.161245 0.161245
vn 0.000000 0.252382 -0.967628
v 0.771149 0.386518 1.393528 0.161245 0.161245 0.161245
vn 0.000000 0.252382 -0.967628
v 0.771149 0.416551 1.401361 0.161245 0.161245 0.161245
vn 0.000000 0.252382 -0.967628
f 8398//8398 8399//8399 8400//8400
v 0.808069 0.386518 1.560390 0.161245 0.161245 0.161245
vn 0.000000 0.252382 0.967628
v 0.808069 0.416551 1.552557 0.161245 0.161245 0.161245
vn 0.000000 0.252382 0.967628
v 0.771149 0.416551 1.552557 0.161245 0.161245 0.161245
vn 0.000000 0.252382 0.967628
f 8401//8401 8402//8402 8403//8403
v 0.808069 0.386518 1.560390 0.161245 0.161245 0.161245
vn 0.000000 0.252382 0.967628
v 0.771149 0.416551 1.552557 0.161245 0.161245 0.161245
vn 0.000000 0.252382 0.967628
v 0.771149 0.386518 1.560390 0.161245 0.161245 0.161245
vn 0.000000 0.252382 0.967628
f 8404//8404 8405//8405 8406//8406
v 0.808069 0.326582 1.547385 0.161245 0.161245 0.161245
vn 0.000000 -0.852133 -0.523326
v 0.808800 0.250812 1.670762 0.161245 0.161245 0.161245
vn 0.000000 -0.852133 -0.523326
v 0.760739 0.250812 1.670762 0.161245 0.161245 0.161245
vn 0.000000 -0.852133 -0.523326
f 8407//8407 8408//8408 8409//8409
v 0.808069 0.326582 1.547385 0.161245 0.161245 0.161245
vn 0.000000 -0.852133 -0.523326
v 0.760739 0.250812 1.670762 0.161245 0.161245 0.161245
vn 0.000000 -0.852133 -0.523326
v 0.771149 0.326582 1.547385 0.161245 0.161245 0.161245
vn 0.000000 -0.852133 -0.523326
f 8410//8410 8411//8411 8412//8412
v 0.808800 0.489074 1.276424 0.161245 0.161245 0.161245
vn 0.000000 -0.864852 -0.502027
v 0.808069 0.416551 1.401361 0.161245 0.161245 0.161245
vn 0.000000 -0.864852 -0.502027
v 0.771149 0.416551 1.401361 0.161245 0.161245 0.161245
vn 0.000000 -0.864852 -0.502027
f 8413//8413 8414//8414 8415//8415
v 0.808800 0.489074 1.276424 0.161245 0.161245 0.161245
vn 0.000000 -0.864852 -0.502027
v 0.771149 0.416551 1.401361 0.161245 0.161245 0.161245
vn 0.000000 -0.864852 -0.502027
v 0.760739 0.489074 1.276424 0.161245 0.161245 0.161245
vn 0.000000 -0.864852 -0.502027
f 8416//8416 8417//8417 8418//8418
v 0.808800 0.389406 1.703490 0.161245 0.161245 0.161245
vn 0.000000 0.999796 -0.020177
v 0.808069 0.386518 1.560390 0.161245 0.161245 0.161245
vn 0.000000 0.999796 -0.020177
v 0.771149 0.386518 1.560390 0.161245 0.161245 0.161245
vn 0.000000 0.999796 -0.020177
f 8419//8419 8420//8420 8421//8421
v 0.808800 0.389406 1.703490 0.161245 0.161245 0.161245
vn 0.000000 0.999796 -0.020177
v 0.771149 0.386518 1.560390 0.161245 0.161245 0.161245
vn 0.000000 0.999796 -0.020177
v 0.760739 0.389406 1.703490 0.161245 0.161245 0.161245
vn 0.000000 0.999796 -0.020177
f 8422//8422 8423//8423 8424//8424
v 0.808800 0.177850 1.354178 0.161245 0.161245 0.161245
vn 0.000000 0.697521 0.716564
v 0.808800 0.250812 1.283156 0.161245 0.161245 0.161245
vn 0.000000 0.697521 0.716564
v 0.760739 0.250812 1.283156 0.161245 0.161245 0.161245
vn 0.000000 0.697521 0.716564
f 8425//8425 8426//8426 8427//8427
v 0.808800 0.177850 1.354178 0.161245 0.161245 0.161245
vn 0.000000 0.697521 0.716564
v 0.760739 0.250812 1.283156 0.161245 0.161245 0.161245
vn 0.000000 0.697521 0.716564
v 0.760739 0.177850 1.354178 0.161245 0.161245 0.161245
vn 0.000000 0.697521 0.716564
f 8428//8428 8429//8429 8430//8430
v 0.808800 0.177850 1.599739 0.161245 0.161245 0.161245
vn 0.000000 0.502956 0.864312
v 0.808069 0.304596 1.525984 0.161245 0.161245 0.161245
vn 0.000000 0.502956 0.864312
v 0.771149 0.304596 1.525984 0.161245 0.161245 0.161245
vn 0.000000 0.502956 0.864312
f 8431//8431 8432//8432 8433//8433
v 0.808800 0.177850 1.599739 0.161245 0.161245 0.161245
vn 0.000000 0.502956 0.864312
v 0.771149 0.304596 1.525984 0.161245 0.161245 0.161245
vn 0.000000 0.502956 0.864312
v 0.760739 0.177850 1.599739 0.161245 0.161245 0.161245
vn 0.000000 0.502956 0.864312
f 8434//8434 8435//8435 8436//8436
v 0.808800 0.609666 1.489086 0.161245 0.161245 0.161245
vn 0.000000 -0.964141 -0.265392
v 0.808800 0.582960 1.586104 0.161245 0.161245 0.161245
vn 0.000000 -0.964141 -0.265392
v 0.760739 0.582960 1.586104 0.161245 0.161245 0.161245
vn 0.000000 -0.964141 -0.265392
f 8437//8437 8438//8438 8439//8439
v 0.808800 0.609666 1.489086 0.161245 0.161245 0.161245
vn 0.000000 -0.964141 -0.265392
v 0.760739 0.582960 1.586104 0.161245 0.161245 0.161245
vn 0.000000 -0.964141 -0.265392
v 0.760739 0.609666 1.489086 0.161245 0.161245 0.161245
vn 0.000000 -0.964141 -0.265392
f 8440//8440 8441//8441 8442//8442
v 0.808069 0.386518 1.393528 0.161245 0.161245 0.161245
vn 0.000000 0.999796 0.020177
v 0.808800 0.389406 1.250428 0.161245 0.161245 0.161245
vn 0.000000 0.999796 0.020177
v 0.760739 0.389406 1.250428 0.161245 0.161245 0.161245
vn 0.000000 0.999796 0.020177
f 8443//8443 8444//8444 8445//8445
v 0.808069 0.386518 1.393528 0.161245 0.161245 0.161245
vn 0.000000 0.999796 0.020177
v 0.760739 0.389406 1.250428 0.161245 0.161245 0.161245
vn 0.000000 0.999796 0.020177
v 0.771149 0.386518 1.393528 0.161245 0.161245 0.161245
vn 0.000000 0.999796 0.020177
f 8446//8446 8447//8447 8448//8448
v 0.808069 0.416551 1.552557 0.161245 0.161245 0.161245
vn 0.000000 -0.864852 0.502027
v 0.808800 0.489074 1.677493 0.161245 0.161245 0.161245
vn 0.000000 -0.864852 0.502027
v 0.760739 0.489074 1.677493 0.161245 0.161245 0.161245
vn 0.000000 -0.864852 0.502027
f 8449//8449 8450//8450 8451//8451
v 0.808069 0.416551 1.552557 0.161245 0.161245 0.161245
vn 0.000000 -0.864852 0.502027
v 0.760739 0.489074 1.677493 0.161245 0.161245 0.161245
vn 0.000000 -0.864852 0.502027
v 0.771149 0.416551 1.552557 0.161245 0.161245 0.161245
vn 0.000000 -0.864852 0.502027
f 8452//8452 8453//8453 8454//8454
v 0.813922 0.339558 1.528279 0.161245 0.161245 0.161245
vn 0.000000 0.697515 -0.716570
v 0.813922 0.324225 1.513354 0.161245 0.161245 0.161245
vn 0.000000 0.697515 -0.716570
v 0.793853 0.324225 1.513354 0.161245 0.161245 0.161245
vn 0.000000 0.697515 -0.716570
f 8455//8455 8456//8456 8457//8457
v 0.813922 0.339558 1.528279 0.161245 0.161245 0.161245
vn 0.000000 0.697515 -0.716570
v 0.793853 0.324225 1.513354 0.161245 0.161245 0.161245
vn 0.000000 0.697515 -0.716570
v 0.793853 0.339558 1.528279 0.161245 0.161245 0.161245
vn 0.000000 0.697515 -0.716570
f 8458//8458 8459//8459 8460//8460
v 0.821731 0.355183 1.513653 0.161245 0.161245 0.161245
vn 0.935135 -0.183859 0.302851
v 0.811970 0.342039 1.535812 0.161245 0.161245 0.161245
vn 0.935135 -0.183859 0.302851
v 0.813922 0.339558 1.528279 0.161245 0.161245 0.161245
vn 0.935135 -0.183859 0.302851
f 8461//8461 8462//8462 8463//8463
v 0.821731 0.355183 1.513653 0.161245 0.161245 0.161245
vn 0.935126 -0.183789 0.302921
v 0.813922 0.339558 1.528279 0.161245 0.161245 0.161245
vn 0.935126 -0.183789 0.302921
v 0.819779 0.347444 1.514983 0.161245 0.161245 0.161245
vn 0.935126 -0.183789 0.302921
f 8464//8464 8465//8465 8466//8466
v 0.811970 0.316485 1.510938 0.161245 0.161245 0.161245
vn 0.936520 -0.295300 0.189019
v 0.821731 0.339251 1.498144 0.161245 0.161245 0.161245
vn 0.936520 -0.295300 0.189019
v 0.819779 0.337884 1.505678 0.161245 0.161245 0.161245
vn 0.936520 -0.295300 0.189019
f 8467//8467 8468//8468 8469//8469
v 0.811970 0.316485 1.510938 0.161245 0.161245 0.161245
vn 0.936495 -0.295236 0.189240
v 0.819779 0.337884 1.505678 0.161245 0.161245 0.161245
vn 0.936495 -0.295236 0.189240
v 0.813922 0.324225 1.513354 0.161245 0.161245 0.161245
vn 0.936495 -0.295236 0.189240
f 8470//8470 8471//8471 8472//8472
v 0.821731 0.339251 1.498144 0.161245 0.161245 0.161245
vn 0.955880 -0.204907 0.210490
v 0.821731 0.355183 1.513653 0.161245 0.161245 0.161245
vn 0.955880 -0.204907 0.210490
v 0.819779 0.347444 1.514983 0.161245 0.161245 0.161245
vn 0.955880 -0.204907 0.210490
f 8473//8473 8474//8474 8475//8475
v 0.821731 0.339251 1.498144 0.161245 0.161245 0.161245
vn 0.955902 -0.204837 0.210458
v 0.819779 0.347444 1.514983 0.161245 0.161245 0.161245
vn 0.955902 -0.204837 0.210458
v 0.819779 0.337884 1.505678 0.161245 0.161245 0.161245
vn 0.955902 -0.204837 0.210458
f 8476//8476 8477//8477 8478//8478
v 0.813922 0.414336 1.528279 0.161245 0.161245 0.161245
vn 0.000000 0.860099 -0.510127
v 0.819779 0.406450 1.514983 0.161245 0.161245 0.161245
vn 0.000000 0.860099 -0.510127
v 0.799710 0.406450 1.514983 0.161245 0.161245 0.161245
vn 0.000000 0.860099 -0.510127
f 8479//8479 8480//8480 8481//8481
v 0.813922 0.414336 1.528279 0.161245 0.161245 0.161245
vn 0.000000 0.860099 -0.510127
v 0.799710 0.406450 1.514983 0.161245 0.161245 0.161245
vn 0.000000 0.860099 -0.510127
v 0.793853 0.414336 1.528279 0.161245 0.161245 0.161245
vn 0.000000 0.860099 -0.510127
f 8482//8482 8483//8483 8484//8484
v 0.821731 0.355183 1.440265 0.161245 0.161245 0.161245
vn 0.955897 -0.204870 -0.210451
v 0.821731 0.339251 1.455774 0.161245 0.161245 0.161245
vn 0.955897 -0.204870 -0.210451
v 0.819779 0.337884 1.448240 0.161245 0.161245 0.161245
vn 0.955897 -0.204870 -0.210451
f 8485//8485 8486//8486 8487//8487
v 0.821731 0.355183 1.440265 0.161245 0.161245 0.161245
vn 0.955874 -0.204900 -0.210523
v 0.819779 0.337884 1.448240 0.161245 0.161245 0.161245
vn 0.955874 -0.204900 -0.210523
v 0.819779 0.347444 1.438935 0.161245 0.161245 0.161245
vn 0.955874 -0.204900 -0.210523
f 8488//8488 8489//8489 8490//8490
v 0.811970 0.316485 1.442980 0.161245 0.161245 0.161245
vn 0.882758 -0.327712 -0.336664
v 0.811970 0.342039 1.418106 0.161245 0.161245 0.161245
vn 0.882758 -0.327712 -0.336664
v 0.813922 0.339558 1.425639 0.161245 0.161245 0.161245
vn 0.882758 -0.327712 -0.336664
f 8491//8491 8492//8492 8493//8493
v 0.811970 0.316485 1.442980 0.161245 0.161245 0.161245
vn 0.882758 -0.327712 -0.336664
v 0.813922 0.339558 1.425639 0.161245 0.161245 0.161245
vn 0.882758 -0.327712 -0.336664
v 0.813922 0.324225 1.440563 0.161245 0.161245 0.161245
vn 0.882758 -0.327712 -0.336664
f 8494//8494 8495//8495 8496//8496
v 0.821731 0.339251 1.455774 0.161245 0.161245 0.161245
vn 0.936517 -0.295218 -0.189162
v 0.811970 0.316485 1.442980 0.161245 0.161245 0.161245
vn 0.936517 -0.295218 -0.189162
v 0.813922 0.324225 1.440563 0.161245 0.161245 0.161245
vn 0.936517 -0.295218 -0.189162
f 8497//8497 8498//8498 8499//8499
v 0.821731 0.339251 1.455774 0.161245 0.161245 0.161245
vn 0.936501 -0.295373 -0.189001
v 0.813922 0.324225 1.440563 0.161245 0.161245 0.161245
vn 0.936501 -0.295373 -0.189001
v 0.819779 0.337884 1.448240 0.161245 0.161245 0.161245
vn 0.936501 -0.295373 -0.189001
f 8500//8500 8501//8501 8502//8502
v 0.813922 0.429668 1.440563 0.161245 0.161245 0.161245
vn 0.000000 -0.489948 -0.871752
v 0.819779 0.416010 1.448240 0.161245 0.161245 0.161245
vn 0.000000 -0.489948 -0.871752
v 0.799710 0.416010 1.448240 0.161245 0.161245 0.161245
vn 0.000000 -0.489948 -0.871752
f 8503//8503 8504//8504 8505//8505
v 0.813922 0.429668 1.440563 0.161245 0.161245 0.161245
vn 0.000000 -0.489948 -0.871752
v 0.799710 0.416010 1.448240 0.161245 0.161245 0.161245
vn 0.000000 -0.489948 -0.871752
v 0.793853 0.429668 1.440563 0.161245 0.161245 0.161245
vn 0.000000 -0.489948 -0.871752
f 8506//8506 8507//8507 8508//8508
v 0.821731 0.414643 1.455774 0.161245 0.161245 0.161245
vn 0.955889 0.204881 -0.210478
v 0.821731 0.398710 1.440265 0.161245 0.161245 0.161245
vn 0.955889 0.204881 -0.210478
v 0.819779 0.406450 1.438935 0.161245 0.161245 0.161245
vn 0.955889 0.204881 -0.210478
f 8509//8509 8510//8510 8511//8511
v 0.821731 0.414643 1.455774 0.161245 0.161245 0.161245
vn 0.955902 0.204837 -0.210458
v 0.819779 0.406450 1.438935 0.161245 0.161245 0.161245
vn 0.955902 0.204837 -0.210458
v 0.819779 0.416010 1.448240 0.161245 0.161245 0.161245
vn 0.955902 0.204837 -0.210458
f 8512//8512 8513//8513 8514//8514
v 0.811970 0.437408 1.442980 0.161245 0.161245 0.161245
vn 0.936520 0.295300 -0.189019
v 0.821731 0.414643 1.455774 0.161245 0.161245 0.161245
vn 0.936520 0.295300 -0.189019
v 0.819779 0.416010 1.448240 0.161245 0.161245 0.161245
vn 0.936520 0.295300 -0.189019
f 8515//8515 8516//8516 8517//8517
v 0.811970 0.437408 1.442980 0.161245 0.161245 0.161245
vn 0.936495 0.295236 -0.189240
v 0.819779 0.416010 1.448240 0.161245 0.161245 0.161245
vn 0.936495 0.295236 -0.189240
v 0.813922 0.429668 1.440563 0.161245 0.161245 0.161245
vn 0.936495 0.295236 -0.189240
f 8518//8518 8519//8519 8520//8520
v 0.811970 0.411855 1.418106 0.161245 0.161245 0.161245
vn 0.882758 0.327712 -0.336664
v 0.811970 0.437408 1.442980 0.161245 0.161245 0.161245
vn 0.882758 0.327712 -0.336664
v 0.813922 0.429668 1.440563 0.161245 0.161245 0.161245
vn 0.882758 0.327712 -0.336664
f 8521//8521 8522//8522 8523//8523
v 0.811970 0.411855 1.418106 0.161245 0.161245 0.161245
vn 0.882758 0.327712 -0.336664
v 0.813922 0.429668 1.440563 0.161245 0.161245 0.161245
vn 0.882758 0.327712 -0.336664
v 0.813922 0.414336 1.425639 0.161245 0.161245 0.161245
vn 0.882758 0.327712 -0.336664
f 8524//8524 8525//8525 8526//8526
v 0.819779 0.416010 1.505678 0.161245 0.161245 0.161245
vn 0.000000 -0.489948 0.871752
v 0.813922 0.429668 1.513354 0.161245 0.161245 0.161245
vn 0.000000 -0.489948 0.871752
v 0.793853 0.429668 1.513354 0.161245 0.161245 0.161245
vn 0.000000 -0.489948 0.871752
f 8527//8527 8528//8528 8529//8529
v 0.819779 0.416010 1.505678 0.161245 0.161245 0.161245
vn 0.000000 -0.489948 0.871752
v 0.793853 0.429668 1.513354 0.161245 0.161245 0.161245
vn 0.000000 -0.489948 0.871752
v 0.799710 0.416010 1.505678 0.161245 0.161245 0.161245
vn 0.000000 -0.489948 0.871752
f 8530//8530 8531//8531 8532//8532
v 0.821731 0.398710 1.513653 0.161245 0.161245 0.161245
vn 0.955899 0.204857 0.210454
v 0.821731 0.414643 1.498144 0.161245 0.161245 0.161245
vn 0.955899 0.204857 0.210454
v 0.819779 0.416010 1.505678 0.161245 0.161245 0.161245
vn 0.955899 0.204857 0.210454
f 8533//8533 8534//8534 8535//8535
v 0.821731 0.398710 1.513653 0.161245 0.161245 0.161245
vn 0.955885 0.204877 0.210499
v 0.819779 0.416010 1.505678 0.161245 0.161245 0.161245
vn 0.955885 0.204877 0.210499
v 0.819779 0.406450 1.514983 0.161245 0.161245 0.161245
vn 0.955885 0.204877 0.210499
f 8536//8536 8537//8537 8538//8538
v 0.811970 0.437408 1.510938 0.161245 0.161245 0.161245
vn 0.882758 0.327712 0.336664
v 0.811970 0.411855 1.535812 0.161245 0.161245 0.161245
vn 0.882758 0.327712 0.336664
v 0.813922 0.414336 1.528279 0.161245 0.161245 0.161245
vn 0.882758 0.327712 0.336664
f 8539//8539 8540//8540 8541//8541
v 0.811970 0.437408 1.510938 0.161245 0.161245 0.161245
vn 0.882758 0.327712 0.336664
v 0.813922 0.414336 1.528279 0.161245 0.161245 0.161245
vn 0.882758 0.327712 0.336664
v 0.813922 0.429668 1.513354 0.161245 0.161245 0.161245
vn 0.882758 0.327712 0.336664
f 8542//8542 8543//8543 8544//8544
v 0.821731 0.414643 1.498144 0.161245 0.161245 0.161245
vn 0.936517 0.295218 0.189162
v 0.811970 0.437408 1.510938 0.161245 0.161245 0.161245
vn 0.936517 0.295218 0.189162
v 0.813922 0.429668 1.513354 0.161245 0.161245 0.161245
vn 0.936517 0.295218 0.189162
f 8545//8545 8546//8546 8547//8547
v 0.821731 0.414643 1.498144 0.161245 0.161245 0.161245
vn 0.936501 0.295373 0.189001
v 0.813922 0.429668 1.513354 0.161245 0.161245 0.161245
vn 0.936501 0.295373 0.189001
v 0.819779 0.416010 1.505678 0.161245 0.161245 0.161245
vn 0.936501 0.295373 0.189001
f 8548//8548 8549//8549 8550//8550
v 0.813922 0.324225 1.440563 0.161245 0.161245 0.161245
vn 0.000000 0.697515 0.716570
v 0.813922 0.339558 1.425639 0.161245 0.161245 0.161245
vn 0.000000 0.697515 0.716570
v 0.793853 0.339558 1.425639 0.161245 0.161245 0.161245
vn 0.000000 0.697515 0.716570
f 8551//8551 8552//8552 8553//8553
v 0.813922 0.324225 1.440563 0.161245 0.161245 0.161245
vn 0.000000 0.697515 0.716570
v 0.793853 0.339558 1.425639 0.161245 0.161245 0.161245
vn 0.000000 0.697515 0.716570
v 0.793853 0.324225 1.440563 0.161245 0.161245 0.161245
vn 0.000000 0.697515 0.716570
f 8554//8554 8555//8555 8556//8556
v 0.819779 0.337884 1.505678 0.161245 0.161245 0.161245
vn 0.000000 -0.697472 0.716612
v 0.819779 0.347444 1.514983 0.161245 0.161245 0.161245
vn 0.000000 -0.697472 0.716612
v 0.799710 0.347444 1.514983 0.161245 0.161245 0.161245
vn 0.000000 -0.697472 0.716612
f 8557//8557 8558//8558 8559//8559
v 0.819779 0.337884 1.505678 0.161245 0.161245 0.161245
vn 0.000000 -0.697472 0.716612
v 0.799710 0.347444 1.514983 0.161245 0.161245 0.161245
vn 0.000000 -0.697472 0.716612
v 0.799710 0.337884 1.505678 0.161245 0.161245 0.161245
vn 0.000000 -0.697472 0.716612
f 8560//8560 8561//8561 8562//8562
v 0.813922 0.414336 1.425639 0.161245 0.161245 0.161245
vn 0.000000 -0.697515 0.716570
v 0.813922 0.429668 1.440563 0.161245 0.161245 0.161245
vn 0.000000 -0.697515 0.716570
v 0.793853 0.429668 1.440563 0.161245 0.161245 0.161245
vn 0.000000 -0.697515 0.716570
f 8563//8563 8564//8564 8565//8565
v 0.813922 0.414336 1.425639 0.161245 0.161245 0.161245
vn 0.000000 -0.697515 0.716570
v 0.793853 0.429668 1.440563 0.161245 0.161245 0.161245
vn 0.000000 -0.697515 0.716570
v 0.793853 0.414336 1.425639 0.161245 0.161245 0.161245
vn 0.000000 -0.697515 0.716570
f 8566//8566 8567//8567 8568//8568
v 0.819779 0.347444 1.438935 0.161245 0.161245 0.161245
vn 0.000000 -0.697472 -0.716612
v 0.819779 0.337884 1.448240 0.161245 0.161245 0.161245
vn 0.000000 -0.697472 -0.716612
v 0.799710 0.337884 1.448240 0.161245 0.161245 0.161245
vn 0.000000 -0.697472 -0.716612
f 8569//8569 8570//8570 8571//8571
v 0.819779 0.347444 1.438935 0.161245 0.161245 0.161245
vn 0.000000 -0.697472 -0.716612
v 0.799710 0.337884 1.448240 0.161245 0.161245 0.161245
vn 0.000000 -0.697472 -0.716612
v 0.799710 0.347444 1.438935 0.161245 0.161245 0.161245
vn 0.000000 -0.697472 -0.716612
f 8572//8572 8573//8573 8574//8574
v 0.813922 0.429668 1.513354 0.161245 0.161245 0.161245
vn 0.000000 -0.697515 -0.716570
v 0.813922 0.414336 1.528279 0.161245 0.161245 0.161245
vn 0.000000 -0.697515 -0.716570
v 0.793853 0.414336 1.528279 0.161245 0.161245 0.161245
vn 0.000000 -0.697515 -0.716570
f 8575//8575 8576//8576 8577//8577
v 0.813922 0.429668 1.513354 0.161245 0.161245 0.161245
vn 0.000000 -0.697515 -0.716570
v 0.793853 0.414336 1.528279 0.161245 0.161245 0.161245
vn 0.000000 -0.697515 -0.716570
v 0.793853 0.429668 1.513354 0.161245 0.161245 0.161245
vn 0.000000 -0.697515 -0.716570
f 8578//8578 8579//8579 8580//8580
v 0.819779 0.347444 1.514983 0.161245 0.161245 0.161245
vn 0.000000 -0.860099 -0.510127
v 0.813922 0.339558 1.528279 0.161245 0.161245 0.161245
vn 0.000000 -0.860099 -0.510127
v 0.793853 0.339558 1.528279 0.161245 0.161245 0.161245
vn 0.000000 -0.860099 -0.510127
f 8581//8581 8582//8582 8583//8583
v 0.819779 0.347444 1.514983 0.161245 0.161245 0.161245
vn 0.000000 -0.860099 -0.510127
v 0.793853 0.339558 1.528279 0.161245 0.161245 0.161245
vn 0.000000 -0.860099 -0.510127
v 0.799710 0.347444 1.514983 0.161245 0.161245 0.161245
vn 0.000000 -0.860099 -0.510127
f 8584//8584 8585//8585 8586//8586
v 0.819779 0.416010 1.448240 0.161245 0.161245 0.161245
vn 0.000000 0.697472 -0.716612
v 0.819779 0.406450 1.438935 0.161245 0.161245 0.161245
vn 0.000000 0.697472 -0.716612
v 0.799710 0.406450 1.438935 0.161245 0.161245 0.161245
vn 0.000000 0.697472 -0.716612
f 8587//8587 8588//8588 8589//8589
v 0.819779 0.416010 1.448240 0.161245 0.161245 0.161245
vn 0.000000 0.697472 -0.716612
v 0.799710 0.406450 1.438935 0.161245 0.161245 0.161245
vn 0.000000 0.697472 -0.716612
v 0.799710 0.416010 1.448240 0.161245 0.161245 0.161245
vn 0.000000 0.697472 -0.716612
f 8590//8590 8591//8591 8592//8592
v 0.813922 0.339558 1.425639 0.161245 0.161245 0.161245
vn 0.000000 -0.860099 0.510127
v 0.819779 0.347444 1.438935 0.161245 0.161245 0.161245
vn 0.000000 -0.860099 0.510127
v 0.799710 0.347444 1.438935 0.161245 0.161245 0.161245
vn 0.000000 -0.860099 0.510127
f 8593//8593 8594//8594 8595//8595
v 0.813922 0.339558 1.425639 0.161245 0.161245 0.161245
vn 0.000000 -0.860099 0.510127
v 0.799710 0.347444 1.438935 0.161245 0.161245 0.161245
vn 0.000000 -0.860099 0.510127
v 0.793853 0.339558 1.425639 0.161245 0.161245 0.161245
vn 0.000000 -0.860099 0.510127
f 8596//8596 8597//8597 8598//8598
v 0.819779 0.406450 1.514983 0.161245 0.161245 0.161245
vn 0.000000 0.697472 0.716612
v 0.819779 0.416010 1.505678 0.161245 0.161245 0.161245
vn 0.000000 0.697472 0.716612
v 0.799710 0.416010 1.505678 0.161245 0.161245 0.161245
vn 0.000000 0.697472 0.716612
f 8599//8599 8600//8600 8601//8601
v 0.819779 0.406450 1.514983 0.161245 0.161245 0.161245
vn 0.000000 0.697472 0.716612
v 0.799710 0.416010 1.505678 0.161245 0.161245 0.161245
vn 0.000000 0.697472 0.716612
v 0.799710 0.406450 1.514983 0.161245 0.161245 0.161245
vn 0.000000 0.697472 0.716612
f 8602//8602 8603//8603 8604//8604
v 0.813922 0.324225 1.513354 0.161245 0.161245 0.161245
vn 0.000000 0.489948 0.871752
v 0.819779 0.337884 1.505678 0.161245 0.161245 0.161245
vn 0.000000 0.489948 0.871752
v 0.799710 0.337884 1.505678 0.161245 0.161245 0.161245
vn 0.000000 0.489948 0.871752
f 8605//8605 8606//8606 8607//8607
v 0.813922 0.324225 1.513354 0.161245 0.161245 0.161245
vn 0.000000 0.489948 0.871752
v 0.799710 0.337884 1.505678 0.161245 0.161245 0.161245
vn 0.000000 0.489948 0.871752
v 0.793853 0.324225 1.513354 0.161245 0.161245 0.161245
vn 0.000000 0.489948 0.871752
f 8608//8608 8609//8609 8610//8610
v 0.819779 0.406450 1.438935 0.161245 0.161245 0.161245
vn 0.000000 0.860099 0.510127
v 0.813922 0.414336 1.425639 0.161245 0.161245 0.161245
vn 0.000000 0.860099 0.510127
v 0.793853 0.414336 1.425639 0.161245 0.161245 0.161245
vn 0.000000 0.860099 0.510127
f 8611//8611 8612//8612 8613//8613
v 0.819779 0.406450 1.438935 0.161245 0.161245 0.161245
vn 0.000000 0.860099 0.510127
v 0.793853 0.414336 1.425639 0.161245 0.161245 0.161245
vn 0.000000 0.860099 0.510127
v 0.799710 0.406450 1.438935 0.161245 0.161245 0.161245
vn 0.000000 0.860099 0.510127
f 8614//8614 8615//8615 8616//8616
v 0.819779 0.337884 1.448240 0.161245 0.161245 0.161245
vn 0.000000 0.489948 -0.871752
v 0.813922 0.324225 1.440563 0.161245 0.161245 0.161245
vn 0.000000 0.489948 -0.871752
v 0.793853 0.324225 1.440563 0.161245 0.161245 0.161245
vn 0.000000 0.489948 -0.871752
f 8617//8617 8618//8618 8619//8619
v 0.819779 0.337884 1.448240 0.161245 0.161245 0.161245
vn 0.000000 0.489948 -0.871752
v 0.793853 0.324225 1.440563 0.161245 0.161245 0.161245
vn 0.000000 0.489948 -0.871752
v 0.799710 0.337884 1.448240 0.161245 0.161245 0.161245
vn 0.000000 0.489948 -0.871752
f 8620//8620 8621//8621 8622//8622
g Black
v -0.603195 0.376946 1.110035 0.010962 0.010962 0.010962
vn 0.000000 -0.252381 -0.967628
v -0.603195 0.188473 1.159193 0.010962 0.010962 0.010962
vn 0.000000 -0.252381 -0.967628
v -0.792804 0.188473 1.159193 0.010962 0.010962 0.010962
vn 0.000000 -0.252381 -0.967628
f 8623//8623 8624//8624 8625//8625
v -0.603195 0.376946 1.110035 0.010962 0.010962 0.010962
vn 0.000000 -0.252381 -0.967628
v -0.792804 0.188473 1.159193 0.010962 0.010962 0.010962
vn 0.000000 -0.252381 -0.967628
v -0.792804 0.376946 1.110035 0.010962 0.010962 0.010962
vn 0.000000 -0.252381 -0.967628
f 8626//8626 8627//8627 8628//8628
v -0.603195 0.188473 1.159193 0.010962 0.010962 0.010962
vn 0.000000 -0.697515 -0.716570
v -0.603195 0.050501 1.293496 0.010962 0.010962 0.010962
vn 0.000000 -0.697515 -0.716570
v -0.792804 0.050501 1.293496 0.010962 0.010962 0.010962
vn 0.000000 -0.697515 -0.716570
f 8629//8629 8630//8630 8631//8631
v -0.603195 0.188473 1.159193 0.010962 0.010962 0.010962
vn 0.000000 -0.697515 -0.716570
v -0.792804 0.050501 1.293496 0.010962 0.010962 0.010962
vn 0.000000 -0.697515 -0.716570
v -0.792804 0.188473 1.159193 0.010962 0.010962 0.010962
vn 0.000000 -0.697515 -0.716570
f 8632//8632 8633//8633 8634//8634
v -0.603195 0.050501 1.293496 0.010962 0.010962 0.010962
vn 0.000000 -0.964139 -0.265396
v -0.603195 0.000000 1.476959 0.010962 0.010962 0.010962
vn 0.000000 -0.964139 -0.265396
v -0.792804 0.000000 1.476959 0.010962 0.010962 0.010962
vn 0.000000 -0.964139 -0.265396
f 8635//8635 8636//8636 8637//8637
v -0.603195 0.050501 1.293496 0.010962 0.010962 0.010962
vn 0.000000 -0.964139 -0.265396
v -0.792804 0.000000 1.476959 0.010962 0.010962 0.010962
vn 0.000000 -0.964139 -0.265396
v -0.792804 0.050501 1.293496 0.010962 0.010962 0.010962
vn 0.000000 -0.964139 -0.265396
f 8638//8638 8639//8639 8640//8640
v -0.603195 0.000000 1.476959 0.010962 0.010962 0.010962
vn 0.000000 -0.964139 0.265398
v -0.603195 0.050501 1.660420 0.010962 0.010962 0.010962
vn 0.000000 -0.964139 0.265398
v -0.792804 0.050501 1.660420 0.010962 0.010962 0.010962
vn 0.000000 -0.964139 0.265398
f 8641//8641 8642//8642 8643//8643
v -0.603195 0.000000 1.476959 0.010962 0.010962 0.010962
vn 0.000000 -0.964139 0.265398
v -0.792804 0.050501 1.660420 0.010962 0.010962 0.010962
vn 0.000000 -0.964139 0.265398
v -0.792804 0.000000 1.476959 0.010962 0.010962 0.010962
vn 0.000000 -0.964139 0.265398
f 8644//8644 8645//8645 8646//8646
v -0.603195 0.050501 1.660420 0.010962 0.010962 0.010962
vn 0.000000 -0.697518 0.716567
v -0.603195 0.188473 1.794725 0.010962 0.010962 0.010962
vn 0.000000 -0.697518 0.716567
v -0.792804 0.188473 1.794725 0.010962 0.010962 0.010962
vn 0.000000 -0.697518 0.716567
f 8647//8647 8648//8648 8649//8649
v -0.603195 0.050501 1.660420 0.010962 0.010962 0.010962
vn 0.000000 -0.697518 0.716567
v -0.792804 0.188473 1.794725 0.010962 0.010962 0.010962
vn 0.000000 -0.697518 0.716567
v -0.792804 0.050501 1.660420 0.010962 0.010962 0.010962
vn 0.000000 -0.697518 0.716567
f 8650//8650 8651//8651 8652//8652
v -0.603195 0.188473 1.794725 0.010962 0.010962 0.010962
vn 0.000000 -0.252381 0.967628
v -0.603195 0.376946 1.843883 0.010962 0.010962 0.010962
vn 0.000000 -0.252381 0.967628
v -0.792804 0.376946 1.843883 0.010962 0.010962 0.010962
vn 0.000000 -0.252381 0.967628
f 8653//8653 8654//8654 8655//8655
v -0.603195 0.188473 1.794725 0.010962 0.010962 0.010962
vn 0.000000 -0.252381 0.967628
v -0.792804 0.376946 1.843883 0.010962 0.010962 0.010962
vn 0.000000 -0.252381 0.967628
v -0.792804 0.188473 1.794725 0.010962 0.010962 0.010962
vn 0.000000 -0.252381 0.967628
f 8656//8656 8657//8657 8658//8658
v -0.603195 0.376946 1.843883 0.010962 0.010962 0.010962
vn 0.000000 0.252379 0.967628
v -0.603195 0.565421 1.794725 0.010962 0.010962 0.010962
vn 0.000000 0.252379 0.967628
v -0.792804 0.565421 1.794725 0.010962 0.010962 0.010962
vn 0.000000 0.252379 0.967628
f 8659//8659 8660//8660 8661//8661
v -0.603195 0.376946 1.843883 0.010962 0.010962 0.010962
vn 0.000000 0.252379 0.967628
v -0.792804 0.565421 1.794725 0.010962 0.010962 0.010962
vn 0.000000 0.252379 0.967628
v -0.792804 0.376946 1.843883 0.010962 0.010962 0.010962
vn 0.000000 0.252379 0.967628
f 8662//8662 8663//8663 8664//8664
v -0.603195 0.565421 1.794725 0.010962 0.010962 0.010962
vn 0.000000 0.697518 0.716567
v -0.603195 0.703392 1.660420 0.010962 0.010962 0.010962
vn 0.000000 0.697518 0.716567
v -0.792804 0.703392 1.660420 0.010962 0.010962 0.010962
vn 0.000000 0.697518 0.716567
f 8665//8665 8666//8666 8667//8667
v -0.603195 0.565421 1.794725 0.010962 0.010962 0.010962
vn 0.000000 0.697518 0.716567
v -0.792804 0.703392 1.660420 0.010962 0.010962 0.010962
vn 0.000000 0.697518 0.716567
v -0.792804 0.565421 1.794725 0.010962 0.010962 0.010962
vn 0.000000 0.697518 0.716567
f 8668//8668 8669//8669 8670//8670
v -0.603195 0.703392 1.660420 0.010962 0.010962 0.010962
vn 0.000000 0.964139 0.265398
v -0.603195 0.753894 1.476959 0.010962 0.010962 0.010962
vn 0.000000 0.964139 0.265398
v -0.792804 0.753894 1.476959 0.010962 0.010962 0.010962
vn 0.000000 0.964139 0.265398
f 8671//8671 8672//8672 8673//8673
v -0.603195 0.703392 1.660420 0.010962 0.010962 0.010962
vn 0.000000 0.964139 0.265398
v -0.792804 0.753894 1.476959 0.010962 0.010962 0.010962
vn 0.000000 0.964139 0.265398
v -0.792804 0.703392 1.660420 0.010962 0.010962 0.010962
vn 0.000000 0.964139 0.265398
f 8674//8674 8675//8675 8676//8676
v -0.603195 0.753894 1.476959 0.010962 0.010962 0.010962
vn 0.000000 0.964139 -0.265398
v -0.603195 0.703392 1.293497 0.010962 0.010962 0.010962
vn 0.000000 0.964139 -0.265398
v -0.792804 0.703392 1.293497 0.010962 0.010962 0.010962
vn 0.000000 0.964139 -0.265398
f 8677//8677 8678//8678 8679//8679
v -0.603195 0.753894 1.476959 0.010962 0.010962 0.010962
vn 0.000000 0.964139 -0.265398
v -0.792804 0.703392 1.293497 0.010962 0.010962 0.010962
vn 0.000000 0.964139 -0.265398
v -0.792804 0.753894 1.476959 0.010962 0.010962 0.010962
vn 0.000000 0.964139 -0.265398
f 8680//8680 8681//8681 8682//8682
v -0.792804 0.376946 1.843883 0.010962 0.010962 0.010962
vn -0.930066 -0.092721 0.355501
v -0.826863 0.376946 1.754778 0.010962 0.010962 0.010962
vn -0.930066 -0.092721 0.355501
v -0.826863 0.234242 1.717558 0.010962 0.010962 0.010962
vn -0.930066 -0.092721 0.355501
f 8683//8683 8684//8684 8685//8685
v -0.792804 0.376946 1.843883 0.010962 0.010962 0.010962
vn -0.930064 -0.092724 0.355504
v -0.826863 0.234242 1.717558 0.010962 0.010962 0.010962
vn -0.930064 -0.092724 0.355504
v -0.792804 0.188473 1.794725 0.010962 0.010962 0.010962
vn -0.930064 -0.092724 0.355504
f 8686//8686 8687//8687 8688//8688
v -0.603195 0.703392 1.293497 0.010962 0.010962 0.010962
vn 0.000000 0.697518 -0.716567
v -0.603195 0.565421 1.159193 0.010962 0.010962 0.010962
vn 0.000000 0.697518 -0.716567
v -0.792804 0.565421 1.159193 0.010962 0.010962 0.010962
vn 0.000000 0.697518 -0.716567
f 8689//8689 8690//8690 8691//8691
v -0.603195 0.703392 1.293497 0.010962 0.010962 0.010962
vn 0.000000 0.697518 -0.716567
v -0.792804 0.565421 1.159193 0.010962 0.010962 0.010962
vn 0.000000 0.697518 -0.716567
v -0.792804 0.703392 1.293497 0.010962 0.010962 0.010962
vn 0.000000 0.697518 -0.716567
f 8692//8692 8693//8693 8694//8694
v -0.603195 0.565421 1.159193 0.010962 0.010962 0.010962
vn 0.000000 0.252379 -0.967628
v -0.603195 0.376946 1.110035 0.010962 0.010962 0.010962
vn 0.000000 0.252379 -0.967628
v -0.792804 0.376946 1.110035 0.010962 0.010962 0.010962
vn 0.000000 0.252379 -0.967628
f 8695//8695 8696//8696 8697//8697
v -0.603195 0.565421 1.159193 0.010962 0.010962 0.010962
vn 0.000000 0.252379 -0.967628
v -0.792804 0.376946 1.110035 0.010962 0.010962 0.010962
vn 0.000000 0.252379 -0.967628
v -0.792804 0.565421 1.159193 0.010962 0.010962 0.010962
vn 0.000000 0.252379 -0.967628
f 8698//8698 8699//8699 8700//8700
v -0.603195 0.376946 1.110035 0.010962 0.010962 0.010962
vn 1.000000 0.000000 0.000000
v -0.603195 0.565421 1.159193 0.010962 0.010962 0.010962
vn 1.000000 0.000000 0.000000
v -0.603195 0.703392 1.293497 0.010962 0.010962 0.010962
vn 1.000000 0.000000 0.000000
f 8701//8701 8702//8702 8703//8703
v -0.603195 0.376946 1.110035 0.010962 0.010962 0.010962
vn 1.000000 0.000000 0.000000
v -0.603195 0.703392 1.293497 0.010962 0.010962 0.010962
vn 1.000000 0.000000 0.000000
v -0.603195 0.753894 1.476959 0.010962 0.010962 0.010962
vn 1.000000 0.000000 0.000000
f 8704//8704 8705//8705 8706//8706
v -0.603195 0.376946 1.110035 0.010962 0.010962 0.010962
vn 1.000000 0.000000 0.000000
v -0.603195 0.753894 1.476959 0.010962 0.010962 0.010962
vn 1.000000 0.000000 0.000000
v -0.603195 0.703392 1.660420 0.010962 0.010962 0.010962
vn 1.000000 0.000000 0.000000
f 8707//8707 8708//8708 8709//8709
v -0.603195 0.376946 1.110035 0.010962 0.010962 0.010962
vn 1.000000 0.000000 0.000000
v -0.603195 0.703392 1.660420 0.010962 0.010962 0.010962
vn 1.000000 0.000000 0.000000
v -0.603195 0.565421 1.794725 0.010962 0.010962 0.010962
vn 1.000000 0.000000 0.000000
f 8710//8710 8711//8711 8712//8712
v -0.603195 0.376946 1.110035 0.010962 0.010962 0.010962
vn 1.000000 0.000000 0.000000
v -0.603195 0.565421 1.794725 0.010962 0.010962 0.010962
vn 1.000000 0.000000 0.000000
v -0.603195 0.376946 1.843883 0.010962 0.010962 0.010962
vn 1.000000 0.000000 0.000000
f 8713//8713 8714//8714 8715//8715
v -0.603195 0.376946 1.110035 0.010962 0.010962 0.010962
vn 1.000000 0.000000 0.000000
v -0.603195 0.376946 1.843883 0.010962 0.010962 0.010962
vn 1.000000 0.000000 0.000000
v -0.603195 0.188473 1.794725 0.010962 0.010962 0.010962
vn 1.000000 0.000000 0.000000
f 8716//8716 8717//8717 8718//8718
v -0.603195 0.376946 1.110035 0.010962 0.010962 0.010962
vn 1.000000 0.000000 0.000000
v -0.603195 0.188473 1.794725 0.010962 0.010962 0.010962
vn 1.000000 0.000000 0.000000
v -0.603195 0.050501 1.660420 0.010962 0.010962 0.010962
vn 1.000000 0.000000 0.000000
f 8719//8719 8720//8720 8721//8721
v -0.603195 0.376946 1.110035 0.010962 0.010962 0.010962
vn 1.000000 0.000000 0.000000
v -0.603195 0.050501 1.660420 0.010962 0.010962 0.010962
vn 1.000000 0.000000 0.000000
v -0.603195 0.000000 1.476959 0.010962 0.010962 0.010962
vn 1.000000 0.000000 0.000000
f 8722//8722 8723//8723 8724//8724
v -0.603195 0.376946 1.110035 0.010962 0.010962 0.010962
vn 1.000000 0.000000 0.000000
v -0.603195 0.000000 1.476959 0.010962 0.010962 0.010962
vn 1.000000 0.000000 0.000000
v -0.603195 0.050501 1.293496 0.010962 0.010962 0.010962
vn 1.000000 0.000000 0.000000
f 8725//8725 8726//8726 8727//8727
v -0.603195 0.376946 1.110035 0.010962 0.010962 0.010962
vn 1.000000 0.000000 0.000000
v -0.603195 0.050501 1.293496 0.010962 0.010962 0.010962
vn 1.000000 0.000000 0.000000
v -0.603195 0.188473 1.159193 0.010962 0.010962 0.010962
vn 1.000000 0.000000 0.000000
f 8728//8728 8729//8729 8730//8730
v -0.826863 0.376946 1.754778 0.010962 0.010962 0.010962
vn -1.000000 0.000000 0.000000
v -0.826863 0.376946 1.719505 0.010962 0.010962 0.010962
vn -1.000000 0.000000 0.000000
v -0.826863 0.252361 1.687010 0.010962 0.010962 0.010962
vn -1.000000 0.000000 0.000000
f 8731//8731 8732//8732 8733//8733
v -0.826863 0.376946 1.754778 0.010962 0.010962 0.010962
vn -1.000000 0.000000 0.000000
v -0.826863 0.252361 1.687010 0.010962 0.010962 0.010962
vn -1.000000 0.000000 0.000000
v -0.826863 0.234242 1.717558 0.010962 0.010962 0.010962
vn -1.000000 0.000000 0.000000
f 8734//8734 8735//8735 8736//8736
v -0.792804 0.188473 1.794725 0.010962 0.010962 0.010962
vn -0.931498 -0.253719 0.260647
v -0.826863 0.234242 1.717558 0.010962 0.010962 0.010962
vn -0.931498 -0.253719 0.260647
v -0.826863 0.129776 1.615868 0.010962 0.010962 0.010962
vn -0.931498 -0.253719 0.260647
f 8737//8737 8738//8738 8739//8739
v -0.792804 0.188473 1.794725 0.010962 0.010962 0.010962
vn -0.931499 -0.253719 0.260647
v -0.826863 0.129776 1.615868 0.010962 0.010962 0.010962
vn -0.931499 -0.253719 0.260647
v -0.792804 0.050501 1.660420 0.010962 0.010962 0.010962
vn -0.931499 -0.253719 0.260647
f 8740//8740 8741//8741 8742//8742
v -0.792804 0.050501 1.660420 0.010962 0.010962 0.010962
vn -0.932940 -0.347121 0.095552
v -0.826863 0.129776 1.615868 0.010962 0.010962 0.010962
vn -0.932940 -0.347121 0.095552
v -0.826863 0.091538 1.476959 0.010962 0.010962 0.010962
vn -0.932940 -0.347121 0.095552
f 8743//8743 8744//8744 8745//8745
v -0.792804 0.050501 1.660420 0.010962 0.010962 0.010962
vn -0.932940 -0.347122 0.095552
v -0.826863 0.091538 1.476959 0.010962 0.010962 0.010962
vn -0.932940 -0.347122 0.095552
v -0.792804 0.000000 1.476959 0.010962 0.010962 0.010962
vn -0.932940 -0.347122 0.095552
f 8746//8746 8747//8747 8748//8748
v -0.792804 0.376946 1.110035 0.010962 0.010962 0.010962
vn -0.930064 0.092724 -0.355505
v -0.826863 0.376946 1.199139 0.010962 0.010962 0.010962
vn -0.930064 0.092724 -0.355505
v -0.826863 0.519652 1.236360 0.010962 0.010962 0.010962
vn -0.930064 0.092724 -0.355505
f 8749//8749 8750//8750 8751//8751
v -0.792804 0.376946 1.110035 0.010962 0.010962 0.010962
vn -0.930064 0.092724 -0.355504
v -0.826863 0.519652 1.236360 0.010962 0.010962 0.010962
vn -0.930064 0.092724 -0.355504
v -0.792804 0.565421 1.159193 0.010962 0.010962 0.010962
vn -0.930064 0.092724 -0.355504
f 8752//8752 8753//8753 8754//8754
v -0.792804 0.188473 1.159193 0.010962 0.010962 0.010962
vn -0.930064 -0.092725 -0.355504
v -0.826863 0.234242 1.236360 0.010962 0.010962 0.010962
vn -0.930064 -0.092725 -0.355504
v -0.826863 0.376946 1.199139 0.010962 0.010962 0.010962
vn -0.930064 -0.092725 -0.355504
f 8755//8755 8756//8756 8757//8757
v -0.792804 0.188473 1.159193 0.010962 0.010962 0.010962
vn -0.930064 -0.092724 -0.355505
v -0.826863 0.376946 1.199139 0.010962 0.010962 0.010962
vn -0.930064 -0.092724 -0.355505
v -0.792804 0.376946 1.110035 0.010962 0.010962 0.010962
vn -0.930064 -0.092724 -0.355505
f 8758//8758 8759//8759 8760//8760
v -0.792804 0.000000 1.476959 0.010962 0.010962 0.010962
vn -0.932940 -0.347122 -0.095552
v -0.826863 0.091538 1.476959 0.010962 0.010962 0.010962
vn -0.932940 -0.347122 -0.095552
v -0.826863 0.129776 1.338049 0.010962 0.010962 0.010962
vn -0.932940 -0.347122 -0.095552
f 8761//8761 8762//8762 8763//8763
v -0.792804 0.000000 1.476959 0.010962 0.010962 0.010962
vn -0.932940 -0.347120 -0.095551
v -0.826863 0.129776 1.338049 0.010962 0.010962 0.010962
vn -0.932940 -0.347120 -0.095551
v -0.792804 0.050501 1.293496 0.010962 0.010962 0.010962
vn -0.932940 -0.347120 -0.095551
f 8764//8764 8765//8765 8766//8766
v -0.792804 0.565421 1.159193 0.010962 0.010962 0.010962
vn -0.931498 0.253719 -0.260647
v -0.826863 0.519652 1.236360 0.010962 0.010962 0.010962
vn -0.931498 0.253719 -0.260647
v -0.826863 0.624118 1.338049 0.010962 0.010962 0.010962
vn -0.931498 0.253719 -0.260647
f 8767//8767 8768//8768 8769//8769
v -0.792804 0.565421 1.159193 0.010962 0.010962 0.010962
vn -0.931499 0.253719 -0.260647
v -0.826863 0.624118 1.338049 0.010962 0.010962 0.010962
vn -0.931499 0.253719 -0.260647
v -0.792804 0.703392 1.293497 0.010962 0.010962 0.010962
vn -0.931499 0.253719 -0.260647
f 8770//8770 8771//8771 8772//8772
v -0.792804 0.050501 1.293496 0.010962 0.010962 0.010962
vn -0.931500 -0.253717 -0.260645
v -0.826863 0.129776 1.338049 0.010962 0.010962 0.010962
vn -0.931500 -0.253717 -0.260645
v -0.826863 0.234242 1.236360 0.010962 0.010962 0.010962
vn -0.931500 -0.253717 -0.260645
f 8773//8773 8774//8774 8775//8775
v -0.792804 0.050501 1.293496 0.010962 0.010962 0.010962
vn -0.931499 -0.253718 -0.260649
v -0.826863 0.234242 1.236360 0.010962 0.010962 0.010962
vn -0.931499 -0.253718 -0.260649
v -0.792804 0.188473 1.159193 0.010962 0.010962 0.010962
vn -0.931499 -0.253718 -0.260649
f 8776//8776 8777//8777 8778//8778
v -0.792804 0.703392 1.293497 0.010962 0.010962 0.010962
vn -0.932940 0.347121 -0.095552
v -0.826863 0.624118 1.338049 0.010962 0.010962 0.010962
vn -0.932940 0.347121 -0.095552
v -0.826863 0.662356 1.476959 0.010962 0.010962 0.010962
vn -0.932940 0.347121 -0.095552
f 8779//8779 8780//8780 8781//8781
v -0.792804 0.703392 1.293497 0.010962 0.010962 0.010962
vn -0.932940 0.347122 -0.095552
v -0.826863 0.662356 1.476959 0.010962 0.010962 0.010962
vn -0.932940 0.347122 -0.095552
v -0.792804 0.753894 1.476959 0.010962 0.010962 0.010962
vn -0.932940 0.347122 -0.095552
f 8782//8782 8783//8783 8784//8784
v -0.792804 0.753894 1.476959 0.010962 0.010962 0.010962
vn -0.932940 0.347122 0.095552
v -0.826863 0.662356 1.476959 0.010962 0.010962 0.010962
vn -0.932940 0.347122 0.095552
v -0.826863 0.624118 1.615868 0.010962 0.010962 0.010962
vn -0.932940 0.347122 0.095552
f 8785//8785 8786//8786 8787//8787
v -0.792804 0.753894 1.476959 0.010962 0.010962 0.010962
vn -0.932940 0.347121 0.095552
v -0.826863 0.624118 1.615868 0.010962 0.010962 0.010962
vn -0.932940 0.347121 0.095552
v -0.792804 0.703392 1.660420 0.010962 0.010962 0.010962
vn -0.932940 0.347121 0.095552
f 8788//8788 8789//8789 8790//8790
v -0.792804 0.703392 1.660420 0.010962 0.010962 0.010962
vn -0.931499 0.253719 0.260647
v -0.826863 0.624118 1.615868 0.010962 0.010962 0.010962
vn -0.931499 0.253719 0.260647
v -0.826863 0.519652 1.717558 0.010962 0.010962 0.010962
vn -0.931499 0.253719 0.260647
f 8791//8791 8792//8792 8793//8793
v -0.792804 0.703392 1.660420 0.010962 0.010962 0.010962
vn -0.931498 0.253719 0.260648
v -0.826863 0.519652 1.717558 0.010962 0.010962 0.010962
vn -0.931498 0.253719 0.260648
v -0.792804 0.565421 1.794725 0.010962 0.010962 0.010962
vn -0.931498 0.253719 0.260648
f 8794//8794 8795//8795 8796//8796
v -0.792804 0.565421 1.794725 0.010962 0.010962 0.010962
vn -0.930064 0.092721 0.355506
v -0.826863 0.519652 1.717558 0.010962 0.010962 0.010962
vn -0.930064 0.092721 0.355506
v -0.826863 0.376946 1.754778 0.010962 0.010962 0.010962
vn -0.930064 0.092721 0.355506
f 8797//8797 8798//8798 8799//8799
v -0.792804 0.565421 1.794725 0.010962 0.010962 0.010962
vn -0.930065 0.092723 0.355501
v -0.826863 0.376946 1.754778 0.010962 0.010962 0.010962
vn -0.930065 0.092723 0.355501
v -0.792804 0.376946 1.843883 0.010962 0.010962 0.010962
vn -0.930065 0.092723 0.355501
f 8800//8800 8801//8801 8802//8802
v -0.826863 0.626119 1.476959 0.010962 0.010962 0.010962
vn 0.000000 -0.964138 -0.265402
v -0.799152 0.626119 1.476959 0.010962 0.010962 0.010962
vn 0.000000 -0.964138 -0.265402
v -0.799152 0.592735 1.598232 0.010962 0.010962 0.010962
vn 0.000000 -0.964138 -0.265402
f 8803//8803 8804//8804 8805//8805
v -0.826863 0.626119 1.476959 0.010962 0.010962 0.010962
vn 0.000000 -0.964138 -0.265402
v -0.799152 0.592735 1.598232 0.010962 0.010962 0.010962
vn 0.000000 -0.964138 -0.265402
v -0.826863 0.592735 1.598232 0.010962 0.010962 0.010962
vn 0.000000 -0.964138 -0.265402
f 8806//8806 8807//8807 8808//8808
v -0.826863 0.091538 1.476959 0.010962 0.010962 0.010962
vn -1.000000 0.000000 0.000000
v -0.826863 0.127775 1.476959 0.010962 0.010962 0.010962
vn -1.000000 0.000000 0.000000
v -0.826863 0.161158 1.355685 0.010962 0.010962 0.010962
vn -1.000000 0.000000 0.000000
f 8809//8809 8810//8810 8811//8811
v -0.826863 0.091538 1.476959 0.010962 0.010962 0.010962
vn -1.000000 0.000000 0.000000
v -0.826863 0.161158 1.355685 0.010962 0.010962 0.010962
vn -1.000000 0.000000 0.000000
v -0.826863 0.129776 1.338049 0.010962 0.010962 0.010962
vn -1.000000 0.000000 0.000000
f 8812//8812 8813//8813 8814//8814
v -0.826863 0.624118 1.338049 0.010962 0.010962 0.010962
vn -1.000000 0.000000 0.000000
v -0.826863 0.592735 1.355685 0.010962 0.010962 0.010962
vn -1.000000 0.000000 0.000000
v -0.826863 0.626119 1.476959 0.010962 0.010962 0.010962
vn -1.000000 0.000000 0.000000
f 8815//8815 8816//8816 8817//8817
v -0.826863 0.624118 1.338049 0.010962 0.010962 0.010962
vn -1.000000 0.000000 0.000000
v -0.826863 0.626119 1.476959 0.010962 0.010962 0.010962
vn -1.000000 0.000000 0.000000
v -0.826863 0.662356 1.476959 0.010962 0.010962 0.010962
vn -1.000000 0.000000 0.000000
f 8818//8818 8819//8819 8820//8820
v -0.826863 0.519652 1.717558 0.010962 0.010962 0.010962
vn -1.000000 0.000000 0.000000
v -0.826863 0.501533 1.687010 0.010962 0.010962 0.010962
vn -1.000000 0.000000 0.000000
v -0.826863 0.376946 1.719505 0.010962 0.010962 0.010962
vn -1.000000 0.000000 0.000000
f 8821//8821 8822//8822 8823//8823
v -0.826863 0.519652 1.717558 0.010962 0.010962 0.010962
vn -1.000000 0.000000 0.000000
v -0.826863 0.376946 1.719505 0.010962 0.010962 0.010962
vn -1.000000 0.000000 0.000000
v -0.826863 0.376946 1.754778 0.010962 0.010962 0.010962
vn -1.000000 0.000000 0.000000
f 8824//8824 8825//8825 8826//8826
v -0.826863 0.129776 1.615868 0.010962 0.010962 0.010962
vn -1.000000 0.000000 0.000000
v -0.826863 0.161158 1.598232 0.010962 0.010962 0.010962
vn -1.000000 0.000000 0.000000
v -0.826863 0.127775 1.476959 0.010962 0.010962 0.010962
vn -1.000000 0.000000 0.000000
f 8827//8827 8828//8828 8829//8829
v -0.826863 0.129776 1.615868 0.010962 0.010962 0.010962
vn -1.000000 0.000000 0.000000
v -0.826863 0.127775 1.476959 0.010962 0.010962 0.010962
vn -1.000000 0.000000 0.000000
v -0.826863 0.091538 1.476959 0.010962 0.010962 0.010962
vn -1.000000 0.000000 0.000000
f 8830//8830 8831//8831 8832//8832
v -0.826863 0.519652 1.236360 0.010962 0.010962 0.010962
vn -1.000000 0.000000 0.000000
v -0.826863 0.501533 1.266908 0.010962 0.010962 0.010962
vn -1.000000 0.000000 0.000000
v -0.826863 0.592735 1.355685 0.010962 0.010962 0.010962
vn -1.000000 0.000000 0.000000
f 8833//8833 8834//8834 8835//8835
v -0.826863 0.519652 1.236360 0.010962 0.010962 0.010962
vn -1.000000 0.000000 0.000000
v -0.826863 0.592735 1.355685 0.010962 0.010962 0.010962
vn -1.000000 0.000000 0.000000
v -0.826863 0.624118 1.338049 0.010962 0.010962 0.010962
vn -1.000000 0.000000 0.000000
f 8836//8836 8837//8837 8838//8838
v -0.826863 0.234242 1.236360 0.010962 0.010962 0.010962
vn -1.000000 0.000000 0.000000
v -0.826863 0.252361 1.266908 0.010962 0.010962 0.010962
vn -1.000000 0.000000 0.000000
v -0.826863 0.376946 1.234413 0.010962 0.010962 0.010962
vn -1.000000 0.000000 0.000000
f 8839//8839 8840//8840 8841//8841
v -0.826863 0.234242 1.236360 0.010962 0.010962 0.010962
vn -1.000000 0.000000 0.000000
v -0.826863 0.376946 1.234413 0.010962 0.010962 0.010962
vn -1.000000 0.000000 0.000000
v -0.826863 0.376946 1.199139 0.010962 0.010962 0.010962
vn -1.000000 0.000000 0.000000
f 8842//8842 8843//8843 8844//8844
v -0.826863 0.624118 1.615868 0.010962 0.010962 0.010962
vn -1.000000 0.000000 0.000000
v -0.826863 0.592735 1.598232 0.010962 0.010962 0.010962
vn -1.000000 0.000000 0.000000
v -0.826863 0.501533 1.687010 0.010962 0.010962 0.010962
vn -1.000000 0.000000 0.000000
f 8845//8845 8846//8846 8847//8847
v -0.826863 0.624118 1.615868 0.010962 0.010962 0.010962
vn -1.000000 0.000000 0.000000
v -0.826863 0.501533 1.687010 0.010962 0.010962 0.010962
vn -1.000000 0.000000 0.000000
v -0.826863 0.519652 1.717558 0.010962 0.010962 0.010962
vn -1.000000 0.000000 0.000000
f 8848//8848 8849//8849 8850//8850
v -0.826863 0.234242 1.717558 0.010962 0.010962 0.010962
vn -1.000000 0.000000 0.000000
v -0.826863 0.252361 1.687010 0.010962 0.010962 0.010962
vn -1.000000 0.000000 0.000000
v -0.826863 0.161158 1.598232 0.010962 0.010962 0.010962
vn -1.000000 0.000000 0.000000
f 8851//8851 8852//8852 8853//8853
v -0.826863 0.234242 1.717558 0.010962 0.010962 0.010962
vn -1.000000 0.000000 0.000000
v -0.826863 0.161158 1.598232 0.010962 0.010962 0.010962
vn -1.000000 0.000000 0.000000
v -0.826863 0.129776 1.615868 0.010962 0.010962 0.010962
vn -1.000000 0.000000 0.000000
f 8854//8854 8855//8855 8856//8856
v -0.826863 0.376946 1.199139 0.010962 0.010962 0.010962
vn -1.000000 0.000000 0.000000
v -0.826863 0.376946 1.234413 0.010962 0.010962 0.010962
vn -1.000000 0.000000 0.000000
v -0.826863 0.501533 1.266908 0.010962 0.010962 0.010962
vn -1.000000 0.000000 0.000000
f 8857//8857 8858//8858 8859//8859
v -0.826863 0.376946 1.199139 0.010962 0.010962 0.010962
vn -1.000000 0.000000 0.000000
v -0.826863 0.501533 1.266908 0.010962 0.010962 0.010962
vn -1.000000 0.000000 0.000000
v -0.826863 0.519652 1.236360 0.010962 0.010962 0.010962
vn -1.000000 0.000000 0.000000
f 8860//8860 8861//8861 8862//8862
v -0.826863 0.129776 1.338049 0.010962 0.010962 0.010962
vn -1.000000 0.000000 0.000000
v -0.826863 0.161158 1.355685 0.010962 0.010962 0.010962
vn -1.000000 0.000000 0.000000
v -0.826863 0.252361 1.266908 0.010962 0.010962 0.010962
vn -1.000000 0.000000 0.000000
f 8863//8863 8864//8864 8865//8865
v -0.826863 0.129776 1.338049 0.010962 0.010962 0.010962
vn -1.000000 0.000000 0.000000
v -0.826863 0.252361 1.266908 0.010962 0.010962 0.010962
vn -1.000000 0.000000 0.000000
v -0.826863 0.234242 1.236360 0.010962 0.010962 0.010962
vn -1.000000 0.000000 0.000000
f 8866//8866 8867//8867 8868//8868
v -0.826863 0.662356 1.476959 0.010962 0.010962 0.010962
vn -1.000000 0.000000 0.000000
v -0.826863 0.626119 1.476959 0.010962 0.010962 0.010962
vn -1.000000 0.000000 0.000000
v -0.826863 0.592735 1.598232 0.010962 0.010962 0.010962
vn -1.000000 0.000000 0.000000
f 8869//8869 8870//8870 8871//8871
v -0.826863 0.662356 1.476959 0.010962 0.010962 0.010962
vn -1.000000 0.000000 0.000000
v -0.826863 0.592735 1.598232 0.010962 0.010962 0.010962
vn -1.000000 0.000000 0.000000
v -0.826863 0.624118 1.615868 0.010962 0.010962 0.010962
vn -1.000000 0.000000 0.000000
f 8872//8872 8873//8873 8874//8874
v -0.826863 0.376946 1.719505 0.010962 0.010962 0.010962
vn 0.000000 0.252379 -0.967629
v -0.799152 0.376946 1.719505 0.010962 0.010962 0.010962
vn 0.000000 0.252379 -0.967629
v -0.799152 0.252361 1.687010 0.010962 0.010962 0.010962
vn 0.000000 0.252379 -0.967629
f 8875//8875 8876//8876 8877//8877
v -0.826863 0.376946 1.719505 0.010962 0.010962 0.010962
vn 0.000000 0.252379 -0.967629
v -0.799152 0.252361 1.687010 0.010962 0.010962 0.010962
vn 0.000000 0.252379 -0.967629
v -0.826863 0.252361 1.687010 0.010962 0.010962 0.010962
vn 0.000000 0.252379 -0.967629
f 8878//8878 8879//8879 8880//8880
v -0.826863 0.127775 1.476959 0.010962 0.010962 0.010962
vn 0.000000 0.964138 0.265402
v -0.799152 0.127775 1.476959 0.010962 0.010962 0.010962
vn 0.000000 0.964138 0.265402
v -0.799152 0.161158 1.355685 0.010962 0.010962 0.010962
vn 0.000000 0.964138 0.265402
f 8881//8881 8882//8882 8883//8883
v -0.826863 0.127775 1.476959 0.010962 0.010962 0.010962
vn 0.000000 0.964138 0.265402
v -0.799152 0.161158 1.355685 0.010962 0.010962 0.010962
vn 0.000000 0.964138 0.265402
v -0.826863 0.161158 1.355685 0.010962 0.010962 0.010962
vn 0.000000 0.964138 0.265402
f 8884//8884 8885//8885 8886//8886
v -0.826863 0.592735 1.355685 0.010962 0.010962 0.010962
vn 0.000000 -0.964138 0.265402
v -0.799152 0.592735 1.355685 0.010962 0.010962 0.010962
vn 0.000000 -0.964138 0.265402
v -0.799152 0.626119 1.476959 0.010962 0.010962 0.010962
vn 0.000000 -0.964138 0.265402
f 8887//8887 8888//8888 8889//8889
v -0.826863 0.592735 1.355685 0.010962 0.010962 0.010962
vn 0.000000 -0.964138 0.265402
v -0.799152 0.626119 1.476959 0.010962 0.010962 0.010962
vn 0.000000 -0.964138 0.265402
v -0.826863 0.626119 1.476959 0.010962 0.010962 0.010962
vn 0.000000 -0.964138 0.265402
f 8890//8890 8891//8891 8892//8892
v -0.826863 0.501533 1.687010 0.010962 0.010962 0.010962
vn 0.000000 -0.252377 -0.967629
v -0.799152 0.501533 1.687010 0.010962 0.010962 0.010962
vn 0.000000 -0.252377 -0.967629
v -0.799152 0.376946 1.719505 0.010962 0.010962 0.010962
vn 0.000000 -0.252377 -0.967629
f 8893//8893 8894//8894 8895//8895
v -0.826863 0.501533 1.687010 0.010962 0.010962 0.010962
vn 0.000000 -0.252377 -0.967629
v -0.799152 0.376946 1.719505 0.010962 0.010962 0.010962
vn 0.000000 -0.252377 -0.967629
v -0.826863 0.376946 1.719505 0.010962 0.010962 0.010962
vn 0.000000 -0.252377 -0.967629
f 8896//8896 8897//8897 8898//8898
v -0.826863 0.161158 1.598232 0.010962 0.010962 0.010962
vn 0.000000 0.964138 -0.265402
v -0.799152 0.161158 1.598232 0.010962 0.010962 0.010962
vn 0.000000 0.964138 -0.265402
v -0.799152 0.127775 1.476959 0.010962 0.010962 0.010962
vn 0.000000 0.964138 -0.265402
f 8899//8899 8900//8900 8901//8901
v -0.826863 0.161158 1.598232 0.010962 0.010962 0.010962
vn 0.000000 0.964138 -0.265402
v -0.799152 0.127775 1.476959 0.010962 0.010962 0.010962
vn 0.000000 0.964138 -0.265402
v -0.826863 0.127775 1.476959 0.010962 0.010962 0.010962
vn 0.000000 0.964138 -0.265402
f 8902//8902 8903//8903 8904//8904
v -0.826863 0.501533 1.266908 0.010962 0.010962 0.010962
vn 0.000000 -0.697515 0.716570
v -0.799152 0.501533 1.266908 0.010962 0.010962 0.010962
vn 0.000000 -0.697515 0.716570
v -0.799152 0.592735 1.355685 0.010962 0.010962 0.010962
vn 0.000000 -0.697515 0.716570
f 8905//8905 8906//8906 8907//8907
v -0.826863 0.501533 1.266908 0.010962 0.010962 0.010962
vn 0.000000 -0.697515 0.716570
v -0.799152 0.592735 1.355685 0.010962 0.010962 0.010962
vn 0.000000 -0.697515 0.716570
v -0.826863 0.592735 1.355685 0.010962 0.010962 0.010962
vn 0.000000 -0.697515 0.716570
f 8908//8908 8909//8909 8910//8910
v -0.826863 0.252361 1.266908 0.010962 0.010962 0.010962
vn 0.000000 0.252379 0.967629
v -0.799152 0.252361 1.266908 0.010962 0.010962 0.010962
vn 0.000000 0.252379 0.967629
v -0.799152 0.376946 1.234413 0.010962 0.010962 0.010962
vn 0.000000 0.252379 0.967629
f 8911//8911 8912//8912 8913//8913
v -0.826863 0.252361 1.266908 0.010962 0.010962 0.010962
vn 0.000000 0.252379 0.967629
v -0.799152 0.376946 1.234413 0.010962 0.010962 0.010962
vn 0.000000 0.252379 0.967629
v -0.826863 0.376946 1.234413 0.010962 0.010962 0.010962
vn 0.000000 0.252379 0.967629
f 8914//8914 8915//8915 8916//8916
v -0.826863 0.592735 1.598232 0.010962 0.010962 0.010962
vn 0.000000 -0.697515 -0.716570
v -0.799152 0.592735 1.598232 0.010962 0.010962 0.010962
vn 0.000000 -0.697515 -0.716570
v -0.799152 0.501533 1.687010 0.010962 0.010962 0.010962
vn 0.000000 -0.697515 -0.716570
f 8917//8917 8918//8918 8919//8919
v -0.826863 0.592735 1.598232 0.010962 0.010962 0.010962
vn 0.000000 -0.697515 -0.716570
v -0.799152 0.501533 1.687010 0.010962 0.010962 0.010962
vn 0.000000 -0.697515 -0.716570
v -0.826863 0.501533 1.687010 0.010962 0.010962 0.010962
vn 0.000000 -0.697515 -0.716570
f 8920//8920 8921//8921 8922//8922
v -0.826863 0.252361 1.687010 0.010962 0.010962 0.010962
vn 0.000000 0.697515 -0.716570
v -0.799152 0.252361 1.687010 0.010962 0.010962 0.010962
vn 0.000000 0.697515 -0.716570
v -0.799152 0.161158 1.598232 0.010962 0.010962 0.010962
vn 0.000000 0.697515 -0.716570
f 8923//8923 8924//8924 8925//8925
v -0.826863 0.252361 1.687010 0.010962 0.010962 0.010962
vn 0.000000 0.697515 -0.716570
v -0.799152 0.161158 1.598232 0.010962 0.010962 0.010962
vn 0.000000 0.697515 -0.716570
v -0.826863 0.161158 1.598232 0.010962 0.010962 0.010962
vn 0.000000 0.697515 -0.716570
f 8926//8926 8927//8927 8928//8928
v -0.826863 0.376946 1.234413 0.010962 0.010962 0.010962
vn 0.000000 -0.252377 0.967629
v -0.799152 0.376946 1.234413 0.010962 0.010962 0.010962
vn 0.000000 -0.252377 0.967629
v -0.799152 0.501533 1.266908 0.010962 0.010962 0.010962
vn 0.000000 -0.252377 0.967629
f 8929//8929 8930//8930 8931//8931
v -0.826863 0.376946 1.234413 0.010962 0.010962 0.010962
vn 0.000000 -0.252377 0.967629
v -0.799152 0.501533 1.266908 0.010962 0.010962 0.010962
vn 0.000000 -0.252377 0.967629
v -0.826863 0.501533 1.266908 0.010962 0.010962 0.010962
vn 0.000000 -0.252377 0.967629
f 8932//8932 8933//8933 8934//8934
v -0.826863 0.161158 1.355685 0.010962 0.010962 0.010962
vn 0.000000 0.697515 0.716570
v -0.799152 0.161158 1.355685 0.010962 0.010962 0.010962
vn 0.000000 0.697515 0.716570
v -0.799152 0.252361 1.266908 0.010962 0.010962 0.010962
vn 0.000000 0.697515 0.716570
f 8935//8935 8936//8936 8937//8937
v -0.826863 0.161158 1.355685 0.010962 0.010962 0.010962
vn 0.000000 0.697515 0.716570
v -0.799152 0.252361 1.266908 0.010962 0.010962 0.010962
vn 0.000000 0.697515 0.716570
v -0.826863 0.252361 1.266908 0.010962 0.010962 0.010962
vn 0.000000 0.697515 0.716570
f 8938//8938 8939//8939 8940//8940
v -0.751091 0.364488 1.703490 0.010962 0.010962 0.010962
vn -0.997215 -0.018822 0.072162
v -0.761501 0.367376 1.560390 0.010962 0.010962 0.010962
vn -0.997215 -0.018822 0.072162
v -0.761501 0.337342 1.552557 0.010962 0.010962 0.010962
vn -0.997215 -0.018822 0.072162
f 8941//8941 8942//8942 8943//8943
v -0.751091 0.364488 1.703490 0.010962 0.010962 0.010962
vn -0.997215 -0.018822 0.072162
v -0.761501 0.337342 1.552557 0.010962 0.010962 0.010962
vn -0.997215 -0.018822 0.072162
v -0.751091 0.264819 1.677493 0.010962 0.010962 0.010962
vn -0.997215 -0.018822 0.072162
f 8944//8944 8945//8945 8946//8946
v -0.751091 0.489074 1.677493 0.010962 0.010962 0.010962
vn -0.997215 0.018822 0.072162
v -0.761501 0.416551 1.552557 0.010962 0.010962 0.010962
vn -0.997215 0.018822 0.072162
v -0.761501 0.386518 1.560390 0.010962 0.010962 0.010962
vn -0.997215 0.018822 0.072162
f 8947//8947 8948//8948 8949//8949
v -0.751091 0.489074 1.677493 0.010962 0.010962 0.010962
vn -0.997215 0.018822 0.072162
v -0.761501 0.386518 1.560390 0.010962 0.010962 0.010962
vn -0.997215 0.018822 0.072162
v -0.751091 0.389406 1.703490 0.010962 0.010962 0.010962
vn -0.997215 0.018822 0.072162
f 8950//8950 8951//8951 8952//8952
v -0.751091 0.576044 1.599739 0.010962 0.010962 0.010962
vn -0.997296 0.051263 0.052663
v -0.761501 0.449298 1.525984 0.010962 0.010962 0.010962
vn -0.997296 0.051263 0.052663
v -0.761501 0.427312 1.547385 0.010962 0.010962 0.010962
vn -0.997296 0.051263 0.052663
f 8953//8953 8954//8954 8955//8955
v -0.751091 0.576044 1.599739 0.010962 0.010962 0.010962
vn -0.997296 0.051263 0.052663
v -0.761501 0.427312 1.547385 0.010962 0.010962 0.010962
vn -0.997296 0.051263 0.052663
v -0.751091 0.503081 1.670762 0.010962 0.010962 0.010962
vn -0.997296 0.051263 0.052663
f 8956//8956 8957//8957 8958//8958
v -0.751091 0.609666 1.489086 0.010962 0.010962 0.010962
vn -0.997342 0.070253 0.019338
v -0.761501 0.462658 1.486275 0.010962 0.010962 0.010962
vn -0.997342 0.070253 0.019338
v -0.761501 0.454610 1.515510 0.010962 0.010962 0.010962
vn -0.997342 0.070253 0.019338
f 8959//8959 8960//8960 8961//8961
v -0.751091 0.609666 1.489086 0.010962 0.010962 0.010962
vn -0.997342 0.070253 0.019338
v -0.761501 0.454610 1.515510 0.010962 0.010962 0.010962
vn -0.997342 0.070253 0.019338
v -0.751091 0.582960 1.586104 0.010962 0.010962 0.010962
vn -0.997342 0.070253 0.019338
f 8962//8962 8963//8963 8964//8964
v -0.751091 0.503082 1.283156 0.010962 0.010962 0.010962
vn -0.997296 0.051263 -0.052663
v -0.761501 0.427312 1.406533 0.010962 0.010962 0.010962
vn -0.997296 0.051263 -0.052663
v -0.761501 0.449298 1.427934 0.010962 0.010962 0.010962
vn -0.997296 0.051263 -0.052663
f 8965//8965 8966//8966 8967//8967
v -0.751091 0.503082 1.283156 0.010962 0.010962 0.010962
vn -0.997296 0.051263 -0.052663
v -0.761501 0.449298 1.427934 0.010962 0.010962 0.010962
vn -0.997296 0.051263 -0.052663
v -0.751091 0.576044 1.354178 0.010962 0.010962 0.010962
vn -0.997296 0.051263 -0.052663
f 8968//8968 8969//8969 8970//8970
v -0.751091 0.582960 1.367814 0.010962 0.010962 0.010962
vn -0.997342 0.070252 -0.019338
v -0.761501 0.454610 1.438408 0.010962 0.010962 0.010962
vn -0.997342 0.070252 -0.019338
v -0.761501 0.462658 1.467643 0.010962 0.010962 0.010962
vn -0.997342 0.070252 -0.019338
f 8971//8971 8972//8972 8973//8973
v -0.751091 0.582960 1.367814 0.010962 0.010962 0.010962
vn -0.997342 0.070253 -0.019338
v -0.761501 0.462658 1.467643 0.010962 0.010962 0.010962
vn -0.997342 0.070253 -0.019338
v -0.751091 0.609666 1.464832 0.010962 0.010962 0.010962
vn -0.997342 0.070253 -0.019338
f 8974//8974 8975//8975 8976//8976
v -0.751091 0.389406 1.250428 0.010962 0.010962 0.010962
vn -0.997215 0.018822 -0.072162
v -0.761501 0.386518 1.393528 0.010962 0.010962 0.010962
vn -0.997215 0.018822 -0.072162
v -0.761501 0.416551 1.401361 0.010962 0.010962 0.010962
vn -0.997215 0.018822 -0.072162
f 8977//8977 8978//8978 8979//8979
v -0.751091 0.389406 1.250428 0.010962 0.010962 0.010962
vn -0.997215 0.018822 -0.072162
v -0.761501 0.416551 1.401361 0.010962 0.010962 0.010962
vn -0.997215 0.018822 -0.072162
v -0.751091 0.489074 1.276424 0.010962 0.010962 0.010962
vn -0.997215 0.018822 -0.072162
f 8980//8980 8981//8981 8982//8982
v -0.751091 0.264819 1.276424 0.010962 0.010962 0.010962
vn -0.997215 -0.018822 -0.072162
v -0.761501 0.337342 1.401361 0.010962 0.010962 0.010962
vn -0.997215 -0.018822 -0.072162
v -0.761501 0.367376 1.393528 0.010962 0.010962 0.010962
vn -0.997215 -0.018822 -0.072162
f 8983//8983 8984//8984 8985//8985
v -0.751091 0.264819 1.276424 0.010962 0.010962 0.010962
vn -0.997215 -0.018822 -0.072162
v -0.761501 0.367376 1.393528 0.010962 0.010962 0.010962
vn -0.997215 -0.018822 -0.072162
v -0.751091 0.364488 1.250428 0.010962 0.010962 0.010962
vn -0.997215 -0.018822 -0.072162
f 8986//8986 8987//8987 8988//8988
v -0.751091 0.177850 1.354178 0.010962 0.010962 0.010962
vn -0.997296 -0.051263 -0.052663
v -0.761501 0.304596 1.427934 0.010962 0.010962 0.010962
vn -0.997296 -0.051263 -0.052663
v -0.761501 0.326582 1.406533 0.010962 0.010962 0.010962
vn -0.997296 -0.051263 -0.052663
f 8989//8989 8990//8990 8991//8991
v -0.751091 0.177850 1.354178 0.010962 0.010962 0.010962
vn -0.997296 -0.051263 -0.052663
v -0.761501 0.326582 1.406533 0.010962 0.010962 0.010962
vn -0.997296 -0.051263 -0.052663
v -0.751091 0.250812 1.283156 0.010962 0.010962 0.010962
vn -0.997296 -0.051263 -0.052663
f 8992//8992 8993//8993 8994//8994
v -0.751091 0.144228 1.464832 0.010962 0.010962 0.010962
vn -0.997342 -0.070253 -0.019338
v -0.761501 0.291236 1.467643 0.010962 0.010962 0.010962
vn -0.997342 -0.070253 -0.019338
v -0.761501 0.299283 1.438408 0.010962 0.010962 0.010962
vn -0.997342 -0.070253 -0.019338
f 8995//8995 8996//8996 8997//8997
v -0.751091 0.144228 1.464832 0.010962 0.010962 0.010962
vn -0.997342 -0.070253 -0.019338
v -0.761501 0.299283 1.438408 0.010962 0.010962 0.010962
vn -0.997342 -0.070253 -0.019338
v -0.751091 0.170934 1.367814 0.010962 0.010962 0.010962
vn -0.997342 -0.070253 -0.019338
f 8998//8998 8999//8999 9000//9000
v -0.751091 0.170934 1.586104 0.010962 0.010962 0.010962
vn -0.997342 -0.070252 0.019338
v -0.761501 0.299283 1.515510 0.010962 0.010962 0.010962
vn -0.997342 -0.070252 0.019338
v -0.761501 0.291236 1.486275 0.010962 0.010962 0.010962
vn -0.997342 -0.070252 0.019338
f 9001//9001 9002//9002 9003//9003
v -0.751091 0.170934 1.586104 0.010962 0.010962 0.010962
vn -0.997342 -0.070253 0.019338
v -0.761501 0.291236 1.486275 0.010962 0.010962 0.010962
vn -0.997342 -0.070253 0.019338
v -0.751091 0.144228 1.489086 0.010962 0.010962 0.010962
vn -0.997342 -0.070253 0.019338
f 9004//9004 9005//9005 9006//9006
v -0.751091 0.250812 1.670762 0.010962 0.010962 0.010962
vn -0.997296 -0.051263 0.052663
v -0.761501 0.326582 1.547385 0.010962 0.010962 0.010962
vn -0.997296 -0.051263 0.052663
v -0.761501 0.304596 1.525984 0.010962 0.010962 0.010962
vn -0.997296 -0.051263 0.052663
f 9007//9007 9008//9008 9009//9009
v -0.751091 0.250812 1.670762 0.010962 0.010962 0.010962
vn -0.997296 -0.051263 0.052663
v -0.761501 0.304596 1.525984 0.010962 0.010962 0.010962
vn -0.997296 -0.051263 0.052663
v -0.751091 0.177850 1.599739 0.010962 0.010962 0.010962
vn -0.997296 -0.051263 0.052663
f 9010//9010 9011//9011 9012//9012
v -0.784204 0.339558 1.528279 0.010962 0.010962 0.010962
vn -0.931740 -0.253270 0.260220
v -0.790062 0.347444 1.514983 0.010962 0.010962 0.010962
vn -0.931740 -0.253270 0.260220
v -0.790062 0.337884 1.505678 0.010962 0.010962 0.010962
vn -0.931740 -0.253270 0.260220
f 9013//9013 9014//9014 9015//9015
v -0.784204 0.339558 1.528279 0.010962 0.010962 0.010962
vn -0.931732 -0.253301 0.260220
v -0.790062 0.337884 1.505678 0.010962 0.010962 0.010962
vn -0.931732 -0.253301 0.260220
v -0.784204 0.324225 1.513354 0.010962 0.010962 0.010962
vn -0.931732 -0.253301 0.260220
f 9016//9016 9017//9017 9018//9018
v -0.784204 0.324225 1.440563 0.010962 0.010962 0.010962
vn -0.931730 -0.253289 -0.260239
v -0.790062 0.337884 1.448240 0.010962 0.010962 0.010962
vn -0.931730 -0.253289 -0.260239
v -0.790062 0.347444 1.438935 0.010962 0.010962 0.010962
vn -0.931730 -0.253289 -0.260239
f 9019//9019 9020//9020 9021//9021
v -0.784204 0.324225 1.440563 0.010962 0.010962 0.010962
vn -0.931738 -0.253289 -0.260208
v -0.790062 0.347444 1.438935 0.010962 0.010962 0.010962
vn -0.931738 -0.253289 -0.260208
v -0.784204 0.339558 1.425639 0.010962 0.010962 0.010962
vn -0.931738 -0.253289 -0.260208
f 9022//9022 9023//9023 9024//9024
v -0.784204 0.414336 1.425639 0.010962 0.010962 0.010962
vn -0.931740 0.253270 -0.260220
v -0.790062 0.406450 1.438935 0.010962 0.010962 0.010962
vn -0.931740 0.253270 -0.260220
v -0.790062 0.416010 1.448240 0.010962 0.010962 0.010962
vn -0.931740 0.253270 -0.260220
f 9025//9025 9026//9026 9027//9027
v -0.784204 0.414336 1.425639 0.010962 0.010962 0.010962
vn -0.931732 0.253301 -0.260220
v -0.790062 0.416010 1.448240 0.010962 0.010962 0.010962
vn -0.931732 0.253301 -0.260220
v -0.784204 0.429668 1.440563 0.010962 0.010962 0.010962
vn -0.931732 0.253301 -0.260220
f 9028//9028 9029//9029 9030//9030
v -0.784204 0.429668 1.513354 0.010962 0.010962 0.010962
vn -0.931730 0.253289 0.260239
v -0.790062 0.416010 1.505678 0.010962 0.010962 0.010962
vn -0.931730 0.253289 0.260239
v -0.790062 0.406450 1.514983 0.010962 0.010962 0.010962
vn -0.931730 0.253289 0.260239
f 9031//9031 9032//9032 9033//9033
v -0.784204 0.429668 1.513354 0.010962 0.010962 0.010962
vn -0.931738 0.253289 0.260208
v -0.790062 0.406450 1.514983 0.010962 0.010962 0.010962
vn -0.931738 0.253289 0.260208
v -0.784204 0.414336 1.528279 0.010962 0.010962 0.010962
vn -0.931738 0.253289 0.260208
f 9034//9034 9035//9035 9036//9036
g Grey
v -0.802322 0.316485 1.442980 0.161245 0.161245 0.161245
vn -0.869532 0.252133 -0.424668
v -0.798421 0.304596 1.427934 0.161245 0.161245 0.161245
vn -0.869532 0.252133 -0.424668
v -0.799152 0.177850 1.354178 0.161245 0.161245 0.161245
vn -0.869532 0.252133 -0.424668
f 9037//9037 9038//9038 9039//9039
v -0.802322 0.316485 1.442980 0.161245 0.161245 0.161245
vn -0.999507 -0.002824 -0.031273
v -0.799152 0.177850 1.354178 0.161245 0.161245 0.161245
vn -0.999507 -0.002824 -0.031273
v -0.799152 0.161158 1.355685 0.161245 0.161245 0.161245
vn -0.999507 -0.002824 -0.031273
f 9040//9040 9041//9041 9042//9042
v -0.802322 0.376946 1.409001 0.161245 0.161245 0.161245
vn -0.930322 0.092553 -0.354872
v -0.812082 0.376946 1.434589 0.161245 0.161245 0.161245
vn -0.930322 0.092553 -0.354872
v -0.812082 0.398710 1.440265 0.161245 0.161245 0.161245
vn -0.930322 0.092553 -0.354872
f 9043//9043 9044//9044 9045//9045
v -0.802322 0.376946 1.409001 0.161245 0.161245 0.161245
vn -0.930319 0.092561 -0.354878
v -0.812082 0.398710 1.440265 0.161245 0.161245 0.161245
vn -0.930319 0.092561 -0.354878
v -0.802322 0.411855 1.418106 0.161245 0.161245 0.161245
vn -0.930319 0.092561 -0.354878
f 9046//9046 9047//9047 9048//9048
v -0.799152 0.592735 1.598232 0.161245 0.161245 0.161245
vn -0.999914 -0.010225 0.008241
v -0.799152 0.582960 1.586104 0.161245 0.161245 0.161245
vn -0.999914 -0.010225 0.008241
v -0.798421 0.454610 1.515510 0.161245 0.161245 0.161245
vn -0.999914 -0.010225 0.008241
f 9049//9049 9050//9050 9051//9051
v -0.799152 0.592735 1.598232 0.161245 0.161245 0.161245
vn -0.777361 0.320177 -0.541477
v -0.798421 0.454610 1.515510 0.161245 0.161245 0.161245
vn -0.777361 0.320177 -0.541477
v -0.802322 0.437408 1.510938 0.161245 0.161245 0.161245
vn -0.777361 0.320177 -0.541477
f 9052//9052 9053//9053 9054//9054
v -0.799152 0.376946 1.719505 0.161245 0.161245 0.161245
vn -1.000000 0.000000 0.000000
v -0.799152 0.364488 1.703490 0.161245 0.161245 0.161245
vn -1.000000 0.000000 0.000000
v -0.799152 0.264819 1.677493 0.161245 0.161245 0.161245
vn -1.000000 0.000000 0.000000
f 9055//9055 9056//9056 9057//9057
v -0.799152 0.376946 1.719505 0.161245 0.161245 0.161245
vn -1.000000 0.000000 0.000000
v -0.799152 0.264819 1.677493 0.161245 0.161245 0.161245
vn -1.000000 0.000000 0.000000
v -0.799152 0.252361 1.687010 0.161245 0.161245 0.161245
vn -1.000000 0.000000 0.000000
f 9058//9058 9059//9059 9060//9060
v -0.802322 0.316485 1.442980 0.161245 0.161245 0.161245
vn -0.976816 -0.206403 -0.056817
v -0.798421 0.299283 1.438408 0.161245 0.161245 0.161245
vn -0.976816 -0.206403 -0.056817
v -0.798421 0.291236 1.467643 0.161245 0.161245 0.161245
vn -0.976816 -0.206403 -0.056817
f 9061//9061 9062//9062 9063//9063
v -0.802322 0.316485 1.442980 0.161245 0.161245 0.161245
vn -0.976815 -0.206406 -0.056819
v -0.798421 0.291236 1.467643 0.161245 0.161245 0.161245
vn -0.976815 -0.206406 -0.056819
v -0.802322 0.307132 1.476959 0.161245 0.161245 0.161245
vn -0.976815 -0.206406 -0.056819
f 9064//9064 9065//9065 9066//9066
v -0.802322 0.437408 1.442980 0.161245 0.161245 0.161245
vn -0.732069 0.325101 0.598651
v -0.798421 0.454610 1.438408 0.161245 0.161245 0.161245
vn -0.732069 0.325101 0.598651
v -0.799152 0.582960 1.367814 0.161245 0.161245 0.161245
vn -0.732069 0.325101 0.598651
f 9067//9067 9068//9068 9069//9069
v -0.802322 0.437408 1.442980 0.161245 0.161245 0.161245
vn -0.998854 0.037267 0.030038
v -0.799152 0.582960 1.367814 0.161245 0.161245 0.161245
vn -0.998854 0.037267 0.030038
v -0.799152 0.592735 1.355685 0.161245 0.161245 0.161245
vn -0.998854 0.037267 0.030038
f 9070//9070 9071//9071 9072//9072
v -0.802322 0.376946 1.544917 0.161245 0.161245 0.161245
vn -0.975748 0.055245 0.211810
v -0.798421 0.386518 1.560390 0.161245 0.161245 0.161245
vn -0.975748 0.055245 0.211810
v -0.798421 0.416551 1.552557 0.161245 0.161245 0.161245
vn -0.975748 0.055245 0.211810
f 9073//9073 9074//9074 9075//9075
v -0.802322 0.376946 1.544917 0.161245 0.161245 0.161245
vn -0.975748 0.055246 0.211810
v -0.798421 0.416551 1.552557 0.161245 0.161245 0.161245
vn -0.975748 0.055246 0.211810
v -0.802322 0.411855 1.535812 0.161245 0.161245 0.161245
vn -0.975748 0.055246 0.211810
f 9076//9076 9077//9077 9078//9078
v -0.799152 0.127775 1.476959 0.161245 0.161245 0.161245
vn -0.999967 0.004844 -0.006572
v -0.799152 0.144228 1.489086 0.161245 0.161245 0.161245
vn -0.999967 0.004844 -0.006572
v -0.798421 0.291236 1.486275 0.161245 0.161245 0.161245
vn -0.999967 0.004844 -0.006572
f 9079//9079 9080//9080 9081//9081
v -0.799152 0.127775 1.476959 0.161245 0.161245 0.161245
vn -0.931982 -0.016473 0.362130
v -0.798421 0.291236 1.486275 0.161245 0.161245 0.161245
vn -0.931982 -0.016473 0.362130
v -0.802322 0.307132 1.476959 0.161245 0.161245 0.161245
vn -0.931982 -0.016473 0.362130
f 9082//9082 9083//9083 9084//9084
v -0.802322 0.437408 1.442980 0.161245 0.161245 0.161245
vn -0.979723 0.139751 -0.143568
v -0.798421 0.449298 1.427934 0.161245 0.161245 0.161245
vn -0.979723 0.139751 -0.143568
v -0.798421 0.427312 1.406533 0.161245 0.161245 0.161245
vn -0.979723 0.139751 -0.143568
f 9085//9085 9086//9086 9087//9087
v -0.802322 0.437408 1.442980 0.161245 0.161245 0.161245
vn -0.979723 0.139751 -0.143568
v -0.798421 0.427312 1.406533 0.161245 0.161245 0.161245
vn -0.979723 0.139751 -0.143568
v -0.802322 0.411855 1.418106 0.161245 0.161245 0.161245
vn -0.979723 0.139751 -0.143568
f 9088//9088 9089//9089 9090//9090
v -0.802322 0.376946 1.409001 0.161245 0.161245 0.161245
vn -0.975747 -0.055246 -0.211813
v -0.798421 0.367376 1.393528 0.161245 0.161245 0.161245
vn -0.975747 -0.055246 -0.211813
v -0.798421 0.337342 1.401361 0.161245 0.161245 0.161245
vn -0.975747 -0.055246 -0.211813
f 9091//9091 9092//9092 9093//9093
v -0.802322 0.376946 1.409001 0.161245 0.161245 0.161245
vn -0.975748 -0.055247 -0.211809
v -0.798421 0.337342 1.401361 0.161245 0.161245 0.161245
vn -0.975748 -0.055247 -0.211809
v -0.802322 0.342039 1.418106 0.161245 0.161245 0.161245
vn -0.975748 -0.055247 -0.211809
f 9094//9094 9095//9095 9096//9096
v -0.802322 0.437408 1.510938 0.161245 0.161245 0.161245
vn -0.869532 -0.252133 0.424668
v -0.798421 0.449298 1.525984 0.161245 0.161245 0.161245
vn -0.869532 -0.252133 0.424668
v -0.799152 0.576044 1.599739 0.161245 0.161245 0.161245
vn -0.869532 -0.252133 0.424668
f 9097//9097 9098//9098 9099//9099
v -0.802322 0.437408 1.510938 0.161245 0.161245 0.161245
vn -0.999507 0.002824 0.031273
v -0.799152 0.576044 1.599739 0.161245 0.161245 0.161245
vn -0.999507 0.002824 0.031273
v -0.799152 0.592735 1.598232 0.161245 0.161245 0.161245
vn -0.999507 0.002824 0.031273
f 9100//9100 9101//9101 9102//9102
v -0.802322 0.316485 1.510938 0.161245 0.161245 0.161245
vn -0.979723 -0.139751 0.143568
v -0.798421 0.304596 1.525984 0.161245 0.161245 0.161245
vn -0.979723 -0.139751 0.143568
v -0.798421 0.326582 1.547385 0.161245 0.161245 0.161245
vn -0.979723 -0.139751 0.143568
f 9103//9103 9104//9104 9105//9105
v -0.802322 0.316485 1.510938 0.161245 0.161245 0.161245
vn -0.979723 -0.139751 0.143568
v -0.798421 0.326582 1.547385 0.161245 0.161245 0.161245
vn -0.979723 -0.139751 0.143568
v -0.802322 0.342039 1.535812 0.161245 0.161245 0.161245
vn -0.979723 -0.139751 0.143568
f 9106//9106 9107//9107 9108//9108
v -0.802322 0.411855 1.418106 0.161245 0.161245 0.161245
vn -0.975748 0.055245 -0.211810
v -0.798421 0.416551 1.401361 0.161245 0.161245 0.161245
vn -0.975748 0.055245 -0.211810
v -0.798421 0.386518 1.393528 0.161245 0.161245 0.161245
vn -0.975748 0.055245 -0.211810
f 9109//9109 9110//9110 9111//9111
v -0.802322 0.411855 1.418106 0.161245 0.161245 0.161245
vn -0.975748 0.055246 -0.211810
v -0.798421 0.386518 1.393528 0.161245 0.161245 0.161245
vn -0.975748 0.055246 -0.211810
v -0.802322 0.376946 1.409001 0.161245 0.161245 0.161245
vn -0.975748 0.055246 -0.211810
f 9112//9112 9113//9113 9114//9114
v -0.812082 0.355183 1.440265 0.161245 0.161245 0.161245
vn -1.000000 0.000000 0.000000
v -0.812082 0.339251 1.455774 0.161245 0.161245 0.161245
vn -1.000000 0.000000 0.000000
v -0.812082 0.333419 1.476959 0.161245 0.161245 0.161245
vn -1.000000 0.000000 0.000000
f 9115//9115 9116//9116 9117//9117
v -0.812082 0.355183 1.440265 0.161245 0.161245 0.161245
vn -1.000000 0.000000 0.000000
v -0.812082 0.333419 1.476959 0.161245 0.161245 0.161245
vn -1.000000 0.000000 0.000000
v -0.812082 0.339251 1.498144 0.161245 0.161245 0.161245
vn -1.000000 0.000000 0.000000
f 9118//9118 9119//9119 9120//9120
v -0.812082 0.355183 1.440265 0.161245 0.161245 0.161245
vn -1.000000 0.000000 0.000000
v -0.812082 0.339251 1.498144 0.161245 0.161245 0.161245
vn -1.000000 0.000000 0.000000
v -0.812082 0.355183 1.513653 0.161245 0.161245 0.161245
vn -1.000000 0.000000 0.000000
f 9121//9121 9122//9122 9123//9123
v -0.812082 0.355183 1.440265 0.161245 0.161245 0.161245
vn -1.000000 0.000000 0.000000
v -0.812082 0.355183 1.513653 0.161245 0.161245 0.161245
vn -1.000000 0.000000 0.000000
v -0.812082 0.376946 1.519329 0.161245 0.161245 0.161245
vn -1.000000 0.000000 0.000000
f 9124//9124 9125//9125 9126//9126
v -0.812082 0.355183 1.440265 0.161245 0.161245 0.161245
vn -1.000000 0.000000 0.000000
v -0.812082 0.376946 1.519329 0.161245 0.161245 0.161245
vn -1.000000 0.000000 0.000000
v -0.812082 0.398710 1.513653 0.161245 0.161245 0.161245
vn -1.000000 0.000000 0.000000
f 9127//9127 9128//9128 9129//9129
v -0.812082 0.355183 1.440265 0.161245 0.161245 0.161245
vn -1.000000 0.000000 0.000000
v -0.812082 0.398710 1.513653 0.161245 0.161245 0.161245
vn -1.000000 0.000000 0.000000
v -0.812082 0.414643 1.498144 0.161245 0.161245 0.161245
vn -1.000000 0.000000 0.000000
f 9130//9130 9131//9131 9132//9132
v -0.812082 0.355183 1.440265 0.161245 0.161245 0.161245
vn -1.000000 0.000000 0.000000
v -0.812082 0.414643 1.498144 0.161245 0.161245 0.161245
vn -1.000000 0.000000 0.000000
v -0.812082 0.420474 1.476959 0.161245 0.161245 0.161245
vn -1.000000 0.000000 0.000000
f 9133//9133 9134//9134 9135//9135
v -0.812082 0.355183 1.440265 0.161245 0.161245 0.161245
vn -1.000000 0.000000 0.000000
v -0.812082 0.420474 1.476959 0.161245 0.161245 0.161245
vn -1.000000 0.000000 0.000000
v -0.812082 0.414643 1.455774 0.161245 0.161245 0.161245
vn -1.000000 0.000000 0.000000
f 9136//9136 9137//9137 9138//9138
v -0.812082 0.355183 1.440265 0.161245 0.161245 0.161245
vn -1.000000 0.000000 0.000000
v -0.812082 0.414643 1.455774 0.161245 0.161245 0.161245
vn -1.000000 0.000000 0.000000
v -0.812082 0.398710 1.440265 0.161245 0.161245 0.161245
vn -1.000000 0.000000 0.000000
f 9139//9139 9140//9140 9141//9141
v -0.812082 0.355183 1.440265 0.161245 0.161245 0.161245
vn -1.000000 0.000000 0.000000
v -0.812082 0.398710 1.440265 0.161245 0.161245 0.161245
vn -1.000000 0.000000 0.000000
v -0.812082 0.376946 1.434589 0.161245 0.161245 0.161245
vn -1.000000 0.000000 0.000000
f 9142//9142 9143//9143 9144//9144
v -0.802322 0.342039 1.418106 0.161245 0.161245 0.161245
vn -0.935126 -0.183892 -0.302860
v -0.804274 0.339558 1.425639 0.161245 0.161245 0.161245
vn -0.935126 -0.183892 -0.302860
v -0.810131 0.347444 1.438935 0.161245 0.161245 0.161245
vn -0.935126 -0.183892 -0.302860
f 9145//9145 9146//9146 9147//9147
v -0.802322 0.342039 1.418106 0.161245 0.161245 0.161245
vn -0.935135 -0.183797 -0.302888
v -0.810131 0.347444 1.438935 0.161245 0.161245 0.161245
vn -0.935135 -0.183797 -0.302888
v -0.812082 0.355183 1.440265 0.161245 0.161245 0.161245
vn -0.935135 -0.183797 -0.302888
f 9148//9148 9149//9149 9150//9150
v -0.802322 0.446762 1.476959 0.161245 0.161245 0.161245
vn -0.933194 0.346487 0.095370
v -0.812082 0.420474 1.476959 0.161245 0.161245 0.161245
vn -0.933194 0.346487 0.095370
v -0.812082 0.414643 1.498144 0.161245 0.161245 0.161245
vn -0.933194 0.346487 0.095370
f 9151//9151 9152//9152 9153//9153
v -0.802322 0.446762 1.476959 0.161245 0.161245 0.161245
vn -0.933190 0.346494 0.095383
v -0.812082 0.414643 1.498144 0.161245 0.161245 0.161245
vn -0.933190 0.346494 0.095383
v -0.802322 0.437408 1.510938 0.161245 0.161245 0.161245
vn -0.933190 0.346494 0.095383
f 9154//9154 9155//9155 9156//9156
v -0.802322 0.376946 1.544917 0.161245 0.161245 0.161245
vn -0.930322 -0.092553 0.354872
v -0.812082 0.376946 1.519329 0.161245 0.161245 0.161245
vn -0.930322 -0.092553 0.354872
v -0.812082 0.355183 1.513653 0.161245 0.161245 0.161245
vn -0.930322 -0.092553 0.354872
f 9157//9157 9158//9158 9159//9159
v -0.802322 0.376946 1.544917 0.161245 0.161245 0.161245
vn -0.930318 -0.092565 0.354880
v -0.812082 0.355183 1.513653 0.161245 0.161245 0.161245
vn -0.930318 -0.092565 0.354880
v -0.802322 0.342039 1.535812 0.161245 0.161245 0.161245
vn -0.930318 -0.092565 0.354880
f 9160//9160 9161//9161 9162//9162
v -0.802322 0.307132 1.476959 0.161245 0.161245 0.161245
vn -0.933187 -0.346500 -0.095393
v -0.812082 0.333419 1.476959 0.161245 0.161245 0.161245
vn -0.933187 -0.346500 -0.095393
v -0.812082 0.339251 1.455774 0.161245 0.161245 0.161245
vn -0.933187 -0.346500 -0.095393
f 9163//9163 9164//9164 9165//9165
v -0.802322 0.307132 1.476959 0.161245 0.161245 0.161245
vn -0.933190 -0.346494 -0.095383
v -0.812082 0.339251 1.455774 0.161245 0.161245 0.161245
vn -0.933190 -0.346494 -0.095383
v -0.802322 0.316485 1.442980 0.161245 0.161245 0.161245
vn -0.933190 -0.346494 -0.095383
f 9166//9166 9167//9167 9168//9168
v -0.802322 0.437408 1.442980 0.161245 0.161245 0.161245
vn -0.933189 0.346499 -0.095374
v -0.812082 0.414643 1.455774 0.161245 0.161245 0.161245
vn -0.933189 0.346499 -0.095374
v -0.812082 0.420474 1.476959 0.161245 0.161245 0.161245
vn -0.933189 0.346499 -0.095374
f 9169//9169 9170//9170 9171//9171
v -0.802322 0.437408 1.442980 0.161245 0.161245 0.161245
vn -0.933193 0.346487 -0.095381
v -0.812082 0.420474 1.476959 0.161245 0.161245 0.161245
vn -0.933193 0.346487 -0.095381
v -0.802322 0.446762 1.476959 0.161245 0.161245 0.161245
vn -0.933193 0.346487 -0.095381
f 9172//9172 9173//9173 9174//9174
v -0.802322 0.411855 1.535812 0.161245 0.161245 0.161245
vn -0.930319 0.092555 0.354881
v -0.812082 0.398710 1.513653 0.161245 0.161245 0.161245
vn -0.930319 0.092555 0.354881
v -0.812082 0.376946 1.519329 0.161245 0.161245 0.161245
vn -0.930319 0.092555 0.354881
f 9175//9175 9176//9176 9177//9177
v -0.802322 0.411855 1.535812 0.161245 0.161245 0.161245
vn -0.930322 0.092560 0.354872
v -0.812082 0.376946 1.519329 0.161245 0.161245 0.161245
vn -0.930322 0.092560 0.354872
v -0.802322 0.376946 1.544917 0.161245 0.161245 0.161245
vn -0.930322 0.092560 0.354872
f 9178//9178 9179//9179 9180//9180
v -0.802322 0.316485 1.510938 0.161245 0.161245 0.161245
vn -0.933191 -0.346491 0.095390
v -0.812082 0.339251 1.498144 0.161245 0.161245 0.161245
vn -0.933191 -0.346491 0.095390
v -0.812082 0.333419 1.476959 0.161245 0.161245 0.161245
vn -0.933191 -0.346491 0.095390
f 9181//9181 9182//9182 9183//9183
v -0.802322 0.316485 1.510938 0.161245 0.161245 0.161245
vn -0.933188 -0.346500 0.095385
v -0.812082 0.333419 1.476959 0.161245 0.161245 0.161245
vn -0.933188 -0.346500 0.095385
v -0.802322 0.307132 1.476959 0.161245 0.161245 0.161245
vn -0.933188 -0.346500 0.095385
f 9184//9184 9185//9185 9186//9186
v -0.812082 0.398710 1.440265 0.161245 0.161245 0.161245
vn -0.935126 0.183759 -0.302939
v -0.810131 0.406450 1.438935 0.161245 0.161245 0.161245
vn -0.935126 0.183759 -0.302939
v -0.804274 0.414336 1.425639 0.161245 0.161245 0.161245
vn -0.935126 0.183759 -0.302939
f 9187//9187 9188//9188 9189//9189
v -0.812082 0.398710 1.440265 0.161245 0.161245 0.161245
vn -0.935138 0.183849 -0.302849
v -0.804274 0.414336 1.425639 0.161245 0.161245 0.161245
vn -0.935138 0.183849 -0.302849
v -0.802322 0.411855 1.418106 0.161245 0.161245 0.161245
vn -0.935138 0.183849 -0.302849
f 9190//9190 9191//9191 9192//9192
v -0.802322 0.342039 1.418106 0.161245 0.161245 0.161245
vn -0.930317 -0.092556 -0.354885
v -0.812082 0.355183 1.440265 0.161245 0.161245 0.161245
vn -0.930317 -0.092556 -0.354885
v -0.812082 0.376946 1.434589 0.161245 0.161245 0.161245
vn -0.930317 -0.092556 -0.354885
f 9193//9193 9194//9194 9195//9195
v -0.802322 0.342039 1.418106 0.161245 0.161245 0.161245
vn -0.930321 -0.092563 -0.354872
v -0.812082 0.376946 1.434589 0.161245 0.161245 0.161245
vn -0.930321 -0.092563 -0.354872
v -0.802322 0.376946 1.409001 0.161245 0.161245 0.161245
vn -0.930321 -0.092563 -0.354872
f 9196//9196 9197//9197 9198//9198
v -0.802322 0.411855 1.535812 0.161245 0.161245 0.161245
vn -0.935126 0.183892 0.302860
v -0.804274 0.414336 1.528279 0.161245 0.161245 0.161245
vn -0.935126 0.183892 0.302860
v -0.810131 0.406450 1.514983 0.161245 0.161245 0.161245
vn -0.935126 0.183892 0.302860
f 9199//9199 9200//9200 9201//9201
v -0.802322 0.411855 1.535812 0.161245 0.161245 0.161245
vn -0.935138 0.183769 0.302896
v -0.810131 0.406450 1.514983 0.161245 0.161245 0.161245
vn -0.935138 0.183769 0.302896
v -0.812082 0.398710 1.513653 0.161245 0.161245 0.161245
vn -0.935138 0.183769 0.302896
f 9202//9202 9203//9203 9204//9204
v -0.802322 0.342039 1.535812 0.161245 0.161245 0.161245
vn -0.882758 -0.327712 0.336664
v -0.804274 0.339558 1.528279 0.161245 0.161245 0.161245
vn -0.882758 -0.327712 0.336664
v -0.804274 0.324225 1.513354 0.161245 0.161245 0.161245
vn -0.882758 -0.327712 0.336664
f 9205//9205 9206//9206 9207//9207
v -0.802322 0.342039 1.535812 0.161245 0.161245 0.161245
vn -0.882758 -0.327712 0.336664
v -0.804274 0.324225 1.513354 0.161245 0.161245 0.161245
vn -0.882758 -0.327712 0.336664
v -0.802322 0.316485 1.510938 0.161245 0.161245 0.161245
vn -0.882758 -0.327712 0.336664
f 9208//9208 9209//9209 9210//9210
v -0.798421 0.337342 1.552557 0.161245 0.161245 0.161245
vn 0.000000 -0.252382 0.967628
v -0.761501 0.337342 1.552557 0.161245 0.161245 0.161245
vn 0.000000 -0.252382 0.967628
v -0.761501 0.367376 1.560390 0.161245 0.161245 0.161245
vn 0.000000 -0.252382 0.967628
f 9211//9211 9212//9212 9213//9213
v -0.798421 0.337342 1.552557 0.161245 0.161245 0.161245
vn 0.000000 -0.252382 0.967628
v -0.761501 0.367376 1.560390 0.161245 0.161245 0.161245
vn 0.000000 -0.252382 0.967628
v -0.798421 0.367376 1.560390 0.161245 0.161245 0.161245
vn 0.000000 -0.252382 0.967628
f 9214//9214 9215//9215 9216//9216
v -0.802322 0.376946 1.544917 0.161245 0.161245 0.161245
vn -0.918641 -0.394891 -0.012660
v -0.798421 0.367376 1.560390 0.161245 0.161245 0.161245
vn -0.918641 -0.394891 -0.012660
v -0.799152 0.364488 1.703490 0.161245 0.161245 0.161245
vn -0.918641 -0.394891 -0.012660
f 9217//9217 9218//9218 9219//9219
v -0.802322 0.376946 1.544917 0.161245 0.161245 0.161245
vn -0.999563 -0.023331 0.018150
v -0.799152 0.364488 1.703490 0.161245 0.161245 0.161245
vn -0.999563 -0.023331 0.018150
v -0.799152 0.376946 1.719505 0.161245 0.161245 0.161245
vn -0.999563 -0.023331 0.018150
f 9220//9220 9221//9221 9222//9222
v -0.802322 0.342039 1.535812 0.161245 0.161245 0.161245
vn -0.975748 -0.055245 0.211810
v -0.798421 0.337342 1.552557 0.161245 0.161245 0.161245
vn -0.975748 -0.055245 0.211810
v -0.798421 0.367376 1.560390 0.161245 0.161245 0.161245
vn -0.975748 -0.055245 0.211810
f 9223//9223 9224//9224 9225//9225
v -0.802322 0.342039 1.535812 0.161245 0.161245 0.161245
vn -0.975747 -0.055248 0.211812
v -0.798421 0.367376 1.560390 0.161245 0.161245 0.161245
vn -0.975747 -0.055248 0.211812
v -0.802322 0.376946 1.544917 0.161245 0.161245 0.161245
vn -0.975747 -0.055248 0.211812
f 9226//9226 9227//9227 9228//9228
v -0.799152 0.252361 1.687010 0.161245 0.161245 0.161245
vn -0.999913 -0.008025 -0.010506
v -0.799152 0.264819 1.677493 0.161245 0.161245 0.161245
vn -0.999913 -0.008025 -0.010506
v -0.798421 0.337342 1.552557 0.161245 0.161245 0.161245
vn -0.999913 -0.008025 -0.010506
f 9229//9229 9230//9230 9231//9231
v -0.799152 0.252361 1.687010 0.161245 0.161245 0.161245
vn -0.781152 0.529670 0.330533
v -0.798421 0.337342 1.552557 0.161245 0.161245 0.161245
vn -0.781152 0.529670 0.330533
v -0.802322 0.342039 1.535812 0.161245 0.161245 0.161245
vn -0.781152 0.529670 0.330533
f 9232//9232 9233//9233 9234//9234
v -0.798421 0.462658 1.467643 0.161245 0.161245 0.161245
vn 0.000000 0.964139 -0.265398
v -0.761501 0.462658 1.467643 0.161245 0.161245 0.161245
vn 0.000000 0.964139 -0.265398
v -0.761501 0.454610 1.438408 0.161245 0.161245 0.161245
vn 0.000000 0.964139 -0.265398
f 9235//9235 9236//9236 9237//9237
v -0.798421 0.462658 1.467643 0.161245 0.161245 0.161245
vn 0.000000 0.964139 -0.265398
v -0.761501 0.454610 1.438408 0.161245 0.161245 0.161245
vn 0.000000 0.964139 -0.265398
v -0.798421 0.454610 1.438408 0.161245 0.161245 0.161245
vn 0.000000 0.964139 -0.265398
f 9238//9238 9239//9239 9240//9240
v -0.799152 0.376946 1.719505 0.161245 0.161245 0.161245
vn -0.999967 -0.006396 -0.004976
v -0.799152 0.389406 1.703490 0.161245 0.161245 0.161245
vn -0.999967 -0.006396 -0.004976
v -0.798421 0.386518 1.560390 0.161245 0.161245 0.161245
vn -0.999967 -0.006396 -0.004976
f 9241//9241 9242//9242 9243//9243
v -0.799152 0.376946 1.719505 0.161245 0.161245 0.161245
vn -0.935212 0.353680 0.016981
v -0.798421 0.386518 1.560390 0.161245 0.161245 0.161245
vn -0.935212 0.353680 0.016981
v -0.802322 0.376946 1.544917 0.161245 0.161245 0.161245
vn -0.935212 0.353680 0.016981
f 9244//9244 9245//9245 9246//9246
v -0.799152 0.501533 1.687010 0.161245 0.161245 0.161245
vn -1.000000 0.000000 0.000000
v -0.799152 0.489074 1.677493 0.161245 0.161245 0.161245
vn -1.000000 0.000000 0.000000
v -0.799152 0.389406 1.703490 0.161245 0.161245 0.161245
vn -1.000000 0.000000 0.000000
f 9247//9247 9248//9248 9249//9249
v -0.799152 0.501533 1.687010 0.161245 0.161245 0.161245
vn -1.000000 0.000000 0.000000
v -0.799152 0.389406 1.703490 0.161245 0.161245 0.161245
vn -1.000000 0.000000 0.000000
v -0.799152 0.376946 1.719505 0.161245 0.161245 0.161245
vn -1.000000 0.000000 0.000000
f 9250//9250 9251//9251 9252//9252
v -0.802322 0.411855 1.535812 0.161245 0.161245 0.161245
vn -0.736857 -0.586544 0.336166
v -0.798421 0.416551 1.552557 0.161245 0.161245 0.161245
vn -0.736857 -0.586544 0.336166
v -0.799152 0.489074 1.677493 0.161245 0.161245 0.161245
vn -0.736857 -0.586544 0.336166
f 9253//9253 9254//9254 9255//9255
v -0.802322 0.411855 1.535812 0.161245 0.161245 0.161245
vn -0.998839 -0.029249 0.038290
v -0.799152 0.489074 1.677493 0.161245 0.161245 0.161245
vn -0.998839 -0.029249 0.038290
v -0.799152 0.501533 1.687010 0.161245 0.161245 0.161245
vn -0.998839 -0.029249 0.038290
f 9256//9256 9257//9257 9258//9258
v -0.798421 0.291236 1.486275 0.161245 0.161245 0.161245
vn 0.000000 -0.964139 0.265398
v -0.761501 0.291236 1.486275 0.161245 0.161245 0.161245
vn 0.000000 -0.964139 0.265398
v -0.761501 0.299283 1.515510 0.161245 0.161245 0.161245
vn 0.000000 -0.964139 0.265398
f 9259//9259 9260//9260 9261//9261
v -0.798421 0.291236 1.486275 0.161245 0.161245 0.161245
vn 0.000000 -0.964139 0.265398
v -0.761501 0.299283 1.515510 0.161245 0.161245 0.161245
vn 0.000000 -0.964139 0.265398
v -0.798421 0.299283 1.515510 0.161245 0.161245 0.161245
vn 0.000000 -0.964139 0.265398
f 9262//9262 9263//9263 9264//9264
v -0.799152 0.501533 1.687010 0.161245 0.161245 0.161245
vn -0.999965 -0.008347 -0.000795
v -0.799152 0.503081 1.670762 0.161245 0.161245 0.161245
vn -0.999965 -0.008347 -0.000795
v -0.798421 0.427312 1.547385 0.161245 0.161245 0.161245
vn -0.999965 -0.008347 -0.000795
f 9265//9265 9266//9266 9267//9267
v -0.799152 0.501533 1.687010 0.161245 0.161245 0.161245
vn -0.899898 0.383107 -0.208358
v -0.798421 0.427312 1.547385 0.161245 0.161245 0.161245
vn -0.899898 0.383107 -0.208358
v -0.802322 0.411855 1.535812 0.161245 0.161245 0.161245
vn -0.899898 0.383107 -0.208358
f 9268//9268 9269//9269 9270//9270
v -0.802322 0.411855 1.535812 0.161245 0.161245 0.161245
vn -0.979723 0.139751 0.143568
v -0.798421 0.427312 1.547385 0.161245 0.161245 0.161245
vn -0.979723 0.139751 0.143568
v -0.798421 0.449298 1.525984 0.161245 0.161245 0.161245
vn -0.979723 0.139751 0.143568
f 9271//9271 9272//9272 9273//9273
v -0.802322 0.411855 1.535812 0.161245 0.161245 0.161245
vn -0.979723 0.139751 0.143568
v -0.798421 0.449298 1.525984 0.161245 0.161245 0.161245
vn -0.979723 0.139751 0.143568
v -0.802322 0.437408 1.510938 0.161245 0.161245 0.161245
vn -0.979723 0.139751 0.143568
f 9274//9274 9275//9275 9276//9276
v -0.799152 0.592735 1.598232 0.161245 0.161245 0.161245
vn -1.000000 0.000000 0.000000
v -0.799152 0.576044 1.599739 0.161245 0.161245 0.161245
vn -1.000000 0.000000 0.000000
v -0.799152 0.503081 1.670762 0.161245 0.161245 0.161245
vn -1.000000 0.000000 0.000000
f 9277//9277 9278//9278 9279//9279
v -0.799152 0.592735 1.598232 0.161245 0.161245 0.161245
vn -1.000000 0.000000 0.000000
v -0.799152 0.503081 1.670762 0.161245 0.161245 0.161245
vn -1.000000 0.000000 0.000000
v -0.799152 0.501533 1.687010 0.161245 0.161245 0.161245
vn -1.000000 0.000000 0.000000
f 9280//9280 9281//9281 9282//9282
v -0.798421 0.462658 1.486275 0.161245 0.161245 0.161245
vn 0.000000 -0.019119 0.999817
v -0.761501 0.462658 1.486275 0.161245 0.161245 0.161245
vn 0.000000 -0.019119 0.999817
v -0.751091 0.609666 1.489086 0.161245 0.161245 0.161245
vn 0.000000 -0.019119 0.999817
f 9283//9283 9284//9284 9285//9285
v -0.798421 0.462658 1.486275 0.161245 0.161245 0.161245
vn 0.000000 -0.019119 0.999817
v -0.751091 0.609666 1.489086 0.161245 0.161245 0.161245
vn 0.000000 -0.019119 0.999817
v -0.799152 0.609666 1.489086 0.161245 0.161245 0.161245
vn 0.000000 -0.019119 0.999817
f 9286//9286 9287//9287 9288//9288
v -0.802322 0.437408 1.510938 0.161245 0.161245 0.161245
vn -0.976816 0.206403 0.056817
v -0.798421 0.454610 1.515510 0.161245 0.161245 0.161245
vn -0.976816 0.206403 0.056817
v -0.798421 0.462658 1.486275 0.161245 0.161245 0.161245
vn -0.976816 0.206403 0.056817
f 9289//9289 9290//9290 9291//9291
v -0.802322 0.437408 1.510938 0.161245 0.161245 0.161245
vn -0.976815 0.206406 0.056819
v -0.798421 0.462658 1.486275 0.161245 0.161245 0.161245
vn -0.976815 0.206406 0.056819
v -0.802322 0.446762 1.476959 0.161245 0.161245 0.161245
vn -0.976815 0.206406 0.056819
f 9292//9292 9293//9293 9294//9294
v -0.799152 0.626119 1.476959 0.161245 0.161245 0.161245
vn -1.000000 0.000000 0.000000
v -0.799152 0.609666 1.489086 0.161245 0.161245 0.161245
vn -1.000000 0.000000 0.000000
v -0.799152 0.582960 1.586104 0.161245 0.161245 0.161245
vn -1.000000 0.000000 0.000000
f 9295//9295 9296//9296 9297//9297
v -0.799152 0.626119 1.476959 0.161245 0.161245 0.161245
vn -1.000000 0.000000 0.000000
v -0.799152 0.582960 1.586104 0.161245 0.161245 0.161245
vn -1.000000 0.000000 0.000000
v -0.799152 0.592735 1.598232 0.161245 0.161245 0.161245
vn -1.000000 0.000000 0.000000
f 9298//9298 9299//9299 9300//9300
v -0.802322 0.446762 1.476959 0.161245 0.161245 0.161245
vn -0.914703 -0.012270 0.403939
v -0.798421 0.462658 1.486275 0.161245 0.161245 0.161245
vn -0.914703 -0.012270 0.403939
v -0.799152 0.609666 1.489086 0.161245 0.161245 0.161245
vn -0.914703 -0.012270 0.403939
f 9301//9301 9302//9302 9303//9303
v -0.802322 0.446762 1.476959 0.161245 0.161245 0.161245
vn -0.999557 0.017667 0.023970
v -0.799152 0.609666 1.489086 0.161245 0.161245 0.161245
vn -0.999557 0.017667 0.023970
v -0.799152 0.626119 1.476959 0.161245 0.161245 0.161245
vn -0.999557 0.017667 0.023970
f 9304//9304 9305//9305 9306//9306
v -0.799152 0.364488 1.703490 0.161245 0.161245 0.161245
vn 0.000000 0.252386 -0.967627
v -0.751091 0.364488 1.703490 0.161245 0.161245 0.161245
vn 0.000000 0.252386 -0.967627
v -0.751091 0.264819 1.677493 0.161245 0.161245 0.161245
vn 0.000000 0.252386 -0.967627
f 9307//9307 9308//9308 9309//9309
v -0.799152 0.364488 1.703490 0.161245 0.161245 0.161245
vn 0.000000 0.252386 -0.967627
v -0.751091 0.264819 1.677493 0.161245 0.161245 0.161245
vn 0.000000 0.252386 -0.967627
v -0.799152 0.264819 1.677493 0.161245 0.161245 0.161245
vn 0.000000 0.252386 -0.967627
f 9310//9310 9311//9311 9312//9312
v -0.799152 0.501533 1.266908 0.161245 0.161245 0.161245
vn -1.000000 0.000000 0.000000
v -0.799152 0.503082 1.283156 0.161245 0.161245 0.161245
vn -1.000000 0.000000 0.000000
v -0.799152 0.576044 1.354178 0.161245 0.161245 0.161245
vn -1.000000 0.000000 0.000000
f 9313//9313 9314//9314 9315//9315
v -0.799152 0.501533 1.266908 0.161245 0.161245 0.161245
vn -1.000000 0.000000 0.000000
v -0.799152 0.576044 1.354178 0.161245 0.161245 0.161245
vn -1.000000 0.000000 0.000000
v -0.799152 0.592735 1.355685 0.161245 0.161245 0.161245
vn -1.000000 0.000000 0.000000
f 9316//9316 9317//9317 9318//9318
v -0.799152 0.592735 1.355685 0.161245 0.161245 0.161245
vn -0.999963 -0.000774 0.008575
v -0.799152 0.576044 1.354178 0.161245 0.161245 0.161245
vn -0.999963 -0.000774 0.008575
v -0.798421 0.449298 1.427934 0.161245 0.161245 0.161245
vn -0.999963 -0.000774 0.008575
f 9319//9319 9320//9320 9321//9321
v -0.799152 0.592735 1.355685 0.161245 0.161245 0.161245
vn -0.897273 -0.202234 -0.392430
v -0.798421 0.449298 1.427934 0.161245 0.161245 0.161245
vn -0.897273 -0.202234 -0.392430
v -0.802322 0.437408 1.442980 0.161245 0.161245 0.161245
vn -0.897273 -0.202234 -0.392430
f 9322//9322 9323//9323 9324//9324
v -0.802322 0.411855 1.418106 0.161245 0.161245 0.161245
vn -0.872129 0.414608 0.259790
v -0.798421 0.427312 1.406533 0.161245 0.161245 0.161245
vn -0.872129 0.414608 0.259790
v -0.799152 0.503082 1.283156 0.161245 0.161245 0.161245
vn -0.872129 0.414608 0.259790
f 9325//9325 9326//9326 9327//9327
v -0.802322 0.411855 1.418106 0.161245 0.161245 0.161245
vn -0.999532 0.030439 -0.002903
v -0.799152 0.503082 1.283156 0.161245 0.161245 0.161245
vn -0.999532 0.030439 -0.002903
v -0.799152 0.501533 1.266908 0.161245 0.161245 0.161245
vn -0.999532 0.030439 -0.002903
f 9328//9328 9329//9329 9330//9330
v -0.798421 0.304596 1.427934 0.161245 0.161245 0.161245
vn 0.000000 0.502956 -0.864312
v -0.761501 0.304596 1.427934 0.161245 0.161245 0.161245
vn 0.000000 0.502956 -0.864312
v -0.751091 0.177850 1.354178 0.161245 0.161245 0.161245
vn 0.000000 0.502956 -0.864312
f 9331//9331 9332//9332 9333//9333
v -0.798421 0.304596 1.427934 0.161245 0.161245 0.161245
vn 0.000000 0.502956 -0.864312
v -0.751091 0.177850 1.354178 0.161245 0.161245 0.161245
vn 0.000000 0.502956 -0.864312
v -0.799152 0.177850 1.354178 0.161245 0.161245 0.161245
vn 0.000000 0.502956 -0.864312
f 9334//9334 9335//9335 9336//9336
v -0.799152 0.626119 1.476959 0.161245 0.161245 0.161245
vn -0.999967 -0.004844 0.006572
v -0.799152 0.609666 1.464832 0.161245 0.161245 0.161245
vn -0.999967 -0.004844 0.006572
v -0.798421 0.462658 1.467643 0.161245 0.161245 0.161245
vn -0.999967 -0.004844 0.006572
f 9337//9337 9338//9338 9339//9339
v -0.799152 0.626119 1.476959 0.161245 0.161245 0.161245
vn -0.931982 0.016473 -0.362130
v -0.798421 0.462658 1.467643 0.161245 0.161245 0.161245
vn -0.931982 0.016473 -0.362130
v -0.802322 0.446762 1.476959 0.161245 0.161245 0.161245
vn -0.931982 0.016473 -0.362130
f 9340//9340 9341//9341 9342//9342
v -0.802322 0.446762 1.476959 0.161245 0.161245 0.161245
vn -0.976815 0.206407 -0.056818
v -0.798421 0.462658 1.467643 0.161245 0.161245 0.161245
vn -0.976815 0.206407 -0.056818
v -0.798421 0.454610 1.438408 0.161245 0.161245 0.161245
vn -0.976815 0.206407 -0.056818
f 9343//9343 9344//9344 9345//9345
v -0.802322 0.446762 1.476959 0.161245 0.161245 0.161245
vn -0.976816 0.206403 -0.056819
v -0.798421 0.454610 1.438408 0.161245 0.161245 0.161245
vn -0.976816 0.206403 -0.056819
v -0.802322 0.437408 1.442980 0.161245 0.161245 0.161245
vn -0.976816 0.206403 -0.056819
f 9346//9346 9347//9347 9348//9348
v -0.799152 0.592735 1.355685 0.161245 0.161245 0.161245
vn -1.000000 0.000000 0.000000
v -0.799152 0.582960 1.367814 0.161245 0.161245 0.161245
vn -1.000000 0.000000 0.000000
v -0.799152 0.609666 1.464832 0.161245 0.161245 0.161245
vn -1.000000 0.000000 0.000000
f 9349//9349 9350//9350 9351//9351
v -0.799152 0.592735 1.355685 0.161245 0.161245 0.161245
vn -1.000000 0.000000 0.000000
v -0.799152 0.609666 1.464832 0.161245 0.161245 0.161245
vn -1.000000 0.000000 0.000000
v -0.799152 0.626119 1.476959 0.161245 0.161245 0.161245
vn -1.000000 0.000000 0.000000
f 9352//9352 9353//9353 9354//9354
v -0.799152 0.582960 1.367814 0.161245 0.161245 0.161245
vn 0.000000 -0.964141 0.265392
v -0.751091 0.582960 1.367814 0.161245 0.161245 0.161245
vn 0.000000 -0.964141 0.265392
v -0.751091 0.609666 1.464832 0.161245 0.161245 0.161245
vn 0.000000 -0.964141 0.265392
f 9355//9355 9356//9356 9357//9357
v -0.799152 0.582960 1.367814 0.161245 0.161245 0.161245
vn 0.000000 -0.964141 0.265392
v -0.751091 0.609666 1.464832 0.161245 0.161245 0.161245
vn 0.000000 -0.964141 0.265392
v -0.799152 0.609666 1.464832 0.161245 0.161245 0.161245
vn 0.000000 -0.964141 0.265392
f 9358//9358 9359//9359 9360//9360
v -0.799152 0.501533 1.266908 0.161245 0.161245 0.161245
vn -0.999913 0.008025 0.010506
v -0.799152 0.489074 1.276424 0.161245 0.161245 0.161245
vn -0.999913 0.008025 0.010506
v -0.798421 0.416551 1.401361 0.161245 0.161245 0.161245
vn -0.999913 0.008025 0.010506
f 9361//9361 9362//9362 9363//9363
v -0.799152 0.501533 1.266908 0.161245 0.161245 0.161245
vn -0.781152 -0.529670 -0.330533
v -0.798421 0.416551 1.401361 0.161245 0.161245 0.161245
vn -0.781152 -0.529670 -0.330533
v -0.802322 0.411855 1.418106 0.161245 0.161245 0.161245
vn -0.781152 -0.529670 -0.330533
f 9364//9364 9365//9365 9366//9366
v -0.799152 0.376946 1.234413 0.161245 0.161245 0.161245
vn -1.000000 0.000000 0.000000
v -0.799152 0.389406 1.250428 0.161245 0.161245 0.161245
vn -1.000000 0.000000 0.000000
v -0.799152 0.489074 1.276424 0.161245 0.161245 0.161245
vn -1.000000 0.000000 0.000000
f 9367//9367 9368//9368 9369//9369
v -0.799152 0.376946 1.234413 0.161245 0.161245 0.161245
vn -1.000000 0.000000 0.000000
v -0.799152 0.489074 1.276424 0.161245 0.161245 0.161245
vn -1.000000 0.000000 0.000000
v -0.799152 0.501533 1.266908 0.161245 0.161245 0.161245
vn -1.000000 0.000000 0.000000
f 9370//9370 9371//9371 9372//9372
v -0.802322 0.376946 1.409001 0.161245 0.161245 0.161245
vn -0.918659 0.394849 0.012659
v -0.798421 0.386518 1.393528 0.161245 0.161245 0.161245
vn -0.918659 0.394849 0.012659
v -0.799152 0.389406 1.250428 0.161245 0.161245 0.161245
vn -0.918659 0.394849 0.012659
f 9373//9373 9374//9374 9375//9375
v -0.802322 0.376946 1.409001 0.161245 0.161245 0.161245
vn -0.999563 0.023329 -0.018150
v -0.799152 0.389406 1.250428 0.161245 0.161245 0.161245
vn -0.999563 0.023329 -0.018150
v -0.799152 0.376946 1.234413 0.161245 0.161245 0.161245
vn -0.999563 0.023329 -0.018150
f 9376//9376 9377//9377 9378//9378
v -0.799152 0.170934 1.586104 0.161245 0.161245 0.161245
vn 0.000000 0.964141 -0.265392
v -0.751091 0.170934 1.586104 0.161245 0.161245 0.161245
vn 0.000000 0.964141 -0.265392
v -0.751091 0.144228 1.489086 0.161245 0.161245 0.161245
vn 0.000000 0.964141 -0.265392
f 9379//9379 9380//9380 9381//9381
v -0.799152 0.170934 1.586104 0.161245 0.161245 0.161245
vn 0.000000 0.964141 -0.265392
v -0.751091 0.144228 1.489086 0.161245 0.161245 0.161245
vn 0.000000 0.964141 -0.265392
v -0.799152 0.144228 1.489086 0.161245 0.161245 0.161245
vn 0.000000 0.964141 -0.265392
f 9382//9382 9383//9383 9384//9384
v -0.799152 0.252361 1.266908 0.161245 0.161245 0.161245
vn -1.000000 0.000000 0.000000
v -0.799152 0.264819 1.276424 0.161245 0.161245 0.161245
vn -1.000000 0.000000 0.000000
v -0.799152 0.364488 1.250428 0.161245 0.161245 0.161245
vn -1.000000 0.000000 0.000000
f 9385//9385 9386//9386 9387//9387
v -0.799152 0.252361 1.266908 0.161245 0.161245 0.161245
vn -1.000000 0.000000 0.000000
v -0.799152 0.364488 1.250428 0.161245 0.161245 0.161245
vn -1.000000 0.000000 0.000000
v -0.799152 0.376946 1.234413 0.161245 0.161245 0.161245
vn -1.000000 0.000000 0.000000
f 9388//9388 9389//9389 9390//9390
v -0.802322 0.342039 1.418106 0.161245 0.161245 0.161245
vn -0.736857 0.586544 -0.336166
v -0.798421 0.337342 1.401361 0.161245 0.161245 0.161245
vn -0.736857 0.586544 -0.336166
v -0.799152 0.264819 1.276424 0.161245 0.161245 0.161245
vn -0.736857 0.586544 -0.336166
f 9391//9391 9392//9392 9393//9393
v -0.802322 0.342039 1.418106 0.161245 0.161245 0.161245
vn -0.998839 0.029249 -0.038290
v -0.799152 0.264819 1.276424 0.161245 0.161245 0.161245
vn -0.998839 0.029249 -0.038290
v -0.799152 0.252361 1.266908 0.161245 0.161245 0.161245
vn -0.998839 0.029249 -0.038290
f 9394//9394 9395//9395 9396//9396
v -0.799152 0.376946 1.234413 0.161245 0.161245 0.161245
vn -0.999967 0.006397 0.004976
v -0.799152 0.364488 1.250428 0.161245 0.161245 0.161245
vn -0.999967 0.006397 0.004976
v -0.798421 0.367376 1.393528 0.161245 0.161245 0.161245
vn -0.999967 0.006397 0.004976
f 9397//9397 9398//9398 9399//9399
v -0.799152 0.376946 1.234413 0.161245 0.161245 0.161245
vn -0.935198 -0.353717 -0.016981
v -0.798421 0.367376 1.393528 0.161245 0.161245 0.161245
vn -0.935198 -0.353717 -0.016981
v -0.802322 0.376946 1.409001 0.161245 0.161245 0.161245
vn -0.935198 -0.353717 -0.016981
f 9400//9400 9401//9401 9402//9402
v -0.799152 0.582960 1.586104 0.161245 0.161245 0.161245
vn 0.000000 0.481930 -0.876210
v -0.751091 0.582960 1.586104 0.161245 0.161245 0.161245
vn 0.000000 0.481930 -0.876210
v -0.761501 0.454610 1.515510 0.161245 0.161245 0.161245
vn 0.000000 0.481930 -0.876210
f 9403//9403 9404//9404 9405//9405
v -0.799152 0.582960 1.586104 0.161245 0.161245 0.161245
vn 0.000000 0.481930 -0.876210
v -0.761501 0.454610 1.515510 0.161245 0.161245 0.161245
vn 0.000000 0.481930 -0.876210
v -0.798421 0.454610 1.515510 0.161245 0.161245 0.161245
vn 0.000000 0.481930 -0.876210
f 9406//9406 9407//9407 9408//9408
v -0.802322 0.342039 1.418106 0.161245 0.161245 0.161245
vn -0.979723 -0.139751 -0.143568
v -0.798421 0.326582 1.406533 0.161245 0.161245 0.161245
vn -0.979723 -0.139751 -0.143568
v -0.798421 0.304596 1.427934 0.161245 0.161245 0.161245
vn -0.979723 -0.139751 -0.143568
f 9409//9409 9410//9410 9411//9411
v -0.802322 0.342039 1.418106 0.161245 0.161245 0.161245
vn -0.979723 -0.139751 -0.143568
v -0.798421 0.304596 1.427934 0.161245 0.161245 0.161245
vn -0.979723 -0.139751 -0.143568
v -0.802322 0.316485 1.442980 0.161245 0.161245 0.161245
vn -0.979723 -0.139751 -0.143568
f 9412//9412 9413//9413 9414//9414
v -0.799152 0.252361 1.266908 0.161245 0.161245 0.161245
vn -0.999965 0.008346 0.000796
v -0.799152 0.250812 1.283156 0.161245 0.161245 0.161245
vn -0.999965 0.008346 0.000796
v -0.798421 0.326582 1.406533 0.161245 0.161245 0.161245
vn -0.999965 0.008346 0.000796
f 9415//9415 9416//9416 9417//9417
v -0.799152 0.252361 1.266908 0.161245 0.161245 0.161245
vn -0.899898 -0.383107 0.208358
v -0.798421 0.326582 1.406533 0.161245 0.161245 0.161245
vn -0.899898 -0.383107 0.208358
v -0.802322 0.342039 1.418106 0.161245 0.161245 0.161245
vn -0.899898 -0.383107 0.208358
f 9418//9418 9419//9419 9420//9420
v -0.799152 0.161158 1.355685 0.161245 0.161245 0.161245
vn -1.000000 0.000000 0.000000
v -0.799152 0.177850 1.354178 0.161245 0.161245 0.161245
vn -1.000000 0.000000 0.000000
v -0.799152 0.250812 1.283156 0.161245 0.161245 0.161245
vn -1.000000 0.000000 0.000000
f 9421//9421 9422//9422 9423//9423
v -0.799152 0.161158 1.355685 0.161245 0.161245 0.161245
vn -1.000000 0.000000 0.000000
v -0.799152 0.250812 1.283156 0.161245 0.161245 0.161245
vn -1.000000 0.000000 0.000000
v -0.799152 0.252361 1.266908 0.161245 0.161245 0.161245
vn -1.000000 0.000000 0.000000
f 9424//9424 9425//9425 9426//9426
v -0.799152 0.250812 1.283156 0.161245 0.161245 0.161245
vn 0.000000 -0.852133 0.523326
v -0.751091 0.250812 1.283156 0.161245 0.161245 0.161245
vn 0.000000 -0.852133 0.523326
v -0.761501 0.326582 1.406533 0.161245 0.161245 0.161245
vn 0.000000 -0.852133 0.523326
f 9427//9427 9428//9428 9429//9429
v -0.799152 0.250812 1.283156 0.161245 0.161245 0.161245
vn 0.000000 -0.852133 0.523326
v -0.761501 0.326582 1.406533 0.161245 0.161245 0.161245
vn 0.000000 -0.852133 0.523326
v -0.798421 0.326582 1.406533 0.161245 0.161245 0.161245
vn 0.000000 -0.852133 0.523326
f 9430//9430 9431//9431 9432//9432
v -0.799152 0.161158 1.355685 0.161245 0.161245 0.161245
vn -0.999914 0.010225 -0.008241
v -0.799152 0.170934 1.367814 0.161245 0.161245 0.161245
vn -0.999914 0.010225 -0.008241
v -0.798421 0.299283 1.438408 0.161245 0.161245 0.161245
vn -0.999914 0.010225 -0.008241
f 9433//9433 9434//9434 9435//9435
v -0.799152 0.161158 1.355685 0.161245 0.161245 0.161245
vn -0.777361 -0.320177 0.541477
v -0.798421 0.299283 1.438408 0.161245 0.161245 0.161245
vn -0.777361 -0.320177 0.541477
v -0.802322 0.316485 1.442980 0.161245 0.161245 0.161245
vn -0.777361 -0.320177 0.541477
f 9436//9436 9437//9437 9438//9438
v -0.799152 0.127775 1.476959 0.161245 0.161245 0.161245
vn -1.000000 0.000000 0.000000
v -0.799152 0.144228 1.464832 0.161245 0.161245 0.161245
vn -1.000000 0.000000 0.000000
v -0.799152 0.170934 1.367814 0.161245 0.161245 0.161245
vn -1.000000 0.000000 0.000000
f 9439//9439 9440//9440 9441//9441
v -0.799152 0.127775 1.476959 0.161245 0.161245 0.161245
vn -1.000000 0.000000 0.000000
v -0.799152 0.170934 1.367814 0.161245 0.161245 0.161245
vn -1.000000 0.000000 0.000000
v -0.799152 0.161158 1.355685 0.161245 0.161245 0.161245
vn -1.000000 0.000000 0.000000
f 9442//9442 9443//9443 9444//9444
v -0.802322 0.307132 1.476959 0.161245 0.161245 0.161245
vn -0.914703 0.012270 -0.403939
v -0.798421 0.291236 1.467643 0.161245 0.161245 0.161245
vn -0.914703 0.012270 -0.403939
v -0.799152 0.144228 1.464832 0.161245 0.161245 0.161245
vn -0.914703 0.012270 -0.403939
f 9445//9445 9446//9446 9447//9447
v -0.802322 0.307132 1.476959 0.161245 0.161245 0.161245
vn -0.999557 -0.017667 -0.023970
v -0.799152 0.144228 1.464832 0.161245 0.161245 0.161245
vn -0.999557 -0.017667 -0.023970
v -0.799152 0.127775 1.476959 0.161245 0.161245 0.161245
vn -0.999557 -0.017667 -0.023970
f 9448//9448 9449//9449 9450//9450
v -0.798421 0.454610 1.515510 0.161245 0.161245 0.161245
vn 0.000000 0.964139 0.265398
v -0.761501 0.454610 1.515510 0.161245 0.161245 0.161245
vn 0.000000 0.964139 0.265398
v -0.761501 0.462658 1.486275 0.161245 0.161245 0.161245
vn 0.000000 0.964139 0.265398
f 9451//9451 9452//9452 9453//9453
v -0.798421 0.454610 1.515510 0.161245 0.161245 0.161245
vn 0.000000 0.964139 0.265398
v -0.761501 0.462658 1.486275 0.161245 0.161245 0.161245
vn 0.000000 0.964139 0.265398
v -0.798421 0.462658 1.486275 0.161245 0.161245 0.161245
vn 0.000000 0.964139 0.265398
f 9454//9454 9455//9455 9456//9456
v -0.802322 0.307132 1.476959 0.161245 0.161245 0.161245
vn -0.976815 -0.206407 0.056818
v -0.798421 0.291236 1.486275 0.161245 0.161245 0.161245
vn -0.976815 -0.206407 0.056818
v -0.798421 0.299283 1.515510 0.161245 0.161245 0.161245
vn -0.976815 -0.206407 0.056818
f 9457//9457 9458//9458 9459//9459
v -0.802322 0.307132 1.476959 0.161245 0.161245 0.161245
vn -0.976816 -0.206403 0.056819
v -0.798421 0.299283 1.515510 0.161245 0.161245 0.161245
vn -0.976816 -0.206403 0.056819
v -0.802322 0.316485 1.510938 0.161245 0.161245 0.161245
vn -0.976816 -0.206403 0.056819
f 9460//9460 9461//9461 9462//9462
v -0.799152 0.161158 1.598232 0.161245 0.161245 0.161245
vn -1.000000 0.000000 0.000000
v -0.799152 0.170934 1.586104 0.161245 0.161245 0.161245
vn -1.000000 0.000000 0.000000
v -0.799152 0.144228 1.489086 0.161245 0.161245 0.161245
vn -1.000000 0.000000 0.000000
f 9463//9463 9464//9464 9465//9465
v -0.799152 0.161158 1.598232 0.161245 0.161245 0.161245
vn -1.000000 0.000000 0.000000
v -0.799152 0.144228 1.489086 0.161245 0.161245 0.161245
vn -1.000000 0.000000 0.000000
v -0.799152 0.127775 1.476959 0.161245 0.161245 0.161245
vn -1.000000 0.000000 0.000000
f 9466//9466 9467//9467 9468//9468
v -0.802322 0.316485 1.510938 0.161245 0.161245 0.161245
vn -0.732069 -0.325101 -0.598651
v -0.798421 0.299283 1.515510 0.161245 0.161245 0.161245
vn -0.732069 -0.325101 -0.598651
v -0.799152 0.170934 1.586104 0.161245 0.161245 0.161245
vn -0.732069 -0.325101 -0.598651
f 9469//9469 9470//9470 9471//9471
v -0.802322 0.316485 1.510938 0.161245 0.161245 0.161245
vn -0.998854 -0.037267 -0.030038
v -0.799152 0.170934 1.586104 0.161245 0.161245 0.161245
vn -0.998854 -0.037267 -0.030038
v -0.799152 0.161158 1.598232 0.161245 0.161245 0.161245
vn -0.998854 -0.037267 -0.030038
f 9472//9472 9473//9473 9474//9474
v -0.798421 0.326582 1.406533 0.161245 0.161245 0.161245
vn 0.000000 -0.697515 -0.716570
v -0.761501 0.326582 1.406533 0.161245 0.161245 0.161245
vn 0.000000 -0.697515 -0.716570
v -0.761501 0.304596 1.427934 0.161245 0.161245 0.161245
vn 0.000000 -0.697515 -0.716570
f 9475//9475 9476//9476 9477//9477
v -0.798421 0.326582 1.406533 0.161245 0.161245 0.161245
vn 0.000000 -0.697515 -0.716570
v -0.761501 0.304596 1.427934 0.161245 0.161245 0.161245
vn 0.000000 -0.697515 -0.716570
v -0.798421 0.304596 1.427934 0.161245 0.161245 0.161245
vn 0.000000 -0.697515 -0.716570
f 9478//9478 9479//9479 9480//9480
v -0.799152 0.252361 1.687010 0.161245 0.161245 0.161245
vn -1.000000 0.000000 0.000000
v -0.799152 0.250812 1.670762 0.161245 0.161245 0.161245
vn -1.000000 0.000000 0.000000
v -0.799152 0.177850 1.599739 0.161245 0.161245 0.161245
vn -1.000000 0.000000 0.000000
f 9481//9481 9482//9482 9483//9483
v -0.799152 0.252361 1.687010 0.161245 0.161245 0.161245
vn -1.000000 0.000000 0.000000
v -0.799152 0.177850 1.599739 0.161245 0.161245 0.161245
vn -1.000000 0.000000 0.000000
v -0.799152 0.161158 1.598232 0.161245 0.161245 0.161245
vn -1.000000 0.000000 0.000000
f 9484//9484 9485//9485 9486//9486
v -0.802322 0.342039 1.535812 0.161245 0.161245 0.161245
vn -0.872129 -0.414608 -0.259790
v -0.798421 0.326582 1.547385 0.161245 0.161245 0.161245
vn -0.872129 -0.414608 -0.259790
v -0.799152 0.250812 1.670762 0.161245 0.161245 0.161245
vn -0.872129 -0.414608 -0.259790
f 9487//9487 9488//9488 9489//9489
v -0.802322 0.342039 1.535812 0.161245 0.161245 0.161245
vn -0.999532 -0.030439 0.002903
v -0.799152 0.250812 1.670762 0.161245 0.161245 0.161245
vn -0.999532 -0.030439 0.002903
v -0.799152 0.252361 1.687010 0.161245 0.161245 0.161245
vn -0.999532 -0.030439 0.002903
f 9490//9490 9491//9491 9492//9492
v -0.799152 0.161158 1.598232 0.161245 0.161245 0.161245
vn -0.999963 0.000774 -0.008575
v -0.799152 0.177850 1.599739 0.161245 0.161245 0.161245
vn -0.999963 0.000774 -0.008575
v -0.798421 0.304596 1.525984 0.161245 0.161245 0.161245
vn -0.999963 0.000774 -0.008575
f 9493//9493 9494//9494 9495//9495
v -0.799152 0.161158 1.598232 0.161245 0.161245 0.161245
vn -0.897273 0.202234 0.392430
v -0.798421 0.304596 1.525984 0.161245 0.161245 0.161245
vn -0.897273 0.202234 0.392430
v -0.802322 0.316485 1.510938 0.161245 0.161245 0.161245
vn -0.897273 0.202234 0.392430
f 9496//9496 9497//9497 9498//9498
v -0.799152 0.144228 1.489086 0.161245 0.161245 0.161245
vn 0.000000 0.019119 0.999817
v -0.751091 0.144228 1.489086 0.161245 0.161245 0.161245
vn 0.000000 0.019119 0.999817
v -0.761501 0.291236 1.486275 0.161245 0.161245 0.161245
vn 0.000000 0.019119 0.999817
f 9499//9499 9500//9500 9501//9501
v -0.799152 0.144228 1.489086 0.161245 0.161245 0.161245
vn 0.000000 0.019119 0.999817
v -0.761501 0.291236 1.486275 0.161245 0.161245 0.161245
vn 0.000000 0.019119 0.999817
v -0.798421 0.291236 1.486275 0.161245 0.161245 0.161245
vn 0.000000 0.019119 0.999817
f 9502//9502 9503//9503 9504//9504
v -0.799152 0.609666 1.464832 0.161245 0.161245 0.161245
vn 0.000000 -0.019119 -0.999817
v -0.751091 0.609666 1.464832 0.161245 0.161245 0.161245
vn 0.000000 -0.019119 -0.999817
v -0.761501 0.462658 1.467643 0.161245 0.161245 0.161245
vn 0.000000 -0.019119 -0.999817
f 9505//9505 9506//9506 9507//9507
v -0.799152 0.609666 1.464832 0.161245 0.161245 0.161245
vn 0.000000 -0.019119 -0.999817
v -0.761501 0.462658 1.467643 0.161245 0.161245 0.161245
vn 0.000000 -0.019119 -0.999817
v -0.798421 0.462658 1.467643 0.161245 0.161245 0.161245
vn 0.000000 -0.019119 -0.999817
f 9508//9508 9509//9509 9510//9510
v -0.799152 0.264819 1.677493 0.161245 0.161245 0.161245
vn 0.000000 0.864852 0.502027
v -0.751091 0.264819 1.677493 0.161245 0.161245 0.161245
vn 0.000000 0.864852 0.502027
v -0.761501 0.337342 1.552557 0.161245 0.161245 0.161245
vn 0.000000 0.864852 0.502027
f 9511//9511 9512//9512 9513//9513
v -0.799152 0.264819 1.677493 0.161245 0.161245 0.161245
vn 0.000000 0.864852 0.502027
v -0.761501 0.337342 1.552557 0.161245 0.161245 0.161245
vn 0.000000 0.864852 0.502027
v -0.798421 0.337342 1.552557 0.161245 0.161245 0.161245
vn 0.000000 0.864852 0.502027
f 9514//9514 9515//9515 9516//9516
v -0.799152 0.264819 1.276424 0.161245 0.161245 0.161245
vn 0.000000 0.252386 0.967627
v -0.751091 0.264819 1.276424 0.161245 0.161245 0.161245
vn 0.000000 0.252386 0.967627
v -0.751091 0.364488 1.250428 0.161245 0.161245 0.161245
vn 0.000000 0.252386 0.967627
f 9517//9517 9518//9518 9519//9519
v -0.799152 0.264819 1.276424 0.161245 0.161245 0.161245
vn 0.000000 0.252386 0.967627
v -0.751091 0.364488 1.250428 0.161245 0.161245 0.161245
vn 0.000000 0.252386 0.967627
v -0.799152 0.364488 1.250428 0.161245 0.161245 0.161245
vn 0.000000 0.252386 0.967627
f 9520//9520 9521//9521 9522//9522
v -0.798421 0.299283 1.515510 0.161245 0.161245 0.161245
vn 0.000000 -0.481930 -0.876210
v -0.761501 0.299283 1.515510 0.161245 0.161245 0.161245
vn 0.000000 -0.481930 -0.876210
v -0.751091 0.170934 1.586104 0.161245 0.161245 0.161245
vn 0.000000 -0.481930 -0.876210
f 9523//9523 9524//9524 9525//9525
v -0.798421 0.299283 1.515510 0.161245 0.161245 0.161245
vn 0.000000 -0.481930 -0.876210
v -0.751091 0.170934 1.586104 0.161245 0.161245 0.161245
vn 0.000000 -0.481930 -0.876210
v -0.799152 0.170934 1.586104 0.161245 0.161245 0.161245
vn 0.000000 -0.481930 -0.876210
f 9526//9526 9527//9527 9528//9528
v -0.799152 0.576044 1.599739 0.161245 0.161245 0.161245
vn 0.000000 -0.697515 -0.716570
v -0.751091 0.576044 1.599739 0.161245 0.161245 0.161245
vn 0.000000 -0.697515 -0.716570
v -0.751091 0.503081 1.670762 0.161245 0.161245 0.161245
vn 0.000000 -0.697515 -0.716570
f 9529//9529 9530//9530 9531//9531
v -0.799152 0.576044 1.599739 0.161245 0.161245 0.161245
vn 0.000000 -0.697515 -0.716570
v -0.751091 0.503081 1.670762 0.161245 0.161245 0.161245
vn 0.000000 -0.697515 -0.716570
v -0.799152 0.503081 1.670762 0.161245 0.161245 0.161245
vn 0.000000 -0.697515 -0.716570
f 9532//9532 9533//9533 9534//9534
v -0.798421 0.454610 1.438408 0.161245 0.161245 0.161245
vn 0.000000 0.481930 0.876210
v -0.761501 0.454610 1.438408 0.161245 0.161245 0.161245
vn 0.000000 0.481930 0.876210
v -0.751091 0.582960 1.367814 0.161245 0.161245 0.161245
vn 0.000000 0.481930 0.876210
f 9535//9535 9536//9536 9537//9537
v -0.798421 0.454610 1.438408 0.161245 0.161245 0.161245
vn 0.000000 0.481930 0.876210
v -0.751091 0.582960 1.367814 0.161245 0.161245 0.161245
vn 0.000000 0.481930 0.876210
v -0.799152 0.582960 1.367814 0.161245 0.161245 0.161245
vn 0.000000 0.481930 0.876210
f 9538//9538 9539//9539 9540//9540
v -0.798421 0.367376 1.560390 0.161245 0.161245 0.161245
vn 0.000000 -0.999796 -0.020177
v -0.761501 0.367376 1.560390 0.161245 0.161245 0.161245
vn 0.000000 -0.999796 -0.020177
v -0.751091 0.364488 1.703490 0.161245 0.161245 0.161245
vn 0.000000 -0.999796 -0.020177
f 9541//9541 9542//9542 9543//9543
v -0.798421 0.367376 1.560390 0.161245 0.161245 0.161245
vn 0.000000 -0.999796 -0.020177
v -0.751091 0.364488 1.703490 0.161245 0.161245 0.161245
vn 0.000000 -0.999796 -0.020177
v -0.799152 0.364488 1.703490 0.161245 0.161245 0.161245
vn 0.000000 -0.999796 -0.020177
f 9544//9544 9545//9545 9546//9546
v -0.798421 0.367376 1.393528 0.161245 0.161245 0.161245
vn 0.000000 -0.252382 -0.967628
v -0.761501 0.367376 1.393528 0.161245 0.161245 0.161245
vn 0.000000 -0.252382 -0.967628
v -0.761501 0.337342 1.401361 0.161245 0.161245 0.161245
vn 0.000000 -0.252382 -0.967628
f 9547//9547 9548//9548 9549//9549
v -0.798421 0.367376 1.393528 0.161245 0.161245 0.161245
vn 0.000000 -0.252382 -0.967628
v -0.761501 0.337342 1.401361 0.161245 0.161245 0.161245
vn 0.000000 -0.252382 -0.967628
v -0.798421 0.337342 1.401361 0.161245 0.161245 0.161245
vn 0.000000 -0.252382 -0.967628
f 9550//9550 9551//9551 9552//9552
v -0.798421 0.427312 1.547385 0.161245 0.161245 0.161245
vn 0.000000 0.697515 0.716570
v -0.761501 0.427312 1.547385 0.161245 0.161245 0.161245
vn 0.000000 0.697515 0.716570
v -0.761501 0.449298 1.525984 0.161245 0.161245 0.161245
vn 0.000000 0.697515 0.716570
f 9553//9553 9554//9554 9555//9555
v -0.798421 0.427312 1.547385 0.161245 0.161245 0.161245
vn 0.000000 0.697515 0.716570
v -0.761501 0.449298 1.525984 0.161245 0.161245 0.161245
vn 0.000000 0.697515 0.716570
v -0.798421 0.449298 1.525984 0.161245 0.161245 0.161245
vn 0.000000 0.697515 0.716570
f 9556//9556 9557//9557 9558//9558
v -0.798421 0.337342 1.401361 0.161245 0.161245 0.161245
vn 0.000000 0.864852 -0.502027
v -0.761501 0.337342 1.401361 0.161245 0.161245 0.161245
vn 0.000000 0.864852 -0.502027
v -0.751091 0.264819 1.276424 0.161245 0.161245 0.161245
vn 0.000000 0.864852 -0.502027
f 9559//9559 9560//9560 9561//9561
v -0.798421 0.337342 1.401361 0.161245 0.161245 0.161245
vn 0.000000 0.864852 -0.502027
v -0.751091 0.264819 1.276424 0.161245 0.161245 0.161245
vn 0.000000 0.864852 -0.502027
v -0.799152 0.264819 1.276424 0.161245 0.161245 0.161245
vn 0.000000 0.864852 -0.502027
f 9562//9562 9563//9563 9564//9564
v -0.798421 0.449298 1.525984 0.161245 0.161245 0.161245
vn 0.000000 -0.502956 0.864312
v -0.761501 0.449298 1.525984 0.161245 0.161245 0.161245
vn 0.000000 -0.502956 0.864312
v -0.751091 0.576044 1.599739 0.161245 0.161245 0.161245
vn 0.000000 -0.502956 0.864312
f 9565//9565 9566//9566 9567//9567
v -0.798421 0.449298 1.525984 0.161245 0.161245 0.161245
vn 0.000000 -0.502956 0.864312
v -0.751091 0.576044 1.599739 0.161245 0.161245 0.161245
vn 0.000000 -0.502956 0.864312
v -0.799152 0.576044 1.599739 0.161245 0.161245 0.161245
vn 0.000000 -0.502956 0.864312
f 9568//9568 9569//9569 9570//9570
v -0.799152 0.144228 1.464832 0.161245 0.161245 0.161245
vn 0.000000 0.964141 0.265392
v -0.751091 0.144228 1.464832 0.161245 0.161245 0.161245
vn 0.000000 0.964141 0.265392
v -0.751091 0.170934 1.367814 0.161245 0.161245 0.161245
vn 0.000000 0.964141 0.265392
f 9571//9571 9572//9572 9573//9573
v -0.799152 0.144228 1.464832 0.161245 0.161245 0.161245
vn 0.000000 0.964141 0.265392
v -0.751091 0.170934 1.367814 0.161245 0.161245 0.161245
vn 0.000000 0.964141 0.265392
v -0.799152 0.170934 1.367814 0.161245 0.161245 0.161245
vn 0.000000 0.964141 0.265392
f 9574//9574 9575//9575 9576//9576
v -0.799152 0.503082 1.283156 0.161245 0.161245 0.161245
vn 0.000000 -0.697521 0.716564
v -0.751091 0.503082 1.283156 0.161245 0.161245 0.161245
vn 0.000000 -0.697521 0.716564
v -0.751091 0.576044 1.354178 0.161245 0.161245 0.161245
vn 0.000000 -0.697521 0.716564
f 9577//9577 9578//9578 9579//9579
v -0.799152 0.503082 1.283156 0.161245 0.161245 0.161245
vn 0.000000 -0.697521 0.716564
v -0.751091 0.576044 1.354178 0.161245 0.161245 0.161245
vn 0.000000 -0.697521 0.716564
v -0.799152 0.576044 1.354178 0.161245 0.161245 0.161245
vn 0.000000 -0.697521 0.716564
f 9580//9580 9581//9581 9582//9582
v -0.799152 0.364488 1.250428 0.161245 0.161245 0.161245
vn 0.000000 -0.999796 0.020177
v -0.751091 0.364488 1.250428 0.161245 0.161245 0.161245
vn 0.000000 -0.999796 0.020177
v -0.761501 0.367376 1.393528 0.161245 0.161245 0.161245
vn 0.000000 -0.999796 0.020177
f 9583//9583 9584//9584 9585//9585
v -0.799152 0.364488 1.250428 0.161245 0.161245 0.161245
vn 0.000000 -0.999796 0.020177
v -0.761501 0.367376 1.393528 0.161245 0.161245 0.161245
vn 0.000000 -0.999796 0.020177
v -0.798421 0.367376 1.393528 0.161245 0.161245 0.161245
vn 0.000000 -0.999796 0.020177
f 9586//9586 9587//9587 9588//9588
v -0.799152 0.503081 1.670762 0.161245 0.161245 0.161245
vn 0.000000 0.852136 -0.523320
v -0.751091 0.503081 1.670762 0.161245 0.161245 0.161245
vn 0.000000 0.852136 -0.523320
v -0.761501 0.427312 1.547385 0.161245 0.161245 0.161245
vn 0.000000 0.852136 -0.523320
f 9589//9589 9590//9590 9591//9591
v -0.799152 0.503081 1.670762 0.161245 0.161245 0.161245
vn 0.000000 0.852136 -0.523320
v -0.761501 0.427312 1.547385 0.161245 0.161245 0.161245
vn 0.000000 0.852136 -0.523320
v -0.798421 0.427312 1.547385 0.161245 0.161245 0.161245
vn 0.000000 0.852136 -0.523320
f 9592//9592 9593//9593 9594//9594
v -0.798421 0.299283 1.438408 0.161245 0.161245 0.161245
vn 0.000000 -0.964139 -0.265398
v -0.761501 0.299283 1.438408 0.161245 0.161245 0.161245
vn 0.000000 -0.964139 -0.265398
v -0.761501 0.291236 1.467643 0.161245 0.161245 0.161245
vn 0.000000 -0.964139 -0.265398
f 9595//9595 9596//9596 9597//9597
v -0.798421 0.299283 1.438408 0.161245 0.161245 0.161245
vn 0.000000 -0.964139 -0.265398
v -0.761501 0.291236 1.467643 0.161245 0.161245 0.161245
vn 0.000000 -0.964139 -0.265398
v -0.798421 0.291236 1.467643 0.161245 0.161245 0.161245
vn 0.000000 -0.964139 -0.265398
f 9598//9598 9599//9599 9600//9600
v -0.798421 0.449298 1.427934 0.161245 0.161245 0.161245
vn 0.000000 0.697515 -0.716570
v -0.761501 0.449298 1.427934 0.161245 0.161245 0.161245
vn 0.000000 0.697515 -0.716570
v -0.761501 0.427312 1.406533 0.161245 0.161245 0.161245
vn 0.000000 0.697515 -0.716570
f 9601//9601 9602//9602 9603//9603
v -0.798421 0.449298 1.427934 0.161245 0.161245 0.161245
vn 0.000000 0.697515 -0.716570
v -0.761501 0.427312 1.406533 0.161245 0.161245 0.161245
vn 0.000000 0.697515 -0.716570
v -0.798421 0.427312 1.406533 0.161245 0.161245 0.161245
vn 0.000000 0.697515 -0.716570
f 9604//9604 9605//9605 9606//9606
v -0.799152 0.170934 1.367814 0.161245 0.161245 0.161245
vn 0.000000 -0.481930 0.876210
v -0.751091 0.170934 1.367814 0.161245 0.161245 0.161245
vn 0.000000 -0.481930 0.876210
v -0.761501 0.299283 1.438408 0.161245 0.161245 0.161245
vn 0.000000 -0.481930 0.876210
f 9607//9607 9608//9608 9609//9609
v -0.799152 0.170934 1.367814 0.161245 0.161245 0.161245
vn 0.000000 -0.481930 0.876210
v -0.761501 0.299283 1.438408 0.161245 0.161245 0.161245
vn 0.000000 -0.481930 0.876210
v -0.798421 0.299283 1.438408 0.161245 0.161245 0.161245
vn 0.000000 -0.481930 0.876210
f 9610//9610 9611//9611 9612//9612
v -0.799152 0.576044 1.354178 0.161245 0.161245 0.161245
vn 0.000000 -0.502956 -0.864312
v -0.751091 0.576044 1.354178 0.161245 0.161245 0.161245
vn 0.000000 -0.502956 -0.864312
v -0.761501 0.449298 1.427934 0.161245 0.161245 0.161245
vn 0.000000 -0.502956 -0.864312
f 9613//9613 9614//9614 9615//9615
v -0.799152 0.576044 1.354178 0.161245 0.161245 0.161245
vn 0.000000 -0.502956 -0.864312
v -0.761501 0.449298 1.427934 0.161245 0.161245 0.161245
vn 0.000000 -0.502956 -0.864312
v -0.798421 0.449298 1.427934 0.161245 0.161245 0.161245
vn 0.000000 -0.502956 -0.864312
f 9616//9616 9617//9617 9618//9618
v -0.799152 0.250812 1.670762 0.161245 0.161245 0.161245
vn 0.000000 0.697521 -0.716564
v -0.751091 0.250812 1.670762 0.161245 0.161245 0.161245
vn 0.000000 0.697521 -0.716564
v -0.751091 0.177850 1.599739 0.161245 0.161245 0.161245
vn 0.000000 0.697521 -0.716564
f 9619//9619 9620//9620 9621//9621
v -0.799152 0.250812 1.670762 0.161245 0.161245 0.161245
vn 0.000000 0.697521 -0.716564
v -0.751091 0.177850 1.599739 0.161245 0.161245 0.161245
vn 0.000000 0.697521 -0.716564
v -0.799152 0.177850 1.599739 0.161245 0.161245 0.161245
vn 0.000000 0.697521 -0.716564
f 9622//9622 9623//9623 9624//9624
v -0.799152 0.389406 1.250428 0.161245 0.161245 0.161245
vn 0.000000 -0.252386 0.967627
v -0.751091 0.389406 1.250428 0.161245 0.161245 0.161245
vn 0.000000 -0.252386 0.967627
v -0.751091 0.489074 1.276424 0.161245 0.161245 0.161245
vn 0.000000 -0.252386 0.967627
f 9625//9625 9626//9626 9627//9627
v -0.799152 0.389406 1.250428 0.161245 0.161245 0.161245
vn 0.000000 -0.252386 0.967627
v -0.751091 0.489074 1.276424 0.161245 0.161245 0.161245
vn 0.000000 -0.252386 0.967627
v -0.799152 0.489074 1.276424 0.161245 0.161245 0.161245
vn 0.000000 -0.252386 0.967627
f 9628//9628 9629//9629 9630//9630
v -0.798421 0.291236 1.467643 0.161245 0.161245 0.161245
vn 0.000000 0.019119 -0.999817
v -0.761501 0.291236 1.467643 0.161245 0.161245 0.161245
vn 0.000000 0.019119 -0.999817
v -0.751091 0.144228 1.464832 0.161245 0.161245 0.161245
vn 0.000000 0.019119 -0.999817
f 9631//9631 9632//9632 9633//9633
v -0.798421 0.291236 1.467643 0.161245 0.161245 0.161245
vn 0.000000 0.019119 -0.999817
v -0.751091 0.144228 1.464832 0.161245 0.161245 0.161245
vn 0.000000 0.019119 -0.999817
v -0.799152 0.144228 1.464832 0.161245 0.161245 0.161245
vn 0.000000 0.019119 -0.999817
f 9634//9634 9635//9635 9636//9636
v -0.799152 0.489074 1.677493 0.161245 0.161245 0.161245
vn 0.000000 -0.252386 -0.967627
v -0.751091 0.489074 1.677493 0.161245 0.161245 0.161245
vn 0.000000 -0.252386 -0.967627
v -0.751091 0.389406 1.703490 0.161245 0.161245 0.161245
vn 0.000000 -0.252386 -0.967627
f 9637//9637 9638//9638 9639//9639
v -0.799152 0.489074 1.677493 0.161245 0.161245 0.161245
vn 0.000000 -0.252386 -0.967627
v -0.751091 0.389406 1.703490 0.161245 0.161245 0.161245
vn 0.000000 -0.252386 -0.967627
v -0.799152 0.389406 1.703490 0.161245 0.161245 0.161245
vn 0.000000 -0.252386 -0.967627
f 9640//9640 9641//9641 9642//9642
v -0.798421 0.427312 1.406533 0.161245 0.161245 0.161245
vn 0.000000 0.852133 0.523326
v -0.761501 0.427312 1.406533 0.161245 0.161245 0.161245
vn 0.000000 0.852133 0.523326
v -0.751091 0.503082 1.283156 0.161245 0.161245 0.161245
vn 0.000000 0.852133 0.523326
f 9643//9643 9644//9644 9645//9645
v -0.798421 0.427312 1.406533 0.161245 0.161245 0.161245
vn 0.000000 0.852133 0.523326
v -0.751091 0.503082 1.283156 0.161245 0.161245 0.161245
vn 0.000000 0.852133 0.523326
v -0.799152 0.503082 1.283156 0.161245 0.161245 0.161245
vn 0.000000 0.852133 0.523326
f 9646//9646 9647//9647 9648//9648
v -0.798421 0.304596 1.525984 0.161245 0.161245 0.161245
vn 0.000000 -0.697515 0.716570
v -0.761501 0.304596 1.525984 0.161245 0.161245 0.161245
vn 0.000000 -0.697515 0.716570
v -0.761501 0.326582 1.547385 0.161245 0.161245 0.161245
vn 0.000000 -0.697515 0.716570
f 9649//9649 9650//9650 9651//9651
v -0.798421 0.304596 1.525984 0.161245 0.161245 0.161245
vn 0.000000 -0.697515 0.716570
v -0.761501 0.326582 1.547385 0.161245 0.161245 0.161245
vn 0.000000 -0.697515 0.716570
v -0.798421 0.326582 1.547385 0.161245 0.161245 0.161245
vn 0.000000 -0.697515 0.716570
f 9652//9652 9653//9653 9654//9654
v -0.798421 0.416551 1.401361 0.161245 0.161245 0.161245
vn 0.000000 0.252382 -0.967628
v -0.761501 0.416551 1.401361 0.161245 0.161245 0.161245
vn 0.000000 0.252382 -0.967628
v -0.761501 0.386518 1.393528 0.161245 0.161245 0.161245
vn 0.000000 0.252382 -0.967628
f 9655//9655 9656//9656 9657//9657
v -0.798421 0.416551 1.401361 0.161245 0.161245 0.161245
vn 0.000000 0.252382 -0.967628
v -0.761501 0.386518 1.393528 0.161245 0.161245 0.161245
vn 0.000000 0.252382 -0.967628
v -0.798421 0.386518 1.393528 0.161245 0.161245 0.161245
vn 0.000000 0.252382 -0.967628
f 9658//9658 9659//9659 9660//9660
v -0.798421 0.386518 1.560390 0.161245 0.161245 0.161245
vn 0.000000 0.252382 0.967628
v -0.761501 0.386518 1.560390 0.161245 0.161245 0.161245
vn 0.000000 0.252382 0.967628
v -0.761501 0.416551 1.552557 0.161245 0.161245 0.161245
vn 0.000000 0.252382 0.967628
f 9661//9661 9662//9662 9663//9663
v -0.798421 0.386518 1.560390 0.161245 0.161245 0.161245
vn 0.000000 0.252382 0.967628
v -0.761501 0.416551 1.552557 0.161245 0.161245 0.161245
vn 0.000000 0.252382 0.967628
v -0.798421 0.416551 1.552557 0.161245 0.161245 0.161245
vn 0.000000 0.252382 0.967628
f 9664//9664 9665//9665 9666//9666
v -0.798421 0.326582 1.547385 0.161245 0.161245 0.161245
vn 0.000000 -0.852133 -0.523326
v -0.761501 0.326582 1.547385 0.161245 0.161245 0.161245
vn 0.000000 -0.852133 -0.523326
v -0.751091 0.250812 1.670762 0.161245 0.161245 0.161245
vn 0.000000 -0.852133 -0.523326
f 9667//9667 9668//9668 9669//9669
v -0.798421 0.326582 1.547385 0.161245 0.161245 0.161245
vn 0.000000 -0.852133 -0.523326
v -0.751091 0.250812 1.670762 0.161245 0.161245 0.161245
vn 0.000000 -0.852133 -0.523326
v -0.799152 0.250812 1.670762 0.161245 0.161245 0.161245
vn 0.000000 -0.852133 -0.523326
f 9670//9670 9671//9671 9672//9672
v -0.799152 0.489074 1.276424 0.161245 0.161245 0.161245
vn 0.000000 -0.864852 -0.502027
v -0.751091 0.489074 1.276424 0.161245 0.161245 0.161245
vn 0.000000 -0.864852 -0.502027
v -0.761501 0.416551 1.401361 0.161245 0.161245 0.161245
vn 0.000000 -0.864852 -0.502027
f 9673//9673 9674//9674 9675//9675
v -0.799152 0.489074 1.276424 0.161245 0.161245 0.161245
vn 0.000000 -0.864852 -0.502027
v -0.761501 0.416551 1.401361 0.161245 0.161245 0.161245
vn 0.000000 -0.864852 -0.502027
v -0.798421 0.416551 1.401361 0.161245 0.161245 0.161245
vn 0.000000 -0.864852 -0.502027
f 9676//9676 9677//9677 9678//9678
v -0.799152 0.389406 1.703490 0.161245 0.161245 0.161245
vn 0.000000 0.999796 -0.020177
v -0.751091 0.389406 1.703490 0.161245 0.161245 0.161245
vn 0.000000 0.999796 -0.020177
v -0.761501 0.386518 1.560390 0.161245 0.161245 0.161245
vn 0.000000 0.999796 -0.020177
f 9679//9679 9680//9680 9681//9681
v -0.799152 0.389406 1.703490 0.161245 0.161245 0.161245
vn 0.000000 0.999796 -0.020177
v -0.761501 0.386518 1.560390 0.161245 0.161245 0.161245
vn 0.000000 0.999796 -0.020177
v -0.798421 0.386518 1.560390 0.161245 0.161245 0.161245
vn 0.000000 0.999796 -0.020177
f 9682//9682 9683//9683 9684//9684
v -0.799152 0.177850 1.354178 0.161245 0.161245 0.161245
vn 0.000000 0.697521 0.716564
v -0.751091 0.177850 1.354178 0.161245 0.161245 0.161245
vn 0.000000 0.697521 0.716564
v -0.751091 0.250812 1.283156 0.161245 0.161245 0.161245
vn 0.000000 0.697521 0.716564
f 9685//9685 9686//9686 9687//9687
v -0.799152 0.177850 1.354178 0.161245 0.161245 0.161245
vn 0.000000 0.697521 0.716564
v -0.751091 0.250812 1.283156 0.161245 0.161245 0.161245
vn 0.000000 0.697521 0.716564
v -0.799152 0.250812 1.283156 0.161245 0.161245 0.161245
vn 0.000000 0.697521 0.716564
f 9688//9688 9689//9689 9690//9690
v -0.799152 0.177850 1.599739 0.161245 0.161245 0.161245
vn 0.000000 0.502956 0.864312
v -0.751091 0.177850 1.599739 0.161245 0.161245 0.161245
vn 0.000000 0.502956 0.864312
v -0.761501 0.304596 1.525984 0.161245 0.161245 0.161245
vn 0.000000 0.502956 0.864312
f 9691//9691 9692//9692 9693//9693
v -0.799152 0.177850 1.599739 0.161245 0.161245 0.161245
vn 0.000000 0.502956 0.864312
v -0.761501 0.304596 1.525984 0.161245 0.161245 0.161245
vn 0.000000 0.502956 0.864312
v -0.798421 0.304596 1.525984 0.161245 0.161245 0.161245
vn 0.000000 0.502956 0.864312
f 9694//9694 9695//9695 9696//9696
v -0.799152 0.609666 1.489086 0.161245 0.161245 0.161245
vn 0.000000 -0.964141 -0.265392
v -0.751091 0.609666 1.489086 0.161245 0.161245 0.161245
vn 0.000000 -0.964141 -0.265392
v -0.751091 0.582960 1.586104 0.161245 0.161245 0.161245
vn 0.000000 -0.964141 -0.265392
f 9697//9697 9698//9698 9699//9699
v -0.799152 0.609666 1.489086 0.161245 0.161245 0.161245
vn 0.000000 -0.964141 -0.265392
v -0.751091 0.582960 1.586104 0.161245 0.161245 0.161245
vn 0.000000 -0.964141 -0.265392
v -0.799152 0.582960 1.586104 0.161245 0.161245 0.161245
vn 0.000000 -0.964141 -0.265392
f 9700//9700 9701//9701 9702//9702
v -0.798421 0.386518 1.393528 0.161245 0.161245 0.161245
vn 0.000000 0.999796 0.020177
v -0.761501 0.386518 1.393528 0.161245 0.161245 0.161245
vn 0.000000 0.999796 0.020177
v -0.751091 0.389406 1.250428 0.161245 0.161245 0.161245
vn 0.000000 0.999796 0.020177
f 9703//9703 9704//9704 9705//9705
v -0.798421 0.386518 1.393528 0.161245 0.161245 0.161245
vn 0.000000 0.999796 0.020177
v -0.751091 0.389406 1.250428 0.161245 0.161245 0.161245
vn 0.000000 0.999796 0.020177
v -0.799152 0.389406 1.250428 0.161245 0.161245 0.161245
vn 0.000000 0.999796 0.020177
f 9706//9706 9707//9707 9708//9708
v -0.798421 0.416551 1.552557 0.161245 0.161245 0.161245
vn 0.000000 -0.864852 0.502027
v -0.761501 0.416551 1.552557 0.161245 0.161245 0.161245
vn 0.000000 -0.864852 0.502027
v -0.751091 0.489074 1.677493 0.161245 0.161245 0.161245
vn 0.000000 -0.864852 0.502027
f 9709//9709 9710//9710 9711//9711
v -0.798421 0.416551 1.552557 0.161245 0.161245 0.161245
vn 0.000000 -0.864852 0.502027
v -0.751091 0.489074 1.677493 0.161245 0.161245 0.161245
vn 0.000000 -0.864852 0.502027
v -0.799152 0.489074 1.677493 0.161245 0.161245 0.161245
vn 0.000000 -0.864852 0.502027
f 9712//9712 9713//9713 9714//9714
v -0.804274 0.339558 1.528279 0.161245 0.161245 0.161245
vn 0.000000 0.697515 -0.716570
v -0.784204 0.339558 1.528279 0.161245 0.161245 0.161245
vn 0.000000 0.697515 -0.716570
v -0.784204 0.324225 1.513354 0.161245 0.161245 0.161245
vn 0.000000 0.697515 -0.716570
f 9715//9715 9716//9716 9717//9717
v -0.804274 0.339558 1.528279 0.161245 0.161245 0.161245
vn 0.000000 0.697515 -0.716570
v -0.784204 0.324225 1.513354 0.161245 0.161245 0.161245
vn 0.000000 0.697515 -0.716570
v -0.804274 0.324225 1.513354 0.161245 0.161245 0.161245
vn 0.000000 0.697515 -0.716570
f 9718//9718 9719//9719 9720//9720
v -0.812082 0.355183 1.513653 0.161245 0.161245 0.161245
vn -0.935126 -0.183789 0.302921
v -0.810131 0.347444 1.514983 0.161245 0.161245 0.161245
vn -0.935126 -0.183789 0.302921
v -0.804274 0.339558 1.528279 0.161245 0.161245 0.161245
vn -0.935126 -0.183789 0.302921
f 9721//9721 9722//9722 9723//9723
v -0.812082 0.355183 1.513653 0.161245 0.161245 0.161245
vn -0.935135 -0.183859 0.302851
v -0.804274 0.339558 1.528279 0.161245 0.161245 0.161245
vn -0.935135 -0.183859 0.302851
v -0.802322 0.342039 1.535812 0.161245 0.161245 0.161245
vn -0.935135 -0.183859 0.302851
f 9724//9724 9725//9725 9726//9726
v -0.802322 0.316485 1.510938 0.161245 0.161245 0.161245
vn -0.936495 -0.295236 0.189240
v -0.804274 0.324225 1.513354 0.161245 0.161245 0.161245
vn -0.936495 -0.295236 0.189240
v -0.810131 0.337884 1.505678 0.161245 0.161245 0.161245
vn -0.936495 -0.295236 0.189240
f 9727//9727 9728//9728 9729//9729
v -0.802322 0.316485 1.510938 0.161245 0.161245 0.161245
vn -0.936520 -0.295300 0.189019
v -0.810131 0.337884 1.505678 0.161245 0.161245 0.161245
vn -0.936520 -0.295300 0.189019
v -0.812082 0.339251 1.498144 0.161245 0.161245 0.161245
vn -0.936520 -0.295300 0.189019
f 9730//9730 9731//9731 9732//9732
v -0.812082 0.339251 1.498144 0.161245 0.161245 0.161245
vn -0.955902 -0.204837 0.210458
v -0.810131 0.337884 1.505678 0.161245 0.161245 0.161245
vn -0.955902 -0.204837 0.210458
v -0.810131 0.347444 1.514983 0.161245 0.161245 0.161245
vn -0.955902 -0.204837 0.210458
f 9733//9733 9734//9734 9735//9735
v -0.812082 0.339251 1.498144 0.161245 0.161245 0.161245
vn -0.955880 -0.204907 0.210490
v -0.810131 0.347444 1.514983 0.161245 0.161245 0.161245
vn -0.955880 -0.204907 0.210490
v -0.812082 0.355183 1.513653 0.161245 0.161245 0.161245
vn -0.955880 -0.204907 0.210490
f 9736//9736 9737//9737 9738//9738
v -0.804274 0.414336 1.528279 0.161245 0.161245 0.161245
vn 0.000000 0.860099 -0.510127
v -0.784204 0.414336 1.528279 0.161245 0.161245 0.161245
vn 0.000000 0.860099 -0.510127
v -0.790062 0.406450 1.514983 0.161245 0.161245 0.161245
vn 0.000000 0.860099 -0.510127
f 9739//9739 9740//9740 9741//9741
v -0.804274 0.414336 1.528279 0.161245 0.161245 0.161245
vn 0.000000 0.860099 -0.510127
v -0.790062 0.406450 1.514983 0.161245 0.161245 0.161245
vn 0.000000 0.860099 -0.510127
v -0.810131 0.406450 1.514983 0.161245 0.161245 0.161245
vn 0.000000 0.860099 -0.510127
f 9742//9742 9743//9743 9744//9744
v -0.812082 0.355183 1.440265 0.161245 0.161245 0.161245
vn -0.955874 -0.204900 -0.210523
v -0.810131 0.347444 1.438935 0.161245 0.161245 0.161245
vn -0.955874 -0.204900 -0.210523
v -0.810131 0.337884 1.448240 0.161245 0.161245 0.161245
vn -0.955874 -0.204900 -0.210523
f 9745//9745 9746//9746 9747//9747
v -0.812082 0.355183 1.440265 0.161245 0.161245 0.161245
vn -0.955897 -0.204870 -0.210451
v -0.810131 0.337884 1.448240 0.161245 0.161245 0.161245
vn -0.955897 -0.204870 -0.210451
v -0.812082 0.339251 1.455774 0.161245 0.161245 0.161245
vn -0.955897 -0.204870 -0.210451
f 9748//9748 9749//9749 9750//9750
v -0.802322 0.316485 1.442980 0.161245 0.161245 0.161245
vn -0.882758 -0.327712 -0.336664
v -0.804274 0.324225 1.440563 0.161245 0.161245 0.161245
vn -0.882758 -0.327712 -0.336664
v -0.804274 0.339558 1.425639 0.161245 0.161245 0.161245
vn -0.882758 -0.327712 -0.336664
f 9751//9751 9752//9752 9753//9753
v -0.802322 0.316485 1.442980 0.161245 0.161245 0.161245
vn -0.882758 -0.327712 -0.336664
v -0.804274 0.339558 1.425639 0.161245 0.161245 0.161245
vn -0.882758 -0.327712 -0.336664
v -0.802322 0.342039 1.418106 0.161245 0.161245 0.161245
vn -0.882758 -0.327712 -0.336664
f 9754//9754 9755//9755 9756//9756
v -0.812082 0.339251 1.455774 0.161245 0.161245 0.161245
vn -0.936501 -0.295373 -0.189001
v -0.810131 0.337884 1.448240 0.161245 0.161245 0.161245
vn -0.936501 -0.295373 -0.189001
v -0.804274 0.324225 1.440563 0.161245 0.161245 0.161245
vn -0.936501 -0.295373 -0.189001
f 9757//9757 9758//9758 9759//9759
v -0.812082 0.339251 1.455774 0.161245 0.161245 0.161245
vn -0.936517 -0.295218 -0.189162
v -0.804274 0.324225 1.440563 0.161245 0.161245 0.161245
vn -0.936517 -0.295218 -0.189162
v -0.802322 0.316485 1.442980 0.161245 0.161245 0.161245
vn -0.936517 -0.295218 -0.189162
f 9760//9760 9761//9761 9762//9762
v -0.804274 0.429668 1.440563 0.161245 0.161245 0.161245
vn 0.000000 -0.489948 -0.871752
v -0.784204 0.429668 1.440563 0.161245 0.161245 0.161245
vn 0.000000 -0.489948 -0.871752
v -0.790062 0.416010 1.448240 0.161245 0.161245 0.161245
vn 0.000000 -0.489948 -0.871752
f 9763//9763 9764//9764 9765//9765
v -0.804274 0.429668 1.440563 0.161245 0.161245 0.161245
vn 0.000000 -0.489948 -0.871752
v -0.790062 0.416010 1.448240 0.161245 0.161245 0.161245
vn 0.000000 -0.489948 -0.871752
v -0.810131 0.416010 1.448240 0.161245 0.161245 0.161245
vn 0.000000 -0.489948 -0.871752
f 9766//9766 9767//9767 9768//9768
v -0.812082 0.414643 1.455774 0.161245 0.161245 0.161245
vn -0.955902 0.204837 -0.210458
v -0.810131 0.416010 1.448240 0.161245 0.161245 0.161245
vn -0.955902 0.204837 -0.210458
v -0.810131 0.406450 1.438935 0.161245 0.161245 0.161245
vn -0.955902 0.204837 -0.210458
f 9769//9769 9770//9770 9771//9771
v -0.812082 0.414643 1.455774 0.161245 0.161245 0.161245
vn -0.955889 0.204881 -0.210478
v -0.810131 0.406450 1.438935 0.161245 0.161245 0.161245
vn -0.955889 0.204881 -0.210478
v -0.812082 0.398710 1.440265 0.161245 0.161245 0.161245
vn -0.955889 0.204881 -0.210478
f 9772//9772 9773//9773 9774//9774
v -0.802322 0.437408 1.442980 0.161245 0.161245 0.161245
vn -0.936495 0.295236 -0.189240
v -0.804274 0.429668 1.440563 0.161245 0.161245 0.161245
vn -0.936495 0.295236 -0.189240
v -0.810131 0.416010 1.448240 0.161245 0.161245 0.161245
vn -0.936495 0.295236 -0.189240
f 9775//9775 9776//9776 9777//9777
v -0.802322 0.437408 1.442980 0.161245 0.161245 0.161245
vn -0.936520 0.295300 -0.189019
v -0.810131 0.416010 1.448240 0.161245 0.161245 0.161245
vn -0.936520 0.295300 -0.189019
v -0.812082 0.414643 1.455774 0.161245 0.161245 0.161245
vn -0.936520 0.295300 -0.189019
f 9778//9778 9779//9779 9780//9780
v -0.802322 0.411855 1.418106 0.161245 0.161245 0.161245
vn -0.882758 0.327712 -0.336664
v -0.804274 0.414336 1.425639 0.161245 0.161245 0.161245
vn -0.882758 0.327712 -0.336664
v -0.804274 0.429668 1.440563 0.161245 0.161245 0.161245
vn -0.882758 0.327712 -0.336664
f 9781//9781 9782//9782 9783//9783
v -0.802322 0.411855 1.418106 0.161245 0.161245 0.161245
vn -0.882758 0.327712 -0.336664
v -0.804274 0.429668 1.440563 0.161245 0.161245 0.161245
vn -0.882758 0.327712 -0.336664
v -0.802322 0.437408 1.442980 0.161245 0.161245 0.161245
vn -0.882758 0.327712 -0.336664
f 9784//9784 9785//9785 9786//9786
v -0.810131 0.416010 1.505678 0.161245 0.161245 0.161245
vn 0.000000 -0.489948 0.871752
v -0.790062 0.416010 1.505678 0.161245 0.161245 0.161245
vn 0.000000 -0.489948 0.871752
v -0.784204 0.429668 1.513354 0.161245 0.161245 0.161245
vn 0.000000 -0.489948 0.871752
f 9787//9787 9788//9788 9789//9789
v -0.810131 0.416010 1.505678 0.161245 0.161245 0.161245
vn 0.000000 -0.489948 0.871752
v -0.784204 0.429668 1.513354 0.161245 0.161245 0.161245
vn 0.000000 -0.489948 0.871752
v -0.804274 0.429668 1.513354 0.161245 0.161245 0.161245
vn 0.000000 -0.489948 0.871752
f 9790//9790 9791//9791 9792//9792
v -0.812082 0.398710 1.513653 0.161245 0.161245 0.161245
vn -0.955885 0.204877 0.210499
v -0.810131 0.406450 1.514983 0.161245 0.161245 0.161245
vn -0.955885 0.204877 0.210499
v -0.810131 0.416010 1.505678 0.161245 0.161245 0.161245
vn -0.955885 0.204877 0.210499
f 9793//9793 9794//9794 9795//9795
v -0.812082 0.398710 1.513653 0.161245 0.161245 0.161245
vn -0.955899 0.204857 0.210454
v -0.810131 0.416010 1.505678 0.161245 0.161245 0.161245
vn -0.955899 0.204857 0.210454
v -0.812082 0.414643 1.498144 0.161245 0.161245 0.161245
vn -0.955899 0.204857 0.210454
f 9796//9796 9797//9797 9798//9798
v -0.802322 0.437408 1.510938 0.161245 0.161245 0.161245
vn -0.882758 0.327712 0.336664
v -0.804274 0.429668 1.513354 0.161245 0.161245 0.161245
vn -0.882758 0.327712 0.336664
v -0.804274 0.414336 1.528279 0.161245 0.161245 0.161245
vn -0.882758 0.327712 0.336664
f 9799//9799 9800//9800 9801//9801
v -0.802322 0.437408 1.510938 0.161245 0.161245 0.161245
vn -0.882758 0.327712 0.336664
v -0.804274 0.414336 1.528279 0.161245 0.161245 0.161245
vn -0.882758 0.327712 0.336664
v -0.802322 0.411855 1.535812 0.161245 0.161245 0.161245
vn -0.882758 0.327712 0.336664
f 9802//9802 9803//9803 9804//9804
v -0.812082 0.414643 1.498144 0.161245 0.161245 0.161245
vn -0.936501 0.295373 0.189001
v -0.810131 0.416010 1.505678 0.161245 0.161245 0.161245
vn -0.936501 0.295373 0.189001
v -0.804274 0.429668 1.513354 0.161245 0.161245 0.161245
vn -0.936501 0.295373 0.189001
f 9805//9805 9806//9806 9807//9807
v -0.812082 0.414643 1.498144 0.161245 0.161245 0.161245
vn -0.936517 0.295218 0.189162
v -0.804274 0.429668 1.513354 0.161245 0.161245 0.161245
vn -0.936517 0.295218 0.189162
v -0.802322 0.437408 1.510938 0.161245 0.161245 0.161245
vn -0.936517 0.295218 0.189162
f 9808//9808 9809//9809 9810//9810
v -0.804274 0.324225 1.440563 0.161245 0.161245 0.161245
vn 0.000000 0.697515 0.716570
v -0.784204 0.324225 1.440563 0.161245 0.161245 0.161245
vn 0.000000 0.697515 0.716570
v -0.784204 0.339558 1.425639 0.161245 0.161245 0.161245
vn 0.000000 0.697515 0.716570
f 9811//9811 9812//9812 9813//9813
v -0.804274 0.324225 1.440563 0.161245 0.161245 0.161245
vn 0.000000 0.697515 0.716570
v -0.784204 0.339558 1.425639 0.161245 0.161245 0.161245
vn 0.000000 0.697515 0.716570
v -0.804274 0.339558 1.425639 0.161245 0.161245 0.161245
vn 0.000000 0.697515 0.716570
f 9814//9814 9815//9815 9816//9816
v -0.810131 0.337884 1.505678 0.161245 0.161245 0.161245
vn 0.000000 -0.697472 0.716612
v -0.790062 0.337884 1.505678 0.161245 0.161245 0.161245
vn 0.000000 -0.697472 0.716612
v -0.790062 0.347444 1.514983 0.161245 0.161245 0.161245
vn 0.000000 -0.697472 0.716612
f 9817//9817 9818//9818 9819//9819
v -0.810131 0.337884 1.505678 0.161245 0.161245 0.161245
vn 0.000000 -0.697472 0.716612
v -0.790062 0.347444 1.514983 0.161245 0.161245 0.161245
vn 0.000000 -0.697472 0.716612
v -0.810131 0.347444 1.514983 0.161245 0.161245 0.161245
vn 0.000000 -0.697472 0.716612
f 9820//9820 9821//9821 9822//9822
v -0.804274 0.414336 1.425639 0.161245 0.161245 0.161245
vn 0.000000 -0.697515 0.716570
v -0.784204 0.414336 1.425639 0.161245 0.161245 0.161245
vn 0.000000 -0.697515 0.716570
v -0.784204 0.429668 1.440563 0.161245 0.161245 0.161245
vn 0.000000 -0.697515 0.716570
f 9823//9823 9824//9824 9825//9825
v -0.804274 0.414336 1.425639 0.161245 0.161245 0.161245
vn 0.000000 -0.697515 0.716570
v -0.784204 0.429668 1.440563 0.161245 0.161245 0.161245
vn 0.000000 -0.697515 0.716570
v -0.804274 0.429668 1.440563 0.161245 0.161245 0.161245
vn 0.000000 -0.697515 0.716570
f 9826//9826 9827//9827 9828//9828
v -0.810131 0.347444 1.438935 0.161245 0.161245 0.161245
vn 0.000000 -0.697472 -0.716612
v -0.790062 0.347444 1.438935 0.161245 0.161245 0.161245
vn 0.000000 -0.697472 -0.716612
v -0.790062 0.337884 1.448240 0.161245 0.161245 0.161245
vn 0.000000 -0.697472 -0.716612
f 9829//9829 9830//9830 9831//9831
v -0.810131 0.347444 1.438935 0.161245 0.161245 0.161245
vn 0.000000 -0.697472 -0.716612
v -0.790062 0.337884 1.448240 0.161245 0.161245 0.161245
vn 0.000000 -0.697472 -0.716612
v -0.810131 0.337884 1.448240 0.161245 0.161245 0.161245
vn 0.000000 -0.697472 -0.716612
f 9832//9832 9833//9833 9834//9834
v -0.804274 0.429668 1.513354 0.161245 0.161245 0.161245
vn 0.000000 -0.697515 -0.716570
v -0.784204 0.429668 1.513354 0.161245 0.161245 0.161245
vn 0.000000 -0.697515 -0.716570
v -0.784204 0.414336 1.528279 0.161245 0.161245 0.161245
vn 0.000000 -0.697515 -0.716570
f 9835//9835 9836//9836 9837//9837
v -0.804274 0.429668 1.513354 0.161245 0.161245 0.161245
vn 0.000000 -0.697515 -0.716570
v -0.784204 0.414336 1.528279 0.161245 0.161245 0.161245
vn 0.000000 -0.697515 -0.716570
v -0.804274 0.414336 1.528279 0.161245 0.161245 0.161245
vn 0.000000 -0.697515 -0.716570
f 9838//9838 9839//9839 9840//9840
v -0.810131 0.347444 1.514983 0.161245 0.161245 0.161245
vn 0.000000 -0.860099 -0.510127
v -0.790062 0.347444 1.514983 0.161245 0.161245 0.161245
vn 0.000000 -0.860099 -0.510127
v -0.784204 0.339558 1.528279 0.161245 0.161245 0.161245
vn 0.000000 -0.860099 -0.510127
f 9841//9841 9842//9842 9843//9843
v -0.810131 0.347444 1.514983 0.161245 0.161245 0.161245
vn 0.000000 -0.860099 -0.510127
v -0.784204 0.339558 1.528279 0.161245 0.161245 0.161245
vn 0.000000 -0.860099 -0.510127
v -0.804274 0.339558 1.528279 0.161245 0.161245 0.161245
vn 0.000000 -0.860099 -0.510127
f 9844//9844 9845//9845 9846//9846
v -0.810131 0.416010 1.448240 0.161245 0.161245 0.161245
vn 0.000000 0.697472 -0.716612
v -0.790062 0.416010 1.448240 0.161245 0.161245 0.161245
vn 0.000000 0.697472 -0.716612
v -0.790062 0.406450 1.438935 0.161245 0.161245 0.161245
vn 0.000000 0.697472 -0.716612
f 9847//9847 9848//9848 9849//9849
v -0.810131 0.416010 1.448240 0.161245 0.161245 0.161245
vn 0.000000 0.697472 -0.716612
v -0.790062 0.406450 1.438935 0.161245 0.161245 0.161245
vn 0.000000 0.697472 -0.716612
v -0.810131 0.406450 1.438935 0.161245 0.161245 0.161245
vn 0.000000 0.697472 -0.716612
f 9850//9850 9851//9851 9852//9852
v -0.804274 0.339558 1.425639 0.161245 0.161245 0.161245
vn 0.000000 -0.860099 0.510127
v -0.784204 0.339558 1.425639 0.161245 0.161245 0.161245
vn 0.000000 -0.860099 0.510127
v -0.790062 0.347444 1.438935 0.161245 0.161245 0.161245
vn 0.000000 -0.860099 0.510127
f 9853//9853 9854//9854 9855//9855
v -0.804274 0.339558 1.425639 0.161245 0.161245 0.161245
vn 0.000000 -0.860099 0.510127
v -0.790062 0.347444 1.438935 0.161245 0.161245 0.161245
vn 0.000000 -0.860099 0.510127
v -0.810131 0.347444 1.438935 0.161245 0.161245 0.161245
vn 0.000000 -0.860099 0.510127
f 9856//9856 9857//9857 9858//9858
v -0.810131 0.406450 1.514983 0.161245 0.161245 0.161245
vn 0.000000 0.697472 0.716612
v -0.790062 0.406450 1.514983 0.161245 0.161245 0.161245
vn 0.000000 0.697472 0.716612
v -0.790062 0.416010 1.505678 0.161245 0.161245 0.161245
vn 0.000000 0.697472 0.716612
f 9859//9859 9860//9860 9861//9861
v -0.810131 0.406450 1.514983 0.161245 0.161245 0.161245
vn 0.000000 0.697472 0.716612
v -0.790062 0.416010 1.505678 0.161245 0.161245 0.161245
vn 0.000000 0.697472 0.716612
v -0.810131 0.416010 1.505678 0.161245 0.161245 0.161245
vn 0.000000 0.697472 0.716612
f 9862//9862 9863//9863 9864//9864
v -0.804274 0.324225 1.513354 0.161245 0.161245 0.161245
vn 0.000000 0.489948 0.871752
v -0.784204 0.324225 1.513354 0.161245 0.161245 0.161245
vn 0.000000 0.489948 0.871752
v -0.790062 0.337884 1.505678 0.161245 0.161245 0.161245
vn 0.000000 0.489948 0.871752
f 9865//9865 9866//9866 9867//9867
v -0.804274 0.324225 1.513354 0.161245 0.161245 0.161245
vn 0.000000 0.489948 0.871752
v -0.790062 0.337884 1.505678 0.161245 0.161245 0.161245
vn 0.000000 0.489948 0.871752
v -0.810131 0.337884 1.505678 0.161245 0.161245 0.161245
vn 0.000000 0.489948 0.871752
f 9868//9868 9869//9869 9870//9870
v -0.810131 0.406450 1.438935 0.161245 0.161245 0.161245
vn 0.000000 0.860099 0.510127
v -0.790062 0.406450 1.438935 0.161245 0.161245 0.161245
vn 0.000000 0.860099 0.510127
v -0.784204 0.414336 1.425639 0.161245 0.161245 0.161245
vn 0.000000 0.860099 0.510127
f 9871//9871 9872//9872 9873//9873
v -0.810131 0.406450 1.438935 0.161245 0.161245 0.161245
vn 0.000000 0.860099 0.510127
v -0.784204 0.414336 1.425639 0.161245 0.161245 0.161245
vn 0.000000 0.860099 0.510127
v -0.804274 0.414336 1.425639 0.161245 0.161245 0.161245
vn 0.000000 0.860099 0.510127
f 9874//9874 9875//9875 9876//9876
v -0.810131 0.337884 1.448240 0.161245 0.161245 0.161245
vn 0.000000 0.489948 -0.871752
v -0.790062 0.337884 1.448240 0.161245 0.161245 0.161245
vn 0.000000 0.489948 -0.871752
v -0.784204 0.324225 1.440563 0.161245 0.161245 0.161245
vn 0.000000 0.489948 -0.871752
f 9877//9877 9878//9878 9879//9879
v -0.810131 0.337884 1.448240 0.161245 0.161245 0.161245
vn 0.000000 0.489948 -0.871752
v -0.784204 0.324225 1.440563 0.161245 0.161245 0.161245
vn 0.000000 0.489948 -0.871752
v -0.804274 0.324225 1.440563 0.161245 0.161245 0.161245
vn 0.000000 0.489948 -0.871752
f 9880//9880 9881//9881 9882//9882
